OFF
10514 21024 0
-4.5999999046 0.2118450105 0.0052830847
-4.5999999046 0.0000000000 0.0000000000
-7.4000000954 0.0000000000 0.0000000000
-7.4000000954 0.2118450105 0.0052830847
-4.5999999046 0.4231633544 0.0211192053
-7.4000000954 0.4231633544 0.0211192053
-4.5999999046 0.6334296465 0.0474689901
-7.4000000954 0.6334296465 0.0474689901
-4.5999999046 0.8421211243 0.0842669234
-7.4000000954 0.8421211243 0.0842669234
-4.5999999046 1.0487189293 0.1314215362
-7.4000000954 1.0487189293 0.1314215362
-7.4000000954 1.2527095079 0.1888155788
-4.5999999046 1.2527095079 0.1888155788
-4.5999999046 1.4535856247 0.2563063502
-7.4000000954 1.4535856247 0.2563063502
-7.4000000954 1.6508479118 0.3337261081
-4.5999999046 1.6508479118 0.3337261081
-4.5999999046 1.8440059423 0.4208823144
-7.4000000954 1.8440059423 0.4208823144
-7.4000000954 2.0325794220 0.5175583363
-4.5999999046 2.0325794220 0.5175583363
-4.5999999046 2.2160995007 0.6235137582
-7.4000000954 2.2160995007 0.6235137582
-4.5999999046 2.3941102028 0.7384852171
-7.4000000954 2.3941102028 0.7384852171
-7.4000000954 2.5661687851 0.8621868491
-4.5999999046 2.5661687851 0.8621868491
-4.5999999046 2.7318472862 0.9943110943
-7.4000000954 2.7318472862 0.9943110943
-4.5999999046 2.8907341957 1.1345295906
-7.4000000954 2.8907341957 1.1345295906
-4.5999999046 3.0424342155 1.2824934721
-7.4000000954 3.0424342155 1.2824934721
-7.4000000954 3.1865701675 1.4378352165
-4.5999999046 3.1865701675 1.4378352165
-4.5999999046 3.3227837086 1.6001683474
-7.4000000954 3.3227837086 1.6001683474
-4.5999999046 3.4507365227 1.7690893412
-7.4000000954 3.4507365227 1.7690893412
-4.5999999046 3.5701100826 1.9441783428
-7.4000000954 3.5701100826 1.9441783428
-4.5999999046 3.6806080341 2.1250000000
-7.4000000954 3.6806080341 2.1250000000
-4.5999999046 3.7819552422 2.3111047745
-7.4000000954 3.7819552422 2.3111047745
-4.5999999046 3.8738999367 2.5020298958
-7.4000000954 3.8738999367 2.5020298958
-7.4000000954 3.9562134743 2.6973006725
-4.5999999046 3.9562134743 2.6973006725
-4.5999999046 4.0286912918 2.8964316845
-7.4000000954 4.0286912918 2.8964316845
-4.5999999046 4.0911531448 3.0989279747
-7.4000000954 4.0911531448 3.0989279747
-7.4000000954 4.1434435844 3.3042860031
-4.5999999046 4.1434435844 3.3042860031
-4.5999999046 4.1854329109 3.5119953156
-7.4000000954 4.1854329109 3.5119953156
-7.4000000954 4.2170166969 3.7215392590
-4.5999999046 4.2170166969 3.7215392590
-4.5999999046 4.2381162643 3.9323971272
-7.4000000954 4.2381162643 3.9323971272
-4.5999999046 4.2486791611 4.1440443993
-7.4000000954 4.2486791611 4.1440443993
-4.5999999046 4.2486791611 4.3559556007
-7.4000000954 4.2486791611 4.3559556007
-7.4000000954 4.2381162643 4.5676031113
-4.5999999046 4.2381162643 4.5676031113
-4.5999999046 4.2170166969 4.7784609795
-7.4000000954 4.2170166969 4.7784609795
-7.4000000954 4.1854329109 4.9880046844
-4.5999999046 4.1854329109 4.9880046844
-4.5999999046 4.1434435844 5.1957139969
-7.4000000954 4.1434435844 5.1957139969
-4.5999999046 4.0911531448 5.4010720253
-7.4000000954 4.0911531448 5.4010720253
-7.4000000954 4.0286912918 5.6035680771
-4.5999999046 4.0286912918 5.6035680771
-4.5999999046 3.9562134743 5.8026995659
-7.4000000954 3.9562134743 5.8026995659
-4.5999999046 3.8738999367 5.9979701042
-7.4000000954 3.8738999367 5.9979701042
-7.4000000954 3.7819552422 6.1888952255
-4.5999999046 3.7819552422 6.1888952255
-4.5999999046 3.6806080341 6.3750000000
-7.4000000954 3.6806080341 6.3750000000
-4.5999999046 3.5701100826 6.5558214188
-7.4000000954 3.5701100826 6.5558214188
-4.5999999046 3.4507365227 6.7309107780
-7.4000000954 3.4507365227 6.7309107780
-4.5999999046 3.3227837086 6.8998317719
-7.4000000954 3.3227837086 6.8998317719
-7.4000000954 3.1865701675 7.0621647835
-4.5999999046 3.1865701675 7.0621647835
-4.5999999046 3.0424342155 7.2175064087
-7.4000000954 3.0424342155 7.2175064087
-4.5999999046 2.8907341957 7.3654704094
-7.4000000954 2.8907341957 7.3654704094
-4.5999999046 2.7318472862 7.5056886673
-7.4000000954 2.7318472862 7.5056886673
-4.5999999046 2.5661687851 7.6378130913
-7.4000000954 2.5661687851 7.6378130913
-7.4000000954 2.3941102028 7.7615146637
-4.5999999046 2.3941102028 7.7615146637
-4.5999999046 2.2160995007 7.8764863014
-7.4000000954 2.2160995007 7.8764863014
-4.5999999046 2.0325794220 7.9824419022
-7.4000000954 2.0325794220 7.9824419022
-7.4000000954 1.8440059423 8.0791177750
-4.5999999046 1.8440059423 8.0791177750
-4.5999999046 1.6508479118 8.1662740707
-7.4000000954 1.6508479118 8.1662740707
-4.5999999046 1.4535856247 8.2436933517
-7.4000000954 1.4535856247 8.2436933517
-4.5999999046 1.2527095079 8.3111848831
-7.4000000954 1.2527095079 8.3111848831
-7.4000000954 1.0487189293 8.3685789108
-4.5999999046 1.0487189293 8.3685789108
-4.5999999046 0.8421211243 8.4157333374
-7.4000000954 0.8421211243 8.4157333374
-4.5999999046 0.6334296465 8.4525308609
-7.4000000954 0.6334296465 8.4525308609
-4.5999999046 0.4231633544 8.4788808823
-7.4000000954 0.4231633544 8.4788808823
-7.4000000954 0.2118450105 8.4947166443
-4.5999999046 0.2118450105 8.4947166443
-4.5999999046 -0.0000000000 8.5000000000
-7.4000000954 -0.0000000000 8.5000000000
-4.5999999046 -0.2118450105 8.4947166443
-7.4000000954 -0.2118450105 8.4947166443
-4.5999999046 -0.4231633544 8.4788808823
-7.4000000954 -0.4231633544 8.4788808823
-4.5999999046 -0.6334296465 8.4525308609
-7.4000000954 -0.6334296465 8.4525308609
-4.5999999046 -0.8421211243 8.4157333374
-7.4000000954 -0.8421211243 8.4157333374
-4.5999999046 -1.0487189293 8.3685789108
-7.4000000954 -1.0487189293 8.3685789108
-7.4000000954 -1.2527095079 8.3111848831
-4.5999999046 -1.2527095079 8.3111848831
-4.5999999046 -1.4535856247 8.2436933517
-7.4000000954 -1.4535856247 8.2436933517
-7.4000000954 -1.6508479118 8.1662740707
-4.5999999046 -1.6508479118 8.1662740707
-4.5999999046 -1.8440059423 8.0791177750
-7.4000000954 -1.8440059423 8.0791177750
-4.5999999046 -2.0325794220 7.9824419022
-7.4000000954 -2.0325794220 7.9824419022
-4.5999999046 -2.2160995007 7.8764863014
-7.4000000954 -2.2160995007 7.8764863014
-4.5999999046 -2.3941102028 7.7615146637
-7.4000000954 -2.3941102028 7.7615146637
-4.5999999046 -2.5661687851 7.6378130913
-7.4000000954 -2.5661687851 7.6378130913
-4.5999999046 -2.7318472862 7.5056886673
-7.4000000954 -2.7318472862 7.5056886673
-4.5999999046 -2.8907341957 7.3654704094
-7.4000000954 -2.8907341957 7.3654704094
-4.5999999046 -3.0424342155 7.2175064087
-7.4000000954 -3.0424342155 7.2175064087
-4.5999999046 -3.1865701675 7.0621647835
-7.4000000954 -3.1865701675 7.0621647835
-4.5999999046 -3.3227837086 6.8998317719
-7.4000000954 -3.3227837086 6.8998317719
-4.5999999046 -3.4507365227 6.7309107780
-7.4000000954 -3.4507365227 6.7309107780
-4.5999999046 -3.5701100826 6.5558214188
-7.4000000954 -3.5701100826 6.5558214188
-4.5999999046 -3.6806080341 6.3750000000
-7.4000000954 -3.6806080341 6.3750000000
-4.5999999046 -3.7819552422 6.1888952255
-7.4000000954 -3.7819552422 6.1888952255
-4.5999999046 -3.8738999367 5.9979701042
-7.4000000954 -3.8738999367 5.9979701042
-4.5999999046 -3.9562134743 5.8026995659
-7.4000000954 -3.9562134743 5.8026995659
-4.5999999046 -4.0286912918 5.6035680771
-7.4000000954 -4.0286912918 5.6035680771
-4.5999999046 -4.0911531448 5.4010720253
-7.4000000954 -4.0911531448 5.4010720253
-4.5999999046 -4.1434435844 5.1957139969
-7.4000000954 -4.1434435844 5.1957139969
-4.5999999046 -4.1854329109 4.9880046844
-7.4000000954 -4.1854329109 4.9880046844
-4.5999999046 -4.2170166969 4.7784609795
-7.4000000954 -4.2170166969 4.7784609795
-4.5999999046 -4.2381162643 4.5676031113
-7.4000000954 -4.2381162643 4.5676031113
-4.5999999046 -4.2486791611 4.3559556007
-7.4000000954 -4.2486791611 4.3559556007
-7.4000000954 -4.2486791611 4.1440443993
-4.5999999046 -4.2486791611 4.1440443993
-4.5999999046 -4.2381162643 3.9323971272
-7.4000000954 -4.2381162643 3.9323971272
-4.5999999046 -4.2170166969 3.7215392590
-7.4000000954 -4.2170166969 3.7215392590
-4.5999999046 -4.1854329109 3.5119953156
-7.4000000954 -4.1854329109 3.5119953156
-4.5999999046 -4.1434435844 3.3042860031
-7.4000000954 -4.1434435844 3.3042860031
-4.5999999046 -4.0911531448 3.0989279747
-7.4000000954 -4.0911531448 3.0989279747
-4.5999999046 -4.0286912918 2.8964316845
-7.4000000954 -4.0286912918 2.8964316845
-4.5999999046 -3.9562134743 2.6973006725
-7.4000000954 -3.9562134743 2.6973006725
-4.5999999046 -3.8738999367 2.5020298958
-7.4000000954 -3.8738999367 2.5020298958
-4.5999999046 -3.7819552422 2.3111047745
-7.4000000954 -3.7819552422 2.3111047745
-4.5999999046 -3.6806080341 2.1250000000
-7.4000000954 -3.6806080341 2.1250000000
-4.5999999046 -3.5701100826 1.9441783428
-7.4000000954 -3.5701100826 1.9441783428
-4.5999999046 -3.4507365227 1.7690893412
-7.4000000954 -3.4507365227 1.7690893412
-4.5999999046 -3.3227837086 1.6001683474
-7.4000000954 -3.3227837086 1.6001683474
-4.5999999046 -3.1865701675 1.4378352165
-7.4000000954 -3.1865701675 1.4378352165
-4.5999999046 -3.0424342155 1.2824934721
-7.4000000954 -3.0424342155 1.2824934721
-7.4000000954 -2.8907341957 1.1345295906
-4.5999999046 -2.8907341957 1.1345295906
-4.5999999046 -2.7318472862 0.9943110943
-7.4000000954 -2.7318472862 0.9943110943
-7.4000000954 -2.5661687851 0.8621868491
-4.5999999046 -2.5661687851 0.8621868491
-4.5999999046 -2.3941102028 0.7384852171
-7.4000000954 -2.3941102028 0.7384852171
-4.5999999046 -2.2160995007 0.6235137582
-7.4000000954 -2.2160995007 0.6235137582
-4.5999999046 -2.0325794220 0.5175583363
-7.4000000954 -2.0325794220 0.5175583363
-4.5999999046 -1.8440059423 0.4208823144
-7.4000000954 -1.8440059423 0.4208823144
-7.4000000954 -1.6508479118 0.3337261081
-4.5999999046 -1.6508479118 0.3337261081
-4.5999999046 -1.4535856247 0.2563063502
-7.4000000954 -1.4535856247 0.2563063502
-7.4000000954 -1.2527095079 0.1888155788
-4.5999999046 -1.2527095079 0.1888155788
-4.5999999046 -1.0487189293 0.1314215362
-7.4000000954 -1.0487189293 0.1314215362
-7.4000000954 -0.8421211243 0.0842669234
-4.5999999046 -0.8421211243 0.0842669234
-7.4000000954 -0.6334296465 0.0474689901
-4.5999999046 -0.6334296465 0.0474689901
-4.5999999046 -0.4231633544 0.0211192053
-7.4000000954 -0.4231633544 0.0211192053
-4.5999999046 -0.2118450105 0.0052830847
-7.4000000954 -0.2118450105 0.0052830847
-7.7500000000 0.0000000000 0.3499999940
-7.7495784760 0.0000000000 0.3328263164
-7.7500000000 -0.1943989545 0.3548479974
-7.4171738625 0.2118239999 0.0057041510
-7.4171738625 0.0000000000 0.0004215903
-7.4343061447 0.2117610127 0.0069663357
-7.4343061447 0.0000000000 0.0016853457
-7.4513559341 0.2116561830 0.0090665976
-7.4513559341 0.0000000000 0.0037882216
-7.4682817459 0.2115097940 0.0119998772
-7.4682817459 0.0000000000 0.0067251520
-7.4850430489 0.2113221735 0.0157591067
-7.4850430489 0.0000000000 0.0104890615
-7.5015997887 0.2110937983 0.0203352328
-7.5015997887 0.0000000000 0.0150708826
-7.5179114342 0.2108251899 0.0257172287
-7.5179114342 0.0000000000 0.0204595774
-7.5339393616 0.2105170190 0.0318921283
-7.5339393616 0.0000000000 0.0266421642
-7.5496444702 0.2101700008 0.0388450585
-7.5496444702 0.0000000000 0.0336037464
-7.5649890900 0.2097849995 0.0465592705
-7.5649890900 0.0000000000 0.0413275585
-7.5799360275 0.2093629390 0.0550161712
-7.5799360275 0.0000000000 0.0497949868
-7.5944495201 0.2089048177 0.0641953945
-7.5944495201 0.0000000000 0.0589856356
-7.4171738625 0.4231213629 0.0215387009
-7.6084947586 0.2084117681 0.0740748271
-7.6084947586 0.0000000000 0.0688773617
-7.4343061447 0.4229955375 0.0227961764
-7.6220378876 0.2078849375 0.0846306682
-7.6220378876 0.0000000000 0.0794463381
-7.4513559341 0.4227861762 0.0248886012
-7.6350455284 0.2073256373 0.0958374813
-7.6350455284 0.0000000000 0.0906671062
-7.4682817459 0.4224937260 0.0278109387
-7.6474876404 0.2067351788 0.1076682806
-7.6474876404 0.0000000000 0.1025126278
-7.4850430489 0.4221189618 0.0315561444
-7.6593327522 0.2061150074 0.1200945526
-7.6593327522 0.0000000000 0.1149543673
-7.5015997887 0.4216627777 0.0361151956
-7.6705536842 0.2054666132 0.1330863684
-7.6705536842 0.0000000000 0.1279623508
-7.5179114342 0.4211262465 0.0414771140
-7.6811227798 0.2047915608 0.1466124207
-7.6811227798 0.0000000000 0.1415052414
-7.5339393616 0.4205106497 0.0476289764
-7.6910142899 0.2040914595 0.1606401354
-7.6910142899 0.0000000000 0.1555504203
-7.5496444702 0.4198175073 0.0545559675
-7.7002048492 0.2033680230 0.1751357168
-7.7002048492 0.0000000000 0.1700640470
-7.5649890900 0.4190484583 0.0622413978
-7.7086725235 0.2026229650 0.1900642365
-7.7086725235 0.0000000000 0.1850111485
-7.5799360275 0.4182053804 0.0706667453
-7.7163963318 0.2018581033 0.2053897381
-7.7163963318 0.0000000000 0.2003557235
-7.5944495201 0.4172902703 0.0798117295
-7.7233576775 0.2010752708 0.2210752964
-7.7233576775 0.0000000000 0.2160608023
-7.4171738625 0.6333668232 0.0478858687
-7.6084947586 0.4163053632 0.0896543041
-7.7295403481 0.2002763599 0.2370831370
-7.7295403481 0.0000000000 0.2320885509
-7.4343061447 0.6331784725 0.0491355099
-7.6220378876 0.4152530432 0.1001707613
-7.7349290848 0.1994632781 0.2533746660
-7.7349290848 0.0000000000 0.2484003603
-7.4513559341 0.6328650117 0.0512148999
-7.6350455284 0.4141358137 0.1113357693
-7.7395110130 0.1986380070 0.2699106634
-7.7395110130 0.0000000000 0.2649569511
-7.4682817459 0.6324272752 0.0541190244
-7.6474876404 0.4129563868 0.1231224239
-7.7432746887 0.1978025138 0.2866512835
-7.7432746887 0.0000000000 0.2817183733
-7.4850430489 0.6318663359 0.0578408949
-7.6593327522 0.4117175937 0.1355023384
-7.7462120056 0.1969588250 0.3035561740
-7.7462120056 0.0000000000 0.2986443341
-7.5015997887 0.6311834455 0.0623715408
-7.6705536842 0.4104224145 0.1484456807
-7.7483148575 0.1961089671 0.3205846548
-7.7483148575 0.0000000000 0.3156940043
-7.5179114342 0.6303802729 0.0677000508
-7.6811227798 0.4090739787 0.1619212776
-7.7495784760 0.1952549964 0.3376956582
-7.7500000000 0.1943989545 0.3548479974
-7.5339393616 0.6294588447 0.0738135800
-7.6910142899 0.4076755345 0.1758966595
-7.5496444702 0.6284212470 0.0806974098
-7.7002048492 0.4062304497 0.1903381646
-7.5649890900 0.6272701025 0.0883349478
-7.7086725235 0.4047421813 0.2052109838
-7.5799360275 0.6260080934 0.0967078060
-7.7163963318 0.4032143652 0.2204793096
-7.5944495201 0.6246382594 0.1057958007
-7.7233576775 0.4016506374 0.2361063510
-7.4171738625 0.8420375586 0.0846801549
-7.6084947586 0.6231639981 0.1155770496
-7.7295403481 0.4000547826 0.2520544529
-7.4343061447 0.8417871594 0.0859188586
-7.6220378876 0.6215887666 0.1260279864
-7.7349290848 0.3984306455 0.2682852149
-7.4513559341 0.8413704634 0.0879800394
-7.6350455284 0.6199163795 0.1371234208
-7.7395110130 0.3967821598 0.2847595215
-7.4682817459 0.8407885432 0.0908587351
-7.6474876404 0.6181508899 0.1488366276
-7.7432746887 0.3951132596 0.3014376760
-7.4850430489 0.8400427699 0.0945480168
-7.6593327522 0.6162965894 0.1611394137
-7.7462120056 0.3934279680 0.3182795048
-7.5015997887 0.8391348720 0.0990389884
-7.6705536842 0.6143578291 0.1740021110
-7.7483148575 0.3917303681 0.3352444470
-7.5179114342 0.8380671144 0.1043208390
-7.6811227798 0.6123393774 0.1873937398
-7.7495784760 0.3900245428 0.3522916436
-7.7500000000 0.3883146048 0.3693799675
-7.5339393616 0.8368420601 0.1103808433
-7.6910142899 0.6102460623 0.2012820393
-7.5496444702 0.8354626298 0.1172043979
-7.7002048492 0.6080828905 0.2156335562
-7.5649890900 0.8339322209 0.1247750595
-7.7086725235 0.6058551669 0.2304137051
-7.5799360275 0.8322544098 0.1330745965
-7.7163963318 0.6035681367 0.2455869019
-7.5944495201 0.8304333091 0.1420830190
-7.7233576775 0.6012274623 0.2611165643
-7.4171738625 1.0486148596 0.1318300813
-7.6084947586 0.8284733295 0.1517786235
-7.7295403481 0.5988386273 0.2769652903
-7.4343061447 1.0483031273 0.1330547631
-7.6220378876 0.8263791203 0.1621380448
-7.7349290848 0.5964074731 0.2930949330
-7.4513559341 1.0477842093 0.1350926161
-7.6350455284 0.8241557479 0.1731363237
-7.7395110130 0.5939398408 0.3094665706
-7.4682817459 1.0470594168 0.1379387230
-7.6474876404 0.8218086362 0.1847469807
-7.7432746887 0.5914416909 0.3260408044
-7.4850430489 1.0461306572 0.1415862441
-7.6593327522 0.8193433285 0.1969420314
-7.7462120056 0.5889189839 0.3427776992
-7.5015997887 1.0450000763 0.1460263878
-7.6705536842 0.8167658448 0.2096921057
-7.7483148575 0.5863778591 0.3596369624
-7.5179114342 1.0436704159 0.1512484401
-7.6811227798 0.8140823841 0.2229664773
-7.7495784760 0.5838244557 0.3765779138
-7.7500000000 0.5812648535 0.3935597837
-7.5339393616 1.0421447754 0.1572398543
-7.6910142899 0.8112993836 0.2367331684
-7.5496444702 1.0404269695 0.1639861614
-7.7002048492 0.8084235787 0.2509590089
-7.5649890900 1.0385210514 0.1714711338
-7.7086725235 0.8054618835 0.2656097710
-7.5799360275 1.0364316702 0.1796767265
-7.7163963318 0.8024213910 0.2806500793
-7.5944495201 1.0341638327 0.1885831803
-7.7233576775 0.7993094921 0.2960437834
-7.4171738625 1.2525851727 0.1892184317
-7.6084947586 1.0317229033 0.1981690228
-7.7295403481 0.7961336374 0.3117537498
-7.4343061447 1.2522127628 0.1904260516
-7.6220378876 1.0291149616 0.2084111720
-7.7349290848 0.7929015160 0.3277421296
-7.4513559341 1.2515928745 0.1924355030
-7.6350455284 1.0263462067 0.2192849666
-7.7395110130 0.7896209359 0.3439704180
-7.4682817459 1.2507271767 0.1952419430
-7.6474876404 1.0234231949 0.2307641953
-7.7432746887 0.7862997055 0.3603995442
-7.4850430489 1.2496178150 0.1988386363
-7.6593327522 1.0203530788 0.2428212017
-7.7462120056 0.7829458714 0.3769899011
-7.5015997887 1.2482672930 0.2032168955
-7.6705536842 1.0171432495 0.2554269433
-7.7483148575 0.7795675397 0.3937014937
-7.5179114342 1.2466789484 0.2083661854
-7.6811227798 1.0138014555 0.2685510516
-7.7495784760 0.7761728764 0.4104941189
-7.7500000000 0.7727699876 0.4273273051
-7.5339393616 1.2448565960 0.2142741084
-7.6910142899 1.0103356838 0.2821619213
-7.5496444702 1.2428046465 0.2209264040
-7.7002048492 1.0067543983 0.2962267399
-7.5649890900 1.2405279875 0.2283070683
-7.7086725235 1.0030660629 0.3107116222
-7.5799360275 1.2380321026 0.2363983095
-7.7163963318 0.9992796779 0.3255816996
-7.5944495201 1.2353231907 0.2451806515
-7.7233576775 0.9954043627 0.3408011496
-7.4171738625 1.4534413815 0.2567025125
-7.6084947586 1.2324075699 0.2546329200
-7.7295403481 0.9914493561 0.3563332856
-7.4343061447 1.4530091286 0.2578900754
-7.6220378876 1.2292922735 0.2647323310
-7.7349290848 0.9874243140 0.3721406758
-7.4513559341 1.4522899389 0.2598661184
-7.6350455284 1.2259849310 0.2754546106
-7.7395110130 0.9833388329 0.3881852925
-7.4682817459 1.4512854815 0.2626259327
-7.6474876404 1.2224934101 0.2867738605
-7.7432746887 0.9792028666 0.4044284225
-7.4850430489 1.4499981403 0.2661628425
-7.6593327522 1.2188260555 0.2986628413
-7.7462120056 0.9750262499 0.4208309650
-7.5015997887 1.4484310150 0.2704683542
-7.6705536842 1.2149919271 0.3110929132
-7.7483148575 0.9708191156 0.4373534322
-7.5179114342 1.4465880394 0.2755320668
-7.6811227798 1.2110000849 0.3240341246
-7.7495784760 0.9665915966 0.4539559484
-7.7500000000 0.9623538256 0.4705985785
-7.5339393616 1.4444735050 0.2813418210
-7.6910142899 1.2068601847 0.3374553323
-7.5496444702 1.4420924187 0.2878835499
-7.7002048492 1.2025822401 0.3513241410
-7.5649890900 1.4394507408 0.2951415479
-7.7086725235 1.1981765032 0.3656072021
-7.5799360275 1.4365546703 0.3030983508
-7.7163963318 1.1936535835 0.3802700639
-7.5944495201 1.4334113598 0.3117347360
-7.7233576775 1.1890244484 0.3952774107
-7.4171738625 1.6506841183 0.3341145813
-7.6084947586 1.4300282001 0.3210299015
-7.7295403481 1.1843001842 0.4105930924
-7.4343061447 1.6501932144 0.3352791071
-7.6220378876 1.4264134169 0.3309614956
-7.7349290848 1.1794922352 0.4261802137
-7.4513559341 1.6493763924 0.3372168541
-7.6350455284 1.4225755930 0.3415055871
-7.7395110130 1.1746120453 0.4420012236
-7.4682817459 1.6482355595 0.3399231732
-7.6474876404 1.4185242653 0.3526367247
-7.7432746887 1.1696715355 0.4580180049
-7.4850430489 1.6467735767 0.3433915079
-7.6593327522 1.4142688513 0.3643281162
-7.7462120056 1.1646825075 0.4741919935
-7.5015997887 1.6449937820 0.3476135731
-7.6705536842 1.4098199606 0.3765516281
-7.7483148575 1.1596570015 0.4904841781
-7.5179114342 1.6429007053 0.3525791168
-7.6811227798 1.4051879644 0.3892777860
-7.7495784760 1.1546071768 0.5068553686
-7.7500000000 1.1495451927 0.5232660770
-7.5339393616 1.6404991150 0.3582762182
-7.6910142899 1.4003841877 0.4024759531
-7.5496444702 1.6377949715 0.3646911681
-7.7002048492 1.3954203129 0.4161142707
-7.5649890900 1.6347948313 0.3718084693
-7.7086725235 1.3903080225 0.4301599562
-7.5799360275 1.6315057278 0.3796109855
-7.7163963318 1.3850599527 0.4445791543
-7.5944495201 1.6279357672 0.3880799711
-7.7233576775 1.3796885014 0.4593370855
-7.4171738625 1.8438229561 0.4212621450
-7.6084947586 1.6240935326 0.3971949518
-7.7295403481 1.3742066622 0.4743982553
-7.4343061447 1.8432745934 0.4224007428
-7.6220378876 1.6199882030 0.4069340229
-7.7349290848 1.3686276674 0.4897263646
-7.4513559341 1.8423622847 0.4242953956
-7.6350455284 1.6156296730 0.4172736704
-7.7395110130 1.3629649878 0.5052844286
-7.4682817459 1.8410879374 0.4269414544
-7.6474876404 1.6110284328 0.4281890392
-7.7432746887 1.3572322130 0.5210350752
-7.4850430489 1.8394548893 0.4303326309
-7.6593327522 1.6061955690 0.4396538138
-7.7462120056 1.3514432907 0.5369402170
-7.5015997887 1.8374668360 0.4344606996
-7.6705536842 1.6011428833 0.4516403675
-7.7483148575 1.3456119299 0.5529617071
-7.5179114342 1.8351287842 0.4393157661
-7.6811227798 1.5958822966 0.4641198218
-7.7495784760 1.3397523165 0.5690608025
-7.7500000000 1.3338785172 0.5851987600
-7.5339393616 1.8324463367 0.4448860586
-7.6910142899 1.5904266834 0.4770621061
-7.5496444702 1.8294258118 0.4511582553
-7.7002048492 1.5847890377 0.4904360771
-7.5649890900 1.8260744810 0.4581171572
-7.7086725235 1.5789830685 0.5042094588
-7.5799360275 1.8224006891 0.4657460451
-7.7163963318 1.5730227232 0.5183491111
-7.5944495201 1.8184130192 0.4740265310
-7.7233576775 1.5669223070 0.5328209996
-7.4171738625 2.0323777199 0.5179285407
-7.6084947586 1.8141211271 0.4829386771
-7.7295403481 1.5606966019 0.5475901961
-7.4343061447 2.0317733288 0.5190384388
-7.6220378876 1.8095353842 0.4924609959
-7.7349290848 1.5543605089 0.5626211166
-7.4513559341 2.0307676792 0.5208852291
-7.6350455284 1.8046668768 0.5025705695
-7.7395110130 1.5479294062 0.5778776407
-7.4682817459 2.0293631554 0.5234645009
-7.6474876404 1.7995272875 0.5132430196
-7.7432746887 1.5414186716 0.5933228731
-7.4850430489 2.0275628567 0.5267700553
-7.6593327522 1.7941290140 0.5244526267
-7.7462120056 1.5348440409 0.6089197397
-7.5015997887 2.0253717899 0.5307939053
-7.6705536842 1.7884850502 0.5361723900
-7.7483148575 1.5282213688 0.6246306300
-7.5179114342 2.0227944851 0.5355263352
-7.6811227798 1.7826091051 0.5483741164
-7.7495784760 1.5215665102 0.6404176354
-7.7500000000 1.5148956776 0.6562427878
-7.5339393616 2.0198376179 0.5409560204
-7.6910142899 1.7765151262 0.5610284209
-7.5496444702 2.0165083408 0.5470698476
-7.7002048492 1.7702178955 0.5741047263
-7.5649890900 2.0128142834 0.5538530946
-7.7086725235 1.7637325525 0.5875715613
-7.5799360275 2.0087647438 0.5612893701
-7.7163963318 1.7570748329 0.6013965607
-7.5944495201 2.0043692589 0.5693607926
-7.7233576775 1.7502605915 0.6155463457
-7.4171738625 2.2158796787 0.6238734722
-7.6084947586 1.9996385574 0.5780478716
-7.7295403481 1.7433063984 0.6299868822
-7.4343061447 2.2152209282 0.6249518394
-7.6220378876 1.9945838451 0.5873298049
-7.7349290848 1.7362290621 0.6446833014
-7.4513559341 2.2141242027 0.6267462373
-7.6350455284 1.9892175198 0.5971841216
-7.7395110130 1.7290453911 0.6596002579
-7.4682817459 2.2125928402 0.6292522550
-7.6474876404 1.9835523367 0.6075870991
-7.7432746887 1.7217729092 0.6747018099
-7.4850430489 2.2106301785 0.6324639916
-7.6593327522 1.9776020050 0.6185137033
-7.7462120056 1.7144290209 0.6899515390
-7.5015997887 2.2082412243 0.6363735795
-7.6705536842 1.9713809490 0.6299375892
-7.7483148575 1.7070313692 0.7053127885
-7.5179114342 2.2054312229 0.6409717202
-7.6811227798 1.9649039507 0.6418312788
-7.7495784760 1.6995979548 0.7207484841
-7.7500000000 1.6921465397 0.7362214327
-7.5339393616 2.2022075653 0.6462472677
-7.6910142899 1.9581867456 0.6541660428
-7.5496444702 2.1985774040 0.6521875262
-7.7002048492 1.9512455463 0.6669121981
-7.5649890900 2.1945500374 0.6587781906
-7.7086725235 1.9440970421 0.6800391078
-7.5799360275 2.1901347637 0.6660033464
-7.7163963318 1.9367585182 0.6935150027
-7.5944495201 2.1853423119 0.6738456488
-7.7233576775 1.9292474985 0.7073075771
-7.4171738625 2.3938727379 0.7388335466
-7.6084947586 2.1801846027 0.6822862029
-7.7295403481 1.9215821028 0.7213835120
-7.4343061447 2.3931608200 0.7398777008
-7.6220378876 2.1746735573 0.6913045645
-7.7349290848 1.9137809277 0.7357088923
-7.4513559341 2.3919763565 0.7416151762
-7.6350455284 2.1688225269 0.7008791566
-7.7395110130 1.9058626890 0.7502492070
-7.4682817459 2.3903217316 0.7440418005
-7.6474876404 2.1626458168 0.7109868526
-7.7432746887 1.8978464603 0.7649694681
-7.4850430489 2.3882014751 0.7471516728
-7.6593327522 2.1561584473 0.7216032743
-7.7462120056 1.8897515535 0.7798342109
-7.5015997887 2.3856205940 0.7509373426
-7.6705536842 2.1493754387 0.7327028513
-7.7483148575 1.8815975189 0.7948076129
-7.5179114342 2.3825850487 0.7553896904
-7.6811227798 2.1423137188 0.7442588806
-7.7495784760 1.8734039068 0.8098535538
-7.7500000000 1.8651905060 0.8249358535
-7.5339393616 2.3791022301 0.7604979873
-7.6910142899 2.1349902153 0.7562435269
-7.5496444702 2.3751804829 0.7662499547
-7.7002048492 2.1274223328 0.7686278224
-7.5649890900 2.3708295822 0.7726316452
-7.7086725235 2.1196281910 0.7813820839
-7.5799360275 2.3660597801 0.7796277404
-7.7163963318 2.1116271019 0.7944754362
-7.5944495201 2.3608825207 0.7872214317
-7.7233576775 2.1034379005 0.8078764677
-7.4171738625 2.5659141541 0.8625229001
-7.6084947586 2.3553102016 0.7953943610
-7.7295403481 2.0950803757 0.8215528131
-7.4343061447 2.5651512146 0.8635302782
-7.6220378876 2.3493564129 0.8041268587
-7.7349290848 2.0865750313 0.8354715109
-7.4513559341 2.5638813972 0.8652065396
-7.6350455284 2.3430356979 0.8133978844
-7.7395110130 2.0779416561 0.8495990634
-7.4682817459 2.5621080399 0.8675476909
-7.6474876404 2.3363628387 0.8231851459
-7.7432746887 2.0692017078 0.8639014959
-7.4850430489 2.5598354340 0.8705480099
-7.6593327522 2.3293540478 0.8334649801
-7.7462120056 2.0603759289 0.8783442378
-7.5015997887 2.5570688248 0.8742003441
-7.6705536842 2.3220264912 0.8442126513
-7.7483148575 2.0514855385 0.8928925395
-7.5179114342 2.5538151264 0.8784958124
-7.6811227798 2.3143975735 0.8554023504
-7.7495784760 2.0425522327 0.9075114131
-7.7500000000 2.0335972309 0.9221655726
-7.5339393616 2.5500822067 0.8834241629
-7.6910142899 2.3064856529 0.8670070171
-7.5496444702 2.5458786488 0.8889734745
-7.7002048492 2.2983098030 0.8789986968
-7.5649890900 2.5412149429 0.8951303959
-7.7086725235 2.2898898125 0.8913486004
-7.5799360275 2.5361022949 0.9018800259
-7.7163963318 2.2812459469 0.9040268660
-7.5944495201 2.5305528641 0.9092062116
-7.7233576775 2.2723989487 0.9170030355
-7.4171738625 2.7315764427 0.9946340919
-7.6084947586 2.5245802402 0.9170912504
-7.7295403481 2.2633700371 0.9302457571
-7.4343061447 2.7307639122 0.9956021905
-7.6220378876 2.5181987286 0.9255161285
-7.7349290848 2.2541813850 0.9437232018
-7.4513559341 2.7294123173 0.9972130656
-7.6350455284 2.5114235878 0.9344605207
-7.7395110130 2.2448546886 0.9574028850
-7.4682817459 2.7275245190 0.9994629025
-7.6474876404 2.5042712688 0.9439029694
-7.7432746887 2.2354125977 0.9712518454
-7.4850430489 2.7251050472 1.0023461580
-7.6593327522 2.4967586994 0.9538207054
-7.7462120056 2.2258780003 0.9852367640
-7.5015997887 2.7221598625 1.0058560371
-7.6705536842 2.4889044762 0.9641897678
-7.7483148575 2.2162735462 0.9993238449
-7.5179114342 2.7186961174 1.0099840164
-7.6811227798 2.4807271957 0.9749853015
-7.7495784760 2.2066226006 1.0134792328
-7.7500000000 2.1969482899 1.0276688337
-7.5339393616 2.7147221565 1.0147202015
-7.6910142899 2.4722466469 0.9861811399
-7.5496444702 2.7102472782 1.0200530291
-7.7002048492 2.4634833336 0.9977504015
-7.5649890900 2.7052824497 1.0259698629
-7.7086725235 2.4544582367 1.0096652508
-7.5799360275 2.6998398304 1.0324562788
-7.7163963318 2.4451930523 1.0218969584
-7.5944495201 2.6939320564 1.0394967794
-7.7233576775 2.4357101917 1.0344159603
-7.4171738625 2.8904473782 1.1348385811
-7.6084947586 2.6875739098 1.0470741987
-7.7295403481 2.4260325432 1.0471922159
-7.4343061447 2.8895878792 1.1357649565
-7.6220378876 2.6807801723 1.0551705360
-7.7349290848 2.4161834717 1.0601948500
-7.4513559341 2.8881576061 1.1373064518
-7.6350455284 2.6735675335 1.0637661219
-7.7395110130 2.4061865807 1.0733926296
-7.4682817459 2.8861598969 1.1394593716
-7.6474876404 2.6659533978 1.0728403330
-7.7432746887 2.3960659504 1.0867537260
-7.4850430489 2.8835997581 1.1422185898
-7.6593327522 2.6579561234 1.0823712349
-7.7462120056 2.3858458996 1.1002459526
-7.5015997887 2.8804833889 1.1455773115
-7.6705536842 2.6495947838 1.0923359394
-7.7483148575 2.3755512238 1.1138367653
-7.5179114342 2.8768181801 1.1495274305
-7.6811227798 2.6408894062 1.1027103662
-7.7495784760 2.3652067184 1.1274935007
-7.7500000000 2.3548371792 1.1411832571
-7.5339393616 2.8726129532 1.1540596485
-7.6910142899 2.6318614483 1.1134696007
-7.5496444702 2.8678777218 1.1591628790
-7.7002048492 2.6225323677 1.1245877743
-7.5649890900 2.8626241684 1.1648248434
-7.7086725235 2.6129245758 1.1360378265
-7.5799360275 2.8568649292 1.1710318327
-7.7163963318 2.6030611992 1.1477924585
-7.5944495201 2.8506138325 1.1777690649
-7.7233576775 2.5929660797 1.1598232985
-7.4171738625 3.0421323776 1.2827879190
-7.6084947586 2.8438856602 1.1850202084
-7.7295403481 2.5826637745 1.1721012592
-7.4343061447 3.0412275791 1.2836703062
-7.6220378876 2.8366968632 1.1927678585
-7.7349290848 2.5721786022 1.1845967770
-7.4513559341 3.0397222042 1.2851386070
-7.6350455284 2.8290648460 1.2009931803
-7.7395110130 2.5615363121 1.1972799301
-7.4682817459 3.0376198292 1.2871892452
-7.6474876404 2.8210077286 1.2096766233
-7.7432746887 2.5507621765 1.2101199627
-7.4850430489 3.0349252224 1.2898173332
-7.6593327522 2.8125452995 1.2187970877
-7.7462120056 2.5398824215 1.2230859995
-7.5015997887 3.0316452980 1.2930165529
-7.6705536842 2.8036975861 1.2283326387
-7.7483148575 2.5289230347 1.2361468077
-7.5179114342 3.0277876854 1.2967791557
-7.6811227798 2.7944860458 1.2382602692
-7.7495784760 2.5179107189 1.2492709160
-7.7500000000 2.5068717003 1.2624266148
-7.5339393616 3.0233619213 1.3010960817
-7.6910142899 2.7849330902 1.2485560179
-7.5496444702 3.0183782578 1.3059568405
-7.7002048492 2.7750611305 1.2591953278
-7.5649890900 3.0128490925 1.3113499880
-7.7086725235 2.7648944855 1.2701523304
-7.5799360275 3.0067875385 1.3172621727
-7.7163963318 2.7544577122 1.2814006805
-7.5944495201 3.0002081394 1.3236794472
-7.7233576775 2.7437753677 1.2929133177
-7.4171738625 3.1862540245 1.4381141663
-7.6084947586 2.9931271076 1.3305861950
-7.7295403481 2.7328739166 1.3046624660
-7.4343061447 3.1853065491 1.4389503002
-7.6220378876 2.9855611324 1.3379658461
-7.7349290848 2.7217788696 1.3166198730
-7.4513559341 3.1837298870 1.4403418303
-7.6350455284 2.9775285721 1.3458006382
-7.7395110130 2.7105176449 1.3287566900
-7.4682817459 3.1815276146 1.4422851801
-7.6474876404 2.9690487385 1.3540716171
-7.7432746887 2.6991169453 1.3410437107
-7.4850430489 3.1787056923 1.4447757006
-7.6593327522 2.9601421356 1.3627588749
-7.7462120056 2.6876044273 1.3534513712
-7.5015997887 3.1752703190 1.4478074312
-7.6705536842 2.9508302212 1.3718415499
-7.7483148575 2.6760077477 1.3659496307
-7.5179114342 3.1712298393 1.4513729811
-7.6811227798 2.9411351681 1.3812977076
-7.7495784760 2.6643548012 1.3785084486
-7.7500000000 2.6526737213 1.3910976648
-7.7500000000 2.7918806076 1.5268764496
-7.5339393616 3.1665942669 1.4554638863
-7.6910142899 2.9310808182 1.3911045790
-7.5496444702 3.1613745689 1.4600703716
-7.7002048492 2.9206910133 1.4012384415
-7.5649890900 3.1555833817 1.4651809931
-7.7086725235 2.9099907875 1.4116750956
-7.5799360275 3.1492347717 1.4707838297
-7.7163963318 2.8990061283 1.4223892689
-7.5944495201 3.1423437595 1.4768651724
-7.7233576775 2.8877632618 1.4333550930
-7.4171738625 3.3224542141 1.6004312038
-7.6084947586 3.1349272728 1.4834103584
-7.7295403481 2.8762896061 1.4445463419
-7.4343061447 3.3214662075 1.6012191772
-7.6220378876 3.1270027161 1.4904036522
-7.7349290848 2.8646125793 1.4559358358
-7.4513559341 3.3198220730 1.6025302410
-7.6350455284 3.1185896397 1.4978283644
-7.7395110130 2.8527603149 1.4674961567
-7.4682817459 3.3175258636 1.6043614149
-7.6474876404 3.1097080708 1.5056663752
-7.7432746887 2.8407611847 1.4791996479
-7.4850430489 3.3145830631 1.6067081690
-7.6593327522 3.1003794670 1.5138988495
-7.7462120056 2.8286445141 1.4910179377
-7.5015997887 3.3110008240 1.6095649004
-7.6705536842 3.0906262398 1.5225061178
-7.7483148575 2.8164391518 1.5029226542
-7.5179114342 3.3067879677 1.6129246950
-7.6811227798 3.0804722309 1.5314671993
-7.7495784760 2.8041749001 1.5148850679
-7.5339393616 3.3019540310 1.6167794466
-7.6910142899 3.0699412823 1.5407607555
-7.5496444702 3.2965114117 1.6211199760
-7.7002048492 3.0590593815 1.5503641367
-7.5649890900 3.2904725075 1.6259356737
-7.7086725235 3.0478522778 1.5602544546
-7.5799360275 3.2838525772 1.6312149763
-7.7163963318 3.0363471508 1.5704077482
-7.5944495201 3.2766668797 1.6369452477
-7.7233576775 3.0245718956 1.5807995796
-7.4171738625 3.4503941536 1.7693355083
-7.6084947586 3.2689332962 1.6431126595
-7.7295403481 3.0125544071 1.5914049149
-7.4343061447 3.4493682384 1.7700731754
-7.6220378876 3.2606701851 1.6497023106
-7.7349290848 3.0003242493 1.6021982431
-7.4513559341 3.4476606846 1.7713007927
-7.6350455284 3.2518973351 1.6566983461
-7.7395110130 2.9879102707 1.6131534576
-7.4682817459 3.4452760220 1.7730151415
-7.6474876404 3.2426362038 1.6640839577
-7.7432746887 2.9753429890 1.6242442131
-7.4850430489 3.4422199726 1.7752122879
-7.6593327522 3.2329089642 1.6718412638
-7.7462120056 2.9626522064 1.6354439259
-7.5015997887 3.4384999275 1.7778868675
-7.6705536842 3.2227387428 1.6799515486
-7.7483148575 2.9498686790 1.6467254162
-7.5179114342 3.4341247082 1.7810325623
-7.6811227798 3.2121505737 1.6883953810
-7.7495784760 2.9370231628 1.6580616236
-7.7500000000 2.9241466522 1.6694252491
-7.5339393616 3.4291048050 1.7846416235
-7.6910142899 3.2011694908 1.6971524954
-7.5496444702 3.4234523773 1.7887053490
-7.7002048492 3.1898224354 1.7062015533
-7.5649890900 3.4171810150 1.7932140827
-7.7086725235 3.1781363487 1.7155208588
-7.5799360275 3.4103059769 1.7981568575
-7.7163963318 3.1661393642 1.7250881195
-7.5944495201 3.4028439522 1.8035218716
-7.7233576775 3.1538605690 1.7348800898
-7.4171738625 3.5697560310 1.9444071054
-7.6084947586 3.3948123455 1.8092961311
-7.7295403481 3.1413297653 1.7448731661
-7.4343061447 3.5686943531 1.9450927973
-7.6220378876 3.3862309456 1.8154656887
-7.7349290848 3.1285765171 1.7550433874
-7.4513559341 3.5669279099 1.9462336302
-7.6350455284 3.3771204948 1.8220157623
-7.7395110130 3.1156320572 1.7653663158
-7.4682817459 3.5644607544 1.9478271008
-7.6474876404 3.3675026894 1.8289304972
-7.7432746887 3.1025273800 1.7758169174
-7.4850430489 3.5612990856 1.9498691559
-7.6593327522 3.3574006557 1.8361933231
-7.7462120056 3.0892941952 1.7863700390
-7.5015997887 3.5574502945 1.9523550272
-7.6705536842 3.3468389511 1.8437865973
-7.7483148575 3.0759642124 1.7970002890
-7.5179114342 3.5529236794 1.9552786350
-7.6811227798 3.3358430862 1.8516921997
-7.7495784760 3.0625696182 1.8076821566
-7.7500000000 3.0491428375 1.8183897734
-7.5339393616 3.5477299690 1.9586329460
-7.6910142899 3.3244392872 1.8598909378
-7.5496444702 3.5418820381 1.9624099731
-7.7002048492 3.3126549721 1.8683631420
-7.5649890900 3.5353939533 1.9666005373
-7.7086725235 3.3005189896 1.8770884275
-7.5799360275 3.5282812119 1.9711945057
-7.7163963318 3.2880601883 1.8860458136
-7.5944495201 3.5205607414 1.9761807919
-7.7233576775 3.2753086090 1.8952134848
-7.4171738625 3.6802427769 2.1252107620
-7.6084947586 3.5122513771 1.9815475941
-7.7295403481 3.2622950077 1.9045696259
-7.4343061447 3.6791484356 2.1258425713
-7.6220378876 3.5033731461 1.9872816801
-7.7349290848 3.2490508556 1.9140915871
-7.4513559341 3.6773271561 2.1268939972
-7.6350455284 3.4939475060 1.9933694601
-7.7395110130 3.2356078625 1.9237563610
-7.4682817459 3.6747837067 2.1283626556
-7.6474876404 3.4839968681 1.9997962713
-7.7432746887 3.2219986916 1.9335407019
-7.4850430489 3.6715242863 2.1302444935
-7.6593327522 3.4735455513 2.0065464973
-7.7462120056 3.2082557678 1.9434211254
-7.5015997887 3.6675562859 2.1325354576
-7.6705536842 3.4626185894 2.0136039257
-7.7483148575 3.1944124699 1.9533737898
-7.5179114342 3.6628894806 2.1352298260
-7.6811227798 3.4512422085 2.0209515095
-7.7495784760 3.1805021763 1.9633746147
-7.7500000000 3.1665582657 1.9733996391
-7.5339393616 3.6575350761 2.1383211613
-7.6910142899 3.4394438267 2.0285716057
-7.5496444702 3.6515061855 2.1418018341
-7.7002048492 3.4272520542 2.0364460945
-7.5649890900 3.6448173523 2.1456637383
-7.7086725235 3.4146959782 2.0445554256
-7.5799360275 3.6374843121 2.1498975754
-7.7163963318 3.4018061161 2.0528805256
-7.5944495201 3.6295249462 2.1544928551
-7.7233576775 3.3886134624 2.0614013672
-7.4171738625 3.7815799713 2.3112969398
-7.6084947586 3.6209583282 2.1594386101
-7.7295403481 3.3751497269 2.0700972080
-7.4343061447 3.7804553509 2.3118736744
-7.6220378876 3.6118054390 2.1647231579
-7.7349290848 3.3614473343 2.0789470673
-7.4513559341 3.7785842419 2.3128328323
-7.6350455284 3.6020879745 2.1703336239
-7.7395110130 3.3475394249 2.0879297256
-7.4682817459 3.7759706974 2.3141727448
-7.6474876404 3.5918295383 2.1762564182
-7.7432746887 3.3334593773 2.0970237255
-7.4850430489 3.7726211548 2.3158898354
-7.6593327522 3.5810544491 2.1824772358
-7.7462120056 3.3192412853 2.1062066555
-7.5015997887 3.7685439587 2.3179802895
-7.6705536842 3.5697894096 2.1889810562
-7.7483148575 3.3049190044 2.1154570580
-7.5179114342 3.7637488842 2.3204386234
-7.6811227798 3.5580608845 2.1957526207
-7.7495784760 3.2905273438 2.1247520447
-7.7500000000 3.2761011124 2.1340696812
-7.7500000000 3.3774991035 2.2999999523
-7.5339393616 3.7582471371 2.3232591152
-7.6910142899 3.5458972454 2.2027752399
-7.5496444702 3.7520520687 2.3264350891
-7.7002048492 3.5333282948 2.2100319862
-7.5649890900 3.7451789379 2.3299586773
-7.7086725235 3.5203835964 2.2175054550
-7.5799360275 3.7376439571 2.3338217735
-7.7163963318 3.5070948601 2.2251777649
-7.5944495201 3.7294654846 2.3380146027
-7.7233576775 3.4934937954 2.2330303192
-7.4171738625 3.8735156059 2.5022032261
-7.6084947586 3.7206630707 2.3425273895
-7.7295403481 3.4796133041 2.2410442829
-7.4343061447 3.8723635674 2.5027229786
-7.6220378876 3.7112581730 2.3473489285
-7.7349290848 3.4654870033 2.2492001057
-7.4513559341 3.8704469204 2.5035879612
-7.6350455284 3.7012732029 2.3524680138
-7.7395110130 3.4511485100 2.2574784756
-7.4682817459 3.8677699566 2.5047957897
-7.6474876404 3.6907320023 2.3578720093
-7.7432746887 3.4366326332 2.2658591270
-7.4850430489 3.8643391132 2.5063438416
-7.6593327522 3.6796605587 2.3635480404
-7.7462120056 3.4219744205 2.2743222713
-7.5015997887 3.8601627350 2.5082283020
-7.6705536842 3.6680850983 2.3694825172
-7.7483148575 3.4072089195 2.2828469276
-7.5179114342 3.8552508354 2.5104446411
-7.6811227798 3.6560337543 2.3756608963
-7.7495784760 3.3923718929 2.2914130688
-7.7500000000 3.4704999924 2.4707784653
-7.5339393616 3.8496153355 2.5129873753
-7.6910142899 3.6435351372 2.3820683956
-7.5496444702 3.8432698250 2.5158505440
-7.7002048492 3.6306200027 2.3886897564
-7.5649890900 3.8362295628 2.5190272331
-7.7086725235 3.6173188686 2.3955087662
-7.5799360275 3.8285114765 2.5225098133
-7.7163963318 3.6036643982 2.4025092125
-7.5944495201 3.8201341629 2.5262899399
-7.7233576775 3.5896887779 2.4096739292
-7.4171738625 3.9558210373 2.6974546909
-7.6084947586 3.8111176491 2.5303580761
-7.7295403481 3.5754261017 2.4169859886
-7.4343061447 3.9546446800 2.6979162693
-7.6220378876 3.8014841080 2.5347051620
-7.7349290848 3.5609107018 2.4244275093
-7.4513559341 3.9526870251 2.6986846924
-7.6350455284 3.7912561893 2.5393199921
-7.7395110130 3.5461773872 2.4319808483
-7.4682817459 3.9499530792 2.6997575760
-7.6474876404 3.7804589272 2.5441918373
-7.7432746887 3.5312619209 2.4396276474
-7.4850430489 3.9464495182 2.7011327744
-7.6593327522 3.7691183090 2.5493090153
-7.7462120056 3.5162000656 2.4473495483
-7.5015997887 3.9421844482 2.7028067112
-7.6705536842 3.7572615147 2.5546591282
-7.7483148575 3.5010280609 2.4551277161
-7.5179114342 3.9371681213 2.7047753334
-7.6811227798 3.7449169159 2.5602290630
-7.7495784760 3.4857823849 2.4629435539
-7.5339393616 3.9314129353 2.7070341110
-7.6910142899 3.7321147919 2.5660057068
-7.5496444702 3.9249324799 2.7095775604
-7.7002048492 3.7188854218 2.5719749928
-7.5649890900 3.9177427292 2.7123992443
-7.7086725235 3.7052612305 2.5781226158
-7.5799360275 3.9098606110 2.7154927254
-7.7163963318 3.6912744045 2.5844335556
-7.5944495201 3.9013051987 2.7188506126
-7.7233576775 3.6769592762 2.5908927917
-7.4171738625 4.0282917023 2.8965659142
-7.6084947586 3.8920972347 2.7224643230
-7.7295403481 3.6623497009 2.5974848270
-7.4343061447 4.0270934105 2.8969686031
-7.6220378876 3.8822588921 2.7263257504
-7.7349290848 3.6474814415 2.6041936874
-7.4513559341 4.0251002312 2.8976383209
-7.6350455284 3.8718137741 2.7304251194
-7.7395110130 3.6323900223 2.6110031605
-7.4682817459 4.0223164558 2.8985736370
-7.6474876404 3.8607871532 2.7347526550
-7.7432746887 3.6171119213 2.6178970337
-7.4850430489 4.0187482834 2.8997724056
-7.6593327522 3.8492054939 2.7392981052
-7.7462120056 3.6016838551 2.6248583794
-7.5015997887 4.0144052505 2.9012315273
-7.6705536842 3.8370966911 2.7440505028
-7.7483148575 3.5861430168 2.6318707466
-7.5179114342 4.0092968941 2.9029479027
-7.6811227798 3.8244898319 2.7489984035
-7.7495784760 3.5705268383 2.6389169693
-7.7500000000 3.5548727512 2.6459803581
-7.7500000000 3.6304075718 2.8251700401
-7.5339393616 4.0034365654 2.9049170017
-7.6910142899 3.8114156723 2.7541296482
-7.5496444702 3.9968373775 2.9071340561
-7.7002048492 3.7979052067 2.7594320774
-7.5649890900 3.9895157814 2.9095940590
-7.7086725235 3.7839913368 2.7648928165
-7.5799360275 3.9814891815 2.9122908115
-7.7163963318 3.7697074413 2.7704987526
-7.5944495201 3.9727771282 2.9152178764
-7.7233576775 3.7550880909 2.7762365341
-7.4171738625 4.0907473564 3.0990421772
-7.6084947586 3.9634006023 2.9183683395
-7.7295403481 3.7401683331 2.7820920944
-7.4343061447 4.0895304680 3.0993845463
-7.6220378876 3.9533817768 2.9217343330
-7.7349290848 3.7249841690 2.7880516052
-7.4513559341 4.0875062943 3.0999541283
-7.6350455284 3.9427454472 2.9253079891
-7.7395110130 3.7095720768 2.7941002846
-7.4682817459 4.0846791267 3.1007494926
-7.6474876404 3.9315166473 2.9290807247
-7.7432746887 3.6939692497 2.8002238274
-7.4850430489 4.0810561180 3.1017689705
-7.6593327522 3.9197227955 2.9330432415
-7.7462120056 3.6782133579 2.8064076900
-7.5015997887 4.0766453743 3.1030097008
-7.6705536842 3.9073922634 2.9371860027
-7.7483148575 3.6623420715 2.8126366138
-7.5179114342 4.0714583397 3.1044692993
-7.6811227798 3.8945546150 2.9414992332
-7.7495784760 3.6463942528 2.8188958168
-7.5339393616 4.0655064583 3.1061437130
-7.6910142899 3.8812408447 2.9459724426
-7.5496444702 4.0588054657 3.1080293655
-7.7002048492 3.8674829006 2.9505949020
-7.5649890900 4.0513701439 3.1101212502
-7.7086725235 3.8533141613 2.9553554058
-7.5799360275 4.0432190895 3.1124145985
-7.7163963318 3.8387684822 2.9602422714
-7.5944495201 4.0343718529 3.1149036884
-7.7233576775 3.8238813877 2.9652442932
-7.4171738625 4.1430325508 3.3043799400
-7.6084947586 4.0248498917 3.1175827980
-7.7295403481 3.8086881638 2.9703488350
-7.4343061447 4.1418004036 3.3046610355
-7.6220378876 4.0146760941 3.1204452515
-7.7349290848 3.7932257652 2.9755439758
-7.4513559341 4.1397504807 3.3051290512
-7.6350455284 4.0038747787 3.1234843731
-7.7395110130 3.7775313854 2.9808170795
-7.4682817459 4.1368870735 3.3057825565
-7.6474876404 3.9924719334 3.1266925335
-7.7432746887 3.7616426945 2.9861552715
-7.4850430489 4.1332173347 3.3066201210
-7.6593327522 3.9804952145 3.1300623417
-7.7462120056 3.7455980778 2.9915459156
-7.5015997887 4.1287508011 3.3076395988
-7.6705536842 3.9679734707 3.1335854530
-7.7483148575 3.7294361591 2.9969761372
-7.5179114342 4.1234970093 3.3088386059
-7.6811227798 3.9549367428 3.1372532845
-7.7495784760 3.7131960392 3.0024325848
-7.7500000000 3.6969165802 3.0079021454
-7.5339393616 4.1174693108 3.3102145195
-7.6910142899 3.9414165020 3.1410572529
-7.5496444702 4.1106824875 3.3117635250
-7.7002048492 3.9274451733 3.1449882984
-7.5649890900 4.1031522751 3.3134822845
-7.7086725235 3.9130568504 3.1490364075
-7.5799360275 4.0948972702 3.3153665066
-7.7163963318 3.8982858658 3.1531925201
-7.5944495201 4.0859370232 3.3174116611
-7.7233576775 3.8831677437 3.1574459076
-7.4171738625 4.1850175858 3.5120685101
-7.6084947586 4.0762929916 3.3196127415
-7.7295403481 3.8677389622 3.1617870331
-7.4343061447 4.1837730408 3.5122878551
-7.6220378876 4.0659890175 3.3219645023
-7.7349290848 3.8520369530 3.1662049294
-7.4513559341 4.1817021370 3.5126531124
-7.6350455284 4.0550498962 3.3244614601
-7.7395110130 3.8360991478 3.1706891060
-7.4682817459 4.1788101196 3.5131630898
-7.6474876404 4.0435013771 3.3270971775
-7.7432746887 3.8199641705 3.1752288342
-7.4850430489 4.1751031876 3.5138165951
-7.6593327522 4.0313715935 3.3298656940
-7.7462120056 3.8036708832 3.1798129082
-7.5015997887 4.1705908775 3.5146121979
-7.6705536842 4.0186896324 3.3327603340
-7.7483148575 3.7872583866 3.1844308376
-7.5179114342 4.1652841568 3.5155479908
-7.6811227798 4.0054860115 3.3357739449
-7.7495784760 3.7707662582 3.1890709400
-7.7500000000 3.7542345524 3.1937222481
-7.7500000000 3.8022189140 3.3821682930
-7.5339393616 4.1591954231 3.5166215897
-7.6910142899 3.9917931557 3.3388993740
-7.5496444702 4.1523399353 3.5178303719
-7.7002048492 3.9776434898 3.3421287537
-7.5649890900 4.1447334290 3.5191717148
-7.7086725235 3.9630711079 3.3454549313
-7.5799360275 4.1363945007 3.5206420422
-7.7163963318 3.9481112957 3.3488693237
-7.5944495201 4.1273436546 3.5222380161
-7.7233576775 3.9327998161 3.3523640633
-7.4171738625 4.2165985107 3.7215917110
-7.6084947586 4.1176018715 3.5239555836
-7.7295403481 3.9171741009 3.3559305668
-7.4343061447 4.2153444290 3.7217488289
-7.6220378876 4.1071934700 3.5257909298
-7.7349290848 3.9012711048 3.3595602512
-7.4513559341 4.2132577896 3.7220103741
-7.6350455284 4.0961432457 3.5277395248
-7.7395110130 3.8851296902 3.3632445335
-7.4682817459 4.2103438377 3.7223753929
-7.6474876404 4.0844779015 3.5297963619
-7.7432746887 3.8687884808 3.3669743538
-7.4850430489 4.2066087723 3.7228434086
-7.6593327522 4.0722250938 3.5319569111
-7.7462120056 3.8522868156 3.3707406521
-7.5015997887 4.2020626068 3.7234132290
-7.6705536842 4.0594148636 3.5342156887
-7.7483148575 3.8356647491 3.3745346069
-7.5179114342 4.1967158318 3.7240831852
-7.6811227798 4.0460772514 3.5365674496
-7.7495784760 3.8189618587 3.3783469200
-7.5339393616 4.1905813217 3.7248520851
-7.6910142899 4.0322456360 3.5390062332
-7.5496444702 4.1836738586 3.7257177830
-7.7002048492 4.0179524422 3.5415265560
-7.5649890900 4.1760096550 3.7266781330
-7.7086725235 4.0032324791 3.5441219807
-7.5799360275 4.1676082611 3.7277309895
-7.7163963318 3.9881210327 3.5467865467
-7.5944495201 4.1584887505 3.7288737297
-7.7233576775 3.9726545811 3.5495138168
-7.4171738625 4.2376956940 3.9324285984
-7.6084947586 4.1486740112 3.7301037312
-7.7295403481 3.9568703175 3.5522971153
-7.4343061447 4.2364354134 3.9325230122
-7.6220378876 4.1381869316 3.7314178944
-7.7349290848 3.9408063889 3.5551295280
-7.4513559341 4.2343382835 3.9326801300
-7.6350455284 4.1270532608 3.7328131199
-7.7395110130 3.9245014191 3.5580046177
-7.4682817459 4.2314100266 3.9328997135
-7.6474876404 4.1152997017 3.7342860699
-7.7432746887 3.9079945087 3.5609152317
-7.4850430489 4.2276563644 3.9331810474
-7.6593327522 4.1029543877 3.7358331680
-7.7462120056 3.8913257122 3.5638542175
-7.5015997887 4.2230873108 3.9335234165
-7.6705536842 4.0900473595 3.7374505997
-7.7483148575 3.8745350838 3.5668148994
-7.5179114342 4.2177138329 3.9339261055
-7.6811227798 4.0766096115 3.7391345501
-7.7495784760 3.8576629162 3.5697898865
-7.7500000000 3.8407502174 3.5727720261
-7.5339393616 4.2115483284 3.9343881607
-7.6910142899 4.0626735687 3.7408809662
-7.5496444702 4.2046065331 3.9349083900
-7.7002048492 4.0482726097 3.7426855564
-7.5649890900 4.1969041824 3.9354856014
-7.7086725235 4.0334415436 3.7445442677
-7.5799360275 4.1884603500 3.9361183643
-7.7163963318 4.0182156563 3.7464523315
-7.5944495201 4.1792955399 3.9368050098
-7.7233576775 4.0026326180 3.7484049797
-7.4171738625 4.2482576370 4.1440548897
-7.6084947586 4.1694312096 3.9375443459
-7.7295403481 3.9867293835 3.7503979206
-7.4343061447 4.2469940186 4.1440863609
-7.6220378876 4.1588921547 3.9383342266
-7.7349290848 3.9705440998 3.7524263859
-7.4513559341 4.2448921204 4.1441388130
-7.6350455284 4.1477026939 3.9391727448
-7.7395110130 3.9541158676 3.7544848919
-7.4682817459 4.2419557571 4.1442122459
-7.6474876404 4.1358900070 3.9400579929
-7.7432746887 3.9374845028 3.7565691471
-7.4850430489 4.2381930351 4.1443061829
-7.6593327522 4.1234831810 3.9409875870
-7.7462120056 3.9206900597 3.7586739063
-7.5015997887 4.2336130142 4.1444201469
-7.6705536842 4.1105117798 3.9419598579
-7.7483148575 3.9037725925 3.7607939243
-7.5179114342 4.2282257080 4.1445546150
-7.6811227798 4.0970067978 3.9429717064
-7.7495784760 3.8867733479 3.7629241943
-7.7500000000 3.8697328568 3.7650594711
-7.5339393616 4.2220449448 4.1447086334
-7.6910142899 4.0830006599 3.9440214634
-7.5496444702 4.2150855064 4.1448822021
-7.7002048492 4.0685276985 3.9451060295
-7.5649890900 4.2073640823 4.1450748444
-7.7086725235 4.0536222458 3.9462230206
-7.5799360275 4.1988997459 4.1452860832
-7.7163963318 4.0383205414 3.9473698139
-7.5944495201 4.1897115707 4.1455149651
-7.7233576775 4.0226593018 3.9485433102
-7.4171738625 4.2482576370 4.3559451103
-7.6084947586 4.1798229218 4.1457614899
-7.7295403481 4.0066766739 3.9497411251
-7.4343061447 4.2469940186 4.3559136391
-7.6220378876 4.1692571640 4.1460251808
-7.7349290848 3.9904103279 3.9509601593
-7.4513559341 4.2448921204 4.3558611870
-7.6350455284 4.1580400467 4.1463050842
-7.7395110130 3.9739000797 3.9521973133
-7.4682817459 4.2419557571 4.3557877541
-7.6474876404 4.1461982727 4.1466002464
-7.7432746887 3.9571855068 3.9534499645
-7.4850430489 4.2381930351 4.3556938171
-7.6593327522 4.1337604523 4.1469106674
-7.7462120056 3.9403069019 3.9547147751
-7.5015997887 4.2336130142 4.3555798531
-7.6705536842 4.1207566261 4.1472349167
-7.7483148575 3.9233047962 3.9559888840
-7.5179114342 4.2282257080 4.3554453850
-7.6811227798 4.1072177887 4.1475725174
-7.7495784760 3.9062204361 3.9572691917
-7.7500000000 3.8890948296 3.9585525990
-7.5339393616 4.2220449448 4.3552913666
-7.6910142899 4.0931768417 4.1479225159
-7.5496444702 4.2150855064 4.3551177979
-7.7002048492 4.0786676407 4.1482844353
-7.5649890900 4.2073640823 4.3549251556
-7.7086725235 4.0637254715 4.1486568451
-7.5799360275 4.1988997459 4.3547139168
-7.7163963318 4.0483856201 4.1490397453
-7.5944495201 4.1897115707 4.3544850349
-7.7233576775 4.0326852798 4.1494312286
-7.4171738625 4.2376956940 4.5675711632
-7.6084947586 4.1798229218 4.3542385101
-7.7295403481 4.0166625977 4.1498308182
-7.4343061447 4.2364354134 4.5674767494
-7.6220378876 4.1692571640 4.3539748192
-7.7349290848 4.0003557205 4.1502375603
-7.4513559341 4.2343382835 4.5673198700
-7.6350455284 4.1580400467 4.3536949158
-7.7395110130 3.9838044643 4.1506500244
-7.4682817459 4.2314100266 4.5671005249
-7.6474876404 4.1461982727 4.3533997536
-7.7432746887 3.9670481682 4.1510682106
-7.4850430489 4.2276563644 4.5668191910
-7.6593327522 4.1337604523 4.3530893326
-7.7462120056 3.9501276016 4.1514897346
-7.5015997887 4.2230873108 4.5664768219
-7.6705536842 4.1207566261 4.3527650833
-7.7483148575 3.9330830574 4.1519150734
-7.5179114342 4.2177138329 4.5660738945
-7.6811227798 4.1072177887 4.3524274826
-7.7495784760 3.9159562588 4.1523423195
-7.7500000000 3.8987877369 4.1527705193
-7.5339393616 4.2115483284 4.5656118393
-7.6910142899 4.0931768417 4.3520774841
-7.5496444702 4.2046065331 4.5650916100
-7.7002048492 4.0786676407 4.3517155647
-7.5649890900 4.1969041824 4.5645146370
-7.7086725235 4.0637254715 4.3513431549
-7.5799360275 4.1884603500 4.5638818741
-7.7163963318 4.0483856201 4.3509602547
-7.5944495201 4.1792955399 4.5631947517
-7.7233576775 4.0326852798 4.3505687714
-7.4171738625 4.2165985107 4.7784085274
-7.6084947586 4.1694312096 4.5624556541
-7.7295403481 4.0166625977 4.3501691818
-7.4343061447 4.2153444290 4.7782511711
-7.6220378876 4.1588921547 4.5616660118
-7.7349290848 4.0003557205 4.3497624397
-7.4513559341 4.2132577896 4.7779898643
-7.6350455284 4.1477026939 4.5608272552
-7.7395110130 3.9838044643 4.3493499756
-7.4682817459 4.2103438377 4.7776246071
-7.6474876404 4.1358900070 4.5599422455
-7.7432746887 3.9670481682 4.3489317894
-7.4850430489 4.2066087723 4.7771563530
-7.6593327522 4.1234831810 4.5590124130
-7.7462120056 3.9501276016 4.3485102654
-7.5015997887 4.2020626068 4.7765870094
-7.6705536842 4.1105117798 4.5580401421
-7.7483148575 3.9330830574 4.3480849266
-7.5179114342 4.1967158318 4.7759165764
-7.6811227798 4.0970067978 4.5570282936
-7.7495784760 3.9159562588 4.3476576805
-7.7500000000 3.8987877369 4.3472294807
-7.5339393616 4.1905813217 4.7751479149
-7.6910142899 4.0830006599 4.5559787750
-7.5496444702 4.1836738586 4.7742824554
-7.7002048492 4.0685276985 4.5548939705
-7.5649890900 4.1760096550 4.7733221054
-7.7086725235 4.0536222458 4.5537772179
-7.5799360275 4.1676082611 4.7722692490
-7.7163963318 4.0383205414 4.5526304245
-7.5944495201 4.1584887505 4.7711262703
-7.7233576775 4.0226593018 4.5514564514
-7.4171738625 4.1850175858 4.9879317284
-7.6084947586 4.1486740112 4.7698965073
-7.7295403481 4.0066766739 4.5502591133
-7.4343061447 4.1837730408 4.9877119064
-7.6220378876 4.1381869316 4.7685818672
-7.7349290848 3.9904103279 4.5490398407
-7.4513559341 4.1817021370 4.9873471260
-7.6350455284 4.1270532608 4.7671866417
-7.7395110130 3.9739000797 4.5478024483
-7.4682817459 4.1788101196 4.9868369102
-7.6474876404 4.1152997017 4.7657141685
-7.7432746887 3.9571855068 4.5465502739
-7.4850430489 4.1751031876 4.9861831665
-7.6593327522 4.1029543877 4.7641668320
-7.7462120056 3.9403069019 4.5452852249
-7.5015997887 4.1705908775 4.9853878021
-7.6705536842 4.0900473595 4.7625494003
-7.7483148575 3.9233047962 4.5440111160
-7.5179114342 4.1652841568 4.9844517708
-7.6811227798 4.0766096115 4.7608656883
-7.7495784760 3.9062204361 4.5427308083
-7.7500000000 3.8890948296 4.5414471626
-7.5339393616 4.1591954231 4.9833784103
-7.6910142899 4.0626735687 4.7591190338
-7.5496444702 4.1523399353 4.9821696281
-7.7002048492 4.0482726097 4.7573142052
-7.5649890900 4.1447334290 4.9808282852
-7.7086725235 4.0334415436 4.7554559708
-7.5799360275 4.1363945007 4.9793577194
-7.7163963318 4.0182156563 4.7535476685
-7.5944495201 4.1273436546 4.9777622223
-7.7233576775 4.0026326180 4.7515950203
-7.4171738625 4.1430325508 5.1956200600
-7.6084947586 4.1176018715 4.9760441780
-7.7295403481 3.9867293835 4.7496018410
-7.4343061447 4.1418004036 5.1953387260
-7.6220378876 4.1071934700 4.9742088318
-7.7349290848 3.9705440998 4.7475738525
-7.4513559341 4.1397504807 5.1948709488
-7.6350455284 4.0961432457 4.9722604752
-7.7395110130 3.9541158676 4.7455148697
-7.4682817459 4.1368870735 5.1942176819
-7.6474876404 4.0844779015 4.9702033997
-7.7432746887 3.9374845028 4.7434306145
-7.4850430489 4.1332173347 5.1933798790
-7.6593327522 4.0722250938 4.9680433273
-7.7462120056 3.9206900597 4.7413263321
-7.5015997887 4.1287508011 5.1923604012
-7.6705536842 4.0594148636 4.9657845497
-7.7483148575 3.9037725925 4.7392063141
-7.5179114342 4.1234970093 5.1911611557
-7.6811227798 4.0460772514 4.9634327888
-7.7495784760 3.8867733479 4.7370758057
-7.7500000000 3.8697328568 4.7349405289
-7.5339393616 4.1174693108 5.1897854805
-7.6910142899 4.0322456360 4.9609937668
-7.5496444702 4.1106824875 5.1882362366
-7.7002048492 4.0179524422 4.9584736824
-7.5649890900 4.1031522751 5.1865177155
-7.7086725235 4.0032324791 4.9558777809
-7.5799360275 4.0948972702 5.1846337318
-7.7163963318 3.9881210327 4.9532132149
-7.5944495201 4.0859370232 5.1825885773
-7.7233576775 3.9726545811 4.9504861832
-7.4171738625 4.0907473564 5.4009575844
-7.6084947586 4.0762929916 5.1803874969
-7.7295403481 3.9568703175 4.9477028847
-7.4343061447 4.0895304680 5.4006156921
-7.6220378876 4.0659890175 5.1780352592
-7.7349290848 3.9408063889 4.9448704720
-7.4513559341 4.0875062943 5.4000458717
-7.6350455284 4.0550498962 5.1755385399
-7.7395110130 3.9245014191 4.9419956207
-7.4682817459 4.0846791267 5.3992505074
-7.6474876404 4.0435013771 5.1729025841
-7.7432746887 3.9079945087 4.9390850067
-7.4850430489 4.0810561180 5.3982310295
-7.6593327522 4.0313715935 5.1701340675
-7.7462120056 3.8913257122 4.9361457825
-7.5015997887 4.0766453743 5.3969902992
-7.6705536842 4.0186896324 5.1672396660
-7.7483148575 3.8745350838 4.9331851006
-7.5179114342 4.0714583397 5.3955307007
-7.6811227798 4.0054860115 5.1642260551
-7.7495784760 3.8576629162 4.9302101135
-7.7500000000 3.8407502174 4.9272279739
-7.7500000000 3.8022189140 5.1178317070
-7.5339393616 4.0655064583 5.3938560486
-7.6910142899 3.9917931557 5.1611008644
-7.5496444702 4.0588054657 5.3919706345
-7.7002048492 3.9776434898 5.1578712463
-7.5649890900 4.0513701439 5.3898787498
-7.7086725235 3.9630711079 5.1545453072
-7.5799360275 4.0432190895 5.3875856400
-7.7163963318 3.9481112957 5.1511306763
-7.5944495201 4.0343718529 5.3850960732
-7.7233576775 3.9327998161 5.1476359367
-7.4171738625 4.0282917023 5.6034340858
-7.6084947586 4.0248498917 5.3824172020
-7.7295403481 3.9171741009 5.1440691948
-7.4343061447 4.0270934105 5.6030316353
-7.6220378876 4.0146760941 5.3795547485
-7.7349290848 3.9012711048 5.1404395103
-7.4513559341 4.0251002312 5.6023616791
-7.6350455284 4.0038747787 5.3765158653
-7.7395110130 3.8851296902 5.1367554665
-7.4682817459 4.0223164558 5.6014266014
-7.6474876404 3.9924719334 5.3733072281
-7.7432746887 3.8687884808 5.1330256462
-7.4850430489 4.0187482834 5.6002278328
-7.6593327522 3.9804952145 5.3699378967
-7.7462120056 3.8522868156 5.1292595863
-7.5015997887 4.0144052505 5.5987682343
-7.6705536842 3.9679734707 5.3664145470
-7.7483148575 3.8356647491 5.1254653931
-7.5179114342 4.0092968941 5.5970520973
-7.6811227798 3.9549367428 5.3627467155
-7.7495784760 3.8189618587 5.1216530800
-7.5339393616 4.0034365654 5.5950832367
-7.6910142899 3.9414165020 5.3589425087
-7.5496444702 3.9968373775 5.5928659439
-7.7002048492 3.9274451733 5.3550119400
-7.5649890900 3.9895157814 5.5904059410
-7.7086725235 3.9130568504 5.3509635925
-7.5799360275 3.9814891815 5.5877094269
-7.7163963318 3.8982858658 5.3468074799
-7.5944495201 3.9727771282 5.5847821236
-7.7233576775 3.8831677437 5.3425540924
-7.4171738625 3.9558210373 5.8025455475
-7.6084947586 3.9634006023 5.5816316605
-7.7295403481 3.8677389622 5.3382129669
-7.4343061447 3.9546446800 5.8020834923
-7.6220378876 3.9533817768 5.5782656670
-7.7349290848 3.8520369530 5.3337950706
-7.4513559341 3.9526870251 5.8013153076
-7.6350455284 3.9427454472 5.5746917725
-7.7395110130 3.8360991478 5.3293108940
-7.4682817459 3.9499530792 5.8002424240
-7.6474876404 3.9315166473 5.5709195137
-7.7432746887 3.8199641705 5.3247714043
-7.4850430489 3.9464495182 5.7988672256
-7.6593327522 3.9197227955 5.5669569969
-7.7462120056 3.8036708832 5.3201870918
-7.5015997887 3.9421844482 5.7971935272
-7.6705536842 3.9073922634 5.5628137589
-7.7483148575 3.7872583866 5.3155694008
-7.5179114342 3.9371681213 5.7952246666
-7.6811227798 3.8945546150 5.5585007668
-7.7495784760 3.7707662582 5.3109292984
-7.7500000000 3.7542345524 5.3062777519
-7.7500000000 3.6969165802 5.4920978546
-7.5339393616 3.9314129353 5.7929658890
-7.6910142899 3.8812408447 5.5540275574
-7.5496444702 3.9249324799 5.7904224396
-7.7002048492 3.8674829006 5.5494050980
-7.5649890900 3.9177427292 5.7876005173
-7.7086725235 3.8533141613 5.5446448326
-7.5799360275 3.9098606110 5.7845072746
-7.7163963318 3.8387684822 5.5397577286
-7.5944495201 3.9013051987 5.7811493874
-7.7233576775 3.8238813877 5.5347557068
-7.4171738625 3.8735156059 5.9977970123
-7.6084947586 3.8920972347 5.7775354385
-7.7295403481 3.8086881638 5.5296511650
-7.4343061447 3.8723635674 5.9972772598
-7.6220378876 3.8822588921 5.7736744881
-7.7349290848 3.7932257652 5.5244560242
-7.4513559341 3.8704469204 5.9964122772
-7.6350455284 3.8718137741 5.7695751190
-7.7395110130 3.7775313854 5.5191831589
-7.4682817459 3.8677699566 5.9952044487
-7.6474876404 3.8607871532 5.7652473450
-7.7432746887 3.7616426945 5.5138444901
-7.4850430489 3.8643391132 5.9936561584
-7.6593327522 3.8492054939 5.7607016563
-7.7462120056 3.7455980778 5.5084538460
-7.5015997887 3.8601627350 5.9917716980
-7.6705536842 3.8370966911 5.7559494972
-7.7483148575 3.7294361591 5.5030241013
-7.5179114342 3.8552508354 5.9895553589
-7.6811227798 3.8244898319 5.7510018349
-7.7495784760 3.7131960392 5.4975676537
-7.5339393616 3.8496153355 5.9870123863
-7.6910142899 3.8114156723 5.7458705902
-7.5496444702 3.8432698250 5.9841494560
-7.7002048492 3.7979052067 5.7405681610
-7.5649890900 3.8362295628 5.9809727669
-7.7086725235 3.7839913368 5.7351074219
-7.5799360275 3.8285114765 5.9774899483
-7.7163963318 3.7697074413 5.7295012474
-7.5944495201 3.8201341629 5.9737100601
-7.7233576775 3.7550880909 5.7237634659
-7.4171738625 3.7815799713 6.1887030602
-7.6084947586 3.8111176491 5.9696416855
-7.7295403481 3.7401683331 5.7179079056
-7.4343061447 3.7804553509 6.1881265640
-7.6220378876 3.8014841080 5.9652948380
-7.7349290848 3.7249841690 5.7119483948
-7.4513559341 3.7785842419 6.1871671677
-7.6350455284 3.7912561893 5.9606800079
-7.7395110130 3.7095720768 5.7058997154
-7.4682817459 3.7759706974 6.1858272552
-7.6474876404 3.7804589272 5.9558081627
-7.7432746887 3.6939692497 5.6997761726
-7.4850430489 3.7726211548 6.1841101646
-7.6593327522 3.7691183090 5.9506907463
-7.7462120056 3.6782133579 5.6935925484
-7.5015997887 3.7685439587 6.1820197105
-7.6705536842 3.7572615147 5.9453411102
-7.7483148575 3.6623420715 5.6873631477
-7.5179114342 3.7637488842 6.1795616150
-7.6811227798 3.7449169159 5.9397706985
-7.7495784760 3.6463942528 5.6811041832
-7.7500000000 3.6304075718 5.6748299599
-7.5339393616 3.7582471371 6.1767406464
-7.6910142899 3.7321147919 5.9339942932
-7.5496444702 3.7520520687 6.1735649109
-7.7002048492 3.7188854218 5.9280252457
-7.5649890900 3.7451789379 6.1700410843
-7.7086725235 3.7052612305 5.9218773842
-7.5799360275 3.7376439571 6.1661782265
-7.7163963318 3.6912744045 5.9155664444
-7.5944495201 3.7294654846 6.1619853973
-7.7233576775 3.6769592762 5.9091072083
-7.4171738625 3.6802427769 6.3747892380
-7.6084947586 3.7206630707 6.1574726105
-7.7295403481 3.6623497009 5.9025149345
-7.4343061447 3.6791484356 6.3741574287
-7.6220378876 3.7112581730 6.1526508331
-7.7349290848 3.6474814415 5.8958063126
-7.4513559341 3.6773271561 6.3731060028
-7.6350455284 3.7012732029 6.1475319862
-7.7395110130 3.6323900223 5.8889966011
-7.4682817459 3.6747837067 6.3716373444
-7.6474876404 3.6907320023 6.1421279907
-7.7432746887 3.6171119213 5.8821029663
-7.4850430489 3.6715242863 6.3697552681
-7.6593327522 3.6796605587 6.1364517212
-7.7462120056 3.6016838551 5.8751416206
-7.5015997887 3.6675562859 6.3674645424
-7.6705536842 3.6680850983 6.1305174828
-7.7483148575 3.5861430168 5.8681292534
-7.5179114342 3.6628894806 6.3647704124
-7.6811227798 3.6560337543 6.1243391037
-7.7495784760 3.5705268383 5.8610830307
-7.7500000000 3.5548727512 5.8540196419
-7.7500000000 3.4704999924 6.0292215347
-7.5339393616 3.6575350761 6.3616790771
-7.6910142899 3.6435351372 6.1179313660
-7.5496444702 3.6515061855 6.3581981659
-7.7002048492 3.6306200027 6.1113104820
-7.5649890900 3.6448173523 6.3543362617
-7.7086725235 3.6173188686 6.1044912338
-7.5799360275 3.6374843121 6.3501024246
-7.7163963318 3.6036643982 6.0974907875
-7.5944495201 3.6295249462 6.3455071449
-7.7233576775 3.5896887779 6.0903258324
-7.4171738625 3.5697560310 6.5555930138
-7.6084947586 3.6209583282 6.3405613899
-7.7295403481 3.5754261017 6.0830140114
-7.4343061447 3.5686943531 6.5549073219
-7.6220378876 3.6118054390 6.3352766037
-7.7349290848 3.5609107018 6.0755724907
-7.4513559341 3.5669279099 6.5537662506
-7.6350455284 3.6020879745 6.3296666145
-7.7395110130 3.5461773872 6.0680189133
-7.4682817459 3.5644607544 6.5521731377
-7.6474876404 3.5918295383 6.3237438202
-7.7432746887 3.5312619209 6.0603723526
-7.4850430489 3.5612990856 6.5501308441
-7.6593327522 3.5810544491 6.3175230026
-7.7462120056 3.5162000656 6.0526504517
-7.5015997887 3.5574502945 6.5476450920
-7.6705536842 3.5697894096 6.3110189438
-7.7483148575 3.5010280609 6.0448722839
-7.5179114342 3.5529236794 6.5447211266
-7.6811227798 3.5580608845 6.3042473793
-7.7495784760 3.4857823849 6.0370564461
-7.5339393616 3.5477299690 6.5413670540
-7.6910142899 3.5458972454 6.2972249985
-7.5496444702 3.5418820381 6.5375900269
-7.7002048492 3.5333282948 6.2899680138
-7.5649890900 3.5353939533 6.5333995819
-7.7086725235 3.5203835964 6.2824945450
-7.5799360275 3.5282812119 6.5288057327
-7.7163963318 3.5070948601 6.2748222351
-7.5944495201 3.5205607414 6.5238189697
-7.7233576775 3.4934937954 6.2669696808
-7.4171738625 3.4503941536 6.7306647301
-7.6084947586 3.5122513771 6.5184526443
-7.7295403481 3.4796133041 6.2589559555
-7.4343061447 3.4493682384 6.7299265862
-7.6220378876 3.5033731461 6.5127182007
-7.7349290848 3.4654870033 6.2507996559
-7.4513559341 3.4476606846 6.7286992073
-7.6350455284 3.4939475060 6.5066304207
-7.7395110130 3.4511485100 6.2425217628
-7.4682817459 3.4452760220 6.7269849777
-7.6474876404 3.4839968681 6.5002036095
-7.7432746887 3.4366326332 6.2341408730
-7.4850430489 3.4422199726 6.7247877121
-7.6593327522 3.4735455513 6.4934535027
-7.7462120056 3.4219744205 6.2256779671
-7.5015997887 3.4384999275 6.7221131325
-7.6705536842 3.4626185894 6.4863963127
-7.7483148575 3.4072089195 6.2171530724
-7.5179114342 3.4341247082 6.7189674377
-7.6811227798 3.4512422085 6.4790482521
-7.7495784760 3.3923718929 6.2085866928
-7.7500000000 3.3774991035 6.1999998093
-7.5339393616 3.4291048050 6.7153582573
-7.6910142899 3.4394438267 6.4714283943
-7.5496444702 3.4234523773 6.7112946510
-7.7002048492 3.4272520542 6.4635539055
-7.5649890900 3.4171810150 6.7067856789
-7.7086725235 3.4146959782 6.4554443359
-7.5799360275 3.4103059769 6.7018432617
-7.7163963318 3.4018061161 6.4471192360
-7.5944495201 3.4028439522 6.6964778900
-7.7233576775 3.3886134624 6.4385986328
-7.4171738625 3.3224542141 6.8995690346
-7.6084947586 3.3948123455 6.6907038689
-7.7295403481 3.3751497269 6.4299030304
-7.4343061447 3.3214662075 6.8987808228
-7.6220378876 3.3862309456 6.6845340729
-7.7349290848 3.3614473343 6.4210529327
-7.4513559341 3.3198220730 6.8974695206
-7.6350455284 3.3771204948 6.6779842377
-7.7395110130 3.3475394249 6.4120702744
-7.4682817459 3.3175258636 6.8956384659
-7.6474876404 3.3675026894 6.6710696220
-7.7432746887 3.3334593773 6.4029765129
-7.4850430489 3.3145830631 6.8932919502
-7.6593327522 3.3574006557 6.6638069153
-7.7462120056 3.3192412853 6.3937931061
-7.5015997887 3.3110008240 6.8904352188
-7.6705536842 3.3468389511 6.6562132835
-7.7483148575 3.3049190044 6.3845429420
-7.5179114342 3.3067879677 6.8870754242
-7.6811227798 3.3358430862 6.6483078003
-7.7495784760 3.2905273438 6.3752479553
-7.7500000000 3.2761011124 6.3659305573
-7.5339393616 3.3019540310 6.8832206726
-7.6910142899 3.3244392872 6.6401090622
-7.5496444702 3.2965114117 6.8788800240
-7.7002048492 3.3126549721 6.6316366196
-7.5649890900 3.2904725075 6.8740644455
-7.7086725235 3.3005189896 6.6229114532
-7.5799360275 3.2838525772 6.8687849045
-7.7163963318 3.2880601883 6.6139540672
-7.5944495201 3.2766668797 6.8630547523
-7.7233576775 3.2753086090 6.6047863960
-7.4171738625 3.1862540245 7.0618858337
-7.6084947586 3.2689332962 6.8568873405
-7.7295403481 3.2622950077 6.5954303741
-7.4343061447 3.1853065491 7.0610494614
-7.6220378876 3.2606701851 6.8502974510
-7.7349290848 3.2490508556 6.5859084129
-7.4513559341 3.1837298870 7.0596580505
-7.6350455284 3.2518973351 6.8433017731
-7.7395110130 3.2356078625 6.5762438774
-7.4682817459 3.1815276146 7.0577149391
-7.6474876404 3.2426362038 6.8359160423
-7.7432746887 3.2219986916 6.5664591789
-7.4850430489 3.1787056923 7.0552244186
-7.6593327522 3.2329089642 6.8281588554
-7.7462120056 3.2082557678 6.5565786362
-7.5015997887 3.1752703190 7.0521926880
-7.6705536842 3.2227387428 6.8200483322
-7.7483148575 3.1944124699 6.5466260910
-7.5179114342 3.1712298393 7.0486268997
-7.6811227798 3.2121505737 6.8116044998
-7.7495784760 3.1805021763 6.5366253853
-7.7500000000 3.1665582657 6.5266003609
-7.5339393616 3.1665942669 7.0445361137
-7.6910142899 3.2011694908 6.8028473854
-7.5496444702 3.1613745689 7.0399298668
-7.7002048492 3.1898224354 6.7937984467
-7.5649890900 3.1555833817 7.0348191261
-7.7086725235 3.1781363487 6.7844791412
-7.5799360275 3.1492347717 7.0292162895
-7.7163963318 3.1661393642 6.7749118805
-7.5944495201 3.1423437595 7.0231347084
-7.7233576775 3.1538605690 6.7651200294
-7.4171738625 3.0421323776 7.2172122002
-7.6084947586 3.1349272728 7.0165896416
-7.7295403481 3.1413297653 6.7551269531
-7.4343061447 3.0412275791 7.2163295746
-7.6220378876 3.1270027161 7.0095963478
-7.7349290848 3.1285765171 6.7449564934
-7.4513559341 3.0397222042 7.2148613930
-7.6350455284 3.1185896397 7.0021715164
-7.7395110130 3.1156320572 6.7346339226
-7.4682817459 3.0376198292 7.2128105164
-7.6474876404 3.1097080708 6.9943337440
-7.7432746887 3.1025273800 6.7241830826
-7.4850430489 3.0349252224 7.2101826668
-7.6593327522 3.1003794670 6.9861011505
-7.7462120056 3.0892941952 6.7136301994
-7.5015997887 3.0316452980 7.2069835663
-7.6705536842 3.0906262398 6.9774937630
-7.7483148575 3.0759642124 6.7029995918
-7.5179114342 3.0277876854 7.2032208443
-7.6811227798 3.0804722309 6.9685325623
-7.7495784760 3.0625696182 6.6923179626
-7.7500000000 3.0491428375 6.6816101074
-7.7500000000 2.9241466522 6.8305749893
-7.5339393616 3.0233619213 7.1989040375
-7.6910142899 3.0699412823 6.9592394829
-7.5496444702 3.0183782578 7.1940431595
-7.7002048492 3.0590593815 6.9496359825
-7.5649890900 3.0128490925 7.1886501312
-7.7086725235 3.0478522778 6.9397454262
-7.5799360275 3.0067875385 7.1827378273
-7.7163963318 3.0363471508 6.9295921326
-7.5944495201 3.0002081394 7.1763205528
-7.7233576775 3.0245718956 6.9192004204
-7.4171738625 2.8904473782 7.3651614189
-7.6084947586 2.9931271076 7.1694135666
-7.7295403481 3.0125544071 6.9085950851
-7.4343061447 2.8895878792 7.3642349243
-7.6220378876 2.9855611324 7.1620340347
-7.7349290848 3.0003242493 6.8978018761
-7.4513559341 2.8881576061 7.3626933098
-7.6350455284 2.9775285721 7.1541996002
-7.7395110130 2.9879102707 6.8868465424
-7.4682817459 2.8861598969 7.3605403900
-7.6474876404 2.9690487385 7.1459283829
-7.7432746887 2.9753429890 6.8757557869
-7.4850430489 2.8835997581 7.3577814102
-7.6593327522 2.9601421356 7.1372408867
-7.7462120056 2.9626522064 6.8645563126
-7.5015997887 2.8804833889 7.3544225693
-7.6705536842 2.9508302212 7.1281585693
-7.7483148575 2.9498686790 6.8532743454
-7.5179114342 2.8768181801 7.3504724503
-7.6811227798 2.9411351681 7.1187024117
-7.7495784760 2.9370231628 6.8419384956
-7.5339393616 2.8726129532 7.3459405899
-7.6910142899 2.9310808182 7.1088953018
-7.5496444702 2.8678777218 7.3408370018
-7.7002048492 2.9206910133 7.0987615585
-7.5649890900 2.8626241684 7.3351750374
-7.7086725235 2.9099907875 7.0883250237
-7.5799360275 2.8568649292 7.3289680481
-7.7163963318 2.8990061283 7.0776109695
-7.5944495201 2.8506138325 7.3222308159
-7.7233576775 2.8877632618 7.0666446686
-7.4171738625 2.7315764427 7.5053658485
-7.6084947586 2.8438856602 7.3149795532
-7.7295403481 2.8762896061 7.0554537773
-7.4343061447 2.7307639122 7.5043978691
-7.6220378876 2.8366968632 7.3072323799
-7.7349290848 2.8646125793 7.0440640450
-7.4513559341 2.7294123173 7.5027871132
-7.6350455284 2.8290648460 7.2990069389
-7.7395110130 2.8527603149 7.0325036049
-7.4682817459 2.7275245190 7.5005369186
-7.6474876404 2.8210077286 7.2903232574
-7.7432746887 2.8407611847 7.0208001137
-7.4850430489 2.7251050472 7.4976539612
-7.6593327522 2.8125452995 7.2812027931
-7.7462120056 2.8286445141 7.0089821815
-7.5015997887 2.7221598625 7.4941439629
-7.6705536842 2.8036975861 7.2716674805
-7.7483148575 2.8164391518 6.9970774651
-7.5179114342 2.7186961174 7.4900159836
-7.6811227798 2.7944860458 7.2617397308
-7.7495784760 2.8041749001 6.9851150513
-7.7500000000 2.7918806076 6.9731235504
-7.5339393616 2.7147221565 7.4852800369
-7.6910142899 2.7849330902 7.2514438629
-7.5496444702 2.7102472782 7.4799470901
-7.7002048492 2.7750611305 7.2408046722
-7.5649890900 2.7052824497 7.4740300179
-7.7086725235 2.7648944855 7.2298479080
-7.5799360275 2.6998398304 7.4675436020
-7.7163963318 2.7544577122 7.2185993195
-7.5944495201 2.6939320564 7.4605031013
-7.7233576775 2.7437753677 7.2070865631
-7.4171738625 2.5659141541 7.6374769211
-7.6084947586 2.6875739098 7.4529256821
-7.7295403481 2.7328739166 7.1953372955
-7.4343061447 2.5651512146 7.6364698410
-7.6220378876 2.6807801723 7.4448294640
-7.7349290848 2.7217788696 7.1833801270
-7.4513559341 2.5638813972 7.6347932816
-7.6350455284 2.6735675335 7.4362339973
-7.7395110130 2.7105176449 7.1712431908
-7.4682817459 2.5621080399 7.6324524879
-7.6474876404 2.6659533978 7.4271597862
-7.7432746887 2.6991169453 7.1589560509
-7.4850430489 2.5598354340 7.6294517517
-7.6593327522 2.6579561234 7.4176287651
-7.7462120056 2.6876044273 7.1465487480
-7.5015997887 2.5570688248 7.6257996559
-7.6705536842 2.6495947838 7.4076638222
-7.7483148575 2.6760077477 7.1340503693
-7.5179114342 2.5538151264 7.6215043068
-7.6811227798 2.6408894062 7.3972897530
-7.7495784760 2.6643548012 7.1214914322
-7.7500000000 2.6526737213 7.1089024544
-7.7500000000 2.5068717003 7.2375731468
-7.5339393616 2.5500822067 7.6165757179
-7.6910142899 2.6318614483 7.3865303993
-7.5496444702 2.5458786488 7.6110262871
-7.7002048492 2.6225323677 7.3754124641
-7.5649890900 2.5412149429 7.6048698425
-7.7086725235 2.6129245758 7.3639621735
-7.5799360275 2.5361022949 7.5981197357
-7.7163963318 2.6030611992 7.3522076607
-7.5944495201 2.5305528641 7.5907936096
-7.7233576775 2.5929660797 7.3401765823
-7.4171738625 2.3938727379 7.7611665726
-7.6084947586 2.5245802402 7.5829086304
-7.7295403481 2.5826637745 7.3278985023
-7.4343061447 2.3931608200 7.7601222992
-7.6220378876 2.5181987286 7.5744838715
-7.7349290848 2.5721786022 7.3154029846
-7.4513559341 2.3919763565 7.7583847046
-7.6350455284 2.5114235878 7.5655393600
-7.7395110130 2.5615363121 7.3027200699
-7.4682817459 2.3903217316 7.7559580803
-7.6474876404 2.5042712688 7.5560970306
-7.7432746887 2.5507621765 7.2898802757
-7.4850430489 2.3882014751 7.7528481483
-7.6593327522 2.4967586994 7.5461792946
-7.7462120056 2.5398824215 7.2769141197
-7.5015997887 2.3856205940 7.7490625381
-7.6705536842 2.4889044762 7.5358099937
-7.7483148575 2.5289230347 7.2638530731
-7.5179114342 2.3825850487 7.7446103096
-7.6811227798 2.4807271957 7.5250148773
-7.7495784760 2.5179107189 7.2507290840
-7.5339393616 2.3791022301 7.7395019531
-7.6910142899 2.4722466469 7.5138187408
-7.5496444702 2.3751804829 7.7337498665
-7.7002048492 2.4634833336 7.5022497177
-7.5649890900 2.3708295822 7.7273683548
-7.7086725235 2.4544582367 7.4903349876
-7.5799360275 2.3660597801 7.7203722000
-7.7163963318 2.4451930523 7.4781031609
-7.5944495201 2.3608825207 7.7127785683
-7.7233576775 2.4357101917 7.4655842781
-7.4171738625 2.2158796787 7.8761262894
-7.6084947586 2.3553102016 7.7046055794
-7.7295403481 2.4260325432 7.4528079033
-7.4343061447 2.2152209282 7.8750481606
-7.6220378876 2.3493564129 7.6958732605
-7.7349290848 2.4161834717 7.4398050308
-7.4513559341 2.2141242027 7.8732538223
-7.6350455284 2.3430356979 7.6866021156
-7.7395110130 2.4061865807 7.4266071320
-7.4682817459 2.2125928402 7.8707475662
-7.6474876404 2.3363628387 7.6768150330
-7.7432746887 2.3960659504 7.4132461548
-7.4850430489 2.2106301785 7.8675360680
-7.6593327522 2.3293540478 7.6665349007
-7.7462120056 2.3858458996 7.3997540474
-7.5015997887 2.2082412243 7.8636264801
-7.6705536842 2.3220264912 7.6557874680
-7.7483148575 2.3755512238 7.3861632347
-7.5179114342 2.2054312229 7.8590283394
-7.6811227798 2.3143975735 7.6445975304
-7.7495784760 2.3652067184 7.3725066185
-7.7500000000 2.3548371792 7.3588166237
-7.7500000000 2.1969482899 7.4723310471
-7.5339393616 2.2022075653 7.8537526131
-7.6910142899 2.3064856529 7.6329932213
-7.5496444702 2.1985774040 7.8478126526
-7.7002048492 2.2983098030 7.6210012436
-7.5649890900 2.1945500374 7.8412218094
-7.7086725235 2.2898898125 7.6086516380
-7.5799360275 2.1901347637 7.8339967728
-7.7163963318 2.2812459469 7.5959730148
-7.5944495201 2.1853423119 7.8261542320
-7.7233576775 2.2723989487 7.5829968452
-7.4171738625 2.0323777199 7.9820713997
-7.6084947586 2.1801846027 7.8177137375
-7.7295403481 2.2633700371 7.5697541237
-7.4343061447 2.0317733288 7.9809617996
-7.6220378876 2.1746735573 7.8086953163
-7.7349290848 2.2541813850 7.5562767982
-7.4513559341 2.0307676792 7.9791150093
-7.6350455284 2.1688225269 7.7991209030
-7.7395110130 2.2448546886 7.5425972939
-7.4682817459 2.0293631554 7.9765353203
-7.6474876404 2.1626458168 7.7890133858
-7.7432746887 2.2354125977 7.5287480354
-7.4850430489 2.0275628567 7.9732298851
-7.6593327522 2.1561584473 7.7783966064
-7.7462120056 2.2258780003 7.5147633553
-7.5015997887 2.0253717899 7.9692063332
-7.6705536842 2.1493754387 7.7672972679
-7.7483148575 2.2162735462 7.5006761551
-7.5179114342 2.0227944851 7.9644737244
-7.6811227798 2.1423137188 7.7557411194
-7.7495784760 2.2066226006 7.4865207672
-7.5339393616 2.0198376179 7.9590439796
-7.6910142899 2.1349902153 7.7437562943
-7.5496444702 2.0165083408 7.9529299736
-7.7002048492 2.1274223328 7.7313723564
-7.5649890900 2.0128142834 7.9461469650
-7.7086725235 2.1196281910 7.7186179161
-7.5799360275 2.0087647438 7.9387106895
-7.7163963318 2.1116271019 7.7055244446
-7.5944495201 2.0043692589 7.9306392670
-7.7233576775 2.1034379005 7.6921234131
-7.4171738625 1.8438229561 8.0787382126
-7.6084947586 1.9996385574 7.9219522476
-7.7295403481 2.0950803757 7.6784472466
-7.4343061447 1.8432745934 8.0775995255
-7.6220378876 1.9945838451 7.9126701355
-7.7349290848 2.0865750313 7.6645283699
-7.4513559341 1.8423622847 8.0757045746
-7.6350455284 1.9892175198 7.9028158188
-7.7395110130 2.0779416561 7.6504011154
-7.4682817459 1.8410879374 8.0730581284
-7.6474876404 1.9835523367 7.8924126625
-7.7432746887 2.0692017078 7.6360983849
-7.4850430489 1.8394548893 8.0696678162
-7.6593327522 1.9776020050 7.8814864159
-7.7462120056 2.0603759289 7.6216559410
-7.5015997887 1.8374668360 8.0655393600
-7.6705536842 1.9713809490 7.8700623512
-7.7483148575 2.0514855385 7.6071076393
-7.5179114342 1.8351287842 8.0606842041
-7.6811227798 1.9649039507 7.8581686020
-7.7495784760 2.0425522327 7.5924887657
-7.7500000000 2.0335972309 7.5778346062
-7.5339393616 1.8324463367 8.0551137924
-7.6910142899 1.9581867456 7.8458337784
-7.5496444702 1.8294258118 8.0488414764
-7.7002048492 1.9512455463 7.8330879211
-7.5649890900 1.8260744810 8.0418825150
-7.7086725235 1.9440970421 7.8199610710
-7.5799360275 1.8224006891 8.0342540741
-7.7163963318 1.9367585182 7.8064851761
-7.5944495201 1.8184130192 8.0259733200
-7.7233576775 1.9292474985 7.7926926613
-7.4171738625 1.6506841183 8.1658849716
-7.6084947586 1.8141211271 8.0170612335
-7.7295403481 1.9215821028 7.7786164284
-7.4343061447 1.6501932144 8.1647205353
-7.6220378876 1.8095353842 8.0075387955
-7.7349290848 1.9137809277 7.7642912865
-7.4513559341 1.6493763924 8.1627826691
-7.6350455284 1.8046668768 7.9974293709
-7.7395110130 1.9058626890 7.7497506142
-7.4682817459 1.6482355595 8.1600770950
-7.6474876404 1.7995272875 7.9867568016
-7.7432746887 1.8978464603 7.7350306511
-7.4850430489 1.6467735767 8.1566085815
-7.6593327522 1.7941290140 7.9755473137
-7.7462120056 1.8897515535 7.7201657295
-7.5015997887 1.6449937820 8.1523866653
-7.6705536842 1.7884850502 7.9638276100
-7.7483148575 1.8815975189 7.7051925659
-7.5179114342 1.6429007053 8.1474208832
-7.6811227798 1.7826091051 7.9516258240
-7.7495784760 1.8734039068 7.6901464462
-7.7500000000 1.8651905060 7.6750640869
-7.7500000000 1.6921465397 7.7637786865
-7.5339393616 1.6404991150 8.1417236328
-7.6910142899 1.7765151262 7.9389715195
-7.5496444702 1.6377949715 8.1353092194
-7.7002048492 1.7702178955 7.9258952141
-7.5649890900 1.6347948313 8.1281919479
-7.7086725235 1.7637325525 7.9124283791
-7.5799360275 1.6315057278 8.1203889847
-7.7163963318 1.7570748329 7.8986034393
-7.5944495201 1.6279357672 8.1119203568
-7.7233576775 1.7502605915 7.8844537735
-7.4171738625 1.4534413815 8.2432975769
-7.6084947586 1.6240935326 8.1028051376
-7.7295403481 1.7433063984 7.8700132370
-7.4343061447 1.4530091286 8.2421102524
-7.6220378876 1.6199882030 8.0930662155
-7.7349290848 1.7362290621 7.8553166389
-7.4513559341 1.4522899389 8.2401342392
-7.6350455284 1.6156296730 8.0827264786
-7.7395110130 1.7290453911 7.8403997421
-7.4682817459 1.4512854815 8.2373743057
-7.6474876404 1.6110284328 8.0718107224
-7.7432746887 1.7217729092 7.8252983093
-7.4850430489 1.4499981403 8.2338371277
-7.6593327522 1.6061955690 8.0603466034
-7.7462120056 1.7144290209 7.8100485802
-7.5015997887 1.4484310150 8.2295312881
-7.6705536842 1.6011428833 8.0483598709
-7.7483148575 1.7070313692 7.7946872711
-7.5179114342 1.4465880394 8.2244682312
-7.6811227798 1.5958822966 8.0358800888
-7.7495784760 1.6995979548 7.7792515755
-7.5339393616 1.4444735050 8.2186584473
-7.6910142899 1.5904266834 8.0229377747
-7.5496444702 1.4420924187 8.2121162415
-7.7002048492 1.5847890377 8.0095643997
-7.5649890900 1.4394507408 8.2048587799
-7.7086725235 1.5789830685 7.9957904816
-7.5799360275 1.4365546703 8.1969013214
-7.7163963318 1.5730227232 7.9816508293
-7.5944495201 1.4334113598 8.1882648468
-7.7233576775 1.5669223070 7.9671788216
-7.4171738625 1.2525851727 8.3107814789
-7.6084947586 1.4300282001 8.1789703369
-7.7295403481 1.5606966019 7.9524097443
-7.4343061447 1.2522127628 8.3095741272
-7.6220378876 1.4264134169 8.1690387726
-7.7349290848 1.5543605089 7.9373788834
-7.4513559341 1.2515928745 8.3075647354
-7.6350455284 1.4225755930 8.1584939957
-7.7395110130 1.5479294062 7.9221224785
-7.4682817459 1.2507271767 8.3047580719
-7.6474876404 1.4185242653 8.1473636627
-7.7432746887 1.5414186716 7.9066772461
-7.4850430489 1.2496178150 8.3011617661
-7.6593327522 1.4142688513 8.1356716156
-7.7462120056 1.5348440409 7.8910803795
-7.5015997887 1.2482672930 8.2967834473
-7.6705536842 1.4098199606 8.1234483719
-7.7483148575 1.5282213688 7.8753695488
-7.5179114342 1.2466789484 8.2916336060
-7.6811227798 1.4051879644 8.1107225418
-7.7495784760 1.5215665102 7.8595824242
-7.7500000000 1.5148956776 7.8437571526
-7.7500000000 1.3338785172 7.9148011208
-7.5339393616 1.2448565960 8.2857255936
-7.6910142899 1.4003841877 8.0975236893
-7.5496444702 1.2428046465 8.2790737152
-7.7002048492 1.3954203129 8.0838861465
-7.5649890900 1.2405279875 8.2716932297
-7.7086725235 1.3903080225 8.0698404312
-7.5799360275 1.2380321026 8.2636013031
-7.7163963318 1.3850599527 8.0554208755
-7.5944495201 1.2353231907 8.2548189163
-7.7233576775 1.3796885014 8.0406627655
-7.4171738625 1.0486148596 8.3681697845
-7.6084947586 1.2324075699 8.2453670502
-7.7295403481 1.3742066622 8.0256013870
-7.4343061447 1.0483031273 8.3669452667
-7.6220378876 1.2292922735 8.2352676392
-7.7349290848 1.3686276674 8.0102739334
-7.4513559341 1.0477842093 8.3649072647
-7.6350455284 1.2259849310 8.2245454788
-7.7395110130 1.3629649878 7.9947156906
-7.4682817459 1.0470594168 8.3620615005
-7.6474876404 1.2224934101 8.2132263184
-7.7432746887 1.3572322130 7.9789648056
-7.4850430489 1.0461306572 8.3584136963
-7.6593327522 1.2188260555 8.2013368607
-7.7462120056 1.3514432907 7.9630599022
-7.5015997887 1.0450000763 8.3539733887
-7.6705536842 1.2149919271 8.1889066696
-7.7483148575 1.3456119299 7.9470381737
-7.5179114342 1.0436704159 8.3487520218
-7.6811227798 1.2110000849 8.1759662628
-7.7495784760 1.3397523165 7.9309391975
-7.5339393616 1.0421447754 8.3427600861
-7.6910142899 1.2068601847 8.1625442505
-7.5496444702 1.0404269695 8.3360137939
-7.7002048492 1.2025822401 8.1486759186
-7.5649890900 1.0385210514 8.3285284042
-7.7086725235 1.1981765032 8.1343927383
-7.5799360275 1.0364316702 8.3203229904
-7.7163963318 1.1936535835 8.1197299957
-7.5944495201 1.0341638327 8.3114166260
-7.7233576775 1.1890244484 8.1047229767
-7.4171738625 0.8420375586 8.4153194427
-7.6084947586 1.0317229033 8.3018312454
-7.7295403481 1.1843001842 8.0894069672
-7.4343061447 0.8417871594 8.4140815735
-7.6220378876 1.0291149616 8.2915887833
-7.7349290848 1.1794922352 8.0738201141
-7.4513559341 0.8413704634 8.4120197296
-7.6350455284 1.0263462067 8.2807149887
-7.7395110130 1.1746120453 8.0579986572
-7.4682817459 0.8407885432 8.4091415405
-7.6474876404 1.0234231949 8.2692356110
-7.7432746887 1.1696715355 8.0419816971
-7.4850430489 0.8400427699 8.4054517746
-7.6593327522 1.0203530788 8.2571792603
-7.7462120056 1.1646825075 8.0258083344
-7.5015997887 0.8391348720 8.4009609222
-7.6705536842 1.0171432495 8.2445726395
-7.7483148575 1.1596570015 8.0095157623
-7.5179114342 0.8380671144 8.3956794739
-7.6811227798 1.0138014555 8.2314491272
-7.7495784760 1.1546071768 7.9931445122
-7.7500000000 1.1495451927 7.9767341614
-7.5339393616 0.8368420601 8.3896188736
-7.6910142899 1.0103356838 8.2178382874
-7.5496444702 0.8354626298 8.3827953339
-7.7002048492 1.0067543983 8.2037734985
-7.5649890900 0.8339322209 8.3752250671
-7.7086725235 1.0030660629 8.1892881393
-7.5799360275 0.8322544098 8.3669252396
-7.7163963318 0.9992796779 8.1744184494
-7.5944495201 0.8304333091 8.3579168320
-7.7233576775 0.9954043627 8.1591987610
-7.4171738625 0.6333668232 8.4521141052
-7.6084947586 0.8284733295 8.3482217789
-7.7295403481 0.9914493561 8.1436662674
-7.4343061447 0.6331784725 8.4508647919
-7.6220378876 0.8263791203 8.3378620148
-7.7349290848 0.9874243140 8.1278591156
-7.4513559341 0.6328650117 8.4487848282
-7.6350455284 0.8241557479 8.3268632889
-7.7395110130 0.9833388329 8.1118144989
-7.4682817459 0.6324272752 8.4458808899
-7.6474876404 0.8218086362 8.3152532578
-7.7432746887 0.9792028666 8.0955715179
-7.4850430489 0.6318663359 8.4421586990
-7.6593327522 0.8193433285 8.3030576706
-7.7462120056 0.9750262499 8.0791692734
-7.5015997887 0.6311834455 8.4376287460
-7.6705536842 0.8167658448 8.2903079987
-7.7483148575 0.9708191156 8.0626468658
-7.5179114342 0.6303802729 8.4322996140
-7.6811227798 0.8140823841 8.2770338058
-7.7495784760 0.9665915966 8.0460443497
-7.7500000000 0.9623538256 8.0294017792
-7.7500000000 0.7727699876 8.0726728439
-7.5339393616 0.6294588447 8.4261865616
-7.6910142899 0.8112993836 8.2632665634
-7.5496444702 0.6284212470 8.4193029404
-7.7002048492 0.8084235787 8.2490406036
-7.5649890900 0.6272701025 8.4116649628
-7.7086725235 0.8054618835 8.2343902588
-7.5799360275 0.6260080934 8.4032926559
-7.7163963318 0.8024213910 8.2193498611
-7.5944495201 0.6246382594 8.3942041397
-7.7233576775 0.7993094921 8.2039566040
-7.4171738625 0.4231213629 8.4784612656
-7.6084947586 0.6231639981 8.3844232559
-7.7295403481 0.7961336374 8.1882467270
-7.4343061447 0.4229955375 8.4772033691
-7.6220378876 0.6215887666 8.3739719391
-7.7349290848 0.7929015160 8.1722574234
-7.4513559341 0.4227861762 8.4751110077
-7.6350455284 0.6199163795 8.3628768921
-7.7395110130 0.7896209359 8.1560297012
-7.4682817459 0.4224937260 8.4721889496
-7.6474876404 0.6181508899 8.3511629105
-7.7432746887 0.7862997055 8.1396007538
-7.4850430489 0.4221189618 8.4684438705
-7.6593327522 0.6162965894 8.3388605118
-7.7462120056 0.7829458714 8.1230096817
-7.5015997887 0.4216627777 8.4638843536
-7.6705536842 0.6143578291 8.3259983063
-7.7483148575 0.7795675397 8.1062984467
-7.5179114342 0.4211262465 8.4585227966
-7.6811227798 0.6123393774 8.3126058578
-7.7495784760 0.7761728764 8.0895061493
-7.5339393616 0.4205106497 8.4523706436
-7.6910142899 0.6102460623 8.2987174988
-7.5496444702 0.4198175073 8.4454441071
-7.7002048492 0.6080828905 8.2843666077
-7.5649890900 0.4190484583 8.4377584457
-7.7086725235 0.6058551669 8.2695865631
-7.5799360275 0.4182053804 8.4293336868
-7.7163963318 0.6035681367 8.2544126511
-7.5944495201 0.4172902703 8.4201879501
-7.7233576775 0.6012274623 8.2388830185
-7.4171738625 0.2118239999 8.4942960739
-7.6084947586 0.4163053632 8.4103460312
-7.7295403481 0.5988386273 8.2230348587
-7.4343061447 0.2117610127 8.4930334091
-7.6220378876 0.4152530432 8.3998289108
-7.7349290848 0.5964074731 8.2069053650
-7.4513559341 0.2116561830 8.4909334183
-7.6350455284 0.4141358137 8.3886642456
-7.7395110130 0.5939398408 8.1905336380
-7.4682817459 0.2115097940 8.4879999161
-7.6474876404 0.4129563868 8.3768777847
-7.7432746887 0.5914416909 8.1739587784
-7.4850430489 0.2113221735 8.4842405319
-7.6593327522 0.4117175937 8.3644981384
-7.7462120056 0.5889189839 8.1572227478
-7.5015997887 0.2110937983 8.4796648026
-7.6705536842 0.4104224145 8.3515539169
-7.7483148575 0.5863778591 8.1403627396
-7.5179114342 0.2108251899 8.4742832184
-7.6811227798 0.4090739787 8.3380784988
-7.7495784760 0.5838244557 8.1234216690
-7.7500000000 0.5812648535 8.1064405441
-7.5339393616 0.2105170190 8.4681081772
-7.6910142899 0.4076755345 8.3241033554
-7.5496444702 0.2101700008 8.4611549377
-7.7002048492 0.4062304497 8.3096618652
-7.5649890900 0.2097849995 8.4534406662
-7.7086725235 0.4047421813 8.2947893143
-7.5799360275 0.2093629390 8.4449834824
-7.7163963318 0.4032143652 8.2795209885
-7.5944495201 0.2089048177 8.4358043671
-7.7233576775 0.4016506374 8.2638940811
-7.4171738625 -0.0000000000 8.4995784760
-7.6084947586 0.2084117681 8.4259252548
-7.7295403481 0.4000547826 8.2479457855
-7.4343061447 -0.0000000000 8.4983148575
-7.6220378876 0.2078849375 8.4153690338
-7.7349290848 0.3984306455 8.2317152023
-7.4513559341 -0.0000000000 8.4962120056
-7.6350455284 0.2073256373 8.4041624069
-7.7395110130 0.3967821598 8.2152404785
-7.4682817459 -0.0000000000 8.4932746887
-7.6474876404 0.2067351788 8.3923320770
-7.7432746887 0.3951132596 8.1985626221
-7.4850430489 -0.0000000000 8.4895105362
-7.6593327522 0.2061150074 8.3799057007
-7.7462120056 0.3934279680 8.1817207336
-7.5015997887 -0.0000000000 8.4849290848
-7.6705536842 0.2054666132 8.3669137955
-7.7483148575 0.3917303681 8.1647558212
-7.5179114342 -0.0000000000 8.4795408249
-7.6811227798 0.2047915608 8.3533878326
-7.7495784760 0.3900245428 8.1477079391
-7.7500000000 0.3883146048 8.1306200027
-7.7500000000 0.1943989545 8.1451520920
-7.5339393616 -0.0000000000 8.4733581543
-7.6910142899 0.2040914595 8.3393602371
-7.5496444702 -0.0000000000 8.4663963318
-7.7002048492 0.2033680230 8.3248643875
-7.5649890900 -0.0000000000 8.4586725235
-7.7086725235 0.2026229650 8.3099355698
-7.5799360275 -0.0000000000 8.4502048492
-7.7163963318 0.2018581033 8.2946100235
-7.5944495201 -0.0000000000 8.4410142899
-7.7233576775 0.2010752708 8.2789249420
-7.4171738625 -0.2118239999 8.4942960739
-7.6084947586 -0.0000000000 8.4311227798
-7.7295403481 0.2002763599 8.2629165649
-7.4343061447 -0.2117610127 8.4930334091
-7.6220378876 -0.0000000000 8.4205532074
-7.7349290848 0.1994632781 8.2466249466
-7.4513559341 -0.2116561830 8.4909334183
-7.6350455284 -0.0000000000 8.4093332291
-7.7395110130 0.1986380070 8.2300891876
-7.4682817459 -0.2115097940 8.4879999161
-7.6474876404 -0.0000000000 8.3974876404
-7.7432746887 0.1978025138 8.2133483887
-7.4850430489 -0.2113221735 8.4842405319
-7.6593327522 -0.0000000000 8.3850460052
-7.7462120056 0.1969588250 8.1964435577
-7.5015997887 -0.2110937983 8.4796648026
-7.6705536842 -0.0000000000 8.3720378876
-7.7483148575 0.1961089671 8.1794157028
-7.5179114342 -0.2108251899 8.4742832184
-7.6811227798 -0.0000000000 8.3584947586
-7.7495784760 0.1952549964 8.1623039246
-7.5339393616 -0.2105170190 8.4681081772
-7.6910142899 -0.0000000000 8.3444499969
-7.5496444702 -0.2101700008 8.4611549377
-7.7002048492 -0.0000000000 8.3299360275
-7.5649890900 -0.2097849995 8.4534406662
-7.7086725235 -0.0000000000 8.3149890900
-7.5799360275 -0.2093629390 8.4449834824
-7.7163963318 -0.0000000000 8.2996444702
-7.5944495201 -0.2089048177 8.4358043671
-7.7233576775 -0.0000000000 8.2839393616
-7.4171738625 -0.4231213629 8.4784612656
-7.6084947586 -0.2084117681 8.4259252548
-7.7295403481 -0.0000000000 8.2679119110
-7.4343061447 -0.4229955375 8.4772033691
-7.6220378876 -0.2078849375 8.4153690338
-7.7349290848 -0.0000000000 8.2515993118
-7.4513559341 -0.4227861762 8.4751110077
-7.6350455284 -0.2073256373 8.4041624069
-7.7395110130 -0.0000000000 8.2350435257
-7.4682817459 -0.4224937260 8.4721889496
-7.6474876404 -0.2067351788 8.3923320770
-7.7432746887 -0.0000000000 8.2182817459
-7.4850430489 -0.4221189618 8.4684438705
-7.6593327522 -0.2061150074 8.3799057007
-7.7462120056 -0.0000000000 8.2013559341
-7.5015997887 -0.4216627777 8.4638843536
-7.6705536842 -0.2054666132 8.3669137955
-7.7483148575 -0.0000000000 8.1843061447
-7.5179114342 -0.4211262465 8.4585227966
-7.6811227798 -0.2047915608 8.3533878326
-7.7495784760 -0.0000000000 8.1671733856
-7.7500000000 -0.0000000000 8.1499996185
-7.7500000000 -0.1943989545 8.1451520920
-7.5339393616 -0.4205106497 8.4523706436
-7.6910142899 -0.2040914595 8.3393602371
-7.5496444702 -0.4198175073 8.4454441071
-7.7002048492 -0.2033680230 8.3248643875
-7.5649890900 -0.4190484583 8.4377584457
-7.7086725235 -0.2026229650 8.3099355698
-7.5799360275 -0.4182053804 8.4293336868
-7.7163963318 -0.2018581033 8.2946100235
-7.5944495201 -0.4172902703 8.4201879501
-7.7233576775 -0.2010752708 8.2789249420
-7.4171738625 -0.6333668232 8.4521141052
-7.6084947586 -0.4163053632 8.4103460312
-7.7295403481 -0.2002763599 8.2629165649
-7.4343061447 -0.6331784725 8.4508647919
-7.6220378876 -0.4152530432 8.3998289108
-7.7349290848 -0.1994632781 8.2466249466
-7.4513559341 -0.6328650117 8.4487848282
-7.6350455284 -0.4141358137 8.3886642456
-7.7395110130 -0.1986380070 8.2300891876
-7.4682817459 -0.6324272752 8.4458808899
-7.6474876404 -0.4129563868 8.3768777847
-7.7432746887 -0.1978025138 8.2133483887
-7.4850430489 -0.6318663359 8.4421586990
-7.6593327522 -0.4117175937 8.3644981384
-7.7462120056 -0.1969588250 8.1964435577
-7.5015997887 -0.6311834455 8.4376287460
-7.6705536842 -0.4104224145 8.3515539169
-7.7483148575 -0.1961089671 8.1794157028
-7.5179114342 -0.6303802729 8.4322996140
-7.6811227798 -0.4090739787 8.3380784988
-7.7495784760 -0.1952549964 8.1623039246
-7.5339393616 -0.6294588447 8.4261865616
-7.6910142899 -0.4076755345 8.3241033554
-7.5496444702 -0.6284212470 8.4193029404
-7.7002048492 -0.4062304497 8.3096618652
-7.5649890900 -0.6272701025 8.4116649628
-7.7086725235 -0.4047421813 8.2947893143
-7.5799360275 -0.6260080934 8.4032926559
-7.7163963318 -0.4032143652 8.2795209885
-7.5944495201 -0.6246382594 8.3942041397
-7.7233576775 -0.4016506374 8.2638940811
-7.4171738625 -0.8420375586 8.4153194427
-7.6084947586 -0.6231639981 8.3844232559
-7.7295403481 -0.4000547826 8.2479457855
-7.4343061447 -0.8417871594 8.4140815735
-7.6220378876 -0.6215887666 8.3739719391
-7.7349290848 -0.3984306455 8.2317152023
-7.4513559341 -0.8413704634 8.4120197296
-7.6350455284 -0.6199163795 8.3628768921
-7.7395110130 -0.3967821598 8.2152404785
-7.4682817459 -0.8407885432 8.4091415405
-7.6474876404 -0.6181508899 8.3511629105
-7.7432746887 -0.3951132596 8.1985626221
-7.4850430489 -0.8400427699 8.4054517746
-7.6593327522 -0.6162965894 8.3388605118
-7.7462120056 -0.3934279680 8.1817207336
-7.5015997887 -0.8391348720 8.4009609222
-7.6705536842 -0.6143578291 8.3259983063
-7.7483148575 -0.3917303681 8.1647558212
-7.5179114342 -0.8380671144 8.3956794739
-7.6811227798 -0.6123393774 8.3126058578
-7.7495784760 -0.3900245428 8.1477079391
-7.7500000000 -0.3883146048 8.1306200027
-7.5339393616 -0.8368420601 8.3896188736
-7.6910142899 -0.6102460623 8.2987174988
-7.5496444702 -0.8354626298 8.3827953339
-7.7002048492 -0.6080828905 8.2843666077
-7.5649890900 -0.8339322209 8.3752250671
-7.7086725235 -0.6058551669 8.2695865631
-7.5799360275 -0.8322544098 8.3669252396
-7.7163963318 -0.6035681367 8.2544126511
-7.5944495201 -0.8304333091 8.3579168320
-7.7233576775 -0.6012274623 8.2388830185
-7.4171738625 -1.0486148596 8.3681697845
-7.6084947586 -0.8284733295 8.3482217789
-7.7295403481 -0.5988386273 8.2230348587
-7.4343061447 -1.0483031273 8.3669452667
-7.6220378876 -0.8263791203 8.3378620148
-7.7349290848 -0.5964074731 8.2069053650
-7.4513559341 -1.0477842093 8.3649072647
-7.6350455284 -0.8241557479 8.3268632889
-7.7395110130 -0.5939398408 8.1905336380
-7.4682817459 -1.0470594168 8.3620615005
-7.6474876404 -0.8218086362 8.3152532578
-7.7432746887 -0.5914416909 8.1739587784
-7.4850430489 -1.0461306572 8.3584136963
-7.6593327522 -0.8193433285 8.3030576706
-7.7462120056 -0.5889189839 8.1572227478
-7.5015997887 -1.0450000763 8.3539733887
-7.6705536842 -0.8167658448 8.2903079987
-7.7483148575 -0.5863778591 8.1403627396
-7.5179114342 -1.0436704159 8.3487520218
-7.6811227798 -0.8140823841 8.2770338058
-7.7495784760 -0.5838244557 8.1234216690
-7.7500000000 -0.5812648535 8.1064405441
-7.5339393616 -1.0421447754 8.3427600861
-7.6910142899 -0.8112993836 8.2632665634
-7.5496444702 -1.0404269695 8.3360137939
-7.7002048492 -0.8084235787 8.2490406036
-7.5649890900 -1.0385210514 8.3285284042
-7.7086725235 -0.8054618835 8.2343902588
-7.5799360275 -1.0364316702 8.3203229904
-7.7163963318 -0.8024213910 8.2193498611
-7.5944495201 -1.0341638327 8.3114166260
-7.7233576775 -0.7993094921 8.2039566040
-7.4171738625 -1.2525851727 8.3107814789
-7.6084947586 -1.0317229033 8.3018312454
-7.7295403481 -0.7961336374 8.1882467270
-7.4343061447 -1.2522127628 8.3095741272
-7.6220378876 -1.0291149616 8.2915887833
-7.7349290848 -0.7929015160 8.1722574234
-7.4513559341 -1.2515928745 8.3075647354
-7.6350455284 -1.0263462067 8.2807149887
-7.7395110130 -0.7896209359 8.1560297012
-7.4682817459 -1.2507271767 8.3047580719
-7.6474876404 -1.0234231949 8.2692356110
-7.7432746887 -0.7862997055 8.1396007538
-7.4850430489 -1.2496178150 8.3011617661
-7.6593327522 -1.0203530788 8.2571792603
-7.7462120056 -0.7829458714 8.1230096817
-7.5015997887 -1.2482672930 8.2967834473
-7.6705536842 -1.0171432495 8.2445726395
-7.7483148575 -0.7795675397 8.1062984467
-7.5179114342 -1.2466789484 8.2916336060
-7.6811227798 -1.0138014555 8.2314491272
-7.7495784760 -0.7761728764 8.0895061493
-7.7500000000 -0.7727699876 8.0726728439
-7.5339393616 -1.2448565960 8.2857255936
-7.6910142899 -1.0103356838 8.2178382874
-7.5496444702 -1.2428046465 8.2790737152
-7.7002048492 -1.0067543983 8.2037734985
-7.5649890900 -1.2405279875 8.2716932297
-7.7086725235 -1.0030660629 8.1892881393
-7.5799360275 -1.2380321026 8.2636013031
-7.7163963318 -0.9992796779 8.1744184494
-7.5944495201 -1.2353231907 8.2548189163
-7.7233576775 -0.9954043627 8.1591987610
-7.4171738625 -1.4534413815 8.2432975769
-7.6084947586 -1.2324075699 8.2453670502
-7.7295403481 -0.9914493561 8.1436662674
-7.4343061447 -1.4530091286 8.2421102524
-7.6220378876 -1.2292922735 8.2352676392
-7.7349290848 -0.9874243140 8.1278591156
-7.4513559341 -1.4522899389 8.2401342392
-7.6350455284 -1.2259849310 8.2245454788
-7.7395110130 -0.9833388329 8.1118144989
-7.4682817459 -1.4512854815 8.2373743057
-7.6474876404 -1.2224934101 8.2132263184
-7.7432746887 -0.9792028666 8.0955715179
-7.4850430489 -1.4499981403 8.2338371277
-7.6593327522 -1.2188260555 8.2013368607
-7.7462120056 -0.9750262499 8.0791692734
-7.5015997887 -1.4484310150 8.2295312881
-7.6705536842 -1.2149919271 8.1889066696
-7.7483148575 -0.9708191156 8.0626468658
-7.5179114342 -1.4465880394 8.2244682312
-7.6811227798 -1.2110000849 8.1759662628
-7.7495784760 -0.9665915966 8.0460443497
-7.7500000000 -0.9623538256 8.0294017792
-7.5339393616 -1.4444735050 8.2186584473
-7.6910142899 -1.2068601847 8.1625442505
-7.5496444702 -1.4420924187 8.2121162415
-7.7002048492 -1.2025822401 8.1486759186
-7.5649890900 -1.4394507408 8.2048587799
-7.7086725235 -1.1981765032 8.1343927383
-7.5799360275 -1.4365546703 8.1969013214
-7.7163963318 -1.1936535835 8.1197299957
-7.5944495201 -1.4334113598 8.1882648468
-7.7233576775 -1.1890244484 8.1047229767
-7.4171738625 -1.6506841183 8.1658849716
-7.6084947586 -1.4300282001 8.1789703369
-7.7295403481 -1.1843001842 8.0894069672
-7.4343061447 -1.6501932144 8.1647205353
-7.6220378876 -1.4264134169 8.1690387726
-7.7349290848 -1.1794922352 8.0738201141
-7.4513559341 -1.6493763924 8.1627826691
-7.6350455284 -1.4225755930 8.1584939957
-7.7395110130 -1.1746120453 8.0579986572
-7.4682817459 -1.6482355595 8.1600770950
-7.6474876404 -1.4185242653 8.1473636627
-7.7432746887 -1.1696715355 8.0419816971
-7.4850430489 -1.6467735767 8.1566085815
-7.6593327522 -1.4142688513 8.1356716156
-7.7462120056 -1.1646825075 8.0258083344
-7.5015997887 -1.6449937820 8.1523866653
-7.6705536842 -1.4098199606 8.1234483719
-7.7483148575 -1.1596570015 8.0095157623
-7.5179114342 -1.6429007053 8.1474208832
-7.6811227798 -1.4051879644 8.1107225418
-7.7495784760 -1.1546071768 7.9931445122
-7.7500000000 -1.1495451927 7.9767341614
-7.7500000000 -1.3338785172 7.9148011208
-7.5339393616 -1.6404991150 8.1417236328
-7.6910142899 -1.4003841877 8.0975236893
-7.5496444702 -1.6377949715 8.1353092194
-7.7002048492 -1.3954203129 8.0838861465
-7.5649890900 -1.6347948313 8.1281919479
-7.7086725235 -1.3903080225 8.0698404312
-7.5799360275 -1.6315057278 8.1203889847
-7.7163963318 -1.3850599527 8.0554208755
-7.5944495201 -1.6279357672 8.1119203568
-7.7233576775 -1.3796885014 8.0406627655
-7.4171738625 -1.8438229561 8.0787382126
-7.6084947586 -1.6240935326 8.1028051376
-7.7295403481 -1.3742066622 8.0256013870
-7.4343061447 -1.8432745934 8.0775995255
-7.6220378876 -1.6199882030 8.0930662155
-7.7349290848 -1.3686276674 8.0102739334
-7.4513559341 -1.8423622847 8.0757045746
-7.6350455284 -1.6156296730 8.0827264786
-7.7395110130 -1.3629649878 7.9947156906
-7.4682817459 -1.8410879374 8.0730581284
-7.6474876404 -1.6110284328 8.0718107224
-7.7432746887 -1.3572322130 7.9789648056
-7.4850430489 -1.8394548893 8.0696678162
-7.6593327522 -1.6061955690 8.0603466034
-7.7462120056 -1.3514432907 7.9630599022
-7.5015997887 -1.8374668360 8.0655393600
-7.6705536842 -1.6011428833 8.0483598709
-7.7483148575 -1.3456119299 7.9470381737
-7.5179114342 -1.8351287842 8.0606842041
-7.6811227798 -1.5958822966 8.0358800888
-7.7495784760 -1.3397523165 7.9309391975
-7.5339393616 -1.8324463367 8.0551137924
-7.6910142899 -1.5904266834 8.0229377747
-7.5496444702 -1.8294258118 8.0488414764
-7.7002048492 -1.5847890377 8.0095643997
-7.5649890900 -1.8260744810 8.0418825150
-7.7086725235 -1.5789830685 7.9957904816
-7.5799360275 -1.8224006891 8.0342540741
-7.7163963318 -1.5730227232 7.9816508293
-7.5944495201 -1.8184130192 8.0259733200
-7.7233576775 -1.5669223070 7.9671788216
-7.4171738625 -2.0323777199 7.9820713997
-7.6084947586 -1.8141211271 8.0170612335
-7.7295403481 -1.5606966019 7.9524097443
-7.4343061447 -2.0317733288 7.9809617996
-7.6220378876 -1.8095353842 8.0075387955
-7.7349290848 -1.5543605089 7.9373788834
-7.4513559341 -2.0307676792 7.9791150093
-7.6350455284 -1.8046668768 7.9974293709
-7.7395110130 -1.5479294062 7.9221224785
-7.4682817459 -2.0293631554 7.9765353203
-7.6474876404 -1.7995272875 7.9867568016
-7.7432746887 -1.5414186716 7.9066772461
-7.4850430489 -2.0275628567 7.9732298851
-7.6593327522 -1.7941290140 7.9755473137
-7.7462120056 -1.5348440409 7.8910803795
-7.5015997887 -2.0253717899 7.9692063332
-7.6705536842 -1.7884850502 7.9638276100
-7.7483148575 -1.5282213688 7.8753695488
-7.5179114342 -2.0227944851 7.9644737244
-7.6811227798 -1.7826091051 7.9516258240
-7.7495784760 -1.5215665102 7.8595824242
-7.7500000000 -1.5148956776 7.8437571526
-7.7500000000 -1.6921465397 7.7637786865
-7.5339393616 -2.0198376179 7.9590439796
-7.6910142899 -1.7765151262 7.9389715195
-7.5496444702 -2.0165083408 7.9529299736
-7.7002048492 -1.7702178955 7.9258952141
-7.5649890900 -2.0128142834 7.9461469650
-7.7086725235 -1.7637325525 7.9124283791
-7.5799360275 -2.0087647438 7.9387106895
-7.7163963318 -1.7570748329 7.8986034393
-7.5944495201 -2.0043692589 7.9306392670
-7.7233576775 -1.7502605915 7.8844537735
-7.4171738625 -2.2158796787 7.8761262894
-7.6084947586 -1.9996385574 7.9219522476
-7.7295403481 -1.7433063984 7.8700132370
-7.4343061447 -2.2152209282 7.8750481606
-7.6220378876 -1.9945838451 7.9126701355
-7.7349290848 -1.7362290621 7.8553166389
-7.4513559341 -2.2141242027 7.8732538223
-7.6350455284 -1.9892175198 7.9028158188
-7.7395110130 -1.7290453911 7.8403997421
-7.4682817459 -2.2125928402 7.8707475662
-7.6474876404 -1.9835523367 7.8924126625
-7.7432746887 -1.7217729092 7.8252983093
-7.4850430489 -2.2106301785 7.8675360680
-7.6593327522 -1.9776020050 7.8814864159
-7.7462120056 -1.7144290209 7.8100485802
-7.5015997887 -2.2082412243 7.8636264801
-7.6705536842 -1.9713809490 7.8700623512
-7.7483148575 -1.7070313692 7.7946872711
-7.5179114342 -2.2054312229 7.8590283394
-7.6811227798 -1.9649039507 7.8581686020
-7.7495784760 -1.6995979548 7.7792515755
-7.7500000000 -1.8651905060 7.6750640869
-7.5339393616 -2.2022075653 7.8537526131
-7.6910142899 -1.9581867456 7.8458337784
-7.5496444702 -2.1985774040 7.8478126526
-7.7002048492 -1.9512455463 7.8330879211
-7.5649890900 -2.1945500374 7.8412218094
-7.7086725235 -1.9440970421 7.8199610710
-7.5799360275 -2.1901347637 7.8339967728
-7.7163963318 -1.9367585182 7.8064851761
-7.5944495201 -2.1853423119 7.8261542320
-7.7233576775 -1.9292474985 7.7926926613
-7.4171738625 -2.3938727379 7.7611665726
-7.6084947586 -2.1801846027 7.8177137375
-7.7295403481 -1.9215821028 7.7786164284
-7.4343061447 -2.3931608200 7.7601222992
-7.6220378876 -2.1746735573 7.8086953163
-7.7349290848 -1.9137809277 7.7642912865
-7.4513559341 -2.3919763565 7.7583847046
-7.6350455284 -2.1688225269 7.7991209030
-7.7395110130 -1.9058626890 7.7497506142
-7.4682817459 -2.3903217316 7.7559580803
-7.6474876404 -2.1626458168 7.7890133858
-7.7432746887 -1.8978464603 7.7350306511
-7.4850430489 -2.3882014751 7.7528481483
-7.6593327522 -2.1561584473 7.7783966064
-7.7462120056 -1.8897515535 7.7201657295
-7.5015997887 -2.3856205940 7.7490625381
-7.6705536842 -2.1493754387 7.7672972679
-7.7483148575 -1.8815975189 7.7051925659
-7.5179114342 -2.3825850487 7.7446103096
-7.6811227798 -2.1423137188 7.7557411194
-7.7495784760 -1.8734039068 7.6901464462
-7.5339393616 -2.3791022301 7.7395019531
-7.6910142899 -2.1349902153 7.7437562943
-7.5496444702 -2.3751804829 7.7337498665
-7.7002048492 -2.1274223328 7.7313723564
-7.5649890900 -2.3708295822 7.7273683548
-7.7086725235 -2.1196281910 7.7186179161
-7.5799360275 -2.3660597801 7.7203722000
-7.7163963318 -2.1116271019 7.7055244446
-7.5944495201 -2.3608825207 7.7127785683
-7.7233576775 -2.1034379005 7.6921234131
-7.4171738625 -2.5659141541 7.6374769211
-7.6084947586 -2.3553102016 7.7046055794
-7.7295403481 -2.0950803757 7.6784472466
-7.4343061447 -2.5651512146 7.6364698410
-7.6220378876 -2.3493564129 7.6958732605
-7.7349290848 -2.0865750313 7.6645283699
-7.4513559341 -2.5638813972 7.6347932816
-7.6350455284 -2.3430356979 7.6866021156
-7.7395110130 -2.0779416561 7.6504011154
-7.4682817459 -2.5621080399 7.6324524879
-7.6474876404 -2.3363628387 7.6768150330
-7.7432746887 -2.0692017078 7.6360983849
-7.4850430489 -2.5598354340 7.6294517517
-7.6593327522 -2.3293540478 7.6665349007
-7.7462120056 -2.0603759289 7.6216559410
-7.5015997887 -2.5570688248 7.6257996559
-7.6705536842 -2.3220264912 7.6557874680
-7.7483148575 -2.0514855385 7.6071076393
-7.5179114342 -2.5538151264 7.6215043068
-7.6811227798 -2.3143975735 7.6445975304
-7.7495784760 -2.0425522327 7.5924887657
-7.7500000000 -2.0335972309 7.5778346062
-7.5339393616 -2.5500822067 7.6165757179
-7.6910142899 -2.3064856529 7.6329932213
-7.5496444702 -2.5458786488 7.6110262871
-7.7002048492 -2.2983098030 7.6210012436
-7.5649890900 -2.5412149429 7.6048698425
-7.7086725235 -2.2898898125 7.6086516380
-7.5799360275 -2.5361022949 7.5981197357
-7.7163963318 -2.2812459469 7.5959730148
-7.5944495201 -2.5305528641 7.5907936096
-7.7233576775 -2.2723989487 7.5829968452
-7.4171738625 -2.7315764427 7.5053658485
-7.6084947586 -2.5245802402 7.5829086304
-7.7295403481 -2.2633700371 7.5697541237
-7.4343061447 -2.7307639122 7.5043978691
-7.6220378876 -2.5181987286 7.5744838715
-7.7349290848 -2.2541813850 7.5562767982
-7.4513559341 -2.7294123173 7.5027871132
-7.6350455284 -2.5114235878 7.5655393600
-7.7395110130 -2.2448546886 7.5425972939
-7.4682817459 -2.7275245190 7.5005369186
-7.6474876404 -2.5042712688 7.5560970306
-7.7432746887 -2.2354125977 7.5287480354
-7.4850430489 -2.7251050472 7.4976539612
-7.6593327522 -2.4967586994 7.5461792946
-7.7462120056 -2.2258780003 7.5147633553
-7.5015997887 -2.7221598625 7.4941439629
-7.6705536842 -2.4889044762 7.5358099937
-7.7483148575 -2.2162735462 7.5006761551
-7.5179114342 -2.7186961174 7.4900159836
-7.6811227798 -2.4807271957 7.5250148773
-7.7495784760 -2.2066226006 7.4865207672
-7.7500000000 -2.1969482899 7.4723310471
-7.5339393616 -2.7147221565 7.4852800369
-7.6910142899 -2.4722466469 7.5138187408
-7.5496444702 -2.7102472782 7.4799470901
-7.7002048492 -2.4634833336 7.5022497177
-7.5649890900 -2.7052824497 7.4740300179
-7.7086725235 -2.4544582367 7.4903349876
-7.5799360275 -2.6998398304 7.4675436020
-7.7163963318 -2.4451930523 7.4781031609
-7.5944495201 -2.6939320564 7.4605031013
-7.7233576775 -2.4357101917 7.4655842781
-7.4171738625 -2.8904473782 7.3651614189
-7.6084947586 -2.6875739098 7.4529256821
-7.7295403481 -2.4260325432 7.4528079033
-7.4343061447 -2.8895878792 7.3642349243
-7.6220378876 -2.6807801723 7.4448294640
-7.7349290848 -2.4161834717 7.4398050308
-7.4513559341 -2.8881576061 7.3626933098
-7.6350455284 -2.6735675335 7.4362339973
-7.7395110130 -2.4061865807 7.4266071320
-7.4682817459 -2.8861598969 7.3605403900
-7.6474876404 -2.6659533978 7.4271597862
-7.7432746887 -2.3960659504 7.4132461548
-7.4850430489 -2.8835997581 7.3577814102
-7.6593327522 -2.6579561234 7.4176287651
-7.7462120056 -2.3858458996 7.3997540474
-7.5015997887 -2.8804833889 7.3544225693
-7.6705536842 -2.6495947838 7.4076638222
-7.7483148575 -2.3755512238 7.3861632347
-7.5179114342 -2.8768181801 7.3504724503
-7.6811227798 -2.6408894062 7.3972897530
-7.7495784760 -2.3652067184 7.3725066185
-7.7500000000 -2.3548371792 7.3588166237
-7.5339393616 -2.8726129532 7.3459405899
-7.6910142899 -2.6318614483 7.3865303993
-7.5496444702 -2.8678777218 7.3408370018
-7.7002048492 -2.6225323677 7.3754124641
-7.5649890900 -2.8626241684 7.3351750374
-7.7086725235 -2.6129245758 7.3639621735
-7.5799360275 -2.8568649292 7.3289680481
-7.7163963318 -2.6030611992 7.3522076607
-7.5944495201 -2.8506138325 7.3222308159
-7.7233576775 -2.5929660797 7.3401765823
-7.4171738625 -3.0421323776 7.2172122002
-7.6084947586 -2.8438856602 7.3149795532
-7.7295403481 -2.5826637745 7.3278985023
-7.4343061447 -3.0412275791 7.2163295746
-7.6220378876 -2.8366968632 7.3072323799
-7.7349290848 -2.5721786022 7.3154029846
-7.4513559341 -3.0397222042 7.2148613930
-7.6350455284 -2.8290648460 7.2990069389
-7.7395110130 -2.5615363121 7.3027200699
-7.4682817459 -3.0376198292 7.2128105164
-7.6474876404 -2.8210077286 7.2903232574
-7.7432746887 -2.5507621765 7.2898802757
-7.4850430489 -3.0349252224 7.2101826668
-7.6593327522 -2.8125452995 7.2812027931
-7.7462120056 -2.5398824215 7.2769141197
-7.5015997887 -3.0316452980 7.2069835663
-7.6705536842 -2.8036975861 7.2716674805
-7.7483148575 -2.5289230347 7.2638530731
-7.5179114342 -3.0277876854 7.2032208443
-7.6811227798 -2.7944860458 7.2617397308
-7.7495784760 -2.5179107189 7.2507290840
-7.7500000000 -2.5068717003 7.2375731468
-7.5339393616 -3.0233619213 7.1989040375
-7.6910142899 -2.7849330902 7.2514438629
-7.5496444702 -3.0183782578 7.1940431595
-7.7002048492 -2.7750611305 7.2408046722
-7.5649890900 -3.0128490925 7.1886501312
-7.7086725235 -2.7648944855 7.2298479080
-7.5799360275 -3.0067875385 7.1827378273
-7.7163963318 -2.7544577122 7.2185993195
-7.5944495201 -3.0002081394 7.1763205528
-7.7233576775 -2.7437753677 7.2070865631
-7.4171738625 -3.1862540245 7.0618858337
-7.6084947586 -2.9931271076 7.1694135666
-7.7295403481 -2.7328739166 7.1953372955
-7.4343061447 -3.1853065491 7.0610494614
-7.6220378876 -2.9855611324 7.1620340347
-7.7349290848 -2.7217788696 7.1833801270
-7.4513559341 -3.1837298870 7.0596580505
-7.6350455284 -2.9775285721 7.1541996002
-7.7395110130 -2.7105176449 7.1712431908
-7.4682817459 -3.1815276146 7.0577149391
-7.6474876404 -2.9690487385 7.1459283829
-7.7432746887 -2.6991169453 7.1589560509
-7.4850430489 -3.1787056923 7.0552244186
-7.6593327522 -2.9601421356 7.1372408867
-7.7462120056 -2.6876044273 7.1465487480
-7.5015997887 -3.1752703190 7.0521926880
-7.6705536842 -2.9508302212 7.1281585693
-7.7483148575 -2.6760077477 7.1340503693
-7.5179114342 -3.1712298393 7.0486268997
-7.6811227798 -2.9411351681 7.1187024117
-7.7495784760 -2.6643548012 7.1214914322
-7.7500000000 -2.6526737213 7.1089024544
-7.7500000000 -2.7918806076 6.9731235504
-7.5339393616 -3.1665942669 7.0445361137
-7.6910142899 -2.9310808182 7.1088953018
-7.5496444702 -3.1613745689 7.0399298668
-7.7002048492 -2.9206910133 7.0987615585
-7.5649890900 -3.1555833817 7.0348191261
-7.7086725235 -2.9099907875 7.0883250237
-7.5799360275 -3.1492347717 7.0292162895
-7.7163963318 -2.8990061283 7.0776109695
-7.5944495201 -3.1423437595 7.0231347084
-7.7233576775 -2.8877632618 7.0666446686
-7.4171738625 -3.3224542141 6.8995690346
-7.6084947586 -3.1349272728 7.0165896416
-7.7295403481 -2.8762896061 7.0554537773
-7.4343061447 -3.3214662075 6.8987808228
-7.6220378876 -3.1270027161 7.0095963478
-7.7349290848 -2.8646125793 7.0440640450
-7.4513559341 -3.3198220730 6.8974695206
-7.6350455284 -3.1185896397 7.0021715164
-7.7395110130 -2.8527603149 7.0325036049
-7.4682817459 -3.3175258636 6.8956384659
-7.6474876404 -3.1097080708 6.9943337440
-7.7432746887 -2.8407611847 7.0208001137
-7.4850430489 -3.3145830631 6.8932919502
-7.6593327522 -3.1003794670 6.9861011505
-7.7462120056 -2.8286445141 7.0089821815
-7.5015997887 -3.3110008240 6.8904352188
-7.6705536842 -3.0906262398 6.9774937630
-7.7483148575 -2.8164391518 6.9970774651
-7.5179114342 -3.3067879677 6.8870754242
-7.6811227798 -3.0804722309 6.9685325623
-7.7495784760 -2.8041749001 6.9851150513
-7.5339393616 -3.3019540310 6.8832206726
-7.6910142899 -3.0699412823 6.9592394829
-7.5496444702 -3.2965114117 6.8788800240
-7.7002048492 -3.0590593815 6.9496359825
-7.5649890900 -3.2904725075 6.8740644455
-7.7086725235 -3.0478522778 6.9397454262
-7.5799360275 -3.2838525772 6.8687849045
-7.7163963318 -3.0363471508 6.9295921326
-7.5944495201 -3.2766668797 6.8630547523
-7.7233576775 -3.0245718956 6.9192004204
-7.4171738625 -3.4503941536 6.7306647301
-7.6084947586 -3.2689332962 6.8568873405
-7.7295403481 -3.0125544071 6.9085950851
-7.4343061447 -3.4493682384 6.7299265862
-7.6220378876 -3.2606701851 6.8502974510
-7.7349290848 -3.0003242493 6.8978018761
-7.4513559341 -3.4476606846 6.7286992073
-7.6350455284 -3.2518973351 6.8433017731
-7.7395110130 -2.9879102707 6.8868465424
-7.4682817459 -3.4452760220 6.7269849777
-7.6474876404 -3.2426362038 6.8359160423
-7.7432746887 -2.9753429890 6.8757557869
-7.4850430489 -3.4422199726 6.7247877121
-7.6593327522 -3.2329089642 6.8281588554
-7.7462120056 -2.9626522064 6.8645563126
-7.5015997887 -3.4384999275 6.7221131325
-7.6705536842 -3.2227387428 6.8200483322
-7.7483148575 -2.9498686790 6.8532743454
-7.5179114342 -3.4341247082 6.7189674377
-7.6811227798 -3.2121505737 6.8116044998
-7.7495784760 -2.9370231628 6.8419384956
-7.7500000000 -2.9241466522 6.8305749893
-7.5339393616 -3.4291048050 6.7153582573
-7.6910142899 -3.2011694908 6.8028473854
-7.5496444702 -3.4234523773 6.7112946510
-7.7002048492 -3.1898224354 6.7937984467
-7.5649890900 -3.4171810150 6.7067856789
-7.7086725235 -3.1781363487 6.7844791412
-7.5799360275 -3.4103059769 6.7018432617
-7.7163963318 -3.1661393642 6.7749118805
-7.5944495201 -3.4028439522 6.6964778900
-7.7233576775 -3.1538605690 6.7651200294
-7.4171738625 -3.5697560310 6.5555930138
-7.6084947586 -3.3948123455 6.6907038689
-7.7295403481 -3.1413297653 6.7551269531
-7.4343061447 -3.5686943531 6.5549073219
-7.6220378876 -3.3862309456 6.6845340729
-7.7349290848 -3.1285765171 6.7449564934
-7.4513559341 -3.5669279099 6.5537662506
-7.6350455284 -3.3771204948 6.6779842377
-7.7395110130 -3.1156320572 6.7346339226
-7.4682817459 -3.5644607544 6.5521731377
-7.6474876404 -3.3675026894 6.6710696220
-7.7432746887 -3.1025273800 6.7241830826
-7.4850430489 -3.5612990856 6.5501308441
-7.6593327522 -3.3574006557 6.6638069153
-7.7462120056 -3.0892941952 6.7136301994
-7.5015997887 -3.5574502945 6.5476450920
-7.6705536842 -3.3468389511 6.6562132835
-7.7483148575 -3.0759642124 6.7029995918
-7.5179114342 -3.5529236794 6.5447211266
-7.6811227798 -3.3358430862 6.6483078003
-7.7495784760 -3.0625696182 6.6923179626
-7.7500000000 -3.0491428375 6.6816101074
-7.5339393616 -3.5477299690 6.5413670540
-7.6910142899 -3.3244392872 6.6401090622
-7.5496444702 -3.5418820381 6.5375900269
-7.7002048492 -3.3126549721 6.6316366196
-7.5649890900 -3.5353939533 6.5333995819
-7.7086725235 -3.3005189896 6.6229114532
-7.5799360275 -3.5282812119 6.5288057327
-7.7163963318 -3.2880601883 6.6139540672
-7.5944495201 -3.5205607414 6.5238189697
-7.7233576775 -3.2753086090 6.6047863960
-7.4171738625 -3.6802427769 6.3747892380
-7.6084947586 -3.5122513771 6.5184526443
-7.7295403481 -3.2622950077 6.5954303741
-7.4343061447 -3.6791484356 6.3741574287
-7.6220378876 -3.5033731461 6.5127182007
-7.7349290848 -3.2490508556 6.5859084129
-7.4513559341 -3.6773271561 6.3731060028
-7.6350455284 -3.4939475060 6.5066304207
-7.7395110130 -3.2356078625 6.5762438774
-7.4682817459 -3.6747837067 6.3716373444
-7.6474876404 -3.4839968681 6.5002036095
-7.7432746887 -3.2219986916 6.5664591789
-7.4850430489 -3.6715242863 6.3697552681
-7.6593327522 -3.4735455513 6.4934535027
-7.7462120056 -3.2082557678 6.5565786362
-7.5015997887 -3.6675562859 6.3674645424
-7.6705536842 -3.4626185894 6.4863963127
-7.7483148575 -3.1944124699 6.5466260910
-7.5179114342 -3.6628894806 6.3647704124
-7.6811227798 -3.4512422085 6.4790482521
-7.7495784760 -3.1805021763 6.5366253853
-7.7500000000 -3.1665582657 6.5266003609
-7.5339393616 -3.6575350761 6.3616790771
-7.6910142899 -3.4394438267 6.4714283943
-7.5496444702 -3.6515061855 6.3581981659
-7.7002048492 -3.4272520542 6.4635539055
-7.5649890900 -3.6448173523 6.3543362617
-7.7086725235 -3.4146959782 6.4554443359
-7.5799360275 -3.6374843121 6.3501024246
-7.7163963318 -3.4018061161 6.4471192360
-7.5944495201 -3.6295249462 6.3455071449
-7.7233576775 -3.3886134624 6.4385986328
-7.4171738625 -3.7815799713 6.1887030602
-7.6084947586 -3.6209583282 6.3405613899
-7.7295403481 -3.3751497269 6.4299030304
-7.4343061447 -3.7804553509 6.1881265640
-7.6220378876 -3.6118054390 6.3352766037
-7.7349290848 -3.3614473343 6.4210529327
-7.4513559341 -3.7785842419 6.1871671677
-7.6350455284 -3.6020879745 6.3296666145
-7.7395110130 -3.3475394249 6.4120702744
-7.4682817459 -3.7759706974 6.1858272552
-7.6474876404 -3.5918295383 6.3237438202
-7.7432746887 -3.3334593773 6.4029765129
-7.4850430489 -3.7726211548 6.1841101646
-7.6593327522 -3.5810544491 6.3175230026
-7.7462120056 -3.3192412853 6.3937931061
-7.5015997887 -3.7685439587 6.1820197105
-7.6705536842 -3.5697894096 6.3110189438
-7.7483148575 -3.3049190044 6.3845429420
-7.5179114342 -3.7637488842 6.1795616150
-7.6811227798 -3.5580608845 6.3042473793
-7.7495784760 -3.2905273438 6.3752479553
-7.7500000000 -3.2761011124 6.3659305573
-7.5339393616 -3.7582471371 6.1767406464
-7.6910142899 -3.5458972454 6.2972249985
-7.5496444702 -3.7520520687 6.1735649109
-7.7002048492 -3.5333282948 6.2899680138
-7.5649890900 -3.7451789379 6.1700410843
-7.7086725235 -3.5203835964 6.2824945450
-7.5799360275 -3.7376439571 6.1661782265
-7.7163963318 -3.5070948601 6.2748222351
-7.5944495201 -3.7294654846 6.1619853973
-7.7233576775 -3.4934937954 6.2669696808
-7.4171738625 -3.8735156059 5.9977970123
-7.6084947586 -3.7206630707 6.1574726105
-7.7295403481 -3.4796133041 6.2589559555
-7.4343061447 -3.8723635674 5.9972772598
-7.6220378876 -3.7112581730 6.1526508331
-7.7349290848 -3.4654870033 6.2507996559
-7.4513559341 -3.8704469204 5.9964122772
-7.6350455284 -3.7012732029 6.1475319862
-7.7395110130 -3.4511485100 6.2425217628
-7.4682817459 -3.8677699566 5.9952044487
-7.6474876404 -3.6907320023 6.1421279907
-7.7432746887 -3.4366326332 6.2341408730
-7.4850430489 -3.8643391132 5.9936561584
-7.6593327522 -3.6796605587 6.1364517212
-7.7462120056 -3.4219744205 6.2256779671
-7.5015997887 -3.8601627350 5.9917716980
-7.6705536842 -3.6680850983 6.1305174828
-7.7483148575 -3.4072089195 6.2171530724
-7.5179114342 -3.8552508354 5.9895553589
-7.6811227798 -3.6560337543 6.1243391037
-7.7495784760 -3.3923718929 6.2085866928
-7.7500000000 -3.3774991035 6.1999998093
-7.5339393616 -3.8496153355 5.9870123863
-7.6910142899 -3.6435351372 6.1179313660
-7.5496444702 -3.8432698250 5.9841494560
-7.7002048492 -3.6306200027 6.1113104820
-7.5649890900 -3.8362295628 5.9809727669
-7.7086725235 -3.6173188686 6.1044912338
-7.5799360275 -3.8285114765 5.9774899483
-7.7163963318 -3.6036643982 6.0974907875
-7.5944495201 -3.8201341629 5.9737100601
-7.7233576775 -3.5896887779 6.0903258324
-7.4171738625 -3.9558210373 5.8025455475
-7.6084947586 -3.8111176491 5.9696416855
-7.7295403481 -3.5754261017 6.0830140114
-7.4343061447 -3.9546446800 5.8020834923
-7.6220378876 -3.8014841080 5.9652948380
-7.7349290848 -3.5609107018 6.0755724907
-7.4513559341 -3.9526870251 5.8013153076
-7.6350455284 -3.7912561893 5.9606800079
-7.7395110130 -3.5461773872 6.0680189133
-7.4682817459 -3.9499530792 5.8002424240
-7.6474876404 -3.7804589272 5.9558081627
-7.7432746887 -3.5312619209 6.0603723526
-7.4850430489 -3.9464495182 5.7988672256
-7.6593327522 -3.7691183090 5.9506907463
-7.7462120056 -3.5162000656 6.0526504517
-7.5015997887 -3.9421844482 5.7971935272
-7.6705536842 -3.7572615147 5.9453411102
-7.7483148575 -3.5010280609 6.0448722839
-7.5179114342 -3.9371681213 5.7952246666
-7.6811227798 -3.7449169159 5.9397706985
-7.7495784760 -3.4857823849 6.0370564461
-7.7500000000 -3.4704999924 6.0292215347
-7.5339393616 -3.9314129353 5.7929658890
-7.6910142899 -3.7321147919 5.9339942932
-7.5496444702 -3.9249324799 5.7904224396
-7.7002048492 -3.7188854218 5.9280252457
-7.5649890900 -3.9177427292 5.7876005173
-7.7086725235 -3.7052612305 5.9218773842
-7.5799360275 -3.9098606110 5.7845072746
-7.7163963318 -3.6912744045 5.9155664444
-7.5944495201 -3.9013051987 5.7811493874
-7.7233576775 -3.6769592762 5.9091072083
-7.4171738625 -4.0282917023 5.6034340858
-7.6084947586 -3.8920972347 5.7775354385
-7.7295403481 -3.6623497009 5.9025149345
-7.4343061447 -4.0270934105 5.6030316353
-7.6220378876 -3.8822588921 5.7736744881
-7.7349290848 -3.6474814415 5.8958063126
-7.4513559341 -4.0251002312 5.6023616791
-7.6350455284 -3.8718137741 5.7695751190
-7.7395110130 -3.6323900223 5.8889966011
-7.4682817459 -4.0223164558 5.6014266014
-7.6474876404 -3.8607871532 5.7652473450
-7.7432746887 -3.6171119213 5.8821029663
-7.4850430489 -4.0187482834 5.6002278328
-7.6593327522 -3.8492054939 5.7607016563
-7.7462120056 -3.6016838551 5.8751416206
-7.5015997887 -4.0144052505 5.5987682343
-7.6705536842 -3.8370966911 5.7559494972
-7.7483148575 -3.5861430168 5.8681292534
-7.5179114342 -4.0092968941 5.5970520973
-7.6811227798 -3.8244898319 5.7510018349
-7.7495784760 -3.5705268383 5.8610830307
-7.7500000000 -3.5548727512 5.8540196419
-7.5339393616 -4.0034365654 5.5950832367
-7.6910142899 -3.8114156723 5.7458705902
-7.5496444702 -3.9968373775 5.5928659439
-7.7002048492 -3.7979052067 5.7405681610
-7.5649890900 -3.9895157814 5.5904059410
-7.7086725235 -3.7839913368 5.7351074219
-7.5799360275 -3.9814891815 5.5877094269
-7.7163963318 -3.7697074413 5.7295012474
-7.5944495201 -3.9727771282 5.5847821236
-7.7233576775 -3.7550880909 5.7237634659
-7.4171738625 -4.0907473564 5.4009575844
-7.6084947586 -3.9634006023 5.5816316605
-7.7295403481 -3.7401683331 5.7179079056
-7.4343061447 -4.0895304680 5.4006156921
-7.6220378876 -3.9533817768 5.5782656670
-7.7349290848 -3.7249841690 5.7119483948
-7.4513559341 -4.0875062943 5.4000458717
-7.6350455284 -3.9427454472 5.5746917725
-7.7395110130 -3.7095720768 5.7058997154
-7.4682817459 -4.0846791267 5.3992505074
-7.6474876404 -3.9315166473 5.5709195137
-7.7432746887 -3.6939692497 5.6997761726
-7.4850430489 -4.0810561180 5.3982310295
-7.6593327522 -3.9197227955 5.5669569969
-7.7462120056 -3.6782133579 5.6935925484
-7.5015997887 -4.0766453743 5.3969902992
-7.6705536842 -3.9073922634 5.5628137589
-7.7483148575 -3.6623420715 5.6873631477
-7.5179114342 -4.0714583397 5.3955307007
-7.6811227798 -3.8945546150 5.5585007668
-7.7495784760 -3.6463942528 5.6811041832
-7.7500000000 -3.6304075718 5.6748299599
-7.7500000000 -3.6969165802 5.4920978546
-7.5339393616 -4.0655064583 5.3938560486
-7.6910142899 -3.8812408447 5.5540275574
-7.5496444702 -4.0588054657 5.3919706345
-7.7002048492 -3.8674829006 5.5494050980
-7.5649890900 -4.0513701439 5.3898787498
-7.7086725235 -3.8533141613 5.5446448326
-7.5799360275 -4.0432190895 5.3875856400
-7.7163963318 -3.8387684822 5.5397577286
-7.5944495201 -4.0343718529 5.3850960732
-7.7233576775 -3.8238813877 5.5347557068
-7.4171738625 -4.1430325508 5.1956200600
-7.6084947586 -4.0248498917 5.3824172020
-7.7295403481 -3.8086881638 5.5296511650
-7.4343061447 -4.1418004036 5.1953387260
-7.6220378876 -4.0146760941 5.3795547485
-7.7349290848 -3.7932257652 5.5244560242
-7.4513559341 -4.1397504807 5.1948709488
-7.6350455284 -4.0038747787 5.3765158653
-7.7395110130 -3.7775313854 5.5191831589
-7.4682817459 -4.1368870735 5.1942176819
-7.6474876404 -3.9924719334 5.3733072281
-7.7432746887 -3.7616426945 5.5138444901
-7.4850430489 -4.1332173347 5.1933798790
-7.6593327522 -3.9804952145 5.3699378967
-7.7462120056 -3.7455980778 5.5084538460
-7.5015997887 -4.1287508011 5.1923604012
-7.6705536842 -3.9679734707 5.3664145470
-7.7483148575 -3.7294361591 5.5030241013
-7.5179114342 -4.1234970093 5.1911611557
-7.6811227798 -3.9549367428 5.3627467155
-7.7495784760 -3.7131960392 5.4975676537
-7.5339393616 -4.1174693108 5.1897854805
-7.6910142899 -3.9414165020 5.3589425087
-7.5496444702 -4.1106824875 5.1882362366
-7.7002048492 -3.9274451733 5.3550119400
-7.5649890900 -4.1031522751 5.1865177155
-7.7086725235 -3.9130568504 5.3509635925
-7.5799360275 -4.0948972702 5.1846337318
-7.7163963318 -3.8982858658 5.3468074799
-7.5944495201 -4.0859370232 5.1825885773
-7.7233576775 -3.8831677437 5.3425540924
-7.4171738625 -4.1850175858 4.9879317284
-7.6084947586 -4.0762929916 5.1803874969
-7.7295403481 -3.8677389622 5.3382129669
-7.4343061447 -4.1837730408 4.9877119064
-7.6220378876 -4.0659890175 5.1780352592
-7.7349290848 -3.8520369530 5.3337950706
-7.4513559341 -4.1817021370 4.9873471260
-7.6350455284 -4.0550498962 5.1755385399
-7.7395110130 -3.8360991478 5.3293108940
-7.4682817459 -4.1788101196 4.9868369102
-7.6474876404 -4.0435013771 5.1729025841
-7.7432746887 -3.8199641705 5.3247714043
-7.4850430489 -4.1751031876 4.9861831665
-7.6593327522 -4.0313715935 5.1701340675
-7.7462120056 -3.8036708832 5.3201870918
-7.5015997887 -4.1705908775 4.9853878021
-7.6705536842 -4.0186896324 5.1672396660
-7.7483148575 -3.7872583866 5.3155694008
-7.5179114342 -4.1652841568 4.9844517708
-7.6811227798 -4.0054860115 5.1642260551
-7.7495784760 -3.7707662582 5.3109292984
-7.7500000000 -3.7542345524 5.3062777519
-7.5339393616 -4.1591954231 4.9833784103
-7.6910142899 -3.9917931557 5.1611008644
-7.5496444702 -4.1523399353 4.9821696281
-7.7002048492 -3.9776434898 5.1578712463
-7.5649890900 -4.1447334290 4.9808282852
-7.7086725235 -3.9630711079 5.1545453072
-7.5799360275 -4.1363945007 4.9793577194
-7.7163963318 -3.9481112957 5.1511306763
-7.5944495201 -4.1273436546 4.9777622223
-7.7233576775 -3.9327998161 5.1476359367
-7.4171738625 -4.2165985107 4.7784085274
-7.6084947586 -4.1176018715 4.9760441780
-7.7295403481 -3.9171741009 5.1440691948
-7.4343061447 -4.2153444290 4.7782511711
-7.6220378876 -4.1071934700 4.9742088318
-7.7349290848 -3.9012711048 5.1404395103
-7.4513559341 -4.2132577896 4.7779898643
-7.6350455284 -4.0961432457 4.9722604752
-7.7395110130 -3.8851296902 5.1367554665
-7.4682817459 -4.2103438377 4.7776246071
-7.6474876404 -4.0844779015 4.9702033997
-7.7432746887 -3.8687884808 5.1330256462
-7.4850430489 -4.2066087723 4.7771563530
-7.6593327522 -4.0722250938 4.9680433273
-7.7462120056 -3.8522868156 5.1292595863
-7.5015997887 -4.2020626068 4.7765870094
-7.6705536842 -4.0594148636 4.9657845497
-7.7483148575 -3.8356647491 5.1254653931
-7.5179114342 -4.1967158318 4.7759165764
-7.6811227798 -4.0460772514 4.9634327888
-7.7495784760 -3.8189618587 5.1216530800
-7.7500000000 -3.8022189140 5.1178317070
-7.5339393616 -4.1905813217 4.7751479149
-7.6910142899 -4.0322456360 4.9609937668
-7.5496444702 -4.1836738586 4.7742824554
-7.7002048492 -4.0179524422 4.9584736824
-7.5649890900 -4.1760096550 4.7733221054
-7.7086725235 -4.0032324791 4.9558777809
-7.5799360275 -4.1676082611 4.7722692490
-7.7163963318 -3.9881210327 4.9532132149
-7.5944495201 -4.1584887505 4.7711262703
-7.7233576775 -3.9726545811 4.9504861832
-7.4171738625 -4.2376956940 4.5675711632
-7.6084947586 -4.1486740112 4.7698965073
-7.7295403481 -3.9568703175 4.9477028847
-7.4343061447 -4.2364354134 4.5674767494
-7.6220378876 -4.1381869316 4.7685818672
-7.7349290848 -3.9408063889 4.9448704720
-7.4513559341 -4.2343382835 4.5673198700
-7.6350455284 -4.1270532608 4.7671866417
-7.7395110130 -3.9245014191 4.9419956207
-7.4682817459 -4.2314100266 4.5671005249
-7.6474876404 -4.1152997017 4.7657141685
-7.7432746887 -3.9079945087 4.9390850067
-7.4850430489 -4.2276563644 4.5668191910
-7.6593327522 -4.1029543877 4.7641668320
-7.7462120056 -3.8913257122 4.9361457825
-7.5015997887 -4.2230873108 4.5664768219
-7.6705536842 -4.0900473595 4.7625494003
-7.7483148575 -3.8745350838 4.9331851006
-7.5179114342 -4.2177138329 4.5660738945
-7.6811227798 -4.0766096115 4.7608656883
-7.7495784760 -3.8576629162 4.9302101135
-7.7500000000 -3.8407502174 4.9272279739
-7.5339393616 -4.2115483284 4.5656118393
-7.6910142899 -4.0626735687 4.7591190338
-7.5496444702 -4.2046065331 4.5650916100
-7.7002048492 -4.0482726097 4.7573142052
-7.5649890900 -4.1969041824 4.5645146370
-7.7086725235 -4.0334415436 4.7554559708
-7.5799360275 -4.1884603500 4.5638818741
-7.7163963318 -4.0182156563 4.7535476685
-7.5944495201 -4.1792955399 4.5631947517
-7.7233576775 -4.0026326180 4.7515950203
-7.4171738625 -4.2482576370 4.3559451103
-7.6084947586 -4.1694312096 4.5624556541
-7.7295403481 -3.9867293835 4.7496018410
-7.4343061447 -4.2469940186 4.3559136391
-7.6220378876 -4.1588921547 4.5616660118
-7.7349290848 -3.9705440998 4.7475738525
-7.4513559341 -4.2448921204 4.3558611870
-7.6350455284 -4.1477026939 4.5608272552
-7.7395110130 -3.9541158676 4.7455148697
-7.4682817459 -4.2419557571 4.3557877541
-7.6474876404 -4.1358900070 4.5599422455
-7.7432746887 -3.9374845028 4.7434306145
-7.4850430489 -4.2381930351 4.3556938171
-7.6593327522 -4.1234831810 4.5590124130
-7.7462120056 -3.9206900597 4.7413263321
-7.5015997887 -4.2336130142 4.3555798531
-7.6705536842 -4.1105117798 4.5580401421
-7.7483148575 -3.9037725925 4.7392063141
-7.5179114342 -4.2282257080 4.3554453850
-7.6811227798 -4.0970067978 4.5570282936
-7.7495784760 -3.8867733479 4.7370758057
-7.7500000000 -3.8697328568 4.7349405289
-7.5339393616 -4.2220449448 4.3552913666
-7.6910142899 -4.0830006599 4.5559787750
-7.5496444702 -4.2150855064 4.3551177979
-7.7002048492 -4.0685276985 4.5548939705
-7.5649890900 -4.2073640823 4.3549251556
-7.7086725235 -4.0536222458 4.5537772179
-7.5799360275 -4.1988997459 4.3547139168
-7.7163963318 -4.0383205414 4.5526304245
-7.5944495201 -4.1897115707 4.3544850349
-7.7233576775 -4.0226593018 4.5514564514
-7.4171738625 -4.2482576370 4.1440548897
-7.6084947586 -4.1798229218 4.3542385101
-7.7295403481 -4.0066766739 4.5502591133
-7.4343061447 -4.2469940186 4.1440863609
-7.6220378876 -4.1692571640 4.3539748192
-7.7349290848 -3.9904103279 4.5490398407
-7.4513559341 -4.2448921204 4.1441388130
-7.6350455284 -4.1580400467 4.3536949158
-7.7395110130 -3.9739000797 4.5478024483
-7.4682817459 -4.2419557571 4.1442122459
-7.6474876404 -4.1461982727 4.3533997536
-7.7432746887 -3.9571855068 4.5465502739
-7.4850430489 -4.2381930351 4.1443061829
-7.6593327522 -4.1337604523 4.3530893326
-7.7462120056 -3.9403069019 4.5452852249
-7.5015997887 -4.2336130142 4.1444201469
-7.6705536842 -4.1207566261 4.3527650833
-7.7483148575 -3.9233047962 4.5440111160
-7.5179114342 -4.2282257080 4.1445546150
-7.6811227798 -4.1072177887 4.3524274826
-7.7495784760 -3.9062204361 4.5427308083
-7.7500000000 -3.8890948296 4.5414471626
-7.5339393616 -4.2220449448 4.1447086334
-7.6910142899 -4.0931768417 4.3520774841
-7.5496444702 -4.2150855064 4.1448822021
-7.7002048492 -4.0786676407 4.3517155647
-7.5649890900 -4.2073640823 4.1450748444
-7.7086725235 -4.0637254715 4.3513431549
-7.5799360275 -4.1988997459 4.1452860832
-7.7163963318 -4.0483856201 4.3509602547
-7.5944495201 -4.1897115707 4.1455149651
-7.7233576775 -4.0326852798 4.3505687714
-7.4171738625 -4.2376956940 3.9324285984
-7.6084947586 -4.1798229218 4.1457614899
-7.7295403481 -4.0166625977 4.3501691818
-7.4343061447 -4.2364354134 3.9325230122
-7.6220378876 -4.1692571640 4.1460251808
-7.7349290848 -4.0003557205 4.3497624397
-7.4513559341 -4.2343382835 3.9326801300
-7.6350455284 -4.1580400467 4.1463050842
-7.7395110130 -3.9838044643 4.3493499756
-7.4682817459 -4.2314100266 3.9328997135
-7.6474876404 -4.1461982727 4.1466002464
-7.7432746887 -3.9670481682 4.3489317894
-7.4850430489 -4.2276563644 3.9331810474
-7.6593327522 -4.1337604523 4.1469106674
-7.7462120056 -3.9501276016 4.3485102654
-7.5015997887 -4.2230873108 3.9335234165
-7.6705536842 -4.1207566261 4.1472349167
-7.7483148575 -3.9330830574 4.3480849266
-7.5179114342 -4.2177138329 3.9339261055
-7.6811227798 -4.1072177887 4.1475725174
-7.7495784760 -3.9159562588 4.3476576805
-7.7500000000 -3.8987877369 4.3472294807
-7.5339393616 -4.2115483284 3.9343881607
-7.6910142899 -4.0931768417 4.1479225159
-7.5496444702 -4.2046065331 3.9349083900
-7.7002048492 -4.0786676407 4.1482844353
-7.5649890900 -4.1969041824 3.9354856014
-7.7086725235 -4.0637254715 4.1486568451
-7.5799360275 -4.1884603500 3.9361183643
-7.7163963318 -4.0483856201 4.1490397453
-7.5944495201 -4.1792955399 3.9368050098
-7.7233576775 -4.0326852798 4.1494312286
-7.4171738625 -4.2165985107 3.7215917110
-7.6084947586 -4.1694312096 3.9375443459
-7.7295403481 -4.0166625977 4.1498308182
-7.4343061447 -4.2153444290 3.7217488289
-7.6220378876 -4.1588921547 3.9383342266
-7.7349290848 -4.0003557205 4.1502375603
-7.4513559341 -4.2132577896 3.7220103741
-7.6350455284 -4.1477026939 3.9391727448
-7.7395110130 -3.9838044643 4.1506500244
-7.4682817459 -4.2103438377 3.7223753929
-7.6474876404 -4.1358900070 3.9400579929
-7.7432746887 -3.9670481682 4.1510682106
-7.4850430489 -4.2066087723 3.7228434086
-7.6593327522 -4.1234831810 3.9409875870
-7.7462120056 -3.9501276016 4.1514897346
-7.5015997887 -4.2020626068 3.7234132290
-7.6705536842 -4.1105117798 3.9419598579
-7.7483148575 -3.9330830574 4.1519150734
-7.5179114342 -4.1967158318 3.7240831852
-7.6811227798 -4.0970067978 3.9429717064
-7.7495784760 -3.9159562588 4.1523423195
-7.7500000000 -3.8987877369 4.1527705193
-7.5339393616 -4.1905813217 3.7248520851
-7.6910142899 -4.0830006599 3.9440214634
-7.5496444702 -4.1836738586 3.7257177830
-7.7002048492 -4.0685276985 3.9451060295
-7.5649890900 -4.1760096550 3.7266781330
-7.7086725235 -4.0536222458 3.9462230206
-7.5799360275 -4.1676082611 3.7277309895
-7.7163963318 -4.0383205414 3.9473698139
-7.5944495201 -4.1584887505 3.7288737297
-7.7233576775 -4.0226593018 3.9485433102
-7.4171738625 -4.1850175858 3.5120685101
-7.6084947586 -4.1486740112 3.7301037312
-7.7295403481 -4.0066766739 3.9497411251
-7.4343061447 -4.1837730408 3.5122878551
-7.6220378876 -4.1381869316 3.7314178944
-7.7349290848 -3.9904103279 3.9509601593
-7.4513559341 -4.1817021370 3.5126531124
-7.6350455284 -4.1270532608 3.7328131199
-7.7395110130 -3.9739000797 3.9521973133
-7.4682817459 -4.1788101196 3.5131630898
-7.6474876404 -4.1152997017 3.7342860699
-7.7432746887 -3.9571855068 3.9534499645
-7.4850430489 -4.1751031876 3.5138165951
-7.6593327522 -4.1029543877 3.7358331680
-7.7462120056 -3.9403069019 3.9547147751
-7.5015997887 -4.1705908775 3.5146121979
-7.6705536842 -4.0900473595 3.7374505997
-7.7483148575 -3.9233047962 3.9559888840
-7.5179114342 -4.1652841568 3.5155479908
-7.6811227798 -4.0766096115 3.7391345501
-7.7495784760 -3.9062204361 3.9572691917
-7.7500000000 -3.8890948296 3.9585525990
-7.5339393616 -4.1591954231 3.5166215897
-7.6910142899 -4.0626735687 3.7408809662
-7.5496444702 -4.1523399353 3.5178303719
-7.7002048492 -4.0482726097 3.7426855564
-7.5649890900 -4.1447334290 3.5191717148
-7.7086725235 -4.0334415436 3.7445442677
-7.5799360275 -4.1363945007 3.5206420422
-7.7163963318 -4.0182156563 3.7464523315
-7.5944495201 -4.1273436546 3.5222380161
-7.7233576775 -4.0026326180 3.7484049797
-7.4171738625 -4.1430325508 3.3043799400
-7.6084947586 -4.1176018715 3.5239555836
-7.7295403481 -3.9867293835 3.7503979206
-7.4343061447 -4.1418004036 3.3046610355
-7.6220378876 -4.1071934700 3.5257909298
-7.7349290848 -3.9705440998 3.7524263859
-7.4513559341 -4.1397504807 3.3051290512
-7.6350455284 -4.0961432457 3.5277395248
-7.7395110130 -3.9541158676 3.7544848919
-7.4682817459 -4.1368870735 3.3057825565
-7.6474876404 -4.0844779015 3.5297963619
-7.7432746887 -3.9374845028 3.7565691471
-7.4850430489 -4.1332173347 3.3066201210
-7.6593327522 -4.0722250938 3.5319569111
-7.7462120056 -3.9206900597 3.7586739063
-7.5015997887 -4.1287508011 3.3076395988
-7.6705536842 -4.0594148636 3.5342156887
-7.7483148575 -3.9037725925 3.7607939243
-7.5179114342 -4.1234970093 3.3088386059
-7.6811227798 -4.0460772514 3.5365674496
-7.7495784760 -3.8867733479 3.7629241943
-7.7500000000 -3.8697328568 3.7650594711
-7.5339393616 -4.1174693108 3.3102145195
-7.6910142899 -4.0322456360 3.5390062332
-7.5496444702 -4.1106824875 3.3117635250
-7.7002048492 -4.0179524422 3.5415265560
-7.5649890900 -4.1031522751 3.3134822845
-7.7086725235 -4.0032324791 3.5441219807
-7.5799360275 -4.0948972702 3.3153665066
-7.7163963318 -3.9881210327 3.5467865467
-7.5944495201 -4.0859370232 3.3174116611
-7.7233576775 -3.9726545811 3.5495138168
-7.4171738625 -4.0907473564 3.0990421772
-7.6084947586 -4.0762929916 3.3196127415
-7.7295403481 -3.9568703175 3.5522971153
-7.4343061447 -4.0895304680 3.0993845463
-7.6220378876 -4.0659890175 3.3219645023
-7.7349290848 -3.9408063889 3.5551295280
-7.4513559341 -4.0875062943 3.0999541283
-7.6350455284 -4.0550498962 3.3244614601
-7.7395110130 -3.9245014191 3.5580046177
-7.4682817459 -4.0846791267 3.1007494926
-7.6474876404 -4.0435013771 3.3270971775
-7.7432746887 -3.9079945087 3.5609152317
-7.4850430489 -4.0810561180 3.1017689705
-7.6593327522 -4.0313715935 3.3298656940
-7.7462120056 -3.8913257122 3.5638542175
-7.5015997887 -4.0766453743 3.1030097008
-7.6705536842 -4.0186896324 3.3327603340
-7.7483148575 -3.8745350838 3.5668148994
-7.5179114342 -4.0714583397 3.1044692993
-7.6811227798 -4.0054860115 3.3357739449
-7.7495784760 -3.8576629162 3.5697898865
-7.7500000000 -3.8407502174 3.5727720261
-7.5339393616 -4.0655064583 3.1061437130
-7.6910142899 -3.9917931557 3.3388993740
-7.5496444702 -4.0588054657 3.1080293655
-7.7002048492 -3.9776434898 3.3421287537
-7.5649890900 -4.0513701439 3.1101212502
-7.7086725235 -3.9630711079 3.3454549313
-7.5799360275 -4.0432190895 3.1124145985
-7.7163963318 -3.9481112957 3.3488693237
-7.5944495201 -4.0343718529 3.1149036884
-7.7233576775 -3.9327998161 3.3523640633
-7.4171738625 -4.0282917023 2.8965659142
-7.6084947586 -4.0248498917 3.1175827980
-7.7295403481 -3.9171741009 3.3559305668
-7.4343061447 -4.0270934105 2.8969686031
-7.6220378876 -4.0146760941 3.1204452515
-7.7349290848 -3.9012711048 3.3595602512
-7.4513559341 -4.0251002312 2.8976383209
-7.6350455284 -4.0038747787 3.1234843731
-7.7395110130 -3.8851296902 3.3632445335
-7.4682817459 -4.0223164558 2.8985736370
-7.6474876404 -3.9924719334 3.1266925335
-7.7432746887 -3.8687884808 3.3669743538
-7.4850430489 -4.0187482834 2.8997724056
-7.6593327522 -3.9804952145 3.1300623417
-7.7462120056 -3.8522868156 3.3707406521
-7.5015997887 -4.0144052505 2.9012315273
-7.6705536842 -3.9679734707 3.1335854530
-7.7483148575 -3.8356647491 3.3745346069
-7.5179114342 -4.0092968941 2.9029479027
-7.6811227798 -3.9549367428 3.1372532845
-7.7495784760 -3.8189618587 3.3783469200
-7.7500000000 -3.8022189140 3.3821682930
-7.5339393616 -4.0034365654 2.9049170017
-7.6910142899 -3.9414165020 3.1410572529
-7.5496444702 -3.9968373775 2.9071340561
-7.7002048492 -3.9274451733 3.1449882984
-7.5649890900 -3.9895157814 2.9095940590
-7.7086725235 -3.9130568504 3.1490364075
-7.5799360275 -3.9814891815 2.9122908115
-7.7163963318 -3.8982858658 3.1531925201
-7.5944495201 -3.9727771282 2.9152178764
-7.7233576775 -3.8831677437 3.1574459076
-7.4171738625 -3.9558210373 2.6974546909
-7.6084947586 -3.9634006023 2.9183683395
-7.7295403481 -3.8677389622 3.1617870331
-7.4343061447 -3.9546446800 2.6979162693
-7.6220378876 -3.9533817768 2.9217343330
-7.7349290848 -3.8520369530 3.1662049294
-7.4513559341 -3.9526870251 2.6986846924
-7.6350455284 -3.9427454472 2.9253079891
-7.7395110130 -3.8360991478 3.1706891060
-7.4682817459 -3.9499530792 2.6997575760
-7.6474876404 -3.9315166473 2.9290807247
-7.7432746887 -3.8199641705 3.1752288342
-7.4850430489 -3.9464495182 2.7011327744
-7.6593327522 -3.9197227955 2.9330432415
-7.7462120056 -3.8036708832 3.1798129082
-7.5015997887 -3.9421844482 2.7028067112
-7.6705536842 -3.9073922634 2.9371860027
-7.7483148575 -3.7872583866 3.1844308376
-7.5179114342 -3.9371681213 2.7047753334
-7.6811227798 -3.8945546150 2.9414992332
-7.7495784760 -3.7707662582 3.1890709400
-7.7500000000 -3.7542345524 3.1937222481
-7.5339393616 -3.9314129353 2.7070341110
-7.6910142899 -3.8812408447 2.9459724426
-7.5496444702 -3.9249324799 2.7095775604
-7.7002048492 -3.8674829006 2.9505949020
-7.5649890900 -3.9177427292 2.7123992443
-7.7086725235 -3.8533141613 2.9553554058
-7.5799360275 -3.9098606110 2.7154927254
-7.7163963318 -3.8387684822 2.9602422714
-7.5944495201 -3.9013051987 2.7188506126
-7.7233576775 -3.8238813877 2.9652442932
-7.4171738625 -3.8735156059 2.5022032261
-7.6084947586 -3.8920972347 2.7224643230
-7.7295403481 -3.8086881638 2.9703488350
-7.4343061447 -3.8723635674 2.5027229786
-7.6220378876 -3.8822588921 2.7263257504
-7.7349290848 -3.7932257652 2.9755439758
-7.4513559341 -3.8704469204 2.5035879612
-7.6350455284 -3.8718137741 2.7304251194
-7.7395110130 -3.7775313854 2.9808170795
-7.4682817459 -3.8677699566 2.5047957897
-7.6474876404 -3.8607871532 2.7347526550
-7.7432746887 -3.7616426945 2.9861552715
-7.4850430489 -3.8643391132 2.5063438416
-7.6593327522 -3.8492054939 2.7392981052
-7.7462120056 -3.7455980778 2.9915459156
-7.5015997887 -3.8601627350 2.5082283020
-7.6705536842 -3.8370966911 2.7440505028
-7.7483148575 -3.7294361591 2.9969761372
-7.5179114342 -3.8552508354 2.5104446411
-7.6811227798 -3.8244898319 2.7489984035
-7.7495784760 -3.7131960392 3.0024325848
-7.7500000000 -3.6969165802 3.0079021454
-7.7500000000 -3.6304075718 2.8251700401
-7.5339393616 -3.8496153355 2.5129873753
-7.6910142899 -3.8114156723 2.7541296482
-7.5496444702 -3.8432698250 2.5158505440
-7.7002048492 -3.7979052067 2.7594320774
-7.5649890900 -3.8362295628 2.5190272331
-7.7086725235 -3.7839913368 2.7648928165
-7.5799360275 -3.8285114765 2.5225098133
-7.7163963318 -3.7697074413 2.7704987526
-7.5944495201 -3.8201341629 2.5262899399
-7.7233576775 -3.7550880909 2.7762365341
-7.4171738625 -3.7815799713 2.3112969398
-7.6084947586 -3.8111176491 2.5303580761
-7.7295403481 -3.7401683331 2.7820920944
-7.4343061447 -3.7804553509 2.3118736744
-7.6220378876 -3.8014841080 2.5347051620
-7.7349290848 -3.7249841690 2.7880516052
-7.4513559341 -3.7785842419 2.3128328323
-7.6350455284 -3.7912561893 2.5393199921
-7.7395110130 -3.7095720768 2.7941002846
-7.4682817459 -3.7759706974 2.3141727448
-7.6474876404 -3.7804589272 2.5441918373
-7.7432746887 -3.6939692497 2.8002238274
-7.4850430489 -3.7726211548 2.3158898354
-7.6593327522 -3.7691183090 2.5493090153
-7.7462120056 -3.6782133579 2.8064076900
-7.5015997887 -3.7685439587 2.3179802895
-7.6705536842 -3.7572615147 2.5546591282
-7.7483148575 -3.6623420715 2.8126366138
-7.5179114342 -3.7637488842 2.3204386234
-7.6811227798 -3.7449169159 2.5602290630
-7.7495784760 -3.6463942528 2.8188958168
-7.5339393616 -3.7582471371 2.3232591152
-7.6910142899 -3.7321147919 2.5660057068
-7.5496444702 -3.7520520687 2.3264350891
-7.7002048492 -3.7188854218 2.5719749928
-7.5649890900 -3.7451789379 2.3299586773
-7.7086725235 -3.7052612305 2.5781226158
-7.5799360275 -3.7376439571 2.3338217735
-7.7163963318 -3.6912744045 2.5844335556
-7.5944495201 -3.7294654846 2.3380146027
-7.7233576775 -3.6769592762 2.5908927917
-7.4171738625 -3.6802427769 2.1252107620
-7.6084947586 -3.7206630707 2.3425273895
-7.7295403481 -3.6623497009 2.5974848270
-7.4343061447 -3.6791484356 2.1258425713
-7.6220378876 -3.7112581730 2.3473489285
-7.7349290848 -3.6474814415 2.6041936874
-7.4513559341 -3.6773271561 2.1268939972
-7.6350455284 -3.7012732029 2.3524680138
-7.7395110130 -3.6323900223 2.6110031605
-7.4682817459 -3.6747837067 2.1283626556
-7.6474876404 -3.6907320023 2.3578720093
-7.7432746887 -3.6171119213 2.6178970337
-7.4850430489 -3.6715242863 2.1302444935
-7.6593327522 -3.6796605587 2.3635480404
-7.7462120056 -3.6016838551 2.6248583794
-7.5015997887 -3.6675562859 2.1325354576
-7.6705536842 -3.6680850983 2.3694825172
-7.7483148575 -3.5861430168 2.6318707466
-7.5179114342 -3.6628894806 2.1352298260
-7.6811227798 -3.6560337543 2.3756608963
-7.7495784760 -3.5705268383 2.6389169693
-7.7500000000 -3.5548727512 2.6459803581
-7.5339393616 -3.6575350761 2.1383211613
-7.6910142899 -3.6435351372 2.3820683956
-7.5496444702 -3.6515061855 2.1418018341
-7.7002048492 -3.6306200027 2.3886897564
-7.5649890900 -3.6448173523 2.1456637383
-7.7086725235 -3.6173188686 2.3955087662
-7.5799360275 -3.6374843121 2.1498975754
-7.7163963318 -3.6036643982 2.4025092125
-7.5944495201 -3.6295249462 2.1544928551
-7.7233576775 -3.5896887779 2.4096739292
-7.4171738625 -3.5697560310 1.9444071054
-7.6084947586 -3.6209583282 2.1594386101
-7.7295403481 -3.5754261017 2.4169859886
-7.4343061447 -3.5686943531 1.9450927973
-7.6220378876 -3.6118054390 2.1647231579
-7.7349290848 -3.5609107018 2.4244275093
-7.4513559341 -3.5669279099 1.9462336302
-7.6350455284 -3.6020879745 2.1703336239
-7.7395110130 -3.5461773872 2.4319808483
-7.4682817459 -3.5644607544 1.9478271008
-7.6474876404 -3.5918295383 2.1762564182
-7.7432746887 -3.5312619209 2.4396276474
-7.4850430489 -3.5612990856 1.9498691559
-7.6593327522 -3.5810544491 2.1824772358
-7.7462120056 -3.5162000656 2.4473495483
-7.5015997887 -3.5574502945 1.9523550272
-7.6705536842 -3.5697894096 2.1889810562
-7.7483148575 -3.5010280609 2.4551277161
-7.5179114342 -3.5529236794 1.9552786350
-7.6811227798 -3.5580608845 2.1957526207
-7.7495784760 -3.4857823849 2.4629435539
-7.7500000000 -3.4704999924 2.4707784653
-7.5339393616 -3.5477299690 1.9586329460
-7.6910142899 -3.5458972454 2.2027752399
-7.5496444702 -3.5418820381 1.9624099731
-7.7002048492 -3.5333282948 2.2100319862
-7.5649890900 -3.5353939533 1.9666005373
-7.7086725235 -3.5203835964 2.2175054550
-7.5799360275 -3.5282812119 1.9711945057
-7.7163963318 -3.5070948601 2.2251777649
-7.5944495201 -3.5205607414 1.9761807919
-7.7233576775 -3.4934937954 2.2330303192
-7.4171738625 -3.4503941536 1.7693355083
-7.6084947586 -3.5122513771 1.9815475941
-7.7295403481 -3.4796133041 2.2410442829
-7.4343061447 -3.4493682384 1.7700731754
-7.6220378876 -3.5033731461 1.9872816801
-7.7349290848 -3.4654870033 2.2492001057
-7.4513559341 -3.4476606846 1.7713007927
-7.6350455284 -3.4939475060 1.9933694601
-7.7395110130 -3.4511485100 2.2574784756
-7.4682817459 -3.4452760220 1.7730151415
-7.6474876404 -3.4839968681 1.9997962713
-7.7432746887 -3.4366326332 2.2658591270
-7.4850430489 -3.4422199726 1.7752122879
-7.6593327522 -3.4735455513 2.0065464973
-7.7462120056 -3.4219744205 2.2743222713
-7.5015997887 -3.4384999275 1.7778868675
-7.6705536842 -3.4626185894 2.0136039257
-7.7483148575 -3.4072089195 2.2828469276
-7.5179114342 -3.4341247082 1.7810325623
-7.6811227798 -3.4512422085 2.0209515095
-7.7495784760 -3.3923718929 2.2914130688
-7.7500000000 -3.3774991035 2.2999999523
-7.5339393616 -3.4291048050 1.7846416235
-7.6910142899 -3.4394438267 2.0285716057
-7.5496444702 -3.4234523773 1.7887053490
-7.7002048492 -3.4272520542 2.0364460945
-7.5649890900 -3.4171810150 1.7932140827
-7.7086725235 -3.4146959782 2.0445554256
-7.5799360275 -3.4103059769 1.7981568575
-7.7163963318 -3.4018061161 2.0528805256
-7.5944495201 -3.4028439522 1.8035218716
-7.7233576775 -3.3886134624 2.0614013672
-7.4171738625 -3.3224542141 1.6004312038
-7.6084947586 -3.3948123455 1.8092961311
-7.7295403481 -3.3751497269 2.0700972080
-7.4343061447 -3.3214662075 1.6012191772
-7.6220378876 -3.3862309456 1.8154656887
-7.7349290848 -3.3614473343 2.0789470673
-7.4513559341 -3.3198220730 1.6025302410
-7.6350455284 -3.3771204948 1.8220157623
-7.7395110130 -3.3475394249 2.0879297256
-7.4682817459 -3.3175258636 1.6043614149
-7.6474876404 -3.3675026894 1.8289304972
-7.7432746887 -3.3334593773 2.0970237255
-7.4850430489 -3.3145830631 1.6067081690
-7.6593327522 -3.3574006557 1.8361933231
-7.7462120056 -3.3192412853 2.1062066555
-7.5015997887 -3.3110008240 1.6095649004
-7.6705536842 -3.3468389511 1.8437865973
-7.7483148575 -3.3049190044 2.1154570580
-7.5179114342 -3.3067879677 1.6129246950
-7.6811227798 -3.3358430862 1.8516921997
-7.7495784760 -3.2905273438 2.1247520447
-7.7500000000 -3.2761011124 2.1340696812
-7.7500000000 -3.1665582657 1.9733996391
-7.5339393616 -3.3019540310 1.6167794466
-7.6910142899 -3.3244392872 1.8598909378
-7.5496444702 -3.2965114117 1.6211199760
-7.7002048492 -3.3126549721 1.8683631420
-7.5649890900 -3.2904725075 1.6259356737
-7.7086725235 -3.3005189896 1.8770884275
-7.5799360275 -3.2838525772 1.6312149763
-7.7163963318 -3.2880601883 1.8860458136
-7.5944495201 -3.2766668797 1.6369452477
-7.7233576775 -3.2753086090 1.8952134848
-7.4171738625 -3.1862540245 1.4381141663
-7.6084947586 -3.2689332962 1.6431126595
-7.7295403481 -3.2622950077 1.9045696259
-7.4343061447 -3.1853065491 1.4389503002
-7.6220378876 -3.2606701851 1.6497023106
-7.7349290848 -3.2490508556 1.9140915871
-7.4513559341 -3.1837298870 1.4403418303
-7.6350455284 -3.2518973351 1.6566983461
-7.7395110130 -3.2356078625 1.9237563610
-7.4682817459 -3.1815276146 1.4422851801
-7.6474876404 -3.2426362038 1.6640839577
-7.7432746887 -3.2219986916 1.9335407019
-7.4850430489 -3.1787056923 1.4447757006
-7.6593327522 -3.2329089642 1.6718412638
-7.7462120056 -3.2082557678 1.9434211254
-7.5015997887 -3.1752703190 1.4478074312
-7.6705536842 -3.2227387428 1.6799515486
-7.7483148575 -3.1944124699 1.9533737898
-7.5179114342 -3.1712298393 1.4513729811
-7.6811227798 -3.2121505737 1.6883953810
-7.7495784760 -3.1805021763 1.9633746147
-7.5339393616 -3.1665942669 1.4554638863
-7.6910142899 -3.2011694908 1.6971524954
-7.5496444702 -3.1613745689 1.4600703716
-7.7002048492 -3.1898224354 1.7062015533
-7.5649890900 -3.1555833817 1.4651809931
-7.7086725235 -3.1781363487 1.7155208588
-7.5799360275 -3.1492347717 1.4707838297
-7.7163963318 -3.1661393642 1.7250881195
-7.5944495201 -3.1423437595 1.4768651724
-7.7233576775 -3.1538605690 1.7348800898
-7.4171738625 -3.0421323776 1.2827879190
-7.6084947586 -3.1349272728 1.4834103584
-7.7295403481 -3.1413297653 1.7448731661
-7.4343061447 -3.0412275791 1.2836703062
-7.6220378876 -3.1270027161 1.4904036522
-7.7349290848 -3.1285765171 1.7550433874
-7.4513559341 -3.0397222042 1.2851386070
-7.6350455284 -3.1185896397 1.4978283644
-7.7395110130 -3.1156320572 1.7653663158
-7.4682817459 -3.0376198292 1.2871892452
-7.6474876404 -3.1097080708 1.5056663752
-7.7432746887 -3.1025273800 1.7758169174
-7.4850430489 -3.0349252224 1.2898173332
-7.6593327522 -3.1003794670 1.5138988495
-7.7462120056 -3.0892941952 1.7863700390
-7.5015997887 -3.0316452980 1.2930165529
-7.6705536842 -3.0906262398 1.5225061178
-7.7483148575 -3.0759642124 1.7970002890
-7.5179114342 -3.0277876854 1.2967791557
-7.6811227798 -3.0804722309 1.5314671993
-7.7495784760 -3.0625696182 1.8076821566
-7.7500000000 -3.0491428375 1.8183897734
-7.5339393616 -3.0233619213 1.3010960817
-7.6910142899 -3.0699412823 1.5407607555
-7.5496444702 -3.0183782578 1.3059568405
-7.7002048492 -3.0590593815 1.5503641367
-7.5649890900 -3.0128490925 1.3113499880
-7.7086725235 -3.0478522778 1.5602544546
-7.5799360275 -3.0067875385 1.3172621727
-7.7163963318 -3.0363471508 1.5704077482
-7.5944495201 -3.0002081394 1.3236794472
-7.7233576775 -3.0245718956 1.5807995796
-7.4171738625 -2.8904473782 1.1348385811
-7.6084947586 -2.9931271076 1.3305861950
-7.7295403481 -3.0125544071 1.5914049149
-7.4343061447 -2.8895878792 1.1357649565
-7.6220378876 -2.9855611324 1.3379658461
-7.7349290848 -3.0003242493 1.6021982431
-7.4513559341 -2.8881576061 1.1373064518
-7.6350455284 -2.9775285721 1.3458006382
-7.7395110130 -2.9879102707 1.6131534576
-7.4682817459 -2.8861598969 1.1394593716
-7.6474876404 -2.9690487385 1.3540716171
-7.7432746887 -2.9753429890 1.6242442131
-7.4850430489 -2.8835997581 1.1422185898
-7.6593327522 -2.9601421356 1.3627588749
-7.7462120056 -2.9626522064 1.6354439259
-7.5015997887 -2.8804833889 1.1455773115
-7.6705536842 -2.9508302212 1.3718415499
-7.7483148575 -2.9498686790 1.6467254162
-7.5179114342 -2.8768181801 1.1495274305
-7.6811227798 -2.9411351681 1.3812977076
-7.7495784760 -2.9370231628 1.6580616236
-7.7500000000 -2.9241466522 1.6694252491
-7.5339393616 -2.8726129532 1.1540596485
-7.6910142899 -2.9310808182 1.3911045790
-7.5496444702 -2.8678777218 1.1591628790
-7.7002048492 -2.9206910133 1.4012384415
-7.5649890900 -2.8626241684 1.1648248434
-7.7086725235 -2.9099907875 1.4116750956
-7.5799360275 -2.8568649292 1.1710318327
-7.7163963318 -2.8990061283 1.4223892689
-7.5944495201 -2.8506138325 1.1777690649
-7.7233576775 -2.8877632618 1.4333550930
-7.4171738625 -2.7315764427 0.9946340919
-7.6084947586 -2.8438856602 1.1850202084
-7.7295403481 -2.8762896061 1.4445463419
-7.4343061447 -2.7307639122 0.9956021905
-7.6220378876 -2.8366968632 1.1927678585
-7.7349290848 -2.8646125793 1.4559358358
-7.4513559341 -2.7294123173 0.9972130656
-7.6350455284 -2.8290648460 1.2009931803
-7.7395110130 -2.8527603149 1.4674961567
-7.4682817459 -2.7275245190 0.9994629025
-7.6474876404 -2.8210077286 1.2096766233
-7.7432746887 -2.8407611847 1.4791996479
-7.4850430489 -2.7251050472 1.0023461580
-7.6593327522 -2.8125452995 1.2187970877
-7.7462120056 -2.8286445141 1.4910179377
-7.5015997887 -2.7221598625 1.0058560371
-7.6705536842 -2.8036975861 1.2283326387
-7.7483148575 -2.8164391518 1.5029226542
-7.5179114342 -2.7186961174 1.0099840164
-7.6811227798 -2.7944860458 1.2382602692
-7.7495784760 -2.8041749001 1.5148850679
-7.7500000000 -2.7918806076 1.5268764496
-7.5339393616 -2.7147221565 1.0147202015
-7.6910142899 -2.7849330902 1.2485560179
-7.5496444702 -2.7102472782 1.0200530291
-7.7002048492 -2.7750611305 1.2591953278
-7.5649890900 -2.7052824497 1.0259698629
-7.7086725235 -2.7648944855 1.2701523304
-7.5799360275 -2.6998398304 1.0324562788
-7.7163963318 -2.7544577122 1.2814006805
-7.5944495201 -2.6939320564 1.0394967794
-7.7233576775 -2.7437753677 1.2929133177
-7.4171738625 -2.5659141541 0.8625229001
-7.6084947586 -2.6875739098 1.0470741987
-7.7295403481 -2.7328739166 1.3046624660
-7.4343061447 -2.5651512146 0.8635302782
-7.6220378876 -2.6807801723 1.0551705360
-7.7349290848 -2.7217788696 1.3166198730
-7.4513559341 -2.5638813972 0.8652065396
-7.6350455284 -2.6735675335 1.0637661219
-7.7395110130 -2.7105176449 1.3287566900
-7.4682817459 -2.5621080399 0.8675476909
-7.6474876404 -2.6659533978 1.0728403330
-7.7432746887 -2.6991169453 1.3410437107
-7.4850430489 -2.5598354340 0.8705480099
-7.6593327522 -2.6579561234 1.0823712349
-7.7462120056 -2.6876044273 1.3534513712
-7.5015997887 -2.5570688248 0.8742003441
-7.6705536842 -2.6495947838 1.0923359394
-7.7483148575 -2.6760077477 1.3659496307
-7.5179114342 -2.5538151264 0.8784958124
-7.6811227798 -2.6408894062 1.1027103662
-7.7495784760 -2.6643548012 1.3785084486
-7.7500000000 -2.6526737213 1.3910976648
-7.5339393616 -2.5500822067 0.8834241629
-7.6910142899 -2.6318614483 1.1134696007
-7.5496444702 -2.5458786488 0.8889734745
-7.7002048492 -2.6225323677 1.1245877743
-7.5649890900 -2.5412149429 0.8951303959
-7.7086725235 -2.6129245758 1.1360378265
-7.5799360275 -2.5361022949 0.9018800259
-7.7163963318 -2.6030611992 1.1477924585
-7.5944495201 -2.5305528641 0.9092062116
-7.7233576775 -2.5929660797 1.1598232985
-7.4171738625 -2.3938727379 0.7388335466
-7.6084947586 -2.5245802402 0.9170912504
-7.7295403481 -2.5826637745 1.1721012592
-7.4343061447 -2.3931608200 0.7398777008
-7.6220378876 -2.5181987286 0.9255161285
-7.7349290848 -2.5721786022 1.1845967770
-7.4513559341 -2.3919763565 0.7416151762
-7.6350455284 -2.5114235878 0.9344605207
-7.7395110130 -2.5615363121 1.1972799301
-7.4682817459 -2.3903217316 0.7440418005
-7.6474876404 -2.5042712688 0.9439029694
-7.7432746887 -2.5507621765 1.2101199627
-7.4850430489 -2.3882014751 0.7471516728
-7.6593327522 -2.4967586994 0.9538207054
-7.7462120056 -2.5398824215 1.2230859995
-7.5015997887 -2.3856205940 0.7509373426
-7.6705536842 -2.4889044762 0.9641897678
-7.7483148575 -2.5289230347 1.2361468077
-7.5179114342 -2.3825850487 0.7553896904
-7.6811227798 -2.4807271957 0.9749853015
-7.7495784760 -2.5179107189 1.2492709160
-7.7500000000 -2.5068717003 1.2624266148
-7.5339393616 -2.3791022301 0.7604979873
-7.6910142899 -2.4722466469 0.9861811399
-7.5496444702 -2.3751804829 0.7662499547
-7.7002048492 -2.4634833336 0.9977504015
-7.5649890900 -2.3708295822 0.7726316452
-7.7086725235 -2.4544582367 1.0096652508
-7.5799360275 -2.3660597801 0.7796277404
-7.7163963318 -2.4451930523 1.0218969584
-7.5944495201 -2.3608825207 0.7872214317
-7.7233576775 -2.4357101917 1.0344159603
-7.4171738625 -2.2158796787 0.6238734722
-7.6084947586 -2.3553102016 0.7953943610
-7.7295403481 -2.4260325432 1.0471922159
-7.4343061447 -2.2152209282 0.6249518394
-7.6220378876 -2.3493564129 0.8041268587
-7.7349290848 -2.4161834717 1.0601948500
-7.4513559341 -2.2141242027 0.6267462373
-7.6350455284 -2.3430356979 0.8133978844
-7.7395110130 -2.4061865807 1.0733926296
-7.4682817459 -2.2125928402 0.6292522550
-7.6474876404 -2.3363628387 0.8231851459
-7.7432746887 -2.3960659504 1.0867537260
-7.4850430489 -2.2106301785 0.6324639916
-7.6593327522 -2.3293540478 0.8334649801
-7.7462120056 -2.3858458996 1.1002459526
-7.5015997887 -2.2082412243 0.6363735795
-7.6705536842 -2.3220264912 0.8442126513
-7.7483148575 -2.3755512238 1.1138367653
-7.5179114342 -2.2054312229 0.6409717202
-7.6811227798 -2.3143975735 0.8554023504
-7.7495784760 -2.3652067184 1.1274935007
-7.7500000000 -2.3548371792 1.1411832571
-7.5339393616 -2.2022075653 0.6462472677
-7.6910142899 -2.3064856529 0.8670070171
-7.5496444702 -2.1985774040 0.6521875262
-7.7002048492 -2.2983098030 0.8789986968
-7.5649890900 -2.1945500374 0.6587781906
-7.7086725235 -2.2898898125 0.8913486004
-7.5799360275 -2.1901347637 0.6660033464
-7.7163963318 -2.2812459469 0.9040268660
-7.5944495201 -2.1853423119 0.6738456488
-7.7233576775 -2.2723989487 0.9170030355
-7.4171738625 -2.0323777199 0.5179285407
-7.6084947586 -2.1801846027 0.6822862029
-7.7295403481 -2.2633700371 0.9302457571
-7.4343061447 -2.0317733288 0.5190384388
-7.6220378876 -2.1746735573 0.6913045645
-7.7349290848 -2.2541813850 0.9437232018
-7.4513559341 -2.0307676792 0.5208852291
-7.6350455284 -2.1688225269 0.7008791566
-7.7395110130 -2.2448546886 0.9574028850
-7.4682817459 -2.0293631554 0.5234645009
-7.6474876404 -2.1626458168 0.7109868526
-7.7432746887 -2.2354125977 0.9712518454
-7.4850430489 -2.0275628567 0.5267700553
-7.6593327522 -2.1561584473 0.7216032743
-7.7462120056 -2.2258780003 0.9852367640
-7.5015997887 -2.0253717899 0.5307939053
-7.6705536842 -2.1493754387 0.7327028513
-7.7483148575 -2.2162735462 0.9993238449
-7.5179114342 -2.0227944851 0.5355263352
-7.6811227798 -2.1423137188 0.7442588806
-7.7495784760 -2.2066226006 1.0134792328
-7.7500000000 -2.1969482899 1.0276688337
-7.7500000000 -2.0335972309 0.9221655726
-7.5339393616 -2.0198376179 0.5409560204
-7.6910142899 -2.1349902153 0.7562435269
-7.5496444702 -2.0165083408 0.5470698476
-7.7002048492 -2.1274223328 0.7686278224
-7.5649890900 -2.0128142834 0.5538530946
-7.7086725235 -2.1196281910 0.7813820839
-7.5799360275 -2.0087647438 0.5612893701
-7.7163963318 -2.1116271019 0.7944754362
-7.5944495201 -2.0043692589 0.5693607926
-7.7233576775 -2.1034379005 0.8078764677
-7.4171738625 -1.8438229561 0.4212621450
-7.6084947586 -1.9996385574 0.5780478716
-7.7295403481 -2.0950803757 0.8215528131
-7.4343061447 -1.8432745934 0.4224007428
-7.6220378876 -1.9945838451 0.5873298049
-7.7349290848 -2.0865750313 0.8354715109
-7.4513559341 -1.8423622847 0.4242953956
-7.6350455284 -1.9892175198 0.5971841216
-7.7395110130 -2.0779416561 0.8495990634
-7.4682817459 -1.8410879374 0.4269414544
-7.6474876404 -1.9835523367 0.6075870991
-7.7432746887 -2.0692017078 0.8639014959
-7.4850430489 -1.8394548893 0.4303326309
-7.6593327522 -1.9776020050 0.6185137033
-7.7462120056 -2.0603759289 0.8783442378
-7.5015997887 -1.8374668360 0.4344606996
-7.6705536842 -1.9713809490 0.6299375892
-7.7483148575 -2.0514855385 0.8928925395
-7.5179114342 -1.8351287842 0.4393157661
-7.6811227798 -1.9649039507 0.6418312788
-7.7495784760 -2.0425522327 0.9075114131
-7.5339393616 -1.8324463367 0.4448860586
-7.6910142899 -1.9581867456 0.6541660428
-7.5496444702 -1.8294258118 0.4511582553
-7.7002048492 -1.9512455463 0.6669121981
-7.5649890900 -1.8260744810 0.4581171572
-7.7086725235 -1.9440970421 0.6800391078
-7.5799360275 -1.8224006891 0.4657460451
-7.7163963318 -1.9367585182 0.6935150027
-7.5944495201 -1.8184130192 0.4740265310
-7.7233576775 -1.9292474985 0.7073075771
-7.4171738625 -1.6506841183 0.3341145813
-7.6084947586 -1.8141211271 0.4829386771
-7.7295403481 -1.9215821028 0.7213835120
-7.4343061447 -1.6501932144 0.3352791071
-7.6220378876 -1.8095353842 0.4924609959
-7.7349290848 -1.9137809277 0.7357088923
-7.4513559341 -1.6493763924 0.3372168541
-7.6350455284 -1.8046668768 0.5025705695
-7.7395110130 -1.9058626890 0.7502492070
-7.4682817459 -1.6482355595 0.3399231732
-7.6474876404 -1.7995272875 0.5132430196
-7.7432746887 -1.8978464603 0.7649694681
-7.4850430489 -1.6467735767 0.3433915079
-7.6593327522 -1.7941290140 0.5244526267
-7.7462120056 -1.8897515535 0.7798342109
-7.5015997887 -1.6449937820 0.3476135731
-7.6705536842 -1.7884850502 0.5361723900
-7.7483148575 -1.8815975189 0.7948076129
-7.5179114342 -1.6429007053 0.3525791168
-7.6811227798 -1.7826091051 0.5483741164
-7.7495784760 -1.8734039068 0.8098535538
-7.7500000000 -1.8651905060 0.8249358535
-7.5339393616 -1.6404991150 0.3582762182
-7.6910142899 -1.7765151262 0.5610284209
-7.5496444702 -1.6377949715 0.3646911681
-7.7002048492 -1.7702178955 0.5741047263
-7.5649890900 -1.6347948313 0.3718084693
-7.7086725235 -1.7637325525 0.5875715613
-7.5799360275 -1.6315057278 0.3796109855
-7.7163963318 -1.7570748329 0.6013965607
-7.5944495201 -1.6279357672 0.3880799711
-7.7233576775 -1.7502605915 0.6155463457
-7.4171738625 -1.4534413815 0.2567025125
-7.6084947586 -1.6240935326 0.3971949518
-7.7295403481 -1.7433063984 0.6299868822
-7.4343061447 -1.4530091286 0.2578900754
-7.6220378876 -1.6199882030 0.4069340229
-7.7349290848 -1.7362290621 0.6446833014
-7.4513559341 -1.4522899389 0.2598661184
-7.6350455284 -1.6156296730 0.4172736704
-7.7395110130 -1.7290453911 0.6596002579
-7.4682817459 -1.4512854815 0.2626259327
-7.6474876404 -1.6110284328 0.4281890392
-7.7432746887 -1.7217729092 0.6747018099
-7.4850430489 -1.4499981403 0.2661628425
-7.6593327522 -1.6061955690 0.4396538138
-7.7462120056 -1.7144290209 0.6899515390
-7.5015997887 -1.4484310150 0.2704683542
-7.6705536842 -1.6011428833 0.4516403675
-7.7483148575 -1.7070313692 0.7053127885
-7.5179114342 -1.4465880394 0.2755320668
-7.6811227798 -1.5958822966 0.4641198218
-7.7495784760 -1.6995979548 0.7207484841
-7.7500000000 -1.6921465397 0.7362214327
-7.5339393616 -1.4444735050 0.2813418210
-7.6910142899 -1.5904266834 0.4770621061
-7.5496444702 -1.4420924187 0.2878835499
-7.7002048492 -1.5847890377 0.4904360771
-7.5649890900 -1.4394507408 0.2951415479
-7.7086725235 -1.5789830685 0.5042094588
-7.5799360275 -1.4365546703 0.3030983508
-7.7163963318 -1.5730227232 0.5183491111
-7.5944495201 -1.4334113598 0.3117347360
-7.7233576775 -1.5669223070 0.5328209996
-7.4171738625 -1.2525851727 0.1892184317
-7.6084947586 -1.4300282001 0.3210299015
-7.7295403481 -1.5606966019 0.5475901961
-7.4343061447 -1.2522127628 0.1904260516
-7.6220378876 -1.4264134169 0.3309614956
-7.7349290848 -1.5543605089 0.5626211166
-7.4513559341 -1.2515928745 0.1924355030
-7.6350455284 -1.4225755930 0.3415055871
-7.7395110130 -1.5479294062 0.5778776407
-7.4682817459 -1.2507271767 0.1952419430
-7.6474876404 -1.4185242653 0.3526367247
-7.7432746887 -1.5414186716 0.5933228731
-7.4850430489 -1.2496178150 0.1988386363
-7.6593327522 -1.4142688513 0.3643281162
-7.7462120056 -1.5348440409 0.6089197397
-7.5015997887 -1.2482672930 0.2032168955
-7.6705536842 -1.4098199606 0.3765516281
-7.7483148575 -1.5282213688 0.6246306300
-7.5179114342 -1.2466789484 0.2083661854
-7.6811227798 -1.4051879644 0.3892777860
-7.7495784760 -1.5215665102 0.6404176354
-7.7500000000 -1.5148956776 0.6562427878
-7.5339393616 -1.2448565960 0.2142741084
-7.6910142899 -1.4003841877 0.4024759531
-7.5496444702 -1.2428046465 0.2209264040
-7.7002048492 -1.3954203129 0.4161142707
-7.5649890900 -1.2405279875 0.2283070683
-7.7086725235 -1.3903080225 0.4301599562
-7.5799360275 -1.2380321026 0.2363983095
-7.7163963318 -1.3850599527 0.4445791543
-7.5944495201 -1.2353231907 0.2451806515
-7.7233576775 -1.3796885014 0.4593370855
-7.4171738625 -1.0486148596 0.1318300813
-7.6084947586 -1.2324075699 0.2546329200
-7.7295403481 -1.3742066622 0.4743982553
-7.4343061447 -1.0483031273 0.1330547631
-7.6220378876 -1.2292922735 0.2647323310
-7.7349290848 -1.3686276674 0.4897263646
-7.4513559341 -1.0477842093 0.1350926161
-7.6350455284 -1.2259849310 0.2754546106
-7.7395110130 -1.3629649878 0.5052844286
-7.4682817459 -1.0470594168 0.1379387230
-7.6474876404 -1.2224934101 0.2867738605
-7.7432746887 -1.3572322130 0.5210350752
-7.4850430489 -1.0461306572 0.1415862441
-7.6593327522 -1.2188260555 0.2986628413
-7.7462120056 -1.3514432907 0.5369402170
-7.5015997887 -1.0450000763 0.1460263878
-7.6705536842 -1.2149919271 0.3110929132
-7.7483148575 -1.3456119299 0.5529617071
-7.5179114342 -1.0436704159 0.1512484401
-7.6811227798 -1.2110000849 0.3240341246
-7.7495784760 -1.3397523165 0.5690608025
-7.7500000000 -1.3338785172 0.5851987600
-7.5339393616 -1.0421447754 0.1572398543
-7.6910142899 -1.2068601847 0.3374553323
-7.5496444702 -1.0404269695 0.1639861614
-7.7002048492 -1.2025822401 0.3513241410
-7.5649890900 -1.0385210514 0.1714711338
-7.7086725235 -1.1981765032 0.3656072021
-7.5799360275 -1.0364316702 0.1796767265
-7.7163963318 -1.1936535835 0.3802700639
-7.5944495201 -1.0341638327 0.1885831803
-7.7233576775 -1.1890244484 0.3952774107
-7.4171738625 -0.8420375586 0.0846801549
-7.6084947586 -1.0317229033 0.1981690228
-7.7295403481 -1.1843001842 0.4105930924
-7.4343061447 -0.8417871594 0.0859188586
-7.6220378876 -1.0291149616 0.2084111720
-7.7349290848 -1.1794922352 0.4261802137
-7.4513559341 -0.8413704634 0.0879800394
-7.6350455284 -1.0263462067 0.2192849666
-7.7395110130 -1.1746120453 0.4420012236
-7.4682817459 -0.8407885432 0.0908587351
-7.6474876404 -1.0234231949 0.2307641953
-7.7432746887 -1.1696715355 0.4580180049
-7.4850430489 -0.8400427699 0.0945480168
-7.6593327522 -1.0203530788 0.2428212017
-7.7462120056 -1.1646825075 0.4741919935
-7.5015997887 -0.8391348720 0.0990389884
-7.6705536842 -1.0171432495 0.2554269433
-7.7483148575 -1.1596570015 0.4904841781
-7.5179114342 -0.8380671144 0.1043208390
-7.6811227798 -1.0138014555 0.2685510516
-7.7495784760 -1.1546071768 0.5068553686
-7.7500000000 -1.1495451927 0.5232660770
-7.5339393616 -0.8368420601 0.1103808433
-7.6910142899 -1.0103356838 0.2821619213
-7.5496444702 -0.8354626298 0.1172043979
-7.7002048492 -1.0067543983 0.2962267399
-7.5649890900 -0.8339322209 0.1247750595
-7.7086725235 -1.0030660629 0.3107116222
-7.5799360275 -0.8322544098 0.1330745965
-7.7163963318 -0.9992796779 0.3255816996
-7.5944495201 -0.8304333091 0.1420830190
-7.7233576775 -0.9954043627 0.3408011496
-7.4171738625 -0.6333668232 0.0478858687
-7.6084947586 -0.8284733295 0.1517786235
-7.7295403481 -0.9914493561 0.3563332856
-7.4343061447 -0.6331784725 0.0491355099
-7.6220378876 -0.8263791203 0.1621380448
-7.7349290848 -0.9874243140 0.3721406758
-7.4513559341 -0.6328650117 0.0512148999
-7.6350455284 -0.8241557479 0.1731363237
-7.7395110130 -0.9833388329 0.3881852925
-7.4682817459 -0.6324272752 0.0541190244
-7.6474876404 -0.8218086362 0.1847469807
-7.7432746887 -0.9792028666 0.4044284225
-7.4850430489 -0.6318663359 0.0578408949
-7.6593327522 -0.8193433285 0.1969420314
-7.7462120056 -0.9750262499 0.4208309650
-7.5015997887 -0.6311834455 0.0623715408
-7.6705536842 -0.8167658448 0.2096921057
-7.7483148575 -0.9708191156 0.4373534322
-7.5179114342 -0.6303802729 0.0677000508
-7.6811227798 -0.8140823841 0.2229664773
-7.7495784760 -0.9665915966 0.4539559484
-7.7500000000 -0.9623538256 0.4705985785
-7.5339393616 -0.6294588447 0.0738135800
-7.6910142899 -0.8112993836 0.2367331684
-7.5496444702 -0.6284212470 0.0806974098
-7.7002048492 -0.8084235787 0.2509590089
-7.5649890900 -0.6272701025 0.0883349478
-7.7086725235 -0.8054618835 0.2656097710
-7.5799360275 -0.6260080934 0.0967078060
-7.7163963318 -0.8024213910 0.2806500793
-7.5944495201 -0.6246382594 0.1057958007
-7.7233576775 -0.7993094921 0.2960437834
-7.4171738625 -0.4231213629 0.0215387009
-7.6084947586 -0.6231639981 0.1155770496
-7.7295403481 -0.7961336374 0.3117537498
-7.4343061447 -0.4229955375 0.0227961764
-7.6220378876 -0.6215887666 0.1260279864
-7.7349290848 -0.7929015160 0.3277421296
-7.4513559341 -0.4227861762 0.0248886012
-7.6350455284 -0.6199163795 0.1371234208
-7.7395110130 -0.7896209359 0.3439704180
-7.4682817459 -0.4224937260 0.0278109387
-7.6474876404 -0.6181508899 0.1488366276
-7.7432746887 -0.7862997055 0.3603995442
-7.4850430489 -0.4221189618 0.0315561444
-7.6593327522 -0.6162965894 0.1611394137
-7.7462120056 -0.7829458714 0.3769899011
-7.5015997887 -0.4216627777 0.0361151956
-7.6705536842 -0.6143578291 0.1740021110
-7.7483148575 -0.7795675397 0.3937014937
-7.5179114342 -0.4211262465 0.0414771140
-7.6811227798 -0.6123393774 0.1873937398
-7.7495784760 -0.7761728764 0.4104941189
-7.7500000000 -0.7727699876 0.4273273051
-7.5339393616 -0.4205106497 0.0476289764
-7.6910142899 -0.6102460623 0.2012820393
-7.5496444702 -0.4198175073 0.0545559675
-7.7002048492 -0.6080828905 0.2156335562
-7.5649890900 -0.4190484583 0.0622413978
-7.7086725235 -0.6058551669 0.2304137051
-7.5799360275 -0.4182053804 0.0706667453
-7.7163963318 -0.6035681367 0.2455869019
-7.5944495201 -0.4172902703 0.0798117295
-7.7233576775 -0.6012274623 0.2611165643
-7.4171738625 -0.2118239999 0.0057041510
-7.6084947586 -0.4163053632 0.0896543041
-7.7295403481 -0.5988386273 0.2769652903
-7.4343061447 -0.2117610127 0.0069663357
-7.6220378876 -0.4152530432 0.1001707613
-7.7349290848 -0.5964074731 0.2930949330
-7.4513559341 -0.2116561830 0.0090665976
-7.6350455284 -0.4141358137 0.1113357693
-7.7395110130 -0.5939398408 0.3094665706
-7.4682817459 -0.2115097940 0.0119998772
-7.6474876404 -0.4129563868 0.1231224239
-7.7432746887 -0.5914416909 0.3260408044
-7.4850430489 -0.2113221735 0.0157591067
-7.6593327522 -0.4117175937 0.1355023384
-7.7462120056 -0.5889189839 0.3427776992
-7.5015997887 -0.2110937983 0.0203352328
-7.6705536842 -0.4104224145 0.1484456807
-7.7483148575 -0.5863778591 0.3596369624
-7.5179114342 -0.2108251899 0.0257172287
-7.6811227798 -0.4090739787 0.1619212776
-7.7495784760 -0.5838244557 0.3765779138
-7.7500000000 -0.5812648535 0.3935597837
-7.5339393616 -0.2105170190 0.0318921283
-7.6910142899 -0.4076755345 0.1758966595
-7.5496444702 -0.2101700008 0.0388450585
-7.7002048492 -0.4062304497 0.1903381646
-7.5649890900 -0.2097849995 0.0465592705
-7.7086725235 -0.4047421813 0.2052109838
-7.5799360275 -0.2093629390 0.0550161712
-7.7163963318 -0.4032143652 0.2204793096
-7.5944495201 -0.2089048177 0.0641953945
-7.7233576775 -0.4016506374 0.2361063510
-7.6084947586 -0.2084117681 0.0740748271
-7.7295403481 -0.4000547826 0.2520544529
-7.6220378876 -0.2078849375 0.0846306682
-7.7349290848 -0.3984306455 0.2682852149
-7.6350455284 -0.2073256373 0.0958374813
-7.7395110130 -0.3967821598 0.2847595215
-7.6474876404 -0.2067351788 0.1076682806
-7.7432746887 -0.3951132596 0.3014376760
-7.6593327522 -0.2061150074 0.1200945526
-7.7462120056 -0.3934279680 0.3182795048
-7.6705536842 -0.2054666132 0.1330863684
-7.7483148575 -0.3917303681 0.3352444470
-7.6811227798 -0.2047915608 0.1466124207
-7.7495784760 -0.3900245428 0.3522916436
-7.7500000000 -0.3883146048 0.3693799675
-7.6910142899 -0.2040914595 0.1606401354
-7.7002048492 -0.2033680230 0.1751357168
-7.7086725235 -0.2026229650 0.1900642365
-7.7163963318 -0.2018581033 0.2053897381
-7.7233576775 -0.2010752708 0.2210752964
-7.7295403481 -0.2002763599 0.2370831370
-7.7349290848 -0.1994632781 0.2533746660
-7.7395110130 -0.1986380070 0.2699106634
-7.7432746887 -0.1978025138 0.2866512835
-7.7462120056 -0.1969588250 0.3035561740
-7.7483148575 -0.1961089671 0.3205846548
-7.7495784760 -0.1952549964 0.3376956582
-4.5828261375 0.2118239999 0.0057041510
-4.5828261375 0.0000000000 0.0004215903
-4.5656938553 0.2117610127 0.0069663357
-4.5656938553 0.0000000000 0.0016853457
-4.5486445427 0.2116561830 0.0090665976
-4.5486445427 0.0000000000 0.0037882216
-4.5317182541 0.2115097940 0.0119998772
-4.5317182541 0.0000000000 0.0067251520
-4.5149569511 0.2113221735 0.0157591067
-4.5149569511 0.0000000000 0.0104890615
-4.4984002113 0.2110937983 0.0203352328
-4.4984002113 0.0000000000 0.0150708826
-4.4820885658 0.2108251899 0.0257172287
-4.4820885658 0.0000000000 0.0204595774
-4.4660606384 0.2105170190 0.0318921283
-4.4660606384 0.0000000000 0.0266421642
-4.4503560066 0.2101700008 0.0388450585
-4.4503560066 0.0000000000 0.0336037464
-4.4350113869 0.2097849995 0.0465592705
-4.4350113869 0.0000000000 0.0413275585
-4.4200639725 0.2093629390 0.0550161712
-4.4200639725 0.0000000000 0.0497949868
-4.4055504799 0.2089048177 0.0641953945
-4.4055504799 0.0000000000 0.0589856356
-4.5828261375 0.4231213629 0.0215387009
-4.3915052414 0.2084117681 0.0740748271
-4.3915052414 0.0000000000 0.0688773617
-4.5656938553 0.4229955375 0.0227961764
-4.3779625893 0.2078849375 0.0846306682
-4.3779625893 0.0000000000 0.0794463381
-4.5486445427 0.4227861762 0.0248886012
-4.3649544716 0.2073256373 0.0958374813
-4.3649544716 0.0000000000 0.0906671062
-4.5317182541 0.4224937260 0.0278109387
-4.3525128365 0.2067351788 0.1076682806
-4.3525128365 0.0000000000 0.1025126278
-4.5149569511 0.4221189618 0.0315561444
-4.3406672478 0.2061150074 0.1200945526
-4.3406672478 0.0000000000 0.1149543673
-4.4984002113 0.4216627777 0.0361151956
-4.3294463158 0.2054666132 0.1330863684
-4.3294463158 0.0000000000 0.1279623508
-4.4820885658 0.4211262465 0.0414771140
-4.3188772202 0.2047915608 0.1466124207
-4.3188772202 0.0000000000 0.1415052414
-4.4660606384 0.4205106497 0.0476289764
-4.3089857101 0.2040914595 0.1606401354
-4.3089857101 0.0000000000 0.1555504203
-4.4503560066 0.4198175073 0.0545559675
-4.2997951508 0.2033680230 0.1751357168
-4.2997951508 0.0000000000 0.1700640470
-4.4350113869 0.4190484583 0.0622413978
-4.2913274765 0.2026229650 0.1900642365
-4.2913274765 0.0000000000 0.1850111485
-4.4200639725 0.4182053804 0.0706667453
-4.2836036682 0.2018581033 0.2053897381
-4.2836036682 0.0000000000 0.2003557235
-4.4055504799 0.4172902703 0.0798117295
-4.2766423225 0.2010752708 0.2210752964
-4.2766423225 0.0000000000 0.2160608023
-4.5828261375 0.6333668232 0.0478858687
-4.3915052414 0.4163053632 0.0896543041
-4.2704596519 0.2002763599 0.2370831370
-4.2704596519 0.0000000000 0.2320885509
-4.5656938553 0.6331784725 0.0491355099
-4.3779625893 0.4152530432 0.1001707613
-4.2650709152 0.1994632781 0.2533746660
-4.2650709152 0.0000000000 0.2484003603
-4.5486445427 0.6328650117 0.0512148999
-4.3649544716 0.4141358137 0.1113357693
-4.2604889870 0.1986380070 0.2699106634
-4.2604889870 0.0000000000 0.2649569511
-4.5317182541 0.6324272752 0.0541190244
-4.3525128365 0.4129563868 0.1231224239
-4.2567253113 0.1978025138 0.2866512835
-4.2567253113 0.0000000000 0.2817183733
-4.5149569511 0.6318663359 0.0578408949
-4.3406672478 0.4117175937 0.1355023384
-4.2537884712 0.1969588250 0.3035561740
-4.2537884712 0.0000000000 0.2986443341
-4.4984002113 0.6311834455 0.0623715408
-4.3294463158 0.4104224145 0.1484456807
-4.2516856194 0.1961089671 0.3205846548
-4.2516856194 0.0000000000 0.3156940043
-4.4820885658 0.6303802729 0.0677000508
-4.3188772202 0.4090739787 0.1619212776
-4.2504215240 0.1952549964 0.3376956582
-4.2504215240 0.0000000000 0.3328263164
-4.2500000000 0.0000000000 0.3499999940
-4.2500000000 0.1943989545 0.3548479974
-4.4660606384 0.6294588447 0.0738135800
-4.3089857101 0.4076755345 0.1758966595
-4.4503560066 0.6284212470 0.0806974098
-4.2997951508 0.4062304497 0.1903381646
-4.4350113869 0.6272701025 0.0883349478
-4.2913274765 0.4047421813 0.2052109838
-4.4200639725 0.6260080934 0.0967078060
-4.2836036682 0.4032143652 0.2204793096
-4.4055504799 0.6246382594 0.1057958007
-4.2766423225 0.4016506374 0.2361063510
-4.5828261375 0.8420375586 0.0846801549
-4.3915052414 0.6231639981 0.1155770496
-4.2704596519 0.4000547826 0.2520544529
-4.5656938553 0.8417871594 0.0859188586
-4.3779625893 0.6215887666 0.1260279864
-4.2650709152 0.3984306455 0.2682852149
-4.5486445427 0.8413704634 0.0879800394
-4.3649544716 0.6199163795 0.1371234208
-4.2604889870 0.3967821598 0.2847595215
-4.5317182541 0.8407885432 0.0908587351
-4.3525128365 0.6181508899 0.1488366276
-4.2567253113 0.3951132596 0.3014376760
-4.5149569511 0.8400427699 0.0945480168
-4.3406672478 0.6162965894 0.1611394137
-4.2537884712 0.3934279680 0.3182795048
-4.4984002113 0.8391348720 0.0990389884
-4.3294463158 0.6143578291 0.1740021110
-4.2516856194 0.3917303681 0.3352444470
-4.4820885658 0.8380671144 0.1043208390
-4.3188772202 0.6123393774 0.1873937398
-4.2504215240 0.3900245428 0.3522916436
-4.2500000000 0.3883146048 0.3693799675
-4.4660606384 0.8368420601 0.1103808433
-4.3089857101 0.6102460623 0.2012820393
-4.4503560066 0.8354626298 0.1172043979
-4.2997951508 0.6080828905 0.2156335562
-4.4350113869 0.8339322209 0.1247750595
-4.2913274765 0.6058551669 0.2304137051
-4.4200639725 0.8322544098 0.1330745965
-4.2836036682 0.6035681367 0.2455869019
-4.4055504799 0.8304333091 0.1420830190
-4.2766423225 0.6012274623 0.2611165643
-4.5828261375 1.0486148596 0.1318300813
-4.3915052414 0.8284733295 0.1517786235
-4.2704596519 0.5988386273 0.2769652903
-4.5656938553 1.0483031273 0.1330547631
-4.3779625893 0.8263791203 0.1621380448
-4.2650709152 0.5964074731 0.2930949330
-4.5486445427 1.0477842093 0.1350926161
-4.3649544716 0.8241557479 0.1731363237
-4.2604889870 0.5939398408 0.3094665706
-4.5317182541 1.0470594168 0.1379387230
-4.3525128365 0.8218086362 0.1847469807
-4.2567253113 0.5914416909 0.3260408044
-4.5149569511 1.0461306572 0.1415862441
-4.3406672478 0.8193433285 0.1969420314
-4.2537884712 0.5889189839 0.3427776992
-4.4984002113 1.0450000763 0.1460263878
-4.3294463158 0.8167658448 0.2096921057
-4.2516856194 0.5863778591 0.3596369624
-4.4820885658 1.0436704159 0.1512484401
-4.3188772202 0.8140823841 0.2229664773
-4.2504215240 0.5838244557 0.3765779138
-4.2500000000 0.5812648535 0.3935597837
-4.4660606384 1.0421447754 0.1572398543
-4.3089857101 0.8112993836 0.2367331684
-4.4503560066 1.0404269695 0.1639861614
-4.2997951508 0.8084235787 0.2509590089
-4.4350113869 1.0385210514 0.1714711338
-4.2913274765 0.8054618835 0.2656097710
-4.4200639725 1.0364316702 0.1796767265
-4.2836036682 0.8024213910 0.2806500793
-4.4055504799 1.0341638327 0.1885831803
-4.2766423225 0.7993094921 0.2960437834
-4.5828261375 1.2525851727 0.1892184317
-4.3915052414 1.0317229033 0.1981690228
-4.2704596519 0.7961336374 0.3117537498
-4.5656938553 1.2522127628 0.1904260516
-4.3779625893 1.0291149616 0.2084111720
-4.2650709152 0.7929015160 0.3277421296
-4.5486445427 1.2515928745 0.1924355030
-4.3649544716 1.0263462067 0.2192849666
-4.2604889870 0.7896209359 0.3439704180
-4.5317182541 1.2507271767 0.1952419430
-4.3525128365 1.0234231949 0.2307641953
-4.2567253113 0.7862997055 0.3603995442
-4.5149569511 1.2496178150 0.1988386363
-4.3406672478 1.0203530788 0.2428212017
-4.2537884712 0.7829458714 0.3769899011
-4.4984002113 1.2482672930 0.2032168955
-4.3294463158 1.0171432495 0.2554269433
-4.2516856194 0.7795675397 0.3937014937
-4.4820885658 1.2466789484 0.2083661854
-4.3188772202 1.0138014555 0.2685510516
-4.2504215240 0.7761728764 0.4104941189
-4.2500000000 0.7727699876 0.4273273051
-4.4660606384 1.2448565960 0.2142741084
-4.3089857101 1.0103356838 0.2821619213
-4.4503560066 1.2428046465 0.2209264040
-4.2997951508 1.0067543983 0.2962267399
-4.4350113869 1.2405279875 0.2283070683
-4.2913274765 1.0030660629 0.3107116222
-4.4200639725 1.2380321026 0.2363983095
-4.2836036682 0.9992796779 0.3255816996
-4.4055504799 1.2353231907 0.2451806515
-4.2766423225 0.9954043627 0.3408011496
-4.5828261375 1.4534413815 0.2567025125
-4.3915052414 1.2324075699 0.2546329200
-4.2704596519 0.9914493561 0.3563332856
-4.5656938553 1.4530091286 0.2578900754
-4.3779625893 1.2292922735 0.2647323310
-4.2650709152 0.9874243140 0.3721406758
-4.5486445427 1.4522899389 0.2598661184
-4.3649544716 1.2259849310 0.2754546106
-4.2604889870 0.9833388329 0.3881852925
-4.5317182541 1.4512854815 0.2626259327
-4.3525128365 1.2224934101 0.2867738605
-4.2567253113 0.9792028666 0.4044284225
-4.5149569511 1.4499981403 0.2661628425
-4.3406672478 1.2188260555 0.2986628413
-4.2537884712 0.9750262499 0.4208309650
-4.4984002113 1.4484310150 0.2704683542
-4.3294463158 1.2149919271 0.3110929132
-4.2516856194 0.9708191156 0.4373534322
-4.4820885658 1.4465880394 0.2755320668
-4.3188772202 1.2110000849 0.3240341246
-4.2504215240 0.9665915966 0.4539559484
-4.2500000000 0.9623538256 0.4705985785
-4.4660606384 1.4444735050 0.2813418210
-4.3089857101 1.2068601847 0.3374553323
-4.4503560066 1.4420924187 0.2878835499
-4.2997951508 1.2025822401 0.3513241410
-4.4350113869 1.4394507408 0.2951415479
-4.2913274765 1.1981765032 0.3656072021
-4.4200639725 1.4365546703 0.3030983508
-4.2836036682 1.1936535835 0.3802700639
-4.4055504799 1.4334113598 0.3117347360
-4.2766423225 1.1890244484 0.3952774107
-4.5828261375 1.6506841183 0.3341145813
-4.3915052414 1.4300282001 0.3210299015
-4.2704596519 1.1843001842 0.4105930924
-4.5656938553 1.6501932144 0.3352791071
-4.3779625893 1.4264134169 0.3309614956
-4.2650709152 1.1794922352 0.4261802137
-4.5486445427 1.6493763924 0.3372168541
-4.3649544716 1.4225755930 0.3415055871
-4.2604889870 1.1746120453 0.4420012236
-4.5317182541 1.6482355595 0.3399231732
-4.3525128365 1.4185242653 0.3526367247
-4.2567253113 1.1696715355 0.4580180049
-4.5149569511 1.6467735767 0.3433915079
-4.3406672478 1.4142688513 0.3643281162
-4.2537884712 1.1646825075 0.4741919935
-4.4984002113 1.6449937820 0.3476135731
-4.3294463158 1.4098199606 0.3765516281
-4.2516856194 1.1596570015 0.4904841781
-4.4820885658 1.6429007053 0.3525791168
-4.3188772202 1.4051879644 0.3892777860
-4.2504215240 1.1546071768 0.5068553686
-4.2500000000 1.1495451927 0.5232660770
-4.4660606384 1.6404991150 0.3582762182
-4.3089857101 1.4003841877 0.4024759531
-4.4503560066 1.6377949715 0.3646911681
-4.2997951508 1.3954203129 0.4161142707
-4.4350113869 1.6347948313 0.3718084693
-4.2913274765 1.3903080225 0.4301599562
-4.4200639725 1.6315057278 0.3796109855
-4.2836036682 1.3850599527 0.4445791543
-4.4055504799 1.6279357672 0.3880799711
-4.2766423225 1.3796885014 0.4593370855
-4.5828261375 1.8438229561 0.4212621450
-4.3915052414 1.6240935326 0.3971949518
-4.2704596519 1.3742066622 0.4743982553
-4.5656938553 1.8432745934 0.4224007428
-4.3779625893 1.6199882030 0.4069340229
-4.2650709152 1.3686276674 0.4897263646
-4.5486445427 1.8423622847 0.4242953956
-4.3649544716 1.6156296730 0.4172736704
-4.2604889870 1.3629649878 0.5052844286
-4.5317182541 1.8410879374 0.4269414544
-4.3525128365 1.6110284328 0.4281890392
-4.2567253113 1.3572322130 0.5210350752
-4.5149569511 1.8394548893 0.4303326309
-4.3406672478 1.6061955690 0.4396538138
-4.2537884712 1.3514432907 0.5369402170
-4.4984002113 1.8374668360 0.4344606996
-4.3294463158 1.6011428833 0.4516403675
-4.2516856194 1.3456119299 0.5529617071
-4.4820885658 1.8351287842 0.4393157661
-4.3188772202 1.5958822966 0.4641198218
-4.2504215240 1.3397523165 0.5690608025
-4.2500000000 1.3338785172 0.5851987600
-4.4660606384 1.8324463367 0.4448860586
-4.3089857101 1.5904266834 0.4770621061
-4.4503560066 1.8294258118 0.4511582553
-4.2997951508 1.5847890377 0.4904360771
-4.4350113869 1.8260744810 0.4581171572
-4.2913274765 1.5789830685 0.5042094588
-4.4200639725 1.8224006891 0.4657460451
-4.2836036682 1.5730227232 0.5183491111
-4.4055504799 1.8184130192 0.4740265310
-4.2766423225 1.5669223070 0.5328209996
-4.5828261375 2.0323777199 0.5179285407
-4.3915052414 1.8141211271 0.4829386771
-4.2704596519 1.5606966019 0.5475901961
-4.5656938553 2.0317733288 0.5190384388
-4.3779625893 1.8095353842 0.4924609959
-4.2650709152 1.5543605089 0.5626211166
-4.5486445427 2.0307676792 0.5208852291
-4.3649544716 1.8046668768 0.5025705695
-4.2604889870 1.5479294062 0.5778776407
-4.5317182541 2.0293631554 0.5234645009
-4.3525128365 1.7995272875 0.5132430196
-4.2567253113 1.5414186716 0.5933228731
-4.5149569511 2.0275628567 0.5267700553
-4.3406672478 1.7941290140 0.5244526267
-4.2537884712 1.5348440409 0.6089197397
-4.4984002113 2.0253717899 0.5307939053
-4.3294463158 1.7884850502 0.5361723900
-4.2516856194 1.5282213688 0.6246306300
-4.4820885658 2.0227944851 0.5355263352
-4.3188772202 1.7826091051 0.5483741164
-4.2504215240 1.5215665102 0.6404176354
-4.2500000000 1.5148956776 0.6562427878
-4.4660606384 2.0198376179 0.5409560204
-4.3089857101 1.7765151262 0.5610284209
-4.4503560066 2.0165083408 0.5470698476
-4.2997951508 1.7702178955 0.5741047263
-4.4350113869 2.0128142834 0.5538530946
-4.2913274765 1.7637325525 0.5875715613
-4.4200639725 2.0087647438 0.5612893701
-4.2836036682 1.7570748329 0.6013965607
-4.4055504799 2.0043692589 0.5693607926
-4.2766423225 1.7502605915 0.6155463457
-4.5828261375 2.2158796787 0.6238734722
-4.3915052414 1.9996385574 0.5780478716
-4.2704596519 1.7433063984 0.6299868822
-4.5656938553 2.2152209282 0.6249518394
-4.3779625893 1.9945838451 0.5873298049
-4.2650709152 1.7362290621 0.6446833014
-4.5486445427 2.2141242027 0.6267462373
-4.3649544716 1.9892175198 0.5971841216
-4.2604889870 1.7290453911 0.6596002579
-4.5317182541 2.2125928402 0.6292522550
-4.3525128365 1.9835523367 0.6075870991
-4.2567253113 1.7217729092 0.6747018099
-4.5149569511 2.2106301785 0.6324639916
-4.3406672478 1.9776020050 0.6185137033
-4.2537884712 1.7144290209 0.6899515390
-4.4984002113 2.2082412243 0.6363735795
-4.3294463158 1.9713809490 0.6299375892
-4.2516856194 1.7070313692 0.7053127885
-4.4820885658 2.2054312229 0.6409717202
-4.3188772202 1.9649039507 0.6418312788
-4.2504215240 1.6995979548 0.7207484841
-4.2500000000 1.6921465397 0.7362214327
-4.4660606384 2.2022075653 0.6462472677
-4.3089857101 1.9581867456 0.6541660428
-4.4503560066 2.1985774040 0.6521875262
-4.2997951508 1.9512455463 0.6669121981
-4.4350113869 2.1945500374 0.6587781906
-4.2913274765 1.9440970421 0.6800391078
-4.4200639725 2.1901347637 0.6660033464
-4.2836036682 1.9367585182 0.6935150027
-4.4055504799 2.1853423119 0.6738456488
-4.2766423225 1.9292474985 0.7073075771
-4.5828261375 2.3938727379 0.7388335466
-4.3915052414 2.1801846027 0.6822862029
-4.2704596519 1.9215821028 0.7213835120
-4.5656938553 2.3931608200 0.7398777008
-4.3779625893 2.1746735573 0.6913045645
-4.2650709152 1.9137809277 0.7357088923
-4.5486445427 2.3919763565 0.7416151762
-4.3649544716 2.1688225269 0.7008791566
-4.2604889870 1.9058626890 0.7502492070
-4.5317182541 2.3903217316 0.7440418005
-4.3525128365 2.1626458168 0.7109868526
-4.2567253113 1.8978464603 0.7649694681
-4.5149569511 2.3882014751 0.7471516728
-4.3406672478 2.1561584473 0.7216032743
-4.2537884712 1.8897515535 0.7798342109
-4.4984002113 2.3856205940 0.7509373426
-4.3294463158 2.1493754387 0.7327028513
-4.2516856194 1.8815975189 0.7948076129
-4.4820885658 2.3825850487 0.7553896904
-4.3188772202 2.1423137188 0.7442588806
-4.2504215240 1.8734039068 0.8098535538
-4.2500000000 1.8651905060 0.8249358535
-4.2500000000 2.0335972309 0.9221655726
-4.4660606384 2.3791022301 0.7604979873
-4.3089857101 2.1349902153 0.7562435269
-4.4503560066 2.3751804829 0.7662499547
-4.2997951508 2.1274223328 0.7686278224
-4.4350113869 2.3708295822 0.7726316452
-4.2913274765 2.1196281910 0.7813820839
-4.4200639725 2.3660597801 0.7796277404
-4.2836036682 2.1116271019 0.7944754362
-4.4055504799 2.3608825207 0.7872214317
-4.2766423225 2.1034379005 0.8078764677
-4.5828261375 2.5659141541 0.8625229001
-4.3915052414 2.3553102016 0.7953943610
-4.2704596519 2.0950803757 0.8215528131
-4.5656938553 2.5651512146 0.8635302782
-4.3779625893 2.3493564129 0.8041268587
-4.2650709152 2.0865750313 0.8354715109
-4.5486445427 2.5638813972 0.8652065396
-4.3649544716 2.3430356979 0.8133978844
-4.2604889870 2.0779416561 0.8495990634
-4.5317182541 2.5621080399 0.8675476909
-4.3525128365 2.3363628387 0.8231851459
-4.2567253113 2.0692017078 0.8639014959
-4.5149569511 2.5598354340 0.8705480099
-4.3406672478 2.3293540478 0.8334649801
-4.2537884712 2.0603759289 0.8783442378
-4.4984002113 2.5570688248 0.8742003441
-4.3294463158 2.3220264912 0.8442126513
-4.2516856194 2.0514855385 0.8928925395
-4.4820885658 2.5538151264 0.8784958124
-4.3188772202 2.3143975735 0.8554023504
-4.2504215240 2.0425522327 0.9075114131
-4.4660606384 2.5500822067 0.8834241629
-4.3089857101 2.3064856529 0.8670070171
-4.4503560066 2.5458786488 0.8889734745
-4.2997951508 2.2983098030 0.8789986968
-4.4350113869 2.5412149429 0.8951303959
-4.2913274765 2.2898898125 0.8913486004
-4.4200639725 2.5361022949 0.9018800259
-4.2836036682 2.2812459469 0.9040268660
-4.4055504799 2.5305528641 0.9092062116
-4.2766423225 2.2723989487 0.9170030355
-4.5828261375 2.7315764427 0.9946340919
-4.3915052414 2.5245802402 0.9170912504
-4.2704596519 2.2633700371 0.9302457571
-4.5656938553 2.7307639122 0.9956021905
-4.3779625893 2.5181987286 0.9255161285
-4.2650709152 2.2541813850 0.9437232018
-4.5486445427 2.7294123173 0.9972130656
-4.3649544716 2.5114235878 0.9344605207
-4.2604889870 2.2448546886 0.9574028850
-4.5317182541 2.7275245190 0.9994629025
-4.3525128365 2.5042712688 0.9439029694
-4.2567253113 2.2354125977 0.9712518454
-4.5149569511 2.7251050472 1.0023461580
-4.3406672478 2.4967586994 0.9538207054
-4.2537884712 2.2258780003 0.9852367640
-4.4984002113 2.7221598625 1.0058560371
-4.3294463158 2.4889044762 0.9641897678
-4.2516856194 2.2162735462 0.9993238449
-4.4820885658 2.7186961174 1.0099840164
-4.3188772202 2.4807271957 0.9749853015
-4.2504215240 2.2066226006 1.0134792328
-4.2500000000 2.1969482899 1.0276688337
-4.4660606384 2.7147221565 1.0147202015
-4.3089857101 2.4722466469 0.9861811399
-4.4503560066 2.7102472782 1.0200530291
-4.2997951508 2.4634833336 0.9977504015
-4.4350113869 2.7052824497 1.0259698629
-4.2913274765 2.4544582367 1.0096652508
-4.4200639725 2.6998398304 1.0324562788
-4.2836036682 2.4451930523 1.0218969584
-4.4055504799 2.6939320564 1.0394967794
-4.2766423225 2.4357101917 1.0344159603
-4.5828261375 2.8904473782 1.1348385811
-4.3915052414 2.6875739098 1.0470741987
-4.2704596519 2.4260325432 1.0471922159
-4.5656938553 2.8895878792 1.1357649565
-4.3779625893 2.6807801723 1.0551705360
-4.2650709152 2.4161834717 1.0601948500
-4.5486445427 2.8881576061 1.1373064518
-4.3649544716 2.6735675335 1.0637661219
-4.2604889870 2.4061865807 1.0733926296
-4.5317182541 2.8861598969 1.1394593716
-4.3525128365 2.6659533978 1.0728403330
-4.2567253113 2.3960659504 1.0867537260
-4.5149569511 2.8835997581 1.1422185898
-4.3406672478 2.6579561234 1.0823712349
-4.2537884712 2.3858458996 1.1002459526
-4.4984002113 2.8804833889 1.1455773115
-4.3294463158 2.6495947838 1.0923359394
-4.2516856194 2.3755512238 1.1138367653
-4.4820885658 2.8768181801 1.1495274305
-4.3188772202 2.6408894062 1.1027103662
-4.2504215240 2.3652067184 1.1274935007
-4.2500000000 2.3548371792 1.1411832571
-4.2500000000 2.5068717003 1.2624266148
-4.4660606384 2.8726129532 1.1540596485
-4.3089857101 2.6318614483 1.1134696007
-4.4503560066 2.8678777218 1.1591628790
-4.2997951508 2.6225323677 1.1245877743
-4.4350113869 2.8626241684 1.1648248434
-4.2913274765 2.6129245758 1.1360378265
-4.4200639725 2.8568649292 1.1710318327
-4.2836036682 2.6030611992 1.1477924585
-4.4055504799 2.8506138325 1.1777690649
-4.2766423225 2.5929660797 1.1598232985
-4.5828261375 3.0421323776 1.2827879190
-4.3915052414 2.8438856602 1.1850202084
-4.2704596519 2.5826637745 1.1721012592
-4.5656938553 3.0412275791 1.2836703062
-4.3779625893 2.8366968632 1.1927678585
-4.2650709152 2.5721786022 1.1845967770
-4.5486445427 3.0397222042 1.2851386070
-4.3649544716 2.8290648460 1.2009931803
-4.2604889870 2.5615363121 1.1972799301
-4.5317182541 3.0376198292 1.2871892452
-4.3525128365 2.8210077286 1.2096766233
-4.2567253113 2.5507621765 1.2101199627
-4.5149569511 3.0349252224 1.2898173332
-4.3406672478 2.8125452995 1.2187970877
-4.2537884712 2.5398824215 1.2230859995
-4.4984002113 3.0316452980 1.2930165529
-4.3294463158 2.8036975861 1.2283326387
-4.2516856194 2.5289230347 1.2361468077
-4.4820885658 3.0277876854 1.2967791557
-4.3188772202 2.7944860458 1.2382602692
-4.2504215240 2.5179107189 1.2492709160
-4.4660606384 3.0233619213 1.3010960817
-4.3089857101 2.7849330902 1.2485560179
-4.4503560066 3.0183782578 1.3059568405
-4.2997951508 2.7750611305 1.2591953278
-4.4350113869 3.0128490925 1.3113499880
-4.2913274765 2.7648944855 1.2701523304
-4.4200639725 3.0067875385 1.3172621727
-4.2836036682 2.7544577122 1.2814006805
-4.4055504799 3.0002081394 1.3236794472
-4.2766423225 2.7437753677 1.2929133177
-4.5828261375 3.1862540245 1.4381141663
-4.3915052414 2.9931271076 1.3305861950
-4.2704596519 2.7328739166 1.3046624660
-4.5656938553 3.1853065491 1.4389503002
-4.3779625893 2.9855611324 1.3379658461
-4.2650709152 2.7217788696 1.3166198730
-4.5486445427 3.1837298870 1.4403418303
-4.3649544716 2.9775285721 1.3458006382
-4.2604889870 2.7105176449 1.3287566900
-4.5317182541 3.1815276146 1.4422851801
-4.3525128365 2.9690487385 1.3540716171
-4.2567253113 2.6991169453 1.3410437107
-4.5149569511 3.1787056923 1.4447757006
-4.3406672478 2.9601421356 1.3627588749
-4.2537884712 2.6876044273 1.3534513712
-4.4984002113 3.1752703190 1.4478074312
-4.3294463158 2.9508302212 1.3718415499
-4.2516856194 2.6760077477 1.3659496307
-4.4820885658 3.1712298393 1.4513729811
-4.3188772202 2.9411351681 1.3812977076
-4.2504215240 2.6643548012 1.3785084486
-4.2500000000 2.6526737213 1.3910976648
-4.4660606384 3.1665942669 1.4554638863
-4.3089857101 2.9310808182 1.3911045790
-4.4503560066 3.1613745689 1.4600703716
-4.2997951508 2.9206910133 1.4012384415
-4.4350113869 3.1555833817 1.4651809931
-4.2913274765 2.9099907875 1.4116750956
-4.4200639725 3.1492347717 1.4707838297
-4.2836036682 2.8990061283 1.4223892689
-4.4055504799 3.1423437595 1.4768651724
-4.2766423225 2.8877632618 1.4333550930
-4.5828261375 3.3224542141 1.6004312038
-4.3915052414 3.1349272728 1.4834103584
-4.2704596519 2.8762896061 1.4445463419
-4.5656938553 3.3214662075 1.6012191772
-4.3779625893 3.1270027161 1.4904036522
-4.2650709152 2.8646125793 1.4559358358
-4.5486445427 3.3198220730 1.6025302410
-4.3649544716 3.1185896397 1.4978283644
-4.2604889870 2.8527603149 1.4674961567
-4.5317182541 3.3175258636 1.6043614149
-4.3525128365 3.1097080708 1.5056663752
-4.2567253113 2.8407611847 1.4791996479
-4.5149569511 3.3145830631 1.6067081690
-4.3406672478 3.1003794670 1.5138988495
-4.2537884712 2.8286445141 1.4910179377
-4.4984002113 3.3110008240 1.6095649004
-4.3294463158 3.0906262398 1.5225061178
-4.2516856194 2.8164391518 1.5029226542
-4.4820885658 3.3067879677 1.6129246950
-4.3188772202 3.0804722309 1.5314671993
-4.2504215240 2.8041749001 1.5148850679
-4.2500000000 2.7918806076 1.5268764496
-4.4660606384 3.3019540310 1.6167794466
-4.3089857101 3.0699412823 1.5407607555
-4.4503560066 3.2965114117 1.6211199760
-4.2997951508 3.0590593815 1.5503641367
-4.4350113869 3.2904725075 1.6259356737
-4.2913274765 3.0478522778 1.5602544546
-4.4200639725 3.2838525772 1.6312149763
-4.2836036682 3.0363471508 1.5704077482
-4.4055504799 3.2766668797 1.6369452477
-4.2766423225 3.0245718956 1.5807995796
-4.5828261375 3.4503941536 1.7693355083
-4.3915052414 3.2689332962 1.6431126595
-4.2704596519 3.0125544071 1.5914049149
-4.5656938553 3.4493682384 1.7700731754
-4.3779625893 3.2606701851 1.6497023106
-4.2650709152 3.0003242493 1.6021982431
-4.5486445427 3.4476606846 1.7713007927
-4.3649544716 3.2518973351 1.6566983461
-4.2604889870 2.9879102707 1.6131534576
-4.5317182541 3.4452760220 1.7730151415
-4.3525128365 3.2426362038 1.6640839577
-4.2567253113 2.9753429890 1.6242442131
-4.5149569511 3.4422199726 1.7752122879
-4.3406672478 3.2329089642 1.6718412638
-4.2537884712 2.9626522064 1.6354439259
-4.4984002113 3.4384999275 1.7778868675
-4.3294463158 3.2227387428 1.6799515486
-4.2516856194 2.9498686790 1.6467254162
-4.4820885658 3.4341247082 1.7810325623
-4.3188772202 3.2121505737 1.6883953810
-4.2504215240 2.9370231628 1.6580616236
-4.2500000000 2.9241466522 1.6694252491
-4.2500000000 3.0491428375 1.8183897734
-4.4660606384 3.4291048050 1.7846416235
-4.3089857101 3.2011694908 1.6971524954
-4.4503560066 3.4234523773 1.7887053490
-4.2997951508 3.1898224354 1.7062015533
-4.4350113869 3.4171810150 1.7932140827
-4.2913274765 3.1781363487 1.7155208588
-4.4200639725 3.4103059769 1.7981568575
-4.2836036682 3.1661393642 1.7250881195
-4.4055504799 3.4028439522 1.8035218716
-4.2766423225 3.1538605690 1.7348800898
-4.5828261375 3.5697560310 1.9444071054
-4.3915052414 3.3948123455 1.8092961311
-4.2704596519 3.1413297653 1.7448731661
-4.5656938553 3.5686943531 1.9450927973
-4.3779625893 3.3862309456 1.8154656887
-4.2650709152 3.1285765171 1.7550433874
-4.5486445427 3.5669279099 1.9462336302
-4.3649544716 3.3771204948 1.8220157623
-4.2604889870 3.1156320572 1.7653663158
-4.5317182541 3.5644607544 1.9478271008
-4.3525128365 3.3675026894 1.8289304972
-4.2567253113 3.1025273800 1.7758169174
-4.5149569511 3.5612990856 1.9498691559
-4.3406672478 3.3574006557 1.8361933231
-4.2537884712 3.0892941952 1.7863700390
-4.4984002113 3.5574502945 1.9523550272
-4.3294463158 3.3468389511 1.8437865973
-4.2516856194 3.0759642124 1.7970002890
-4.4820885658 3.5529236794 1.9552786350
-4.3188772202 3.3358430862 1.8516921997
-4.2504215240 3.0625696182 1.8076821566
-4.4660606384 3.5477299690 1.9586329460
-4.3089857101 3.3244392872 1.8598909378
-4.4503560066 3.5418820381 1.9624099731
-4.2997951508 3.3126549721 1.8683631420
-4.4350113869 3.5353939533 1.9666005373
-4.2913274765 3.3005189896 1.8770884275
-4.4200639725 3.5282812119 1.9711945057
-4.2836036682 3.2880601883 1.8860458136
-4.4055504799 3.5205607414 1.9761807919
-4.2766423225 3.2753086090 1.8952134848
-4.5828261375 3.6802427769 2.1252107620
-4.3915052414 3.5122513771 1.9815475941
-4.2704596519 3.2622950077 1.9045696259
-4.5656938553 3.6791484356 2.1258425713
-4.3779625893 3.5033731461 1.9872816801
-4.2650709152 3.2490508556 1.9140915871
-4.5486445427 3.6773271561 2.1268939972
-4.3649544716 3.4939475060 1.9933694601
-4.2604889870 3.2356078625 1.9237563610
-4.5317182541 3.6747837067 2.1283626556
-4.3525128365 3.4839968681 1.9997962713
-4.2567253113 3.2219986916 1.9335407019
-4.5149569511 3.6715242863 2.1302444935
-4.3406672478 3.4735455513 2.0065464973
-4.2537884712 3.2082557678 1.9434211254
-4.4984002113 3.6675562859 2.1325354576
-4.3294463158 3.4626185894 2.0136039257
-4.2516856194 3.1944124699 1.9533737898
-4.4820885658 3.6628894806 2.1352298260
-4.3188772202 3.4512422085 2.0209515095
-4.2504215240 3.1805021763 1.9633746147
-4.2500000000 3.1665582657 1.9733996391
-4.4660606384 3.6575350761 2.1383211613
-4.3089857101 3.4394438267 2.0285716057
-4.4503560066 3.6515061855 2.1418018341
-4.2997951508 3.4272520542 2.0364460945
-4.4350113869 3.6448173523 2.1456637383
-4.2913274765 3.4146959782 2.0445554256
-4.4200639725 3.6374843121 2.1498975754
-4.2836036682 3.4018061161 2.0528805256
-4.4055504799 3.6295249462 2.1544928551
-4.2766423225 3.3886134624 2.0614013672
-4.5828261375 3.7815799713 2.3112969398
-4.3915052414 3.6209583282 2.1594386101
-4.2704596519 3.3751497269 2.0700972080
-4.5656938553 3.7804553509 2.3118736744
-4.3779625893 3.6118054390 2.1647231579
-4.2650709152 3.3614473343 2.0789470673
-4.5486445427 3.7785842419 2.3128328323
-4.3649544716 3.6020879745 2.1703336239
-4.2604889870 3.3475394249 2.0879297256
-4.5317182541 3.7759706974 2.3141727448
-4.3525128365 3.5918295383 2.1762564182
-4.2567253113 3.3334593773 2.0970237255
-4.5149569511 3.7726211548 2.3158898354
-4.3406672478 3.5810544491 2.1824772358
-4.2537884712 3.3192412853 2.1062066555
-4.4984002113 3.7685439587 2.3179802895
-4.3294463158 3.5697894096 2.1889810562
-4.2516856194 3.3049190044 2.1154570580
-4.4820885658 3.7637488842 2.3204386234
-4.3188772202 3.5580608845 2.1957526207
-4.2504215240 3.2905273438 2.1247520447
-4.2500000000 3.2761011124 2.1340696812
-4.2500000000 3.3774991035 2.2999999523
-4.4660606384 3.7582471371 2.3232591152
-4.3089857101 3.5458972454 2.2027752399
-4.4503560066 3.7520520687 2.3264350891
-4.2997951508 3.5333282948 2.2100319862
-4.4350113869 3.7451789379 2.3299586773
-4.2913274765 3.5203835964 2.2175054550
-4.4200639725 3.7376439571 2.3338217735
-4.2836036682 3.5070948601 2.2251777649
-4.4055504799 3.7294654846 2.3380146027
-4.2766423225 3.4934937954 2.2330303192
-4.5828261375 3.8735156059 2.5022032261
-4.3915052414 3.7206630707 2.3425273895
-4.2704596519 3.4796133041 2.2410442829
-4.5656938553 3.8723635674 2.5027229786
-4.3779625893 3.7112581730 2.3473489285
-4.2650709152 3.4654870033 2.2492001057
-4.5486445427 3.8704469204 2.5035879612
-4.3649544716 3.7012732029 2.3524680138
-4.2604889870 3.4511485100 2.2574784756
-4.5317182541 3.8677699566 2.5047957897
-4.3525128365 3.6907320023 2.3578720093
-4.2567253113 3.4366326332 2.2658591270
-4.5149569511 3.8643391132 2.5063438416
-4.3406672478 3.6796605587 2.3635480404
-4.2537884712 3.4219744205 2.2743222713
-4.4984002113 3.8601627350 2.5082283020
-4.3294463158 3.6680850983 2.3694825172
-4.2516856194 3.4072089195 2.2828469276
-4.4820885658 3.8552508354 2.5104446411
-4.3188772202 3.6560337543 2.3756608963
-4.2504215240 3.3923718929 2.2914130688
-4.4660606384 3.8496153355 2.5129873753
-4.3089857101 3.6435351372 2.3820683956
-4.4503560066 3.8432698250 2.5158505440
-4.2997951508 3.6306200027 2.3886897564
-4.4350113869 3.8362295628 2.5190272331
-4.2913274765 3.6173188686 2.3955087662
-4.4200639725 3.8285114765 2.5225098133
-4.2836036682 3.6036643982 2.4025092125
-4.4055504799 3.8201341629 2.5262899399
-4.2766423225 3.5896887779 2.4096739292
-4.5828261375 3.9558210373 2.6974546909
-4.3915052414 3.8111176491 2.5303580761
-4.2704596519 3.5754261017 2.4169859886
-4.5656938553 3.9546446800 2.6979162693
-4.3779625893 3.8014841080 2.5347051620
-4.2650709152 3.5609107018 2.4244275093
-4.5486445427 3.9526870251 2.6986846924
-4.3649544716 3.7912561893 2.5393199921
-4.2604889870 3.5461773872 2.4319808483
-4.5317182541 3.9499530792 2.6997575760
-4.3525128365 3.7804589272 2.5441918373
-4.2567253113 3.5312619209 2.4396276474
-4.5149569511 3.9464495182 2.7011327744
-4.3406672478 3.7691183090 2.5493090153
-4.2537884712 3.5162000656 2.4473495483
-4.4984002113 3.9421844482 2.7028067112
-4.3294463158 3.7572615147 2.5546591282
-4.2516856194 3.5010280609 2.4551277161
-4.4820885658 3.9371681213 2.7047753334
-4.3188772202 3.7449169159 2.5602290630
-4.2504215240 3.4857823849 2.4629435539
-4.2500000000 3.4704999924 2.4707784653
-4.4660606384 3.9314129353 2.7070341110
-4.3089857101 3.7321147919 2.5660057068
-4.4503560066 3.9249324799 2.7095775604
-4.2997951508 3.7188854218 2.5719749928
-4.4350113869 3.9177427292 2.7123992443
-4.2913274765 3.7052612305 2.5781226158
-4.4200639725 3.9098606110 2.7154927254
-4.2836036682 3.6912744045 2.5844335556
-4.4055504799 3.9013051987 2.7188506126
-4.2766423225 3.6769592762 2.5908927917
-4.5828261375 4.0282917023 2.8965659142
-4.3915052414 3.8920972347 2.7224643230
-4.2704596519 3.6623497009 2.5974848270
-4.5656938553 4.0270934105 2.8969686031
-4.3779625893 3.8822588921 2.7263257504
-4.2650709152 3.6474814415 2.6041936874
-4.5486445427 4.0251002312 2.8976383209
-4.3649544716 3.8718137741 2.7304251194
-4.2604889870 3.6323900223 2.6110031605
-4.5317182541 4.0223164558 2.8985736370
-4.3525128365 3.8607871532 2.7347526550
-4.2567253113 3.6171119213 2.6178970337
-4.5149569511 4.0187482834 2.8997724056
-4.3406672478 3.8492054939 2.7392981052
-4.2537884712 3.6016838551 2.6248583794
-4.4984002113 4.0144052505 2.9012315273
-4.3294463158 3.8370966911 2.7440505028
-4.2516856194 3.5861430168 2.6318707466
-4.4820885658 4.0092968941 2.9029479027
-4.3188772202 3.8244898319 2.7489984035
-4.2504215240 3.5705268383 2.6389169693
-4.2500000000 3.5548727512 2.6459803581
-4.4660606384 4.0034365654 2.9049170017
-4.3089857101 3.8114156723 2.7541296482
-4.4503560066 3.9968373775 2.9071340561
-4.2997951508 3.7979052067 2.7594320774
-4.4350113869 3.9895157814 2.9095940590
-4.2913274765 3.7839913368 2.7648928165
-4.4200639725 3.9814891815 2.9122908115
-4.2836036682 3.7697074413 2.7704987526
-4.4055504799 3.9727771282 2.9152178764
-4.2766423225 3.7550880909 2.7762365341
-4.5828261375 4.0907473564 3.0990421772
-4.3915052414 3.9634006023 2.9183683395
-4.2704596519 3.7401683331 2.7820920944
-4.5656938553 4.0895304680 3.0993845463
-4.3779625893 3.9533817768 2.9217343330
-4.2650709152 3.7249841690 2.7880516052
-4.5486445427 4.0875062943 3.0999541283
-4.3649544716 3.9427454472 2.9253079891
-4.2604889870 3.7095720768 2.7941002846
-4.5317182541 4.0846791267 3.1007494926
-4.3525128365 3.9315166473 2.9290807247
-4.2567253113 3.6939692497 2.8002238274
-4.5149569511 4.0810561180 3.1017689705
-4.3406672478 3.9197227955 2.9330432415
-4.2537884712 3.6782133579 2.8064076900
-4.4984002113 4.0766453743 3.1030097008
-4.3294463158 3.9073922634 2.9371860027
-4.2516856194 3.6623420715 2.8126366138
-4.4820885658 4.0714583397 3.1044692993
-4.3188772202 3.8945546150 2.9414992332
-4.2504215240 3.6463942528 2.8188958168
-4.2500000000 3.6304075718 2.8251700401
-4.4660606384 4.0655064583 3.1061437130
-4.3089857101 3.8812408447 2.9459724426
-4.4503560066 4.0588054657 3.1080293655
-4.2997951508 3.8674829006 2.9505949020
-4.4350113869 4.0513701439 3.1101212502
-4.2913274765 3.8533141613 2.9553554058
-4.4200639725 4.0432190895 3.1124145985
-4.2836036682 3.8387684822 2.9602422714
-4.4055504799 4.0343718529 3.1149036884
-4.2766423225 3.8238813877 2.9652442932
-4.5828261375 4.1430325508 3.3043799400
-4.3915052414 4.0248498917 3.1175827980
-4.2704596519 3.8086881638 2.9703488350
-4.5656938553 4.1418004036 3.3046610355
-4.3779625893 4.0146760941 3.1204452515
-4.2650709152 3.7932257652 2.9755439758
-4.5486445427 4.1397504807 3.3051290512
-4.3649544716 4.0038747787 3.1234843731
-4.2604889870 3.7775313854 2.9808170795
-4.5317182541 4.1368870735 3.3057825565
-4.3525128365 3.9924719334 3.1266925335
-4.2567253113 3.7616426945 2.9861552715
-4.5149569511 4.1332173347 3.3066201210
-4.3406672478 3.9804952145 3.1300623417
-4.2537884712 3.7455980778 2.9915459156
-4.4984002113 4.1287508011 3.3076395988
-4.3294463158 3.9679734707 3.1335854530
-4.2516856194 3.7294361591 2.9969761372
-4.4820885658 4.1234970093 3.3088386059
-4.3188772202 3.9549367428 3.1372532845
-4.2504215240 3.7131960392 3.0024325848
-4.2500000000 3.6969165802 3.0079021454
-4.4660606384 4.1174693108 3.3102145195
-4.3089857101 3.9414165020 3.1410572529
-4.4503560066 4.1106824875 3.3117635250
-4.2997951508 3.9274451733 3.1449882984
-4.4350113869 4.1031522751 3.3134822845
-4.2913274765 3.9130568504 3.1490364075
-4.4200639725 4.0948972702 3.3153665066
-4.2836036682 3.8982858658 3.1531925201
-4.4055504799 4.0859370232 3.3174116611
-4.2766423225 3.8831677437 3.1574459076
-4.5828261375 4.1850175858 3.5120685101
-4.3915052414 4.0762929916 3.3196127415
-4.2704596519 3.8677389622 3.1617870331
-4.5656938553 4.1837730408 3.5122878551
-4.3779625893 4.0659890175 3.3219645023
-4.2650709152 3.8520369530 3.1662049294
-4.5486445427 4.1817021370 3.5126531124
-4.3649544716 4.0550498962 3.3244614601
-4.2604889870 3.8360991478 3.1706891060
-4.5317182541 4.1788101196 3.5131630898
-4.3525128365 4.0435013771 3.3270971775
-4.2567253113 3.8199641705 3.1752288342
-4.5149569511 4.1751031876 3.5138165951
-4.3406672478 4.0313715935 3.3298656940
-4.2537884712 3.8036708832 3.1798129082
-4.4984002113 4.1705908775 3.5146121979
-4.3294463158 4.0186896324 3.3327603340
-4.2516856194 3.7872583866 3.1844308376
-4.4820885658 4.1652841568 3.5155479908
-4.3188772202 4.0054860115 3.3357739449
-4.2504215240 3.7707662582 3.1890709400
-4.2500000000 3.7542345524 3.1937222481
-4.2500000000 3.8022189140 3.3821682930
-4.4660606384 4.1591954231 3.5166215897
-4.3089857101 3.9917931557 3.3388993740
-4.4503560066 4.1523399353 3.5178303719
-4.2997951508 3.9776434898 3.3421287537
-4.4350113869 4.1447334290 3.5191717148
-4.2913274765 3.9630711079 3.3454549313
-4.4200639725 4.1363945007 3.5206420422
-4.2836036682 3.9481112957 3.3488693237
-4.4055504799 4.1273436546 3.5222380161
-4.2766423225 3.9327998161 3.3523640633
-4.5828261375 4.2165985107 3.7215917110
-4.3915052414 4.1176018715 3.5239555836
-4.2704596519 3.9171741009 3.3559305668
-4.5656938553 4.2153444290 3.7217488289
-4.3779625893 4.1071934700 3.5257909298
-4.2650709152 3.9012711048 3.3595602512
-4.5486445427 4.2132577896 3.7220103741
-4.3649544716 4.0961432457 3.5277395248
-4.2604889870 3.8851296902 3.3632445335
-4.5317182541 4.2103438377 3.7223753929
-4.3525128365 4.0844779015 3.5297963619
-4.2567253113 3.8687884808 3.3669743538
-4.5149569511 4.2066087723 3.7228434086
-4.3406672478 4.0722250938 3.5319569111
-4.2537884712 3.8522868156 3.3707406521
-4.4984002113 4.2020626068 3.7234132290
-4.3294463158 4.0594148636 3.5342156887
-4.2516856194 3.8356647491 3.3745346069
-4.4820885658 4.1967158318 3.7240831852
-4.3188772202 4.0460772514 3.5365674496
-4.2504215240 3.8189618587 3.3783469200
-4.4660606384 4.1905813217 3.7248520851
-4.3089857101 4.0322456360 3.5390062332
-4.4503560066 4.1836738586 3.7257177830
-4.2997951508 4.0179524422 3.5415265560
-4.4350113869 4.1760096550 3.7266781330
-4.2913274765 4.0032324791 3.5441219807
-4.4200639725 4.1676082611 3.7277309895
-4.2836036682 3.9881210327 3.5467865467
-4.4055504799 4.1584887505 3.7288737297
-4.2766423225 3.9726545811 3.5495138168
-4.5828261375 4.2376956940 3.9324285984
-4.3915052414 4.1486740112 3.7301037312
-4.2704596519 3.9568703175 3.5522971153
-4.5656938553 4.2364354134 3.9325230122
-4.3779625893 4.1381869316 3.7314178944
-4.2650709152 3.9408063889 3.5551295280
-4.5486445427 4.2343382835 3.9326801300
-4.3649544716 4.1270532608 3.7328131199
-4.2604889870 3.9245014191 3.5580046177
-4.5317182541 4.2314100266 3.9328997135
-4.3525128365 4.1152997017 3.7342860699
-4.2567253113 3.9079945087 3.5609152317
-4.5149569511 4.2276563644 3.9331810474
-4.3406672478 4.1029543877 3.7358331680
-4.2537884712 3.8913257122 3.5638542175
-4.4984002113 4.2230873108 3.9335234165
-4.3294463158 4.0900473595 3.7374505997
-4.2516856194 3.8745350838 3.5668148994
-4.4820885658 4.2177138329 3.9339261055
-4.3188772202 4.0766096115 3.7391345501
-4.2504215240 3.8576629162 3.5697898865
-4.2500000000 3.8407502174 3.5727720261
-4.4660606384 4.2115483284 3.9343881607
-4.3089857101 4.0626735687 3.7408809662
-4.4503560066 4.2046065331 3.9349083900
-4.2997951508 4.0482726097 3.7426855564
-4.4350113869 4.1969041824 3.9354856014
-4.2913274765 4.0334415436 3.7445442677
-4.4200639725 4.1884603500 3.9361183643
-4.2836036682 4.0182156563 3.7464523315
-4.4055504799 4.1792955399 3.9368050098
-4.2766423225 4.0026326180 3.7484049797
-4.5828261375 4.2482576370 4.1440548897
-4.3915052414 4.1694312096 3.9375443459
-4.2704596519 3.9867293835 3.7503979206
-4.5656938553 4.2469940186 4.1440863609
-4.3779625893 4.1588921547 3.9383342266
-4.2650709152 3.9705440998 3.7524263859
-4.5486445427 4.2448921204 4.1441388130
-4.3649544716 4.1477026939 3.9391727448
-4.2604889870 3.9541158676 3.7544848919
-4.5317182541 4.2419557571 4.1442122459
-4.3525128365 4.1358900070 3.9400579929
-4.2567253113 3.9374845028 3.7565691471
-4.5149569511 4.2381930351 4.1443061829
-4.3406672478 4.1234831810 3.9409875870
-4.2537884712 3.9206900597 3.7586739063
-4.4984002113 4.2336130142 4.1444201469
-4.3294463158 4.1105117798 3.9419598579
-4.2516856194 3.9037725925 3.7607939243
-4.4820885658 4.2282257080 4.1445546150
-4.3188772202 4.0970067978 3.9429717064
-4.2504215240 3.8867733479 3.7629241943
-4.2500000000 3.8697328568 3.7650594711
-4.2500000000 3.8890948296 3.9585525990
-4.4660606384 4.2220449448 4.1447086334
-4.3089857101 4.0830006599 3.9440214634
-4.4503560066 4.2150855064 4.1448822021
-4.2997951508 4.0685276985 3.9451060295
-4.4350113869 4.2073640823 4.1450748444
-4.2913274765 4.0536222458 3.9462230206
-4.4200639725 4.1988997459 4.1452860832
-4.2836036682 4.0383205414 3.9473698139
-4.4055504799 4.1897115707 4.1455149651
-4.2766423225 4.0226593018 3.9485433102
-4.5828261375 4.2482576370 4.3559451103
-4.3915052414 4.1798229218 4.1457614899
-4.2704596519 4.0066766739 3.9497411251
-4.5656938553 4.2469940186 4.3559136391
-4.3779625893 4.1692571640 4.1460251808
-4.2650709152 3.9904103279 3.9509601593
-4.5486445427 4.2448921204 4.3558611870
-4.3649544716 4.1580400467 4.1463050842
-4.2604889870 3.9739000797 3.9521973133
-4.5317182541 4.2419557571 4.3557877541
-4.3525128365 4.1461982727 4.1466002464
-4.2567253113 3.9571855068 3.9534499645
-4.5149569511 4.2381930351 4.3556938171
-4.3406672478 4.1337604523 4.1469106674
-4.2537884712 3.9403069019 3.9547147751
-4.4984002113 4.2336130142 4.3555798531
-4.3294463158 4.1207566261 4.1472349167
-4.2516856194 3.9233047962 3.9559888840
-4.4820885658 4.2282257080 4.3554453850
-4.3188772202 4.1072177887 4.1475725174
-4.2504215240 3.9062204361 3.9572691917
-4.2500000000 3.8987877369 4.1527705193
-4.4660606384 4.2220449448 4.3552913666
-4.3089857101 4.0931768417 4.1479225159
-4.4503560066 4.2150855064 4.3551177979
-4.2997951508 4.0786676407 4.1482844353
-4.4350113869 4.2073640823 4.3549251556
-4.2913274765 4.0637254715 4.1486568451
-4.4200639725 4.1988997459 4.3547139168
-4.2836036682 4.0483856201 4.1490397453
-4.4055504799 4.1897115707 4.3544850349
-4.2766423225 4.0326852798 4.1494312286
-4.5828261375 4.2376956940 4.5675711632
-4.3915052414 4.1798229218 4.3542385101
-4.2704596519 4.0166625977 4.1498308182
-4.5656938553 4.2364354134 4.5674767494
-4.3779625893 4.1692571640 4.3539748192
-4.2650709152 4.0003557205 4.1502375603
-4.5486445427 4.2343382835 4.5673198700
-4.3649544716 4.1580400467 4.3536949158
-4.2604889870 3.9838044643 4.1506500244
-4.5317182541 4.2314100266 4.5671005249
-4.3525128365 4.1461982727 4.3533997536
-4.2567253113 3.9670481682 4.1510682106
-4.5149569511 4.2276563644 4.5668191910
-4.3406672478 4.1337604523 4.3530893326
-4.2537884712 3.9501276016 4.1514897346
-4.4984002113 4.2230873108 4.5664768219
-4.3294463158 4.1207566261 4.3527650833
-4.2516856194 3.9330830574 4.1519150734
-4.4820885658 4.2177138329 4.5660738945
-4.3188772202 4.1072177887 4.3524274826
-4.2504215240 3.9159562588 4.1523423195
-4.4660606384 4.2115483284 4.5656118393
-4.3089857101 4.0931768417 4.3520774841
-4.4503560066 4.2046065331 4.5650916100
-4.2997951508 4.0786676407 4.3517155647
-4.4350113869 4.1969041824 4.5645146370
-4.2913274765 4.0637254715 4.3513431549
-4.4200639725 4.1884603500 4.5638818741
-4.2836036682 4.0483856201 4.3509602547
-4.4055504799 4.1792955399 4.5631947517
-4.2766423225 4.0326852798 4.3505687714
-4.5828261375 4.2165985107 4.7784085274
-4.3915052414 4.1694312096 4.5624556541
-4.2704596519 4.0166625977 4.3501691818
-4.5656938553 4.2153444290 4.7782511711
-4.3779625893 4.1588921547 4.5616660118
-4.2650709152 4.0003557205 4.3497624397
-4.5486445427 4.2132577896 4.7779898643
-4.3649544716 4.1477026939 4.5608272552
-4.2604889870 3.9838044643 4.3493499756
-4.5317182541 4.2103438377 4.7776246071
-4.3525128365 4.1358900070 4.5599422455
-4.2567253113 3.9670481682 4.3489317894
-4.5149569511 4.2066087723 4.7771563530
-4.3406672478 4.1234831810 4.5590124130
-4.2537884712 3.9501276016 4.3485102654
-4.4984002113 4.2020626068 4.7765870094
-4.3294463158 4.1105117798 4.5580401421
-4.2516856194 3.9330830574 4.3480849266
-4.4820885658 4.1967158318 4.7759165764
-4.3188772202 4.0970067978 4.5570282936
-4.2504215240 3.9159562588 4.3476576805
-4.2500000000 3.8987877369 4.3472294807
-4.4660606384 4.1905813217 4.7751479149
-4.3089857101 4.0830006599 4.5559787750
-4.4503560066 4.1836738586 4.7742824554
-4.2997951508 4.0685276985 4.5548939705
-4.4350113869 4.1760096550 4.7733221054
-4.2913274765 4.0536222458 4.5537772179
-4.4200639725 4.1676082611 4.7722692490
-4.2836036682 4.0383205414 4.5526304245
-4.4055504799 4.1584887505 4.7711262703
-4.2766423225 4.0226593018 4.5514564514
-4.5828261375 4.1850175858 4.9879317284
-4.3915052414 4.1486740112 4.7698965073
-4.2704596519 4.0066766739 4.5502591133
-4.5656938553 4.1837730408 4.9877119064
-4.3779625893 4.1381869316 4.7685818672
-4.2650709152 3.9904103279 4.5490398407
-4.5486445427 4.1817021370 4.9873471260
-4.3649544716 4.1270532608 4.7671866417
-4.2604889870 3.9739000797 4.5478024483
-4.5317182541 4.1788101196 4.9868369102
-4.3525128365 4.1152997017 4.7657141685
-4.2567253113 3.9571855068 4.5465502739
-4.5149569511 4.1751031876 4.9861831665
-4.3406672478 4.1029543877 4.7641668320
-4.2537884712 3.9403069019 4.5452852249
-4.4984002113 4.1705908775 4.9853878021
-4.3294463158 4.0900473595 4.7625494003
-4.2516856194 3.9233047962 4.5440111160
-4.4820885658 4.1652841568 4.9844517708
-4.3188772202 4.0766096115 4.7608656883
-4.2504215240 3.9062204361 4.5427308083
-4.2500000000 3.8890948296 4.5414471626
-4.4660606384 4.1591954231 4.9833784103
-4.3089857101 4.0626735687 4.7591190338
-4.4503560066 4.1523399353 4.9821696281
-4.2997951508 4.0482726097 4.7573142052
-4.4350113869 4.1447334290 4.9808282852
-4.2913274765 4.0334415436 4.7554559708
-4.4200639725 4.1363945007 4.9793577194
-4.2836036682 4.0182156563 4.7535476685
-4.4055504799 4.1273436546 4.9777622223
-4.2766423225 4.0026326180 4.7515950203
-4.5828261375 4.1430325508 5.1956200600
-4.3915052414 4.1176018715 4.9760441780
-4.2704596519 3.9867293835 4.7496018410
-4.5656938553 4.1418004036 5.1953387260
-4.3779625893 4.1071934700 4.9742088318
-4.2650709152 3.9705440998 4.7475738525
-4.5486445427 4.1397504807 5.1948709488
-4.3649544716 4.0961432457 4.9722604752
-4.2604889870 3.9541158676 4.7455148697
-4.5317182541 4.1368870735 5.1942176819
-4.3525128365 4.0844779015 4.9702033997
-4.2567253113 3.9374845028 4.7434306145
-4.5149569511 4.1332173347 5.1933798790
-4.3406672478 4.0722250938 4.9680433273
-4.2537884712 3.9206900597 4.7413263321
-4.4984002113 4.1287508011 5.1923604012
-4.3294463158 4.0594148636 4.9657845497
-4.2516856194 3.9037725925 4.7392063141
-4.4820885658 4.1234970093 5.1911611557
-4.3188772202 4.0460772514 4.9634327888
-4.2504215240 3.8867733479 4.7370758057
-4.2500000000 3.8697328568 4.7349405289
-4.4660606384 4.1174693108 5.1897854805
-4.3089857101 4.0322456360 4.9609937668
-4.4503560066 4.1106824875 5.1882362366
-4.2997951508 4.0179524422 4.9584736824
-4.4350113869 4.1031522751 5.1865177155
-4.2913274765 4.0032324791 4.9558777809
-4.4200639725 4.0948972702 5.1846337318
-4.2836036682 3.9881210327 4.9532132149
-4.4055504799 4.0859370232 5.1825885773
-4.2766423225 3.9726545811 4.9504861832
-4.5828261375 4.0907473564 5.4009575844
-4.3915052414 4.0762929916 5.1803874969
-4.2704596519 3.9568703175 4.9477028847
-4.5656938553 4.0895304680 5.4006156921
-4.3779625893 4.0659890175 5.1780352592
-4.2650709152 3.9408063889 4.9448704720
-4.5486445427 4.0875062943 5.4000458717
-4.3649544716 4.0550498962 5.1755385399
-4.2604889870 3.9245014191 4.9419956207
-4.5317182541 4.0846791267 5.3992505074
-4.3525128365 4.0435013771 5.1729025841
-4.2567253113 3.9079945087 4.9390850067
-4.5149569511 4.0810561180 5.3982310295
-4.3406672478 4.0313715935 5.1701340675
-4.2537884712 3.8913257122 4.9361457825
-4.4984002113 4.0766453743 5.3969902992
-4.3294463158 4.0186896324 5.1672396660
-4.2516856194 3.8745350838 4.9331851006
-4.4820885658 4.0714583397 5.3955307007
-4.3188772202 4.0054860115 5.1642260551
-4.2504215240 3.8576629162 4.9302101135
-4.2500000000 3.8407502174 4.9272279739
-4.2500000000 3.8022189140 5.1178317070
-4.4660606384 4.0655064583 5.3938560486
-4.3089857101 3.9917931557 5.1611008644
-4.4503560066 4.0588054657 5.3919706345
-4.2997951508 3.9776434898 5.1578712463
-4.4350113869 4.0513701439 5.3898787498
-4.2913274765 3.9630711079 5.1545453072
-4.4200639725 4.0432190895 5.3875856400
-4.2836036682 3.9481112957 5.1511306763
-4.4055504799 4.0343718529 5.3850960732
-4.2766423225 3.9327998161 5.1476359367
-4.5828261375 4.0282917023 5.6034340858
-4.3915052414 4.0248498917 5.3824172020
-4.2704596519 3.9171741009 5.1440691948
-4.5656938553 4.0270934105 5.6030316353
-4.3779625893 4.0146760941 5.3795547485
-4.2650709152 3.9012711048 5.1404395103
-4.5486445427 4.0251002312 5.6023616791
-4.3649544716 4.0038747787 5.3765158653
-4.2604889870 3.8851296902 5.1367554665
-4.5317182541 4.0223164558 5.6014266014
-4.3525128365 3.9924719334 5.3733072281
-4.2567253113 3.8687884808 5.1330256462
-4.5149569511 4.0187482834 5.6002278328
-4.3406672478 3.9804952145 5.3699378967
-4.2537884712 3.8522868156 5.1292595863
-4.4984002113 4.0144052505 5.5987682343
-4.3294463158 3.9679734707 5.3664145470
-4.2516856194 3.8356647491 5.1254653931
-4.4820885658 4.0092968941 5.5970520973
-4.3188772202 3.9549367428 5.3627467155
-4.2504215240 3.8189618587 5.1216530800
-4.4660606384 4.0034365654 5.5950832367
-4.3089857101 3.9414165020 5.3589425087
-4.4503560066 3.9968373775 5.5928659439
-4.2997951508 3.9274451733 5.3550119400
-4.4350113869 3.9895157814 5.5904059410
-4.2913274765 3.9130568504 5.3509635925
-4.4200639725 3.9814891815 5.5877094269
-4.2836036682 3.8982858658 5.3468074799
-4.4055504799 3.9727771282 5.5847821236
-4.2766423225 3.8831677437 5.3425540924
-4.5828261375 3.9558210373 5.8025455475
-4.3915052414 3.9634006023 5.5816316605
-4.2704596519 3.8677389622 5.3382129669
-4.5656938553 3.9546446800 5.8020834923
-4.3779625893 3.9533817768 5.5782656670
-4.2650709152 3.8520369530 5.3337950706
-4.5486445427 3.9526870251 5.8013153076
-4.3649544716 3.9427454472 5.5746917725
-4.2604889870 3.8360991478 5.3293108940
-4.5317182541 3.9499530792 5.8002424240
-4.3525128365 3.9315166473 5.5709195137
-4.2567253113 3.8199641705 5.3247714043
-4.5149569511 3.9464495182 5.7988672256
-4.3406672478 3.9197227955 5.5669569969
-4.2537884712 3.8036708832 5.3201870918
-4.4984002113 3.9421844482 5.7971935272
-4.3294463158 3.9073922634 5.5628137589
-4.2516856194 3.7872583866 5.3155694008
-4.4820885658 3.9371681213 5.7952246666
-4.3188772202 3.8945546150 5.5585007668
-4.2504215240 3.7707662582 5.3109292984
-4.2500000000 3.7542345524 5.3062777519
-4.4660606384 3.9314129353 5.7929658890
-4.3089857101 3.8812408447 5.5540275574
-4.4503560066 3.9249324799 5.7904224396
-4.2997951508 3.8674829006 5.5494050980
-4.4350113869 3.9177427292 5.7876005173
-4.2913274765 3.8533141613 5.5446448326
-4.4200639725 3.9098606110 5.7845072746
-4.2836036682 3.8387684822 5.5397577286
-4.4055504799 3.9013051987 5.7811493874
-4.2766423225 3.8238813877 5.5347557068
-4.5828261375 3.8735156059 5.9977970123
-4.3915052414 3.8920972347 5.7775354385
-4.2704596519 3.8086881638 5.5296511650
-4.5656938553 3.8723635674 5.9972772598
-4.3779625893 3.8822588921 5.7736744881
-4.2650709152 3.7932257652 5.5244560242
-4.5486445427 3.8704469204 5.9964122772
-4.3649544716 3.8718137741 5.7695751190
-4.2604889870 3.7775313854 5.5191831589
-4.5317182541 3.8677699566 5.9952044487
-4.3525128365 3.8607871532 5.7652473450
-4.2567253113 3.7616426945 5.5138444901
-4.5149569511 3.8643391132 5.9936561584
-4.3406672478 3.8492054939 5.7607016563
-4.2537884712 3.7455980778 5.5084538460
-4.4984002113 3.8601627350 5.9917716980
-4.3294463158 3.8370966911 5.7559494972
-4.2516856194 3.7294361591 5.5030241013
-4.4820885658 3.8552508354 5.9895553589
-4.3188772202 3.8244898319 5.7510018349
-4.2504215240 3.7131960392 5.4975676537
-4.2500000000 3.6969165802 5.4920978546
-4.4660606384 3.8496153355 5.9870123863
-4.3089857101 3.8114156723 5.7458705902
-4.4503560066 3.8432698250 5.9841494560
-4.2997951508 3.7979052067 5.7405681610
-4.4350113869 3.8362295628 5.9809727669
-4.2913274765 3.7839913368 5.7351074219
-4.4200639725 3.8285114765 5.9774899483
-4.2836036682 3.7697074413 5.7295012474
-4.4055504799 3.8201341629 5.9737100601
-4.2766423225 3.7550880909 5.7237634659
-4.5828261375 3.7815799713 6.1887030602
-4.3915052414 3.8111176491 5.9696416855
-4.2704596519 3.7401683331 5.7179079056
-4.5656938553 3.7804553509 6.1881265640
-4.3779625893 3.8014841080 5.9652948380
-4.2650709152 3.7249841690 5.7119483948
-4.5486445427 3.7785842419 6.1871671677
-4.3649544716 3.7912561893 5.9606800079
-4.2604889870 3.7095720768 5.7058997154
-4.5317182541 3.7759706974 6.1858272552
-4.3525128365 3.7804589272 5.9558081627
-4.2567253113 3.6939692497 5.6997761726
-4.5149569511 3.7726211548 6.1841101646
-4.3406672478 3.7691183090 5.9506907463
-4.2537884712 3.6782133579 5.6935925484
-4.4984002113 3.7685439587 6.1820197105
-4.3294463158 3.7572615147 5.9453411102
-4.2516856194 3.6623420715 5.6873631477
-4.4820885658 3.7637488842 6.1795616150
-4.3188772202 3.7449169159 5.9397706985
-4.2504215240 3.6463942528 5.6811041832
-4.2500000000 3.6304075718 5.6748299599
-4.4660606384 3.7582471371 6.1767406464
-4.3089857101 3.7321147919 5.9339942932
-4.4503560066 3.7520520687 6.1735649109
-4.2997951508 3.7188854218 5.9280252457
-4.4350113869 3.7451789379 6.1700410843
-4.2913274765 3.7052612305 5.9218773842
-4.4200639725 3.7376439571 6.1661782265
-4.2836036682 3.6912744045 5.9155664444
-4.4055504799 3.7294654846 6.1619853973
-4.2766423225 3.6769592762 5.9091072083
-4.5828261375 3.6802427769 6.3747892380
-4.3915052414 3.7206630707 6.1574726105
-4.2704596519 3.6623497009 5.9025149345
-4.5656938553 3.6791484356 6.3741574287
-4.3779625893 3.7112581730 6.1526508331
-4.2650709152 3.6474814415 5.8958063126
-4.5486445427 3.6773271561 6.3731060028
-4.3649544716 3.7012732029 6.1475319862
-4.2604889870 3.6323900223 5.8889966011
-4.5317182541 3.6747837067 6.3716373444
-4.3525128365 3.6907320023 6.1421279907
-4.2567253113 3.6171119213 5.8821029663
-4.5149569511 3.6715242863 6.3697552681
-4.3406672478 3.6796605587 6.1364517212
-4.2537884712 3.6016838551 5.8751416206
-4.4984002113 3.6675562859 6.3674645424
-4.3294463158 3.6680850983 6.1305174828
-4.2516856194 3.5861430168 5.8681292534
-4.4820885658 3.6628894806 6.3647704124
-4.3188772202 3.6560337543 6.1243391037
-4.2504215240 3.5705268383 5.8610830307
-4.2500000000 3.5548727512 5.8540196419
-4.2500000000 3.4704999924 6.0292215347
-4.4660606384 3.6575350761 6.3616790771
-4.3089857101 3.6435351372 6.1179313660
-4.4503560066 3.6515061855 6.3581981659
-4.2997951508 3.6306200027 6.1113104820
-4.4350113869 3.6448173523 6.3543362617
-4.2913274765 3.6173188686 6.1044912338
-4.4200639725 3.6374843121 6.3501024246
-4.2836036682 3.6036643982 6.0974907875
-4.4055504799 3.6295249462 6.3455071449
-4.2766423225 3.5896887779 6.0903258324
-4.5828261375 3.5697560310 6.5555930138
-4.3915052414 3.6209583282 6.3405613899
-4.2704596519 3.5754261017 6.0830140114
-4.5656938553 3.5686943531 6.5549073219
-4.3779625893 3.6118054390 6.3352766037
-4.2650709152 3.5609107018 6.0755724907
-4.5486445427 3.5669279099 6.5537662506
-4.3649544716 3.6020879745 6.3296666145
-4.2604889870 3.5461773872 6.0680189133
-4.5317182541 3.5644607544 6.5521731377
-4.3525128365 3.5918295383 6.3237438202
-4.2567253113 3.5312619209 6.0603723526
-4.5149569511 3.5612990856 6.5501308441
-4.3406672478 3.5810544491 6.3175230026
-4.2537884712 3.5162000656 6.0526504517
-4.4984002113 3.5574502945 6.5476450920
-4.3294463158 3.5697894096 6.3110189438
-4.2516856194 3.5010280609 6.0448722839
-4.4820885658 3.5529236794 6.5447211266
-4.3188772202 3.5580608845 6.3042473793
-4.2504215240 3.4857823849 6.0370564461
-4.4660606384 3.5477299690 6.5413670540
-4.3089857101 3.5458972454 6.2972249985
-4.4503560066 3.5418820381 6.5375900269
-4.2997951508 3.5333282948 6.2899680138
-4.4350113869 3.5353939533 6.5333995819
-4.2913274765 3.5203835964 6.2824945450
-4.4200639725 3.5282812119 6.5288057327
-4.2836036682 3.5070948601 6.2748222351
-4.4055504799 3.5205607414 6.5238189697
-4.2766423225 3.4934937954 6.2669696808
-4.5828261375 3.4503941536 6.7306647301
-4.3915052414 3.5122513771 6.5184526443
-4.2704596519 3.4796133041 6.2589559555
-4.5656938553 3.4493682384 6.7299265862
-4.3779625893 3.5033731461 6.5127182007
-4.2650709152 3.4654870033 6.2507996559
-4.5486445427 3.4476606846 6.7286992073
-4.3649544716 3.4939475060 6.5066304207
-4.2604889870 3.4511485100 6.2425217628
-4.5317182541 3.4452760220 6.7269849777
-4.3525128365 3.4839968681 6.5002036095
-4.2567253113 3.4366326332 6.2341408730
-4.5149569511 3.4422199726 6.7247877121
-4.3406672478 3.4735455513 6.4934535027
-4.2537884712 3.4219744205 6.2256779671
-4.4984002113 3.4384999275 6.7221131325
-4.3294463158 3.4626185894 6.4863963127
-4.2516856194 3.4072089195 6.2171530724
-4.4820885658 3.4341247082 6.7189674377
-4.3188772202 3.4512422085 6.4790482521
-4.2504215240 3.3923718929 6.2085866928
-4.2500000000 3.3774991035 6.1999998093
-4.4660606384 3.4291048050 6.7153582573
-4.3089857101 3.4394438267 6.4714283943
-4.4503560066 3.4234523773 6.7112946510
-4.2997951508 3.4272520542 6.4635539055
-4.4350113869 3.4171810150 6.7067856789
-4.2913274765 3.4146959782 6.4554443359
-4.4200639725 3.4103059769 6.7018432617
-4.2836036682 3.4018061161 6.4471192360
-4.4055504799 3.4028439522 6.6964778900
-4.2766423225 3.3886134624 6.4385986328
-4.5828261375 3.3224542141 6.8995690346
-4.3915052414 3.3948123455 6.6907038689
-4.2704596519 3.3751497269 6.4299030304
-4.5656938553 3.3214662075 6.8987808228
-4.3779625893 3.3862309456 6.6845340729
-4.2650709152 3.3614473343 6.4210529327
-4.5486445427 3.3198220730 6.8974695206
-4.3649544716 3.3771204948 6.6779842377
-4.2604889870 3.3475394249 6.4120702744
-4.5317182541 3.3175258636 6.8956384659
-4.3525128365 3.3675026894 6.6710696220
-4.2567253113 3.3334593773 6.4029765129
-4.5149569511 3.3145830631 6.8932919502
-4.3406672478 3.3574006557 6.6638069153
-4.2537884712 3.3192412853 6.3937931061
-4.4984002113 3.3110008240 6.8904352188
-4.3294463158 3.3468389511 6.6562132835
-4.2516856194 3.3049190044 6.3845429420
-4.4820885658 3.3067879677 6.8870754242
-4.3188772202 3.3358430862 6.6483078003
-4.2504215240 3.2905273438 6.3752479553
-4.2500000000 3.2761011124 6.3659305573
-4.4660606384 3.3019540310 6.8832206726
-4.3089857101 3.3244392872 6.6401090622
-4.4503560066 3.2965114117 6.8788800240
-4.2997951508 3.3126549721 6.6316366196
-4.4350113869 3.2904725075 6.8740644455
-4.2913274765 3.3005189896 6.6229114532
-4.4200639725 3.2838525772 6.8687849045
-4.2836036682 3.2880601883 6.6139540672
-4.4055504799 3.2766668797 6.8630547523
-4.2766423225 3.2753086090 6.6047863960
-4.5828261375 3.1862540245 7.0618858337
-4.3915052414 3.2689332962 6.8568873405
-4.2704596519 3.2622950077 6.5954303741
-4.5656938553 3.1853065491 7.0610494614
-4.3779625893 3.2606701851 6.8502974510
-4.2650709152 3.2490508556 6.5859084129
-4.5486445427 3.1837298870 7.0596580505
-4.3649544716 3.2518973351 6.8433017731
-4.2604889870 3.2356078625 6.5762438774
-4.5317182541 3.1815276146 7.0577149391
-4.3525128365 3.2426362038 6.8359160423
-4.2567253113 3.2219986916 6.5664591789
-4.5149569511 3.1787056923 7.0552244186
-4.3406672478 3.2329089642 6.8281588554
-4.2537884712 3.2082557678 6.5565786362
-4.4984002113 3.1752703190 7.0521926880
-4.3294463158 3.2227387428 6.8200483322
-4.2516856194 3.1944124699 6.5466260910
-4.4820885658 3.1712298393 7.0486268997
-4.3188772202 3.2121505737 6.8116044998
-4.2504215240 3.1805021763 6.5366253853
-4.2500000000 3.1665582657 6.5266003609
-4.4660606384 3.1665942669 7.0445361137
-4.3089857101 3.2011694908 6.8028473854
-4.4503560066 3.1613745689 7.0399298668
-4.2997951508 3.1898224354 6.7937984467
-4.4350113869 3.1555833817 7.0348191261
-4.2913274765 3.1781363487 6.7844791412
-4.4200639725 3.1492347717 7.0292162895
-4.2836036682 3.1661393642 6.7749118805
-4.4055504799 3.1423437595 7.0231347084
-4.2766423225 3.1538605690 6.7651200294
-4.5828261375 3.0421323776 7.2172122002
-4.3915052414 3.1349272728 7.0165896416
-4.2704596519 3.1413297653 6.7551269531
-4.5656938553 3.0412275791 7.2163295746
-4.3779625893 3.1270027161 7.0095963478
-4.2650709152 3.1285765171 6.7449564934
-4.5486445427 3.0397222042 7.2148613930
-4.3649544716 3.1185896397 7.0021715164
-4.2604889870 3.1156320572 6.7346339226
-4.5317182541 3.0376198292 7.2128105164
-4.3525128365 3.1097080708 6.9943337440
-4.2567253113 3.1025273800 6.7241830826
-4.5149569511 3.0349252224 7.2101826668
-4.3406672478 3.1003794670 6.9861011505
-4.2537884712 3.0892941952 6.7136301994
-4.4984002113 3.0316452980 7.2069835663
-4.3294463158 3.0906262398 6.9774937630
-4.2516856194 3.0759642124 6.7029995918
-4.4820885658 3.0277876854 7.2032208443
-4.3188772202 3.0804722309 6.9685325623
-4.2504215240 3.0625696182 6.6923179626
-4.2500000000 3.0491428375 6.6816101074
-4.2500000000 2.9241466522 6.8305749893
-4.4660606384 3.0233619213 7.1989040375
-4.3089857101 3.0699412823 6.9592394829
-4.4503560066 3.0183782578 7.1940431595
-4.2997951508 3.0590593815 6.9496359825
-4.4350113869 3.0128490925 7.1886501312
-4.2913274765 3.0478522778 6.9397454262
-4.4200639725 3.0067875385 7.1827378273
-4.2836036682 3.0363471508 6.9295921326
-4.4055504799 3.0002081394 7.1763205528
-4.2766423225 3.0245718956 6.9192004204
-4.5828261375 2.8904473782 7.3651614189
-4.3915052414 2.9931271076 7.1694135666
-4.2704596519 3.0125544071 6.9085950851
-4.5656938553 2.8895878792 7.3642349243
-4.3779625893 2.9855611324 7.1620340347
-4.2650709152 3.0003242493 6.8978018761
-4.5486445427 2.8881576061 7.3626933098
-4.3649544716 2.9775285721 7.1541996002
-4.2604889870 2.9879102707 6.8868465424
-4.5317182541 2.8861598969 7.3605403900
-4.3525128365 2.9690487385 7.1459283829
-4.2567253113 2.9753429890 6.8757557869
-4.5149569511 2.8835997581 7.3577814102
-4.3406672478 2.9601421356 7.1372408867
-4.2537884712 2.9626522064 6.8645563126
-4.4984002113 2.8804833889 7.3544225693
-4.3294463158 2.9508302212 7.1281585693
-4.2516856194 2.9498686790 6.8532743454
-4.4820885658 2.8768181801 7.3504724503
-4.3188772202 2.9411351681 7.1187024117
-4.2504215240 2.9370231628 6.8419384956
-4.4660606384 2.8726129532 7.3459405899
-4.3089857101 2.9310808182 7.1088953018
-4.4503560066 2.8678777218 7.3408370018
-4.2997951508 2.9206910133 7.0987615585
-4.4350113869 2.8626241684 7.3351750374
-4.2913274765 2.9099907875 7.0883250237
-4.4200639725 2.8568649292 7.3289680481
-4.2836036682 2.8990061283 7.0776109695
-4.4055504799 2.8506138325 7.3222308159
-4.2766423225 2.8877632618 7.0666446686
-4.5828261375 2.7315764427 7.5053658485
-4.3915052414 2.8438856602 7.3149795532
-4.2704596519 2.8762896061 7.0554537773
-4.5656938553 2.7307639122 7.5043978691
-4.3779625893 2.8366968632 7.3072323799
-4.2650709152 2.8646125793 7.0440640450
-4.5486445427 2.7294123173 7.5027871132
-4.3649544716 2.8290648460 7.2990069389
-4.2604889870 2.8527603149 7.0325036049
-4.5317182541 2.7275245190 7.5005369186
-4.3525128365 2.8210077286 7.2903232574
-4.2567253113 2.8407611847 7.0208001137
-4.5149569511 2.7251050472 7.4976539612
-4.3406672478 2.8125452995 7.2812027931
-4.2537884712 2.8286445141 7.0089821815
-4.4984002113 2.7221598625 7.4941439629
-4.3294463158 2.8036975861 7.2716674805
-4.2516856194 2.8164391518 6.9970774651
-4.4820885658 2.7186961174 7.4900159836
-4.3188772202 2.7944860458 7.2617397308
-4.2504215240 2.8041749001 6.9851150513
-4.2500000000 2.7918806076 6.9731235504
-4.4660606384 2.7147221565 7.4852800369
-4.3089857101 2.7849330902 7.2514438629
-4.4503560066 2.7102472782 7.4799470901
-4.2997951508 2.7750611305 7.2408046722
-4.4350113869 2.7052824497 7.4740300179
-4.2913274765 2.7648944855 7.2298479080
-4.4200639725 2.6998398304 7.4675436020
-4.2836036682 2.7544577122 7.2185993195
-4.4055504799 2.6939320564 7.4605031013
-4.2766423225 2.7437753677 7.2070865631
-4.5828261375 2.5659141541 7.6374769211
-4.3915052414 2.6875739098 7.4529256821
-4.2704596519 2.7328739166 7.1953372955
-4.5656938553 2.5651512146 7.6364698410
-4.3779625893 2.6807801723 7.4448294640
-4.2650709152 2.7217788696 7.1833801270
-4.5486445427 2.5638813972 7.6347932816
-4.3649544716 2.6735675335 7.4362339973
-4.2604889870 2.7105176449 7.1712431908
-4.5317182541 2.5621080399 7.6324524879
-4.3525128365 2.6659533978 7.4271597862
-4.2567253113 2.6991169453 7.1589560509
-4.5149569511 2.5598354340 7.6294517517
-4.3406672478 2.6579561234 7.4176287651
-4.2537884712 2.6876044273 7.1465487480
-4.4984002113 2.5570688248 7.6257996559
-4.3294463158 2.6495947838 7.4076638222
-4.2516856194 2.6760077477 7.1340503693
-4.4820885658 2.5538151264 7.6215043068
-4.3188772202 2.6408894062 7.3972897530
-4.2504215240 2.6643548012 7.1214914322
-4.2500000000 2.6526737213 7.1089024544
-4.2500000000 2.5068717003 7.2375731468
-4.4660606384 2.5500822067 7.6165757179
-4.3089857101 2.6318614483 7.3865303993
-4.4503560066 2.5458786488 7.6110262871
-4.2997951508 2.6225323677 7.3754124641
-4.4350113869 2.5412149429 7.6048698425
-4.2913274765 2.6129245758 7.3639621735
-4.4200639725 2.5361022949 7.5981197357
-4.2836036682 2.6030611992 7.3522076607
-4.4055504799 2.5305528641 7.5907936096
-4.2766423225 2.5929660797 7.3401765823
-4.5828261375 2.3938727379 7.7611665726
-4.3915052414 2.5245802402 7.5829086304
-4.2704596519 2.5826637745 7.3278985023
-4.5656938553 2.3931608200 7.7601222992
-4.3779625893 2.5181987286 7.5744838715
-4.2650709152 2.5721786022 7.3154029846
-4.5486445427 2.3919763565 7.7583847046
-4.3649544716 2.5114235878 7.5655393600
-4.2604889870 2.5615363121 7.3027200699
-4.5317182541 2.3903217316 7.7559580803
-4.3525128365 2.5042712688 7.5560970306
-4.2567253113 2.5507621765 7.2898802757
-4.5149569511 2.3882014751 7.7528481483
-4.3406672478 2.4967586994 7.5461792946
-4.2537884712 2.5398824215 7.2769141197
-4.4984002113 2.3856205940 7.7490625381
-4.3294463158 2.4889044762 7.5358099937
-4.2516856194 2.5289230347 7.2638530731
-4.4820885658 2.3825850487 7.7446103096
-4.3188772202 2.4807271957 7.5250148773
-4.2504215240 2.5179107189 7.2507290840
-4.4660606384 2.3791022301 7.7395019531
-4.3089857101 2.4722466469 7.5138187408
-4.4503560066 2.3751804829 7.7337498665
-4.2997951508 2.4634833336 7.5022497177
-4.4350113869 2.3708295822 7.7273683548
-4.2913274765 2.4544582367 7.4903349876
-4.4200639725 2.3660597801 7.7203722000
-4.2836036682 2.4451930523 7.4781031609
-4.4055504799 2.3608825207 7.7127785683
-4.2766423225 2.4357101917 7.4655842781
-4.5828261375 2.2158796787 7.8761262894
-4.3915052414 2.3553102016 7.7046055794
-4.2704596519 2.4260325432 7.4528079033
-4.5656938553 2.2152209282 7.8750481606
-4.3779625893 2.3493564129 7.6958732605
-4.2650709152 2.4161834717 7.4398050308
-4.5486445427 2.2141242027 7.8732538223
-4.3649544716 2.3430356979 7.6866021156
-4.2604889870 2.4061865807 7.4266071320
-4.5317182541 2.2125928402 7.8707475662
-4.3525128365 2.3363628387 7.6768150330
-4.2567253113 2.3960659504 7.4132461548
-4.5149569511 2.2106301785 7.8675360680
-4.3406672478 2.3293540478 7.6665349007
-4.2537884712 2.3858458996 7.3997540474
-4.4984002113 2.2082412243 7.8636264801
-4.3294463158 2.3220264912 7.6557874680
-4.2516856194 2.3755512238 7.3861632347
-4.4820885658 2.2054312229 7.8590283394
-4.3188772202 2.3143975735 7.6445975304
-4.2504215240 2.3652067184 7.3725066185
-4.2500000000 2.3548371792 7.3588166237
-4.2500000000 2.1969482899 7.4723310471
-4.4660606384 2.2022075653 7.8537526131
-4.3089857101 2.3064856529 7.6329932213
-4.4503560066 2.1985774040 7.8478126526
-4.2997951508 2.2983098030 7.6210012436
-4.4350113869 2.1945500374 7.8412218094
-4.2913274765 2.2898898125 7.6086516380
-4.4200639725 2.1901347637 7.8339967728
-4.2836036682 2.2812459469 7.5959730148
-4.4055504799 2.1853423119 7.8261542320
-4.2766423225 2.2723989487 7.5829968452
-4.5828261375 2.0323777199 7.9820713997
-4.3915052414 2.1801846027 7.8177137375
-4.2704596519 2.2633700371 7.5697541237
-4.5656938553 2.0317733288 7.9809617996
-4.3779625893 2.1746735573 7.8086953163
-4.2650709152 2.2541813850 7.5562767982
-4.5486445427 2.0307676792 7.9791150093
-4.3649544716 2.1688225269 7.7991209030
-4.2604889870 2.2448546886 7.5425972939
-4.5317182541 2.0293631554 7.9765353203
-4.3525128365 2.1626458168 7.7890133858
-4.2567253113 2.2354125977 7.5287480354
-4.5149569511 2.0275628567 7.9732298851
-4.3406672478 2.1561584473 7.7783966064
-4.2537884712 2.2258780003 7.5147633553
-4.4984002113 2.0253717899 7.9692063332
-4.3294463158 2.1493754387 7.7672972679
-4.2516856194 2.2162735462 7.5006761551
-4.4820885658 2.0227944851 7.9644737244
-4.3188772202 2.1423137188 7.7557411194
-4.2504215240 2.2066226006 7.4865207672
-4.4660606384 2.0198376179 7.9590439796
-4.3089857101 2.1349902153 7.7437562943
-4.4503560066 2.0165083408 7.9529299736
-4.2997951508 2.1274223328 7.7313723564
-4.4350113869 2.0128142834 7.9461469650
-4.2913274765 2.1196281910 7.7186179161
-4.4200639725 2.0087647438 7.9387106895
-4.2836036682 2.1116271019 7.7055244446
-4.4055504799 2.0043692589 7.9306392670
-4.2766423225 2.1034379005 7.6921234131
-4.5828261375 1.8438229561 8.0787382126
-4.3915052414 1.9996385574 7.9219522476
-4.2704596519 2.0950803757 7.6784472466
-4.5656938553 1.8432745934 8.0775995255
-4.3779625893 1.9945838451 7.9126701355
-4.2650709152 2.0865750313 7.6645283699
-4.5486445427 1.8423622847 8.0757045746
-4.3649544716 1.9892175198 7.9028158188
-4.2604889870 2.0779416561 7.6504011154
-4.5317182541 1.8410879374 8.0730581284
-4.3525128365 1.9835523367 7.8924126625
-4.2567253113 2.0692017078 7.6360983849
-4.5149569511 1.8394548893 8.0696678162
-4.3406672478 1.9776020050 7.8814864159
-4.2537884712 2.0603759289 7.6216559410
-4.4984002113 1.8374668360 8.0655393600
-4.3294463158 1.9713809490 7.8700623512
-4.2516856194 2.0514855385 7.6071076393
-4.4820885658 1.8351287842 8.0606842041
-4.3188772202 1.9649039507 7.8581686020
-4.2504215240 2.0425522327 7.5924887657
-4.2500000000 2.0335972309 7.5778346062
-4.4660606384 1.8324463367 8.0551137924
-4.3089857101 1.9581867456 7.8458337784
-4.4503560066 1.8294258118 8.0488414764
-4.2997951508 1.9512455463 7.8330879211
-4.4350113869 1.8260744810 8.0418825150
-4.2913274765 1.9440970421 7.8199610710
-4.4200639725 1.8224006891 8.0342540741
-4.2836036682 1.9367585182 7.8064851761
-4.4055504799 1.8184130192 8.0259733200
-4.2766423225 1.9292474985 7.7926926613
-4.5828261375 1.6506841183 8.1658849716
-4.3915052414 1.8141211271 8.0170612335
-4.2704596519 1.9215821028 7.7786164284
-4.5656938553 1.6501932144 8.1647205353
-4.3779625893 1.8095353842 8.0075387955
-4.2650709152 1.9137809277 7.7642912865
-4.5486445427 1.6493763924 8.1627826691
-4.3649544716 1.8046668768 7.9974293709
-4.2604889870 1.9058626890 7.7497506142
-4.5317182541 1.6482355595 8.1600770950
-4.3525128365 1.7995272875 7.9867568016
-4.2567253113 1.8978464603 7.7350306511
-4.5149569511 1.6467735767 8.1566085815
-4.3406672478 1.7941290140 7.9755473137
-4.2537884712 1.8897515535 7.7201657295
-4.4984002113 1.6449937820 8.1523866653
-4.3294463158 1.7884850502 7.9638276100
-4.2516856194 1.8815975189 7.7051925659
-4.4820885658 1.6429007053 8.1474208832
-4.3188772202 1.7826091051 7.9516258240
-4.2504215240 1.8734039068 7.6901464462
-4.2500000000 1.8651905060 7.6750640869
-4.2500000000 1.6921465397 7.7637786865
-4.4660606384 1.6404991150 8.1417236328
-4.3089857101 1.7765151262 7.9389715195
-4.4503560066 1.6377949715 8.1353092194
-4.2997951508 1.7702178955 7.9258952141
-4.4350113869 1.6347948313 8.1281919479
-4.2913274765 1.7637325525 7.9124283791
-4.4200639725 1.6315057278 8.1203889847
-4.2836036682 1.7570748329 7.8986034393
-4.4055504799 1.6279357672 8.1119203568
-4.2766423225 1.7502605915 7.8844537735
-4.5828261375 1.4534413815 8.2432975769
-4.3915052414 1.6240935326 8.1028051376
-4.2704596519 1.7433063984 7.8700132370
-4.5656938553 1.4530091286 8.2421102524
-4.3779625893 1.6199882030 8.0930662155
-4.2650709152 1.7362290621 7.8553166389
-4.5486445427 1.4522899389 8.2401342392
-4.3649544716 1.6156296730 8.0827264786
-4.2604889870 1.7290453911 7.8403997421
-4.5317182541 1.4512854815 8.2373743057
-4.3525128365 1.6110284328 8.0718107224
-4.2567253113 1.7217729092 7.8252983093
-4.5149569511 1.4499981403 8.2338371277
-4.3406672478 1.6061955690 8.0603466034
-4.2537884712 1.7144290209 7.8100485802
-4.4984002113 1.4484310150 8.2295312881
-4.3294463158 1.6011428833 8.0483598709
-4.2516856194 1.7070313692 7.7946872711
-4.4820885658 1.4465880394 8.2244682312
-4.3188772202 1.5958822966 8.0358800888
-4.2504215240 1.6995979548 7.7792515755
-4.4660606384 1.4444735050 8.2186584473
-4.3089857101 1.5904266834 8.0229377747
-4.4503560066 1.4420924187 8.2121162415
-4.2997951508 1.5847890377 8.0095643997
-4.4350113869 1.4394507408 8.2048587799
-4.2913274765 1.5789830685 7.9957904816
-4.4200639725 1.4365546703 8.1969013214
-4.2836036682 1.5730227232 7.9816508293
-4.4055504799 1.4334113598 8.1882648468
-4.2766423225 1.5669223070 7.9671788216
-4.5828261375 1.2525851727 8.3107814789
-4.3915052414 1.4300282001 8.1789703369
-4.2704596519 1.5606966019 7.9524097443
-4.5656938553 1.2522127628 8.3095741272
-4.3779625893 1.4264134169 8.1690387726
-4.2650709152 1.5543605089 7.9373788834
-4.5486445427 1.2515928745 8.3075647354
-4.3649544716 1.4225755930 8.1584939957
-4.2604889870 1.5479294062 7.9221224785
-4.5317182541 1.2507271767 8.3047580719
-4.3525128365 1.4185242653 8.1473636627
-4.2567253113 1.5414186716 7.9066772461
-4.5149569511 1.2496178150 8.3011617661
-4.3406672478 1.4142688513 8.1356716156
-4.2537884712 1.5348440409 7.8910803795
-4.4984002113 1.2482672930 8.2967834473
-4.3294463158 1.4098199606 8.1234483719
-4.2516856194 1.5282213688 7.8753695488
-4.4820885658 1.2466789484 8.2916336060
-4.3188772202 1.4051879644 8.1107225418
-4.2504215240 1.5215665102 7.8595824242
-4.2500000000 1.5148956776 7.8437571526
-4.4660606384 1.2448565960 8.2857255936
-4.3089857101 1.4003841877 8.0975236893
-4.4503560066 1.2428046465 8.2790737152
-4.2997951508 1.3954203129 8.0838861465
-4.4350113869 1.2405279875 8.2716932297
-4.2913274765 1.3903080225 8.0698404312
-4.4200639725 1.2380321026 8.2636013031
-4.2836036682 1.3850599527 8.0554208755
-4.4055504799 1.2353231907 8.2548189163
-4.2766423225 1.3796885014 8.0406627655
-4.5828261375 1.0486148596 8.3681697845
-4.3915052414 1.2324075699 8.2453670502
-4.2704596519 1.3742066622 8.0256013870
-4.5656938553 1.0483031273 8.3669452667
-4.3779625893 1.2292922735 8.2352676392
-4.2650709152 1.3686276674 8.0102739334
-4.5486445427 1.0477842093 8.3649072647
-4.3649544716 1.2259849310 8.2245454788
-4.2604889870 1.3629649878 7.9947156906
-4.5317182541 1.0470594168 8.3620615005
-4.3525128365 1.2224934101 8.2132263184
-4.2567253113 1.3572322130 7.9789648056
-4.5149569511 1.0461306572 8.3584136963
-4.3406672478 1.2188260555 8.2013368607
-4.2537884712 1.3514432907 7.9630599022
-4.4984002113 1.0450000763 8.3539733887
-4.3294463158 1.2149919271 8.1889066696
-4.2516856194 1.3456119299 7.9470381737
-4.4820885658 1.0436704159 8.3487520218
-4.3188772202 1.2110000849 8.1759662628
-4.2504215240 1.3397523165 7.9309391975
-4.2500000000 1.3338785172 7.9148011208
-4.2500000000 1.1495451927 7.9767341614
-4.4660606384 1.0421447754 8.3427600861
-4.3089857101 1.2068601847 8.1625442505
-4.4503560066 1.0404269695 8.3360137939
-4.2997951508 1.2025822401 8.1486759186
-4.4350113869 1.0385210514 8.3285284042
-4.2913274765 1.1981765032 8.1343927383
-4.4200639725 1.0364316702 8.3203229904
-4.2836036682 1.1936535835 8.1197299957
-4.4055504799 1.0341638327 8.3114166260
-4.2766423225 1.1890244484 8.1047229767
-4.5828261375 0.8420375586 8.4153194427
-4.3915052414 1.0317229033 8.3018312454
-4.2704596519 1.1843001842 8.0894069672
-4.5656938553 0.8417871594 8.4140815735
-4.3779625893 1.0291149616 8.2915887833
-4.2650709152 1.1794922352 8.0738201141
-4.5486445427 0.8413704634 8.4120197296
-4.3649544716 1.0263462067 8.2807149887
-4.2604889870 1.1746120453 8.0579986572
-4.5317182541 0.8407885432 8.4091415405
-4.3525128365 1.0234231949 8.2692356110
-4.2567253113 1.1696715355 8.0419816971
-4.5149569511 0.8400427699 8.4054517746
-4.3406672478 1.0203530788 8.2571792603
-4.2537884712 1.1646825075 8.0258083344
-4.4984002113 0.8391348720 8.4009609222
-4.3294463158 1.0171432495 8.2445726395
-4.2516856194 1.1596570015 8.0095157623
-4.4820885658 0.8380671144 8.3956794739
-4.3188772202 1.0138014555 8.2314491272
-4.2504215240 1.1546071768 7.9931445122
-4.4660606384 0.8368420601 8.3896188736
-4.3089857101 1.0103356838 8.2178382874
-4.4503560066 0.8354626298 8.3827953339
-4.2997951508 1.0067543983 8.2037734985
-4.4350113869 0.8339322209 8.3752250671
-4.2913274765 1.0030660629 8.1892881393
-4.4200639725 0.8322544098 8.3669252396
-4.2836036682 0.9992796779 8.1744184494
-4.4055504799 0.8304333091 8.3579168320
-4.2766423225 0.9954043627 8.1591987610
-4.5828261375 0.6333668232 8.4521141052
-4.3915052414 0.8284733295 8.3482217789
-4.2704596519 0.9914493561 8.1436662674
-4.5656938553 0.6331784725 8.4508647919
-4.3779625893 0.8263791203 8.3378620148
-4.2650709152 0.9874243140 8.1278591156
-4.5486445427 0.6328650117 8.4487848282
-4.3649544716 0.8241557479 8.3268632889
-4.2604889870 0.9833388329 8.1118144989
-4.5317182541 0.6324272752 8.4458808899
-4.3525128365 0.8218086362 8.3152532578
-4.2567253113 0.9792028666 8.0955715179
-4.5149569511 0.6318663359 8.4421586990
-4.3406672478 0.8193433285 8.3030576706
-4.2537884712 0.9750262499 8.0791692734
-4.4984002113 0.6311834455 8.4376287460
-4.3294463158 0.8167658448 8.2903079987
-4.2516856194 0.9708191156 8.0626468658
-4.4820885658 0.6303802729 8.4322996140
-4.3188772202 0.8140823841 8.2770338058
-4.2504215240 0.9665915966 8.0460443497
-4.2500000000 0.9623538256 8.0294017792
-4.2500000000 0.7727699876 8.0726728439
-4.4660606384 0.6294588447 8.4261865616
-4.3089857101 0.8112993836 8.2632665634
-4.4503560066 0.6284212470 8.4193029404
-4.2997951508 0.8084235787 8.2490406036
-4.4350113869 0.6272701025 8.4116649628
-4.2913274765 0.8054618835 8.2343902588
-4.4200639725 0.6260080934 8.4032926559
-4.2836036682 0.8024213910 8.2193498611
-4.4055504799 0.6246382594 8.3942041397
-4.2766423225 0.7993094921 8.2039566040
-4.5828261375 0.4231213629 8.4784612656
-4.3915052414 0.6231639981 8.3844232559
-4.2704596519 0.7961336374 8.1882467270
-4.5656938553 0.4229955375 8.4772033691
-4.3779625893 0.6215887666 8.3739719391
-4.2650709152 0.7929015160 8.1722574234
-4.5486445427 0.4227861762 8.4751110077
-4.3649544716 0.6199163795 8.3628768921
-4.2604889870 0.7896209359 8.1560297012
-4.5317182541 0.4224937260 8.4721889496
-4.3525128365 0.6181508899 8.3511629105
-4.2567253113 0.7862997055 8.1396007538
-4.5149569511 0.4221189618 8.4684438705
-4.3406672478 0.6162965894 8.3388605118
-4.2537884712 0.7829458714 8.1230096817
-4.4984002113 0.4216627777 8.4638843536
-4.3294463158 0.6143578291 8.3259983063
-4.2516856194 0.7795675397 8.1062984467
-4.4820885658 0.4211262465 8.4585227966
-4.3188772202 0.6123393774 8.3126058578
-4.2504215240 0.7761728764 8.0895061493
-4.4660606384 0.4205106497 8.4523706436
-4.3089857101 0.6102460623 8.2987174988
-4.4503560066 0.4198175073 8.4454441071
-4.2997951508 0.6080828905 8.2843666077
-4.4350113869 0.4190484583 8.4377584457
-4.2913274765 0.6058551669 8.2695865631
-4.4200639725 0.4182053804 8.4293336868
-4.2836036682 0.6035681367 8.2544126511
-4.4055504799 0.4172902703 8.4201879501
-4.2766423225 0.6012274623 8.2388830185
-4.5828261375 0.2118239999 8.4942960739
-4.3915052414 0.4163053632 8.4103460312
-4.2704596519 0.5988386273 8.2230348587
-4.5656938553 0.2117610127 8.4930334091
-4.3779625893 0.4152530432 8.3998289108
-4.2650709152 0.5964074731 8.2069053650
-4.5486445427 0.2116561830 8.4909334183
-4.3649544716 0.4141358137 8.3886642456
-4.2604889870 0.5939398408 8.1905336380
-4.5317182541 0.2115097940 8.4879999161
-4.3525128365 0.4129563868 8.3768777847
-4.2567253113 0.5914416909 8.1739587784
-4.5149569511 0.2113221735 8.4842405319
-4.3406672478 0.4117175937 8.3644981384
-4.2537884712 0.5889189839 8.1572227478
-4.4984002113 0.2110937983 8.4796648026
-4.3294463158 0.4104224145 8.3515539169
-4.2516856194 0.5863778591 8.1403627396
-4.4820885658 0.2108251899 8.4742832184
-4.3188772202 0.4090739787 8.3380784988
-4.2504215240 0.5838244557 8.1234216690
-4.2500000000 0.5812648535 8.1064405441
-4.4660606384 0.2105170190 8.4681081772
-4.3089857101 0.4076755345 8.3241033554
-4.4503560066 0.2101700008 8.4611549377
-4.2997951508 0.4062304497 8.3096618652
-4.4350113869 0.2097849995 8.4534406662
-4.2913274765 0.4047421813 8.2947893143
-4.4200639725 0.2093629390 8.4449834824
-4.2836036682 0.4032143652 8.2795209885
-4.4055504799 0.2089048177 8.4358043671
-4.2766423225 0.4016506374 8.2638940811
-4.5828261375 -0.0000000000 8.4995784760
-4.3915052414 0.2084117681 8.4259252548
-4.2704596519 0.4000547826 8.2479457855
-4.5656938553 -0.0000000000 8.4983148575
-4.3779625893 0.2078849375 8.4153690338
-4.2650709152 0.3984306455 8.2317152023
-4.5486445427 -0.0000000000 8.4962120056
-4.3649544716 0.2073256373 8.4041624069
-4.2604889870 0.3967821598 8.2152404785
-4.5317182541 -0.0000000000 8.4932746887
-4.3525128365 0.2067351788 8.3923320770
-4.2567253113 0.3951132596 8.1985626221
-4.5149569511 -0.0000000000 8.4895105362
-4.3406672478 0.2061150074 8.3799057007
-4.2537884712 0.3934279680 8.1817207336
-4.4984002113 -0.0000000000 8.4849290848
-4.3294463158 0.2054666132 8.3669137955
-4.2516856194 0.3917303681 8.1647558212
-4.4820885658 -0.0000000000 8.4795408249
-4.3188772202 0.2047915608 8.3533878326
-4.2504215240 0.3900245428 8.1477079391
-4.2500000000 0.3883146048 8.1306200027
-4.2500000000 0.1943989545 8.1451520920
-4.4660606384 -0.0000000000 8.4733581543
-4.3089857101 0.2040914595 8.3393602371
-4.4503560066 -0.0000000000 8.4663963318
-4.2997951508 0.2033680230 8.3248643875
-4.4350113869 -0.0000000000 8.4586725235
-4.2913274765 0.2026229650 8.3099355698
-4.4200639725 -0.0000000000 8.4502048492
-4.2836036682 0.2018581033 8.2946100235
-4.4055504799 -0.0000000000 8.4410142899
-4.2766423225 0.2010752708 8.2789249420
-4.5828261375 -0.2118239999 8.4942960739
-4.3915052414 -0.0000000000 8.4311227798
-4.2704596519 0.2002763599 8.2629165649
-4.5656938553 -0.2117610127 8.4930334091
-4.3779625893 -0.0000000000 8.4205532074
-4.2650709152 0.1994632781 8.2466249466
-4.5486445427 -0.2116561830 8.4909334183
-4.3649544716 -0.0000000000 8.4093332291
-4.2604889870 0.1986380070 8.2300891876
-4.5317182541 -0.2115097940 8.4879999161
-4.3525128365 -0.0000000000 8.3974876404
-4.2567253113 0.1978025138 8.2133483887
-4.5149569511 -0.2113221735 8.4842405319
-4.3406672478 -0.0000000000 8.3850460052
-4.2537884712 0.1969588250 8.1964435577
-4.4984002113 -0.2110937983 8.4796648026
-4.3294463158 -0.0000000000 8.3720378876
-4.2516856194 0.1961089671 8.1794157028
-4.4820885658 -0.2108251899 8.4742832184
-4.3188772202 -0.0000000000 8.3584947586
-4.2504215240 0.1952549964 8.1623039246
-4.4660606384 -0.2105170190 8.4681081772
-4.3089857101 -0.0000000000 8.3444499969
-4.4503560066 -0.2101700008 8.4611549377
-4.2997951508 -0.0000000000 8.3299360275
-4.4350113869 -0.2097849995 8.4534406662
-4.2913274765 -0.0000000000 8.3149890900
-4.4200639725 -0.2093629390 8.4449834824
-4.2836036682 -0.0000000000 8.2996444702
-4.4055504799 -0.2089048177 8.4358043671
-4.2766423225 -0.0000000000 8.2839393616
-4.5828261375 -0.4231213629 8.4784612656
-4.3915052414 -0.2084117681 8.4259252548
-4.2704596519 -0.0000000000 8.2679119110
-4.5656938553 -0.4229955375 8.4772033691
-4.3779625893 -0.2078849375 8.4153690338
-4.2650709152 -0.0000000000 8.2515993118
-4.5486445427 -0.4227861762 8.4751110077
-4.3649544716 -0.2073256373 8.4041624069
-4.2604889870 -0.0000000000 8.2350435257
-4.5317182541 -0.4224937260 8.4721889496
-4.3525128365 -0.2067351788 8.3923320770
-4.2567253113 -0.0000000000 8.2182817459
-4.5149569511 -0.4221189618 8.4684438705
-4.3406672478 -0.2061150074 8.3799057007
-4.2537884712 -0.0000000000 8.2013559341
-4.4984002113 -0.4216627777 8.4638843536
-4.3294463158 -0.2054666132 8.3669137955
-4.2516856194 -0.0000000000 8.1843061447
-4.4820885658 -0.4211262465 8.4585227966
-4.3188772202 -0.2047915608 8.3533878326
-4.2504215240 -0.0000000000 8.1671733856
-4.2500000000 -0.0000000000 8.1499996185
-4.4660606384 -0.4205106497 8.4523706436
-4.3089857101 -0.2040914595 8.3393602371
-4.4503560066 -0.4198175073 8.4454441071
-4.2997951508 -0.2033680230 8.3248643875
-4.4350113869 -0.4190484583 8.4377584457
-4.2913274765 -0.2026229650 8.3099355698
-4.4200639725 -0.4182053804 8.4293336868
-4.2836036682 -0.2018581033 8.2946100235
-4.4055504799 -0.4172902703 8.4201879501
-4.2766423225 -0.2010752708 8.2789249420
-4.5828261375 -0.6333668232 8.4521141052
-4.3915052414 -0.4163053632 8.4103460312
-4.2704596519 -0.2002763599 8.2629165649
-4.5656938553 -0.6331784725 8.4508647919
-4.3779625893 -0.4152530432 8.3998289108
-4.2650709152 -0.1994632781 8.2466249466
-4.5486445427 -0.6328650117 8.4487848282
-4.3649544716 -0.4141358137 8.3886642456
-4.2604889870 -0.1986380070 8.2300891876
-4.5317182541 -0.6324272752 8.4458808899
-4.3525128365 -0.4129563868 8.3768777847
-4.2567253113 -0.1978025138 8.2133483887
-4.5149569511 -0.6318663359 8.4421586990
-4.3406672478 -0.4117175937 8.3644981384
-4.2537884712 -0.1969588250 8.1964435577
-4.4984002113 -0.6311834455 8.4376287460
-4.3294463158 -0.4104224145 8.3515539169
-4.2516856194 -0.1961089671 8.1794157028
-4.4820885658 -0.6303802729 8.4322996140
-4.3188772202 -0.4090739787 8.3380784988
-4.2504215240 -0.1952549964 8.1623039246
-4.2500000000 -0.1943989545 8.1451520920
-4.4660606384 -0.6294588447 8.4261865616
-4.3089857101 -0.4076755345 8.3241033554
-4.4503560066 -0.6284212470 8.4193029404
-4.2997951508 -0.4062304497 8.3096618652
-4.4350113869 -0.6272701025 8.4116649628
-4.2913274765 -0.4047421813 8.2947893143
-4.4200639725 -0.6260080934 8.4032926559
-4.2836036682 -0.4032143652 8.2795209885
-4.4055504799 -0.6246382594 8.3942041397
-4.2766423225 -0.4016506374 8.2638940811
-4.5828261375 -0.8420375586 8.4153194427
-4.3915052414 -0.6231639981 8.3844232559
-4.2704596519 -0.4000547826 8.2479457855
-4.5656938553 -0.8417871594 8.4140815735
-4.3779625893 -0.6215887666 8.3739719391
-4.2650709152 -0.3984306455 8.2317152023
-4.5486445427 -0.8413704634 8.4120197296
-4.3649544716 -0.6199163795 8.3628768921
-4.2604889870 -0.3967821598 8.2152404785
-4.5317182541 -0.8407885432 8.4091415405
-4.3525128365 -0.6181508899 8.3511629105
-4.2567253113 -0.3951132596 8.1985626221
-4.5149569511 -0.8400427699 8.4054517746
-4.3406672478 -0.6162965894 8.3388605118
-4.2537884712 -0.3934279680 8.1817207336
-4.4984002113 -0.8391348720 8.4009609222
-4.3294463158 -0.6143578291 8.3259983063
-4.2516856194 -0.3917303681 8.1647558212
-4.4820885658 -0.8380671144 8.3956794739
-4.3188772202 -0.6123393774 8.3126058578
-4.2504215240 -0.3900245428 8.1477079391
-4.2500000000 -0.3883146048 8.1306200027
-4.2500000000 -0.5812648535 8.1064405441
-4.4660606384 -0.8368420601 8.3896188736
-4.3089857101 -0.6102460623 8.2987174988
-4.4503560066 -0.8354626298 8.3827953339
-4.2997951508 -0.6080828905 8.2843666077
-4.4350113869 -0.8339322209 8.3752250671
-4.2913274765 -0.6058551669 8.2695865631
-4.4200639725 -0.8322544098 8.3669252396
-4.2836036682 -0.6035681367 8.2544126511
-4.4055504799 -0.8304333091 8.3579168320
-4.2766423225 -0.6012274623 8.2388830185
-4.5828261375 -1.0486148596 8.3681697845
-4.3915052414 -0.8284733295 8.3482217789
-4.2704596519 -0.5988386273 8.2230348587
-4.5656938553 -1.0483031273 8.3669452667
-4.3779625893 -0.8263791203 8.3378620148
-4.2650709152 -0.5964074731 8.2069053650
-4.5486445427 -1.0477842093 8.3649072647
-4.3649544716 -0.8241557479 8.3268632889
-4.2604889870 -0.5939398408 8.1905336380
-4.5317182541 -1.0470594168 8.3620615005
-4.3525128365 -0.8218086362 8.3152532578
-4.2567253113 -0.5914416909 8.1739587784
-4.5149569511 -1.0461306572 8.3584136963
-4.3406672478 -0.8193433285 8.3030576706
-4.2537884712 -0.5889189839 8.1572227478
-4.4984002113 -1.0450000763 8.3539733887
-4.3294463158 -0.8167658448 8.2903079987
-4.2516856194 -0.5863778591 8.1403627396
-4.4820885658 -1.0436704159 8.3487520218
-4.3188772202 -0.8140823841 8.2770338058
-4.2504215240 -0.5838244557 8.1234216690
-4.2500000000 -0.7727699876 8.0726728439
-4.4660606384 -1.0421447754 8.3427600861
-4.3089857101 -0.8112993836 8.2632665634
-4.4503560066 -1.0404269695 8.3360137939
-4.2997951508 -0.8084235787 8.2490406036
-4.4350113869 -1.0385210514 8.3285284042
-4.2913274765 -0.8054618835 8.2343902588
-4.4200639725 -1.0364316702 8.3203229904
-4.2836036682 -0.8024213910 8.2193498611
-4.4055504799 -1.0341638327 8.3114166260
-4.2766423225 -0.7993094921 8.2039566040
-4.5828261375 -1.2525851727 8.3107814789
-4.3915052414 -1.0317229033 8.3018312454
-4.2704596519 -0.7961336374 8.1882467270
-4.5656938553 -1.2522127628 8.3095741272
-4.3779625893 -1.0291149616 8.2915887833
-4.2650709152 -0.7929015160 8.1722574234
-4.5486445427 -1.2515928745 8.3075647354
-4.3649544716 -1.0263462067 8.2807149887
-4.2604889870 -0.7896209359 8.1560297012
-4.5317182541 -1.2507271767 8.3047580719
-4.3525128365 -1.0234231949 8.2692356110
-4.2567253113 -0.7862997055 8.1396007538
-4.5149569511 -1.2496178150 8.3011617661
-4.3406672478 -1.0203530788 8.2571792603
-4.2537884712 -0.7829458714 8.1230096817
-4.4984002113 -1.2482672930 8.2967834473
-4.3294463158 -1.0171432495 8.2445726395
-4.2516856194 -0.7795675397 8.1062984467
-4.4820885658 -1.2466789484 8.2916336060
-4.3188772202 -1.0138014555 8.2314491272
-4.2504215240 -0.7761728764 8.0895061493
-4.4660606384 -1.2448565960 8.2857255936
-4.3089857101 -1.0103356838 8.2178382874
-4.4503560066 -1.2428046465 8.2790737152
-4.2997951508 -1.0067543983 8.2037734985
-4.4350113869 -1.2405279875 8.2716932297
-4.2913274765 -1.0030660629 8.1892881393
-4.4200639725 -1.2380321026 8.2636013031
-4.2836036682 -0.9992796779 8.1744184494
-4.4055504799 -1.2353231907 8.2548189163
-4.2766423225 -0.9954043627 8.1591987610
-4.5828261375 -1.4534413815 8.2432975769
-4.3915052414 -1.2324075699 8.2453670502
-4.2704596519 -0.9914493561 8.1436662674
-4.5656938553 -1.4530091286 8.2421102524
-4.3779625893 -1.2292922735 8.2352676392
-4.2650709152 -0.9874243140 8.1278591156
-4.5486445427 -1.4522899389 8.2401342392
-4.3649544716 -1.2259849310 8.2245454788
-4.2604889870 -0.9833388329 8.1118144989
-4.5317182541 -1.4512854815 8.2373743057
-4.3525128365 -1.2224934101 8.2132263184
-4.2567253113 -0.9792028666 8.0955715179
-4.5149569511 -1.4499981403 8.2338371277
-4.3406672478 -1.2188260555 8.2013368607
-4.2537884712 -0.9750262499 8.0791692734
-4.4984002113 -1.4484310150 8.2295312881
-4.3294463158 -1.2149919271 8.1889066696
-4.2516856194 -0.9708191156 8.0626468658
-4.4820885658 -1.4465880394 8.2244682312
-4.3188772202 -1.2110000849 8.1759662628
-4.2504215240 -0.9665915966 8.0460443497
-4.2500000000 -0.9623538256 8.0294017792
-4.4660606384 -1.4444735050 8.2186584473
-4.3089857101 -1.2068601847 8.1625442505
-4.4503560066 -1.4420924187 8.2121162415
-4.2997951508 -1.2025822401 8.1486759186
-4.4350113869 -1.4394507408 8.2048587799
-4.2913274765 -1.1981765032 8.1343927383
-4.4200639725 -1.4365546703 8.1969013214
-4.2836036682 -1.1936535835 8.1197299957
-4.4055504799 -1.4334113598 8.1882648468
-4.2766423225 -1.1890244484 8.1047229767
-4.5828261375 -1.6506841183 8.1658849716
-4.3915052414 -1.4300282001 8.1789703369
-4.2704596519 -1.1843001842 8.0894069672
-4.5656938553 -1.6501932144 8.1647205353
-4.3779625893 -1.4264134169 8.1690387726
-4.2650709152 -1.1794922352 8.0738201141
-4.5486445427 -1.6493763924 8.1627826691
-4.3649544716 -1.4225755930 8.1584939957
-4.2604889870 -1.1746120453 8.0579986572
-4.5317182541 -1.6482355595 8.1600770950
-4.3525128365 -1.4185242653 8.1473636627
-4.2567253113 -1.1696715355 8.0419816971
-4.5149569511 -1.6467735767 8.1566085815
-4.3406672478 -1.4142688513 8.1356716156
-4.2537884712 -1.1646825075 8.0258083344
-4.4984002113 -1.6449937820 8.1523866653
-4.3294463158 -1.4098199606 8.1234483719
-4.2516856194 -1.1596570015 8.0095157623
-4.4820885658 -1.6429007053 8.1474208832
-4.3188772202 -1.4051879644 8.1107225418
-4.2504215240 -1.1546071768 7.9931445122
-4.2500000000 -1.1495451927 7.9767341614
-4.4660606384 -1.6404991150 8.1417236328
-4.3089857101 -1.4003841877 8.0975236893
-4.4503560066 -1.6377949715 8.1353092194
-4.2997951508 -1.3954203129 8.0838861465
-4.4350113869 -1.6347948313 8.1281919479
-4.2913274765 -1.3903080225 8.0698404312
-4.4200639725 -1.6315057278 8.1203889847
-4.2836036682 -1.3850599527 8.0554208755
-4.4055504799 -1.6279357672 8.1119203568
-4.2766423225 -1.3796885014 8.0406627655
-4.5828261375 -1.8438229561 8.0787382126
-4.3915052414 -1.6240935326 8.1028051376
-4.2704596519 -1.3742066622 8.0256013870
-4.5656938553 -1.8432745934 8.0775995255
-4.3779625893 -1.6199882030 8.0930662155
-4.2650709152 -1.3686276674 8.0102739334
-4.5486445427 -1.8423622847 8.0757045746
-4.3649544716 -1.6156296730 8.0827264786
-4.2604889870 -1.3629649878 7.9947156906
-4.5317182541 -1.8410879374 8.0730581284
-4.3525128365 -1.6110284328 8.0718107224
-4.2567253113 -1.3572322130 7.9789648056
-4.5149569511 -1.8394548893 8.0696678162
-4.3406672478 -1.6061955690 8.0603466034
-4.2537884712 -1.3514432907 7.9630599022
-4.4984002113 -1.8374668360 8.0655393600
-4.3294463158 -1.6011428833 8.0483598709
-4.2516856194 -1.3456119299 7.9470381737
-4.4820885658 -1.8351287842 8.0606842041
-4.3188772202 -1.5958822966 8.0358800888
-4.2504215240 -1.3397523165 7.9309391975
-4.2500000000 -1.3338785172 7.9148011208
-4.4660606384 -1.8324463367 8.0551137924
-4.3089857101 -1.5904266834 8.0229377747
-4.4503560066 -1.8294258118 8.0488414764
-4.2997951508 -1.5847890377 8.0095643997
-4.4350113869 -1.8260744810 8.0418825150
-4.2913274765 -1.5789830685 7.9957904816
-4.4200639725 -1.8224006891 8.0342540741
-4.2836036682 -1.5730227232 7.9816508293
-4.4055504799 -1.8184130192 8.0259733200
-4.2766423225 -1.5669223070 7.9671788216
-4.5828261375 -2.0323777199 7.9820713997
-4.3915052414 -1.8141211271 8.0170612335
-4.2704596519 -1.5606966019 7.9524097443
-4.5656938553 -2.0317733288 7.9809617996
-4.3779625893 -1.8095353842 8.0075387955
-4.2650709152 -1.5543605089 7.9373788834
-4.5486445427 -2.0307676792 7.9791150093
-4.3649544716 -1.8046668768 7.9974293709
-4.2604889870 -1.5479294062 7.9221224785
-4.5317182541 -2.0293631554 7.9765353203
-4.3525128365 -1.7995272875 7.9867568016
-4.2567253113 -1.5414186716 7.9066772461
-4.5149569511 -2.0275628567 7.9732298851
-4.3406672478 -1.7941290140 7.9755473137
-4.2537884712 -1.5348440409 7.8910803795
-4.4984002113 -2.0253717899 7.9692063332
-4.3294463158 -1.7884850502 7.9638276100
-4.2516856194 -1.5282213688 7.8753695488
-4.4820885658 -2.0227944851 7.9644737244
-4.3188772202 -1.7826091051 7.9516258240
-4.2504215240 -1.5215665102 7.8595824242
-4.2500000000 -1.5148956776 7.8437571526
-4.4660606384 -2.0198376179 7.9590439796
-4.3089857101 -1.7765151262 7.9389715195
-4.4503560066 -2.0165083408 7.9529299736
-4.2997951508 -1.7702178955 7.9258952141
-4.4350113869 -2.0128142834 7.9461469650
-4.2913274765 -1.7637325525 7.9124283791
-4.4200639725 -2.0087647438 7.9387106895
-4.2836036682 -1.7570748329 7.8986034393
-4.4055504799 -2.0043692589 7.9306392670
-4.2766423225 -1.7502605915 7.8844537735
-4.5828261375 -2.2158796787 7.8761262894
-4.3915052414 -1.9996385574 7.9219522476
-4.2704596519 -1.7433063984 7.8700132370
-4.5656938553 -2.2152209282 7.8750481606
-4.3779625893 -1.9945838451 7.9126701355
-4.2650709152 -1.7362290621 7.8553166389
-4.5486445427 -2.2141242027 7.8732538223
-4.3649544716 -1.9892175198 7.9028158188
-4.2604889870 -1.7290453911 7.8403997421
-4.5317182541 -2.2125928402 7.8707475662
-4.3525128365 -1.9835523367 7.8924126625
-4.2567253113 -1.7217729092 7.8252983093
-4.5149569511 -2.2106301785 7.8675360680
-4.3406672478 -1.9776020050 7.8814864159
-4.2537884712 -1.7144290209 7.8100485802
-4.4984002113 -2.2082412243 7.8636264801
-4.3294463158 -1.9713809490 7.8700623512
-4.2516856194 -1.7070313692 7.7946872711
-4.4820885658 -2.2054312229 7.8590283394
-4.3188772202 -1.9649039507 7.8581686020
-4.2504215240 -1.6995979548 7.7792515755
-4.2500000000 -1.6921465397 7.7637786865
-4.4660606384 -2.2022075653 7.8537526131
-4.3089857101 -1.9581867456 7.8458337784
-4.4503560066 -2.1985774040 7.8478126526
-4.2997951508 -1.9512455463 7.8330879211
-4.4350113869 -2.1945500374 7.8412218094
-4.2913274765 -1.9440970421 7.8199610710
-4.4200639725 -2.1901347637 7.8339967728
-4.2836036682 -1.9367585182 7.8064851761
-4.4055504799 -2.1853423119 7.8261542320
-4.2766423225 -1.9292474985 7.7926926613
-4.5828261375 -2.3938727379 7.7611665726
-4.3915052414 -2.1801846027 7.8177137375
-4.2704596519 -1.9215821028 7.7786164284
-4.5656938553 -2.3931608200 7.7601222992
-4.3779625893 -2.1746735573 7.8086953163
-4.2650709152 -1.9137809277 7.7642912865
-4.5486445427 -2.3919763565 7.7583847046
-4.3649544716 -2.1688225269 7.7991209030
-4.2604889870 -1.9058626890 7.7497506142
-4.5317182541 -2.3903217316 7.7559580803
-4.3525128365 -2.1626458168 7.7890133858
-4.2567253113 -1.8978464603 7.7350306511
-4.5149569511 -2.3882014751 7.7528481483
-4.3406672478 -2.1561584473 7.7783966064
-4.2537884712 -1.8897515535 7.7201657295
-4.4984002113 -2.3856205940 7.7490625381
-4.3294463158 -2.1493754387 7.7672972679
-4.2516856194 -1.8815975189 7.7051925659
-4.4820885658 -2.3825850487 7.7446103096
-4.3188772202 -2.1423137188 7.7557411194
-4.2504215240 -1.8734039068 7.6901464462
-4.2500000000 -1.8651905060 7.6750640869
-4.2500000000 -2.0335972309 7.5778346062
-4.4660606384 -2.3791022301 7.7395019531
-4.3089857101 -2.1349902153 7.7437562943
-4.4503560066 -2.3751804829 7.7337498665
-4.2997951508 -2.1274223328 7.7313723564
-4.4350113869 -2.3708295822 7.7273683548
-4.2913274765 -2.1196281910 7.7186179161
-4.4200639725 -2.3660597801 7.7203722000
-4.2836036682 -2.1116271019 7.7055244446
-4.4055504799 -2.3608825207 7.7127785683
-4.2766423225 -2.1034379005 7.6921234131
-4.5828261375 -2.5659141541 7.6374769211
-4.3915052414 -2.3553102016 7.7046055794
-4.2704596519 -2.0950803757 7.6784472466
-4.5656938553 -2.5651512146 7.6364698410
-4.3779625893 -2.3493564129 7.6958732605
-4.2650709152 -2.0865750313 7.6645283699
-4.5486445427 -2.5638813972 7.6347932816
-4.3649544716 -2.3430356979 7.6866021156
-4.2604889870 -2.0779416561 7.6504011154
-4.5317182541 -2.5621080399 7.6324524879
-4.3525128365 -2.3363628387 7.6768150330
-4.2567253113 -2.0692017078 7.6360983849
-4.5149569511 -2.5598354340 7.6294517517
-4.3406672478 -2.3293540478 7.6665349007
-4.2537884712 -2.0603759289 7.6216559410
-4.4984002113 -2.5570688248 7.6257996559
-4.3294463158 -2.3220264912 7.6557874680
-4.2516856194 -2.0514855385 7.6071076393
-4.4820885658 -2.5538151264 7.6215043068
-4.3188772202 -2.3143975735 7.6445975304
-4.2504215240 -2.0425522327 7.5924887657
-4.4660606384 -2.5500822067 7.6165757179
-4.3089857101 -2.3064856529 7.6329932213
-4.4503560066 -2.5458786488 7.6110262871
-4.2997951508 -2.2983098030 7.6210012436
-4.4350113869 -2.5412149429 7.6048698425
-4.2913274765 -2.2898898125 7.6086516380
-4.4200639725 -2.5361022949 7.5981197357
-4.2836036682 -2.2812459469 7.5959730148
-4.4055504799 -2.5305528641 7.5907936096
-4.2766423225 -2.2723989487 7.5829968452
-4.5828261375 -2.7315764427 7.5053658485
-4.3915052414 -2.5245802402 7.5829086304
-4.2704596519 -2.2633700371 7.5697541237
-4.5656938553 -2.7307639122 7.5043978691
-4.3779625893 -2.5181987286 7.5744838715
-4.2650709152 -2.2541813850 7.5562767982
-4.5486445427 -2.7294123173 7.5027871132
-4.3649544716 -2.5114235878 7.5655393600
-4.2604889870 -2.2448546886 7.5425972939
-4.5317182541 -2.7275245190 7.5005369186
-4.3525128365 -2.5042712688 7.5560970306
-4.2567253113 -2.2354125977 7.5287480354
-4.5149569511 -2.7251050472 7.4976539612
-4.3406672478 -2.4967586994 7.5461792946
-4.2537884712 -2.2258780003 7.5147633553
-4.4984002113 -2.7221598625 7.4941439629
-4.3294463158 -2.4889044762 7.5358099937
-4.2516856194 -2.2162735462 7.5006761551
-4.4820885658 -2.7186961174 7.4900159836
-4.3188772202 -2.4807271957 7.5250148773
-4.2504215240 -2.2066226006 7.4865207672
-4.2500000000 -2.1969482899 7.4723310471
-4.4660606384 -2.7147221565 7.4852800369
-4.3089857101 -2.4722466469 7.5138187408
-4.4503560066 -2.7102472782 7.4799470901
-4.2997951508 -2.4634833336 7.5022497177
-4.4350113869 -2.7052824497 7.4740300179
-4.2913274765 -2.4544582367 7.4903349876
-4.4200639725 -2.6998398304 7.4675436020
-4.2836036682 -2.4451930523 7.4781031609
-4.4055504799 -2.6939320564 7.4605031013
-4.2766423225 -2.4357101917 7.4655842781
-4.5828261375 -2.8904473782 7.3651614189
-4.3915052414 -2.6875739098 7.4529256821
-4.2704596519 -2.4260325432 7.4528079033
-4.5656938553 -2.8895878792 7.3642349243
-4.3779625893 -2.6807801723 7.4448294640
-4.2650709152 -2.4161834717 7.4398050308
-4.5486445427 -2.8881576061 7.3626933098
-4.3649544716 -2.6735675335 7.4362339973
-4.2604889870 -2.4061865807 7.4266071320
-4.5317182541 -2.8861598969 7.3605403900
-4.3525128365 -2.6659533978 7.4271597862
-4.2567253113 -2.3960659504 7.4132461548
-4.5149569511 -2.8835997581 7.3577814102
-4.3406672478 -2.6579561234 7.4176287651
-4.2537884712 -2.3858458996 7.3997540474
-4.4984002113 -2.8804833889 7.3544225693
-4.3294463158 -2.6495947838 7.4076638222
-4.2516856194 -2.3755512238 7.3861632347
-4.4820885658 -2.8768181801 7.3504724503
-4.3188772202 -2.6408894062 7.3972897530
-4.2504215240 -2.3652067184 7.3725066185
-4.2500000000 -2.3548371792 7.3588166237
-4.4660606384 -2.8726129532 7.3459405899
-4.3089857101 -2.6318614483 7.3865303993
-4.4503560066 -2.8678777218 7.3408370018
-4.2997951508 -2.6225323677 7.3754124641
-4.4350113869 -2.8626241684 7.3351750374
-4.2913274765 -2.6129245758 7.3639621735
-4.4200639725 -2.8568649292 7.3289680481
-4.2836036682 -2.6030611992 7.3522076607
-4.4055504799 -2.8506138325 7.3222308159
-4.2766423225 -2.5929660797 7.3401765823
-4.5828261375 -3.0421323776 7.2172122002
-4.3915052414 -2.8438856602 7.3149795532
-4.2704596519 -2.5826637745 7.3278985023
-4.5656938553 -3.0412275791 7.2163295746
-4.3779625893 -2.8366968632 7.3072323799
-4.2650709152 -2.5721786022 7.3154029846
-4.5486445427 -3.0397222042 7.2148613930
-4.3649544716 -2.8290648460 7.2990069389
-4.2604889870 -2.5615363121 7.3027200699
-4.5317182541 -3.0376198292 7.2128105164
-4.3525128365 -2.8210077286 7.2903232574
-4.2567253113 -2.5507621765 7.2898802757
-4.5149569511 -3.0349252224 7.2101826668
-4.3406672478 -2.8125452995 7.2812027931
-4.2537884712 -2.5398824215 7.2769141197
-4.4984002113 -3.0316452980 7.2069835663
-4.3294463158 -2.8036975861 7.2716674805
-4.2516856194 -2.5289230347 7.2638530731
-4.4820885658 -3.0277876854 7.2032208443
-4.3188772202 -2.7944860458 7.2617397308
-4.2504215240 -2.5179107189 7.2507290840
-4.2500000000 -2.5068717003 7.2375731468
-4.4660606384 -3.0233619213 7.1989040375
-4.3089857101 -2.7849330902 7.2514438629
-4.4503560066 -3.0183782578 7.1940431595
-4.2997951508 -2.7750611305 7.2408046722
-4.4350113869 -3.0128490925 7.1886501312
-4.2913274765 -2.7648944855 7.2298479080
-4.4200639725 -3.0067875385 7.1827378273
-4.2836036682 -2.7544577122 7.2185993195
-4.4055504799 -3.0002081394 7.1763205528
-4.2766423225 -2.7437753677 7.2070865631
-4.5828261375 -3.1862540245 7.0618858337
-4.3915052414 -2.9931271076 7.1694135666
-4.2704596519 -2.7328739166 7.1953372955
-4.5656938553 -3.1853065491 7.0610494614
-4.3779625893 -2.9855611324 7.1620340347
-4.2650709152 -2.7217788696 7.1833801270
-4.5486445427 -3.1837298870 7.0596580505
-4.3649544716 -2.9775285721 7.1541996002
-4.2604889870 -2.7105176449 7.1712431908
-4.5317182541 -3.1815276146 7.0577149391
-4.3525128365 -2.9690487385 7.1459283829
-4.2567253113 -2.6991169453 7.1589560509
-4.5149569511 -3.1787056923 7.0552244186
-4.3406672478 -2.9601421356 7.1372408867
-4.2537884712 -2.6876044273 7.1465487480
-4.4984002113 -3.1752703190 7.0521926880
-4.3294463158 -2.9508302212 7.1281585693
-4.2516856194 -2.6760077477 7.1340503693
-4.4820885658 -3.1712298393 7.0486268997
-4.3188772202 -2.9411351681 7.1187024117
-4.2504215240 -2.6643548012 7.1214914322
-4.2500000000 -2.6526737213 7.1089024544
-4.4660606384 -3.1665942669 7.0445361137
-4.3089857101 -2.9310808182 7.1088953018
-4.4503560066 -3.1613745689 7.0399298668
-4.2997951508 -2.9206910133 7.0987615585
-4.4350113869 -3.1555833817 7.0348191261
-4.2913274765 -2.9099907875 7.0883250237
-4.4200639725 -3.1492347717 7.0292162895
-4.2836036682 -2.8990061283 7.0776109695
-4.4055504799 -3.1423437595 7.0231347084
-4.2766423225 -2.8877632618 7.0666446686
-4.5828261375 -3.3224542141 6.8995690346
-4.3915052414 -3.1349272728 7.0165896416
-4.2704596519 -2.8762896061 7.0554537773
-4.5656938553 -3.3214662075 6.8987808228
-4.3779625893 -3.1270027161 7.0095963478
-4.2650709152 -2.8646125793 7.0440640450
-4.5486445427 -3.3198220730 6.8974695206
-4.3649544716 -3.1185896397 7.0021715164
-4.2604889870 -2.8527603149 7.0325036049
-4.5317182541 -3.3175258636 6.8956384659
-4.3525128365 -3.1097080708 6.9943337440
-4.2567253113 -2.8407611847 7.0208001137
-4.5149569511 -3.3145830631 6.8932919502
-4.3406672478 -3.1003794670 6.9861011505
-4.2537884712 -2.8286445141 7.0089821815
-4.4984002113 -3.3110008240 6.8904352188
-4.3294463158 -3.0906262398 6.9774937630
-4.2516856194 -2.8164391518 6.9970774651
-4.4820885658 -3.3067879677 6.8870754242
-4.3188772202 -3.0804722309 6.9685325623
-4.2504215240 -2.8041749001 6.9851150513
-4.2500000000 -2.7918806076 6.9731235504
-4.4660606384 -3.3019540310 6.8832206726
-4.3089857101 -3.0699412823 6.9592394829
-4.4503560066 -3.2965114117 6.8788800240
-4.2997951508 -3.0590593815 6.9496359825
-4.4350113869 -3.2904725075 6.8740644455
-4.2913274765 -3.0478522778 6.9397454262
-4.4200639725 -3.2838525772 6.8687849045
-4.2836036682 -3.0363471508 6.9295921326
-4.4055504799 -3.2766668797 6.8630547523
-4.2766423225 -3.0245718956 6.9192004204
-4.5828261375 -3.4503941536 6.7306647301
-4.3915052414 -3.2689332962 6.8568873405
-4.2704596519 -3.0125544071 6.9085950851
-4.5656938553 -3.4493682384 6.7299265862
-4.3779625893 -3.2606701851 6.8502974510
-4.2650709152 -3.0003242493 6.8978018761
-4.5486445427 -3.4476606846 6.7286992073
-4.3649544716 -3.2518973351 6.8433017731
-4.2604889870 -2.9879102707 6.8868465424
-4.5317182541 -3.4452760220 6.7269849777
-4.3525128365 -3.2426362038 6.8359160423
-4.2567253113 -2.9753429890 6.8757557869
-4.5149569511 -3.4422199726 6.7247877121
-4.3406672478 -3.2329089642 6.8281588554
-4.2537884712 -2.9626522064 6.8645563126
-4.4984002113 -3.4384999275 6.7221131325
-4.3294463158 -3.2227387428 6.8200483322
-4.2516856194 -2.9498686790 6.8532743454
-4.4820885658 -3.4341247082 6.7189674377
-4.3188772202 -3.2121505737 6.8116044998
-4.2504215240 -2.9370231628 6.8419384956
-4.2500000000 -2.9241466522 6.8305749893
-4.4660606384 -3.4291048050 6.7153582573
-4.3089857101 -3.2011694908 6.8028473854
-4.4503560066 -3.4234523773 6.7112946510
-4.2997951508 -3.1898224354 6.7937984467
-4.4350113869 -3.4171810150 6.7067856789
-4.2913274765 -3.1781363487 6.7844791412
-4.4200639725 -3.4103059769 6.7018432617
-4.2836036682 -3.1661393642 6.7749118805
-4.4055504799 -3.4028439522 6.6964778900
-4.2766423225 -3.1538605690 6.7651200294
-4.5828261375 -3.5697560310 6.5555930138
-4.3915052414 -3.3948123455 6.6907038689
-4.2704596519 -3.1413297653 6.7551269531
-4.5656938553 -3.5686943531 6.5549073219
-4.3779625893 -3.3862309456 6.6845340729
-4.2650709152 -3.1285765171 6.7449564934
-4.5486445427 -3.5669279099 6.5537662506
-4.3649544716 -3.3771204948 6.6779842377
-4.2604889870 -3.1156320572 6.7346339226
-4.5317182541 -3.5644607544 6.5521731377
-4.3525128365 -3.3675026894 6.6710696220
-4.2567253113 -3.1025273800 6.7241830826
-4.5149569511 -3.5612990856 6.5501308441
-4.3406672478 -3.3574006557 6.6638069153
-4.2537884712 -3.0892941952 6.7136301994
-4.4984002113 -3.5574502945 6.5476450920
-4.3294463158 -3.3468389511 6.6562132835
-4.2516856194 -3.0759642124 6.7029995918
-4.4820885658 -3.5529236794 6.5447211266
-4.3188772202 -3.3358430862 6.6483078003
-4.2504215240 -3.0625696182 6.6923179626
-4.2500000000 -3.0491428375 6.6816101074
-4.2500000000 -3.1665582657 6.5266003609
-4.4660606384 -3.5477299690 6.5413670540
-4.3089857101 -3.3244392872 6.6401090622
-4.4503560066 -3.5418820381 6.5375900269
-4.2997951508 -3.3126549721 6.6316366196
-4.4350113869 -3.5353939533 6.5333995819
-4.2913274765 -3.3005189896 6.6229114532
-4.4200639725 -3.5282812119 6.5288057327
-4.2836036682 -3.2880601883 6.6139540672
-4.4055504799 -3.5205607414 6.5238189697
-4.2766423225 -3.2753086090 6.6047863960
-4.5828261375 -3.6802427769 6.3747892380
-4.3915052414 -3.5122513771 6.5184526443
-4.2704596519 -3.2622950077 6.5954303741
-4.5656938553 -3.6791484356 6.3741574287
-4.3779625893 -3.5033731461 6.5127182007
-4.2650709152 -3.2490508556 6.5859084129
-4.5486445427 -3.6773271561 6.3731060028
-4.3649544716 -3.4939475060 6.5066304207
-4.2604889870 -3.2356078625 6.5762438774
-4.5317182541 -3.6747837067 6.3716373444
-4.3525128365 -3.4839968681 6.5002036095
-4.2567253113 -3.2219986916 6.5664591789
-4.5149569511 -3.6715242863 6.3697552681
-4.3406672478 -3.4735455513 6.4934535027
-4.2537884712 -3.2082557678 6.5565786362
-4.4984002113 -3.6675562859 6.3674645424
-4.3294463158 -3.4626185894 6.4863963127
-4.2516856194 -3.1944124699 6.5466260910
-4.4820885658 -3.6628894806 6.3647704124
-4.3188772202 -3.4512422085 6.4790482521
-4.2504215240 -3.1805021763 6.5366253853
-4.4660606384 -3.6575350761 6.3616790771
-4.3089857101 -3.4394438267 6.4714283943
-4.4503560066 -3.6515061855 6.3581981659
-4.2997951508 -3.4272520542 6.4635539055
-4.4350113869 -3.6448173523 6.3543362617
-4.2913274765 -3.4146959782 6.4554443359
-4.4200639725 -3.6374843121 6.3501024246
-4.2836036682 -3.4018061161 6.4471192360
-4.4055504799 -3.6295249462 6.3455071449
-4.2766423225 -3.3886134624 6.4385986328
-4.5828261375 -3.7815799713 6.1887030602
-4.3915052414 -3.6209583282 6.3405613899
-4.2704596519 -3.3751497269 6.4299030304
-4.5656938553 -3.7804553509 6.1881265640
-4.3779625893 -3.6118054390 6.3352766037
-4.2650709152 -3.3614473343 6.4210529327
-4.5486445427 -3.7785842419 6.1871671677
-4.3649544716 -3.6020879745 6.3296666145
-4.2604889870 -3.3475394249 6.4120702744
-4.5317182541 -3.7759706974 6.1858272552
-4.3525128365 -3.5918295383 6.3237438202
-4.2567253113 -3.3334593773 6.4029765129
-4.5149569511 -3.7726211548 6.1841101646
-4.3406672478 -3.5810544491 6.3175230026
-4.2537884712 -3.3192412853 6.3937931061
-4.4984002113 -3.7685439587 6.1820197105
-4.3294463158 -3.5697894096 6.3110189438
-4.2516856194 -3.3049190044 6.3845429420
-4.4820885658 -3.7637488842 6.1795616150
-4.3188772202 -3.5580608845 6.3042473793
-4.2504215240 -3.2905273438 6.3752479553
-4.2500000000 -3.2761011124 6.3659305573
-4.4660606384 -3.7582471371 6.1767406464
-4.3089857101 -3.5458972454 6.2972249985
-4.4503560066 -3.7520520687 6.1735649109
-4.2997951508 -3.5333282948 6.2899680138
-4.4350113869 -3.7451789379 6.1700410843
-4.2913274765 -3.5203835964 6.2824945450
-4.4200639725 -3.7376439571 6.1661782265
-4.2836036682 -3.5070948601 6.2748222351
-4.4055504799 -3.7294654846 6.1619853973
-4.2766423225 -3.4934937954 6.2669696808
-4.5828261375 -3.8735156059 5.9977970123
-4.3915052414 -3.7206630707 6.1574726105
-4.2704596519 -3.4796133041 6.2589559555
-4.5656938553 -3.8723635674 5.9972772598
-4.3779625893 -3.7112581730 6.1526508331
-4.2650709152 -3.4654870033 6.2507996559
-4.5486445427 -3.8704469204 5.9964122772
-4.3649544716 -3.7012732029 6.1475319862
-4.2604889870 -3.4511485100 6.2425217628
-4.5317182541 -3.8677699566 5.9952044487
-4.3525128365 -3.6907320023 6.1421279907
-4.2567253113 -3.4366326332 6.2341408730
-4.5149569511 -3.8643391132 5.9936561584
-4.3406672478 -3.6796605587 6.1364517212
-4.2537884712 -3.4219744205 6.2256779671
-4.4984002113 -3.8601627350 5.9917716980
-4.3294463158 -3.6680850983 6.1305174828
-4.2516856194 -3.4072089195 6.2171530724
-4.4820885658 -3.8552508354 5.9895553589
-4.3188772202 -3.6560337543 6.1243391037
-4.2504215240 -3.3923718929 6.2085866928
-4.2500000000 -3.3774991035 6.1999998093
-4.4660606384 -3.8496153355 5.9870123863
-4.3089857101 -3.6435351372 6.1179313660
-4.4503560066 -3.8432698250 5.9841494560
-4.2997951508 -3.6306200027 6.1113104820
-4.4350113869 -3.8362295628 5.9809727669
-4.2913274765 -3.6173188686 6.1044912338
-4.4200639725 -3.8285114765 5.9774899483
-4.2836036682 -3.6036643982 6.0974907875
-4.4055504799 -3.8201341629 5.9737100601
-4.2766423225 -3.5896887779 6.0903258324
-4.5828261375 -3.9558210373 5.8025455475
-4.3915052414 -3.8111176491 5.9696416855
-4.2704596519 -3.5754261017 6.0830140114
-4.5656938553 -3.9546446800 5.8020834923
-4.3779625893 -3.8014841080 5.9652948380
-4.2650709152 -3.5609107018 6.0755724907
-4.5486445427 -3.9526870251 5.8013153076
-4.3649544716 -3.7912561893 5.9606800079
-4.2604889870 -3.5461773872 6.0680189133
-4.5317182541 -3.9499530792 5.8002424240
-4.3525128365 -3.7804589272 5.9558081627
-4.2567253113 -3.5312619209 6.0603723526
-4.5149569511 -3.9464495182 5.7988672256
-4.3406672478 -3.7691183090 5.9506907463
-4.2537884712 -3.5162000656 6.0526504517
-4.4984002113 -3.9421844482 5.7971935272
-4.3294463158 -3.7572615147 5.9453411102
-4.2516856194 -3.5010280609 6.0448722839
-4.4820885658 -3.9371681213 5.7952246666
-4.3188772202 -3.7449169159 5.9397706985
-4.2504215240 -3.4857823849 6.0370564461
-4.2500000000 -3.4704999924 6.0292215347
-4.4660606384 -3.9314129353 5.7929658890
-4.3089857101 -3.7321147919 5.9339942932
-4.4503560066 -3.9249324799 5.7904224396
-4.2997951508 -3.7188854218 5.9280252457
-4.4350113869 -3.9177427292 5.7876005173
-4.2913274765 -3.7052612305 5.9218773842
-4.4200639725 -3.9098606110 5.7845072746
-4.2836036682 -3.6912744045 5.9155664444
-4.4055504799 -3.9013051987 5.7811493874
-4.2766423225 -3.6769592762 5.9091072083
-4.5828261375 -4.0282917023 5.6034340858
-4.3915052414 -3.8920972347 5.7775354385
-4.2704596519 -3.6623497009 5.9025149345
-4.5656938553 -4.0270934105 5.6030316353
-4.3779625893 -3.8822588921 5.7736744881
-4.2650709152 -3.6474814415 5.8958063126
-4.5486445427 -4.0251002312 5.6023616791
-4.3649544716 -3.8718137741 5.7695751190
-4.2604889870 -3.6323900223 5.8889966011
-4.5317182541 -4.0223164558 5.6014266014
-4.3525128365 -3.8607871532 5.7652473450
-4.2567253113 -3.6171119213 5.8821029663
-4.5149569511 -4.0187482834 5.6002278328
-4.3406672478 -3.8492054939 5.7607016563
-4.2537884712 -3.6016838551 5.8751416206
-4.4984002113 -4.0144052505 5.5987682343
-4.3294463158 -3.8370966911 5.7559494972
-4.2516856194 -3.5861430168 5.8681292534
-4.4820885658 -4.0092968941 5.5970520973
-4.3188772202 -3.8244898319 5.7510018349
-4.2504215240 -3.5705268383 5.8610830307
-4.2500000000 -3.5548727512 5.8540196419
-4.4660606384 -4.0034365654 5.5950832367
-4.3089857101 -3.8114156723 5.7458705902
-4.4503560066 -3.9968373775 5.5928659439
-4.2997951508 -3.7979052067 5.7405681610
-4.4350113869 -3.9895157814 5.5904059410
-4.2913274765 -3.7839913368 5.7351074219
-4.4200639725 -3.9814891815 5.5877094269
-4.2836036682 -3.7697074413 5.7295012474
-4.4055504799 -3.9727771282 5.5847821236
-4.2766423225 -3.7550880909 5.7237634659
-4.5828261375 -4.0907473564 5.4009575844
-4.3915052414 -3.9634006023 5.5816316605
-4.2704596519 -3.7401683331 5.7179079056
-4.5656938553 -4.0895304680 5.4006156921
-4.3779625893 -3.9533817768 5.5782656670
-4.2650709152 -3.7249841690 5.7119483948
-4.5486445427 -4.0875062943 5.4000458717
-4.3649544716 -3.9427454472 5.5746917725
-4.2604889870 -3.7095720768 5.7058997154
-4.5317182541 -4.0846791267 5.3992505074
-4.3525128365 -3.9315166473 5.5709195137
-4.2567253113 -3.6939692497 5.6997761726
-4.5149569511 -4.0810561180 5.3982310295
-4.3406672478 -3.9197227955 5.5669569969
-4.2537884712 -3.6782133579 5.6935925484
-4.4984002113 -4.0766453743 5.3969902992
-4.3294463158 -3.9073922634 5.5628137589
-4.2516856194 -3.6623420715 5.6873631477
-4.4820885658 -4.0714583397 5.3955307007
-4.3188772202 -3.8945546150 5.5585007668
-4.2504215240 -3.6463942528 5.6811041832
-4.2500000000 -3.6304075718 5.6748299599
-4.2500000000 -3.6969165802 5.4920978546
-4.4660606384 -4.0655064583 5.3938560486
-4.3089857101 -3.8812408447 5.5540275574
-4.4503560066 -4.0588054657 5.3919706345
-4.2997951508 -3.8674829006 5.5494050980
-4.4350113869 -4.0513701439 5.3898787498
-4.2913274765 -3.8533141613 5.5446448326
-4.4200639725 -4.0432190895 5.3875856400
-4.2836036682 -3.8387684822 5.5397577286
-4.4055504799 -4.0343718529 5.3850960732
-4.2766423225 -3.8238813877 5.5347557068
-4.5828261375 -4.1430325508 5.1956200600
-4.3915052414 -4.0248498917 5.3824172020
-4.2704596519 -3.8086881638 5.5296511650
-4.5656938553 -4.1418004036 5.1953387260
-4.3779625893 -4.0146760941 5.3795547485
-4.2650709152 -3.7932257652 5.5244560242
-4.5486445427 -4.1397504807 5.1948709488
-4.3649544716 -4.0038747787 5.3765158653
-4.2604889870 -3.7775313854 5.5191831589
-4.5317182541 -4.1368870735 5.1942176819
-4.3525128365 -3.9924719334 5.3733072281
-4.2567253113 -3.7616426945 5.5138444901
-4.5149569511 -4.1332173347 5.1933798790
-4.3406672478 -3.9804952145 5.3699378967
-4.2537884712 -3.7455980778 5.5084538460
-4.4984002113 -4.1287508011 5.1923604012
-4.3294463158 -3.9679734707 5.3664145470
-4.2516856194 -3.7294361591 5.5030241013
-4.4820885658 -4.1234970093 5.1911611557
-4.3188772202 -3.9549367428 5.3627467155
-4.2504215240 -3.7131960392 5.4975676537
-4.4660606384 -4.1174693108 5.1897854805
-4.3089857101 -3.9414165020 5.3589425087
-4.4503560066 -4.1106824875 5.1882362366
-4.2997951508 -3.9274451733 5.3550119400
-4.4350113869 -4.1031522751 5.1865177155
-4.2913274765 -3.9130568504 5.3509635925
-4.4200639725 -4.0948972702 5.1846337318
-4.2836036682 -3.8982858658 5.3468074799
-4.4055504799 -4.0859370232 5.1825885773
-4.2766423225 -3.8831677437 5.3425540924
-4.5828261375 -4.1850175858 4.9879317284
-4.3915052414 -4.0762929916 5.1803874969
-4.2704596519 -3.8677389622 5.3382129669
-4.5656938553 -4.1837730408 4.9877119064
-4.3779625893 -4.0659890175 5.1780352592
-4.2650709152 -3.8520369530 5.3337950706
-4.5486445427 -4.1817021370 4.9873471260
-4.3649544716 -4.0550498962 5.1755385399
-4.2604889870 -3.8360991478 5.3293108940
-4.5317182541 -4.1788101196 4.9868369102
-4.3525128365 -4.0435013771 5.1729025841
-4.2567253113 -3.8199641705 5.3247714043
-4.5149569511 -4.1751031876 4.9861831665
-4.3406672478 -4.0313715935 5.1701340675
-4.2537884712 -3.8036708832 5.3201870918
-4.4984002113 -4.1705908775 4.9853878021
-4.3294463158 -4.0186896324 5.1672396660
-4.2516856194 -3.7872583866 5.3155694008
-4.4820885658 -4.1652841568 4.9844517708
-4.3188772202 -4.0054860115 5.1642260551
-4.2504215240 -3.7707662582 5.3109292984
-4.2500000000 -3.7542345524 5.3062777519
-4.4660606384 -4.1591954231 4.9833784103
-4.3089857101 -3.9917931557 5.1611008644
-4.4503560066 -4.1523399353 4.9821696281
-4.2997951508 -3.9776434898 5.1578712463
-4.4350113869 -4.1447334290 4.9808282852
-4.2913274765 -3.9630711079 5.1545453072
-4.4200639725 -4.1363945007 4.9793577194
-4.2836036682 -3.9481112957 5.1511306763
-4.4055504799 -4.1273436546 4.9777622223
-4.2766423225 -3.9327998161 5.1476359367
-4.5828261375 -4.2165985107 4.7784085274
-4.3915052414 -4.1176018715 4.9760441780
-4.2704596519 -3.9171741009 5.1440691948
-4.5656938553 -4.2153444290 4.7782511711
-4.3779625893 -4.1071934700 4.9742088318
-4.2650709152 -3.9012711048 5.1404395103
-4.5486445427 -4.2132577896 4.7779898643
-4.3649544716 -4.0961432457 4.9722604752
-4.2604889870 -3.8851296902 5.1367554665
-4.5317182541 -4.2103438377 4.7776246071
-4.3525128365 -4.0844779015 4.9702033997
-4.2567253113 -3.8687884808 5.1330256462
-4.5149569511 -4.2066087723 4.7771563530
-4.3406672478 -4.0722250938 4.9680433273
-4.2537884712 -3.8522868156 5.1292595863
-4.4984002113 -4.2020626068 4.7765870094
-4.3294463158 -4.0594148636 4.9657845497
-4.2516856194 -3.8356647491 5.1254653931
-4.4820885658 -4.1967158318 4.7759165764
-4.3188772202 -4.0460772514 4.9634327888
-4.2504215240 -3.8189618587 5.1216530800
-4.2500000000 -3.8022189140 5.1178317070
-4.4660606384 -4.1905813217 4.7751479149
-4.3089857101 -4.0322456360 4.9609937668
-4.4503560066 -4.1836738586 4.7742824554
-4.2997951508 -4.0179524422 4.9584736824
-4.4350113869 -4.1760096550 4.7733221054
-4.2913274765 -4.0032324791 4.9558777809
-4.4200639725 -4.1676082611 4.7722692490
-4.2836036682 -3.9881210327 4.9532132149
-4.4055504799 -4.1584887505 4.7711262703
-4.2766423225 -3.9726545811 4.9504861832
-4.5828261375 -4.2376956940 4.5675711632
-4.3915052414 -4.1486740112 4.7698965073
-4.2704596519 -3.9568703175 4.9477028847
-4.5656938553 -4.2364354134 4.5674767494
-4.3779625893 -4.1381869316 4.7685818672
-4.2650709152 -3.9408063889 4.9448704720
-4.5486445427 -4.2343382835 4.5673198700
-4.3649544716 -4.1270532608 4.7671866417
-4.2604889870 -3.9245014191 4.9419956207
-4.5317182541 -4.2314100266 4.5671005249
-4.3525128365 -4.1152997017 4.7657141685
-4.2567253113 -3.9079945087 4.9390850067
-4.5149569511 -4.2276563644 4.5668191910
-4.3406672478 -4.1029543877 4.7641668320
-4.2537884712 -3.8913257122 4.9361457825
-4.4984002113 -4.2230873108 4.5664768219
-4.3294463158 -4.0900473595 4.7625494003
-4.2516856194 -3.8745350838 4.9331851006
-4.4820885658 -4.2177138329 4.5660738945
-4.3188772202 -4.0766096115 4.7608656883
-4.2504215240 -3.8576629162 4.9302101135
-4.2500000000 -3.8407502174 4.9272279739
-4.4660606384 -4.2115483284 4.5656118393
-4.3089857101 -4.0626735687 4.7591190338
-4.4503560066 -4.2046065331 4.5650916100
-4.2997951508 -4.0482726097 4.7573142052
-4.4350113869 -4.1969041824 4.5645146370
-4.2913274765 -4.0334415436 4.7554559708
-4.4200639725 -4.1884603500 4.5638818741
-4.2836036682 -4.0182156563 4.7535476685
-4.4055504799 -4.1792955399 4.5631947517
-4.2766423225 -4.0026326180 4.7515950203
-4.5828261375 -4.2482576370 4.3559451103
-4.3915052414 -4.1694312096 4.5624556541
-4.2704596519 -3.9867293835 4.7496018410
-4.5656938553 -4.2469940186 4.3559136391
-4.3779625893 -4.1588921547 4.5616660118
-4.2650709152 -3.9705440998 4.7475738525
-4.5486445427 -4.2448921204 4.3558611870
-4.3649544716 -4.1477026939 4.5608272552
-4.2604889870 -3.9541158676 4.7455148697
-4.5317182541 -4.2419557571 4.3557877541
-4.3525128365 -4.1358900070 4.5599422455
-4.2567253113 -3.9374845028 4.7434306145
-4.5149569511 -4.2381930351 4.3556938171
-4.3406672478 -4.1234831810 4.5590124130
-4.2537884712 -3.9206900597 4.7413263321
-4.4984002113 -4.2336130142 4.3555798531
-4.3294463158 -4.1105117798 4.5580401421
-4.2516856194 -3.9037725925 4.7392063141
-4.4820885658 -4.2282257080 4.3554453850
-4.3188772202 -4.0970067978 4.5570282936
-4.2504215240 -3.8867733479 4.7370758057
-4.2500000000 -3.8697328568 4.7349405289
-4.4660606384 -4.2220449448 4.3552913666
-4.3089857101 -4.0830006599 4.5559787750
-4.4503560066 -4.2150855064 4.3551177979
-4.2997951508 -4.0685276985 4.5548939705
-4.4350113869 -4.2073640823 4.3549251556
-4.2913274765 -4.0536222458 4.5537772179
-4.4200639725 -4.1988997459 4.3547139168
-4.2836036682 -4.0383205414 4.5526304245
-4.4055504799 -4.1897115707 4.3544850349
-4.2766423225 -4.0226593018 4.5514564514
-4.5828261375 -4.2482576370 4.1440548897
-4.3915052414 -4.1798229218 4.3542385101
-4.2704596519 -4.0066766739 4.5502591133
-4.5656938553 -4.2469940186 4.1440863609
-4.3779625893 -4.1692571640 4.3539748192
-4.2650709152 -3.9904103279 4.5490398407
-4.5486445427 -4.2448921204 4.1441388130
-4.3649544716 -4.1580400467 4.3536949158
-4.2604889870 -3.9739000797 4.5478024483
-4.5317182541 -4.2419557571 4.1442122459
-4.3525128365 -4.1461982727 4.3533997536
-4.2567253113 -3.9571855068 4.5465502739
-4.5149569511 -4.2381930351 4.1443061829
-4.3406672478 -4.1337604523 4.3530893326
-4.2537884712 -3.9403069019 4.5452852249
-4.4984002113 -4.2336130142 4.1444201469
-4.3294463158 -4.1207566261 4.3527650833
-4.2516856194 -3.9233047962 4.5440111160
-4.4820885658 -4.2282257080 4.1445546150
-4.3188772202 -4.1072177887 4.3524274826
-4.2504215240 -3.9062204361 4.5427308083
-4.2500000000 -3.8890948296 4.5414471626
-4.4660606384 -4.2220449448 4.1447086334
-4.3089857101 -4.0931768417 4.3520774841
-4.4503560066 -4.2150855064 4.1448822021
-4.2997951508 -4.0786676407 4.3517155647
-4.4350113869 -4.2073640823 4.1450748444
-4.2913274765 -4.0637254715 4.3513431549
-4.4200639725 -4.1988997459 4.1452860832
-4.2836036682 -4.0483856201 4.3509602547
-4.4055504799 -4.1897115707 4.1455149651
-4.2766423225 -4.0326852798 4.3505687714
-4.5828261375 -4.2376956940 3.9324285984
-4.3915052414 -4.1798229218 4.1457614899
-4.2704596519 -4.0166625977 4.3501691818
-4.5656938553 -4.2364354134 3.9325230122
-4.3779625893 -4.1692571640 4.1460251808
-4.2650709152 -4.0003557205 4.3497624397
-4.5486445427 -4.2343382835 3.9326801300
-4.3649544716 -4.1580400467 4.1463050842
-4.2604889870 -3.9838044643 4.3493499756
-4.5317182541 -4.2314100266 3.9328997135
-4.3525128365 -4.1461982727 4.1466002464
-4.2567253113 -3.9670481682 4.3489317894
-4.5149569511 -4.2276563644 3.9331810474
-4.3406672478 -4.1337604523 4.1469106674
-4.2537884712 -3.9501276016 4.3485102654
-4.4984002113 -4.2230873108 3.9335234165
-4.3294463158 -4.1207566261 4.1472349167
-4.2516856194 -3.9330830574 4.3480849266
-4.4820885658 -4.2177138329 3.9339261055
-4.3188772202 -4.1072177887 4.1475725174
-4.2504215240 -3.9159562588 4.3476576805
-4.2500000000 -3.8987877369 4.3472294807
-4.4660606384 -4.2115483284 3.9343881607
-4.3089857101 -4.0931768417 4.1479225159
-4.4503560066 -4.2046065331 3.9349083900
-4.2997951508 -4.0786676407 4.1482844353
-4.4350113869 -4.1969041824 3.9354856014
-4.2913274765 -4.0637254715 4.1486568451
-4.4200639725 -4.1884603500 3.9361183643
-4.2836036682 -4.0483856201 4.1490397453
-4.4055504799 -4.1792955399 3.9368050098
-4.2766423225 -4.0326852798 4.1494312286
-4.5828261375 -4.2165985107 3.7215917110
-4.3915052414 -4.1694312096 3.9375443459
-4.2704596519 -4.0166625977 4.1498308182
-4.5656938553 -4.2153444290 3.7217488289
-4.3779625893 -4.1588921547 3.9383342266
-4.2650709152 -4.0003557205 4.1502375603
-4.5486445427 -4.2132577896 3.7220103741
-4.3649544716 -4.1477026939 3.9391727448
-4.2604889870 -3.9838044643 4.1506500244
-4.5317182541 -4.2103438377 3.7223753929
-4.3525128365 -4.1358900070 3.9400579929
-4.2567253113 -3.9670481682 4.1510682106
-4.5149569511 -4.2066087723 3.7228434086
-4.3406672478 -4.1234831810 3.9409875870
-4.2537884712 -3.9501276016 4.1514897346
-4.4984002113 -4.2020626068 3.7234132290
-4.3294463158 -4.1105117798 3.9419598579
-4.2516856194 -3.9330830574 4.1519150734
-4.4820885658 -4.1967158318 3.7240831852
-4.3188772202 -4.0970067978 3.9429717064
-4.2504215240 -3.9159562588 4.1523423195
-4.2500000000 -3.8987877369 4.1527705193
-4.4660606384 -4.1905813217 3.7248520851
-4.3089857101 -4.0830006599 3.9440214634
-4.4503560066 -4.1836738586 3.7257177830
-4.2997951508 -4.0685276985 3.9451060295
-4.4350113869 -4.1760096550 3.7266781330
-4.2913274765 -4.0536222458 3.9462230206
-4.4200639725 -4.1676082611 3.7277309895
-4.2836036682 -4.0383205414 3.9473698139
-4.4055504799 -4.1584887505 3.7288737297
-4.2766423225 -4.0226593018 3.9485433102
-4.5828261375 -4.1850175858 3.5120685101
-4.3915052414 -4.1486740112 3.7301037312
-4.2704596519 -4.0066766739 3.9497411251
-4.5656938553 -4.1837730408 3.5122878551
-4.3779625893 -4.1381869316 3.7314178944
-4.2650709152 -3.9904103279 3.9509601593
-4.5486445427 -4.1817021370 3.5126531124
-4.3649544716 -4.1270532608 3.7328131199
-4.2604889870 -3.9739000797 3.9521973133
-4.5317182541 -4.1788101196 3.5131630898
-4.3525128365 -4.1152997017 3.7342860699
-4.2567253113 -3.9571855068 3.9534499645
-4.5149569511 -4.1751031876 3.5138165951
-4.3406672478 -4.1029543877 3.7358331680
-4.2537884712 -3.9403069019 3.9547147751
-4.4984002113 -4.1705908775 3.5146121979
-4.3294463158 -4.0900473595 3.7374505997
-4.2516856194 -3.9233047962 3.9559888840
-4.4820885658 -4.1652841568 3.5155479908
-4.3188772202 -4.0766096115 3.7391345501
-4.2504215240 -3.9062204361 3.9572691917
-4.2500000000 -3.8890948296 3.9585525990
-4.4660606384 -4.1591954231 3.5166215897
-4.3089857101 -4.0626735687 3.7408809662
-4.4503560066 -4.1523399353 3.5178303719
-4.2997951508 -4.0482726097 3.7426855564
-4.4350113869 -4.1447334290 3.5191717148
-4.2913274765 -4.0334415436 3.7445442677
-4.4200639725 -4.1363945007 3.5206420422
-4.2836036682 -4.0182156563 3.7464523315
-4.4055504799 -4.1273436546 3.5222380161
-4.2766423225 -4.0026326180 3.7484049797
-4.5828261375 -4.1430325508 3.3043799400
-4.3915052414 -4.1176018715 3.5239555836
-4.2704596519 -3.9867293835 3.7503979206
-4.5656938553 -4.1418004036 3.3046610355
-4.3779625893 -4.1071934700 3.5257909298
-4.2650709152 -3.9705440998 3.7524263859
-4.5486445427 -4.1397504807 3.3051290512
-4.3649544716 -4.0961432457 3.5277395248
-4.2604889870 -3.9541158676 3.7544848919
-4.5317182541 -4.1368870735 3.3057825565
-4.3525128365 -4.0844779015 3.5297963619
-4.2567253113 -3.9374845028 3.7565691471
-4.5149569511 -4.1332173347 3.3066201210
-4.3406672478 -4.0722250938 3.5319569111
-4.2537884712 -3.9206900597 3.7586739063
-4.4984002113 -4.1287508011 3.3076395988
-4.3294463158 -4.0594148636 3.5342156887
-4.2516856194 -3.9037725925 3.7607939243
-4.4820885658 -4.1234970093 3.3088386059
-4.3188772202 -4.0460772514 3.5365674496
-4.2504215240 -3.8867733479 3.7629241943
-4.2500000000 -3.8697328568 3.7650594711
-4.2500000000 -3.8407502174 3.5727720261
-4.4660606384 -4.1174693108 3.3102145195
-4.3089857101 -4.0322456360 3.5390062332
-4.4503560066 -4.1106824875 3.3117635250
-4.2997951508 -4.0179524422 3.5415265560
-4.4350113869 -4.1031522751 3.3134822845
-4.2913274765 -4.0032324791 3.5441219807
-4.4200639725 -4.0948972702 3.3153665066
-4.2836036682 -3.9881210327 3.5467865467
-4.4055504799 -4.0859370232 3.3174116611
-4.2766423225 -3.9726545811 3.5495138168
-4.5828261375 -4.0907473564 3.0990421772
-4.3915052414 -4.0762929916 3.3196127415
-4.2704596519 -3.9568703175 3.5522971153
-4.5656938553 -4.0895304680 3.0993845463
-4.3779625893 -4.0659890175 3.3219645023
-4.2650709152 -3.9408063889 3.5551295280
-4.5486445427 -4.0875062943 3.0999541283
-4.3649544716 -4.0550498962 3.3244614601
-4.2604889870 -3.9245014191 3.5580046177
-4.5317182541 -4.0846791267 3.1007494926
-4.3525128365 -4.0435013771 3.3270971775
-4.2567253113 -3.9079945087 3.5609152317
-4.5149569511 -4.0810561180 3.1017689705
-4.3406672478 -4.0313715935 3.3298656940
-4.2537884712 -3.8913257122 3.5638542175
-4.4984002113 -4.0766453743 3.1030097008
-4.3294463158 -4.0186896324 3.3327603340
-4.2516856194 -3.8745350838 3.5668148994
-4.4820885658 -4.0714583397 3.1044692993
-4.3188772202 -4.0054860115 3.3357739449
-4.2504215240 -3.8576629162 3.5697898865
-4.4660606384 -4.0655064583 3.1061437130
-4.3089857101 -3.9917931557 3.3388993740
-4.4503560066 -4.0588054657 3.1080293655
-4.2997951508 -3.9776434898 3.3421287537
-4.4350113869 -4.0513701439 3.1101212502
-4.2913274765 -3.9630711079 3.3454549313
-4.4200639725 -4.0432190895 3.1124145985
-4.2836036682 -3.9481112957 3.3488693237
-4.4055504799 -4.0343718529 3.1149036884
-4.2766423225 -3.9327998161 3.3523640633
-4.5828261375 -4.0282917023 2.8965659142
-4.3915052414 -4.0248498917 3.1175827980
-4.2704596519 -3.9171741009 3.3559305668
-4.5656938553 -4.0270934105 2.8969686031
-4.3779625893 -4.0146760941 3.1204452515
-4.2650709152 -3.9012711048 3.3595602512
-4.5486445427 -4.0251002312 2.8976383209
-4.3649544716 -4.0038747787 3.1234843731
-4.2604889870 -3.8851296902 3.3632445335
-4.5317182541 -4.0223164558 2.8985736370
-4.3525128365 -3.9924719334 3.1266925335
-4.2567253113 -3.8687884808 3.3669743538
-4.5149569511 -4.0187482834 2.8997724056
-4.3406672478 -3.9804952145 3.1300623417
-4.2537884712 -3.8522868156 3.3707406521
-4.4984002113 -4.0144052505 2.9012315273
-4.3294463158 -3.9679734707 3.1335854530
-4.2516856194 -3.8356647491 3.3745346069
-4.4820885658 -4.0092968941 2.9029479027
-4.3188772202 -3.9549367428 3.1372532845
-4.2504215240 -3.8189618587 3.3783469200
-4.2500000000 -3.8022189140 3.3821682930
-4.4660606384 -4.0034365654 2.9049170017
-4.3089857101 -3.9414165020 3.1410572529
-4.4503560066 -3.9968373775 2.9071340561
-4.2997951508 -3.9274451733 3.1449882984
-4.4350113869 -3.9895157814 2.9095940590
-4.2913274765 -3.9130568504 3.1490364075
-4.4200639725 -3.9814891815 2.9122908115
-4.2836036682 -3.8982858658 3.1531925201
-4.4055504799 -3.9727771282 2.9152178764
-4.2766423225 -3.8831677437 3.1574459076
-4.5828261375 -3.9558210373 2.6974546909
-4.3915052414 -3.9634006023 2.9183683395
-4.2704596519 -3.8677389622 3.1617870331
-4.5656938553 -3.9546446800 2.6979162693
-4.3779625893 -3.9533817768 2.9217343330
-4.2650709152 -3.8520369530 3.1662049294
-4.5486445427 -3.9526870251 2.6986846924
-4.3649544716 -3.9427454472 2.9253079891
-4.2604889870 -3.8360991478 3.1706891060
-4.5317182541 -3.9499530792 2.6997575760
-4.3525128365 -3.9315166473 2.9290807247
-4.2567253113 -3.8199641705 3.1752288342
-4.5149569511 -3.9464495182 2.7011327744
-4.3406672478 -3.9197227955 2.9330432415
-4.2537884712 -3.8036708832 3.1798129082
-4.4984002113 -3.9421844482 2.7028067112
-4.3294463158 -3.9073922634 2.9371860027
-4.2516856194 -3.7872583866 3.1844308376
-4.4820885658 -3.9371681213 2.7047753334
-4.3188772202 -3.8945546150 2.9414992332
-4.2504215240 -3.7707662582 3.1890709400
-4.2500000000 -3.7542345524 3.1937222481
-4.4660606384 -3.9314129353 2.7070341110
-4.3089857101 -3.8812408447 2.9459724426
-4.4503560066 -3.9249324799 2.7095775604
-4.2997951508 -3.8674829006 2.9505949020
-4.4350113869 -3.9177427292 2.7123992443
-4.2913274765 -3.8533141613 2.9553554058
-4.4200639725 -3.9098606110 2.7154927254
-4.2836036682 -3.8387684822 2.9602422714
-4.4055504799 -3.9013051987 2.7188506126
-4.2766423225 -3.8238813877 2.9652442932
-4.5828261375 -3.8735156059 2.5022032261
-4.3915052414 -3.8920972347 2.7224643230
-4.2704596519 -3.8086881638 2.9703488350
-4.5656938553 -3.8723635674 2.5027229786
-4.3779625893 -3.8822588921 2.7263257504
-4.2650709152 -3.7932257652 2.9755439758
-4.5486445427 -3.8704469204 2.5035879612
-4.3649544716 -3.8718137741 2.7304251194
-4.2604889870 -3.7775313854 2.9808170795
-4.5317182541 -3.8677699566 2.5047957897
-4.3525128365 -3.8607871532 2.7347526550
-4.2567253113 -3.7616426945 2.9861552715
-4.5149569511 -3.8643391132 2.5063438416
-4.3406672478 -3.8492054939 2.7392981052
-4.2537884712 -3.7455980778 2.9915459156
-4.4984002113 -3.8601627350 2.5082283020
-4.3294463158 -3.8370966911 2.7440505028
-4.2516856194 -3.7294361591 2.9969761372
-4.4820885658 -3.8552508354 2.5104446411
-4.3188772202 -3.8244898319 2.7489984035
-4.2504215240 -3.7131960392 3.0024325848
-4.2500000000 -3.6969165802 3.0079021454
-4.4660606384 -3.8496153355 2.5129873753
-4.3089857101 -3.8114156723 2.7541296482
-4.4503560066 -3.8432698250 2.5158505440
-4.2997951508 -3.7979052067 2.7594320774
-4.4350113869 -3.8362295628 2.5190272331
-4.2913274765 -3.7839913368 2.7648928165
-4.4200639725 -3.8285114765 2.5225098133
-4.2836036682 -3.7697074413 2.7704987526
-4.4055504799 -3.8201341629 2.5262899399
-4.2766423225 -3.7550880909 2.7762365341
-4.5828261375 -3.7815799713 2.3112969398
-4.3915052414 -3.8111176491 2.5303580761
-4.2704596519 -3.7401683331 2.7820920944
-4.5656938553 -3.7804553509 2.3118736744
-4.3779625893 -3.8014841080 2.5347051620
-4.2650709152 -3.7249841690 2.7880516052
-4.5486445427 -3.7785842419 2.3128328323
-4.3649544716 -3.7912561893 2.5393199921
-4.2604889870 -3.7095720768 2.7941002846
-4.5317182541 -3.7759706974 2.3141727448
-4.3525128365 -3.7804589272 2.5441918373
-4.2567253113 -3.6939692497 2.8002238274
-4.5149569511 -3.7726211548 2.3158898354
-4.3406672478 -3.7691183090 2.5493090153
-4.2537884712 -3.6782133579 2.8064076900
-4.4984002113 -3.7685439587 2.3179802895
-4.3294463158 -3.7572615147 2.5546591282
-4.2516856194 -3.6623420715 2.8126366138
-4.4820885658 -3.7637488842 2.3204386234
-4.3188772202 -3.7449169159 2.5602290630
-4.2504215240 -3.6463942528 2.8188958168
-4.2500000000 -3.6304075718 2.8251700401
-4.4660606384 -3.7582471371 2.3232591152
-4.3089857101 -3.7321147919 2.5660057068
-4.4503560066 -3.7520520687 2.3264350891
-4.2997951508 -3.7188854218 2.5719749928
-4.4350113869 -3.7451789379 2.3299586773
-4.2913274765 -3.7052612305 2.5781226158
-4.4200639725 -3.7376439571 2.3338217735
-4.2836036682 -3.6912744045 2.5844335556
-4.4055504799 -3.7294654846 2.3380146027
-4.2766423225 -3.6769592762 2.5908927917
-4.5828261375 -3.6802427769 2.1252107620
-4.3915052414 -3.7206630707 2.3425273895
-4.2704596519 -3.6623497009 2.5974848270
-4.5656938553 -3.6791484356 2.1258425713
-4.3779625893 -3.7112581730 2.3473489285
-4.2650709152 -3.6474814415 2.6041936874
-4.5486445427 -3.6773271561 2.1268939972
-4.3649544716 -3.7012732029 2.3524680138
-4.2604889870 -3.6323900223 2.6110031605
-4.5317182541 -3.6747837067 2.1283626556
-4.3525128365 -3.6907320023 2.3578720093
-4.2567253113 -3.6171119213 2.6178970337
-4.5149569511 -3.6715242863 2.1302444935
-4.3406672478 -3.6796605587 2.3635480404
-4.2537884712 -3.6016838551 2.6248583794
-4.4984002113 -3.6675562859 2.1325354576
-4.3294463158 -3.6680850983 2.3694825172
-4.2516856194 -3.5861430168 2.6318707466
-4.4820885658 -3.6628894806 2.1352298260
-4.3188772202 -3.6560337543 2.3756608963
-4.2504215240 -3.5705268383 2.6389169693
-4.2500000000 -3.5548727512 2.6459803581
-4.4660606384 -3.6575350761 2.1383211613
-4.3089857101 -3.6435351372 2.3820683956
-4.4503560066 -3.6515061855 2.1418018341
-4.2997951508 -3.6306200027 2.3886897564
-4.4350113869 -3.6448173523 2.1456637383
-4.2913274765 -3.6173188686 2.3955087662
-4.4200639725 -3.6374843121 2.1498975754
-4.2836036682 -3.6036643982 2.4025092125
-4.4055504799 -3.6295249462 2.1544928551
-4.2766423225 -3.5896887779 2.4096739292
-4.5828261375 -3.5697560310 1.9444071054
-4.3915052414 -3.6209583282 2.1594386101
-4.2704596519 -3.5754261017 2.4169859886
-4.5656938553 -3.5686943531 1.9450927973
-4.3779625893 -3.6118054390 2.1647231579
-4.2650709152 -3.5609107018 2.4244275093
-4.5486445427 -3.5669279099 1.9462336302
-4.3649544716 -3.6020879745 2.1703336239
-4.2604889870 -3.5461773872 2.4319808483
-4.5317182541 -3.5644607544 1.9478271008
-4.3525128365 -3.5918295383 2.1762564182
-4.2567253113 -3.5312619209 2.4396276474
-4.5149569511 -3.5612990856 1.9498691559
-4.3406672478 -3.5810544491 2.1824772358
-4.2537884712 -3.5162000656 2.4473495483
-4.4984002113 -3.5574502945 1.9523550272
-4.3294463158 -3.5697894096 2.1889810562
-4.2516856194 -3.5010280609 2.4551277161
-4.4820885658 -3.5529236794 1.9552786350
-4.3188772202 -3.5580608845 2.1957526207
-4.2504215240 -3.4857823849 2.4629435539
-4.2500000000 -3.4704999924 2.4707784653
-4.2500000000 -3.3774991035 2.2999999523
-4.4660606384 -3.5477299690 1.9586329460
-4.3089857101 -3.5458972454 2.2027752399
-4.4503560066 -3.5418820381 1.9624099731
-4.2997951508 -3.5333282948 2.2100319862
-4.4350113869 -3.5353939533 1.9666005373
-4.2913274765 -3.5203835964 2.2175054550
-4.4200639725 -3.5282812119 1.9711945057
-4.2836036682 -3.5070948601 2.2251777649
-4.4055504799 -3.5205607414 1.9761807919
-4.2766423225 -3.4934937954 2.2330303192
-4.5828261375 -3.4503941536 1.7693355083
-4.3915052414 -3.5122513771 1.9815475941
-4.2704596519 -3.4796133041 2.2410442829
-4.5656938553 -3.4493682384 1.7700731754
-4.3779625893 -3.5033731461 1.9872816801
-4.2650709152 -3.4654870033 2.2492001057
-4.5486445427 -3.4476606846 1.7713007927
-4.3649544716 -3.4939475060 1.9933694601
-4.2604889870 -3.4511485100 2.2574784756
-4.5317182541 -3.4452760220 1.7730151415
-4.3525128365 -3.4839968681 1.9997962713
-4.2567253113 -3.4366326332 2.2658591270
-4.5149569511 -3.4422199726 1.7752122879
-4.3406672478 -3.4735455513 2.0065464973
-4.2537884712 -3.4219744205 2.2743222713
-4.4984002113 -3.4384999275 1.7778868675
-4.3294463158 -3.4626185894 2.0136039257
-4.2516856194 -3.4072089195 2.2828469276
-4.4820885658 -3.4341247082 1.7810325623
-4.3188772202 -3.4512422085 2.0209515095
-4.2504215240 -3.3923718929 2.2914130688
-4.4660606384 -3.4291048050 1.7846416235
-4.3089857101 -3.4394438267 2.0285716057
-4.4503560066 -3.4234523773 1.7887053490
-4.2997951508 -3.4272520542 2.0364460945
-4.4350113869 -3.4171810150 1.7932140827
-4.2913274765 -3.4146959782 2.0445554256
-4.4200639725 -3.4103059769 1.7981568575
-4.2836036682 -3.4018061161 2.0528805256
-4.4055504799 -3.4028439522 1.8035218716
-4.2766423225 -3.3886134624 2.0614013672
-4.5828261375 -3.3224542141 1.6004312038
-4.3915052414 -3.3948123455 1.8092961311
-4.2704596519 -3.3751497269 2.0700972080
-4.5656938553 -3.3214662075 1.6012191772
-4.3779625893 -3.3862309456 1.8154656887
-4.2650709152 -3.3614473343 2.0789470673
-4.5486445427 -3.3198220730 1.6025302410
-4.3649544716 -3.3771204948 1.8220157623
-4.2604889870 -3.3475394249 2.0879297256
-4.5317182541 -3.3175258636 1.6043614149
-4.3525128365 -3.3675026894 1.8289304972
-4.2567253113 -3.3334593773 2.0970237255
-4.5149569511 -3.3145830631 1.6067081690
-4.3406672478 -3.3574006557 1.8361933231
-4.2537884712 -3.3192412853 2.1062066555
-4.4984002113 -3.3110008240 1.6095649004
-4.3294463158 -3.3468389511 1.8437865973
-4.2516856194 -3.3049190044 2.1154570580
-4.4820885658 -3.3067879677 1.6129246950
-4.3188772202 -3.3358430862 1.8516921997
-4.2504215240 -3.2905273438 2.1247520447
-4.2500000000 -3.2761011124 2.1340696812
-4.4660606384 -3.3019540310 1.6167794466
-4.3089857101 -3.3244392872 1.8598909378
-4.4503560066 -3.2965114117 1.6211199760
-4.2997951508 -3.3126549721 1.8683631420
-4.4350113869 -3.2904725075 1.6259356737
-4.2913274765 -3.3005189896 1.8770884275
-4.4200639725 -3.2838525772 1.6312149763
-4.2836036682 -3.2880601883 1.8860458136
-4.4055504799 -3.2766668797 1.6369452477
-4.2766423225 -3.2753086090 1.8952134848
-4.5828261375 -3.1862540245 1.4381141663
-4.3915052414 -3.2689332962 1.6431126595
-4.2704596519 -3.2622950077 1.9045696259
-4.5656938553 -3.1853065491 1.4389503002
-4.3779625893 -3.2606701851 1.6497023106
-4.2650709152 -3.2490508556 1.9140915871
-4.5486445427 -3.1837298870 1.4403418303
-4.3649544716 -3.2518973351 1.6566983461
-4.2604889870 -3.2356078625 1.9237563610
-4.5317182541 -3.1815276146 1.4422851801
-4.3525128365 -3.2426362038 1.6640839577
-4.2567253113 -3.2219986916 1.9335407019
-4.5149569511 -3.1787056923 1.4447757006
-4.3406672478 -3.2329089642 1.6718412638
-4.2537884712 -3.2082557678 1.9434211254
-4.4984002113 -3.1752703190 1.4478074312
-4.3294463158 -3.2227387428 1.6799515486
-4.2516856194 -3.1944124699 1.9533737898
-4.4820885658 -3.1712298393 1.4513729811
-4.3188772202 -3.2121505737 1.6883953810
-4.2504215240 -3.1805021763 1.9633746147
-4.2500000000 -3.1665582657 1.9733996391
-4.4660606384 -3.1665942669 1.4554638863
-4.3089857101 -3.2011694908 1.6971524954
-4.4503560066 -3.1613745689 1.4600703716
-4.2997951508 -3.1898224354 1.7062015533
-4.4350113869 -3.1555833817 1.4651809931
-4.2913274765 -3.1781363487 1.7155208588
-4.4200639725 -3.1492347717 1.4707838297
-4.2836036682 -3.1661393642 1.7250881195
-4.4055504799 -3.1423437595 1.4768651724
-4.2766423225 -3.1538605690 1.7348800898
-4.5828261375 -3.0421323776 1.2827879190
-4.3915052414 -3.1349272728 1.4834103584
-4.2704596519 -3.1413297653 1.7448731661
-4.5656938553 -3.0412275791 1.2836703062
-4.3779625893 -3.1270027161 1.4904036522
-4.2650709152 -3.1285765171 1.7550433874
-4.5486445427 -3.0397222042 1.2851386070
-4.3649544716 -3.1185896397 1.4978283644
-4.2604889870 -3.1156320572 1.7653663158
-4.5317182541 -3.0376198292 1.2871892452
-4.3525128365 -3.1097080708 1.5056663752
-4.2567253113 -3.1025273800 1.7758169174
-4.5149569511 -3.0349252224 1.2898173332
-4.3406672478 -3.1003794670 1.5138988495
-4.2537884712 -3.0892941952 1.7863700390
-4.4984002113 -3.0316452980 1.2930165529
-4.3294463158 -3.0906262398 1.5225061178
-4.2516856194 -3.0759642124 1.7970002890
-4.4820885658 -3.0277876854 1.2967791557
-4.3188772202 -3.0804722309 1.5314671993
-4.2504215240 -3.0625696182 1.8076821566
-4.2500000000 -3.0491428375 1.8183897734
-4.4660606384 -3.0233619213 1.3010960817
-4.3089857101 -3.0699412823 1.5407607555
-4.4503560066 -3.0183782578 1.3059568405
-4.2997951508 -3.0590593815 1.5503641367
-4.4350113869 -3.0128490925 1.3113499880
-4.2913274765 -3.0478522778 1.5602544546
-4.4200639725 -3.0067875385 1.3172621727
-4.2836036682 -3.0363471508 1.5704077482
-4.4055504799 -3.0002081394 1.3236794472
-4.2766423225 -3.0245718956 1.5807995796
-4.5828261375 -2.8904473782 1.1348385811
-4.3915052414 -2.9931271076 1.3305861950
-4.2704596519 -3.0125544071 1.5914049149
-4.5656938553 -2.8895878792 1.1357649565
-4.3779625893 -2.9855611324 1.3379658461
-4.2650709152 -3.0003242493 1.6021982431
-4.5486445427 -2.8881576061 1.1373064518
-4.3649544716 -2.9775285721 1.3458006382
-4.2604889870 -2.9879102707 1.6131534576
-4.5317182541 -2.8861598969 1.1394593716
-4.3525128365 -2.9690487385 1.3540716171
-4.2567253113 -2.9753429890 1.6242442131
-4.5149569511 -2.8835997581 1.1422185898
-4.3406672478 -2.9601421356 1.3627588749
-4.2537884712 -2.9626522064 1.6354439259
-4.4984002113 -2.8804833889 1.1455773115
-4.3294463158 -2.9508302212 1.3718415499
-4.2516856194 -2.9498686790 1.6467254162
-4.4820885658 -2.8768181801 1.1495274305
-4.3188772202 -2.9411351681 1.3812977076
-4.2504215240 -2.9370231628 1.6580616236
-4.2500000000 -2.9241466522 1.6694252491
-4.4660606384 -2.8726129532 1.1540596485
-4.3089857101 -2.9310808182 1.3911045790
-4.4503560066 -2.8678777218 1.1591628790
-4.2997951508 -2.9206910133 1.4012384415
-4.4350113869 -2.8626241684 1.1648248434
-4.2913274765 -2.9099907875 1.4116750956
-4.4200639725 -2.8568649292 1.1710318327
-4.2836036682 -2.8990061283 1.4223892689
-4.4055504799 -2.8506138325 1.1777690649
-4.2766423225 -2.8877632618 1.4333550930
-4.5828261375 -2.7315764427 0.9946340919
-4.3915052414 -2.8438856602 1.1850202084
-4.2704596519 -2.8762896061 1.4445463419
-4.5656938553 -2.7307639122 0.9956021905
-4.3779625893 -2.8366968632 1.1927678585
-4.2650709152 -2.8646125793 1.4559358358
-4.5486445427 -2.7294123173 0.9972130656
-4.3649544716 -2.8290648460 1.2009931803
-4.2604889870 -2.8527603149 1.4674961567
-4.5317182541 -2.7275245190 0.9994629025
-4.3525128365 -2.8210077286 1.2096766233
-4.2567253113 -2.8407611847 1.4791996479
-4.5149569511 -2.7251050472 1.0023461580
-4.3406672478 -2.8125452995 1.2187970877
-4.2537884712 -2.8286445141 1.4910179377
-4.4984002113 -2.7221598625 1.0058560371
-4.3294463158 -2.8036975861 1.2283326387
-4.2516856194 -2.8164391518 1.5029226542
-4.4820885658 -2.7186961174 1.0099840164
-4.3188772202 -2.7944860458 1.2382602692
-4.2504215240 -2.8041749001 1.5148850679
-4.2500000000 -2.7918806076 1.5268764496
-4.4660606384 -2.7147221565 1.0147202015
-4.3089857101 -2.7849330902 1.2485560179
-4.4503560066 -2.7102472782 1.0200530291
-4.2997951508 -2.7750611305 1.2591953278
-4.4350113869 -2.7052824497 1.0259698629
-4.2913274765 -2.7648944855 1.2701523304
-4.4200639725 -2.6998398304 1.0324562788
-4.2836036682 -2.7544577122 1.2814006805
-4.4055504799 -2.6939320564 1.0394967794
-4.2766423225 -2.7437753677 1.2929133177
-4.5828261375 -2.5659141541 0.8625229001
-4.3915052414 -2.6875739098 1.0470741987
-4.2704596519 -2.7328739166 1.3046624660
-4.5656938553 -2.5651512146 0.8635302782
-4.3779625893 -2.6807801723 1.0551705360
-4.2650709152 -2.7217788696 1.3166198730
-4.5486445427 -2.5638813972 0.8652065396
-4.3649544716 -2.6735675335 1.0637661219
-4.2604889870 -2.7105176449 1.3287566900
-4.5317182541 -2.5621080399 0.8675476909
-4.3525128365 -2.6659533978 1.0728403330
-4.2567253113 -2.6991169453 1.3410437107
-4.5149569511 -2.5598354340 0.8705480099
-4.3406672478 -2.6579561234 1.0823712349
-4.2537884712 -2.6876044273 1.3534513712
-4.4984002113 -2.5570688248 0.8742003441
-4.3294463158 -2.6495947838 1.0923359394
-4.2516856194 -2.6760077477 1.3659496307
-4.4820885658 -2.5538151264 0.8784958124
-4.3188772202 -2.6408894062 1.1027103662
-4.2504215240 -2.6643548012 1.3785084486
-4.2500000000 -2.6526737213 1.3910976648
-4.4660606384 -2.5500822067 0.8834241629
-4.3089857101 -2.6318614483 1.1134696007
-4.4503560066 -2.5458786488 0.8889734745
-4.2997951508 -2.6225323677 1.1245877743
-4.4350113869 -2.5412149429 0.8951303959
-4.2913274765 -2.6129245758 1.1360378265
-4.4200639725 -2.5361022949 0.9018800259
-4.2836036682 -2.6030611992 1.1477924585
-4.4055504799 -2.5305528641 0.9092062116
-4.2766423225 -2.5929660797 1.1598232985
-4.5828261375 -2.3938727379 0.7388335466
-4.3915052414 -2.5245802402 0.9170912504
-4.2704596519 -2.5826637745 1.1721012592
-4.5656938553 -2.3931608200 0.7398777008
-4.3779625893 -2.5181987286 0.9255161285
-4.2650709152 -2.5721786022 1.1845967770
-4.5486445427 -2.3919763565 0.7416151762
-4.3649544716 -2.5114235878 0.9344605207
-4.2604889870 -2.5615363121 1.1972799301
-4.5317182541 -2.3903217316 0.7440418005
-4.3525128365 -2.5042712688 0.9439029694
-4.2567253113 -2.5507621765 1.2101199627
-4.5149569511 -2.3882014751 0.7471516728
-4.3406672478 -2.4967586994 0.9538207054
-4.2537884712 -2.5398824215 1.2230859995
-4.4984002113 -2.3856205940 0.7509373426
-4.3294463158 -2.4889044762 0.9641897678
-4.2516856194 -2.5289230347 1.2361468077
-4.4820885658 -2.3825850487 0.7553896904
-4.3188772202 -2.4807271957 0.9749853015
-4.2504215240 -2.5179107189 1.2492709160
-4.2500000000 -2.5068717003 1.2624266148
-4.4660606384 -2.3791022301 0.7604979873
-4.3089857101 -2.4722466469 0.9861811399
-4.4503560066 -2.3751804829 0.7662499547
-4.2997951508 -2.4634833336 0.9977504015
-4.4350113869 -2.3708295822 0.7726316452
-4.2913274765 -2.4544582367 1.0096652508
-4.4200639725 -2.3660597801 0.7796277404
-4.2836036682 -2.4451930523 1.0218969584
-4.4055504799 -2.3608825207 0.7872214317
-4.2766423225 -2.4357101917 1.0344159603
-4.5828261375 -2.2158796787 0.6238734722
-4.3915052414 -2.3553102016 0.7953943610
-4.2704596519 -2.4260325432 1.0471922159
-4.5656938553 -2.2152209282 0.6249518394
-4.3779625893 -2.3493564129 0.8041268587
-4.2650709152 -2.4161834717 1.0601948500
-4.5486445427 -2.2141242027 0.6267462373
-4.3649544716 -2.3430356979 0.8133978844
-4.2604889870 -2.4061865807 1.0733926296
-4.5317182541 -2.2125928402 0.6292522550
-4.3525128365 -2.3363628387 0.8231851459
-4.2567253113 -2.3960659504 1.0867537260
-4.5149569511 -2.2106301785 0.6324639916
-4.3406672478 -2.3293540478 0.8334649801
-4.2537884712 -2.3858458996 1.1002459526
-4.4984002113 -2.2082412243 0.6363735795
-4.3294463158 -2.3220264912 0.8442126513
-4.2516856194 -2.3755512238 1.1138367653
-4.4820885658 -2.2054312229 0.6409717202
-4.3188772202 -2.3143975735 0.8554023504
-4.2504215240 -2.3652067184 1.1274935007
-4.2500000000 -2.3548371792 1.1411832571
-4.4660606384 -2.2022075653 0.6462472677
-4.3089857101 -2.3064856529 0.8670070171
-4.4503560066 -2.1985774040 0.6521875262
-4.2997951508 -2.2983098030 0.8789986968
-4.4350113869 -2.1945500374 0.6587781906
-4.2913274765 -2.2898898125 0.8913486004
-4.4200639725 -2.1901347637 0.6660033464
-4.2836036682 -2.2812459469 0.9040268660
-4.4055504799 -2.1853423119 0.6738456488
-4.2766423225 -2.2723989487 0.9170030355
-4.5828261375 -2.0323777199 0.5179285407
-4.3915052414 -2.1801846027 0.6822862029
-4.2704596519 -2.2633700371 0.9302457571
-4.5656938553 -2.0317733288 0.5190384388
-4.3779625893 -2.1746735573 0.6913045645
-4.2650709152 -2.2541813850 0.9437232018
-4.5486445427 -2.0307676792 0.5208852291
-4.3649544716 -2.1688225269 0.7008791566
-4.2604889870 -2.2448546886 0.9574028850
-4.5317182541 -2.0293631554 0.5234645009
-4.3525128365 -2.1626458168 0.7109868526
-4.2567253113 -2.2354125977 0.9712518454
-4.5149569511 -2.0275628567 0.5267700553
-4.3406672478 -2.1561584473 0.7216032743
-4.2537884712 -2.2258780003 0.9852367640
-4.4984002113 -2.0253717899 0.5307939053
-4.3294463158 -2.1493754387 0.7327028513
-4.2516856194 -2.2162735462 0.9993238449
-4.4820885658 -2.0227944851 0.5355263352
-4.3188772202 -2.1423137188 0.7442588806
-4.2504215240 -2.2066226006 1.0134792328
-4.2500000000 -2.1969482899 1.0276688337
-4.4660606384 -2.0198376179 0.5409560204
-4.3089857101 -2.1349902153 0.7562435269
-4.4503560066 -2.0165083408 0.5470698476
-4.2997951508 -2.1274223328 0.7686278224
-4.4350113869 -2.0128142834 0.5538530946
-4.2913274765 -2.1196281910 0.7813820839
-4.4200639725 -2.0087647438 0.5612893701
-4.2836036682 -2.1116271019 0.7944754362
-4.4055504799 -2.0043692589 0.5693607926
-4.2766423225 -2.1034379005 0.8078764677
-4.5828261375 -1.8438229561 0.4212621450
-4.3915052414 -1.9996385574 0.5780478716
-4.2704596519 -2.0950803757 0.8215528131
-4.5656938553 -1.8432745934 0.4224007428
-4.3779625893 -1.9945838451 0.5873298049
-4.2650709152 -2.0865750313 0.8354715109
-4.5486445427 -1.8423622847 0.4242953956
-4.3649544716 -1.9892175198 0.5971841216
-4.2604889870 -2.0779416561 0.8495990634
-4.5317182541 -1.8410879374 0.4269414544
-4.3525128365 -1.9835523367 0.6075870991
-4.2567253113 -2.0692017078 0.8639014959
-4.5149569511 -1.8394548893 0.4303326309
-4.3406672478 -1.9776020050 0.6185137033
-4.2537884712 -2.0603759289 0.8783442378
-4.4984002113 -1.8374668360 0.4344606996
-4.3294463158 -1.9713809490 0.6299375892
-4.2516856194 -2.0514855385 0.8928925395
-4.4820885658 -1.8351287842 0.4393157661
-4.3188772202 -1.9649039507 0.6418312788
-4.2504215240 -2.0425522327 0.9075114131
-4.2500000000 -2.0335972309 0.9221655726
-4.4660606384 -1.8324463367 0.4448860586
-4.3089857101 -1.9581867456 0.6541660428
-4.4503560066 -1.8294258118 0.4511582553
-4.2997951508 -1.9512455463 0.6669121981
-4.4350113869 -1.8260744810 0.4581171572
-4.2913274765 -1.9440970421 0.6800391078
-4.4200639725 -1.8224006891 0.4657460451
-4.2836036682 -1.9367585182 0.6935150027
-4.4055504799 -1.8184130192 0.4740265310
-4.2766423225 -1.9292474985 0.7073075771
-4.5828261375 -1.6506841183 0.3341145813
-4.3915052414 -1.8141211271 0.4829386771
-4.2704596519 -1.9215821028 0.7213835120
-4.5656938553 -1.6501932144 0.3352791071
-4.3779625893 -1.8095353842 0.4924609959
-4.2650709152 -1.9137809277 0.7357088923
-4.5486445427 -1.6493763924 0.3372168541
-4.3649544716 -1.8046668768 0.5025705695
-4.2604889870 -1.9058626890 0.7502492070
-4.5317182541 -1.6482355595 0.3399231732
-4.3525128365 -1.7995272875 0.5132430196
-4.2567253113 -1.8978464603 0.7649694681
-4.5149569511 -1.6467735767 0.3433915079
-4.3406672478 -1.7941290140 0.5244526267
-4.2537884712 -1.8897515535 0.7798342109
-4.4984002113 -1.6449937820 0.3476135731
-4.3294463158 -1.7884850502 0.5361723900
-4.2516856194 -1.8815975189 0.7948076129
-4.4820885658 -1.6429007053 0.3525791168
-4.3188772202 -1.7826091051 0.5483741164
-4.2504215240 -1.8734039068 0.8098535538
-4.2500000000 -1.8651905060 0.8249358535
-4.4660606384 -1.6404991150 0.3582762182
-4.3089857101 -1.7765151262 0.5610284209
-4.4503560066 -1.6377949715 0.3646911681
-4.2997951508 -1.7702178955 0.5741047263
-4.4350113869 -1.6347948313 0.3718084693
-4.2913274765 -1.7637325525 0.5875715613
-4.4200639725 -1.6315057278 0.3796109855
-4.2836036682 -1.7570748329 0.6013965607
-4.4055504799 -1.6279357672 0.3880799711
-4.2766423225 -1.7502605915 0.6155463457
-4.5828261375 -1.4534413815 0.2567025125
-4.3915052414 -1.6240935326 0.3971949518
-4.2704596519 -1.7433063984 0.6299868822
-4.5656938553 -1.4530091286 0.2578900754
-4.3779625893 -1.6199882030 0.4069340229
-4.2650709152 -1.7362290621 0.6446833014
-4.5486445427 -1.4522899389 0.2598661184
-4.3649544716 -1.6156296730 0.4172736704
-4.2604889870 -1.7290453911 0.6596002579
-4.5317182541 -1.4512854815 0.2626259327
-4.3525128365 -1.6110284328 0.4281890392
-4.2567253113 -1.7217729092 0.6747018099
-4.5149569511 -1.4499981403 0.2661628425
-4.3406672478 -1.6061955690 0.4396538138
-4.2537884712 -1.7144290209 0.6899515390
-4.4984002113 -1.4484310150 0.2704683542
-4.3294463158 -1.6011428833 0.4516403675
-4.2516856194 -1.7070313692 0.7053127885
-4.4820885658 -1.4465880394 0.2755320668
-4.3188772202 -1.5958822966 0.4641198218
-4.2504215240 -1.6995979548 0.7207484841
-4.2500000000 -1.6921465397 0.7362214327
-4.4660606384 -1.4444735050 0.2813418210
-4.3089857101 -1.5904266834 0.4770621061
-4.4503560066 -1.4420924187 0.2878835499
-4.2997951508 -1.5847890377 0.4904360771
-4.4350113869 -1.4394507408 0.2951415479
-4.2913274765 -1.5789830685 0.5042094588
-4.4200639725 -1.4365546703 0.3030983508
-4.2836036682 -1.5730227232 0.5183491111
-4.4055504799 -1.4334113598 0.3117347360
-4.2766423225 -1.5669223070 0.5328209996
-4.5828261375 -1.2525851727 0.1892184317
-4.3915052414 -1.4300282001 0.3210299015
-4.2704596519 -1.5606966019 0.5475901961
-4.5656938553 -1.2522127628 0.1904260516
-4.3779625893 -1.4264134169 0.3309614956
-4.2650709152 -1.5543605089 0.5626211166
-4.5486445427 -1.2515928745 0.1924355030
-4.3649544716 -1.4225755930 0.3415055871
-4.2604889870 -1.5479294062 0.5778776407
-4.5317182541 -1.2507271767 0.1952419430
-4.3525128365 -1.4185242653 0.3526367247
-4.2567253113 -1.5414186716 0.5933228731
-4.5149569511 -1.2496178150 0.1988386363
-4.3406672478 -1.4142688513 0.3643281162
-4.2537884712 -1.5348440409 0.6089197397
-4.4984002113 -1.2482672930 0.2032168955
-4.3294463158 -1.4098199606 0.3765516281
-4.2516856194 -1.5282213688 0.6246306300
-4.4820885658 -1.2466789484 0.2083661854
-4.3188772202 -1.4051879644 0.3892777860
-4.2504215240 -1.5215665102 0.6404176354
-4.2500000000 -1.5148956776 0.6562427878
-4.4660606384 -1.2448565960 0.2142741084
-4.3089857101 -1.4003841877 0.4024759531
-4.4503560066 -1.2428046465 0.2209264040
-4.2997951508 -1.3954203129 0.4161142707
-4.4350113869 -1.2405279875 0.2283070683
-4.2913274765 -1.3903080225 0.4301599562
-4.4200639725 -1.2380321026 0.2363983095
-4.2836036682 -1.3850599527 0.4445791543
-4.4055504799 -1.2353231907 0.2451806515
-4.2766423225 -1.3796885014 0.4593370855
-4.5828261375 -1.0486148596 0.1318300813
-4.3915052414 -1.2324075699 0.2546329200
-4.2704596519 -1.3742066622 0.4743982553
-4.5656938553 -1.0483031273 0.1330547631
-4.3779625893 -1.2292922735 0.2647323310
-4.2650709152 -1.3686276674 0.4897263646
-4.5486445427 -1.0477842093 0.1350926161
-4.3649544716 -1.2259849310 0.2754546106
-4.2604889870 -1.3629649878 0.5052844286
-4.5317182541 -1.0470594168 0.1379387230
-4.3525128365 -1.2224934101 0.2867738605
-4.2567253113 -1.3572322130 0.5210350752
-4.5149569511 -1.0461306572 0.1415862441
-4.3406672478 -1.2188260555 0.2986628413
-4.2537884712 -1.3514432907 0.5369402170
-4.4984002113 -1.0450000763 0.1460263878
-4.3294463158 -1.2149919271 0.3110929132
-4.2516856194 -1.3456119299 0.5529617071
-4.4820885658 -1.0436704159 0.1512484401
-4.3188772202 -1.2110000849 0.3240341246
-4.2504215240 -1.3397523165 0.5690608025
-4.2500000000 -1.3338785172 0.5851987600
-4.4660606384 -1.0421447754 0.1572398543
-4.3089857101 -1.2068601847 0.3374553323
-4.4503560066 -1.0404269695 0.1639861614
-4.2997951508 -1.2025822401 0.3513241410
-4.4350113869 -1.0385210514 0.1714711338
-4.2913274765 -1.1981765032 0.3656072021
-4.4200639725 -1.0364316702 0.1796767265
-4.2836036682 -1.1936535835 0.3802700639
-4.4055504799 -1.0341638327 0.1885831803
-4.2766423225 -1.1890244484 0.3952774107
-4.5828261375 -0.8420375586 0.0846801549
-4.3915052414 -1.0317229033 0.1981690228
-4.2704596519 -1.1843001842 0.4105930924
-4.5656938553 -0.8417871594 0.0859188586
-4.3779625893 -1.0291149616 0.2084111720
-4.2650709152 -1.1794922352 0.4261802137
-4.5486445427 -0.8413704634 0.0879800394
-4.3649544716 -1.0263462067 0.2192849666
-4.2604889870 -1.1746120453 0.4420012236
-4.5317182541 -0.8407885432 0.0908587351
-4.3525128365 -1.0234231949 0.2307641953
-4.2567253113 -1.1696715355 0.4580180049
-4.5149569511 -0.8400427699 0.0945480168
-4.3406672478 -1.0203530788 0.2428212017
-4.2537884712 -1.1646825075 0.4741919935
-4.4984002113 -0.8391348720 0.0990389884
-4.3294463158 -1.0171432495 0.2554269433
-4.2516856194 -1.1596570015 0.4904841781
-4.4820885658 -0.8380671144 0.1043208390
-4.3188772202 -1.0138014555 0.2685510516
-4.2504215240 -1.1546071768 0.5068553686
-4.2500000000 -1.1495451927 0.5232660770
-4.4660606384 -0.8368420601 0.1103808433
-4.3089857101 -1.0103356838 0.2821619213
-4.4503560066 -0.8354626298 0.1172043979
-4.2997951508 -1.0067543983 0.2962267399
-4.4350113869 -0.8339322209 0.1247750595
-4.2913274765 -1.0030660629 0.3107116222
-4.4200639725 -0.8322544098 0.1330745965
-4.2836036682 -0.9992796779 0.3255816996
-4.4055504799 -0.8304333091 0.1420830190
-4.2766423225 -0.9954043627 0.3408011496
-4.5828261375 -0.6333668232 0.0478858687
-4.3915052414 -0.8284733295 0.1517786235
-4.2704596519 -0.9914493561 0.3563332856
-4.5656938553 -0.6331784725 0.0491355099
-4.3779625893 -0.8263791203 0.1621380448
-4.2650709152 -0.9874243140 0.3721406758
-4.5486445427 -0.6328650117 0.0512148999
-4.3649544716 -0.8241557479 0.1731363237
-4.2604889870 -0.9833388329 0.3881852925
-4.5317182541 -0.6324272752 0.0541190244
-4.3525128365 -0.8218086362 0.1847469807
-4.2567253113 -0.9792028666 0.4044284225
-4.5149569511 -0.6318663359 0.0578408949
-4.3406672478 -0.8193433285 0.1969420314
-4.2537884712 -0.9750262499 0.4208309650
-4.4984002113 -0.6311834455 0.0623715408
-4.3294463158 -0.8167658448 0.2096921057
-4.2516856194 -0.9708191156 0.4373534322
-4.4820885658 -0.6303802729 0.0677000508
-4.3188772202 -0.8140823841 0.2229664773
-4.2504215240 -0.9665915966 0.4539559484
-4.2500000000 -0.9623538256 0.4705985785
-4.4660606384 -0.6294588447 0.0738135800
-4.3089857101 -0.8112993836 0.2367331684
-4.4503560066 -0.6284212470 0.0806974098
-4.2997951508 -0.8084235787 0.2509590089
-4.4350113869 -0.6272701025 0.0883349478
-4.2913274765 -0.8054618835 0.2656097710
-4.4200639725 -0.6260080934 0.0967078060
-4.2836036682 -0.8024213910 0.2806500793
-4.4055504799 -0.6246382594 0.1057958007
-4.2766423225 -0.7993094921 0.2960437834
-4.5828261375 -0.4231213629 0.0215387009
-4.3915052414 -0.6231639981 0.1155770496
-4.2704596519 -0.7961336374 0.3117537498
-4.5656938553 -0.4229955375 0.0227961764
-4.3779625893 -0.6215887666 0.1260279864
-4.2650709152 -0.7929015160 0.3277421296
-4.5486445427 -0.4227861762 0.0248886012
-4.3649544716 -0.6199163795 0.1371234208
-4.2604889870 -0.7896209359 0.3439704180
-4.5317182541 -0.4224937260 0.0278109387
-4.3525128365 -0.6181508899 0.1488366276
-4.2567253113 -0.7862997055 0.3603995442
-4.5149569511 -0.4221189618 0.0315561444
-4.3406672478 -0.6162965894 0.1611394137
-4.2537884712 -0.7829458714 0.3769899011
-4.4984002113 -0.4216627777 0.0361151956
-4.3294463158 -0.6143578291 0.1740021110
-4.2516856194 -0.7795675397 0.3937014937
-4.4820885658 -0.4211262465 0.0414771140
-4.3188772202 -0.6123393774 0.1873937398
-4.2504215240 -0.7761728764 0.4104941189
-4.2500000000 -0.7727699876 0.4273273051
-4.4660606384 -0.4205106497 0.0476289764
-4.3089857101 -0.6102460623 0.2012820393
-4.4503560066 -0.4198175073 0.0545559675
-4.2997951508 -0.6080828905 0.2156335562
-4.4350113869 -0.4190484583 0.0622413978
-4.2913274765 -0.6058551669 0.2304137051
-4.4200639725 -0.4182053804 0.0706667453
-4.2836036682 -0.6035681367 0.2455869019
-4.4055504799 -0.4172902703 0.0798117295
-4.2766423225 -0.6012274623 0.2611165643
-4.5828261375 -0.2118239999 0.0057041510
-4.3915052414 -0.4163053632 0.0896543041
-4.2704596519 -0.5988386273 0.2769652903
-4.5656938553 -0.2117610127 0.0069663357
-4.3779625893 -0.4152530432 0.1001707613
-4.2650709152 -0.5964074731 0.2930949330
-4.5486445427 -0.2116561830 0.0090665976
-4.3649544716 -0.4141358137 0.1113357693
-4.2604889870 -0.5939398408 0.3094665706
-4.5317182541 -0.2115097940 0.0119998772
-4.3525128365 -0.4129563868 0.1231224239
-4.2567253113 -0.5914416909 0.3260408044
-4.5149569511 -0.2113221735 0.0157591067
-4.3406672478 -0.4117175937 0.1355023384
-4.2537884712 -0.5889189839 0.3427776992
-4.4984002113 -0.2110937983 0.0203352328
-4.3294463158 -0.4104224145 0.1484456807
-4.2516856194 -0.5863778591 0.3596369624
-4.4820885658 -0.2108251899 0.0257172287
-4.3188772202 -0.4090739787 0.1619212776
-4.2504215240 -0.5838244557 0.3765779138
-4.2500000000 -0.5812648535 0.3935597837
-4.4660606384 -0.2105170190 0.0318921283
-4.3089857101 -0.4076755345 0.1758966595
-4.4503560066 -0.2101700008 0.0388450585
-4.2997951508 -0.4062304497 0.1903381646
-4.4350113869 -0.2097849995 0.0465592705
-4.2913274765 -0.4047421813 0.2052109838
-4.4200639725 -0.2093629390 0.0550161712
-4.2836036682 -0.4032143652 0.2204793096
-4.4055504799 -0.2089048177 0.0641953945
-4.2766423225 -0.4016506374 0.2361063510
-4.3915052414 -0.2084117681 0.0740748271
-4.2704596519 -0.4000547826 0.2520544529
-4.3779625893 -0.2078849375 0.0846306682
-4.2650709152 -0.3984306455 0.2682852149
-4.3649544716 -0.2073256373 0.0958374813
-4.2604889870 -0.3967821598 0.2847595215
-4.3525128365 -0.2067351788 0.1076682806
-4.2567253113 -0.3951132596 0.3014376760
-4.3406672478 -0.2061150074 0.1200945526
-4.2537884712 -0.3934279680 0.3182795048
-4.3294463158 -0.2054666132 0.1330863684
-4.2516856194 -0.3917303681 0.3352444470
-4.3188772202 -0.2047915608 0.1466124207
-4.2504215240 -0.3900245428 0.3522916436
-4.2500000000 -0.3883146048 0.3693799675
-4.3089857101 -0.2040914595 0.1606401354
-4.2997951508 -0.2033680230 0.1751357168
-4.2913274765 -0.2026229650 0.1900642365
-4.2836036682 -0.2018581033 0.2053897381
-4.2766423225 -0.2010752708 0.2210752964
-4.2704596519 -0.2002763599 0.2370831370
-4.2650709152 -0.1994632781 0.2533746660
-4.2604889870 -0.1986380070 0.2699106634
-4.2567253113 -0.1978025138 0.2866512835
-4.2537884712 -0.1969588250 0.3035561740
-4.2516856194 -0.1961089671 0.3205846548
-4.2504215240 -0.1952549964 0.3376956582
-4.2500000000 -0.1943989545 0.3548479974
-7.7500000000 -0.6000000238 7.0000000000
-7.7500000000 0.6000000238 7.0000000000
-7.7500000000 -0.6000000238 1.5000000000
-7.7500000000 0.6000000238 1.5000000000
-4.2500000000 -1.7359770536 5.9432244301
-4.2500000000 -1.6494188309 6.0276508331
-4.2500000000 -1.8182194233 5.8545880318
-4.2500000000 -1.5587599277 6.1076579094
-4.2500000000 -1.8959413767 5.7619628906
-4.2500000000 -1.4642256498 6.1830463409
-4.2500000000 -1.9689496756 5.6655783653
-4.2500000000 -1.3660511971 6.2536292076
-4.2500000000 -2.0370628834 5.5656747818
-4.2500000000 -1.2644803524 6.3192305565
-4.2500000000 -2.1001117229 5.4625000954
-4.2500000000 -1.1597658396 6.3796873093
-4.2500000000 -2.1579391956 5.3563108444
-4.2500000000 -1.0521680117 6.4348497391
-4.2500000000 -2.2104017735 5.2473711967
-4.2500000000 -0.9419543743 6.4845800400
-4.2500000000 -2.2573688030 5.1359519958
-4.2500000000 -0.8293988705 6.5287547112
-4.2500000000 -2.2987236977 5.0223302841
-4.2500000000 -0.7147812843 6.5672640800
-4.2500000000 -2.3343636990 4.9067883492
-4.2500000000 -0.5983867049 6.6000123024
-4.2500000000 -2.3642001152 4.7896132469
-4.2500000000 -0.4805043936 6.6269183159
-4.2500000000 -2.3881587982 4.6710968018
-4.2500000000 -0.3614274859 6.6479148865
-4.2500000000 -2.4061801434 4.5515336990
-4.2500000000 -0.2414520234 6.6629495621
-4.2500000000 -2.4182190895 4.4312205315
-4.2500000000 -0.1208762750 6.6719856262
-4.2500000000 -2.4242463112 4.3104567528
-4.2500000000 -0.0000000000 6.6750001907
-4.2500000000 -2.4242463112 4.1895432472
-4.2500000000 0.1208762750 6.6719856262
-4.2500000000 -2.4182190895 4.0687794685
-4.2500000000 0.2414520234 6.6629495621
-4.2500000000 -2.4061801434 3.9484665394
-4.2500000000 0.3614274859 6.6479148865
-4.2500000000 -2.3881587982 3.8289031982
-4.2500000000 0.4805043936 6.6269183159
-4.2500000000 -2.3642001152 3.7103867531
-4.2500000000 0.5983867049 6.6000123024
-4.2500000000 -2.3343636990 3.5932118893
-4.2500000000 0.7147812843 6.5672640800
-4.2500000000 -2.2987236977 3.4776699543
-4.2500000000 0.8293988705 6.5287547112
-4.2500000000 -2.2573688030 3.3640480042
-4.2500000000 0.9419543743 6.4845800400
-4.2500000000 -2.2104017735 3.2526288033
-4.2500000000 1.0521680117 6.4348497391
-4.2500000000 -2.1579391956 3.1436891556
-4.2500000000 1.1597658396 6.3796873093
-4.2500000000 -2.1001117229 3.0374999046
-4.2500000000 1.2644803524 6.3192305565
-4.2500000000 -2.0370628834 2.9343252182
-4.2500000000 1.3660511971 6.2536292076
-4.2500000000 -1.9689496756 2.8344216347
-4.2500000000 1.4642256498 6.1830463409
-4.2500000000 -1.8959413767 2.7380373478
-4.2500000000 1.5587599277 6.1076579094
-4.2500000000 -1.8182194233 2.6454117298
-4.2500000000 1.6494188309 6.0276508331
-4.2500000000 -1.7359770536 2.5567758083
-4.2500000000 1.7359770536 5.9432244301
-4.2500000000 -1.6494188309 2.4723491669
-4.2500000000 1.8182194233 5.8545880318
-4.2500000000 -1.5587599277 2.3923423290
-4.2500000000 1.8959413767 5.7619628906
-4.2500000000 -1.4642256498 2.3169536591
-4.2500000000 1.9689496756 5.6655783653
-4.2500000000 2.0370628834 5.5656747818
-4.2500000000 -1.3660511971 2.2463710308
-4.2500000000 -1.2644803524 2.1807696819
-4.2500000000 2.1001117229 5.4625000954
-4.2500000000 -1.1597658396 2.1203126907
-4.2500000000 2.1579391956 5.3563108444
-4.2500000000 -1.0521680117 2.0651504993
-4.2500000000 -0.9419543743 2.0154201984
-4.2500000000 2.2104017735 5.2473711967
-4.2500000000 2.2573688030 5.1359519958
-4.2500000000 -0.8293988705 1.9712454081
-4.2500000000 2.2987236977 5.0223302841
-4.2500000000 -0.7147812843 1.9327359200
-4.2500000000 2.3343636990 4.9067883492
-4.2500000000 -0.5983867049 1.8999875784
-4.2500000000 2.3642001152 4.7896132469
-4.2500000000 -0.4805043936 1.8730816841
-4.2500000000 2.3881587982 4.6710968018
-4.2500000000 -0.3614274859 1.8520852327
-4.2500000000 2.4061801434 4.5515336990
-4.2500000000 -0.2414520234 1.8370503187
-4.2500000000 -0.1208762750 1.8280144930
-4.2500000000 2.4182190895 4.4312205315
-4.2500000000 2.4242463112 4.3104567528
-4.2500000000 -0.0000000000 1.8250000477
-4.2500000000 2.4242463112 4.1895432472
-4.2500000000 0.1208762750 1.8280144930
-4.2500000000 2.4182190895 4.0687794685
-4.2500000000 0.2414520234 1.8370503187
-4.2500000000 2.4061801434 3.9484665394
-4.2500000000 2.3881587982 3.8289031982
-4.2500000000 0.3614274859 1.8520852327
-4.2500000000 2.3642001152 3.7103867531
-4.2500000000 0.4805043936 1.8730816841
-4.2500000000 0.5983867049 1.8999875784
-4.2500000000 2.3343636990 3.5932118893
-4.2500000000 2.2987236977 3.4776699543
-4.2500000000 0.7147812843 1.9327359200
-4.2500000000 0.8293988705 1.9712454081
-4.2500000000 0.9419543743 2.0154201984
-4.2500000000 2.2573688030 3.3640480042
-4.2500000000 2.2104017735 3.2526288033
-4.2500000000 1.0521680117 2.0651504993
-4.2500000000 2.1579391956 3.1436891556
-4.2500000000 1.1597658396 2.1203126907
-4.2500000000 1.2644803524 2.1807696819
-4.2500000000 2.1001117229 3.0374999046
-4.2500000000 1.3660511971 2.2463710308
-4.2500000000 2.0370628834 2.9343252182
-4.2500000000 1.9689496756 2.8344216347
-4.2500000000 1.8959413767 2.7380373478
-4.2500000000 1.4642256498 2.3169536591
-4.2500000000 1.5587599277 2.3923423290
-4.2500000000 1.8182194233 2.6454117298
-4.2500000000 1.6494188309 2.4723491669
-4.2500000000 1.7359770536 2.5567758083
-6.6500000954 -0.6000000238 1.5000000000
-6.6500000954 -0.6000000238 7.0000000000
-6.6500000954 0.6000000238 1.5000000000
-6.6500000954 0.6000000238 7.0000000000
4.6500000954 0.1208762750 1.8280144930
4.6500000954 -0.0000000000 1.8250000477
4.6500000954 0.2414520234 1.8370503187
4.6500000954 0.3614274859 1.8520852327
4.6500000954 0.4805043936 1.8730816841
4.6500000954 0.5983867049 1.8999875784
4.6500000954 0.7147812843 1.9327359200
4.6500000954 0.8293988705 1.9712454081
4.6500000954 0.9419543743 2.0154201984
4.6500000954 1.0521680117 2.0651504993
4.6500000954 1.1597658396 2.1203126907
4.6500000954 1.2644803524 2.1807696819
4.6500000954 1.3660511971 2.2463710308
4.6500000954 1.4642256498 2.3169536591
4.6500000954 1.5587599277 2.3923423290
4.6500000954 1.6494188309 2.4723491669
4.6500000954 1.7359770536 2.5567758083
4.6500000954 1.8182194233 2.6454117298
4.6500000954 1.8959413767 2.7380373478
4.6500000954 1.9689496756 2.8344216347
4.6500000954 2.0370628834 2.9343252182
4.6500000954 2.1001117229 3.0374999046
4.6500000954 2.1579391956 3.1436891556
4.6500000954 2.2104017735 3.2526288033
4.6500000954 2.2573688030 3.3640480042
4.6500000954 2.2987236977 3.4776699543
4.6500000954 2.3343636990 3.5932118893
4.6500000954 2.3642001152 3.7103867531
4.6500000954 2.3881587982 3.8289031982
4.6500000954 2.4061801434 3.9484665394
4.6500000954 2.4182190895 4.0687794685
4.6500000954 2.4242463112 4.1895432472
4.6500000954 2.4242463112 4.3104567528
4.6500000954 2.4182190895 4.4312205315
4.6500000954 2.4061801434 4.5515336990
4.6500000954 2.3881587982 4.6710968018
4.6500000954 2.3642001152 4.7896132469
4.6500000954 2.3343636990 4.9067883492
4.6500000954 2.2987236977 5.0223302841
4.6500000954 2.2573688030 5.1359519958
4.6500000954 2.2104017735 5.2473711967
4.6500000954 2.1579391956 5.3563108444
4.6500000954 2.1001117229 5.4625000954
4.6500000954 2.0370628834 5.5656747818
4.6500000954 1.9689496756 5.6655783653
4.6500000954 1.8959413767 5.7619628906
4.6500000954 1.8182194233 5.8545880318
4.6500000954 1.7359770536 5.9432244301
4.6500000954 1.6494188309 6.0276508331
4.6500000954 1.5587599277 6.1076579094
4.6500000954 1.4642256498 6.1830463409
4.6500000954 1.3660511971 6.2536292076
4.6500000954 1.2644803524 6.3192305565
4.6500000954 1.1597658396 6.3796873093
4.6500000954 1.0521680117 6.4348497391
4.6500000954 0.9419543743 6.4845800400
4.6500000954 0.8293988705 6.5287547112
4.6500000954 0.7147812843 6.5672640800
4.6500000954 0.5983867049 6.6000123024
4.6500000954 0.4805043936 6.6269183159
4.6500000954 0.3614274859 6.6479148865
4.6500000954 0.2414520234 6.6629495621
4.6500000954 0.1208762750 6.6719856262
4.6500000954 -0.0000000000 6.6750001907
4.6500000954 -0.1208762750 6.6719856262
4.6500000954 -0.2414520234 6.6629495621
4.6500000954 -0.3614274859 6.6479148865
4.6500000954 -0.4805043936 6.6269183159
4.6500000954 -0.5983867049 6.6000123024
4.6500000954 -0.7147812843 6.5672640800
4.6500000954 -0.8293988705 6.5287547112
4.6500000954 -0.9419543743 6.4845800400
4.6500000954 -1.0521680117 6.4348497391
4.6500000954 -1.1597658396 6.3796873093
4.6500000954 -1.2644803524 6.3192305565
4.6500000954 -1.3660511971 6.2536292076
4.6500000954 -1.4642256498 6.1830463409
4.6500000954 -1.5587599277 6.1076579094
4.6500000954 -1.6494188309 6.0276508331
4.6500000954 -1.7359770536 5.9432244301
4.6500000954 -1.8182194233 5.8545880318
4.6500000954 -1.8959413767 5.7619628906
4.6500000954 -1.9689496756 5.6655783653
4.6500000954 -2.0370628834 5.5656747818
4.6500000954 -2.1001117229 5.4625000954
4.6500000954 -2.1579391956 5.3563108444
4.6500000954 -2.2104017735 5.2473711967
4.6500000954 -2.2573688030 5.1359519958
4.6500000954 -2.2987236977 5.0223302841
4.6500000954 -2.3343636990 4.9067883492
4.6500000954 -2.3642001152 4.7896132469
4.6500000954 -2.3881587982 4.6710968018
4.6500000954 -2.4061801434 4.5515336990
4.6500000954 -2.4182190895 4.4312205315
4.6500000954 -2.4242463112 4.3104567528
4.6500000954 -2.4242463112 4.1895432472
4.6500000954 -2.4182190895 4.0687794685
4.6500000954 -2.4061801434 3.9484665394
4.6500000954 -2.3881587982 3.8289031982
4.6500000954 -2.3642001152 3.7103867531
4.6500000954 -2.3343636990 3.5932118893
4.6500000954 -2.2987236977 3.4776699543
4.6500000954 -2.2573688030 3.3640480042
4.6500000954 -2.2104017735 3.2526288033
4.6500000954 -2.1579391956 3.1436891556
4.6500000954 -2.1001117229 3.0374999046
4.6500000954 -2.0370628834 2.9343252182
4.6500000954 -1.9689496756 2.8344216347
4.6500000954 -1.8959413767 2.7380373478
4.6500000954 -1.8182194233 2.6454117298
4.6500000954 -1.7359770536 2.5567758083
4.6500000954 -1.6494188309 2.4723491669
4.6500000954 -1.5587599277 2.3923423290
4.6500000954 -1.4642256498 2.3169536591
4.6500000954 -1.3660511971 2.2463710308
4.6500000954 -1.2644803524 2.1807696819
4.6500000954 -1.1597658396 2.1203126907
4.6500000954 -1.0521680117 2.0651504993
4.6500000954 -0.9419543743 2.0154201984
4.6500000954 -0.8293988705 1.9712454081
4.6500000954 -0.7147812843 1.9327359200
4.6500000954 -0.5983867049 1.8999875784
4.6500000954 -0.4805043936 1.8730816841
4.6500000954 -0.3614274859 1.8520852327
4.6500000954 -0.2414520234 1.8370503187
4.6500000954 -0.1208762750 1.8280144930
4.6500000954 -1.4461708069 5.6603155136
4.6500000954 -1.3740774393 5.7306456566
4.6500000954 -1.5146691799 5.5864796638
4.6500000954 -1.2985680103 5.7972946167
4.6500000954 -1.5794019699 5.5093207359
4.6500000954 -1.2198303938 5.8600974083
4.6500000954 -1.6402086020 5.4290318489
4.6500000954 -1.1380603313 5.9188976288
4.6500000954 -1.6969375610 5.3458113670
4.6500000954 -1.0534610748 5.9735484123
4.6500000954 -1.7494479418 5.2598671913
4.6500000954 -0.9662429690 6.0239148140
4.6500000954 -1.7976093292 5.1714124680
4.6500000954 -0.8766227961 6.0698714256
4.6500000954 -1.8413019180 5.0806670189
4.6500000954 -0.7848232985 6.1113038063
4.6500000954 -1.8804169893 4.9878563881
4.6500000954 -0.6910728216 6.1481089592
4.6500000954 -1.9148573875 4.8932113647
4.6500000954 -0.5956043005 6.1801958084
4.6500000954 -1.9445375204 4.7969675064
4.6500000954 -0.4986551404 6.2074837685
4.6500000954 -1.9693835974 4.6993641853
4.6500000954 -0.4004663527 6.2299056053
4.6500000954 -1.9893338680 4.6006436348
4.6500000954 -0.3012819886 6.2474055290
4.6500000954 -2.0043387413 4.5010509491
4.6500000954 -0.2013486624 6.2599401474
4.6500000954 -2.0143606663 4.4008345604
4.6500000954 -0.1009147763 6.2674775124
4.6500000954 -2.0193750858 4.3002433777
4.6500000954 -0.0002300172 6.2699999809
4.6500000954 -2.0193693638 4.1995267868
4.6500000954 0.1004553139 6.2675004005
4.6500000954 -2.0143435001 4.0989360809
4.6500000954 0.2008909136 6.2599859238
4.6500000954 -2.0043101311 3.9987206459
4.6500000954 0.3008270860 6.2474741936
4.6500000954 -1.9892939329 3.8991301060
4.6500000954 0.4000154436 6.2299966812
4.6500000954 -1.9693324566 3.8004117012
4.6500000954 0.4982093573 6.2075972557
4.6500000954 -1.9444752932 3.7028107643
4.6500000954 0.5951647162 6.1803312302
4.6500000954 -1.9147841930 3.6065704823
4.6500000954 0.6906405091 6.1482663155
4.6500000954 -1.8803329468 3.5119295120
4.6500000954 0.7843993902 6.1114826202
4.6500000954 -1.8412072659 3.4191234112
4.6500000954 0.8762083054 6.0700712204
4.6500000954 -1.7975044250 3.3283829689
4.6500000954 0.9658389688 6.0241351128
4.6500000954 -1.7493330240 3.2399334908
4.6500000954 1.0530685186 5.9737882614
4.6500000954 -1.6968127489 3.1539952755
4.6500000954 1.1376802921 5.9191565514
4.6500000954 -1.6400742531 3.0707814693
4.6500000954 1.2194637060 5.8603754044
4.6500000954 -1.5792585611 2.9904992580
4.6500000954 1.2982156277 5.7975902557
4.6500000954 -1.5145169497 2.9133479595
4.6500000954 1.3737401962 5.7309584618
4.6500000954 -1.4460102320 2.8395197392
4.6500000954 1.4458496571 5.6606450081
4.6500000954 -1.3739087582 2.7691979408
4.6500000954 1.5143647194 5.5868244171
4.6500000954 -1.2983918190 2.7025573254
4.6500000954 1.5791151524 5.5096807480
4.6500000954 1.6399400234 5.4294052124
4.6500000954 -1.2196470499 2.6397635937
4.6500000954 1.6966879368 5.3461980820
4.6500000954 -1.1378703117 2.5809729099
4.6500000954 1.7265669107 5.3072724342
4.6500000954 -1.0532648563 2.5263314247
4.6500000954 1.7555027008 5.2676134109
4.6500000954 1.8078935146 5.1902170181
4.6500000954 -0.9660409689 2.4759750366
4.6500000954 1.8567054272 5.1104211807
4.6500000954 -0.8764155507 2.4300286770
4.6500000954 1.9018409252 5.0283985138
4.6500000954 -0.7846113443 2.3886067867
4.6500000954 1.9432109594 4.9443259239
4.6500000954 -0.6908566952 2.3518121243
4.6500000954 1.9807347059 4.8583836555
4.6500000954 -0.5953845382 2.3197364807
4.6500000954 2.0143399239 4.7707557678
4.6500000954 -0.4984322488 2.2924594879
4.6500000954 2.0439631939 4.6816287041
4.6500000954 -0.4002408981 2.2700486183
4.6500000954 2.0695528984 4.5911827087
4.6500000954 -0.3010545373 2.2525601387
4.6500000954 2.0910632610 4.4996042252
4.6500000954 2.1084573269 4.4070825577
4.6500000954 -0.2011197805 2.2400372028
4.6500000954 2.1217069626 4.3138070107
4.6500000954 -0.1006850451 2.2325108051
4.6500000954 2.1307933331 4.2199645042
4.6500000954 -0.0000000000 2.2300000191
4.6500000954 2.1357057095 4.1257424355
4.6500000954 0.1183454543 1.8371556997
4.6500000954 2.1364412308 4.0313262939
4.6500000954 0.2358860523 1.8551285267
4.6500000954 2.1330063343 3.9369015694
4.6500000954 0.3523250222 1.8788869381
4.6500000954 0.4673687220 1.9083843231
4.6500000954 2.1254143715 3.8426516056
4.6500000954 0.5807266235 1.9435590506
4.6500000954 2.1136875153 3.7487587929
4.6500000954 0.6810697317 1.9800078869
4.6500000954 2.0978555679 3.6554045677
4.6500000954 2.0779561996 3.5627684593
4.6500000954 0.7698405981 2.0166373253
4.6500000954 2.0540359020 3.4710278511
4.6500000954 0.8569994569 2.0568344593
4.6500000954 2.0261449814 3.3803474903
4.6500000954 0.9423982501 2.1005387306
4.6500000954 1.9943426847 3.2908957005
4.6500000954 1.0258908272 2.1476826668
4.6500000954 1.9586957693 3.2028393745
4.6500000954 1.1073324680 2.1981928349
4.6500000954 1.1865806580 2.2519886494
4.6500000954 1.9192774296 3.1163403988
4.6500000954 1.2634949684 2.3089826107
4.6500000954 1.8761671782 3.0315549374
4.6500000954 1.8294501305 2.9486353397
4.6500000954 1.3379368782 2.3690805435
4.6500000954 1.7792176008 2.8677284718
4.6500000954 1.4097762108 2.4321856499
4.6500000954 1.7255659103 2.7889764309
4.6500000954 1.4788876772 2.4981968403
4.6500000954 1.6685972214 2.7125172615
4.6500000954 1.5451428890 2.5670020580
4.6500000954 1.6084187031 2.6384830475
4.6559605598 0.1134883389 1.8276563883
4.6619215012 0.2267304212 1.8356202841
4.6678824425 0.3394765258 1.8488746881
4.6738429070 0.4514785111 1.8673908710
4.6798038483 0.5624902248 1.8911283016
4.6857643127 0.6722680926 1.9200351238
4.6917252541 0.7805713415 1.9540480375
4.6976861954 0.8871626258 1.9930924177
4.7036466599 0.9918085933 2.0370826721
4.7096076012 1.0942801237 2.0859224796
4.7155680656 1.1943529844 2.1395044327
4.7215290070 1.2918080091 2.1977112293
4.7274899483 1.3864320517 2.2604150772
4.7334504128 1.4780179262 2.3274786472
4.7394113541 1.5663652420 2.3987550735
4.7453718185 1.6512806416 2.4740879536
4.7513327599 1.7325780392 2.5533120632
4.7572937012 1.8100795746 2.6362540722
4.7632541656 1.8836153746 2.7227318287
4.7692151070 1.9530243874 2.8125562668
4.7751755714 2.0181546211 2.9055304527
4.7811365128 2.0788629055 3.0014505386
4.7870974541 2.1350166798 3.1001067162
4.7930579185 2.1864924431 3.2012822628
4.7990188599 2.2331776619 3.3047559261
4.8049793243 2.2749695778 3.4103009701
4.8109402657 2.3117766380 3.5176858902
4.8169012070 2.3435180187 3.6266756058
4.8228616714 2.3701241016 3.7370314598
4.8288226128 2.3915364742 3.8485112190
4.8347830772 2.4077081680 3.9608709812
4.8407440186 2.4186034203 4.0738644600
4.8467049599 2.4241986275 4.1872439384
4.8526654243 2.4244811535 4.3007612228
4.8586263657 2.4194505215 4.4141669273
4.8645868301 2.4091176987 4.5272135735
4.8705477715 2.3935053349 4.6396522522
4.8765087128 2.3726477623 4.7512378693
4.8824691772 2.3465902805 4.8617248535
4.8884301186 2.3153903484 4.9708709717
4.8943905830 2.2791161537 5.0784382820
4.9003515244 2.2378475666 5.1841897964
4.9063124657 2.1916749477 5.2878942490
4.9122729301 2.1406993866 5.3893241882
4.9182338715 2.0850327015 5.4882574081
4.9241943359 2.0247972012 5.5844774246
4.6549773216 1.6525566578 5.4116611481
4.9301552773 1.9601244926 5.6777734756
4.6599550247 1.6059002876 5.4753508568
4.9361162186 1.8911567926 5.7679405212
4.6649322510 1.5567904711 5.5371685028
4.9420766830 1.8180450201 5.8547811508
4.6699094772 1.5053027868 5.5970201492
4.9480376244 1.7409495115 5.9381051064
4.6748867035 1.4515157938 5.6548137665
4.6798639297 1.3955117464 5.7104611397
4.9539980888 1.6600394249 6.0177297592
4.6848406792 1.3373761177 5.7638773918
4.9599590302 1.5754919052 6.0934805870
4.6898174286 1.2771973610 5.8149814606
4.9659199715 1.4874924421 6.1651921272
4.6947941780 1.2150673866 5.8636951447
4.9718804359 1.3962336779 6.2327065468
4.6997709274 1.1510810852 5.9099435806
4.9778413773 1.3019157648 6.2958765030
4.7047476768 1.0853364468 5.9536561966
4.7097239494 1.0179347992 5.9947662354
4.9838018417 1.2047452927 6.3545627594
4.7147002220 0.9489788413 6.0332102776
4.9897627831 1.1049352884 6.4086375237
4.7196769714 0.8785721660 6.0689311028
4.9957237244 1.0027043819 6.4579820633
4.7246532440 0.8068231940 6.1018738747
5.0016841888 0.8982765675 6.5024881363
4.7296295166 0.7338419557 6.1319870949
5.0076451302 0.7918807268 6.5420584679
4.7346057892 0.6597400904 6.1592259407
4.7395825386 0.5846308470 6.1835474968
5.0136055946 0.6837499142 6.5766062737
4.7445588112 0.5086286068 6.2049160004
5.0195665359 0.5741209984 6.6060557365
4.7495350838 0.4318492711 6.2232980728
5.0255274773 0.4632342160 6.6303420067
4.7545118332 0.3544099331 6.2386660576
5.0314879417 0.3513324857 6.6494126320
4.7594885826 0.2764289379 6.2509965897
5.0374488831 0.2386609316 6.6632256508
4.7644653320 0.1980257630 6.2602701187
4.7694420815 0.1193210110 6.2664728165
5.0434093475 0.1254664063 6.6717500687
4.7744188309 0.0404351093 6.2695951462
5.0493702888 0.0119968960 6.6749682426
4.7793955803 -0.0385145098 6.2696328163
5.0553312302 -0.1014990211 6.6728725433
4.7843728065 -0.1174062267 6.2665853500
5.0612916946 -0.2147727013 6.6654672623
4.7893495560 -0.1961185783 6.2604570389
5.0672526360 -0.3275759816 6.6527695656
4.7943267822 -0.2745309174 6.2512578964
4.7993035316 -0.3525233865 6.2390017509
5.0732131004 -0.4396616817 6.6348066330
4.8042807579 -0.4299770594 6.2237071991
5.0791740417 -0.5507842898 6.6116175652
4.8092575073 -0.5067738891 6.2053976059
5.0851349831 -0.6607003212 6.5832538605
4.8142347336 -0.5827969313 6.1841011047
5.0910954475 -0.7691689134 6.5497770309
4.8192114830 -0.6579301357 6.1598501205
5.0970563889 -0.8759524226 6.5112609863
4.8241882324 -0.7320588827 6.1326813698
4.8291649818 -0.8050694466 6.1026368141
5.1030168533 -0.9808167815 6.4677901268
4.8341417313 -0.8768496513 6.0697622299
5.1089777946 -1.0835323334 6.4194588661
4.8391180038 -0.9472886920 6.0341086388
5.1149387360 -1.1838738918 6.3663740158
4.8440947533 -1.0162847042 5.9957275391
5.1208992004 -1.2816214561 6.3086514473
4.8490715027 -1.0837336779 5.9546761513
5.1268601418 -1.3765610456 6.2464175224
4.8540482521 -1.1495294571 5.9110183716
4.8590254784 -1.2135692835 5.8648219109
5.1328206062 -1.4684842825 6.1798090935
4.8640022278 -1.2757540941 5.8161582947
5.1387815475 -1.5571899414 6.1089715958
4.8689785004 -1.3359885216 5.7651023865
5.1447424889 -1.6424834728 6.0340609550
4.8739547729 -1.3941801786 5.7117323875
5.1507029533 -1.7241778374 5.9552402496
4.8789310455 -1.4502403736 5.6561303139
5.1566638947 -1.8020939827 5.8726830482
4.8839073181 -1.5040841103 5.5983810425
4.8888831139 -1.5556294918 5.5385718346
5.1626243591 -1.8760612011 5.7865700722
4.8938593864 -1.6047981977 5.4767937660
5.1685853004 -1.9459172487 5.6970896721
4.8988351822 -1.6515156031 5.4131407738
5.1745462418 -2.0115089417 5.6044387817
4.9038119316 -1.6957105398 5.3477091789
5.1805067062 -2.0726926327 5.5088191032
4.9087882042 -1.7373154163 5.2805991173
5.1864676476 -2.1293339729 5.4104413986
4.9137649536 -1.7762665749 5.2119131088
4.9187421799 -1.8125040531 5.1417560577
5.1924281120 -2.1813089848 5.3095207214
4.9237189293 -1.8459718227 5.0702366829
5.1983890533 -2.2285034657 5.2062783241
4.9286961555 -1.8766181469 4.9974651337
5.2043499947 -2.2708144188 5.1009402275
4.9336733818 -1.9043954611 4.9235563278
5.2103104591 -2.3081488609 4.9937372208
4.9386501312 -1.9292609692 4.8486251831
5.2162714005 -2.3404247761 4.8849048615
4.9436273575 -1.9511802197 4.7727770805
4.9486050606 -1.9701194763 4.6961269379
5.2222318649 -2.3675715923 4.7746810913
4.9535827637 -1.9860490561 4.6187939644
5.2281928062 -2.3895301819 4.6633076668
4.9585609436 -1.9989444017 4.5408978462
5.2341537476 -2.4062519073 4.5510287285
4.9635391235 -2.0087854862 4.4625582695
5.2401142120 -2.4177005291 4.4380898476
4.9685173035 -2.0155575275 4.3838949203
5.2460751534 -2.4238510132 4.3247389793
4.9734954834 -2.0192503929 4.3050284386
4.9784736633 -2.0198583603 4.2260785103
5.2520356178 -2.4246900082 4.2112245560
4.9834523201 -2.0173807144 4.1471648216
5.2579965591 -2.4202156067 4.0977950096
4.9884305000 -2.0118212700 4.0684084892
5.2639575005 -2.4104378223 3.9846990108
4.9934086800 -2.0031881332 3.9899282455
5.2699179649 -2.3953781128 3.8721847534
4.9983868599 -1.9914946556 3.9118444920
5.2758789062 -2.3750698566 3.7604980469
5.0033650398 -1.9767583609 3.8342759609
5.2818393707 -2.3495573997 3.6498844624
5.0083432198 -1.9590017796 3.7573418617
5.0133209229 -1.9382522106 3.6811606884
5.2878003120 -2.3188967705 3.5405857563
5.0182981491 -1.9145419598 3.6058502197
5.2937612534 -2.2831554413 3.4328415394
5.0232753754 -1.8879083395 3.5315279961
5.2997217178 -2.2424116135 3.3268880844
5.0282516479 -1.8583910465 3.4583039284
5.3056826591 -2.1967549324 3.2229573727
5.0332283974 -1.8260332346 3.3862855434
5.3116436005 -2.1462850571 3.1212773323
5.0382046700 -1.7908850908 3.3155853748
5.0431809425 -1.7530008554 3.2463126183
5.3176040649 -2.0911128521 3.0220704079
5.0481567383 -1.7124387026 3.1785740852
5.3235650063 -2.0313591957 2.9255545139
5.0531325340 -1.6692610979 3.1124732494
5.3295254707 -1.9671549797 2.8319406509
5.0581078529 -1.6235339642 3.0481109619
5.3354864120 -1.8986406326 2.7414340973
5.0630831718 -1.5753270388 2.9855852127
5.3414473534 -1.8259662390 2.6542332172
5.0680584908 -1.5247137547 2.9249913692
5.0730338097 -1.4717710018 2.8664212227
5.3474078178 -1.7492908239 2.5705289841
5.0780091286 -1.4165793657 2.8099641800
5.3533687592 -1.6687822342 2.4905049801
5.0829844475 -1.3592230082 2.7557065487
5.3593292236 -1.5846165419 2.4143364429
5.0879607201 -1.2997891903 2.7037310600
5.3652901649 -1.4969778061 2.3421902657
5.0929369926 -1.2383692265 2.6541173458
5.3712511063 -1.4060580730 2.2742247581
5.0979132652 -1.1750576496 2.6069421768
5.1028900146 -1.1099526882 2.5622780323
5.3772115707 -1.3120559454 2.2105886936
5.1078667641 -1.0431556702 2.5201947689
5.3831725121 -1.2151775360 2.1514217854
5.1128435135 -0.9747663736 2.4807543755
5.3891329765 -1.1156346798 2.0968534946
5.1178207397 -0.9048876166 2.4440159798
5.3950939178 -1.0136457682 2.0470035076
5.1227984428 -0.8336263895 2.4100360870
5.4010548592 -0.9094341993 2.0019810200
5.1277756691 -0.7610917687 2.3788669109
5.1327533722 -0.6873944998 2.3505556583
5.4070153236 -0.8032287955 1.9618848562
5.1377305984 -0.6126471162 2.3251459599
5.4129762650 -0.6952630281 1.9268027544
5.1427083015 -0.5369639397 2.3026762009
5.4189367294 -0.5857746005 1.8968114853
5.1476850510 -0.4604609311 2.2831814289
5.4248976707 -0.4750050008 1.8719766140
5.1526618004 -0.3832553625 2.2666907310
5.4308586121 -0.3631948531 1.8523516655
5.1576375961 -0.3054644763 2.2532298565
5.1626133919 -0.2272066027 2.2428185940
5.4368190765 -0.2505865395 1.8379796743
5.1675887108 -0.1486012489 2.2354733944
5.4427800179 -0.1374282837 1.8288927078
5.1722750664 -0.0743508860 2.2313687801
5.4487404823 -0.0239690579 1.8251113892
5.1769609451 -0.0000000000 2.2300000191
5.4547014236 0.0895418525 1.8266441822
5.1819362640 0.0789318755 2.2315428257
5.1869115829 0.1577435881 2.2361686230
5.4606623650 0.2028553486 1.8334879875
5.1918873787 0.2363141179 2.2438704967
5.4666228294 0.3157229722 1.8456277847
5.1968636513 0.3145232201 2.2546365261
5.4725837708 0.4278974235 1.8630368710
5.2018399239 0.3922514319 2.2684502602
5.4785442352 0.5391329527 1.8856770992
5.2068171501 0.4693802893 2.2852907181
5.4845051765 0.6491860747 1.9134987593
5.2117943764 0.5457922220 2.3051321507
5.2167716026 0.6213706732 2.3279442787
5.4904661179 0.7578158379 1.9464405775
5.2217493057 0.6960002184 2.3536920547
5.4964265823 0.8647844791 1.9844304323
5.2267274857 0.7695666552 2.3823363781
5.5023875237 0.9698578119 2.0273849964
5.2317056656 0.8419592381 2.4138343334
5.5083479881 1.0728058815 2.0752096176
5.2366843224 0.9130685925 2.4481382370
5.5143089294 1.1734032631 2.1277999878
5.2416629791 0.9827841520 2.4851953983
5.2466416359 1.0509984493 2.5249485970
5.5202698708 1.2714296579 2.1850402355
5.2516198158 1.1176065207 2.5673367977
5.5262303352 1.3666704893 2.2468054295
5.2565979958 1.1825066805 2.6122949123
5.5321912766 1.4589172602 2.3129596710
5.2615756989 1.2455999851 2.6597545147
5.5381517410 1.5479676723 2.3833582401
5.2665534019 1.3067902327 2.7096431255
5.5441126823 1.6336266994 2.4578468800
5.2715306282 1.3659843206 2.7618846893
5.2765073776 1.4230921268 2.8164000511
5.5500736237 1.7157067060 2.5362625122
5.2814841270 1.4780265093 2.8731057644
5.5560340881 1.7940278053 2.6184329987
5.2864603996 1.5307036638 2.9319157600
5.5619950294 1.8684183359 2.7041785717
5.2914366722 1.5810426474 2.9927394390
5.5679554939 1.9387151003 2.7933113575
5.2964129448 1.6289662123 3.0554838181
5.5739164352 2.0047640800 2.8856358528
5.3013882637 1.6744003296 3.1200516224
5.5798773766 2.0664203167 2.9809501171
5.3063640594 1.7172751427 3.1863429546
5.3113393784 1.7575278282 3.2542610168
5.5858378410 2.1235487461 3.0790452957
5.3163146973 1.7950963974 3.3237013817
5.5917987823 2.1760239601 3.1797060966
5.3212900162 1.8299227953 3.3945572376
5.5977592468 2.2237310410 3.2827124596
5.3262648582 1.8619536161 3.4667191505
5.6037201881 2.2665650845 3.3878386021
5.3312401772 1.8911397457 3.5400769711
5.6096811295 2.3044323921 3.4948542118
5.3362154961 1.9174367189 3.6145188808
5.3411912918 1.9408046007 3.6899309158
5.6156415939 2.3372495174 3.6035244465
5.3461666107 1.9612078667 3.7661986351
5.6216025352 2.3649449348 3.7136116028
5.3511424065 1.9786152840 3.8432056904
5.6275629997 2.3874576092 3.8248744011
5.3561182022 1.9930003881 3.9208350182
5.6335239410 2.4047381878 3.9370689392
5.3610944748 2.0043408871 3.9989676476
5.6394848824 2.4167490005 4.0499491692
5.3660712242 2.0126197338 4.0774841309
5.3710474968 2.0178239346 4.1562638283
5.6454453468 2.4234633446 4.1632685661
5.3760242462 2.0199456215 4.2351841927
5.6514062881 2.4248669147 4.2767777443
5.3810009956 2.0189819336 4.3141260147
5.6573667526 2.4209561348 4.3902282715
5.3859782219 2.0149340630 4.3929719925
5.6633276939 2.4117400646 4.5033717155
5.3909554482 2.0078079700 4.4716010094
5.6692886353 2.3972387314 4.6159601212
5.3959326744 1.9976149797 4.5498909950
5.4009103775 1.9843703508 4.6277222633
5.6752490997 2.3774840832 4.7277469635
5.4058876038 1.9680945873 4.7049765587
5.6812100410 2.3525192738 4.8384866714
5.4108653069 1.9488126040 4.7815351486
5.6871705055 2.3223991394 4.9479365349
5.4158425331 1.9265537262 4.8572812080
5.6931314468 2.2871897221 5.0558576584
5.4208202362 1.9013518095 4.9321002960
5.6990923882 2.2469685078 5.1620125771
5.4257979393 1.8732453585 5.0058784485
5.4307751656 1.8422770500 5.0785017014
5.7050528526 2.2018232346 5.2661690712
5.4357528687 1.8084943295 5.1498603821
5.7110137939 2.1518533230 5.3680982590
5.4407300949 1.7719489336 5.2198438644
5.7169742584 2.0971679688 5.4675779343
5.4457073212 1.7326976061 5.2883443832
5.7229351997 2.0378875732 5.5643887520
5.4506845474 1.6908005476 5.3552570343
5.7288961411 1.9741414785 5.6583199501
5.4556612968 1.6463204622 5.4204821587
5.4606380463 1.5993256569 5.4839196205
5.7348566055 1.9060697556 5.7491645813
5.4656147957 1.5498881340 5.5454716682
5.7408175468 1.8338216543 5.8367238045
5.4705910683 1.4980833530 5.6050448418
5.7467780113 1.7575553656 5.9208059311
5.4755678177 1.4439903498 5.6625480652
5.7527389526 1.6774381399 6.0012269020
5.4805440903 1.3876917362 5.7178936005
5.7586998940 1.5936454535 6.0778102875
5.4855203629 1.3292735815 5.7709970474
5.4904966354 1.2688246965 5.8217773438
5.7646603584 1.5063610077 6.1503882408
5.4954729080 1.2064363956 5.8701577187
5.7706212997 1.4157760143 6.2188014984
5.5004496574 1.1422049999 5.9160633087
5.7765817642 1.3220889568 6.2829008102
5.5054259300 1.0762289762 5.9594240189
5.7825427055 1.2255052328 6.3425450325
5.5104022026 1.0086092949 6.0001735687
5.7885036469 1.1262362003 6.3976039886
5.5153784752 0.9394493699 6.0382490158
5.5203547478 0.8688545227 6.0735931396
5.7944641113 1.0244995356 6.4479565620
5.5253314972 0.7969324589 6.1061515808
5.8004250526 0.9205179811 6.4934930801
5.5303077698 0.7237926722 6.1358747482
5.8063855171 0.8145194650 6.5341134071
5.5352845192 0.6495469809 6.1627178192
5.8123464584 0.7067362070 6.5697283745
5.5402612686 0.5743089318 6.1866388321
5.8183073997 0.5974043012 6.6002602577
5.5452380180 0.4981940091 6.2076010704
5.5502147675 0.4213194847 6.2255735397
5.8242678642 0.4867632091 6.6256422997
5.5551915169 0.3437998295 6.2405281067
5.8302288055 0.3750554025 6.6458187103
5.5601687431 0.2657535374 6.2524423599
5.8361892700 0.2625255585 6.6607446671
5.5651454926 0.1873010248 6.2612977028
5.8421502113 0.1494202614 6.6703886986
5.5701227188 0.1085627601 6.2670807838
5.8481111526 0.0359872691 6.6747288704
5.5750999451 0.0296592303 6.2697820663
5.5800766945 -0.0492891259 6.2693986893
5.8540716171 -0.0775248781 6.6737556458
5.5850534439 -0.1281619966 6.2659301758
5.8600325584 -0.1908674687 6.6674714088
5.5900306702 -0.2068392336 6.2593822479
5.8659930229 -0.3037921786 6.6558899879
5.5950074196 -0.2852009535 6.2497649193
5.8719539642 -0.4160515368 6.6390366554
5.5999841690 -0.3631275892 6.2370929718
5.8779149055 -0.5273995996 6.6169481277
5.6049609184 -0.4404999614 6.2213854790
5.6099376678 -0.5171993375 6.2026662827
5.8838753700 -0.6375923157 6.5896730423
5.6149139404 -0.5931075811 6.1809644699
5.8898363113 -0.7463882565 6.5572710037
5.6198902130 -0.6681089401 6.1563134193
5.8957967758 -0.8535489440 6.5198135376
5.6248669624 -0.7420959473 6.1287479401
5.9017577171 -0.9588395357 6.4773817062
5.6298437119 -0.8149532676 6.0983104706
5.9077186584 -1.0620292425 6.4300694466
5.6348204613 -0.8865670562 6.0650477409
5.6397967339 -0.9568260908 6.0290122032
5.9136791229 -1.1628919840 6.3779797554
5.6447734833 -1.0256221294 5.9902582169
5.9196400642 -1.2612066269 6.3212270737
5.6497497559 -1.0928497314 5.9488463402
5.9256005287 -1.3567576408 6.2599358559
5.6547260284 -1.1584062576 5.9048399925
5.9315614700 -1.4493356943 6.1942400932
5.6597018242 -1.2221918106 5.8583054543
5.9375224113 -1.5387376547 6.1242837906
5.6646776199 -1.2841095924 5.8093147278
5.6696538925 -1.3440654278 5.7579417229
5.9434828758 -1.6247676611 6.0502200127
5.6746296883 -1.4019683599 5.7042641640
5.9494438171 -1.7072372437 5.9722118378
5.6796059608 -1.4577301741 5.6483645439
5.9554047585 -1.7859653234 5.8904290199
5.6845827103 -1.5112657547 5.5903267860
5.9613652229 -1.8607795238 5.8050518036
5.6895589828 -1.5624933243 5.5302400589
5.9673261642 -1.9315159321 5.7162671089
5.6945362091 -1.6113342047 5.4681963921
5.6995129585 -1.6577130556 5.4042911530
5.9732866287 -1.9980193377 5.6242690086
5.7044901848 -1.7015581131 5.3386230469
5.9792475700 -2.0601439476 5.5292592049
5.7094674110 -1.7428013086 5.2712950706
5.9852085114 -2.1177537441 5.4314460754
5.7144441605 -1.7813786268 5.2024126053
5.9911689758 -2.1707224846 5.3310441971
5.7194213867 -1.8172355890 5.1320743561
5.9971299171 -2.2189338207 5.2282729149
5.7243990898 -1.8503177166 5.0603852272
5.7293767929 -1.8805735111 4.9874572754
6.0030903816 -2.2622826099 5.1233582497
5.7343549728 -1.9079561234 4.9134030342
6.0090513229 -2.3006734848 5.0165295601
5.7393326759 -1.9324235916 4.8383359909
6.0150122643 -2.3340227604 4.9080214500
5.7443108559 -1.9539386034 4.7623710632
6.0209727287 -2.3622570038 4.7980713844
5.7492890358 -1.9724683762 4.6856241226
6.0269336700 -2.3853147030 4.6869201660
5.7542672157 -1.9879848957 4.6082124710
5.7592453957 -2.0004644394 4.5302538872
6.0328941345 -2.4031453133 4.5748114586
5.7642240524 -2.0098879337 4.4518661499
6.0388550758 -2.4157099724 4.4619908333
5.7692022324 -2.0162413120 4.3731698990
6.0448160172 -2.4229812622 4.3487062454
5.7741804123 -2.0195145607 4.2942838669
6.0507764816 -2.4249434471 4.2352056503
5.7791581154 -2.0197024345 4.2153291702
6.0567374229 -2.4215919971 4.1217370033
5.7841362953 -2.0168046951 4.1364269257
5.7891139984 -2.0108258724 4.0576992035
6.0626978874 -2.4129345417 4.0085501671
5.7940912247 -2.0017752647 3.9792675972
6.0686588287 -2.3989903927 3.8958921432
5.7990679741 -1.9896672964 3.9012532234
6.0746197701 -2.3797898293 3.7840101719
5.8040447235 -1.9745192528 3.8237679005
6.0805802345 -2.3553752899 3.6731498241
5.8090209961 -1.9563541412 3.7469308376
6.0865411758 -2.3257999420 3.5635533333
5.8139977455 -1.9351998568 3.6708614826
5.8189735413 -1.9110891819 3.5956773758
6.0925016403 -2.2911291122 3.4554615021
5.8239493370 -1.8840590715 3.5214936733
6.0984625816 -2.2514383793 3.3491106033
5.8289251328 -1.8541510105 3.4484241009
6.1044235229 -2.2068147659 3.2447340488
5.8339004517 -1.8214108944 3.3765799999
6.1103839874 -2.1573560238 3.1425602436
5.8388757706 -1.7858885527 3.3060708046
6.1163449287 -2.1031701565 3.0428133011
5.8438510895 -1.7476379871 3.2370038033
6.1223053932 -2.0443758965 2.9457116127
5.8488264084 -1.7067174911 3.1694836617
5.8538017273 -1.6631891727 3.1036136150
6.1282663345 -1.9811017513 2.8514678478
5.8587775230 -1.6171193123 3.0394937992
6.1342272758 -1.9134862423 2.7602884769
5.8637537956 -1.5685783625 2.9772226810
6.1401877403 -1.8416771889 2.6723735332
5.8687300682 -1.5176404715 2.9168956280
6.1461486816 -1.7658317089 2.5879154205
5.8737063408 -1.4643843174 2.8586056232
6.1521091461 -1.6861156225 2.5070991516
5.8786830902 -1.4088925123 2.8024427891
5.8836598396 -1.3512519598 2.7484948635
6.1580700874 -1.6027033329 2.4301018715
5.8886370659 -1.2915483713 2.6968410015
6.1640310287 -1.5157777071 2.3570923805
5.8936142921 -1.2298712730 2.6475591660
6.1699914932 -1.4255290031 2.2882306576
5.8985915184 -1.1663155556 2.6007249355
6.1759524345 -1.3321551085 2.2236676216
5.9035692215 -1.1009782553 2.5564100742
6.1819128990 -1.2358610630 2.1635448933
5.9085464478 -1.0339591503 2.5146820545
5.9135241508 -0.9653606415 2.4756045341
6.1878738403 -1.1368587017 2.1079943180
5.9185013771 -0.8952873945 2.4392375946
6.1938347816 -1.0353658199 2.0571374893
5.9234781265 -0.8238466382 2.4056365490
6.1997952461 -0.9316065907 2.0110864639
5.9284548759 -0.7511479259 2.3748528957
6.2057561874 -0.8258065581 1.9699405432
5.9334311485 -0.6773015261 2.3469333649
6.2117166519 -0.7181948423 1.9337893724
5.9384064674 -0.6024194956 2.3219203949
5.9433817863 -0.5266168714 2.2998526096
6.2176775932 -0.6090086102 1.9027131796
5.9483571053 -0.4500099719 2.2807638645
6.2236385345 -0.4984879494 1.8767809868
5.9533324242 -0.3727157712 2.2646832466
6.2295989990 -0.3868756890 1.8560497761
5.9583077431 -0.2948523760 2.2516350746
6.2355599403 -0.2744167149 1.8405652046
5.9632835388 -0.2165386528 2.2416398525
6.2415204048 -0.1613575965 1.8303614855
5.9682593346 -0.1378941983 2.2347121239
5.9726085663 -0.0689870790 2.2311782837
6.2474813461 -0.0479460917 1.8254607916
5.9769577980 -0.0000000000 2.2300000191
6.2534422874 0.0655693784 1.8258738518
5.9819350243 0.0789354444 2.2315428257
6.2594027519 0.1789402366 1.8315994740
5.9869127274 0.1577539742 2.2361693382
6.2653636932 0.2919182777 1.8426249027
5.9918909073 0.2363329530 2.2438726425
5.9968690872 0.3145509064 2.2546410561
6.2713241577 0.4042561054 1.8589260578
6.0018477440 0.3922875822 2.2684576511
6.2772850990 0.5157078505 1.8804668188
6.0068264008 0.4694239497 2.2853012085
6.2832460403 0.6260294318 1.9071998596
6.0118050575 0.5458423495 2.3051462173
6.2892065048 0.7349793315 1.9390664101
6.0167837143 0.6214262843 2.3279621601
6.2951674461 0.8423189521 1.9759967327
6.0217623711 0.6960608959 2.3537144661
6.0267405510 0.7696324587 2.3823635578
6.3011279106 0.9478132725 2.0179097652
6.0317187309 0.8420290947 2.4138662815
6.3070888519 1.0512311459 2.0647132397
6.0366969109 0.9131402969 2.4481747150
6.3130497932 1.1523460150 2.1163051128
6.0416746140 0.9828573465 2.4852361679
6.3190102577 1.2509365082 2.1725721359
6.0466523170 1.0510731936 2.5249941349
6.3249711990 1.3467863798 2.2333908081
6.0516295433 1.1176826954 2.5673873425
6.0566062927 1.1825826168 2.6123497486
6.3309316635 1.4396857023 2.2986280918
6.0615830421 1.2456734180 2.6598119736
6.3368926048 1.5294307470 2.3681411743
6.0665593147 1.3068649769 2.7097065449
6.3428535461 1.6158249378 2.4417777061
6.0715355873 1.3660626411 2.7619566917
6.3488140106 1.6986787319 2.5193762779
6.0765118599 1.4231740236 2.8164813519
6.3547749519 1.7778106928 2.6007668972
6.0814876556 1.4781107903 2.8731961250
6.0864634514 1.5307883024 2.9320139885
6.3607354164 1.8530471325 2.6857714653
6.0914392471 1.5811260939 2.9928443432
6.3666963577 1.9242230654 2.7742037773
6.0964150429 1.6290473938 3.0555944443
6.3726572990 1.9911826849 2.8658699989
6.1013903618 1.6744793653 3.1201686859
6.3786177635 2.0537788868 2.9605691433
6.1063661575 1.7173529863 3.1864688396
6.3845787048 2.1118745804 3.0580942631
6.1113414764 1.7576030493 3.2543938160
6.1163172722 1.7951682806 3.3238408566
6.3905391693 2.1653423309 3.1582312584
6.1212935448 1.8299913406 3.3947038651
6.3965001106 2.2140648365 3.2607610226
6.1262698174 1.8620189428 3.4668745995
6.4024610519 2.2579352856 3.3654587269
6.1312460899 1.8912019730 3.5402431488
6.4084215164 2.2968578339 3.4720947742
6.1362228394 1.9174954891 3.6146962643
6.4143824577 2.3307466507 3.5804359913
6.1411995888 1.9408588409 3.6901187897
6.1461768150 1.9612559080 3.7663936615
6.4203429222 2.3595275879 3.6902444363
6.1511535645 1.9786556959 3.8434021473
6.4263038635 2.3831379414 3.8012800217
6.1561303139 1.9930331707 3.9210336208
6.4322648048 2.4015257359 3.9132988453
6.1611075401 2.0043661594 3.9991691113
6.4382252693 2.4146504402 4.0260558128
6.1660852432 2.0126371384 4.0776882172
6.4441862106 2.4224836826 4.1393036842
6.1710624695 2.0178334713 4.1564702988
6.1760401726 2.0199472904 4.2353940010
6.4501466751 2.4250082970 4.2527942657
6.1810178757 2.0189750195 4.3143401146
6.4561076164 2.4222185612 4.3662791252
6.1859955788 2.0149188042 4.3931875229
6.4620685577 2.4141209126 4.4795088768
6.1909732819 2.0077843666 4.4718160629
6.4680290222 2.4007329941 4.5922355652
6.1959505081 1.9975826740 4.5501060486
6.4739899635 2.3820841312 4.7042126656
6.2009282112 1.9843292236 4.6279387474
6.2059059143 1.9680442810 4.7051944733
6.4799504280 2.3582155704 4.8151941299
6.2108836174 1.9487526417 4.7817549706
6.4859113693 2.3291792870 4.9249372482
6.2158613205 1.9264839888 4.8575024605
6.4918723106 2.2950394154 5.0332012177
6.2208385468 1.9012731314 4.9323201180
6.4978327751 2.2558703423 5.1397490501
6.2258157730 1.8731569052 5.0060973167
6.5037937164 2.2117581367 5.2443466187
6.2307934761 1.8421763182 5.0787258148
6.2357711792 1.8083794117 5.1500911713
6.5097541809 2.1627995968 5.3467650414
6.2407488823 1.7718185186 5.2200818062
6.5157151222 2.1091020107 5.4467802048
6.2457265854 1.7325503826 5.2885899544
6.5216760635 2.0507831573 5.5441722870
6.2507042885 1.6906353235 5.3555097580
6.5276365280 1.9879705906 5.6387286186
6.2556815147 1.6461379528 5.4207391739
6.5335974693 1.9208021164 5.7302417755
6.2606587410 1.5991263390 5.4841775894
6.2656354904 1.5496721268 5.5457301140
6.5395579338 1.8494249582 5.8185105324
6.2706122398 1.4978506565 5.6053018570
6.5455188751 1.7739955187 5.9033422470
6.2755894661 1.4437406063 5.6628031731
6.5514798164 1.6946789026 5.9845509529
6.2805662155 1.3874242306 5.7181463242
6.5574402809 1.6116491556 6.0619587898
6.2855434418 1.3289870024 5.7712473869
6.5634012222 1.5250880718 6.1353955269
6.2905201912 1.2685178518 5.8220248222
6.2954978943 1.2061090469 5.8704013824
6.5693616867 1.4351851940 6.2047009468
6.3004751205 1.1418563128 5.9163026810
6.5753226280 1.3421375751 6.2697229385
6.3054528236 1.0758584738 5.9596571922
6.5812835693 1.2461490631 6.3303194046
6.3104300499 1.0082180500 6.0003991127
6.5872440338 1.1474300623 6.3863568306
6.3154072762 0.9390409589 6.0384635925
6.5932049751 1.0461965799 6.4377131462
6.3203845024 0.8684356809 6.0737924576
6.3253612518 0.7965040207 6.1063356400
6.5991659164 0.9426705837 6.4842753410
6.3303384781 0.7233542204 6.1360430717
6.6051263809 0.8370788097 6.5259418488
6.3353152275 0.6490990520 6.1628694534
6.6110873222 0.7296526432 6.5626211166
6.3402924538 0.5738526583 6.1867737770
6.6170477867 0.6206274033 6.5942330360
6.3452696800 0.4977300763 6.2077193260
6.6230087280 0.5102419853 6.6207084656
6.3502469063 0.4208476543 6.2256736755
6.3552236557 0.3433224857 6.2406105995
6.6289696693 0.3987381458 6.6419887543
6.3602008820 0.2652727067 6.2525062561
6.6349301338 0.2863602638 6.6580276489
6.3651781082 0.1868172139 6.2613425255
6.6408910751 0.1733545661 6.6687898636
6.3701548576 0.1080757529 6.2671065331
6.6468515396 0.0599686615 6.6742520332
6.3751320839 0.0291687157 6.2697892189
6.6528124809 -0.0535490103 6.6744022369
6.3801088333 -0.0497828051 6.2693862915
6.3850855827 -0.1286571175 6.2658987045
6.6587734222 -0.1669496894 6.6692399979
6.3900618553 -0.2073335052 6.2593312263
6.6647338867 -0.2799848616 6.6587767601
6.3950386047 -0.2856994569 6.2496938705
6.6706948280 -0.3924068213 6.6430349350
6.4000158310 -0.3636335433 6.2370004654
6.6766552925 -0.5039691925 6.6220493317
6.4049925804 -0.4410139322 6.2212705612
6.6826162338 -0.6144274473 6.5958662033
6.4099693298 -0.5177205205 6.2025279999
6.4149460793 -0.5936350226 6.1808023453
6.6885771751 -0.7235394716 6.5645422935
6.4199223518 -0.6686409712 6.1561269760
6.6945376396 -0.8310661912 6.5281467438
6.4248986244 -0.7426237464 6.1285395622
6.7004985809 -0.9367719293 6.4867591858
6.4298748970 -0.8154706359 6.0980820656
6.7064590454 -1.0404249430 6.4404702187
6.4348511696 -0.8870708942 6.0648016930
6.7124199867 -1.1417979002 6.3893809319
6.4398269653 -0.9573157430 6.0287485123
6.4448032379 -1.0260984898 5.9899773598
6.7183809280 -1.2406688929 6.3336033821
6.4497795105 -1.0933144093 5.9485473633
6.7243413925 -1.3368209600 6.2732601166
6.4547557831 -1.1588611603 5.9045214653
6.7303023338 -1.4300433397 6.2084832191
6.4597325325 -1.2226384878 5.8579659462
6.7362627983 -1.5201319456 6.1394143105
6.4647092819 -1.2845485210 5.8089532852
6.7422237396 -1.6068890095 6.0662050247
6.4696865082 -1.3444958925 5.7575578690
6.7481846809 -1.6901245117 5.9890155792
6.4746637344 -1.4023877382 5.7038598061
6.4796404839 -1.4581341743 5.6479430199
6.7541451454 -1.7696560621 5.9080152512
6.4846172333 -1.5116482973 5.5898952484
6.7601060867 -1.8453093767 5.8233814240
6.4895944595 -1.5628548861 5.5297985077
6.7660665512 -1.9169185162 5.7353000641
6.4945721626 -1.6116765738 5.4677433968
6.7720274925 -1.9843267202 5.6439633369
6.4995503426 -1.6580370665 5.4038252831
6.7779884338 -2.0473861694 5.5495719910
6.5045285225 -1.7018641233 5.3381447792
6.5095067024 -1.7430902719 5.2708020210
6.7839488983 -2.1059589386 5.4523329735
6.5144848824 -1.7816524506 5.2019004822
6.7899098396 -2.1599164009 5.3524589539
6.5194635391 -1.8174918890 5.1315460205
6.7958703041 -2.2091405392 5.2501692772
6.5244417191 -1.8505541086 5.0598454475
6.8018312454 -2.2535238266 5.1456875801
6.5294203758 -1.8807886839 4.9869084358
6.8077921867 -2.2929687500 5.0392432213
6.5343990326 -1.9081499577 4.9128451347
6.5393772125 -1.9325962067 4.8377685547
6.8137526512 -2.3273890018 4.9310698509
6.5443558693 -1.9540901184 4.7617931366
6.8197135925 -2.3567094803 4.8214039803
6.5493345261 -1.9725986719 4.6850337982
6.8256740570 -2.3808658123 4.7104859352
6.5543127060 -1.9880934954 4.6076087952
6.8316349983 -2.3998053074 4.5985593796
6.5592908859 -2.0005507469 4.5296368599
6.8375959396 -2.4134864807 4.4858689308
6.5642690659 -2.0099511147 4.4512376785
6.5692467690 -2.0162801743 4.3725333214
6.8435564041 -2.4218795300 4.3726620674
6.5742235184 -2.0195283890 4.2936468124
6.8495173454 -2.4249663353 4.2591867447
6.5792002678 -2.0196914673 4.2146959305
6.8554778099 -2.4227397442 4.1456913948
6.5841770172 -2.0167689323 4.1357946396
6.8614387512 -2.4152050018 4.0324249268
6.5891532898 -2.0107650757 4.0570664406
6.8673996925 -2.4023785591 3.9196357727
6.5941295624 -2.0016891956 3.9786326885
6.5991058350 -1.9895551205 3.9006142616
6.8733601570 -2.3842885494 3.8075704575
6.6040811539 -1.9743815660 3.8231308460
6.8793210983 -2.3609745502 3.6964750290
6.6090569496 -1.9561918974 3.7463004589
6.8852815628 -2.3324873447 3.5865926743
6.6140322685 -1.9350138903 3.6702401638
6.8912425041 -2.2988896370 3.4781641960
6.6190075874 -1.9108797312 3.5950658321
6.8972034454 -2.2602543831 3.3714268208
6.6239829063 -1.8838262558 3.5208919048
6.6289587021 -1.8538945913 3.4478309155
6.9031639099 -2.2166664600 3.2666146755
6.6339344978 -1.8211301565 3.3759946823
6.9091248512 -2.1682207584 3.1639573574
6.6389102936 -1.7855829000 3.3054928780
6.9150853157 -2.1150233746 3.0636796951
6.6438865662 -1.7473074198 3.2364337444
6.9210462570 -2.0571906567 2.9660010338
6.6488633156 -1.7063626051 3.1689233780
6.9270071983 -1.9948490858 2.8711357117
6.6538400650 -1.6628118753 3.1030664444
6.6588172913 -1.6167234182 3.0389652252
6.9329676628 -1.9281347990 2.7792916298
6.6637940407 -1.5681658983 2.9767146111
6.9389286041 -1.8571939468 2.6906695366
6.6687717438 -1.5172126293 2.9164087772
6.9448890686 -1.7821820974 2.6054639816
6.6737489700 -1.4639416933 2.8581399918
6.9508500099 -1.7032635212 2.5238616467
6.6787266731 -1.4084345102 2.8019971848
6.9568109512 -1.6206116676 2.4460418224
6.6837043762 -1.3507755995 2.7480661869
6.6886820793 -1.2910532951 2.6964294910
6.9627714157 -1.5344083309 2.3721747398
6.6936593056 -1.2293586731 2.6471660137
6.9687323570 -1.4448432922 2.3024230003
6.6986365318 -1.1657863855 2.6003508568
6.9746928215 -1.3521144390 2.2369396687
6.7036132812 -1.1004333496 2.5560560226
6.9806537628 -1.2564234734 2.1758670807
6.7085890770 -1.0333992243 2.5143485069
6.9866147041 -1.1579777002 2.1193373203
6.7135648727 -0.9647862911 2.4752922058
6.7185401917 -0.8946993351 2.4389469624
6.9925751686 -1.0569937229 2.0674760342
6.7235159874 -0.8232444525 2.4053676128
6.9985361099 -0.9536936283 2.0203974247
6.7284913063 -0.7505311966 2.3746058941
7.0044965744 -0.8483042717 1.9782054424
6.7334671021 -0.6766713858 2.3467092514
7.0104575157 -0.7410568595 1.9409925938
6.7384428978 -0.6017784476 2.3217203617
7.0164184570 -0.6321865916 1.9088406563
6.7434186935 -0.5259667635 2.2996771336
6.7483954430 -0.4493520558 2.2806136608
7.0223789215 -0.5219320059 1.8818200827
6.7533721924 -0.3720510900 2.2645585537
7.0283398628 -0.4105346203 1.8599898815
6.7583494186 -0.2941817045 2.2515363693
7.0343003273 -0.2982383966 1.8433976173
6.7633271217 -0.2158626467 2.2415668964
7.0402612686 -0.1852893084 1.8320796490
6.7683053017 -0.1372136474 2.2346656322
7.0462222099 -0.0719346181 1.8260602951
6.7726340294 -0.0686460808 2.2311668396
6.7769632339 -0.0000000000 2.2300000191
7.0521826744 0.0415774509 1.8253527880
6.7819414139 0.0789352432 2.2315428257
7.0581436157 0.1549983323 1.8299584389
6.7869200706 0.1577531099 2.2361693382
7.0641040802 0.2680796683 1.8398667574
6.7918992043 0.2363312244 2.2438724041
7.0700650215 0.3805737793 1.8550561666
6.7968778610 0.3145482838 2.2546405792
6.8018560410 0.3922841549 2.2684569359
7.0760259628 0.4922342896 1.8754931688
6.8068342209 0.4694199562 2.2853002548
7.0819864273 0.6028165817 1.9011328220
6.8118124008 0.5458379388 2.3051450253
7.0879473686 0.7120784521 1.9319189787
6.8167901039 0.6214217544 2.3279607296
7.0939078331 0.8197804689 1.9677842855
6.8217673302 0.6960563064 2.3537125587
7.0998687744 0.9256866574 2.0086498260
6.8267445564 0.7696279883 2.3823616505
6.8317213058 0.8420246840 2.4138643742
7.1058297157 1.0295648575 2.0544264317
6.8366980553 0.9131357670 2.4481723309
7.1117901802 1.1311875582 2.1050138474
6.8416743279 0.9828523397 2.4852333069
7.1177511215 1.2303318977 2.1603009701
6.8466501236 1.0510672331 2.5249905586
7.1237115860 1.3267805576 2.2201671600
6.8516259193 1.1176749468 2.5673820972
7.1296725273 1.4203221798 2.2844810486
6.8566017151 1.1825727224 2.6123425961
6.8615770340 1.2456653118 2.6598057747
7.1356334686 1.5107517242 2.3531017303
6.8665523529 1.3068563938 2.7096991539
7.1415939331 1.5978709459 2.4258790016
6.8715281487 1.3660511971 2.7619462013
7.1475548744 1.6814887524 2.5026533604
6.8765034676 1.4231586456 2.8164660931
7.1535153389 1.7614219189 2.5832569599
6.8814787865 1.4780914783 2.8731756210
7.1594762802 1.8374952078 2.6675131321
6.8864541054 1.5307657719 2.9319877625
6.8914299011 1.5811012983 2.9928133488
7.1654372215 1.9095418453 2.7552371025
6.8964056969 1.6290215254 3.0555591583
7.1713976860 1.9774038792 2.8462369442
6.9013814926 1.6744532585 3.1201300621
7.1773586273 2.0409326553 2.9403131008
6.9063577652 1.7173273563 3.1864273548
7.1833190918 2.0999886990 3.0372595787
6.9113340378 1.7575783730 3.2543501854
7.1892800331 2.1544427872 3.1368637085
6.9163103104 1.7951444387 3.3237946033
6.9212870598 1.8299679756 3.3946537971
7.1952409744 2.2041754723 3.2389075756
6.9262642860 1.8619952202 3.4668180943
7.2012014389 2.2490777969 3.3431673050
6.9312410355 1.8911770582 3.5401763916
7.2071623802 2.2890512943 3.4494144917
6.9362182617 1.9174704552 3.6146206856
7.2131233215 2.3240084648 3.5574162006
6.9411954880 1.9408351183 3.6900365353
7.2190837860 2.3538727760 3.6669359207
6.9461731911 1.9612348080 3.7663080692
6.9511504173 1.9786382914 3.8433179855
7.2250447273 2.3785789013 3.7777335644
6.9561281204 1.9930191040 3.9209485054
7.2310051918 2.3980722427 3.8895661831
6.9611058235 2.0043551922 3.9990813732
7.2369661331 2.4123108387 4.0021886826
6.9660835266 2.0126295090 4.0775976181
7.2429270744 2.4212629795 4.1153545380
6.9710607529 2.0178291798 4.1563773155
7.2488875389 2.4249093533 4.2288150787
6.9760384560 2.0199465752 4.2353005409
6.9810161591 2.0189781189 4.3142466545
7.2548484802 2.4232420921 4.3423223495
6.9859938622 2.0149252415 4.3930950165
7.2608089447 2.4162645340 4.4556269646
6.9909710884 2.0077943802 4.4717249870
7.2667698860 2.4039924145 4.5684809685
6.9959483147 1.9975963831 4.5500144958
7.2727308273 2.3864526749 4.6806364059
7.0009255409 1.9843472242 4.6278438568
7.2786912918 2.3636834621 4.7918486595
7.0059027672 1.9680668116 4.7050967216
7.0108795166 1.9487800598 4.7816543579
7.2846522331 2.3357348442 4.9018731117
7.0158562660 1.9265164137 4.8573999405
7.2906126976 2.3026683331 5.0104689598
7.0208330154 1.9013100863 4.9322171211
7.2965736389 2.2645561695 5.1173977852
7.0258097649 1.8731994629 5.0059919357
7.3025345802 2.2214818001 5.2224259377
7.0307860374 1.8422274590 5.0786123276
7.3084950447 2.1735401154 5.3253231049
7.0357623100 1.8084414005 5.1499662399
7.0407390594 1.7718927860 5.2199463844
7.3144559860 2.1208355427 5.4258632660
7.0457153320 1.7326366901 5.2884459496
7.3204164505 2.0634839535 5.5238270760
7.0506920815 1.6907337904 5.3553595543
7.3263773918 2.0016109943 5.6189990044
7.0556683540 1.6462482214 5.4205842018
7.3323383331 1.9353520870 5.7111706734
7.0606446266 1.5992480516 5.4840202332
7.3382987976 1.8648524284 5.8001403809
7.0656213760 1.5498051643 5.5455708504
7.0705976486 1.4979948997 5.6051425934
7.3442597389 1.7902666330 5.8857131004
7.0755743980 1.4438962936 5.6626443863
7.3502202034 1.7117578983 5.9677019119
7.0805511475 1.3875917196 5.7179880142
7.3561811447 1.6294983625 6.0459260941
7.0855274200 1.3291672468 5.7710900307
7.3621420860 1.5436682701 6.1202149391
7.0905046463 1.2687124014 5.8218679428
7.3681025505 1.4544554949 6.1904058456
7.0954813957 1.2063200474 5.8702445030
7.1004581451 1.1420860291 5.9161453247
7.3740634918 1.3620555401 6.2563447952
7.1054348946 1.0761060715 5.9595017433
7.3800239563 1.2666708231 6.3178873062
7.1104121208 1.0084819794 6.0002470016
7.3859848976 1.1685104370 6.3748984337
7.1153888702 0.9393172860 6.0383186340
7.3919458389 1.0677891970 6.4272537231
7.1203660965 0.8687181473 6.0736579895
7.3979063034 0.9647280574 6.4748382568
7.1253433228 0.7967922688 6.1062116623
7.1303200722 0.7236493826 6.1359300613
7.4038672447 0.8595526218 6.5175471306
7.1352968216 0.6494009495 6.1627674103
7.4098277092 0.7524933815 6.5552878380
7.1402740479 0.5741600990 6.1866827011
7.4157886505 0.6437849402 6.5879769325
7.1452507973 0.4980417192 6.2076401711
7.4217495918 0.5336654782 6.6155433655
7.1502275467 0.4211622775 6.2256069183
7.4277100563 0.4223762453 6.6379261017
7.1552042961 0.3436397314 6.2405557632
7.4336709976 0.3101611733 6.6550769806
7.1601810455 0.2655935287 6.2524633408
7.1651577950 0.1871361136 6.2613129616
7.4396314621 0.1972661316 6.6669573784
7.1701350212 0.1083863601 6.2670898438
7.4455924034 0.0839385465 6.6735415459
7.1751122475 0.0294678640 6.2697849274
7.4515533447 -0.0295732412 6.6748151779
7.1800889969 -0.0494964570 6.2693934441
7.4575138092 -0.1430204511 6.6707754135
7.1850662231 -0.1283844411 6.2659158707
7.4634747505 -0.2561544478 6.6614313126
7.1900429726 -0.2070747167 6.2593579292
7.1950192451 -0.2854467928 6.2497301102
7.4694352150 -0.3687272966 6.6468029022
7.1999955177 -0.3633810878 6.2370467186
7.4753961563 -0.4804922342 6.6269226074
7.2049717903 -0.4407589734 6.2213273048
7.4813570976 -0.5912042856 6.6018333435
7.2099480629 -0.5174629092 6.2025961876
7.4873175621 -0.7006208301 6.5715904236
7.2149243355 -0.5933763385 6.1808819771
7.4932785034 -0.8085020185 6.5362606049
7.2199006081 -0.6683840156 6.1562170982
7.2248768806 -0.7423717380 6.1286387444
7.4992389679 -0.9146113992 6.4959201813
7.2298531532 -0.8152267337 6.0981898308
7.5051999092 -1.0187164545 6.4506583214
7.2348299026 -0.8868376017 6.0649156570
7.5111608505 -1.1205888987 6.4005737305
7.2398071289 -0.9570942521 6.0288677216
7.5171213150 -1.2200053930 6.3457765579
7.2447843552 -1.0258884430 5.9901013374
7.5230822563 -1.3167482615 6.2863864899
7.2497615814 -1.0931133032 5.9486770630
7.2547383308 -1.1586642265 5.9046592712
7.5290427208 -1.4106054306 6.2225337029
7.2597150803 -1.2224388123 5.8581180573
7.5350036621 -1.5013710260 6.1543583870
7.2646923065 -1.2843480110 5.8091182709
7.5409646034 -1.5888463259 6.0820097923
7.2696700096 -1.3442980051 5.7577342987
7.5469250679 -1.6728395224 6.0056462288
7.2746481895 -1.4021953344 5.7040452957
7.5528860092 -1.7531666756 5.9254355431
7.2796258926 -1.4579501152 5.6481351852
7.2846045494 -1.5114766359 5.5900888443
7.5588464737 -1.8296517134 5.8415532112
7.2895827293 -1.5626929998 5.5299963951
7.5648074150 -1.9021271467 5.7541832924
7.2945609093 -1.6115210056 5.4679489136
7.5707683563 -1.9704341888 5.6635169983
7.2995395660 -1.6578865051 5.4040417671
7.5767288208 -2.0344233513 5.5697531700
7.3045177460 -1.7017190456 5.3383712769
7.5826897621 -2.0939540863 5.4730973244
7.3094964027 -1.7429518700 5.2710380554
7.3144745827 -1.7815221548 5.2021441460
7.5886502266 -2.1488964558 5.3737611771
7.3194532394 -1.8173712492 5.1317944527
7.5946111679 -2.1991300583 5.2719631195
7.3244314194 -1.8504441977 5.0600967407
7.6005721092 -2.2445449829 5.1679258347
7.3294100761 -1.8806902170 4.9871597290
7.6065325737 -2.2850415707 5.0618767738
7.3343882561 -1.9080626965 4.9130964279
7.6124935150 -2.3205313683 4.9540495872
7.3393659592 -1.9325195551 4.8380208015
7.3443436623 -1.9540227652 4.7620501518
7.6184539795 -2.3509366512 4.8446798325
7.3493204117 -1.9725396633 4.6853013039
7.6244149208 -2.3761909008 4.7340068817
7.3542971611 -1.9880440235 4.6078839302
7.6303758621 -2.3962388039 4.6222743988
7.3592739105 -2.0005116463 4.5299167633
7.6363363266 -2.4110364914 4.5097260475
7.3642506599 -2.0099227428 4.4515213966
7.6422972679 -2.4205515385 4.3966093063
7.3692269325 -2.0162627697 4.3728184700
7.3742027283 -2.0195221901 4.2939286232
7.6482577324 -2.4247629642 4.2831716537
7.3791785240 -2.0196962357 4.2149729729
7.6542186737 -2.4236617088 4.1696615219
7.3841538429 -2.0167846680 4.1360721588
7.6601796150 -2.4172501564 4.0563278198
7.3891296387 -2.0107920170 4.0573453903
7.6661400795 -2.4055418968 3.9434185028
7.3941049576 -2.0017273426 3.9789135456
7.6721010208 -2.3885626793 3.8311812878
7.3990802765 -1.9896044731 3.9008953571
7.4040560722 -1.9744418859 3.8234095573
7.6780614853 -2.3663494587 3.7198615074
7.4090318680 -1.9562624693 3.7465744019
7.6840224266 -2.3389506340 3.6097035408
7.4140081406 -1.9350938797 3.6705074310
7.6899833679 -2.3064260483 3.5009479523
7.4189844131 -1.9109685421 3.5953249931
7.6959438324 -2.2688467503 3.3938336372
7.4239611626 -1.8839236498 3.5211434364
7.7019047737 -2.2262947559 3.2885944843
7.4289379120 -1.8540012836 3.4480776787
7.4339151382 -1.8212484121 3.3762414455
7.7078652382 -2.1788632870 3.1854615211
7.4388923645 -1.7857141495 3.3057410717
7.7138261795 -2.1266558170 3.0846605301
7.4438695908 -1.7474519014 3.2366826534
7.7197871208 -2.0697870255 2.9864125252
7.4488472939 -1.7065201998 3.1691720486
7.7257475853 -2.0083813667 2.8909325600
7.4538249969 -1.6629816294 3.1033124924
7.7317085266 -1.9425740242 2.7984304428
7.4588022232 -1.6169027090 3.0392045975
7.4637799263 -1.5683537722 2.9769458771
7.7376689911 -1.8725094795 2.7091090679
7.4687571526 -1.5174089670 2.9166321754
7.7436299324 -1.7983422279 2.6231646538
7.4728617668 -1.4736477137 2.8684203625
7.7468147278 -1.7570873499 2.5786921978
7.4769663811 -1.4283556938 2.8216443062
7.7500000000 -1.7147339582 2.5352661610
4.9230337143 -0.0000000000 2.2300000191
4.9280104637 0.0789345354 2.2315428257
4.9329876900 0.1577504724 2.2361690998
4.9379653931 0.2363259494 2.2438719273
4.9429430962 0.3145401478 2.2546391487
4.9479207993 0.3922732472 2.2684547901
4.9528985023 0.4694065452 2.2852971554
4.9578762054 0.5458223820 2.3051407337
4.9628534317 0.6214044690 2.3279552460
4.9678306580 0.6960375905 2.3537058830
4.9728074074 0.7696077824 2.3823533058
4.9777836800 0.8420027494 2.4138541222
4.9827599525 0.9131112695 2.4481599331
4.9877357483 0.9828239679 2.4852175713
4.9927115440 1.0510340929 2.5249702930
4.9976868629 1.1176409721 2.5673596859
5.0026621819 1.1825417280 2.6123201847
5.0076375008 1.2456359863 2.6597828865
5.0126128197 1.3068270683 2.7096743584
5.0175881386 1.3660211563 2.7619185448
5.0225634575 1.4231280088 2.8164358139
5.0275392532 1.4780607224 2.8731424809
5.0325150490 1.5307356119 2.9319527149
5.0374908447 1.5810723305 2.9927766323
5.0424671173 1.6289941072 3.0555219650
5.0474433899 1.6744278669 3.1200923920
5.0524206161 1.7173036337 3.1863892078
5.0573973656 1.7575556040 3.2543101311
5.0623745918 1.7951216698 3.3237504959
5.0673522949 1.8299458027 3.3946063519
5.0723304749 1.8619763851 3.4667732716
5.0773086548 1.8911629915 3.5401391983
5.0822873116 1.9174603224 3.6145899296
5.0872654915 1.9408277273 3.6900110245
5.0922441483 1.9612294436 3.7662863731
5.0972228050 1.9786345959 3.8432996273
5.1022009850 1.9930166006 3.9209330082
5.1071791649 2.0043537617 3.9990687370
5.1121573448 2.0126285553 4.0775880814
5.1171355247 2.0178289413 4.1563711166
5.1221137047 2.0199465752 4.2352981567
5.1270914078 2.0189778805 4.3142490387
5.1320691109 2.0149247646 4.3931031227
5.1370468140 2.0077927113 4.4717388153
5.1420240402 1.9975932837 4.5500349998
5.1470012665 1.9843420982 4.6278705597
5.1519775391 1.9680606127 4.7051239014
5.1569538116 1.9487730265 4.7816801071
5.1619300842 1.9265084267 4.8574247360
5.1669058800 1.9013011456 4.9322414398
5.1718816757 1.8731896877 5.0060162544
5.1768574715 1.8422168493 5.0786356926
5.1818327904 1.8084300756 5.1499896049
5.1868085861 1.7718806267 5.2199687958
5.1917843819 1.7326244116 5.2884664536
5.1967597008 1.6907216311 5.3553776741
5.2017354965 1.6462363005 5.4206008911
5.2067112923 1.5992366076 5.4840350151
5.2116870880 1.5497934818 5.5455846786
5.2166628838 1.4979828596 5.6051559448
5.2216386795 1.4438840151 5.6626567841
5.2266149521 1.3875799179 5.7179994583
5.2315912247 1.3291562796 5.7710995674
5.2365674973 1.2687023878 5.8218760490
5.2415437698 1.2063103914 5.8702516556
5.2465205193 1.1420755386 5.9161524773
5.2514972687 1.0760961771 5.9595079422
5.2564740181 1.0084735155 6.0002517700
5.2614507675 0.9393107295 6.0383219719
5.2664275169 0.8687121868 6.0736608505
5.2714047432 0.7967865467 6.1062140465
5.2763814926 0.7236439586 6.1359319687
5.2813587189 0.6493964195 6.1627688408
5.2863354683 0.5741570592 6.1866836548
5.2913122177 0.4980407357 6.2076401711
5.2962894440 0.4211634398 6.2256064415
5.3012661934 0.3436424732 6.2405552864
5.3062429428 0.2655963600 6.2524633408
5.3112196922 0.1871448606 6.2613120079
5.3161964417 0.1084086150 6.2670888901
5.3211731911 0.0295030270 6.2697844505
5.3261499405 -0.0494518951 6.2693943977
5.3311271667 -0.1283330321 6.2659192085
5.3361039162 -0.2070182115 6.2593641281
5.3410806656 -0.2853863239 6.2497386932
5.3460578918 -0.3633172214 6.2370581627
5.3510341644 -0.4406918883 6.2213425636
5.3560109138 -0.5173925161 6.2026147842
5.3609876633 -0.5933023095 6.1809043884
5.3659644127 -0.6683059335 6.1562442780
5.3709411621 -0.7422893047 6.1286716461
5.3759179115 -0.8151395917 6.0982279778
5.3808951378 -0.8867457509 6.0649604797
5.3858723640 -0.9569979906 6.0289196968
5.3908495903 -1.0257883072 5.9901604652
5.3958272934 -1.0930105448 5.9487428665
5.4008045197 -1.1585601568 5.9047322273
5.4057817459 -1.2223361731 5.8581957817
5.4107589722 -1.2842473984 5.8092012405
5.4157366753 -1.3441982269 5.7578234673
5.4207143784 -1.4020959139 5.7041411400
5.4256920815 -1.4578511715 5.6482381821
5.4306697845 -1.5113785267 5.5901994705
5.4356474876 -1.5625964403 5.5301141739
5.4406251907 -1.6114267111 5.4680738449
5.4456028938 -1.6577951908 5.4041728973
5.4505805969 -1.7016313076 5.3385086060
5.4555583000 -1.7428681850 5.2711811066
5.4605355263 -1.7814429998 5.2022924423
5.4655132294 -1.8172966242 5.1319484711
5.4704904556 -1.8503742218 5.0602564812
5.4754676819 -1.8806246519 4.9873270988
5.4804444313 -1.9080013037 4.9132728577
5.4854207039 -1.9324620962 4.8382096291
5.4903969765 -1.9539711475 4.7622466087
5.4953727722 -1.9724956751 4.6855006218
5.5003490448 -1.9880069494 4.6080894470
5.5053243637 -2.0004816055 4.5301318169
5.5103001595 -2.0099000931 4.4517464638
5.5152754784 -2.0162484646 4.3730530739
5.5202503204 -2.0195169449 4.2941718102
5.5252256393 -2.0197005272 4.2152223587
5.5302009583 -2.0167989731 4.1363258362
5.5351762772 -2.0108165741 4.0576028824
5.5401515961 -2.0017623901 3.9791734219
5.5451264381 -1.9896507263 3.9011592865
5.5501022339 -1.9744995832 3.8236770630
5.5550780296 -1.9563316107 3.7468433380
5.5600543022 -1.9351745844 3.6707770824
5.5650305748 -1.9110614061 3.5955960751
5.5700068474 -1.8840287924 3.5214154720
5.5749840736 -1.8541184664 3.4483487606
5.5799608231 -1.8213760853 3.3765075207
5.5849380493 -1.7858514786 3.3060007095
5.5899157524 -1.7475987673 3.2369360924
5.5948939323 -1.7066761255 3.1694185734
5.5998721123 -1.6631460190 3.1035509109
5.6048502922 -1.6170746088 3.0394341946
5.6098289490 -1.5685324669 2.9771661758
5.6148076057 -1.5175943375 2.9168429375
5.6197862625 -1.4643388987 2.8585577011
5.6247644424 -1.4088491201 2.8024005890
5.6297426224 -1.3512077332 2.7484548092
5.6347203255 -1.2915019989 2.6968023777
5.6396980286 -1.2298234701 2.6475224495
5.6446752548 -1.1662666798 2.6006903648
5.6496520042 -1.1009284258 2.5563776493
5.6546282768 -1.0339084864 2.5146517754
5.6596045494 -0.9653090239 2.4755766392
5.6645798683 -0.8952345848 2.4392116070
5.6695556641 -0.8237924576 2.4056122303
5.6745309830 -0.7510922551 2.3748304844
5.6795058250 -0.6772453189 2.3469133377
5.6844811440 -0.6023638844 2.3219029903
5.6894564629 -0.5265625715 2.2998380661
5.6944322586 -0.4499570727 2.2807517052
5.6994085312 -0.3726643920 2.2646734715
5.7043852806 -0.2948022187 2.2516276836
5.7093625069 -0.2164889723 2.2416343689
5.7143402100 -0.1378447264 2.2347087860
5.7186884880 -0.0689624250 2.2311775684
5.7230372429 -0.0000000000 2.2300000191
5.7280144691 0.0789329410 2.2315428257
5.7329921722 0.1577458382 2.2361688614
5.7379693985 0.2363175899 2.2438709736
5.7429461479 0.3145279586 2.2546372414
5.7479228973 0.3922574520 2.2684516907
5.7528991699 0.4693876505 2.2852926254
5.7578749657 0.5458009243 2.3051345348
5.7628507614 0.6213809252 2.3279476166
5.7678260803 0.6960137486 2.3536970615
5.7728018761 0.7695857286 2.3823442459
5.7777771950 0.8419827819 2.4138450623
5.7827525139 0.9130933881 2.4481508732
5.7877278328 0.9828085303 2.4852089882
5.7927031517 1.0510216951 2.5249629021
5.7976784706 1.1176288128 2.5673515797
5.8026542664 1.1825286150 2.6123106480
5.8076300621 1.2456221581 2.6597719193
5.8126058578 1.3068132401 2.7096626759
5.8175821304 1.3660085201 2.7619071007
5.8225588799 1.4231173992 2.8164250851
5.8275356293 1.4780522585 2.8731334209
5.8325128555 1.5307283401 2.9319443703
5.8374900818 1.5810643435 2.9927666187
5.8424673080 1.6289867163 3.0555117130
5.8474454880 1.6744223833 3.1200842857
5.8524236679 1.7173006535 3.1863842010
5.8574023247 1.7575550079 3.2543089390
5.8623805046 1.7951236963 3.3237543106
5.8673591614 1.8299492598 3.3946137428
5.8723373413 1.8619787693 3.4667789936
5.8773155212 1.8911634684 3.5401403904
5.8822941780 1.9174590111 3.6145858765
5.8872718811 1.9408253431 3.6900026798
5.8922500610 1.9612268209 3.7662756443
5.8972282410 1.9786323309 3.8432886600
5.9022059441 1.9930150509 3.9209239483
5.9071836472 2.0043528080 3.9990627766
5.9121613503 2.0126283169 4.0775842667
5.9171380997 2.0178287029 4.1563673019
5.9221148491 2.0199463367 4.2352886200
5.9270915985 2.0189785957 4.3142328262
5.9320678711 2.0149264336 4.3930797577
5.9370441437 2.0077962875 4.4717082977
5.9420199394 1.9975988865 4.5499978065
5.9469957352 1.9843500853 4.6278290749
5.9519715309 1.9680700302 4.7050828934
5.9569473267 1.9487835169 4.7816414833
5.9619231224 1.9265199900 4.8573884964
5.9668989182 1.9013133049 4.9322080612
5.9718747139 1.8732020855 5.0059852600
5.9768505096 1.8422294855 5.0786075592
5.9818263054 1.8084431887 5.1499629021
5.9868021011 1.7718939781 5.2199440002
5.9917778969 1.7326380014 5.2884435654
5.9967541695 1.6907353401 5.3553566933
6.0017304420 1.6462501287 5.4205813408
6.0067067146 1.5992501974 5.4840173721
6.0116829872 1.5498071909 5.5455684662
6.0166597366 1.4979965687 5.6051406860
6.0216364861 1.4438976049 5.6626424789
6.0266132355 1.3875931501 5.7179865837
6.0315899849 1.3291695118 5.7710881233
6.0365667343 1.2687151432 5.8218655586
6.0415439606 1.2063221931 5.8702425957
6.0465207100 1.1420865059 5.9161448479
6.0514979362 1.0761063099 5.9595012665
6.0564746857 1.0084826946 6.0002465248
6.0614519119 0.9393186569 6.0383176804
6.0664286613 0.8687196374 6.0736575127
6.0714058876 0.7967934012 6.1062111855
6.0763826370 0.7236496806 6.1359295845
6.0813598633 0.6494005322 6.1627674103
6.0863366127 0.5741599798 6.1866827011
6.0913133621 0.4980424941 6.2076396942
6.0962901115 0.4211620688 6.2256069183
6.1012668610 0.3436374664 6.2405562401
6.1062436104 0.2655878961 6.2524642944
6.1112198830 0.1871329993 6.2613134384
6.1161966324 0.1083926260 6.2670898438
6.1211733818 0.0294868760 6.2697849274
6.1261496544 -0.0494640097 6.2693943977
6.1311264038 -0.1283397079 6.2659187317
6.1361026764 -0.2070198953 6.2593636513
6.1410794258 -0.2853842676 6.2497391701
6.1460561752 -0.3633126915 6.2370591164
6.1510329247 -0.4406851530 6.2213439941
6.1560096741 -0.5173826814 6.2026176453
6.1609864235 -0.5932902098 6.1809082031
6.1659636497 -0.6682918668 6.1562490463
6.1709403992 -0.7422729135 6.1286778450
6.1759176254 -0.8151201606 6.0982365608
6.1808948517 -0.8867223859 6.0649719238
6.1858725548 -0.9569730163 6.0289330482
6.1908502579 -1.0257632732 5.9901752472
6.1958284378 -1.0929867029 5.9487586021
6.2008061409 -1.1585397720 5.9047465324
6.2057843208 -1.2223221064 5.8582067490
6.2107620239 -1.2842363119 5.8092103004
6.2157402039 -1.3441879749 5.7578325272
6.2207179070 -1.4020860195 5.7041506767
6.2256956100 -1.4578421116 5.6482477188
6.2306733131 -1.5113713741 5.5902075768
6.2356510162 -1.5625921488 5.5301194191
6.2406287193 -1.6114259958 5.4680747986
6.2456064224 -1.6577979326 5.4041690826
6.2505836487 -1.7016364336 5.3385004997
6.2555603981 -1.7428737879 5.2711710930
6.2605371475 -1.7814477682 5.2022833824
6.2655134201 -1.8173009157 5.1319394112
6.2704901695 -1.8503780365 5.0602474213
6.2754659653 -1.8806281090 4.9873180389
6.2804422379 -1.9080048800 4.9132628441
6.2854175568 -1.9324667454 4.8381943703
6.2903933525 -1.9539762735 4.7622275352
6.2953686714 -1.9725006819 4.6854777336
6.3003444672 -1.9880118370 4.6080627441
6.3053197861 -2.0004858971 4.5300998688
6.3102951050 -2.0099039078 4.4517092705
6.3152709007 -2.0162510872 4.3730101585
6.3202462196 -2.0195181370 4.2941246033
6.3252220154 -2.0196998119 4.2151713371
6.3301982880 -2.0167956352 4.1362681389
6.3351745605 -2.0108103752 4.0575380325
6.3401513100 -2.0017528534 3.9791016579
6.3451280594 -1.9896367788 3.9010798931
6.3501052856 -1.9744812250 3.8235921860
6.3550825119 -1.9563093185 3.7467565536
6.3600602150 -1.9351487160 3.6706902981
6.3650379181 -1.9110316038 3.5955092907
6.3700160980 -1.8839948177 3.5213274956
6.3749947548 -1.8540793657 3.4482584000
6.3799734116 -1.8213309050 3.3764133453
6.3849520683 -1.7857995033 3.3059024811
6.3899312019 -1.7475398779 3.2368345261
6.3949098587 -1.7066110373 3.1693155766
6.3998885155 -1.6630767584 3.1034505367
6.4048666954 -1.6170026064 3.0393378735
6.4098443985 -1.5684581995 2.9770746231
6.4148225784 -1.5175176859 2.9167559147
6.4197998047 -1.4642591476 2.8584737778
6.4247770309 -1.4087637663 2.8023173809
6.4297533035 -1.3511162996 2.7483725548
6.4347295761 -1.2914049625 2.6967217922
6.4397053719 -1.2297208309 2.6474437714
6.4446811676 -1.1661578417 2.6006135941
6.4496564865 -1.1008132696 2.5563027859
6.4546322823 -1.0337871313 2.5145795345
6.4596076012 -0.9651817083 2.4755072594
6.4645833969 -0.8951018453 2.4391458035
6.4695591927 -0.8236546516 2.4055507183
6.4745359421 -0.7509495616 2.3747735023
6.4795126915 -0.6770977378 2.3468608856
6.4844899178 -0.6022111177 2.3218553066
6.4894676208 -0.5264043212 2.2997953892
6.4944453239 -0.4497934580 2.2807142735
6.4994230270 -0.3724956512 2.2646417618
6.5044007301 -0.2946289778 2.2516021729
6.5093784332 -0.2163122296 2.2416152954
6.5143556595 -0.1376650631 2.2346963882
6.5186982155 -0.0688723326 2.2311744690
6.5230398178 -0.0000000000 2.2300000191
6.5280165672 0.0789353028 2.2315428257
6.5329928398 0.1577533931 2.2361693382
6.5379691124 0.2363317758 2.2438726425
6.5429449081 0.3145490885 2.2546405792
6.5479207039 0.3922851980 2.2684571743
6.5528960228 0.4694211185 2.2853004932
6.5578713417 0.5458391309 2.3051452637
6.5628466606 0.6214229465 2.3279612064
6.5678219795 0.6960573792 2.3537130356
6.5727972984 0.7696289420 2.3823621273
6.5777730942 0.8420255780 2.4138646126
6.5827488899 0.9131366611 2.4481728077
6.5877251625 0.9828533530 2.4852340221
6.5927019119 1.0510685444 2.5249912739
6.5976781845 1.1176769733 2.5673835278
6.6026549339 1.1825753450 2.6123445034
6.6076321602 1.2456657887 2.6598060131
6.6126093864 1.3068543673 2.7096974850
6.6175866127 1.3660467863 2.7619421482
6.6225643158 1.4231523275 2.8164598942
6.6275424957 1.4780836105 2.8731670380
6.6325201988 1.5307567120 2.9319772720
6.6374983788 1.5810915232 2.9928009510
6.6424765587 1.6290111542 3.0555450916
6.6474547386 1.6744425297 3.1201140881
6.6524329185 1.7173162699 3.1864094734
6.6574106216 1.7575665712 3.2543294430
6.6623888016 1.7951316833 3.3237698078
6.6673665047 1.8299548626 3.3946256638
6.6723446846 1.8619847298 3.4667932987
6.6773223877 1.8911708593 3.5401601791
6.6823005676 1.9174677134 3.6146123409
6.6872782707 1.9408346415 3.6900351048
6.6922554970 1.9612358809 3.7663121223
6.6972327232 1.9786401987 3.8433270454
6.7022094727 1.9930213690 3.9209620953
6.7071862221 2.0043573380 3.9990992546
6.7121624947 2.0126314163 4.0776195526
6.7171387672 2.0178303719 4.1564035416
6.7221150398 2.0199468136 4.2353315353
6.7270913124 2.0189769268 4.3142833710
6.7320675850 2.0149221420 4.3931384087
6.7370438576 2.0077886581 4.4717755318
6.7420201302 1.9975874424 4.5500741005
6.7469964027 1.9843342304 4.6279125214
6.7519721985 1.9680501223 4.7051692009
6.7569479942 1.9487605095 4.7817258835
6.7619237900 1.9264940023 4.8574709892
6.7669000626 1.9012844563 4.9322881699
6.7718758583 1.8731707335 5.0060634613
6.7768521309 1.8421956301 5.0786828995
6.7818284035 1.8084065914 5.1500363350
6.7868046761 1.7718549967 5.2200155258
6.7917814255 1.7325968742 5.2885127068
6.7967576981 1.6906919479 5.3554234505
6.8017344475 1.6462044716 5.4206452370
6.8067111969 1.5992029905 5.4840784073
6.8116879463 1.5497580767 5.5456271172
6.8166651726 1.4979454279 5.6051969528
6.8216419220 1.4438446760 5.6626968384
6.8266191483 1.3875384331 5.7180385590
6.8315958977 1.3291130066 5.7711372375
6.8365731239 1.2686574459 5.8219122887
6.8415498734 1.2062638998 5.8702859879
6.8465270996 1.1420274973 5.9161853790
6.8515038490 1.0760463476 5.9595394135
6.8564805984 1.0084213018 6.0002818108
6.8614573479 0.9392561913 6.0383505821
6.8664340973 0.8686572909 6.0736870766
6.8714108467 0.7967299819 6.1062383652
6.8763875961 0.7235845923 6.1359548569
6.8813643456 0.6493337154 6.1627898216
6.8863406181 0.5740912557 6.1867032051
6.8913173676 0.4979723096 6.2076578140
6.8962936401 0.4210930169 6.2256217003
6.9012699127 0.3435705006 6.2405676842
6.9062466621 0.2655228674 6.2524728775
6.9112229347 0.1870691478 6.2613191605
6.9161996841 0.1083290949 6.2670931816
6.9211759567 0.0294233039 6.2697858810
6.9261527061 -0.0495269559 6.2693929672
6.9311294556 -0.1283997744 6.2659149170
6.9361062050 -0.2070803642 6.2593574524
6.9410839081 -0.2854511738 6.2497291565
6.9460616112 -0.3633890450 6.2370452881
6.9510397911 -0.4407725334 6.2213244438
6.9560174942 -0.5174818635 6.2025914192
6.9609956741 -0.5933991075 6.1808748245
6.9659738541 -0.6684079170 6.1562085152
6.9709515572 -0.7423939705 6.1286301613
6.9759297371 -0.8152445555 6.0981817245
6.9809074402 -0.8868491650 6.0649099350
6.9858856201 -0.9570989013 6.0288653374
6.9908638000 -1.0258870125 5.9901022911
6.9958419800 -1.0931088924 5.9486799240
7.0008201599 -1.1586619616 5.9046607018
7.0057983398 -1.2224458456 5.8581128120
7.0107765198 -1.2843626738 5.8091063499
7.0157542229 -1.3443167210 5.7577176094
7.0207324028 -1.4022152424 5.7040262222
7.0257096291 -1.4579677582 5.6481165886
7.0306863785 -1.5114885569 5.5900754929
7.0356631279 -1.5627042055 5.5299825668
7.0406403542 -1.6115355492 5.4679298401
7.0456171036 -1.6579059362 5.4040136337
7.0505938530 -1.7017428875 5.3383340836
7.0555706024 -1.7429788113 5.2709918022
7.0605468750 -1.7815505266 5.2020912170
7.0655231476 -1.8173991442 5.1317372322
7.0704989433 -1.8504701853 5.0600371361
7.0754747391 -1.8807134628 4.9871001244
7.0804500580 -1.9080830812 4.9130377769
7.0854258537 -1.9325374365 4.8379616737
7.0904016495 -1.9540394545 4.7619862556
7.0953779221 -1.9725561142 4.6852269173
7.1003541946 -1.9880590439 4.6078009605
7.1053309441 -2.0005242825 4.5298261642
7.1103076935 -2.0099325180 4.4514231682
7.1152849197 -2.0162692070 4.3727126122
7.1202621460 -2.0195248127 4.2938170433
7.1252393723 -2.0196943283 4.2148594856
7.1302161217 -2.0167784691 4.1359634399
7.1351938248 -2.0107817650 4.0572395325
7.1401715279 -2.0017130375 3.9788084030
7.1451497078 -1.9895862341 3.9007914066
7.1501278877 -1.9744200706 3.8233087063
7.1551065445 -1.9562377930 3.7464785576
7.1600847244 -1.9350672960 3.6704185009
7.1650633812 -1.9109407663 3.5952441692
7.1700420380 -1.8838951588 3.5210700035
7.1750202179 -1.8539716005 3.4480090141
7.1799988747 -1.8212155104 3.3761725426
7.1849765778 -1.7856768370 3.3056704998
7.1899547577 -1.7474099398 3.2366104126
7.1949324608 -1.7064735889 3.1690986156
7.1999092102 -1.6629310846 3.1032392979
7.2048859596 -1.6168500185 3.0391342640
7.2098617554 -1.5682989359 2.9768784046
7.2148375511 -1.5173517466 2.9165670872
7.2198133469 -1.4640865326 2.8582923412
7.2247886658 -1.4085847139 2.8021433353
7.7500000000 -1.3565491438 2.7532787323
7.2297639847 -1.3509310484 2.7482059002
7.7500000000 -1.4283556938 2.8216443062
7.2347393036 -1.2912135124 2.6965627670
7.7500000000 -1.2814744711 2.6885190010
7.2397150993 -1.2295230627 2.6472918987
7.7500000000 -1.2033126354 2.6275207996
7.2446908951 -1.1659547091 2.6004698277
7.7500000000 -1.1222518682 2.5704314709
7.2496676445 -1.1006058455 2.5561680794
7.7500000000 -1.0384875536 2.5173881054
7.2546443939 -1.0335758924 2.5144536495
7.2596220970 -0.9649666548 2.4753904343
7.7500000000 -0.9522213936 2.4685189724
7.2645993233 -0.8948825002 2.4390375614
7.7500000000 -0.8636612892 2.4239416122
7.2695775032 -0.8234297037 2.4054503441
7.7500000000 -0.7730205059 2.3837633133
7.2745552063 -0.7507185340 2.3746809959
7.7500000000 -0.6805174947 2.3480808735
7.2795329094 -0.6768606901 2.3467764854
7.2845106125 -0.6019693017 2.3217799664
7.7500000000 -0.5863750577 2.3169806004
7.2894878387 -0.5261588693 2.2997291088
7.7500000000 -0.4908199608 2.2905368805
7.2944650650 -0.4495448470 2.2806575298
7.7500000000 -0.3940824568 2.2688138485
7.2994418144 -0.3722441196 2.2645945549
7.7500000000 -0.2963955700 2.2518634796
7.3044185638 -0.2943744361 2.2515647411
7.3093948364 -0.2160546929 2.2415876389
7.7500000000 -0.1979946196 2.2397267818
7.3143706322 -0.1374046952 2.2346787453
7.7500000000 -0.0991167054 2.2324330807
7.3187036514 -0.0687416717 2.2311699390
7.7500000000 -0.0000000000 2.2300000191
7.3230361938 -0.0000000000 2.2300000191
7.3280105591 0.0789180100 2.2315418720
7.3329844475 0.1577181816 2.2361664772
7.3379588127 0.2362782657 2.2438664436
7.3429331779 0.3144772053 2.2546293736
7.3479075432 0.3921951652 2.2684392929
7.3528819084 0.4693135619 2.2852745056
7.3578567505 0.5457150340 2.3051099777
7.3628315926 0.6212833524 2.3279151917
7.3678069115 0.6959036589 2.3536555767
7.3727822304 0.7694621086 2.3822915554
7.3777580261 0.8418462873 2.4137794971
7.3827342987 0.9129449129 2.4480712414
7.3877105713 0.9826478362 2.4851133823
7.3926873207 1.0508494377 2.5248513222
7.3976645470 1.1174511909 2.5672280788
7.4026417732 1.1823487282 2.6121773720
7.4076189995 1.2454413176 2.6596281528
7.4125962257 1.3066314459 2.7095069885
7.4175739288 1.3658248186 2.7617373466
7.4225516319 1.4229313135 2.8162393570
7.4275288582 1.4778636694 2.8729298115
7.4325060844 1.5305387974 2.9317228794
7.4374837875 1.5808765888 2.9925293922
7.4424605370 1.6288008690 3.0552573204
7.4474377632 1.6742385626 3.1198108196
7.4524145126 1.7171205282 3.1860916615
7.4573912621 1.7573810816 3.2539982796
7.4623675346 1.7949577570 3.3234257698
7.4673438072 1.8297919035 3.3942666054
7.4723196030 1.8618283272 3.4664099216
7.4772953987 1.8910189867 3.5397460461
7.4822707176 1.9173227549 3.6141681671
7.4872460365 1.9406993389 3.6895613670
7.4922208786 1.9611127377 3.7658097744
7.4971957207 1.9785317183 3.8427970409
7.5021705627 1.9929296970 3.9204058647
7.5071449280 2.0042848587 3.9985179901
7.5121197701 2.0125796795 4.0770144463
7.5170946121 2.0178015232 4.1557760239
7.5220689774 2.0199425220 4.2346811295
7.5270438194 2.0189988613 4.3136086464
7.5320181847 2.0149724483 4.3924384117
7.5369930267 2.0078690052 4.4710516930
7.5419683456 1.9976996183 4.5493278503
7.5469431877 1.9844800234 4.6271462440
7.5519180298 1.9682304859 4.7043886185
7.5568933487 1.9489756823 4.7809371948
7.5618686676 1.9267449379 4.8566746712
7.5668444633 1.9015722275 4.9314866066
7.5718197823 1.8734959364 5.0052576065
7.5767955780 1.8425590992 5.0778756142
7.5817713737 1.8088093996 5.1492285728
7.5867471695 1.7722971439 5.2192082405
7.5917229652 1.7330782413 5.2877097130
7.5966987610 1.6912131310 5.3546261787
7.6016750336 1.6467660666 5.4198555946
7.6066508293 1.5998047590 5.4832987785
7.6116266251 1.5504009724 5.5448579788
7.6166024208 1.4986296892 5.6044406891
7.6215786934 1.4445699453 5.6619558334
7.6265544891 1.3883043528 5.7173151970
7.6315302849 1.3299188614 5.7704343796
7.6365060806 1.2695037127 5.8212308884
7.6414818764 1.2071497440 5.8696284294
7.6464571953 1.1429495811 5.9155540466
7.6514329910 1.0770030022 5.9589371681
7.6564087868 1.0094120502 5.9997110367
7.6613841057 0.9402804375 6.0378127098
7.6663599014 0.8697137237 6.0731840134
7.6713352203 0.7978193760 6.1057715416
7.6763110161 0.7247067690 6.1355252266
7.6812868118 0.6504870653 6.1624002457
7.6862621307 0.5752732754 6.1863555908
7.6912379265 0.4991802573 6.2073550224
7.6962141991 0.4223247766 6.2253656387
7.7011899948 0.3448254168 6.2403607368
7.7061662674 0.2668024004 6.2523155212
7.7111430168 0.1883641034 6.2612109184
7.7161192894 0.1096279621 6.2670331001
7.7210960388 0.0307193082 6.2697730064
7.7260732651 -0.0482376888 6.2694282532
7.7310504913 -0.1271200180 6.2659988403
7.7360277176 -0.2058058530 6.2594900131
7.7410049438 -0.2841745019 6.2499127388
7.7455024719 -0.3546146750 6.2386317253
7.7500000000 -0.4246104956 6.2248687744
7.7500000000 -0.5001030564 6.2144250870
7.7500000000 -0.5752004385 6.2011289597
7.7500000000 -0.6497964263 6.1850028038
7.7500000000 -0.7237859964 6.1660737991
7.7500000000 -0.7970657349 6.1443715096
7.7500000000 -0.8695334792 6.1199312210
7.7500000000 -0.9410887957 6.0927901268
7.7500000000 -1.0116325617 6.0629906654
7.7500000000 -1.0810672045 6.0305786133
7.7500000000 -1.1492989063 5.9956016541
7.7500000000 -1.2162402868 5.9581098557
7.7500000000 -1.2818012238 5.9181580544
7.7500000000 -1.3458938599 5.8758034706
7.7500000000 -1.4084339142 5.8311076164
7.7500000000 -1.4693397284 5.7841334343
7.7500000000 -1.5285327435 5.7349467278
7.7500000000 -1.5859373808 5.6836147308
7.7500000000 -1.6414810419 5.6302089691
7.7500000000 -1.6950937510 5.5748014450
7.7500000000 -1.7467086315 5.5174670219
7.7500000000 -1.7962616682 5.4582824707
7.7500000000 -1.8436917067 5.3973269463
7.7500000000 -1.8889406919 5.3346815109
7.7500000000 -1.9319533110 5.2704300880
7.7500000000 -1.9726774693 5.2046570778
7.7500000000 -2.0110652447 5.1374483109
7.7500000000 -2.0470743179 5.0688853264
7.7500000000 -2.0806624889 4.9990577698
7.7500000000 -2.1117908955 4.9280543327
7.7500000000 -2.1404240131 4.8559656143
7.7500000000 -2.1665303707 4.7828822136
7.7500000000 -2.1900818348 4.7088947296
7.7500000000 -2.2110531330 4.6340951920
7.7500000000 -2.2294225693 4.5585741997
7.7500000000 -2.2451722622 4.4824237823
7.7500000000 -2.2582864761 4.4057364464
7.7500000000 -2.2687535286 4.3286042213
7.7500000000 -2.2765643597 4.2511191368
7.7500000000 -2.2817137241 4.1733732224
7.7500000000 -2.2841985226 4.0954604149
7.7500000000 -2.2840201855 4.0174717903
7.7500000000 -2.2811825275 3.9395012856
7.7500000000 -2.2756929398 3.8616409302
7.7500000000 -2.2675611973 3.7839758396
7.7500000000 -2.2568001747 3.7065942287
7.7500000000 -2.2434260845 3.6295852661
7.7500000000 -2.2274575233 3.5530369282
7.7500000000 -2.2089166641 3.4770362377
7.7500000000 -2.1878280640 3.4016680717
7.7500000000 -2.1642186642 3.3270161152
7.7500000000 -2.1381185055 3.2531628609
7.7500000000 -2.1095602512 3.1801893711
7.7500000000 -2.0785789490 3.1081748009
7.7500000000 -2.0452117920 3.0371971130
7.7500000000 -2.0094990730 2.9673333168
7.7500000000 -1.9714831114 2.8986582756
7.7500000000 -1.9312088490 2.8312456608
7.7500000000 -1.8887239695 2.7651674747
7.7500000000 -1.8440783024 2.7004945278
7.7500000000 -1.7973240614 2.6372952461
7.7500000000 -1.7567294836 2.5857272148
7.7500000000 0.0995746031 2.2324557304
7.7500000000 0.1989071071 2.2398169041
7.7500000000 0.2977559865 2.2520656586
7.7500000000 0.3958808780 2.2691724300
7.7500000000 0.4930432439 2.2910950184
7.7500000000 0.5890068412 2.3177807331
7.7500000000 0.6835382581 2.3491644859
7.7500000000 0.7764077187 2.3851699829
7.7500000000 0.8673894405 2.4257094860
7.7500000000 0.9562621713 2.4706847668
7.7500000000 1.0428098440 2.5199861526
7.7500000000 1.1268219948 2.5734941959
7.7500000000 1.2080944777 2.6310782433
7.7500000000 1.2864295244 2.6925985813
7.7500000000 1.3616366386 2.7579057217
7.7500000000 1.4335331917 2.8268406391
7.7500000000 1.5019440651 2.8992357254
7.7500000000 1.5667032003 2.9749152660
7.7500000000 1.6276531219 3.0536952019
7.7500000000 1.6846454144 3.1353836060
7.7500000000 1.7375416756 3.2197821140
7.7500000000 1.7862132788 3.3066856861
7.7500000000 1.8305418491 3.3958826065
7.7500000000 1.8704196215 3.4871563911
7.7500000000 1.9057496786 3.5802848339
7.7500000000 1.9364459515 3.6750416756
7.7500000000 1.9624340534 3.7711966038
7.7500000000 1.9836505651 3.8685157299
7.7500000000 2.0000441074 3.9667620659
7.7500000000 2.0115747452 4.0656971931
7.7500000000 2.0182142258 4.1650805473
7.7500000000 2.0199468136 4.2646703720
7.7500000000 2.0167679787 4.3642249107
7.7500000000 2.0086853504 4.4635009766
7.7500000000 1.9957190752 4.5622582436
7.7500000000 1.9779002666 4.6602563858
7.7500000000 1.9552724361 4.7572569847
7.7500000000 1.9278904200 4.8530244827
7.7500000000 1.8958209753 4.9473252296
7.7500000000 1.8591420650 5.0399308205
7.7500000000 1.8179427385 5.1306157112
7.7500000000 1.7723232508 5.2191596031
7.7500000000 1.7223945856 5.3053469658
7.7500000000 1.6682779789 5.3889679909
7.7500000000 1.6101051569 5.4698200226
7.7500000000 1.5480175018 5.5477066040
7.7500000000 1.4821659327 5.6224374771
7.7500000000 1.4127106667 5.6938314438
7.7500000000 1.3398205042 5.7617144585
7.7500000000 1.2636725903 5.8259224892
7.7500000000 1.1844522953 5.8862986565
7.7500000000 1.1023520231 5.9426960945
7.7500000000 1.0175715685 5.9949779510
7.7500000000 0.9303169250 6.0430169106
7.7500000000 0.8408002853 6.0866966248
7.7500000000 0.7492393255 6.1259107590
7.7500000000 0.6558566689 6.1605634689
7.7500000000 0.5608793497 6.1905708313
7.7500000000 0.4645382762 6.2158598900
7.7500000000 0.3670677543 6.2363686562
7.7500000000 0.2687047124 6.2520484924
7.7500000000 0.1696883589 6.2628602982
7.7500000000 0.0702594221 6.2687778473
7.7500000000 -0.0293403529 6.2697868347
7.7500000000 -0.1288687885 6.2658853531
7.7500000000 -0.2280838788 6.2570819855
7.7500000000 -0.3267444074 6.2433986664
3 0 1 2
3 0 2 3
3 4 3 5
3 4 0 3
3 6 5 7
3 6 4 5
3 8 7 9
3 8 6 7
3 10 9 11
3 10 11 12
3 10 8 9
3 13 10 12
3 14 12 15
3 14 15 16
3 14 13 12
3 17 14 16
3 18 16 19
3 18 19 20
3 18 17 16
3 21 18 20
3 22 21 20
3 22 20 23
3 24 22 23
3 24 23 25
3 24 25 26
3 27 24 26
3 28 27 26
3 28 26 29
3 30 28 29
3 30 29 31
3 32 30 31
3 32 31 33
3 32 33 34
3 35 32 34
3 36 35 34
3 36 34 37
3 38 36 37
3 38 37 39
3 40 38 39
3 40 39 41
3 42 40 41
3 42 41 43
3 44 42 43
3 44 43 45
3 46 45 47
3 46 44 45
3 46 47 48
3 49 46 48
3 50 49 48
3 50 48 51
3 52 51 53
3 52 53 54
3 52 50 51
3 55 52 54
3 56 54 57
3 56 57 58
3 56 55 54
3 59 56 58
3 60 58 61
3 60 59 58
3 62 61 63
3 62 60 61
3 64 63 65
3 64 65 66
3 64 62 63
3 67 64 66
3 68 66 69
3 68 69 70
3 68 67 66
3 71 68 70
3 72 71 70
3 72 70 73
3 74 72 73
3 74 73 75
3 74 75 76
3 77 74 76
3 78 77 76
3 78 76 79
3 80 78 79
3 80 79 81
3 80 81 82
3 83 80 82
3 84 83 82
3 84 82 85
3 86 84 85
3 86 85 87
3 88 86 87
3 88 87 89
3 90 88 89
3 90 89 91
3 90 91 92
3 93 90 92
3 94 93 92
3 94 92 95
3 96 94 95
3 96 95 97
3 98 96 97
3 98 97 99
3 100 98 99
3 100 99 101
3 100 101 102
3 103 100 102
3 104 103 102
3 104 102 105
3 106 104 105
3 106 105 107
3 106 107 108
3 109 106 108
3 110 109 108
3 110 108 111
3 112 110 111
3 112 111 113
3 114 112 113
3 114 113 115
3 114 115 116
3 117 114 116
3 118 116 119
3 118 117 116
3 120 119 121
3 120 118 119
3 122 121 123
3 122 123 124
3 122 120 121
3 125 122 124
3 126 125 124
3 126 124 127
3 128 126 127
3 128 127 129
3 130 128 129
3 130 129 131
3 132 130 131
3 132 131 133
3 134 132 133
3 134 133 135
3 136 134 135
3 136 135 137
3 136 137 138
3 139 136 138
3 140 139 138
3 140 138 141
3 140 141 142
3 143 140 142
3 144 143 142
3 144 142 145
3 146 144 145
3 146 145 147
3 148 147 149
3 148 146 147
3 150 149 151
3 150 148 149
3 152 151 153
3 152 150 151
3 154 153 155
3 154 152 153
3 156 155 157
3 156 154 155
3 158 157 159
3 158 156 157
3 160 159 161
3 160 158 159
3 162 161 163
3 162 160 161
3 164 163 165
3 164 162 163
3 166 165 167
3 166 164 165
3 168 167 169
3 168 166 167
3 170 169 171
3 170 168 169
3 172 171 173
3 172 170 171
3 174 173 175
3 174 172 173
3 176 174 175
3 176 175 177
3 178 176 177
3 178 177 179
3 180 178 179
3 180 179 181
3 182 180 181
3 182 181 183
3 184 183 185
3 184 182 183
3 186 185 187
3 186 184 185
3 188 187 189
3 188 189 190
3 188 186 187
3 191 188 190
3 192 190 193
3 192 191 190
3 194 193 195
3 194 192 193
3 196 195 197
3 196 194 195
3 198 197 199
3 198 196 197
3 200 199 201
3 200 198 199
3 202 201 203
3 202 200 201
3 204 203 205
3 204 202 203
3 206 205 207
3 206 204 205
3 208 207 209
3 208 206 207
3 210 209 211
3 210 208 209
3 212 211 213
3 212 210 211
3 214 213 215
3 214 212 213
3 216 215 217
3 216 214 215
3 218 217 219
3 218 216 217
3 220 219 221
3 220 221 222
3 220 218 219
3 223 220 222
3 224 223 222
3 224 222 225
3 224 225 226
3 227 224 226
3 228 227 226
3 228 226 229
3 230 228 229
3 230 229 231
3 232 230 231
3 232 231 233
3 234 232 233
3 234 233 235
3 234 235 236
3 237 234 236
3 238 237 236
3 238 236 239
3 238 239 240
3 241 238 240
3 242 241 240
3 242 240 243
3 242 243 244
3 245 242 244
3 245 244 246
3 247 245 246
3 248 247 246
3 248 246 249
3 250 248 249
3 250 249 251
3 1 250 251
3 1 251 2
3 252 253 254
3 255 2 256
3 255 3 2
3 257 256 258
3 257 255 256
3 259 258 260
3 259 257 258
3 261 260 262
3 261 259 260
3 263 261 262
3 263 262 264
3 265 264 266
3 265 263 264
3 267 266 268
3 267 265 266
3 269 268 270
3 269 267 268
3 271 270 272
3 271 269 270
3 273 272 274
3 273 271 272
3 275 274 276
3 275 273 274
3 277 275 276
3 277 276 278
3 279 5 3
3 279 3 255
3 280 278 281
3 280 277 278
3 282 279 255
3 282 255 257
3 283 280 281
3 283 281 284
3 285 257 259
3 285 282 257
3 286 284 287
3 286 283 284
3 288 285 259
3 288 259 261
3 289 287 290
3 289 286 287
3 291 288 261
3 291 261 263
3 292 290 293
3 292 289 290
3 294 263 265
3 294 291 263
3 295 293 296
3 295 292 293
3 297 294 265
3 297 265 267
3 298 296 299
3 298 295 296
3 300 297 267
3 300 267 269
3 301 298 299
3 301 299 302
3 303 300 269
3 303 269 271
3 304 302 305
3 304 301 302
3 306 271 273
3 306 303 271
3 307 305 308
3 307 304 305
3 309 273 275
3 309 306 273
3 310 308 311
3 310 307 308
3 312 309 275
3 312 275 277
3 313 311 314
3 313 310 311
3 315 7 5
3 315 5 279
3 316 277 280
3 316 312 277
3 317 314 318
3 317 313 314
3 319 279 282
3 319 315 279
3 320 280 283
3 320 316 280
3 321 317 318
3 321 318 322
3 323 319 282
3 323 282 285
3 324 283 286
3 324 320 283
3 325 322 326
3 325 321 322
3 327 323 285
3 327 285 288
3 328 324 286
3 328 286 289
3 329 325 326
3 329 326 330
3 331 288 291
3 331 327 288
3 332 328 289
3 332 289 292
3 333 330 334
3 333 329 330
3 335 291 294
3 335 331 291
3 336 332 292
3 336 292 295
3 337 334 338
3 337 333 334
3 339 294 297
3 339 335 294
3 340 295 298
3 340 336 295
3 341 337 338
3 341 338 253
3 341 253 252
3 341 252 342
3 343 339 297
3 343 297 300
3 344 340 298
3 344 298 301
3 345 343 300
3 345 300 303
3 346 344 301
3 346 301 304
3 347 345 303
3 347 303 306
3 348 346 304
3 348 304 307
3 349 306 309
3 349 347 306
3 350 348 307
3 350 307 310
3 351 309 312
3 351 349 309
3 352 310 313
3 352 350 310
3 353 9 7
3 353 7 315
3 354 312 316
3 354 351 312
3 355 313 317
3 355 352 313
3 356 315 319
3 356 353 315
3 357 354 316
3 357 316 320
3 358 355 317
3 358 317 321
3 359 356 319
3 359 319 323
3 360 357 320
3 360 320 324
3 361 321 325
3 361 358 321
3 362 323 327
3 362 359 323
3 363 360 324
3 363 324 328
3 364 325 329
3 364 361 325
3 365 327 331
3 365 362 327
3 366 363 328
3 366 328 332
3 367 329 333
3 367 364 329
3 368 331 335
3 368 365 331
3 369 366 332
3 369 332 336
3 370 367 333
3 370 333 337
3 371 335 339
3 371 368 335
3 372 369 336
3 372 336 340
3 373 341 342
3 373 337 341
3 373 370 337
3 373 342 374
3 375 339 343
3 375 371 339
3 376 340 344
3 376 372 340
3 377 375 343
3 377 343 345
3 378 344 346
3 378 376 344
3 379 345 347
3 379 377 345
3 380 378 346
3 380 346 348
3 381 379 347
3 381 347 349
3 382 380 348
3 382 348 350
3 383 349 351
3 383 381 349
3 384 382 350
3 384 350 352
3 385 9 353
3 385 11 9
3 386 383 351
3 386 351 354
3 387 384 352
3 387 352 355
3 388 353 356
3 388 385 353
3 389 354 357
3 389 386 354
3 390 355 358
3 390 387 355
3 391 388 356
3 391 356 359
3 392 389 357
3 392 357 360
3 393 358 361
3 393 390 358
3 394 359 362
3 394 391 359
3 395 392 360
3 395 360 363
3 396 393 361
3 396 361 364
3 397 394 362
3 397 362 365
3 398 395 363
3 398 363 366
3 399 396 364
3 399 364 367
3 400 365 368
3 400 397 365
3 401 366 369
3 401 398 366
3 402 399 367
3 402 367 370
3 403 400 368
3 403 368 371
3 404 369 372
3 404 401 369
3 405 373 374
3 405 402 370
3 405 370 373
3 405 374 406
3 407 403 371
3 407 371 375
3 408 372 376
3 408 404 372
3 409 375 377
3 409 407 375
3 410 376 378
3 410 408 376
3 411 377 379
3 411 409 377
3 412 378 380
3 412 410 378
3 413 379 381
3 413 411 379
3 414 412 380
3 414 380 382
3 415 381 383
3 415 413 381
3 416 382 384
3 416 414 382
3 417 11 385
3 417 12 11
3 418 383 386
3 418 415 383
3 419 384 387
3 419 416 384
3 420 417 385
3 420 385 388
3 421 386 389
3 421 418 386
3 422 419 387
3 422 387 390
3 423 420 388
3 423 388 391
3 424 389 392
3 424 421 389
3 425 390 393
3 425 422 390
3 426 423 391
3 426 391 394
3 427 424 392
3 427 392 395
3 428 393 396
3 428 425 393
3 429 426 394
3 429 394 397
3 430 427 395
3 430 395 398
3 431 396 399
3 431 428 396
3 432 429 397
3 432 397 400
3 433 401 404
3 433 398 401
3 433 430 398
3 434 431 399
3 434 399 402
3 435 432 400
3 435 400 403
3 436 433 404
3 437 402 405
3 437 434 402
3 437 405 406
3 437 406 438
3 439 435 403
3 439 403 407
3 440 436 404
3 440 404 408
3 441 439 407
3 441 407 409
3 442 440 408
3 442 408 410
3 443 409 411
3 443 441 409
3 444 442 410
3 444 410 412
3 445 443 411
3 445 411 413
3 446 444 412
3 446 412 414
3 447 413 415
3 447 445 413
3 448 414 416
3 448 446 414
3 449 15 12
3 449 12 417
3 450 415 418
3 450 447 415
3 451 416 419
3 451 448 416
3 452 417 420
3 452 449 417
3 453 450 418
3 453 418 421
3 454 419 422
3 454 451 419
3 455 452 420
3 455 420 423
3 456 453 421
3 456 421 424
3 457 454 422
3 457 422 425
3 458 455 423
3 458 423 426
3 459 456 424
3 459 424 427
3 459 427 430
3 460 425 428
3 460 457 425
3 461 458 426
3 461 426 429
3 462 459 430
3 463 460 428
3 463 428 431
3 464 461 429
3 464 429 432
3 465 462 430
3 465 430 433
3 466 463 431
3 466 431 434
3 467 432 435
3 467 464 432
3 468 465 433
3 468 433 436
3 469 466 434
3 469 437 438
3 469 434 437
3 469 438 470
3 471 435 439
3 471 467 435
3 472 436 440
3 472 468 436
3 473 471 439
3 473 439 441
3 474 440 442
3 474 472 440
3 475 473 441
3 475 441 443
3 475 443 445
3 476 442 444
3 476 474 442
3 477 475 445
3 478 476 444
3 478 444 446
3 479 477 445
3 479 445 447
3 480 478 446
3 480 446 448
3 481 16 15
3 481 449 452
3 481 15 449
3 482 447 450
3 482 479 447
3 483 448 451
3 483 480 448
3 484 481 452
3 485 450 453
3 485 482 450
3 486 451 454
3 486 483 451
3 487 484 452
3 487 452 455
3 488 485 453
3 488 456 459
3 488 453 456
3 489 454 457
3 489 486 454
3 490 455 458
3 490 487 455
3 491 488 459
3 492 457 460
3 492 489 457
3 493 490 458
3 493 458 461
3 494 491 459
3 494 459 462
3 495 492 460
3 495 460 463
3 496 493 461
3 496 461 464
3 497 462 465
3 497 494 462
3 498 463 466
3 498 495 463
3 499 496 464
3 499 464 467
3 500 497 465
3 500 468 472
3 500 465 468
3 501 498 466
3 501 466 469
3 501 469 470
3 501 470 502
3 503 499 467
3 503 467 471
3 504 500 472
3 505 471 473
3 505 503 471
3 506 504 472
3 506 472 474
3 507 505 473
3 507 473 475
3 508 506 474
3 508 474 476
3 508 476 478
3 509 507 475
3 509 475 477
3 510 508 478
3 511 509 477
3 511 479 482
3 511 477 479
3 512 510 478
3 512 478 480
3 513 19 16
3 513 16 481
3 514 511 482
3 515 512 480
3 515 480 483
3 516 481 484
3 516 513 481
3 517 514 482
3 517 482 485
3 518 483 486
3 518 515 483
3 519 484 487
3 519 516 484
3 520 485 488
3 520 517 485
3 521 486 489
3 521 518 486
3 522 487 490
3 522 519 487
3 523 488 491
3 523 520 488
3 524 489 492
3 524 521 489
3 525 490 493
3 525 522 490
3 526 523 491
3 526 491 494
3 527 524 492
3 527 495 498
3 527 492 495
3 528 493 496
3 528 525 493
3 529 526 494
3 529 494 497
3 530 527 498
3 531 528 496
3 531 496 499
3 532 529 497
3 532 497 500
3 533 530 498
3 533 498 501
3 533 501 502
3 533 502 534
3 535 531 499
3 535 499 503
3 536 500 504
3 536 532 500
3 537 535 503
3 537 503 505
3 538 504 506
3 538 536 504
3 539 507 509
3 539 537 505
3 539 505 507
3 540 538 506
3 540 506 508
3 541 539 509
3 542 540 508
3 542 508 510
3 543 509 511
3 543 541 509
3 544 542 510
3 544 510 512
3 545 513 516
3 545 20 19
3 545 19 513
3 546 543 511
3 546 511 514
3 547 544 512
3 547 512 515
3 548 545 516
3 548 516 519
3 549 546 514
3 549 514 517
3 550 547 515
3 550 515 518
3 551 548 519
3 552 549 517
3 552 517 520
3 553 518 521
3 553 550 518
3 554 551 519
3 554 519 522
3 554 522 525
3 555 520 523
3 555 552 520
3 556 521 524
3 556 553 521
3 557 554 525
3 558 523 526
3 558 555 523
3 559 556 524
3 559 524 527
3 560 557 525
3 560 525 528
3 561 558 526
3 561 526 529
3 561 529 532
3 562 559 527
3 562 527 530
3 563 560 528
3 563 528 531
3 564 561 532
3 565 562 530
3 565 530 533
3 565 533 534
3 565 534 566
3 567 563 531
3 567 531 535
3 568 564 532
3 568 532 536
3 568 536 538
3 569 567 535
3 569 535 537
3 570 568 538
3 571 569 537
3 571 537 539
3 571 539 541
3 572 538 540
3 572 570 538
3 573 571 541
3 574 572 540
3 574 540 542
3 575 543 546
3 575 541 543
3 575 573 541
3 576 574 542
3 576 542 544
3 577 20 545
3 577 23 20
3 578 575 546
3 579 544 547
3 579 576 544
3 580 545 548
3 580 577 545
3 581 546 549
3 581 578 546
3 581 549 552
3 582 579 547
3 582 547 550
3 583 548 551
3 583 580 548
3 584 581 552
3 585 550 553
3 585 582 550
3 586 551 554
3 586 583 551
3 587 584 552
3 587 552 555
3 588 556 559
3 588 585 553
3 588 553 556
3 589 554 557
3 589 586 554
3 590 587 555
3 590 555 558
3 591 588 559
3 592 589 557
3 592 557 560
3 593 558 561
3 593 561 564
3 593 590 558
3 594 591 559
3 594 559 562
3 595 560 563
3 595 592 560
3 596 593 564
3 597 594 562
3 597 562 565
3 597 565 566
3 597 566 598
3 599 595 563
3 599 563 567
3 600 596 564
3 600 568 570
3 600 564 568
3 601 567 569
3 601 599 567
3 602 600 570
3 603 601 569
3 603 569 571
3 604 602 570
3 604 570 572
3 605 603 571
3 605 571 573
3 606 572 574
3 606 604 572
3 607 605 573
3 607 573 575
3 608 606 574
3 608 574 576
3 608 576 579
3 609 23 577
3 609 25 23
3 610 607 575
3 610 575 578
3 611 608 579
3 612 609 577
3 612 577 580
3 613 610 578
3 613 578 581
3 614 611 579
3 614 579 582
3 614 582 585
3 615 580 583
3 615 612 580
3 616 613 581
3 616 581 584
3 617 585 588
3 617 614 585
3 618 615 583
3 618 583 586
3 619 616 584
3 619 584 587
3 620 588 591
3 620 617 588
3 621 586 589
3 621 618 586
3 622 590 593
3 622 619 587
3 622 587 590
3 623 620 591
3 624 589 592
3 624 621 589
3 625 622 593
3 626 591 594
3 626 623 591
3 627 592 595
3 627 624 592
3 628 593 596
3 628 625 593
3 629 594 597
3 629 626 594
3 629 597 598
3 629 598 630
3 631 599 601
3 631 595 599
3 631 627 595
3 632 596 600
3 632 628 596
3 633 631 601
3 633 601 603
3 634 600 602
3 634 632 600
3 635 633 603
3 636 634 602
3 636 602 604
3 637 603 605
3 637 635 603
3 638 604 606
3 638 636 604
3 639 605 607
3 639 637 605
3 640 638 606
3 640 606 608
3 641 26 25
3 641 25 609
3 642 607 610
3 642 639 607
3 642 610 613
3 643 608 611
3 643 640 608
3 644 641 609
3 644 609 612
3 645 642 613
3 646 643 611
3 646 611 614
3 647 612 615
3 647 644 612
3 648 613 616
3 648 645 613
3 649 646 614
3 649 614 617
3 650 647 615
3 650 615 618
3 651 619 622
3 651 648 616
3 651 616 619
3 652 649 617
3 652 617 620
3 653 650 618
3 653 618 621
3 654 651 622
3 655 620 623
3 655 652 620
3 656 621 624
3 656 653 621
3 657 622 625
3 657 654 622
3 658 623 626
3 658 655 623
3 659 656 624
3 659 624 627
3 660 628 632
3 660 625 628
3 660 657 625
3 661 658 626
3 661 629 630
3 661 626 629
3 661 630 662
3 663 627 631
3 663 659 627
3 664 632 634
3 664 660 632
3 665 663 631
3 665 631 633
3 666 634 636
3 666 664 634
3 667 665 633
3 667 633 635
3 668 666 636
3 669 667 635
3 669 635 637
3 670 668 636
3 670 636 638
3 671 637 639
3 671 669 637
3 672 670 638
3 672 638 640
3 673 26 641
3 673 29 26
3 674 671 639
3 674 639 642
3 675 640 643
3 675 672 640
3 675 643 646
3 676 641 644
3 676 673 641
3 677 674 642
3 677 642 645
3 678 675 646
3 679 676 644
3 679 644 647
3 680 677 645
3 680 645 648
3 681 678 646
3 681 646 649
3 682 679 647
3 682 647 650
3 683 648 651
3 683 680 648
3 684 681 649
3 684 649 652
3 684 652 655
3 685 650 653
3 685 682 650
3 686 683 651
3 686 651 654
3 687 684 655
3 688 656 659
3 688 685 653
3 688 653 656
3 689 654 657
3 689 686 654
3 690 655 658
3 690 687 655
3 691 688 659
3 692 689 657
3 692 657 660
3 693 662 694
3 693 658 661
3 693 661 662
3 693 690 658
3 695 659 663
3 695 691 659
3 696 660 664
3 696 664 666
3 696 692 660
3 697 663 665
3 697 695 663
3 698 696 666
3 699 665 667
3 699 697 665
3 700 666 668
3 700 698 666
3 701 667 669
3 701 699 667
3 702 670 672
3 702 700 668
3 702 668 670
3 703 669 671
3 703 701 669
3 704 702 672
3 705 29 673
3 705 31 29
3 706 703 671
3 706 671 674
3 706 674 677
3 707 704 672
3 707 672 675
3 708 705 673
3 708 673 676
3 709 706 677
3 710 675 678
3 710 707 675
3 711 676 679
3 711 708 676
3 712 677 680
3 712 709 677
3 713 710 678
3 713 678 681
3 714 679 682
3 714 711 679
3 715 680 683
3 715 712 680
3 716 713 681
3 716 681 684
3 717 714 682
3 717 682 685
3 718 715 683
3 718 683 686
3 719 716 684
3 719 684 687
3 720 717 685
3 720 685 688
3 721 718 686
3 721 686 689
3 722 719 687
3 722 687 690
3 723 720 688
3 723 688 691
3 724 689 692
3 724 721 689
3 725 694 726
3 725 690 693
3 725 722 690
3 725 693 694
3 727 691 695
3 727 723 691
3 728 692 696
3 728 696 698
3 728 724 692
3 729 695 697
3 729 727 695
3 730 728 698
3 731 697 699
3 731 729 697
3 732 698 700
3 732 730 698
3 733 699 701
3 733 731 699
3 734 732 700
3 734 702 704
3 734 700 702
3 735 733 701
3 735 701 703
3 736 734 704
3 737 31 705
3 737 33 31
3 737 34 33
3 738 735 703
3 738 703 706
3 739 736 704
3 739 704 707
3 739 707 710
3 740 705 708
3 740 737 705
3 741 709 712
3 741 706 709
3 741 738 706
3 742 739 710
3 743 740 708
3 743 708 711
3 743 711 714
3 744 741 712
3 745 742 710
3 745 710 713
3 746 743 714
3 747 744 712
3 747 712 715
3 748 745 713
3 748 713 716
3 748 716 719
3 749 714 717
3 749 746 714
3 750 747 715
3 750 715 718
3 751 748 719
3 752 717 720
3 752 749 717
3 753 750 718
3 753 718 721
3 754 751 719
3 754 719 722
3 755 723 727
3 755 720 723
3 755 752 720
3 756 724 728
3 756 753 721
3 756 721 724
3 757 726 758
3 757 725 726
3 757 754 722
3 757 722 725
3 759 727 729
3 759 755 727
3 760 756 728
3 761 729 731
3 761 759 729
3 762 730 732
3 762 760 728
3 762 728 730
3 763 761 731
3 764 732 734
3 764 762 732
3 765 763 731
3 765 731 733
3 766 764 734
3 767 733 735
3 767 765 733
3 768 734 736
3 768 736 739
3 768 766 734
3 769 34 737
3 770 767 735
3 770 735 738
3 771 768 739
3 772 737 740
3 772 769 737
3 773 770 738
3 773 738 741
3 774 771 739
3 774 742 745
3 774 739 742
3 775 772 740
3 775 740 743
3 775 743 746
3 776 773 741
3 776 741 744
3 777 774 745
3 778 775 746
3 779 747 750
3 779 776 744
3 779 744 747
3 780 777 745
3 780 745 748
3 781 778 746
3 781 746 749
3 781 749 752
3 782 779 750
3 783 780 748
3 783 748 751
3 784 781 752
3 785 782 750
3 785 750 753
3 785 753 756
3 786 783 751
3 786 751 754
3 786 754 757
3 787 784 752
3 787 752 755
3 788 785 756
3 789 758 790
3 789 790 791
3 789 786 757
3 789 757 758
3 792 787 755
3 792 755 759
3 792 759 761
3 793 756 760
3 793 788 756
3 794 792 761
3 795 760 762
3 795 793 760
3 796 761 763
3 796 794 761
3 797 762 764
3 797 795 762
3 798 763 765
3 798 796 763
3 799 764 766
3 799 797 764
3 800 765 767
3 800 798 765
3 801 766 768
3 801 799 766
3 802 34 769
3 802 37 34
3 803 800 767
3 803 767 770
3 804 801 768
3 804 768 771
3 805 769 772
3 805 802 769
3 806 770 773
3 806 803 770
3 807 771 774
3 807 804 771
3 808 805 772
3 808 772 775
3 809 773 776
3 809 806 773
3 810 807 774
3 810 774 777
3 811 775 778
3 811 808 775
3 812 809 776
3 812 776 779
3 813 810 777
3 813 777 780
3 813 780 783
3 814 811 778
3 814 778 781
3 815 812 779
3 815 779 782
3 816 813 783
3 817 781 784
3 817 814 781
3 818 782 785
3 818 815 782
3 819 816 783
3 819 783 786
3 820 817 784
3 820 784 787
3 821 818 785
3 821 785 788
3 822 819 786
3 822 789 791
3 822 786 789
3 823 820 787
3 823 787 792
3 824 821 788
3 824 788 793
3 824 793 795
3 825 792 794
3 825 823 792
3 826 824 795
3 827 794 796
3 827 825 794
3 828 795 797
3 828 826 795
3 829 827 796
3 829 796 798
3 830 797 799
3 830 828 797
3 831 798 800
3 831 829 798
3 832 799 801
3 832 830 799
3 833 39 37
3 833 37 802
3 834 800 803
3 834 831 800
3 835 804 807
3 835 832 801
3 835 801 804
3 836 833 802
3 836 802 805
3 837 834 803
3 837 803 806
3 838 835 807
3 839 805 808
3 839 836 805
3 840 806 809
3 840 837 806
3 841 838 807
3 841 807 810
3 842 839 808
3 842 808 811
3 843 840 809
3 843 809 812
3 844 810 813
3 844 841 810
3 845 811 814
3 845 842 811
3 846 812 815
3 846 843 812
3 847 844 813
3 847 813 816
3 848 845 814
3 848 814 817
3 849 846 815
3 849 818 821
3 849 815 818
3 850 816 819
3 850 847 816
3 851 817 820
3 851 848 817
3 852 849 821
3 853 791 854
3 853 822 791
3 853 850 819
3 853 819 822
3 855 851 820
3 855 820 823
3 856 824 826
3 856 852 821
3 856 821 824
3 857 823 825
3 857 855 823
3 858 856 826
3 859 857 825
3 859 825 827
3 860 826 828
3 860 858 826
3 861 859 827
3 861 827 829
3 862 860 828
3 862 828 830
3 863 861 829
3 863 829 831
3 864 830 832
3 864 862 830
3 865 41 39
3 865 39 833
3 866 863 831
3 866 831 834
3 867 832 835
3 867 864 832
3 868 836 839
3 868 833 836
3 868 865 833
3 869 866 834
3 869 834 837
3 870 835 838
3 870 867 835
3 871 868 839
3 872 837 840
3 872 869 837
3 873 870 838
3 873 838 841
3 874 871 839
3 874 839 842
3 875 872 840
3 875 840 843
3 876 873 841
3 876 841 844
3 876 844 847
3 877 842 845
3 877 845 848
3 877 874 842
3 878 875 843
3 878 843 846
3 879 876 847
3 880 877 848
3 881 849 852
3 881 878 846
3 881 846 849
3 882 879 847
3 882 847 850
3 883 848 851
3 883 851 855
3 883 880 848
3 884 881 852
3 884 852 856
3 885 854 886
3 885 882 850
3 885 853 854
3 885 850 853
3 887 883 855
3 888 884 856
3 888 856 858
3 889 855 857
3 889 887 855
3 890 888 858
3 891 857 859
3 891 889 857
3 892 890 858
3 892 860 862
3 892 858 860
3 893 859 861
3 893 891 859
3 894 892 862
3 894 862 864
3 895 893 861
3 895 861 863
3 896 864 867
3 896 894 864
3 897 43 41
3 897 45 43
3 897 41 865
3 898 863 866
3 898 895 863
3 899 896 867
3 900 865 868
3 900 897 865
3 901 866 869
3 901 869 872
3 901 898 866
3 902 870 873
3 902 867 870
3 902 899 867
3 903 868 871
3 903 900 868
3 904 901 872
3 905 902 873
3 906 903 871
3 906 871 874
3 907 904 872
3 907 872 875
3 908 905 873
3 908 873 876
3 909 906 874
3 909 874 877
3 910 907 875
3 910 875 878
3 911 908 876
3 911 876 879
3 912 909 877
3 912 877 880
3 913 910 878
3 913 878 881
3 914 879 882
3 914 911 879
3 914 882 885
3 915 880 883
3 915 912 880
3 916 913 881
3 916 881 884
3 916 884 888
3 917 886 918
3 917 914 885
3 917 885 886
3 919 915 883
3 919 883 887
3 920 916 888
3 921 887 889
3 921 919 887
3 922 920 888
3 922 888 890
3 923 921 889
3 923 889 891
3 923 891 893
3 924 922 890
3 924 890 892
3 925 923 893
3 926 924 892
3 926 892 894
3 927 893 895
3 927 925 893
3 928 926 894
3 928 896 899
3 928 894 896
3 929 45 897
3 930 927 895
3 930 895 898
3 931 928 899
3 932 897 900
3 932 929 897
3 933 930 898
3 933 898 901
3 934 899 902
3 934 931 899
3 934 902 905
3 935 900 903
3 935 932 900
3 936 901 904
3 936 904 907
3 936 933 901
3 937 934 905
3 938 935 903
3 938 903 906
3 938 906 909
3 939 936 907
3 940 905 908
3 940 937 905
3 941 938 909
3 942 907 910
3 942 939 907
3 943 911 914
3 943 908 911
3 943 940 908
3 944 909 912
3 944 941 909
3 945 910 913
3 945 913 916
3 945 942 910
3 946 943 914
3 946 914 917
3 947 944 912
3 947 912 915
3 947 915 919
3 948 916 920
3 948 945 916
3 949 918 950
3 949 950 951
3 949 917 918
3 949 946 917
3 952 947 919
3 953 948 920
3 954 952 919
3 954 919 921
3 955 953 920
3 955 920 922
3 955 922 924
3 956 921 923
3 956 954 921
3 957 924 926
3 957 955 924
3 958 923 925
3 958 956 923
3 959 957 926
3 959 926 928
3 960 958 925
3 960 927 930
3 960 925 927
3 961 959 928
3 962 47 45
3 962 45 929
3 963 960 930
3 963 930 933
3 964 961 928
3 964 928 931
3 965 962 929
3 965 929 932
3 966 963 933
3 967 931 934
3 967 964 931
3 968 965 932
3 968 932 935
3 969 933 936
3 969 966 933
3 970 934 937
3 970 967 934
3 971 935 938
3 971 968 935
3 972 936 939
3 972 969 936
3 973 937 940
3 973 970 937
3 974 938 941
3 974 971 938
3 975 939 942
3 975 972 939
3 976 940 943
3 976 973 940
3 977 941 944
3 977 974 941
3 978 942 945
3 978 975 942
3 979 943 946
3 979 946 949
3 979 976 943
3 980 977 944
3 980 944 947
3 981 945 948
3 981 978 945
3 982 951 983
3 982 979 949
3 982 949 951
3 984 947 952
3 984 980 947
3 985 981 948
3 985 948 953
3 986 954 956
3 986 952 954
3 986 984 952
3 987 985 953
3 987 953 955
3 988 986 956
3 989 987 955
3 989 955 957
3 990 988 956
3 990 956 958
3 991 989 957
3 991 957 959
3 992 990 958
3 992 958 960
3 993 991 959
3 993 959 961
3 994 48 47
3 994 962 965
3 994 47 962
3 995 992 960
3 995 960 963
3 996 993 961
3 996 961 964
3 997 994 965
3 998 995 963
3 998 963 966
3 999 996 964
3 999 964 967
3 1000 997 965
3 1000 965 968
3 1001 998 966
3 1001 969 972
3 1001 966 969
3 1002 999 967
3 1002 967 970
3 1003 1000 968
3 1003 971 974
3 1003 968 971
3 1004 1001 972
3 1005 970 973
3 1005 1002 970
3 1006 974 977
3 1006 1003 974
3 1007 972 975
3 1007 1004 972
3 1008 973 976
3 1008 1005 973
3 1009 1006 977
3 1010 978 981
3 1010 975 978
3 1010 1007 975
3 1011 1008 976
3 1011 976 979
3 1012 977 980
3 1012 980 984
3 1012 1009 977
3 1013 1010 981
3 1014 982 983
3 1014 1011 979
3 1014 979 982
3 1015 1012 984
3 1016 981 985
3 1016 1013 981
3 1017 1015 984
3 1017 984 986
3 1017 986 988
3 1018 1016 985
3 1018 985 987
3 1019 1017 988
3 1020 1018 987
3 1020 987 989
3 1021 988 990
3 1021 1019 988
3 1022 1020 989
3 1022 989 991
3 1022 991 993
3 1023 1021 990
3 1023 992 995
3 1023 990 992
3 1024 1022 993
3 1025 51 48
3 1025 48 994
3 1026 1023 995
3 1026 995 998
3 1027 1024 993
3 1027 993 996
3 1027 996 999
3 1028 1025 994
3 1028 994 997
3 1029 1026 998
3 1030 1027 999
3 1031 997 1000
3 1031 1028 997
3 1032 1001 1004
3 1032 998 1001
3 1032 1029 998
3 1033 1030 999
3 1033 999 1002
3 1034 1031 1000
3 1034 1000 1003
3 1035 1032 1004
3 1036 1005 1008
3 1036 1033 1002
3 1036 1002 1005
3 1037 1003 1006
3 1037 1034 1003
3 1038 1007 1010
3 1038 1004 1007
3 1038 1035 1004
3 1039 1036 1008
3 1040 1006 1009
3 1040 1037 1006
3 1041 1038 1010
3 1042 1008 1011
3 1042 1039 1008
3 1043 1009 1012
3 1043 1040 1009
3 1044 1041 1010
3 1044 1010 1013
3 1045 1042 1011
3 1045 983 1046
3 1045 1046 1047
3 1045 1011 1014
3 1045 1014 983
3 1048 1012 1015
3 1048 1043 1012
3 1049 1013 1016
3 1049 1044 1013
3 1050 1048 1015
3 1050 1015 1017
3 1051 1016 1018
3 1051 1049 1016
3 1051 1018 1020
3 1052 1017 1019
3 1052 1050 1017
3 1053 1051 1020
3 1053 1020 1022
3 1054 1052 1019
3 1054 1019 1021
3 1055 1022 1024
3 1055 1053 1022
3 1056 1021 1023
3 1056 1054 1021
3 1057 1055 1024
3 1058 51 1025
3 1058 53 51
3 1059 1023 1026
3 1059 1056 1023
3 1060 1057 1024
3 1060 1024 1027
3 1060 1027 1030
3 1061 1025 1028
3 1061 1028 1031
3 1061 1058 1025
3 1062 1026 1029
3 1062 1059 1026
3 1063 1060 1030
3 1064 1061 1031
3 1065 1062 1029
3 1065 1029 1032
3 1066 1063 1030
3 1066 1030 1033
3 1066 1033 1036
3 1067 1031 1034
3 1067 1064 1031
3 1067 1034 1037
3 1068 1032 1035
3 1068 1065 1032
3 1069 1036 1039
3 1069 1066 1036
3 1070 1067 1037
3 1071 1068 1035
3 1071 1038 1041
3 1071 1035 1038
3 1072 1069 1039
3 1073 1070 1037
3 1073 1037 1040
3 1074 1071 1041
3 1075 1039 1042
3 1075 1042 1045
3 1075 1072 1039
3 1076 1073 1040
3 1076 1040 1043
3 1076 1043 1048
3 1077 1044 1049
3 1077 1041 1044
3 1077 1074 1041
3 1078 1075 1045
3 1078 1045 1047
3 1079 1076 1048
3 1080 1077 1049
3 1081 1079 1048
3 1081 1050 1052
3 1081 1048 1050
3 1082 1049 1051
3 1082 1080 1049
3 1083 1081 1052
3 1084 1082 1051
3 1084 1053 1055
3 1084 1051 1053
3 1085 1052 1054
3 1085 1083 1052
3 1086 1084 1055
3 1087 1056 1059
3 1087 1085 1054
3 1087 1054 1056
3 1088 1057 1060
3 1088 1086 1055
3 1088 1055 1057
3 1089 53 1058
3 1089 54 53
3 1090 1087 1059
3 1091 1088 1060
3 1092 1058 1061
3 1092 1061 1064
3 1092 1089 1058
3 1093 1090 1059
3 1093 1059 1062
3 1094 1091 1060
3 1094 1060 1063
3 1094 1063 1066
3 1095 1092 1064
3 1096 1062 1065
3 1096 1093 1062
3 1096 1065 1068
3 1097 1094 1066
3 1097 1066 1069
3 1098 1095 1064
3 1098 1064 1067
3 1098 1067 1070
3 1099 1096 1068
3 1100 1097 1069
3 1101 1098 1070
3 1102 1068 1071
3 1102 1099 1068
3 1103 1100 1069
3 1103 1069 1072
3 1104 1101 1070
3 1104 1070 1073
3 1105 1102 1071
3 1105 1071 1074
3 1105 1074 1077
3 1106 1072 1075
3 1106 1075 1078
3 1106 1103 1072
3 1107 1076 1079
3 1107 1104 1073
3 1107 1073 1076
3 1108 1077 1080
3 1108 1105 1077
3 1109 1078 1047
3 1109 1047 1110
3 1109 1106 1078
3 1111 1107 1079
3 1112 1108 1080
3 1113 1079 1081
3 1113 1111 1079
3 1114 1112 1080
3 1114 1080 1082
3 1115 1081 1083
3 1115 1113 1081
3 1116 1114 1082
3 1116 1082 1084
3 1117 1115 1083
3 1117 1083 1085
3 1118 1084 1086
3 1118 1116 1084
3 1119 1085 1087
3 1119 1117 1085
3 1120 1118 1086
3 1120 1086 1088
3 1120 1088 1091
3 1121 57 54
3 1121 54 1089
3 1122 1087 1090
3 1122 1119 1087
3 1123 1120 1091
3 1124 1089 1092
3 1124 1121 1089
3 1125 1090 1093
3 1125 1122 1090
3 1126 1123 1091
3 1126 1091 1094
3 1126 1094 1097
3 1127 1092 1095
3 1127 1124 1092
3 1128 1125 1093
3 1128 1093 1096
3 1128 1096 1099
3 1129 1126 1097
3 1130 1095 1098
3 1130 1127 1095
3 1131 1128 1099
3 1132 1097 1100
3 1132 1129 1097
3 1133 1130 1098
3 1133 1098 1101
3 1134 1131 1099
3 1134 1099 1102
3 1135 1132 1100
3 1135 1100 1103
3 1136 1133 1101
3 1136 1101 1104
3 1137 1134 1102
3 1137 1102 1105
3 1137 1105 1108
3 1138 1135 1103
3 1138 1103 1106
3 1139 1136 1104
3 1139 1104 1107
3 1140 1137 1108
3 1141 1109 1110
3 1141 1106 1109
3 1141 1110 1142
3 1141 1142 1143
3 1141 1138 1106
3 1144 1139 1107
3 1144 1107 1111
3 1145 1108 1112
3 1145 1140 1108
3 1146 1111 1113
3 1146 1144 1111
3 1147 1145 1112
3 1147 1112 1114
3 1148 1146 1113
3 1148 1113 1115
3 1149 1147 1114
3 1149 1114 1116
3 1149 1116 1118
3 1150 1115 1117
3 1150 1148 1115
3 1151 1149 1118
3 1151 1118 1120
3 1152 1117 1119
3 1152 1119 1122
3 1152 1150 1117
3 1153 1151 1120
3 1154 1121 1124
3 1154 57 1121
3 1154 58 57
3 1155 1152 1122
3 1156 1120 1123
3 1156 1153 1120
3 1157 1154 1124
3 1158 1155 1122
3 1158 1122 1125
3 1159 1156 1123
3 1159 1123 1126
3 1160 1157 1124
3 1160 1124 1127
3 1161 1125 1128
3 1161 1158 1125
3 1162 1159 1126
3 1162 1126 1129
3 1163 1127 1130
3 1163 1160 1127
3 1164 1161 1128
3 1164 1128 1131
3 1165 1162 1129
3 1165 1129 1132
3 1165 1132 1135
3 1166 1133 1136
3 1166 1163 1130
3 1166 1130 1133
3 1167 1131 1134
3 1167 1164 1131
3 1168 1165 1135
3 1169 1166 1136
3 1169 1136 1139
3 1170 1167 1134
3 1170 1134 1137
3 1171 1168 1135
3 1171 1135 1138
3 1172 1139 1144
3 1172 1169 1139
3 1173 1170 1137
3 1173 1137 1140
3 1174 1171 1138
3 1174 1141 1143
3 1174 1138 1141
3 1175 1172 1144
3 1176 1173 1140
3 1176 1140 1145
3 1177 1144 1146
3 1177 1146 1148
3 1177 1175 1144
3 1178 1145 1147
3 1178 1176 1145
3 1179 1177 1148
3 1180 1147 1149
3 1180 1178 1147
3 1181 1148 1150
3 1181 1179 1148
3 1181 1150 1152
3 1182 1149 1151
3 1182 1180 1149
3 1183 1181 1152
3 1184 1182 1151
3 1184 1151 1153
3 1185 58 1154
3 1185 61 58
3 1186 1183 1152
3 1186 1152 1155
3 1187 1153 1156
3 1187 1184 1153
3 1188 1185 1154
3 1188 1154 1157
3 1189 1155 1158
3 1189 1186 1155
3 1189 1158 1161
3 1190 1187 1156
3 1190 1156 1159
3 1191 1188 1157
3 1191 1157 1160
3 1192 1189 1161
3 1193 1190 1159
3 1193 1159 1162
3 1193 1162 1165
3 1194 1191 1160
3 1194 1160 1163
3 1195 1192 1161
3 1195 1161 1164
3 1196 1193 1165
3 1197 1163 1166
3 1197 1194 1163
3 1198 1195 1164
3 1198 1167 1170
3 1198 1164 1167
3 1199 1196 1165
3 1199 1165 1168
3 1200 1166 1169
3 1200 1197 1166
3 1201 1198 1170
3 1202 1168 1171
3 1202 1199 1168
3 1203 1169 1172
3 1203 1200 1169
3 1204 1173 1176
3 1204 1201 1170
3 1204 1170 1173
3 1205 1143 1206
3 1205 1202 1171
3 1205 1174 1143
3 1205 1171 1174
3 1207 1172 1175
3 1207 1203 1172
3 1208 1204 1176
3 1209 1207 1175
3 1209 1175 1177
3 1210 1178 1180
3 1210 1176 1178
3 1210 1208 1176
3 1211 1177 1179
3 1211 1209 1177
3 1212 1180 1182
3 1212 1210 1180
3 1213 1179 1181
3 1213 1211 1179
3 1214 1182 1184
3 1214 1212 1182
3 1215 1213 1181
3 1215 1181 1183
3 1216 1214 1184
3 1217 61 1185
3 1217 63 61
3 1217 1185 1188
3 1218 1215 1183
3 1218 1183 1186
3 1219 1216 1184
3 1219 1184 1187
3 1219 1187 1190
3 1220 1217 1188
3 1221 1186 1189
3 1221 1218 1186
3 1221 1189 1192
3 1222 1219 1190
3 1222 1190 1193
3 1223 1188 1191
3 1223 1191 1194
3 1223 1220 1188
3 1224 1221 1192
3 1225 1222 1193
3 1226 1223 1194
3 1227 1192 1195
3 1227 1224 1192
3 1228 1225 1193
3 1228 1196 1199
3 1228 1193 1196
3 1229 1226 1194
3 1229 1194 1197
3 1230 1227 1195
3 1230 1195 1198
3 1230 1198 1201
3 1231 1228 1199
3 1232 1200 1203
3 1232 1197 1200
3 1232 1229 1197
3 1233 1230 1201
3 1234 1231 1199
3 1234 1199 1202
3 1235 1232 1203
3 1236 1204 1208
3 1236 1233 1201
3 1236 1201 1204
3 1237 1206 1238
3 1237 1234 1202
3 1237 1205 1206
3 1237 1202 1205
3 1239 1203 1207
3 1239 1235 1203
3 1240 1236 1208
3 1241 1239 1207
3 1241 1207 1209
3 1242 1210 1212
3 1242 1240 1208
3 1242 1208 1210
3 1243 1241 1209
3 1243 1209 1211
3 1244 1212 1214
3 1244 1242 1212
3 1245 1213 1215
3 1245 1243 1211
3 1245 1211 1213
3 1246 1244 1214
3 1247 1245 1215
3 1248 1214 1216
3 1248 1246 1214
3 1249 63 1217
3 1249 65 63
3 1250 1215 1218
3 1250 1247 1215
3 1251 1216 1219
3 1251 1248 1216
3 1252 1217 1220
3 1252 1249 1217
3 1253 1250 1218
3 1253 1218 1221
3 1254 1251 1219
3 1254 1219 1222
3 1254 1222 1225
3 1255 1220 1223
3 1255 1252 1220
3 1256 1253 1221
3 1256 1221 1224
3 1257 1254 1225
3 1258 1223 1226
3 1258 1255 1223
3 1259 1256 1224
3 1259 1224 1227
3 1260 1257 1225
3 1260 1225 1228
3 1261 1258 1226
3 1261 1226 1229
3 1262 1227 1230
3 1262 1259 1227
3 1262 1230 1233
3 1263 1260 1228
3 1263 1228 1231
3 1264 1229 1232
3 1264 1261 1229
3 1265 1262 1233
3 1266 1263 1231
3 1266 1231 1234
3 1267 1264 1232
3 1267 1232 1235
3 1268 1265 1233
3 1268 1233 1236
3 1269 1238 1270
3 1269 1266 1234
3 1269 1237 1238
3 1269 1234 1237
3 1271 1235 1239
3 1271 1267 1235
3 1272 1268 1236
3 1272 1236 1240
3 1273 1271 1239
3 1273 1239 1241
3 1273 1241 1243
3 1274 1240 1242
3 1274 1272 1240
3 1274 1242 1244
3 1275 1273 1243
3 1276 1274 1244
3 1277 1275 1243
3 1277 1243 1245
3 1278 1276 1244
3 1278 1244 1246
3 1279 1277 1245
3 1279 1245 1247
3 1280 1278 1246
3 1280 1246 1248
3 1281 65 1249
3 1281 1249 1252
3 1281 66 65
3 1282 1279 1247
3 1282 1247 1250
3 1283 1248 1251
3 1283 1280 1248
3 1284 1281 1252
3 1285 1282 1250
3 1285 1250 1253
3 1286 1251 1254
3 1286 1283 1251
3 1287 1284 1252
3 1287 1252 1255
3 1288 1253 1256
3 1288 1285 1253
3 1289 1286 1254
3 1289 1254 1257
3 1290 1255 1258
3 1290 1258 1261
3 1290 1287 1255
3 1291 1256 1259
3 1291 1288 1256
3 1292 1257 1260
3 1292 1289 1257
3 1293 1261 1264
3 1293 1290 1261
3 1294 1259 1262
3 1294 1291 1259
3 1295 1292 1260
3 1295 1260 1263
3 1296 1293 1264
3 1297 1265 1268
3 1297 1294 1262
3 1297 1262 1265
3 1298 1295 1263
3 1298 1263 1266
3 1299 1264 1267
3 1299 1296 1264
3 1299 1267 1271
3 1300 1297 1268
3 1301 1270 1302
3 1301 1298 1266
3 1301 1269 1270
3 1301 1266 1269
3 1303 1299 1271
3 1304 1300 1268
3 1304 1268 1272
3 1305 1303 1271
3 1305 1271 1273
3 1305 1273 1275
3 1306 1272 1274
3 1306 1304 1272
3 1307 1305 1275
3 1308 1306 1274
3 1308 1274 1276
3 1309 1275 1277
3 1309 1307 1275
3 1309 1277 1279
3 1310 1308 1276
3 1310 1276 1278
3 1310 1278 1280
3 1311 1309 1279
3 1311 1279 1282
3 1312 1310 1280
3 1313 69 66
3 1313 66 1281
3 1314 1311 1282
3 1315 1283 1286
3 1315 1312 1280
3 1315 1280 1283
3 1316 1313 1281
3 1316 1281 1284
3 1317 1285 1288
3 1317 1282 1285
3 1317 1314 1282
3 1318 1315 1286
3 1319 1316 1284
3 1319 1284 1287
3 1320 1317 1288
3 1321 1318 1286
3 1321 1286 1289
3 1322 1287 1290
3 1322 1319 1287
3 1323 1288 1291
3 1323 1320 1288
3 1324 1289 1292
3 1324 1321 1289
3 1324 1292 1295
3 1325 1322 1290
3 1325 1290 1293
3 1326 1323 1291
3 1326 1291 1294
3 1327 1324 1295
3 1328 1296 1299
3 1328 1293 1296
3 1328 1325 1293
3 1329 1294 1297
3 1329 1326 1294
3 1330 1327 1295
3 1330 1295 1298
3 1331 1328 1299
3 1332 1329 1297
3 1332 1297 1300
3 1333 1302 1334
3 1333 1330 1298
3 1333 1301 1302
3 1333 1298 1301
3 1335 1331 1299
3 1335 1299 1303
3 1336 1300 1304
3 1336 1332 1300
3 1337 1303 1305
3 1337 1335 1303
3 1338 1336 1304
3 1338 1304 1306
3 1338 1306 1308
3 1339 1337 1305
3 1339 1305 1307
3 1340 1338 1308
3 1341 1307 1309
3 1341 1339 1307
3 1342 1340 1308
3 1342 1308 1310
3 1342 1310 1312
3 1343 1309 1311
3 1343 1341 1309
3 1344 1342 1312
3 1345 70 69
3 1345 73 70
3 1345 69 1313
3 1346 1343 1311
3 1346 1311 1314
3 1347 1315 1318
3 1347 1344 1312
3 1347 1312 1315
3 1348 1313 1316
3 1348 1345 1313
3 1349 1346 1314
3 1349 1314 1317
3 1350 1347 1318
3 1351 1316 1319
3 1351 1348 1316
3 1352 1349 1317
3 1352 1317 1320
3 1353 1318 1321
3 1353 1350 1318
3 1354 1319 1322
3 1354 1351 1319
3 1355 1320 1323
3 1355 1352 1320
3 1356 1353 1321
3 1356 1321 1324
3 1356 1324 1327
3 1357 1322 1325
3 1357 1354 1322
3 1358 1323 1326
3 1358 1355 1323
3 1359 1356 1327
3 1359 1327 1330
3 1360 1325 1328
3 1360 1357 1325
3 1361 1358 1326
3 1361 1326 1329
3 1362 1359 1330
3 1363 1328 1331
3 1363 1360 1328
3 1364 1329 1332
3 1364 1361 1329
3 1365 1334 1366
3 1365 1362 1330
3 1365 1333 1334
3 1365 1330 1333
3 1367 1363 1331
3 1367 1331 1335
3 1368 1332 1336
3 1368 1336 1338
3 1368 1364 1332
3 1369 1367 1335
3 1369 1335 1337
3 1369 1337 1339
3 1370 1368 1338
3 1371 1369 1339
3 1372 1370 1338
3 1372 1338 1340
3 1373 1341 1343
3 1373 1371 1339
3 1373 1339 1341
3 1374 1372 1340
3 1374 1342 1344
3 1374 1340 1342
3 1375 1373 1343
3 1376 1374 1344
3 1377 75 73
3 1377 1345 1348
3 1377 73 1345
3 1378 1343 1346
3 1378 1375 1343
3 1379 1376 1344
3 1379 1344 1347
3 1380 1377 1348
3 1381 1349 1352
3 1381 1346 1349
3 1381 1378 1346
3 1382 1379 1347
3 1382 1347 1350
3 1383 1380 1348
3 1383 1348 1351
3 1384 1381 1352
3 1385 1350 1353
3 1385 1382 1350
3 1386 1351 1354
3 1386 1383 1351
3 1387 1352 1355
3 1387 1384 1352
3 1388 1353 1356
3 1388 1385 1353
3 1389 1354 1357
3 1389 1386 1354
3 1389 1357 1360
3 1390 1358 1361
3 1390 1387 1355
3 1390 1355 1358
3 1391 1388 1356
3 1391 1356 1359
3 1392 1389 1360
3 1392 1360 1363
3 1393 1390 1361
3 1394 1359 1362
3 1394 1391 1359
3 1395 1392 1363
3 1396 1361 1364
3 1396 1364 1368
3 1396 1393 1361
3 1397 1394 1362
3 1397 1366 1398
3 1397 1365 1366
3 1397 1362 1365
3 1399 1395 1363
3 1399 1363 1367
3 1400 1396 1368
3 1401 1399 1367
3 1401 1367 1369
3 1402 1400 1368
3 1402 1368 1370
3 1402 1370 1372
3 1403 1401 1369
3 1403 1369 1371
3 1404 1402 1372
3 1405 1371 1373
3 1405 1403 1371
3 1406 1404 1372
3 1406 1372 1374
3 1406 1374 1376
3 1407 1405 1373
3 1407 1373 1375
3 1408 1406 1376
3 1409 75 1377
3 1410 1375 1378
3 1410 1407 1375
3 1411 1408 1376
3 1411 1379 1382
3 1411 1376 1379
3 1412 1380 1383
3 1412 1409 1377
3 1412 1377 1380
3 1413 1410 1378
3 1413 1378 1381
3 1414 1411 1382
3 1414 1382 1385
3 1415 1412 1383
3 1416 1381 1384
3 1416 1413 1381
3 1417 1414 1385
3 1418 1415 1383
3 1418 1383 1386
3 1419 1384 1387
3 1419 1416 1384
3 1420 1385 1388
3 1420 1417 1385
3 1421 1386 1389
3 1421 1418 1386
3 1421 1389 1392
3 1422 1387 1390
3 1422 1390 1393
3 1422 1419 1387
3 1423 1388 1391
3 1423 1391 1394
3 1423 1420 1388
3 1424 1392 1395
3 1424 1421 1392
3 1425 1422 1393
3 1426 1423 1394
3 1426 1394 1397
3 1427 1424 1395
3 1428 1393 1396
3 1428 1425 1393
3 1428 1396 1400
3 1429 1426 1397
3 1429 1398 1430
3 1429 1430 1431
3 1429 1397 1398
3 1432 1395 1399
3 1432 1427 1395
3 1433 1428 1400
3 1434 1399 1401
3 1434 1401 1403
3 1434 1432 1399
3 1435 1433 1400
3 1435 1402 1404
3 1435 1400 1402
3 1436 1434 1403
3 1437 1435 1404
3 1437 1404 1406
3 1438 1436 1403
3 1438 1405 1407
3 1438 1403 1405
3 1439 1437 1406
3 1440 1438 1407
3 1441 1439 1406
3 1441 1406 1408
3 1442 75 1409
3 1442 76 75
3 1443 1407 1410
3 1443 1440 1407
3 1444 1441 1408
3 1444 1408 1411
3 1445 1409 1412
3 1445 1442 1409
3 1446 1443 1410
3 1446 1410 1413
3 1447 1444 1411
3 1447 1414 1417
3 1447 1411 1414
3 1448 1445 1412
3 1448 1412 1415
3 1449 1446 1413
3 1449 1413 1416
3 1450 1447 1417
3 1451 1415 1418
3 1451 1448 1415
3 1452 1416 1419
3 1452 1449 1416
3 1453 1450 1417
3 1453 1417 1420
3 1454 1418 1421
3 1454 1451 1418
3 1455 1419 1422
3 1455 1422 1425
3 1455 1452 1419
3 1456 1420 1423
3 1456 1423 1426
3 1456 1453 1420
3 1457 1421 1424
3 1457 1454 1421
3 1458 1455 1425
3 1458 1425 1428
3 1459 1456 1426
3 1460 1457 1424
3 1460 1424 1427
3 1461 1458 1428
3 1462 1426 1429
3 1462 1429 1431
3 1462 1459 1426
3 1463 1460 1427
3 1463 1427 1432
3 1464 1461 1428
3 1464 1428 1433
3 1465 1463 1432
3 1465 1432 1434
3 1466 1464 1433
3 1466 1435 1437
3 1466 1433 1435
3 1467 1434 1436
3 1467 1465 1434
3 1468 1466 1437
3 1469 1467 1436
3 1469 1438 1440
3 1469 1436 1438
3 1470 1468 1437
3 1470 1437 1439
3 1470 1439 1441
3 1471 1469 1440
3 1472 1470 1441
3 1473 76 1442
3 1473 79 76
3 1474 1471 1440
3 1474 1440 1443
3 1475 1472 1441
3 1475 1444 1447
3 1475 1441 1444
3 1476 1473 1442
3 1476 1442 1445
3 1477 1443 1446
3 1477 1446 1449
3 1477 1474 1443
3 1478 1475 1447
3 1478 1447 1450
3 1479 1476 1445
3 1479 1445 1448
3 1480 1477 1449
3 1481 1478 1450
3 1482 1479 1448
3 1482 1448 1451
3 1483 1480 1449
3 1483 1449 1452
3 1484 1481 1450
3 1484 1450 1453
3 1485 1451 1454
3 1485 1482 1451
3 1486 1483 1452
3 1486 1452 1455
3 1487 1484 1453
3 1487 1453 1456
3 1488 1485 1454
3 1488 1454 1457
3 1489 1455 1458
3 1489 1486 1455
3 1490 1487 1456
3 1490 1456 1459
3 1491 1488 1457
3 1491 1457 1460
3 1492 1458 1461
3 1492 1461 1464
3 1492 1489 1458
3 1493 1459 1462
3 1493 1462 1431
3 1493 1431 1494
3 1493 1494 1495
3 1493 1490 1459
3 1496 1460 1463
3 1496 1491 1460
3 1497 1492 1464
3 1498 1496 1463
3 1498 1463 1465
3 1499 1497 1464
3 1499 1466 1468
3 1499 1464 1466
3 1500 1465 1467
3 1500 1498 1465
3 1501 1499 1468
3 1502 1500 1467
3 1502 1467 1469
3 1503 1468 1470
3 1503 1501 1468
3 1504 1469 1471
3 1504 1502 1469
3 1505 1470 1472
3 1505 1503 1470
3 1506 79 1473
3 1506 1473 1476
3 1506 81 79
3 1506 82 81
3 1507 1471 1474
3 1507 1504 1471
3 1508 1472 1475
3 1508 1505 1472
3 1509 1506 1476
3 1510 1474 1477
3 1510 1507 1474
3 1511 1508 1475
3 1511 1475 1478
3 1511 1478 1481
3 1512 1476 1479
3 1512 1509 1476
3 1513 1510 1477
3 1513 1477 1480
3 1514 1511 1481
3 1515 1479 1482
3 1515 1512 1479
3 1516 1513 1480
3 1516 1480 1483
3 1517 1481 1484
3 1517 1514 1481
3 1518 1515 1482
3 1518 1482 1485
3 1519 1516 1483
3 1519 1483 1486
3 1520 1517 1484
3 1520 1484 1487
3 1520 1487 1490
3 1521 1485 1488
3 1521 1518 1485
3 1521 1488 1491
3 1522 1519 1486
3 1522 1486 1489
3 1523 1490 1493
3 1523 1520 1490
3 1524 1521 1491
3 1525 1489 1492
3 1525 1522 1489
3 1526 1493 1495
3 1526 1523 1493
3 1527 1491 1496
3 1527 1496 1498
3 1527 1524 1491
3 1528 1492 1497
3 1528 1525 1492
3 1529 1527 1498
3 1530 1497 1499
3 1530 1528 1497
3 1531 1529 1498
3 1531 1498 1500
3 1532 1499 1501
3 1532 1530 1499
3 1533 1502 1504
3 1533 1500 1502
3 1533 1531 1500
3 1534 1532 1501
3 1534 1501 1503
3 1535 1533 1504
3 1536 1534 1503
3 1536 1503 1505
3 1537 82 1506
3 1537 85 82
3 1538 1535 1504
3 1538 1507 1510
3 1538 1504 1507
3 1539 1505 1508
3 1539 1508 1511
3 1539 1536 1505
3 1540 1537 1506
3 1540 1509 1512
3 1540 1506 1509
3 1541 1538 1510
3 1542 1539 1511
3 1543 1540 1512
3 1544 1541 1510
3 1544 1510 1513
3 1545 1542 1511
3 1545 1511 1514
3 1546 1515 1518
3 1546 1543 1512
3 1546 1512 1515
3 1547 1544 1513
3 1547 1513 1516
3 1547 1516 1519
3 1548 1514 1517
3 1548 1517 1520
3 1548 1545 1514
3 1549 1546 1518
3 1550 1547 1519
3 1550 1519 1522
3 1551 1548 1520
3 1552 1549 1518
3 1552 1518 1521
3 1552 1521 1524
3 1553 1550 1522
3 1554 1551 1520
3 1554 1520 1523
3 1555 1552 1524
3 1556 1525 1528
3 1556 1553 1522
3 1556 1522 1525
3 1557 1495 1558
3 1557 1526 1495
3 1557 1554 1523
3 1557 1523 1526
3 1559 1524 1527
3 1559 1555 1524
3 1560 1556 1528
3 1561 1529 1531
3 1561 1527 1529
3 1561 1559 1527
3 1562 1528 1530
3 1562 1560 1528
3 1562 1530 1532
3 1563 1561 1531
3 1564 1532 1534
3 1564 1562 1532
3 1565 1531 1533
3 1565 1563 1531
3 1566 1564 1534
3 1567 1565 1533
3 1567 1533 1535
3 1568 1566 1534
3 1568 1534 1536
3 1569 85 1537
3 1570 1535 1538
3 1570 1567 1535
3 1571 1568 1536
3 1571 1536 1539
3 1572 1537 1540
3 1572 1569 1537
3 1573 1570 1538
3 1573 1538 1541
3 1574 1539 1542
3 1574 1571 1539
3 1574 1542 1545
3 1575 1572 1540
3 1575 1540 1543
3 1576 1541 1544
3 1576 1544 1547
3 1576 1573 1541
3 1577 1574 1545
3 1578 1543 1546
3 1578 1546 1549
3 1578 1575 1543
3 1579 1576 1547
3 1580 1545 1548
3 1580 1577 1545
3 1580 1548 1551
3 1581 1578 1549
3 1582 1579 1547
3 1582 1547 1550
3 1583 1551 1554
3 1583 1580 1551
3 1584 1581 1549
3 1584 1549 1552
3 1584 1552 1555
3 1585 1582 1550
3 1585 1550 1553
3 1585 1553 1556
3 1586 1583 1554
3 1587 1584 1555
3 1588 1585 1556
3 1589 1558 1590
3 1589 1590 1591
3 1589 1586 1554
3 1589 1557 1558
3 1589 1554 1557
3 1592 1559 1561
3 1592 1555 1559
3 1592 1587 1555
3 1593 1560 1562
3 1593 1556 1560
3 1593 1588 1556
3 1594 1592 1561
3 1594 1561 1563
3 1595 1593 1562
3 1596 1594 1563
3 1597 1562 1564
3 1597 1595 1562
3 1598 1563 1565
3 1598 1596 1563
3 1599 1564 1566
3 1599 1597 1564
3 1600 1598 1565
3 1600 1565 1567
3 1601 1599 1566
3 1601 1566 1568
3 1602 85 1569
3 1602 87 85
3 1602 89 87
3 1603 1600 1567
3 1603 1567 1570
3 1604 1568 1571
3 1604 1571 1574
3 1604 1601 1568
3 1605 1602 1569
3 1605 1569 1572
3 1606 1573 1576
3 1606 1570 1573
3 1606 1603 1570
3 1607 1604 1574
3 1608 1605 1572
3 1608 1572 1575
3 1609 1606 1576
3 1610 1607 1574
3 1610 1574 1577
3 1611 1575 1578
3 1611 1608 1575
3 1612 1609 1576
3 1612 1576 1579
3 1613 1577 1580
3 1613 1610 1577
3 1614 1578 1581
3 1614 1611 1578
3 1615 1579 1582
3 1615 1612 1579
3 1615 1582 1585
3 1616 1613 1580
3 1616 1580 1583
3 1617 1581 1584
3 1617 1614 1581
3 1618 1615 1585
3 1618 1585 1588
3 1619 1616 1583
3 1619 1583 1586
3 1620 1617 1584
3 1620 1584 1587
3 1621 1618 1588
3 1622 1619 1586
3 1622 1586 1589
3 1622 1589 1591
3 1623 1620 1587
3 1623 1592 1594
3 1623 1587 1592
3 1624 1593 1595
3 1624 1621 1588
3 1624 1588 1593
3 1625 1623 1594
3 1626 1595 1597
3 1626 1624 1595
3 1627 1625 1594
3 1627 1594 1596
3 1628 1597 1599
3 1628 1626 1597
3 1629 1596 1598
3 1629 1627 1596
3 1629 1598 1600
3 1630 1628 1599
3 1631 1629 1600
3 1631 1600 1603
3 1632 1599 1601
3 1632 1601 1604
3 1632 1630 1599
3 1633 89 1602
3 1633 91 89
3 1634 1631 1603
3 1635 1632 1604
3 1636 1605 1608
3 1636 1633 1602
3 1636 1602 1605
3 1637 1603 1606
3 1637 1606 1609
3 1637 1634 1603
3 1638 1635 1604
3 1638 1604 1607
3 1638 1607 1610
3 1639 1636 1608
3 1640 1637 1609
3 1641 1638 1610
3 1642 1639 1608
3 1642 1608 1611
3 1642 1611 1614
3 1643 1609 1612
3 1643 1640 1609
3 1644 1641 1610
3 1644 1610 1613
3 1645 1642 1614
3 1646 1615 1618
3 1646 1643 1612
3 1646 1612 1615
3 1647 1613 1616
3 1647 1644 1613
3 1647 1616 1619
3 1648 1614 1617
3 1648 1645 1614
3 1648 1617 1620
3 1649 1646 1618
3 1650 1647 1619
3 1650 1619 1622
3 1651 1648 1620
3 1652 1649 1618
3 1652 1618 1621
3 1653 1591 1654
3 1653 1622 1591
3 1653 1650 1622
3 1655 1620 1623
3 1655 1651 1620
3 1656 1652 1621
3 1656 1621 1624
3 1657 1655 1623
3 1657 1623 1625
3 1658 1656 1624
3 1658 1624 1626
3 1658 1626 1628
3 1659 1657 1625
3 1659 1625 1627
3 1660 1628 1630
3 1660 1658 1628
3 1661 1659 1627
3 1661 1627 1629
3 1662 1660 1630
3 1663 1629 1631
3 1663 1661 1629
3 1664 1630 1632
3 1664 1632 1635
3 1664 1662 1630
3 1665 91 1633
3 1666 1631 1634
3 1666 1663 1631
3 1667 1664 1635
3 1668 1665 1633
3 1668 1633 1636
3 1669 1634 1637
3 1669 1666 1634
3 1670 1635 1638
3 1670 1638 1641
3 1670 1667 1635
3 1671 1636 1639
3 1671 1668 1636
3 1672 1637 1640
3 1672 1669 1637
3 1673 1670 1641
3 1674 1671 1639
3 1674 1642 1645
3 1674 1639 1642
3 1675 1672 1640
3 1675 1640 1643
3 1676 1641 1644
3 1676 1673 1641
3 1677 1674 1645
3 1678 1643 1646
3 1678 1675 1643
3 1679 1676 1644
3 1679 1644 1647
3 1679 1647 1650
3 1680 1645 1648
3 1680 1677 1645
3 1681 1678 1646
3 1681 1646 1649
3 1682 1679 1650
3 1682 1650 1653
3 1683 1680 1648
3 1683 1648 1651
3 1684 1681 1649
3 1684 1649 1652
3 1685 1654 1686
3 1685 1653 1654
3 1685 1682 1653
3 1687 1651 1655
3 1687 1655 1657
3 1687 1683 1651
3 1688 1652 1656
3 1688 1684 1652
3 1689 1687 1657
3 1689 1657 1659
3 1690 1656 1658
3 1690 1688 1656
3 1691 1689 1659
3 1692 1690 1658
3 1692 1658 1660
3 1693 1661 1663
3 1693 1691 1659
3 1693 1659 1661
3 1694 1692 1660
3 1694 1660 1662
3 1695 1663 1666
3 1695 1693 1663
3 1696 1694 1662
3 1696 1662 1664
3 1697 91 1665
3 1697 92 91
3 1697 95 92
3 1698 1695 1666
3 1699 1664 1667
3 1699 1696 1664
3 1700 1665 1668
3 1700 1697 1665
3 1701 1666 1669
3 1701 1698 1666
3 1701 1669 1672
3 1702 1667 1670
3 1702 1699 1667
3 1703 1668 1671
3 1703 1700 1668
3 1704 1701 1672
3 1705 1670 1673
3 1705 1702 1670
3 1706 1703 1671
3 1706 1671 1674
3 1707 1704 1672
3 1707 1672 1675
3 1708 1673 1676
3 1708 1705 1673
3 1709 1706 1674
3 1709 1674 1677
3 1710 1675 1678
3 1710 1678 1681
3 1710 1707 1675
3 1711 1708 1676
3 1711 1676 1679
3 1712 1677 1680
3 1712 1709 1677
3 1713 1710 1681
3 1713 1681 1684
3 1714 1679 1682
3 1714 1711 1679
3 1715 1712 1680
3 1715 1680 1683
3 1716 1713 1684
3 1717 1686 1718
3 1717 1714 1682
3 1717 1685 1686
3 1717 1682 1685
3 1719 1715 1683
3 1719 1683 1687
3 1720 1688 1690
3 1720 1684 1688
3 1720 1716 1684
3 1721 1687 1689
3 1721 1719 1687
3 1722 1720 1690
3 1722 1690 1692
3 1723 1721 1689
3 1723 1689 1691
3 1724 1722 1692
3 1725 1723 1691
3 1725 1691 1693
3 1726 1724 1692
3 1726 1692 1694
3 1727 1725 1693
3 1727 1693 1695
3 1728 1694 1696
3 1728 1726 1694
3 1728 1696 1699
3 1729 95 1697
3 1730 1727 1695
3 1730 1695 1698
3 1731 1728 1699
3 1732 1729 1697
3 1732 1697 1700
3 1733 1698 1701
3 1733 1730 1698
3 1734 1731 1699
3 1734 1699 1702
3 1734 1702 1705
3 1735 1700 1703
3 1735 1732 1700
3 1736 1701 1704
3 1736 1733 1701
3 1737 1734 1705
3 1737 1705 1708
3 1738 1706 1709
3 1738 1703 1706
3 1738 1735 1703
3 1739 1736 1704
3 1739 1704 1707
3 1740 1737 1708
3 1741 1738 1709
3 1741 1709 1712
3 1742 1707 1710
3 1742 1739 1707
3 1743 1740 1708
3 1743 1708 1711
3 1744 1741 1712
3 1745 1742 1710
3 1745 1710 1713
3 1746 1743 1711
3 1746 1711 1714
3 1746 1714 1717
3 1747 1744 1712
3 1747 1712 1715
3 1748 1745 1713
3 1748 1713 1716
3 1749 1718 1750
3 1749 1750 1751
3 1749 1746 1717
3 1749 1717 1718
3 1752 1719 1721
3 1752 1747 1715
3 1752 1715 1719
3 1753 1748 1716
3 1753 1716 1720
3 1754 1752 1721
3 1755 1753 1720
3 1755 1720 1722
3 1756 1754 1721
3 1756 1721 1723
3 1757 1755 1722
3 1757 1722 1724
3 1758 1756 1723
3 1758 1723 1725
3 1758 1725 1727
3 1759 1757 1724
3 1759 1724 1726
3 1760 1758 1727
3 1760 1727 1730
3 1761 1759 1726
3 1761 1726 1728
3 1762 97 95
3 1762 95 1729
3 1763 1760 1730
3 1764 1728 1731
3 1764 1761 1728
3 1765 1762 1729
3 1765 1729 1732
3 1766 1733 1736
3 1766 1730 1733
3 1766 1763 1730
3 1767 1764 1731
3 1767 1731 1734
3 1768 1732 1735
3 1768 1765 1732
3 1769 1766 1736
3 1770 1767 1734
3 1770 1734 1737
3 1771 1768 1735
3 1771 1735 1738
3 1772 1736 1739
3 1772 1769 1736
3 1772 1739 1742
3 1773 1737 1740
3 1773 1770 1737
3 1774 1771 1738
3 1774 1738 1741
3 1775 1772 1742
3 1776 1740 1743
3 1776 1773 1740
3 1777 1741 1744
3 1777 1774 1741
3 1778 1775 1742
3 1778 1742 1745
3 1779 1776 1743
3 1779 1743 1746
3 1780 1777 1744
3 1780 1744 1747
3 1781 1778 1745
3 1781 1745 1748
3 1782 1779 1746
3 1782 1746 1749
3 1782 1749 1751
3 1783 1780 1747
3 1783 1747 1752
3 1784 1748 1753
3 1784 1781 1748
3 1785 1752 1754
3 1785 1783 1752
3 1786 1755 1757
3 1786 1784 1753
3 1786 1753 1755
3 1787 1754 1756
3 1787 1785 1754
3 1788 1786 1757
3 1788 1757 1759
3 1789 1787 1756
3 1789 1756 1758
3 1790 1788 1759
3 1791 1789 1758
3 1791 1758 1760
3 1792 1759 1761
3 1792 1790 1759
3 1792 1761 1764
3 1793 97 1762
3 1793 99 97
3 1793 101 99
3 1794 1791 1760
3 1794 1760 1763
3 1795 1792 1764
3 1796 1762 1765
3 1796 1793 1762
3 1797 1794 1763
3 1797 1763 1766
3 1797 1766 1769
3 1798 1767 1770
3 1798 1795 1764
3 1798 1764 1767
3 1799 1796 1765
3 1799 1765 1768
3 1800 1797 1769
3 1801 1798 1770
3 1802 1768 1771
3 1802 1799 1768
3 1803 1772 1775
3 1803 1769 1772
3 1803 1800 1769
3 1804 1770 1773
3 1804 1801 1770
3 1805 1802 1771
3 1805 1771 1774
3 1806 1803 1775
3 1807 1776 1779
3 1807 1773 1776
3 1807 1804 1773
3 1808 1774 1777
3 1808 1805 1774
3 1809 1806 1775
3 1809 1775 1778
3 1810 1807 1779
3 1811 1777 1780
3 1811 1808 1777
3 1812 1778 1781
3 1812 1809 1778
3 1813 1810 1779
3 1813 1779 1782
3 1813 1751 1814
3 1813 1782 1751
3 1815 1811 1780
3 1815 1780 1783
3 1816 1781 1784
3 1816 1812 1781
3 1817 1815 1783
3 1817 1783 1785
3 1818 1784 1786
3 1818 1786 1788
3 1818 1816 1784
3 1819 1817 1785
3 1819 1785 1787
3 1820 1818 1788
3 1820 1788 1790
3 1821 1819 1787
3 1821 1787 1789
3 1822 1820 1790
3 1823 1821 1789
3 1823 1789 1791
3 1824 1790 1792
3 1824 1822 1790
3 1824 1792 1795
3 1825 101 1793
3 1826 1791 1794
3 1826 1823 1791
3 1827 1824 1795
3 1828 1793 1796
3 1828 1825 1793
3 1828 1796 1799
3 1829 1826 1794
3 1829 1794 1797
3 1830 1798 1801
3 1830 1827 1795
3 1830 1795 1798
3 1831 1828 1799
3 1832 1797 1800
3 1832 1829 1797
3 1833 1830 1801
3 1834 1802 1805
3 1834 1831 1799
3 1834 1799 1802
3 1835 1832 1800
3 1835 1800 1803
3 1836 1833 1801
3 1836 1801 1804
3 1837 1834 1805
3 1838 1803 1806
3 1838 1835 1803
3 1839 1807 1810
3 1839 1804 1807
3 1839 1836 1804
3 1840 1808 1811
3 1840 1837 1805
3 1840 1805 1808
3 1841 1806 1809
3 1841 1838 1806
3 1842 1839 1810
3 1843 1840 1811
3 1844 1841 1809
3 1844 1809 1812
3 1845 1842 1810
3 1845 1810 1813
3 1845 1813 1814
3 1845 1814 1846
3 1845 1846 1847
3 1848 1815 1817
3 1848 1843 1811
3 1848 1811 1815
3 1849 1812 1816
3 1849 1844 1812
3 1850 1817 1819
3 1850 1848 1817
3 1851 1849 1816
3 1851 1816 1818
3 1852 1850 1819
3 1853 1818 1820
3 1853 1851 1818
3 1854 1821 1823
3 1854 1852 1819
3 1854 1819 1821
3 1855 1853 1820
3 1855 1820 1822
3 1856 1854 1823
3 1856 1823 1826
3 1857 1855 1822
3 1857 1822 1824
3 1858 102 101
3 1858 101 1825
3 1859 1856 1826
3 1860 1857 1824
3 1860 1824 1827
3 1860 1827 1830
3 1861 1858 1825
3 1861 1825 1828
3 1862 1826 1829
3 1862 1859 1826
3 1862 1829 1832
3 1863 1860 1830
3 1864 1828 1831
3 1864 1861 1828
3 1865 1862 1832
3 1866 1863 1830
3 1866 1830 1833
3 1867 1864 1831
3 1867 1831 1834
3 1868 1865 1832
3 1868 1832 1835
3 1869 1866 1833
3 1869 1833 1836
3 1870 1867 1834
3 1870 1834 1837
3 1871 1838 1841
3 1871 1835 1838
3 1871 1868 1835
3 1872 1836 1839
3 1872 1869 1836
3 1873 1837 1840
3 1873 1870 1837
3 1874 1871 1841
3 1874 1841 1844
3 1875 1839 1842
3 1875 1872 1839
3 1876 1840 1843
3 1876 1873 1840
3 1877 1874 1844
3 1878 1842 1845
3 1878 1845 1847
3 1878 1875 1842
3 1879 1876 1843
3 1879 1843 1848
3 1880 1877 1844
3 1880 1849 1851
3 1880 1844 1849
3 1881 1848 1850
3 1881 1879 1848
3 1882 1851 1853
3 1882 1880 1851
3 1883 1881 1850
3 1883 1850 1852
3 1884 1882 1853
3 1885 1883 1852
3 1885 1852 1854
3 1886 1853 1855
3 1886 1884 1853
3 1887 1885 1854
3 1887 1854 1856
3 1888 1886 1855
3 1888 1855 1857
3 1888 1857 1860
3 1889 102 1858
3 1889 105 102
3 1889 107 105
3 1890 1887 1856
3 1890 1856 1859
3 1891 1888 1860
3 1892 1858 1861
3 1892 1889 1858
3 1893 1890 1859
3 1893 1859 1862
3 1894 1891 1860
3 1894 1860 1863
3 1894 1863 1866
3 1895 1861 1864
3 1895 1892 1861
3 1896 1893 1862
3 1896 1862 1865
3 1897 1866 1869
3 1897 1894 1866
3 1898 1895 1864
3 1898 1864 1867
3 1899 1865 1868
3 1899 1896 1865
3 1900 1897 1869
3 1901 1898 1867
3 1901 1867 1870
3 1902 1871 1874
3 1902 1899 1868
3 1902 1868 1871
3 1903 1869 1872
3 1903 1900 1869
3 1904 1901 1870
3 1904 1870 1873
3 1905 1902 1874
3 1906 1875 1878
3 1906 1872 1875
3 1906 1903 1872
3 1907 1873 1876
3 1907 1904 1873
3 1908 1905 1874
3 1908 1874 1877
3 1909 1878 1847
3 1909 1847 1910
3 1909 1910 1911
3 1909 1906 1878
3 1912 1907 1876
3 1912 1876 1879
3 1912 1879 1881
3 1913 1877 1880
3 1913 1908 1877
3 1914 1912 1881
3 1915 1882 1884
3 1915 1913 1880
3 1915 1880 1882
3 1916 1881 1883
3 1916 1914 1881
3 1917 1884 1886
3 1917 1915 1884
3 1918 1883 1885
3 1918 1916 1883
3 1918 1885 1887
3 1919 1917 1886
3 1920 1918 1887
3 1921 1919 1886
3 1921 1886 1888
3 1922 107 1889
3 1923 1887 1890
3 1923 1920 1887
3 1923 1890 1893
3 1924 1921 1888
3 1924 1888 1891
3 1925 1922 1889
3 1925 1889 1892
3 1925 1892 1895
3 1926 1923 1893
3 1927 1891 1894
3 1927 1924 1891
3 1927 1894 1897
3 1928 1925 1895
3 1929 1926 1893
3 1929 1893 1896
3 1930 1927 1897
3 1930 1897 1900
3 1931 1928 1895
3 1931 1895 1898
3 1931 1898 1901
3 1932 1896 1899
3 1932 1929 1896
3 1933 1930 1900
3 1934 1931 1901
3 1935 1932 1899
3 1935 1899 1902
3 1936 1933 1900
3 1936 1900 1903
3 1936 1903 1906
3 1937 1934 1901
3 1937 1901 1904
3 1937 1904 1907
3 1938 1902 1905
3 1938 1935 1902
3 1939 1906 1909
3 1939 1936 1906
3 1940 1937 1907
3 1941 1938 1905
3 1941 1905 1908
3 1942 1909 1911
3 1942 1939 1909
3 1943 1907 1912
3 1943 1940 1907
3 1944 1941 1908
3 1944 1908 1913
3 1945 1912 1914
3 1945 1943 1912
3 1946 1913 1915
3 1946 1944 1913
3 1947 1914 1916
3 1947 1945 1914
3 1948 1946 1915
3 1948 1915 1917
3 1949 1947 1916
3 1949 1916 1918
3 1950 1948 1917
3 1950 1917 1919
3 1951 1949 1918
3 1951 1918 1920
3 1952 1919 1921
3 1952 1950 1919
3 1953 108 107
3 1953 107 1922
3 1954 1920 1923
3 1954 1951 1920
3 1955 1952 1921
3 1955 1921 1924
3 1955 1924 1927
3 1956 1922 1925
3 1956 1953 1922
3 1957 1923 1926
3 1957 1954 1923
3 1958 1955 1927
3 1959 1925 1928
3 1959 1956 1925
3 1960 1926 1929
3 1960 1957 1926
3 1961 1958 1927
3 1961 1927 1930
3 1962 1959 1928
3 1962 1928 1931
3 1963 1960 1929
3 1963 1929 1932
3 1964 1930 1933
3 1964 1961 1930
3 1965 1962 1931
3 1965 1931 1934
3 1966 1963 1932
3 1966 1932 1935
3 1966 1935 1938
3 1967 1964 1933
3 1967 1933 1936
3 1968 1934 1937
3 1968 1965 1934
3 1969 1966 1938
3 1970 1967 1936
3 1970 1936 1939
3 1971 1937 1940
3 1971 1968 1937
3 1972 1938 1941
3 1972 1969 1938
3 1973 1911 1974
3 1973 1942 1911
3 1973 1970 1939
3 1973 1939 1942
3 1975 1943 1945
3 1975 1971 1940
3 1975 1940 1943
3 1976 1972 1941
3 1976 1941 1944
3 1977 1945 1947
3 1977 1975 1945
3 1978 1946 1948
3 1978 1944 1946
3 1978 1976 1944
3 1979 1977 1947
3 1980 1948 1950
3 1980 1978 1948
3 1981 1947 1949
3 1981 1949 1951
3 1981 1979 1947
3 1982 1980 1950
3 1983 1981 1951
3 1984 1982 1950
3 1984 1950 1952
3 1984 1952 1955
3 1985 108 1953
3 1985 111 108
3 1985 113 111
3 1986 1983 1951
3 1986 1951 1954
3 1986 1954 1957
3 1987 1984 1955
3 1988 1953 1956
3 1988 1985 1953
3 1989 1986 1957
3 1990 1987 1955
3 1990 1955 1958
3 1990 1958 1961
3 1991 1956 1959
3 1991 1988 1956
3 1992 1960 1963
3 1992 1989 1957
3 1992 1957 1960
3 1993 1990 1961
3 1993 1961 1964
3 1994 1959 1962
3 1994 1991 1959
3 1994 1962 1965
3 1995 1992 1963
3 1996 1993 1964
3 1997 1994 1965
3 1998 1963 1966
3 1998 1995 1963
3 1999 1964 1967
3 1999 1996 1964
3 1999 1967 1970
3 2000 1997 1965
3 2000 1965 1968
3 2001 1998 1966
3 2001 1966 1969
3 2001 1969 1972
3 2002 1999 1970
3 2002 1970 1973
3 2003 2000 1968
3 2003 1968 1971
3 2004 2001 1972
3 2005 1974 2006
3 2005 2006 2007
3 2005 2002 1973
3 2005 1973 1974
3 2008 2003 1971
3 2008 1971 1975
3 2009 1972 1976
3 2009 2004 1972
3 2010 2008 1975
3 2010 1975 1977
3 2011 1976 1978
3 2011 2009 1976
3 2011 1978 1980
3 2012 2010 1977
3 2012 1977 1979
3 2013 1980 1982
3 2013 2011 1980
3 2014 1979 1981
3 2014 2012 1979
3 2015 2013 1982
3 2016 2014 1981
3 2016 1981 1983
3 2017 1982 1984
3 2017 1984 1987
3 2017 2015 1982
3 2018 113 1985
3 2019 1983 1986
3 2019 2016 1983
3 2020 1987 1990
3 2020 2017 1987
3 2021 2018 1985
3 2021 1985 1988
3 2021 1988 1991
3 2022 1986 1989
3 2022 2019 1986
3 2023 2020 1990
3 2023 1990 1993
3 2024 2021 1991
3 2025 1989 1992
3 2025 2022 1989
3 2026 2023 1993
3 2026 1993 1996
3 2027 1991 1994
3 2027 2024 1991
3 2027 1994 1997
3 2028 2025 1992
3 2028 1992 1995
3 2029 2026 1996
3 2030 2027 1997
3 2031 1995 1998
3 2031 2028 1995
3 2032 2029 1996
3 2032 1996 1999
3 2032 1999 2002
3 2033 2030 1997
3 2033 1997 2000
3 2033 2000 2003
3 2034 2031 1998
3 2034 1998 2001
3 2035 2032 2002
3 2035 2002 2005
3 2036 2033 2003
3 2037 2034 2001
3 2037 2001 2004
3 2038 2035 2005
3 2038 2005 2007
3 2039 2036 2003
3 2039 2003 2008
3 2039 2008 2010
3 2040 2037 2004
3 2040 2004 2009
3 2041 2039 2010
3 2042 2040 2009
3 2042 2009 2011
3 2043 2041 2010
3 2043 2010 2012
3 2044 2042 2011
3 2044 2011 2013
3 2045 2012 2014
3 2045 2014 2016
3 2045 2043 2012
3 2046 2013 2015
3 2046 2044 2013
3 2047 2045 2016
3 2048 2015 2017
3 2048 2046 2015
3 2049 113 2018
3 2049 115 113
3 2050 2016 2019
3 2050 2019 2022
3 2050 2047 2016
3 2051 2017 2020
3 2051 2048 2017
3 2052 2018 2021
3 2052 2049 2018
3 2053 2022 2025
3 2053 2050 2022
3 2054 2020 2023
3 2054 2051 2020
3 2055 2021 2024
3 2055 2052 2021
3 2056 2053 2025
3 2057 2054 2023
3 2057 2023 2026
3 2058 2024 2027
3 2058 2055 2024
3 2059 2025 2028
3 2059 2056 2025
3 2060 2057 2026
3 2060 2026 2029
3 2061 2027 2030
3 2061 2058 2027
3 2062 2028 2031
3 2062 2031 2034
3 2062 2059 2028
3 2063 2060 2029
3 2063 2029 2032
3 2064 2061 2030
3 2064 2030 2033
3 2065 2062 2034
3 2066 2063 2032
3 2066 2032 2035
3 2067 2033 2036
3 2067 2064 2033
3 2068 2065 2034
3 2068 2034 2037
3 2069 2007 2070
3 2069 2070 2071
3 2069 2066 2035
3 2069 2038 2007
3 2069 2035 2038
3 2072 2036 2039
3 2072 2067 2036
3 2073 2068 2037
3 2073 2037 2040
3 2074 2039 2041
3 2074 2072 2039
3 2075 2042 2044
3 2075 2040 2042
3 2075 2073 2040
3 2076 2074 2041
3 2076 2041 2043
3 2077 2075 2044
3 2077 2044 2046
3 2078 2076 2043
3 2078 2043 2045
3 2079 2077 2046
3 2080 2078 2045
3 2080 2045 2047
3 2081 2046 2048
3 2081 2079 2046
3 2082 115 2049
3 2082 116 115
3 2082 119 116
3 2083 2047 2050
3 2083 2080 2047
3 2084 2081 2048
3 2084 2048 2051
3 2085 2082 2049
3 2085 2049 2052
3 2086 2083 2050
3 2086 2050 2053
3 2087 2051 2054
3 2087 2054 2057
3 2087 2084 2051
3 2088 2052 2055
3 2088 2085 2052
3 2089 2086 2053
3 2089 2053 2056
3 2090 2087 2057
3 2090 2057 2060
3 2091 2055 2058
3 2091 2088 2055
3 2092 2056 2059
3 2092 2089 2056
3 2093 2090 2060
3 2094 2091 2058
3 2094 2058 2061
3 2095 2059 2062
3 2095 2062 2065
3 2095 2092 2059
3 2096 2093 2060
3 2096 2060 2063
3 2096 2063 2066
3 2097 2061 2064
3 2097 2094 2061
3 2098 2095 2065
3 2099 2096 2066
3 2099 2066 2069
3 2100 2097 2064
3 2100 2064 2067
3 2101 2065 2068
3 2101 2068 2073
3 2101 2098 2065
3 2102 2099 2069
3 2102 2069 2071
3 2103 2100 2067
3 2103 2067 2072
3 2104 2101 2073
3 2105 2103 2072
3 2105 2072 2074
3 2106 2104 2073
3 2106 2073 2075
3 2107 2105 2074
3 2107 2074 2076
3 2107 2076 2078
3 2108 2106 2075
3 2108 2075 2077
3 2108 2077 2079
3 2109 2107 2078
3 2110 2108 2079
3 2111 2109 2078
3 2111 2078 2080
3 2112 2079 2081
3 2112 2110 2079
3 2113 2082 2085
3 2113 119 2082
3 2114 2111 2080
3 2114 2080 2083
3 2115 2081 2084
3 2115 2112 2081
3 2116 2113 2085
3 2117 2083 2086
3 2117 2114 2083
3 2118 2084 2087
3 2118 2087 2090
3 2118 2115 2084
3 2119 2088 2091
3 2119 2085 2088
3 2119 2116 2085
3 2120 2117 2086
3 2120 2086 2089
3 2120 2089 2092
3 2121 2118 2090
3 2122 2119 2091
3 2123 2120 2092
3 2124 2121 2090
3 2124 2090 2093
3 2125 2091 2094
3 2125 2094 2097
3 2125 2122 2091
3 2126 2123 2092
3 2126 2092 2095
3 2127 2124 2093
3 2127 2093 2096
3 2128 2125 2097
3 2129 2126 2095
3 2129 2095 2098
3 2130 2127 2096
3 2130 2096 2099
3 2131 2097 2100
3 2131 2128 2097
3 2131 2100 2103
3 2132 2129 2098
3 2132 2098 2101
3 2133 2130 2099
3 2133 2071 2134
3 2133 2099 2102
3 2133 2102 2071
3 2135 2131 2103
3 2136 2132 2101
3 2136 2101 2104
3 2136 2104 2106
3 2137 2135 2103
3 2137 2103 2105
3 2138 2136 2106
3 2139 2137 2105
3 2139 2105 2107
3 2140 2106 2108
3 2140 2138 2106
3 2141 2107 2109
3 2141 2139 2107
3 2142 2140 2108
3 2142 2108 2110
3 2143 2109 2111
3 2143 2141 2109
3 2143 2111 2114
3 2144 2142 2110
3 2144 2110 2112
3 2145 119 2113
3 2145 121 119
3 2146 2114 2117
3 2146 2143 2114
3 2147 2115 2118
3 2147 2144 2112
3 2147 2112 2115
3 2148 2145 2113
3 2148 2113 2116
3 2149 2146 2117
3 2150 2147 2118
3 2151 2148 2116
3 2151 2116 2119
3 2152 2117 2120
3 2152 2149 2117
3 2153 2118 2121
3 2153 2150 2118
3 2154 2151 2119
3 2154 2119 2122
3 2155 2120 2123
3 2155 2152 2120
3 2156 2121 2124
3 2156 2124 2127
3 2156 2153 2121
3 2157 2154 2122
3 2157 2122 2125
3 2158 2123 2126
3 2158 2126 2129
3 2158 2155 2123
3 2159 2156 2127
3 2160 2157 2125
3 2160 2125 2128
3 2161 2158 2129
3 2162 2159 2127
3 2162 2127 2130
3 2163 2160 2128
3 2163 2128 2131
3 2164 2161 2129
3 2164 2129 2132
3 2164 2132 2136
3 2165 2162 2130
3 2165 2130 2133
3 2165 2134 2166
3 2165 2133 2134
3 2165 2166 2167
3 2168 2131 2135
3 2168 2163 2131
3 2169 2164 2136
3 2170 2168 2135
3 2170 2135 2137
3 2171 2169 2136
3 2171 2136 2138
3 2172 2170 2137
3 2172 2137 2139
3 2173 2138 2140
3 2173 2140 2142
3 2173 2171 2138
3 2174 2172 2139
3 2174 2139 2141
3 2175 2173 2142
3 2176 2141 2143
3 2176 2174 2141
3 2177 2175 2142
3 2177 2142 2144
3 2178 121 2145
3 2178 123 121
3 2179 2176 2143
3 2179 2143 2146
3 2180 2177 2144
3 2180 2144 2147
3 2181 2178 2145
3 2181 2145 2148
3 2182 2179 2146
3 2182 2146 2149
3 2183 2150 2153
3 2183 2180 2147
3 2183 2147 2150
3 2184 2148 2151
3 2184 2181 2148
3 2185 2149 2152
3 2185 2182 2149
3 2186 2183 2153
3 2187 2184 2151
3 2187 2151 2154
3 2188 2152 2155
3 2188 2185 2152
3 2189 2153 2156
3 2189 2186 2153
3 2190 2154 2157
3 2190 2187 2154
3 2191 2155 2158
3 2191 2188 2155
3 2192 2156 2159
3 2192 2159 2162
3 2192 2189 2156
3 2193 2157 2160
3 2193 2190 2157
3 2194 2158 2161
3 2194 2191 2158
3 2195 2192 2162
3 2196 2193 2160
3 2196 2160 2163
3 2197 2194 2161
3 2197 2161 2164
3 2198 2195 2162
3 2198 2162 2165
3 2198 2165 2167
3 2199 2196 2163
3 2199 2163 2168
3 2199 2168 2170
3 2200 2164 2169
3 2200 2197 2164
3 2201 2199 2170
3 2202 2200 2169
3 2202 2169 2171
3 2203 2201 2170
3 2203 2170 2172
3 2204 2202 2171
3 2204 2171 2173
3 2205 2172 2174
3 2205 2203 2172
3 2206 2173 2175
3 2206 2204 2173
3 2207 2205 2174
3 2207 2176 2179
3 2207 2174 2176
3 2208 2206 2175
3 2208 2175 2177
3 2209 2178 2181
3 2209 123 2178
3 2209 124 123
3 2210 2207 2179
3 2210 2179 2182
3 2211 2208 2177
3 2211 2177 2180
3 2212 2209 2181
3 2213 2210 2182
3 2214 2211 2180
3 2214 2180 2183
3 2215 2184 2187
3 2215 2212 2181
3 2215 2181 2184
3 2216 2213 2182
3 2216 2182 2185
3 2217 2214 2183
3 2217 2183 2186
3 2218 2215 2187
3 2219 2185 2188
3 2219 2216 2185
3 2220 2186 2189
3 2220 2217 2186
3 2221 2190 2193
3 2221 2187 2190
3 2221 2218 2187
3 2222 2188 2191
3 2222 2219 2188
3 2223 2189 2192
3 2223 2220 2189
3 2224 2221 2193
3 2225 2191 2194
3 2225 2222 2191
3 2226 2192 2195
3 2226 2223 2192
3 2227 2193 2196
3 2227 2224 2193
3 2228 2225 2194
3 2228 2197 2200
3 2228 2194 2197
3 2229 2226 2195
3 2229 2195 2198
3 2229 2198 2167
3 2229 2167 2230
3 2231 2196 2199
3 2231 2227 2196
3 2232 2200 2202
3 2232 2228 2200
3 2233 2199 2201
3 2233 2231 2199
3 2234 2232 2202
3 2235 2203 2205
3 2235 2233 2201
3 2235 2201 2203
3 2236 2234 2202
3 2236 2204 2206
3 2236 2202 2204
3 2237 2235 2205
3 2238 2236 2206
3 2239 2237 2205
3 2239 2205 2207
3 2240 2206 2208
3 2240 2238 2206
3 2241 124 2209
3 2241 127 124
3 2242 2239 2207
3 2242 2207 2210
3 2243 2208 2211
3 2243 2240 2208
3 2244 2241 2209
3 2244 2209 2212
3 2245 2242 2210
3 2245 2210 2213
3 2246 2243 2211
3 2246 2211 2214
3 2247 2212 2215
3 2247 2244 2212
3 2248 2216 2219
3 2248 2213 2216
3 2248 2245 2213
3 2249 2246 2214
3 2249 2214 2217
3 2249 2217 2220
3 2250 2247 2215
3 2250 2215 2218
3 2251 2248 2219
3 2252 2249 2220
3 2253 2250 2218
3 2253 2218 2221
3 2254 2219 2222
3 2254 2222 2225
3 2254 2251 2219
3 2255 2220 2223
3 2255 2223 2226
3 2255 2252 2220
3 2256 2221 2224
3 2256 2253 2221
3 2257 2254 2225
3 2258 2255 2226
3 2259 2224 2227
3 2259 2256 2224
3 2260 2257 2225
3 2260 2228 2232
3 2260 2225 2228
3 2261 2258 2226
3 2261 2226 2229
3 2261 2229 2230
3 2261 2230 2262
3 2261 2262 2263
3 2264 2231 2233
3 2264 2227 2231
3 2264 2259 2227
3 2265 2232 2234
3 2265 2260 2232
3 2266 2264 2233
3 2267 2265 2234
3 2268 2266 2233
3 2268 2233 2235
3 2269 2267 2234
3 2269 2236 2238
3 2269 2234 2236
3 2270 2235 2237
3 2270 2268 2235
3 2271 2269 2238
3 2272 2270 2237
3 2272 2237 2239
3 2273 2271 2238
3 2273 2238 2240
3 2274 127 2241
3 2274 129 127
3 2274 131 129
3 2275 2272 2239
3 2275 2242 2245
3 2275 2239 2242
3 2276 2273 2240
3 2276 2243 2246
3 2276 2240 2243
3 2277 2241 2244
3 2277 2274 2241
3 2278 2275 2245
3 2279 2276 2246
3 2280 2244 2247
3 2280 2277 2244
3 2281 2278 2245
3 2281 2245 2248
3 2282 2279 2246
3 2282 2246 2249
3 2282 2249 2252
3 2283 2280 2247
3 2283 2247 2250
3 2284 2281 2248
3 2284 2248 2251
3 2285 2282 2252
3 2285 2252 2255
3 2286 2283 2250
3 2286 2250 2253
3 2287 2284 2251
3 2287 2251 2254
3 2288 2255 2258
3 2288 2285 2255
3 2289 2286 2253
3 2289 2253 2256
3 2290 2287 2254
3 2290 2254 2257
3 2291 2288 2258
3 2292 2256 2259
3 2292 2289 2256
3 2293 2257 2260
3 2293 2290 2257
3 2294 2261 2263
3 2294 2258 2261
3 2294 2291 2258
3 2295 2292 2259
3 2295 2259 2264
3 2296 2293 2260
3 2296 2260 2265
3 2297 2295 2264
3 2297 2264 2266
3 2298 2265 2267
3 2298 2296 2265
3 2299 2266 2268
3 2299 2268 2270
3 2299 2297 2266
3 2300 2298 2267
3 2300 2267 2269
3 2301 2299 2270
3 2302 2269 2271
3 2302 2300 2269
3 2303 2270 2272
3 2303 2301 2270
3 2304 2271 2273
3 2304 2302 2271
3 2305 131 2274
3 2306 2272 2275
3 2306 2303 2272
3 2307 2304 2273
3 2307 2273 2276
3 2308 2274 2277
3 2308 2305 2274
3 2309 2275 2278
3 2309 2306 2275
3 2309 2278 2281
3 2310 2307 2276
3 2310 2276 2279
3 2311 2280 2283
3 2311 2277 2280
3 2311 2308 2277
3 2312 2309 2281
3 2313 2310 2279
3 2313 2279 2282
3 2314 2311 2283
3 2315 2312 2281
3 2315 2281 2284
3 2316 2313 2282
3 2316 2282 2285
3 2317 2314 2283
3 2317 2286 2289
3 2317 2283 2286
3 2318 2315 2284
3 2318 2284 2287
3 2318 2287 2290
3 2319 2316 2285
3 2319 2285 2288
3 2320 2317 2289
3 2321 2318 2290
3 2322 2288 2291
3 2322 2319 2288
3 2323 2320 2289
3 2323 2289 2292
3 2324 2290 2293
3 2324 2293 2296
3 2324 2321 2290
3 2325 2294 2263
3 2325 2291 2294
3 2325 2263 2326
3 2325 2326 2327
3 2325 2322 2291
3 2328 2292 2295
3 2328 2323 2292
3 2329 2324 2296
3 2329 2296 2298
3 2330 2328 2295
3 2330 2295 2297
3 2331 2329 2298
3 2332 2297 2299
3 2332 2330 2297
3 2333 2300 2302
3 2333 2298 2300
3 2333 2331 2298
3 2334 2332 2299
3 2334 2299 2301
3 2335 2333 2302
3 2336 2334 2301
3 2336 2301 2303
3 2337 2335 2302
3 2337 2302 2304
3 2337 2304 2307
3 2338 131 2305
3 2338 133 131
3 2339 2336 2303
3 2339 2303 2306
3 2340 2337 2307
3 2341 2338 2305
3 2341 2305 2308
3 2342 2339 2306
3 2342 2306 2309
3 2343 2307 2310
3 2343 2340 2307
3 2344 2311 2314
3 2344 2308 2311
3 2344 2341 2308
3 2345 2342 2309
3 2345 2309 2312
3 2346 2343 2310
3 2346 2313 2316
3 2346 2310 2313
3 2347 2344 2314
3 2348 2312 2315
3 2348 2345 2312
3 2349 2346 2316
3 2350 2347 2314
3 2350 2314 2317
3 2350 2317 2320
3 2351 2348 2315
3 2351 2315 2318
3 2351 2318 2321
3 2352 2349 2316
3 2352 2316 2319
3 2352 2319 2322
3 2353 2350 2320
3 2354 2351 2321
3 2355 2322 2325
3 2355 2352 2322
3 2356 2353 2320
3 2356 2320 2323
3 2357 2354 2321
3 2357 2321 2324
3 2358 2325 2327
3 2358 2355 2325
3 2359 2328 2330
3 2359 2323 2328
3 2359 2356 2323
3 2360 2357 2324
3 2360 2324 2329
3 2361 2330 2332
3 2361 2359 2330
3 2362 2329 2331
3 2362 2360 2329
3 2363 2332 2334
3 2363 2361 2332
3 2364 2331 2333
3 2364 2362 2331
3 2365 2363 2334
3 2366 2333 2335
3 2366 2364 2333
3 2367 2334 2336
3 2367 2365 2334
3 2368 2366 2335
3 2368 2335 2337
3 2369 133 2338
3 2369 135 133
3 2370 2367 2336
3 2370 2336 2339
3 2370 2339 2342
3 2371 2337 2340
3 2371 2368 2337
3 2372 2338 2341
3 2372 2369 2338
3 2373 2370 2342
3 2374 2371 2340
3 2374 2340 2343
3 2375 2372 2341
3 2375 2341 2344
3 2376 2373 2342
3 2376 2342 2345
3 2376 2345 2348
3 2377 2343 2346
3 2377 2374 2343
3 2378 2375 2344
3 2378 2344 2347
3 2379 2376 2348
3 2380 2377 2346
3 2380 2346 2349
3 2381 2347 2350
3 2381 2378 2347
3 2382 2379 2348
3 2382 2348 2351
3 2383 2380 2349
3 2383 2349 2352
3 2384 2381 2350
3 2384 2350 2353
3 2385 2382 2351
3 2385 2351 2354
3 2386 2383 2352
3 2386 2352 2355
3 2387 2353 2356
3 2387 2384 2353
3 2388 2385 2354
3 2388 2354 2357
3 2389 2327 2390
3 2389 2358 2327
3 2389 2386 2355
3 2389 2355 2358
3 2391 2356 2359
3 2391 2387 2356
3 2392 2360 2362
3 2392 2388 2357
3 2392 2357 2360
3 2393 2361 2363
3 2393 2359 2361
3 2393 2391 2359
3 2394 2392 2362
3 2395 2393 2363
3 2395 2363 2365
3 2396 2362 2364
3 2396 2394 2362
3 2397 2395 2365
3 2398 2364 2366
3 2398 2396 2364
3 2399 2365 2367
3 2399 2397 2365
3 2400 2366 2368
3 2400 2398 2366
3 2401 135 2369
3 2401 2369 2372
3 2401 137 135
3 2402 2367 2370
3 2402 2399 2367
3 2403 2400 2368
3 2403 2368 2371
3 2403 2371 2374
3 2404 2401 2372
3 2405 2370 2373
3 2405 2402 2370
3 2406 2403 2374
3 2407 2372 2375
3 2407 2404 2372
3 2407 2375 2378
3 2408 2373 2376
3 2408 2376 2379
3 2408 2405 2373
3 2409 2406 2374
3 2409 2374 2377
3 2410 2407 2378
3 2410 2378 2381
3 2411 2408 2379
3 2412 2409 2377
3 2412 2377 2380
3 2412 2380 2383
3 2413 2410 2381
3 2414 2379 2382
3 2414 2411 2379
3 2415 2412 2383
3 2416 2381 2384
3 2416 2413 2381
3 2416 2384 2387
3 2417 2414 2382
3 2417 2382 2385
3 2417 2385 2388
3 2418 2415 2383
3 2418 2383 2386
3 2419 2416 2387
3 2420 2417 2388
3 2420 2388 2392
3 2421 2390 2422
3 2421 2418 2386
3 2421 2389 2390
3 2421 2386 2389
3 2423 2387 2391
3 2423 2419 2387
3 2424 2420 2392
3 2424 2392 2394
3 2425 2391 2393
3 2425 2423 2391
3 2426 2424 2394
3 2427 2393 2395
3 2427 2425 2393
3 2428 2394 2396
3 2428 2426 2394
3 2429 2395 2397
3 2429 2427 2395
3 2430 2398 2400
3 2430 2396 2398
3 2430 2428 2396
3 2431 2399 2402
3 2431 2397 2399
3 2431 2429 2397
3 2432 2430 2400
3 2433 138 137
3 2433 137 2401
3 2434 2402 2405
3 2434 2431 2402
3 2435 2400 2403
3 2435 2403 2406
3 2435 2432 2400
3 2436 2433 2401
3 2436 2401 2404
3 2437 2434 2405
3 2438 2435 2406
3 2439 2404 2407
3 2439 2436 2404
3 2440 2405 2408
3 2440 2437 2405
3 2441 2406 2409
3 2441 2438 2406
3 2442 2407 2410
3 2442 2439 2407
3 2443 2440 2408
3 2443 2408 2411
3 2444 2441 2409
3 2444 2409 2412
3 2444 2412 2415
3 2445 2442 2410
3 2445 2410 2413
3 2446 2443 2411
3 2446 2411 2414
3 2447 2444 2415
3 2447 2415 2418
3 2448 2445 2413
3 2448 2413 2416
3 2449 2446 2414
3 2449 2414 2417
3 2450 2447 2418
3 2451 2416 2419
3 2451 2448 2416
3 2452 2449 2417
3 2452 2417 2420
3 2452 2420 2424
3 2453 2422 2454
3 2453 2450 2418
3 2453 2421 2422
3 2453 2418 2421
3 2455 2451 2419
3 2455 2419 2423
3 2456 2452 2424
3 2457 2423 2425
3 2457 2455 2423
3 2458 2456 2424
3 2458 2424 2426
3 2459 2457 2425
3 2459 2425 2427
3 2460 2428 2430
3 2460 2458 2426
3 2460 2426 2428
3 2461 2459 2427
3 2461 2427 2429
3 2462 2460 2430
3 2463 2429 2431
3 2463 2461 2429
3 2464 2430 2432
3 2464 2462 2430
3 2465 141 138
3 2465 138 2433
3 2466 2463 2431
3 2466 2431 2434
3 2467 2432 2435
3 2467 2464 2432
3 2468 2465 2433
3 2468 2433 2436
3 2469 2466 2434
3 2469 2434 2437
3 2470 2435 2438
3 2470 2467 2435
3 2471 2436 2439
3 2471 2468 2436
3 2472 2437 2440
3 2472 2469 2437
3 2473 2438 2441
3 2473 2470 2438
3 2474 2439 2442
3 2474 2471 2439
3 2475 2440 2443
3 2475 2472 2440
3 2476 2473 2441
3 2476 2441 2444
3 2477 2474 2442
3 2477 2442 2445
3 2478 2475 2443
3 2478 2443 2446
3 2479 2476 2444
3 2479 2444 2447
3 2479 2447 2450
3 2480 2445 2448
3 2480 2477 2445
3 2481 2446 2449
3 2481 2478 2446
3 2482 2479 2450
3 2483 2480 2448
3 2483 2448 2451
3 2484 2449 2452
3 2484 2481 2449
3 2485 2482 2450
3 2485 2454 2486
3 2485 2453 2454
3 2485 2450 2453
3 2487 2451 2455
3 2487 2483 2451
3 2487 2455 2457
3 2488 2484 2452
3 2488 2452 2456
3 2489 2487 2457
3 2489 2457 2459
3 2490 2488 2456
3 2490 2456 2458
3 2491 2489 2459
3 2492 2490 2458
3 2492 2458 2460
3 2493 2491 2459
3 2493 2459 2461
3 2494 2492 2460
3 2494 2460 2462
3 2495 2463 2466
3 2495 2493 2461
3 2495 2461 2463
3 2496 2494 2462
3 2496 2462 2464
3 2497 142 141
3 2497 145 142
3 2497 2465 2468
3 2497 141 2465
3 2498 2495 2466
3 2498 2466 2469
3 2499 2464 2467
3 2499 2496 2464
3 2500 2497 2468
3 2501 2469 2472
3 2501 2498 2469
3 2502 2467 2470
3 2502 2499 2467
3 2503 2471 2474
3 2503 2468 2471
3 2503 2500 2468
3 2504 2501 2472
3 2505 2470 2473
3 2505 2502 2470
3 2506 2503 2474
3 2507 2472 2475
3 2507 2504 2472
3 2508 2505 2473
3 2508 2473 2476
3 2509 2477 2480
3 2509 2474 2477
3 2509 2506 2474
3 2510 2507 2475
3 2510 2478 2481
3 2510 2475 2478
3 2511 2508 2476
3 2511 2476 2479
3 2512 2509 2480
3 2513 2510 2481
3 2514 2511 2479
3 2514 2479 2482
3 2515 2512 2480
3 2515 2480 2483
3 2516 2481 2484
3 2516 2513 2481
3 2516 2484 2488
3 2517 2514 2482
3 2517 2482 2485
3 2517 2486 2518
3 2517 2518 2519
3 2517 2485 2486
3 2520 2515 2483
3 2520 2483 2487
3 2521 2516 2488
3 2522 2520 2487
3 2522 2489 2491
3 2522 2487 2489
3 2523 2521 2488
3 2523 2488 2490
3 2524 2522 2491
3 2524 2491 2493
3 2525 2490 2492
3 2525 2492 2494
3 2525 2523 2490
3 2526 2524 2493
3 2527 2525 2494
3 2528 2493 2495
3 2528 2526 2493
3 2529 2494 2496
3 2529 2527 2494
3 2529 2496 2499
3 2530 145 2497
3 2531 2528 2495
3 2531 2495 2498
3 2532 2529 2499
3 2533 2530 2497
3 2533 2497 2500
3 2534 2531 2498
3 2534 2498 2501
3 2535 2499 2502
3 2535 2532 2499
3 2536 2500 2503
3 2536 2533 2500
3 2537 2501 2504
3 2537 2534 2501
3 2537 2504 2507
3 2538 2505 2508
3 2538 2535 2502
3 2538 2502 2505
3 2539 2503 2506
3 2539 2536 2503
3 2540 2537 2507
3 2541 2538 2508
3 2542 2506 2509
3 2542 2539 2506
3 2542 2509 2512
3 2543 2507 2510
3 2543 2540 2507
3 2544 2541 2508
3 2544 2508 2511
3 2544 2511 2514
3 2545 2542 2512
3 2546 2543 2510
3 2546 2510 2513
3 2546 2513 2516
3 2547 2544 2514
3 2547 2514 2517
3 2548 2545 2512
3 2548 2512 2515
3 2549 2516 2521
3 2549 2546 2516
3 2550 2547 2517
3 2550 2517 2519
3 2551 2548 2515
3 2551 2515 2520
3 2551 2520 2522
3 2552 2521 2523
3 2552 2549 2521
3 2553 2551 2522
3 2554 2552 2523
3 2555 2553 2522
3 2555 2522 2524
3 2556 2554 2523
3 2556 2523 2525
3 2557 2524 2526
3 2557 2555 2524
3 2558 2556 2525
3 2558 2525 2527
3 2559 2526 2528
3 2559 2557 2526
3 2559 2528 2531
3 2560 2558 2527
3 2560 2527 2529
3 2561 147 145
3 2561 145 2530
3 2562 2531 2534
3 2562 2559 2531
3 2563 2532 2535
3 2563 2560 2529
3 2563 2529 2532
3 2564 2561 2530
3 2564 2530 2533
3 2565 2562 2534
3 2566 2563 2535
3 2567 2533 2536
3 2567 2564 2533
3 2568 2534 2537
3 2568 2565 2534
3 2569 2566 2535
3 2569 2535 2538
3 2570 2536 2539
3 2570 2567 2536
3 2571 2537 2540
3 2571 2568 2537
3 2572 2538 2541
3 2572 2569 2538
3 2573 2539 2542
3 2573 2570 2539
3 2574 2540 2543
3 2574 2571 2540
3 2575 2541 2544
3 2575 2572 2541
3 2576 2542 2545
3 2576 2573 2542
3 2577 2574 2543
3 2577 2543 2546
3 2578 2575 2544
3 2578 2544 2547
3 2579 2576 2545
3 2579 2545 2548
3 2580 2546 2549
3 2580 2577 2546
3 2581 2578 2547
3 2581 2547 2550
3 2581 2550 2519
3 2581 2519 2582
3 2581 2582 2583
3 2584 2548 2551
3 2584 2579 2548
3 2585 2580 2549
3 2585 2549 2552
3 2586 2584 2551
3 2586 2551 2553
3 2587 2585 2552
3 2587 2552 2554
3 2588 2553 2555
3 2588 2586 2553
3 2588 2555 2557
3 2589 2587 2554
3 2589 2554 2556
3 2589 2556 2558
3 2590 2588 2557
3 2591 2589 2558
3 2592 2557 2559
3 2592 2590 2557
3 2593 2591 2558
3 2593 2558 2560
3 2593 2560 2563
3 2594 149 147
3 2594 147 2561
3 2595 2592 2559
3 2595 2559 2562
3 2596 2593 2563
3 2597 2561 2564
3 2597 2594 2561
3 2598 2562 2565
3 2598 2595 2562
3 2599 2596 2563
3 2599 2563 2566
3 2600 2597 2564
3 2600 2564 2567
3 2601 2598 2565
3 2601 2565 2568
3 2601 2568 2571
3 2602 2566 2569
3 2602 2599 2566
3 2603 2567 2570
3 2603 2600 2567
3 2604 2601 2571
3 2605 2569 2572
3 2605 2602 2569
3 2606 2603 2570
3 2606 2570 2573
3 2607 2571 2574
3 2607 2604 2571
3 2608 2575 2578
3 2608 2572 2575
3 2608 2605 2572
3 2609 2573 2576
3 2609 2606 2573
3 2610 2574 2577
3 2610 2577 2580
3 2610 2607 2574
3 2611 2608 2578
3 2612 2576 2579
3 2612 2609 2576
3 2613 2610 2580
3 2614 2611 2578
3 2614 2578 2581
3 2614 2581 2583
3 2614 2583 2615
3 2616 2612 2579
3 2616 2579 2584
3 2617 2613 2580
3 2617 2580 2585
3 2617 2585 2587
3 2618 2616 2584
3 2618 2584 2586
3 2619 2617 2587
3 2620 2588 2590
3 2620 2618 2586
3 2620 2586 2588
3 2621 2619 2587
3 2621 2587 2589
3 2622 2620 2590
3 2623 2621 2589
3 2623 2589 2591
3 2624 2590 2592
3 2624 2622 2590
3 2625 2623 2591
3 2625 2591 2593
3 2626 151 149
3 2626 149 2594
3 2627 2624 2592
3 2627 2592 2595
3 2628 2593 2596
3 2628 2596 2599
3 2628 2625 2593
3 2629 2626 2594
3 2629 2594 2597
3 2630 2595 2598
3 2630 2627 2595
3 2631 2628 2599
3 2632 2597 2600
3 2632 2600 2603
3 2632 2629 2597
3 2633 2630 2598
3 2633 2598 2601
3 2633 2601 2604
3 2634 2631 2599
3 2634 2599 2602
3 2635 2603 2606
3 2635 2632 2603
3 2636 2633 2604
3 2637 2602 2605
3 2637 2634 2602
3 2638 2635 2606
3 2639 2604 2607
3 2639 2636 2604
3 2640 2605 2608
3 2640 2637 2605
3 2641 2606 2609
3 2641 2638 2606
3 2642 2607 2610
3 2642 2639 2607
3 2643 2608 2611
3 2643 2640 2608
3 2644 2612 2616
3 2644 2609 2612
3 2644 2641 2609
3 2645 2613 2617
3 2645 2642 2610
3 2645 2610 2613
3 2646 2614 2615
3 2646 2611 2614
3 2646 2643 2611
3 2647 2644 2616
3 2648 2645 2617
3 2649 2618 2620
3 2649 2647 2616
3 2649 2616 2618
3 2650 2648 2617
3 2650 2617 2619
3 2651 2649 2620
3 2652 2650 2619
3 2652 2619 2621
3 2653 2651 2620
3 2653 2620 2622
3 2654 2652 2621
3 2654 2621 2623
3 2655 2653 2622
3 2655 2622 2624
3 2656 2623 2625
3 2656 2654 2623
3 2657 153 151
3 2657 151 2626
3 2658 2655 2624
3 2658 2624 2627
3 2659 2656 2625
3 2659 2625 2628
3 2660 2626 2629
3 2660 2657 2626
3 2661 2658 2627
3 2661 2627 2630
3 2662 2659 2628
3 2662 2628 2631
3 2663 2629 2632
3 2663 2660 2629
3 2664 2661 2630
3 2664 2630 2633
3 2665 2662 2631
3 2665 2631 2634
3 2666 2663 2632
3 2666 2632 2635
3 2667 2664 2633
3 2667 2633 2636
3 2668 2665 2634
3 2668 2634 2637
3 2669 2666 2635
3 2669 2635 2638
3 2670 2636 2639
3 2670 2667 2636
3 2671 2640 2643
3 2671 2637 2640
3 2671 2668 2637
3 2672 2638 2641
3 2672 2669 2638
3 2673 2639 2642
3 2673 2670 2639
3 2674 2671 2643
3 2675 2641 2644
3 2675 2672 2641
3 2676 2642 2645
3 2676 2673 2642
3 2677 2674 2643
3 2677 2643 2646
3 2677 2646 2615
3 2677 2615 2678
3 2679 2647 2649
3 2679 2644 2647
3 2679 2675 2644
3 2680 2676 2645
3 2680 2645 2648
3 2681 2679 2649
3 2682 2680 2648
3 2682 2648 2650
3 2683 2681 2649
3 2683 2649 2651
3 2684 2650 2652
3 2684 2682 2650
3 2685 2683 2651
3 2685 2651 2653
3 2686 2684 2652
3 2686 2652 2654
3 2687 2685 2653
3 2687 2653 2655
3 2687 2655 2658
3 2688 2686 2654
3 2688 2654 2656
3 2689 155 153
3 2689 153 2657
3 2690 2658 2661
3 2690 2687 2658
3 2691 2688 2656
3 2691 2656 2659
3 2692 2689 2657
3 2692 2657 2660
3 2693 2661 2664
3 2693 2690 2661
3 2694 2659 2662
3 2694 2691 2659
3 2695 2660 2663
3 2695 2692 2660
3 2696 2693 2664
3 2697 2694 2662
3 2697 2662 2665
3 2698 2695 2663
3 2698 2663 2666
3 2699 2696 2664
3 2699 2664 2667
3 2700 2665 2668
3 2700 2697 2665
3 2700 2668 2671
3 2701 2666 2669
3 2701 2698 2666
3 2702 2670 2673
3 2702 2667 2670
3 2702 2699 2667
3 2703 2700 2671
3 2704 2701 2669
3 2704 2669 2672
3 2705 2702 2673
3 2706 2671 2674
3 2706 2703 2671
3 2707 2672 2675
3 2707 2704 2672
3 2708 2673 2676
3 2708 2705 2673
3 2708 2676 2680
3 2709 2677 2678
3 2709 2674 2677
3 2709 2678 2710
3 2709 2706 2674
3 2711 2707 2675
3 2711 2675 2679
3 2712 2708 2680
3 2713 2711 2679
3 2713 2679 2681
3 2714 2680 2682
3 2714 2712 2680
3 2715 2681 2683
3 2715 2713 2681
3 2715 2683 2685
3 2716 2684 2686
3 2716 2714 2682
3 2716 2682 2684
3 2717 2715 2685
3 2718 2716 2686
3 2719 2717 2685
3 2719 2685 2687
3 2720 2686 2688
3 2720 2688 2691
3 2720 2718 2686
3 2721 157 155
3 2721 155 2689
3 2721 2689 2692
3 2722 2719 2687
3 2722 2687 2690
3 2723 2720 2691
3 2724 2721 2692
3 2725 2722 2690
3 2725 2690 2693
3 2726 2694 2697
3 2726 2691 2694
3 2726 2723 2691
3 2727 2724 2692
3 2727 2692 2695
3 2727 2695 2698
3 2728 2696 2699
3 2728 2725 2693
3 2728 2693 2696
3 2729 2726 2697
3 2730 2727 2698
3 2731 2728 2699
3 2732 2729 2697
3 2732 2697 2700
3 2733 2730 2698
3 2733 2698 2701
3 2733 2701 2704
3 2734 2699 2702
3 2734 2731 2699
3 2735 2732 2700
3 2735 2700 2703
3 2735 2703 2706
3 2736 2733 2704
3 2737 2734 2702
3 2737 2702 2705
3 2738 2706 2709
3 2738 2735 2706
3 2739 2736 2704
3 2739 2704 2707
3 2740 2705 2708
3 2740 2737 2705
3 2741 2709 2710
3 2741 2710 2742
3 2741 2738 2709
3 2743 2707 2711
3 2743 2739 2707
3 2743 2711 2713
3 2744 2712 2714
3 2744 2740 2708
3 2744 2708 2712
3 2745 2743 2713
3 2746 2744 2714
3 2747 2713 2715
3 2747 2745 2713
3 2747 2715 2717
3 2748 2714 2716
3 2748 2746 2714
3 2749 2747 2717
3 2750 2748 2716
3 2750 2716 2718
3 2751 2749 2717
3 2751 2717 2719
3 2751 2719 2722
3 2752 2718 2720
3 2752 2750 2718
3 2753 159 157
3 2753 161 159
3 2753 157 2721
3 2754 2722 2725
3 2754 2751 2722
3 2755 2752 2720
3 2755 2720 2723
3 2755 2723 2726
3 2756 2753 2721
3 2756 2721 2724
3 2757 2754 2725
3 2758 2755 2726
3 2759 2756 2724
3 2759 2724 2727
3 2760 2757 2725
3 2760 2725 2728
3 2761 2758 2726
3 2761 2726 2729
3 2762 2727 2730
3 2762 2759 2727
3 2763 2760 2728
3 2763 2728 2731
3 2764 2761 2729
3 2764 2729 2732
3 2765 2762 2730
3 2765 2730 2733
3 2766 2763 2731
3 2766 2731 2734
3 2767 2764 2732
3 2767 2732 2735
3 2768 2733 2736
3 2768 2765 2733
3 2769 2734 2737
3 2769 2766 2734
3 2770 2767 2735
3 2770 2735 2738
3 2771 2768 2736
3 2771 2736 2739
3 2772 2740 2744
3 2772 2737 2740
3 2772 2769 2737
3 2773 2742 2774
3 2773 2770 2738
3 2773 2741 2742
3 2773 2738 2741
3 2775 2771 2739
3 2775 2739 2743
3 2776 2772 2744
3 2777 2743 2745
3 2777 2775 2743
3 2778 2744 2746
3 2778 2776 2744
3 2779 2745 2747
3 2779 2777 2745
3 2780 2748 2750
3 2780 2746 2748
3 2780 2778 2746
3 2781 2747 2749
3 2781 2779 2747
3 2782 2780 2750
3 2783 2781 2749
3 2783 2749 2751
3 2784 2782 2750
3 2784 2750 2752
3 2785 161 2753
3 2785 2753 2756
3 2786 2751 2754
3 2786 2783 2751
3 2787 2784 2752
3 2787 2752 2755
3 2788 2785 2756
3 2789 2786 2754
3 2789 2754 2757
3 2790 2787 2755
3 2790 2755 2758
3 2791 2788 2756
3 2791 2756 2759
3 2791 2759 2762
3 2792 2757 2760
3 2792 2789 2757
3 2793 2790 2758
3 2793 2758 2761
3 2793 2761 2764
3 2794 2791 2762
3 2795 2760 2763
3 2795 2792 2760
3 2796 2793 2764
3 2797 2794 2762
3 2797 2765 2768
3 2797 2762 2765
3 2798 2795 2763
3 2798 2763 2766
3 2799 2796 2764
3 2799 2764 2767
3 2799 2767 2770
3 2800 2797 2768
3 2801 2798 2766
3 2801 2766 2769
3 2802 2799 2770
3 2803 2800 2768
3 2803 2768 2771
3 2804 2801 2769
3 2804 2769 2772
3 2805 2774 2806
3 2805 2806 2807
3 2805 2802 2770
3 2805 2773 2774
3 2805 2770 2773
3 2808 2803 2771
3 2808 2771 2775
3 2808 2775 2777
3 2809 2804 2772
3 2809 2772 2776
3 2810 2777 2779
3 2810 2808 2777
3 2811 2776 2778
3 2811 2809 2776
3 2812 2810 2779
3 2813 2778 2780
3 2813 2811 2778
3 2814 2812 2779
3 2814 2779 2781
3 2815 2780 2782
3 2815 2813 2780
3 2816 2781 2783
3 2816 2814 2781
3 2817 2782 2784
3 2817 2815 2782
3 2818 163 161
3 2818 2785 2788
3 2818 161 2785
3 2819 2783 2786
3 2819 2786 2789
3 2819 2816 2783
3 2820 2817 2784
3 2820 2784 2787
3 2821 2818 2788
3 2822 2819 2789
3 2823 2787 2790
3 2823 2820 2787
3 2824 2821 2788
3 2824 2788 2791
3 2824 2791 2794
3 2825 2789 2792
3 2825 2792 2795
3 2825 2822 2789
3 2826 2823 2790
3 2826 2790 2793
3 2827 2824 2794
3 2827 2794 2797
3 2828 2825 2795
3 2828 2795 2798
3 2829 2826 2793
3 2829 2793 2796
3 2830 2797 2800
3 2830 2827 2797
3 2831 2828 2798
3 2832 2829 2796
3 2832 2796 2799
3 2833 2830 2800
3 2834 2798 2801
3 2834 2831 2798
3 2834 2801 2804
3 2835 2799 2802
3 2835 2832 2799
3 2836 2833 2800
3 2836 2800 2803
3 2836 2803 2808
3 2837 2834 2804
3 2837 2804 2809
3 2838 2835 2802
3 2838 2802 2805
3 2838 2805 2807
3 2839 2836 2808
3 2840 2837 2809
3 2840 2809 2811
3 2841 2808 2810
3 2841 2839 2808
3 2842 2840 2811
3 2843 2841 2810
3 2843 2810 2812
3 2844 2813 2815
3 2844 2842 2811
3 2844 2811 2813
3 2845 2812 2814
3 2845 2843 2812
3 2846 2844 2815
3 2847 2814 2816
3 2847 2845 2814
3 2848 2817 2820
3 2848 2815 2817
3 2848 2846 2815
3 2849 165 163
3 2849 163 2818
3 2850 2816 2819
3 2850 2847 2816
3 2851 2820 2823
3 2851 2848 2820
3 2852 2818 2821
3 2852 2849 2818
3 2853 2850 2819
3 2853 2819 2822
3 2854 2851 2823
3 2855 2852 2821
3 2855 2821 2824
3 2856 2853 2822
3 2856 2822 2825
3 2857 2823 2826
3 2857 2854 2823
3 2858 2824 2827
3 2858 2855 2824
3 2859 2825 2828
3 2859 2856 2825
3 2860 2857 2826
3 2860 2826 2829
3 2861 2858 2827
3 2861 2827 2830
3 2862 2859 2828
3 2862 2828 2831
3 2863 2860 2829
3 2863 2829 2832
3 2863 2832 2835
3 2864 2830 2833
3 2864 2861 2830
3 2865 2831 2834
3 2865 2862 2831
3 2866 2863 2835
3 2866 2835 2838
3 2867 2864 2833
3 2867 2833 2836
3 2868 2834 2837
3 2868 2865 2834
3 2869 2866 2838
3 2869 2807 2870
3 2869 2838 2807
3 2871 2867 2836
3 2871 2836 2839
3 2872 2868 2837
3 2872 2837 2840
3 2873 2839 2841
3 2873 2871 2839
3 2873 2841 2843
3 2874 2872 2840
3 2874 2840 2842
3 2875 2873 2843
3 2876 2874 2842
3 2876 2842 2844
3 2877 2875 2843
3 2877 2843 2845
3 2878 2876 2844
3 2878 2844 2846
3 2879 2845 2847
3 2879 2877 2845
3 2880 2846 2848
3 2880 2878 2846
3 2881 167 165
3 2881 165 2849
3 2882 2879 2847
3 2882 2847 2850
3 2883 2848 2851
3 2883 2880 2848
3 2884 2881 2849
3 2884 2849 2852
3 2885 2850 2853
3 2885 2882 2850
3 2886 2851 2854
3 2886 2883 2851
3 2887 2852 2855
3 2887 2884 2852
3 2888 2885 2853
3 2888 2853 2856
3 2889 2854 2857
3 2889 2886 2854
3 2890 2887 2855
3 2890 2855 2858
3 2891 2856 2859
3 2891 2888 2856
3 2892 2889 2857
3 2892 2857 2860
3 2893 2890 2858
3 2893 2861 2864
3 2893 2858 2861
3 2894 2859 2862
3 2894 2891 2859
3 2895 2860 2863
3 2895 2892 2860
3 2896 2893 2864
3 2897 2894 2862
3 2897 2862 2865
3 2897 2865 2868
3 2898 2895 2863
3 2898 2863 2866
3 2899 2896 2864
3 2899 2864 2867
3 2900 2897 2868
3 2901 2898 2866
3 2901 2866 2869
3 2901 2869 2870
3 2901 2870 2902
3 2903 2867 2871
3 2903 2899 2867
3 2904 2900 2868
3 2904 2868 2872
3 2905 2903 2871
3 2905 2871 2873
3 2906 2872 2874
3 2906 2904 2872
3 2907 2873 2875
3 2907 2905 2873
3 2908 2906 2874
3 2908 2874 2876
3 2909 2875 2877
3 2909 2907 2875
3 2910 2876 2878
3 2910 2908 2876
3 2911 2909 2877
3 2911 2877 2879
3 2912 2910 2878
3 2912 2878 2880
3 2913 169 167
3 2913 167 2881
3 2914 2879 2882
3 2914 2911 2879
3 2915 2880 2883
3 2915 2912 2880
3 2915 2883 2886
3 2916 2913 2881
3 2916 2881 2884
3 2917 2882 2885
3 2917 2914 2882
3 2918 2915 2886
3 2919 2887 2890
3 2919 2916 2884
3 2919 2884 2887
3 2920 2885 2888
3 2920 2888 2891
3 2920 2917 2885
3 2921 2886 2889
3 2921 2918 2886
3 2922 2919 2890
3 2923 2891 2894
3 2923 2920 2891
3 2924 2889 2892
3 2924 2921 2889
3 2925 2890 2893
3 2925 2922 2890
3 2926 2923 2894
3 2927 2924 2892
3 2927 2892 2895
3 2928 2925 2893
3 2928 2893 2896
3 2929 2926 2894
3 2929 2894 2897
3 2930 2927 2895
3 2930 2895 2898
3 2931 2928 2896
3 2931 2896 2899
3 2932 2929 2897
3 2932 2900 2904
3 2932 2897 2900
3 2933 2930 2898
3 2933 2898 2901
3 2933 2901 2902
3 2933 2902 2934
3 2935 2931 2899
3 2935 2899 2903
3 2936 2932 2904
3 2937 2903 2905
3 2937 2935 2903
3 2938 2936 2904
3 2938 2904 2906
3 2939 2937 2905
3 2939 2905 2907
3 2940 2906 2908
3 2940 2938 2906
3 2941 2939 2907
3 2941 2907 2909
3 2942 2940 2908
3 2942 2908 2910
3 2943 2941 2909
3 2943 2909 2911
3 2944 2910 2912
3 2944 2942 2910
3 2945 171 169
3 2945 169 2913
3 2945 2913 2916
3 2946 2943 2911
3 2946 2911 2914
3 2947 2944 2912
3 2947 2912 2915
3 2948 2945 2916
3 2949 2914 2917
3 2949 2946 2914
3 2950 2915 2918
3 2950 2947 2915
3 2951 2916 2919
3 2951 2948 2916
3 2952 2949 2917
3 2952 2917 2920
3 2953 2918 2921
3 2953 2950 2918
3 2954 2919 2922
3 2954 2951 2919
3 2955 2920 2923
3 2955 2952 2920
3 2956 2921 2924
3 2956 2953 2921
3 2957 2925 2928
3 2957 2922 2925
3 2957 2954 2922
3 2958 2923 2926
3 2958 2955 2923
3 2959 2924 2927
3 2959 2927 2930
3 2959 2956 2924
3 2960 2957 2928
3 2961 2958 2926
3 2961 2926 2929
3 2961 2929 2932
3 2962 2959 2930
3 2962 2930 2933
3 2963 2928 2931
3 2963 2960 2928
3 2964 2961 2932
3 2965 2962 2933
3 2965 2933 2934
3 2965 2934 2966
3 2967 2931 2935
3 2967 2935 2937
3 2967 2963 2931
3 2968 2964 2932
3 2968 2932 2936
3 2969 2967 2937
3 2969 2937 2939
3 2970 2968 2936
3 2970 2936 2938
3 2971 2969 2939
3 2972 2938 2940
3 2972 2970 2938
3 2973 2939 2941
3 2973 2971 2939
3 2974 2972 2940
3 2974 2940 2942
3 2975 2973 2941
3 2975 2941 2943
3 2976 2974 2942
3 2976 2942 2944
3 2977 173 171
3 2977 171 2945
3 2978 2943 2946
3 2978 2975 2943
3 2978 2946 2949
3 2979 2976 2944
3 2979 2944 2947
3 2979 2947 2950
3 2980 2977 2945
3 2980 2945 2948
3 2981 2978 2949
3 2982 2979 2950
3 2983 2980 2948
3 2983 2948 2951
3 2984 2949 2952
3 2984 2981 2949
3 2985 2950 2953
3 2985 2982 2950
3 2986 2951 2954
3 2986 2983 2951
3 2987 2952 2955
3 2987 2955 2958
3 2987 2984 2952
3 2988 2953 2956
3 2988 2985 2953
3 2989 2954 2957
3 2989 2986 2954
3 2990 2987 2958
3 2991 2988 2956
3 2991 2956 2959
3 2992 2989 2957
3 2992 2957 2960
3 2993 2990 2958
3 2993 2958 2961
3 2993 2961 2964
3 2994 2991 2959
3 2994 2959 2962
3 2995 2960 2963
3 2995 2992 2960
3 2996 2993 2964
3 2996 2964 2968
3 2997 2994 2962
3 2997 2962 2965
3 2997 2965 2966
3 2997 2966 2998
3 2999 2995 2963
3 2999 2963 2967
3 3000 2996 2968
3 3001 2999 2967
3 3001 2967 2969
3 3002 2968 2970
3 3002 3000 2968
3 3003 3001 2969
3 3003 2969 2971
3 3004 3002 2970
3 3004 2970 2972
3 3004 2972 2974
3 3005 3003 2971
3 3005 2971 2973
3 3006 3004 2974
3 3007 3005 2973
3 3007 2973 2975
3 3008 3006 2974
3 3008 2974 2976
3 3009 175 173
3 3009 2977 2980
3 3009 173 2977
3 3010 2975 2978
3 3010 3007 2975
3 3011 2976 2979
3 3011 2979 2982
3 3011 3008 2976
3 3012 3009 2980
3 3013 3010 2978
3 3013 2978 2981
3 3014 3011 2982
3 3015 2983 2986
3 3015 3012 2980
3 3015 2980 2983
3 3016 3013 2981
3 3016 2981 2984
3 3017 3014 2982
3 3017 2982 2985
3 3018 2986 2989
3 3018 3015 2986
3 3019 2987 2990
3 3019 3016 2984
3 3019 2984 2987
3 3020 2985 2988
3 3020 3017 2985
3 3021 3018 2989
3 3021 2989 2992
3 3022 3019 2990
3 3023 2991 2994
3 3023 3020 2988
3 3023 2988 2991
3 3024 3021 2992
3 3025 2990 2993
3 3025 3022 2990
3 3026 3023 2994
3 3027 2995 2999
3 3027 2992 2995
3 3027 3024 2992
3 3028 3025 2993
3 3028 2993 2996
3 3028 2996 3000
3 3029 3026 2994
3 3029 2994 2997
3 3029 2997 2998
3 3029 2998 3030
3 3031 3027 2999
3 3032 3028 3000
3 3033 2999 3001
3 3033 3001 3003
3 3033 3031 2999
3 3034 3032 3000
3 3034 3000 3002
3 3035 3033 3003
3 3036 3002 3004
3 3036 3004 3006
3 3036 3034 3002
3 3037 3035 3003
3 3037 3003 3005
3 3038 3036 3006
3 3039 3005 3007
3 3039 3037 3005
3 3040 3006 3008
3 3040 3038 3006
3 3041 177 175
3 3041 175 3009
3 3042 3007 3010
3 3042 3039 3007
3 3043 3040 3008
3 3043 3008 3011
3 3044 3041 3009
3 3044 3009 3012
3 3045 3042 3010
3 3045 3010 3013
3 3046 3043 3011
3 3046 3011 3014
3 3047 3012 3015
3 3047 3044 3012
3 3048 3045 3013
3 3048 3013 3016
3 3049 3046 3014
3 3049 3014 3017
3 3049 3017 3020
3 3050 3047 3015
3 3050 3015 3018
3 3051 3048 3016
3 3051 3016 3019
3 3052 3049 3020
3 3053 3018 3021
3 3053 3050 3018
3 3054 3019 3022
3 3054 3051 3019
3 3055 3020 3023
3 3055 3023 3026
3 3055 3052 3020
3 3056 3021 3024
3 3056 3053 3021
3 3057 3022 3025
3 3057 3054 3022
3 3058 3026 3029
3 3058 3055 3026
3 3059 3024 3027
3 3059 3056 3024
3 3060 3025 3028
3 3060 3057 3025
3 3061 3058 3029
3 3061 3029 3030
3 3061 3030 3062
3 3063 3059 3027
3 3063 3027 3031
3 3064 3028 3032
3 3064 3060 3028
3 3065 3031 3033
3 3065 3063 3031
3 3066 3032 3034
3 3066 3064 3032
3 3067 3033 3035
3 3067 3065 3033
3 3068 3066 3034
3 3068 3034 3036
3 3069 3067 3035
3 3069 3035 3037
3 3070 3068 3036
3 3070 3036 3038
3 3071 3069 3037
3 3071 3037 3039
3 3072 3070 3038
3 3072 3038 3040
3 3073 179 177
3 3073 177 3041
3 3074 3071 3039
3 3074 3039 3042
3 3075 3040 3043
3 3075 3072 3040
3 3076 3073 3041
3 3076 3041 3044
3 3077 3042 3045
3 3077 3074 3042
3 3078 3075 3043
3 3078 3043 3046
3 3079 3076 3044
3 3079 3044 3047
3 3080 3045 3048
3 3080 3077 3045
3 3081 3078 3046
3 3081 3046 3049
3 3082 3079 3047
3 3082 3047 3050
3 3083 3080 3048
3 3083 3048 3051
3 3084 3081 3049
3 3084 3049 3052
3 3085 3082 3050
3 3085 3050 3053
3 3086 3083 3051
3 3086 3051 3054
3 3087 3052 3055
3 3087 3084 3052
3 3087 3055 3058
3 3088 3053 3056
3 3088 3085 3053
3 3089 3054 3057
3 3089 3086 3054
3 3090 3087 3058
3 3091 3056 3059
3 3091 3088 3056
3 3092 3057 3060
3 3092 3089 3057
3 3093 3090 3058
3 3093 3061 3062
3 3093 3058 3061
3 3093 3062 3094
3 3093 3094 3095
3 3096 3059 3063
3 3096 3091 3059
3 3097 3060 3064
3 3097 3092 3060
3 3098 3063 3065
3 3098 3096 3063
3 3099 3097 3064
3 3099 3064 3066
3 3100 3065 3067
3 3100 3098 3065
3 3101 3066 3068
3 3101 3099 3066
3 3102 3067 3069
3 3102 3069 3071
3 3102 3100 3067
3 3103 3101 3068
3 3103 3068 3070
3 3104 3102 3071
3 3105 3070 3072
3 3105 3103 3070
3 3106 181 179
3 3106 3073 3076
3 3106 179 3073
3 3107 3071 3074
3 3107 3104 3071
3 3107 3074 3077
3 3108 3105 3072
3 3108 3072 3075
3 3109 3106 3076
3 3110 3107 3077
3 3111 3108 3075
3 3111 3075 3078
3 3112 3109 3076
3 3112 3076 3079
3 3113 3110 3077
3 3113 3077 3080
3 3114 3111 3078
3 3114 3078 3081
3 3115 3079 3082
3 3115 3112 3079
3 3115 3082 3085
3 3116 3113 3080
3 3116 3080 3083
3 3116 3083 3086
3 3117 3114 3081
3 3117 3081 3084
3 3118 3085 3088
3 3118 3115 3085
3 3119 3116 3086
3 3120 3117 3084
3 3120 3084 3087
3 3121 3118 3088
3 3122 3119 3086
3 3122 3086 3089
3 3123 3087 3090
3 3123 3120 3087
3 3124 3088 3091
3 3124 3121 3088
3 3125 3092 3097
3 3125 3089 3092
3 3125 3122 3089
3 3126 3093 3095
3 3126 3090 3093
3 3126 3123 3090
3 3127 3091 3096
3 3127 3124 3091
3 3128 3125 3097
3 3129 3098 3100
3 3129 3096 3098
3 3129 3127 3096
3 3130 3128 3097
3 3130 3099 3101
3 3130 3097 3099
3 3131 3129 3100
3 3132 3130 3101
3 3133 3100 3102
3 3133 3131 3100
3 3134 3132 3101
3 3134 3101 3103
3 3135 3102 3104
3 3135 3133 3102
3 3136 3134 3103
3 3136 3103 3105
3 3137 183 181
3 3137 181 3106
3 3138 3104 3107
3 3138 3135 3104
3 3138 3107 3110
3 3139 3105 3108
3 3139 3136 3105
3 3140 3106 3109
3 3140 3137 3106
3 3141 3138 3110
3 3142 3139 3108
3 3142 3108 3111
3 3143 3140 3109
3 3143 3109 3112
3 3144 3113 3116
3 3144 3110 3113
3 3144 3141 3110
3 3145 3142 3111
3 3145 3111 3114
3 3146 3112 3115
3 3146 3143 3112
3 3147 3116 3119
3 3147 3144 3116
3 3148 3114 3117
3 3148 3145 3114
3 3149 3146 3115
3 3149 3115 3118
3 3150 3147 3119
3 3151 3148 3117
3 3151 3117 3120
3 3151 3120 3123
3 3152 3149 3118
3 3152 3118 3121
3 3153 3150 3119
3 3153 3119 3122
3 3153 3122 3125
3 3154 3123 3126
3 3154 3151 3123
3 3155 3121 3124
3 3155 3152 3121
3 3156 3125 3128
3 3156 3153 3125
3 3157 3126 3095
3 3157 3154 3126
3 3157 3095 3158
3 3159 3124 3127
3 3159 3155 3124
3 3160 3156 3128
3 3161 3129 3131
3 3161 3127 3129
3 3161 3159 3127
3 3162 3128 3130
3 3162 3160 3128
3 3163 3161 3131
3 3164 3162 3130
3 3164 3130 3132
3 3165 3163 3131
3 3165 3131 3133
3 3166 3164 3132
3 3166 3132 3134
3 3166 3134 3136
3 3167 3165 3133
3 3167 3133 3135
3 3168 3166 3136
3 3169 185 183
3 3169 3137 3140
3 3169 183 3137
3 3170 3135 3138
3 3170 3167 3135
3 3171 3168 3136
3 3171 3136 3139
3 3171 3139 3142
3 3172 3169 3140
3 3173 3170 3138
3 3173 3138 3141
3 3174 3171 3142
3 3175 3140 3143
3 3175 3172 3140
3 3176 3173 3141
3 3176 3141 3144
3 3177 3142 3145
3 3177 3174 3142
3 3178 3143 3146
3 3178 3175 3143
3 3178 3146 3149
3 3179 3176 3144
3 3179 3144 3147
3 3180 3177 3145
3 3180 3145 3148
3 3181 3178 3149
3 3182 3179 3147
3 3182 3147 3150
3 3183 3148 3151
3 3183 3180 3148
3 3184 3149 3152
3 3184 3181 3149
3 3185 3150 3153
3 3185 3153 3156
3 3185 3182 3150
3 3186 3183 3151
3 3186 3151 3154
3 3187 3184 3152
3 3187 3152 3155
3 3188 3185 3156
3 3189 3158 3190
3 3189 3186 3154
3 3189 3154 3157
3 3189 3157 3158
3 3191 3187 3155
3 3191 3155 3159
3 3192 3156 3160
3 3192 3188 3156
3 3193 3159 3161
3 3193 3161 3163
3 3193 3191 3159
3 3194 3192 3160
3 3194 3160 3162
3 3195 3193 3163
3 3196 3162 3164
3 3196 3194 3162
3 3197 3163 3165
3 3197 3195 3163
3 3198 3164 3166
3 3198 3196 3164
3 3199 3165 3167
3 3199 3197 3165
3 3200 3166 3168
3 3200 3198 3166
3 3201 3169 3172
3 3201 187 185
3 3201 185 3169
3 3202 3199 3167
3 3202 3167 3170
3 3203 3200 3168
3 3203 3168 3171
3 3203 3171 3174
3 3204 3201 3172
3 3205 3202 3170
3 3205 3170 3173
3 3206 3203 3174
3 3207 3172 3175
3 3207 3204 3172
3 3208 3173 3176
3 3208 3205 3173
3 3209 3206 3174
3 3209 3174 3177
3 3210 3207 3175
3 3210 3178 3181
3 3210 3175 3178
3 3211 3208 3176
3 3211 3176 3179
3 3212 3209 3177
3 3212 3177 3180
3 3213 3181 3184
3 3213 3210 3181
3 3214 3211 3179
3 3214 3179 3182
3 3215 3212 3180
3 3215 3180 3183
3 3216 3213 3184
3 3217 3214 3182
3 3217 3182 3185
3 3218 3183 3186
3 3218 3215 3183
3 3219 3216 3184
3 3219 3184 3187
3 3220 3217 3185
3 3220 3185 3188
3 3221 3218 3186
3 3221 3189 3190
3 3221 3190 3222
3 3221 3186 3189
3 3223 3219 3187
3 3223 3187 3191
3 3224 3220 3188
3 3224 3188 3192
3 3225 3223 3191
3 3225 3191 3193
3 3226 3192 3194
3 3226 3224 3192
3 3227 3193 3195
3 3227 3225 3193
3 3228 3226 3194
3 3228 3194 3196
3 3229 3195 3197
3 3229 3227 3195
3 3230 3196 3198
3 3230 3228 3196
3 3231 3197 3199
3 3231 3229 3197
3 3232 3198 3200
3 3232 3230 3198
3 3233 189 187
3 3233 187 3201
3 3234 3202 3205
3 3234 3231 3199
3 3234 3199 3202
3 3235 3200 3203
3 3235 3232 3200
3 3236 3201 3204
3 3236 3233 3201
3 3237 3234 3205
3 3238 3235 3203
3 3238 3203 3206
3 3239 3236 3204
3 3239 3204 3207
3 3240 3237 3205
3 3240 3205 3208
3 3240 3208 3211
3 3241 3206 3209
3 3241 3238 3206
3 3242 3207 3210
3 3242 3239 3207
3 3243 3240 3211
3 3243 3211 3214
3 3244 3241 3209
3 3244 3209 3212
3 3245 3210 3213
3 3245 3242 3210
3 3246 3243 3214
3 3247 3244 3212
3 3247 3212 3215
3 3248 3213 3216
3 3248 3245 3213
3 3249 3214 3217
3 3249 3246 3214
3 3250 3247 3215
3 3250 3215 3218
3 3251 3216 3219
3 3251 3248 3216
3 3252 3217 3220
3 3252 3220 3224
3 3252 3249 3217
3 3253 3250 3218
3 3253 3218 3221
3 3253 3221 3222
3 3253 3222 3254
3 3255 3251 3219
3 3255 3219 3223
3 3256 3252 3224
3 3256 3224 3226
3 3257 3223 3225
3 3257 3255 3223
3 3258 3256 3226
3 3259 3257 3225
3 3259 3225 3227
3 3260 3226 3228
3 3260 3258 3226
3 3261 3229 3231
3 3261 3259 3227
3 3261 3227 3229
3 3262 3260 3228
3 3262 3228 3230
3 3262 3230 3232
3 3263 3261 3231
3 3264 3232 3235
3 3264 3262 3232
3 3265 189 3233
3 3265 190 189
3 3266 3231 3234
3 3266 3234 3237
3 3266 3263 3231
3 3267 3264 3235
3 3268 3233 3236
3 3268 3265 3233
3 3269 3266 3237
3 3270 3267 3235
3 3270 3235 3238
3 3270 3238 3241
3 3271 3268 3236
3 3271 3236 3239
3 3272 3269 3237
3 3272 3237 3240
3 3273 3270 3241
3 3274 3271 3239
3 3274 3239 3242
3 3275 3272 3240
3 3275 3240 3243
3 3276 3241 3244
3 3276 3273 3241
3 3277 3242 3245
3 3277 3274 3242
3 3278 3275 3243
3 3278 3243 3246
3 3279 3276 3244
3 3279 3244 3247
3 3279 3247 3250
3 3280 3277 3245
3 3280 3245 3248
3 3281 3246 3249
3 3281 3278 3246
3 3282 3279 3250
3 3283 3280 3248
3 3283 3248 3251
3 3284 3281 3249
3 3284 3249 3252
3 3285 3282 3250
3 3285 3250 3253
3 3285 3253 3254
3 3285 3254 3286
3 3287 3251 3255
3 3287 3283 3251
3 3288 3252 3256
3 3288 3284 3252
3 3289 3287 3255
3 3289 3255 3257
3 3290 3288 3256
3 3290 3256 3258
3 3291 3289 3257
3 3291 3257 3259
3 3292 3290 3258
3 3292 3258 3260
3 3293 3291 3259
3 3293 3259 3261
3 3294 3292 3260
3 3294 3260 3262
3 3295 3261 3263
3 3295 3293 3261
3 3296 3262 3264
3 3296 3294 3262
3 3297 193 190
3 3297 3265 3268
3 3297 190 3265
3 3298 3263 3266
3 3298 3295 3263
3 3299 3264 3267
3 3299 3296 3264
3 3300 3297 3268
3 3301 3266 3269
3 3301 3298 3266
3 3302 3267 3270
3 3302 3299 3267
3 3303 3268 3271
3 3303 3300 3268
3 3304 3269 3272
3 3304 3301 3269
3 3305 3270 3273
3 3305 3302 3270
3 3306 3274 3277
3 3306 3271 3274
3 3306 3303 3271
3 3307 3272 3275
3 3307 3275 3278
3 3307 3304 3272
3 3308 3305 3273
3 3308 3273 3276
3 3309 3306 3277
3 3310 3307 3278
3 3311 3308 3276
3 3311 3276 3279
3 3312 3309 3277
3 3312 3277 3280
3 3312 3280 3283
3 3313 3310 3278
3 3313 3278 3281
3 3314 3279 3282
3 3314 3311 3279
3 3315 3312 3283
3 3316 3281 3284
3 3316 3313 3281
3 3316 3284 3288
3 3317 3314 3282
3 3317 3282 3285
3 3317 3285 3286
3 3317 3286 3318
3 3319 3283 3287
3 3319 3315 3283
3 3320 3316 3288
3 3321 3289 3291
3 3321 3319 3287
3 3321 3287 3289
3 3322 3320 3288
3 3322 3288 3290
3 3323 3321 3291
3 3324 3322 3290
3 3324 3290 3292
3 3325 3291 3293
3 3325 3323 3291
3 3326 3324 3292
3 3326 3292 3294
3 3327 3325 3293
3 3327 3293 3295
3 3328 3296 3299
3 3328 3326 3294
3 3328 3294 3296
3 3329 195 193
3 3329 193 3297
3 3330 3295 3298
3 3330 3327 3295
3 3330 3298 3301
3 3331 3328 3299
3 3332 3297 3300
3 3332 3329 3297
3 3333 3330 3301
3 3334 3299 3302
3 3334 3331 3299
3 3335 3300 3303
3 3335 3332 3300
3 3336 3301 3304
3 3336 3333 3301
3 3337 3302 3305
3 3337 3334 3302
3 3338 3303 3306
3 3338 3335 3303
3 3339 3304 3307
3 3339 3336 3304
3 3340 3305 3308
3 3340 3337 3305
3 3341 3306 3309
3 3341 3338 3306
3 3342 3339 3307
3 3342 3307 3310
3 3343 3340 3308
3 3343 3308 3311
3 3343 3311 3314
3 3344 3309 3312
3 3344 3341 3309
3 3345 3342 3310
3 3345 3310 3313
3 3346 3343 3314
3 3347 3344 3312
3 3347 3312 3315
3 3348 3313 3316
3 3348 3345 3313
3 3349 3346 3314
3 3349 3314 3317
3 3349 3317 3318
3 3349 3318 3350
3 3351 3315 3319
3 3351 3347 3315
3 3352 3348 3316
3 3352 3316 3320
3 3353 3351 3319
3 3353 3319 3321
3 3354 3320 3322
3 3354 3322 3324
3 3354 3352 3320
3 3355 3353 3321
3 3355 3321 3323
3 3356 3354 3324
3 3357 3323 3325
3 3357 3355 3323
3 3358 3356 3324
3 3358 3324 3326
3 3359 3325 3327
3 3359 3357 3325
3 3360 3358 3326
3 3360 3326 3328
3 3361 195 3329
3 3361 197 195
3 3362 3327 3330
3 3362 3359 3327
3 3363 3360 3328
3 3363 3328 3331
3 3364 3329 3332
3 3364 3361 3329
3 3365 3362 3330
3 3365 3330 3333
3 3366 3331 3334
3 3366 3363 3331
3 3367 3364 3332
3 3367 3332 3335
3 3368 3365 3333
3 3368 3333 3336
3 3369 3366 3334
3 3369 3334 3337
3 3370 3335 3338
3 3370 3367 3335
3 3371 3336 3339
3 3371 3368 3336
3 3372 3337 3340
3 3372 3369 3337
3 3373 3370 3338
3 3373 3338 3341
3 3374 3339 3342
3 3374 3371 3339
3 3375 3372 3340
3 3375 3340 3343
3 3376 3373 3341
3 3376 3341 3344
3 3377 3342 3345
3 3377 3374 3342
3 3378 3375 3343
3 3378 3343 3346
3 3379 3376 3344
3 3379 3344 3347
3 3380 3377 3345
3 3380 3345 3348
3 3381 3378 3346
3 3381 3346 3349
3 3381 3349 3350
3 3381 3350 3382
3 3383 3379 3347
3 3383 3347 3351
3 3384 3348 3352
3 3384 3380 3348
3 3385 3351 3353
3 3385 3383 3351
3 3386 3384 3352
3 3386 3352 3354
3 3387 3353 3355
3 3387 3385 3353
3 3388 3386 3354
3 3388 3354 3356
3 3389 3387 3355
3 3389 3355 3357
3 3390 3356 3358
3 3390 3388 3356
3 3391 3357 3359
3 3391 3389 3357
3 3392 3390 3358
3 3392 3358 3360
3 3393 3361 3364
3 3393 199 197
3 3393 197 3361
3 3394 3359 3362
3 3394 3391 3359
3 3395 3392 3360
3 3395 3360 3363
3 3396 3393 3364
3 3397 3362 3365
3 3397 3394 3362
3 3398 3395 3363
3 3398 3363 3366
3 3399 3396 3364
3 3399 3364 3367
3 3400 3397 3365
3 3400 3365 3368
3 3401 3366 3369
3 3401 3398 3366
3 3402 3367 3370
3 3402 3370 3373
3 3402 3399 3367
3 3403 3368 3371
3 3403 3400 3368
3 3404 3369 3372
3 3404 3401 3369
3 3405 3373 3376
3 3405 3402 3373
3 3406 3371 3374
3 3406 3403 3371
3 3407 3372 3375
3 3407 3404 3372
3 3408 3405 3376
3 3409 3406 3374
3 3409 3374 3377
3 3410 3375 3378
3 3410 3407 3375
3 3411 3376 3379
3 3411 3408 3376
3 3412 3377 3380
3 3412 3409 3377
3 3413 3410 3378
3 3413 3378 3381
3 3413 3381 3382
3 3413 3382 3414
3 3415 3379 3383
3 3415 3411 3379
3 3416 3380 3384
3 3416 3412 3380
3 3417 3385 3387
3 3417 3383 3385
3 3417 3415 3383
3 3418 3416 3384
3 3418 3384 3386
3 3419 3417 3387
3 3420 3386 3388
3 3420 3418 3386
3 3421 3419 3387
3 3421 3389 3391
3 3421 3387 3389
3 3422 3420 3388
3 3422 3388 3390
3 3423 3421 3391
3 3424 3390 3392
3 3424 3422 3390
3 3425 201 199
3 3425 199 3393
3 3426 3423 3391
3 3426 3391 3394
3 3426 3394 3397
3 3427 3392 3395
3 3427 3424 3392
3 3428 3393 3396
3 3428 3425 3393
3 3429 3426 3397
3 3430 3427 3395
3 3430 3395 3398
3 3431 3396 3399
3 3431 3428 3396
3 3432 3397 3400
3 3432 3429 3397
3 3433 3430 3398
3 3433 3398 3401
3 3434 3399 3402
3 3434 3431 3399
3 3435 3400 3403
3 3435 3403 3406
3 3435 3432 3400
3 3436 3401 3404
3 3436 3433 3401
3 3437 3402 3405
3 3437 3434 3402
3 3438 3435 3406
3 3439 3404 3407
3 3439 3436 3404
3 3440 3405 3408
3 3440 3437 3405
3 3441 3406 3409
3 3441 3438 3406
3 3442 3407 3410
3 3442 3439 3407
3 3443 3440 3408
3 3443 3408 3411
3 3444 3409 3412
3 3444 3412 3416
3 3444 3441 3409
3 3445 3410 3413
3 3445 3442 3410
3 3445 3413 3414
3 3445 3414 3446
3 3447 3443 3411
3 3447 3411 3415
3 3448 3444 3416
3 3449 3415 3417
3 3449 3447 3415
3 3450 3448 3416
3 3450 3418 3420
3 3450 3416 3418
3 3451 3449 3417
3 3451 3417 3419
3 3452 3450 3420
3 3453 3419 3421
3 3453 3451 3419
3 3454 3452 3420
3 3454 3420 3422
3 3454 3422 3424
3 3455 3453 3421
3 3455 3421 3423
3 3456 3424 3427
3 3456 3454 3424
3 3457 203 201
3 3457 205 203
3 3457 201 3425
3 3458 3455 3423
3 3458 3423 3426
3 3459 3456 3427
3 3460 3425 3428
3 3460 3457 3425
3 3461 3458 3426
3 3461 3426 3429
3 3462 3459 3427
3 3462 3427 3430
3 3463 3460 3428
3 3463 3428 3431
3 3464 3429 3432
3 3464 3461 3429
3 3465 3462 3430
3 3465 3430 3433
3 3465 3433 3436
3 3466 3463 3431
3 3466 3431 3434
3 3467 3464 3432
3 3467 3432 3435
3 3468 3465 3436
3 3469 3434 3437
3 3469 3466 3434
3 3470 3435 3438
3 3470 3467 3435
3 3471 3439 3442
3 3471 3436 3439
3 3471 3468 3436
3 3472 3437 3440
3 3472 3469 3437
3 3473 3438 3441
3 3473 3470 3438
3 3474 3442 3445
3 3474 3471 3442
3 3475 3440 3443
3 3475 3472 3440
3 3476 3473 3441
3 3476 3441 3444
3 3477 3445 3446
3 3477 3446 3478
3 3477 3474 3445
3 3479 3475 3443
3 3479 3443 3447
3 3480 3476 3444
3 3480 3444 3448
3 3481 3447 3449
3 3481 3479 3447
3 3482 3480 3448
3 3482 3448 3450
3 3483 3481 3449
3 3483 3449 3451
3 3484 3450 3452
3 3484 3482 3450
3 3485 3483 3451
3 3485 3451 3453
3 3486 3452 3454
3 3486 3484 3452
3 3487 3485 3453
3 3487 3453 3455
3 3488 3486 3454
3 3488 3454 3456
3 3489 205 3457
3 3490 3487 3455
3 3490 3455 3458
3 3491 3488 3456
3 3491 3456 3459
3 3492 3489 3457
3 3492 3457 3460
3 3493 3490 3458
3 3493 3458 3461
3 3494 3491 3459
3 3494 3459 3462
3 3495 3460 3463
3 3495 3463 3466
3 3495 3492 3460
3 3496 3493 3461
3 3496 3461 3464
3 3497 3462 3465
3 3497 3494 3462
3 3498 3495 3466
3 3499 3496 3464
3 3499 3464 3467
3 3500 3497 3465
3 3500 3465 3468
3 3501 3469 3472
3 3501 3498 3466
3 3501 3466 3469
3 3502 3499 3467
3 3502 3467 3470
3 3503 3500 3468
3 3503 3468 3471
3 3504 3501 3472
3 3505 3470 3473
3 3505 3502 3470
3 3506 3471 3474
3 3506 3503 3471
3 3507 3472 3475
3 3507 3504 3472
3 3508 3505 3473
3 3508 3473 3476
3 3509 3477 3478
3 3509 3474 3477
3 3509 3506 3474
3 3509 3478 3510
3 3511 3475 3479
3 3511 3507 3475
3 3512 3476 3480
3 3512 3508 3476
3 3513 3511 3479
3 3513 3479 3481
3 3513 3481 3483
3 3514 3480 3482
3 3514 3512 3480
3 3515 3513 3483
3 3516 3482 3484
3 3516 3514 3482
3 3517 3515 3483
3 3517 3483 3485
3 3518 3516 3484
3 3518 3484 3486
3 3519 3517 3485
3 3519 3485 3487
3 3520 3486 3488
3 3520 3518 3486
3 3521 207 205
3 3521 205 3489
3 3522 3519 3487
3 3522 3487 3490
3 3522 3490 3493
3 3523 3520 3488
3 3523 3488 3491
3 3524 3521 3489
3 3524 3489 3492
3 3525 3493 3496
3 3525 3522 3493
3 3526 3491 3494
3 3526 3523 3491
3 3527 3524 3492
3 3527 3492 3495
3 3528 3525 3496
3 3529 3526 3494
3 3529 3494 3497
3 3530 3527 3495
3 3530 3495 3498
3 3531 3528 3496
3 3531 3496 3499
3 3531 3499 3502
3 3532 3529 3497
3 3532 3497 3500
3 3533 3498 3501
3 3533 3530 3498
3 3534 3531 3502
3 3535 3500 3503
3 3535 3532 3500
3 3536 3501 3504
3 3536 3533 3501
3 3537 3505 3508
3 3537 3502 3505
3 3537 3534 3502
3 3538 3535 3503
3 3538 3503 3506
3 3539 3536 3504
3 3539 3504 3507
3 3540 3508 3512
3 3540 3537 3508
3 3541 3506 3509
3 3541 3509 3510
3 3541 3538 3506
3 3541 3510 3542
3 3541 3542 3543
3 3544 3507 3511
3 3544 3539 3507
3 3545 3540 3512
3 3546 3511 3513
3 3546 3544 3511
3 3547 3512 3514
3 3547 3545 3512
3 3548 3546 3513
3 3548 3513 3515
3 3549 3514 3516
3 3549 3516 3518
3 3549 3547 3514
3 3550 3548 3515
3 3550 3515 3517
3 3550 3517 3519
3 3551 3549 3518
3 3552 3550 3519
3 3553 3551 3518
3 3553 3518 3520
3 3553 3520 3523
3 3554 209 207
3 3554 207 3521
3 3555 3519 3522
3 3555 3552 3519
3 3555 3522 3525
3 3556 3553 3523
3 3556 3523 3526
3 3557 3554 3521
3 3557 3521 3524
3 3558 3555 3525
3 3559 3556 3526
3 3560 3524 3527
3 3560 3557 3524
3 3561 3558 3525
3 3561 3525 3528
3 3562 3559 3526
3 3562 3526 3529
3 3563 3527 3530
3 3563 3560 3527
3 3564 3561 3528
3 3564 3528 3531
3 3565 3562 3529
3 3565 3529 3532
3 3565 3532 3535
3 3566 3530 3533
3 3566 3563 3530
3 3567 3564 3531
3 3567 3531 3534
3 3568 3565 3535
3 3568 3535 3538
3 3569 3533 3536
3 3569 3566 3533
3 3570 3567 3534
3 3570 3534 3537
3 3571 3568 3538
3 3571 3538 3541
3 3572 3536 3539
3 3572 3569 3536
3 3573 3570 3537
3 3573 3537 3540
3 3574 3541 3543
3 3574 3571 3541
3 3575 3539 3544
3 3575 3572 3539
3 3576 3540 3545
3 3576 3573 3540
3 3577 3575 3544
3 3577 3544 3546
3 3578 3545 3547
3 3578 3576 3545
3 3579 3577 3546
3 3579 3546 3548
3 3580 3578 3547
3 3580 3547 3549
3 3581 3548 3550
3 3581 3579 3548
3 3582 3549 3551
3 3582 3580 3549
3 3583 3550 3552
3 3583 3581 3550
3 3584 3551 3553
3 3584 3582 3551
3 3585 3554 3557
3 3585 211 209
3 3585 209 3554
3 3586 3583 3552
3 3586 3552 3555
3 3587 3584 3553
3 3587 3553 3556
3 3588 3585 3557
3 3589 3586 3555
3 3589 3555 3558
3 3590 3556 3559
3 3590 3587 3556
3 3591 3588 3557
3 3591 3557 3560
3 3592 3589 3558
3 3592 3561 3564
3 3592 3558 3561
3 3593 3590 3559
3 3593 3559 3562
3 3594 3563 3566
3 3594 3591 3560
3 3594 3560 3563
3 3595 3592 3564
3 3596 3562 3565
3 3596 3593 3562
3 3597 3594 3566
3 3597 3566 3569
3 3598 3595 3564
3 3598 3564 3567
3 3599 3596 3565
3 3599 3565 3568
3 3600 3597 3569
3 3601 3598 3567
3 3601 3567 3570
3 3602 3599 3568
3 3602 3568 3571
3 3603 3600 3569
3 3603 3569 3572
3 3604 3570 3573
3 3604 3601 3570
3 3605 3574 3543
3 3605 3602 3571
3 3605 3543 3606
3 3605 3571 3574
3 3607 3603 3572
3 3607 3572 3575
3 3608 3604 3573
3 3608 3573 3576
3 3609 3577 3579
3 3609 3575 3577
3 3609 3607 3575
3 3610 3608 3576
3 3610 3576 3578
3 3611 3609 3579
3 3612 3578 3580
3 3612 3610 3578
3 3613 3579 3581
3 3613 3581 3583
3 3613 3611 3579
3 3614 3580 3582
3 3614 3612 3580
3 3615 3613 3583
3 3616 3582 3584
3 3616 3614 3582
3 3617 213 211
3 3617 211 3585
3 3618 3583 3586
3 3618 3615 3583
3 3619 3616 3584
3 3619 3584 3587
3 3620 3585 3588
3 3620 3617 3585
3 3621 3586 3589
3 3621 3618 3586
3 3622 3587 3590
3 3622 3619 3587
3 3623 3588 3591
3 3623 3620 3588
3 3624 3621 3589
3 3624 3589 3592
3 3625 3622 3590
3 3625 3590 3593
3 3626 3591 3594
3 3626 3623 3591
3 3627 3592 3595
3 3627 3624 3592
3 3627 3595 3598
3 3628 3625 3593
3 3628 3593 3596
3 3629 3594 3597
3 3629 3626 3594
3 3630 3627 3598
3 3631 3628 3596
3 3631 3596 3599
3 3632 3629 3597
3 3632 3597 3600
3 3633 3598 3601
3 3633 3630 3598
3 3634 3631 3599
3 3634 3599 3602
3 3635 3600 3603
3 3635 3632 3600
3 3636 3601 3604
3 3636 3633 3601
3 3636 3604 3608
3 3637 3634 3602
3 3637 3605 3606
3 3637 3606 3638
3 3637 3602 3605
3 3639 3635 3603
3 3639 3603 3607
3 3640 3636 3608
3 3641 3639 3607
3 3641 3607 3609
3 3642 3608 3610
3 3642 3640 3608
3 3643 3609 3611
3 3643 3641 3609
3 3644 3610 3612
3 3644 3642 3610
3 3645 3611 3613
3 3645 3643 3611
3 3646 3614 3616
3 3646 3612 3614
3 3646 3644 3612
3 3647 3613 3615
3 3647 3645 3613
3 3648 3616 3619
3 3648 3646 3616
3 3649 213 3617
3 3649 215 213
3 3650 3615 3618
3 3650 3647 3615
3 3651 3648 3619
3 3652 3617 3620
3 3652 3649 3617
3 3653 3618 3621
3 3653 3650 3618
3 3654 3651 3619
3 3654 3619 3622
3 3654 3622 3625
3 3655 3652 3620
3 3655 3620 3623
3 3656 3621 3624
3 3656 3653 3621
3 3657 3654 3625
3 3658 3655 3623
3 3658 3623 3626
3 3659 3624 3627
3 3659 3656 3624
3 3660 3625 3628
3 3660 3657 3625
3 3661 3658 3626
3 3661 3626 3629
3 3662 3659 3627
3 3662 3627 3630
3 3663 3660 3628
3 3663 3628 3631
3 3663 3631 3634
3 3664 3661 3629
3 3664 3629 3632
3 3665 3630 3633
3 3665 3662 3630
3 3666 3663 3634
3 3666 3634 3637
3 3667 3664 3632
3 3667 3632 3635
3 3668 3633 3636
3 3668 3665 3633
3 3669 3666 3637
3 3669 3637 3638
3 3669 3638 3670
3 3671 3635 3639
3 3671 3667 3635
3 3672 3636 3640
3 3672 3668 3636
3 3673 3671 3639
3 3673 3639 3641
3 3673 3641 3643
3 3674 3672 3640
3 3674 3640 3642
3 3675 3673 3643
3 3676 3674 3642
3 3676 3642 3644
3 3677 3643 3645
3 3677 3675 3643
3 3678 3676 3644
3 3678 3644 3646
3 3679 3677 3645
3 3679 3645 3647
3 3680 3646 3648
3 3680 3678 3646
3 3681 3649 3652
3 3681 215 3649
3 3681 217 215
3 3682 3647 3650
3 3682 3679 3647
3 3683 3648 3651
3 3683 3651 3654
3 3683 3680 3648
3 3684 3681 3652
3 3685 3682 3650
3 3685 3650 3653
3 3686 3683 3654
3 3687 3684 3652
3 3687 3652 3655
3 3688 3685 3653
3 3688 3653 3656
3 3689 3654 3657
3 3689 3686 3654
3 3690 3687 3655
3 3690 3658 3661
3 3690 3655 3658
3 3691 3656 3659
3 3691 3688 3656
3 3692 3689 3657
3 3692 3657 3660
3 3693 3690 3661
3 3693 3661 3664
3 3694 3659 3662
3 3694 3691 3659
3 3695 3692 3660
3 3695 3660 3663
3 3696 3693 3664
3 3697 3665 3668
3 3697 3662 3665
3 3697 3694 3662
3 3698 3695 3663
3 3698 3663 3666
3 3699 3664 3667
3 3699 3696 3664
3 3700 3697 3668
3 3701 3698 3666
3 3701 3666 3669
3 3701 3669 3670
3 3701 3670 3702
3 3701 3702 3703
3 3704 3699 3667
3 3704 3667 3671
3 3705 3668 3672
3 3705 3700 3668
3 3706 3704 3671
3 3706 3673 3675
3 3706 3671 3673
3 3707 3705 3672
3 3707 3672 3674
3 3708 3706 3675
3 3709 3674 3676
3 3709 3707 3674
3 3710 3708 3675
3 3710 3677 3679
3 3710 3675 3677
3 3711 3709 3676
3 3711 3676 3678
3 3712 3710 3679
3 3713 3711 3678
3 3713 3678 3680
3 3714 217 3681
3 3714 219 217
3 3715 3712 3679
3 3715 3682 3685
3 3715 3679 3682
3 3716 3683 3686
3 3716 3680 3683
3 3716 3713 3680
3 3717 3681 3684
3 3717 3714 3681
3 3718 3715 3685
3 3719 3716 3686
3 3720 3684 3687
3 3720 3717 3684
3 3721 3685 3688
3 3721 3718 3685
3 3722 3686 3689
3 3722 3719 3686
3 3723 3687 3690
3 3723 3720 3687
3 3724 3691 3694
3 3724 3688 3691
3 3724 3721 3688
3 3725 3722 3689
3 3725 3689 3692
3 3725 3692 3695
3 3726 3723 3690
3 3726 3690 3693
3 3727 3724 3694
3 3728 3725 3695
3 3729 3726 3693
3 3729 3693 3696
3 3730 3727 3694
3 3730 3694 3697
3 3731 3728 3695
3 3731 3695 3698
3 3732 3729 3696
3 3732 3696 3699
3 3733 3697 3700
3 3733 3730 3697
3 3734 3731 3698
3 3734 3701 3703
3 3734 3698 3701
3 3735 3732 3699
3 3735 3699 3704
3 3736 3700 3705
3 3736 3733 3700
3 3737 3704 3706
3 3737 3735 3704
3 3738 3705 3707
3 3738 3736 3705
3 3739 3706 3708
3 3739 3737 3706
3 3740 3738 3707
3 3740 3707 3709
3 3741 3739 3708
3 3741 3708 3710
3 3742 3740 3709
3 3742 3709 3711
3 3742 3711 3713
3 3743 3710 3712
3 3743 3741 3710
3 3744 3742 3713
3 3744 3713 3716
3 3745 221 219
3 3745 219 3714
3 3746 3743 3712
3 3746 3712 3715
3 3747 3744 3716
3 3748 3714 3717
3 3748 3745 3714
3 3749 3746 3715
3 3749 3715 3718
3 3750 3716 3719
3 3750 3747 3716
3 3751 3720 3723
3 3751 3748 3717
3 3751 3717 3720
3 3752 3718 3721
3 3752 3749 3718
3 3753 3719 3722
3 3753 3750 3719
3 3754 3751 3723
3 3755 3752 3721
3 3755 3721 3724
3 3756 3722 3725
3 3756 3753 3722
3 3757 3723 3726
3 3757 3754 3723
3 3758 3755 3724
3 3758 3724 3727
3 3759 3756 3725
3 3759 3725 3728
3 3759 3728 3731
3 3760 3726 3729
3 3760 3757 3726
3 3761 3758 3727
3 3761 3727 3730
3 3762 3759 3731
3 3763 3729 3732
3 3763 3760 3729
3 3764 3761 3730
3 3764 3730 3733
3 3765 3762 3731
3 3765 3731 3734
3 3765 3734 3703
3 3765 3703 3766
3 3767 3763 3732
3 3767 3732 3735
3 3768 3733 3736
3 3768 3764 3733
3 3769 3735 3737
3 3769 3767 3735
3 3769 3737 3739
3 3770 3768 3736
3 3770 3736 3738
3 3771 3769 3739
3 3772 3738 3740
3 3772 3770 3738
3 3773 3739 3741
3 3773 3741 3743
3 3773 3771 3739
3 3774 3772 3740
3 3774 3740 3742
3 3775 3773 3743
3 3776 3774 3742
3 3776 3742 3744
3 3777 221 3745
3 3777 222 221
3 3777 3745 3748
3 3778 3775 3743
3 3778 3743 3746
3 3778 3746 3749
3 3779 3776 3744
3 3779 3744 3747
3 3780 3777 3748
3 3781 3778 3749
3 3782 3779 3747
3 3782 3747 3750
3 3783 3748 3751
3 3783 3751 3754
3 3783 3780 3748
3 3784 3781 3749
3 3784 3749 3752
3 3785 3782 3750
3 3785 3750 3753
3 3786 3783 3754
3 3787 3752 3755
3 3787 3784 3752
3 3788 3753 3756
3 3788 3785 3753
3 3789 3757 3760
3 3789 3786 3754
3 3789 3754 3757
3 3790 3755 3758
3 3790 3787 3755
3 3791 3756 3759
3 3791 3788 3756
3 3792 3789 3760
3 3793 3758 3761
3 3793 3761 3764
3 3793 3790 3758
3 3794 3791 3759
3 3794 3759 3762
3 3795 3792 3760
3 3795 3760 3763
3 3796 3793 3764
3 3797 3794 3762
3 3797 3762 3765
3 3797 3765 3766
3 3797 3766 3798
3 3799 3763 3767
3 3799 3795 3763
3 3800 3764 3768
3 3800 3796 3764
3 3801 3767 3769
3 3801 3799 3767
3 3802 3800 3768
3 3802 3768 3770
3 3803 3769 3771
3 3803 3801 3769
3 3804 3802 3770
3 3804 3770 3772
3 3804 3772 3774
3 3805 3771 3773
3 3805 3803 3771
3 3806 3804 3774
3 3807 3805 3773
3 3807 3773 3775
3 3808 3806 3774
3 3808 3774 3776
3 3809 3777 3780
3 3809 222 3777
3 3809 225 222
3 3810 3807 3775
3 3810 3775 3778
3 3811 3779 3782
3 3811 3808 3776
3 3811 3776 3779
3 3812 3809 3780
3 3813 3810 3778
3 3813 3778 3781
3 3814 3811 3782
3 3815 3780 3783
3 3815 3812 3780
3 3815 3783 3786
3 3816 3813 3781
3 3816 3781 3784
3 3817 3814 3782
3 3817 3782 3785
3 3818 3815 3786
3 3818 3786 3789
3 3819 3784 3787
3 3819 3787 3790
3 3819 3816 3784
3 3820 3785 3788
3 3820 3788 3791
3 3820 3817 3785
3 3821 3818 3789
3 3822 3819 3790
3 3823 3820 3791
3 3824 3789 3792
3 3824 3821 3789
3 3825 3790 3793
3 3825 3822 3790
3 3826 3823 3791
3 3826 3794 3797
3 3826 3791 3794
3 3827 3792 3795
3 3827 3824 3792
3 3828 3793 3796
3 3828 3796 3800
3 3828 3825 3793
3 3829 3826 3797
3 3829 3797 3798
3 3829 3798 3830
3 3831 3827 3795
3 3831 3795 3799
3 3832 3828 3800
3 3833 3831 3799
3 3833 3801 3803
3 3833 3799 3801
3 3834 3800 3802
3 3834 3832 3800
3 3835 3833 3803
3 3836 3804 3806
3 3836 3834 3802
3 3836 3802 3804
3 3837 3805 3807
3 3837 3803 3805
3 3837 3835 3803
3 3838 3836 3806
3 3839 3837 3807
3 3840 3838 3806
3 3840 3806 3808
3 3840 3808 3811
3 3841 226 225
3 3841 225 3809
3 3842 3839 3807
3 3842 3807 3810
3 3842 3810 3813
3 3843 3840 3811
3 3844 3841 3809
3 3844 3809 3812
3 3845 3842 3813
3 3846 3843 3811
3 3846 3811 3814
3 3847 3844 3812
3 3847 3812 3815
3 3848 3813 3816
3 3848 3845 3813
3 3849 3846 3814
3 3849 3814 3817
3 3850 3847 3815
3 3850 3815 3818
3 3851 3848 3816
3 3851 3819 3822
3 3851 3816 3819
3 3852 3817 3820
3 3852 3849 3817
3 3853 3818 3821
3 3853 3850 3818
3 3854 3851 3822
3 3855 3852 3820
3 3855 3823 3826
3 3855 3820 3823
3 3856 3821 3824
3 3856 3853 3821
3 3857 3854 3822
3 3857 3822 3825
3 3858 3855 3826
3 3859 3824 3827
3 3859 3856 3824
3 3860 3825 3828
3 3860 3857 3825
3 3860 3828 3832
3 3861 3858 3826
3 3861 3829 3830
3 3861 3826 3829
3 3861 3830 3862
3 3863 3827 3831
3 3863 3859 3827
3 3864 3860 3832
3 3865 3831 3833
3 3865 3863 3831
3 3866 3864 3832
3 3866 3834 3836
3 3866 3832 3834
3 3867 3833 3835
3 3867 3865 3833
3 3868 3866 3836
3 3869 3867 3835
3 3869 3835 3837
3 3870 3868 3836
3 3870 3836 3838
3 3870 3838 3840
3 3871 3869 3837
3 3871 3837 3839
3 3872 3870 3840
3 3873 226 3841
3 3873 229 226
3 3874 3871 3839
3 3874 3839 3842
3 3875 3872 3840
3 3875 3840 3843
3 3875 3843 3846
3 3876 3841 3844
3 3876 3873 3841
3 3877 3874 3842
3 3877 3842 3845
3 3878 3875 3846
3 3879 3876 3844
3 3879 3844 3847
3 3880 3877 3845
3 3880 3845 3848
3 3881 3878 3846
3 3881 3846 3849
3 3882 3879 3847
3 3882 3847 3850
3 3883 3880 3848
3 3883 3848 3851
3 3884 3852 3855
3 3884 3881 3849
3 3884 3849 3852
3 3885 3850 3853
3 3885 3882 3850
3 3886 3883 3851
3 3886 3851 3854
3 3887 3884 3855
3 3888 3885 3853
3 3888 3853 3856
3 3889 3854 3857
3 3889 3886 3854
3 3890 3855 3858
3 3890 3858 3861
3 3890 3887 3855
3 3891 3856 3859
3 3891 3888 3856
3 3892 3857 3860
3 3892 3889 3857
3 3893 3890 3861
3 3893 3861 3862
3 3893 3862 3894
3 3895 3859 3863
3 3895 3891 3859
3 3896 3892 3860
3 3896 3860 3864
3 3897 3863 3865
3 3897 3895 3863
3 3898 3864 3866
3 3898 3896 3864
3 3899 3865 3867
3 3899 3897 3865
3 3900 3898 3866
3 3900 3866 3868
3 3901 3899 3867
3 3901 3867 3869
3 3902 3868 3870
3 3902 3900 3868
3 3903 3901 3869
3 3903 3869 3871
3 3904 3870 3872
3 3904 3902 3870
3 3905 229 3873
3 3905 231 229
3 3906 3903 3871
3 3906 3871 3874
3 3907 3904 3872
3 3907 3872 3875
3 3908 3873 3876
3 3908 3905 3873
3 3909 3877 3880
3 3909 3874 3877
3 3909 3906 3874
3 3910 3875 3878
3 3910 3907 3875
3 3911 3908 3876
3 3911 3876 3879
3 3912 3909 3880
3 3913 3878 3881
3 3913 3910 3878
3 3914 3911 3879
3 3914 3879 3882
3 3915 3880 3883
3 3915 3912 3880
3 3916 3913 3881
3 3916 3881 3884
3 3917 3914 3882
3 3917 3882 3885
3 3918 3915 3883
3 3918 3883 3886
3 3919 3916 3884
3 3919 3884 3887
3 3920 3917 3885
3 3920 3885 3888
3 3921 3886 3889
3 3921 3918 3886
3 3922 3887 3890
3 3922 3919 3887
3 3923 3888 3891
3 3923 3920 3888
3 3924 3889 3892
3 3924 3921 3889
3 3925 3894 3926
3 3925 3893 3894
3 3925 3890 3893
3 3925 3922 3890
3 3927 3891 3895
3 3927 3923 3891
3 3928 3892 3896
3 3928 3924 3892
3 3929 3927 3895
3 3929 3895 3897
3 3930 3896 3898
3 3930 3928 3896
3 3930 3898 3900
3 3931 3929 3897
3 3931 3897 3899
3 3932 3930 3900
3 3933 3931 3899
3 3933 3899 3901
3 3934 3900 3902
3 3934 3932 3900
3 3935 3933 3901
3 3935 3901 3903
3 3936 3902 3904
3 3936 3904 3907
3 3936 3934 3902
3 3937 231 3905
3 3937 3905 3908
3 3937 233 231
3 3938 3935 3903
3 3938 3903 3906
3 3939 3936 3907
3 3940 3937 3908
3 3941 3906 3909
3 3941 3938 3906
3 3942 3939 3907
3 3942 3907 3910
3 3943 3940 3908
3 3943 3908 3911
3 3944 3941 3909
3 3944 3909 3912
3 3945 3910 3913
3 3945 3942 3910
3 3945 3913 3916
3 3946 3911 3914
3 3946 3943 3911
3 3946 3914 3917
3 3947 3944 3912
3 3947 3912 3915
3 3948 3945 3916
3 3949 3946 3917
3 3950 3915 3918
3 3950 3947 3915
3 3951 3948 3916
3 3951 3916 3919
3 3951 3919 3922
3 3952 3949 3917
3 3952 3917 3920
3 3953 3921 3924
3 3953 3950 3918
3 3953 3918 3921
3 3954 3951 3922
3 3955 3920 3923
3 3955 3952 3920
3 3956 3953 3924
3 3957 3926 3958
3 3957 3958 3959
3 3957 3922 3925
3 3957 3925 3926
3 3957 3954 3922
3 3960 3955 3923
3 3960 3923 3927
3 3961 3956 3924
3 3961 3924 3928
3 3962 3927 3929
3 3962 3960 3927
3 3963 3961 3928
3 3963 3928 3930
3 3964 3931 3933
3 3964 3962 3929
3 3964 3929 3931
3 3965 3930 3932
3 3965 3963 3930
3 3966 3964 3933
3 3967 3965 3932
3 3967 3932 3934
3 3968 3933 3935
3 3968 3966 3933
3 3969 3967 3934
3 3969 3934 3936
3 3970 233 3937
3 3970 235 233
3 3971 3935 3938
3 3971 3968 3935
3 3972 3936 3939
3 3972 3969 3936
3 3973 3937 3940
3 3973 3940 3943
3 3973 3970 3937
3 3974 3938 3941
3 3974 3971 3938
3 3975 3972 3939
3 3975 3939 3942
3 3976 3973 3943
3 3977 3974 3941
3 3977 3941 3944
3 3978 3975 3942
3 3978 3942 3945
3 3979 3943 3946
3 3979 3946 3949
3 3979 3976 3943
3 3980 3977 3944
3 3980 3944 3947
3 3981 3945 3948
3 3981 3978 3945
3 3982 3979 3949
3 3983 3947 3950
3 3983 3980 3947
3 3984 3981 3948
3 3984 3948 3951
3 3985 3982 3949
3 3985 3949 3952
3 3985 3952 3955
3 3986 3953 3956
3 3986 3983 3950
3 3986 3950 3953
3 3987 3984 3951
3 3987 3951 3954
3 3988 3985 3955
3 3989 3986 3956
3 3990 3957 3959
3 3990 3987 3954
3 3990 3954 3957
3 3991 3988 3955
3 3991 3955 3960
3 3992 3961 3963
3 3992 3956 3961
3 3992 3989 3956
3 3993 3960 3962
3 3993 3962 3964
3 3993 3991 3960
3 3994 3992 3963
3 3995 3964 3966
3 3995 3993 3964
3 3996 3994 3963
3 3996 3963 3965
3 3997 3995 3966
3 3998 3996 3965
3 3998 3965 3967
3 3999 3966 3968
3 3999 3997 3966
3 3999 3968 3971
3 4000 3967 3969
3 4000 3998 3967
3 4001 236 235
3 4001 235 3970
3 4002 3999 3971
3 4003 3969 3972
3 4003 4000 3969
3 4004 3970 3973
3 4004 4001 3970
3 4005 3974 3977
3 4005 3971 3974
3 4005 4002 3971
3 4006 3972 3975
3 4006 4003 3972
3 4007 3973 3976
3 4007 4004 3973
3 4008 4005 3977
3 4009 4006 3975
3 4009 3975 3978
3 4010 4007 3976
3 4010 3976 3979
3 4011 4008 3977
3 4011 3977 3980
3 4012 3978 3981
3 4012 4009 3978
3 4013 4010 3979
3 4013 3979 3982
3 4014 4011 3980
3 4014 3980 3983
3 4015 4012 3981
3 4015 3981 3984
3 4016 3982 3985
3 4016 4013 3982
3 4016 3985 3988
3 4017 4014 3983
3 4017 3983 3986
3 4018 4015 3984
3 4018 3984 3987
3 4019 4016 3988
3 4020 4017 3986
3 4020 3986 3989
3 4020 3989 3992
3 4021 3959 4022
3 4021 3990 3959
3 4021 4018 3987
3 4021 3987 3990
3 4023 3991 3993
3 4023 4019 3988
3 4023 3988 3991
3 4024 4020 3992
3 4025 4023 3993
3 4026 3994 3996
3 4026 3992 3994
3 4026 4024 3992
3 4027 4025 3993
3 4027 3993 3995
3 4028 4026 3996
3 4029 3995 3997
3 4029 4027 3995
3 4030 3998 4000
3 4030 3996 3998
3 4030 4028 3996
3 4031 4029 3997
3 4031 3999 4002
3 4031 3997 3999
3 4032 4000 4003
3 4032 4030 4000
3 4033 239 236
3 4033 236 4001
3 4034 4031 4002
3 4035 4032 4003
3 4036 4033 4001
3 4036 4001 4004
3 4037 4034 4002
3 4037 4002 4005
3 4037 4005 4008
3 4038 4035 4003
3 4038 4003 4006
3 4038 4006 4009
3 4039 4004 4007
3 4039 4036 4004
3 4040 4037 4008
3 4041 4038 4009
3 4041 4009 4012
3 4042 4039 4007
3 4042 4007 4010
3 4043 4008 4011
3 4043 4040 4008
3 4044 4041 4012
3 4045 4042 4010
3 4045 4010 4013
3 4046 4043 4011
3 4046 4011 4014
3 4047 4044 4012
3 4047 4012 4015
3 4047 4015 4018
3 4048 4045 4013
3 4048 4013 4016
3 4049 4017 4020
3 4049 4046 4014
3 4049 4014 4017
3 4050 4047 4018
3 4050 4018 4021
3 4051 4048 4016
3 4051 4016 4019
3 4052 4049 4020
3 4053 4022 4054
3 4053 4050 4021
3 4053 4021 4022
3 4055 4051 4019
3 4055 4019 4023
3 4056 4052 4020
3 4056 4020 4024
3 4056 4024 4026
3 4057 4023 4025
3 4057 4055 4023
3 4058 4056 4026
3 4059 4057 4025
3 4059 4025 4027
3 4060 4058 4026
3 4060 4026 4028
3 4061 4027 4029
3 4061 4059 4027
3 4062 4028 4030
3 4062 4060 4028
3 4063 4029 4031
3 4063 4061 4029
3 4064 4030 4032
3 4064 4062 4030
3 4064 4032 4035
3 4065 239 4033
3 4065 240 239
3 4066 4031 4034
3 4066 4063 4031
3 4067 4064 4035
3 4068 4033 4036
3 4068 4065 4033
3 4069 4034 4037
3 4069 4066 4034
3 4070 4067 4035
3 4070 4035 4038
3 4071 4068 4036
3 4071 4036 4039
3 4072 4037 4040
3 4072 4069 4037
3 4073 4070 4038
3 4073 4038 4041
3 4074 4039 4042
3 4074 4042 4045
3 4074 4071 4039
3 4075 4040 4043
3 4075 4072 4040
3 4076 4041 4044
3 4076 4073 4041
3 4077 4074 4045
3 4078 4075 4043
3 4078 4043 4046
3 4079 4076 4044
3 4079 4044 4047
3 4080 4077 4045
3 4080 4045 4048
3 4080 4048 4051
3 4081 4078 4046
3 4081 4046 4049
3 4082 4079 4047
3 4082 4047 4050
3 4083 4080 4051
3 4084 4081 4049
3 4084 4049 4052
3 4085 4054 4086
3 4085 4053 4054
3 4085 4082 4050
3 4085 4050 4053
3 4087 4083 4051
3 4087 4051 4055
3 4088 4052 4056
3 4088 4084 4052
3 4089 4087 4055
3 4089 4055 4057
3 4089 4057 4059
3 4090 4088 4056
3 4090 4056 4058
3 4091 4059 4061
3 4091 4089 4059
3 4092 4058 4060
3 4092 4090 4058
3 4093 4091 4061
3 4094 4060 4062
3 4094 4092 4060
3 4095 4093 4061
3 4095 4063 4066
3 4095 4061 4063
3 4096 4062 4064
3 4096 4094 4062
3 4097 4065 4068
3 4097 243 240
3 4097 240 4065
3 4098 4095 4066
3 4099 4064 4067
3 4099 4096 4064
3 4100 4068 4071
3 4100 4097 4068
3 4101 4066 4069
3 4101 4069 4072
3 4101 4098 4066
3 4102 4067 4070
3 4102 4099 4067
3 4103 4100 4071
3 4104 4101 4072
3 4105 4102 4070
3 4105 4070 4073
3 4106 4103 4071
3 4106 4071 4074
3 4106 4074 4077
3 4107 4072 4075
3 4107 4104 4072
3 4107 4075 4078
3 4108 4105 4073
3 4108 4073 4076
3 4109 4106 4077
3 4110 4107 4078
3 4111 4108 4076
3 4111 4076 4079
3 4112 4109 4077
3 4112 4077 4080
3 4112 4080 4083
3 4113 4110 4078
3 4113 4078 4081
3 4113 4081 4084
3 4114 4111 4079
3 4114 4079 4082
3 4115 4112 4083
3 4116 4113 4084
3 4117 4086 4118
3 4117 4114 4082
3 4117 4085 4086
3 4117 4082 4085
3 4119 4115 4083
3 4119 4083 4087
3 4120 4116 4084
3 4120 4084 4088
3 4121 4089 4091
3 4121 4119 4087
3 4121 4087 4089
3 4122 4088 4090
3 4122 4090 4092
3 4122 4120 4088
3 4123 4121 4091
3 4123 4091 4093
3 4124 4122 4092
3 4125 4123 4093
3 4126 4124 4092
3 4126 4092 4094
3 4126 4094 4096
3 4127 4095 4098
3 4127 4093 4095
3 4127 4125 4093
3 4128 4096 4099
3 4128 4126 4096
3 4129 244 243
3 4129 243 4097
3 4130 4127 4098
3 4131 4128 4099
3 4132 4097 4100
3 4132 4129 4097
3 4133 4098 4101
3 4133 4130 4098
3 4134 4099 4102
3 4134 4131 4099
3 4135 4100 4103
3 4135 4132 4100
3 4136 4133 4101
3 4136 4101 4104
3 4136 4104 4107
3 4137 4105 4108
3 4137 4102 4105
3 4137 4134 4102
3 4138 4135 4103
3 4138 4103 4106
3 4139 4136 4107
3 4140 4137 4108
3 4141 4106 4109
3 4141 4138 4106
3 4142 4139 4107
3 4142 4107 4110
3 4143 4108 4111
3 4143 4140 4108
3 4143 4111 4114
3 4144 4109 4112
3 4144 4141 4109
3 4145 4110 4113
3 4145 4113 4116
3 4145 4142 4110
3 4146 4143 4114
3 4146 4114 4117
3 4147 4112 4115
3 4147 4144 4112
3 4148 4145 4116
3 4149 4118 4150
3 4149 4146 4117
3 4149 4117 4118
3 4151 4115 4119
3 4151 4147 4115
3 4152 4116 4120
3 4152 4120 4122
3 4152 4148 4116
3 4153 4151 4119
3 4153 4119 4121
3 4154 4152 4122
3 4154 4122 4124
3 4155 4121 4123
3 4155 4153 4121
3 4156 4154 4124
3 4157 4123 4125
3 4157 4155 4123
3 4158 4156 4124
3 4158 4124 4126
3 4159 4127 4130
3 4159 4157 4125
3 4159 4125 4127
3 4160 4158 4126
3 4160 4126 4128
3 4160 4128 4131
3 4161 246 244
3 4161 244 4129
3 4162 4159 4130
3 4163 4160 4131
3 4164 4132 4135
3 4164 4161 4129
3 4164 4129 4132
3 4165 4130 4133
3 4165 4162 4130
3 4166 4131 4134
3 4166 4163 4131
3 4167 4164 4135
3 4168 4133 4136
3 4168 4165 4133
3 4169 4137 4140
3 4169 4134 4137
3 4169 4166 4134
3 4170 4138 4141
3 4170 4135 4138
3 4170 4167 4135
3 4171 4168 4136
3 4171 4136 4139
3 4172 4169 4140
3 4173 4170 4141
3 4174 4139 4142
3 4174 4171 4139
3 4175 4172 4140
3 4175 4140 4143
3 4175 4143 4146
3 4176 4173 4141
3 4176 4144 4147
3 4176 4141 4144
3 4177 4142 4145
3 4177 4145 4148
3 4177 4174 4142
3 4178 4175 4146
3 4179 4176 4147
3 4180 4177 4148
3 4181 4150 4182
3 4181 4149 4150
3 4181 4178 4146
3 4181 4146 4149
3 4183 4179 4147
3 4183 4147 4151
3 4184 4148 4152
3 4184 4180 4148
3 4185 4183 4151
3 4185 4151 4153
3 4186 4184 4152
3 4186 4152 4154
3 4187 4185 4153
3 4187 4153 4155
3 4188 4186 4154
3 4188 4154 4156
3 4189 4155 4157
3 4189 4187 4155
3 4190 4156 4158
3 4190 4188 4156
3 4191 4189 4157
3 4191 4157 4159
3 4192 4190 4158
3 4192 4158 4160
3 4193 249 246
3 4193 246 4161
3 4194 4191 4159
3 4194 4159 4162
3 4195 4192 4160
3 4195 4160 4163
3 4196 4164 4167
3 4196 4193 4161
3 4196 4161 4164
3 4197 4194 4162
3 4197 4162 4165
3 4198 4195 4163
3 4198 4163 4166
3 4199 4196 4167
3 4200 4165 4168
3 4200 4197 4165
3 4201 4166 4169
3 4201 4198 4166
3 4202 4199 4167
3 4202 4167 4170
3 4202 4170 4173
3 4203 4168 4171
3 4203 4200 4168
3 4204 4201 4169
3 4204 4169 4172
3 4205 4202 4173
3 4206 4171 4174
3 4206 4203 4171
3 4207 4204 4172
3 4207 4172 4175
3 4208 4173 4176
3 4208 4205 4173
3 4209 4206 4174
3 4209 4174 4177
3 4210 4207 4175
3 4210 4175 4178
3 4211 4176 4179
3 4211 4208 4176
3 4212 4209 4177
3 4212 4177 4180
3 4213 4182 4214
3 4213 4210 4178
3 4213 4181 4182
3 4213 4178 4181
3 4215 4179 4183
3 4215 4211 4179
3 4216 4212 4180
3 4216 4180 4184
3 4217 4215 4183
3 4217 4183 4185
3 4217 4185 4187
3 4218 4216 4184
3 4218 4184 4186
3 4219 4187 4189
3 4219 4217 4187
3 4220 4218 4186
3 4220 4186 4188
3 4221 4219 4189
3 4222 4188 4190
3 4222 4190 4192
3 4222 4220 4188
3 4223 4191 4194
3 4223 4189 4191
3 4223 4221 4189
3 4224 4222 4192
3 4225 251 249
3 4225 2 251
3 4225 256 2
3 4225 249 4193
3 4226 4223 4194
3 4227 4224 4192
3 4227 4192 4195
3 4228 256 4225
3 4228 258 256
3 4228 260 258
3 4228 4225 4193
3 4228 4193 4196
3 4229 4194 4197
3 4229 4226 4194
3 4229 4197 4200
3 4230 4227 4195
3 4230 4195 4198
3 4231 260 4228
3 4231 4228 4196
3 4231 4196 4199
3 4232 4229 4200
3 4233 4230 4198
3 4233 4198 4201
3 4234 4199 4202
3 4234 260 4231
3 4234 262 260
3 4234 264 262
3 4234 4231 4199
3 4235 4232 4200
3 4235 4200 4203
3 4235 4203 4206
3 4236 4201 4204
3 4236 4233 4201
3 4237 4202 4205
3 4237 264 4234
3 4237 4234 4202
3 4238 4235 4206
3 4239 4204 4207
3 4239 4236 4204
3 4240 4205 4208
3 4240 264 4237
3 4240 266 264
3 4240 4237 4205
3 4241 4238 4206
3 4241 4206 4209
3 4241 4209 4212
3 4242 4207 4210
3 4242 4239 4207
3 4243 4240 4208
3 4243 4208 4211
3 4243 268 266
3 4243 270 268
3 4243 266 4240
3 4244 4241 4212
3 4245 4214 4246
3 4245 4242 4210
3 4245 4213 4214
3 4245 4210 4213
3 4247 4211 4215
3 4247 270 4243
3 4247 4243 4211
3 4248 4212 4216
3 4248 4216 4218
3 4248 4244 4212
3 4249 4215 4217
3 4249 4247 4215
3 4249 272 270
3 4249 270 4247
3 4250 4248 4218
3 4250 4218 4220
3 4251 4249 4217
3 4251 274 272
3 4251 276 274
3 4251 4217 4219
3 4251 272 4249
3 4252 4250 4220
3 4253 276 4251
3 4253 4251 4219
3 4253 4219 4221
3 4254 4252 4220
3 4254 4220 4222
3 4254 4222 4224
3 4255 276 4253
3 4255 4221 4223
3 4255 278 276
3 4255 4253 4221
3 4256 4224 4227
3 4256 4254 4224
3 4257 4255 4223
3 4257 4223 4226
3 4257 281 278
3 4257 278 4255
3 4258 4256 4227
3 4259 4257 4226
3 4259 281 4257
3 4259 4226 4229
3 4259 284 281
3 4260 4258 4227
3 4260 4227 4230
3 4261 4259 4229
3 4261 284 4259
3 4261 4229 4232
3 4261 287 284
3 4262 4260 4230
3 4262 4230 4233
3 4262 4233 4236
3 4263 4232 4235
3 4263 287 4261
3 4263 4261 4232
3 4263 290 287
3 4264 4262 4236
3 4265 4235 4238
3 4265 290 4263
3 4265 4263 4235
3 4265 293 290
3 4266 4236 4239
3 4266 4239 4242
3 4266 4264 4236
3 4267 293 4265
3 4267 4265 4238
3 4267 296 293
3 4267 299 296
3 4267 4238 4241
3 4268 4242 4245
3 4268 4266 4242
3 4269 4241 4244
3 4269 299 4267
3 4269 4267 4241
3 4270 4246 4271
3 4270 4245 4246
3 4270 4268 4245
3 4272 4269 4244
3 4272 302 299
3 4272 305 302
3 4272 4244 4248
3 4272 299 4269
3 4273 4248 4250
3 4273 305 4272
3 4273 4272 4248
3 4274 4250 4252
3 4274 308 305
3 4274 4273 4250
3 4274 305 4273
3 4275 308 4274
3 4275 4252 4254
3 4275 311 308
3 4275 314 311
3 4275 4274 4252
3 4276 314 4275
3 4276 4254 4256
3 4276 4275 4254
3 4277 314 4276
3 4277 4256 4258
3 4277 318 314
3 4277 4276 4256
3 4278 318 4277
3 4278 4258 4260
3 4278 322 318
3 4278 4277 4258
3 4279 4278 4260
3 4279 322 4278
3 4279 4260 4262
3 4279 326 322
3 4280 4279 4262
3 4280 4262 4264
3 4280 326 4279
3 4280 330 326
3 4281 4280 4264
3 4281 330 4280
3 4281 334 330
3 4281 4264 4266
3 4282 4281 4266
3 4282 338 334
3 4282 334 4281
3 4282 4266 4268
3 4283 4271 254
3 4283 338 4282
3 4283 4282 4268
3 4283 254 253
3 4283 4270 4271
3 4283 253 338
3 4283 4268 4270
3 4284 4285 1
3 4284 1 0
3 4286 4287 4285
3 4286 4285 4284
3 4288 4289 4287
3 4288 4287 4286
3 4290 4291 4289
3 4290 4289 4288
3 4292 4291 4290
3 4292 4293 4291
3 4294 4295 4293
3 4294 4293 4292
3 4296 4297 4295
3 4296 4295 4294
3 4298 4299 4297
3 4298 4297 4296
3 4300 4301 4299
3 4300 4299 4298
3 4302 4303 4301
3 4302 4301 4300
3 4304 4305 4303
3 4304 4303 4302
3 4306 4305 4304
3 4306 4307 4305
3 4308 0 4
3 4308 4284 0
3 4309 4310 4307
3 4309 4307 4306
3 4311 4284 4308
3 4311 4286 4284
3 4312 4310 4309
3 4312 4313 4310
3 4314 4288 4286
3 4314 4286 4311
3 4315 4316 4313
3 4315 4313 4312
3 4317 4288 4314
3 4317 4290 4288
3 4318 4319 4316
3 4318 4316 4315
3 4320 4290 4317
3 4320 4292 4290
3 4321 4322 4319
3 4321 4319 4318
3 4323 4294 4292
3 4323 4292 4320
3 4324 4325 4322
3 4324 4322 4321
3 4326 4294 4323
3 4326 4296 4294
3 4327 4328 4325
3 4327 4325 4324
3 4329 4296 4326
3 4329 4298 4296
3 4330 4328 4327
3 4330 4331 4328
3 4332 4298 4329
3 4332 4300 4298
3 4333 4334 4331
3 4333 4331 4330
3 4335 4302 4300
3 4335 4300 4332
3 4336 4337 4334
3 4336 4334 4333
3 4338 4304 4302
3 4338 4302 4335
3 4339 4340 4337
3 4339 4337 4336
3 4341 4306 4304
3 4341 4304 4338
3 4342 4343 4340
3 4342 4340 4339
3 4344 4 6
3 4344 4308 4
3 4345 4306 4341
3 4345 4309 4306
3 4346 4347 4343
3 4346 4343 4342
3 4348 4311 4308
3 4348 4308 4344
3 4349 4312 4309
3 4349 4309 4345
3 4350 4347 4346
3 4350 4351 4347
3 4352 4311 4348
3 4352 4314 4311
3 4353 4315 4312
3 4353 4312 4349
3 4354 4355 4351
3 4354 4351 4350
3 4356 4314 4352
3 4356 4317 4314
3 4357 4315 4353
3 4357 4318 4315
3 4358 4355 4354
3 4358 4359 4355
3 4360 4320 4317
3 4360 4317 4356
3 4361 4321 4318
3 4361 4318 4357
3 4362 4359 4358
3 4362 4363 4359
3 4364 4320 4360
3 4364 4323 4320
3 4365 4324 4321
3 4365 4321 4361
3 4366 4367 4363
3 4366 4363 4362
3 4368 4323 4364
3 4368 4326 4323
3 4369 4324 4365
3 4369 4327 4324
3 4370 4371 4367
3 4370 4372 4371
3 4370 4373 4372
3 4370 4367 4366
3 4374 4326 4368
3 4374 4329 4326
3 4375 4327 4369
3 4375 4330 4327
3 4376 4329 4374
3 4376 4332 4329
3 4377 4330 4375
3 4377 4333 4330
3 4378 4335 4332
3 4378 4332 4376
3 4379 4333 4377
3 4379 4336 4333
3 4380 4335 4378
3 4380 4338 4335
3 4381 4339 4336
3 4381 4336 4379
3 4382 4341 4338
3 4382 4338 4380
3 4383 4342 4339
3 4383 4339 4381
3 4384 4344 6
3 4384 6 8
3 4385 4341 4382
3 4385 4345 4341
3 4386 4346 4342
3 4386 4342 4383
3 4387 4348 4344
3 4387 4344 4384
3 4388 4345 4385
3 4388 4349 4345
3 4389 4346 4386
3 4389 4350 4346
3 4390 4348 4387
3 4390 4352 4348
3 4391 4349 4388
3 4391 4353 4349
3 4392 4354 4350
3 4392 4350 4389
3 4393 4352 4390
3 4393 4356 4352
3 4394 4357 4353
3 4394 4353 4391
3 4395 4354 4392
3 4395 4358 4354
3 4396 4360 4356
3 4396 4356 4393
3 4397 4361 4357
3 4397 4357 4394
3 4398 4362 4358
3 4398 4358 4395
3 4399 4364 4360
3 4399 4360 4396
3 4400 4365 4361
3 4400 4361 4397
3 4401 4366 4362
3 4401 4362 4398
3 4402 4364 4399
3 4402 4368 4364
3 4403 4369 4365
3 4403 4365 4400
3 4404 4373 4370
3 4404 4370 4366
3 4404 4366 4401
3 4404 4405 4373
3 4406 4374 4368
3 4406 4368 4402
3 4407 4375 4369
3 4407 4369 4403
3 4408 4374 4406
3 4408 4376 4374
3 4409 4375 4407
3 4409 4377 4375
3 4410 4378 4376
3 4410 4376 4408
3 4411 4377 4409
3 4411 4379 4377
3 4412 4378 4410
3 4412 4380 4378
3 4413 4379 4411
3 4413 4381 4379
3 4414 4380 4412
3 4414 4382 4380
3 4415 4383 4381
3 4415 4381 4413
3 4416 4384 8
3 4416 8 10
3 4417 4385 4382
3 4417 4382 4414
3 4418 4383 4415
3 4418 4386 4383
3 4419 4384 4416
3 4419 4387 4384
3 4420 4385 4417
3 4420 4388 4385
3 4421 4386 4418
3 4421 4389 4386
3 4422 4390 4387
3 4422 4387 4419
3 4423 4388 4420
3 4423 4391 4388
3 4424 4392 4389
3 4424 4389 4421
3 4425 4390 4422
3 4425 4393 4390
3 4426 4391 4423
3 4426 4394 4391
3 4427 4395 4392
3 4427 4392 4424
3 4428 4396 4393
3 4428 4393 4425
3 4429 4397 4394
3 4429 4394 4426
3 4430 4398 4395
3 4430 4395 4427
3 4431 4396 4428
3 4431 4399 4396
3 4432 4400 4397
3 4432 4397 4429
3 4433 4398 4430
3 4433 4401 4398
3 4434 4399 4431
3 4434 4402 4399
3 4435 4400 4432
3 4435 4403 4400
3 4436 4405 4404
3 4436 4401 4433
3 4436 4404 4401
3 4436 4437 4405
3 4438 4402 4434
3 4438 4406 4402
3 4439 4407 4403
3 4439 4403 4435
3 4440 4406 4438
3 4440 4408 4406
3 4441 4407 4439
3 4441 4409 4407
3 4442 4410 4408
3 4442 4408 4440
3 4443 4409 4441
3 4443 4411 4409
3 4444 4412 4410
3 4444 4410 4442
3 4445 4411 4443
3 4445 4413 4411
3 4446 4414 4412
3 4446 4412 4444
3 4447 4415 4413
3 4447 4413 4445
3 4448 4416 10
3 4448 10 13
3 4449 4417 4414
3 4449 4414 4446
3 4450 4415 4447
3 4450 4418 4415
3 4451 4416 4448
3 4451 4419 4416
3 4452 4420 4417
3 4452 4417 4449
3 4453 4421 4418
3 4453 4418 4450
3 4454 4419 4451
3 4454 4422 4419
3 4455 4423 4420
3 4455 4420 4452
3 4456 4421 4453
3 4456 4424 4421
3 4457 4422 4454
3 4457 4425 4422
3 4458 4426 4423
3 4458 4423 4455
3 4459 4424 4456
3 4459 4427 4424
3 4460 4425 4457
3 4460 4428 4425
3 4461 4426 4458
3 4461 4429 4426
3 4462 4427 4459
3 4462 4430 4427
3 4463 4428 4460
3 4463 4431 4428
3 4464 4429 4461
3 4464 4432 4429
3 4465 4430 4462
3 4465 4433 4430
3 4466 4431 4463
3 4466 4434 4431
3 4467 4432 4464
3 4467 4435 4432
3 4468 4436 4433
3 4468 4433 4465
3 4468 4437 4436
3 4468 4469 4437
3 4470 4438 4434
3 4470 4434 4466
3 4471 4435 4467
3 4471 4439 4435
3 4472 4438 4470
3 4472 4440 4438
3 4473 4439 4471
3 4473 4441 4439
3 4474 4442 4440
3 4474 4440 4472
3 4475 4443 4441
3 4475 4441 4473
3 4476 4444 4442
3 4476 4442 4474
3 4477 4443 4475
3 4477 4445 4443
3 4478 4446 4444
3 4478 4444 4476
3 4479 4445 4477
3 4479 4447 4445
3 4480 13 14
3 4480 4448 13
3 4481 4449 4446
3 4481 4446 4478
3 4482 4450 4447
3 4482 4447 4479
3 4483 4448 4480
3 4483 4451 4448
3 4484 4452 4449
3 4484 4449 4481
3 4485 4453 4450
3 4485 4450 4482
3 4486 4454 4451
3 4486 4451 4483
3 4487 4455 4452
3 4487 4452 4484
3 4488 4456 4453
3 4488 4453 4485
3 4489 4454 4486
3 4489 4457 4454
3 4490 4455 4487
3 4490 4458 4455
3 4490 4461 4458
3 4491 4456 4488
3 4491 4459 4456
3 4492 4463 4460
3 4492 4460 4457
3 4492 4457 4489
3 4493 4461 4490
3 4494 4462 4459
3 4494 4459 4491
3 4495 4463 4492
3 4496 4464 4461
3 4496 4461 4493
3 4497 4462 4494
3 4497 4465 4462
3 4498 4463 4495
3 4498 4466 4463
3 4499 4467 4464
3 4499 4464 4496
3 4500 4465 4497
3 4500 4469 4468
3 4500 4468 4465
3 4500 4501 4469
3 4502 4470 4466
3 4502 4466 4498
3 4503 4471 4467
3 4503 4467 4499
3 4504 4470 4502
3 4504 4472 4470
3 4505 4473 4471
3 4505 4471 4503
3 4506 4472 4504
3 4506 4474 4472
3 4507 4475 4473
3 4507 4473 4505
3 4508 4474 4506
3 4508 4476 4474
3 4509 4477 4475
3 4509 4475 4507
3 4510 4476 4508
3 4510 4478 4476
3 4511 4477 4509
3 4511 4479 4477
3 4512 4480 14
3 4512 14 17
3 4513 4478 4510
3 4513 4481 4478
3 4514 4482 4479
3 4514 4479 4511
3 4515 4480 4512
3 4515 4483 4480
3 4516 4481 4513
3 4516 4484 4481
3 4517 4485 4482
3 4517 4488 4485
3 4517 4482 4514
3 4518 4486 4483
3 4518 4483 4515
3 4519 4487 4484
3 4519 4484 4516
3 4520 4488 4517
3 4521 4489 4486
3 4521 4486 4518
3 4522 4487 4519
3 4522 4490 4487
3 4523 4491 4488
3 4523 4488 4520
3 4524 4489 4521
3 4524 4492 4489
3 4525 4493 4490
3 4525 4490 4522
3 4526 4491 4523
3 4526 4494 4491
3 4527 4495 4492
3 4527 4492 4524
3 4528 4496 4493
3 4528 4493 4525
3 4529 4494 4526
3 4529 4497 4494
3 4529 4500 4497
3 4530 4495 4527
3 4530 4498 4495
3 4531 4496 4528
3 4531 4499 4496
3 4532 4500 4529
3 4532 4501 4500
3 4532 4533 4501
3 4534 4498 4530
3 4534 4502 4498
3 4535 4499 4531
3 4535 4503 4499
3 4536 4502 4534
3 4536 4504 4502
3 4536 4506 4504
3 4537 4505 4503
3 4537 4503 4535
3 4538 4506 4536
3 4539 4505 4537
3 4539 4507 4505
3 4540 4508 4506
3 4540 4506 4538
3 4541 4507 4539
3 4541 4509 4507
3 4542 4508 4540
3 4542 4510 4508
3 4543 4509 4541
3 4543 4511 4509
3 4544 4512 17
3 4544 17 18
3 4544 4515 4512
3 4545 4510 4542
3 4545 4513 4510
3 4546 4511 4543
3 4546 4514 4511
3 4547 4518 4515
3 4547 4515 4544
3 4548 4513 4545
3 4548 4516 4513
3 4549 4517 4514
3 4549 4514 4546
3 4550 4518 4547
3 4551 4519 4516
3 4551 4516 4548
3 4552 4520 4517
3 4552 4517 4549
3 4553 4521 4518
3 4553 4518 4550
3 4553 4524 4521
3 4554 4522 4519
3 4554 4519 4551
3 4555 4520 4552
3 4555 4523 4520
3 4556 4524 4553
3 4557 4525 4522
3 4557 4522 4554
3 4558 4523 4555
3 4558 4526 4523
3 4559 4527 4524
3 4559 4524 4556
3 4560 4525 4557
3 4560 4528 4525
3 4560 4531 4528
3 4561 4526 4558
3 4561 4529 4526
3 4562 4527 4559
3 4562 4530 4527
3 4563 4531 4560
3 4564 4529 4561
3 4564 4532 4529
3 4564 4533 4532
3 4564 4565 4533
3 4566 4534 4530
3 4566 4530 4562
3 4567 4531 4563
3 4567 4535 4531
3 4568 4534 4566
3 4568 4536 4534
3 4568 4538 4536
3 4569 4537 4535
3 4569 4535 4567
3 4570 4538 4568
3 4570 4540 4538
3 4571 4537 4569
3 4571 4539 4537
3 4572 4540 4570
3 4573 4541 4539
3 4573 4539 4571
3 4574 4540 4572
3 4574 4542 4540
3 4574 4545 4542
3 4575 4541 4573
3 4575 4543 4541
3 4576 4544 18
3 4576 18 21
3 4576 4547 4544
3 4577 4545 4574
3 4578 4543 4575
3 4578 4546 4543
3 4579 4547 4576
3 4580 4545 4577
3 4580 4548 4545
3 4581 4546 4578
3 4581 4549 4546
3 4582 4553 4550
3 4582 4547 4579
3 4582 4550 4547
3 4583 4548 4580
3 4583 4551 4548
3 4584 4552 4549
3 4584 4549 4581
3 4585 4553 4582
3 4586 4554 4551
3 4586 4551 4583
3 4587 4552 4584
3 4587 4555 4552
3 4588 4556 4553
3 4588 4559 4556
3 4588 4553 4585
3 4589 4557 4554
3 4589 4554 4586
3 4590 4558 4555
3 4590 4555 4587
3 4591 4559 4588
3 4592 4557 4589
3 4592 4560 4557
3 4592 4563 4560
3 4593 4558 4590
3 4593 4561 4558
3 4593 4564 4561
3 4594 4559 4591
3 4594 4562 4559
3 4595 4563 4592
3 4596 4564 4593
3 4596 4565 4564
3 4596 4597 4565
3 4598 4562 4594
3 4598 4566 4562
3 4599 4563 4595
3 4599 4567 4563
3 4599 4569 4567
3 4600 4566 4598
3 4600 4568 4566
3 4600 4570 4568
3 4601 4569 4599
3 4602 4570 4600
3 4603 4569 4601
3 4603 4571 4569
3 4604 4570 4602
3 4604 4572 4570
3 4605 4571 4603
3 4605 4573 4571
3 4606 4574 4572
3 4606 4572 4604
3 4607 4573 4605
3 4607 4575 4573
3 4608 4576 21
3 4608 21 22
3 4609 4580 4577
3 4609 4574 4606
3 4609 4577 4574
3 4610 4578 4575
3 4610 4575 4607
3 4611 4576 4608
3 4611 4579 4576
3 4612 4580 4609
3 4613 4584 4581
3 4613 4578 4610
3 4613 4581 4578
3 4614 4582 4579
3 4614 4579 4611
3 4615 4583 4580
3 4615 4580 4612
3 4616 4584 4613
3 4617 4582 4614
3 4617 4585 4582
3 4618 4583 4615
3 4618 4586 4583
3 4619 4590 4587
3 4619 4584 4616
3 4619 4587 4584
3 4620 4585 4617
3 4620 4588 4585
3 4621 4589 4586
3 4621 4586 4618
3 4622 4590 4619
3 4623 4591 4588
3 4623 4588 4620
3 4624 4592 4589
3 4624 4589 4621
3 4625 4590 4622
3 4625 4593 4590
3 4626 4594 4591
3 4626 4591 4623
3 4627 4592 4624
3 4627 4595 4592
3 4628 4593 4625
3 4628 4596 4593
3 4628 4597 4596
3 4628 4629 4597
3 4630 4594 4626
3 4630 4598 4594
3 4631 4599 4595
3 4631 4595 4627
3 4632 4600 4598
3 4632 4598 4630
3 4633 4599 4631
3 4633 4601 4599
3 4634 4600 4632
3 4634 4602 4600
3 4635 4603 4601
3 4635 4601 4633
3 4636 4602 4634
3 4636 4604 4602
3 4637 4603 4635
3 4637 4605 4603
3 4638 4604 4636
3 4638 4606 4604
3 4639 4605 4637
3 4639 4607 4605
3 4640 4608 22
3 4640 22 24
3 4641 4606 4638
3 4641 4609 4606
3 4642 4610 4607
3 4642 4607 4639
3 4643 4611 4608
3 4643 4608 4640
3 4644 4609 4641
3 4644 4612 4609
3 4645 4610 4642
3 4645 4613 4610
3 4646 4611 4643
3 4646 4617 4614
3 4646 4614 4611
3 4647 4612 4644
3 4647 4615 4612
3 4648 4613 4645
3 4648 4616 4613
3 4649 4617 4646
3 4650 4615 4647
3 4650 4618 4615
3 4651 4619 4616
3 4651 4616 4648
3 4652 4623 4620
3 4652 4617 4649
3 4652 4620 4617
3 4653 4618 4650
3 4653 4621 4618
3 4654 4622 4619
3 4654 4619 4651
3 4655 4626 4623
3 4655 4623 4652
3 4656 4621 4653
3 4656 4624 4621
3 4657 4625 4622
3 4657 4628 4625
3 4657 4622 4654
3 4658 4626 4655
3 4659 4624 4656
3 4659 4627 4624
3 4660 4628 4657
3 4660 4629 4628
3 4660 4661 4629
3 4660 4662 4661
3 4663 4632 4630
3 4663 4626 4658
3 4663 4630 4626
3 4664 4631 4627
3 4664 4627 4659
3 4665 4632 4663
3 4666 4633 4631
3 4666 4631 4664
3 4667 4634 4632
3 4667 4632 4665
3 4668 4633 4666
3 4668 4635 4633
3 4669 4634 4667
3 4669 4636 4634
3 4669 4638 4636
3 4670 4635 4668
3 4670 4637 4635
3 4671 4638 4669
3 4672 4639 4637
3 4672 4637 4670
3 4673 4640 24
3 4673 24 27
3 4674 4638 4671
3 4674 4641 4638
3 4675 4642 4639
3 4675 4639 4672
3 4676 4643 4640
3 4676 4640 4673
3 4676 4646 4643
3 4677 4641 4674
3 4677 4644 4641
3 4678 4642 4675
3 4678 4645 4642
3 4679 4646 4676
3 4679 4649 4646
3 4680 4644 4677
3 4680 4647 4644
3 4681 4645 4678
3 4681 4648 4645
3 4682 4649 4679
3 4683 4647 4680
3 4683 4650 4647
3 4684 4648 4681
3 4684 4651 4648
3 4685 4649 4682
3 4685 4652 4649
3 4686 4650 4683
3 4686 4656 4653
3 4686 4653 4650
3 4687 4654 4651
3 4687 4651 4684
3 4688 4655 4652
3 4688 4652 4685
3 4688 4658 4655
3 4689 4659 4656
3 4689 4656 4686
3 4690 4654 4687
3 4690 4657 4654
3 4691 4658 4688
3 4692 4659 4689
3 4692 4664 4659
3 4693 4657 4690
3 4693 4660 4657
3 4693 4662 4660
3 4694 4658 4691
3 4694 4663 4658
3 4695 4664 4692
3 4696 4665 4663
3 4696 4663 4694
3 4697 4666 4664
3 4697 4668 4666
3 4697 4664 4695
3 4698 4667 4665
3 4698 4665 4696
3 4699 4668 4697
3 4699 4670 4668
3 4700 4667 4698
3 4700 4669 4667
3 4701 4670 4699
3 4702 4669 4700
3 4702 4671 4669
3 4703 4670 4701
3 4703 4672 4670
3 4703 4675 4672
3 4704 27 28
3 4704 4673 27
3 4705 4671 4702
3 4705 4674 4671
3 4706 4675 4703
3 4707 4676 4673
3 4707 4673 4704
3 4708 4677 4674
3 4708 4674 4705
3 4709 4675 4706
3 4709 4678 4675
3 4710 4679 4676
3 4710 4676 4707
3 4711 4680 4677
3 4711 4677 4708
3 4712 4678 4709
3 4712 4681 4678
3 4712 4684 4681
3 4713 4679 4710
3 4713 4682 4679
3 4714 4680 4711
3 4714 4683 4680
3 4715 4684 4712
3 4716 4682 4713
3 4716 4685 4682
3 4717 4686 4683
3 4717 4683 4714
3 4718 4684 4715
3 4718 4687 4684
3 4719 4688 4685
3 4719 4691 4688
3 4719 4685 4716
3 4720 4689 4686
3 4720 4686 4717
3 4721 4690 4687
3 4721 4687 4718
3 4722 4691 4719
3 4723 4689 4720
3 4723 4692 4689
3 4724 4725 4662
3 4724 4693 4690
3 4724 4690 4721
3 4724 4662 4693
3 4726 4694 4691
3 4726 4691 4722
3 4727 4695 4692
3 4727 4692 4723
3 4728 4696 4694
3 4728 4694 4726
3 4729 4695 4727
3 4729 4697 4695
3 4730 4698 4696
3 4730 4700 4698
3 4730 4696 4728
3 4731 4697 4729
3 4731 4699 4697
3 4732 4700 4730
3 4733 4701 4699
3 4733 4699 4731
3 4734 4702 4700
3 4734 4700 4732
3 4735 4701 4733
3 4735 4703 4701
3 4736 4704 28
3 4736 28 30
3 4737 4705 4702
3 4737 4702 4734
3 4738 4703 4735
3 4738 4706 4703
3 4739 4704 4736
3 4739 4710 4707
3 4739 4707 4704
3 4740 4705 4737
3 4740 4708 4705
3 4741 4706 4738
3 4741 4709 4706
3 4742 4710 4739
3 4743 4708 4740
3 4743 4711 4708
3 4743 4714 4711
3 4744 4709 4741
3 4744 4712 4709
3 4745 4713 4710
3 4745 4710 4742
3 4746 4714 4743
3 4747 4712 4744
3 4747 4715 4712
3 4748 4713 4745
3 4748 4716 4713
3 4749 4714 4746
3 4749 4717 4714
3 4750 4715 4747
3 4750 4718 4715
3 4751 4716 4748
3 4751 4719 4716
3 4752 4717 4749
3 4752 4720 4717
3 4753 4718 4750
3 4753 4721 4718
3 4754 4719 4751
3 4754 4722 4719
3 4755 4723 4720
3 4755 4720 4752
3 4756 4757 4725
3 4756 4758 4757
3 4756 4724 4721
3 4756 4721 4753
3 4756 4725 4724
3 4759 4726 4722
3 4759 4728 4726
3 4759 4722 4754
3 4760 4727 4723
3 4760 4723 4755
3 4761 4728 4759
3 4762 4729 4727
3 4762 4727 4760
3 4763 4730 4728
3 4763 4728 4761
3 4764 4729 4762
3 4764 4731 4729
3 4765 4732 4730
3 4765 4734 4732
3 4765 4730 4763
3 4766 4731 4764
3 4766 4733 4731
3 4767 4734 4765
3 4768 4735 4733
3 4768 4733 4766
3 4769 4736 30
3 4769 30 32
3 4770 4734 4767
3 4770 4737 4734
3 4771 4735 4768
3 4771 4738 4735
3 4772 4736 4769
3 4772 4739 4736
3 4773 4737 4770
3 4773 4740 4737
3 4774 4738 4771
3 4774 4741 4738
3 4774 4744 4741
3 4775 4739 4772
3 4775 4742 4739
3 4776 4743 4740
3 4776 4740 4773
3 4777 4744 4774
3 4778 4742 4775
3 4778 4745 4742
3 4779 4743 4776
3 4779 4746 4743
3 4779 4749 4746
3 4780 4744 4777
3 4780 4747 4744
3 4781 4748 4745
3 4781 4745 4778
3 4782 4749 4779
3 4783 4747 4780
3 4783 4750 4747
3 4784 4751 4748
3 4784 4748 4781
3 4785 4749 4782
3 4785 4755 4752
3 4785 4752 4749
3 4786 4750 4783
3 4786 4753 4750
3 4787 4751 4784
3 4787 4754 4751
3 4788 4755 4785
3 4788 4760 4755
3 4789 4758 4756
3 4789 4753 4786
3 4789 4756 4753
3 4790 4754 4787
3 4790 4759 4754
3 4791 4760 4788
3 4792 4761 4759
3 4792 4759 4790
3 4793 4762 4760
3 4793 4760 4791
3 4794 4761 4792
3 4794 4763 4761
3 4795 4764 4762
3 4795 4762 4793
3 4795 4766 4764
3 4796 4763 4794
3 4796 4765 4763
3 4797 4766 4795
3 4798 4767 4765
3 4798 4765 4796
3 4799 4768 4766
3 4799 4766 4797
3 4800 4769 32
3 4800 32 35
3 4801 4770 4767
3 4801 4767 4798
3 4802 4768 4799
3 4802 4771 4768
3 4802 4774 4771
3 4803 4772 4769
3 4803 4769 4800
3 4804 4776 4773
3 4804 4773 4770
3 4804 4770 4801
3 4805 4774 4802
3 4806 4772 4803
3 4806 4775 4772
3 4806 4778 4775
3 4807 4776 4804
3 4808 4777 4774
3 4808 4780 4777
3 4808 4774 4805
3 4809 4778 4806
3 4810 4776 4807
3 4810 4779 4776
3 4811 4780 4808
3 4812 4778 4809
3 4812 4781 4778
3 4812 4784 4781
3 4813 4779 4810
3 4813 4782 4779
3 4814 4780 4811
3 4814 4783 4780
3 4815 4784 4812
3 4816 4782 4813
3 4816 4785 4782
3 4817 4783 4814
3 4817 4786 4783
3 4818 4790 4787
3 4818 4784 4815
3 4818 4787 4784
3 4819 4785 4816
3 4819 4788 4785
3 4820 4821 4758
3 4820 4758 4789
3 4820 4786 4817
3 4820 4789 4786
3 4822 4790 4818
3 4823 4788 4819
3 4823 4791 4788
3 4824 4792 4790
3 4824 4790 4822
3 4825 4793 4791
3 4825 4791 4823
3 4826 4792 4824
3 4826 4794 4792
3 4827 4795 4793
3 4827 4793 4825
3 4828 4796 4794
3 4828 4794 4826
3 4829 4795 4827
3 4829 4797 4795
3 4830 4798 4796
3 4830 4796 4828
3 4831 4797 4829
3 4831 4799 4797
3 4832 35 36
3 4832 4800 35
3 4832 36 38
3 4832 4803 4800
3 4833 4801 4798
3 4833 4798 4830
3 4834 4799 4831
3 4834 4802 4799
3 4835 4803 4832
3 4836 4801 4833
3 4836 4804 4801
3 4837 4805 4802
3 4837 4802 4834
3 4838 4803 4835
3 4838 4806 4803
3 4839 4807 4804
3 4839 4804 4836
3 4840 4808 4805
3 4840 4805 4837
3 4841 4809 4806
3 4841 4806 4838
3 4842 4810 4807
3 4842 4807 4839
3 4843 4808 4840
3 4843 4811 4808
3 4844 4812 4809
3 4844 4809 4841
3 4844 4815 4812
3 4845 4813 4810
3 4845 4810 4842
3 4846 4811 4843
3 4846 4814 4811
3 4847 4815 4844
3 4848 4816 4813
3 4848 4813 4845
3 4849 4814 4846
3 4849 4817 4814
3 4850 4818 4815
3 4850 4815 4847
3 4851 4816 4848
3 4851 4819 4816
3 4852 4853 4821
3 4852 4817 4849
3 4852 4821 4820
3 4852 4820 4817
3 4854 4822 4818
3 4854 4818 4850
3 4855 4819 4851
3 4855 4823 4819
3 4856 4822 4854
3 4856 4826 4824
3 4856 4824 4822
3 4857 4825 4823
3 4857 4823 4855
3 4858 4826 4856
3 4859 4825 4857
3 4859 4827 4825
3 4860 4828 4826
3 4860 4826 4858
3 4861 4829 4827
3 4861 4827 4859
3 4862 4828 4860
3 4862 4830 4828
3 4863 4831 4829
3 4863 4829 4861
3 4864 4832 38
3 4864 38 40
3 4865 4833 4830
3 4865 4830 4862
3 4866 4834 4831
3 4866 4831 4863
3 4867 4835 4832
3 4867 4832 4864
3 4868 4836 4833
3 4868 4833 4865
3 4869 4837 4834
3 4869 4834 4866
3 4870 4835 4867
3 4870 4838 4835
3 4870 4841 4838
3 4871 4839 4836
3 4871 4836 4868
3 4872 4837 4869
3 4872 4840 4837
3 4873 4841 4870
3 4874 4839 4871
3 4874 4842 4839
3 4875 4843 4840
3 4875 4840 4872
3 4876 4847 4844
3 4876 4841 4873
3 4876 4844 4841
3 4877 4842 4874
3 4877 4845 4842
3 4878 4843 4875
3 4878 4846 4843
3 4879 4847 4876
3 4880 4851 4848
3 4880 4845 4877
3 4880 4848 4845
3 4881 4846 4878
3 4881 4849 4846
3 4882 4847 4879
3 4882 4850 4847
3 4883 4851 4880
3 4883 4855 4851
3 4884 4885 4853
3 4884 4886 4885
3 4884 4849 4881
3 4884 4853 4852
3 4884 4852 4849
3 4887 4854 4850
3 4887 4850 4882
3 4887 4856 4854
3 4888 4855 4883
3 4889 4856 4887
3 4890 4855 4888
3 4890 4857 4855
3 4890 4859 4857
3 4891 4856 4889
3 4891 4858 4856
3 4892 4859 4890
3 4893 4858 4891
3 4893 4860 4858
3 4894 4863 4861
3 4894 4859 4892
3 4894 4861 4859
3 4895 4860 4893
3 4895 4862 4860
3 4896 4866 4863
3 4896 4863 4894
3 4897 4864 40
3 4898 4865 4862
3 4898 4862 4895
3 4899 4869 4866
3 4899 4866 4896
3 4900 4867 4864
3 4900 4864 4897
3 4901 4871 4868
3 4901 4868 4865
3 4901 4865 4898
3 4902 4869 4899
3 4903 4870 4867
3 4903 4867 4900
3 4904 4871 4901
3 4905 4872 4869
3 4905 4875 4872
3 4905 4869 4902
3 4906 4873 4870
3 4906 4870 4903
3 4907 4874 4871
3 4907 4871 4904
3 4907 4877 4874
3 4908 4875 4905
3 4909 4876 4873
3 4909 4879 4876
3 4909 4873 4906
3 4910 4877 4907
3 4911 4875 4908
3 4911 4878 4875
3 4912 4879 4909
3 4913 4877 4910
3 4913 4880 4877
3 4913 4883 4880
3 4914 4881 4878
3 4914 4878 4911
3 4914 4884 4881
3 4915 4879 4912
3 4915 4882 4879
3 4916 4883 4913
3 4916 4888 4883
3 4917 4884 4914
3 4917 4886 4884
3 4918 4889 4887
3 4918 4882 4915
3 4918 4887 4882
3 4919 4888 4916
3 4919 4890 4888
3 4920 4889 4918
3 4921 4892 4890
3 4921 4890 4919
3 4922 4889 4920
3 4922 4891 4889
3 4923 4892 4921
3 4923 4894 4892
3 4924 4891 4922
3 4924 4893 4891
3 4925 4894 4923
3 4926 4893 4924
3 4926 4895 4893
3 4927 4899 4896
3 4927 4894 4925
3 4927 4896 4894
3 4928 40 42
3 4928 4897 40
3 4929 4895 4926
3 4929 4898 4895
3 4930 4902 4899
3 4930 4899 4927
3 4931 4903 4900
3 4931 4900 4897
3 4931 4897 4928
3 4932 4904 4901
3 4932 4901 4898
3 4932 4898 4929
3 4933 4902 4930
3 4934 4903 4931
3 4935 4904 4932
3 4936 4905 4902
3 4936 4902 4933
3 4936 4908 4905
3 4937 4903 4934
3 4937 4906 4903
3 4938 4904 4935
3 4938 4907 4904
3 4938 4910 4907
3 4939 4908 4936
3 4940 4909 4906
3 4940 4906 4937
3 4941 4910 4938
3 4942 4908 4939
3 4942 4911 4908
3 4942 4914 4911
3 4943 4909 4940
3 4943 4912 4909
3 4944 4913 4910
3 4944 4910 4941
3 4944 4916 4913
3 4945 4914 4942
3 4945 4917 4914
3 4946 4912 4943
3 4946 4915 4912
3 4946 4918 4915
3 4947 4916 4944
3 4948 4949 4886
3 4948 4917 4945
3 4948 4886 4917
3 4950 4918 4946
3 4951 4916 4947
3 4951 4919 4916
3 4952 4918 4950
3 4952 4920 4918
3 4953 4921 4919
3 4953 4919 4951
3 4954 4920 4952
3 4954 4922 4920
3 4955 4921 4953
3 4955 4923 4921
3 4956 4922 4954
3 4956 4924 4922
3 4957 4923 4955
3 4957 4925 4923
3 4958 4924 4956
3 4958 4926 4924
3 4959 4925 4957
3 4959 4927 4925
3 4960 4928 42
3 4960 42 44
3 4961 4929 4926
3 4961 4926 4958
3 4962 4933 4930
3 4962 4930 4927
3 4962 4927 4959
3 4963 4928 4960
3 4963 4931 4928
3 4964 4929 4961
3 4964 4932 4929
3 4965 4933 4962
3 4966 4934 4931
3 4966 4931 4963
3 4967 4935 4932
3 4967 4938 4935
3 4967 4932 4964
3 4968 4936 4933
3 4968 4933 4965
3 4969 4937 4934
3 4969 4934 4966
3 4970 4938 4967
3 4971 4939 4936
3 4971 4936 4968
3 4972 4937 4969
3 4972 4940 4937
3 4973 4941 4938
3 4973 4938 4970
3 4974 4942 4939
3 4974 4945 4942
3 4974 4939 4971
3 4975 4943 4940
3 4975 4940 4972
3 4976 4944 4941
3 4976 4941 4973
3 4977 4945 4974
3 4978 4946 4943
3 4978 4943 4975
3 4979 4944 4976
3 4979 4947 4944
3 4979 4951 4947
3 4980 4981 4949
3 4980 4982 4981
3 4980 4949 4948
3 4980 4945 4977
3 4980 4948 4945
3 4983 4946 4978
3 4983 4950 4946
3 4984 4951 4979
3 4985 4950 4983
3 4985 4952 4950
3 4986 4951 4984
3 4986 4953 4951
3 4987 4952 4985
3 4987 4954 4952
3 4988 4957 4955
3 4988 4953 4986
3 4988 4955 4953
3 4989 4954 4987
3 4989 4956 4954
3 4990 4959 4957
3 4990 4957 4988
3 4991 4956 4989
3 4991 4958 4956
3 4992 4959 4990
3 4992 4962 4959
3 4993 44 46
3 4993 4960 44
3 4994 4964 4961
3 4994 4958 4991
3 4994 4961 4958
3 4995 4962 4992
3 4996 4960 4993
3 4996 4963 4960
3 4997 4964 4994
3 4998 4962 4995
3 4998 4965 4962
3 4999 4966 4963
3 4999 4963 4996
3 5000 4967 4964
3 5000 4964 4997
3 5001 4968 4965
3 5001 4965 4998
3 5002 4972 4969
3 5002 4969 4966
3 5002 4966 4999
3 5003 4970 4967
3 5003 4967 5000
3 5004 4971 4968
3 5004 4968 5001
3 5005 4975 4972
3 5005 4972 5002
3 5006 4973 4970
3 5006 4970 5003
3 5007 4974 4971
3 5007 4971 5004
3 5008 4975 5005
3 5009 4976 4973
3 5009 4973 5006
3 5010 4977 4974
3 5010 4980 4977
3 5010 4974 5007
3 5011 4978 4975
3 5011 4975 5008
3 5011 4983 4978
3 5012 4976 5009
3 5012 4979 4976
3 5013 4980 5010
3 5013 4982 4980
3 5014 4983 5011
3 5015 4984 4979
3 5015 4979 5012
3 5015 4986 4984
3 5016 4983 5014
3 5016 4985 4983
3 5017 4986 5015
3 5018 4985 5016
3 5018 4987 4985
3 5019 4986 5017
3 5019 4988 4986
3 5020 4987 5018
3 5020 4989 4987
3 5021 4988 5019
3 5021 4990 4988
3 5022 4991 4989
3 5022 4989 5020
3 5023 4990 5021
3 5023 4992 4990
3 5024 46 49
3 5024 4993 46
3 5025 4994 4991
3 5025 4997 4994
3 5025 4991 5022
3 5026 4992 5023
3 5026 4995 4992
3 5027 4993 5024
3 5027 4996 4993
3 5028 4997 5025
3 5029 4995 5026
3 5029 4998 4995
3 5030 4996 5027
3 5030 4999 4996
3 5031 5003 5000
3 5031 4997 5028
3 5031 5000 4997
3 5032 4998 5029
3 5032 5001 4998
3 5033 5002 4999
3 5033 4999 5030
3 5034 5003 5031
3 5035 5004 5001
3 5035 5001 5032
3 5036 5005 5002
3 5036 5002 5033
3 5037 5006 5003
3 5037 5003 5034
3 5037 5009 5006
3 5038 5007 5004
3 5038 5004 5035
3 5039 5008 5005
3 5039 5005 5036
3 5040 5009 5037
3 5041 5007 5038
3 5041 5010 5007
3 5042 5011 5008
3 5042 5008 5039
3 5043 5012 5009
3 5043 5009 5040
3 5044 5045 4982
3 5044 5010 5041
3 5044 4982 5013
3 5044 5013 5010
3 5046 5011 5042
3 5046 5014 5011
3 5047 5012 5043
3 5047 5015 5012
3 5048 5014 5046
3 5048 5016 5014
3 5049 5017 5015
3 5049 5015 5047
3 5050 5018 5016
3 5050 5016 5048
3 5051 5019 5017
3 5051 5017 5049
3 5052 5018 5050
3 5052 5020 5018
3 5053 5019 5051
3 5053 5021 5019
3 5054 5022 5020
3 5054 5020 5052
3 5055 5023 5021
3 5055 5026 5023
3 5055 5021 5053
3 5056 49 50
3 5056 5024 49
3 5057 5022 5054
3 5057 5025 5022
3 5058 5026 5055
3 5059 5024 5056
3 5059 5027 5024
3 5060 5025 5057
3 5060 5028 5025
3 5061 5026 5058
3 5061 5029 5026
3 5062 5027 5059
3 5062 5030 5027
3 5063 5028 5060
3 5063 5031 5028
3 5064 5029 5061
3 5064 5032 5029
3 5064 5035 5032
3 5065 5036 5033
3 5065 5030 5062
3 5065 5033 5030
3 5066 5034 5031
3 5066 5031 5063
3 5067 5038 5035
3 5067 5035 5064
3 5068 5036 5065
3 5069 5034 5066
3 5069 5037 5034
3 5070 5038 5067
3 5071 5039 5036
3 5071 5036 5068
3 5072 5040 5037
3 5072 5037 5069
3 5073 5038 5070
3 5073 5041 5038
3 5074 5042 5039
3 5074 5039 5071
3 5075 5043 5040
3 5075 5040 5072
3 5076 5041 5073
3 5076 5077 5045
3 5076 5044 5041
3 5076 5045 5044
3 5078 5042 5074
3 5078 5046 5042
3 5079 5047 5043
3 5079 5049 5047
3 5079 5043 5075
3 5080 5048 5046
3 5080 5046 5078
3 5081 5049 5079
3 5082 5048 5080
3 5082 5050 5048
3 5083 5049 5081
3 5083 5051 5049
3 5084 5050 5082
3 5084 5052 5050
3 5085 5053 5051
3 5085 5051 5083
3 5086 5052 5084
3 5086 5054 5052
3 5087 5053 5085
3 5087 5055 5053
3 5088 50 52
3 5088 5056 50
3 5089 5060 5057
3 5089 5054 5086
3 5089 5057 5054
3 5090 5058 5055
3 5090 5055 5087
3 5091 5059 5056
3 5091 5062 5059
3 5091 5056 5088
3 5092 5060 5089
3 5093 5058 5090
3 5093 5061 5058
3 5094 5062 5091
3 5095 5060 5092
3 5095 5063 5060
3 5096 5061 5093
3 5096 5064 5061
3 5097 5062 5094
3 5097 5065 5062
3 5098 5063 5095
3 5098 5066 5063
3 5099 5064 5096
3 5099 5067 5064
3 5100 5068 5065
3 5100 5065 5097
3 5101 5072 5069
3 5101 5069 5066
3 5101 5066 5098
3 5102 5070 5067
3 5102 5067 5099
3 5103 5071 5068
3 5103 5068 5100
3 5104 5072 5101
3 5105 5073 5070
3 5105 5070 5102
3 5106 5071 5103
3 5106 5074 5071
3 5107 5075 5072
3 5107 5079 5075
3 5107 5072 5104
3 5108 5109 5077
3 5108 5077 5076
3 5108 5073 5105
3 5108 5076 5073
3 5110 5078 5074
3 5110 5074 5106
3 5111 5079 5107
3 5112 5078 5110
3 5112 5080 5078
3 5113 5081 5079
3 5113 5079 5111
3 5114 5080 5112
3 5114 5082 5080
3 5114 5084 5082
3 5115 5081 5113
3 5115 5083 5081
3 5115 5085 5083
3 5116 5084 5114
3 5117 5085 5115
3 5118 5086 5084
3 5118 5084 5116
3 5119 5085 5117
3 5119 5087 5085
3 5119 5090 5087
3 5120 5088 52
3 5120 52 55
3 5121 5089 5086
3 5121 5086 5118
3 5122 5090 5119
3 5123 5091 5088
3 5123 5088 5120
3 5124 5089 5121
3 5124 5092 5089
3 5125 5090 5122
3 5125 5093 5090
3 5126 5091 5123
3 5126 5094 5091
3 5127 5092 5124
3 5127 5095 5092
3 5128 5093 5125
3 5128 5096 5093
3 5129 5094 5126
3 5129 5097 5094
3 5130 5098 5095
3 5130 5095 5127
3 5131 5096 5128
3 5131 5099 5096
3 5131 5102 5099
3 5132 5097 5129
3 5132 5100 5097
3 5133 5098 5130
3 5133 5101 5098
3 5134 5102 5131
3 5135 5103 5100
3 5135 5100 5132
3 5136 5107 5104
3 5136 5101 5133
3 5136 5104 5101
3 5137 5105 5102
3 5137 5102 5134
3 5137 5108 5105
3 5138 5103 5135
3 5138 5106 5103
3 5139 5107 5136
3 5140 5109 5108
3 5140 5141 5109
3 5140 5108 5137
3 5142 5106 5138
3 5142 5110 5106
3 5143 5111 5107
3 5143 5113 5111
3 5143 5107 5139
3 5144 5110 5142
3 5144 5112 5110
3 5145 5115 5113
3 5145 5113 5143
3 5146 5114 5112
3 5146 5112 5144
3 5147 5115 5145
3 5148 5114 5146
3 5148 5116 5114
3 5149 5115 5147
3 5149 5119 5117
3 5149 5117 5115
3 5150 5118 5116
3 5150 5116 5148
3 5151 5122 5119
3 5151 5119 5149
3 5152 55 56
3 5152 5120 55
3 5153 5121 5118
3 5153 5118 5150
3 5154 5122 5151
3 5155 5123 5120
3 5155 5120 5152
3 5156 5121 5153
3 5156 5124 5121
3 5157 5122 5154
3 5157 5125 5122
3 5157 5128 5125
3 5158 5126 5123
3 5158 5123 5155
3 5159 5124 5156
3 5159 5127 5124
3 5160 5128 5157
3 5161 5126 5158
3 5161 5129 5126
3 5162 5130 5127
3 5162 5127 5159
3 5163 5128 5160
3 5163 5131 5128
3 5164 5129 5161
3 5164 5132 5129
3 5164 5135 5132
3 5165 5130 5162
3 5165 5133 5130
3 5166 5131 5163
3 5166 5134 5131
3 5167 5135 5164
3 5168 5136 5133
3 5168 5133 5165
3 5169 5137 5134
3 5169 5134 5166
3 5170 5142 5138
3 5170 5135 5167
3 5170 5138 5135
3 5171 5136 5168
3 5171 5139 5136
3 5172 5141 5140
3 5172 5140 5137
3 5172 5173 5141
3 5172 5174 5173
3 5172 5137 5169
3 5175 5142 5170
3 5176 5139 5171
3 5176 5143 5139
3 5177 5144 5142
3 5177 5142 5175
3 5178 5145 5143
3 5178 5143 5176
3 5179 5146 5144
3 5179 5144 5177
3 5180 5147 5145
3 5180 5145 5178
3 5181 5146 5179
3 5181 5148 5146
3 5182 5149 5147
3 5182 5147 5180
3 5183 5148 5181
3 5183 5150 5148
3 5184 5149 5182
3 5184 5151 5149
3 5185 56 59
3 5185 5152 56
3 5186 5150 5183
3 5186 5153 5150
3 5186 5156 5153
3 5187 5154 5151
3 5187 5151 5184
3 5188 5152 5185
3 5188 5155 5152
3 5189 5156 5186
3 5190 5154 5187
3 5190 5157 5154
3 5191 5158 5155
3 5191 5155 5188
3 5191 5161 5158
3 5192 5156 5189
3 5192 5159 5156
3 5192 5162 5159
3 5193 5157 5190
3 5193 5160 5157
3 5194 5161 5191
3 5195 5162 5192
3 5196 5163 5160
3 5196 5160 5193
3 5197 5161 5194
3 5197 5164 5161
3 5198 5165 5162
3 5198 5162 5195
3 5199 5163 5196
3 5199 5166 5163
3 5200 5164 5197
3 5200 5167 5164
3 5200 5170 5167
3 5201 5165 5198
3 5201 5168 5165
3 5202 5166 5199
3 5202 5169 5166
3 5203 5170 5200
3 5204 5168 5201
3 5204 5171 5168
3 5205 5169 5202
3 5205 5174 5172
3 5205 5172 5169
3 5206 5175 5170
3 5206 5170 5203
3 5207 5176 5171
3 5207 5171 5204
3 5208 5177 5175
3 5208 5175 5206
3 5209 5178 5176
3 5209 5180 5178
3 5209 5176 5207
3 5210 5179 5177
3 5210 5177 5208
3 5211 5182 5180
3 5211 5180 5209
3 5212 5181 5179
3 5212 5179 5210
3 5213 5182 5211
3 5214 5183 5181
3 5214 5181 5212
3 5215 5187 5184
3 5215 5184 5182
3 5215 5182 5213
3 5216 5185 59
3 5216 59 60
3 5216 60 62
3 5217 5186 5183
3 5217 5183 5214
3 5218 5187 5215
3 5219 5188 5185
3 5219 5185 5216
3 5220 5186 5217
3 5220 5189 5186
3 5221 5187 5218
3 5221 5190 5187
3 5222 5194 5191
3 5222 5188 5219
3 5222 5191 5188
3 5223 5189 5220
3 5223 5192 5189
3 5224 5190 5221
3 5224 5193 5190
3 5225 5194 5222
3 5226 5192 5223
3 5226 5195 5192
3 5227 5193 5224
3 5227 5196 5193
3 5227 5199 5196
3 5228 5194 5225
3 5228 5197 5194
3 5229 5195 5226
3 5229 5198 5195
3 5230 5199 5227
3 5231 5200 5197
3 5231 5197 5228
3 5232 5201 5198
3 5232 5198 5229
3 5233 5199 5230
3 5233 5202 5199
3 5233 5205 5202
3 5234 5200 5231
3 5234 5203 5200
3 5235 5204 5201
3 5235 5201 5232
3 5236 5237 5174
3 5236 5174 5205
3 5236 5205 5233
3 5238 5203 5234
3 5238 5206 5203
3 5239 5207 5204
3 5239 5204 5235
3 5240 5208 5206
3 5240 5206 5238
3 5241 5207 5239
3 5241 5209 5207
3 5242 5210 5208
3 5242 5208 5240
3 5243 5211 5209
3 5243 5209 5241
3 5244 5212 5210
3 5244 5214 5212
3 5244 5210 5242
3 5245 5213 5211
3 5245 5211 5243
3 5246 5214 5244
3 5247 5215 5213
3 5247 5213 5245
3 5248 5216 62
3 5249 5214 5246
3 5249 5217 5214
3 5250 5218 5215
3 5250 5215 5247
3 5251 5216 5248
3 5251 5219 5216
3 5252 5220 5217
3 5252 5217 5249
3 5252 5223 5220
3 5253 5221 5218
3 5253 5218 5250
3 5254 5219 5251
3 5254 5222 5219
3 5255 5223 5252
3 5256 5224 5221
3 5256 5221 5253
3 5257 5222 5254
3 5257 5225 5222
3 5258 5223 5255
3 5258 5226 5223
3 5259 5224 5256
3 5259 5227 5224
3 5260 5225 5257
3 5260 5228 5225
3 5261 5226 5258
3 5261 5229 5226
3 5261 5232 5229
3 5262 5227 5259
3 5262 5233 5230
3 5262 5230 5227
3 5263 5231 5228
3 5263 5234 5231
3 5263 5228 5260
3 5264 5232 5261
3 5265 5233 5262
3 5266 5234 5263
3 5267 5235 5232
3 5267 5239 5235
3 5267 5232 5264
3 5268 5269 5237
3 5268 5270 5269
3 5268 5237 5236
3 5268 5233 5265
3 5268 5236 5233
3 5271 5238 5234
3 5271 5234 5266
3 5272 5239 5267
3 5273 5238 5271
3 5273 5240 5238
3 5274 5239 5272
3 5274 5241 5239
3 5275 5242 5240
3 5275 5240 5273
3 5276 5241 5274
3 5276 5243 5241
3 5277 5242 5275
3 5277 5246 5244
3 5277 5244 5242
3 5278 5247 5245
3 5278 5245 5243
3 5278 5243 5276
3 5279 5246 5277
3 5280 5247 5278
3 5281 5248 62
3 5281 62 64
3 5282 5249 5246
3 5282 5246 5279
3 5283 5250 5247
3 5283 5247 5280
3 5283 5253 5250
3 5284 5248 5281
3 5284 5251 5248
3 5285 5252 5249
3 5285 5255 5252
3 5285 5249 5282
3 5286 5256 5253
3 5286 5253 5283
3 5287 5254 5251
3 5287 5251 5284
3 5288 5255 5285
3 5289 5256 5286
3 5290 5254 5287
3 5290 5257 5254
3 5291 5255 5288
3 5291 5258 5255
3 5292 5259 5256
3 5292 5256 5289
3 5293 5260 5257
3 5293 5257 5290
3 5294 5261 5258
3 5294 5258 5291
3 5294 5264 5261
3 5295 5262 5259
3 5295 5259 5292
3 5296 5260 5293
3 5296 5263 5260
3 5297 5264 5294
3 5298 5262 5295
3 5298 5265 5262
3 5299 5266 5263
3 5299 5263 5296
3 5300 5264 5297
3 5300 5267 5264
3 5300 5272 5267
3 5301 5302 5270
3 5301 5265 5298
3 5301 5268 5265
3 5301 5270 5268
3 5303 5266 5299
3 5303 5271 5266
3 5304 5272 5300
3 5305 5271 5303
3 5305 5273 5271
3 5306 5272 5304
3 5306 5274 5272
3 5306 5276 5274
3 5307 5273 5305
3 5307 5275 5273
3 5308 5276 5306
3 5309 5277 5275
3 5309 5275 5307
3 5310 5280 5278
3 5310 5276 5308
3 5310 5278 5276
3 5311 5277 5309
3 5311 5279 5277
3 5312 5280 5310
3 5313 5281 64
3 5313 64 67
3 5314 5282 5279
3 5314 5279 5311
3 5315 5286 5283
3 5315 5283 5280
3 5315 5280 5312
3 5316 5284 5281
3 5316 5281 5313
3 5317 5288 5285
3 5317 5282 5314
3 5317 5285 5282
3 5318 5289 5286
3 5318 5286 5315
3 5319 5287 5284
3 5319 5284 5316
3 5320 5288 5317
3 5321 5289 5318
3 5322 5287 5319
3 5322 5290 5287
3 5323 5291 5288
3 5323 5288 5320
3 5324 5289 5321
3 5324 5295 5292
3 5324 5292 5289
3 5325 5293 5290
3 5325 5290 5322
3 5326 5294 5291
3 5326 5291 5323
3 5327 5295 5324
3 5327 5298 5295
3 5328 5293 5325
3 5328 5296 5293
3 5329 5294 5326
3 5329 5297 5294
3 5330 5298 5327
3 5331 5296 5328
3 5331 5299 5296
3 5332 5300 5297
3 5332 5297 5329
3 5333 5298 5330
3 5333 5302 5301
3 5333 5301 5298
3 5334 5299 5331
3 5334 5303 5299
3 5335 5300 5332
3 5335 5304 5300
3 5336 5303 5334
3 5336 5305 5303
3 5337 5304 5335
3 5337 5306 5304
3 5338 5305 5336
3 5338 5307 5305
3 5339 5306 5337
3 5339 5308 5306
3 5340 5309 5307
3 5340 5307 5338
3 5341 5308 5339
3 5341 5310 5308
3 5342 5309 5340
3 5342 5311 5309
3 5343 5310 5341
3 5343 5312 5310
3 5344 5316 5313
3 5344 67 68
3 5344 5313 67
3 5345 5311 5342
3 5345 5314 5311
3 5346 5315 5312
3 5346 5312 5343
3 5347 5316 5344
3 5348 5314 5345
3 5348 5317 5314
3 5349 5315 5346
3 5349 5318 5315
3 5350 5319 5316
3 5350 5316 5347
3 5351 5320 5317
3 5351 5317 5348
3 5352 5318 5349
3 5352 5321 5318
3 5353 5322 5319
3 5353 5319 5350
3 5354 5323 5320
3 5354 5320 5351
3 5355 5324 5321
3 5355 5321 5352
3 5356 5325 5322
3 5356 5322 5353
3 5357 5326 5323
3 5357 5323 5354
3 5358 5324 5355
3 5358 5327 5324
3 5358 5330 5327
3 5359 5325 5356
3 5359 5328 5325
3 5360 5326 5357
3 5360 5329 5326
3 5361 5330 5358
3 5362 5328 5359
3 5362 5331 5328
3 5363 5332 5329
3 5363 5329 5360
3 5364 5365 5302
3 5364 5330 5361
3 5364 5302 5333
3 5364 5333 5330
3 5366 5334 5331
3 5366 5331 5362
3 5367 5332 5363
3 5367 5335 5332
3 5368 5336 5334
3 5368 5334 5366
3 5369 5335 5367
3 5369 5337 5335
3 5370 5338 5336
3 5370 5336 5368
3 5371 5337 5369
3 5371 5339 5337
3 5372 5338 5370
3 5372 5342 5340
3 5372 5340 5338
3 5373 5339 5371
3 5373 5341 5339
3 5374 5345 5342
3 5374 5342 5372
3 5375 5341 5373
3 5375 5343 5341
3 5376 68 71
3 5376 71 72
3 5376 5344 68
3 5377 5345 5374
3 5378 5346 5343
3 5378 5343 5375
3 5379 5344 5376
3 5379 5347 5344
3 5380 5348 5345
3 5380 5345 5377
3 5381 5349 5346
3 5381 5352 5349
3 5381 5346 5378
3 5382 5350 5347
3 5382 5347 5379
3 5383 5348 5380
3 5383 5351 5348
3 5384 5352 5381
3 5385 5353 5350
3 5385 5350 5382
3 5386 5354 5351
3 5386 5351 5383
3 5387 5355 5352
3 5387 5352 5384
3 5388 5359 5356
3 5388 5356 5353
3 5388 5353 5385
3 5389 5360 5357
3 5389 5354 5386
3 5389 5357 5354
3 5390 5355 5387
3 5390 5358 5355
3 5391 5359 5388
3 5392 5363 5360
3 5392 5360 5389
3 5393 5358 5390
3 5393 5361 5358
3 5394 5362 5359
3 5394 5366 5362
3 5394 5359 5391
3 5395 5363 5392
3 5396 5397 5365
3 5396 5361 5393
3 5396 5365 5364
3 5396 5364 5361
3 5398 5366 5394
3 5399 5363 5395
3 5399 5367 5363
3 5400 5366 5398
3 5400 5370 5368
3 5400 5368 5366
3 5401 5369 5367
3 5401 5371 5369
3 5401 5367 5399
3 5402 5370 5400
3 5403 5371 5401
3 5403 5373 5371
3 5404 5372 5370
3 5404 5370 5402
3 5405 5373 5403
3 5406 5372 5404
3 5406 5374 5372
3 5407 5373 5405
3 5407 5375 5373
3 5408 5376 72
3 5409 5374 5406
3 5409 5377 5374
3 5410 5378 5375
3 5410 5375 5407
3 5410 5381 5378
3 5411 5376 5408
3 5411 5379 5376
3 5412 5380 5377
3 5412 5377 5409
3 5412 5383 5380
3 5413 5381 5410
3 5413 5384 5381
3 5414 5379 5411
3 5414 5385 5382
3 5414 5382 5379
3 5415 5383 5412
3 5416 5384 5413
3 5417 5385 5414
3 5418 5386 5383
3 5418 5383 5415
3 5419 5387 5384
3 5419 5384 5416
3 5420 5391 5388
3 5420 5388 5385
3 5420 5385 5417
3 5421 5389 5386
3 5421 5386 5418
3 5422 5387 5419
3 5422 5390 5387
3 5422 5393 5390
3 5423 5394 5391
3 5423 5391 5420
3 5424 5392 5389
3 5424 5389 5421
3 5425 5393 5422
3 5426 5394 5423
3 5427 5395 5392
3 5427 5392 5424
3 5428 5393 5425
3 5428 5429 5397
3 5428 5396 5393
3 5428 5397 5396
3 5430 5398 5394
3 5430 5394 5426
3 5431 5399 5395
3 5431 5395 5427
3 5432 5400 5398
3 5432 5398 5430
3 5433 5401 5399
3 5433 5399 5431
3 5434 5402 5400
3 5434 5400 5432
3 5435 5401 5433
3 5435 5403 5401
3 5436 5402 5434
3 5436 5406 5404
3 5436 5404 5402
3 5437 5403 5435
3 5437 5405 5403
3 5438 5406 5436
3 5439 5407 5405
3 5439 5405 5437
3 5440 5408 72
3 5440 5411 5408
3 5440 72 74
3 5441 5406 5438
3 5441 5412 5409
3 5441 5409 5406
3 5442 5410 5407
3 5442 5407 5439
3 5443 5411 5440
3 5444 5412 5441
3 5445 5413 5410
3 5445 5410 5442
3 5446 5411 5443
3 5446 5414 5411
3 5447 5412 5444
3 5447 5415 5412
3 5448 5413 5445
3 5448 5416 5413
3 5449 5417 5414
3 5449 5414 5446
3 5450 5418 5415
3 5450 5415 5447
3 5451 5419 5416
3 5451 5416 5448
3 5452 5420 5417
3 5452 5417 5449
3 5453 5421 5418
3 5453 5424 5421
3 5453 5418 5450
3 5454 5419 5451
3 5454 5422 5419
3 5455 5423 5420
3 5455 5420 5452
3 5456 5427 5424
3 5456 5424 5453
3 5457 5422 5454
3 5457 5425 5422
3 5458 5426 5423
3 5458 5430 5426
3 5458 5423 5455
3 5459 5427 5456
3 5459 5431 5427
3 5460 5425 5457
3 5460 5428 5425
3 5460 5461 5429
3 5460 5462 5461
3 5460 5429 5428
3 5463 5430 5458
3 5464 5431 5459
3 5465 5430 5463
3 5465 5434 5432
3 5465 5432 5430
3 5466 5431 5464
3 5466 5433 5431
3 5467 5434 5465
3 5468 5435 5433
3 5468 5433 5466
3 5469 5436 5434
3 5469 5434 5467
3 5470 5437 5435
3 5470 5439 5437
3 5470 5435 5468
3 5471 5436 5469
3 5471 5438 5436
3 5472 5439 5470
3 5473 5440 74
3 5473 74 77
3 5474 5438 5471
3 5474 5441 5438
3 5475 5439 5472
3 5475 5442 5439
3 5475 5445 5442
3 5476 5440 5473
3 5476 5443 5440
3 5477 5441 5474
3 5477 5444 5441
3 5477 5447 5444
3 5478 5445 5475
3 5478 5448 5445
3 5479 5443 5476
3 5479 5446 5443
3 5480 5447 5477
3 5481 5448 5478
3 5482 5452 5449
3 5482 5446 5479
3 5482 5449 5446
3 5483 5450 5447
3 5483 5447 5480
3 5484 5454 5451
3 5484 5448 5481
3 5484 5451 5448
3 5485 5452 5482
3 5486 5453 5450
3 5486 5450 5483
3 5487 5454 5484
3 5488 5452 5485
3 5488 5455 5452
3 5489 5456 5453
3 5489 5453 5486
3 5490 5460 5457
3 5490 5457 5454
3 5490 5454 5487
3 5491 5458 5455
3 5491 5455 5488
3 5492 5459 5456
3 5492 5456 5489
3 5493 5460 5490
3 5493 5462 5460
3 5494 5458 5491
3 5494 5463 5458
3 5495 5464 5459
3 5495 5459 5492
3 5496 5465 5463
3 5496 5463 5494
3 5496 5467 5465
3 5497 5466 5464
3 5497 5468 5466
3 5497 5464 5495
3 5498 5467 5496
3 5499 5468 5497
3 5500 5467 5498
3 5500 5471 5469
3 5500 5469 5467
3 5501 5468 5499
3 5501 5470 5468
3 5502 5471 5500
3 5502 5474 5471
3 5503 5470 5501
3 5503 5472 5470
3 5504 5476 5473
3 5504 5473 77
3 5504 77 78
3 5504 78 80
3 5505 5474 5502
3 5506 5472 5503
3 5506 5475 5472
3 5507 5476 5504
3 5508 5474 5505
3 5508 5477 5474
3 5509 5478 5475
3 5509 5475 5506
3 5510 5476 5507
3 5510 5479 5476
3 5510 5482 5479
3 5511 5477 5508
3 5511 5480 5477
3 5512 5478 5509
3 5512 5481 5478
3 5513 5482 5510
3 5514 5480 5511
3 5514 5483 5480
3 5515 5481 5512
3 5515 5484 5481
3 5515 5487 5484
3 5516 5488 5485
3 5516 5482 5513
3 5516 5485 5482
3 5517 5489 5486
3 5517 5486 5483
3 5517 5483 5514
3 5518 5487 5515
3 5519 5491 5488
3 5519 5488 5516
3 5520 5492 5489
3 5520 5489 5517
3 5521 5490 5487
3 5521 5487 5518
3 5522 5491 5519
3 5523 5492 5520
3 5524 5490 5521
3 5524 5462 5493
3 5524 5525 5462
3 5524 5493 5490
3 5526 5491 5522
3 5526 5494 5491
3 5527 5495 5492
3 5527 5492 5523
3 5528 5496 5494
3 5528 5494 5526
3 5528 5498 5496
3 5529 5495 5527
3 5529 5497 5495
3 5529 5499 5497
3 5530 5498 5528
3 5531 5501 5499
3 5531 5499 5529
3 5532 5500 5498
3 5532 5498 5530
3 5533 5503 5501
3 5533 5501 5531
3 5534 5502 5500
3 5534 5505 5502
3 5534 5500 5532
3 5535 5503 5533
3 5536 5507 5504
3 5536 5504 80
3 5537 5505 5534
3 5538 5503 5535
3 5538 5506 5503
3 5538 5509 5506
3 5539 5507 5536
3 5540 5505 5537
3 5540 5508 5505
3 5540 5511 5508
3 5541 5509 5538
3 5542 5510 5507
3 5542 5507 5539
3 5543 5511 5540
3 5544 5509 5541
3 5544 5512 5509
3 5545 5513 5510
3 5545 5510 5542
3 5545 5516 5513
3 5546 5511 5543
3 5546 5514 5511
3 5547 5512 5544
3 5547 5515 5512
3 5548 5516 5545
3 5549 5514 5546
3 5549 5517 5514
3 5549 5520 5517
3 5550 5515 5547
3 5550 5518 5515
3 5551 5519 5516
3 5551 5516 5548
3 5552 5523 5520
3 5552 5520 5549
3 5553 5518 5550
3 5553 5521 5518
3 5554 5522 5519
3 5554 5519 5551
3 5555 5523 5552
3 5556 5525 5524
3 5556 5557 5525
3 5556 5521 5553
3 5556 5524 5521
3 5558 5522 5554
3 5558 5526 5522
3 5559 5529 5527
3 5559 5523 5555
3 5559 5527 5523
3 5560 5528 5526
3 5560 5526 5558
3 5561 5531 5529
3 5561 5529 5559
3 5562 5528 5560
3 5562 5530 5528
3 5563 5531 5561
3 5564 5532 5530
3 5564 5530 5562
3 5565 5531 5563
3 5565 5533 5531
3 5565 5535 5533
3 5566 5534 5532
3 5566 5532 5564
3 5567 5535 5565
3 5568 5536 80
3 5568 80 83
3 5568 83 84
3 5569 5540 5537
3 5569 5537 5534
3 5569 5534 5566
3 5570 5535 5567
3 5570 5538 5535
3 5570 5541 5538
3 5571 5536 5568
3 5571 5539 5536
3 5572 5540 5569
3 5573 5541 5570
3 5573 5544 5541
3 5574 5539 5571
3 5574 5542 5539
3 5575 5540 5572
3 5575 5543 5540
3 5576 5544 5573
3 5577 5545 5542
3 5577 5542 5574
3 5578 5543 5575
3 5578 5546 5543
3 5578 5549 5546
3 5579 5544 5576
3 5579 5547 5544
3 5580 5545 5577
3 5580 5548 5545
3 5581 5549 5578
3 5581 5552 5549
3 5582 5547 5579
3 5582 5550 5547
3 5583 5551 5548
3 5583 5548 5580
3 5584 5552 5581
3 5585 5550 5582
3 5585 5553 5550
3 5586 5554 5551
3 5586 5551 5583
3 5587 5559 5555
3 5587 5555 5552
3 5587 5552 5584
3 5588 5557 5556
3 5588 5589 5557
3 5588 5553 5585
3 5588 5556 5553
3 5590 5558 5554
3 5590 5554 5586
3 5591 5559 5587
3 5592 5560 5558
3 5592 5558 5590
3 5593 5561 5559
3 5593 5559 5591
3 5593 5563 5561
3 5594 5562 5560
3 5594 5560 5592
3 5595 5565 5563
3 5595 5563 5593
3 5596 5562 5594
3 5596 5564 5562
3 5597 5565 5595
3 5598 5564 5596
3 5598 5566 5564
3 5599 5565 5597
3 5599 5567 5565
3 5600 5568 84
3 5601 5566 5598
3 5601 5569 5566
3 5602 5567 5599
3 5602 5570 5567
3 5602 5573 5570
3 5603 5574 5571
3 5603 5568 5600
3 5603 5571 5568
3 5604 5569 5601
3 5604 5572 5569
3 5605 5573 5602
3 5605 5576 5573
3 5606 5574 5603
3 5607 5572 5604
3 5607 5575 5572
3 5608 5576 5605
3 5609 5574 5606
3 5609 5580 5577
3 5609 5577 5574
3 5610 5575 5607
3 5610 5578 5575
3 5611 5582 5579
3 5611 5579 5576
3 5611 5576 5608
3 5612 5580 5609
3 5613 5578 5610
3 5613 5581 5578
3 5614 5582 5611
3 5614 5585 5582
3 5615 5586 5583
3 5615 5583 5580
3 5615 5580 5612
3 5616 5581 5613
3 5616 5584 5581
3 5617 5585 5614
3 5618 5586 5615
3 5619 5584 5616
3 5619 5587 5584
3 5620 5621 5589
3 5620 5622 5621
3 5620 5585 5617
3 5620 5588 5585
3 5620 5589 5588
3 5623 5586 5618
3 5623 5590 5586
3 5623 5592 5590
3 5624 5591 5587
3 5624 5587 5619
3 5625 5594 5592
3 5625 5592 5623
3 5626 5591 5624
3 5626 5593 5591
3 5627 5594 5625
3 5628 5595 5593
3 5628 5593 5626
3 5629 5598 5596
3 5629 5594 5627
3 5629 5596 5594
3 5630 5597 5595
3 5630 5595 5628
3 5631 5598 5629
3 5632 5599 5597
3 5632 5597 5630
3 5633 5600 84
3 5633 84 86
3 5633 86 88
3 5634 5601 5598
3 5634 5598 5631
3 5635 5599 5632
3 5635 5602 5599
3 5636 5603 5600
3 5636 5600 5633
3 5637 5601 5634
3 5637 5604 5601
3 5638 5602 5635
3 5638 5605 5602
3 5639 5603 5636
3 5639 5606 5603
3 5640 5607 5604
3 5640 5604 5637
3 5640 5610 5607
3 5641 5608 5605
3 5641 5605 5638
3 5642 5609 5606
3 5642 5606 5639
3 5643 5610 5640
3 5644 5608 5641
3 5644 5611 5608
3 5645 5612 5609
3 5645 5609 5642
3 5646 5610 5643
3 5646 5616 5613
3 5646 5613 5610
3 5647 5611 5644
3 5647 5614 5611
3 5648 5615 5612
3 5648 5612 5645
3 5649 5616 5646
3 5649 5619 5616
3 5650 5614 5647
3 5650 5617 5614
3 5651 5618 5615
3 5651 5615 5648
3 5652 5619 5649
3 5653 5617 5650
3 5653 5620 5617
3 5653 5622 5620
3 5654 5618 5651
3 5654 5623 5618
3 5655 5619 5652
3 5655 5624 5619
3 5655 5626 5624
3 5656 5623 5654
3 5656 5625 5623
3 5657 5628 5626
3 5657 5626 5655
3 5658 5625 5656
3 5658 5627 5625
3 5659 5630 5628
3 5659 5628 5657
3 5660 5629 5627
3 5660 5627 5658
3 5661 5630 5659
3 5662 5631 5629
3 5662 5629 5660
3 5663 5635 5632
3 5663 5632 5630
3 5663 5630 5661
3 5664 5633 88
3 5665 5631 5662
3 5665 5634 5631
3 5666 5638 5635
3 5666 5635 5663
3 5667 5633 5664
3 5667 5636 5633
3 5667 5639 5636
3 5668 5637 5634
3 5668 5634 5665
3 5669 5638 5666
3 5669 5641 5638
3 5670 5639 5667
3 5671 5640 5637
3 5671 5637 5668
3 5672 5641 5669
3 5673 5639 5670
3 5673 5642 5639
3 5674 5643 5640
3 5674 5640 5671
3 5675 5644 5641
3 5675 5641 5672
3 5676 5642 5673
3 5676 5645 5642
3 5677 5643 5674
3 5677 5646 5643
3 5678 5644 5675
3 5678 5647 5644
3 5678 5650 5647
3 5679 5648 5645
3 5679 5645 5676
3 5679 5651 5648
3 5680 5646 5677
3 5680 5649 5646
3 5681 5650 5678
3 5681 5653 5650
3 5682 5651 5679
3 5683 5652 5649
3 5683 5649 5680
3 5684 5685 5622
3 5684 5622 5653
3 5684 5653 5681
3 5686 5651 5682
3 5686 5654 5651
3 5687 5652 5683
3 5687 5655 5652
3 5688 5654 5686
3 5688 5656 5654
3 5689 5657 5655
3 5689 5655 5687
3 5690 5656 5688
3 5690 5658 5656
3 5691 5657 5689
3 5691 5659 5657
3 5692 5660 5658
3 5692 5658 5690
3 5693 5659 5691
3 5693 5661 5659
3 5694 5660 5692
3 5694 5662 5660
3 5695 5663 5661
3 5695 5661 5693
3 5696 5664 88
3 5696 88 90
3 5696 90 93
3 5697 5662 5694
3 5697 5665 5662
3 5698 5666 5663
3 5698 5663 5695
3 5699 5667 5664
3 5699 5664 5696
3 5700 5665 5697
3 5700 5668 5665
3 5701 5669 5666
3 5701 5672 5669
3 5701 5666 5698
3 5702 5670 5667
3 5702 5667 5699
3 5703 5668 5700
3 5703 5671 5668
3 5704 5672 5701
3 5705 5670 5702
3 5705 5676 5673
3 5705 5673 5670
3 5706 5674 5671
3 5706 5671 5703
3 5707 5672 5704
3 5707 5675 5672
3 5708 5676 5705
3 5709 5674 5706
3 5709 5680 5677
3 5709 5677 5674
3 5710 5675 5707
3 5710 5678 5675
3 5710 5681 5678
3 5711 5679 5676
3 5711 5676 5708
3 5712 5680 5709
3 5713 5681 5710
3 5714 5682 5679
3 5714 5679 5711
3 5715 5680 5712
3 5715 5683 5680
3 5716 5717 5685
3 5716 5681 5713
3 5716 5685 5684
3 5716 5684 5681
3 5718 5682 5714
3 5718 5686 5682
3 5718 5688 5686
3 5719 5687 5683
3 5719 5683 5715
3 5720 5690 5688
3 5720 5688 5718
3 5721 5689 5687
3 5721 5687 5719
3 5722 5690 5720
3 5723 5689 5721
3 5723 5691 5689
3 5723 5693 5691
3 5724 5690 5722
3 5724 5694 5692
3 5724 5692 5690
3 5725 5693 5723
3 5726 5694 5724
3 5727 5698 5695
3 5727 5693 5725
3 5727 5695 5693
3 5728 5696 93
3 5729 5700 5697
3 5729 5694 5726
3 5729 5697 5694
3 5730 5701 5698
3 5730 5698 5727
3 5731 5699 5696
3 5731 5696 5728
3 5732 5703 5700
3 5732 5700 5729
3 5733 5701 5730
3 5734 5702 5699
3 5734 5699 5731
3 5735 5703 5732
3 5736 5704 5701
3 5736 5701 5733
3 5737 5705 5702
3 5737 5702 5734
3 5738 5703 5735
3 5738 5706 5703
3 5739 5707 5704
3 5739 5704 5736
3 5740 5708 5705
3 5740 5705 5737
3 5741 5706 5738
3 5741 5709 5706
3 5741 5712 5709
3 5742 5707 5739
3 5742 5710 5707
3 5743 5711 5708
3 5743 5714 5711
3 5743 5708 5740
3 5744 5712 5741
3 5744 5715 5712
3 5745 5713 5710
3 5745 5710 5742
3 5746 5714 5743
3 5747 5715 5744
3 5748 5749 5717
3 5748 5713 5745
3 5748 5717 5716
3 5748 5716 5713
3 5750 5718 5714
3 5750 5714 5746
3 5751 5715 5747
3 5751 5719 5715
3 5751 5721 5719
3 5752 5718 5750
3 5752 5720 5718
3 5753 5723 5721
3 5753 5721 5751
3 5754 5720 5752
3 5754 5722 5720
3 5755 5723 5753
3 5756 5724 5722
3 5756 5722 5754
3 5757 5723 5755
3 5757 5725 5723
3 5758 5724 5756
3 5758 5726 5724
3 5759 5725 5757
3 5759 5727 5725
3 5759 5730 5727
3 5760 93 94
3 5760 94 96
3 5760 5728 93
3 5761 5729 5726
3 5761 5726 5758
3 5761 5732 5729
3 5762 5730 5759
3 5763 5731 5728
3 5763 5734 5731
3 5763 5728 5760
3 5764 5732 5761
3 5765 5733 5730
3 5765 5736 5733
3 5765 5730 5762
3 5766 5734 5763
3 5767 5735 5732
3 5767 5732 5764
3 5768 5739 5736
3 5768 5736 5765
3 5769 5737 5734
3 5769 5740 5737
3 5769 5734 5766
3 5770 5738 5735
3 5770 5735 5767
3 5771 5739 5768
3 5772 5740 5769
3 5773 5738 5770
3 5773 5741 5738
3 5774 5739 5771
3 5774 5742 5739
3 5775 5740 5772
3 5775 5743 5740
3 5776 5744 5741
3 5776 5741 5773
3 5777 5742 5774
3 5777 5745 5742
3 5777 5748 5745
3 5778 5746 5743
3 5778 5743 5775
3 5779 5744 5776
3 5779 5747 5744
3 5780 5781 5749
3 5780 5782 5781
3 5780 5748 5777
3 5780 5749 5748
3 5783 5746 5778
3 5783 5750 5746
3 5783 5752 5750
3 5784 5747 5779
3 5784 5751 5747
3 5785 5752 5783
3 5785 5754 5752
3 5786 5751 5784
3 5786 5753 5751
3 5787 5754 5785
3 5788 5755 5753
3 5788 5753 5786
3 5789 5754 5787
3 5789 5756 5754
3 5789 5758 5756
3 5790 5755 5788
3 5790 5757 5755
3 5791 5758 5789
3 5792 5757 5790
3 5792 5759 5757
3 5793 5760 96
3 5793 96 98
3 5794 5761 5758
3 5794 5758 5791
3 5794 5764 5761
3 5795 5759 5792
3 5795 5762 5759
3 5796 5760 5793
3 5796 5763 5760
3 5797 5767 5764
3 5797 5764 5794
3 5798 5768 5765
3 5798 5762 5795
3 5798 5765 5762
3 5799 5766 5763
3 5799 5763 5796
3 5800 5767 5797
3 5801 5768 5798
3 5802 5772 5769
3 5802 5766 5799
3 5802 5769 5766
3 5803 5770 5767
3 5803 5767 5800
3 5804 5771 5768
3 5804 5768 5801
3 5805 5772 5802
3 5806 5773 5770
3 5806 5776 5773
3 5806 5770 5803
3 5807 5774 5771
3 5807 5771 5804
3 5807 5777 5774
3 5808 5778 5775
3 5808 5775 5772
3 5808 5772 5805
3 5809 5779 5776
3 5809 5776 5806
3 5810 5777 5807
3 5811 5778 5808
3 5812 5779 5809
3 5813 5777 5810
3 5813 5780 5777
3 5813 5782 5780
3 5814 5783 5778
3 5814 5778 5811
3 5814 5785 5783
3 5815 5784 5779
3 5815 5779 5812
3 5815 5786 5784
3 5816 5787 5785
3 5816 5785 5814
3 5817 5788 5786
3 5817 5786 5815
3 5818 5787 5816
3 5819 5788 5817
3 5820 5789 5787
3 5820 5791 5789
3 5820 5787 5818
3 5821 5790 5788
3 5821 5788 5819
3 5822 5791 5820
3 5823 5790 5821
3 5823 5792 5790
3 5823 5795 5792
3 5824 5793 98
3 5825 5791 5822
3 5825 5794 5791
3 5826 5795 5823
3 5827 5796 5793
3 5827 5793 5824
3 5828 5794 5825
3 5828 5797 5794
3 5829 5795 5826
3 5829 5798 5795
3 5830 5799 5796
3 5830 5796 5827
3 5831 5797 5828
3 5831 5800 5797
3 5832 5801 5798
3 5832 5804 5801
3 5832 5798 5829
3 5833 5799 5830
3 5833 5802 5799
3 5834 5803 5800
3 5834 5800 5831
3 5835 5804 5832
3 5836 5805 5802
3 5836 5802 5833
3 5837 5806 5803
3 5837 5803 5834
3 5838 5807 5804
3 5838 5804 5835
3 5839 5808 5805
3 5839 5805 5836
3 5840 5809 5806
3 5840 5812 5809
3 5840 5806 5837
3 5841 5810 5807
3 5841 5813 5810
3 5841 5807 5838
3 5842 5811 5808
3 5842 5808 5839
3 5843 5812 5840
3 5844 5813 5841
3 5844 5845 5782
3 5844 5782 5813
3 5846 5814 5811
3 5846 5811 5842
3 5847 5812 5843
3 5847 5815 5812
3 5848 5816 5814
3 5848 5814 5846
3 5849 5817 5815
3 5849 5819 5817
3 5849 5815 5847
3 5850 5816 5848
3 5850 5818 5816
3 5851 5819 5849
3 5852 5818 5850
3 5852 5820 5818
3 5853 5819 5851
3 5853 5821 5819
3 5854 5820 5852
3 5854 5822 5820
3 5855 5821 5853
3 5855 5823 5821
3 5855 5826 5823
3 5856 5824 98
3 5856 98 100
3 5856 100 103
3 5857 5822 5854
3 5857 5825 5822
3 5858 5826 5855
3 5859 5824 5856
3 5859 5827 5824
3 5860 5828 5825
3 5860 5825 5857
3 5861 5826 5858
3 5861 5829 5826
3 5862 5827 5859
3 5862 5833 5830
3 5862 5830 5827
3 5863 5828 5860
3 5863 5834 5831
3 5863 5831 5828
3 5864 5835 5832
3 5864 5832 5829
3 5864 5829 5861
3 5865 5833 5862
3 5866 5834 5863
3 5867 5835 5864
3 5868 5839 5836
3 5868 5836 5833
3 5868 5833 5865
3 5869 5837 5834
3 5869 5834 5866
3 5870 5835 5867
3 5870 5838 5835
3 5871 5842 5839
3 5871 5839 5868
3 5872 5840 5837
3 5872 5837 5869
3 5873 5841 5838
3 5873 5844 5841
3 5873 5838 5870
3 5874 5842 5871
3 5875 5843 5840
3 5875 5840 5872
3 5876 5844 5873
3 5876 5845 5844
3 5876 5877 5845
3 5876 5878 5877
3 5879 5842 5874
3 5879 5848 5846
3 5879 5846 5842
3 5880 5847 5843
3 5880 5843 5875
3 5881 5848 5879
3 5881 5850 5848
3 5882 5847 5880
3 5882 5849 5847
3 5883 5850 5881
3 5884 5849 5882
3 5884 5851 5849
3 5885 5852 5850
3 5885 5854 5852
3 5885 5850 5883
3 5886 5853 5851
3 5886 5851 5884
3 5887 5854 5885
3 5888 5853 5886
3 5888 5855 5853
3 5889 5856 103
3 5890 5854 5887
3 5890 5857 5854
3 5890 5860 5857
3 5891 5855 5888
3 5891 5858 5855
3 5892 5859 5856
3 5892 5856 5889
3 5893 5863 5860
3 5893 5860 5890
3 5894 5864 5861
3 5894 5858 5891
3 5894 5861 5858
3 5895 5862 5859
3 5895 5859 5892
3 5896 5863 5893
3 5897 5864 5894
3 5898 5862 5895
3 5898 5865 5862
3 5899 5866 5863
3 5899 5863 5896
3 5900 5864 5897
3 5900 5867 5864
3 5901 5865 5898
3 5901 5868 5865
3 5902 5866 5899
3 5902 5869 5866
3 5903 5870 5867
3 5903 5873 5870
3 5903 5867 5900
3 5904 5868 5901
3 5904 5871 5868
3 5905 5869 5902
3 5905 5875 5872
3 5905 5872 5869
3 5906 5873 5903
3 5907 5874 5871
3 5907 5871 5904
3 5908 5875 5905
3 5909 5873 5906
3 5909 5878 5876
3 5909 5876 5873
3 5910 5874 5907
3 5910 5879 5874
3 5911 5880 5875
3 5911 5875 5908
3 5912 5883 5881
3 5912 5881 5879
3 5912 5879 5910
3 5913 5880 5911
3 5913 5882 5880
3 5913 5884 5882
3 5914 5883 5912
3 5915 5884 5913
3 5915 5886 5884
3 5916 5883 5914
3 5916 5887 5885
3 5916 5885 5883
3 5917 5886 5915
3 5918 5887 5916
3 5919 5886 5917
3 5919 5891 5888
3 5919 5888 5886
3 5920 103 104
3 5920 104 106
3 5920 5889 103
3 5921 5887 5918
3 5921 5890 5887
3 5922 5891 5919
3 5922 5894 5891
3 5923 5892 5889
3 5923 5895 5892
3 5923 5889 5920
3 5924 5890 5921
3 5924 5893 5890
3 5925 5894 5922
3 5926 5895 5923
3 5927 5893 5924
3 5927 5896 5893
3 5928 5894 5925
3 5928 5897 5894
3 5929 5895 5926
3 5929 5898 5895
3 5930 5896 5927
3 5930 5902 5899
3 5930 5899 5896
3 5931 5897 5928
3 5931 5900 5897
3 5932 5901 5898
3 5932 5904 5901
3 5932 5898 5929
3 5933 5902 5930
3 5934 5900 5931
3 5934 5903 5900
3 5935 5904 5932
3 5935 5907 5904
3 5936 5905 5902
3 5936 5902 5933
3 5936 5908 5905
3 5937 5906 5903
3 5937 5903 5934
3 5938 5907 5935
3 5939 5908 5936
3 5940 5878 5909
3 5940 5941 5878
3 5940 5942 5941
3 5940 5906 5937
3 5940 5909 5906
3 5943 5910 5907
3 5943 5907 5938
3 5944 5908 5939
3 5944 5911 5908
3 5945 5910 5943
3 5945 5912 5910
3 5946 5913 5911
3 5946 5915 5913
3 5946 5911 5944
3 5947 5914 5912
3 5947 5912 5945
3 5948 5917 5915
3 5948 5915 5946
3 5949 5914 5947
3 5949 5916 5914
3 5950 5917 5948
3 5951 5916 5949
3 5951 5918 5916
3 5952 5917 5950
3 5952 5919 5917
3 5952 5922 5919
3 5953 5920 106
3 5954 5921 5918
3 5954 5924 5921
3 5954 5918 5951
3 5955 5922 5952
3 5956 5920 5953
3 5956 5923 5920
3 5957 5924 5954
3 5958 5922 5955
3 5958 5925 5922
3 5959 5923 5956
3 5959 5926 5923
3 5960 5924 5957
3 5960 5927 5924
3 5960 5930 5927
3 5961 5925 5958
3 5961 5928 5925
3 5962 5926 5959
3 5962 5929 5926
3 5962 5932 5929
3 5963 5930 5960
3 5964 5928 5961
3 5964 5931 5928
3 5965 5932 5962
3 5965 5935 5932
3 5966 5930 5963
3 5966 5933 5930
3 5967 5931 5964
3 5967 5934 5931
3 5968 5935 5965
3 5969 5933 5966
3 5969 5936 5933
3 5970 5934 5967
3 5970 5937 5934
3 5971 5938 5935
3 5971 5935 5968
3 5972 5939 5936
3 5972 5936 5969
3 5973 5942 5940
3 5973 5940 5937
3 5973 5937 5970
3 5974 5943 5938
3 5974 5938 5971
3 5974 5945 5943
3 5975 5944 5939
3 5975 5939 5972
3 5976 5947 5945
3 5976 5945 5974
3 5977 5944 5975
3 5977 5946 5944
3 5978 5947 5976
3 5979 5948 5946
3 5979 5946 5977
3 5980 5951 5949
3 5980 5947 5978
3 5980 5949 5947
3 5981 5948 5979
3 5981 5950 5948
3 5982 5951 5980
3 5983 5950 5981
3 5983 5952 5950
3 5984 5953 106
3 5984 106 109
3 5984 109 110
3 5985 5951 5982
3 5985 5954 5951
3 5985 5957 5954
3 5986 5955 5952
3 5986 5952 5983
3 5987 5959 5956
3 5987 5956 5953
3 5987 5953 5984
3 5988 5957 5985
3 5989 5955 5986
3 5989 5958 5955
3 5990 5959 5987
3 5991 5960 5957
3 5991 5957 5988
3 5992 5961 5958
3 5992 5958 5989
3 5993 5962 5959
3 5993 5959 5990
3 5993 5965 5962
3 5994 5966 5963
3 5994 5963 5960
3 5994 5960 5991
3 5995 5961 5992
3 5995 5964 5961
3 5996 5965 5993
3 5997 5966 5994
3 5998 5964 5995
3 5998 5967 5964
3 5999 5965 5996
3 5999 5968 5965
3 6000 5966 5997
3 6000 5969 5966
3 6000 5972 5969
3 6001 5967 5998
3 6001 5970 5967
3 6002 5968 5999
3 6002 5971 5968
3 6003 5975 5972
3 6003 5972 6000
3 6004 6005 5942
3 6004 5942 5973
3 6004 5970 6001
3 6004 5973 5970
3 6006 5976 5974
3 6006 5974 5971
3 6006 5971 6002
3 6007 5975 6003
3 6008 5978 5976
3 6008 5976 6006
3 6009 5979 5977
3 6009 5977 5975
3 6009 5975 6007
3 6010 5978 6008
3 6011 5981 5979
3 6011 5979 6009
3 6012 5980 5978
3 6012 5978 6010
3 6012 5982 5980
3 6013 5981 6011
3 6014 5982 6012
3 6015 5981 6013
3 6015 5983 5981
3 6015 5986 5983
3 6016 5984 110
3 6016 110 112
3 6017 5985 5982
3 6017 5988 5985
3 6017 5982 6014
3 6018 5986 6015
3 6019 5987 5984
3 6019 5984 6016
3 6020 5991 5988
3 6020 5988 6017
3 6021 5986 6018
3 6021 5989 5986
3 6021 5992 5989
3 6022 5987 6019
3 6022 5990 5987
3 6022 5993 5990
3 6023 5991 6020
3 6024 5992 6021
3 6025 5993 6022
3 6026 5994 5991
3 6026 5991 6023
3 6027 5992 6024
3 6027 5995 5992
3 6028 5999 5996
3 6028 5993 6025
3 6028 5996 5993
3 6029 5997 5994
3 6029 5994 6026
3 6029 6000 5997
3 6030 5998 5995
3 6030 5995 6027
3 6030 6001 5998
3 6031 5999 6028
3 6031 6002 5999
3 6032 6000 6029
3 6032 6003 6000
3 6033 6001 6030
3 6034 6002 6031
3 6035 6003 6032
3 6036 6037 6005
3 6036 6038 6037
3 6036 6001 6033
3 6036 6005 6004
3 6036 6004 6001
3 6039 6002 6034
3 6039 6006 6002
3 6040 6009 6007
3 6040 6007 6003
3 6040 6003 6035
3 6041 6006 6039
3 6041 6008 6006
3 6042 6011 6009
3 6042 6009 6040
3 6043 6008 6041
3 6043 6010 6008
3 6044 6011 6042
3 6045 6010 6043
3 6045 6014 6012
3 6045 6012 6010
3 6046 6013 6011
3 6046 6011 6044
3 6047 6014 6045
3 6048 6015 6013
3 6048 6018 6015
3 6048 6013 6046
3 6049 6016 112
3 6050 6017 6014
3 6050 6014 6047
3 6051 6018 6048
3 6052 6019 6016
3 6052 6016 6049
3 6053 6017 6050
3 6053 6020 6017
3 6054 6018 6051
3 6054 6021 6018
3 6054 6024 6021
3 6055 6019 6052
3 6055 6022 6019
3 6056 6023 6020
3 6056 6020 6053
3 6056 6026 6023
3 6057 6027 6024
3 6057 6024 6054
3 6058 6022 6055
3 6058 6028 6025
3 6058 6025 6022
3 6059 6026 6056
3 6060 6027 6057
3 6061 6028 6058
3 6062 6026 6059
3 6062 6029 6026
3 6063 6027 6060
3 6063 6030 6027
3 6063 6033 6030
3 6064 6028 6061
3 6064 6031 6028
3 6065 6032 6029
3 6065 6029 6062
3 6066 6033 6063
3 6066 6036 6033
3 6067 6031 6064
3 6067 6034 6031
3 6068 6032 6065
3 6068 6035 6032
3 6069 6036 6066
3 6069 6038 6036
3 6070 6041 6039
3 6070 6039 6034
3 6070 6034 6067
3 6071 6035 6068
3 6071 6040 6035
3 6072 6041 6070
3 6073 6040 6071
3 6073 6042 6040
3 6074 6043 6041
3 6074 6041 6072
3 6075 6044 6042
3 6075 6042 6073
3 6076 6047 6045
3 6076 6045 6043
3 6076 6043 6074
3 6077 6046 6044
3 6077 6044 6075
3 6078 6047 6076
3 6079 6048 6046
3 6079 6051 6048
3 6079 6046 6077
3 6080 6049 112
3 6080 112 114
3 6080 114 117
3 6081 6050 6047
3 6081 6053 6050
3 6081 6047 6078
3 6082 6051 6079
3 6083 6052 6049
3 6083 6049 6080
3 6084 6053 6081
3 6085 6054 6051
3 6085 6057 6054
3 6085 6051 6082
3 6086 6058 6055
3 6086 6052 6083
3 6086 6055 6052
3 6087 6056 6053
3 6087 6053 6084
3 6088 6060 6057
3 6088 6057 6085
3 6089 6058 6086
3 6090 6059 6056
3 6090 6062 6059
3 6090 6056 6087
3 6091 6060 6088
3 6092 6064 6061
3 6092 6058 6089
3 6092 6061 6058
3 6093 6062 6090
3 6094 6060 6091
3 6094 6063 6060
3 6094 6066 6063
3 6095 6064 6092
3 6096 6065 6062
3 6096 6068 6065
3 6096 6062 6093
3 6097 6066 6094
3 6098 6067 6064
3 6098 6064 6095
3 6098 6070 6067
3 6099 6068 6096
3 6100 6101 6038
3 6100 6066 6097
3 6100 6038 6069
3 6100 6069 6066
3 6102 6070 6098
3 6103 6068 6099
3 6103 6071 6068
3 6104 6070 6102
3 6104 6074 6072
3 6104 6072 6070
3 6105 6071 6103
3 6105 6073 6071
3 6105 6075 6073
3 6106 6074 6104
3 6106 6076 6074
3 6107 6075 6105
3 6108 6076 6106
3 6109 6075 6107
3 6109 6077 6075
3 6110 6076 6108
3 6110 6078 6076
3 6110 6081 6078
3 6111 6082 6079
3 6111 6079 6077
3 6111 6077 6109
3 6112 6080 117
3 6113 6084 6081
3 6113 6081 6110
3 6114 6082 6111
3 6115 6083 6080
3 6115 6080 6112
3 6116 6084 6113
3 6117 6085 6082
3 6117 6082 6114
3 6118 6083 6115
3 6118 6086 6083
3 6119 6087 6084
3 6119 6084 6116
3 6120 6088 6085
3 6120 6085 6117
3 6121 6086 6118
3 6121 6089 6086
3 6122 6090 6087
3 6122 6087 6119
3 6123 6088 6120
3 6123 6091 6088
3 6124 6089 6121
3 6124 6092 6089
3 6125 6096 6093
3 6125 6090 6122
3 6125 6093 6090
3 6126 6094 6091
3 6126 6091 6123
3 6126 6097 6094
3 6127 6092 6124
3 6127 6095 6092
3 6128 6096 6125
3 6129 6097 6126
3 6130 6095 6127
3 6130 6098 6095
3 6131 6096 6128
3 6131 6099 6096
3 6131 6103 6099
3 6132 6101 6100
3 6132 6133 6101
3 6132 6134 6133
3 6132 6097 6129
3 6132 6100 6097
3 6135 6098 6130
3 6135 6102 6098
3 6136 6103 6131
3 6136 6105 6103
3 6137 6102 6135
3 6137 6104 6102
3 6138 6105 6136
3 6139 6104 6137
3 6139 6106 6104
3 6140 6105 6138
3 6140 6107 6105
3 6140 6109 6107
3 6141 6108 6106
3 6141 6106 6139
3 6142 6109 6140
3 6143 6108 6141
3 6143 6110 6108
3 6144 6111 6109
3 6144 6109 6142
3 6145 117 118
3 6145 6112 117
3 6146 6110 6143
3 6146 6113 6110
3 6147 6117 6114
3 6147 6111 6144
3 6147 6114 6111
3 6148 6112 6145
3 6148 6115 6112
3 6149 6116 6113
3 6149 6113 6146
3 6150 6117 6147
3 6151 6118 6115
3 6151 6115 6148
3 6151 6121 6118
3 6152 6119 6116
3 6152 6116 6149
3 6153 6120 6117
3 6153 6117 6150
3 6153 6123 6120
3 6154 6121 6151
3 6155 6119 6152
3 6155 6122 6119
3 6156 6123 6153
3 6156 6126 6123
3 6157 6124 6121
3 6157 6121 6154
3 6157 6127 6124
3 6158 6122 6155
3 6158 6125 6122
3 6159 6126 6156
3 6160 6127 6157
3 6161 6128 6125
3 6161 6125 6158
3 6162 6129 6126
3 6162 6126 6159
3 6163 6127 6160
3 6163 6130 6127
3 6163 6135 6130
3 6164 6128 6161
3 6164 6131 6128
3 6165 6129 6162
3 6165 6134 6132
3 6165 6132 6129
3 6166 6135 6163
3 6167 6131 6164
3 6167 6136 6131
3 6168 6135 6166
3 6168 6137 6135
3 6168 6139 6137
3 6169 6136 6167
3 6169 6138 6136
3 6170 6139 6168
3 6170 6141 6139
3 6171 6138 6169
3 6171 6140 6138
3 6172 6141 6170
3 6173 6142 6140
3 6173 6140 6171
3 6174 6146 6143
3 6174 6141 6172
3 6174 6143 6141
3 6175 6144 6142
3 6175 6142 6173
3 6176 6145 118
3 6176 118 120
3 6176 6148 6145
3 6177 6146 6174
3 6177 6149 6146
3 6178 6144 6175
3 6178 6147 6144
3 6179 6148 6176
3 6180 6149 6177
3 6181 6150 6147
3 6181 6147 6178
3 6181 6153 6150
3 6182 6148 6179
3 6182 6151 6148
3 6183 6149 6180
3 6183 6152 6149
3 6184 6153 6181
3 6185 6154 6151
3 6185 6151 6182
3 6186 6155 6152
3 6186 6152 6183
3 6187 6156 6153
3 6187 6153 6184
3 6188 6154 6185
3 6188 6157 6154
3 6189 6155 6186
3 6189 6158 6155
3 6189 6161 6158
3 6190 6156 6187
3 6190 6159 6156
3 6191 6157 6188
3 6191 6160 6157
3 6192 6161 6189
3 6193 6159 6190
3 6193 6162 6159
3 6194 6163 6160
3 6194 6160 6191
3 6195 6161 6192
3 6195 6167 6164
3 6195 6164 6161
3 6196 6162 6193
3 6196 6165 6162
3 6196 6197 6134
3 6196 6198 6197
3 6196 6134 6165
3 6199 6163 6194
3 6199 6166 6163
3 6200 6169 6167
3 6200 6167 6195
3 6201 6168 6166
3 6201 6166 6199
3 6202 6169 6200
3 6203 6168 6201
3 6203 6170 6168
3 6204 6171 6169
3 6204 6169 6202
3 6204 6173 6171
3 6205 6170 6203
3 6205 6172 6170
3 6206 6173 6204
3 6207 6172 6205
3 6207 6174 6172
3 6208 6173 6206
3 6208 6175 6173
3 6209 6176 120
3 6209 120 122
3 6210 6177 6174
3 6210 6174 6207
3 6210 6180 6177
3 6211 6178 6175
3 6211 6175 6208
3 6211 6181 6178
3 6212 6179 6176
3 6212 6176 6209
3 6213 6180 6210
3 6214 6181 6211
3 6215 6179 6212
3 6215 6185 6182
3 6215 6182 6179
3 6216 6180 6213
3 6216 6183 6180
3 6217 6187 6184
3 6217 6181 6214
3 6217 6184 6181
3 6218 6185 6215
3 6219 6186 6183
3 6219 6183 6216
3 6220 6190 6187
3 6220 6187 6217
3 6221 6188 6185
3 6221 6191 6188
3 6221 6185 6218
3 6222 6189 6186
3 6222 6186 6219
3 6223 6193 6190
3 6223 6190 6220
3 6224 6191 6221
3 6225 6189 6222
3 6225 6192 6189
3 6226 6193 6223
3 6227 6199 6194
3 6227 6194 6191
3 6227 6191 6224
3 6228 6195 6192
3 6228 6192 6225
3 6229 6193 6226
3 6229 6198 6196
3 6229 6196 6193
3 6230 6199 6227
3 6231 6200 6195
3 6231 6195 6228
3 6232 6201 6199
3 6232 6199 6230
3 6232 6203 6201
3 6233 6200 6231
3 6233 6202 6200
3 6234 6205 6203
3 6234 6203 6232
3 6235 6202 6233
3 6235 6204 6202
3 6236 6205 6234
3 6237 6206 6204
3 6237 6204 6235
3 6238 6205 6236
3 6238 6207 6205
3 6238 6210 6207
3 6239 6206 6237
3 6239 6208 6206
3 6240 6212 6209
3 6240 6209 122
3 6240 122 125
3 6241 6210 6238
3 6242 6208 6239
3 6242 6211 6208
3 6243 6212 6240
3 6244 6210 6241
3 6244 6213 6210
3 6245 6211 6242
3 6245 6214 6211
3 6246 6212 6243
3 6246 6215 6212
3 6247 6213 6244
3 6247 6216 6213
3 6248 6214 6245
3 6248 6217 6214
3 6249 6215 6246
3 6249 6218 6215
3 6250 6216 6247
3 6250 6219 6216
3 6251 6220 6217
3 6251 6217 6248
3 6252 6218 6249
3 6252 6221 6218
3 6253 6222 6219
3 6253 6219 6250
3 6254 6220 6251
3 6254 6223 6220
3 6255 6221 6252
3 6255 6224 6221
3 6256 6222 6253
3 6256 6225 6222
3 6257 6226 6223
3 6257 6223 6254
3 6258 6227 6224
3 6258 6224 6255
3 6259 6225 6256
3 6259 6228 6225
3 6259 6231 6228
3 6260 6229 6226
3 6260 6198 6229
3 6260 6261 6198
3 6260 6226 6257
3 6262 6230 6227
3 6262 6227 6258
3 6263 6231 6259
3 6264 6230 6262
3 6264 6232 6230
3 6264 6234 6232
3 6265 6233 6231
3 6265 6231 6263
3 6266 6234 6264
3 6267 6233 6265
3 6267 6235 6233
3 6267 6237 6235
3 6268 6234 6266
3 6268 6236 6234
3 6269 6237 6267
3 6269 6239 6237
3 6270 6238 6236
3 6270 6236 6268
3 6270 6241 6238
3 6271 6239 6269
3 6272 6240 125
3 6272 125 126
3 6273 6244 6241
3 6273 6241 6270
3 6274 6242 6239
3 6274 6239 6271
3 6275 6240 6272
3 6275 6243 6240
3 6276 6244 6273
3 6277 6242 6274
3 6277 6245 6242
3 6278 6249 6246
3 6278 6243 6275
3 6278 6246 6243
3 6279 6244 6276
3 6279 6247 6244
3 6280 6245 6277
3 6280 6248 6245
3 6281 6249 6278
3 6282 6253 6250
3 6282 6247 6279
3 6282 6250 6247
3 6283 6254 6251
3 6283 6248 6280
3 6283 6251 6248
3 6284 6249 6281
3 6284 6252 6249
3 6285 6253 6282
3 6286 6254 6283
3 6287 6255 6252
3 6287 6252 6284
3 6288 6259 6256
3 6288 6253 6285
3 6288 6256 6253
3 6289 6257 6254
3 6289 6254 6286
3 6290 6258 6255
3 6290 6255 6287
3 6291 6259 6288
3 6292 6257 6289
3 6292 6260 6257
3 6292 6261 6260
3 6292 6293 6261
3 6292 6294 6293
3 6295 6262 6258
3 6295 6258 6290
3 6296 6263 6259
3 6296 6265 6263
3 6296 6259 6291
3 6297 6262 6295
3 6297 6264 6262
3 6298 6265 6296
3 6299 6266 6264
3 6299 6268 6266
3 6299 6264 6297
3 6300 6269 6267
3 6300 6267 6265
3 6300 6265 6298
3 6301 6268 6299
3 6302 6269 6300
3 6303 6270 6268
3 6303 6268 6301
3 6304 6269 6302
3 6304 6271 6269
3 6305 6272 126
3 6305 126 128
3 6306 6270 6303
3 6306 6273 6270
3 6306 6276 6273
3 6307 6271 6304
3 6307 6274 6271
3 6308 6272 6305
3 6308 6275 6272
3 6309 6279 6276
3 6309 6276 6306
3 6310 6280 6277
3 6310 6274 6307
3 6310 6277 6274
3 6311 6278 6275
3 6311 6275 6308
3 6312 6279 6309
3 6313 6280 6310
3 6314 6278 6311
3 6314 6281 6278
3 6315 6282 6279
3 6315 6279 6312
3 6316 6280 6313
3 6316 6283 6280
3 6316 6286 6283
3 6317 6281 6314
3 6317 6284 6281
3 6318 6282 6315
3 6318 6285 6282
3 6319 6289 6286
3 6319 6286 6316
3 6320 6287 6284
3 6320 6284 6317
3 6321 6285 6318
3 6321 6288 6285
3 6322 6289 6319
3 6323 6290 6287
3 6323 6287 6320
3 6324 6291 6288
3 6324 6288 6321
3 6325 6292 6289
3 6325 6289 6322
3 6325 6294 6292
3 6326 6297 6295
3 6326 6290 6323
3 6326 6295 6290
3 6327 6296 6291
3 6327 6291 6324
3 6328 6299 6297
3 6328 6297 6326
3 6329 6296 6327
3 6329 6298 6296
3 6330 6299 6328
3 6331 6300 6298
3 6331 6298 6329
3 6332 6301 6299
3 6332 6299 6330
3 6333 6300 6331
3 6333 6302 6300
3 6334 6301 6332
3 6334 6303 6301
3 6334 6306 6303
3 6335 6304 6302
3 6335 6302 6333
3 6336 6308 6305
3 6336 6305 128
3 6336 128 130
3 6336 130 132
3 6337 6306 6334
3 6338 6304 6335
3 6338 6307 6304
3 6339 6308 6336
3 6340 6306 6337
3 6340 6309 6306
3 6341 6310 6307
3 6341 6307 6338
3 6342 6308 6339
3 6342 6311 6308
3 6342 6314 6311
3 6343 6309 6340
3 6343 6312 6309
3 6344 6310 6341
3 6344 6313 6310
3 6345 6314 6342
3 6346 6312 6343
3 6346 6315 6312
3 6347 6313 6344
3 6347 6316 6313
3 6348 6317 6314
3 6348 6314 6345
3 6348 6320 6317
3 6349 6318 6315
3 6349 6315 6346
3 6350 6316 6347
3 6350 6319 6316
3 6351 6320 6348
3 6352 6318 6349
3 6352 6324 6321
3 6352 6321 6318
3 6353 6322 6319
3 6353 6319 6350
3 6354 6323 6320
3 6354 6320 6351
3 6355 6324 6352
3 6356 6325 6322
3 6356 6294 6325
3 6356 6357 6294
3 6356 6322 6353
3 6358 6326 6323
3 6358 6328 6326
3 6358 6323 6354
3 6359 6327 6324
3 6359 6324 6355
3 6360 6328 6358
3 6361 6329 6327
3 6361 6327 6359
3 6362 6330 6328
3 6362 6328 6360
3 6363 6329 6361
3 6363 6331 6329
3 6363 6333 6331
3 6364 6330 6362
3 6364 6332 6330
3 6365 6333 6363
3 6366 6332 6364
3 6366 6334 6332
3 6366 6337 6334
3 6367 6333 6365
3 6367 6335 6333
3 6367 6338 6335
3 6368 6336 132
3 6369 6340 6337
3 6369 6337 6366
3 6370 6338 6367
3 6371 6339 6336
3 6371 6336 6368
3 6372 6340 6369
3 6373 6338 6370
3 6373 6341 6338
3 6374 6345 6342
3 6374 6342 6339
3 6374 6339 6371
3 6375 6340 6372
3 6375 6343 6340
3 6375 6346 6343
3 6376 6341 6373
3 6376 6344 6341
3 6377 6345 6374
3 6378 6346 6375
3 6379 6347 6344
3 6379 6344 6376
3 6379 6350 6347
3 6380 6345 6377
3 6380 6348 6345
3 6380 6351 6348
3 6381 6349 6346
3 6381 6346 6378
3 6382 6350 6379
3 6382 6353 6350
3 6383 6351 6380
3 6384 6352 6349
3 6384 6349 6381
3 6384 6355 6352
3 6385 6353 6382
3 6386 6351 6383
3 6386 6354 6351
3 6387 6355 6384
3 6387 6359 6355
3 6388 6356 6353
3 6388 6389 6357
3 6388 6353 6385
3 6388 6357 6356
3 6390 6358 6354
3 6390 6354 6386
3 6391 6361 6359
3 6391 6359 6387
3 6392 6360 6358
3 6392 6358 6390
3 6393 6361 6391
3 6394 6364 6362
3 6394 6362 6360
3 6394 6360 6392
3 6395 6363 6361
3 6395 6365 6363
3 6395 6361 6393
3 6396 6364 6394
3 6397 6365 6395
3 6398 6366 6364
3 6398 6364 6396
3 6399 6367 6365
3 6399 6365 6397
3 6400 6368 132
3 6400 6371 6368
3 6400 132 134
3 6401 6372 6369
3 6401 6369 6366
3 6401 6366 6398
3 6402 6367 6399
3 6402 6370 6367
3 6402 6373 6370
3 6403 6371 6400
3 6404 6372 6401
3 6404 6375 6372
3 6405 6373 6402
3 6406 6374 6371
3 6406 6371 6403
3 6407 6375 6404
3 6408 6376 6373
3 6408 6373 6405
3 6408 6379 6376
3 6409 6374 6406
3 6409 6377 6374
3 6410 6375 6407
3 6410 6378 6375
3 6411 6379 6408
3 6412 6377 6409
3 6412 6380 6377
3 6413 6378 6410
3 6413 6381 6378
3 6414 6379 6411
3 6414 6382 6379
3 6415 6380 6412
3 6415 6383 6380
3 6416 6381 6413
3 6416 6384 6381
3 6417 6382 6414
3 6417 6385 6382
3 6418 6386 6383
3 6418 6383 6415
3 6419 6384 6416
3 6419 6387 6384
3 6420 6389 6388
3 6420 6421 6389
3 6420 6422 6421
3 6420 6385 6417
3 6420 6388 6385
3 6423 6392 6390
3 6423 6386 6418
3 6423 6390 6386
3 6424 6387 6419
3 6424 6391 6387
3 6425 6392 6423
3 6426 6393 6391
3 6426 6391 6424
3 6427 6394 6392
3 6427 6392 6425
3 6428 6395 6393
3 6428 6393 6426
3 6429 6396 6394
3 6429 6394 6427
3 6430 6397 6395
3 6430 6395 6428
3 6431 6396 6429
3 6431 6398 6396
3 6432 6399 6397
3 6432 6397 6430
3 6433 6400 134
3 6433 134 136
3 6434 6401 6398
3 6434 6398 6431
3 6435 6399 6432
3 6435 6402 6399
3 6436 6403 6400
3 6436 6400 6433
3 6437 6401 6434
3 6437 6404 6401
3 6438 6405 6402
3 6438 6402 6435
3 6439 6406 6403
3 6439 6409 6406
3 6439 6403 6436
3 6440 6407 6404
3 6440 6404 6437
3 6441 6405 6438
3 6441 6408 6405
3 6442 6409 6439
3 6443 6407 6440
3 6443 6410 6407
3 6444 6408 6441
3 6444 6411 6408
3 6445 6409 6442
3 6445 6415 6412
3 6445 6412 6409
3 6446 6410 6443
3 6446 6413 6410
3 6447 6411 6444
3 6447 6414 6411
3 6447 6417 6414
3 6448 6415 6445
3 6449 6413 6446
3 6449 6416 6413
3 6449 6419 6416
3 6450 6417 6447
3 6451 6415 6448
3 6451 6418 6415
3 6452 6419 6449
3 6452 6424 6419
3 6453 6454 6422
3 6453 6417 6450
3 6453 6422 6420
3 6453 6420 6417
3 6455 6418 6451
3 6455 6425 6423
3 6455 6423 6418
3 6456 6426 6424
3 6456 6424 6452
3 6457 6427 6425
3 6457 6425 6455
3 6458 6426 6456
3 6459 6427 6457
3 6459 6429 6427
3 6460 6428 6426
3 6460 6426 6458
3 6460 6430 6428
3 6461 6429 6459
3 6462 6430 6460
3 6463 6431 6429
3 6463 6429 6461
3 6464 6432 6430
3 6464 6430 6462
3 6465 136 139
3 6465 6433 136
3 6466 6434 6431
3 6466 6437 6434
3 6466 6431 6463
3 6467 6435 6432
3 6467 6438 6435
3 6467 6432 6464
3 6468 6436 6433
3 6468 6433 6465
3 6469 6440 6437
3 6469 6437 6466
3 6470 6438 6467
3 6471 6439 6436
3 6471 6436 6468
3 6472 6440 6469
3 6472 6443 6440
3 6473 6438 6470
3 6473 6441 6438
3 6473 6444 6441
3 6474 6442 6439
3 6474 6439 6471
3 6475 6443 6472
3 6476 6444 6473
3 6477 6442 6474
3 6477 6445 6442
3 6478 6443 6475
3 6478 6446 6443
3 6479 6444 6476
3 6479 6447 6444
3 6480 6445 6477
3 6480 6448 6445
3 6481 6449 6446
3 6481 6452 6449
3 6481 6446 6478
3 6482 6447 6479
3 6482 6450 6447
3 6482 6453 6450
3 6483 6448 6480
3 6483 6451 6448
3 6484 6452 6481
3 6484 6456 6452
3 6485 6453 6482
3 6485 6454 6453
3 6486 6451 6483
3 6486 6455 6451
3 6487 6456 6484
3 6488 6455 6486
3 6488 6457 6455
3 6489 6456 6487
3 6489 6458 6456
3 6490 6459 6457
3 6490 6457 6488
3 6491 6462 6460
3 6491 6458 6489
3 6491 6460 6458
3 6492 6459 6490
3 6492 6461 6459
3 6493 6462 6491
3 6494 6461 6492
3 6494 6463 6461
3 6495 6467 6464
3 6495 6464 6462
3 6495 6462 6493
3 6496 139 140
3 6496 6465 139
3 6497 6466 6463
3 6497 6463 6494
3 6498 6467 6495
3 6498 6470 6467
3 6499 6468 6465
3 6499 6465 6496
3 6500 6469 6466
3 6500 6466 6497
3 6501 6470 6498
3 6502 6471 6468
3 6502 6474 6471
3 6502 6468 6499
3 6503 6472 6469
3 6503 6469 6500
3 6504 6473 6470
3 6504 6470 6501
3 6505 6474 6502
3 6505 6477 6474
3 6506 6472 6503
3 6506 6475 6472
3 6507 6473 6504
3 6507 6476 6473
3 6507 6479 6476
3 6508 6477 6505
3 6509 6475 6506
3 6509 6478 6475
3 6510 6479 6507
3 6511 6477 6508
3 6511 6480 6477
3 6512 6481 6478
3 6512 6478 6509
3 6513 6479 6510
3 6513 6482 6479
3 6514 6480 6511
3 6514 6483 6480
3 6515 6484 6481
3 6515 6481 6512
3 6516 6482 6513
3 6516 6517 6454
3 6516 6485 6482
3 6516 6454 6485
3 6518 6483 6514
3 6518 6488 6486
3 6518 6486 6483
3 6519 6484 6515
3 6519 6487 6484
3 6520 6488 6518
3 6520 6490 6488
3 6521 6487 6519
3 6521 6489 6487
3 6522 6490 6520
3 6522 6492 6490
3 6523 6489 6521
3 6523 6491 6489
3 6524 6492 6522
3 6525 6493 6491
3 6525 6491 6523
3 6526 6492 6524
3 6526 6494 6492
3 6527 6493 6525
3 6527 6495 6493
3 6528 140 143
3 6528 6496 140
3 6529 6497 6494
3 6529 6494 6526
3 6529 6500 6497
3 6530 6495 6527
3 6530 6498 6495
3 6531 6499 6496
3 6531 6496 6528
3 6532 6503 6500
3 6532 6500 6529
3 6533 6501 6498
3 6533 6498 6530
3 6534 6499 6531
3 6534 6502 6499
3 6535 6506 6503
3 6535 6503 6532
3 6536 6504 6501
3 6536 6501 6533
3 6537 6502 6534
3 6537 6505 6502
3 6538 6506 6535
3 6539 6507 6504
3 6539 6504 6536
3 6540 6505 6537
3 6540 6508 6505
3 6541 6506 6538
3 6541 6509 6506
3 6542 6507 6539
3 6542 6510 6507
3 6543 6508 6540
3 6543 6511 6508
3 6544 6515 6512
3 6544 6509 6541
3 6544 6512 6509
3 6545 6513 6510
3 6545 6510 6542
3 6546 6511 6543
3 6546 6514 6511
3 6547 6515 6544
3 6547 6519 6515
3 6548 6513 6545
3 6548 6516 6513
3 6548 6549 6517
3 6548 6517 6516
3 6550 6514 6546
3 6550 6518 6514
3 6551 6521 6519
3 6551 6519 6547
3 6552 6518 6550
3 6552 6520 6518
3 6553 6521 6551
3 6554 6522 6520
3 6554 6520 6552
3 6555 6523 6521
3 6555 6521 6553
3 6555 6525 6523
3 6556 6522 6554
3 6556 6524 6522
3 6557 6525 6555
3 6558 6524 6556
3 6558 6526 6524
3 6559 6525 6557
3 6559 6527 6525
3 6559 6530 6527
3 6560 143 144
3 6560 6528 143
3 6561 6526 6558
3 6561 6529 6526
3 6562 6533 6530
3 6562 6530 6559
3 6563 6528 6560
3 6563 6531 6528
3 6564 6529 6561
3 6564 6532 6529
3 6565 6533 6562
3 6566 6534 6531
3 6566 6531 6563
3 6567 6535 6532
3 6567 6532 6564
3 6568 6536 6533
3 6568 6533 6565
3 6569 6540 6537
3 6569 6534 6566
3 6569 6537 6534
3 6570 6538 6535
3 6570 6535 6567
3 6571 6539 6536
3 6571 6542 6539
3 6571 6536 6568
3 6572 6540 6569
3 6573 6538 6570
3 6573 6541 6538
3 6574 6542 6571
3 6574 6545 6542
3 6575 6540 6572
3 6575 6543 6540
3 6576 6544 6541
3 6576 6541 6573
3 6577 6545 6574
3 6578 6550 6546
3 6578 6543 6575
3 6578 6546 6543
3 6579 6544 6576
3 6579 6547 6544
3 6580 6545 6577
3 6580 6548 6545
3 6580 6549 6548
3 6580 6581 6549
3 6582 6550 6578
3 6583 6551 6547
3 6583 6547 6579
3 6584 6550 6582
3 6584 6552 6550
3 6584 6554 6552
3 6585 6553 6551
3 6585 6551 6583
3 6586 6554 6584
3 6586 6556 6554
3 6587 6555 6553
3 6587 6553 6585
3 6588 6556 6586
3 6589 6555 6587
3 6589 6557 6555
3 6590 6556 6588
3 6590 6558 6556
3 6590 6561 6558
3 6591 6557 6589
3 6591 6559 6557
3 6592 144 146
3 6592 6560 144
3 6593 6561 6590
3 6594 6559 6591
3 6594 6562 6559
3 6595 6560 6592
3 6595 6563 6560
3 6596 6564 6561
3 6596 6561 6593
3 6597 6562 6594
3 6597 6565 6562
3 6598 6569 6566
3 6598 6566 6563
3 6598 6563 6595
3 6599 6570 6567
3 6599 6564 6596
3 6599 6567 6564
3 6600 6565 6597
3 6600 6568 6565
3 6601 6572 6569
3 6601 6569 6598
3 6602 6570 6599
3 6603 6571 6568
3 6603 6568 6600
3 6604 6572 6601
3 6605 6570 6602
3 6605 6573 6570
3 6606 6574 6571
3 6606 6571 6603
3 6607 6572 6604
3 6607 6575 6572
3 6608 6573 6605
3 6608 6579 6576
3 6608 6576 6573
3 6609 6574 6606
3 6609 6577 6574
3 6610 6575 6607
3 6610 6582 6578
3 6610 6578 6575
3 6611 6579 6608
3 6611 6583 6579
3 6612 6577 6609
3 6612 6580 6577
3 6612 6581 6580
3 6612 6613 6581
3 6614 6582 6610
3 6615 6583 6611
3 6615 6585 6583
3 6616 6582 6614
3 6616 6584 6582
3 6616 6586 6584
3 6617 6585 6615
3 6618 6586 6616
3 6619 6585 6617
3 6619 6587 6585
3 6620 6586 6618
3 6620 6588 6586
3 6621 6587 6619
3 6621 6589 6587
3 6621 6591 6589
3 6622 6590 6588
3 6622 6588 6620
3 6622 6593 6590
3 6623 6591 6621
3 6624 146 148
3 6624 148 150
3 6624 6592 146
3 6625 6596 6593
3 6625 6593 6622
3 6626 6591 6623
3 6626 6597 6594
3 6626 6594 6591
3 6627 6595 6592
3 6627 6592 6624
3 6628 6596 6625
3 6629 6597 6626
3 6630 6598 6595
3 6630 6595 6627
3 6631 6596 6628
3 6631 6599 6596
3 6632 6600 6597
3 6632 6597 6629
3 6633 6601 6598
3 6633 6598 6630
3 6634 6599 6631
3 6634 6602 6599
3 6635 6606 6603
3 6635 6603 6600
3 6635 6600 6632
3 6636 6604 6601
3 6636 6601 6633
3 6637 6605 6602
3 6637 6602 6634
3 6638 6609 6606
3 6638 6606 6635
3 6639 6607 6604
3 6639 6604 6636
3 6640 6608 6605
3 6640 6605 6637
3 6641 6609 6638
3 6642 6610 6607
3 6642 6607 6639
3 6643 6611 6608
3 6643 6615 6611
3 6643 6608 6640
3 6644 6609 6641
3 6644 6612 6609
3 6644 6613 6612
3 6644 6645 6613
3 6646 6610 6642
3 6646 6614 6610
3 6647 6615 6643
3 6648 6616 6614
3 6648 6614 6646
3 6649 6615 6647
3 6649 6617 6615
3 6650 6618 6616
3 6650 6616 6648
3 6650 6620 6618
3 6651 6619 6617
3 6651 6617 6649
3 6652 6620 6650
3 6653 6619 6651
3 6653 6621 6619
3 6654 6622 6620
3 6654 6620 6652
3 6655 6623 6621
3 6655 6621 6653
3 6656 6624 150
3 6657 6622 6654
3 6657 6628 6625
3 6657 6625 6622
3 6658 6623 6655
3 6658 6626 6623
3 6658 6629 6626
3 6659 6624 6656
3 6659 6627 6624
3 6660 6628 6657
3 6660 6631 6628
3 6661 6629 6658
3 6662 6627 6659
3 6662 6630 6627
3 6662 6633 6630
3 6663 6631 6660
3 6664 6629 6661
3 6664 6632 6629
3 6665 6633 6662
3 6666 6631 6663
3 6666 6634 6631
3 6667 6638 6635
3 6667 6635 6632
3 6667 6632 6664
3 6668 6636 6633
3 6668 6633 6665
3 6668 6639 6636
3 6669 6637 6634
3 6669 6634 6666
3 6670 6638 6667
3 6671 6639 6668
3 6672 6640 6637
3 6672 6637 6669
3 6673 6641 6638
3 6673 6638 6670
3 6674 6642 6639
3 6674 6639 6671
3 6675 6640 6672
3 6675 6643 6640
3 6676 6644 6641
3 6676 6645 6644
3 6676 6677 6645
3 6676 6678 6677
3 6676 6641 6673
3 6679 6648 6646
3 6679 6646 6642
3 6679 6642 6674
3 6680 6643 6675
3 6680 6647 6643
3 6681 6648 6679
3 6681 6650 6648
3 6682 6649 6647
3 6682 6647 6680
3 6683 6650 6681
3 6684 6651 6649
3 6684 6649 6682
3 6685 6652 6650
3 6685 6650 6683
3 6686 6651 6684
3 6686 6653 6651
3 6687 6652 6685
3 6687 6657 6654
3 6687 6654 6652
3 6688 6655 6653
3 6688 6653 6686
3 6689 150 152
3 6689 6656 150
3 6690 6657 6687
3 6691 6658 6655
3 6691 6655 6688
3 6692 6659 6656
3 6692 6656 6689
3 6693 6657 6690
3 6693 6660 6657
3 6694 6658 6691
3 6694 6661 6658
3 6695 6659 6692
3 6695 6662 6659
3 6696 6660 6693
3 6696 6663 6660
3 6697 6661 6694
3 6697 6664 6661
3 6698 6662 6695
3 6698 6665 6662
3 6699 6663 6696
3 6699 6666 6663
3 6700 6664 6697
3 6700 6667 6664
3 6701 6668 6665
3 6701 6665 6698
3 6702 6669 6666
3 6702 6666 6699
3 6702 6672 6669
3 6703 6670 6667
3 6703 6667 6700
3 6704 6671 6668
3 6704 6668 6701
3 6705 6672 6702
3 6706 6673 6670
3 6706 6670 6703
3 6707 6671 6704
3 6707 6674 6671
3 6708 6675 6672
3 6708 6680 6675
3 6708 6672 6705
3 6709 6678 6676
3 6709 6676 6673
3 6709 6673 6706
3 6710 6679 6674
3 6710 6674 6707
3 6711 6682 6680
3 6711 6680 6708
3 6712 6679 6710
3 6712 6681 6679
3 6713 6682 6711
3 6714 6683 6681
3 6714 6685 6683
3 6714 6681 6712
3 6715 6686 6684
3 6715 6682 6713
3 6715 6684 6682
3 6716 6685 6714
3 6717 6686 6715
3 6718 6685 6716
3 6718 6687 6685
3 6719 6686 6717
3 6719 6688 6686
3 6719 6691 6688
3 6720 152 154
3 6720 6692 6689
3 6720 6689 152
3 6721 6687 6718
3 6721 6690 6687
3 6722 6691 6719
3 6723 6692 6720
3 6724 6690 6721
3 6724 6693 6690
3 6725 6691 6722
3 6725 6694 6691
3 6725 6697 6694
3 6726 6698 6695
3 6726 6692 6723
3 6726 6695 6692
3 6727 6693 6724
3 6727 6696 6693
3 6728 6697 6725
3 6729 6701 6698
3 6729 6698 6726
3 6730 6696 6727
3 6730 6699 6696
3 6731 6697 6728
3 6731 6700 6697
3 6732 6701 6729
3 6732 6704 6701
3 6733 6702 6699
3 6733 6699 6730
3 6734 6706 6703
3 6734 6700 6731
3 6734 6703 6700
3 6735 6704 6732
3 6736 6705 6702
3 6736 6702 6733
3 6737 6706 6734
3 6737 6709 6706
3 6738 6704 6735
3 6738 6707 6704
3 6739 6708 6705
3 6739 6705 6736
3 6740 6678 6709
3 6740 6709 6737
3 6740 6741 6678
3 6742 6710 6707
3 6742 6707 6738
3 6743 6711 6708
3 6743 6708 6739
3 6744 6714 6712
3 6744 6712 6710
3 6744 6710 6742
3 6745 6713 6711
3 6745 6711 6743
3 6746 6714 6744
3 6747 6713 6745
3 6747 6715 6713
3 6748 6714 6746
3 6748 6716 6714
3 6749 6717 6715
3 6749 6715 6747
3 6750 6721 6718
3 6750 6718 6716
3 6750 6716 6748
3 6751 6719 6717
3 6751 6717 6749
3 6752 154 156
3 6752 6720 154
3 6753 6721 6750
3 6754 6722 6719
3 6754 6719 6751
3 6755 6720 6752
3 6755 6723 6720
3 6756 6724 6721
3 6756 6721 6753
3 6757 6722 6754
3 6757 6725 6722
3 6758 6726 6723
3 6758 6723 6755
3 6759 6727 6724
3 6759 6724 6756
3 6760 6725 6757
3 6760 6728 6725
3 6761 6729 6726
3 6761 6726 6758
3 6762 6727 6759
3 6762 6730 6727
3 6763 6728 6760
3 6763 6731 6728
3 6764 6732 6729
3 6764 6729 6761
3 6765 6733 6730
3 6765 6730 6762
3 6766 6731 6763
3 6766 6734 6731
3 6767 6732 6764
3 6767 6735 6732
3 6768 6736 6733
3 6768 6733 6765
3 6768 6739 6736
3 6769 6734 6766
3 6769 6737 6734
3 6770 6735 6767
3 6770 6738 6735
3 6771 6743 6739
3 6771 6739 6768
3 6772 6740 6737
3 6772 6741 6740
3 6772 6773 6741
3 6772 6737 6769
3 6774 6742 6738
3 6774 6738 6770
3 6775 6743 6771
3 6776 6744 6742
3 6776 6742 6774
3 6777 6745 6743
3 6777 6743 6775
3 6778 6746 6744
3 6778 6744 6776
3 6779 6745 6777
3 6779 6747 6745
3 6779 6749 6747
3 6780 6746 6778
3 6780 6748 6746
3 6781 6749 6779
3 6782 6750 6748
3 6782 6748 6780
3 6783 6749 6781
3 6783 6751 6749
3 6784 156 158
3 6784 6752 156
3 6785 6753 6750
3 6785 6756 6753
3 6785 6750 6782
3 6786 6751 6783
3 6786 6754 6751
3 6786 6757 6754
3 6787 6755 6752
3 6787 6752 6784
3 6788 6756 6785
3 6789 6757 6786
3 6790 6755 6787
3 6790 6758 6755
3 6791 6759 6756
3 6791 6762 6759
3 6791 6756 6788
3 6792 6757 6789
3 6792 6760 6757
3 6793 6758 6790
3 6793 6761 6758
3 6794 6762 6791
3 6795 6760 6792
3 6795 6763 6760
3 6795 6766 6763
3 6796 6761 6793
3 6796 6764 6761
3 6797 6762 6794
3 6797 6765 6762
3 6798 6766 6795
3 6799 6764 6796
3 6799 6767 6764
3 6800 6768 6765
3 6800 6765 6797
3 6801 6766 6798
3 6801 6769 6766
3 6802 6767 6799
3 6802 6770 6767
3 6803 6768 6800
3 6803 6771 6768
3 6804 6805 6773
3 6804 6769 6801
3 6804 6773 6772
3 6804 6772 6769
3 6806 6774 6770
3 6806 6770 6802
3 6807 6777 6775
3 6807 6771 6803
3 6807 6775 6771
3 6808 6776 6774
3 6808 6774 6806
3 6809 6777 6807
3 6810 6778 6776
3 6810 6776 6808
3 6811 6779 6777
3 6811 6777 6809
3 6812 6780 6778
3 6812 6778 6810
3 6813 6781 6779
3 6813 6779 6811
3 6814 6780 6812
3 6814 6782 6780
3 6815 6781 6813
3 6815 6783 6781
3 6816 158 160
3 6816 6784 158
3 6816 6787 6784
3 6817 6785 6782
3 6817 6782 6814
3 6818 6786 6783
3 6818 6783 6815
3 6819 6787 6816
3 6820 6788 6785
3 6820 6785 6817
3 6821 6786 6818
3 6821 6789 6786
3 6822 6793 6790
3 6822 6790 6787
3 6822 6787 6819
3 6823 6788 6820
3 6823 6791 6788
3 6824 6792 6789
3 6824 6789 6821
3 6825 6796 6793
3 6825 6793 6822
3 6826 6791 6823
3 6826 6794 6791
3 6827 6792 6824
3 6827 6795 6792
3 6828 6796 6825
3 6828 6799 6796
3 6829 6797 6794
3 6829 6794 6826
3 6830 6795 6827
3 6830 6798 6795
3 6830 6801 6798
3 6831 6799 6828
3 6832 6797 6829
3 6832 6800 6797
3 6833 6801 6830
3 6834 6799 6831
3 6834 6802 6799
3 6834 6806 6802
3 6835 6803 6800
3 6835 6800 6832
3 6836 6837 6805
3 6836 6801 6833
3 6836 6805 6804
3 6836 6804 6801
3 6838 6806 6834
3 6839 6803 6835
3 6839 6807 6803
3 6840 6806 6838
3 6840 6810 6808
3 6840 6808 6806
3 6841 6809 6807
3 6841 6807 6839
3 6842 6810 6840
3 6843 6811 6809
3 6843 6809 6841
3 6844 6812 6810
3 6844 6814 6812
3 6844 6810 6842
3 6845 6813 6811
3 6845 6811 6843
3 6846 6814 6844
3 6847 6815 6813
3 6847 6813 6845
3 6848 160 162
3 6848 6819 6816
3 6848 6816 160
3 6849 6814 6846
3 6849 6817 6814
3 6849 6820 6817
3 6850 6815 6847
3 6850 6818 6815
3 6851 6819 6848
3 6852 6820 6849
3 6853 6818 6850
3 6853 6821 6818
3 6854 6825 6822
3 6854 6819 6851
3 6854 6822 6819
3 6855 6820 6852
3 6855 6823 6820
3 6855 6826 6823
3 6856 6824 6821
3 6856 6821 6853
3 6857 6825 6854
3 6858 6829 6826
3 6858 6826 6855
3 6859 6824 6856
3 6859 6827 6824
3 6860 6825 6857
3 6860 6828 6825
3 6860 6831 6828
3 6861 6829 6858
3 6862 6827 6859
3 6862 6830 6827
3 6863 6831 6860
3 6864 6832 6829
3 6864 6829 6861
3 6864 6835 6832
3 6865 6830 6862
3 6865 6833 6830
3 6866 6831 6863
3 6866 6834 6831
3 6867 6835 6864
3 6867 6839 6835
3 6868 6833 6865
3 6868 6869 6837
3 6868 6837 6836
3 6868 6836 6833
3 6870 6838 6834
3 6870 6834 6866
3 6871 6839 6867
3 6872 6838 6870
3 6872 6840 6838
3 6873 6839 6871
3 6873 6841 6839
3 6874 6842 6840
3 6874 6840 6872
3 6875 6841 6873
3 6875 6843 6841
3 6876 6844 6842
3 6876 6842 6874
3 6877 6847 6845
3 6877 6843 6875
3 6877 6845 6843
3 6878 6846 6844
3 6878 6844 6876
3 6879 6847 6877
3 6880 162 164
3 6880 6848 162
3 6881 6846 6878
3 6881 6849 6846
3 6882 6850 6847
3 6882 6847 6879
3 6883 6851 6848
3 6883 6848 6880
3 6884 6852 6849
3 6884 6849 6881
3 6885 6853 6850
3 6885 6856 6853
3 6885 6850 6882
3 6886 6851 6883
3 6886 6854 6851
3 6887 6852 6884
3 6887 6855 6852
3 6888 6856 6885
3 6889 6857 6854
3 6889 6854 6886
3 6890 6855 6887
3 6890 6858 6855
3 6891 6856 6888
3 6891 6859 6856
3 6892 6857 6889
3 6892 6860 6857
3 6893 6861 6858
3 6893 6858 6890
3 6894 6859 6891
3 6894 6862 6859
3 6894 6865 6862
3 6895 6860 6892
3 6895 6863 6860
3 6896 6864 6861
3 6896 6861 6893
3 6897 6865 6894
3 6897 6868 6865
3 6898 6863 6895
3 6898 6866 6863
3 6899 6867 6864
3 6899 6864 6896
3 6900 6868 6897
3 6900 6901 6869
3 6900 6869 6868
3 6902 6866 6898
3 6902 6870 6866
3 6903 6871 6867
3 6903 6867 6899
3 6904 6870 6902
3 6904 6872 6870
3 6905 6873 6871
3 6905 6871 6903
3 6906 6872 6904
3 6906 6874 6872
3 6907 6873 6905
3 6907 6875 6873
3 6908 6874 6906
3 6908 6876 6874
3 6909 6875 6907
3 6909 6877 6875
3 6910 6878 6876
3 6910 6876 6908
3 6911 6879 6877
3 6911 6877 6909
3 6912 164 166
3 6912 6880 164
3 6913 6881 6878
3 6913 6884 6881
3 6913 6878 6910
3 6914 6879 6911
3 6914 6882 6879
3 6915 6880 6912
3 6915 6883 6880
3 6916 6884 6913
3 6917 6885 6882
3 6917 6882 6914
3 6918 6883 6915
3 6918 6886 6883
3 6919 6887 6884
3 6919 6890 6887
3 6919 6884 6916
3 6920 6885 6917
3 6920 6888 6885
3 6921 6886 6918
3 6921 6892 6889
3 6921 6889 6886
3 6922 6890 6919
3 6923 6888 6920
3 6923 6891 6888
3 6924 6892 6921
3 6925 6893 6890
3 6925 6890 6922
3 6926 6894 6891
3 6926 6891 6923
3 6927 6895 6892
3 6927 6892 6924
3 6928 6893 6925
3 6928 6896 6893
3 6929 6894 6926
3 6929 6897 6894
3 6930 6898 6895
3 6930 6895 6927
3 6931 6896 6928
3 6931 6899 6896
3 6932 6897 6929
3 6932 6900 6897
3 6932 6901 6900
3 6932 6933 6901
3 6932 6934 6933
3 6935 6898 6930
3 6935 6902 6898
3 6936 6899 6931
3 6936 6903 6899
3 6937 6902 6935
3 6937 6904 6902
3 6937 6906 6904
3 6938 6903 6936
3 6938 6905 6903
3 6939 6906 6937
3 6940 6905 6938
3 6940 6907 6905
3 6941 6906 6939
3 6941 6908 6906
3 6941 6910 6908
3 6942 6907 6940
3 6942 6909 6907
3 6943 6910 6941
3 6944 6909 6942
3 6944 6911 6909
3 6945 6912 166
3 6945 166 168
3 6945 6915 6912
3 6946 6913 6910
3 6946 6910 6943
3 6947 6911 6944
3 6947 6914 6911
3 6948 6915 6945
3 6949 6913 6946
3 6949 6916 6913
3 6950 6917 6914
3 6950 6920 6917
3 6950 6914 6947
3 6951 6921 6918
3 6951 6918 6915
3 6951 6915 6948
3 6952 6919 6916
3 6952 6916 6949
3 6953 6920 6950
3 6954 6921 6951
3 6955 6922 6919
3 6955 6919 6952
3 6955 6925 6922
3 6956 6923 6920
3 6956 6920 6953
3 6957 6921 6954
3 6957 6924 6921
3 6957 6927 6924
3 6958 6925 6955
3 6959 6923 6956
3 6959 6926 6923
3 6959 6929 6926
3 6960 6927 6957
3 6961 6925 6958
3 6961 6928 6925
3 6961 6931 6928
3 6962 6929 6959
3 6963 6927 6960
3 6963 6930 6927
3 6964 6936 6931
3 6964 6931 6961
3 6965 6929 6962
3 6965 6934 6932
3 6965 6932 6929
3 6966 6930 6963
3 6966 6935 6930
3 6967 6936 6964
3 6968 6937 6935
3 6968 6935 6966
3 6969 6936 6967
3 6969 6938 6936
3 6970 6937 6968
3 6970 6939 6937
3 6971 6940 6938
3 6971 6938 6969
3 6972 6939 6970
3 6972 6941 6939
3 6973 6940 6971
3 6973 6942 6940
3 6974 6941 6972
3 6974 6943 6941
3 6975 6944 6942
3 6975 6942 6973
3 6975 6947 6944
3 6976 168 170
3 6976 6945 168
3 6977 6943 6974
3 6977 6946 6943
3 6978 6947 6975
3 6979 6945 6976
3 6979 6948 6945
3 6980 6949 6946
3 6980 6946 6977
3 6981 6950 6947
3 6981 6947 6978
3 6982 6951 6948
3 6982 6948 6979
3 6982 6954 6951
3 6983 6952 6949
3 6983 6949 6980
3 6984 6953 6950
3 6984 6950 6981
3 6985 6954 6982
3 6986 6955 6952
3 6986 6952 6983
3 6987 6956 6953
3 6987 6953 6984
3 6988 6954 6985
3 6988 6957 6954
3 6989 6958 6955
3 6989 6955 6986
3 6990 6956 6987
3 6990 6959 6956
3 6991 6960 6957
3 6991 6957 6988
3 6992 6958 6989
3 6992 6961 6958
3 6993 6962 6959
3 6993 6959 6990
3 6993 6965 6962
3 6994 6960 6991
3 6994 6963 6960
3 6995 6964 6961
3 6995 6961 6992
3 6996 6965 6993
3 6996 6934 6965
3 6996 6997 6934
3 6998 6966 6963
3 6998 6963 6994
3 6999 6964 6995
3 6999 6967 6964
3 7000 6968 6966
3 7000 6970 6968
3 7000 6966 6998
3 7001 6969 6967
3 7001 6967 6999
3 7002 6970 7000
3 7003 6969 7001
3 7003 6971 6969
3 7004 6970 7002
3 7004 6972 6970
3 7005 6973 6971
3 7005 6971 7003
3 7006 6972 7004
3 7006 6974 6972
3 7007 6973 7005
3 7007 6975 6973
3 7008 6976 170
3 7008 170 172
3 7009 6977 6974
3 7009 6974 7006
3 7009 6980 6977
3 7010 6975 7007
3 7010 6978 6975
3 7011 6979 6976
3 7011 6976 7008
3 7012 6980 7009
3 7013 6984 6981
3 7013 6978 7010
3 7013 6981 6978
3 7014 6982 6979
3 7014 6979 7011
3 7015 6983 6980
3 7015 6980 7012
3 7016 6984 7013
3 7017 6985 6982
3 7017 6982 7014
3 7018 6989 6986
3 7018 6986 6983
3 7018 6983 7015
3 7019 6987 6984
3 7019 6984 7016
3 7020 6988 6985
3 7020 6985 7017
3 7021 6989 7018
3 7022 6987 7019
3 7022 6990 6987
3 7022 6993 6990
3 7023 6988 7020
3 7023 6991 6988
3 7024 6989 7021
3 7024 6995 6992
3 7024 6992 6989
3 7025 6993 7022
3 7026 6991 7023
3 7026 6994 6991
3 7027 6995 7024
3 7027 6999 6995
3 7028 6993 7025
3 7028 6996 6993
3 7028 6997 6996
3 7028 7029 6997
3 7030 6998 6994
3 7030 6994 7026
3 7031 6999 7027
3 7032 6998 7030
3 7032 7000 6998
3 7033 6999 7031
3 7033 7001 6999
3 7034 7002 7000
3 7034 7000 7032
3 7035 7003 7001
3 7035 7005 7003
3 7035 7001 7033
3 7036 7002 7034
3 7036 7004 7002
3 7037 7005 7035
3 7038 7006 7004
3 7038 7004 7036
3 7039 7007 7005
3 7039 7005 7037
3 7040 172 174
3 7040 7008 172
3 7040 7011 7008
3 7041 7006 7038
3 7041 7009 7006
3 7042 7010 7007
3 7042 7007 7039
3 7043 7011 7040
3 7044 7012 7009
3 7044 7009 7041
3 7045 7010 7042
3 7045 7013 7010
3 7045 7016 7013
3 7046 7014 7011
3 7046 7011 7043
3 7047 7012 7044
3 7047 7015 7012
3 7048 7016 7045
3 7049 7020 7017
3 7049 7017 7014
3 7049 7014 7046
3 7050 7018 7015
3 7050 7015 7047
3 7051 7019 7016
3 7051 7016 7048
3 7052 7020 7049
3 7052 7023 7020
3 7053 7021 7018
3 7053 7018 7050
3 7054 7022 7019
3 7054 7019 7051
3 7054 7025 7022
3 7055 7023 7052
3 7056 7021 7053
3 7056 7024 7021
3 7057 7025 7054
3 7058 7023 7055
3 7058 7026 7023
3 7059 7024 7056
3 7059 7027 7024
3 7060 7025 7057
3 7060 7028 7025
3 7060 7029 7028
3 7060 7061 7029
3 7062 7030 7026
3 7062 7026 7058
3 7063 7027 7059
3 7063 7031 7027
3 7064 7030 7062
3 7064 7034 7032
3 7064 7032 7030
3 7065 7031 7063
3 7065 7033 7031
3 7066 7034 7064
3 7067 7035 7033
3 7067 7033 7065
3 7068 7034 7066
3 7068 7036 7034
3 7069 7035 7067
3 7069 7037 7035
3 7070 7038 7036
3 7070 7036 7068
3 7071 7039 7037
3 7071 7037 7069
3 7072 174 176
3 7072 7040 174
3 7072 7043 7040
3 7073 7044 7041
3 7073 7038 7070
3 7073 7041 7038
3 7074 7039 7071
3 7074 7042 7039
3 7075 7043 7072
3 7076 7044 7073
3 7077 7045 7042
3 7077 7042 7074
3 7078 7049 7046
3 7078 7043 7075
3 7078 7046 7043
3 7079 7044 7076
3 7079 7047 7044
3 7079 7050 7047
3 7080 7045 7077
3 7080 7048 7045
3 7081 7049 7078
3 7082 7053 7050
3 7082 7050 7079
3 7083 7051 7048
3 7083 7048 7080
3 7084 7052 7049
3 7084 7055 7052
3 7084 7049 7081
3 7085 7053 7082
3 7086 7051 7083
3 7086 7054 7051
3 7087 7055 7084
3 7088 7056 7053
3 7088 7059 7056
3 7088 7053 7085
3 7089 7057 7054
3 7089 7054 7086
3 7090 7058 7055
3 7090 7055 7087
3 7091 7063 7059
3 7091 7059 7088
3 7092 7060 7057
3 7092 7061 7060
3 7092 7093 7061
3 7092 7057 7089
3 7094 7058 7090
3 7094 7062 7058
3 7095 7063 7091
3 7096 7062 7094
3 7096 7064 7062
3 7097 7063 7095
3 7097 7065 7063
3 7098 7064 7096
3 7098 7066 7064
3 7099 7069 7067
3 7099 7065 7097
3 7099 7067 7065
3 7100 7068 7066
3 7100 7066 7098
3 7101 7069 7099
3 7102 7068 7100
3 7102 7070 7068
3 7103 7069 7101
3 7103 7071 7069
3 7104 176 178
3 7104 7072 176
3 7105 7073 7070
3 7105 7070 7102
3 7106 7071 7103
3 7106 7074 7071
3 7107 7072 7104
3 7107 7075 7072
3 7108 7073 7105
3 7108 7076 7073
3 7109 7077 7074
3 7109 7080 7077
3 7109 7074 7106
3 7110 7075 7107
3 7110 7078 7075
3 7111 7079 7076
3 7111 7076 7108
3 7112 7080 7109
3 7113 7078 7110
3 7113 7081 7078
3 7114 7082 7079
3 7114 7079 7111
3 7115 7080 7112
3 7115 7083 7080
3 7116 7081 7113
3 7116 7084 7081
3 7117 7085 7082
3 7117 7082 7114
3 7118 7089 7086
3 7118 7086 7083
3 7118 7083 7115
3 7119 7087 7084
3 7119 7084 7116
3 7120 7085 7117
3 7120 7088 7085
3 7121 7092 7089
3 7121 7089 7118
3 7122 7087 7119
3 7122 7090 7087
3 7123 7091 7088
3 7123 7088 7120
3 7124 7093 7092
3 7124 7125 7093
3 7124 7126 7125
3 7124 7092 7121
3 7127 7094 7090
3 7127 7090 7122
3 7128 7095 7091
3 7128 7091 7123
3 7129 7094 7127
3 7129 7096 7094
3 7130 7095 7128
3 7130 7097 7095
3 7131 7096 7129
3 7131 7098 7096
3 7132 7097 7130
3 7132 7099 7097
3 7133 7098 7131
3 7133 7100 7098
3 7134 7101 7099
3 7134 7099 7132
3 7135 7100 7133
3 7135 7102 7100
3 7136 7101 7134
3 7136 7103 7101
3 7137 7104 178
3 7137 178 180
3 7138 7102 7135
3 7138 7108 7105
3 7138 7105 7102
3 7139 7103 7136
3 7139 7106 7103
3 7140 7107 7104
3 7140 7104 7137
3 7141 7108 7138
3 7142 7109 7106
3 7142 7106 7139
3 7143 7110 7107
3 7143 7107 7140
3 7143 7113 7110
3 7144 7108 7141
3 7144 7111 7108
3 7145 7109 7142
3 7145 7112 7109
3 7146 7113 7143
3 7147 7114 7111
3 7147 7111 7144
3 7148 7115 7112
3 7148 7112 7145
3 7149 7113 7146
3 7149 7116 7113
3 7150 7114 7147
3 7150 7117 7114
3 7151 7115 7148
3 7151 7118 7115
3 7152 7116 7149
3 7152 7119 7116
3 7153 7117 7150
3 7153 7120 7117
3 7154 7121 7118
3 7154 7118 7151
3 7155 7122 7119
3 7155 7119 7152
3 7156 7120 7153
3 7156 7123 7120
3 7157 7126 7124
3 7157 7121 7154
3 7157 7124 7121
3 7158 7129 7127
3 7158 7127 7122
3 7158 7122 7155
3 7159 7128 7123
3 7159 7123 7156
3 7160 7131 7129
3 7160 7129 7158
3 7161 7130 7128
3 7161 7128 7159
3 7162 7131 7160
3 7163 7130 7161
3 7163 7132 7130
3 7164 7133 7131
3 7164 7131 7162
3 7165 7134 7132
3 7165 7132 7163
3 7166 7135 7133
3 7166 7133 7164
3 7167 7134 7165
3 7167 7136 7134
3 7168 180 182
3 7168 7137 180
3 7168 7140 7137
3 7169 7138 7135
3 7169 7135 7166
3 7170 7136 7167
3 7170 7139 7136
3 7171 7140 7168
3 7172 7141 7138
3 7172 7138 7169
3 7172 7144 7141
3 7173 7142 7139
3 7173 7145 7142
3 7173 7139 7170
3 7174 7140 7171
3 7174 7143 7140
3 7174 7146 7143
3 7175 7144 7172
3 7176 7145 7173
3 7177 7146 7174
3 7178 7147 7144
3 7178 7150 7147
3 7178 7144 7175
3 7179 7148 7145
3 7179 7145 7176
3 7180 7146 7177
3 7180 7149 7146
3 7180 7152 7149
3 7181 7150 7178
3 7182 7148 7179
3 7182 7151 7148
3 7182 7154 7151
3 7183 7152 7180
3 7184 7150 7181
3 7184 7153 7150
3 7184 7156 7153
3 7185 7154 7182
3 7186 7155 7152
3 7186 7152 7183
3 7187 7159 7156
3 7187 7156 7184
3 7188 7157 7154
3 7188 7126 7157
3 7188 7189 7126
3 7188 7154 7185
3 7190 7155 7186
3 7190 7158 7155
3 7191 7159 7187
3 7192 7160 7158
3 7192 7158 7190
3 7193 7159 7191
3 7193 7161 7159
3 7194 7160 7192
3 7194 7162 7160
3 7195 7165 7163
3 7195 7161 7193
3 7195 7163 7161
3 7196 7164 7162
3 7196 7162 7194
3 7197 7165 7195
3 7198 7166 7164
3 7198 7164 7196
3 7199 7170 7167
3 7199 7167 7165
3 7199 7165 7197
3 7200 7168 182
3 7200 182 184
3 7200 7171 7168
3 7201 7169 7166
3 7201 7166 7198
3 7202 7170 7199
3 7203 7171 7200
3 7204 7169 7201
3 7204 7172 7169
3 7205 7170 7202
3 7205 7173 7170
3 7206 7174 7171
3 7206 7171 7203
3 7206 7177 7174
3 7207 7172 7204
3 7207 7175 7172
3 7208 7173 7205
3 7208 7176 7173
3 7209 7177 7206
3 7209 7180 7177
3 7210 7178 7175
3 7210 7175 7207
3 7211 7176 7208
3 7211 7179 7176
3 7211 7182 7179
3 7212 7180 7209
3 7213 7178 7210
3 7213 7181 7178
3 7214 7182 7211
3 7215 7180 7212
3 7215 7183 7180
3 7216 7184 7181
3 7216 7181 7213
3 7217 7185 7182
3 7217 7182 7214
3 7217 7188 7185
3 7218 7186 7183
3 7218 7183 7215
3 7218 7190 7186
3 7219 7184 7216
3 7219 7187 7184
3 7220 7221 7189
3 7220 7188 7217
3 7220 7189 7188
3 7222 7190 7218
3 7223 7191 7187
3 7223 7187 7219
3 7224 7194 7192
3 7224 7192 7190
3 7224 7190 7222
3 7225 7193 7191
3 7225 7191 7223
3 7226 7194 7224
3 7227 7195 7193
3 7227 7193 7225
3 7228 7198 7196
3 7228 7196 7194
3 7228 7194 7226
3 7229 7197 7195
3 7229 7195 7227
3 7230 7198 7228
3 7231 7199 7197
3 7231 7197 7229
3 7232 184 186
3 7232 7200 184
3 7233 7198 7230
3 7233 7204 7201
3 7233 7201 7198
3 7234 7199 7231
3 7234 7202 7199
3 7235 7203 7200
3 7235 7200 7232
3 7236 7204 7233
3 7237 7205 7202
3 7237 7208 7205
3 7237 7202 7234
3 7238 7206 7203
3 7238 7203 7235
3 7239 7204 7236
3 7239 7207 7204
3 7240 7208 7237
3 7241 7209 7206
3 7241 7206 7238
3 7242 7207 7239
3 7242 7213 7210
3 7242 7210 7207
3 7243 7208 7240
3 7243 7211 7208
3 7244 7209 7241
3 7244 7212 7209
3 7245 7213 7242
3 7246 7211 7243
3 7246 7214 7211
3 7246 7217 7214
3 7247 7212 7244
3 7247 7215 7212
3 7248 7213 7245
3 7248 7219 7216
3 7248 7216 7213
3 7249 7217 7246
3 7250 7215 7247
3 7250 7218 7215
3 7251 7219 7248
3 7251 7223 7219
3 7252 7220 7217
3 7252 7217 7249
3 7252 7253 7221
3 7252 7221 7220
3 7254 7224 7222
3 7254 7218 7250
3 7254 7222 7218
3 7255 7223 7251
3 7256 7224 7254
3 7256 7226 7224
3 7257 7227 7225
3 7257 7223 7255
3 7257 7225 7223
3 7258 7226 7256
3 7259 7227 7257
3 7260 7226 7258
3 7260 7228 7226
3 7261 7229 7227
3 7261 7231 7229
3 7261 7227 7259
3 7262 7228 7260
3 7262 7230 7228
3 7263 7231 7261
3 7264 186 188
3 7264 7232 186
3 7265 7233 7230
3 7265 7230 7262
3 7266 7234 7231
3 7266 7231 7263
3 7267 7235 7232
3 7267 7232 7264
3 7268 7233 7265
3 7268 7236 7233
3 7269 7234 7266
3 7269 7237 7234
3 7269 7240 7237
3 7270 7235 7267
3 7270 7238 7235
3 7271 7236 7268
3 7271 7239 7236
3 7272 7240 7269
3 7273 7238 7270
3 7273 7241 7238
3 7274 7245 7242
3 7274 7242 7239
3 7274 7239 7271
3 7275 7243 7240
3 7275 7246 7243
3 7275 7240 7272
3 7276 7244 7241
3 7276 7241 7273
3 7277 7245 7274
3 7278 7246 7275
3 7279 7244 7276
3 7279 7247 7244
3 7280 7245 7277
3 7280 7248 7245
3 7280 7251 7248
3 7281 7246 7278
3 7281 7249 7246
3 7281 7252 7249
3 7282 7247 7279
3 7282 7250 7247
3 7283 7255 7251
3 7283 7251 7280
3 7284 7252 7281
3 7284 7253 7252
3 7284 7285 7253
3 7286 7250 7282
3 7286 7254 7250
3 7287 7255 7283
3 7288 7254 7286
3 7288 7256 7254
3 7289 7257 7255
3 7289 7255 7287
3 7290 7258 7256
3 7290 7256 7288
3 7291 7257 7289
3 7291 7261 7259
3 7291 7259 7257
3 7292 7258 7290
3 7292 7260 7258
3 7293 7261 7291
3 7294 7262 7260
3 7294 7260 7292
3 7295 7263 7261
3 7295 7266 7263
3 7295 7261 7293
3 7296 7267 7264
3 7296 7264 188
3 7296 188 191
3 7297 7268 7265
3 7297 7265 7262
3 7297 7262 7294
3 7298 7266 7295
3 7299 7267 7296
3 7300 7268 7297
3 7301 7269 7266
3 7301 7266 7298
3 7302 7267 7299
3 7302 7270 7267
3 7302 7273 7270
3 7303 7268 7300
3 7303 7271 7268
3 7304 7269 7301
3 7304 7272 7269
3 7305 7273 7302
3 7306 7274 7271
3 7306 7271 7303
3 7307 7272 7304
3 7307 7275 7272
3 7307 7278 7275
3 7308 7276 7273
3 7308 7273 7305
3 7309 7277 7274
3 7309 7274 7306
3 7310 7281 7278
3 7310 7278 7307
3 7311 7276 7308
3 7311 7279 7276
3 7311 7282 7279
3 7312 7280 7277
3 7312 7277 7309
3 7313 7281 7310
3 7313 7284 7281
3 7314 7282 7311
3 7315 7280 7312
3 7315 7283 7280
3 7316 7284 7313
3 7316 7285 7284
3 7316 7317 7285
3 7318 7286 7282
3 7318 7282 7314
3 7319 7283 7315
3 7319 7287 7283
3 7320 7288 7286
3 7320 7286 7318
3 7321 7287 7319
3 7321 7289 7287
3 7322 7288 7320
3 7322 7290 7288
3 7323 7291 7289
3 7323 7289 7321
3 7324 7292 7290
3 7324 7290 7322
3 7325 7291 7323
3 7325 7293 7291
3 7326 7294 7292
3 7326 7292 7324
3 7327 7295 7293
3 7327 7293 7325
3 7328 191 192
3 7328 7296 191
3 7329 7294 7326
3 7329 7297 7294
3 7330 7295 7327
3 7330 7298 7295
3 7331 7299 7296
3 7331 7296 7328
3 7332 7297 7329
3 7332 7300 7297
3 7333 7301 7298
3 7333 7298 7330
3 7334 7302 7299
3 7334 7299 7331
3 7335 7303 7300
3 7335 7300 7332
3 7336 7304 7301
3 7336 7301 7333
3 7337 7305 7302
3 7337 7308 7305
3 7337 7302 7334
3 7338 7306 7303
3 7338 7303 7335
3 7339 7304 7336
3 7339 7307 7304
3 7340 7308 7337
3 7341 7309 7306
3 7341 7306 7338
3 7342 7307 7339
3 7342 7310 7307
3 7343 7311 7308
3 7343 7308 7340
3 7344 7312 7309
3 7344 7309 7341
3 7345 7310 7342
3 7345 7313 7310
3 7346 7314 7311
3 7346 7311 7343
3 7347 7315 7312
3 7347 7312 7344
3 7348 7313 7345
3 7348 7316 7313
3 7348 7317 7316
3 7348 7349 7317
3 7350 7314 7346
3 7350 7318 7314
3 7351 7319 7315
3 7351 7315 7347
3 7352 7320 7318
3 7352 7318 7350
3 7352 7322 7320
3 7353 7321 7319
3 7353 7319 7351
3 7354 7322 7352
3 7355 7323 7321
3 7355 7321 7353
3 7356 7326 7324
3 7356 7322 7354
3 7356 7324 7322
3 7357 7325 7323
3 7357 7323 7355
3 7358 7326 7356
3 7359 7325 7357
3 7359 7327 7325
3 7360 192 194
3 7360 7328 192
3 7361 7329 7326
3 7361 7326 7358
3 7361 7332 7329
3 7362 7330 7327
3 7362 7327 7359
3 7363 7328 7360
3 7363 7331 7328
3 7364 7332 7361
3 7365 7336 7333
3 7365 7333 7330
3 7365 7330 7362
3 7366 7334 7331
3 7366 7331 7363
3 7367 7335 7332
3 7367 7332 7364
3 7368 7336 7365
3 7369 7334 7366
3 7369 7337 7334
3 7370 7341 7338
3 7370 7338 7335
3 7370 7335 7367
3 7371 7339 7336
3 7371 7336 7368
3 7372 7337 7369
3 7372 7340 7337
3 7373 7341 7370
3 7374 7339 7371
3 7374 7342 7339
3 7374 7345 7342
3 7375 7343 7340
3 7375 7340 7372
3 7376 7341 7373
3 7376 7344 7341
3 7376 7347 7344
3 7377 7345 7374
3 7378 7343 7375
3 7378 7346 7343
3 7379 7351 7347
3 7379 7347 7376
3 7380 7345 7377
3 7380 7348 7345
3 7380 7349 7348
3 7380 7381 7349
3 7382 7346 7378
3 7382 7350 7346
3 7383 7351 7379
3 7384 7352 7350
3 7384 7350 7382
3 7385 7351 7383
3 7385 7353 7351
3 7385 7355 7353
3 7386 7354 7352
3 7386 7352 7384
3 7387 7355 7385
3 7388 7354 7386
3 7388 7356 7354
3 7389 7355 7387
3 7389 7357 7355
3 7389 7359 7357
3 7390 7358 7356
3 7390 7356 7388
3 7391 7359 7389
3 7392 7360 194
3 7392 194 196
3 7392 7363 7360
3 7393 7361 7358
3 7393 7358 7390
3 7394 7359 7391
3 7394 7362 7359
3 7395 7363 7392
3 7396 7364 7361
3 7396 7361 7393
3 7397 7365 7362
3 7397 7362 7394
3 7398 7366 7363
3 7398 7363 7395
3 7399 7364 7396
3 7399 7367 7364
3 7400 7368 7365
3 7400 7365 7397
3 7401 7366 7398
3 7401 7369 7366
3 7402 7367 7399
3 7402 7370 7367
3 7403 7371 7368
3 7403 7374 7371
3 7403 7368 7400
3 7404 7372 7369
3 7404 7369 7401
3 7405 7370 7402
3 7405 7373 7370
3 7406 7374 7403
3 7407 7375 7372
3 7407 7372 7404
3 7408 7373 7405
3 7408 7376 7373
3 7409 7374 7406
3 7409 7377 7374
3 7409 7380 7377
3 7410 7375 7407
3 7410 7378 7375
3 7411 7376 7408
3 7411 7379 7376
3 7412 7380 7409
3 7412 7381 7380
3 7412 7413 7381
3 7414 7382 7378
3 7414 7384 7382
3 7414 7378 7410
3 7415 7383 7379
3 7415 7379 7411
3 7416 7384 7414
3 7417 7383 7415
3 7417 7385 7383
3 7418 7384 7416
3 7418 7386 7384
3 7419 7387 7385
3 7419 7385 7417
3 7420 7386 7418
3 7420 7388 7386
3 7421 7387 7419
3 7421 7389 7387
3 7422 7388 7420
3 7422 7390 7388
3 7423 7389 7421
3 7423 7391 7389
3 7424 7392 196
3 7424 196 198
3 7425 7393 7390
3 7425 7390 7422
3 7426 7391 7423
3 7426 7394 7391
3 7427 7392 7424
3 7427 7395 7392
3 7428 7393 7425
3 7428 7396 7393
3 7429 7400 7397
3 7429 7394 7426
3 7429 7397 7394
3 7430 7401 7398
3 7430 7395 7427
3 7430 7398 7395
3 7431 7396 7428
3 7431 7399 7396
3 7432 7400 7429
3 7433 7401 7430
3 7434 7402 7399
3 7434 7399 7431
3 7435 7403 7400
3 7435 7400 7432
3 7436 7404 7401
3 7436 7407 7404
3 7436 7401 7433
3 7437 7405 7402
3 7437 7402 7434
3 7438 7406 7403
3 7438 7403 7435
3 7439 7407 7436
3 7440 7405 7437
3 7440 7408 7405
3 7441 7409 7406
3 7441 7406 7438
3 7442 7407 7439
3 7442 7410 7407
3 7443 7411 7408
3 7443 7408 7440
3 7444 7409 7441
3 7444 7413 7412
3 7444 7412 7409
3 7444 7445 7413
3 7444 7446 7445
3 7447 7410 7442
3 7447 7416 7414
3 7447 7414 7410
3 7448 7411 7443
3 7448 7415 7411
3 7449 7418 7416
3 7449 7416 7447
3 7450 7415 7448
3 7450 7417 7415
3 7451 7418 7449
3 7452 7417 7450
3 7452 7419 7417
3 7453 7420 7418
3 7453 7418 7451
3 7454 7421 7419
3 7454 7419 7452
3 7455 7422 7420
3 7455 7420 7453
3 7456 7423 7421
3 7456 7421 7454
3 7457 198 200
3 7457 7424 198
3 7458 7422 7455
3 7458 7428 7425
3 7458 7425 7422
3 7459 7423 7456
3 7459 7426 7423
3 7460 7427 7424
3 7460 7424 7457
3 7461 7428 7458
3 7461 7431 7428
3 7462 7426 7459
3 7462 7429 7426
3 7463 7427 7460
3 7463 7430 7427
3 7464 7431 7461
3 7465 7429 7462
3 7465 7432 7429
3 7466 7430 7463
3 7466 7433 7430
3 7467 7434 7431
3 7467 7437 7434
3 7467 7431 7464
3 7468 7435 7432
3 7468 7432 7465
3 7469 7436 7433
3 7469 7433 7466
3 7470 7437 7467
3 7471 7438 7435
3 7471 7435 7468
3 7472 7439 7436
3 7472 7436 7469
3 7473 7440 7437
3 7473 7443 7440
3 7473 7437 7470
3 7474 7441 7438
3 7474 7438 7471
3 7475 7442 7439
3 7475 7439 7472
3 7476 7443 7473
3 7476 7448 7443
3 7477 7441 7474
3 7477 7444 7441
3 7477 7446 7444
3 7478 7447 7442
3 7478 7442 7475
3 7479 7448 7476
3 7480 7449 7447
3 7480 7447 7478
3 7481 7448 7479
3 7481 7450 7448
3 7482 7451 7449
3 7482 7449 7480
3 7483 7450 7481
3 7483 7452 7450
3 7483 7454 7452
3 7484 7453 7451
3 7484 7451 7482
3 7485 7454 7483
3 7486 7453 7484
3 7486 7455 7453
3 7487 7454 7485
3 7487 7459 7456
3 7487 7456 7454
3 7488 200 202
3 7488 7457 200
3 7489 7455 7486
3 7489 7458 7455
3 7490 7459 7487
3 7491 7457 7488
3 7491 7460 7457
3 7492 7458 7489
3 7492 7461 7458
3 7493 7459 7490
3 7493 7462 7459
3 7493 7465 7462
3 7494 7460 7491
3 7494 7463 7460
3 7495 7464 7461
3 7495 7461 7492
3 7496 7465 7493
3 7497 7463 7494
3 7497 7466 7463
3 7498 7464 7495
3 7498 7467 7464
3 7499 7465 7496
3 7499 7468 7465
3 7500 7466 7497
3 7500 7469 7466
3 7501 7470 7467
3 7501 7467 7498
3 7502 7474 7471
3 7502 7471 7468
3 7502 7468 7499
3 7503 7472 7469
3 7503 7469 7500
3 7504 7473 7470
3 7504 7470 7501
3 7505 7474 7502
3 7506 7475 7472
3 7506 7472 7503
3 7507 7476 7473
3 7507 7473 7504
3 7508 7446 7477
3 7508 7477 7474
3 7508 7474 7505
3 7508 7509 7446
3 7510 7478 7475
3 7510 7475 7506
3 7511 7479 7476
3 7511 7476 7507
3 7512 7478 7510
3 7512 7480 7478
3 7513 7481 7479
3 7513 7479 7511
3 7514 7482 7480
3 7514 7480 7512
3 7515 7481 7513
3 7515 7483 7481
3 7516 7484 7482
3 7516 7482 7514
3 7517 7483 7515
3 7517 7485 7483
3 7518 7484 7516
3 7518 7486 7484
3 7519 7485 7517
3 7519 7487 7485
3 7520 7491 7488
3 7520 202 204
3 7520 7488 202
3 7521 7486 7518
3 7521 7492 7489
3 7521 7489 7486
3 7522 7487 7519
3 7522 7490 7487
3 7523 7491 7520
3 7524 7492 7521
3 7525 7490 7522
3 7525 7493 7490
3 7526 7491 7523
3 7526 7494 7491
3 7527 7492 7524
3 7527 7495 7492
3 7528 7496 7493
3 7528 7493 7525
3 7529 7494 7526
3 7529 7500 7497
3 7529 7497 7494
3 7530 7495 7527
3 7530 7498 7495
3 7531 7496 7528
3 7531 7499 7496
3 7532 7500 7529
3 7533 7498 7530
3 7533 7501 7498
3 7534 7499 7531
3 7534 7502 7499
3 7535 7500 7532
3 7535 7503 7500
3 7536 7504 7501
3 7536 7501 7533
3 7537 7505 7502
3 7537 7502 7534
3 7538 7503 7535
3 7538 7506 7503
3 7539 7507 7504
3 7539 7504 7536
3 7540 7508 7505
3 7540 7509 7508
3 7540 7505 7537
3 7540 7541 7509
3 7542 7510 7506
3 7542 7506 7538
3 7543 7511 7507
3 7543 7507 7539
3 7544 7514 7512
3 7544 7512 7510
3 7544 7510 7542
3 7545 7513 7511
3 7545 7511 7543
3 7546 7514 7544
3 7547 7513 7545
3 7547 7515 7513
3 7548 7518 7516
3 7548 7514 7546
3 7548 7516 7514
3 7549 7515 7547
3 7549 7517 7515
3 7550 7518 7548
3 7551 7517 7549
3 7551 7519 7517
3 7552 204 206
3 7552 7520 204
3 7553 7518 7550
3 7553 7521 7518
3 7554 7519 7551
3 7554 7522 7519
3 7555 7523 7520
3 7555 7520 7552
3 7556 7521 7553
3 7556 7524 7521
3 7557 7525 7522
3 7557 7528 7525
3 7557 7522 7554
3 7558 7523 7555
3 7558 7526 7523
3 7559 7527 7524
3 7559 7524 7556
3 7560 7528 7557
3 7561 7526 7558
3 7561 7529 7526
3 7562 7527 7559
3 7562 7533 7530
3 7562 7530 7527
3 7563 7531 7528
3 7563 7528 7560
3 7564 7529 7561
3 7564 7532 7529
3 7565 7533 7562
3 7566 7531 7563
3 7566 7534 7531
3 7566 7537 7534
3 7567 7538 7535
3 7567 7532 7564
3 7567 7535 7532
3 7568 7539 7536
3 7568 7533 7565
3 7568 7536 7533
3 7569 7537 7566
3 7570 7538 7567
3 7571 7543 7539
3 7571 7539 7568
3 7572 7540 7537
3 7572 7541 7540
3 7572 7537 7569
3 7572 7573 7541
3 7574 7542 7538
3 7574 7538 7570
3 7575 7543 7571
3 7576 7544 7542
3 7576 7542 7574
3 7577 7543 7575
3 7577 7545 7543
3 7578 7546 7544
3 7578 7544 7576
3 7579 7547 7545
3 7579 7545 7577
3 7580 7546 7578
3 7580 7548 7546
3 7581 7549 7547
3 7581 7551 7549
3 7581 7547 7579
3 7582 7550 7548
3 7582 7548 7580
3 7583 7554 7551
3 7583 7551 7581
3 7584 206 208
3 7584 208 210
3 7584 7552 206
3 7585 7550 7582
3 7585 7553 7550
3 7586 7554 7583
3 7587 7555 7552
3 7587 7552 7584
3 7588 7553 7585
3 7588 7556 7553
3 7589 7554 7586
3 7589 7557 7554
3 7590 7555 7587
3 7590 7558 7555
3 7591 7556 7588
3 7591 7559 7556
3 7592 7557 7589
3 7592 7560 7557
3 7593 7558 7590
3 7593 7561 7558
3 7594 7562 7559
3 7594 7559 7591
3 7595 7560 7592
3 7595 7563 7560
3 7596 7561 7593
3 7596 7564 7561
3 7597 7562 7594
3 7597 7565 7562
3 7598 7566 7563
3 7598 7563 7595
3 7599 7567 7564
3 7599 7564 7596
3 7600 7568 7565
3 7600 7565 7597
3 7601 7566 7598
3 7601 7569 7566
3 7602 7567 7599
3 7602 7570 7567
3 7603 7568 7600
3 7603 7571 7568
3 7604 7569 7601
3 7604 7605 7573
3 7604 7572 7569
3 7604 7573 7572
3 7606 7574 7570
3 7606 7570 7602
3 7607 7575 7571
3 7607 7571 7603
3 7608 7574 7606
3 7608 7576 7574
3 7609 7577 7575
3 7609 7575 7607
3 7610 7578 7576
3 7610 7576 7608
3 7611 7579 7577
3 7611 7577 7609
3 7612 7580 7578
3 7612 7578 7610
3 7612 7582 7580
3 7613 7581 7579
3 7613 7579 7611
3 7614 7582 7612
3 7615 7581 7613
3 7615 7583 7581
3 7616 7584 210
3 7616 7587 7584
3 7617 7582 7614
3 7617 7588 7585
3 7617 7585 7582
3 7618 7586 7583
3 7618 7583 7615
3 7619 7587 7616
3 7620 7588 7617
3 7621 7586 7618
3 7621 7589 7586
3 7621 7592 7589
3 7622 7590 7587
3 7622 7587 7619
3 7623 7588 7620
3 7623 7591 7588
3 7624 7592 7621
3 7625 7590 7622
3 7625 7593 7590
3 7626 7591 7623
3 7626 7594 7591
3 7627 7592 7624
3 7627 7595 7592
3 7628 7593 7625
3 7628 7596 7593
3 7629 7594 7626
3 7629 7597 7594
3 7630 7595 7627
3 7630 7598 7595
3 7630 7601 7598
3 7631 7596 7628
3 7631 7599 7596
3 7632 7597 7629
3 7632 7600 7597
3 7633 7601 7630
3 7634 7599 7631
3 7634 7602 7599
3 7635 7600 7632
3 7635 7603 7600
3 7636 7601 7633
3 7636 7604 7601
3 7636 7605 7604
3 7636 7637 7605
3 7638 7606 7602
3 7638 7602 7634
3 7638 7608 7606
3 7639 7607 7603
3 7639 7603 7635
3 7640 7608 7638
3 7640 7610 7608
3 7641 7609 7607
3 7641 7607 7639
3 7642 7610 7640
3 7643 7611 7609
3 7643 7609 7641
3 7644 7612 7610
3 7644 7610 7642
3 7645 7613 7611
3 7645 7611 7643
3 7646 7614 7612
3 7646 7612 7644
3 7647 7615 7613
3 7647 7613 7645
3 7648 210 212
3 7648 7616 210
3 7649 7617 7614
3 7649 7614 7646
3 7650 7615 7647
3 7650 7618 7615
3 7651 7616 7648
3 7651 7619 7616
3 7652 7617 7649
3 7652 7620 7617
3 7653 7621 7618
3 7653 7618 7650
3 7654 7622 7619
3 7654 7619 7651
3 7655 7623 7620
3 7655 7620 7652
3 7656 7621 7653
3 7656 7624 7621
3 7657 7622 7654
3 7657 7625 7622
3 7658 7629 7626
3 7658 7626 7623
3 7658 7623 7655
3 7659 7624 7656
3 7659 7627 7624
3 7660 7625 7657
3 7660 7628 7625
3 7660 7631 7628
3 7661 7629 7658
3 7662 7627 7659
3 7662 7630 7627
3 7663 7631 7660
3 7664 7632 7629
3 7664 7629 7661
3 7664 7635 7632
3 7665 7630 7662
3 7665 7633 7630
3 7666 7634 7631
3 7666 7631 7663
3 7667 7635 7664
3 7667 7639 7635
3 7668 7633 7665
3 7668 7636 7633
3 7668 7637 7636
3 7668 7669 7637
3 7668 7670 7669
3 7671 7634 7666
3 7671 7638 7634
3 7672 7639 7667
3 7673 7638 7671
3 7673 7640 7638
3 7674 7641 7639
3 7674 7639 7672
3 7675 7640 7673
3 7675 7642 7640
3 7676 7645 7643
3 7676 7641 7674
3 7676 7643 7641
3 7677 7644 7642
3 7677 7642 7675
3 7678 7645 7676
3 7679 7646 7644
3 7679 7644 7677
3 7680 7647 7645
3 7680 7650 7647
3 7680 7645 7678
3 7681 212 214
3 7681 7648 212
3 7682 7652 7649
3 7682 7649 7646
3 7682 7646 7679
3 7683 7650 7680
3 7684 7651 7648
3 7684 7648 7681
3 7685 7652 7682
3 7686 7650 7683
3 7686 7653 7650
3 7686 7656 7653
3 7687 7651 7684
3 7687 7654 7651
3 7688 7652 7685
3 7688 7655 7652
3 7689 7656 7686
3 7690 7657 7654
3 7690 7654 7687
3 7691 7658 7655
3 7691 7655 7688
3 7692 7656 7689
3 7692 7659 7656
3 7692 7662 7659
3 7693 7657 7690
3 7693 7660 7657
3 7693 7663 7660
3 7694 7658 7691
3 7694 7661 7658
3 7695 7662 7692
3 7695 7665 7662
3 7696 7663 7693
3 7697 7661 7694
3 7697 7664 7661
3 7698 7665 7695
3 7698 7668 7665
3 7699 7666 7663
3 7699 7663 7696
3 7700 7664 7697
3 7700 7667 7664
3 7701 7668 7698
3 7701 7670 7668
3 7702 7671 7666
3 7702 7666 7699
3 7703 7672 7667
3 7703 7667 7700
3 7704 7671 7702
3 7704 7673 7671
3 7705 7674 7672
3 7705 7672 7703
3 7706 7673 7704
3 7706 7675 7673
3 7707 7676 7674
3 7707 7674 7705
3 7708 7675 7706
3 7708 7677 7675
3 7709 7676 7707
3 7709 7678 7676
3 7710 7679 7677
3 7710 7677 7708
3 7711 7680 7678
3 7711 7678 7709
3 7712 7681 214
3 7712 214 216
3 7713 7679 7710
3 7713 7682 7679
3 7714 7683 7680
3 7714 7680 7711
3 7715 7684 7681
3 7715 7681 7712
3 7716 7685 7682
3 7716 7682 7713
3 7717 7686 7683
3 7717 7683 7714
3 7718 7684 7715
3 7718 7687 7684
3 7719 7691 7688
3 7719 7685 7716
3 7719 7688 7685
3 7720 7689 7686
3 7720 7686 7717
3 7721 7687 7718
3 7721 7690 7687
3 7721 7693 7690
3 7722 7691 7719
3 7723 7689 7720
3 7723 7692 7689
3 7724 7693 7721
3 7725 7694 7691
3 7725 7691 7722
3 7726 7692 7723
3 7726 7695 7692
3 7727 7696 7693
3 7727 7693 7724
3 7728 7694 7725
3 7728 7697 7694
3 7729 7695 7726
3 7729 7698 7695
3 7730 7696 7727
3 7730 7699 7696
3 7731 7697 7728
3 7731 7700 7697
3 7732 7698 7729
3 7732 7701 7698
3 7732 7670 7701
3 7732 7733 7670
3 7734 7699 7730
3 7734 7702 7699
3 7735 7703 7700
3 7735 7700 7731
3 7736 7702 7734
3 7736 7704 7702
3 7736 7706 7704
3 7737 7703 7735
3 7737 7705 7703
3 7738 7706 7736
3 7739 7705 7737
3 7739 7707 7705
3 7740 7706 7738
3 7740 7710 7708
3 7740 7708 7706
3 7741 7707 7739
3 7741 7709 7707
3 7742 7710 7740
3 7743 7709 7741
3 7743 7711 7709
3 7744 7712 216
3 7744 7715 7712
3 7744 216 218
3 7745 7716 7713
3 7745 7713 7710
3 7745 7710 7742
3 7746 7714 7711
3 7746 7711 7743
3 7747 7715 7744
3 7748 7716 7745
3 7749 7717 7714
3 7749 7720 7717
3 7749 7714 7746
3 7750 7718 7715
3 7750 7715 7747
3 7751 7719 7716
3 7751 7716 7748
3 7752 7720 7749
3 7753 7718 7750
3 7753 7721 7718
3 7754 7725 7722
3 7754 7719 7751
3 7754 7722 7719
3 7755 7723 7720
3 7755 7720 7752
3 7756 7721 7753
3 7756 7724 7721
3 7757 7725 7754
3 7758 7723 7755
3 7758 7726 7723
3 7758 7729 7726
3 7759 7727 7724
3 7759 7724 7756
3 7760 7725 7757
3 7760 7728 7725
3 7761 7729 7758
3 7762 7727 7759
3 7762 7730 7727
3 7763 7731 7728
3 7763 7735 7731
3 7763 7728 7760
3 7764 7729 7761
3 7764 7732 7729
3 7764 7733 7732
3 7764 7765 7733
3 7766 7734 7730
3 7766 7730 7762
3 7767 7735 7763
3 7768 7734 7766
3 7768 7736 7734
3 7769 7737 7735
3 7769 7735 7767
3 7769 7739 7737
3 7770 7736 7768
3 7770 7738 7736
3 7771 7739 7769
3 7772 7740 7738
3 7772 7738 7770
3 7773 7741 7739
3 7773 7739 7771
3 7773 7743 7741
3 7774 7740 7772
3 7774 7742 7740
3 7775 7743 7773
3 7775 7746 7743
3 7776 218 220
3 7776 7744 218
3 7777 7742 7774
3 7777 7745 7742
3 7778 7746 7775
3 7779 7744 7776
3 7779 7747 7744
3 7780 7745 7777
3 7780 7748 7745
3 7781 7749 7746
3 7781 7752 7749
3 7781 7746 7778
3 7782 7750 7747
3 7782 7747 7779
3 7782 7753 7750
3 7783 7751 7748
3 7783 7748 7780
3 7784 7755 7752
3 7784 7752 7781
3 7785 7753 7782
3 7786 7754 7751
3 7786 7751 7783
3 7787 7755 7784
3 7788 7756 7753
3 7788 7753 7785
3 7789 7754 7786
3 7789 7757 7754
3 7790 7755 7787
3 7790 7758 7755
3 7790 7761 7758
3 7791 7756 7788
3 7791 7759 7756
3 7792 7757 7789
3 7792 7760 7757
3 7793 7761 7790
3 7793 7764 7761
3 7794 7759 7791
3 7794 7762 7759
3 7794 7766 7762
3 7795 7760 7792
3 7795 7763 7760
3 7796 7764 7793
3 7796 7765 7764
3 7796 7797 7765
3 7798 7766 7794
3 7799 7763 7795
3 7799 7767 7763
3 7800 7768 7766
3 7800 7766 7798
3 7800 7770 7768
3 7801 7769 7767
3 7801 7767 7799
3 7802 7770 7800
3 7803 7769 7801
3 7803 7771 7769
3 7804 7770 7802
3 7804 7772 7770
3 7805 7771 7803
3 7805 7773 7771
3 7806 7772 7804
3 7806 7774 7772
3 7807 7773 7805
3 7807 7775 7773
3 7808 7776 220
3 7808 220 223
3 7809 7774 7806
3 7809 7777 7774
3 7810 7775 7807
3 7810 7778 7775
3 7811 7776 7808
3 7811 7779 7776
3 7812 7780 7777
3 7812 7777 7809
3 7813 7778 7810
3 7813 7781 7778
3 7814 7782 7779
3 7814 7779 7811
3 7815 7780 7812
3 7815 7783 7780
3 7816 7781 7813
3 7816 7784 7781
3 7817 7785 7782
3 7817 7782 7814
3 7818 7786 7783
3 7818 7783 7815
3 7819 7787 7784
3 7819 7784 7816
3 7820 7788 7785
3 7820 7785 7817
3 7821 7789 7786
3 7821 7786 7818
3 7822 7790 7787
3 7822 7787 7819
3 7823 7788 7820
3 7823 7791 7788
3 7824 7789 7821
3 7824 7792 7789
3 7825 7793 7790
3 7825 7790 7822
3 7826 7794 7791
3 7826 7791 7823
3 7827 7795 7792
3 7827 7792 7824
3 7828 7793 7825
3 7828 7796 7793
3 7828 7797 7796
3 7828 7829 7797
3 7830 7798 7794
3 7830 7794 7826
3 7831 7795 7827
3 7831 7799 7795
3 7832 7800 7798
3 7832 7798 7830
3 7833 7799 7831
3 7833 7801 7799
3 7834 7800 7832
3 7834 7802 7800
3 7835 7803 7801
3 7835 7801 7833
3 7836 7802 7834
3 7836 7804 7802
3 7837 7803 7835
3 7837 7805 7803
3 7838 7804 7836
3 7838 7806 7804
3 7839 7805 7837
3 7839 7807 7805
3 7840 7808 223
3 7840 223 224
3 7840 7811 7808
3 7841 7809 7806
3 7841 7806 7838
3 7841 7812 7809
3 7842 7807 7839
3 7842 7810 7807
3 7843 7811 7840
3 7844 7812 7841
3 7845 7816 7813
3 7845 7810 7842
3 7845 7813 7810
3 7846 7811 7843
3 7846 7814 7811
3 7847 7815 7812
3 7847 7812 7844
3 7848 7816 7845
3 7849 7817 7814
3 7849 7820 7817
3 7849 7814 7846
3 7850 7815 7847
3 7850 7818 7815
3 7851 7816 7848
3 7851 7819 7816
3 7852 7820 7849
3 7853 7821 7818
3 7853 7818 7850
3 7854 7822 7819
3 7854 7825 7822
3 7854 7819 7851
3 7855 7823 7820
3 7855 7820 7852
3 7856 7824 7821
3 7856 7821 7853
3 7857 7825 7854
3 7858 7826 7823
3 7858 7823 7855
3 7859 7827 7824
3 7859 7824 7856
3 7860 7825 7857
3 7860 7828 7825
3 7860 7829 7828
3 7860 7861 7829
3 7862 7830 7826
3 7862 7826 7858
3 7863 7831 7827
3 7863 7827 7859
3 7864 7830 7862
3 7864 7832 7830
3 7864 7834 7832
3 7865 7831 7863
3 7865 7833 7831
3 7866 7834 7864
3 7867 7833 7865
3 7867 7835 7833
3 7868 7838 7836
3 7868 7836 7834
3 7868 7834 7866
3 7869 7835 7867
3 7869 7837 7835
3 7870 7838 7868
3 7871 7839 7837
3 7871 7837 7869
3 7872 224 227
3 7872 7840 224
3 7873 7841 7838
3 7873 7838 7870
3 7873 7844 7841
3 7874 7839 7871
3 7874 7842 7839
3 7875 7840 7872
3 7875 7843 7840
3 7876 7844 7873
3 7877 7842 7874
3 7877 7845 7842
3 7878 7843 7875
3 7878 7846 7843
3 7879 7844 7876
3 7879 7847 7844
3 7879 7850 7847
3 7880 7845 7877
3 7880 7848 7845
3 7881 7846 7878
3 7881 7849 7846
3 7882 7853 7850
3 7882 7850 7879
3 7883 7851 7848
3 7883 7848 7880
3 7884 7849 7881
3 7884 7852 7849
3 7885 7853 7882
3 7886 7851 7883
3 7886 7854 7851
3 7887 7855 7852
3 7887 7852 7884
3 7888 7856 7853
3 7888 7859 7856
3 7888 7853 7885
3 7889 7857 7854
3 7889 7854 7886
3 7890 7855 7887
3 7890 7858 7855
3 7891 7863 7859
3 7891 7859 7888
3 7892 7860 7857
3 7892 7861 7860
3 7892 7857 7889
3 7892 7893 7861
3 7894 7858 7890
3 7894 7862 7858
3 7895 7863 7891
3 7896 7864 7862
3 7896 7862 7894
3 7897 7865 7863
3 7897 7863 7895
3 7898 7868 7866
3 7898 7864 7896
3 7898 7866 7864
3 7899 7865 7897
3 7899 7867 7865
3 7900 7868 7898
3 7901 7867 7899
3 7901 7869 7867
3 7902 7868 7900
3 7902 7870 7868
3 7903 7874 7871
3 7903 7871 7869
3 7903 7869 7901
3 7904 227 228
3 7904 7872 227
3 7905 7873 7870
3 7905 7870 7902
3 7906 7874 7903
3 7907 7872 7904
3 7907 7875 7872
3 7907 7878 7875
3 7908 7876 7873
3 7908 7873 7905
3 7908 7879 7876
3 7909 7874 7906
3 7909 7877 7874
3 7909 7880 7877
3 7910 7878 7907
3 7911 7879 7908
3 7912 7880 7909
3 7913 7878 7910
3 7913 7881 7878
3 7913 7884 7881
3 7914 7879 7911
3 7914 7882 7879
3 7915 7880 7912
3 7915 7883 7880
3 7916 7884 7913
3 7917 7882 7914
3 7917 7885 7882
3 7918 7889 7886
3 7918 7886 7883
3 7918 7883 7915
3 7919 7887 7884
3 7919 7884 7916
3 7919 7890 7887
3 7920 7885 7917
3 7920 7888 7885
3 7921 7889 7918
3 7922 7890 7919
3 7923 7891 7888
3 7923 7888 7920
3 7924 7889 7921
3 7924 7892 7889
3 7924 7893 7892
3 7924 7925 7893
3 7926 7890 7922
3 7926 7894 7890
3 7927 7895 7891
3 7927 7891 7923
3 7928 7894 7926
3 7928 7896 7894
3 7929 7895 7927
3 7929 7897 7895
3 7930 7898 7896
3 7930 7896 7928
3 7930 7900 7898
3 7931 7897 7929
3 7931 7899 7897
3 7932 7900 7930
3 7933 7901 7899
3 7933 7899 7931
3 7934 7900 7932
3 7934 7905 7902
3 7934 7902 7900
3 7935 7903 7901
3 7935 7901 7933
3 7936 7904 228
3 7936 228 230
3 7937 7905 7934
3 7938 7903 7935
3 7938 7906 7903
3 7939 7904 7936
3 7939 7907 7904
3 7940 7908 7905
3 7940 7905 7937
3 7940 7911 7908
3 7941 7906 7938
3 7941 7909 7906
3 7942 7910 7907
3 7942 7907 7939
3 7943 7911 7940
3 7943 7914 7911
3 7944 7909 7941
3 7944 7912 7909
3 7945 7910 7942
3 7945 7913 7910
3 7945 7916 7913
3 7946 7914 7943
3 7947 7912 7944
3 7947 7915 7912
3 7948 7916 7945
3 7949 7914 7946
3 7949 7917 7914
3 7950 7915 7947
3 7950 7918 7915
3 7951 7919 7916
3 7951 7916 7948
3 7952 7923 7920
3 7952 7920 7917
3 7952 7917 7949
3 7953 7921 7918
3 7953 7918 7950
3 7954 7922 7919
3 7954 7919 7951
3 7955 7923 7952
3 7955 7927 7923
3 7956 7957 7925
3 7956 7925 7924
3 7956 7924 7921
3 7956 7921 7953
3 7958 7926 7922
3 7958 7922 7954
3 7959 7929 7927
3 7959 7927 7955
3 7960 7928 7926
3 7960 7930 7928
3 7960 7926 7958
3 7961 7929 7959
3 7961 7931 7929
3 7962 7930 7960
3 7963 7931 7961
3 7964 7930 7962
3 7964 7932 7930
3 7965 7931 7963
3 7965 7933 7931
3 7966 7934 7932
3 7966 7937 7934
3 7966 7932 7964
3 7967 7935 7933
3 7967 7933 7965
3 7967 7938 7935
3 7968 7936 230
3 7968 230 232
3 7968 7939 7936
3 7969 7937 7966
3 7970 7938 7967
3 7971 7939 7968
3 7971 7942 7939
3 7972 7937 7969
3 7972 7940 7937
3 7973 7938 7970
3 7973 7941 7938
3 7973 7944 7941
3 7974 7942 7971
3 7975 7943 7940
3 7975 7940 7972
3 7976 7944 7973
3 7976 7947 7944
3 7977 7942 7974
3 7977 7945 7942
3 7977 7948 7945
3 7978 7946 7943
3 7978 7943 7975
3 7979 7947 7976
3 7980 7948 7977
3 7981 7946 7978
3 7981 7949 7946
3 7982 7947 7979
3 7982 7950 7947
3 7982 7953 7950
3 7983 7948 7980
3 7983 7951 7948
3 7983 7954 7951
3 7984 7949 7981
3 7984 7952 7949
3 7985 7953 7982
3 7986 7954 7983
3 7987 7955 7952
3 7987 7952 7984
3 7988 7989 7957
3 7988 7956 7953
3 7988 7953 7985
3 7988 7957 7956
3 7990 7958 7954
3 7990 7960 7958
3 7990 7954 7986
3 7991 7959 7955
3 7991 7955 7987
3 7992 7960 7990
3 7993 7963 7961
3 7993 7959 7991
3 7993 7961 7959
3 7994 7962 7960
3 7994 7964 7962
3 7994 7960 7992
3 7995 7963 7993
3 7996 7964 7994
3 7997 7965 7963
3 7997 7963 7995
3 7998 7964 7996
3 7998 7969 7966
3 7998 7966 7964
3 7999 7965 7997
3 7999 7970 7967
3 7999 7967 7965
3 8000 232 234
3 8000 7968 232
3 8001 7969 7998
3 8002 7970 7999
3 8003 7971 7968
3 8003 7968 8000
3 8004 7975 7972
3 8004 7969 8001
3 8004 7972 7969
3 8005 7970 8002
3 8005 7973 7970
3 8006 7971 8003
3 8006 7974 7971
3 8007 7975 8004
3 8008 7976 7973
3 8008 7973 8005
3 8009 7974 8006
3 8009 7977 7974
3 8010 7978 7975
3 8010 7975 8007
3 8010 7981 7978
3 8011 7976 8008
3 8011 7979 7976
3 8012 7977 8009
3 8012 7980 7977
3 8013 7981 8010
3 8014 7979 8011
3 8014 7982 7979
3 8015 7983 7980
3 8015 7980 8012
3 8016 7981 8013
3 8016 7984 7981
3 8016 7987 7984
3 8017 7982 8014
3 8017 7985 7982
3 8018 7983 8015
3 8018 7986 7983
3 8019 7987 8016
3 8020 8021 7989
3 8020 7985 8017
3 8020 7989 7988
3 8020 7988 7985
3 8022 7986 8018
3 8022 7990 7986
3 8023 7991 7987
3 8023 7987 8019
3 8023 7993 7991
3 8024 7990 8022
3 8024 7992 7990
3 8025 7995 7993
3 8025 7993 8023
3 8026 7994 7992
3 8026 7992 8024
3 8026 7996 7994
3 8027 7995 8025
3 8028 7996 8026
3 8029 7995 8027
3 8029 7997 7995
3 8030 7998 7996
3 8030 7996 8028
3 8031 7999 7997
3 8031 8002 7999
3 8031 7997 8029
3 8032 234 237
3 8032 8000 234
3 8033 7998 8030
3 8033 8001 7998
3 8034 8002 8031
3 8035 8003 8000
3 8035 8000 8032
3 8035 8006 8003
3 8036 8001 8033
3 8036 8004 8001
3 8036 8007 8004
3 8037 8002 8034
3 8037 8005 8002
3 8038 8006 8035
3 8039 8007 8036
3 8040 8008 8005
3 8040 8011 8008
3 8040 8005 8037
3 8041 8006 8038
3 8041 8009 8006
3 8041 8012 8009
3 8042 8010 8007
3 8042 8007 8039
3 8043 8011 8040
3 8044 8012 8041
3 8045 8010 8042
3 8045 8013 8010
3 8046 8011 8043
3 8046 8014 8011
3 8046 8017 8014
3 8047 8015 8012
3 8047 8012 8044
3 8047 8018 8015
3 8048 8013 8045
3 8048 8016 8013
3 8049 8017 8046
3 8049 8020 8017
3 8050 8018 8047
3 8051 8016 8048
3 8051 8019 8016
3 8052 8053 8021
3 8052 8020 8049
3 8052 8021 8020
3 8054 8018 8050
3 8054 8022 8018
3 8054 8024 8022
3 8055 8023 8019
3 8055 8019 8051
3 8056 8024 8054
3 8057 8025 8023
3 8057 8023 8055
3 8058 8024 8056
3 8058 8026 8024
3 8059 8027 8025
3 8059 8025 8057
3 8060 8028 8026
3 8060 8026 8058
3 8061 8029 8027
3 8061 8027 8059
3 8062 8030 8028
3 8062 8028 8060
3 8063 8029 8061
3 8063 8031 8029
3 8064 237 238
3 8064 8032 237
3 8065 8033 8030
3 8065 8030 8062
3 8066 8031 8063
3 8066 8034 8031
3 8067 8032 8064
3 8067 8035 8032
3 8068 8036 8033
3 8068 8033 8065
3 8069 8034 8066
3 8069 8037 8034
3 8070 8035 8067
3 8070 8038 8035
3 8071 8036 8068
3 8071 8039 8036
3 8072 8040 8037
3 8072 8037 8069
3 8073 8038 8070
3 8073 8041 8038
3 8074 8042 8039
3 8074 8045 8042
3 8074 8039 8071
3 8075 8040 8072
3 8075 8043 8040
3 8076 8041 8073
3 8076 8044 8041
3 8077 8045 8074
3 8078 8043 8075
3 8078 8046 8043
3 8079 8044 8076
3 8079 8047 8044
3 8080 8051 8048
3 8080 8045 8077
3 8080 8048 8045
3 8081 8046 8078
3 8081 8049 8046
3 8082 8050 8047
3 8082 8047 8079
3 8082 8054 8050
3 8083 8051 8080
3 8084 8085 8053
3 8084 8053 8052
3 8084 8049 8081
3 8084 8052 8049
3 8086 8054 8082
3 8087 8051 8083
3 8087 8055 8051
3 8087 8057 8055
3 8088 8054 8086
3 8088 8056 8054
3 8089 8057 8087
3 8089 8059 8057
3 8090 8058 8056
3 8090 8060 8058
3 8090 8056 8088
3 8091 8059 8089
3 8092 8060 8090
3 8093 8063 8061
3 8093 8059 8091
3 8093 8061 8059
3 8094 8062 8060
3 8094 8060 8092
3 8095 8066 8063
3 8095 8063 8093
3 8096 8064 238
3 8096 238 241
3 8097 8065 8062
3 8097 8062 8094
3 8098 8066 8095
3 8099 8070 8067
3 8099 8064 8096
3 8099 8067 8064
3 8100 8068 8065
3 8100 8065 8097
3 8101 8066 8098
3 8101 8069 8066
3 8102 8070 8099
3 8103 8071 8068
3 8103 8068 8100
3 8104 8069 8101
3 8104 8072 8069
3 8104 8075 8072
3 8105 8076 8073
3 8105 8073 8070
3 8105 8070 8102
3 8106 8071 8103
3 8106 8074 8071
3 8107 8075 8104
3 8108 8076 8105
3 8109 8074 8106
3 8109 8077 8074
3 8110 8075 8107
3 8110 8078 8075
3 8110 8081 8078
3 8111 8082 8079
3 8111 8076 8108
3 8111 8079 8076
3 8112 8080 8077
3 8112 8077 8109
3 8113 8081 8110
3 8113 8084 8081
3 8114 8082 8111
3 8115 8080 8112
3 8115 8083 8080
3 8116 8117 8085
3 8116 8084 8113
3 8116 8085 8084
3 8118 8086 8082
3 8118 8082 8114
3 8119 8083 8115
3 8119 8087 8083
3 8120 8086 8118
3 8120 8088 8086
3 8121 8087 8119
3 8121 8089 8087
3 8122 8088 8120
3 8122 8090 8088
3 8122 8092 8090
3 8123 8089 8121
3 8123 8091 8089
3 8124 8092 8122
3 8125 8095 8093
3 8125 8091 8123
3 8125 8093 8091
3 8126 8097 8094
3 8126 8092 8124
3 8126 8094 8092
3 8127 8095 8125
3 8128 8096 241
3 8128 241 242
3 8129 8097 8126
3 8130 8098 8095
3 8130 8095 8127
3 8131 8096 8128
3 8131 8102 8099
3 8131 8099 8096
3 8132 8097 8129
3 8132 8103 8100
3 8132 8100 8097
3 8133 8101 8098
3 8133 8098 8130
3 8134 8102 8131
3 8135 8103 8132
3 8135 8106 8103
3 8136 8104 8101
3 8136 8101 8133
3 8137 8105 8102
3 8137 8108 8105
3 8137 8102 8134
3 8138 8106 8135
3 8139 8104 8136
3 8139 8107 8104
3 8140 8108 8137
3 8141 8106 8138
3 8141 8109 8106
3 8142 8110 8107
3 8142 8107 8139
3 8143 8111 8108
3 8143 8108 8140
3 8143 8114 8111
3 8144 8109 8141
3 8144 8112 8109
3 8144 8115 8112
3 8145 8110 8142
3 8145 8113 8110
3 8146 8114 8143
3 8147 8115 8144
3 8148 8149 8117
3 8148 8117 8116
3 8148 8113 8145
3 8148 8116 8113
3 8150 8114 8146
3 8150 8118 8114
3 8151 8121 8119
3 8151 8119 8115
3 8151 8115 8147
3 8152 8118 8150
3 8152 8120 8118
3 8152 8122 8120
3 8153 8121 8151
3 8153 8123 8121
3 8154 8122 8152
3 8155 8123 8153
3 8156 8124 8122
3 8156 8122 8154
3 8157 8125 8123
3 8157 8123 8155
3 8158 8129 8126
3 8158 8124 8156
3 8158 8126 8124
3 8159 8130 8127
3 8159 8125 8157
3 8159 8127 8125
3 8160 242 245
3 8160 8128 242
3 8161 8129 8158
3 8162 8130 8159
3 8163 8128 8160
3 8163 8131 8128
3 8164 8132 8129
3 8164 8129 8161
3 8165 8136 8133
3 8165 8133 8130
3 8165 8130 8162
3 8166 8134 8131
3 8166 8131 8163
3 8167 8135 8132
3 8167 8132 8164
3 8168 8136 8165
3 8168 8139 8136
3 8169 8137 8134
3 8169 8134 8166
3 8170 8135 8167
3 8170 8138 8135
3 8171 8139 8168
3 8172 8140 8137
3 8172 8137 8169
3 8173 8138 8170
3 8173 8141 8138
3 8174 8145 8142
3 8174 8142 8139
3 8174 8139 8171
3 8175 8140 8172
3 8175 8143 8140
3 8176 8144 8141
3 8176 8147 8144
3 8176 8141 8173
3 8177 8145 8174
3 8178 8143 8175
3 8178 8146 8143
3 8179 8147 8176
3 8180 8181 8149
3 8180 8145 8177
3 8180 8149 8148
3 8180 8148 8145
3 8182 8150 8146
3 8182 8146 8178
3 8183 8151 8147
3 8183 8147 8179
3 8184 8152 8150
3 8184 8150 8182
3 8185 8155 8153
3 8185 8153 8151
3 8185 8151 8183
3 8186 8152 8184
3 8186 8154 8152
3 8186 8156 8154
3 8187 8155 8185
3 8188 8156 8186
3 8189 8155 8187
3 8189 8157 8155
3 8190 8156 8188
3 8190 8158 8156
3 8191 8157 8189
3 8191 8159 8157
3 8191 8162 8159
3 8192 8160 245
3 8192 245 247
3 8192 8163 8160
3 8193 8158 8190
3 8193 8161 8158
3 8194 8162 8191
3 8195 8163 8192
3 8196 8164 8161
3 8196 8161 8193
3 8196 8167 8164
3 8197 8165 8162
3 8197 8162 8194
3 8198 8166 8163
3 8198 8163 8195
3 8199 8167 8196
3 8200 8168 8165
3 8200 8171 8168
3 8200 8165 8197
3 8201 8166 8198
3 8201 8169 8166
3 8202 8167 8199
3 8202 8170 8167
3 8203 8171 8200
3 8204 8169 8201
3 8204 8172 8169
3 8205 8173 8170
3 8205 8170 8202
3 8206 8171 8203
3 8206 8174 8171
3 8207 8175 8172
3 8207 8172 8204
3 8208 8176 8173
3 8208 8173 8205
3 8209 8174 8206
3 8209 8177 8174
3 8210 8178 8175
3 8210 8175 8207
3 8211 8179 8176
3 8211 8176 8208
3 8212 8213 8181
3 8212 8177 8209
3 8212 8181 8180
3 8212 8180 8177
3 8214 8178 8210
3 8214 8182 8178
3 8215 8179 8211
3 8215 8183 8179
3 8215 8185 8183
3 8216 8184 8182
3 8216 8182 8214
3 8217 8185 8215
3 8218 8184 8216
3 8218 8186 8184
3 8219 8185 8217
3 8219 8187 8185
3 8220 8186 8218
3 8220 8188 8186
3 8221 8187 8219
3 8221 8189 8187
3 8222 8188 8220
3 8222 8190 8188
3 8223 8189 8221
3 8223 8191 8189
3 8224 247 248
3 8224 8192 247
3 8225 8193 8190
3 8225 8190 8222
3 8226 8191 8223
3 8226 8194 8191
3 8227 8192 8224
3 8227 8195 8192
3 8227 8198 8195
3 8228 8196 8193
3 8228 8193 8225
3 8229 8194 8226
3 8229 8197 8194
3 8230 8198 8227
3 8231 8199 8196
3 8231 8196 8228
3 8232 8200 8197
3 8232 8197 8229
3 8233 8198 8230
3 8233 8201 8198
3 8233 8204 8201
3 8234 8199 8231
3 8234 8202 8199
3 8235 8203 8200
3 8235 8200 8232
3 8236 8204 8233
3 8237 8202 8234
3 8237 8205 8202
3 8238 8206 8203
3 8238 8209 8206
3 8238 8203 8235
3 8239 8204 8236
3 8239 8207 8204
3 8240 8208 8205
3 8240 8205 8237
3 8241 8209 8238
3 8242 8210 8207
3 8242 8207 8239
3 8243 8211 8208
3 8243 8208 8240
3 8244 8245 8213
3 8244 8209 8241
3 8244 8213 8212
3 8244 8212 8209
3 8246 8210 8242
3 8246 8214 8210
3 8246 8216 8214
3 8247 8211 8243
3 8247 8215 8211
3 8248 8216 8246
3 8249 8215 8247
3 8249 8217 8215
3 8250 8216 8248
3 8250 8218 8216
3 8251 8217 8249
3 8251 8219 8217
3 8252 8218 8250
3 8252 8220 8218
3 8253 8219 8251
3 8253 8221 8219
3 8254 8220 8252
3 8254 8222 8220
3 8255 8221 8253
3 8255 8223 8221
3 8256 8224 248
3 8256 248 250
3 8256 250 1
3 8256 1 4285
3 8257 8222 8254
3 8257 8225 8222
3 8258 8223 8255
3 8258 8226 8223
3 8259 8256 4285
3 8259 8224 8256
3 8259 4285 4287
3 8259 4287 4289
3 8259 8227 8224
3 8260 8225 8257
3 8260 8228 8225
3 8260 8231 8228
3 8261 8226 8258
3 8261 8229 8226
3 8262 8230 8227
3 8262 8227 8259
3 8262 8259 4289
3 8263 8231 8260
3 8264 8229 8261
3 8264 8232 8229
3 8265 8262 4289
3 8265 4289 4291
3 8265 4291 4293
3 8265 8233 8230
3 8265 8230 8262
3 8266 8237 8234
3 8266 8234 8231
3 8266 8231 8263
3 8267 8235 8232
3 8267 8232 8264
3 8268 8265 4293
3 8268 8236 8233
3 8268 8233 8265
3 8269 8237 8266
3 8270 8235 8267
3 8270 8238 8235
3 8271 8242 8239
3 8271 4293 4295
3 8271 8236 8268
3 8271 8239 8236
3 8271 8268 4293
3 8272 8243 8240
3 8272 8237 8269
3 8272 8240 8237
3 8273 8238 8270
3 8273 8241 8238
3 8274 8242 8271
3 8274 4295 4297
3 8274 4297 4299
3 8274 8271 4295
3 8275 8243 8272
3 8276 8277 8245
3 8276 8241 8273
3 8276 8245 8244
3 8276 8244 8241
3 8278 8242 8274
3 8278 8246 8242
3 8278 8274 4299
3 8279 8247 8243
3 8279 8243 8275
3 8279 8249 8247
3 8280 8278 4299
3 8280 8248 8246
3 8280 4299 4301
3 8280 4301 4303
3 8280 8246 8278
3 8281 8249 8279
3 8281 8251 8249
3 8282 8250 8248
3 8282 8280 4303
3 8282 8248 8280
3 8283 8251 8281
3 8284 8250 8282
3 8284 8252 8250
3 8284 8282 4303
3 8284 4303 4305
3 8285 8253 8251
3 8285 8255 8253
3 8285 8251 8283
3 8286 8252 8284
3 8286 8284 4305
3 8286 8254 8252
3 8286 4305 4307
3 8286 4307 4310
3 8287 8255 8285
3 8287 8258 8255
3 8288 8286 4310
3 8288 8254 8286
3 8288 8257 8254
3 8289 8258 8287
3 8290 8257 8288
3 8290 8288 4310
3 8290 8260 8257
3 8290 4310 4313
3 8291 8258 8289
3 8291 8261 8258
3 8292 8260 8290
3 8292 8290 4313
3 8292 8263 8260
3 8292 4313 4316
3 8293 8261 8291
3 8293 8264 8261
3 8293 8267 8264
3 8294 8263 8292
3 8294 8292 4316
3 8294 4316 4319
3 8294 4319 4322
3 8294 8266 8263
3 8295 8267 8293
3 8296 8269 8266
3 8296 8266 8294
3 8296 8294 4322
3 8297 8273 8270
3 8297 8267 8295
3 8297 8270 8267
3 8298 8296 4322
3 8298 8269 8296
3 8298 4322 4325
3 8298 4325 4328
3 8298 8272 8269
3 8299 8276 8273
3 8299 8273 8297
3 8300 8275 8272
3 8300 8272 8298
3 8300 8298 4328
3 8300 4328 4331
3 8301 8302 8277
3 8301 8277 8276
3 8301 8276 8299
3 8303 8279 8275
3 8303 8275 8300
3 8303 8300 4331
3 8304 8281 8279
3 8304 4331 4334
3 8304 4334 4337
3 8304 8279 8303
3 8304 8303 4331
3 8305 8283 8281
3 8305 8304 4337
3 8305 8281 8304
3 8306 8283 8305
3 8306 8285 8283
3 8306 4337 4340
3 8306 8305 4337
3 8306 4340 4343
3 8307 8306 4343
3 8307 8287 8285
3 8307 8285 8306
3 8307 4343 4347
3 8308 8307 4347
3 8308 8289 8287
3 8308 8287 8307
3 8309 8289 8308
3 8309 8308 4347
3 8309 8291 8289
3 8309 4347 4351
3 8310 8291 8309
3 8310 8309 4351
3 8310 8293 8291
3 8310 4351 4355
3 8310 4355 4359
3 8311 8293 8310
3 8311 8310 4359
3 8311 8295 8293
3 8312 8311 4359
3 8312 8295 8311
3 8312 8297 8295
3 8312 4359 4363
3 8313 8312 4363
3 8313 8297 8312
3 8313 4363 4367
3 8313 4367 4371
3 8313 8299 8297
3 8314 8315 8302
3 8314 4372 8315
3 8314 8313 4371
3 8314 8299 8313
3 8314 4371 4372
3 8314 8302 8301
3 8314 8301 8299
3 8316 2327 2326
3 8316 2390 2327
3 8316 2422 2390
3 8316 2454 2422
3 8316 2486 2454
3 8316 2518 2486
3 8316 2519 2518
3 8316 2582 2519
3 8316 2583 2582
3 8316 2615 2583
3 8316 2678 2615
3 8316 2710 2678
3 8316 2742 2710
3 8316 2774 2742
3 8316 2806 2774
3 8316 2807 2806
3 8316 2870 2807
3 8316 2902 2870
3 8316 2934 2902
3 8316 2966 2934
3 8316 2998 2966
3 8316 3030 2998
3 8316 3062 3030
3 8316 3094 3062
3 8316 3095 3094
3 8316 3158 3095
3 8316 3190 3158
3 8316 3222 3190
3 8316 3254 3222
3 8316 3286 3254
3 8316 3318 3286
3 8317 2134 2071
3 8317 2166 2134
3 8317 2167 2166
3 8317 2230 2167
3 8317 2262 2230
3 8317 2263 2262
3 8317 2326 2263
3 8317 8316 2326
3 2070 8317 2071
3 2007 8317 2070
3 2006 8317 2007
3 1974 8317 2006
3 1911 8317 1974
3 1910 8317 1911
3 1847 8317 1910
3 1846 8317 1847
3 1814 8317 1846
3 1751 8317 1814
3 1750 8317 1751
3 1718 8317 1750
3 1686 8317 1718
3 1654 8317 1686
3 1591 8317 1654
3 1590 8317 1591
3 8318 3542 3510
3 8318 3543 3542
3 8318 3606 3543
3 8318 3638 3606
3 8318 3670 3638
3 8318 3702 3670
3 8318 3703 3702
3 8318 3318 8316
3 8318 3766 3703
3 8318 3798 3766
3 8318 3830 3798
3 8318 3862 3830
3 8318 3894 3862
3 8318 3926 3894
3 8318 3958 3926
3 8318 3959 3958
3 8318 4022 3959
3 8318 4054 4022
3 8318 4086 4054
3 8318 3350 3318
3 8318 3382 3350
3 8318 3414 3382
3 8318 3446 3414
3 8318 3478 3446
3 8318 3510 3478
3 1558 8317 1590
3 4118 4086 8318
3 1495 8317 1558
3 4150 4118 8318
3 1494 8317 1495
3 4182 4150 8318
3 1431 8317 1494
3 4214 4182 8318
3 1430 8317 1431
3 4246 4214 8318
3 1398 8317 1430
3 4271 4246 8318
3 1366 8317 1398
3 254 4271 8318
3 1334 8317 1366
3 252 254 8318
3 252 8318 8319
3 1302 8317 1334
3 1302 8319 8317
3 342 252 8319
3 1270 8319 1302
3 374 342 8319
3 1238 8319 1270
3 406 374 8319
3 1206 8319 1238
3 438 406 8319
3 1143 8319 1206
3 470 438 8319
3 1142 8319 1143
3 502 470 8319
3 1110 8319 1142
3 534 502 8319
3 1047 8319 1110
3 566 534 8319
3 1046 8319 1047
3 598 566 8319
3 983 8319 1046
3 630 598 8319
3 951 8319 983
3 662 630 8319
3 950 8319 951
3 694 662 8319
3 918 8319 950
3 726 694 8319
3 886 8319 918
3 758 726 8319
3 854 8319 886
3 790 758 8319
3 791 8319 854
3 791 790 8319
3 8320 6869 6901
3 8321 6869 8320
3 8321 6837 6869
3 8322 8320 6901
3 8323 6837 8321
3 8323 6805 6837
3 8324 8322 6901
3 8324 6901 6933
3 8325 6805 8323
3 8325 6773 6805
3 8326 8324 6933
3 8326 6933 6934
3 8327 6773 8325
3 8327 6741 6773
3 8328 8326 6934
3 8328 6934 6997
3 8329 6741 8327
3 8329 6678 6741
3 8330 8328 6997
3 8330 6997 7029
3 8331 6678 8329
3 8331 6677 6678
3 8332 8330 7029
3 8332 7029 7061
3 8332 7061 7093
3 8333 6677 8331
3 8333 6645 6677
3 8334 8332 7093
3 8335 6645 8333
3 8335 6613 6645
3 8336 7093 7125
3 8336 7125 7126
3 8336 8334 7093
3 8337 6613 8335
3 8337 6549 6581
3 8337 6581 6613
3 8338 8336 7126
3 8339 6549 8337
3 8340 8338 7126
3 8340 7126 7189
3 8341 6517 6549
3 8341 6549 8339
3 8342 8340 7189
3 8342 7189 7221
3 8342 7221 7253
3 8343 6454 6517
3 8343 6517 8341
3 8344 8342 7253
3 8345 6454 8343
3 8345 6422 6454
3 8346 8344 7253
3 8346 7253 7285
3 8347 6421 6422
3 8347 6422 8345
3 8348 8346 7285
3 8348 7285 7317
3 8349 6421 8347
3 8349 6389 6421
3 8350 8348 7317
3 8350 7317 7349
3 8351 6357 6389
3 8351 6389 8349
3 8352 8350 7349
3 8352 7349 7381
3 8353 6357 8351
3 8353 6294 6357
3 8354 8352 7381
3 8354 7381 7413
3 8355 6294 8353
3 8355 6293 6294
3 8356 8354 7413
3 8356 7413 7445
3 8357 6198 6261
3 8357 6261 6293
3 8357 6293 8355
3 8358 8356 7445
3 8358 7445 7446
3 8359 6198 8357
3 8360 8358 7446
3 8360 7446 7509
3 8361 6198 8359
3 8361 6197 6198
3 8362 8360 7509
3 8362 7509 7541
3 8363 6197 8361
3 8363 6134 6197
3 8364 7541 7573
3 8364 8362 7541
3 8365 6134 8363
3 8365 6133 6134
3 8366 7573 7605
3 8366 8364 7573
3 8367 6133 8365
3 8367 6101 6133
3 8368 7605 7637
3 8368 8366 7605
3 8369 6038 6101
3 8369 6101 8367
3 8370 7637 7669
3 8370 8368 7637
3 8371 6038 8369
3 8371 6037 6038
3 8372 7669 7670
3 8372 8370 7669
3 8373 6005 6037
3 8373 6037 8371
3 8374 7670 7733
3 8374 7733 7765
3 8374 8372 7670
3 8375 5942 6005
3 8375 6005 8373
3 8376 8374 7765
3 8377 5941 5942
3 8377 5942 8375
3 8378 7765 7797
3 8378 8376 7765
3 8379 5878 5941
3 8379 5941 8377
3 8380 7797 7829
3 8380 8378 7797
3 5877 5878 8379
3 8381 5877 8379
3 7861 8380 7829
3 8382 8380 7861
3 5845 5877 8381
3 5845 8381 8383
3 8384 8382 7861
3 7893 8384 7861
3 8385 5845 8383
3 5782 5845 8385
3 7925 8384 7893
3 7925 8386 8384
3 5781 5782 8385
3 5781 8385 8387
3 7957 8386 7925
3 7957 8388 8386
3 5749 5781 8387
3 5749 8389 8390
3 5749 8387 8389
3 7989 8388 7957
3 7989 8391 8388
3 5717 5749 8390
3 8021 8392 8391
3 8021 8391 7989
3 5685 5717 8390
3 5685 8390 8393
3 8053 8392 8021
3 8053 8394 8392
3 5622 5685 8393
3 5622 8393 8395
3 8085 8396 8394
3 8085 8397 8396
3 8085 8394 8053
3 5621 8395 8398
3 5621 5622 8395
3 8117 8397 8085
3 5589 8398 8399
3 5589 5621 8398
3 8149 8400 8397
3 8149 8397 8117
3 5557 8399 8401
3 5557 5589 8399
3 8181 8402 8400
3 8181 8400 8149
3 5525 5557 8401
3 5525 8401 8403
3 8213 8404 8402
3 8213 8402 8181
3 5462 5525 8403
3 5462 8403 8405
3 8245 8406 8404
3 8245 8404 8213
3 5461 5462 8405
3 5461 8405 8407
3 8277 8406 8245
3 8277 8408 8406
3 5429 5461 8407
3 5429 8407 8409
3 8302 8408 8277
3 8302 8410 8408
3 8302 8411 8410
3 5397 8409 8412
3 5397 5429 8409
3 8315 8411 8302
3 5365 8412 8413
3 5365 5397 8412
3 4372 8414 8411
3 4372 8411 8315
3 5302 8413 8415
3 5302 5365 8413
3 4373 8416 8414
3 4373 8414 4372
3 5270 8415 8417
3 5270 5302 8415
3 4405 8418 8416
3 4405 8416 4373
3 5269 8419 8420
3 5269 8417 8419
3 5269 5270 8417
3 4437 8421 8418
3 4437 8418 4405
3 5237 8420 8422
3 5237 5269 8420
3 4469 8421 4437
3 4469 8423 8421
3 5174 5237 8422
3 4501 8424 8423
3 4501 8423 4469
3 5173 5174 8422
3 5173 8425 8426
3 5173 8422 8425
3 4533 8424 4501
3 4533 8427 8424
3 4533 8428 8427
3 5141 5173 8426
3 4565 8429 8428
3 4565 8428 4533
3 5109 8426 8430
3 5109 5141 8426
3 4597 8429 4565
3 5077 5109 8430
3 5077 8430 8431
3 4629 8429 4597
3 4629 8432 8429
3 5045 5077 8431
3 5045 8431 8433
3 4661 8432 4629
3 4661 8434 8432
3 4661 8435 8434
3 4982 5045 8433
3 4982 8433 8436
3 4662 8435 4661
3 4662 8437 8435
3 4981 4982 8436
3 4981 8436 8438
3 4725 8437 4662
3 4949 4981 8438
3 4949 8439 8440
3 4949 8438 8439
3 4757 8437 4725
3 4757 8441 8437
3 4886 4949 8440
3 4758 8441 4757
3 4758 8442 8441
3 4885 4886 8440
3 4885 8440 8443
3 4821 8444 8442
3 4821 8442 4758
3 4853 8445 8444
3 4853 8443 8445
3 4853 8444 4821
3 4853 4885 8443
3 8446 8318 8316
3 8446 8316 8447
3 8446 8319 8318
3 8446 8448 8319
3 8448 8317 8319
3 8448 8449 8317
3 8447 8316 8317
3 8447 8317 8449
3 8450 8451 8414
3 8450 8414 8416
3 8452 8416 8418
3 8452 8450 8416
3 8453 8418 8421
3 8453 8421 8423
3 8453 8452 8418
3 8454 8453 8423
3 8455 8423 8424
3 8455 8424 8427
3 8455 8454 8423
3 8456 8455 8427
3 8457 8427 8428
3 8457 8428 8429
3 8457 8456 8427
3 8458 8457 8429
3 8459 8429 8432
3 8459 8458 8429
3 8460 8432 8434
3 8460 8459 8432
3 8461 8460 8434
3 8461 8434 8435
3 8462 8461 8435
3 8462 8435 8437
3 8463 8462 8437
3 8463 8437 8441
3 8464 8463 8441
3 8464 8441 8442
3 8465 8464 8442
3 8465 8442 8444
3 8466 8465 8444
3 8466 8444 8445
3 8467 8466 8445
3 8467 8445 8443
3 8468 8467 8443
3 8468 8443 8440
3 8468 8440 8439
3 8469 8468 8439
3 8470 8469 8439
3 8470 8439 8438
3 8471 8470 8438
3 8471 8438 8436
3 8472 8471 8436
3 8472 8436 8433
3 8473 8433 8431
3 8473 8472 8433
3 8473 8431 8430
3 8474 8473 8430
3 8475 8430 8426
3 8475 8426 8425
3 8475 8474 8430
3 8476 8475 8425
3 8477 8425 8422
3 8477 8476 8425
3 8478 8422 8420
3 8478 8477 8422
3 8479 8420 8419
3 8479 8478 8420
3 8480 8419 8417
3 8480 8417 8415
3 8480 8479 8419
3 8481 8480 8415
3 8482 8415 8413
3 8482 8413 8412
3 8482 8481 8415
3 8483 8482 8412
3 8484 8412 8409
3 8484 8483 8412
3 8485 8409 8407
3 8485 8484 8409
3 8486 8407 8405
3 8486 8485 8407
3 8487 8486 8405
3 8487 8405 8403
3 8488 8487 8403
3 8488 8403 8401
3 8489 8488 8401
3 8489 8401 8399
3 8490 8489 8399
3 8490 8399 8398
3 8490 8398 8395
3 8491 8490 8395
3 8492 8491 8395
3 8492 8395 8393
3 8493 8492 8393
3 8493 8393 8390
3 8494 8493 8390
3 8494 8390 8389
3 8494 8389 8387
3 8495 8494 8387
3 8495 8387 8385
3 8496 8495 8385
3 8497 8496 8385
3 8497 8385 8383
3 8498 8497 8383
3 8498 8383 8381
3 8499 8498 8381
3 8499 8381 8379
3 8500 8499 8379
3 8500 8379 8377
3 8500 8377 8375
3 8501 8500 8375
3 8502 8501 8375
3 8502 8375 8373
3 8502 8373 8371
3 8503 8502 8371
3 8504 8503 8371
3 8504 8371 8369
3 8505 8504 8369
3 8505 8369 8367
3 8505 8367 8365
3 8506 8505 8365
3 8506 8365 8363
3 8507 8506 8363
3 8508 8363 8361
3 8508 8507 8363
3 8509 8361 8359
3 8509 8508 8361
3 8510 8359 8357
3 8510 8509 8359
3 8511 8357 8355
3 8511 8510 8357
3 8512 8511 8355
3 8512 8355 8353
3 8513 8512 8353
3 8513 8353 8351
3 8514 8513 8351
3 8514 8351 8349
3 8515 8514 8349
3 8515 8349 8347
3 8516 8515 8347
3 8516 8347 8345
3 8517 8516 8345
3 8517 8345 8343
3 8518 8517 8343
3 8518 8343 8341
3 8518 8341 8339
3 8519 8518 8339
3 8519 8339 8337
3 8520 8519 8337
3 8521 8520 8337
3 8521 8337 8335
3 8522 8521 8335
3 8522 8335 8333
3 8523 8522 8333
3 8523 8333 8331
3 8524 8329 8327
3 8524 8523 8331
3 8524 8331 8329
3 8525 8524 8327
3 8526 8327 8325
3 8526 8525 8327
3 8527 8325 8323
3 8527 8526 8325
3 8528 8323 8321
3 8528 8527 8323
3 8529 8321 8320
3 8529 8528 8321
3 8530 8320 8322
3 8530 8529 8320
3 8531 8322 8324
3 8531 8530 8322
3 8532 8324 8326
3 8532 8531 8324
3 8533 8326 8328
3 8533 8328 8330
3 8533 8532 8326
3 8534 8533 8330
3 8535 8330 8332
3 8535 8534 8330
3 8536 8332 8334
3 8536 8334 8336
3 8536 8535 8332
3 8537 8536 8336
3 8537 8336 8338
3 8538 8537 8338
3 8539 8538 8338
3 8539 8338 8340
3 8540 8539 8340
3 8540 8340 8342
3 8540 8342 8344
3 8541 8540 8344
3 8542 8344 8346
3 8542 8346 8348
3 8542 8541 8344
3 8543 8542 8348
3 8544 8348 8350
3 8544 8543 8348
3 8545 8350 8352
3 8545 8352 8354
3 8545 8544 8350
3 8546 8545 8354
3 8547 8354 8356
3 8547 8356 8358
3 8547 8546 8354
3 8548 8547 8358
3 8549 8358 8360
3 8549 8360 8362
3 8549 8548 8358
3 8550 8362 8364
3 8550 8549 8362
3 8551 8550 8364
3 8552 8364 8366
3 8552 8366 8368
3 8552 8551 8364
3 8553 8368 8370
3 8553 8552 8368
3 8554 8553 8370
3 8555 8370 8372
3 8555 8554 8370
3 8556 8372 8374
3 8556 8374 8376
3 8556 8555 8372
3 8557 8556 8376
3 8558 8376 8378
3 8558 8378 8380
3 8558 8557 8376
3 8559 8558 8380
3 8560 8380 8382
3 8560 8382 8384
3 8560 8559 8380
3 8561 8560 8384
3 8562 8561 8384
3 8562 8384 8386
3 8563 8562 8386
3 8563 8386 8388
3 8564 8563 8388
3 8564 8388 8391
3 8564 8391 8392
3 8565 8564 8392
3 8566 8565 8392
3 8566 8392 8394
3 8567 8566 8394
3 8567 8394 8396
3 8567 8396 8397
3 8568 8567 8397
3 8569 8568 8397
3 8569 8397 8400
3 8570 8569 8400
3 8570 8400 8402
3 8571 8570 8402
3 8571 8402 8404
3 8572 8571 8404
3 8572 8404 8406
3 8572 8406 8408
3 8573 8572 8408
3 8574 8408 8410
3 8574 8573 8408
3 8574 8410 8411
3 8575 8574 8411
3 8451 8411 8414
3 8451 8575 8411
3 8448 8447 8449
3 8448 8446 8447
3 8576 8529 8530
3 8577 8528 8529
3 8577 8529 8576
3 8578 8530 8531
3 8578 8576 8530
3 8579 8528 8577
3 8579 8527 8528
3 8580 8578 8531
3 8580 8531 8532
3 8581 8527 8579
3 8581 8526 8527
3 8582 8532 8533
3 8582 8580 8532
3 8583 8526 8581
3 8583 8525 8526
3 8584 8582 8533
3 8584 8533 8534
3 8585 8525 8583
3 8585 8524 8525
3 8586 8534 8535
3 8586 8584 8534
3 8587 8524 8585
3 8587 8523 8524
3 8588 8586 8535
3 8588 8535 8536
3 8589 8523 8587
3 8589 8522 8523
3 8590 8536 8537
3 8590 8588 8536
3 8591 8522 8589
3 8591 8521 8522
3 8592 8590 8537
3 8592 8537 8538
3 8593 8521 8591
3 8593 8520 8521
3 8594 8592 8538
3 8594 8538 8539
3 8595 8520 8593
3 8595 8519 8520
3 8596 8594 8539
3 8596 8539 8540
3 8597 8519 8595
3 8597 8518 8519
3 8598 8596 8540
3 8598 8540 8541
3 8599 8518 8597
3 8599 8517 8518
3 8600 8598 8541
3 8600 8541 8542
3 8601 8516 8517
3 8601 8517 8599
3 8602 8600 8542
3 8602 8542 8543
3 8603 8515 8516
3 8603 8516 8601
3 8604 8602 8543
3 8604 8543 8544
3 8605 8514 8515
3 8605 8515 8603
3 8606 8604 8544
3 8606 8544 8545
3 8607 8513 8514
3 8607 8514 8605
3 8608 8606 8545
3 8608 8545 8546
3 8609 8512 8513
3 8609 8513 8607
3 8610 8608 8546
3 8610 8546 8547
3 8611 8511 8512
3 8611 8512 8609
3 8612 8610 8547
3 8612 8547 8548
3 8613 8511 8611
3 8613 8510 8511
3 8614 8612 8548
3 8614 8548 8549
3 8615 8510 8613
3 8615 8509 8510
3 8616 8614 8549
3 8616 8549 8550
3 8617 8509 8615
3 8617 8508 8509
3 8618 8550 8551
3 8618 8616 8550
3 8619 8508 8617
3 8619 8507 8508
3 8620 8551 8552
3 8620 8618 8551
3 8621 8507 8619
3 8621 8506 8507
3 8622 8552 8553
3 8622 8620 8552
3 8623 8506 8621
3 8623 8505 8506
3 8624 8553 8554
3 8624 8622 8553
3 8625 8505 8623
3 8625 8504 8505
3 8626 8554 8555
3 8626 8624 8554
3 8627 8503 8504
3 8627 8504 8625
3 8628 8626 8555
3 8556 8628 8555
3 8629 8502 8503
3 8629 8503 8627
3 8630 8628 8556
3 8557 8630 8556
3 8631 8501 8502
3 8631 8502 8629
3 8632 8630 8557
3 8633 8500 8501
3 8633 8501 8631
3 8558 8632 8557
3 8634 8632 8558
3 8635 8499 8500
3 8635 8500 8633
3 8559 8634 8558
3 8636 8634 8559
3 8637 8498 8499
3 8637 8499 8635
3 8560 8636 8559
3 8638 8636 8560
3 8639 8498 8637
3 8497 8498 8639
3 8561 8638 8560
3 8561 8640 8638
3 8641 8497 8639
3 8496 8497 8641
3 8562 8640 8561
3 8562 8642 8640
3 8643 8496 8641
3 8495 8496 8643
3 8644 8495 8643
3 8563 8642 8562
3 8563 8645 8642
3 8494 8495 8644
3 8646 8494 8644
3 8564 8645 8563
3 8564 8647 8645
3 8493 8494 8646
3 8493 8646 8648
3 8565 8647 8564
3 8565 8649 8647
3 8492 8493 8648
3 8492 8650 8651
3 8492 8648 8650
3 8566 8649 8565
3 8566 8652 8649
3 8491 8492 8651
3 8491 8651 8653
3 8567 8654 8652
3 8567 8652 8566
3 8490 8491 8653
3 8490 8653 8655
3 8568 8654 8567
3 8568 8656 8654
3 8489 8655 8657
3 8489 8490 8655
3 8569 8656 8568
3 8569 8658 8656
3 8488 8657 8659
3 8488 8489 8657
3 8570 8660 8658
3 8570 8658 8569
3 8487 8659 8661
3 8487 8488 8659
3 8571 8662 8660
3 8571 8660 8570
3 8486 8487 8661
3 8486 8661 8663
3 8572 8664 8662
3 8572 8662 8571
3 8485 8486 8663
3 8485 8663 8665
3 8573 8666 8664
3 8573 8664 8572
3 8484 8485 8665
3 8484 8667 8668
3 8484 8665 8667
3 8574 8666 8573
3 8574 8669 8666
3 8483 8484 8668
3 8483 8668 8670
3 8575 8669 8574
3 8575 8671 8669
3 8482 8483 8670
3 8482 8670 8672
3 8451 8671 8575
3 8451 8673 8671
3 8481 8482 8672
3 8481 8672 8674
3 8450 8675 8451
3 8480 8481 8674
3 8480 8674 8676
3 8677 8675 8450
3 8452 8677 8450
3 8479 8676 8678
3 8479 8480 8676
3 8679 8677 8452
3 8453 8679 8452
3 8680 8679 8453
3 8478 8678 8681
3 8478 8479 8678
3 8454 8680 8453
3 8682 8680 8454
3 8477 8681 8683
3 8477 8478 8681
3 8455 8682 8454
3 8684 8682 8455
3 8476 8477 8683
3 8476 8685 8686
3 8476 8683 8685
3 8456 8687 8684
3 8456 8684 8455
3 8475 8686 8688
3 8475 8476 8686
3 8457 8689 8687
3 8457 8687 8456
3 8474 8475 8688
3 8474 8688 8690
3 8458 8689 8457
3 8458 8691 8689
3 8473 8474 8690
3 8473 8690 8692
3 8459 8691 8458
3 8459 8693 8691
3 8472 8473 8692
3 8472 8692 8694
3 8460 8693 8459
3 8460 8695 8693
3 8460 8696 8695
3 8471 8694 8697
3 8471 8472 8694
3 8461 8698 8696
3 8461 8696 8460
3 8470 8699 8700
3 8470 8697 8699
3 8470 8471 8697
3 8462 8701 8698
3 8462 8698 8461
3 8469 8700 8702
3 8469 8470 8700
3 8463 8701 8462
3 8463 8703 8701
3 8468 8469 8702
3 8468 8702 8704
3 8464 8705 8703
3 8464 8703 8463
3 8467 8704 8706
3 8467 8468 8704
3 8465 8707 8705
3 8465 8708 8707
3 8465 8705 8464
3 8466 8706 8708
3 8466 8708 8465
3 8466 8467 8706
3 8709 8451 8675
3 8710 8675 8677
3 8710 8709 8675
3 8711 8677 8679
3 8711 8710 8677
3 8712 8679 8680
3 8712 8711 8679
3 8713 8680 8682
3 8713 8712 8680
3 8714 8682 8684
3 8714 8713 8682
3 8715 8684 8687
3 8715 8714 8684
3 8716 8687 8689
3 8716 8689 8691
3 8716 8715 8687
3 8717 8691 8693
3 8717 8716 8691
3 8718 8693 8695
3 8718 8717 8693
3 8719 8695 8696
3 8719 8718 8695
3 8720 8696 8698
3 8720 8719 8696
3 8721 8698 8701
3 8721 8720 8698
3 8722 8701 8703
3 8722 8721 8701
3 8723 8703 8705
3 8723 8722 8703
3 8724 8705 8707
3 8724 8707 8708
3 8724 8723 8705
3 8725 8724 8708
3 8725 8708 8706
3 8726 8725 8706
3 8726 8706 8704
3 8727 8726 8704
3 8727 8704 8702
3 8728 8727 8702
3 8728 8702 8700
3 8729 8728 8700
3 8729 8700 8699
3 8730 8699 8697
3 8730 8729 8699
3 8731 8697 8694
3 8731 8730 8697
3 8732 8731 8694
3 8732 8694 8692
3 8733 8692 8690
3 8733 8732 8692
3 8734 8690 8688
3 8734 8688 8686
3 8734 8733 8690
3 8735 8686 8685
3 8735 8734 8686
3 8736 8685 8683
3 8736 8735 8685
3 8737 8683 8681
3 8737 8736 8683
3 8738 8681 8678
3 8738 8737 8681
3 8739 8678 8676
3 8739 8738 8678
3 8740 8676 8674
3 8740 8739 8676
3 8741 8674 8672
3 8741 8740 8674
3 8742 8672 8670
3 8742 8741 8672
3 8743 8670 8668
3 8743 8742 8670
3 8744 8668 8667
3 8744 8743 8668
3 8745 8667 8665
3 8745 8744 8667
3 8746 8665 8663
3 8746 8745 8665
3 8747 8663 8661
3 8747 8746 8663
3 8748 8661 8659
3 8748 8747 8661
3 8749 8748 8659
3 8749 8659 8657
3 8750 8749 8657
3 8750 8657 8655
3 8751 8655 8653
3 8751 8750 8655
3 8752 8751 8653
3 8752 8653 8651
3 8753 8651 8650
3 8753 8650 8648
3 8753 8752 8651
3 8754 8646 8755
3 8754 8753 8648
3 8754 8648 8646
3 8756 8755 8757
3 8756 8754 8755
3 8758 8757 8759
3 8758 8756 8757
3 8760 8759 8761
3 8760 8758 8759
3 8762 8761 8763
3 8762 8763 8764
3 8762 8760 8761
3 8765 8762 8764
3 8765 8764 8766
3 8767 8766 8768
3 8767 8765 8766
3 8769 8768 8770
3 8769 8767 8768
3 8771 8770 8772
3 8771 8769 8770
3 8773 8772 8774
3 8773 8774 8775
3 8773 8771 8772
3 8776 8775 8777
3 8776 8773 8775
3 8778 8777 8779
3 8778 8776 8777
3 8780 8779 8781
3 8780 8778 8779
3 8782 8781 8783
3 8782 8780 8781
3 8784 8783 8785
3 8784 8785 8786
3 8784 8782 8783
3 8787 8786 8788
3 8787 8784 8786
3 8789 8788 8790
3 8789 8787 8788
3 8791 8789 8790
3 8791 8790 8792
3 8793 8791 8792
3 8793 8792 8794
3 8795 8793 8794
3 8795 8794 8796
3 8795 8796 8797
3 8798 8795 8797
3 8798 8797 8799
3 8800 8798 8799
3 8800 8799 8801
3 8802 8800 8801
3 8802 8801 8803
3 8804 8802 8803
3 8804 8803 8805
3 8806 8804 8805
3 8806 8805 8807
3 8806 8807 8808
3 8809 8806 8808
3 8809 8808 8810
3 8811 8809 8810
3 8811 8810 8812
3 8813 8811 8812
3 8813 8812 8814
3 8815 8813 8814
3 8815 8814 8816
3 8817 8815 8816
3 8817 8816 8818
3 8817 8818 8819
3 8820 8817 8819
3 8820 8819 8821
3 8822 8820 8821
3 8822 8821 8823
3 8824 8823 8825
3 8824 8822 8823
3 8826 8825 8827
3 8826 8824 8825
3 8828 8827 8829
3 8828 8829 8830
3 8828 8826 8827
3 8831 8828 8830
3 8831 8830 8832
3 8833 8832 8834
3 8833 8831 8832
3 8835 8834 8836
3 8835 8833 8834
3 8837 8836 8838
3 8837 8835 8836
3 8839 8837 8838
3 8839 8838 8840
3 8839 8840 8841
3 8842 8841 8843
3 8842 8839 8841
3 8844 8842 8843
3 8844 8843 8845
3 8846 8844 8845
3 8846 8845 8847
3 8848 8846 8847
3 8848 8847 8849
3 8850 8848 8849
3 8850 8849 8851
3 8850 8851 8852
3 8853 8850 8852
3 8853 8852 8854
3 8855 8853 8854
3 8855 8854 8856
3 8857 8855 8856
3 8857 8856 8858
3 8859 8857 8858
3 8859 8858 8860
3 8861 8859 8860
3 8861 8860 8862
3 8861 8862 8863
3 8864 8861 8863
3 8864 8863 8865
3 8866 8864 8865
3 8866 8865 8867
3 8868 8866 8867
3 8868 8867 8869
3 8870 8868 8869
3 8870 8869 8871
3 8872 8870 8871
3 8872 8871 8873
3 8872 8873 8874
3 8875 8872 8874
3 8875 8874 8876
3 8877 8875 8876
3 8877 8876 8878
3 8879 8877 8878
3 8879 8878 8880
3 8881 8879 8880
3 8881 8880 8882
3 8883 8881 8882
3 8883 8882 8884
3 8885 8883 8884
3 8885 8884 8886
3 8885 8886 8887
3 8888 8885 8887
3 8888 8887 8889
3 8890 8888 8889
3 8890 8889 8891
3 8892 8891 8893
3 8892 8890 8891
3 8894 8893 8895
3 8894 8892 8893
3 8896 8895 8897
3 8896 8897 8898
3 8896 8894 8895
3 8899 8898 8900
3 8899 8896 8898
3 8901 8900 8902
3 8901 8899 8900
3 8903 8902 8904
3 8903 8901 8902
3 8905 8904 8906
3 8905 8903 8904
3 8907 8906 8908
3 8907 8908 8909
3 8907 8905 8906
3 8910 8909 8911
3 8910 8907 8909
3 8912 8911 8913
3 8912 8910 8911
3 8914 8913 8915
3 8914 8912 8913
3 8916 8915 8917
3 8916 8914 8915
3 8918 8917 8919
3 8918 8919 8920
3 8918 8916 8917
3 8921 8920 8922
3 8921 8918 8920
3 8923 8922 8924
3 8923 8921 8922
3 8925 8924 8926
3 8925 8923 8924
3 8927 8926 8928
3 8927 8925 8926
3 8929 8928 8930
3 8929 8930 8931
3 8929 8927 8928
3 8932 8929 8931
3 8932 8931 8933
3 8934 8933 8935
3 8934 8932 8933
3 8936 8935 8937
3 8936 8934 8935
3 8938 8937 8939
3 8938 8936 8937
3 8940 8938 8939
3 8940 8939 8941
3 8940 8941 8942
3 8943 8942 8944
3 8943 8940 8942
3 8945 8943 8944
3 8945 8944 8946
3 8947 8945 8946
3 8947 8946 8948
3 8949 8947 8948
3 8949 8948 8950
3 8949 8950 8951
3 8952 8951 8953
3 8952 8949 8951
3 8954 8952 8953
3 8954 8953 8955
3 8956 8954 8955
3 8956 8955 8957
3 8958 8956 8957
3 8958 8957 8959
3 8960 8958 8959
3 8960 8959 8961
3 8960 8961 8962
3 8963 8960 8962
3 8963 8962 8964
3 8965 8963 8964
3 8965 8964 8966
3 8967 8965 8966
3 8967 8966 8968
3 8969 8967 8968
3 8969 8968 8970
3 8971 8969 8970
3 8971 8970 8972
3 8971 8972 8973
3 8974 8971 8973
3 8974 8973 8975
3 8976 8974 8975
3 8976 8975 8977
3 8978 8976 8977
3 8978 8977 8979
3 8980 8978 8979
3 8980 8979 8981
3 8982 8980 8981
3 8982 8981 8983
3 8982 8983 8984
3 8985 8982 8984
3 8985 8984 8986
3 8987 8986 8988
3 8987 8985 8986
3 8989 8988 8990
3 8989 8987 8988
3 8991 8990 8992
3 8991 8989 8990
3 8993 8991 8992
3 8993 8992 8994
3 8995 8993 8994
3 8995 8994 8996
3 8995 8996 8997
3 8998 8995 8997
3 8998 8997 8999
3 9000 8998 8999
3 9000 8999 9001
3 9002 9000 9001
3 9002 9001 9003
3 9004 9003 9005
3 9004 9002 9003
3 9006 9004 9005
3 9006 9005 9007
3 9006 9007 9008
3 9009 9006 9008
3 9009 9008 9010
3 9011 9010 9012
3 9011 9009 9010
3 9013 9012 9014
3 9013 9011 9012
3 9015 9014 9016
3 9015 9013 9014
3 9017 9016 9018
3 9017 9018 9019
3 9017 9015 9016
3 9020 9019 9021
3 9020 9017 9019
3 9022 9021 9023
3 9022 9020 9021
3 9024 9023 9025
3 9024 9022 9023
3 9026 9025 9027
3 9026 9024 9025
3 9028 9027 9029
3 9028 9029 9030
3 9028 9026 9027
3 9031 9030 9032
3 9031 9028 9030
3 9033 9032 9034
3 9033 9031 9032
3 9035 9034 9036
3 9035 9033 9034
3 9037 9036 9038
3 9037 9035 9036
3 9039 9038 9040
3 9039 9040 9041
3 9039 9037 9038
3 9042 9039 9041
3 9042 9041 9043
3 9044 9043 9045
3 9044 9042 9043
3 9046 9044 9045
3 9046 9045 9047
3 9048 9046 9047
3 9048 9047 9049
3 9050 9049 9051
3 9050 9051 9052
3 9050 9048 9049
3 9053 9050 9052
3 9053 9052 9054
3 9055 9054 9056
3 9055 9053 9054
3 9057 9056 9058
3 9057 9055 9056
3 9059 9058 9060
3 9059 9057 9058
3 9061 9060 9062
3 9061 9062 9063
3 9061 9059 9060
3 9064 9063 9065
3 9064 9061 9063
3 9066 9065 9067
3 9066 9064 9065
3 9068 9067 9069
3 9068 9066 9067
3 9070 9068 9069
3 9070 9069 9071
3 9072 9071 9073
3 9072 9073 9074
3 9072 9070 9071
3 9075 9074 9076
3 9075 9072 9074
3 9077 9076 9078
3 9077 9075 9076
3 9079 9078 9080
3 9079 9077 9078
3 9081 9080 9082
3 9081 9079 9080
3 9083 9082 9084
3 9083 9084 9085
3 9083 9081 9082
3 9086 9085 9087
3 9086 9083 9085
3 9088 9087 9089
3 9088 9086 9087
3 9090 9089 9091
3 9090 9088 9089
3 9092 9091 9093
3 9092 9090 9091
3 9094 9092 9093
3 9094 9093 9095
3 9094 9095 9096
3 9097 9096 9098
3 9097 9094 9096
3 9099 9097 9098
3 9099 9098 9100
3 9101 9099 9100
3 9101 9100 9102
3 9103 9101 9102
3 9103 9102 9104
3 9105 9103 9104
3 9105 9104 9106
3 9105 9106 9107
3 9108 9105 9107
3 9108 9107 9109
3 9110 9108 9109
3 9110 9109 9111
3 9112 9110 9111
3 9112 9111 9113
3 9114 9112 9113
3 9114 9113 9115
3 9116 9114 9115
3 9116 9115 9117
3 9116 9117 9118
3 9119 9116 9118
3 9119 9118 9120
3 9121 9119 9120
3 9121 9120 9122
3 9123 9121 9122
3 9123 9122 9124
3 9125 9124 9126
3 9125 9123 9124
3 9127 9126 9128
3 9127 9128 9129
3 9127 9125 9126
3 9130 9127 9129
3 9130 9129 9131
3 9132 9131 9133
3 9132 9130 9131
3 9134 9133 9135
3 9134 9132 9133
3 9136 9135 9137
3 9136 9134 9135
3 9138 9137 9139
3 9138 9139 9140
3 9138 9136 9137
3 9141 9140 9142
3 9141 9138 9140
3 9143 9142 9144
3 9143 9141 9142
3 9145 9143 9144
3 9145 9144 9146
3 9147 9145 9146
3 9147 9146 9148
3 9149 9147 9148
3 9149 9148 9150
3 9149 9150 9151
3 9152 9151 9153
3 9152 9149 9151
3 9154 9152 9153
3 9154 9153 9155
3 9156 9154 9155
3 9156 9155 9157
3 9158 9156 9157
3 9158 9157 9159
3 9160 9158 9159
3 9160 9159 9161
3 9160 9161 9162
3 9163 9160 9162
3 9163 9162 9164
3 9165 9163 9164
3 9165 9164 9166
3 9167 9165 9166
3 9167 9166 9168
3 9169 9167 9168
3 9169 9168 9170
3 9171 9169 9170
3 9171 9170 9172
3 9171 9172 9173
3 9174 9171 9173
3 9174 9173 9175
3 9176 9174 9175
3 9176 9175 9177
3 9178 9176 9177
3 9178 9177 9179
3 9180 9178 9179
3 9180 9179 9181
3 9182 9180 9181
3 9182 9181 9183
3 9182 9183 9184
3 9185 9182 9184
3 9185 9184 9186
3 9187 9185 9186
3 9187 9186 9188
3 9189 9187 9188
3 9189 9188 9190
3 9191 9189 9190
3 9191 9190 9192
3 9193 9191 9192
3 9193 9192 9194
3 9195 9196 9197
3 9195 9193 9194
3 9195 9194 9196
3 9198 9197 9199
3 9198 9195 9197
3 9200 9199 9201
3 9200 9198 9199
3 9202 9201 9203
3 9202 9200 9201
3 9204 9203 9205
3 9204 9202 9203
3 9206 9205 9207
3 9206 9207 9208
3 9206 9204 9205
3 9209 9208 9210
3 9209 9206 9208
3 9211 9210 9212
3 9211 9209 9210
3 9213 9212 9214
3 9213 9211 9212
3 9215 9214 9216
3 9215 9213 9214
3 9217 9216 9218
3 9217 9218 9219
3 9217 9215 9216
3 9220 9219 9221
3 9220 9217 9219
3 9222 9221 9223
3 9222 9220 9221
3 9224 9223 9225
3 9224 9222 9223
3 9226 9225 9227
3 9226 9224 9225
3 9228 9227 9229
3 9228 9229 9230
3 9228 9226 9227
3 9231 9230 9232
3 9231 9228 9230
3 9233 9232 9234
3 9233 9231 9232
3 9235 9234 9236
3 9235 9233 9234
3 9237 9235 9236
3 9237 9236 9238
3 9239 9237 9238
3 9239 9238 9240
3 9239 9240 9241
3 9242 9241 9243
3 9242 9239 9241
3 9244 9243 9245
3 9244 9242 9243
3 9246 9245 9247
3 9246 9244 9245
3 9248 9246 9247
3 9248 9247 9249
3 9248 9249 9250
3 9251 9250 9252
3 9251 9248 9250
3 9253 9252 9254
3 9253 9251 9252
3 9255 9254 9256
3 9255 9253 9254
3 9257 9256 9258
3 9257 9255 9256
3 9259 9258 9260
3 9259 9260 9261
3 9259 9257 9258
3 9262 9261 9263
3 9262 9259 9261
3 9264 9263 9265
3 9264 9262 9263
3 9266 9265 9267
3 9266 9264 9265
3 9268 9267 9269
3 9268 9266 9267
3 9270 9269 9271
3 9270 9271 9272
3 9270 9268 9269
3 9273 9272 9274
3 9273 9270 9272
3 9275 9274 9276
3 9275 9273 9274
3 9277 9276 9278
3 9277 9275 9276
3 9279 9278 9280
3 9279 9277 9278
3 9281 9280 9282
3 9281 9282 9283
3 9281 9279 9280
3 9284 9283 9285
3 9284 9281 9283
3 9286 9285 9287
3 9286 9284 9285
3 9288 9287 9289
3 9288 9286 9287
3 9290 9288 9289
3 9290 9289 9291
3 9292 9291 9293
3 9292 9293 9294
3 9292 9290 9291
3 9295 9294 9296
3 9295 9292 9294
3 9297 9295 9296
3 9297 9296 9298
3 9299 9297 9298
3 9299 9298 9300
3 9301 9299 9300
3 9301 9300 9302
3 9303 9301 9302
3 9303 9302 9304
3 9303 9304 9305
3 9306 9303 9305
3 9306 9305 9307
3 9308 9306 9307
3 9308 9307 9309
3 9310 9308 9309
3 9310 9309 9311
3 9312 9310 9311
3 9312 9311 9313
3 9314 9312 9313
3 9314 9313 9315
3 9314 9315 9316
3 9317 9316 9318
3 9317 9314 9316
3 9319 9317 9318
3 9319 9318 9320
3 9321 9320 9322
3 9321 9319 9320
3 9323 9322 9324
3 9323 9321 9322
3 9325 9324 9326
3 9325 9326 9327
3 9325 9323 9324
3 9328 9325 9327
3 9328 9327 9329
3 9330 9329 9331
3 9330 9328 9329
3 9332 9331 9333
3 9332 9330 9331
3 9334 9333 9335
3 9334 9332 9333
3 9336 9335 9337
3 9336 9337 9338
3 9336 9334 9335
3 9339 9338 9340
3 9339 9336 9338
3 9341 9340 9342
3 9341 9339 9340
3 9343 9342 9344
3 9343 9341 9342
3 9345 9343 9344
3 9345 9344 9346
3 9347 9345 9346
3 9347 9346 9348
3 9347 9348 9349
3 9350 9349 9351
3 9350 9347 9349
3 9352 9350 9351
3 9352 9351 9353
3 9354 9352 9353
3 9354 9353 9355
3 9356 9354 9355
3 9356 9355 9357
3 9358 9356 9357
3 9358 9357 9359
3 9358 9359 9360
3 9361 9358 9360
3 9361 9360 9362
3 9363 9361 9362
3 9363 9362 9364
3 9365 9363 9364
3 9365 9364 9366
3 9367 9365 9366
3 9367 9366 9368
3 9369 9367 9368
3 9369 9368 9370
3 9369 9370 9371
3 9372 9369 9371
3 9372 9371 9373
3 9374 9372 9373
3 9374 9373 9375
3 9376 9374 9375
3 9376 9375 9377
3 9378 9376 9377
3 9378 9377 9379
3 9380 9378 9379
3 9380 9379 9381
3 9380 9381 9382
3 9383 9380 9382
3 9383 9382 9384
3 9385 9383 9384
3 9385 9384 9386
3 9387 9385 9386
3 9387 9386 9388
3 9389 9388 9390
3 9389 9387 9388
3 9391 9390 9392
3 9391 9392 9393
3 9391 9389 9390
3 9394 9391 9393
3 9394 9393 9395
3 9396 9395 9397
3 9396 9394 9395
3 9398 9396 9397
3 9398 9397 9399
3 9400 9398 9399
3 9400 9399 9401
3 9402 9400 9401
3 9402 9401 9403
3 9402 9403 9404
3 9405 9404 9406
3 9405 9402 9404
3 9407 9405 9406
3 9407 9406 9408
3 9409 9407 9408
3 9409 9408 9410
3 9411 9409 9410
3 9411 9410 9412
3 9413 9411 9412
3 9413 9412 9414
3 9413 9414 9415
3 9416 9415 9417
3 9416 9413 9415
3 9418 9417 9419
3 9418 9416 9417
3 9420 9419 9421
3 9420 9418 9419
3 9422 9421 9423
3 9422 9420 9421
3 9424 9423 9425
3 9424 9422 9423
3 9426 9425 9427
3 9426 9427 9428
3 9426 9424 9425
3 9429 9428 9430
3 9429 9426 9428
3 9431 9430 9432
3 9431 9429 9430
3 9433 9432 9434
3 9433 9431 9432
3 9435 9434 9436
3 9435 9433 9434
3 9437 9436 9438
3 9437 9438 9439
3 9437 9435 9436
3 9440 9439 9441
3 9440 9437 9439
3 9442 9441 9443
3 9442 9440 9441
3 9444 9443 9445
3 9444 9442 9443
3 9446 9445 9447
3 9446 9444 9445
3 9448 9446 9447
3 9448 9447 9449
3 9448 9449 9450
3 9451 9448 9450
3 9451 9450 9452
3 9453 9451 9452
3 9453 9452 9454
3 9455 9453 9454
3 9455 9454 9456
3 9457 9455 9456
3 9457 9456 9458
3 9459 9457 9458
3 9459 9458 9460
3 9459 9460 9461
3 9462 9461 9463
3 9462 9459 9461
3 9464 9463 9465
3 9464 9462 9463
3 9466 9465 9467
3 9466 9464 9465
3 9468 9467 9469
3 9468 9466 9467
3 9470 9469 9471
3 9470 9471 9472
3 9470 9468 9469
3 9473 9472 9474
3 9473 9470 9472
3 9475 9474 9476
3 9475 9473 9474
3 9477 9476 9478
3 9477 9475 9476
3 9479 9478 9480
3 9479 9477 9478
3 9481 9480 9482
3 9481 9482 9483
3 9481 9479 9480
3 9484 9483 9485
3 9484 9481 9483
3 9486 9485 9487
3 9486 9484 9485
3 9488 9487 9489
3 9488 9486 9487
3 9490 9489 9491
3 9490 9488 9489
3 9492 9491 9493
3 9492 9493 9494
3 9492 9490 9491
3 9495 9494 9496
3 9495 9492 9494
3 9497 9496 9498
3 9497 9495 9496
3 9499 9497 9498
3 9499 9498 9500
3 9501 9499 9500
3 9501 9500 9502
3 9503 9501 9502
3 9503 9502 9504
3 9503 9504 9505
3 9506 9505 9507
3 9506 9503 9505
3 9508 9506 9507
3 9508 9507 9509
3 9510 9508 9509
3 9510 9509 9511
3 9512 9510 9511
3 9512 9511 9513
3 9514 9512 9513
3 9514 9513 9515
3 9514 9515 9516
3 9517 9514 9516
3 9517 9516 9518
3 9519 9517 9518
3 9519 9518 9520
3 9521 9519 9520
3 9521 9520 9522
3 9523 9521 9522
3 9523 9522 9524
3 9525 9523 9524
3 9525 9524 9526
3 9525 9526 9527
3 9528 9525 9527
3 9528 9527 9529
3 9530 9529 9531
3 9530 9528 9529
3 9532 9531 9533
3 9532 9530 9531
3 9534 9533 9535
3 9534 9532 9533
3 9536 9534 9535
3 9536 9535 9537
3 9536 9537 9538
3 9539 9536 9538
3 9539 9538 9540
3 9541 9540 9542
3 9541 9539 9540
3 9543 9542 9544
3 9543 9541 9542
3 9545 9544 9546
3 9545 9546 9547
3 9545 9543 9544
3 9548 9547 9549
3 9548 9545 9547
3 9550 9548 9549
3 9550 9549 9551
3 9552 9550 9551
3 9552 9551 9553
3 9554 9552 9553
3 9554 9553 9555
3 9556 9554 9555
3 9556 9555 9557
3 9556 9557 9558
3 9559 9556 9558
3 9559 9558 9560
3 9561 9559 9560
3 9561 9560 9562
3 9563 9561 9562
3 9563 9562 9564
3 9565 9563 9564
3 9565 9564 9566
3 9567 9565 9566
3 9567 9566 9568
3 9567 9568 9569
3 9570 9567 9569
3 9570 9569 9571
3 9572 9570 9571
3 9572 9571 9573
3 9574 9572 9573
3 9574 9573 9575
3 9576 9574 9575
3 9576 9575 9577
3 9578 9576 9577
3 9578 9577 9579
3 9578 9579 9580
3 9581 9578 9580
3 9581 9580 9582
3 9583 9581 9582
3 9583 9582 9584
3 9585 9583 9584
3 9585 9584 9586
3 9587 9585 9586
3 9587 9586 9588
3 9589 9587 9588
3 9589 9588 9590
3 9589 9590 9591
3 9592 9589 9591
3 9592 9591 9593
3 9594 9592 9593
3 9594 9593 9595
3 9596 9594 9595
3 9596 9595 9597
3 9598 9596 9597
3 9598 9597 9599
3 9600 9599 9601
3 9600 9601 9602
3 9600 9598 9599
3 9603 9602 9604
3 9603 9600 9602
3 9605 9604 9606
3 9605 9603 9604
3 9607 9606 9608
3 9607 9605 9606
3 9609 9608 9610
3 9609 9607 9608
3 9611 9610 9612
3 9611 9612 9613
3 9611 9609 9610
3 9614 9613 9615
3 9614 9611 9613
3 9616 9615 9617
3 9616 9614 9615
3 9618 9617 9619
3 9618 9616 9617
3 9620 9619 9621
3 9620 9618 9619
3 9622 9621 9623
3 9622 9623 9624
3 9622 9620 9621
3 9625 9624 9626
3 9625 9622 9624
3 9627 9626 9628
3 9627 9625 9626
3 9629 9628 9630
3 9629 9627 9628
3 9631 9630 9632
3 9631 9629 9630
3 9633 9632 9634
3 9633 9634 9635
3 9633 9631 9632
3 9636 9635 9637
3 9636 9633 9635
3 9638 9637 9639
3 9638 9636 9637
3 9640 9639 9641
3 9640 9638 9639
3 9642 9641 9643
3 9642 9640 9641
3 9644 9643 9645
3 9644 9645 9646
3 9644 9642 9643
3 9647 9646 9648
3 9647 9644 9646
3 9649 9648 9650
3 9649 9647 9648
3 9651 9649 9650
3 9651 9650 9652
3 9653 9651 9652
3 9653 9652 9654
3 9655 9653 9654
3 9655 9654 9656
3 9655 9656 9657
3 9658 9657 9659
3 9658 9655 9657
3 9660 9658 9659
3 9660 9659 9661
3 9662 9660 9661
3 9662 9661 9663
3 9664 9662 9663
3 9664 9663 9665
3 9666 9664 9665
3 9666 9665 9667
3 9666 9667 9668
3 9669 9668 9670
3 9669 9666 9668
3 9671 9670 9672
3 9671 9669 9670
3 9673 9672 9674
3 9673 9671 9672
3 9675 9674 9676
3 9675 9673 9674
3 9677 9675 9676
3 9677 9676 9678
3 9679 9678 9680
3 9679 9680 9681
3 9679 9677 9678
3 9682 9681 9683
3 9682 9679 9681
3 9684 9683 9685
3 9684 9682 9683
3 9686 9685 9687
3 9686 9684 9685
3 9688 9687 9689
3 9688 9686 9687
3 9690 9689 9691
3 9690 9691 9692
3 9690 9688 9689
3 9693 9692 9694
3 9693 9690 9692
3 9695 9694 9696
3 9695 9693 9694
3 9697 9696 9698
3 9697 9695 9696
3 9699 9697 9698
3 9699 9698 9700
3 9701 9699 9700
3 9701 9700 9702
3 9701 9702 9703
3 9704 9701 9703
3 9704 9703 9705
3 9706 9704 9705
3 9706 9705 9707
3 9708 9706 9707
3 9708 9707 9709
3 9710 9708 9709
3 9710 9709 9711
3 9712 9710 9711
3 9712 9711 9713
3 9712 9713 9714
3 9715 9712 9714
3 9715 9714 9716
3 9717 9715 9716
3 9717 9716 9718
3 9719 9717 9718
3 9719 9718 9720
3 9721 9719 9720
3 9721 9720 9722
3 9723 9721 9722
3 9723 9722 9724
3 9723 9724 9725
3 9726 9723 9725
3 9726 9725 9727
3 9728 9726 9727
3 9728 9727 9729
3 9730 9728 9729
3 9730 9729 9731
3 9732 9730 9731
3 9732 9731 9733
3 9734 9732 9733
3 9734 9733 9735
3 9734 9735 9736
3 9737 9734 9736
3 9737 9736 9738
3 9739 9738 9740
3 9739 9737 9738
3 9741 9740 9742
3 9741 9739 9740
3 9743 9742 9744
3 9743 9741 9742
3 9745 9744 9746
3 9745 9746 9747
3 9745 9743 9744
3 9748 9747 9749
3 9748 9745 9747
3 9750 9748 9749
3 9750 9749 9751
3 9752 9750 9751
3 9752 9751 9753
3 9754 9752 9753
3 9754 9753 9755
3 9756 9754 9755
3 9756 9755 9757
3 9756 9757 9758
3 9759 9758 9760
3 9759 9756 9758
3 9761 9759 9760
3 9761 9760 9762
3 9763 9761 9762
3 9763 9762 9764
3 9765 9763 9764
3 9765 9764 9766
3 9767 9765 9766
3 9767 9766 9768
3 9767 9768 9769
3 9770 9767 9769
3 9770 9769 9771
3 9772 9770 9771
3 9772 9771 9773
3 9774 9772 9773
3 9774 9773 9775
3 9776 9774 9775
3 9776 9775 9777
3 9778 9776 9777
3 9778 9777 9779
3 9778 9779 9780
3 9781 9778 9780
3 9781 9780 9782
3 9783 9781 9782
3 9783 9782 9784
3 9785 9784 9786
3 9785 9783 9784
3 9787 9786 9788
3 9787 9785 9786
3 9789 9788 9790
3 9789 9790 9791
3 9789 9787 9788
3 9792 9791 9793
3 9792 9789 9791
3 9794 9793 9795
3 9794 9792 9793
3 9796 9795 9797
3 9796 9794 9795
3 9798 9796 9797
3 8644 8755 8646
3 8757 8755 8644
3 8643 8757 8644
3 8759 8757 8643
3 8641 8759 8643
3 8761 8759 8641
3 8639 8761 8641
3 8763 8761 8639
3 8764 8763 8639
3 8637 8764 8639
3 8766 8764 8637
3 8635 8766 8637
3 8768 8766 8635
3 8633 8768 8635
3 8770 8768 8633
3 8772 8633 8631
3 8772 8770 8633
3 8774 8772 8631
3 8629 8774 8631
3 8775 8774 8629
3 8627 8775 8629
3 8777 8775 8627
3 8625 8777 8627
3 8779 8777 8625
3 8781 8625 8623
3 8781 8779 8625
3 8783 8781 8623
3 8621 8783 8623
3 8785 8783 8621
3 8619 8785 8621
3 8786 8785 8619
3 8617 8786 8619
3 8788 8786 8617
3 8790 8617 8615
3 8790 8788 8617
3 8792 8790 8615
3 8613 8792 8615
3 8794 8792 8613
3 8611 8794 8613
3 8796 8794 8611
3 8797 8611 8609
3 8797 8796 8611
3 8799 8609 8607
3 8799 8797 8609
3 8801 8799 8607
3 8605 8801 8607
3 8803 8801 8605
3 8603 8803 8605
3 8805 8803 8603
3 8807 8603 8601
3 8807 8805 8603
3 8808 8601 8599
3 8808 8807 8601
3 8810 8808 8599
3 8597 8810 8599
3 8812 8810 8597
3 8814 8812 8597
3 8814 8597 8595
3 8816 8814 8595
3 8816 8595 8593
3 8818 8816 8593
3 8818 8593 8591
3 8819 8818 8591
3 8589 8819 8591
3 8821 8819 8589
3 8823 8821 8589
3 8823 8589 8587
3 8825 8823 8587
3 8825 8587 8585
3 8827 8585 8583
3 8827 8825 8585
3 8829 8827 8583
3 8581 8829 8583
3 8830 8829 8581
3 8832 8581 8579
3 8832 8830 8581
3 8834 8579 8577
3 8834 8832 8579
3 8836 8577 8576
3 8836 8834 8577
3 8838 8836 8576
3 8840 8576 8578
3 8840 8838 8576
3 8841 8578 8580
3 8841 8840 8578
3 8843 8580 8582
3 8843 8841 8580
3 8845 8582 8584
3 8845 8843 8582
3 8847 8845 8584
3 8849 8584 8586
3 8849 8847 8584
3 8851 8586 8588
3 8851 8849 8586
3 8852 8588 8590
3 8852 8851 8588
3 8854 8590 8592
3 8854 8852 8590
3 8856 8854 8592
3 8858 8592 8594
3 8858 8856 8592
3 8860 8594 8596
3 8860 8858 8594
3 8862 8596 8598
3 8862 8860 8596
3 8863 8862 8598
3 8865 8863 8598
3 8865 8598 8600
3 8867 8865 8600
3 8867 8600 8602
3 8869 8867 8602
3 8869 8602 8604
3 8871 8869 8604
3 8871 8604 8606
3 8873 8871 8606
3 8874 8873 8606
3 8874 8606 8608
3 8876 8874 8608
3 8876 8608 8610
3 8878 8876 8610
3 8878 8610 8612
3 8880 8878 8612
3 8882 8880 8612
3 8882 8612 8614
3 8884 8882 8614
3 8884 8614 8616
3 8886 8884 8616
3 8886 8616 8618
3 8887 8886 8618
3 8887 8618 8620
3 8889 8887 8620
3 8891 8889 8620
3 8891 8620 8622
3 8893 8891 8622
3 8893 8622 8624
3 8895 8624 8626
3 8895 8893 8624
3 8897 8626 8628
3 8897 8895 8626
3 8898 8897 8628
3 8900 8628 8630
3 8900 8898 8628
3 8902 8630 8632
3 8902 8900 8630
3 8904 8632 8634
3 8904 8902 8632
3 8906 8904 8634
3 8908 8634 8636
3 8908 8906 8634
3 8909 8636 8638
3 8909 8908 8636
3 8911 8638 8640
3 8911 8909 8638
3 8913 8640 8642
3 8913 8911 8640
3 8915 8913 8642
3 8917 8915 8642
3 8917 8642 8645
3 8919 8917 8645
3 8919 8645 8647
3 8920 8919 8647
3 8920 8647 8649
3 8922 8920 8649
3 8922 8649 8652
3 8924 8922 8652
3 8926 8924 8652
3 8926 8652 8654
3 8928 8926 8654
3 8928 8654 8656
3 8930 8928 8656
3 8930 8656 8658
3 8931 8930 8658
3 8933 8931 8658
3 8933 8658 8660
3 8935 8933 8660
3 8935 8660 8662
3 8937 8935 8662
3 8937 8662 8664
3 8939 8937 8664
3 8939 8664 8666
3 8941 8939 8666
3 8942 8941 8666
3 8942 8666 8669
3 8944 8942 8669
3 8944 8669 8671
3 9799 8671 8673
3 8946 8944 8671
3 8946 8671 9799
3 8948 8946 9799
3 8451 9799 8673
3 9800 8948 9799
3 8950 8948 9800
3 9801 8950 9800
3 8951 8950 9801
3 9802 8951 9801
3 8953 8951 9802
3 9803 8953 9802
3 8955 8953 9803
3 9804 8955 9803
3 8957 8955 9804
3 9805 8957 9804
3 8959 8957 9805
3 9806 8959 9805
3 8961 8959 9806
3 9807 8961 9806
3 8962 8961 9807
3 9808 8962 9807
3 8964 8962 9808
3 9809 8964 9808
3 8966 8964 9809
3 9810 8966 9809
3 8968 8966 9810
3 9811 8968 9810
3 8970 8968 9811
3 9812 8970 9811
3 8972 8970 9812
3 9813 8972 9812
3 8973 8972 9813
3 9814 8973 9813
3 8975 8973 9814
3 9815 8975 9814
3 8977 8975 9815
3 9816 8977 9815
3 8979 8977 9816
3 9817 8979 9816
3 8981 8979 9817
3 9818 8981 9817
3 8983 8981 9818
3 9819 8983 9818
3 8984 8983 9819
3 9820 8984 9819
3 8986 8984 9820
3 9821 8986 9820
3 8988 8986 9821
3 9822 8988 9821
3 8990 8988 9822
3 9823 8990 9822
3 8992 8990 9823
3 9824 8992 9823
3 8994 8992 9824
3 9825 8994 9824
3 8996 8994 9825
3 9826 8996 9825
3 8997 8996 9826
3 9827 8997 9826
3 8999 8997 9827
3 9828 8999 9827
3 9001 8999 9828
3 9829 9001 9828
3 9003 9001 9829
3 9830 9003 9829
3 9005 9003 9830
3 9831 9005 9830
3 9007 9005 9831
3 9832 9007 9831
3 9008 9007 9832
3 9833 9008 9832
3 9010 9008 9833
3 9834 9010 9833
3 9012 9010 9834
3 9835 9012 9834
3 9014 9012 9835
3 9836 9014 9835
3 9016 9014 9836
3 9837 9016 9836
3 9018 9016 9837
3 9838 9018 9837
3 9019 9018 9838
3 9839 9019 9838
3 9021 9019 9839
3 9840 9021 9839
3 9023 9021 9840
3 9841 9023 9840
3 9025 9023 9841
3 9842 9025 9841
3 9027 9025 9842
3 9843 9027 9842
3 9029 9027 9843
3 9844 9029 9843
3 9030 9029 9844
3 9845 9030 9844
3 9032 9030 9845
3 9846 9032 9845
3 9034 9032 9846
3 9847 9034 9846
3 9036 9034 9847
3 9848 9036 9847
3 9038 9036 9848
3 9849 9038 9848
3 9040 9038 9849
3 9850 9040 9849
3 9041 9040 9850
3 9851 9041 9850
3 9043 9041 9851
3 9852 9043 9851
3 9045 9043 9852
3 9853 9045 9852
3 9047 9045 9853
3 9854 9047 9853
3 9049 9047 9854
3 9855 9049 9854
3 9051 9049 9855
3 9856 9051 9855
3 9052 9051 9856
3 9857 9052 9856
3 9054 9052 9857
3 9858 9054 9857
3 9056 9054 9858
3 9859 9056 9858
3 9058 9056 9859
3 9860 9058 9859
3 9060 9058 9860
3 9861 9060 9860
3 9062 9060 9861
3 9862 9062 9861
3 9063 9062 9862
3 9863 9063 9862
3 9065 9063 9863
3 9864 9065 9863
3 9067 9065 9864
3 9865 9067 9864
3 9069 9067 9865
3 9866 9069 9865
3 9071 9069 9866
3 9867 9071 9866
3 9073 9071 9867
3 9868 9073 9867
3 9074 9073 9868
3 9869 9074 9868
3 9076 9074 9869
3 9870 9076 9869
3 9078 9076 9870
3 9871 9078 9870
3 9080 9078 9871
3 9872 9080 9871
3 9082 9080 9872
3 9873 9082 9872
3 9084 9082 9873
3 9874 9084 9873
3 9085 9084 9874
3 9875 9085 9874
3 9087 9085 9875
3 9876 9087 9875
3 9089 9087 9876
3 9877 9089 9876
3 9091 9089 9877
3 9878 9091 9877
3 9093 9091 9878
3 9879 9093 9878
3 9095 9093 9879
3 9880 9095 9879
3 9096 9095 9880
3 9881 9096 9880
3 9098 9096 9881
3 9882 9098 9881
3 9100 9098 9882
3 9883 9100 9882
3 9102 9100 9883
3 9884 9102 9883
3 9104 9102 9884
3 9885 9104 9884
3 9106 9104 9885
3 9886 9106 9885
3 9107 9106 9886
3 9887 9107 9886
3 9109 9107 9887
3 9888 9109 9887
3 9111 9109 9888
3 9889 9111 9888
3 9113 9111 9889
3 9890 9113 9889
3 9115 9113 9890
3 9891 9115 9890
3 9117 9115 9891
3 9892 9117 9891
3 9118 9117 9892
3 9893 9118 9892
3 9120 9118 9893
3 9894 9120 9893
3 9122 9120 9894
3 9895 9122 9894
3 9124 9122 9895
3 9896 9124 9895
3 9126 9124 9896
3 9897 9126 9896
3 9128 9126 9897
3 9898 9128 9897
3 9129 9128 9898
3 9899 9129 9898
3 9131 9129 9899
3 9900 9131 9899
3 9133 9131 9900
3 9901 9133 9900
3 9135 9133 9901
3 9902 9135 9901
3 9137 9135 9902
3 9903 9137 9902
3 9139 9137 9903
3 9904 9139 9903
3 9140 9139 9904
3 9905 9140 9904
3 9142 9140 9905
3 9906 9142 9905
3 9144 9142 9906
3 9907 9144 9906
3 9146 9144 9907
3 9908 9146 9907
3 9148 9146 9908
3 9909 9148 9908
3 9150 9148 9909
3 9910 9150 9909
3 9151 9150 9910
3 9911 9151 9910
3 9153 9151 9911
3 9912 9153 9911
3 9155 9153 9912
3 9913 9155 9912
3 9157 9155 9913
3 9914 9157 9913
3 9159 9157 9914
3 9915 9159 9914
3 9161 9159 9915
3 9916 9161 9915
3 9162 9161 9916
3 9917 9162 9916
3 9164 9162 9917
3 9918 9164 9917
3 9166 9164 9918
3 9919 9166 9918
3 9168 9166 9919
3 9920 9168 9919
3 9170 9168 9920
3 9921 9170 9920
3 9172 9170 9921
3 9922 9172 9921
3 9173 9172 9922
3 9923 9173 9922
3 9175 9173 9923
3 9924 9175 9923
3 9177 9175 9924
3 9925 9177 9924
3 9179 9177 9925
3 9926 9179 9925
3 9181 9179 9926
3 9927 9181 9926
3 9183 9181 9927
3 9928 9183 9927
3 9184 9183 9928
3 9929 9184 9928
3 9186 9184 9929
3 9930 9186 9929
3 9188 9186 9930
3 9931 9188 9930
3 9190 9188 9931
3 9932 9190 9931
3 9192 9190 9932
3 9933 9192 9932
3 9194 9192 9933
3 9934 9194 9933
3 9196 9194 9934
3 9935 9196 9934
3 9197 9196 9935
3 9936 9197 9935
3 9199 9197 9936
3 9937 9199 9936
3 9201 9199 9937
3 9938 9201 9937
3 9203 9201 9938
3 9939 9203 9938
3 9205 9203 9939
3 9940 9205 9939
3 9207 9205 9940
3 9941 9207 9940
3 9208 9207 9941
3 9942 9208 9941
3 9210 9208 9942
3 9943 9210 9942
3 9212 9210 9943
3 9944 9212 9943
3 9214 9212 9944
3 9945 9214 9944
3 9216 9214 9945
3 9946 9216 9945
3 9218 9216 9946
3 9947 9218 9946
3 9219 9218 9947
3 9948 9219 9947
3 9221 9219 9948
3 9949 9221 9948
3 9223 9221 9949
3 9950 9223 9949
3 9225 9223 9950
3 9951 9225 9950
3 9227 9225 9951
3 9952 9227 9951
3 9229 9227 9952
3 9953 9229 9952
3 9230 9229 9953
3 9954 9230 9953
3 9232 9230 9954
3 9955 9232 9954
3 9234 9232 9955
3 9956 9234 9955
3 9236 9234 9956
3 9957 9236 9956
3 9238 9236 9957
3 9958 9238 9957
3 9240 9238 9958
3 9959 9240 9958
3 9241 9240 9959
3 9960 9241 9959
3 9243 9241 9960
3 9961 9243 9960
3 9245 9243 9961
3 9962 9245 9961
3 9247 9245 9962
3 9963 9247 9962
3 9249 9247 9963
3 9964 9249 9963
3 9250 9249 9964
3 9965 9250 9964
3 9252 9250 9965
3 9966 9252 9965
3 9254 9252 9966
3 9967 9254 9966
3 9256 9254 9967
3 9968 9256 9967
3 9258 9256 9968
3 9969 9258 9968
3 9260 9258 9969
3 9970 9260 9969
3 9261 9260 9970
3 9971 9261 9970
3 9263 9261 9971
3 9972 9263 9971
3 9265 9263 9972
3 9973 9265 9972
3 9267 9265 9973
3 9974 9267 9973
3 9269 9267 9974
3 9975 9269 9974
3 9271 9269 9975
3 9976 9271 9975
3 9272 9271 9976
3 9977 9272 9976
3 9274 9272 9977
3 9978 9274 9977
3 9276 9274 9978
3 9979 9276 9978
3 9278 9276 9979
3 9980 9278 9979
3 9280 9278 9980
3 9981 9280 9980
3 9282 9280 9981
3 9982 9282 9981
3 9283 9282 9982
3 9983 9283 9982
3 9285 9283 9983
3 9984 9285 9983
3 9287 9285 9984
3 9985 9287 9984
3 9289 9287 9985
3 9986 9289 9985
3 9291 9289 9986
3 9987 9291 9986
3 9293 9291 9987
3 9988 9293 9987
3 9294 9293 9988
3 9989 9294 9988
3 9296 9294 9989
3 9990 9296 9989
3 9298 9296 9990
3 9991 9298 9990
3 9300 9298 9991
3 9992 9300 9991
3 9302 9300 9992
3 9993 9302 9992
3 9304 9302 9993
3 9994 9304 9993
3 9305 9304 9994
3 9995 9305 9994
3 9307 9305 9995
3 9996 9307 9995
3 9309 9307 9996
3 9997 9309 9996
3 9311 9309 9997
3 9998 9311 9997
3 9313 9311 9998
3 9999 9313 9998
3 9315 9313 9999
3 10000 9315 9999
3 9316 9315 10000
3 10001 9316 10000
3 9318 9316 10001
3 10002 9318 10001
3 9320 9318 10002
3 10003 9320 10002
3 9322 9320 10003
3 10004 9322 10003
3 9324 9322 10004
3 10005 9324 10004
3 9326 9324 10005
3 10006 9326 10005
3 9327 9326 10006
3 10007 9327 10006
3 9329 9327 10007
3 10008 9329 10007
3 9331 9329 10008
3 10009 9331 10008
3 9333 9331 10009
3 10010 9333 10009
3 9335 9333 10010
3 10011 9335 10010
3 9337 9335 10011
3 10012 9337 10011
3 9338 9337 10012
3 10013 9338 10012
3 9340 9338 10013
3 10014 9340 10013
3 9342 9340 10014
3 10015 9342 10014
3 9344 9342 10015
3 10016 9344 10015
3 9346 9344 10016
3 10017 9346 10016
3 9348 9346 10017
3 10018 9348 10017
3 9349 9348 10018
3 10019 9349 10018
3 9351 9349 10019
3 10020 9351 10019
3 9353 9351 10020
3 10021 9353 10020
3 9355 9353 10021
3 10022 9355 10021
3 9357 9355 10022
3 10023 9357 10022
3 9359 9357 10023
3 10024 9359 10023
3 9360 9359 10024
3 10025 9360 10024
3 9362 9360 10025
3 10026 9362 10025
3 9364 9362 10026
3 10027 9364 10026
3 9366 9364 10027
3 10028 9366 10027
3 9368 9366 10028
3 10029 9368 10028
3 9370 9368 10029
3 10030 9370 10029
3 9371 9370 10030
3 10031 9371 10030
3 9373 9371 10031
3 10032 9373 10031
3 9375 9373 10032
3 10033 9375 10032
3 9377 9375 10033
3 10034 9377 10033
3 9379 9377 10034
3 10035 9379 10034
3 9381 9379 10035
3 10036 9381 10035
3 9382 9381 10036
3 10037 9382 10036
3 9384 9382 10037
3 10038 9384 10037
3 9386 9384 10038
3 10039 9386 10038
3 9388 9386 10039
3 10040 9388 10039
3 9390 9388 10040
3 10041 9390 10040
3 9392 9390 10041
3 10042 9392 10041
3 9393 9392 10042
3 10043 9393 10042
3 9395 9393 10043
3 10044 9395 10043
3 9397 9395 10044
3 10045 9397 10044
3 9399 9397 10045
3 10046 9399 10045
3 9401 9399 10046
3 10047 9401 10046
3 9403 9401 10047
3 10048 9403 10047
3 9404 9403 10048
3 10049 9404 10048
3 9406 9404 10049
3 10050 9406 10049
3 9408 9406 10050
3 10051 9408 10050
3 9410 9408 10051
3 10052 9410 10051
3 9412 9410 10052
3 10053 9412 10052
3 9414 9412 10053
3 10054 9414 10053
3 9415 9414 10054
3 10055 9415 10054
3 9417 9415 10055
3 10056 9417 10055
3 9419 9417 10056
3 10057 9419 10056
3 9421 9419 10057
3 10058 9421 10057
3 9423 9421 10058
3 10059 9423 10058
3 9425 9423 10059
3 10060 9425 10059
3 9427 9425 10060
3 10061 9427 10060
3 9428 9427 10061
3 10062 9428 10061
3 9430 9428 10062
3 10063 9430 10062
3 9432 9430 10063
3 10064 9432 10063
3 9434 9432 10064
3 10065 9434 10064
3 9436 9434 10065
3 10066 9436 10065
3 9438 9436 10066
3 10067 9438 10066
3 9439 9438 10067
3 10068 9439 10067
3 9441 9439 10068
3 10069 9441 10068
3 9443 9441 10069
3 10070 9443 10069
3 9445 9443 10070
3 10071 9445 10070
3 9447 9445 10071
3 10072 9447 10071
3 9449 9447 10072
3 10073 9449 10072
3 9450 9449 10073
3 10074 9450 10073
3 9452 9450 10074
3 10075 9452 10074
3 9454 9452 10075
3 10076 9454 10075
3 9456 9454 10076
3 10077 9456 10076
3 9458 9456 10077
3 10078 9458 10077
3 9460 9458 10078
3 10079 9460 10078
3 9461 9460 10079
3 10080 9461 10079
3 9463 9461 10080
3 10081 9463 10080
3 9465 9463 10081
3 10082 9465 10081
3 9467 9465 10082
3 10083 9467 10082
3 9469 9467 10083
3 10084 9469 10083
3 9471 9469 10084
3 10085 9471 10084
3 9472 9471 10085
3 10086 9472 10085
3 9474 9472 10086
3 10087 9474 10086
3 9476 9474 10087
3 10088 9476 10087
3 9478 9476 10088
3 10089 9478 10088
3 9480 9478 10089
3 10090 9480 10089
3 9482 9480 10090
3 10091 9482 10090
3 9483 9482 10091
3 10092 9483 10091
3 9485 9483 10092
3 10093 9485 10092
3 9487 9485 10093
3 10094 9487 10093
3 9489 9487 10094
3 10095 9489 10094
3 9491 9489 10095
3 10096 9491 10095
3 9493 9491 10096
3 10097 9493 10096
3 9494 9493 10097
3 10098 9494 10097
3 9496 9494 10098
3 10099 9496 10098
3 9498 9496 10099
3 10100 9498 10099
3 9500 9498 10100
3 10101 9500 10100
3 9502 9500 10101
3 10102 9502 10101
3 9504 9502 10102
3 10103 9504 10102
3 9505 9504 10103
3 10104 9505 10103
3 9507 9505 10104
3 10105 9507 10104
3 9509 9507 10105
3 10106 9509 10105
3 9511 9509 10106
3 10107 9511 10106
3 9513 9511 10107
3 10108 9513 10107
3 9515 9513 10108
3 10109 9515 10108
3 9516 9515 10109
3 10110 9516 10109
3 9518 9516 10110
3 10111 9518 10110
3 9520 9518 10111
3 10112 9520 10111
3 9522 9520 10112
3 10113 9522 10112
3 9524 9522 10113
3 10114 9524 10113
3 9526 9524 10114
3 10115 9526 10114
3 9527 9526 10115
3 10116 9527 10115
3 9529 9527 10116
3 10117 9529 10116
3 9531 9529 10117
3 10118 9531 10117
3 9533 9531 10118
3 10119 9533 10118
3 9535 9533 10119
3 10120 9535 10119
3 9537 9535 10120
3 10121 9537 10120
3 9538 9537 10121
3 10122 9538 10121
3 9540 9538 10122
3 10123 9540 10122
3 9542 9540 10123
3 10124 9542 10123
3 9544 9542 10124
3 10125 9544 10124
3 9546 9544 10125
3 10126 9546 10125
3 9547 9546 10126
3 10127 9547 10126
3 9549 9547 10127
3 10128 9549 10127
3 9551 9549 10128
3 10129 9551 10128
3 9553 9551 10129
3 10130 9553 10129
3 9555 9553 10130
3 10131 9555 10130
3 9557 9555 10131
3 10132 9557 10131
3 9558 9557 10132
3 10133 9558 10132
3 9560 9558 10133
3 10134 9560 10133
3 9562 9560 10134
3 10135 9562 10134
3 9564 9562 10135
3 10136 9564 10135
3 9566 9564 10136
3 10137 9566 10136
3 9568 9566 10137
3 10138 9568 10137
3 9569 9568 10138
3 10139 9569 10138
3 9571 9569 10139
3 10140 9571 10139
3 9573 9571 10140
3 10141 9573 10140
3 9575 9573 10141
3 10142 9575 10141
3 9577 9575 10142
3 10143 9577 10142
3 9579 9577 10143
3 10144 9579 10143
3 9580 9579 10144
3 10145 9580 10144
3 9582 9580 10145
3 10146 9582 10145
3 9584 9582 10146
3 10147 9584 10146
3 9586 9584 10147
3 10148 9586 10147
3 9588 9586 10148
3 10149 9588 10148
3 9590 9588 10149
3 10150 9590 10149
3 9591 9590 10150
3 10151 9591 10150
3 9593 9591 10151
3 10152 9593 10151
3 9595 9593 10152
3 10153 9595 10152
3 9597 9595 10153
3 10154 9597 10153
3 9599 9597 10154
3 10155 9599 10154
3 9601 9599 10155
3 10156 9601 10155
3 9602 9601 10156
3 10157 9602 10156
3 9604 9602 10157
3 10158 9604 10157
3 9606 9604 10158
3 10159 9606 10158
3 9608 9606 10159
3 10160 9608 10159
3 9610 9608 10160
3 10161 9610 10160
3 9612 9610 10161
3 10162 9612 10161
3 9613 9612 10162
3 10163 9613 10162
3 9615 9613 10163
3 10164 9615 10163
3 9617 9615 10164
3 10165 9617 10164
3 9619 9617 10165
3 10166 9619 10165
3 9621 9619 10166
3 10167 9621 10166
3 9623 9621 10167
3 10168 9623 10167
3 9624 9623 10168
3 10169 9624 10168
3 9626 9624 10169
3 10170 9626 10169
3 9628 9626 10170
3 10171 9628 10170
3 9630 9628 10171
3 10172 9630 10171
3 9632 9630 10172
3 10173 9632 10172
3 9634 9632 10173
3 10174 9634 10173
3 9635 9634 10174
3 10175 9635 10174
3 9637 9635 10175
3 10176 9637 10175
3 9639 9637 10176
3 10177 9639 10176
3 9641 9639 10177
3 10178 9641 10177
3 9643 9641 10178
3 10179 9643 10178
3 9645 9643 10179
3 10180 9645 10179
3 9646 9645 10180
3 10181 9646 10180
3 9648 9646 10181
3 10182 9648 10181
3 9650 9648 10182
3 10183 9650 10182
3 9652 9650 10183
3 10184 9652 10183
3 9654 9652 10184
3 10185 9654 10184
3 9656 9654 10185
3 10186 9656 10185
3 9657 9656 10186
3 10187 9657 10186
3 9659 9657 10187
3 10188 9659 10187
3 9661 9659 10188
3 10189 9661 10188
3 9663 9661 10189
3 10190 9663 10189
3 9665 9663 10190
3 10191 9665 10190
3 9667 9665 10191
3 10192 9667 10191
3 9668 9667 10192
3 10193 9668 10192
3 9670 9668 10193
3 10194 9670 10193
3 9672 9670 10194
3 10195 9672 10194
3 9674 9672 10195
3 10196 9674 10195
3 9676 9674 10196
3 10197 9676 10196
3 9678 9676 10197
3 10198 9678 10197
3 9680 9678 10198
3 10199 9680 10198
3 9681 9680 10199
3 10200 9681 10199
3 9683 9681 10200
3 10201 9683 10200
3 9685 9683 10201
3 10202 9685 10201
3 9687 9685 10202
3 10203 9687 10202
3 9689 9687 10203
3 10204 9689 10203
3 9691 9689 10204
3 10205 9691 10204
3 9692 9691 10205
3 10206 9692 10205
3 9694 9692 10206
3 10207 9694 10206
3 9696 9694 10207
3 10208 9696 10207
3 9698 9696 10208
3 10209 9698 10208
3 9700 9698 10209
3 10210 9700 10209
3 9702 9700 10210
3 10211 9702 10210
3 9703 9702 10211
3 10212 9703 10211
3 9705 9703 10212
3 10213 9705 10212
3 9707 9705 10213
3 10214 9707 10213
3 9709 9707 10214
3 10215 9709 10214
3 9711 9709 10215
3 10216 9711 10215
3 9713 9711 10216
3 10217 9713 10216
3 9714 9713 10217
3 10218 9714 10217
3 9716 9714 10218
3 10219 9716 10218
3 9718 9716 10219
3 10220 9718 10219
3 9720 9718 10220
3 10221 9720 10220
3 9722 9720 10221
3 10222 9722 10221
3 9724 9722 10222
3 10223 9724 10222
3 9725 9724 10223
3 10224 9725 10223
3 9727 9725 10224
3 10225 9727 10224
3 9729 9727 10225
3 10226 9729 10225
3 9731 9729 10226
3 10227 9731 10226
3 9733 9731 10227
3 10228 9733 10227
3 9735 9733 10228
3 10229 9735 10228
3 9736 9735 10229
3 10230 9736 10229
3 9738 9736 10230
3 10231 9738 10230
3 9740 9738 10231
3 10232 9740 10231
3 9742 9740 10232
3 10233 9742 10232
3 9744 9742 10233
3 10234 9744 10233
3 9746 9744 10234
3 10235 9746 10234
3 9747 9746 10235
3 10236 9747 10235
3 9749 9747 10236
3 10237 9749 10236
3 9751 9749 10237
3 10238 9751 10237
3 9753 9751 10238
3 10239 9753 10238
3 9755 9753 10239
3 10240 9755 10239
3 9757 9755 10240
3 10241 9757 10240
3 9758 9757 10241
3 10242 9758 10241
3 9760 9758 10242
3 10243 9760 10242
3 9762 9760 10243
3 10244 9762 10243
3 9764 9762 10244
3 10245 9764 10244
3 9766 9764 10245
3 10246 9766 10245
3 9768 9766 10246
3 10247 9768 10246
3 9769 9768 10247
3 10248 9769 10247
3 9771 9769 10248
3 10249 9771 10248
3 9773 9771 10249
3 10250 9773 10249
3 9775 9773 10250
3 10251 9775 10250
3 9777 9775 10251
3 10252 9777 10251
3 9779 9777 10252
3 10253 9779 10252
3 9780 9779 10253
3 10254 9780 10253
3 9782 9780 10254
3 10255 9782 10254
3 9784 9782 10255
3 10256 9784 10255
3 9786 9784 10256
3 10257 9786 10256
3 9788 9786 10257
3 10258 9788 10257
3 9790 9788 10258
3 10259 9790 10258
3 9791 9790 10259
3 10260 9791 10259
3 9793 9791 10260
3 9795 10260 10261
3 9795 9793 10260
3 9797 10261 10262
3 9797 9795 10261
3 10263 10262 10264
3 10263 10265 9797
3 10263 9797 10262
3 10266 10263 10264
3 10267 10266 10268
3 10267 10263 10266
3 10269 10268 10270
3 10269 10267 10268
3 10271 10269 10270
3 10271 10270 10272
3 10273 10272 10274
3 10273 10271 10272
3 10275 10273 10274
3 10276 10273 10275
3 10276 10275 10277
3 10278 10276 10277
3 10278 10277 10279
3 10280 10278 10279
3 10280 10279 10281
3 10282 10280 10281
3 10282 10281 10283
3 10284 10282 10283
3 10285 10282 10284
3 10285 10284 10286
3 10287 10285 10286
3 10287 10286 10288
3 10289 10287 10288
3 10289 10288 10290
3 10291 10289 10290
3 10291 10290 10292
3 10293 10291 10292
3 10294 10291 10293
3 10294 10293 10295
3 10296 10294 10295
3 10296 10295 10297
3 10298 10296 10297
3 10298 10297 10299
3 9798 9797 10265
3 9800 8451 8709
3 9800 9799 8451
3 9801 9800 8709
3 9801 8709 8710
3 9802 9801 8710
3 9802 8710 8711
3 9803 9802 8711
3 9803 8711 8712
3 9804 8712 8713
3 9804 9803 8712
3 9805 9804 8713
3 9806 8713 8714
3 9806 9805 8713
3 9807 8714 8715
3 9807 9806 8714
3 9808 8715 8716
3 9808 9807 8715
3 9809 8716 8717
3 9809 9808 8716
3 9810 8717 8718
3 9810 9809 8717
3 9811 9810 8718
3 9812 9811 8718
3 9812 8718 8719
3 9813 9812 8719
3 9813 8719 8720
3 9814 9813 8720
3 9814 8720 8721
3 9815 9814 8721
3 9815 8721 8722
3 9816 9815 8722
3 9816 8722 8723
3 9817 9816 8723
3 9818 9817 8723
3 9818 8723 8724
3 9819 9818 8724
3 9819 8724 8725
3 9820 9819 8725
3 9820 8725 8726
3 9821 9820 8726
3 9821 8726 8727
3 9822 9821 8727
3 9822 8727 8728
3 9823 9822 8728
3 9824 9823 8728
3 9824 8728 8729
3 9825 9824 8729
3 9825 8729 8730
3 9826 9825 8730
3 9826 8730 8731
3 9827 9826 8731
3 9827 8731 8732
3 9828 9827 8732
3 9828 8732 8733
3 9829 9828 8733
3 9830 9829 8733
3 9830 8733 8734
3 9831 9830 8734
3 9831 8734 8735
3 9832 9831 8735
3 9832 8735 8736
3 9833 9832 8736
3 9833 8736 8737
3 9834 9833 8737
3 9834 8737 8738
3 9835 9834 8738
3 9836 9835 8738
3 9836 8738 8739
3 9837 9836 8739
3 9837 8739 8740
3 9838 9837 8740
3 9838 8740 8741
3 9839 8741 8742
3 9839 9838 8741
3 9840 8742 8743
3 9840 9839 8742
3 9841 9840 8743
3 9842 9841 8743
3 9842 8743 8744
3 9843 9842 8744
3 9843 8744 8745
3 9844 9843 8745
3 9844 8745 8746
3 9845 8746 8747
3 9845 9844 8746
3 9846 8747 8748
3 9846 9845 8747
3 9847 9846 8748
3 9848 8748 8749
3 9848 9847 8748
3 9849 8749 8750
3 9849 9848 8749
3 9850 8750 8751
3 9850 9849 8750
3 9851 8751 8752
3 9851 9850 8751
3 9852 8752 8753
3 9852 9851 8752
3 9853 8753 8754
3 9853 9852 8753
3 9854 9853 8754
3 9855 9854 8754
3 9855 8754 8756
3 9856 8756 8758
3 9856 9855 8756
3 9857 8758 8760
3 9857 9856 8758
3 9858 8760 8762
3 9858 9857 8760
3 9859 8762 8765
3 9859 9858 8762
3 9860 9859 8765
3 9861 8765 8767
3 9861 9860 8765
3 9862 8767 8769
3 9862 9861 8767
3 9863 8769 8771
3 9863 9862 8769
3 9864 8771 8773
3 9864 9863 8771
3 9865 8773 8776
3 9865 9864 8773
3 9866 9865 8776
3 9867 8776 8778
3 9867 9866 8776
3 9868 9867 8778
3 9868 8778 8780
3 9869 8780 8782
3 9869 9868 8780
3 9870 9869 8782
3 9870 8782 8784
3 9871 9870 8784
3 9871 8784 8787
3 9872 9871 8787
3 9873 9872 8787
3 9873 8787 8789
3 9874 9873 8789
3 9874 8789 8791
3 9875 8791 8793
3 9875 9874 8791
3 9876 8793 8795
3 9876 9875 8793
3 9877 8795 8798
3 9877 9876 8795
3 9878 9877 8798
3 9879 9878 8798
3 9879 8798 8800
3 9880 8800 8802
3 9880 9879 8800
3 9881 8802 8804
3 9881 9880 8802
3 9882 8804 8806
3 9882 9881 8804
3 9883 8806 8809
3 9883 9882 8806
3 9884 9883 8809
3 9885 8809 8811
3 9885 9884 8809
3 9886 8811 8813
3 9886 9885 8811
3 9887 8813 8815
3 9887 9886 8813
3 9888 8815 8817
3 9888 9887 8815
3 9889 8817 8820
3 9889 9888 8817
3 9890 9889 8820
3 9891 8820 8822
3 9891 9890 8820
3 9892 8822 8824
3 9892 9891 8822
3 9893 8824 8826
3 9893 9892 8824
3 9894 8826 8828
3 9894 9893 8826
3 9895 8828 8831
3 9895 9894 8828
3 9896 9895 8831
3 9897 9896 8831
3 9897 8831 8833
3 9898 9897 8833
3 9898 8833 8835
3 9899 9898 8835
3 9899 8835 8837
3 9900 9899 8837
3 9900 8837 8839
3 9901 9900 8839
3 9901 8839 8842
3 9902 9901 8842
3 9903 9902 8842
3 9903 8842 8844
3 9904 9903 8844
3 9904 8844 8846
3 9905 9904 8846
3 9905 8846 8848
3 9906 9905 8848
3 9906 8848 8850
3 9907 9906 8850
3 9907 8850 8853
3 9908 9907 8853
3 9909 9908 8853
3 9909 8853 8855
3 9910 9909 8855
3 9910 8855 8857
3 9911 8857 8859
3 9911 9910 8857
3 9912 8859 8861
3 9912 9911 8859
3 9913 8861 8864
3 9913 9912 8861
3 9914 9913 8864
3 9915 8864 8866
3 9915 9914 8864
3 9916 8866 8868
3 9916 9915 8866
3 9917 8868 8870
3 9917 9916 8868
3 9918 8870 8872
3 9918 9917 8870
3 9919 8872 8875
3 9919 9918 8872
3 9920 9919 8875
3 9921 8875 8877
3 9921 9920 8875
3 9922 8877 8879
3 9922 9921 8877
3 9923 9922 8879
3 9923 8879 8881
3 9924 9923 8881
3 9924 8881 8883
3 9925 9924 8883
3 9925 8883 8885
3 9926 9925 8885
3 9927 9926 8885
3 9927 8885 8888
3 9928 8888 8890
3 9928 9927 8888
3 9929 9928 8890
3 9929 8890 8892
3 9930 9929 8892
3 9930 8892 8894
3 9931 9930 8894
3 9931 8894 8896
3 9932 9931 8896
3 9933 9932 8896
3 9933 8896 8899
3 9934 9933 8899
3 9934 8899 8901
3 9935 9934 8901
3 9935 8901 8903
3 9936 9935 8903
3 9936 8903 8905
3 9937 9936 8905
3 9937 8905 8907
3 9938 9937 8907
3 9939 9938 8907
3 9939 8907 8910
3 9940 9939 8910
3 9940 8910 8912
3 9941 9940 8912
3 9941 8912 8914
3 9942 9941 8914
3 9942 8914 8916
3 9943 9942 8916
3 9943 8916 8918
3 9944 9943 8918
3 9945 8918 8921
3 9945 9944 8918
3 9946 9945 8921
3 9946 8921 8923
3 9947 8923 8925
3 9947 9946 8923
3 9948 8925 8927
3 9948 9947 8925
3 9949 8927 8929
3 9949 9948 8927
3 9950 9949 8929
3 9951 9950 8929
3 9951 8929 8932
3 9952 9951 8932
3 9952 8932 8934
3 9953 9952 8934
3 9953 8934 8936
3 9954 9953 8936
3 9954 8936 8938
3 9955 9954 8938
3 9955 8938 8940
3 9956 9955 8940
3 9956 8940 8943
3 9957 9956 8943
3 9958 9957 8943
3 9958 8943 8945
3 9959 9958 8945
3 9959 8945 8947
3 9960 9959 8947
3 9960 8947 8949
3 9961 9960 8949
3 9962 9961 8949
3 9962 8949 8952
3 9963 9962 8952
3 9963 8952 8954
3 9964 9963 8954
3 9964 8954 8956
3 9965 9964 8956
3 9965 8956 8958
3 9966 8958 8960
3 9966 9965 8958
3 9967 9966 8960
3 9968 8960 8963
3 9968 9967 8960
3 9969 8963 8965
3 9969 9968 8963
3 9970 8965 8967
3 9970 9969 8965
3 9971 8967 8969
3 9971 9970 8967
3 9972 8969 8971
3 9972 9971 8969
3 9973 9972 8971
3 9974 8971 8974
3 9974 9973 8971
3 9975 8974 8976
3 9975 9974 8974
3 9976 8976 8978
3 9976 9975 8976
3 9977 8978 8980
3 9977 9976 8978
3 9978 8980 8982
3 9978 9977 8980
3 9979 9978 8982
3 9980 9979 8982
3 9980 8982 8985
3 9981 8985 8987
3 9981 9980 8985
3 9982 8987 8989
3 9982 9981 8987
3 9983 8989 8991
3 9983 9982 8989
3 9984 8991 8993
3 9984 9983 8991
3 9985 8993 8995
3 9985 9984 8993
3 9986 9985 8995
3 9987 9986 8995
3 9987 8995 8998
3 9988 8998 9000
3 9988 9987 8998
3 9989 9000 9002
3 9989 9988 9000
3 9990 9002 9004
3 9990 9989 9002
3 9991 9004 9006
3 9991 9990 9004
3 9992 9991 9006
3 9993 9006 9009
3 9993 9992 9006
3 9994 9009 9011
3 9994 9993 9009
3 9995 9011 9013
3 9995 9994 9011
3 9996 9013 9015
3 9996 9995 9013
3 9997 9015 9017
3 9997 9996 9015
3 9998 9997 9017
3 9999 9017 9020
3 9999 9998 9017
3 10000 9020 9022
3 10000 9999 9020
3 10001 9022 9024
3 10001 10000 9022
3 10002 9024 9026
3 10002 10001 9024
3 10003 9026 9028
3 10003 10002 9026
3 10004 10003 9028
3 10005 9028 9031
3 10005 10004 9028
3 10006 10005 9031
3 10006 9031 9033
3 10007 10006 9033
3 10007 9033 9035
3 10008 10007 9035
3 10008 9035 9037
3 10009 10008 9037
3 10009 9037 9039
3 10010 10009 9039
3 10011 10010 9039
3 10011 9039 9042
3 10012 10011 9042
3 10012 9042 9044
3 10013 10012 9044
3 10013 9044 9046
3 10014 10013 9046
3 10014 9046 9048
3 10015 10014 9048
3 10015 9048 9050
3 10016 10015 9050
3 10017 10016 9050
3 10017 9050 9053
3 10018 10017 9053
3 10018 9053 9055
3 10019 9055 9057
3 10019 10018 9055
3 10020 9057 9059
3 10020 10019 9057
3 10021 9059 9061
3 10021 10020 9059
3 10022 10021 9061
3 10023 10022 9061
3 10023 9061 9064
3 10024 9064 9066
3 10024 10023 9064
3 10025 9066 9068
3 10025 10024 9066
3 10026 9068 9070
3 10026 10025 9068
3 10027 9070 9072
3 10027 10026 9070
3 10028 10027 9072
3 10029 9072 9075
3 10029 10028 9072
3 10030 9075 9077
3 10030 10029 9075
3 10031 9077 9079
3 10031 10030 9077
3 10032 9079 9081
3 10032 10031 9079
3 10033 10032 9081
3 10033 9081 9083
3 10034 10033 9083
3 10035 10034 9083
3 10035 9083 9086
3 10036 10035 9086
3 10036 9086 9088
3 10037 10036 9088
3 10037 9088 9090
3 10038 10037 9090
3 10038 9090 9092
3 10039 10038 9092
3 10039 9092 9094
3 10040 10039 9094
3 10041 10040 9094
3 10041 9094 9097
3 10042 10041 9097
3 10042 9097 9099
3 10043 10042 9099
3 10043 9099 9101
3 10044 10043 9101
3 10044 9101 9103
3 10045 10044 9103
3 10045 9103 9105
3 10046 10045 9105
3 10047 10046 9105
3 10047 9105 9108
3 10048 9108 9110
3 10048 10047 9108
3 10049 10048 9110
3 10049 9110 9112
3 10050 10049 9112
3 10050 9112 9114
3 10051 10050 9114
3 10051 9114 9116
3 10052 10051 9116
3 10053 9116 9119
3 10053 10052 9116
3 10054 9119 9121
3 10054 10053 9119
3 10055 9121 9123
3 10055 10054 9121
3 10056 9123 9125
3 10056 10055 9123
3 10057 9125 9127
3 10057 10056 9125
3 10058 10057 9127
3 10059 9127 9130
3 10059 10058 9127
3 10060 9130 9132
3 10060 10059 9130
3 10061 10060 9132
3 10061 9132 9134
3 10062 10061 9134
3 10062 9134 9136
3 10063 10062 9136
3 10063 9136 9138
3 10064 10063 9138
3 10065 10064 9138
3 10065 9138 9141
3 10066 9141 9143
3 10066 10065 9141
3 10067 10066 9143
3 10067 9143 9145
3 10068 10067 9145
3 10068 9145 9147
3 10069 10068 9147
3 10069 9147 9149
3 10070 10069 9149
3 10071 10070 9149
3 10071 9149 9152
3 10072 10071 9152
3 10072 9152 9154
3 10073 10072 9154
3 10073 9154 9156
3 10074 10073 9156
3 10074 9156 9158
3 10075 10074 9158
3 10075 9158 9160
3 10076 10075 9160
3 10077 10076 9160
3 10077 9160 9163
3 10078 10077 9163
3 10078 9163 9165
3 10079 10078 9165
3 10079 9165 9167
3 10080 10079 9167
3 10080 9167 9169
3 10081 10080 9169
3 10081 9169 9171
3 10082 10081 9171
3 10083 10082 9171
3 10083 9171 9174
3 10084 10083 9174
3 10084 9174 9176
3 10085 10084 9176
3 10085 9176 9178
3 10086 10085 9178
3 10086 9178 9180
3 10087 9180 9182
3 10087 10086 9180
3 10088 10087 9182
3 10088 9182 9185
3 10089 10088 9185
3 10090 9185 9187
3 10090 10089 9185
3 10091 9187 9189
3 10091 10090 9187
3 10092 9189 9191
3 10092 10091 9189
3 10093 9191 9193
3 10093 10092 9191
3 10094 9193 9195
3 10094 10093 9193
3 10095 10094 9195
3 10096 9195 9198
3 10096 10095 9195
3 10097 9198 9200
3 10097 10096 9198
3 10098 9200 9202
3 10098 10097 9200
3 10099 9202 9204
3 10099 10098 9202
3 10100 9204 9206
3 10100 10099 9204
3 10101 10100 9206
3 10102 9206 9209
3 10102 10101 9206
3 10103 9209 9211
3 10103 10102 9209
3 10104 9211 9213
3 10104 10103 9211
3 10105 9213 9215
3 10105 10104 9213
3 10106 9215 9217
3 10106 10105 9215
3 10107 10106 9217
3 10108 9217 9220
3 10108 10107 9217
3 10109 9220 9222
3 10109 10108 9220
3 10110 9222 9224
3 10110 10109 9222
3 10111 9224 9226
3 10111 10110 9224
3 10112 9226 9228
3 10112 10111 9226
3 10113 10112 9228
3 10114 9228 9231
3 10114 10113 9228
3 10115 9231 9233
3 10115 10114 9231
3 10116 9233 9235
3 10116 10115 9233
3 10117 10116 9235
3 10117 9235 9237
3 10118 10117 9237
3 10118 9237 9239
3 10119 10118 9239
3 10120 10119 9239
3 10120 9239 9242
3 10121 10120 9242
3 10121 9242 9244
3 10122 10121 9244
3 10122 9244 9246
3 10123 10122 9246
3 10123 9246 9248
3 10124 10123 9248
3 10125 9248 9251
3 10125 10124 9248
3 10126 9251 9253
3 10126 10125 9251
3 10127 9253 9255
3 10127 10126 9253
3 10128 9255 9257
3 10128 10127 9255
3 10129 9257 9259
3 10129 10128 9257
3 10130 10129 9259
3 10131 10130 9259
3 10131 9259 9262
3 10132 9262 9264
3 10132 10131 9262
3 10133 9264 9266
3 10133 10132 9264
3 10134 9266 9268
3 10134 10133 9266
3 10135 9268 9270
3 10135 10134 9268
3 10136 10135 9270
3 10137 9270 9273
3 10137 10136 9270
3 10138 9273 9275
3 10138 10137 9273
3 10139 9275 9277
3 10139 10138 9275
3 10140 9277 9279
3 10140 10139 9277
3 10141 9279 9281
3 10141 10140 9279
3 10142 10141 9281
3 10143 9281 9284
3 10143 10142 9281
3 10144 10143 9284
3 10144 9284 9286
3 10145 10144 9286
3 10145 9286 9288
3 10146 10145 9288
3 10146 9288 9290
3 10147 10146 9290
3 10147 9290 9292
3 10148 10147 9292
3 10149 10148 9292
3 10149 9292 9295
3 10150 10149 9295
3 10150 9295 9297
3 10151 10150 9297
3 10151 9297 9299
3 10152 10151 9299
3 10152 9299 9301
3 10153 10152 9301
3 10153 9301 9303
3 10154 10153 9303
3 10155 10154 9303
3 10155 9303 9306
3 10156 10155 9306
3 10156 9306 9308
3 10157 10156 9308
3 10157 9308 9310
3 10158 10157 9310
3 10158 9310 9312
3 10159 10158 9312
3 10159 9312 9314
3 10160 10159 9314
3 10161 9314 9317
3 10161 10160 9314
3 10162 9317 9319
3 10162 10161 9317
3 10163 9319 9321
3 10163 10162 9319
3 10164 9321 9323
3 10164 10163 9321
3 10165 9323 9325
3 10165 10164 9323
3 10166 10165 9325
3 10167 10166 9325
3 10167 9325 9328
3 10168 9328 9330
3 10168 10167 9328
3 10169 9330 9332
3 10169 10168 9330
3 10170 9332 9334
3 10170 10169 9332
3 10171 10170 9334
3 10171 9334 9336
3 10172 10171 9336
3 10173 10172 9336
3 10173 9336 9339
3 10174 10173 9339
3 10174 9339 9341
3 10175 10174 9341
3 10175 9341 9343
3 10176 10175 9343
3 10176 9343 9345
3 10177 10176 9345
3 10177 9345 9347
3 10178 10177 9347
3 10179 10178 9347
3 10179 9347 9350
3 10180 9350 9352
3 10180 10179 9350
3 10181 10180 9352
3 10181 9352 9354
3 10182 10181 9354
3 10182 9354 9356
3 10183 10182 9356
3 10183 9356 9358
3 10184 10183 9358
3 10185 10184 9358
3 10185 9358 9361
3 10186 10185 9361
3 10186 9361 9363
3 10187 10186 9363
3 10187 9363 9365
3 10188 10187 9365
3 10188 9365 9367
3 10189 10188 9367
3 10189 9367 9369
3 10190 10189 9369
3 10191 10190 9369
3 10191 9369 9372
3 10192 10191 9372
3 10192 9372 9374
3 10193 10192 9374
3 10193 9374 9376
3 10194 10193 9376
3 10194 9376 9378
3 10195 10194 9378
3 10195 9378 9380
3 10196 10195 9380
3 10197 9380 9383
3 10197 10196 9380
3 10198 10197 9383
3 10198 9383 9385
3 10199 10198 9385
3 10199 9385 9387
3 10200 10199 9387
3 10200 9387 9389
3 10201 10200 9389
3 10201 9389 9391
3 10202 10201 9391
3 10203 10202 9391
3 10203 9391 9394
3 10204 9394 9396
3 10204 10203 9394
3 10205 10204 9396
3 10205 9396 9398
3 10206 10205 9398
3 10206 9398 9400
3 10207 10206 9400
3 10207 9400 9402
3 10208 10207 9402
3 10209 9402 9405
3 10209 10208 9402
3 10210 9405 9407
3 10210 10209 9405
3 10211 9407 9409
3 10211 10210 9407
3 10212 9409 9411
3 10212 10211 9409
3 10213 9411 9413
3 10213 10212 9411
3 10214 10213 9413
3 10215 9413 9416
3 10215 10214 9413
3 10216 9416 9418
3 10216 10215 9416
3 10217 9418 9420
3 10217 10216 9418
3 10218 9420 9422
3 10218 10217 9420
3 10219 9422 9424
3 10219 10218 9422
3 10220 10219 9424
3 10221 9424 9426
3 10221 10220 9424
3 10222 9426 9429
3 10222 10221 9426
3 10223 9429 9431
3 10223 10222 9429
3 10224 9431 9433
3 10224 10223 9431
3 10225 9433 9435
3 10225 10224 9433
3 10226 9435 9437
3 10226 10225 9435
3 10227 10226 9437
3 10228 10227 9437
3 10228 9437 9440
3 10229 9440 9442
3 10229 10228 9440
3 10230 10229 9442
3 10230 9442 9444
3 10231 10230 9444
3 10231 9444 9446
3 10232 9446 9448
3 10232 10231 9446
3 10233 10232 9448
3 10234 10233 9448
3 10234 9448 9451
3 10235 9451 9453
3 10235 10234 9451
3 10236 9453 9455
3 10236 10235 9453
3 10237 9455 9457
3 10237 10236 9455
3 10238 9457 9459
3 10238 10237 9457
3 10239 10238 9459
3 10240 9459 9462
3 10240 10239 9459
3 10241 9462 9464
3 10241 10240 9462
3 10242 9464 9466
3 10242 10241 9464
3 10243 9466 9468
3 10243 10242 9466
3 10244 9468 9470
3 10244 10243 9468
3 10245 10244 9470
3 10246 9470 9473
3 10246 10245 9470
3 10247 9473 9475
3 10247 10246 9473
3 10248 9475 9477
3 10248 10247 9475
3 10249 9477 9479
3 10249 10248 9477
3 10250 9479 9481
3 10250 10249 9479
3 10251 10250 9481
3 10252 9481 9484
3 10252 10251 9481
3 10253 10252 9484
3 10253 9484 9486
3 10254 9486 9488
3 10254 10253 9486
3 10255 9488 9490
3 10255 10254 9488
3 10256 10255 9490
3 10256 9490 9492
3 10257 10256 9492
3 10258 10257 9492
3 10258 9492 9495
3 10259 10258 9495
3 10259 9495 9497
3 10260 10259 9497
3 10260 9497 9499
3 10261 10260 9499
3 10261 9499 9501
3 10262 10261 9501
3 10262 9501 9503
3 10264 10262 9503
3 10266 10264 9503
3 10266 9503 9506
3 10268 10266 9506
3 10268 9506 9508
3 10270 10268 9508
3 10270 9508 9510
3 10272 9510 9512
3 10272 10270 9510
3 10274 9512 9514
3 10274 10272 9512
3 10275 10274 9514
3 10277 10275 9514
3 10277 9514 9517
3 10279 9517 9519
3 10279 10277 9517
3 10281 9519 9521
3 10281 10279 9519
3 10283 9521 9523
3 10283 10281 9521
3 10284 9523 9525
3 10284 10283 9523
3 10286 10284 9525
3 10288 10286 9525
3 10288 9525 9528
3 10290 9528 9530
3 10290 10288 9528
3 10292 9530 9532
3 10292 10290 9530
3 10293 9532 9534
3 10293 10292 9532
3 10295 9534 9536
3 10295 10293 9534
3 10297 10295 9536
3 10299 10297 9536
3 10299 9536 9539
3 10300 10299 9539
3 10300 9539 9541
3 10301 10300 9541
3 10301 9541 9543
3 10302 10301 9543
3 10302 9543 9545
3 10303 10302 9545
3 10304 10303 9545
3 10304 9545 9548
3 10305 10304 9548
3 10305 9548 9550
3 10306 10305 9550
3 10306 9550 9552
3 10307 10306 9552
3 10307 9552 9554
3 10308 10307 9554
3 10308 9554 9556
3 10309 10308 9556
3 10310 10309 9556
3 10310 9556 9559
3 10311 10310 9559
3 10311 9559 9561
3 10312 10311 9561
3 10312 9561 9563
3 10313 10312 9563
3 10313 9563 9565
3 10314 10313 9565
3 10314 9565 9567
3 10315 10314 9567
3 10316 10315 9567
3 10316 9567 9570
3 10317 10316 9570
3 10317 9570 9572
3 10318 10317 9572
3 10318 9572 9574
3 10319 10318 9574
3 10319 9574 9576
3 10320 9576 9578
3 10320 10319 9576
3 10321 10320 9578
3 10322 9578 9581
3 10322 10321 9578
3 10323 9581 9583
3 10323 10322 9581
3 10324 9583 9585
3 10324 10323 9583
3 10325 9585 9587
3 10325 10324 9585
3 10326 10325 9587
3 10326 9587 9589
3 10327 10326 9589
3 10328 10327 9589
3 10328 9589 9592
3 10329 10328 9592
3 10329 9592 9594
3 10330 10329 9594
3 10330 9594 9596
3 10331 10330 9596
3 10331 9596 9598
3 10332 10331 9598
3 10332 9598 9600
3 10333 10332 9600
3 10334 10333 9600
3 10334 9600 9603
3 10335 10334 9603
3 10335 9603 9605
3 10336 10335 9605
3 10336 9605 9607
3 10337 10336 9607
3 10337 9607 9609
3 10338 10337 9609
3 10338 9609 9611
3 10339 10338 9611
3 10340 10339 9611
3 10340 9611 9614
3 10341 10340 9614
3 10341 9614 9616
3 10342 10341 9616
3 10342 9616 9618
3 10343 10342 9618
3 10343 9618 9620
3 10344 10343 9620
3 10344 9620 9622
3 10345 10344 9622
3 10346 10345 9622
3 10346 9622 9625
3 10347 9625 9627
3 10347 10346 9625
3 10348 9627 9629
3 10348 10347 9627
3 10349 9629 9631
3 10349 10348 9629
3 10350 9631 9633
3 10350 10349 9631
3 10351 10350 9633
3 10352 10351 9633
3 10352 9633 9636
3 10353 9636 9638
3 10353 10352 9636
3 10354 10353 9638
3 10354 9638 9640
3 10355 10354 9640
3 10355 9640 9642
3 10356 9642 9644
3 10356 10355 9642
3 10357 10356 9644
3 10358 9644 9647
3 10358 10357 9644
3 10359 9647 9649
3 10359 10358 9647
3 10360 9649 9651
3 10360 10359 9649
3 10361 9651 9653
3 10361 10360 9651
3 10362 9653 9655
3 10362 10361 9653
3 10363 10362 9655
3 10364 9655 9658
3 10364 10363 9655
3 10365 9658 9660
3 10365 10364 9658
3 10366 9660 9662
3 10366 10365 9660
3 10367 9662 9664
3 10367 10366 9662
3 10368 9664 9666
3 10368 10367 9664
3 10369 10368 9666
3 10370 9666 9669
3 10370 10369 9666
3 10371 9669 9671
3 10371 10370 9669
3 10372 9671 9673
3 10372 10371 9671
3 10373 9673 9675
3 10373 10372 9673
3 10374 9675 9677
3 10374 10373 9675
3 10375 10374 9677
3 10376 9677 9679
3 10376 10375 9677
3 10377 9679 9682
3 10377 10376 9679
3 10378 9682 9684
3 10378 10377 9682
3 10379 9684 9686
3 10379 10378 9684
3 10380 9686 9688
3 10380 10379 9686
3 10381 9688 9690
3 10381 10380 9688
3 10382 10381 9690
3 10383 10382 9690
3 10383 9690 9693
3 10384 10383 9693
3 10384 9693 9695
3 10385 10384 9695
3 10386 10385 9695
3 10386 9695 9697
3 10387 9697 9699
3 10387 10386 9697
3 10388 10387 9699
3 10388 9699 9701
3 10389 10388 9701
3 10389 9701 9704
3 10390 10389 9704
3 10391 10390 9704
3 10391 9704 9706
3 10392 10391 9706
3 10392 9706 9708
3 10393 9708 9710
3 10393 10392 9708
3 10394 9710 9712
3 10394 10393 9710
3 10395 10394 9712
3 10396 9712 9715
3 10396 10395 9712
3 10397 9715 9717
3 10397 10396 9715
3 10398 9717 9719
3 10398 10397 9717
3 10399 10398 9719
3 10400 9719 9721
3 10400 10399 9719
3 10401 9721 9723
3 10401 10400 9721
3 10402 9723 9726
3 10402 10401 9723
3 10403 9726 9728
3 10403 10402 9726
3 10404 10403 9728
3 10405 9728 9730
3 10405 10404 9728
3 10406 9730 9732
3 10406 10405 9730
3 10407 9732 9734
3 10407 10406 9732
3 10408 10407 9734
3 10409 9734 9737
3 10409 10408 9734
3 10410 9737 9739
3 10410 10409 9737
3 10411 10410 9739
3 10411 9739 9741
3 10412 10411 9741
3 10413 10412 9741
3 10413 9741 9743
3 10414 10413 9743
3 10414 9743 9745
3 10415 10414 9745
3 10415 9745 9748
3 10416 10415 9748
3 10417 10416 9748
3 10417 9748 9750
3 10418 10417 9750
3 10418 9750 9752
3 10419 10418 9752
3 10419 9752 9754
3 10420 10419 9754
3 10421 10420 9754
3 10421 9754 9756
3 10422 10421 9756
3 10422 9756 9759
3 10423 10422 9759
3 10423 9759 9761
3 10424 10423 9761
3 10425 10424 9761
3 10425 9761 9763
3 10426 10425 9763
3 10426 9763 9765
3 10427 10426 9765
3 10428 10427 9765
3 10428 9765 9767
3 10429 9767 9770
3 10429 10428 9767
3 10430 9770 9772
3 10430 10429 9770
3 10431 10430 9772
3 10432 9772 9774
3 10432 10431 9772
3 10433 9774 9776
3 10433 10432 9774
3 10434 10433 9776
3 10435 9776 9778
3 10435 10434 9776
3 10436 9778 9781
3 10436 10435 9778
3 10437 9781 9783
3 10437 10436 9781
3 10438 10437 9783
3 10439 9783 9785
3 10439 10438 9783
3 10440 10439 9785
3 9787 10440 9785
3 10441 10440 9787
3 10442 10441 9787
3 10442 9787 9789
3 10443 10442 9789
3 9792 10443 9789
3 10444 10443 9792
3 9794 10444 9792
3 10445 10444 9794
3 10446 10445 9794
3 10446 9794 9796
3 9798 10446 9796
3 10298 10299 10300
3 10447 10298 10300
3 10447 10300 10301
3 10448 10447 10301
3 10448 10301 10302
3 10449 10302 10303
3 10449 10448 10302
3 10450 10449 10303
3 10450 10303 10304
3 10450 10304 10305
3 10451 10305 10306
3 10451 10450 10305
3 10452 10306 10307
3 10452 10451 10306
3 10453 10307 10308
3 10453 10452 10307
3 10454 10308 10309
3 10454 10309 10310
3 10454 10453 10308
3 10455 10310 10311
3 10455 10454 10310
3 10456 10455 10311
3 10456 10311 10312
3 10457 10456 10312
3 10457 10312 10313
3 10457 10313 10314
3 10458 10457 10314
3 10458 10314 10315
3 10459 10458 10315
3 10459 10315 10316
3 10460 10459 10316
3 10460 10316 10317
3 10461 10460 10317
3 10461 10317 10318
3 10461 10318 10319
3 10462 10461 10319
3 10462 10319 10320
3 10463 10462 10320
3 10463 10320 10321
3 10464 10463 10321
3 10464 10321 10322
3 10465 10464 10322
3 10465 10322 10323
3 10465 10323 10324
3 10466 10465 10324
3 10466 10324 10325
3 10467 10466 10325
3 10467 10325 10326
3 10468 10467 10326
3 10468 10326 10327
3 10469 10468 10327
3 10469 10327 10328
3 10469 10328 10329
3 10470 10469 10329
3 10470 10329 10330
3 10471 10330 10331
3 10471 10470 10330
3 10472 10331 10332
3 10472 10471 10331
3 10473 10332 10333
3 10473 10333 10334
3 10473 10472 10332
3 10474 10334 10335
3 10474 10473 10334
3 10475 10335 10336
3 10475 10474 10335
3 10476 10336 10337
3 10476 10337 10338
3 10476 10475 10336
3 10477 10338 10339
3 10477 10476 10338
3 10478 10477 10339
3 10478 10339 10340
3 10479 10478 10340
3 10479 10340 10341
3 10480 10479 10341
3 10480 10341 10342
3 10480 10342 10343
3 10481 10343 10344
3 10481 10480 10343
3 10482 10344 10345
3 10482 10481 10344
3 10483 10345 10346
3 10483 10482 10345
3 10484 10346 10347
3 10484 10347 10348
3 10484 10483 10346
3 10485 10348 10349
3 10485 10484 10348
3 10486 10349 10350
3 10486 10485 10349
3 10487 10350 10351
3 10487 10486 10350
3 10488 10351 10352
3 10488 10487 10351
3 10353 10488 10352
3 10489 10353 10354
3 10489 10488 10353
3 10490 10354 10355
3 10490 10489 10354
3 10491 10355 10356
3 10491 10490 10355
3 10492 10356 10357
3 10492 10491 10356
3 10358 10492 10357
3 10493 10358 10359
3 10493 10492 10358
3 10494 10359 10360
3 10494 10493 10359
3 10495 10360 10361
3 10495 10494 10360
3 10496 10361 10362
3 10496 10495 10361
3 10363 10496 10362
3 10497 10496 10363
3 10364 10497 10363
3 10498 10364 10365
3 10498 10497 10364
3 10499 10365 10366
3 10499 10498 10365
3 10367 10499 10366
3 10500 10499 10367
3 10368 10500 10367
3 10501 10500 10368
3 10369 10501 10368
3 10502 10501 10369
3 10502 10369 10370
3 10503 10502 10370
3 10503 10370 10371
3 10372 10503 10371
3 10504 10503 10372
3 10373 10504 10372
3 10505 10504 10373
3 10374 10505 10373
3 10506 10505 10374
3 10506 10374 10375
3 10507 10506 10375
3 10507 10375 10376
3 10377 10507 10376
3 10508 10507 10377
3 10378 10508 10377
3 10509 10508 10378
3 10379 10509 10378
3 10510 10509 10379
3 10380 10510 10379
3 10511 10510 10380
3 10511 10380 10381
3 10382 10511 10381
3 10512 10511 10382
3 10383 10512 10382
3 10513 10512 10383
3 10384 10513 10383
3 10385 10513 10384
3 10511 10512 10513
3 10507 10508 10509
3 10507 10509 10510
3 10505 10506 10507
3 10498 10499 10500
3 10497 10498 10500
3 10495 10496 10497
3 10495 10497 10500
3 10494 10495 10500
3 10265 10417 10418
3 10265 10418 10419
3 10265 10419 10420
3 10265 10420 10421
3 10265 10421 10422
3 10265 10422 10423
3 10265 10423 10424
3 10265 10424 10425
3 10265 10425 10426
3 10265 10426 10427
3 10265 10427 10428
3 10265 10428 10429
3 10265 10429 10430
3 10265 10430 10431
3 10265 10431 10432
3 10265 10432 10433
3 10265 10433 10434
3 10265 10434 10435
3 10265 10435 10436
3 10265 10436 10437
3 10265 10437 10438
3 10265 10438 10439
3 10265 10439 10440
3 10265 10440 10441
3 10265 10441 10442
3 10265 10442 10443
3 10265 10443 10444
3 10265 10444 10445
3 10265 10445 10446
3 10265 10446 9798
3 10265 10513 10385
3 10265 10385 10386
3 10265 10386 10387
3 10265 10387 10388
3 10265 10388 10389
3 10265 10389 10390
3 10265 10390 10391
3 10265 10391 10392
3 10265 10392 10393
3 10265 10393 10394
3 10265 10394 10395
3 10265 10395 10396
3 10265 10396 10397
3 10265 10397 10398
3 10265 10398 10399
3 10265 10399 10400
3 10265 10400 10401
3 10265 10401 10402
3 10265 10402 10403
3 10265 10403 10404
3 10265 10404 10405
3 10265 10405 10406
3 10265 10406 10407
3 10265 10407 10408
3 10265 10408 10409
3 10265 10409 10410
3 10265 10410 10411
3 10265 10411 10412
3 10265 10412 10413
3 10265 10413 10414
3 10265 10414 10415
3 10265 10415 10416
3 10265 10416 10417
3 10492 10493 10494
3 10491 10492 10494
3 10269 10265 10263
3 10269 10263 10267
3 10490 10491 10494
3 10271 10265 10269
3 10488 10490 10494
3 10488 10489 10490
3 10488 10500 10501
3 10488 10501 10502
3 10488 10502 10503
3 10488 10494 10500
3 10276 10265 10271
3 10276 10513 10265
3 10276 10271 10273
3 10276 10511 10513
3 10276 10510 10511
3 10280 10276 10278
3 10483 10484 10485
3 10483 10485 10486
3 10482 10486 10487
3 10482 10487 10488
3 10482 10483 10486
3 10289 10285 10287
3 10291 10280 10282
3 10291 10282 10285
3 10291 10285 10289
3 10479 10480 10481
3 10298 10291 10294
3 10298 10276 10280
3 10298 10294 10296
3 10298 10280 10291
3 10477 10478 10479
3 10477 10481 10482
3 10477 10479 10481
3 10474 10475 10476
3 10474 10476 10477
3 10472 10473 10474
3 10452 10298 10447
3 10452 10447 10448
3 10452 10448 10449
3 10452 10449 10450
3 10452 10450 10451
3 10452 10510 10276
3 10452 10507 10510
3 10452 10276 10298
3 10470 10471 10472
3 10470 10472 10474
3 10454 10452 10453
3 10454 10505 10507
3 10454 10503 10504
3 10454 10504 10505
3 10454 10507 10452
3 10469 10470 10474
3 10455 10503 10454
3 10467 10468 10469
3 10457 10455 10456
3 10465 10466 10467
3 10465 10467 10469
3 10460 10457 10458
3 10460 10458 10459
3 10460 10455 10457
3 10463 10464 10465
3 10462 10469 10474
3 10462 10460 10461
3 10462 10503 10455
3 10462 10465 10469
3 10462 10482 10488
3 10462 10463 10465
3 10462 10488 10503
3 10462 10477 10482
3 10462 10474 10477
3 10462 10455 10460
