# https://github.com/mikedh/trimesh

o camera_cradle.stl
v 19.25000000 -26.50000000 0.00000000
v 24.25000000 26.50000000 0.00000000
v 24.25000000 -26.50000000 0.00000000
v 19.25000000 26.50000000 0.00000000
v 19.25000000 -28.84549522 1.12953055
v 19.25000000 -28.54051781 0.80084437
v 19.25000000 -28.69915581 0.95948178
v 19.25000000 -28.97871590 1.31003988
v 19.25000000 -27.80165100 0.29709339
v 19.25000000 -28.00000000 0.40192378
v 19.25000000 -28.18996048 0.52128369
v 19.25000000 -29.29262161 1.90397692
v 19.25000000 -29.09807587 1.50000000
v 19.25000000 -29.20290565 1.69834876
v 19.25000000 -27.38426590 0.13328159
v 19.25000000 -27.59602356 0.20737876
v 19.25000000 -27.16756248 0.07521626
v 19.25000000 -28.37047005 0.65450555
v 19.25000000 -29.46649170 2.55287313
v 19.25000000 -29.36671829 2.11573458
v 19.25000000 -29.42478371 2.33243728
v 19.25000000 -26.72418976 0.00838861
v 19.25000000 -26.94712639 0.03350752
v 19.25000000 -29.50000000 3.00000000
v 19.25000000 -29.49161148 2.77580976
v 19.25000000 -25.86034584 8.53389645
v 19.25000000 -25.96610451 8.63965416
v 19.25000000 -25.74697876 8.43633747
v 19.25000000 -26.06366348 8.75302029
v 19.25000000 -25.62664032 8.34752274
v 19.25000000 -26.15247726 8.87335968
v 19.25000000 -25.50000000 8.26794910
v 19.25000000 -26.23204994 9.00000000
v 19.25000000 -25.36776733 8.19806194
v 19.25000000 -26.30193710 9.13223267
v 19.25000000 -25.23068237 8.13825226
v 19.25000000 -26.36174774 9.26931763
v 19.25000000 -25.08950996 8.08885479
v 19.25000000 -26.41114616 9.41049004
v 19.25000000 -24.94504166 8.05014420
v 19.25000000 -26.44985580 9.55495834
v 19.25000000 -24.79808426 8.02233791
v 19.25000000 -26.47766113 9.70191574
v 19.25000000 -24.64945984 8.00559235
v 19.25000000 -26.49440765 9.85054016
v 19.25000000 -26.50000000 10.00000000
v 19.25000000 -24.50000000 8.00000000
v 19.25000000 27.16756248 0.07521626
v 19.25000000 26.72418976 0.00838861
v 19.25000000 26.94712639 0.03350752
v 19.25000000 27.59602356 0.20737876
v 19.25000000 27.38426590 0.13328159
v 19.25000000 28.18996048 0.52128369
v 19.25000000 27.80165100 0.29709339
v 19.25000000 28.00000000 0.40192378
v 19.25000000 28.69915581 0.95948178
v 19.25000000 28.37047005 0.65450555
v 19.25000000 28.54051781 0.80084437
v 19.25000000 -29.50000000 60.00000000
v 19.25000000 -24.79808426 54.97766113
v 19.25000000 -24.94504166 54.94985580
v 19.25000000 -25.08950996 54.91114426
v 19.25000000 -25.23068237 54.86174774
v 19.25000000 -25.36776733 54.80193710
v 19.25000000 -25.50000000 54.73205185
v 19.25000000 -25.62664032 54.65247726
v 19.25000000 -25.74697876 54.56366348
v 19.25000000 -25.86034584 54.46610260
v 19.25000000 -25.96610451 54.36034393
v 19.25000000 -26.06366348 54.24697876
v 19.25000000 -26.15247726 54.12664032
v 19.25000000 -26.23204994 54.00000000
v 19.25000000 -26.30193710 53.86776733
v 19.25000000 -26.36174774 53.73068237
v 19.25000000 -26.41114616 53.58951187
v 19.25000000 -26.44985580 53.44504166
v 19.25000000 -26.47766113 53.29808426
v 19.25000000 -26.49440765 53.14945984
v 19.25000000 -26.50000000 53.00000000
v 19.25000000 29.09807587 1.50000000
v 19.25000000 28.97871590 1.31003988
v 19.25000000 28.84549522 1.12953055
v 19.25000000 -29.46649170 60.44712830
v 19.25000000 -29.49161148 60.22418976
v 19.25000000 29.29262161 1.90397692
v 19.25000000 29.20290565 1.69834876
v 19.25000000 -29.42478371 60.66756439
v 19.25000000 29.42478371 2.33243728
v 19.25000000 29.36671829 2.11573458
v 19.25000000 -29.29262161 61.09602356
v 19.25000000 -29.36671829 60.88426590
v 19.25000000 24.50000000 8.00000000
v 19.25000000 29.50000000 3.00000000
v 19.25000000 29.46649170 2.55287313
v 19.25000000 29.49161148 2.77580976
v 19.25000000 24.64945984 8.00559235
v 19.25000000 -28.97871590 61.68996048
v 19.25000000 -29.20290565 61.30165100
v 19.25000000 -29.09807587 61.50000000
v 19.25000000 24.79808426 8.02233791
v 19.25000000 24.94504166 8.05014420
v 19.25000000 -28.84549522 61.87046814
v 19.25000000 25.08950996 8.08885479
v 19.25000000 -28.69915581 62.04051971
v 19.25000000 25.23068237 8.13825226
v 19.25000000 25.36776733 8.19806194
v 19.25000000 -28.54051781 62.19915390
v 19.25000000 25.50000000 8.26794910
v 19.25000000 25.62664032 8.34752274
v 19.25000000 25.74697876 8.43633747
v 19.25000000 -28.18996048 62.47871780
v 19.25000000 -28.37047005 62.34549332
v 19.25000000 25.86034584 8.53389645
v 19.25000000 25.96610451 8.63965416
v 19.25000000 26.06366348 8.75302029
v 19.25000000 26.15247726 8.87335968
v 19.25000000 -27.59602356 62.79262161
v 19.25000000 -28.00000000 62.59807587
v 19.25000000 -27.80165100 62.70290756
v 19.25000000 26.23204994 9.00000000
v 19.25000000 26.30193710 9.13223267
v 19.25000000 -27.38426590 62.86671829
v 19.25000000 26.36174774 9.26931763
v 19.25000000 -27.16756248 62.92478561
v 19.25000000 26.41114616 9.41049004
v 19.25000000 26.44985580 9.55495834
v 19.25000000 26.47766113 9.70191574
v 19.25000000 26.49440765 9.85054016
v 19.25000000 -26.50000000 63.00000000
v 19.25000000 -26.94712639 62.96649170
v 19.25000000 -26.72418976 62.99161148
v 19.25000000 -24.50000000 55.00000000
v 19.25000000 -24.64945984 54.99440765
v 19.25000000 26.50000000 10.00000000
v 19.25000000 -7.00000000 63.00000000
v 19.25000000 -7.00000000 55.00000000
v 19.25000000 24.50000000 55.00000000
v 19.25000000 7.00000000 55.00000000
v 19.25000000 7.00000000 63.00000000
v 19.25000000 26.50000000 63.00000000
v 19.25000000 24.64945984 54.99440765
v 19.25000000 24.79808426 54.97766113
v 19.25000000 29.50000000 60.00000000
v 19.25000000 24.94504166 54.94985580
v 19.25000000 25.08950996 54.91114426
v 19.25000000 25.23068237 54.86174774
v 19.25000000 25.36776733 54.80193710
v 19.25000000 25.50000000 54.73205185
v 19.25000000 25.62664032 54.65247726
v 19.25000000 25.74697876 54.56366348
v 19.25000000 25.86034584 54.46610260
v 19.25000000 25.96610451 54.36034393
v 19.25000000 26.06366348 54.24697876
v 19.25000000 26.15247726 54.12664032
v 19.25000000 26.23204994 54.00000000
v 19.25000000 26.30193710 53.86776733
v 19.25000000 26.36174774 53.73068237
v 19.25000000 26.41114616 53.58951187
v 19.25000000 26.44985580 53.44504166
v 19.25000000 26.47766113 53.29808426
v 19.25000000 26.49440765 53.14945984
v 19.25000000 26.50000000 53.00000000
v 19.25000000 26.72418976 62.99161148
v 19.25000000 29.49161148 60.22418976
v 19.25000000 27.16756248 62.92478561
v 19.25000000 26.94712639 62.96649170
v 19.25000000 29.42478371 60.66756439
v 19.25000000 29.46649170 60.44712830
v 19.25000000 29.20290565 61.30165100
v 19.25000000 29.29262161 61.09602356
v 19.25000000 29.36671829 60.88426590
v 19.25000000 28.00000000 62.59807587
v 19.25000000 27.38426590 62.86671829
v 19.25000000 27.59602356 62.79262161
v 19.25000000 27.80165100 62.70290756
v 19.25000000 29.09807587 61.50000000
v 19.25000000 28.18996048 62.47871780
v 19.25000000 28.69915581 62.04051971
v 19.25000000 28.37047005 62.34549332
v 19.25000000 28.54051781 62.19915390
v 19.25000000 28.84549522 61.87046814
v 19.25000000 28.97871590 61.68996048
v 24.25000000 -26.72418976 0.00838861
v 24.25000000 -26.94712639 0.03350752
v 24.25000000 -27.16756248 0.07521626
v 24.25000000 -27.38426590 0.13328159
v 24.25000000 -27.59602356 0.20737876
v 24.25000000 -27.80165100 0.29709339
v 24.25000000 -28.00000000 0.40192378
v 24.25000000 -28.18996048 0.52128369
v 24.25000000 -28.37047005 0.65450555
v 24.25000000 -28.54051781 0.80084437
v 24.25000000 -28.69915581 0.95948178
v 24.25000000 -28.84549522 1.12953055
v 24.25000000 -28.97871590 1.31003988
v 24.25000000 -29.09807587 1.50000000
v 24.25000000 -29.20290565 1.69834876
v 24.25000000 -29.29262161 1.90397692
v 24.25000000 -29.36671829 2.11573458
v 24.25000000 -29.42478371 2.33243728
v 24.25000000 -29.46649170 2.55287313
v 24.25000000 -29.49161148 2.77580976
v 24.25000000 -29.50000000 3.00000000
v 24.25000000 26.72418976 0.00838861
v 24.25000000 26.94712639 0.03350752
v 24.25000000 27.16756248 0.07521626
v 24.25000000 27.38426590 0.13328159
v 24.25000000 27.59602356 0.20737876
v 24.25000000 27.80165100 0.29709339
v 24.25000000 28.00000000 0.40192378
v 24.25000000 28.18996048 0.52128369
v 24.25000000 28.37047005 0.65450555
v 24.25000000 28.54051781 0.80084437
v 24.25000000 28.69915581 0.95948178
v 24.25000000 28.84549522 1.12953055
v 24.25000000 28.97871590 1.31003988
v 24.25000000 29.09807587 1.50000000
v 24.25000000 29.20290565 1.69834876
v 24.25000000 29.29262161 1.90397692
v 24.25000000 29.36671829 2.11573458
v 24.25000000 29.42478371 2.33243728
v 24.25000000 29.46649170 2.55287313
v 24.25000000 29.49161148 2.77580976
v 24.25000000 29.50000000 3.00000000
v 24.25000000 -13.50000000 25.50000000
v 24.25000000 -29.50000000 60.00000000
v 24.25000000 -13.50000000 37.50000000
v 24.25000000 -29.46649170 60.44712830
v 24.25000000 -29.49161148 60.22418976
v 24.25000000 -29.42478371 60.66756439
v 24.25000000 -29.29262161 61.09602356
v 24.25000000 -29.36671829 60.88426590
v 24.25000000 -29.20290565 61.30165100
v 24.25000000 -28.69915581 62.04051971
v 24.25000000 -28.84549522 61.87046814
v 24.25000000 -28.97871590 61.68996048
v 24.25000000 -29.09807587 61.50000000
v 24.25000000 -28.54051781 62.19915390
v 24.25000000 -28.18996048 62.47871780
v 24.25000000 -28.37047005 62.34549332
v 24.25000000 -28.00000000 62.59807587
v 24.25000000 -27.59602356 62.79262161
v 24.25000000 -27.80165100 62.70290756
v 24.25000000 -26.94712639 62.96649170
v 24.25000000 -27.16756248 62.92478561
v 24.25000000 -27.38426590 62.86671829
v 24.25000000 -26.72418976 62.99161148
v 24.25000000 -26.50000000 63.00000000
v 24.25000000 23.00000000 15.00000000
v 24.25000000 13.50000000 25.50000000
v 24.25000000 23.00000000 18.00000000
v 24.25000000 26.00000000 15.00000000
v 24.25000000 26.00000000 18.00000000
v 24.25000000 -7.00000000 54.00000000
v 24.25000000 7.00000000 54.00000000
v 24.25000000 13.50000000 37.50000000
v 24.25000000 26.00000000 45.00000000
v 24.25000000 23.00000000 45.00000000
v 24.25000000 23.00000000 48.00000000
v 24.25000000 26.50000000 63.00000000
v 24.25000000 29.50000000 60.00000000
v 24.25000000 26.00000000 48.00000000
v 24.25000000 29.36671829 60.88426590
v 24.25000000 26.72418976 62.99161148
v 24.25000000 29.46649170 60.44712830
v 24.25000000 29.42478371 60.66756439
v 24.25000000 29.49161148 60.22418976
v 24.25000000 27.59602356 62.79262161
v 24.25000000 27.16756248 62.92478561
v 24.25000000 26.94712639 62.96649170
v 24.25000000 27.38426590 62.86671829
v 24.25000000 29.29262161 61.09602356
v 24.25000000 27.80165100 62.70290756
v 24.25000000 28.00000000 62.59807587
v 24.25000000 28.97871590 61.68996048
v 24.25000000 29.20290565 61.30165100
v 24.25000000 29.09807587 61.50000000
v 24.25000000 28.84549522 61.87046814
v 24.25000000 28.54051781 62.19915390
v 24.25000000 28.37047005 62.34549332
v 24.25000000 28.18996048 62.47871780
v 24.25000000 28.69915581 62.04051971
v 20.63083076 7.00000000 63.00000000
v 20.63083076 -7.00000000 63.00000000
v -9.75000000 7.00000000 67.00000000
v -15.75000000 7.00000000 62.00000000
v -15.75000000 7.00000000 67.50000000
v -9.75000000 7.00000000 67.50000000
v 11.25000000 7.00000000 62.00000000
v 19.09432220 7.00000000 55.57054138
v 19.18725395 7.00000000 55.00000000
v 11.75000000 7.00000000 66.99037933
v 11.82768440 7.00000000 61.97911453
v 11.75000000 7.00000000 67.00000000
v 12.65459061 7.00000000 66.92389679
v 12.40235233 7.00000000 61.91656876
v 13.55234337 7.00000000 66.79450226
v 12.97100353 7.00000000 61.81269073
v 14.43888855 7.00000000 66.60281372
v 13.53066921 7.00000000 61.66802216
v 15.30990982 7.00000000 66.34978485
v 14.07842731 7.00000000 61.48331451
v 16.16116714 7.00000000 66.03662872
v 14.61141777 7.00000000 61.25953674
v 16.09442520 7.00000000 60.36643982
v 15.62205505 7.00000000 60.69963837
v 16.54150200 7.00000000 60.00000000
v 16.96095276 7.00000000 59.60223389
v 17.35058403 7.00000000 59.17521667
v 17.70836258 7.00000000 58.72117996
v 16.98851776 7.00000000 65.66487885
v 15.12685680 7.00000000 60.99785614
v 17.78793144 7.00000000 65.23634338
v 18.55551720 7.00000000 64.75311279
v 19.28754044 7.00000000 64.21752930
v 19.98043633 7.00000000 63.63220978
v 18.96043396 7.00000000 56.13288498
v 18.78628922 7.00000000 56.68409348
v 18.57279587 7.00000000 57.22128296
v 18.32106781 7.00000000 57.74165726
v 18.03242111 7.00000000 58.24249649
v 14.25000000 24.50000000 55.00000000
v 19.18725395 -7.00000000 55.00000000
v 14.25000000 -24.50000000 55.00000000
v 14.25000000 24.64945984 54.99440765
v 14.25000000 24.79808426 54.97766113
v 14.25000000 24.94504166 54.94985580
v 14.25000000 25.08950996 54.91114426
v 14.25000000 25.23068237 54.86174774
v 14.25000000 25.36776733 54.80193710
v 14.25000000 25.50000000 54.73205185
v 14.25000000 25.62664032 54.65247726
v 14.25000000 25.74697876 54.56366348
v 14.25000000 25.86034584 54.46610260
v 14.25000000 25.96610451 54.36034393
v 14.25000000 26.06366348 54.24697876
v 14.25000000 26.15247726 54.12664032
v 14.25000000 26.23204994 54.00000000
v 14.25000000 26.30193710 53.86776733
v 14.25000000 26.36174774 53.73068237
v 14.25000000 26.41114616 53.58951187
v 14.25000000 26.44985580 53.44504166
v 14.25000000 26.47766113 53.29808426
v 14.25000000 26.49440765 53.14945984
v 14.25000000 26.50000000 53.00000000
v 14.25000000 26.50000000 10.00000000
v 14.25000000 24.64945984 8.00559235
v 14.25000000 24.50000000 8.00000000
v 14.25000000 24.79808426 8.02233791
v 14.25000000 24.94504166 8.05014420
v 14.25000000 25.08950996 8.08885479
v 14.25000000 25.23068237 8.13825226
v 14.25000000 25.36776733 8.19806194
v 14.25000000 25.50000000 8.26794910
v 14.25000000 25.62664032 8.34752274
v 14.25000000 25.74697876 8.43633747
v 14.25000000 25.86034584 8.53389645
v 14.25000000 25.96610451 8.63965416
v 14.25000000 26.06366348 8.75302029
v 14.25000000 26.15247726 8.87335968
v 14.25000000 26.23204994 9.00000000
v 14.25000000 26.30193710 9.13223267
v 14.25000000 26.36174774 9.26931763
v 14.25000000 26.41114616 9.41049004
v 14.25000000 26.44985580 9.55495834
v 14.25000000 26.47766113 9.70191574
v 14.25000000 26.49440765 9.85054016
v 14.25000000 -24.50000000 8.00000000
v 14.25000000 -24.64945984 8.00559235
v 14.25000000 -24.79808426 8.02233791
v 14.25000000 -24.94504166 8.05014420
v 14.25000000 -25.08950996 8.08885479
v 14.25000000 -25.23068237 8.13825226
v 14.25000000 -25.36776733 8.19806194
v 14.25000000 -25.50000000 8.26794910
v 14.25000000 -25.62664032 8.34752274
v 14.25000000 -25.74697876 8.43633747
v 14.25000000 -25.86034584 8.53389645
v 14.25000000 -25.96610451 8.63965416
v 14.25000000 -26.06366348 8.75302029
v 14.25000000 -26.15247726 8.87335968
v 14.25000000 -26.23204994 9.00000000
v 14.25000000 -26.30193710 9.13223267
v 14.25000000 -26.36174774 9.26931763
v 14.25000000 -26.41114616 9.41049004
v 14.25000000 -26.44985580 9.55495834
v 14.25000000 -26.47766113 9.70191574
v 14.25000000 -26.49440765 9.85054016
v 14.25000000 -26.50000000 10.00000000
v 14.25000000 -26.50000000 53.00000000
v 14.25000000 -24.64945984 54.99440765
v 14.25000000 -24.79808426 54.97766113
v 14.25000000 -24.94504166 54.94985580
v 14.25000000 -25.08950996 54.91114426
v 14.25000000 -25.23068237 54.86174774
v 14.25000000 -25.36776733 54.80193710
v 14.25000000 -25.50000000 54.73205185
v 14.25000000 -25.62664032 54.65247726
v 14.25000000 -25.74697876 54.56366348
v 14.25000000 -25.86034584 54.46610260
v 14.25000000 -25.96610451 54.36034393
v 14.25000000 -26.06366348 54.24697876
v 14.25000000 -26.15247726 54.12664032
v 14.25000000 -26.23204994 54.00000000
v 14.25000000 -26.30193710 53.86776733
v 14.25000000 -26.36174774 53.73068237
v 14.25000000 -26.41114616 53.58951187
v 14.25000000 -26.44985580 53.44504166
v 14.25000000 -26.47766113 53.29808426
v 14.25000000 -26.49440765 53.14945984
v -9.75000000 -7.00000000 67.00000000
v -15.75000000 -7.00000000 67.50000000
v -15.75000000 -7.00000000 62.00000000
v -9.75000000 -7.00000000 67.50000000
v 11.25000000 -7.00000000 62.00000000
v 19.09432220 -7.00000000 55.57054138
v 11.75000000 -7.00000000 66.99037933
v 11.82768440 -7.00000000 61.97911453
v 11.75000000 -7.00000000 67.00000000
v 12.65459061 -7.00000000 66.92389679
v 12.40235233 -7.00000000 61.91656876
v 13.55234337 -7.00000000 66.79450226
v 12.97100353 -7.00000000 61.81269073
v 14.43888855 -7.00000000 66.60281372
v 13.53066921 -7.00000000 61.66802216
v 15.30990982 -7.00000000 66.34978485
v 14.07842731 -7.00000000 61.48331451
v 16.16116714 -7.00000000 66.03662872
v 14.61141777 -7.00000000 61.25953674
v 15.62205505 -7.00000000 60.69963837
v 16.09442520 -7.00000000 60.36643982
v 16.54150200 -7.00000000 60.00000000
v 16.96095276 -7.00000000 59.60223389
v 17.35058403 -7.00000000 59.17521667
v 17.70836258 -7.00000000 58.72117996
v 16.98851776 -7.00000000 65.66487885
v 15.12685680 -7.00000000 60.99785614
v 17.78793144 -7.00000000 65.23634338
v 18.55551720 -7.00000000 64.75311279
v 19.28754044 -7.00000000 64.21752930
v 19.98043633 -7.00000000 63.63220978
v 18.96043396 -7.00000000 56.13288498
v 18.78628922 -7.00000000 56.68409348
v 18.57279587 -7.00000000 57.22128296
v 18.32106781 -7.00000000 57.74165726
v 18.03242111 -7.00000000 58.24249649
v 21.85000038 -13.50000000 37.50000000
v 21.85000038 -13.50000000 25.50000000
v 21.85000038 13.50000000 37.50000000
v 21.85000038 13.50000000 25.50000000
v 17.25000000 23.00000000 18.00000000
v 17.25000000 23.00000000 15.00000000
v 17.25000000 26.00000000 18.00000000
v 17.25000000 26.00000000 15.00000000
v 17.25000000 23.00000000 48.00000000
v 17.25000000 23.00000000 45.00000000
v 17.25000000 26.00000000 48.00000000
v 17.25000000 26.00000000 45.00000000
v -1.25000000 -5.00000000 62.00000000
v -1.25000000 5.00000000 62.00000000
v -8.25000000 5.00000000 62.00000000
v -10.91737080 1.70043182 62.00000000
v -11.04956818 1.83262968 62.00000000
v -10.79542160 1.55872452 62.00000000
v -11.19127560 1.95457876 62.00000000
v -11.34169960 2.06559682 62.00000000
v -10.68440342 1.40830016 62.00000000
v -10.58493614 1.25000000 62.00000000
v -11.50000000 2.16506362 62.00000000
v -10.49757767 1.08470941 62.00000000
v -11.66529083 2.25242209 62.00000000
v -10.42281532 0.91335255 62.00000000
v -11.83664703 2.32718444 62.00000000
v -12.01311207 2.38893199 62.00000000
v -10.36106777 0.73688793 62.00000000
v -10.31268024 0.55630231 62.00000000
v -12.19369793 2.43731976 62.00000000
v -10.27792263 0.37260565 62.00000000
v -12.37739468 2.47207713 62.00000000
v -10.25699043 0.18682523 62.00000000
v -12.56317520 2.49300957 62.00000000
v -12.75000000 2.50000000 62.00000000
v -12.93682480 2.49300957 62.00000000
v -13.12260532 2.47207713 62.00000000
v -13.30630207 2.43731976 62.00000000
v -13.48688793 2.38893199 62.00000000
v -13.66335297 2.32718444 62.00000000
v -13.83470917 2.25242209 62.00000000
v -14.00000000 2.16506362 62.00000000
v -14.15830040 2.06559682 62.00000000
v -14.30872440 1.95457876 62.00000000
v -14.45043182 1.83262968 62.00000000
v -14.58262920 1.70043182 62.00000000
v -14.70457840 1.55872452 62.00000000
v -8.25000000 -5.00000000 62.00000000
v -11.19127560 -1.95457876 62.00000000
v -11.04956818 -1.83262968 62.00000000
v -10.91737080 -1.70043182 62.00000000
v -10.79542160 -1.55872452 62.00000000
v -10.68440342 -1.40830016 62.00000000
v -10.58493614 -1.25000000 62.00000000
v -10.49757767 -1.08470941 62.00000000
v -10.42281532 -0.91335255 62.00000000
v -10.36106777 -0.73688793 62.00000000
v -10.31268024 -0.55630231 62.00000000
v -10.27792263 -0.37260565 62.00000000
v -10.25699043 -0.18682523 62.00000000
v -11.34169960 -2.06559682 62.00000000
v -14.81559658 1.40830016 62.00000000
v -11.50000000 -2.16506362 62.00000000
v -14.91506386 1.25000000 62.00000000
v -11.66529083 -2.25242209 62.00000000
v -15.00242233 1.08470941 62.00000000
v -11.83664703 -2.32718444 62.00000000
v -15.07718468 0.91335255 62.00000000
v -12.01311207 -2.38893199 62.00000000
v -15.13893223 0.73688793 62.00000000
v -12.19369793 -2.43731976 62.00000000
v -15.18731976 0.55630231 62.00000000
v -12.37739468 -2.47207713 62.00000000
v -15.22207737 0.37260565 62.00000000
v -15.24300957 0.18682523 62.00000000
v -15.24300957 -0.18682523 62.00000000
v -15.22207737 -0.37260565 62.00000000
v -15.18731976 -0.55630231 62.00000000
v -15.13893223 -0.73688793 62.00000000
v -15.07718468 -0.91335255 62.00000000
v -15.00242233 -1.08470941 62.00000000
v -14.91506386 -1.25000000 62.00000000
v -14.81559658 -1.40830016 62.00000000
v -14.70457840 -1.55872452 62.00000000
v -14.58262920 -1.70043182 62.00000000
v -14.45043182 -1.83262968 62.00000000
v -14.30872440 -1.95457876 62.00000000
v -14.15830040 -2.06559682 62.00000000
v -14.00000000 -2.16506362 62.00000000
v -13.83470917 -2.25242209 62.00000000
v -13.66335297 -2.32718444 62.00000000
v -13.48688793 -2.38893199 62.00000000
v -13.30630207 -2.43731976 62.00000000
v -13.12260532 -2.47207713 62.00000000
v -12.93682480 -2.49300957 62.00000000
v -12.75000000 -2.50000000 62.00000000
v -12.56317520 -2.49300957 62.00000000
v -15.25000000 0.00000000 62.00000000
v -10.25000000 -0.00000000 62.00000000
v -15.75000000 -5.19615221 62.50000000
v -15.75000000 -5.19615221 67.50000000
v -15.75000000 5.19615221 62.50000000
v -15.75000000 5.19615221 67.50000000
v -9.75000000 5.19615221 67.50000000
v -11.04956818 1.83262968 67.50000000
v -8.66896343 4.39831114 67.50000000
v -9.00906086 4.69098902 67.50000000
v -10.91737080 1.70043182 67.50000000
v -8.35168839 4.08103657 67.50000000
v -11.19127560 1.95457876 67.50000000
v -9.37007999 4.95743275 67.50000000
v -10.79542160 1.55872452 67.50000000
v -8.05901146 3.74093890 67.50000000
v -11.34169960 2.06559682 67.50000000
v -10.68440342 1.40830016 67.50000000
v -7.79256725 3.37992024 67.50000000
v -10.58493614 1.25000000 67.50000000
v -7.55384779 3.00000000 67.50000000
v -11.50000000 2.16506362 67.50000000
v -10.49757767 1.08470941 67.50000000
v -7.34418678 2.60330248 67.50000000
v -11.66529083 2.25242209 67.50000000
v -10.42281532 0.91335255 67.50000000
v -7.16475773 2.19204617 67.50000000
v -11.83664703 2.32718444 67.50000000
v -12.01311207 2.38893199 67.50000000
v -10.36106777 0.73688793 67.50000000
v -7.01656294 1.76853108 67.50000000
v -10.31268024 0.55630231 67.50000000
v -6.90043259 1.33512557 67.50000000
v -12.19369793 2.43731976 67.50000000
v -10.27792263 0.37260565 67.50000000
v -6.81701517 0.89425361 67.50000000
v -12.37739468 2.47207713 67.50000000
v -10.25699043 0.18682523 67.50000000
v -6.76677704 0.44838056 67.50000000
v -12.56317520 2.49300957 67.50000000
v -12.75000000 2.50000000 67.50000000
v -10.25000000 -0.00000000 67.50000000
v -6.75000000 0.00000000 67.50000000
v -10.25699043 -0.18682523 67.50000000
v -6.76677704 -0.44838056 67.50000000
v -12.93682480 2.49300957 67.50000000
v -10.27792263 -0.37260565 67.50000000
v -6.81701517 -0.89425361 67.50000000
v -13.12260532 2.47207713 67.50000000
v -10.31268024 -0.55630231 67.50000000
v -6.90043259 -1.33512557 67.50000000
v -13.30630207 2.43731976 67.50000000
v -10.36106777 -0.73688793 67.50000000
v -7.01656294 -1.76853108 67.50000000
v -13.48688793 2.38893199 67.50000000
v -10.42281532 -0.91335255 67.50000000
v -7.34418678 -2.60330248 67.50000000
v -7.16475773 -2.19204617 67.50000000
v -13.66335297 2.32718444 67.50000000
v -10.49757767 -1.08470941 67.50000000
v -13.83470917 2.25242209 67.50000000
v -10.58493614 -1.25000000 67.50000000
v -7.55384779 -3.00000000 67.50000000
v -14.00000000 2.16506362 67.50000000
v -10.68440342 -1.40830016 67.50000000
v -7.79256725 -3.37992024 67.50000000
v -14.15830040 2.06559682 67.50000000
v -16.12992096 4.95743275 67.50000000
v -10.79542160 -1.55872452 67.50000000
v -8.05901146 -3.74093890 67.50000000
v -14.30872440 1.95457876 67.50000000
v -16.49093819 4.69098902 67.50000000
v -10.91737080 -1.70043182 67.50000000
v -8.35168839 -4.08103657 67.50000000
v -14.45043182 1.83262968 67.50000000
v -16.83103561 4.39831114 67.50000000
v -14.58262920 1.70043182 67.50000000
v -8.66896343 -4.39831114 67.50000000
v -11.04956818 -1.83262968 67.50000000
v -17.14831161 4.08103657 67.50000000
v -14.70457840 1.55872452 67.50000000
v -9.00906086 -4.69098902 67.50000000
v -11.19127560 -1.95457876 67.50000000
v -17.44098854 3.74093890 67.50000000
v -14.81559658 1.40830016 67.50000000
v -9.37007999 -4.95743275 67.50000000
v -11.34169960 -2.06559682 67.50000000
v -17.70743179 3.37992024 67.50000000
v -14.91506386 1.25000000 67.50000000
v -9.75000000 -5.19615221 67.50000000
v -12.19369793 -2.43731976 67.50000000
v -12.37739468 -2.47207713 67.50000000
v -12.01311207 -2.38893199 67.50000000
v -11.83664703 -2.32718444 67.50000000
v -11.66529083 -2.25242209 67.50000000
v -11.50000000 -2.16506362 67.50000000
v -17.94615173 3.00000000 67.50000000
v -12.56317520 -2.49300957 67.50000000
v -12.75000000 -2.50000000 67.50000000
v -18.15581322 2.60330248 67.50000000
v -15.00242233 1.08470941 67.50000000
v -15.07718468 0.91335255 67.50000000
v -18.33524323 2.19204617 67.50000000
v -15.13893223 0.73688793 67.50000000
v -18.48343658 1.76853108 67.50000000
v -15.18731976 0.55630231 67.50000000
v -18.59956741 1.33512557 67.50000000
v -18.68298531 0.89425361 67.50000000
v -15.22207737 0.37260565 67.50000000
v -18.73322296 0.44838056 67.50000000
v -15.24300957 0.18682523 67.50000000
v -15.25000000 0.00000000 67.50000000
v -18.75000000 0.00000000 67.50000000
v -18.73322296 -0.44838056 67.50000000
v -15.24300957 -0.18682523 67.50000000
v -18.68298531 -0.89425361 67.50000000
v -15.22207737 -0.37260565 67.50000000
v -18.59956741 -1.33512557 67.50000000
v -15.18731976 -0.55630231 67.50000000
v -15.13893223 -0.73688793 67.50000000
v -18.48343658 -1.76853108 67.50000000
v -18.33524323 -2.19204617 67.50000000
v -15.07718468 -0.91335255 67.50000000
v -18.15581322 -2.60330248 67.50000000
v -15.00242233 -1.08470941 67.50000000
v -14.00000000 -2.16506362 67.50000000
v -14.15830040 -2.06559682 67.50000000
v -13.83470917 -2.25242209 67.50000000
v -13.66335297 -2.32718444 67.50000000
v -13.48688793 -2.38893199 67.50000000
v -13.30630207 -2.43731976 67.50000000
v -13.12260532 -2.47207713 67.50000000
v -12.93682480 -2.49300957 67.50000000
v -17.94615173 -3.00000000 67.50000000
v -14.91506386 -1.25000000 67.50000000
v -14.81559658 -1.40830016 67.50000000
v -17.70743179 -3.37992024 67.50000000
v -16.12992096 -4.95743275 67.50000000
v -17.44098854 -3.74093890 67.50000000
v -14.70457840 -1.55872452 67.50000000
v -16.49093819 -4.69098902 67.50000000
v -14.30872440 -1.95457876 67.50000000
v -17.14831161 -4.08103657 67.50000000
v -14.58262920 -1.70043182 67.50000000
v -16.83103561 -4.39831114 67.50000000
v -14.45043182 -1.83262968 67.50000000
v -9.75000000 5.19615221 67.00000000
v -3.94364285 0.74818999 67.00000000
v -4.00181007 0.80635709 67.00000000
v -4.06416130 0.86001462 67.00000000
v -3.88998532 0.68583876 67.00000000
v -4.13034773 0.90886265 67.00000000
v -3.84113741 0.61965209 67.00000000
v -3.79737210 0.55000001 67.00000000
v -4.19999981 0.95262796 67.00000000
v -4.27272797 0.99106574 67.00000000
v -3.75893426 0.47727212 67.00000000
v -4.34812498 1.02396107 67.00000000
v -3.72603893 0.40187514 67.00000000
v -3.69886994 0.32423070 67.00000000
v -3.67757940 0.24477303 67.00000000
v -3.66228604 0.16394649 67.00000000
v -3.65307593 0.08220311 67.00000000
v -3.65000010 -0.00000000 67.00000000
v -3.65307593 -0.08220311 67.00000000
v -3.66228604 -0.16394649 67.00000000
v -3.67757940 -0.24477303 67.00000000
v -3.69886994 -0.32423070 67.00000000
v -3.72603893 -0.40187514 67.00000000
v -3.75893426 -0.47727212 67.00000000
v -8.66896343 4.39831114 67.00000000
v -8.35168839 4.08103657 67.00000000
v -8.05901146 3.74093890 67.00000000
v -4.42576933 1.05113006 67.00000000
v -9.00906086 4.69098902 67.00000000
v -3.79737210 -0.55000001 67.00000000
v -7.79256725 3.37992024 67.00000000
v -4.50522709 1.07242072 67.00000000
v -4.58605337 1.08771396 67.00000000
v -9.37007999 4.95743275 67.00000000
v -3.84113741 -0.61965209 67.00000000
v -7.55384779 3.00000000 67.00000000
v -4.66779709 1.09692419 67.00000000
v -4.75000000 1.10000002 67.00000000
v -3.88998532 -0.68583876 67.00000000
v -3.94364285 -0.74818999 67.00000000
v -7.34418678 2.60330248 67.00000000
v -4.83220291 1.09692419 67.00000000
v -4.91394663 1.08771396 67.00000000
v -4.00181007 -0.80635709 67.00000000
v -4.06416130 -0.86001462 67.00000000
v -7.16475773 2.19204617 67.00000000
v -4.99477291 1.07242072 67.00000000
v -5.07423067 1.05113006 67.00000000
v -5.15187502 1.02396107 67.00000000
v -4.13034773 -0.90886265 67.00000000
v -4.19999981 -0.95262796 67.00000000
v -7.01656294 1.76853108 67.00000000
v -5.22727203 0.99106574 67.00000000
v -5.30000019 0.95262796 67.00000000
v -5.36965227 0.90886265 67.00000000
v -4.27272797 -0.99106574 67.00000000
v -6.90043259 1.33512557 67.00000000
v -5.43583870 0.86001462 67.00000000
v -5.49818993 0.80635709 67.00000000
v -5.55635691 0.74818999 67.00000000
v -6.81701517 0.89425361 67.00000000
v -5.61001444 0.68583876 67.00000000
v -5.65886259 0.61965209 67.00000000
v -5.70262814 0.55000001 67.00000000
v -5.74106598 0.47727212 67.00000000
v -6.76677704 0.44838056 67.00000000
v -5.77396107 0.40187514 67.00000000
v -5.80113029 0.32423070 67.00000000
v -5.82242060 0.24477303 67.00000000
v -5.83771372 0.16394649 67.00000000
v -6.75000000 0.00000000 67.00000000
v -5.84692430 0.08220311 67.00000000
v -5.84999990 0.00000000 67.00000000
v -5.84692430 -0.08220311 67.00000000
v -5.83771372 -0.16394649 67.00000000
v -6.76677704 -0.44838056 67.00000000
v -5.82242060 -0.24477303 67.00000000
v -5.80113029 -0.32423070 67.00000000
v -5.77396107 -0.40187514 67.00000000
v -5.74106598 -0.47727212 67.00000000
v -6.81701517 -0.89425361 67.00000000
v -5.70262814 -0.55000001 67.00000000
v -5.65886259 -0.61965209 67.00000000
v -5.61001444 -0.68583876 67.00000000
v -5.55635691 -0.74818999 67.00000000
v -6.90043259 -1.33512557 67.00000000
v -5.49818993 -0.80635709 67.00000000
v -5.43583870 -0.86001462 67.00000000
v -5.36965227 -0.90886265 67.00000000
v -7.01656294 -1.76853108 67.00000000
v -5.30000019 -0.95262796 67.00000000
v -5.22727203 -0.99106574 67.00000000
v -5.15187502 -1.02396107 67.00000000
v -7.16475773 -2.19204617 67.00000000
v -5.07423067 -1.05113006 67.00000000
v -4.99477291 -1.07242072 67.00000000
v -4.91394663 -1.08771396 67.00000000
v -7.34418678 -2.60330248 67.00000000
v -4.83220291 -1.09692419 67.00000000
v -4.75000000 -1.10000002 67.00000000
v -7.55384779 -3.00000000 67.00000000
v -4.66779709 -1.09692419 67.00000000
v -4.58605337 -1.08771396 67.00000000
v -7.79256725 -3.37992024 67.00000000
v -4.50522709 -1.07242072 67.00000000
v -4.42576933 -1.05113006 67.00000000
v -8.05901146 -3.74093890 67.00000000
v -4.34812498 -1.02396107 67.00000000
v -8.35168839 -4.08103657 67.00000000
v -8.66896343 -4.39831114 67.00000000
v -9.00906086 -4.69098902 67.00000000
v -9.37007999 -4.95743275 67.00000000
v -9.75000000 -5.19615221 67.00000000
v 14.25000000 -10.49237633 29.18741226
v 14.25000000 -10.31258774 29.00762367
v 14.25000000 -10.11986542 28.84177208
v 14.25000000 -10.65822697 29.38013458
v 14.25000000 -9.91528797 28.69078827
v 14.25000000 -10.80921173 29.58471107
v 14.25000000 -9.69999981 28.55551338
v 14.25000000 -10.94448662 29.79999924
v 14.25000000 -11.06329441 30.02479553
v 14.25000000 -9.47520447 28.43670654
v 14.25000000 -11.16497040 30.25784111
v 14.25000000 -9.24215984 28.33502960
v 14.25000000 -11.24894714 30.49783325
v 14.25000000 -9.00216770 28.25105286
v 14.25000000 -11.31475449 30.74342918
v 14.25000000 -8.75657082 28.18524551
v 14.25000000 -8.50674343 28.13797569
v 14.25000000 -11.36202526 30.99325562
v 14.25000000 -8.25408268 28.10950661
v 14.25000000 -11.39049244 31.24591827
v 14.25000000 -11.39999962 31.50000000
v 14.25000000 -8.00000000 28.10000038
v 14.25000000 -11.39049244 31.75408173
v 14.25000000 -11.36202526 32.00674438
v 14.25000000 -11.31475449 32.25657272
v 14.25000000 -11.24894714 32.50216675
v 14.25000000 -11.16497040 32.74216080
v 14.25000000 -11.06329441 32.97520447
v 14.25000000 -10.94448662 33.20000076
v 14.25000000 -10.80921173 33.41528702
v 14.25000000 -10.65822697 33.61986542
v 14.25000000 -10.49237633 33.81258774
v 14.25000000 -10.31258774 33.99237823
v 14.25000000 -10.11986542 34.15822601
v 14.25000000 -9.91528797 34.30921173
v 14.25000000 -9.69999981 34.44448471
v 14.25000000 -9.47520447 34.56329346
v 14.25000000 -9.24215984 34.66497040
v 14.25000000 -9.00216770 34.74894714
v 14.25000000 -8.75657082 34.81475449
v 14.25000000 -8.50674343 34.86202621
v 14.25000000 -8.25408268 34.89049149
v 14.25000000 -8.00000000 34.90000153
v 14.25000000 8.00000000 28.10000038
v 14.25000000 8.25408268 28.10950661
v 14.25000000 8.50674343 28.13797569
v 14.25000000 8.75657082 28.18524551
v 14.25000000 9.00216770 28.25105286
v 14.25000000 9.24215984 28.33502960
v 14.25000000 9.47520447 28.43670654
v 14.25000000 9.69999981 28.55551338
v 14.25000000 9.91528797 28.69078827
v 14.25000000 10.11986542 28.84177208
v 14.25000000 10.31258774 29.00762367
v 14.25000000 10.49237633 29.18741226
v 14.25000000 10.65822697 29.38013458
v 14.25000000 10.80921173 29.58471107
v 14.25000000 10.94448662 29.79999924
v 14.25000000 11.06329441 30.02479553
v 14.25000000 11.16497040 30.25784111
v 14.25000000 11.24894714 30.49783325
v 14.25000000 11.31475449 30.74342918
v 14.25000000 11.36202526 30.99325562
v 14.25000000 11.39049244 31.24591827
v 14.25000000 11.39999962 31.50000000
v 14.25000000 10.11986542 34.15822601
v 14.25000000 9.91528797 34.30921173
v 14.25000000 10.31258774 33.99237823
v 14.25000000 10.49237633 33.81258774
v 14.25000000 10.65822697 33.61986542
v 14.25000000 10.80921173 33.41528702
v 14.25000000 10.94448662 33.20000076
v 14.25000000 11.06329441 32.97520447
v 14.25000000 11.16497040 32.74216080
v 14.25000000 11.24894714 32.50216675
v 14.25000000 11.31475449 32.25657272
v 14.25000000 11.36202526 32.00674438
v 14.25000000 11.39049244 31.75408173
v 14.25000000 8.25408268 34.89049149
v 14.25000000 8.00000000 34.90000153
v 14.25000000 8.50674343 34.86202621
v 14.25000000 8.75657082 34.81475449
v 14.25000000 9.00216770 34.74894714
v 14.25000000 9.24215984 34.66497040
v 14.25000000 9.47520447 34.56329346
v 14.25000000 9.69999981 34.44448471
v 21.85000038 -10.31258774 29.00762367
v 21.85000038 -10.49237633 29.18741226
v 21.85000038 -10.65822697 29.38013458
v 21.85000038 -10.11986542 28.84177208
v 21.85000038 -10.80921173 29.58471107
v 21.85000038 -9.91528797 28.69078827
v 21.85000038 -10.94448662 29.79999924
v 21.85000038 -9.69999981 28.55551338
v 21.85000038 -11.06329441 30.02479553
v 21.85000038 -9.47520447 28.43670654
v 21.85000038 -11.16497040 30.25784111
v 21.85000038 -9.24215984 28.33502960
v 21.85000038 -11.24894714 30.49783325
v 21.85000038 -9.00216770 28.25105286
v 21.85000038 -11.31475449 30.74342918
v 21.85000038 -8.75657082 28.18524551
v 21.85000038 -11.36202526 30.99325562
v 21.85000038 -8.50674343 28.13797569
v 21.85000038 -11.39049244 31.24591827
v 21.85000038 -8.25408268 28.10950661
v 21.85000038 -8.00000000 28.10000038
v 21.85000038 -11.39999962 31.50000000
v 21.85000038 -11.39049244 31.75408173
v 21.85000038 -11.36202526 32.00674438
v 21.85000038 -11.31475449 32.25657272
v 21.85000038 -11.24894714 32.50216675
v 21.85000038 -11.16497040 32.74216080
v 21.85000038 -11.06329441 32.97520447
v 21.85000038 -10.94448662 33.20000076
v 21.85000038 -10.80921173 33.41528702
v 21.85000038 -10.65822697 33.61986542
v 21.85000038 -10.49237633 33.81258774
v 21.85000038 -10.31258774 33.99237823
v 21.85000038 -10.11986542 34.15822601
v 21.85000038 -9.91528797 34.30921173
v 21.85000038 -9.69999981 34.44448471
v 21.85000038 -9.47520447 34.56329346
v 21.85000038 -9.24215984 34.66497040
v 21.85000038 -9.00216770 34.74894714
v 21.85000038 -8.75657082 34.81475449
v 21.85000038 -8.50674343 34.86202621
v 21.85000038 -8.25408268 34.89049149
v 21.85000038 -8.00000000 34.90000153
v 21.85000038 8.00000000 28.10000038
v 21.85000038 10.11986542 28.84177208
v 21.85000038 9.91528797 28.69078827
v 21.85000038 9.69999981 28.55551338
v 21.85000038 9.47520447 28.43670654
v 21.85000038 9.24215984 28.33502960
v 21.85000038 9.00216770 28.25105286
v 21.85000038 8.75657082 28.18524551
v 21.85000038 8.50674343 28.13797569
v 21.85000038 8.25408268 28.10950661
v 21.85000038 10.31258774 29.00762367
v 21.85000038 10.49237633 29.18741226
v 21.85000038 10.65822697 29.38013458
v 21.85000038 10.80921173 29.58471107
v 21.85000038 10.94448662 29.79999924
v 21.85000038 11.06329441 30.02479553
v 21.85000038 11.16497040 30.25784111
v 21.85000038 11.24894714 30.49783325
v 21.85000038 11.31475449 30.74342918
v 21.85000038 11.36202526 30.99325562
v 21.85000038 11.39049244 31.24591827
v 21.85000038 11.39999962 31.50000000
v 21.85000038 8.00000000 34.90000153
v 21.85000038 8.25408268 34.89049149
v 21.85000038 8.50674343 34.86202621
v 21.85000038 8.75657082 34.81475449
v 21.85000038 9.00216770 34.74894714
v 21.85000038 9.24215984 34.66497040
v 21.85000038 9.47520447 34.56329346
v 21.85000038 9.69999981 34.44448471
v 21.85000038 9.91528797 34.30921173
v 21.85000038 10.11986542 34.15822601
v 21.85000038 10.31258774 33.99237823
v 21.85000038 10.49237633 33.81258774
v 21.85000038 10.65822697 33.61986542
v 21.85000038 10.80921173 33.41528702
v 21.85000038 10.94448662 33.20000076
v 21.85000038 11.06329441 32.97520447
v 21.85000038 11.16497040 32.74216080
v 21.85000038 11.24894714 32.50216675
v 21.85000038 11.31475449 32.25657272
v 21.85000038 11.36202526 32.00674438
v 21.85000038 11.39049244 31.75408173
v -1.25000000 -5.00000000 61.50000000
v -1.25000000 5.00000000 61.50000000
v -8.25000000 5.00000000 61.50000000
v -8.25000000 -5.00000000 61.50000000
v -10.25699043 0.18682523 64.50000000
v -10.25000000 -0.00000000 64.50000000
v -10.27792263 0.37260565 64.50000000
v -10.31268024 0.55630231 64.50000000
v -10.36106777 0.73688793 64.50000000
v -10.42281532 0.91335255 64.50000000
v -10.49757767 1.08470941 64.50000000
v -10.58493614 1.25000000 64.50000000
v -10.68440342 1.40830016 64.50000000
v -10.79542160 1.55872452 64.50000000
v -10.91737080 1.70043182 64.50000000
v -11.04956818 1.83262968 64.50000000
v -11.19127560 1.95457876 64.50000000
v -11.34169960 2.06559682 64.50000000
v -11.50000000 2.16506362 64.50000000
v -11.66529083 2.25242209 64.50000000
v -11.83664703 2.32718444 64.50000000
v -12.01311207 2.38893199 64.50000000
v -12.19369793 2.43731976 64.50000000
v -12.37739468 2.47207713 64.50000000
v -12.56317520 2.49300957 64.50000000
v -12.75000000 2.50000000 64.50000000
v -12.93682480 2.49300957 64.50000000
v -13.12260532 2.47207713 64.50000000
v -13.30630207 2.43731976 64.50000000
v -13.48688793 2.38893199 64.50000000
v -13.66335297 2.32718444 64.50000000
v -13.83470917 2.25242209 64.50000000
v -14.00000000 2.16506362 64.50000000
v -14.15830040 2.06559682 64.50000000
v -14.30872440 1.95457876 64.50000000
v -14.45043182 1.83262968 64.50000000
v -14.58262920 1.70043182 64.50000000
v -14.70457840 1.55872452 64.50000000
v -14.81559658 1.40830016 64.50000000
v -14.91506386 1.25000000 64.50000000
v -15.00242233 1.08470941 64.50000000
v -15.07718468 0.91335255 64.50000000
v -15.13893223 0.73688793 64.50000000
v -15.18731976 0.55630231 64.50000000
v -15.22207737 0.37260565 64.50000000
v -15.24300957 0.18682523 64.50000000
v -15.25000000 0.00000000 64.50000000
v -15.24300957 -0.18682523 64.50000000
v -15.22207737 -0.37260565 64.50000000
v -15.18731976 -0.55630231 64.50000000
v -15.13893223 -0.73688793 64.50000000
v -15.07718468 -0.91335255 64.50000000
v -15.00242233 -1.08470941 64.50000000
v -14.91506386 -1.25000000 64.50000000
v -14.81559658 -1.40830016 64.50000000
v -14.70457840 -1.55872452 64.50000000
v -14.58262920 -1.70043182 64.50000000
v -14.45043182 -1.83262968 64.50000000
v -14.30872440 -1.95457876 64.50000000
v -14.15830040 -2.06559682 64.50000000
v -14.00000000 -2.16506362 64.50000000
v -13.83470917 -2.25242209 64.50000000
v -13.66335297 -2.32718444 64.50000000
v -13.48688793 -2.38893199 64.50000000
v -13.30630207 -2.43731976 64.50000000
v -13.12260532 -2.47207713 64.50000000
v -12.93682480 -2.49300957 64.50000000
v -12.75000000 -2.50000000 64.50000000
v -12.56317520 -2.49300957 64.50000000
v -12.37739468 -2.47207713 64.50000000
v -12.19369793 -2.43731976 64.50000000
v -12.01311207 -2.38893199 64.50000000
v -11.83664703 -2.32718444 64.50000000
v -11.66529083 -2.25242209 64.50000000
v -11.50000000 -2.16506362 64.50000000
v -11.34169960 -2.06559682 64.50000000
v -11.19127560 -1.95457876 64.50000000
v -11.04956818 -1.83262968 64.50000000
v -10.91737080 -1.70043182 64.50000000
v -10.79542160 -1.55872452 64.50000000
v -10.68440342 -1.40830016 64.50000000
v -10.58493614 -1.25000000 64.50000000
v -10.49757767 -1.08470941 64.50000000
v -10.42281532 -0.91335255 64.50000000
v -10.36106777 -0.73688793 64.50000000
v -10.31268024 -0.55630231 64.50000000
v -10.27792263 -0.37260565 64.50000000
v -10.25699043 -0.18682523 64.50000000
v -16.08064079 4.99067402 62.50000000
v -16.39726257 4.76418734 62.50000000
v -16.69852829 4.51764536 62.50000000
v -16.98317528 4.25208569 62.50000000
v -17.25000000 3.96862698 65.50000000
v -17.25000000 3.96862698 62.50000000
v -17.32618141 3.88053536 65.50000000
v -17.47334671 3.70000005 66.90000153
v -17.40064049 3.79098201 65.50000000
v -17.47334671 3.70000005 65.50000000
v -17.73341370 3.34149528 66.90000153
v -17.96632576 2.96478295 66.90000153
v -18.17081642 2.57191563 66.90000153
v -18.34576797 2.16503453 66.90000153
v -18.49023056 1.74635613 66.90000153
v -18.60341263 1.31816196 66.90000153
v -18.68470192 0.88278538 66.90000153
v -18.73365402 0.44259852 66.90000153
v -18.75000000 -0.00000000 66.90000153
v -18.73365402 -0.44259852 66.90000153
v -18.68470192 -0.88278538 66.90000153
v -18.60341263 -1.31816196 66.90000153
v -18.49023056 -1.74635613 66.90000153
v -18.34576797 -2.16503453 66.90000153
v -18.17081642 -2.57191563 66.90000153
v -17.96632576 -2.96478295 66.90000153
v -17.73341370 -3.34149528 66.90000153
v -17.47334671 -3.70000005 66.90000153
v -17.47334671 -3.70000005 65.50000000
v -17.40064049 -3.79098201 65.50000000
v -17.32618141 -3.88053536 65.50000000
v -17.25000000 -3.96862698 65.50000000
v -17.25000000 -3.96862698 62.50000000
v -16.98317528 -4.25208569 62.50000000
v -16.69852829 -4.51764536 62.50000000
v -16.39726257 -4.76418734 62.50000000
v -16.08064079 -4.99067402 62.50000000
v -10.25000000 -0.00000000 66.90000153
v -10.25699043 0.18682523 66.90000153
v -10.27792263 0.37260565 66.90000153
v -10.31268024 0.55630231 66.90000153
v -10.36106777 0.73688793 66.90000153
v -10.42281532 0.91335255 66.90000153
v -10.49757767 1.08470941 66.90000153
v -10.58493614 1.25000000 66.90000153
v -10.68440342 1.40830016 66.90000153
v -10.79542160 1.55872452 66.90000153
v -10.91737080 1.70043182 66.90000153
v -11.04956818 1.83262968 66.90000153
v -11.19127560 1.95457876 66.90000153
v -11.34169960 2.06559682 66.90000153
v -11.50000000 2.16506362 66.90000153
v -11.66529083 2.25242209 66.90000153
v -11.83664703 2.32718444 66.90000153
v -12.01311207 2.38893199 66.90000153
v -12.19369793 2.43731976 66.90000153
v -12.37739468 2.47207713 66.90000153
v -12.56317520 2.49300957 66.90000153
v -12.75000000 2.50000000 66.90000153
v -12.93682480 2.49300957 66.90000153
v -13.12260532 2.47207713 66.90000153
v -13.30630207 2.43731976 66.90000153
v -13.48688793 2.38893199 66.90000153
v -13.66335297 2.32718444 66.90000153
v -13.83470917 2.25242209 66.90000153
v -14.00000000 2.16506362 66.90000153
v -14.15830040 2.06559682 66.90000153
v -14.30872440 1.95457876 66.90000153
v -14.45043182 1.83262968 66.90000153
v -14.58262920 1.70043182 66.90000153
v -14.70457840 1.55872452 66.90000153
v -14.81559658 1.40830016 66.90000153
v -14.91506386 1.25000000 66.90000153
v -15.00242233 1.08470941 66.90000153
v -15.07718468 0.91335255 66.90000153
v -15.13893223 0.73688793 66.90000153
v -15.18731976 0.55630231 66.90000153
v -15.22207737 0.37260565 66.90000153
v -15.24300957 0.18682523 66.90000153
v -15.25000000 0.00000000 66.90000153
v -15.24300957 -0.18682523 66.90000153
v -15.22207737 -0.37260565 66.90000153
v -15.18731976 -0.55630231 66.90000153
v -15.13893223 -0.73688793 66.90000153
v -15.07718468 -0.91335255 66.90000153
v -15.00242233 -1.08470941 66.90000153
v -14.91506386 -1.25000000 66.90000153
v -14.81559658 -1.40830016 66.90000153
v -14.70457840 -1.55872452 66.90000153
v -14.58262920 -1.70043182 66.90000153
v -14.45043182 -1.83262968 66.90000153
v -14.30872440 -1.95457876 66.90000153
v -14.15830040 -2.06559682 66.90000153
v -14.00000000 -2.16506362 66.90000153
v -13.83470917 -2.25242209 66.90000153
v -13.66335297 -2.32718444 66.90000153
v -13.48688793 -2.38893199 66.90000153
v -13.30630207 -2.43731976 66.90000153
v -13.12260532 -2.47207713 66.90000153
v -12.93682480 -2.49300957 66.90000153
v -12.75000000 -2.50000000 66.90000153
v -12.56317520 -2.49300957 66.90000153
v -12.37739468 -2.47207713 66.90000153
v -12.19369793 -2.43731976 66.90000153
v -12.01311207 -2.38893199 66.90000153
v -11.83664703 -2.32718444 66.90000153
v -11.66529083 -2.25242209 66.90000153
v -11.50000000 -2.16506362 66.90000153
v -11.34169960 -2.06559682 66.90000153
v -11.19127560 -1.95457876 66.90000153
v -11.04956818 -1.83262968 66.90000153
v -10.91737080 -1.70043182 66.90000153
v -10.79542160 -1.55872452 66.90000153
v -10.68440342 -1.40830016 66.90000153
v -10.58493614 -1.25000000 66.90000153
v -10.49757767 -1.08470941 66.90000153
v -10.42281532 -0.91335255 66.90000153
v -10.36106777 -0.73688793 66.90000153
v -10.31268024 -0.55630231 66.90000153
v -10.27792263 -0.37260565 66.90000153
v -10.25699043 -0.18682523 66.90000153
v -3.65000010 -0.00000000 66.90000153
v -3.65307593 0.08220311 66.90000153
v -3.66228604 0.16394649 66.90000153
v -3.67757940 0.24477303 66.90000153
v -3.69886994 0.32423070 66.90000153
v -3.72603893 0.40187514 66.90000153
v -3.75893426 0.47727212 66.90000153
v -3.79737210 0.55000001 66.90000153
v -3.84113741 0.61965209 66.90000153
v -3.88998532 0.68583876 66.90000153
v -3.94364285 0.74818999 66.90000153
v -4.00181007 0.80635709 66.90000153
v -4.06416130 0.86001462 66.90000153
v -4.13034773 0.90886265 66.90000153
v -4.19999981 0.95262796 66.90000153
v -4.27272797 0.99106574 66.90000153
v -4.34812498 1.02396107 66.90000153
v -4.42576933 1.05113006 66.90000153
v -4.50522709 1.07242072 66.90000153
v -4.58605337 1.08771396 66.90000153
v -4.66779709 1.09692419 66.90000153
v -4.75000000 1.10000002 66.90000153
v -4.83220291 1.09692419 66.90000153
v -4.91394663 1.08771396 66.90000153
v -4.99477291 1.07242072 66.90000153
v -5.07423067 1.05113006 66.90000153
v -5.15187502 1.02396107 66.90000153
v -5.22727203 0.99106574 66.90000153
v -5.30000019 0.95262796 66.90000153
v -5.36965227 0.90886265 66.90000153
v -5.43583870 0.86001462 66.90000153
v -5.49818993 0.80635709 66.90000153
v -5.55635691 0.74818999 66.90000153
v -5.61001444 0.68583876 66.90000153
v -5.65886259 0.61965209 66.90000153
v -5.70262814 0.55000001 66.90000153
v -5.74106598 0.47727212 66.90000153
v -5.77396107 0.40187514 66.90000153
v -5.80113029 0.32423070 66.90000153
v -5.82242060 0.24477303 66.90000153
v -5.83771372 0.16394649 66.90000153
v -5.84692430 0.08220311 66.90000153
v -5.84999990 0.00000000 66.90000153
v -5.84692430 -0.08220311 66.90000153
v -5.83771372 -0.16394649 66.90000153
v -5.82242060 -0.24477303 66.90000153
v -5.80113029 -0.32423070 66.90000153
v -5.77396107 -0.40187514 66.90000153
v -5.74106598 -0.47727212 66.90000153
v -5.70262814 -0.55000001 66.90000153
v -5.65886259 -0.61965209 66.90000153
v -5.61001444 -0.68583876 66.90000153
v -5.55635691 -0.74818999 66.90000153
v -5.49818993 -0.80635709 66.90000153
v -5.43583870 -0.86001462 66.90000153
v -5.36965227 -0.90886265 66.90000153
v -5.30000019 -0.95262796 66.90000153
v -5.22727203 -0.99106574 66.90000153
v -5.15187502 -1.02396107 66.90000153
v -5.07423067 -1.05113006 66.90000153
v -4.99477291 -1.07242072 66.90000153
v -4.91394663 -1.08771396 66.90000153
v -4.83220291 -1.09692419 66.90000153
v -4.75000000 -1.10000002 66.90000153
v -4.66779709 -1.09692419 66.90000153
v -4.58605337 -1.08771396 66.90000153
v -4.50522709 -1.07242072 66.90000153
v -4.42576933 -1.05113006 66.90000153
v -4.34812498 -1.02396107 66.90000153
v -4.27272797 -0.99106574 66.90000153
v -4.19999981 -0.95262796 66.90000153
v -4.13034773 -0.90886265 66.90000153
v -4.06416130 -0.86001462 66.90000153
v -4.00181007 -0.80635709 66.90000153
v -3.94364285 -0.74818999 66.90000153
v -3.88998532 -0.68583876 66.90000153
v -3.84113741 -0.61965209 66.90000153
v -3.79737210 -0.55000001 66.90000153
v -3.75893426 -0.47727212 66.90000153
v -3.72603893 -0.40187514 66.90000153
v -3.69886994 -0.32423070 66.90000153
v -3.67757940 -0.24477303 66.90000153
v -3.66228604 -0.16394649 66.90000153
v -3.65307593 -0.08220311 66.90000153
v -3.94364285 0.74818999 61.50000000
v -4.00181007 0.80635709 61.50000000
v -3.88998532 0.68583876 61.50000000
v -4.06416130 0.86001462 61.50000000
v -3.84113741 0.61965209 61.50000000
v -4.13034773 0.90886265 61.50000000
v -4.19999981 0.95262796 61.50000000
v -3.79737210 0.55000001 61.50000000
v -4.27272797 0.99106574 61.50000000
v -3.75893426 0.47727212 61.50000000
v -4.34812498 1.02396107 61.50000000
v -3.72603893 0.40187514 61.50000000
v -4.42576933 1.05113006 61.50000000
v -3.69886994 0.32423070 61.50000000
v -3.67757940 0.24477303 61.50000000
v -4.50522709 1.07242072 61.50000000
v -4.58605337 1.08771396 61.50000000
v -3.66228604 0.16394649 61.50000000
v -4.66779709 1.09692419 61.50000000
v -3.65307593 0.08220311 61.50000000
v -3.65000010 -0.00000000 61.50000000
v -4.75000000 1.10000002 61.50000000
v -4.83220291 1.09692419 61.50000000
v -4.91394663 1.08771396 61.50000000
v -4.99477291 1.07242072 61.50000000
v -5.07423067 1.05113006 61.50000000
v -5.15187502 1.02396107 61.50000000
v -5.22727203 0.99106574 61.50000000
v -5.30000019 0.95262796 61.50000000
v -5.36965227 0.90886265 61.50000000
v -5.43583870 0.86001462 61.50000000
v -5.49818993 0.80635709 61.50000000
v -5.55635691 0.74818999 61.50000000
v -5.61001444 0.68583876 61.50000000
v -5.65886259 0.61965209 61.50000000
v -5.70262814 0.55000001 61.50000000
v -5.74106598 0.47727212 61.50000000
v -5.77396107 0.40187514 61.50000000
v -5.80113029 0.32423070 61.50000000
v -5.82242060 0.24477303 61.50000000
v -5.83771372 0.16394649 61.50000000
v -5.84692430 0.08220311 61.50000000
v -5.84999990 0.00000000 61.50000000
v -4.75000000 -1.10000002 61.50000000
v -4.66779709 -1.09692419 61.50000000
v -4.58605337 -1.08771396 61.50000000
v -4.50522709 -1.07242072 61.50000000
v -4.42576933 -1.05113006 61.50000000
v -4.34812498 -1.02396107 61.50000000
v -4.27272797 -0.99106574 61.50000000
v -4.19999981 -0.95262796 61.50000000
v -4.13034773 -0.90886265 61.50000000
v -4.06416130 -0.86001462 61.50000000
v -4.00181007 -0.80635709 61.50000000
v -3.94364285 -0.74818999 61.50000000
v -3.88998532 -0.68583876 61.50000000
v -3.84113741 -0.61965209 61.50000000
v -3.79737210 -0.55000001 61.50000000
v -3.75893426 -0.47727212 61.50000000
v -3.72603893 -0.40187514 61.50000000
v -3.69886994 -0.32423070 61.50000000
v -3.67757940 -0.24477303 61.50000000
v -3.66228604 -0.16394649 61.50000000
v -3.65307593 -0.08220311 61.50000000
v -5.84692430 -0.08220311 61.50000000
v -5.83771372 -0.16394649 61.50000000
v -5.82242060 -0.24477303 61.50000000
v -5.80113029 -0.32423070 61.50000000
v -5.77396107 -0.40187514 61.50000000
v -5.74106598 -0.47727212 61.50000000
v -5.70262814 -0.55000001 61.50000000
v -5.65886259 -0.61965209 61.50000000
v -5.61001444 -0.68583876 61.50000000
v -5.55635691 -0.74818999 61.50000000
v -5.49818993 -0.80635709 61.50000000
v -5.43583870 -0.86001462 61.50000000
v -5.36965227 -0.90886265 61.50000000
v -5.30000019 -0.95262796 61.50000000
v -5.22727203 -0.99106574 61.50000000
v -5.15187502 -1.02396107 61.50000000
v -5.07423067 -1.05113006 61.50000000
v -4.99477291 -1.07242072 61.50000000
v -4.91394663 -1.08771396 61.50000000
v -4.83220291 -1.09692419 61.50000000
v -3.94364285 0.74818999 64.50000000
v -0.55000001 3.70000005 64.50000000
v -4.00181007 0.80635709 64.50000000
v -4.06416130 0.86001462 64.50000000
v -3.88998532 0.68583876 64.50000000
v -4.13034773 0.90886265 64.50000000
v -3.84113741 0.61965209 64.50000000
v -4.19999981 0.95262796 64.50000000
v -3.79737210 0.55000001 64.50000000
v -4.27272797 0.99106574 64.50000000
v -3.75893426 0.47727212 64.50000000
v -4.34812498 1.02396107 64.50000000
v -3.72603893 0.40187514 64.50000000
v -4.42576933 1.05113006 64.50000000
v -3.69886994 0.32423070 64.50000000
v -4.50522709 1.07242072 64.50000000
v -3.67757940 0.24477303 64.50000000
v -3.66228604 0.16394649 64.50000000
v -4.58605337 1.08771396 64.50000000
v -4.66779709 1.09692419 64.50000000
v -3.65307593 0.08220311 64.50000000
v -4.75000000 1.10000002 64.50000000
v -3.65000010 -0.00000000 64.50000000
v -4.83220291 1.09692419 64.50000000
v -4.91394663 1.08771396 64.50000000
v -4.99477291 1.07242072 64.50000000
v -0.55000001 -3.70000005 64.50000000
v -3.72603893 -0.40187514 64.50000000
v -3.75893426 -0.47727212 64.50000000
v -3.69886994 -0.32423070 64.50000000
v -3.67757940 -0.24477303 64.50000000
v -3.66228604 -0.16394649 64.50000000
v -3.65307593 -0.08220311 64.50000000
v -3.79737210 -0.55000001 64.50000000
v -3.84113741 -0.61965209 64.50000000
v -3.88998532 -0.68583876 64.50000000
v -3.94364285 -0.74818999 64.50000000
v -4.00181007 -0.80635709 64.50000000
v -4.06416130 -0.86001462 64.50000000
v -4.13034773 -0.90886265 64.50000000
v -4.19999981 -0.95262796 64.50000000
v -4.27272797 -0.99106574 64.50000000
v -4.34812498 -1.02396107 64.50000000
v -4.42576933 -1.05113006 64.50000000
v -4.50522709 -1.07242072 64.50000000
v -4.58605337 -1.08771396 64.50000000
v -4.66779709 -1.09692419 64.50000000
v -4.75000000 -1.10000002 64.50000000
v -4.83220291 -1.09692419 64.50000000
v -4.91394663 -1.08771396 64.50000000
v -4.99477291 -1.07242072 64.50000000
v -5.30000019 0.95262796 64.50000000
v -5.22727203 0.99106574 64.50000000
v -5.36965227 0.90886265 64.50000000
v -5.43583870 0.86001462 64.50000000
v -5.15187502 1.02396107 64.50000000
v -5.07423067 1.05113006 64.50000000
v -5.49818993 0.80635709 64.50000000
v -5.55635691 0.74818999 64.50000000
v -5.61001444 0.68583876 64.50000000
v -5.65886259 0.61965209 64.50000000
v -5.70262814 0.55000001 64.50000000
v -5.74106598 0.47727212 64.50000000
v -5.77396107 0.40187514 64.50000000
v -5.80113029 0.32423070 64.50000000
v -5.82242060 0.24477303 64.50000000
v -5.83771372 0.16394649 64.50000000
v -5.84692430 0.08220311 64.50000000
v -5.84999990 0.00000000 64.50000000
v -5.84692430 -0.08220311 64.50000000
v -5.83771372 -0.16394649 64.50000000
v -5.82242060 -0.24477303 64.50000000
v -5.80113029 -0.32423070 64.50000000
v -5.77396107 -0.40187514 64.50000000
v -5.74106598 -0.47727212 64.50000000
v -5.70262814 -0.55000001 64.50000000
v -5.65886259 -0.61965209 64.50000000
v -5.61001444 -0.68583876 64.50000000
v -5.55635691 -0.74818999 64.50000000
v -5.49818993 -0.80635709 64.50000000
v -5.43583870 -0.86001462 64.50000000
v -5.36965227 -0.90886265 64.50000000
v -5.30000019 -0.95262796 64.50000000
v -5.22727203 -0.99106574 64.50000000
v -5.15187502 -1.02396107 64.50000000
v -5.07423067 -1.05113006 64.50000000
v -19.94364357 0.74818999 64.50000000
v -20.00181007 0.80635709 64.50000000
v -19.88998604 0.68583876 64.50000000
v -20.06416130 0.86001462 64.50000000
v -19.84113693 0.61965209 64.50000000
v -20.13034821 0.90886265 64.50000000
v -19.79737282 0.55000001 64.50000000
v -20.20000076 0.95262796 64.50000000
v -19.75893402 0.47727212 64.50000000
v -20.27272797 0.99106574 64.50000000
v -19.72603798 0.40187514 64.50000000
v -20.34812546 1.02396107 64.50000000
v -19.69886971 0.32423070 64.50000000
v -20.42576981 1.05113006 64.50000000
v -19.67757988 0.24477303 64.50000000
v -19.66228676 0.16394649 64.50000000
v -19.65307617 0.08220311 64.50000000
v -19.64999962 -0.00000000 64.50000000
v -19.65307617 -0.08220311 64.50000000
v -19.66228676 -0.16394649 64.50000000
v -19.67757988 -0.24477303 64.50000000
v -19.69886971 -0.32423070 64.50000000
v -19.72603798 -0.40187514 64.50000000
v -19.75893402 -0.47727212 64.50000000
v -19.79737282 -0.55000001 64.50000000
v -19.84113693 -0.61965209 64.50000000
v -24.25000000 3.70000005 64.50000000
v -20.50522614 1.07242072 64.50000000
v -20.58605385 1.08771396 64.50000000
v -20.66779709 1.09692419 64.50000000
v -20.75000000 1.10000002 64.50000000
v -20.83220291 1.09692419 64.50000000
v -20.91394615 1.08771396 64.50000000
v -20.99477386 1.07242072 64.50000000
v -21.07423019 1.05113006 64.50000000
v -21.15187454 1.02396107 64.50000000
v -21.22727203 0.99106574 64.50000000
v -21.29999924 0.95262796 64.50000000
v -21.36965179 0.90886265 64.50000000
v -19.88998604 -0.68583876 64.50000000
v -21.43583870 0.86001462 64.50000000
v -19.94364357 -0.74818999 64.50000000
v -21.49818993 0.80635709 64.50000000
v -20.00181007 -0.80635709 64.50000000
v -21.55635643 0.74818999 64.50000000
v -20.06416130 -0.86001462 64.50000000
v -21.61001396 0.68583876 64.50000000
v -21.65886307 0.61965209 64.50000000
v -20.13034821 -0.90886265 64.50000000
v -21.70262718 0.55000001 64.50000000
v -20.20000076 -0.95262796 64.50000000
v -21.74106598 0.47727212 64.50000000
v -20.27272797 -0.99106574 64.50000000
v -21.77396202 0.40187514 64.50000000
v -20.34812546 -1.02396107 64.50000000
v -21.80113029 0.32423070 64.50000000
v -20.42576981 -1.05113006 64.50000000
v -21.82242012 0.24477303 64.50000000
v -21.83771324 0.16394649 64.50000000
v -21.84692383 0.08220311 64.50000000
v -21.85000038 0.00000000 64.50000000
v -24.25000000 -3.70000005 64.50000000
v -21.84692383 -0.08220311 64.50000000
v -21.83771324 -0.16394649 64.50000000
v -21.82242012 -0.24477303 64.50000000
v -21.80113029 -0.32423070 64.50000000
v -21.77396202 -0.40187514 64.50000000
v -21.74106598 -0.47727212 64.50000000
v -21.70262718 -0.55000001 64.50000000
v -21.65886307 -0.61965209 64.50000000
v -21.61001396 -0.68583876 64.50000000
v -21.55635643 -0.74818999 64.50000000
v -21.49818993 -0.80635709 64.50000000
v -21.43583870 -0.86001462 64.50000000
v -21.36965179 -0.90886265 64.50000000
v -21.29999924 -0.95262796 64.50000000
v -21.22727203 -0.99106574 64.50000000
v -21.15187454 -1.02396107 64.50000000
v -21.07423019 -1.05113006 64.50000000
v -20.99477386 -1.07242072 64.50000000
v -20.91394615 -1.08771396 64.50000000
v -20.83220291 -1.09692419 64.50000000
v -20.75000000 -1.10000002 64.50000000
v -20.66779709 -1.09692419 64.50000000
v -20.58605385 -1.08771396 64.50000000
v -20.50522614 -1.07242072 64.50000000
v -17.25000000 -5.00000000 65.50000000
v -17.25000000 -5.00000000 61.50000000
v -17.25000000 5.00000000 61.50000000
v -17.25000000 5.00000000 65.50000000
v -24.25000000 -5.00000000 65.50000000
v -24.25000000 -3.70000005 65.50000000
v -0.55000001 -3.70000005 66.90000153
v -0.55000001 3.70000005 66.90000153
v -24.25000000 3.70000005 65.50000000
v -24.25000000 5.00000000 65.50000000
v -24.25000000 -5.00000000 61.50000000
v -24.25000000 5.00000000 61.50000000
v -19.64999962 -0.00000000 61.50000000
v -19.65307617 0.08220311 61.50000000
v -19.66228676 0.16394649 61.50000000
v -19.67757988 0.24477303 61.50000000
v -19.69886971 0.32423070 61.50000000
v -19.72603798 0.40187514 61.50000000
v -19.75893402 0.47727212 61.50000000
v -19.79737282 0.55000001 61.50000000
v -19.84113693 0.61965209 61.50000000
v -19.88998604 0.68583876 61.50000000
v -19.94364357 0.74818999 61.50000000
v -20.00181007 0.80635709 61.50000000
v -20.06416130 0.86001462 61.50000000
v -20.13034821 0.90886265 61.50000000
v -20.20000076 0.95262796 61.50000000
v -20.27272797 0.99106574 61.50000000
v -20.34812546 1.02396107 61.50000000
v -20.42576981 1.05113006 61.50000000
v -20.50522614 1.07242072 61.50000000
v -20.58605385 1.08771396 61.50000000
v -20.66779709 1.09692419 61.50000000
v -20.75000000 1.10000002 61.50000000
v -20.83220291 1.09692419 61.50000000
v -20.91394615 1.08771396 61.50000000
v -20.99477386 1.07242072 61.50000000
v -21.07423019 1.05113006 61.50000000
v -21.15187454 1.02396107 61.50000000
v -21.22727203 0.99106574 61.50000000
v -21.29999924 0.95262796 61.50000000
v -21.36965179 0.90886265 61.50000000
v -21.43583870 0.86001462 61.50000000
v -21.49818993 0.80635709 61.50000000
v -21.55635643 0.74818999 61.50000000
v -21.61001396 0.68583876 61.50000000
v -21.65886307 0.61965209 61.50000000
v -21.70262718 0.55000001 61.50000000
v -21.74106598 0.47727212 61.50000000
v -21.77396202 0.40187514 61.50000000
v -21.80113029 0.32423070 61.50000000
v -21.82242012 0.24477303 61.50000000
v -21.83771324 0.16394649 61.50000000
v -21.84692383 0.08220311 61.50000000
v -21.85000038 0.00000000 61.50000000
v -21.84692383 -0.08220311 61.50000000
v -21.83771324 -0.16394649 61.50000000
v -21.82242012 -0.24477303 61.50000000
v -21.80113029 -0.32423070 61.50000000
v -21.77396202 -0.40187514 61.50000000
v -21.74106598 -0.47727212 61.50000000
v -21.70262718 -0.55000001 61.50000000
v -21.65886307 -0.61965209 61.50000000
v -21.61001396 -0.68583876 61.50000000
v -21.55635643 -0.74818999 61.50000000
v -21.49818993 -0.80635709 61.50000000
v -21.43583870 -0.86001462 61.50000000
v -21.36965179 -0.90886265 61.50000000
v -21.29999924 -0.95262796 61.50000000
v -21.22727203 -0.99106574 61.50000000
v -21.15187454 -1.02396107 61.50000000
v -21.07423019 -1.05113006 61.50000000
v -20.99477386 -1.07242072 61.50000000
v -20.91394615 -1.08771396 61.50000000
v -20.83220291 -1.09692419 61.50000000
v -20.75000000 -1.10000002 61.50000000
v -20.66779709 -1.09692419 61.50000000
v -20.58605385 -1.08771396 61.50000000
v -20.50522614 -1.07242072 61.50000000
v -20.42576981 -1.05113006 61.50000000
v -20.34812546 -1.02396107 61.50000000
v -20.27272797 -0.99106574 61.50000000
v -20.20000076 -0.95262796 61.50000000
v -20.13034821 -0.90886265 61.50000000
v -20.06416130 -0.86001462 61.50000000
v -20.00181007 -0.80635709 61.50000000
v -19.94364357 -0.74818999 61.50000000
v -19.88998604 -0.68583876 61.50000000
v -19.84113693 -0.61965209 61.50000000
v -19.79737282 -0.55000001 61.50000000
v -19.75893402 -0.47727212 61.50000000
v -19.72603798 -0.40187514 61.50000000
v -19.69886971 -0.32423070 61.50000000
v -19.67757988 -0.24477303 61.50000000
v -19.66228676 -0.16394649 61.50000000
v -19.65307617 -0.08220311 61.50000000
f 1 2 3
f 1 4 2
f 5 6 7
f 8 6 5
f 9 10 11
f 12 8 13
f 12 13 14
f 15 16 9
f 17 11 18
f 17 9 11
f 17 15 9
f 19 12 20
f 19 20 21
f 19 8 12
f 22 23 17
f 24 8 19
f 24 19 25
f 24 6 8
f 1 17 18
f 1 18 6
f 1 6 24
f 1 22 17
f 26 24 27
f 28 24 26
f 29 27 24
f 30 24 28
f 31 29 24
f 32 24 30
f 33 31 24
f 34 24 32
f 35 33 24
f 36 24 34
f 37 35 24
f 38 24 36
f 39 37 24
f 40 24 38
f 41 39 24
f 42 1 24
f 42 24 40
f 43 41 24
f 44 1 42
f 45 43 24
f 46 45 24
f 47 1 44
f 48 49 4
f 48 50 49
f 51 52 48
f 51 48 4
f 53 54 51
f 53 55 54
f 53 51 4
f 56 53 4
f 56 57 53
f 56 58 57
f 59 60 61
f 59 61 62
f 59 62 63
f 59 63 64
f 59 64 65
f 59 65 66
f 59 66 67
f 59 67 68
f 59 68 69
f 59 69 70
f 59 70 71
f 59 71 72
f 59 72 73
f 59 73 74
f 59 74 75
f 59 75 76
f 59 46 24
f 59 76 77
f 59 77 78
f 59 78 79
f 59 79 46
f 80 81 82
f 83 59 84
f 85 56 4
f 85 80 82
f 85 82 56
f 85 86 80
f 87 59 83
f 88 85 4
f 88 89 85
f 90 87 91
f 90 59 87
f 92 4 1
f 92 1 47
f 93 88 4
f 93 94 88
f 93 95 94
f 96 4 92
f 97 98 99
f 97 90 98
f 100 93 4
f 100 4 96
f 101 93 100
f 102 90 97
f 103 93 101
f 104 90 102
f 105 93 103
f 106 93 105
f 107 59 90
f 107 90 104
f 108 93 106
f 109 93 108
f 110 93 109
f 111 107 112
f 111 59 107
f 113 93 110
f 114 93 113
f 115 93 114
f 116 93 115
f 117 118 119
f 117 111 118
f 120 93 116
f 121 93 120
f 122 111 117
f 123 93 121
f 124 111 122
f 124 59 111
f 125 93 123
f 126 93 125
f 127 93 126
f 128 93 127
f 129 59 124
f 129 130 131
f 129 124 130
f 129 132 133
f 129 133 60
f 129 60 59
f 134 93 128
f 135 132 129
f 135 136 132
f 137 138 139
f 140 141 137
f 140 142 141
f 140 137 139
f 143 144 142
f 143 145 144
f 143 146 145
f 143 147 146
f 143 148 147
f 143 149 148
f 143 150 149
f 143 151 150
f 143 152 151
f 143 153 152
f 143 154 153
f 143 155 154
f 143 156 155
f 143 157 156
f 143 158 157
f 143 159 158
f 143 160 159
f 143 161 160
f 143 162 161
f 143 142 140
f 163 143 140
f 164 143 163
f 165 163 166
f 167 164 163
f 167 163 165
f 167 168 164
f 169 170 171
f 172 173 174
f 172 174 175
f 176 169 171
f 177 167 165
f 177 173 172
f 177 165 173
f 177 171 167
f 178 176 171
f 178 171 177
f 178 177 179
f 178 179 180
f 178 181 182
f 178 182 176
f 143 93 134
f 143 134 162
f 22 3 183
f 22 1 3
f 23 183 184
f 23 22 183
f 17 184 185
f 17 185 186
f 17 23 184
f 15 186 187
f 15 17 186
f 16 15 187
f 9 187 188
f 9 188 189
f 9 16 187
f 10 9 189
f 11 189 190
f 11 190 191
f 11 10 189
f 18 11 191
f 6 191 192
f 6 192 193
f 6 18 191
f 7 6 193
f 5 193 194
f 5 7 193
f 8 5 194
f 8 194 195
f 13 8 195
f 13 195 196
f 14 13 196
f 14 196 197
f 12 14 197
f 12 197 198
f 20 12 198
f 20 198 199
f 21 199 200
f 21 20 199
f 19 200 201
f 19 21 200
f 25 201 202
f 25 19 201
f 24 202 203
f 24 25 202
f 49 204 2
f 49 2 4
f 50 205 204
f 50 206 205
f 50 204 49
f 48 206 50
f 52 207 206
f 52 206 48
f 51 208 207
f 51 209 208
f 51 207 52
f 54 209 51
f 55 210 209
f 55 211 210
f 55 209 54
f 53 211 55
f 57 212 211
f 57 211 53
f 58 213 212
f 58 214 213
f 58 212 57
f 56 214 58
f 82 215 214
f 82 214 56
f 81 215 82
f 81 216 215
f 80 216 81
f 80 217 216
f 86 217 80
f 86 218 217
f 85 218 86
f 85 219 218
f 89 219 85
f 89 220 219
f 88 221 220
f 88 220 89
f 88 222 221
f 94 222 88
f 95 223 222
f 95 222 94
f 93 223 95
f 93 224 223
f 194 193 192
f 189 191 190
f 198 196 195
f 198 197 196
f 186 188 187
f 185 189 188
f 185 191 189
f 185 188 186
f 200 199 198
f 203 194 192
f 203 195 194
f 203 201 200
f 203 202 201
f 203 198 195
f 203 200 198
f 3 184 183
f 3 185 184
f 3 192 191
f 3 191 185
f 3 203 192
f 225 203 3
f 206 204 205
f 207 204 206
f 208 204 207
f 208 2 204
f 211 2 208
f 211 208 209
f 211 209 210
f 214 2 211
f 214 211 212
f 214 212 213
f 216 214 215
f 226 203 225
f 226 225 227
f 218 2 214
f 218 214 216
f 218 216 217
f 228 229 226
f 219 2 218
f 230 228 226
f 221 219 220
f 221 2 219
f 231 232 230
f 231 230 226
f 233 231 226
f 224 221 222
f 224 222 223
f 224 2 221
f 234 235 236
f 234 236 237
f 234 237 233
f 234 233 226
f 238 234 226
f 239 240 238
f 241 238 226
f 241 239 238
f 242 241 226
f 242 243 241
f 244 245 246
f 244 246 242
f 247 244 242
f 248 242 226
f 248 247 242
f 249 3 2
f 249 2 224
f 249 225 3
f 250 225 249
f 251 250 249
f 252 249 224
f 253 250 251
f 253 252 224
f 254 248 226
f 254 226 227
f 255 254 227
f 255 227 256
f 257 250 253
f 257 258 256
f 257 256 250
f 259 255 256
f 259 256 258
f 260 254 255
f 260 248 254
f 260 255 259
f 261 260 259
f 261 262 257
f 261 259 262
f 263 264 260
f 263 265 266
f 263 260 261
f 263 267 265
f 263 261 267
f 268 269 270
f 268 271 269
f 272 264 263
f 273 268 270
f 274 270 264
f 274 273 270
f 275 276 277
f 275 272 276
f 278 272 275
f 279 280 281
f 282 279 281
f 282 272 278
f 282 281 274
f 282 274 264
f 282 264 272
f 261 253 224
f 261 257 253
f 143 261 224
f 143 224 93
f 163 260 264
f 163 140 260
f 166 264 270
f 166 270 269
f 166 163 264
f 165 166 269
f 173 269 271
f 173 165 269
f 174 271 268
f 174 268 273
f 174 173 271
f 175 174 273
f 172 273 274
f 172 274 281
f 172 175 273
f 177 172 281
f 179 281 280
f 179 177 281
f 180 280 279
f 180 279 282
f 180 179 280
f 178 180 282
f 181 282 278
f 181 178 282
f 182 181 278
f 182 278 275
f 176 182 275
f 176 275 277
f 169 176 277
f 169 277 276
f 170 169 276
f 170 276 272
f 171 170 272
f 171 272 263
f 167 263 266
f 167 171 263
f 167 266 265
f 168 167 265
f 164 265 267
f 164 168 265
f 143 164 267
f 143 267 261
f 283 260 140
f 139 283 140
f 129 284 135
f 129 248 284
f 248 260 284
f 284 260 283
f 285 286 287
f 288 285 287
f 289 286 285
f 290 138 291
f 292 293 289
f 292 289 285
f 294 292 285
f 295 296 293
f 295 293 292
f 297 298 296
f 297 296 295
f 299 300 298
f 299 298 297
f 301 300 299
f 301 302 300
f 303 304 302
f 303 302 301
f 139 305 306
f 139 307 305
f 139 308 307
f 139 309 308
f 139 310 309
f 311 304 303
f 311 312 304
f 313 306 312
f 313 139 306
f 313 312 311
f 314 139 313
f 315 139 314
f 316 139 315
f 283 139 316
f 139 138 290
f 139 290 317
f 139 317 318
f 139 318 319
f 139 319 320
f 139 320 321
f 139 321 310
f 291 138 137
f 291 137 322
f 132 136 323
f 324 132 323
f 322 324 323
f 322 323 291
f 325 137 141
f 325 322 137
f 326 141 142
f 326 142 144
f 326 325 141
f 327 326 144
f 328 144 145
f 328 327 144
f 329 145 146
f 329 146 147
f 329 328 145
f 330 329 147
f 331 147 148
f 331 148 149
f 331 330 147
f 332 331 149
f 333 149 150
f 333 332 149
f 334 150 151
f 334 151 152
f 334 333 150
f 335 334 152
f 336 152 153
f 336 335 152
f 337 336 153
f 337 153 154
f 338 337 154
f 338 154 155
f 339 338 155
f 339 155 156
f 340 339 156
f 340 156 157
f 341 340 157
f 341 157 158
f 342 158 159
f 342 341 158
f 342 159 160
f 343 342 160
f 344 160 161
f 344 343 160
f 345 344 161
f 345 161 162
f 162 134 346
f 345 162 346
f 347 96 92
f 347 92 348
f 349 100 96
f 349 96 347
f 350 101 100
f 350 100 349
f 351 103 101
f 351 101 350
f 352 105 103
f 352 103 351
f 353 106 105
f 353 108 106
f 353 105 352
f 354 108 353
f 355 109 108
f 355 110 109
f 355 108 354
f 356 110 355
f 357 113 110
f 357 110 356
f 358 114 113
f 358 115 114
f 358 113 357
f 359 115 358
f 360 115 359
f 360 116 115
f 360 120 116
f 361 120 360
f 362 120 361
f 362 121 120
f 363 121 362
f 363 123 121
f 364 123 363
f 364 125 123
f 365 126 125
f 365 125 364
f 366 127 126
f 366 128 127
f 366 126 365
f 367 128 366
f 346 134 128
f 346 128 367
f 368 92 47
f 368 348 92
f 369 47 44
f 369 368 47
f 370 44 42
f 370 42 40
f 370 369 44
f 371 370 40
f 372 40 38
f 372 38 36
f 372 371 40
f 373 36 34
f 373 372 36
f 374 373 34
f 375 34 32
f 375 374 34
f 376 32 30
f 376 30 28
f 376 375 32
f 377 376 28
f 378 28 26
f 378 26 27
f 378 377 28
f 379 27 29
f 379 378 27
f 380 379 29
f 381 380 29
f 381 29 31
f 381 31 33
f 382 381 33
f 383 382 33
f 383 33 35
f 384 383 35
f 384 35 37
f 384 37 39
f 385 384 39
f 386 39 41
f 386 385 39
f 387 41 43
f 387 386 41
f 388 43 45
f 388 387 43
f 389 45 46
f 389 388 45
f 79 389 46
f 390 389 79
f 391 133 132
f 391 132 324
f 392 60 133
f 392 133 391
f 393 61 60
f 393 62 61
f 393 60 392
f 394 63 62
f 394 62 393
f 395 63 394
f 396 64 63
f 396 65 64
f 396 63 395
f 397 65 396
f 398 66 65
f 398 67 66
f 398 65 397
f 399 67 398
f 400 68 67
f 400 69 68
f 400 67 399
f 401 69 400
f 402 70 69
f 402 69 401
f 403 70 402
f 403 71 70
f 404 71 403
f 404 72 71
f 405 72 404
f 405 73 72
f 406 73 405
f 406 74 73
f 407 74 406
f 407 75 74
f 408 76 75
f 408 75 407
f 409 77 76
f 409 76 408
f 410 78 77
f 410 77 409
f 390 79 78
f 390 78 410
f 411 412 413
f 414 412 411
f 415 411 413
f 416 323 136
f 417 415 418
f 417 411 415
f 419 411 417
f 420 418 421
f 420 417 418
f 422 421 423
f 422 420 421
f 424 423 425
f 424 422 423
f 426 424 425
f 426 425 427
f 428 427 429
f 428 426 427
f 135 430 431
f 135 431 432
f 135 432 433
f 135 433 434
f 135 434 435
f 436 428 429
f 436 429 437
f 438 437 430
f 438 430 135
f 438 436 437
f 439 438 135
f 440 439 135
f 441 440 135
f 284 441 135
f 135 416 136
f 135 442 416
f 135 443 442
f 135 444 443
f 135 445 444
f 135 446 445
f 135 435 446
f 131 247 248
f 131 248 129
f 130 244 247
f 130 247 131
f 124 245 244
f 124 246 245
f 124 244 130
f 122 242 246
f 122 246 124
f 117 242 122
f 119 243 242
f 119 241 243
f 119 242 117
f 118 241 119
f 111 239 241
f 111 240 239
f 111 241 118
f 112 240 111
f 107 238 240
f 107 234 238
f 107 240 112
f 104 234 107
f 102 235 234
f 102 234 104
f 97 235 102
f 97 236 235
f 99 236 97
f 99 237 236
f 98 237 99
f 98 233 237
f 90 233 98
f 90 231 233
f 91 231 90
f 91 232 231
f 87 230 232
f 87 232 91
f 83 228 230
f 83 230 87
f 84 229 228
f 84 228 83
f 59 226 229
f 59 229 84
f 59 203 226
f 59 24 203
f 447 227 225
f 447 225 448
f 227 449 256
f 447 449 227
f 225 250 450
f 448 225 450
f 449 250 256
f 449 450 250
f 451 251 249
f 451 249 452
f 451 253 251
f 451 453 253
f 452 249 252
f 452 252 454
f 453 252 253
f 453 454 252
f 455 259 258
f 455 258 456
f 455 262 259
f 455 457 262
f 457 257 262
f 457 458 257
f 456 258 257
f 456 257 458
f 295 292 417
f 295 417 420
f 297 420 422
f 297 422 424
f 297 295 420
f 299 297 424
f 301 424 426
f 301 299 424
f 303 426 428
f 303 301 426
f 311 428 436
f 311 303 428
f 313 436 438
f 313 311 436
f 314 438 439
f 314 313 438
f 315 439 440
f 315 440 441
f 315 314 439
f 316 315 441
f 283 441 284
f 283 316 441
f 293 415 289
f 293 418 415
f 296 421 418
f 296 418 293
f 298 423 421
f 298 421 296
f 300 425 423
f 300 423 298
f 302 427 425
f 302 429 427
f 302 425 300
f 304 429 302
f 312 437 429
f 312 429 304
f 306 430 437
f 306 437 312
f 305 431 430
f 305 430 306
f 307 432 431
f 307 431 305
f 308 433 432
f 308 432 307
f 309 434 433
f 309 433 308
f 310 435 434
f 310 446 435
f 310 434 309
f 321 446 310
f 321 445 446
f 320 445 321
f 319 445 320
f 319 444 445
f 318 444 319
f 318 443 444
f 317 443 318
f 317 442 443
f 317 416 442
f 290 416 317
f 291 416 290
f 291 323 416
f 459 460 289
f 459 289 415
f 286 289 460
f 286 460 461
f 462 463 461
f 464 462 461
f 465 461 463
f 466 461 465
f 467 464 461
f 468 467 461
f 469 461 466
f 470 468 461
f 471 461 469
f 472 470 461
f 473 461 471
f 474 461 473
f 475 472 461
f 476 475 461
f 477 461 474
f 478 476 461
f 479 286 461
f 479 461 477
f 480 478 461
f 481 286 479
f 482 286 481
f 483 286 482
f 484 286 483
f 485 286 484
f 486 286 485
f 487 286 486
f 488 286 487
f 489 286 488
f 490 286 489
f 491 286 490
f 492 286 491
f 493 286 492
f 494 286 493
f 495 496 497
f 495 497 498
f 495 498 499
f 495 499 500
f 495 500 501
f 495 501 502
f 495 502 503
f 495 503 504
f 495 504 505
f 495 505 506
f 495 506 507
f 508 496 495
f 509 286 494
f 510 508 495
f 511 286 509
f 512 510 495
f 513 286 511
f 514 512 495
f 515 286 513
f 516 514 495
f 517 286 515
f 518 516 495
f 519 286 517
f 520 518 495
f 521 286 519
f 522 286 521
f 413 520 495
f 413 523 524
f 413 524 525
f 413 525 526
f 413 526 527
f 413 527 528
f 413 528 529
f 413 529 530
f 413 530 531
f 413 531 532
f 413 532 533
f 413 533 534
f 413 534 535
f 413 535 536
f 413 536 537
f 413 537 538
f 413 538 539
f 413 539 540
f 413 540 541
f 413 541 542
f 413 542 543
f 413 543 544
f 413 544 520
f 286 545 413
f 545 523 413
f 286 522 545
f 413 459 415
f 413 495 459
f 495 546 461
f 546 480 461
f 495 507 546
f 412 547 413
f 548 547 412
f 287 549 550
f 287 286 549
f 286 413 547
f 286 547 549
f 287 551 288
f 552 553 554
f 555 556 553
f 555 553 552
f 557 554 558
f 557 552 554
f 559 560 556
f 559 556 555
f 561 558 551
f 561 557 558
f 562 563 560
f 562 560 559
f 564 565 563
f 564 563 562
f 566 561 551
f 567 568 565
f 567 565 564
f 569 566 551
f 570 568 567
f 570 571 568
f 572 569 551
f 573 572 551
f 574 575 571
f 574 571 570
f 576 577 575
f 576 575 574
f 578 573 551
f 579 577 576
f 579 580 577
f 581 578 551
f 582 580 579
f 582 583 580
f 584 581 551
f 585 584 551
f 586 583 582
f 586 587 583
f 588 587 586
f 588 589 587
f 550 590 585
f 550 551 287
f 550 585 551
f 591 589 588
f 591 592 589
f 593 590 550
f 594 595 592
f 594 592 591
f 596 593 550
f 597 598 595
f 597 595 594
f 599 596 550
f 600 598 597
f 600 601 602
f 600 602 598
f 603 599 550
f 604 601 600
f 605 603 550
f 606 607 601
f 606 601 604
f 608 605 550
f 609 610 607
f 609 607 606
f 611 550 612
f 611 608 550
f 613 614 610
f 613 610 609
f 615 612 616
f 615 611 612
f 617 618 614
f 617 614 613
f 619 616 620
f 619 615 616
f 621 619 620
f 622 617 623
f 622 618 617
f 624 621 620
f 625 621 624
f 626 623 627
f 626 622 623
f 628 629 625
f 628 625 624
f 630 626 627
f 630 627 631
f 632 629 628
f 632 633 629
f 634 635 636
f 634 630 631
f 634 637 635
f 634 638 637
f 634 639 638
f 634 640 639
f 634 631 640
f 641 633 632
f 642 634 636
f 643 634 642
f 644 633 641
f 644 645 633
f 644 646 645
f 647 646 644
f 647 648 646
f 649 650 648
f 649 648 647
f 651 650 649
f 652 653 650
f 652 650 651
f 654 653 652
f 654 655 653
f 654 656 655
f 657 656 654
f 658 659 656
f 658 656 657
f 660 661 659
f 660 659 658
f 662 663 661
f 662 664 663
f 662 661 660
f 665 664 662
f 666 667 664
f 666 664 665
f 668 669 667
f 668 667 666
f 548 670 671
f 548 672 670
f 548 673 672
f 548 674 673
f 548 675 674
f 548 676 675
f 548 677 676
f 548 643 677
f 548 414 634
f 548 634 643
f 678 679 669
f 678 680 679
f 678 669 668
f 681 680 678
f 682 548 671
f 683 680 681
f 683 684 680
f 685 682 671
f 685 671 686
f 687 688 684
f 687 684 683
f 689 690 688
f 689 686 690
f 689 685 686
f 689 688 687
f 412 414 548
f 288 691 285
f 288 551 691
f 692 294 693
f 694 693 294
f 695 294 692
f 696 694 294
f 697 294 695
f 698 294 697
f 699 696 294
f 700 294 285
f 700 699 294
f 701 294 698
f 702 700 285
f 703 294 701
f 704 294 703
f 705 294 704
f 706 294 705
f 707 294 706
f 708 419 294
f 708 294 707
f 709 419 708
f 710 419 709
f 711 419 710
f 712 419 711
f 713 419 712
f 714 419 713
f 715 716 285
f 717 702 285
f 717 718 702
f 717 285 716
f 719 715 285
f 720 419 714
f 721 722 718
f 721 723 722
f 721 718 717
f 724 719 285
f 725 419 720
f 691 724 285
f 726 727 723
f 726 728 727
f 726 723 721
f 729 419 725
f 730 419 729
f 731 728 726
f 731 732 728
f 731 733 732
f 734 419 730
f 735 419 734
f 736 737 733
f 736 738 737
f 736 739 738
f 736 733 731
f 740 419 735
f 741 419 740
f 742 739 736
f 742 743 739
f 742 744 743
f 742 745 744
f 746 419 741
f 747 745 742
f 747 748 745
f 747 749 748
f 747 750 749
f 751 750 747
f 751 752 750
f 751 753 752
f 751 754 753
f 751 755 754
f 756 755 751
f 756 757 755
f 756 758 757
f 756 759 758
f 756 760 759
f 761 760 756
f 761 762 760
f 761 763 762
f 761 764 763
f 761 765 764
f 766 765 761
f 766 767 765
f 766 768 767
f 766 769 768
f 766 770 769
f 771 770 766
f 771 772 770
f 771 773 772
f 771 774 773
f 771 775 774
f 776 775 771
f 776 777 775
f 776 778 777
f 776 779 778
f 780 779 776
f 780 781 779
f 780 782 781
f 780 783 782
f 784 783 780
f 784 785 783
f 784 786 785
f 784 787 786
f 788 787 784
f 788 789 787
f 788 790 789
f 791 790 788
f 791 792 790
f 791 793 792
f 794 793 791
f 794 795 793
f 794 796 795
f 797 798 796
f 797 796 794
f 411 746 798
f 411 797 799
f 411 799 800
f 411 800 801
f 411 801 802
f 411 802 803
f 411 419 746
f 411 798 797
f 294 417 292
f 294 419 417
f 375 376 377
f 375 377 378
f 385 383 384
f 386 383 385
f 369 370 371
f 368 371 372
f 368 372 373
f 368 373 374
f 368 374 375
f 368 369 371
f 368 375 378
f 389 368 378
f 389 378 379
f 389 379 380
f 389 380 381
f 389 381 382
f 389 382 383
f 389 386 387
f 389 387 388
f 389 383 386
f 804 805 389
f 806 389 805
f 807 804 389
f 808 389 806
f 808 368 389
f 809 807 389
f 810 368 808
f 811 809 389
f 812 811 389
f 813 368 810
f 814 812 389
f 815 368 813
f 816 814 389
f 817 368 815
f 818 816 389
f 819 368 817
f 820 368 819
f 821 818 389
f 822 368 820
f 823 821 389
f 824 823 389
f 825 368 822
f 390 826 824
f 390 827 826
f 390 828 827
f 390 829 828
f 390 830 829
f 390 831 830
f 390 832 831
f 390 833 832
f 390 834 833
f 390 835 834
f 390 836 835
f 390 837 836
f 390 838 837
f 390 824 389
f 409 390 410
f 407 409 408
f 405 409 407
f 405 407 406
f 403 390 409
f 403 409 405
f 403 405 404
f 402 390 403
f 400 390 402
f 400 402 401
f 399 390 400
f 398 390 399
f 397 390 398
f 395 397 396
f 392 394 393
f 392 395 394
f 392 397 395
f 391 390 397
f 391 397 392
f 324 839 838
f 324 840 839
f 324 841 840
f 324 842 841
f 324 843 842
f 324 844 843
f 324 845 844
f 324 846 845
f 324 390 391
f 324 838 390
f 350 347 348
f 350 349 347
f 351 350 348
f 352 351 348
f 355 354 353
f 356 355 353
f 357 356 353
f 357 353 352
f 358 352 348
f 358 357 352
f 361 358 348
f 361 359 358
f 361 360 359
f 362 361 348
f 363 362 348
f 365 363 348
f 365 364 363
f 847 348 368
f 847 368 825
f 367 366 365
f 367 365 348
f 848 348 847
f 346 367 348
f 849 348 848
f 850 348 849
f 851 348 850
f 852 348 851
f 853 348 852
f 854 348 853
f 855 348 854
f 855 346 348
f 856 346 855
f 857 346 856
f 858 346 857
f 859 346 858
f 860 346 859
f 861 346 860
f 862 346 861
f 863 346 862
f 864 346 863
f 865 346 864
f 866 346 865
f 867 346 866
f 868 346 867
f 345 346 868
f 345 869 870
f 345 871 869
f 345 872 871
f 345 873 872
f 345 874 873
f 345 875 874
f 345 876 875
f 345 877 876
f 345 878 877
f 345 879 878
f 345 880 879
f 345 881 880
f 345 868 881
f 322 846 324
f 322 882 883
f 322 884 882
f 322 885 884
f 322 886 885
f 322 887 886
f 322 888 887
f 322 889 888
f 322 870 889
f 322 345 870
f 322 883 846
f 342 343 344
f 327 322 325
f 327 325 326
f 328 322 327
f 329 344 345
f 329 345 322
f 329 322 328
f 338 339 340
f 338 340 341
f 338 341 342
f 338 342 344
f 332 329 330
f 332 330 331
f 337 338 344
f 334 332 333
f 335 337 344
f 335 329 332
f 335 332 334
f 335 336 337
f 335 344 329
f 803 414 411
f 634 414 803
f 890 891 448
f 892 448 891
f 893 890 448
f 894 448 892
f 895 893 448
f 896 448 894
f 897 895 448
f 898 448 896
f 899 897 448
f 900 448 898
f 901 899 448
f 902 448 900
f 903 901 448
f 904 448 902
f 905 903 448
f 906 448 904
f 907 905 448
f 908 448 906
f 909 907 448
f 910 909 448
f 911 448 908
f 447 448 911
f 447 911 912
f 447 912 913
f 447 913 914
f 447 914 915
f 447 915 916
f 447 916 917
f 447 917 918
f 447 918 919
f 447 919 920
f 447 920 921
f 447 921 922
f 923 447 922
f 924 447 923
f 925 447 924
f 926 447 925
f 927 447 926
f 928 447 927
f 929 447 928
f 930 447 929
f 931 447 930
f 932 447 931
f 450 910 448
f 450 933 910
f 450 934 935
f 450 935 936
f 450 936 937
f 450 937 938
f 450 938 939
f 450 939 940
f 450 940 941
f 450 941 942
f 450 942 933
f 943 934 450
f 944 943 450
f 945 944 450
f 946 945 450
f 947 946 450
f 948 947 450
f 949 948 450
f 950 949 450
f 951 950 450
f 952 951 450
f 953 952 450
f 954 953 450
f 449 954 450
f 449 955 956
f 449 956 957
f 449 957 958
f 449 958 959
f 449 959 960
f 449 960 961
f 449 961 962
f 449 962 963
f 449 963 964
f 449 964 965
f 449 965 966
f 449 966 967
f 449 967 968
f 449 968 969
f 449 969 970
f 449 970 971
f 449 971 972
f 449 972 973
f 449 973 974
f 449 974 975
f 449 975 954
f 449 447 932
f 449 932 955
f 453 452 454
f 453 451 452
f 457 456 458
f 457 455 456
f 460 976 977
f 460 459 976
f 461 460 977
f 461 977 978
f 461 978 979
f 461 979 495
f 495 976 459
f 495 979 976
f 980 546 981
f 980 480 546
f 982 480 980
f 982 478 480
f 983 476 478
f 983 478 982
f 984 475 476
f 984 476 983
f 985 472 475
f 985 475 984
f 986 470 472
f 986 472 985
f 987 468 470
f 987 470 986
f 987 467 468
f 988 467 987
f 989 467 988
f 989 464 467
f 990 464 989
f 990 462 464
f 991 462 990
f 991 463 462
f 992 463 991
f 992 465 463
f 993 465 992
f 993 466 465
f 994 466 993
f 994 469 466
f 995 469 994
f 995 471 469
f 996 473 471
f 996 474 473
f 996 471 995
f 997 474 996
f 998 477 474
f 998 474 997
f 999 479 477
f 999 481 479
f 999 477 998
f 1000 481 999
f 1001 482 481
f 1001 481 1000
f 1002 483 482
f 1002 482 1001
f 1003 484 483
f 1003 485 484
f 1003 483 1002
f 1004 485 1003
f 1005 486 485
f 1005 485 1004
f 1006 487 486
f 1006 486 1005
f 1007 488 487
f 1007 489 488
f 1007 487 1006
f 1008 489 1007
f 1009 490 489
f 1009 491 490
f 1009 489 1008
f 1010 491 1009
f 1011 492 491
f 1011 491 1010
f 1012 492 1011
f 1012 493 492
f 1013 493 1012
f 1013 494 493
f 1013 509 494
f 1014 509 1013
f 1015 509 1014
f 1015 511 509
f 1016 511 1015
f 1016 513 511
f 1017 515 513
f 1017 513 1016
f 1018 517 515
f 1018 515 1017
f 1019 519 517
f 1019 517 1018
f 1020 521 519
f 1020 522 521
f 1020 519 1019
f 1021 522 1020
f 1022 545 522
f 1022 522 1021
f 1023 523 545
f 1023 545 1022
f 1024 524 523
f 1024 525 524
f 1024 523 1023
f 1025 525 1024
f 1026 526 525
f 1026 527 526
f 1026 525 1025
f 1027 528 527
f 1027 527 1026
f 1028 528 1027
f 1029 529 528
f 1029 530 529
f 1029 528 1028
f 1030 530 1029
f 1031 531 530
f 1031 530 1030
f 1032 532 531
f 1032 531 1031
f 1033 533 532
f 1033 534 533
f 1033 532 1032
f 1034 535 534
f 1034 534 1033
f 1035 535 1034
f 1036 536 535
f 1036 537 536
f 1036 535 1035
f 1037 538 537
f 1037 537 1036
f 1038 538 1037
f 1039 538 1038
f 1039 539 538
f 1040 539 1039
f 1040 540 539
f 1041 540 1040
f 1041 541 540
f 1042 541 1041
f 1042 542 541
f 1042 543 542
f 1043 543 1042
f 1044 543 1043
f 1044 544 543
f 1045 544 1044
f 1045 520 544
f 1046 520 1045
f 1046 518 520
f 1046 516 518
f 1047 516 1046
f 1048 516 1047
f 1048 514 516
f 1048 512 514
f 1049 512 1048
f 1050 512 1049
f 1050 510 512
f 1051 510 1050
f 1051 508 510
f 1052 496 508
f 1052 508 1051
f 1053 497 496
f 1053 496 1052
f 1054 498 497
f 1054 497 1053
f 1055 499 498
f 1055 500 499
f 1055 498 1054
f 1056 500 1055
f 1057 501 500
f 1057 500 1056
f 1058 502 501
f 1058 501 1057
f 1059 503 502
f 1059 504 503
f 1059 502 1058
f 1060 504 1059
f 1061 505 504
f 1061 504 1060
f 1062 506 505
f 1062 505 1061
f 1063 506 1062
f 1063 507 506
f 1063 546 507
f 981 546 1063
f 550 549 1064
f 612 1064 1065
f 612 550 1064
f 616 1065 1066
f 616 612 1065
f 620 1066 1067
f 620 616 1066
f 1068 1067 1069
f 1068 620 1067
f 624 1068 1070
f 624 620 1068
f 1071 1070 1072
f 1071 1072 1073
f 628 1070 1071
f 628 624 1070
f 632 628 1071
f 632 1071 1074
f 641 632 1074
f 641 1074 1075
f 644 641 1075
f 644 1075 1076
f 647 644 1076
f 647 1076 1077
f 649 647 1077
f 649 1077 1078
f 651 649 1078
f 651 1078 1079
f 652 651 1079
f 652 1079 1080
f 654 652 1080
f 654 1080 1081
f 657 654 1081
f 657 1081 1082
f 1083 657 1082
f 658 657 1083
f 1084 658 1083
f 660 658 1084
f 1085 660 1084
f 662 660 1085
f 1086 662 1085
f 665 662 1086
f 1087 665 1086
f 666 665 1087
f 1088 666 1087
f 668 666 1088
f 1089 668 1088
f 678 668 1089
f 1090 678 1089
f 681 678 1090
f 1091 1092 1093
f 1091 1093 1094
f 1091 681 1090
f 1095 1096 1097
f 683 681 1091
f 683 1091 1094
f 687 1094 1095
f 687 683 1094
f 689 1097 1098
f 689 1095 1097
f 689 687 1095
f 685 1098 1099
f 685 689 1098
f 682 1099 1100
f 682 685 1099
f 548 1100 547
f 548 682 1100
f 547 1097 1096
f 547 1098 1097
f 547 1099 1098
f 547 1100 1099
f 1067 1096 1069
f 1065 1067 1066
f 1064 1067 1065
f 549 547 1096
f 549 1096 1067
f 549 1067 1064
f 634 803 802
f 630 802 801
f 630 634 802
f 626 801 800
f 626 630 801
f 622 800 799
f 622 626 800
f 618 799 797
f 618 622 799
f 614 797 794
f 614 618 797
f 610 794 791
f 610 614 794
f 607 791 788
f 607 610 791
f 601 788 784
f 601 607 788
f 602 784 780
f 602 601 784
f 598 780 776
f 598 602 780
f 595 598 776
f 595 776 771
f 592 595 771
f 589 592 771
f 589 771 766
f 587 589 766
f 587 766 761
f 583 587 761
f 583 761 756
f 580 583 756
f 580 756 751
f 577 580 751
f 577 751 747
f 575 577 747
f 575 747 742
f 571 742 736
f 571 575 742
f 568 736 731
f 568 571 736
f 565 568 731
f 565 731 726
f 563 726 721
f 563 565 726
f 560 721 717
f 560 563 721
f 556 717 716
f 556 560 717
f 553 716 715
f 553 556 716
f 554 715 719
f 554 553 715
f 558 719 724
f 558 554 719
f 551 724 691
f 551 558 724
f 582 1101 586
f 582 1102 1101
f 579 1102 582
f 579 1103 1102
f 576 1103 579
f 576 1104 1103
f 574 1104 576
f 574 1105 1104
f 570 1106 1105
f 570 1105 574
f 567 1107 1106
f 567 1108 1107
f 567 1106 570
f 564 1108 567
f 562 1108 564
f 562 1109 1108
f 559 1109 562
f 559 1110 1109
f 555 1110 559
f 555 1111 1110
f 555 1112 1111
f 552 1112 555
f 552 1113 1112
f 557 1113 552
f 561 1113 557
f 561 1114 1113
f 561 1115 1114
f 566 1115 561
f 569 1116 1115
f 569 1115 566
f 572 1117 1116
f 572 1116 569
f 573 1118 1117
f 573 1117 572
f 578 1119 1118
f 578 1118 573
f 581 1120 1119
f 581 1119 578
f 584 1121 1120
f 584 1120 581
f 585 1122 1121
f 585 1121 584
f 590 1123 1122
f 590 1122 585
f 593 1124 1123
f 593 1123 590
f 596 1125 1124
f 596 1126 1125
f 596 1124 593
f 599 1126 596
f 603 1127 1126
f 603 1126 599
f 605 1128 1127
f 605 1127 603
f 608 1129 1128
f 608 1128 605
f 611 1130 1129
f 611 1131 1130
f 611 1129 608
f 615 1131 611
f 619 1132 1131
f 619 1133 1132
f 619 1131 615
f 621 1133 619
f 625 1133 621
f 625 1134 1133
f 629 1134 625
f 629 1135 1134
f 633 1135 629
f 633 1136 1135
f 645 1136 633
f 645 1137 1136
f 646 1138 1137
f 646 1137 645
f 648 1139 1138
f 648 1138 646
f 650 1140 1139
f 650 1139 648
f 653 1141 1140
f 653 1140 650
f 655 1142 1141
f 655 1141 653
f 656 1143 1142
f 656 1142 655
f 659 1144 1143
f 659 1143 656
f 661 1145 1144
f 661 1144 659
f 663 1146 1145
f 663 1145 661
f 664 1147 1146
f 664 1146 663
f 667 1148 1147
f 667 1147 664
f 669 1149 1148
f 669 1148 667
f 679 1150 1149
f 679 1149 669
f 680 1151 1150
f 680 1150 679
f 684 1152 1151
f 684 1151 680
f 688 1153 1152
f 688 1152 684
f 690 1154 1153
f 690 1153 688
f 686 1155 1154
f 686 1154 690
f 671 1156 1155
f 671 1155 686
f 670 1157 1156
f 670 1156 671
f 672 1158 1157
f 672 1157 670
f 673 1158 672
f 673 1159 1158
f 674 1159 673
f 674 1160 1159
f 675 1160 674
f 675 1161 1160
f 676 1161 675
f 676 1162 1161
f 677 1162 676
f 677 1163 1162
f 643 1163 677
f 643 1164 1163
f 642 1164 643
f 642 1165 1164
f 636 1165 642
f 636 1166 1165
f 635 1166 636
f 635 1167 1166
f 637 1167 635
f 637 1168 1167
f 638 1168 637
f 638 1169 1168
f 639 1169 638
f 639 1170 1169
f 640 1170 639
f 640 1171 1170
f 631 1171 640
f 631 1172 1171
f 627 1173 1172
f 627 1172 631
f 623 1174 1173
f 623 1173 627
f 617 1175 1174
f 617 1174 623
f 613 1176 1175
f 613 1177 1176
f 613 1175 617
f 609 1177 613
f 606 1178 1177
f 606 1177 609
f 604 1179 1178
f 604 1178 606
f 600 1180 1179
f 600 1179 604
f 597 1181 1180
f 597 1182 1181
f 597 1180 600
f 594 1182 597
f 591 1183 1182
f 591 1182 594
f 588 1183 591
f 588 1184 1183
f 588 1101 1184
f 586 1101 588
f 707 1185 708
f 707 1186 1185
f 706 1186 707
f 706 1187 1186
f 705 1187 706
f 705 1188 1187
f 704 1188 705
f 704 1189 1188
f 703 1190 1189
f 703 1189 704
f 701 1191 1190
f 701 1190 703
f 698 1191 701
f 698 1192 1191
f 697 1192 698
f 697 1193 1192
f 695 1193 697
f 695 1194 1193
f 692 1194 695
f 692 1195 1194
f 693 1195 692
f 693 1196 1195
f 694 1196 693
f 694 1197 1196
f 696 1197 694
f 696 1198 1197
f 699 1198 696
f 699 1199 1198
f 700 1200 1199
f 700 1199 699
f 702 1201 1200
f 702 1200 700
f 718 1202 1201
f 718 1201 702
f 722 1203 1202
f 722 1202 718
f 723 1204 1203
f 723 1205 1204
f 723 1203 722
f 727 1205 723
f 728 1206 1205
f 728 1207 1206
f 728 1205 727
f 732 1207 728
f 733 1208 1207
f 733 1207 732
f 737 1209 1208
f 737 1208 733
f 738 1210 1209
f 738 1211 1210
f 738 1209 737
f 739 1211 738
f 743 1212 1211
f 743 1211 739
f 744 1213 1212
f 744 1212 743
f 745 1214 1213
f 745 1213 744
f 748 1215 1214
f 748 1214 745
f 749 1216 1215
f 749 1217 1216
f 749 1215 748
f 750 1217 749
f 752 1217 750
f 752 1218 1217
f 752 1219 1218
f 753 1219 752
f 754 1219 753
f 754 1220 1219
f 755 1220 754
f 755 1221 1220
f 757 1222 1221
f 757 1221 755
f 758 1223 1222
f 758 1222 757
f 759 1224 1223
f 759 1223 758
f 760 1225 1224
f 760 1224 759
f 762 1226 1225
f 762 1225 760
f 763 1227 1226
f 763 1226 762
f 764 1228 1227
f 764 1227 763
f 765 1229 1228
f 765 1228 764
f 767 1230 1229
f 767 1229 765
f 768 1231 1230
f 768 1230 767
f 769 1232 1231
f 769 1231 768
f 770 1233 1232
f 770 1232 769
f 772 1234 1233
f 772 1233 770
f 773 1235 1234
f 773 1234 772
f 774 1236 1235
f 774 1235 773
f 775 1237 1236
f 775 1236 774
f 777 1238 1237
f 777 1237 775
f 778 1239 1238
f 778 1238 777
f 779 1240 1239
f 779 1239 778
f 781 1241 1240
f 781 1240 779
f 782 1242 1241
f 782 1241 781
f 783 1242 782
f 783 1243 1242
f 785 1243 783
f 785 1244 1243
f 786 1244 785
f 786 1245 1244
f 787 1245 786
f 787 1246 1245
f 789 1246 787
f 789 1247 1246
f 790 1247 789
f 790 1248 1247
f 792 1248 790
f 792 1249 1248
f 793 1249 792
f 793 1250 1249
f 795 1250 793
f 795 1251 1250
f 796 1251 795
f 796 1252 1251
f 798 1252 796
f 798 1253 1252
f 746 1253 798
f 746 1254 1253
f 741 1254 746
f 741 1255 1254
f 740 1255 741
f 740 1256 1255
f 735 1257 1256
f 735 1256 740
f 735 1258 1257
f 734 1258 735
f 730 1259 1258
f 730 1258 734
f 729 1260 1259
f 729 1261 1260
f 729 1259 730
f 725 1261 729
f 720 1262 1261
f 720 1261 725
f 714 1263 1262
f 714 1262 720
f 713 1264 1263
f 713 1263 714
f 712 1265 1264
f 712 1264 713
f 711 1266 1265
f 711 1265 712
f 710 1267 1266
f 710 1266 711
f 709 1267 710
f 709 1268 1267
f 708 1268 709
f 708 1185 1268
f 822 910 825
f 822 909 910
f 820 907 909
f 820 909 822
f 819 905 907
f 819 907 820
f 817 903 905
f 817 905 819
f 815 901 903
f 815 899 901
f 815 903 817
f 813 899 815
f 810 897 899
f 810 895 897
f 810 899 813
f 808 893 895
f 808 895 810
f 806 893 808
f 805 890 893
f 805 891 890
f 805 893 806
f 804 891 805
f 807 892 891
f 807 894 892
f 807 891 804
f 809 894 807
f 811 896 894
f 811 898 896
f 811 894 809
f 812 898 811
f 814 900 898
f 814 898 812
f 816 902 900
f 816 900 814
f 818 904 902
f 818 902 816
f 821 906 904
f 821 904 818
f 823 908 906
f 823 906 821
f 824 911 908
f 824 908 823
f 826 912 911
f 826 911 824
f 827 913 912
f 827 912 826
f 828 914 913
f 828 913 827
f 829 915 914
f 829 914 828
f 830 916 915
f 830 915 829
f 831 917 916
f 831 916 830
f 832 918 917
f 832 917 831
f 833 918 832
f 833 919 918
f 834 919 833
f 834 920 919
f 835 920 834
f 835 921 920
f 836 921 835
f 836 922 921
f 837 922 836
f 837 923 922
f 838 923 837
f 838 924 923
f 838 925 924
f 839 925 838
f 839 926 925
f 840 926 839
f 841 926 840
f 841 927 926
f 841 928 927
f 842 928 841
f 842 929 928
f 843 929 842
f 844 930 929
f 844 931 930
f 844 929 843
f 845 932 931
f 845 931 844
f 846 932 845
f 846 955 932
f 846 883 955
f 882 955 883
f 882 956 955
f 884 957 956
f 884 956 882
f 885 958 957
f 885 957 884
f 886 958 885
f 886 959 958
f 886 960 959
f 887 960 886
f 888 960 887
f 888 961 960
f 888 962 961
f 889 962 888
f 870 962 889
f 870 963 962
f 869 963 870
f 869 964 963
f 869 965 964
f 871 965 869
f 872 965 871
f 872 966 965
f 873 966 872
f 873 967 966
f 874 967 873
f 874 968 967
f 874 969 968
f 875 969 874
f 876 969 875
f 876 970 969
f 876 971 970
f 877 971 876
f 878 972 971
f 878 971 877
f 879 973 972
f 879 974 973
f 879 972 878
f 880 974 879
f 881 975 974
f 881 974 880
f 868 954 975
f 868 975 881
f 867 953 954
f 867 954 868
f 866 952 953
f 866 953 867
f 865 951 952
f 865 952 866
f 864 950 951
f 864 951 865
f 863 949 950
f 863 950 864
f 862 948 949
f 862 947 948
f 862 949 863
f 861 947 862
f 860 947 861
f 860 946 947
f 860 945 946
f 859 945 860
f 858 945 859
f 858 944 945
f 857 944 858
f 857 943 944
f 856 943 857
f 856 934 943
f 855 934 856
f 855 935 934
f 855 936 935
f 854 936 855
f 853 936 854
f 853 937 936
f 853 938 937
f 852 938 853
f 851 938 852
f 851 939 938
f 851 940 939
f 850 940 851
f 849 940 850
f 849 941 940
f 848 941 849
f 848 942 941
f 848 933 942
f 847 933 848
f 910 933 847
f 825 910 847
f 1269 1270 977
f 1271 1269 977
f 1272 977 1270
f 1273 1271 977
f 1274 977 1272
f 1275 977 1274
f 1276 1273 977
f 1277 977 1275
f 1278 1276 977
f 1279 977 1277
f 1280 1278 977
f 1281 977 1279
f 1282 1280 977
f 1283 1282 977
f 1284 977 1281
f 1285 977 1284
f 1286 1283 977
f 1287 977 1285
f 1288 1286 977
f 1289 1288 977
f 1290 978 977
f 1290 977 1287
f 1291 978 1290
f 1292 978 1291
f 1293 978 1292
f 1294 978 1293
f 1295 978 1294
f 1296 978 1295
f 1297 978 1296
f 1298 978 1297
f 1299 978 1298
f 1300 978 1299
f 1301 978 1300
f 1302 978 1301
f 1303 978 1302
f 1304 978 1303
f 1305 978 1304
f 1306 978 1305
f 1307 978 1306
f 1308 978 1307
f 1309 978 1308
f 1310 978 1309
f 1311 978 1310
f 976 1289 977
f 976 1312 1313
f 976 1313 1314
f 976 1314 1315
f 976 1315 1316
f 976 1316 1317
f 976 1317 1318
f 976 1318 1319
f 976 1319 1320
f 976 1320 1321
f 976 1321 1322
f 976 1322 1323
f 976 1323 1324
f 976 1324 1325
f 976 1325 1326
f 976 1326 1327
f 976 1327 1328
f 976 1328 1329
f 976 1329 1330
f 976 1330 1331
f 976 1331 1332
f 976 1332 1289
f 979 978 1311
f 979 1311 1333
f 979 1333 1334
f 979 1334 1335
f 979 1335 1336
f 979 1336 1337
f 979 1337 1338
f 979 1338 1339
f 979 1339 1340
f 979 1340 1341
f 979 1341 1342
f 979 1342 1343
f 979 1343 1344
f 979 1344 1345
f 979 1345 1346
f 979 1346 1347
f 979 1347 1348
f 979 1348 1349
f 979 1349 1350
f 979 1350 1351
f 979 1351 1352
f 979 1352 1312
f 979 1312 976
f 1353 1354 1355
f 1356 1355 1354
f 1357 1354 1353
f 1358 1356 1354
f 1359 1354 1357
f 1360 1358 1354
f 1361 1354 1359
f 1362 1360 1354
f 1363 1354 1361
f 1364 1362 1354
f 1365 1354 1363
f 1366 1364 1354
f 1367 1354 1365
f 1368 1366 1354
f 1369 1354 1367
f 1370 1354 1369
f 1371 1368 1354
f 1372 1371 1354
f 1373 1354 1370
f 1374 1372 1354
f 1375 1354 1373
f 1376 1374 1354
f 1377 1376 1354
f 1378 1377 1354
f 1379 1380 1381
f 1379 1382 1380
f 1379 1383 1382
f 1379 1384 1383
f 1379 1385 1384
f 1379 1375 1385
f 1379 1354 1375
f 1386 1379 1381
f 1387 1379 1386
f 1388 1379 1387
f 1389 1379 1388
f 1390 1379 1389
f 1391 1379 1390
f 1392 1379 1391
f 1393 1379 1392
f 1394 1379 1393
f 1395 1379 1394
f 1396 1379 1395
f 1397 1379 1396
f 1398 1379 1397
f 1399 1379 1398
f 1400 1379 1399
f 1401 1379 1400
f 1402 1379 1401
f 1403 1379 1402
f 991 1404 1405
f 990 1406 1404
f 990 1404 991
f 989 1406 990
f 989 1407 1406
f 992 1408 1409
f 992 1405 1408
f 992 991 1405
f 988 1407 989
f 988 1410 1407
f 988 1411 1410
f 993 1409 1378
f 993 992 1409
f 987 1411 988
f 987 1412 1411
f 994 1378 1354
f 994 993 1378
f 986 1413 1412
f 986 1412 987
f 995 994 1354
f 996 995 1354
f 985 1413 986
f 985 1414 1413
f 985 1415 1414
f 984 1416 1415
f 984 1415 985
f 997 996 1354
f 983 1416 984
f 983 1417 1416
f 998 997 1354
f 982 1418 1417
f 982 1419 1418
f 982 1417 983
f 999 998 1354
f 980 1420 1419
f 980 1419 982
f 1000 999 1354
f 981 1421 1420
f 981 1422 1421
f 981 1420 980
f 1001 1000 1354
f 1063 1422 981
f 1063 1423 1422
f 1062 1424 1423
f 1062 1425 1424
f 1062 1423 1063
f 1061 1425 1062
f 1061 1426 1425
f 1060 1426 1061
f 1060 1427 1426
f 1059 1427 1060
f 1059 1428 1427
f 1059 1429 1428
f 1058 1429 1059
f 1058 1430 1429
f 1057 1431 1430
f 1057 1430 1058
f 1056 1432 1431
f 1056 1433 1432
f 1056 1431 1057
f 1055 1434 1433
f 1055 1433 1056
f 1054 1435 1434
f 1054 1434 1055
f 1053 1435 1054
f 1053 1436 1435
f 1052 1437 1436
f 1052 1438 1437
f 1052 1436 1053
f 1051 1438 1052
f 1051 1403 1438
f 1050 1403 1051
f 1050 1379 1403
f 1049 1379 1050
f 1048 1379 1049
f 1047 1379 1048
f 1439 1015 1014
f 1440 1439 1014
f 1441 1016 1015
f 1441 1015 1439
f 1442 1014 1013
f 1442 1440 1014
f 1443 1017 1016
f 1443 1016 1441
f 1444 1013 1012
f 1444 1442 1013
f 1445 1017 1443
f 1446 1012 1011
f 1446 1444 1012
f 1447 1018 1017
f 1447 1017 1445
f 1448 1011 1010
f 1448 1446 1011
f 1449 1018 1447
f 1449 1019 1018
f 1450 1448 1010
f 1451 1020 1019
f 1451 1019 1449
f 1452 1450 1010
f 1452 1010 1009
f 1453 1020 1451
f 1454 1020 1453
f 1454 1021 1020
f 1455 1021 1454
f 1455 1022 1021
f 1456 1022 1455
f 1457 1023 1022
f 1457 1022 1456
f 1458 1024 1023
f 1458 1023 1457
f 1459 1024 1458
f 1460 1025 1024
f 1460 1024 1459
f 1461 1025 1460
f 1461 1026 1025
f 1462 1027 1026
f 1462 1026 1461
f 1463 1027 1462
f 1464 1028 1027
f 1464 1027 1463
f 1465 1002 1001
f 1465 1003 1002
f 1465 1004 1003
f 1465 1005 1004
f 1465 1006 1005
f 1465 1007 1006
f 1465 1008 1007
f 1465 1009 1008
f 1465 1452 1009
f 1465 1001 1354
f 1465 1466 1452
f 1465 1467 1466
f 1465 1468 1467
f 1465 1469 1468
f 1465 1470 1469
f 1465 1471 1470
f 1465 1472 1471
f 1465 1473 1472
f 1465 1474 1473
f 1465 1475 1474
f 1465 1476 1475
f 1465 1477 1476
f 1478 1029 1028
f 1478 1028 1464
f 1479 1477 1465
f 1480 1030 1029
f 1480 1029 1478
f 1481 1479 1465
f 1482 1030 1480
f 1483 1481 1465
f 1484 1031 1030
f 1484 1030 1482
f 1485 1483 1465
f 1486 1485 1465
f 1487 1031 1484
f 1487 1032 1031
f 1488 1486 1465
f 1489 1033 1032
f 1489 1032 1487
f 1490 1488 1465
f 1491 1034 1033
f 1491 1033 1489
f 1492 1490 1465
f 1493 1034 1491
f 1494 1492 1465
f 1495 1035 1034
f 1495 1034 1493
f 1496 1494 1465
f 1497 1496 1465
f 1498 1497 1465
f 1499 1498 1465
f 1500 1501 1499
f 1500 1499 1465
f 1500 1502 1501
f 1500 1503 1502
f 1500 1504 1503
f 1500 1505 1504
f 1500 1506 1505
f 1500 1507 1506
f 1500 1508 1507
f 1500 1509 1508
f 1500 1510 1509
f 1500 1511 1510
f 1500 1512 1511
f 1500 1513 1512
f 1500 1514 1513
f 1500 1515 1514
f 1500 1516 1515
f 1500 1517 1516
f 1500 1518 1517
f 1500 1519 1518
f 1500 1520 1519
f 1500 1521 1520
f 1500 1522 1521
f 1500 1523 1522
f 1500 1524 1523
f 1500 1495 1524
f 1500 1036 1035
f 1500 1037 1036
f 1500 1038 1037
f 1500 1039 1038
f 1500 1035 1495
f 1500 1379 1043
f 1043 1379 1044
f 1044 1379 1045
f 1045 1379 1046
f 1046 1379 1047
f 1500 1043 1042
f 1500 1042 1041
f 1500 1041 1040
f 1500 1040 1039
f 1525 1526 1096
f 1095 1525 1096
f 1527 1069 1096
f 1527 1096 1526
f 1528 1068 1069
f 1528 1069 1527
f 1525 1093 1092
f 1525 1094 1093
f 1525 1095 1094
f 1529 1092 1530
f 1529 1525 1092
f 1092 1531 1379
f 1091 1531 1092
f 1500 1092 1379
f 1530 1092 1500
f 1195 1196 1532
f 1194 1195 1532
f 1197 1532 1196
f 1198 1532 1197
f 1193 1194 1532
f 1192 1193 1532
f 1199 1532 1198
f 1191 1192 1532
f 1200 1532 1199
f 1190 1191 1532
f 1201 1532 1200
f 1189 1190 1532
f 1202 1532 1201
f 1188 1189 1532
f 1203 1532 1202
f 1187 1188 1532
f 1204 1532 1203
f 1186 1187 1532
f 1205 1532 1204
f 1185 1186 1532
f 1206 1532 1205
f 1207 1532 1206
f 1208 1532 1207
f 1209 1532 1208
f 1531 1264 1265
f 1531 1265 1266
f 1531 1266 1267
f 1531 1267 1268
f 1531 1268 1185
f 1531 1185 1532
f 1531 1263 1264
f 1262 1263 1531
f 1261 1262 1531
f 1260 1261 1531
f 1259 1260 1531
f 1258 1259 1531
f 1257 1258 1531
f 1256 1257 1531
f 1255 1256 1531
f 1254 1255 1531
f 1253 1254 1531
f 1252 1253 1531
f 1251 1252 1531
f 1250 1251 1531
f 1249 1250 1531
f 1248 1249 1531
f 1247 1248 1531
f 1246 1247 1531
f 1245 1246 1531
f 1111 1213 1214
f 1112 1213 1111
f 1112 1212 1213
f 1110 1111 1214
f 1110 1214 1215
f 1113 1212 1112
f 1113 1210 1211
f 1113 1211 1212
f 1109 1215 1216
f 1109 1216 1217
f 1109 1110 1215
f 1114 1210 1113
f 1114 1209 1210
f 1115 1209 1114
f 1115 1532 1209
f 1108 1217 1218
f 1108 1109 1217
f 1107 1218 1219
f 1107 1108 1218
f 1116 1532 1115
f 1106 1107 1219
f 1106 1219 1220
f 1106 1220 1221
f 1117 1532 1116
f 1105 1106 1221
f 1105 1221 1222
f 1118 1532 1117
f 1104 1222 1223
f 1104 1105 1222
f 1119 1532 1118
f 1103 1223 1224
f 1103 1224 1225
f 1103 1104 1223
f 1120 1532 1119
f 1102 1225 1226
f 1102 1103 1225
f 1101 1102 1226
f 1101 1226 1227
f 1101 1227 1228
f 1184 1228 1229
f 1184 1101 1228
f 1183 1184 1229
f 1183 1229 1230
f 1183 1230 1231
f 1182 1183 1231
f 1182 1231 1232
f 1181 1232 1233
f 1181 1182 1232
f 1180 1181 1233
f 1180 1233 1234
f 1180 1234 1235
f 1179 1235 1236
f 1179 1180 1235
f 1178 1179 1236
f 1178 1236 1237
f 1177 1237 1238
f 1177 1238 1239
f 1177 1178 1237
f 1176 1177 1239
f 1176 1239 1240
f 1175 1176 1240
f 1175 1240 1241
f 1174 1175 1241
f 1174 1241 1242
f 1173 1174 1242
f 1173 1242 1243
f 1173 1243 1244
f 1172 1173 1244
f 1172 1244 1245
f 1171 1245 1531
f 1171 1172 1245
f 1071 1120 1121
f 1071 1121 1122
f 1071 1122 1123
f 1071 1123 1124
f 1071 1124 1125
f 1071 1125 1126
f 1071 1126 1127
f 1071 1127 1128
f 1071 1128 1129
f 1071 1129 1130
f 1071 1130 1131
f 1071 1131 1132
f 1071 1132 1133
f 1071 1133 1134
f 1071 1134 1135
f 1071 1532 1120
f 1170 1171 1531
f 1074 1071 1135
f 1074 1135 1136
f 1075 1136 1137
f 1075 1074 1136
f 1076 1137 1138
f 1076 1075 1137
f 1077 1138 1139
f 1077 1076 1138
f 1078 1077 1139
f 1078 1139 1140
f 1079 1078 1140
f 1079 1140 1141
f 1080 1079 1141
f 1080 1141 1142
f 1081 1080 1142
f 1081 1142 1143
f 1082 1081 1143
f 1083 1082 1143
f 1083 1143 1144
f 1084 1083 1144
f 1084 1144 1145
f 1085 1084 1145
f 1085 1145 1146
f 1086 1146 1147
f 1086 1085 1146
f 1087 1147 1148
f 1087 1086 1147
f 1088 1148 1149
f 1088 1087 1148
f 1089 1149 1150
f 1089 1088 1149
f 1090 1150 1151
f 1090 1089 1150
f 1091 1151 1152
f 1091 1152 1153
f 1091 1153 1154
f 1091 1154 1155
f 1091 1155 1156
f 1091 1156 1157
f 1091 1090 1151
f 1091 1157 1158
f 1091 1158 1159
f 1091 1159 1160
f 1091 1160 1161
f 1091 1161 1162
f 1091 1162 1163
f 1091 1163 1164
f 1091 1164 1531
f 1164 1165 1531
f 1165 1166 1531
f 1166 1167 1531
f 1167 1168 1531
f 1168 1169 1531
f 1169 1170 1531
f 1073 1354 1532
f 1071 1073 1532
f 1465 1354 1073
f 1533 1465 1073
f 1070 1068 1528
f 1072 1070 1528
f 1073 1072 1528
f 1534 1073 1528
f 1533 1073 1534
f 1373 1289 1375
f 1373 1288 1289
f 1370 1288 1373
f 1370 1286 1288
f 1370 1283 1286
f 1369 1283 1370
f 1367 1283 1369
f 1367 1282 1283
f 1367 1280 1282
f 1365 1278 1280
f 1365 1280 1367
f 1363 1278 1365
f 1361 1276 1278
f 1361 1278 1363
f 1359 1276 1361
f 1359 1273 1276
f 1359 1271 1273
f 1357 1271 1359
f 1353 1271 1357
f 1353 1269 1271
f 1355 1269 1353
f 1355 1270 1269
f 1356 1270 1355
f 1356 1272 1270
f 1358 1272 1356
f 1358 1274 1272
f 1360 1274 1358
f 1360 1275 1274
f 1362 1275 1360
f 1362 1277 1275
f 1364 1279 1277
f 1364 1281 1279
f 1364 1277 1362
f 1366 1281 1364
f 1368 1284 1281
f 1368 1285 1284
f 1368 1281 1366
f 1371 1285 1368
f 1372 1287 1285
f 1372 1285 1371
f 1374 1290 1287
f 1374 1287 1372
f 1376 1291 1290
f 1376 1292 1291
f 1376 1290 1374
f 1377 1293 1292
f 1377 1292 1376
f 1378 1293 1377
f 1409 1294 1293
f 1409 1295 1294
f 1409 1293 1378
f 1408 1295 1409
f 1405 1296 1295
f 1405 1297 1296
f 1405 1295 1408
f 1404 1297 1405
f 1406 1298 1297
f 1406 1299 1298
f 1406 1297 1404
f 1407 1299 1406
f 1410 1300 1299
f 1410 1299 1407
f 1411 1300 1410
f 1411 1301 1300
f 1411 1302 1301
f 1412 1302 1411
f 1412 1303 1302
f 1413 1303 1412
f 1414 1303 1413
f 1414 1304 1303
f 1414 1305 1304
f 1415 1305 1414
f 1416 1306 1305
f 1416 1305 1415
f 1417 1307 1306
f 1417 1306 1416
f 1418 1308 1307
f 1418 1307 1417
f 1419 1309 1308
f 1419 1308 1418
f 1420 1310 1309
f 1420 1309 1419
f 1421 1311 1310
f 1421 1310 1420
f 1422 1333 1311
f 1422 1311 1421
f 1423 1334 1333
f 1423 1335 1334
f 1423 1333 1422
f 1424 1335 1423
f 1425 1336 1335
f 1425 1335 1424
f 1426 1337 1336
f 1426 1336 1425
f 1427 1338 1337
f 1427 1337 1426
f 1428 1339 1338
f 1428 1338 1427
f 1429 1340 1339
f 1429 1339 1428
f 1430 1341 1340
f 1430 1340 1429
f 1431 1342 1341
f 1431 1341 1430
f 1432 1343 1342
f 1432 1342 1431
f 1433 1344 1343
f 1433 1345 1344
f 1433 1343 1432
f 1434 1345 1433
f 1435 1346 1345
f 1435 1345 1434
f 1436 1347 1346
f 1436 1346 1435
f 1437 1347 1436
f 1437 1348 1347
f 1438 1348 1437
f 1438 1349 1348
f 1403 1349 1438
f 1403 1350 1349
f 1402 1350 1403
f 1402 1351 1350
f 1401 1351 1402
f 1401 1352 1351
f 1400 1352 1401
f 1400 1312 1352
f 1399 1312 1400
f 1399 1313 1312
f 1398 1313 1399
f 1398 1314 1313
f 1397 1314 1398
f 1397 1315 1314
f 1396 1315 1397
f 1396 1316 1315
f 1395 1316 1396
f 1395 1317 1316
f 1394 1317 1395
f 1394 1318 1317
f 1393 1318 1394
f 1393 1319 1318
f 1392 1319 1393
f 1392 1320 1319
f 1391 1321 1320
f 1391 1320 1392
f 1390 1322 1321
f 1390 1321 1391
f 1389 1323 1322
f 1389 1322 1390
f 1388 1324 1323
f 1388 1323 1389
f 1387 1325 1324
f 1387 1324 1388
f 1386 1326 1325
f 1386 1325 1387
f 1381 1327 1326
f 1381 1326 1386
f 1380 1328 1327
f 1380 1327 1381
f 1382 1329 1328
f 1382 1328 1380
f 1383 1330 1329
f 1383 1329 1382
f 1384 1331 1330
f 1384 1330 1383
f 1385 1331 1384
f 1385 1332 1331
f 1375 1332 1385
f 1375 1289 1332
f 1500 1535 1529
f 1530 1500 1529
f 1465 1536 1535
f 1465 1535 1500
f 1534 1465 1533
f 1534 1536 1465
f 1532 1354 1379
f 1532 1379 1531
f 1455 1537 1456
f 1455 1538 1537
f 1454 1538 1455
f 1454 1539 1538
f 1454 1540 1539
f 1453 1540 1454
f 1451 1540 1453
f 1451 1541 1540
f 1451 1542 1541
f 1449 1543 1542
f 1449 1542 1451
f 1447 1543 1449
f 1445 1544 1543
f 1445 1543 1447
f 1443 1544 1445
f 1443 1545 1544
f 1443 1546 1545
f 1441 1546 1443
f 1441 1547 1546
f 1439 1547 1441
f 1439 1548 1547
f 1440 1548 1439
f 1442 1548 1440
f 1442 1549 1548
f 1444 1549 1442
f 1444 1550 1549
f 1444 1551 1550
f 1446 1551 1444
f 1448 1551 1446
f 1448 1552 1551
f 1450 1553 1552
f 1450 1554 1553
f 1450 1552 1448
f 1452 1555 1554
f 1452 1554 1450
f 1466 1556 1555
f 1466 1555 1452
f 1467 1556 1466
f 1468 1557 1556
f 1468 1556 1467
f 1469 1558 1557
f 1469 1559 1558
f 1469 1557 1468
f 1470 1559 1469
f 1471 1560 1559
f 1471 1559 1470
f 1472 1561 1560
f 1472 1560 1471
f 1473 1562 1561
f 1473 1561 1472
f 1474 1563 1562
f 1474 1564 1563
f 1474 1562 1473
f 1475 1564 1474
f 1476 1565 1564
f 1476 1566 1565
f 1476 1564 1475
f 1477 1566 1476
f 1479 1567 1566
f 1479 1568 1567
f 1479 1566 1477
f 1481 1568 1479
f 1483 1568 1481
f 1483 1569 1568
f 1483 1570 1569
f 1485 1570 1483
f 1485 1571 1570
f 1486 1571 1485
f 1488 1571 1486
f 1488 1572 1571
f 1490 1572 1488
f 1490 1573 1572
f 1492 1574 1573
f 1492 1573 1490
f 1492 1575 1574
f 1494 1575 1492
f 1496 1576 1575
f 1496 1577 1576
f 1496 1575 1494
f 1497 1577 1496
f 1498 1578 1577
f 1498 1577 1497
f 1499 1579 1578
f 1499 1578 1498
f 1501 1580 1579
f 1501 1579 1499
f 1502 1581 1580
f 1502 1580 1501
f 1503 1582 1581
f 1503 1581 1502
f 1504 1583 1582
f 1504 1582 1503
f 1505 1584 1583
f 1505 1583 1504
f 1506 1585 1584
f 1506 1584 1505
f 1507 1586 1585
f 1507 1585 1506
f 1508 1587 1586
f 1508 1586 1507
f 1509 1588 1587
f 1509 1587 1508
f 1510 1589 1588
f 1510 1588 1509
f 1511 1590 1589
f 1511 1589 1510
f 1512 1591 1590
f 1512 1590 1511
f 1513 1592 1591
f 1513 1591 1512
f 1514 1593 1592
f 1514 1592 1513
f 1515 1594 1593
f 1515 1593 1514
f 1516 1594 1515
f 1516 1595 1594
f 1517 1595 1516
f 1517 1596 1595
f 1518 1596 1517
f 1518 1597 1596
f 1519 1597 1518
f 1519 1598 1597
f 1520 1598 1519
f 1520 1599 1598
f 1521 1599 1520
f 1521 1600 1599
f 1522 1600 1521
f 1522 1601 1600
f 1523 1601 1522
f 1523 1602 1601
f 1524 1602 1523
f 1524 1603 1602
f 1495 1603 1524
f 1495 1604 1603
f 1493 1604 1495
f 1493 1605 1604
f 1491 1605 1493
f 1491 1606 1605
f 1489 1606 1491
f 1489 1607 1606
f 1487 1607 1489
f 1487 1608 1607
f 1484 1609 1608
f 1484 1608 1487
f 1482 1610 1609
f 1482 1609 1484
f 1480 1611 1610
f 1480 1610 1482
f 1478 1612 1611
f 1478 1611 1480
f 1464 1613 1612
f 1464 1612 1478
f 1463 1614 1613
f 1463 1613 1464
f 1462 1615 1614
f 1462 1614 1463
f 1461 1616 1615
f 1461 1615 1462
f 1460 1617 1616
f 1460 1616 1461
f 1459 1618 1617
f 1459 1617 1460
f 1458 1619 1618
f 1458 1618 1459
f 1457 1619 1458
f 1457 1620 1619
f 1456 1620 1457
f 1456 1537 1620
f 1534 1528 1527
f 1534 1527 1536
f 1529 1526 1525
f 1529 1535 1526
f 1547 1548 1527
f 1549 1527 1548
f 1546 1547 1527
f 1550 1527 1549
f 1545 1546 1527
f 1551 1527 1550
f 1544 1545 1527
f 1543 1544 1527
f 1552 1527 1551
f 1542 1543 1527
f 1553 1527 1552
f 1554 1527 1553
f 1541 1542 1527
f 1540 1541 1527
f 1555 1527 1554
f 1539 1540 1527
f 1556 1527 1555
f 1538 1539 1527
f 1557 1527 1556
f 1537 1538 1527
f 1558 1536 1527
f 1558 1527 1557
f 1559 1536 1558
f 1560 1536 1559
f 1561 1536 1560
f 1562 1536 1561
f 1563 1536 1562
f 1564 1536 1563
f 1565 1536 1564
f 1566 1536 1565
f 1567 1536 1566
f 1568 1536 1567
f 1569 1536 1568
f 1570 1536 1569
f 1571 1536 1570
f 1572 1536 1571
f 1573 1536 1572
f 1574 1536 1573
f 1575 1536 1574
f 1576 1536 1575
f 1577 1536 1576
f 1578 1536 1577
f 1579 1536 1578
f 1526 1537 1527
f 1526 1600 1601
f 1526 1601 1602
f 1526 1602 1603
f 1526 1603 1604
f 1526 1604 1605
f 1526 1605 1606
f 1526 1606 1607
f 1526 1607 1608
f 1526 1608 1609
f 1526 1609 1610
f 1526 1610 1611
f 1526 1611 1612
f 1526 1612 1613
f 1526 1613 1614
f 1526 1614 1615
f 1526 1615 1616
f 1526 1616 1617
f 1526 1617 1618
f 1526 1618 1619
f 1526 1619 1620
f 1526 1620 1537
f 1535 1536 1579
f 1535 1579 1580
f 1535 1580 1581
f 1535 1581 1582
f 1535 1582 1583
f 1535 1583 1584
f 1535 1584 1585
f 1535 1585 1586
f 1535 1586 1587
f 1535 1587 1588
f 1535 1588 1589
f 1535 1589 1590
f 1535 1590 1591
f 1535 1591 1592
f 1535 1592 1593
f 1535 1593 1594
f 1535 1594 1595
f 1535 1595 1596
f 1535 1596 1597
f 1535 1597 1598
f 1535 1598 1599
f 1535 1599 1600
f 1535 1600 1526

