# https://github.com/mikedh/trimesh

o drive_arm.stl
v 37.00000000 -20.00000000 5.00000000
v 37.05978394 -19.99776268 9.00000000
v 37.00000000 -20.00000000 9.00000000
v 37.05978394 -19.99776268 5.00000000
v 37.11923218 -19.99106407 9.00000000
v 37.11923218 -19.99106407 5.00000000
v 37.17801666 -19.97994232 9.00000000
v 37.17801666 -19.97994232 5.00000000
v 37.23580551 -19.96445847 9.00000000
v 37.23580551 -19.96445847 5.00000000
v 37.29227448 -19.94469833 9.00000000
v 37.29227448 -19.94469833 5.00000000
v 37.34710693 -19.92077446 9.00000000
v 37.34710693 -19.92077446 5.00000000
v 37.40000153 -19.89282036 5.00000000
v 37.40000153 -19.89282036 9.00000000
v 37.45065689 -19.86099052 5.00000000
v 37.45065689 -19.86099052 9.00000000
v 37.49879074 -19.82546425 5.00000000
v 37.54413986 -19.78644180 9.00000000
v 37.49879074 -19.82546425 9.00000000
v 37.54413986 -19.78644180 5.00000000
v 37.58644104 -19.74413872 5.00000000
v 37.58644104 -19.74413872 9.00000000
v 37.62546539 -19.69879150 5.00000000
v 37.62546539 -19.69879150 9.00000000
v 37.66099167 -19.65065575 5.00000000
v 37.66099167 -19.65065575 9.00000000
v 37.69282150 -19.60000038 5.00000000
v 37.69282150 -19.60000038 9.00000000
v 37.72077560 -19.54710770 5.00000000
v 37.72077560 -19.54710770 9.00000000
v 37.74469757 -19.49227333 5.00000000
v 37.74469757 -19.49227333 9.00000000
v 37.76445770 -19.43580437 5.00000000
v 37.76445770 -19.43580437 9.00000000
v 37.77994156 -19.37801743 5.00000000
v 37.77994156 -19.37801743 9.00000000
v 37.79106522 -19.31923294 5.00000000
v 37.79106522 -19.31923294 9.00000000
v 37.79776382 -19.25978470 5.00000000
v 37.79776382 -19.25978470 9.00000000
v 37.79999924 -19.20000076 5.00000000
v 37.79999924 -19.20000076 9.00000000
v 30.60000038 -20.00000000 9.00000000
v 30.60000038 -20.00000000 5.00000000
v 37.00000000 -19.98601913 9.37365055
v 37.05978394 -15.37348366 13.98378849
v 37.00000000 -15.00000000 14.00000000
v 37.00000000 -15.37365055 13.98601913
v 37.05978394 -15.00000000 13.99776268
v 37.11923218 -15.37298298 13.97710896
v 37.11923218 -15.00000000 13.99106503
v 37.17801666 -15.37215137 13.96601772
v 37.17801666 -15.00000000 13.97994232
v 37.23580551 -15.37099457 13.95057678
v 37.23580551 -15.00000000 13.96445847
v 37.29227448 -15.36951828 13.93087292
v 37.29227448 -15.00000000 13.94469929
v 37.34710693 -15.36773014 13.90701580
v 37.34710693 -15.00000000 13.92077541
v 37.05978394 -15.74487782 13.94194221
v 37.00000000 -15.74521160 13.94415379
v 37.40000153 -15.36564064 13.87913895
v 37.40000153 -15.00000000 13.89282036
v 37.11923218 -15.74387932 13.93531895
v 37.45065689 -15.36326218 13.84739876
v 37.45065689 -15.00000000 13.86099148
v 37.17801666 -15.74222183 13.92432022
v 37.49879074 -15.36060715 13.81197262
v 37.49879074 -15.00000000 13.82546520
v 37.23580551 -15.73991394 13.90900898
v 37.54413986 -15.35769081 13.77305794
v 37.54413986 -15.00000000 13.78644180
v 37.29227448 -15.73696899 13.88947105
v 37.58644104 -15.35453033 13.73087311
v 37.58644104 -15.00000000 13.74413872
v 37.34710693 -15.73340321 13.86581421
v 37.62546539 -15.35114098 13.68565273
v 37.62546539 -15.00000000 13.69879150
v 37.05978394 -16.11210632 13.87245846
v 37.00000000 -16.11260414 13.87463951
v 37.40000153 -15.72923660 13.83817196
v 37.66099167 -15.34754372 13.63765240
v 37.66099167 -15.00000000 13.65065575
v 37.11923218 -16.11061668 13.86592865
v 37.45065689 -15.72449303 13.80669785
v 37.69282150 -15.34375858 13.58713722
v 37.69282150 -15.00000000 13.60000038
v 37.17801666 -16.10814095 13.85508442
v 37.49879074 -15.71919823 13.77156925
v 37.72077560 -15.33980560 13.53439236
v 37.72077560 -15.00000000 13.54710674
v 37.23580551 -16.10469627 13.83998871
v 37.54413986 -15.71338177 13.73298073
v 37.74469757 -15.33570766 13.47971153
v 37.74469757 -15.00000000 13.49227333
v 37.29227448 -16.10029984 13.82072544
v 37.58644104 -15.70707703 13.69114971
v 37.76445770 -15.33148766 13.42340088
v 37.76445770 -15.00000000 13.43580437
v 37.34710693 -16.09497452 13.79740143
v 37.62546539 -15.70031834 13.64630985
v 37.77994156 -15.32716942 13.36577511
v 37.77994156 -15.00000000 13.37801647
v 37.05978394 -16.47311592 13.77572632
v 37.00000000 -16.47377586 13.77786446
v 37.40000153 -16.08875465 13.77014732
v 37.66099167 -15.69314384 13.59871197
v 37.79106522 -15.32277679 13.30715656
v 37.79106522 -15.00000000 13.31923389
v 37.11923218 -16.47114182 13.76932621
v 37.45065689 -16.08167267 13.73911572
v 37.69282150 -15.68559456 13.54862213
v 37.79776382 -15.31833363 13.24787331
v 37.79999924 -15.31386662 13.18825626
v 37.79999924 -15.00000000 13.19999981
v 37.79776382 -15.00000000 13.25978374
v 37.17801666 -16.46786308 13.75869751
v 37.49879074 -16.07376671 13.70448112
v 37.72077560 -15.67771149 13.49631977
v 37.23580551 -16.46330070 13.74390125
v 37.54413986 -16.06508255 13.66643524
v 37.74469757 -15.66953850 13.44209766
v 37.29227448 -16.45747566 13.72502041
v 37.58644104 -16.05566978 13.62519264
v 37.76445770 -15.66112232 13.38626003
v 37.34710693 -16.45042419 13.70215893
v 37.62546539 -16.04557991 13.58098316
v 37.77994156 -15.65250969 13.32911777
v 37.05978394 -16.82588768 13.65228653
v 37.00000000 -16.82670593 13.65436840
v 37.40000153 -16.44218445 13.67544651
v 37.66099167 -16.03486824 13.53405476
v 37.79106522 -15.64374828 13.27099133
v 37.11923218 -16.82344055 13.64605141
v 37.45065689 -16.43280220 13.64503098
v 37.69282150 -16.02359581 13.48466873
v 37.79776382 -15.63488770 13.21220589
v 37.79999924 -15.62597752 13.15308952
v 37.79999924 -15.93458748 13.09469700
v 37.17801666 -16.81937790 13.63569736
v 37.49879074 -16.42233086 13.61108303
v 37.72077560 -16.01182556 13.43310165
v 37.23580551 -16.81372070 13.62128353
v 37.54413986 -16.41082764 13.57379341
v 37.74469757 -15.99962521 13.37964249
v 37.29227448 -16.80650139 13.60289097
v 37.58644104 -16.39835930 13.53337002
v 37.76445770 -15.98705959 13.32458973
v 37.34710693 -16.79776192 13.58062077
v 37.62546539 -16.38499260 13.49003792
v 37.77994156 -15.97420025 13.26825047
v 37.05978394 -17.16844749 13.50282860
v 37.00000000 -17.16941833 13.50484467
v 37.40000153 -16.78754807 13.55459785
v 37.66099167 -16.37080574 13.44404030
v 37.79106522 -15.96111965 13.21094131
v 37.11923218 -17.16554260 13.49679375
v 37.45065689 -16.77591896 13.52496910
v 37.69282150 -16.35587311 13.39563465
v 37.79776382 -15.94789124 13.15298271
v 37.17801666 -17.16071510 13.48677349
v 37.49879074 -16.76293945 13.49189854
v 37.72077560 -16.34028244 13.34509182
v 37.23580551 -17.15399742 13.47282219
v 37.54413986 -16.74868393 13.45557308
v 37.74469757 -16.32412148 13.29269409
v 37.29227448 -17.14542389 13.45501995
v 37.58644104 -16.73322868 13.41619396
v 37.76445770 -16.30747604 13.23873425
v 37.34710693 -17.13504410 13.43346500
v 37.62546539 -16.71666145 13.37398243
v 37.77994156 -16.29044342 13.18351364
v 37.05978394 -17.49888229 13.32818985
v 37.00000000 -17.50000000 13.33012676
v 37.00000000 -17.81660080 13.13119411
v 37.40000153 -17.12291527 13.40827847
v 37.66099167 -16.69907570 13.32917404
v 37.79106522 -16.27311707 13.12734222
v 37.11923218 -17.49553299 13.32238865
v 37.45065689 -17.10910416 13.37960148
v 37.69282150 -16.68056870 13.28201962
v 37.79776382 -16.25559425 13.07053375
v 37.79999924 -16.23797226 13.01340580
v 37.17801666 -17.48997116 13.31275654
v 37.49879074 -17.09369087 13.34759426
v 37.72077560 -16.66124535 13.23278236
v 37.23580551 -17.48222923 13.29934692
v 37.54413986 -17.07675934 13.31243515
v 37.74469757 -16.64121246 13.18173885
v 37.29227448 -17.47234917 13.28223515
v 37.58644104 -17.05840492 13.27432060
v 37.76445770 -16.62058067 13.12917328
v 37.34710693 -17.46038818 13.26151657
v 37.62546539 -17.03872871 13.23346519
v 37.77994156 -16.59946823 13.07538128
v 37.05978394 -17.81534004 13.12934589
v 37.00000000 -18.11744881 12.90915775
v 37.40000153 -17.44640923 13.23730659
v 37.66099167 -17.01784325 13.19009686
v 37.79106522 -16.57799339 13.02066135
v 37.11923218 -17.81156731 13.12381172
v 37.45065689 -17.43049622 13.20974159
v 37.69282150 -16.99586487 13.14445686
v 37.79776382 -16.55627441 12.96532154
v 37.79999924 -16.53443146 12.90966988
v 37.17801666 -17.80530167 13.11462116
v 37.49879074 -17.41273308 13.17897511
v 37.72077560 -16.97291565 13.09680176
v 37.23580551 -17.79657936 13.10182762
v 37.54413986 -17.39322090 13.14517975
v 37.74469757 -16.94912338 13.04739761
v 37.29227448 -17.78544807 13.08550167
v 37.58644104 -17.37206841 13.10854435
v 37.76445770 -16.92462349 12.99652195
v 37.34710693 -17.77197075 13.06573486
v 37.62546539 -17.34939575 13.06927299
v 37.77994156 -16.89954948 12.94445705
v 37.05978394 -18.11605453 12.90740871
v 37.40000153 -17.75622368 13.04263783
v 37.66099167 -17.32532883 13.02758598
v 37.79106522 -16.87404442 12.89149570
v 37.11923218 -18.11187744 12.90217113
v 37.45065689 -17.73829460 13.01633930
v 37.69282150 -17.29999924 12.98371696
v 37.79776382 -16.84825134 12.83793259
v 37.79999924 -16.82231140 12.78406906
v 37.17801666 -18.10494232 12.89347553
v 37.49879074 -17.71828079 12.98698616
v 37.72077560 -17.27355385 12.93791008
v 37.23580551 -18.09528923 12.88136959
v 37.54413986 -17.69629860 12.95474339
v 37.74469757 -17.24613571 12.89042282
v 37.29227448 -18.08296967 12.86592102
v 37.58644104 -17.67246819 12.91979122
v 37.76445770 -17.21790123 12.84151936
v 37.34710693 -18.06805229 12.84721661
v 37.62546539 -17.64692307 12.88232422
v 37.77994156 -17.18900871 12.79147339
v 37.05978394 -18.39934158 12.66362000
v 37.00000000 -18.40086365 12.66525936
v 37.40000153 -18.05062294 12.82536125
v 37.66099167 -17.61980820 12.84255219
v 37.79106522 -17.15961647 12.74056625
v 37.11923218 -18.39478683 12.65870953
v 37.45065689 -18.03077888 12.80047607
v 37.69282150 -17.59127235 12.80069828
v 37.79776382 -17.12989235 12.68908119
v 37.79999924 -17.10000038 12.63730717
v 37.17801666 -18.38722038 12.65055656
v 37.49879074 -18.00862885 12.77270031
v 37.72077560 -17.56147575 12.75699615
v 37.23580551 -18.37668991 12.63920593
v 37.54413986 -17.98429680 12.74219036
v 37.74469757 -17.53058815 12.71168995
v 37.29227448 -18.36324883 12.62472057
v 37.58644104 -17.95792198 12.70911694
v 37.76445770 -17.49877739 12.66503334
v 37.34710693 -18.34697723 12.60718346
v 37.62546539 -17.92964935 12.67366314
v 37.77994156 -17.46622467 12.61728764
v 37.05978394 -18.66362000 12.39934254
v 37.00000000 -18.66525841 12.40086365
v 37.40000153 -18.32796288 12.58669090
v 37.66099167 -17.89963722 12.63602924
v 37.79106522 -17.43311119 12.56871891
v 37.11923218 -18.65870857 12.39478588
v 37.45065689 -18.30631447 12.56335831
v 37.69282150 -17.86805344 12.59642506
v 37.79776382 -17.39962196 12.51959896
v 37.79999924 -17.36594391 12.47020340
v 37.17801666 -18.65055656 12.38722134
v 37.49879074 -18.28215027 12.53731632
v 37.72077560 -17.83507538 12.55507183
v 37.23580551 -18.63920593 12.37668896
v 37.54413986 -18.25560760 12.50870991
v 37.74469757 -17.80088615 12.51220036
v 37.29227448 -18.62472153 12.36324978
v 37.58644104 -18.22683334 12.47769928
v 37.76445770 -17.76567841 12.46805096
v 37.34710693 -18.60718346 12.34697723
v 37.62546539 -18.19598961 12.44445801
v 37.77994156 -17.72964859 12.42287159
v 37.05978394 -18.90740776 12.11605453
v 37.00000000 -18.90915680 12.11744881
v 37.00000000 -19.13119316 11.81660080
v 37.40000153 -18.58669090 12.32796288
v 37.66099167 -18.16324997 12.40917206
v 37.79106522 -17.69299889 12.37691307
v 37.11923218 -18.90217209 12.11187840
v 37.45065689 -18.56335831 12.30631351
v 37.69282150 -18.12879372 12.37203884
v 37.79776382 -17.65593147 12.33043385
v 37.79999924 -17.61865807 12.28369236
v 37.17801666 -18.89347649 12.10494328
v 37.49879074 -18.53731537 12.28215027
v 37.72077560 -18.09281731 12.33326530
v 37.23580551 -18.88137054 12.09528923
v 37.54413986 -18.50870895 12.25560665
v 37.74469757 -18.05552101 12.29306889
v 37.29227448 -18.86592102 12.08296967
v 37.58644104 -18.47769928 12.22683334
v 37.76445770 -18.01711273 12.25167465
v 37.34710693 -18.84721756 12.06805325
v 37.62546539 -18.44445801 12.19599056
v 37.77994156 -17.97780800 12.20931339
v 37.05978394 -19.12934494 11.81534004
v 37.40000153 -18.82536125 12.05062389
v 37.66099167 -18.40917206 12.16324997
v 37.79106522 -17.93782425 12.16622257
v 37.11923218 -19.12381172 11.81156731
v 37.45065689 -18.80047607 12.03077888
v 37.69282150 -18.37203789 12.12879467
v 37.79776382 -17.89738846 12.12264252
v 37.79999924 -17.85672569 12.07881832
v 37.17801666 -19.11462212 11.80530167
v 37.49879074 -18.77270126 12.00862885
v 37.72077560 -18.33326530 12.09281826
v 37.23580551 -19.10182762 11.79657936
v 37.54413986 -18.74219131 11.98429775
v 37.74469757 -18.29306984 12.05552197
v 37.29227448 -19.08550262 11.78544807
v 37.58644104 -18.70911598 11.95792198
v 37.76445770 -18.25167465 12.01711273
v 37.34710693 -19.06573486 11.77197170
v 37.62546539 -18.67366409 11.92964935
v 37.77994156 -18.20931244 11.97780800
v 37.05978394 -19.32818985 11.49888134
v 37.00000000 -19.33012772 11.50000000
v 37.40000153 -19.04263878 11.75622368
v 37.66099167 -18.63603020 11.89963627
v 37.79106522 -18.16622162 11.93782520
v 37.11923218 -19.32238960 11.49553204
v 37.45065689 -19.01633835 11.73829365
v 37.69282150 -18.59642410 11.86805344
v 37.79776382 -18.12264252 11.89738941
v 37.79999924 -18.07881737 11.85672569
v 37.17801666 -19.31275749 11.48997116
v 37.49879074 -18.98698616 11.71828175
v 37.72077560 -18.55507088 11.83507538
v 37.23580551 -19.29934692 11.48222923
v 37.54413986 -18.95474434 11.69629860
v 37.74469757 -18.51219940 11.80088615
v 37.29227448 -19.28223419 11.47234917
v 37.58644104 -18.91979027 11.67246819
v 37.76445770 -18.46805191 11.76567841
v 37.34710693 -19.26151657 11.46038723
v 37.62546539 -18.88232422 11.64692402
v 37.77994156 -18.42287064 11.72964859
v 37.05978394 -19.50282860 11.16844845
v 37.00000000 -19.50484467 11.16941833
v 37.00000000 -19.65436935 10.82670498
v 37.40000153 -19.23730659 11.44641018
v 37.66099167 -18.84255219 11.61980820
v 37.79106522 -18.37691307 11.69299793
v 37.11923218 -19.49679375 11.16554165
v 37.45065689 -19.20974159 11.43049526
v 37.69282150 -18.80069923 11.59127235
v 37.79776382 -18.33043289 11.65593243
v 37.79999924 -18.28369141 11.61865711
v 37.79999924 -18.47020340 11.36594391
v 37.17801666 -19.48677254 11.16071606
v 37.49879074 -19.17897606 11.41273308
v 37.72077560 -18.75699615 11.56147671
v 37.23580551 -19.47282219 11.15399742
v 37.54413986 -19.14517975 11.39322090
v 37.74469757 -18.71169090 11.53058720
v 37.29227448 -19.45501900 11.14542484
v 37.58644104 -19.10854340 11.37206936
v 37.76445770 -18.66503334 11.49877739
v 37.34710693 -19.43346596 11.13504410
v 37.62546539 -19.06927299 11.34939575
v 37.77994156 -18.61728668 11.46622467
v 37.05978394 -19.65228653 10.82588768
v 37.00000000 -19.77786446 10.47377586
v 37.40000153 -19.40827942 11.12291527
v 37.66099167 -19.02758598 11.32532787
v 37.79106522 -18.56871796 11.43311119
v 37.11923218 -19.64605141 10.82344055
v 37.45065689 -19.37960243 11.10910511
v 37.69282150 -18.98371696 11.30000019
v 37.79776382 -18.51959801 11.39962196
v 37.79999924 -18.63730621 11.10000038
v 37.17801666 -19.63569832 10.81937695
v 37.49879074 -19.34759331 11.09369087
v 37.72077560 -18.93791008 11.27355385
v 37.23580551 -19.62128448 10.81372070
v 37.54413986 -19.31243515 11.07675934
v 37.74469757 -18.89042282 11.24613667
v 37.29227448 -19.60289001 10.80650139
v 37.58644104 -19.27432060 11.05840492
v 37.76445770 -18.84151840 11.21790218
v 37.34710693 -19.58061981 10.79776096
v 37.62546539 -19.23346519 11.03872967
v 37.77994156 -18.79147339 11.18900871
v 37.05978394 -19.77572632 10.47311687
v 37.40000153 -19.55459785 10.78754807
v 37.66099167 -19.19009590 11.01784420
v 37.79106522 -18.74056625 11.15961742
v 37.11923218 -19.76932526 10.47114182
v 37.45065689 -19.52496910 10.77591991
v 37.69282150 -19.14445686 10.99586487
v 37.79776382 -18.68908119 11.12989235
v 37.17801666 -19.75869751 10.46786404
v 37.49879074 -19.49189949 10.76294041
v 37.72077560 -19.09680176 10.97291565
v 37.23580551 -19.74390221 10.46329975
v 37.54413986 -19.45557213 10.74868393
v 37.74469757 -19.04739761 10.94912434
v 37.29227448 -19.72501945 10.45747566
v 37.58644104 -19.41619301 10.73322868
v 37.76445770 -18.99652100 10.92462349
v 37.34710693 -19.70215797 10.45042419
v 37.62546539 -19.37398148 10.71666145
v 37.77994156 -18.94445610 10.89955044
v 37.05978394 -19.87245941 10.11210728
v 37.00000000 -19.87463951 10.11260509
v 37.40000153 -19.67544556 10.44218445
v 37.66099167 -19.32917404 10.69907570
v 37.79106522 -18.89149475 10.87404537
v 37.11923218 -19.86592865 10.11061668
v 37.45065689 -19.64503098 10.43280220
v 37.69282150 -19.28201866 10.68056870
v 37.79776382 -18.83793259 10.84825134
v 37.79999924 -18.78406906 10.82231140
v 37.79999924 -18.90966988 10.53443241
v 37.17801666 -19.85508537 10.10814190
v 37.49879074 -19.61108398 10.42233086
v 37.72077560 -19.23278236 10.66124439
v 37.23580551 -19.83998871 10.10469627
v 37.54413986 -19.57379341 10.41082859
v 37.74469757 -19.18173790 10.64121151
v 37.29227448 -19.82072449 10.10029888
v 37.58644104 -19.53336906 10.39835930
v 37.76445770 -19.12917328 10.62058163
v 37.34710693 -19.79740143 10.09497547
v 37.62546539 -19.49003792 10.38499355
v 37.77994156 -19.07538033 10.59946918
v 37.05978394 -19.94194221 9.74487782
v 37.00000000 -19.94415474 9.74521160
v 37.40000153 -19.77014732 10.08875465
v 37.66099167 -19.44404030 10.37080479
v 37.79106522 -19.02066231 10.57799339
v 37.11923218 -19.93531799 9.74387932
v 37.45065689 -19.73911667 10.08167267
v 37.69282150 -19.39563560 10.35587406
v 37.79776382 -18.96532059 10.55627441
v 37.17801666 -19.92432022 9.74222183
v 37.49879074 -19.70448112 10.07376671
v 37.72077560 -19.34509087 10.34028339
v 37.23580551 -19.90900993 9.73991394
v 37.54413986 -19.66643524 10.06508350
v 37.74469757 -19.29269409 10.32412052
v 37.29227448 -19.88947105 9.73696899
v 37.58644104 -19.62519264 10.05566978
v 37.76445770 -19.23873329 10.30747604
v 37.34710693 -19.86581421 9.73340321
v 37.62546539 -19.58098412 10.04557991
v 37.77994156 -19.18351364 10.29044342
v 37.05978394 -19.98378754 9.37348366
v 37.40000153 -19.83817101 9.72923756
v 37.66099167 -19.53405380 10.03486824
v 37.79106522 -19.12734222 10.27311707
v 37.11923218 -19.97710800 9.37298298
v 37.45065689 -19.80669785 9.72449303
v 37.69282150 -19.48466873 10.02359676
v 37.79776382 -19.07053375 10.25559330
v 37.79999924 -19.01340485 10.23797226
v 37.17801666 -19.96601677 9.37215137
v 37.49879074 -19.77156830 9.71919823
v 37.72077560 -19.43310165 10.01182652
v 37.23580551 -19.95057678 9.37099457
v 37.54413986 -19.73298073 9.71338177
v 37.74469757 -19.37964249 9.99962521
v 37.29227448 -19.93087196 9.36951828
v 37.58644104 -19.69115067 9.70707703
v 37.76445770 -19.32458878 9.98705959
v 37.34710693 -19.90701485 9.36773014
v 37.62546539 -19.64631081 9.70031834
v 37.77994156 -19.26825142 9.97420025
v 37.40000153 -19.87913895 9.36564064
v 37.66099167 -19.59871292 9.69314480
v 37.79106522 -19.21094131 9.96111965
v 37.45065689 -19.84739876 9.36326218
v 37.69282150 -19.54862213 9.68559456
v 37.79776382 -19.15298271 9.94789124
v 37.79999924 -19.09469795 9.93458843
v 37.49879074 -19.81197166 9.36060715
v 37.72077560 -19.49631882 9.67771149
v 37.54413986 -19.77305794 9.35769176
v 37.74469757 -19.44209862 9.66953850
v 37.58644104 -19.73087311 9.35453033
v 37.76445770 -19.38625908 9.66112232
v 37.62546539 -19.68565369 9.35114098
v 37.77994156 -19.32911873 9.65250969
v 37.66099167 -19.63765144 9.34754372
v 37.79106522 -19.27099228 9.64374828
v 37.69282150 -19.58713722 9.34375858
v 37.79776382 -19.21220589 9.63488770
v 37.79999924 -19.15308952 9.62597752
v 37.79999924 -19.18825531 9.31386662
v 37.72077560 -19.53439331 9.33980560
v 37.74469757 -19.47971153 9.33570766
v 37.76445770 -19.42340088 9.33148861
v 37.77994156 -19.36577415 9.32716942
v 37.79106522 -19.30715561 9.32277679
v 37.79776382 -19.24787331 9.31833458
v 37.79999924 -11.20953560 6.87771511
v 37.79999924 -15.00000000 0.80000007
v 37.79999924 -11.12228489 6.79046440
v 37.79999924 -11.29002190 6.97124195
v 37.79999924 -11.02875805 6.70997810
v 37.79999924 -11.36329365 7.07052183
v 37.79999924 -10.92947769 6.63670635
v 37.79999924 -11.42894173 7.17500019
v 37.79999924 -19.18825531 4.68613386
v 37.79999924 -19.15308952 4.37402248
v 37.79999924 -19.09469795 4.06541204
v 37.79999924 -19.01340485 3.76202846
v 37.79999924 -18.90966988 3.46556783
v 37.79999924 -18.78406906 3.17768836
v 37.79999924 -18.63730621 2.90000010
v 37.79999924 -18.47020340 2.63405585
v 37.79999924 -18.28369141 2.38134289
v 37.79999924 -18.07881737 2.14327455
v 37.79999924 -17.85672569 1.92118227
v 37.79999924 -17.61865807 1.71630788
v 37.79999924 -17.36594391 1.52979720
v 37.79999924 -17.10000038 1.36269343
v 37.79999924 -16.82231140 1.21593082
v 37.79999924 -16.53443146 1.09033036
v 37.79999924 -16.23797226 0.98659432
v 37.79999924 -15.93458748 0.90530288
v 37.79999924 -15.62597752 0.84691066
v 37.79999924 -15.31386662 0.81174415
v 37.79999924 -10.82499981 6.57105827
v 37.79999924 -11.48659897 7.28409195
v 37.79999924 -10.71590805 6.51340151
v 37.79999924 -11.53594208 7.39718723
v 37.79999924 -10.60281277 6.46405840
v 37.79999924 -11.57669544 7.51365423
v 37.79999924 -10.48634624 6.42330503
v 37.79999924 -11.60863113 7.63284063
v 37.79999924 -10.36715984 6.39136887
v 37.79999924 -11.63157082 7.75408030
v 37.79999924 -10.24592018 6.36842918
v 37.79999924 -11.64538670 7.87669563
v 37.79999924 -10.12330437 6.35461378
v 37.79999924 -11.64999962 8.00000000
v 37.79999924 -10.00000000 6.34999990
v 37.79999924 -9.87669563 6.35461378
v 37.79999924 -11.64538670 8.12330437
v 37.79999924 -11.63157082 8.24592018
v 37.79999924 -9.75407982 6.36842918
v 37.79999924 -9.63284016 6.39136887
v 37.79999924 -11.60863113 8.36715984
v 37.79999924 -11.57669544 8.48634624
v 37.79999924 -9.51365376 6.42330503
v 37.79999924 -9.39718723 6.46405840
v 37.79999924 -9.28409195 6.51340151
v 37.79999924 -9.17500019 6.57105827
v 37.79999924 -11.53594208 8.60281277
v 37.79999924 -11.48659897 8.71590805
v 37.79999924 -11.42894173 8.82499981
v 37.79999924 -11.36329365 8.92947865
v 37.79999924 -11.29002190 9.02875805
v 37.79999924 -11.20953560 9.12228489
v 37.79999924 -11.12228489 9.20953560
v 37.79999924 -11.02875805 9.29002190
v 37.79999924 -10.92947769 9.36329365
v 37.79999924 -10.82499981 9.42894173
v 37.79999924 -10.71590805 9.48659897
v 37.79999924 -10.60281277 9.53594208
v 37.79999924 -10.48634624 9.57669544
v 37.79999924 -10.36715984 9.60863113
v 37.79999924 -10.24592018 9.63157082
v 37.79999924 -10.12330437 9.64538670
v 37.79999924 -10.00000000 9.65000057
v 37.79999924 -9.87669563 9.64538670
v 37.79999924 -9.75407982 9.63157082
v 37.79999924 -9.63284016 9.60863113
v 37.79999924 -9.51365376 9.57669544
v 37.79999924 -9.39718723 9.53594208
v 37.79999924 -9.28409195 9.48659897
v 37.79999924 8.87771511 6.79046440
v 37.79999924 -8.79046440 6.87771511
v 37.79999924 -8.87771511 6.79046440
v 37.79999924 -8.97124195 6.70997810
v 37.79999924 8.79046440 6.87771511
v 37.79999924 8.70997810 6.97124195
v 37.79999924 -8.70997810 6.97124195
v 37.79999924 8.97124195 6.70997810
v 37.79999924 -9.07052231 6.63670635
v 37.79999924 8.63670635 7.07052183
v 37.79999924 -8.63670635 7.07052183
v 37.79999924 9.07052231 6.63670635
v 37.79999924 9.17500019 6.57105827
v 37.79999924 8.57105827 7.17500019
v 37.79999924 -8.57105827 7.17500019
v 37.79999924 8.51340103 7.28409195
v 37.79999924 -8.51340103 7.28409195
v 37.79999924 15.00000000 0.80000007
v 37.79999924 9.28409195 6.51340151
v 37.79999924 8.46405792 7.39718723
v 37.79999924 -8.46405792 7.39718723
v 37.79999924 9.39718723 6.46405840
v 37.79999924 8.42330456 7.51365423
v 37.79999924 -8.42330456 7.51365423
v 37.79999924 9.51365376 6.42330503
v 37.79999924 8.39136887 7.63284063
v 37.79999924 -8.39136887 7.63284063
v 37.79999924 9.63284016 6.39136887
v 37.79999924 8.36842918 7.75408030
v 37.79999924 -8.35461330 7.87669563
v 37.79999924 -8.36842918 7.75408030
v 37.79999924 9.75407982 6.36842918
v 37.79999924 8.35461330 7.87669563
v 37.79999924 -8.35000038 8.00000000
v 37.79999924 9.87669563 6.35461378
v 37.79999924 8.35000038 8.00000000
v 37.79999924 10.00000000 6.34999990
v 37.79999924 10.12330437 6.35461378
v 37.79999924 8.35461330 8.12330437
v 37.79999924 -8.35461330 8.12330437
v 37.79999924 8.36842918 8.24592018
v 37.79999924 -8.39136887 8.36715984
v 37.79999924 -8.36842918 8.24592018
v 37.79999924 10.24592018 6.36842918
v 37.79999924 10.36715984 6.39136887
v 37.79999924 8.39136887 8.36715984
v 37.79999924 -8.42330456 8.48634624
v 37.79999924 8.42330456 8.48634624
v 37.79999924 -8.46405792 8.60281277
v 37.79999924 10.48634624 6.42330503
v 37.79999924 10.60281277 6.46405840
v 37.79999924 8.46405792 8.60281277
v 37.79999924 -8.51340103 8.71590805
v 37.79999924 10.71590805 6.51340151
v 37.79999924 8.51340103 8.71590805
v 37.79999924 10.82499981 6.57105827
v 37.79999924 8.57105827 8.82499981
v 37.79999924 -8.63670635 8.92947865
v 37.79999924 -8.57105827 8.82499981
v 37.79999924 10.92947769 6.63670635
v 37.79999924 8.63670635 8.92947865
v 37.79999924 11.02875805 6.70997810
v 37.79999924 8.70997810 9.02875805
v 37.79999924 -8.70997810 9.02875805
v 37.79999924 11.12228489 6.79046440
v 37.79999924 8.79046440 9.12228489
v 37.79999924 -8.87771511 9.20953560
v 37.79999924 -8.79046440 9.12228489
v 37.79999924 11.20953560 6.87771511
v 37.79999924 8.87771511 9.20953560
v 37.79999924 11.29002190 6.97124195
v 37.79999924 8.97124195 9.29002190
v 37.79999924 -9.07052231 9.36329365
v 37.79999924 -8.97124195 9.29002190
v 37.79999924 11.36329365 7.07052183
v 37.79999924 9.07052231 9.36329365
v 37.79999924 11.42894173 7.17500019
v 37.79999924 15.31386662 0.81174415
v 37.79999924 15.62597752 0.84691066
v 37.79999924 15.93458748 0.90530288
v 37.79999924 16.23797226 0.98659432
v 37.79999924 16.53443146 1.09033036
v 37.79999924 16.82231140 1.21593082
v 37.79999924 17.10000038 1.36269343
v 37.79999924 9.17500019 9.42894173
v 37.79999924 -9.17500019 9.42894173
v 37.79999924 9.28409195 9.48659897
v 37.79999924 17.36594391 1.52979720
v 37.79999924 17.61865807 1.71630788
v 37.79999924 17.85672569 1.92118227
v 37.79999924 18.07881737 2.14327455
v 37.79999924 18.28369141 2.38134289
v 37.79999924 18.47020340 2.63405585
v 37.79999924 18.63730621 2.90000010
v 37.79999924 18.78406906 3.17768836
v 37.79999924 18.90966988 3.46556783
v 37.79999924 19.01340485 3.76202846
v 37.79999924 19.09469795 4.06541204
v 37.79999924 19.15308952 4.37402248
v 37.79999924 19.18825531 4.68613386
v 37.79999924 19.20000076 5.00000000
v 37.79999924 11.63157082 7.75408030
v 37.79999924 11.60863113 7.63284063
v 37.79999924 11.57669544 7.51365423
v 37.79999924 11.53594208 7.39718723
v 37.79999924 11.48659897 7.28409195
v 37.79999924 15.00000000 13.19999981
v 37.79999924 9.39718723 9.53594208
v 37.79999924 9.51365376 9.57669544
v 37.79999924 9.63284016 9.60863113
v 37.79999924 9.75407982 9.63157082
v 37.79999924 9.87669563 9.64538670
v 37.79999924 10.00000000 9.65000057
v 37.79999924 10.12330437 9.64538670
v 37.79999924 10.24592018 9.63157082
v 37.79999924 10.36715984 9.60863113
v 37.79999924 10.48634624 9.57669544
v 37.79999924 10.60281277 9.53594208
v 37.79999924 10.71590805 9.48659897
v 37.79999924 10.82499981 9.42894173
v 37.79999924 10.92947769 9.36329365
v 37.79999924 11.02875805 9.29002190
v 37.79999924 11.12228489 9.20953560
v 37.79999924 11.20953560 9.12228489
v 37.79999924 11.29002190 9.02875805
v 37.79999924 11.36329365 8.92947865
v 37.79999924 11.42894173 8.82499981
v 37.79999924 11.48659897 8.71590805
v 37.79999924 11.53594208 8.60281277
v 37.79999924 11.57669544 8.48634624
v 37.79999924 19.20000076 9.00000000
v 37.79999924 11.63157082 8.24592018
v 37.79999924 11.64538670 8.12330437
v 37.79999924 11.64999962 8.00000000
v 37.79999924 11.64538670 7.87669563
v 37.79999924 15.31386662 13.18825626
v 37.79999924 19.18825531 9.31386662
v 37.79999924 11.60863113 8.36715984
v 37.79999924 15.62597752 13.15308952
v 37.79999924 19.15308952 9.62597752
v 37.79999924 15.93458748 13.09469700
v 37.79999924 19.09469795 9.93458843
v 37.79999924 16.23797226 13.01340580
v 37.79999924 19.01340485 10.23797226
v 37.79999924 16.53443146 12.90966988
v 37.79999924 18.90966988 10.53443241
v 37.79999924 18.78406906 10.82231140
v 37.79999924 16.82231140 12.78406906
v 37.79999924 18.63730621 11.10000038
v 37.79999924 17.10000038 12.63730717
v 37.79999924 18.47020340 11.36594391
v 37.79999924 17.36594391 12.47020340
v 37.79999924 18.28369141 11.61865711
v 37.79999924 17.61865807 12.28369236
v 37.79999924 18.07881737 11.85672569
v 37.79999924 17.85672569 12.07881832
v 37.05978394 -19.98378754 4.62651682
v 37.00000000 -19.98601913 4.62634945
v 37.11923218 -19.97710800 4.62701750
v 37.17801666 -19.96601677 4.62784863
v 37.23580551 -19.95057678 4.62900591
v 37.29227448 -19.93087196 4.63048220
v 37.34710693 -19.90701485 4.63227034
v 37.05978394 -19.94194221 4.25512218
v 37.00000000 -19.94415474 4.25478888
v 37.40000153 -19.87913895 4.63435936
v 37.11923218 -19.93531799 4.25612068
v 37.45065689 -19.84739876 4.63673782
v 37.17801666 -19.92432022 4.25777817
v 37.49879074 -19.81197166 4.63939285
v 37.23580551 -19.90900993 4.26008606
v 37.54413986 -19.77305794 4.64230871
v 37.29227448 -19.88947105 4.26303101
v 37.58644104 -19.73087311 4.64547014
v 37.34710693 -19.86581421 4.26659679
v 37.62546539 -19.68565369 4.64885902
v 37.05978394 -19.87245941 3.88789320
v 37.00000000 -19.87463951 3.88739538
v 37.40000153 -19.83817101 4.27076292
v 37.66099167 -19.63765144 4.65245628
v 37.11923218 -19.86592865 3.88938379
v 37.45065689 -19.80669785 4.27550697
v 37.69282150 -19.58713722 4.65624189
v 37.17801666 -19.85508537 3.89185858
v 37.49879074 -19.77156830 4.28080177
v 37.72077560 -19.53439331 4.66019440
v 37.23580551 -19.83998871 3.89530420
v 37.54413986 -19.73298073 4.28661823
v 37.74469757 -19.47971153 4.66429234
v 37.29227448 -19.82072449 3.89970112
v 37.58644104 -19.69115067 4.29292297
v 37.76445770 -19.42340088 4.66851187
v 37.34710693 -19.79740143 3.90502453
v 37.62546539 -19.64631081 4.29968166
v 37.77994156 -19.36577415 4.67283058
v 37.05978394 -19.77572632 3.52688360
v 37.00000000 -19.77786446 3.52622414
v 37.40000153 -19.77014732 3.91124511
v 37.66099167 -19.59871292 4.30685568
v 37.79106522 -19.30715561 4.67722321
v 37.11923218 -19.76932526 3.52885795
v 37.45065689 -19.73911667 3.91832781
v 37.69282150 -19.54862213 4.31440544
v 37.79776382 -19.24787331 4.68166590
v 37.17801666 -19.75869751 3.53213644
v 37.49879074 -19.70448112 3.92623305
v 37.72077560 -19.49631882 4.32228899
v 37.23580551 -19.74390221 3.53670025
v 37.54413986 -19.66643524 3.93491673
v 37.74469757 -19.44209862 4.33046150
v 37.29227448 -19.72501945 3.54252458
v 37.58644104 -19.62519264 3.94432998
v 37.76445770 -19.38625908 4.33887768
v 37.34710693 -19.70215797 3.54957628
v 37.62546539 -19.58098412 3.95442057
v 37.77994156 -19.32911873 4.34749079
v 37.05978394 -19.65228653 3.17411232
v 37.00000000 -19.65436935 3.17329502
v 37.40000153 -19.67544556 3.55781603
v 37.66099167 -19.53405380 3.96513176
v 37.79106522 -19.27099228 4.35625172
v 37.11923218 -19.64605141 3.17655945
v 37.45065689 -19.64503098 3.56719780
v 37.69282150 -19.48466873 3.97640371
v 37.79776382 -19.21220589 4.36511230
v 37.17801666 -19.63569832 3.18062282
v 37.49879074 -19.61108398 3.57766938
v 37.72077560 -19.43310165 3.98817372
v 37.23580551 -19.62128448 3.18627977
v 37.54413986 -19.57379341 3.58917165
v 37.74469757 -19.37964249 4.00037527
v 37.29227448 -19.60289001 3.19349861
v 37.58644104 -19.53336906 3.60164070
v 37.76445770 -19.32458878 4.01294088
v 37.34710693 -19.58061981 3.20223904
v 37.62546539 -19.49003792 3.61500692
v 37.77994156 -19.26825142 4.02579975
v 37.05978394 -19.50282860 2.83155203
v 37.00000000 -19.50484467 2.83058143
v 37.00000000 -19.33012772 2.50000000
v 37.40000153 -19.55459785 3.21245217
v 37.66099167 -19.44404030 3.62919521
v 37.79106522 -19.21094131 4.03888035
v 37.11923218 -19.49679375 2.83445835
v 37.45065689 -19.52496910 3.22408056
v 37.69282150 -19.39563560 3.64412642
v 37.79776382 -19.15298271 4.05210876
v 37.17801666 -19.48677254 2.83928418
v 37.49879074 -19.49189949 3.23705959
v 37.72077560 -19.34509087 3.65971684
v 37.23580551 -19.47282219 2.84600234
v 37.54413986 -19.45557213 3.25131655
v 37.74469757 -19.29269409 3.67587948
v 37.29227448 -19.45501900 2.85457563
v 37.58644104 -19.41619301 3.26677179
v 37.76445770 -19.23873329 3.69252396
v 37.34710693 -19.43346596 2.86495590
v 37.62546539 -19.37398148 3.28333879
v 37.77994156 -19.18351364 3.70955706
v 37.05978394 -19.32818985 2.50111866
v 37.40000153 -19.40827942 2.87708497
v 37.66099167 -19.32917404 3.30092454
v 37.79106522 -19.12734222 3.72688365
v 37.11923218 -19.32238960 2.50446773
v 37.45065689 -19.37960243 2.89089513
v 37.69282150 -19.28201866 3.31943130
v 37.79776382 -19.07053375 3.74440670
v 37.17801666 -19.31275749 2.51002884
v 37.49879074 -19.34759331 2.90630913
v 37.72077560 -19.23278236 3.33875537
v 37.23580551 -19.29934692 2.51777101
v 37.54413986 -19.31243515 2.92324090
v 37.74469757 -19.18173790 3.35878849
v 37.29227448 -19.28223419 2.52765059
v 37.58644104 -19.27432060 2.94159579
v 37.76445770 -19.12917328 3.37941885
v 37.34710693 -19.26151657 2.53961253
v 37.62546539 -19.23346519 2.96127081
v 37.77994156 -19.07538033 3.40053105
v 37.05978394 -19.12934494 2.18465996
v 37.00000000 -19.13119316 2.18339992
v 37.00000000 -18.90915680 1.88255107
v 37.40000153 -19.23730659 2.55358982
v 37.66099167 -19.19009590 2.98215604
v 37.79106522 -19.02066231 3.42200685
v 37.11923218 -19.12381172 2.18843317
v 37.45065689 -19.20974159 2.56950450
v 37.69282150 -19.14445686 3.00413489
v 37.79776382 -18.96532059 3.44372630
v 37.17801666 -19.11462212 2.19469881
v 37.49879074 -19.17897606 2.58726740
v 37.72077560 -19.09680176 3.02708435
v 37.23580551 -19.10182762 2.20342112
v 37.54413986 -19.14517975 2.60677934
v 37.74469757 -19.04739761 3.05087590
v 37.29227448 -19.08550262 2.21455193
v 37.58644104 -19.10854340 2.62793112
v 37.76445770 -18.99652100 3.07537675
v 37.34710693 -19.06573486 2.22802877
v 37.62546539 -19.06927299 2.65060425
v 37.77994156 -18.94445610 3.10044980
v 37.05978394 -18.90740776 1.88394582
v 37.40000153 -19.04263878 2.24377632
v 37.66099167 -19.02758598 2.67467213
v 37.79106522 -18.89149475 3.12595487
v 37.11923218 -18.90217209 1.88812220
v 37.45065689 -19.01633835 2.26170635
v 37.69282150 -18.98371696 2.70000005
v 37.79776382 -18.83793259 3.15174913
v 37.17801666 -18.89347649 1.89505684
v 37.49879074 -18.98698616 2.28171873
v 37.72077560 -18.93791008 2.72644663
v 37.23580551 -18.88137054 1.90471101
v 37.54413986 -18.95474434 2.30370164
v 37.74469757 -18.89042282 2.75386357
v 37.29227448 -18.86592102 1.91703069
v 37.58644104 -18.91979027 2.32753181
v 37.76445770 -18.84151840 2.78209805
v 37.34710693 -18.84721756 1.93194699
v 37.62546539 -18.88232422 2.35307646
v 37.77994156 -18.79147339 2.81099176
v 37.05978394 -18.66362000 1.60065794
v 37.00000000 -18.66525841 1.59913635
v 37.40000153 -18.82536125 1.94937658
v 37.66099167 -18.84255219 2.38019228
v 37.79106522 -18.74056625 2.84038329
v 37.11923218 -18.65870857 1.60521400
v 37.45065689 -18.80047607 1.96922183
v 37.69282150 -18.80069923 2.40872788
v 37.79776382 -18.68908119 2.87010813
v 37.17801666 -18.65055656 1.61277914
v 37.49879074 -18.77270126 1.99137175
v 37.72077560 -18.75699615 2.43852353
v 37.23580551 -18.63920593 1.62331092
v 37.54413986 -18.74219131 2.01570272
v 37.74469757 -18.71169090 2.46941280
v 37.29227448 -18.62472153 1.63675070
v 37.58644104 -18.70911598 2.04207826
v 37.76445770 -18.66503334 2.50122261
v 37.34710693 -18.60718346 1.65302300
v 37.62546539 -18.67366409 2.07035136
v 37.77994156 -18.61728668 2.53377557
v 37.05978394 -18.39934158 1.33638060
v 37.00000000 -18.40086365 1.33474076
v 37.40000153 -18.58669090 1.67203712
v 37.66099167 -18.63603020 2.10036349
v 37.79106522 -18.56871796 2.56688905
v 37.11923218 -18.39478683 1.34129083
v 37.45065689 -18.56335831 1.69368649
v 37.69282150 -18.59642410 2.13194704
v 37.79776382 -18.51959801 2.60037827
v 37.17801666 -18.38722038 1.34944403
v 37.49879074 -18.53731537 1.71785021
v 37.72077560 -18.55507088 2.16492534
v 37.23580551 -18.37668991 1.36079466
v 37.54413986 -18.50870895 1.74439311
v 37.74469757 -18.51219940 2.19911385
v 37.29227448 -18.36324883 1.37527919
v 37.58644104 -18.47769928 1.77316666
v 37.76445770 -18.46805191 2.23432136
v 37.34710693 -18.34697723 1.39281666
v 37.62546539 -18.44445801 1.80401003
v 37.77994156 -18.42287064 2.27035141
v 37.05978394 -18.11605453 1.09259164
v 37.00000000 -18.11744881 1.09084272
v 37.40000153 -18.32796288 1.41330898
v 37.66099167 -18.40917206 1.83675063
v 37.79106522 -18.37691307 2.30700183
v 37.11923218 -18.11187744 1.09782863
v 37.45065689 -18.30631447 1.43664157
v 37.69282150 -18.37203789 1.87120545
v 37.79776382 -18.33043289 2.34406829
v 37.17801666 -18.10494232 1.10652435
v 37.49879074 -18.28215027 1.46268380
v 37.72077560 -18.33326530 1.90718186
v 37.23580551 -18.09528923 1.11863041
v 37.54413986 -18.25560760 1.49129021
v 37.74469757 -18.29306984 1.94447863
v 37.29227448 -18.08296967 1.13407874
v 37.58644104 -18.22683334 1.52230072
v 37.76445770 -18.25167465 1.98288703
v 37.34710693 -18.06805229 1.15278316
v 37.62546539 -18.19598961 1.55554199
v 37.77994156 -18.20931244 2.02219248
v 37.05978394 -17.81534004 0.87065446
v 37.00000000 -17.81660080 0.86880624
v 37.00000000 -17.50000000 0.66987306
v 37.40000153 -18.05062294 1.17463911
v 37.66099167 -18.16324997 1.59082794
v 37.79106522 -18.16622162 2.06217504
v 37.11923218 -17.81156731 0.87618893
v 37.45065689 -18.03077888 1.19952428
v 37.69282150 -18.12879372 1.62796152
v 37.79776382 -18.12264252 2.10261106
v 37.17801666 -17.80530167 0.88537866
v 37.49879074 -18.00862885 1.22729945
v 37.72077560 -18.09281731 1.66673481
v 37.23580551 -17.79657936 0.89817220
v 37.54413986 -17.98429680 1.25780940
v 37.74469757 -18.05552101 1.70693111
v 37.29227448 -17.78544807 0.91449803
v 37.58644104 -17.95792198 1.29088354
v 37.76445770 -18.01711273 1.74832559
v 37.34710693 -17.77197075 0.93426490
v 37.62546539 -17.92964935 1.32633674
v 37.77994156 -17.97780800 1.79068673
v 37.05978394 -17.49888229 0.67181033
v 37.40000153 -17.75622368 0.95736223
v 37.66099167 -17.89963722 1.36397076
v 37.79106522 -17.93782425 1.83377767
v 37.11923218 -17.49553299 0.67761129
v 37.45065689 -17.73829460 0.98366082
v 37.69282150 -17.86805344 1.40357530
v 37.79776382 -17.89738846 1.87735736
v 37.17801666 -17.48997116 0.68724352
v 37.49879074 -17.71828079 1.01301360
v 37.72077560 -17.83507538 1.44492865
v 37.23580551 -17.48222923 0.70065314
v 37.54413986 -17.69629860 1.04525650
v 37.74469757 -17.80088615 1.48779976
v 37.29227448 -17.47234917 0.71776515
v 37.58644104 -17.67246819 1.08020914
v 37.76445770 -17.76567841 1.53194880
v 37.34710693 -17.46038818 0.73848385
v 37.62546539 -17.64692307 1.11767614
v 37.77994156 -17.72964859 1.57712877
v 37.05978394 -17.16844749 0.49717119
v 37.00000000 -17.16941833 0.49515575
v 37.00000000 -16.82670593 0.34563136
v 37.40000153 -17.44640923 0.76269341
v 37.66099167 -17.61980820 1.15744770
v 37.79106522 -17.69299889 1.62308717
v 37.11923218 -17.16554260 0.50320619
v 37.45065689 -17.43049622 0.79025841
v 37.69282150 -17.59127235 1.19930172
v 37.79776382 -17.65593147 1.66956675
v 37.17801666 -17.16071510 0.51322711
v 37.49879074 -17.41273308 0.82102466
v 37.72077560 -17.56147575 1.24300396
v 37.23580551 -17.15399742 0.52717775
v 37.54413986 -17.39322090 0.85482019
v 37.74469757 -17.53058815 1.28831017
v 37.29227448 -17.14542389 0.54498023
v 37.58644104 -17.37206841 0.89145589
v 37.76445770 -17.49877739 1.33496678
v 37.34710693 -17.13504410 0.56653494
v 37.62546539 -17.34939575 0.93072701
v 37.77994156 -17.46622467 1.38271296
v 37.05978394 -16.82588768 0.34771368
v 37.40000153 -17.12291527 0.59172130
v 37.66099167 -17.32532883 0.97241384
v 37.79106522 -17.43311119 1.43128169
v 37.11923218 -16.82344055 0.35394904
v 37.45065689 -17.10910416 0.62039852
v 37.69282150 -17.29999924 1.01628327
v 37.79776382 -17.39962196 1.48040128
v 37.17801666 -16.81937790 0.36430252
v 37.49879074 -17.09369087 0.65240622
v 37.72077560 -17.27355385 1.06208992
v 37.23580551 -16.81372070 0.37871623
v 37.54413986 -17.07675934 0.68756533
v 37.74469757 -17.24613571 1.10957778
v 37.29227448 -16.80650139 0.39710960
v 37.58644104 -17.05840492 0.72567928
v 37.76445770 -17.21790123 1.15848100
v 37.34710693 -16.79776192 0.41937974
v 37.62546539 -17.03872871 0.76653492
v 37.77994156 -17.18900871 1.20852637
v 37.05978394 -16.47311592 0.22427365
v 37.00000000 -16.47377586 0.22213607
v 37.40000153 -16.78754807 0.44540212
v 37.66099167 -17.01784325 0.80990380
v 37.79106522 -17.15961647 1.25943387
v 37.11923218 -16.47114182 0.23067443
v 37.45065689 -16.77591896 0.47503117
v 37.69282150 -16.99586487 0.85554332
v 37.79776382 -17.12989235 1.31091893
v 37.17801666 -16.46786308 0.24130264
v 37.49879074 -16.76293945 0.50810122
v 37.72077560 -16.97291565 0.90319824
v 37.23580551 -16.46330070 0.25609881
v 37.54413986 -16.74868393 0.54442734
v 37.74469757 -16.94912338 0.95260215
v 37.29227448 -16.45747566 0.27498022
v 37.58644104 -16.73322868 0.58380640
v 37.76445770 -16.92462349 1.00347865
v 37.34710693 -16.45042419 0.29784125
v 37.62546539 -16.71666145 0.62601811
v 37.77994156 -16.89954948 1.05554330
v 37.05978394 -16.11210632 0.12754142
v 37.00000000 -16.11260414 0.12536053
v 37.40000153 -16.44218445 0.32455406
v 37.66099167 -16.69907570 0.67082649
v 37.79106522 -16.87404442 1.10850489
v 37.11923218 -16.11061668 0.13407186
v 37.45065689 -16.43280220 0.35496926
v 37.69282150 -16.68056870 0.71798086
v 37.79776382 -16.84825134 1.16206729
v 37.17801666 -16.10814095 0.14491533
v 37.49879074 -16.42233086 0.38891679
v 37.72077560 -16.66124535 0.76721758
v 37.23580551 -16.10469627 0.16001119
v 37.54413986 -16.41082764 0.42620677
v 37.74469757 -16.64121246 0.81826127
v 37.29227448 -16.10029984 0.17927504
v 37.58644104 -16.39835930 0.46663067
v 37.76445770 -16.62058067 0.87082648
v 37.34710693 -16.09497452 0.20259911
v 37.62546539 -16.38499260 0.50996238
v 37.77994156 -16.59946823 0.92461926
v 37.05978394 -15.74487782 0.05805795
v 37.00000000 -15.74521160 0.05584597
v 37.40000153 -16.08875465 0.22985300
v 37.66099167 -16.37080574 0.55595964
v 37.79106522 -16.57799339 0.97933871
v 37.11923218 -15.74387932 0.06468151
v 37.45065689 -16.08167267 0.26088428
v 37.69282150 -16.35587311 0.60436517
v 37.79776382 -16.55627441 1.03467894
v 37.17801666 -15.74222183 0.07567962
v 37.49879074 -16.07376671 0.29551941
v 37.72077560 -16.34028244 0.65490830
v 37.23580551 -15.73991394 0.09099075
v 37.54413986 -16.06508255 0.33356470
v 37.74469757 -16.32412148 0.70730639
v 37.29227448 -15.73696899 0.11052930
v 37.58644104 -16.05566978 0.37480736
v 37.76445770 -16.30747604 0.76126629
v 37.34710693 -15.73340321 0.13418600
v 37.62546539 -16.04557991 0.41901678
v 37.77994156 -16.29044342 0.81648636
v 37.05978394 -15.37348366 0.01621182
v 37.00000000 -15.37365055 0.01398111
v 37.00000000 -15.00000000 0.00000010
v 37.05978394 -15.00000000 0.00223706
v 37.40000153 -15.72923660 0.16182853
v 37.66099167 -16.03486824 0.46594572
v 37.79106522 -16.27311707 0.87265772
v 37.11923218 -15.37298298 0.02289147
v 37.11923218 -15.00000000 0.00893544
v 37.17801666 -15.00000000 0.02005777
v 37.45065689 -15.72449303 0.19330233
v 37.69282150 -16.02359581 0.51533169
v 37.79776382 -16.25559425 0.92946631
v 37.17801666 -15.37215137 0.03398270
v 37.49879074 -15.71919823 0.22843137
v 37.72077560 -16.01182556 0.56689858
v 37.23580551 -15.37099457 0.04942349
v 37.23580551 -15.00000000 0.03554185
v 37.54413986 -15.71338177 0.26701921
v 37.74469757 -15.99962521 0.62035793
v 37.29227448 -15.36951828 0.06912749
v 37.29227448 -15.00000000 0.05530110
v 37.58644104 -15.70707703 0.30885002
v 37.76445770 -15.98705959 0.67541081
v 37.34710693 -15.36773014 0.09298449
v 37.34710693 -15.00000000 0.07922500
v 37.62546539 -15.70031834 0.35368988
v 37.77994156 -15.97420025 0.73174936
v 37.40000153 -15.36564064 0.12086110
v 37.40000153 -15.00000000 0.10717978
v 37.66099167 -15.69314384 0.40128803
v 37.79106522 -15.96111965 0.78905851
v 37.45065689 -15.36326218 0.15260139
v 37.45065689 -15.00000000 0.13900907
v 37.69282150 -15.68559456 0.45137829
v 37.79776382 -15.94789124 0.84701771
v 37.49879074 -15.36060715 0.18802789
v 37.49879074 -15.00000000 0.17453492
v 37.72077560 -15.67771149 0.50368053
v 37.54413986 -15.35769081 0.22694246
v 37.54413986 -15.00000000 0.21355860
v 37.74469757 -15.66953850 0.55790228
v 37.58644104 -15.35453033 0.26912749
v 37.58644104 -15.00000000 0.25586191
v 37.76445770 -15.66112232 0.61374021
v 37.62546539 -15.35114098 0.31434703
v 37.62546539 -15.00000000 0.30120826
v 37.77994156 -15.65250969 0.67088217
v 37.66099167 -15.34754372 0.36234823
v 37.66099167 -15.00000000 0.34934404
v 37.79106522 -15.64374828 0.72900856
v 37.69282150 -15.34375858 0.41286263
v 37.69282150 -15.00000000 0.40000010
v 37.79776382 -15.63488770 0.78779429
v 37.72077560 -15.33980560 0.46560773
v 37.72077560 -15.00000000 0.45289311
v 37.74469757 -15.33570766 0.52028859
v 37.74469757 -15.00000000 0.50772727
v 37.76445770 -15.00000000 0.56419593
v 37.76445770 -15.33148766 0.57659936
v 37.77994156 -15.32716942 0.63422519
v 37.77994156 -15.00000000 0.62198335
v 37.79106522 -15.32277679 0.69284374
v 37.79106522 -15.00000000 0.68076628
v 37.79776382 -15.31833363 0.75212723
v 37.79776382 -15.00000000 0.74021602
v 30.86374283 -15.17827606 0.00317934
v 30.96232605 -15.00000000 0.00000010
v 30.76271629 -15.35414410 0.01255770
v 30.60000038 -15.62217617 0.03886145
v 30.60000038 -15.97893810 0.09676846
v 30.60000038 -16.33058357 0.18029627
v 30.60000038 -16.67527771 0.28900841
v 30.60000038 -17.01121902 0.42233682
v 30.60000038 -17.33664894 0.57958484
v 30.60000038 -17.64986992 0.75993073
v 30.60000038 -17.94924545 0.96243227
v 30.60000038 -18.23320961 1.18603122
v 30.60000038 -18.50027847 1.42955923
v 30.60000038 -18.74905777 1.69174385
v 30.60000038 -18.97824860 1.97121501
v 30.60000038 -19.18665123 2.26651239
v 30.60000038 -19.37317657 2.57609320
v 30.60000038 -19.53685188 2.89833951
v 30.60000038 -19.67682076 3.23156762
v 30.60000038 -19.79235077 3.57403636
v 30.60000038 -19.88284111 3.92395592
v 30.60000038 -19.94781494 4.27949858
v 30.60000038 -19.98693657 4.63880539
v 30.54021645 -19.99776268 5.00000000
v 30.54021645 -19.99776268 9.00000000
v 30.48076630 -19.99106407 5.00000000
v 30.48076630 -19.99106407 9.00000000
v 30.42198372 -19.97994232 5.00000000
v 30.42198372 -19.97994232 9.00000000
v 30.36419678 -19.96445847 5.00000000
v 30.36419678 -19.96445847 9.00000000
v 30.30772781 -19.94469833 5.00000000
v 30.30772781 -19.94469833 9.00000000
v 30.25289345 -19.92077446 5.00000000
v 30.25289345 -19.92077446 9.00000000
v 30.20000076 -19.89282036 5.00000000
v 30.20000076 -19.89282036 9.00000000
v 30.14934349 -19.86099052 5.00000000
v 30.14934349 -19.86099052 9.00000000
v 30.10120773 -19.82546425 5.00000000
v 30.10120773 -19.82546425 9.00000000
v 30.05586243 -19.78644180 5.00000000
v 30.05586243 -19.78644180 9.00000000
v 30.01355934 -19.74413872 5.00000000
v 30.01355934 -19.74413872 9.00000000
v 29.97453499 -19.69879150 9.00000000
v 29.97453499 -19.69879150 5.00000000
v 29.93900871 -19.65065575 5.00000000
v 29.93900871 -19.65065575 9.00000000
v 29.90717888 -19.60000038 5.00000000
v 29.90717888 -19.60000038 9.00000000
v 29.87922478 -19.54710770 5.00000000
v 29.87922478 -19.54710770 9.00000000
v 29.85530090 -19.49227333 9.00000000
v 29.85530090 -19.49227333 5.00000000
v 29.83554268 -19.43580437 5.00000000
v 29.83554268 -19.43580437 9.00000000
v 29.82005692 -19.37801743 5.00000000
v 29.82005692 -19.37801743 9.00000000
v 29.80893517 -19.31923294 5.00000000
v 29.80893517 -19.31923294 9.00000000
v 29.80223656 -19.25978470 5.00000000
v 29.80223656 -19.25978470 9.00000000
v 29.79999924 -19.20000076 5.00000000
v 29.79999924 -19.20000076 9.00000000
v 30.60000038 -15.37365055 13.98601913
v 30.60000038 -15.00000000 14.00000000
v 30.60000038 -15.74521160 13.94415379
v 30.60000038 -16.11260414 13.87463951
v 30.60000038 -16.47377586 13.77786446
v 30.60000038 -16.82670593 13.65436840
v 30.60000038 -17.16941833 13.50484467
v 30.60000038 -17.50000000 13.33012676
v 30.60000038 -17.81660080 13.13119411
v 30.60000038 -18.11744881 12.90915775
v 30.60000038 -18.40086365 12.66525936
v 30.60000038 -18.66525841 12.40086365
v 30.60000038 -18.90915680 12.11744881
v 30.60000038 -19.13119316 11.81660080
v 30.60000038 -19.33012772 11.50000000
v 30.60000038 -19.50484467 11.16941833
v 30.60000038 -19.65436935 10.82670498
v 30.60000038 -19.77786446 10.47377586
v 30.60000038 -19.87463951 10.11260509
v 30.60000038 -19.94415474 9.74521160
v 30.60000038 -19.98601913 9.37365055
v 37.00000000 15.00000000 14.00000000
v 37.05978394 15.00000000 13.99776268
v 37.17801666 15.00000000 13.97994232
v 37.11923218 15.00000000 13.99106503
v 37.29227448 15.00000000 13.94469929
v 37.23580551 15.00000000 13.96445847
v 37.40000153 15.00000000 13.89282036
v 37.34710693 15.00000000 13.92077541
v 37.45065689 15.00000000 13.86099148
v 37.54413986 15.00000000 13.78644180
v 37.49879074 15.00000000 13.82546520
v 37.58644104 15.00000000 13.74413872
v 37.66099167 15.00000000 13.65065575
v 37.62546539 15.00000000 13.69879150
v 37.69282150 15.00000000 13.60000038
v 37.72077560 15.00000000 13.54710674
v 37.74469757 15.00000000 13.49227333
v 37.77994156 15.00000000 13.37801647
v 37.76445770 15.00000000 13.43580437
v 37.79106522 15.00000000 13.31923389
v 37.79776382 15.00000000 13.25978374
v 37.05978394 15.00000000 0.00223706
v 37.00000000 15.00000000 0.00000010
v 37.11923218 15.00000000 0.00893544
v 37.17801666 15.00000000 0.02005777
v 37.23580551 15.00000000 0.03554185
v 37.29227448 15.00000000 0.05530110
v 37.34710693 15.00000000 0.07922500
v 37.40000153 15.00000000 0.10717978
v 37.45065689 15.00000000 0.13900907
v 37.49879074 15.00000000 0.17453492
v 37.54413986 15.00000000 0.21355860
v 37.58644104 15.00000000 0.25586191
v 37.62546539 15.00000000 0.30120826
v 37.66099167 15.00000000 0.34934404
v 37.69282150 15.00000000 0.40000010
v 37.72077560 15.00000000 0.45289311
v 37.74469757 15.00000000 0.50772727
v 37.76445770 15.00000000 0.56419593
v 37.77994156 15.00000000 0.62198335
v 37.79106522 15.00000000 0.68076628
v 37.79776382 15.00000000 0.74021602
v 37.05978394 15.37348366 0.01621182
v 37.00000000 15.37365055 0.01398111
v 37.11923218 15.37298298 0.02289147
v 37.17801666 15.37215137 0.03398270
v 37.23580551 15.37099457 0.04942349
v 37.29227448 15.36951828 0.06912749
v 37.34710693 15.36773014 0.09298449
v 37.05978394 15.74487782 0.05805795
v 37.00000000 15.74521160 0.05584597
v 37.40000153 15.36564064 0.12086110
v 37.11923218 15.74387932 0.06468151
v 37.45065689 15.36326218 0.15260139
v 37.17801666 15.74222183 0.07567962
v 37.49879074 15.36060715 0.18802789
v 37.23580551 15.73991394 0.09099075
v 37.54413986 15.35769081 0.22694246
v 37.29227448 15.73696899 0.11052930
v 37.58644104 15.35453033 0.26912749
v 37.34710693 15.73340321 0.13418600
v 37.62546539 15.35114098 0.31434703
v 37.05978394 16.11210632 0.12754142
v 37.00000000 16.11260414 0.12536053
v 37.40000153 15.72923660 0.16182853
v 37.66099167 15.34754372 0.36234823
v 37.11923218 16.11061668 0.13407186
v 37.45065689 15.72449303 0.19330233
v 37.69282150 15.34375858 0.41286263
v 37.17801666 16.10814095 0.14491533
v 37.49879074 15.71919823 0.22843137
v 37.72077560 15.33980560 0.46560773
v 37.23580551 16.10469627 0.16001119
v 37.54413986 15.71338177 0.26701921
v 37.74469757 15.33570766 0.52028859
v 37.29227448 16.10029984 0.17927504
v 37.58644104 15.70707703 0.30885002
v 37.76445770 15.33148766 0.57659936
v 37.34710693 16.09497452 0.20259911
v 37.62546539 15.70031834 0.35368988
v 37.77994156 15.32716942 0.63422519
v 37.05978394 16.47311592 0.22427365
v 37.00000000 16.47377586 0.22213607
v 37.40000153 16.08875465 0.22985300
v 37.66099167 15.69314384 0.40128803
v 37.79106522 15.32277679 0.69284374
v 37.11923218 16.47114182 0.23067443
v 37.45065689 16.08167267 0.26088428
v 37.69282150 15.68559456 0.45137829
v 37.79776382 15.31833363 0.75212723
v 37.17801666 16.46786308 0.24130264
v 37.49879074 16.07376671 0.29551941
v 37.72077560 15.67771149 0.50368053
v 37.23580551 16.46330070 0.25609881
v 37.54413986 16.06508255 0.33356470
v 37.74469757 15.66953850 0.55790228
v 37.29227448 16.45747566 0.27498022
v 37.58644104 16.05566978 0.37480736
v 37.76445770 15.66112232 0.61374021
v 37.34710693 16.45042419 0.29784125
v 37.62546539 16.04557991 0.41901678
v 37.77994156 15.65250969 0.67088217
v 37.05978394 16.82588768 0.34771368
v 37.00000000 16.82670593 0.34563136
v 37.40000153 16.44218445 0.32455406
v 37.66099167 16.03486824 0.46594572
v 37.79106522 15.64374828 0.72900856
v 37.11923218 16.82344055 0.35394904
v 37.45065689 16.43280220 0.35496926
v 37.69282150 16.02359581 0.51533169
v 37.79776382 15.63488770 0.78779429
v 37.17801666 16.81937790 0.36430252
v 37.49879074 16.42233086 0.38891679
v 37.72077560 16.01182556 0.56689858
v 37.23580551 16.81372070 0.37871623
v 37.54413986 16.41082764 0.42620677
v 37.74469757 15.99962521 0.62035793
v 37.29227448 16.80650139 0.39710960
v 37.58644104 16.39835930 0.46663067
v 37.76445770 15.98705959 0.67541081
v 37.34710693 16.79776192 0.41937974
v 37.62546539 16.38499260 0.50996238
v 37.77994156 15.97420025 0.73174936
v 37.05978394 17.16844749 0.49717119
v 37.00000000 17.16941833 0.49515575
v 37.00000000 17.50000000 0.66987306
v 37.40000153 16.78754807 0.44540212
v 37.66099167 16.37080574 0.55595964
v 37.79106522 15.96111965 0.78905851
v 37.11923218 17.16554260 0.50320619
v 37.45065689 16.77591896 0.47503117
v 37.69282150 16.35587311 0.60436517
v 37.79776382 15.94789124 0.84701771
v 37.17801666 17.16071510 0.51322711
v 37.49879074 16.76293945 0.50810122
v 37.72077560 16.34028244 0.65490830
v 37.23580551 17.15399742 0.52717775
v 37.54413986 16.74868393 0.54442734
v 37.74469757 16.32412148 0.70730639
v 37.29227448 17.14542389 0.54498023
v 37.58644104 16.73322868 0.58380640
v 37.76445770 16.30747604 0.76126629
v 37.34710693 17.13504410 0.56653494
v 37.62546539 16.71666145 0.62601811
v 37.77994156 16.29044342 0.81648636
v 37.05978394 17.49888229 0.67181033
v 37.40000153 17.12291527 0.59172130
v 37.66099167 16.69907570 0.67082649
v 37.79106522 16.27311707 0.87265772
v 37.11923218 17.49553299 0.67761129
v 37.45065689 17.10910416 0.62039852
v 37.69282150 16.68056870 0.71798086
v 37.79776382 16.25559425 0.92946631
v 37.17801666 17.48997116 0.68724352
v 37.49879074 17.09369087 0.65240622
v 37.72077560 16.66124535 0.76721758
v 37.23580551 17.48222923 0.70065314
v 37.54413986 17.07675934 0.68756533
v 37.74469757 16.64121246 0.81826127
v 37.29227448 17.47234917 0.71776515
v 37.58644104 17.05840492 0.72567928
v 37.76445770 16.62058067 0.87082648
v 37.34710693 17.46038818 0.73848385
v 37.62546539 17.03872871 0.76653492
v 37.77994156 16.59946823 0.92461926
v 37.05978394 17.81534004 0.87065446
v 37.00000000 17.81660080 0.86880624
v 37.00000000 18.11744881 1.09084272
v 37.40000153 17.44640923 0.76269341
v 37.66099167 17.01784325 0.80990380
v 37.79106522 16.57799339 0.97933871
v 37.11923218 17.81156731 0.87618893
v 37.45065689 17.43049622 0.79025841
v 37.69282150 16.99586487 0.85554332
v 37.79776382 16.55627441 1.03467894
v 37.17801666 17.80530167 0.88537866
v 37.49879074 17.41273308 0.82102466
v 37.72077560 16.97291565 0.90319824
v 37.23580551 17.79657936 0.89817220
v 37.54413986 17.39322090 0.85482019
v 37.74469757 16.94912338 0.95260215
v 37.29227448 17.78544807 0.91449803
v 37.58644104 17.37206841 0.89145589
v 37.76445770 16.92462349 1.00347865
v 37.34710693 17.77197075 0.93426490
v 37.62546539 17.34939575 0.93072701
v 37.77994156 16.89954948 1.05554330
v 37.05978394 18.11605453 1.09259164
v 37.40000153 17.75622368 0.95736223
v 37.66099167 17.32532883 0.97241384
v 37.79106522 16.87404442 1.10850489
v 37.11923218 18.11187744 1.09782863
v 37.45065689 17.73829460 0.98366082
v 37.69282150 17.29999924 1.01628327
v 37.79776382 16.84825134 1.16206729
v 37.17801666 18.10494232 1.10652435
v 37.49879074 17.71828079 1.01301360
v 37.72077560 17.27355385 1.06208992
v 37.23580551 18.09528923 1.11863041
v 37.54413986 17.69629860 1.04525650
v 37.74469757 17.24613571 1.10957778
v 37.29227448 18.08296967 1.13407874
v 37.58644104 17.67246819 1.08020914
v 37.76445770 17.21790123 1.15848100
v 37.34710693 18.06805229 1.15278316
v 37.62546539 17.64692307 1.11767614
v 37.77994156 17.18900871 1.20852637
v 37.05978394 18.39934158 1.33638060
v 37.00000000 18.40086365 1.33474076
v 37.40000153 18.05062294 1.17463911
v 37.66099167 17.61980820 1.15744770
v 37.79106522 17.15961647 1.25943387
v 37.11923218 18.39478683 1.34129083
v 37.45065689 18.03077888 1.19952428
v 37.69282150 17.59127235 1.19930172
v 37.79776382 17.12989235 1.31091893
v 37.17801666 18.38722038 1.34944403
v 37.49879074 18.00862885 1.22729945
v 37.72077560 17.56147575 1.24300396
v 37.23580551 18.37668991 1.36079466
v 37.54413986 17.98429680 1.25780940
v 37.74469757 17.53058815 1.28831017
v 37.29227448 18.36324883 1.37527919
v 37.58644104 17.95792198 1.29088354
v 37.76445770 17.49877739 1.33496678
v 37.34710693 18.34697723 1.39281666
v 37.62546539 17.92964935 1.32633674
v 37.77994156 17.46622467 1.38271296
v 37.05978394 18.66362000 1.60065794
v 37.00000000 18.66525841 1.59913635
v 37.40000153 18.32796288 1.41330898
v 37.66099167 17.89963722 1.36397076
v 37.79106522 17.43311119 1.43128169
v 37.11923218 18.65870857 1.60521400
v 37.45065689 18.30631447 1.43664157
v 37.69282150 17.86805344 1.40357530
v 37.79776382 17.39962196 1.48040128
v 37.17801666 18.65055656 1.61277914
v 37.49879074 18.28215027 1.46268380
v 37.72077560 17.83507538 1.44492865
v 37.23580551 18.63920593 1.62331092
v 37.54413986 18.25560760 1.49129021
v 37.74469757 17.80088615 1.48779976
v 37.29227448 18.62472153 1.63675070
v 37.58644104 18.22683334 1.52230072
v 37.76445770 17.76567841 1.53194880
v 37.34710693 18.60718346 1.65302300
v 37.62546539 18.19598961 1.55554199
v 37.77994156 17.72964859 1.57712877
v 37.05978394 18.90740776 1.88394582
v 37.00000000 18.90915680 1.88255107
v 37.00000000 19.13119316 2.18339992
v 37.40000153 18.58669090 1.67203712
v 37.66099167 18.16324997 1.59082794
v 37.79106522 17.69299889 1.62308717
v 37.11923218 18.90217209 1.88812220
v 37.45065689 18.56335831 1.69368649
v 37.69282150 18.12879372 1.62796152
v 37.79776382 17.65593147 1.66956675
v 37.17801666 18.89347649 1.89505684
v 37.49879074 18.53731537 1.71785021
v 37.72077560 18.09281731 1.66673481
v 37.23580551 18.88137054 1.90471101
v 37.54413986 18.50870895 1.74439311
v 37.74469757 18.05552101 1.70693111
v 37.29227448 18.86592102 1.91703069
v 37.58644104 18.47769928 1.77316666
v 37.76445770 18.01711273 1.74832559
v 37.34710693 18.84721756 1.93194699
v 37.62546539 18.44445801 1.80401003
v 37.77994156 17.97780800 1.79068673
v 37.05978394 19.12934494 2.18465996
v 37.40000153 18.82536125 1.94937658
v 37.66099167 18.40917206 1.83675063
v 37.79106522 17.93782425 1.83377767
v 37.11923218 19.12381172 2.18843317
v 37.45065689 18.80047607 1.96922183
v 37.69282150 18.37203789 1.87120545
v 37.79776382 17.89738846 1.87735736
v 37.17801666 19.11462212 2.19469881
v 37.49879074 18.77270126 1.99137175
v 37.72077560 18.33326530 1.90718186
v 37.23580551 19.10182762 2.20342112
v 37.54413986 18.74219131 2.01570272
v 37.74469757 18.29306984 1.94447863
v 37.29227448 19.08550262 2.21455193
v 37.58644104 18.70911598 2.04207826
v 37.76445770 18.25167465 1.98288703
v 37.34710693 19.06573486 2.22802877
v 37.62546539 18.67366409 2.07035136
v 37.77994156 18.20931244 2.02219248
v 37.05978394 19.32818985 2.50111866
v 37.00000000 19.33012772 2.50000000
v 37.40000153 19.04263878 2.24377632
v 37.66099167 18.63603020 2.10036349
v 37.79106522 18.16622162 2.06217504
v 37.11923218 19.32238960 2.50446773
v 37.45065689 19.01633835 2.26170635
v 37.69282150 18.59642410 2.13194704
v 37.79776382 18.12264252 2.10261106
v 37.17801666 19.31275749 2.51002884
v 37.49879074 18.98698616 2.28171873
v 37.72077560 18.55507088 2.16492534
v 37.23580551 19.29934692 2.51777101
v 37.54413986 18.95474434 2.30370164
v 37.74469757 18.51219940 2.19911385
v 37.29227448 19.28223419 2.52765059
v 37.58644104 18.91979027 2.32753181
v 37.76445770 18.46805191 2.23432136
v 37.34710693 19.26151657 2.53961253
v 37.62546539 18.88232422 2.35307646
v 37.77994156 18.42287064 2.27035141
v 37.05978394 19.50282860 2.83155203
v 37.00000000 19.50484467 2.83058143
v 37.40000153 19.23730659 2.55358982
v 37.66099167 18.84255219 2.38019228
v 37.79106522 18.37691307 2.30700183
v 37.11923218 19.49679375 2.83445835
v 37.45065689 19.20974159 2.56950450
v 37.69282150 18.80069923 2.40872788
v 37.79776382 18.33043289 2.34406829
v 37.17801666 19.48677254 2.83928418
v 37.49879074 19.17897606 2.58726740
v 37.72077560 18.75699615 2.43852353
v 37.23580551 19.47282219 2.84600234
v 37.54413986 19.14517975 2.60677934
v 37.74469757 18.71169090 2.46941280
v 37.29227448 19.45501900 2.85457563
v 37.58644104 19.10854340 2.62793112
v 37.76445770 18.66503334 2.50122261
v 37.34710693 19.43346596 2.86495590
v 37.62546539 19.06927299 2.65060425
v 37.77994156 18.61728668 2.53377557
v 37.05978394 19.65228653 3.17411232
v 37.00000000 19.65436935 3.17329502
v 37.00000000 19.77786446 3.52622414
v 37.40000153 19.40827942 2.87708497
v 37.66099167 19.02758598 2.67467213
v 37.79106522 18.56871796 2.56688905
v 37.11923218 19.64605141 3.17655945
v 37.45065689 19.37960243 2.89089513
v 37.69282150 18.98371696 2.70000005
v 37.79776382 18.51959801 2.60037827
v 37.17801666 19.63569832 3.18062282
v 37.49879074 19.34759331 2.90630913
v 37.72077560 18.93791008 2.72644663
v 37.23580551 19.62128448 3.18627977
v 37.54413986 19.31243515 2.92324090
v 37.74469757 18.89042282 2.75386357
v 37.29227448 19.60289001 3.19349861
v 37.58644104 19.27432060 2.94159579
v 37.76445770 18.84151840 2.78209805
v 37.34710693 19.58061981 3.20223904
v 37.62546539 19.23346519 2.96127081
v 37.77994156 18.79147339 2.81099176
v 37.05978394 19.77572632 3.52688360
v 37.40000153 19.55459785 3.21245217
v 37.66099167 19.19009590 2.98215604
v 37.79106522 18.74056625 2.84038329
v 37.11923218 19.76932526 3.52885795
v 37.45065689 19.52496910 3.22408056
v 37.69282150 19.14445686 3.00413489
v 37.79776382 18.68908119 2.87010813
v 37.17801666 19.75869751 3.53213644
v 37.49879074 19.49189949 3.23705959
v 37.72077560 19.09680176 3.02708435
v 37.23580551 19.74390221 3.53670025
v 37.54413986 19.45557213 3.25131655
v 37.74469757 19.04739761 3.05087590
v 37.29227448 19.72501945 3.54252458
v 37.58644104 19.41619301 3.26677179
v 37.76445770 18.99652100 3.07537675
v 37.34710693 19.70215797 3.54957628
v 37.62546539 19.37398148 3.28333879
v 37.77994156 18.94445610 3.10044980
v 37.05978394 19.87245941 3.88789320
v 37.00000000 19.87463951 3.88739538
v 37.40000153 19.67544556 3.55781603
v 37.66099167 19.32917404 3.30092454
v 37.79106522 18.89149475 3.12595487
v 37.11923218 19.86592865 3.88938379
v 37.45065689 19.64503098 3.56719780
v 37.69282150 19.28201866 3.31943130
v 37.79776382 18.83793259 3.15174913
v 37.17801666 19.85508537 3.89185858
v 37.49879074 19.61108398 3.57766938
v 37.72077560 19.23278236 3.33875537
v 37.23580551 19.83998871 3.89530420
v 37.54413986 19.57379341 3.58917165
v 37.74469757 19.18173790 3.35878849
v 37.29227448 19.82072449 3.89970112
v 37.58644104 19.53336906 3.60164070
v 37.76445770 19.12917328 3.37941885
v 37.34710693 19.79740143 3.90502453
v 37.62546539 19.49003792 3.61500692
v 37.77994156 19.07538033 3.40053105
v 37.05978394 19.94194221 4.25512218
v 37.00000000 19.94415474 4.25478888
v 37.40000153 19.77014732 3.91124511
v 37.66099167 19.44404030 3.62919521
v 37.79106522 19.02066231 3.42200685
v 37.11923218 19.93531799 4.25612068
v 37.45065689 19.73911667 3.91832781
v 37.69282150 19.39563560 3.64412642
v 37.79776382 18.96532059 3.44372630
v 37.17801666 19.92432022 4.25777817
v 37.49879074 19.70448112 3.92623305
v 37.72077560 19.34509087 3.65971684
v 37.23580551 19.90900993 4.26008606
v 37.54413986 19.66643524 3.93491673
v 37.74469757 19.29269409 3.67587948
v 37.29227448 19.88947105 4.26303101
v 37.58644104 19.62519264 3.94432998
v 37.76445770 19.23873329 3.69252396
v 37.34710693 19.86581421 4.26659679
v 37.62546539 19.58098412 3.95442057
v 37.77994156 19.18351364 3.70955706
v 37.05978394 19.98378754 4.62651682
v 37.00000000 19.98601913 4.62634945
v 37.00000000 20.00000000 5.00000000
v 37.05978394 19.99776268 5.00000000
v 37.40000153 19.83817101 4.27076292
v 37.66099167 19.53405380 3.96513176
v 37.79106522 19.12734222 3.72688365
v 37.11923218 19.97710800 4.62701750
v 37.11923218 19.99106407 5.00000000
v 37.45065689 19.80669785 4.27550697
v 37.69282150 19.48466873 3.97640371
v 37.79776382 19.07053375 3.74440670
v 37.17801666 19.96601677 4.62784863
v 37.17801666 19.97994232 5.00000000
v 37.49879074 19.77156830 4.28080177
v 37.72077560 19.43310165 3.98817372
v 37.23580551 19.95057678 4.62900591
v 37.23580551 19.96445847 5.00000000
v 37.29227448 19.94469833 5.00000000
v 37.54413986 19.73298073 4.28661823
v 37.74469757 19.37964249 4.00037527
v 37.29227448 19.93087196 4.63048220
v 37.34710693 19.92077446 5.00000000
v 37.58644104 19.69115067 4.29292297
v 37.76445770 19.32458878 4.01294088
v 37.34710693 19.90701485 4.63227034
v 37.62546539 19.64631081 4.29968166
v 37.77994156 19.26825142 4.02579975
v 37.40000153 19.87913895 4.63435936
v 37.40000153 19.89282036 5.00000000
v 37.45065689 19.86099052 5.00000000
v 37.66099167 19.59871292 4.30685568
v 37.79106522 19.21094131 4.03888035
v 37.45065689 19.84739876 4.63673782
v 37.69282150 19.54862213 4.31440544
v 37.79776382 19.15298271 4.05210876
v 37.49879074 19.81197166 4.63939285
v 37.49879074 19.82546425 5.00000000
v 37.72077560 19.49631882 4.32228899
v 37.54413986 19.77305794 4.64230871
v 37.54413986 19.78644180 5.00000000
v 37.58644104 19.74413872 5.00000000
v 37.74469757 19.44209862 4.33046150
v 37.58644104 19.73087311 4.64547014
v 37.76445770 19.38625908 4.33887768
v 37.62546539 19.68565369 4.64885902
v 37.62546539 19.69879150 5.00000000
v 37.66099167 19.65065575 5.00000000
v 37.77994156 19.32911873 4.34749079
v 37.66099167 19.63765144 4.65245628
v 37.79106522 19.27099228 4.35625172
v 37.69282150 19.58713722 4.65624189
v 37.69282150 19.60000038 5.00000000
v 37.79776382 19.21220589 4.36511230
v 37.72077560 19.53439331 4.66019440
v 37.72077560 19.54710770 5.00000000
v 37.74469757 19.47971153 4.66429234
v 37.74469757 19.49227333 5.00000000
v 37.76445770 19.43580437 5.00000000
v 37.76445770 19.42340088 4.66851187
v 37.77994156 19.36577415 4.67283058
v 37.77994156 19.37801743 5.00000000
v 37.79106522 19.30715561 4.67722321
v 37.79106522 19.31923294 5.00000000
v 37.79776382 19.24787331 4.68166590
v 37.79776382 19.25978470 5.00000000
v 37.05978394 19.99776268 9.00000000
v 37.00000000 20.00000000 9.00000000
v 37.11923218 19.99106407 9.00000000
v 37.17801666 19.97994232 9.00000000
v 37.23580551 19.96445847 9.00000000
v 37.29227448 19.94469833 9.00000000
v 37.34710693 19.92077446 9.00000000
v 37.40000153 19.89282036 9.00000000
v 37.45065689 19.86099052 9.00000000
v 37.49879074 19.82546425 9.00000000
v 37.54413986 19.78644180 9.00000000
v 37.58644104 19.74413872 9.00000000
v 37.62546539 19.69879150 9.00000000
v 37.66099167 19.65065575 9.00000000
v 37.69282150 19.60000038 9.00000000
v 37.72077560 19.54710770 9.00000000
v 37.74469757 19.49227333 9.00000000
v 37.76445770 19.43580437 9.00000000
v 37.77994156 19.37801743 9.00000000
v 37.79106522 19.31923294 9.00000000
v 37.79776382 19.25978470 9.00000000
v 37.05978394 19.98378754 9.37348366
v 37.00000000 19.98601913 9.37365055
v 37.11923218 19.97710800 9.37298298
v 37.17801666 19.96601677 9.37215137
v 37.23580551 19.95057678 9.37099457
v 37.29227448 19.93087196 9.36951828
v 37.34710693 19.90701485 9.36773014
v 37.05978394 19.94194221 9.74487782
v 37.00000000 19.94415474 9.74521160
v 37.40000153 19.87913895 9.36564064
v 37.11923218 19.93531799 9.74387932
v 37.45065689 19.84739876 9.36326218
v 37.17801666 19.92432022 9.74222183
v 37.49879074 19.81197166 9.36060715
v 37.23580551 19.90900993 9.73991394
v 37.54413986 19.77305794 9.35769176
v 37.29227448 19.88947105 9.73696899
v 37.58644104 19.73087311 9.35453033
v 37.34710693 19.86581421 9.73340321
v 37.62546539 19.68565369 9.35114098
v 37.05978394 19.87245941 10.11210728
v 37.00000000 19.87463951 10.11260509
v 37.40000153 19.83817101 9.72923756
v 37.66099167 19.63765144 9.34754372
v 37.11923218 19.86592865 10.11061668
v 37.45065689 19.80669785 9.72449303
v 37.69282150 19.58713722 9.34375858
v 37.17801666 19.85508537 10.10814190
v 37.49879074 19.77156830 9.71919823
v 37.72077560 19.53439331 9.33980560
v 37.23580551 19.83998871 10.10469627
v 37.54413986 19.73298073 9.71338177
v 37.74469757 19.47971153 9.33570766
v 37.29227448 19.82072449 10.10029888
v 37.58644104 19.69115067 9.70707703
v 37.76445770 19.42340088 9.33148861
v 37.34710693 19.79740143 10.09497547
v 37.62546539 19.64631081 9.70031834
v 37.77994156 19.36577415 9.32716942
v 37.05978394 19.77572632 10.47311687
v 37.00000000 19.77786446 10.47377586
v 37.40000153 19.77014732 10.08875465
v 37.66099167 19.59871292 9.69314480
v 37.79106522 19.30715561 9.32277679
v 37.11923218 19.76932526 10.47114182
v 37.45065689 19.73911667 10.08167267
v 37.69282150 19.54862213 9.68559456
v 37.79776382 19.24787331 9.31833458
v 37.17801666 19.75869751 10.46786404
v 37.49879074 19.70448112 10.07376671
v 37.72077560 19.49631882 9.67771149
v 37.23580551 19.74390221 10.46329975
v 37.54413986 19.66643524 10.06508350
v 37.74469757 19.44209862 9.66953850
v 37.29227448 19.72501945 10.45747566
v 37.58644104 19.62519264 10.05566978
v 37.76445770 19.38625908 9.66112232
v 37.34710693 19.70215797 10.45042419
v 37.62546539 19.58098412 10.04557991
v 37.77994156 19.32911873 9.65250969
v 37.05978394 19.65228653 10.82588768
v 37.00000000 19.65436935 10.82670498
v 37.40000153 19.67544556 10.44218445
v 37.66099167 19.53405380 10.03486824
v 37.79106522 19.27099228 9.64374828
v 37.11923218 19.64605141 10.82344055
v 37.45065689 19.64503098 10.43280220
v 37.69282150 19.48466873 10.02359676
v 37.79776382 19.21220589 9.63488770
v 37.17801666 19.63569832 10.81937695
v 37.49879074 19.61108398 10.42233086
v 37.72077560 19.43310165 10.01182652
v 37.23580551 19.62128448 10.81372070
v 37.54413986 19.57379341 10.41082859
v 37.74469757 19.37964249 9.99962521
v 37.29227448 19.60289001 10.80650139
v 37.58644104 19.53336906 10.39835930
v 37.76445770 19.32458878 9.98705959
v 37.34710693 19.58061981 10.79776096
v 37.62546539 19.49003792 10.38499355
v 37.77994156 19.26825142 9.97420025
v 37.05978394 19.50282860 11.16844845
v 37.00000000 19.50484467 11.16941833
v 37.40000153 19.55459785 10.78754807
v 37.66099167 19.44404030 10.37080479
v 37.79106522 19.21094131 9.96111965
v 37.11923218 19.49679375 11.16554165
v 37.45065689 19.52496910 10.77591991
v 37.69282150 19.39563560 10.35587406
v 37.79776382 19.15298271 9.94789124
v 37.17801666 19.48677254 11.16071606
v 37.49879074 19.49189949 10.76294041
v 37.72077560 19.34509087 10.34028339
v 37.23580551 19.47282219 11.15399742
v 37.54413986 19.45557213 10.74868393
v 37.74469757 19.29269409 10.32412052
v 37.29227448 19.45501900 11.14542484
v 37.58644104 19.41619301 10.73322868
v 37.76445770 19.23873329 10.30747604
v 37.34710693 19.43346596 11.13504410
v 37.62546539 19.37398148 10.71666145
v 37.77994156 19.18351364 10.29044342
v 37.05978394 19.32818985 11.49888134
v 37.00000000 19.33012772 11.50000000
v 37.40000153 19.40827942 11.12291527
v 37.66099167 19.32917404 10.69907570
v 37.79106522 19.12734222 10.27311707
v 37.11923218 19.32238960 11.49553204
v 37.45065689 19.37960243 11.10910511
v 37.69282150 19.28201866 10.68056870
v 37.79776382 19.07053375 10.25559330
v 37.17801666 19.31275749 11.48997116
v 37.49879074 19.34759331 11.09369087
v 37.72077560 19.23278236 10.66124439
v 37.23580551 19.29934692 11.48222923
v 37.54413986 19.31243515 11.07675934
v 37.74469757 19.18173790 10.64121151
v 37.29227448 19.28223419 11.47234917
v 37.58644104 19.27432060 11.05840492
v 37.76445770 19.12917328 10.62058163
v 37.34710693 19.26151657 11.46038723
v 37.62546539 19.23346519 11.03872967
v 37.77994156 19.07538033 10.59946918
v 37.05978394 19.12934494 11.81534004
v 37.00000000 19.13119316 11.81660080
v 37.00000000 18.90915680 12.11744881
v 37.40000153 19.23730659 11.44641018
v 37.66099167 19.19009590 11.01784420
v 37.79106522 19.02066231 10.57799339
v 37.11923218 19.12381172 11.81156731
v 37.45065689 19.20974159 11.43049526
v 37.69282150 19.14445686 10.99586487
v 37.79776382 18.96532059 10.55627441
v 37.17801666 19.11462212 11.80530167
v 37.49879074 19.17897606 11.41273308
v 37.72077560 19.09680176 10.97291565
v 37.23580551 19.10182762 11.79657936
v 37.54413986 19.14517975 11.39322090
v 37.74469757 19.04739761 10.94912434
v 37.29227448 19.08550262 11.78544807
v 37.58644104 19.10854340 11.37206936
v 37.76445770 18.99652100 10.92462349
v 37.34710693 19.06573486 11.77197170
v 37.62546539 19.06927299 11.34939575
v 37.77994156 18.94445610 10.89955044
v 37.05978394 18.90740776 12.11605453
v 37.40000153 19.04263878 11.75622368
v 37.66099167 19.02758598 11.32532787
v 37.79106522 18.89149475 10.87404537
v 37.11923218 18.90217209 12.11187840
v 37.45065689 19.01633835 11.73829365
v 37.69282150 18.98371696 11.30000019
v 37.79776382 18.83793259 10.84825134
v 37.17801666 18.89347649 12.10494328
v 37.49879074 18.98698616 11.71828175
v 37.72077560 18.93791008 11.27355385
v 37.23580551 18.88137054 12.09528923
v 37.54413986 18.95474434 11.69629860
v 37.74469757 18.89042282 11.24613667
v 37.29227448 18.86592102 12.08296967
v 37.58644104 18.91979027 11.67246819
v 37.76445770 18.84151840 11.21790218
v 37.34710693 18.84721756 12.06805325
v 37.62546539 18.88232422 11.64692402
v 37.77994156 18.79147339 11.18900871
v 37.05978394 18.66362000 12.39934254
v 37.00000000 18.66525841 12.40086365
v 37.40000153 18.82536125 12.05062389
v 37.66099167 18.84255219 11.61980820
v 37.79106522 18.74056625 11.15961742
v 37.11923218 18.65870857 12.39478588
v 37.45065689 18.80047607 12.03077888
v 37.69282150 18.80069923 11.59127235
v 37.79776382 18.68908119 11.12989235
v 37.17801666 18.65055656 12.38722134
v 37.49879074 18.77270126 12.00862885
v 37.72077560 18.75699615 11.56147671
v 37.23580551 18.63920593 12.37668896
v 37.54413986 18.74219131 11.98429775
v 37.74469757 18.71169090 11.53058720
v 37.29227448 18.62472153 12.36324978
v 37.58644104 18.70911598 11.95792198
v 37.76445770 18.66503334 11.49877739
v 37.34710693 18.60718346 12.34697723
v 37.62546539 18.67366409 11.92964935
v 37.77994156 18.61728668 11.46622467
v 37.05978394 18.39934158 12.66362000
v 37.00000000 18.40086365 12.66525936
v 37.40000153 18.58669090 12.32796288
v 37.66099167 18.63603020 11.89963627
v 37.79106522 18.56871796 11.43311119
v 37.11923218 18.39478683 12.65870953
v 37.45065689 18.56335831 12.30631351
v 37.69282150 18.59642410 11.86805344
v 37.79776382 18.51959801 11.39962196
v 37.17801666 18.38722038 12.65055656
v 37.49879074 18.53731537 12.28215027
v 37.72077560 18.55507088 11.83507538
v 37.23580551 18.37668991 12.63920593
v 37.54413986 18.50870895 12.25560665
v 37.74469757 18.51219940 11.80088615
v 37.29227448 18.36324883 12.62472057
v 37.58644104 18.47769928 12.22683334
v 37.76445770 18.46805191 11.76567841
v 37.34710693 18.34697723 12.60718346
v 37.62546539 18.44445801 12.19599056
v 37.77994156 18.42287064 11.72964859
v 37.05978394 18.11605453 12.90740871
v 37.00000000 18.11744881 12.90915775
v 37.40000153 18.32796288 12.58669090
v 37.66099167 18.40917206 12.16324997
v 37.79106522 18.37691307 11.69299793
v 37.11923218 18.11187744 12.90217113
v 37.45065689 18.30631447 12.56335831
v 37.69282150 18.37203789 12.12879467
v 37.79776382 18.33043289 11.65593243
v 37.17801666 18.10494232 12.89347553
v 37.49879074 18.28215027 12.53731632
v 37.72077560 18.33326530 12.09281826
v 37.23580551 18.09528923 12.88136959
v 37.54413986 18.25560760 12.50870991
v 37.74469757 18.29306984 12.05552197
v 37.29227448 18.08296967 12.86592102
v 37.58644104 18.22683334 12.47769928
v 37.76445770 18.25167465 12.01711273
v 37.34710693 18.06805229 12.84721661
v 37.62546539 18.19598961 12.44445801
v 37.77994156 18.20931244 11.97780800
v 37.05978394 17.81534004 13.12934589
v 37.00000000 17.81660080 13.13119411
v 37.40000153 18.05062294 12.82536125
v 37.66099167 18.16324997 12.40917206
v 37.79106522 18.16622162 11.93782520
v 37.11923218 17.81156731 13.12381172
v 37.45065689 18.03077888 12.80047607
v 37.69282150 18.12879372 12.37203884
v 37.79776382 18.12264252 11.89738941
v 37.17801666 17.80530167 13.11462116
v 37.49879074 18.00862885 12.77270031
v 37.72077560 18.09281731 12.33326530
v 37.23580551 17.79657936 13.10182762
v 37.54413986 17.98429680 12.74219036
v 37.74469757 18.05552101 12.29306889
v 37.29227448 17.78544807 13.08550167
v 37.58644104 17.95792198 12.70911694
v 37.76445770 18.01711273 12.25167465
v 37.34710693 17.77197075 13.06573486
v 37.62546539 17.92964935 12.67366314
v 37.77994156 17.97780800 12.20931339
v 37.05978394 17.49888229 13.32818985
v 37.00000000 17.50000000 13.33012676
v 37.40000153 17.75622368 13.04263783
v 37.66099167 17.89963722 12.63602924
v 37.79106522 17.93782425 12.16622257
v 37.11923218 17.49553299 13.32238865
v 37.45065689 17.73829460 13.01633930
v 37.69282150 17.86805344 12.59642506
v 37.79776382 17.89738846 12.12264252
v 37.17801666 17.48997116 13.31275654
v 37.49879074 17.71828079 12.98698616
v 37.72077560 17.83507538 12.55507183
v 37.23580551 17.48222923 13.29934692
v 37.54413986 17.69629860 12.95474339
v 37.74469757 17.80088615 12.51220036
v 37.29227448 17.47234917 13.28223515
v 37.58644104 17.67246819 12.91979122
v 37.76445770 17.76567841 12.46805096
v 37.34710693 17.46038818 13.26151657
v 37.62546539 17.64692307 12.88232422
v 37.77994156 17.72964859 12.42287159
v 37.05978394 17.16844749 13.50282860
v 37.00000000 17.16941833 13.50484467
v 37.40000153 17.44640923 13.23730659
v 37.66099167 17.61980820 12.84255219
v 37.79106522 17.69299889 12.37691307
v 37.11923218 17.16554260 13.49679375
v 37.45065689 17.43049622 13.20974159
v 37.69282150 17.59127235 12.80069828
v 37.79776382 17.65593147 12.33043385
v 37.17801666 17.16071510 13.48677349
v 37.49879074 17.41273308 13.17897511
v 37.72077560 17.56147575 12.75699615
v 37.23580551 17.15399742 13.47282219
v 37.54413986 17.39322090 13.14517975
v 37.74469757 17.53058815 12.71168995
v 37.29227448 17.14542389 13.45501995
v 37.58644104 17.37206841 13.10854435
v 37.76445770 17.49877739 12.66503334
v 37.34710693 17.13504410 13.43346500
v 37.62546539 17.34939575 13.06927299
v 37.77994156 17.46622467 12.61728764
v 37.05978394 16.82588768 13.65228653
v 37.00000000 16.82670593 13.65436840
v 37.40000153 17.12291527 13.40827847
v 37.66099167 17.32532883 13.02758598
v 37.79106522 17.43311119 12.56871891
v 37.11923218 16.82344055 13.64605141
v 37.45065689 17.10910416 13.37960148
v 37.69282150 17.29999924 12.98371696
v 37.79776382 17.39962196 12.51959896
v 37.17801666 16.81937790 13.63569736
v 37.49879074 17.09369087 13.34759426
v 37.72077560 17.27355385 12.93791008
v 37.23580551 16.81372070 13.62128353
v 37.54413986 17.07675934 13.31243515
v 37.74469757 17.24613571 12.89042282
v 37.29227448 16.80650139 13.60289097
v 37.58644104 17.05840492 13.27432060
v 37.76445770 17.21790123 12.84151936
v 37.34710693 16.79776192 13.58062077
v 37.62546539 17.03872871 13.23346519
v 37.77994156 17.18900871 12.79147339
v 37.05978394 16.47311592 13.77572632
v 37.00000000 16.47377586 13.77786446
v 37.40000153 16.78754807 13.55459785
v 37.66099167 17.01784325 13.19009686
v 37.79106522 17.15961647 12.74056625
v 37.11923218 16.47114182 13.76932621
v 37.45065689 16.77591896 13.52496910
v 37.69282150 16.99586487 13.14445686
v 37.79776382 17.12989235 12.68908119
v 37.17801666 16.46786308 13.75869751
v 37.49879074 16.76293945 13.49189854
v 37.72077560 16.97291565 13.09680176
v 37.23580551 16.46330070 13.74390125
v 37.54413986 16.74868393 13.45557308
v 37.74469757 16.94912338 13.04739761
v 37.29227448 16.45747566 13.72502041
v 37.58644104 16.73322868 13.41619396
v 37.76445770 16.92462349 12.99652195
v 37.34710693 16.45042419 13.70215893
v 37.62546539 16.71666145 13.37398243
v 37.77994156 16.89954948 12.94445705
v 37.05978394 16.11210632 13.87245846
v 37.00000000 16.11260414 13.87463951
v 37.40000153 16.44218445 13.67544651
v 37.66099167 16.69907570 13.32917404
v 37.79106522 16.87404442 12.89149570
v 37.11923218 16.11061668 13.86592865
v 37.45065689 16.43280220 13.64503098
v 37.69282150 16.68056870 13.28201962
v 37.79776382 16.84825134 12.83793259
v 37.17801666 16.10814095 13.85508442
v 37.49879074 16.42233086 13.61108303
v 37.72077560 16.66124535 13.23278236
v 37.23580551 16.10469627 13.83998871
v 37.54413986 16.41082764 13.57379341
v 37.74469757 16.64121246 13.18173885
v 37.29227448 16.10029984 13.82072544
v 37.58644104 16.39835930 13.53337002
v 37.76445770 16.62058067 13.12917328
v 37.34710693 16.09497452 13.79740143
v 37.62546539 16.38499260 13.49003792
v 37.77994156 16.59946823 13.07538128
v 37.05978394 15.74487782 13.94194221
v 37.00000000 15.74521160 13.94415379
v 37.40000153 16.08875465 13.77014732
v 37.66099167 16.37080574 13.44404030
v 37.79106522 16.57799339 13.02066135
v 37.11923218 15.74387932 13.93531895
v 37.45065689 16.08167267 13.73911572
v 37.69282150 16.35587311 13.39563465
v 37.79776382 16.55627441 12.96532154
v 37.17801666 15.74222183 13.92432022
v 37.49879074 16.07376671 13.70448112
v 37.72077560 16.34028244 13.34509182
v 37.23580551 15.73991394 13.90900898
v 37.54413986 16.06508255 13.66643524
v 37.74469757 16.32412148 13.29269409
v 37.29227448 15.73696899 13.88947105
v 37.58644104 16.05566978 13.62519264
v 37.76445770 16.30747604 13.23873425
v 37.34710693 15.73340321 13.86581421
v 37.62546539 16.04557991 13.58098316
v 37.77994156 16.29044342 13.18351364
v 37.05978394 15.37348366 13.98378849
v 37.00000000 15.37365055 13.98601913
v 37.40000153 15.72923660 13.83817196
v 37.66099167 16.03486824 13.53405476
v 37.79106522 16.27311707 13.12734222
v 37.11923218 15.37298298 13.97710896
v 37.45065689 15.72449303 13.80669785
v 37.69282150 16.02359581 13.48466873
v 37.79776382 16.25559425 13.07053375
v 37.17801666 15.37215137 13.96601772
v 37.49879074 15.71919823 13.77156925
v 37.72077560 16.01182556 13.43310165
v 37.23580551 15.37099457 13.95057678
v 37.54413986 15.71338177 13.73298073
v 37.74469757 15.99962521 13.37964249
v 37.29227448 15.36951828 13.93087292
v 37.58644104 15.70707703 13.69114971
v 37.76445770 15.98705959 13.32458973
v 37.34710693 15.36773014 13.90701580
v 37.62546539 15.70031834 13.64630985
v 37.77994156 15.97420025 13.26825047
v 37.40000153 15.36564064 13.87913895
v 37.66099167 15.69314384 13.59871197
v 37.79106522 15.96111965 13.21094131
v 37.45065689 15.36326218 13.84739876
v 37.69282150 15.68559456 13.54862213
v 37.79776382 15.94789124 13.15298271
v 37.49879074 15.36060715 13.81197262
v 37.72077560 15.67771149 13.49631977
v 37.54413986 15.35769081 13.77305794
v 37.74469757 15.66953850 13.44209766
v 37.58644104 15.35453033 13.73087311
v 37.76445770 15.66112232 13.38626003
v 37.62546539 15.35114098 13.68565273
v 37.77994156 15.65250969 13.32911777
v 37.66099167 15.34754372 13.63765240
v 37.79106522 15.64374828 13.27099133
v 37.69282150 15.34375858 13.58713722
v 37.79776382 15.63488770 13.21220589
v 37.72077560 15.33980560 13.53439236
v 37.74469757 15.33570766 13.47971153
v 37.76445770 15.33148766 13.42340088
v 37.77994156 15.32716942 13.36577511
v 37.79106522 15.32277679 13.30715656
v 37.79776382 15.31833363 13.24787331
v 31.70000076 -9.87669563 9.64538670
v 31.70000076 -10.00000000 9.65000057
v 31.70000076 -9.75407982 9.63157082
v 31.70000076 -9.63284016 9.60863113
v 31.70000076 -9.51365376 9.57669544
v 31.70000076 -9.39718723 9.53594208
v 31.70000076 -9.28409195 9.48659897
v 31.70000076 -9.17500019 9.42894173
v 31.70000076 -9.07052231 9.36329365
v 31.70000076 -8.97124195 9.29002190
v 31.70000076 -8.87771511 9.20953560
v 31.70000076 -8.79046440 9.12228489
v 31.70000076 -8.70997810 9.02875805
v 31.70000076 -8.63670635 8.92947865
v 31.70000076 -8.57105827 8.82499981
v 31.70000076 -8.51340103 8.71590805
v 31.70000076 -8.46405792 8.60281277
v 31.70000076 -8.42330456 8.48634624
v 31.70000076 -8.39136887 8.36715984
v 31.70000076 -8.36842918 8.24592018
v 31.70000076 -8.35461330 8.12330437
v 31.70000076 -8.35000038 8.00000000
v 31.70000076 -8.35461330 7.87669563
v 31.70000076 -8.36842918 7.75408030
v 31.70000076 -8.39136887 7.63284063
v 31.70000076 -8.42330456 7.51365423
v 31.70000076 -8.46405792 7.39718723
v 31.70000076 -8.51340103 7.28409195
v 31.70000076 -8.57105827 7.17500019
v 31.70000076 -8.63670635 7.07052183
v 31.70000076 -8.70997810 6.97124195
v 31.70000076 -8.79046440 6.87771511
v 31.70000076 -8.87771511 6.79046440
v 31.70000076 -8.97124195 6.70997810
v 31.70000076 -9.07052231 6.63670635
v 31.70000076 -9.17500019 6.57105827
v 31.70000076 -9.28409195 6.51340151
v 31.70000076 -9.39718723 6.46405840
v 31.70000076 -9.51365376 6.42330503
v 31.70000076 -9.63284016 6.39136887
v 31.70000076 -9.75407982 6.36842918
v 31.70000076 -9.87669563 6.35461378
v 31.70000076 -10.00000000 6.34999990
v 31.70000076 -10.12330437 6.35461378
v 31.70000076 -10.24592018 6.36842918
v 31.70000076 -10.36715984 6.39136887
v 31.70000076 -10.48634624 6.42330503
v 31.70000076 -10.60281277 6.46405840
v 31.70000076 -10.71590805 6.51340151
v 31.70000076 -10.82499981 6.57105827
v 31.70000076 -10.92947769 6.63670635
v 31.70000076 -11.02875805 6.70997810
v 31.70000076 -11.12228489 6.79046440
v 31.70000076 -11.20953560 6.87771511
v 31.70000076 -11.29002190 6.97124195
v 31.70000076 -11.36329365 7.07052183
v 31.70000076 -11.42894173 7.17500019
v 31.70000076 -11.48659897 7.28409195
v 31.70000076 -11.53594208 7.39718723
v 31.70000076 -11.57669544 7.51365423
v 31.70000076 -11.60863113 7.63284063
v 31.70000076 -11.63157082 7.75408030
v 31.70000076 -11.64538670 7.87669563
v 31.70000076 -11.64999962 8.00000000
v 31.70000076 -11.64538670 8.12330437
v 31.70000076 -11.63157082 8.24592018
v 31.70000076 -11.60863113 8.36715984
v 31.70000076 -11.57669544 8.48634624
v 31.70000076 -11.53594208 8.60281277
v 31.70000076 -11.48659897 8.71590805
v 31.70000076 -11.42894173 8.82499981
v 31.70000076 -11.36329365 8.92947865
v 31.70000076 -11.29002190 9.02875805
v 31.70000076 -11.20953560 9.12228489
v 31.70000076 -11.12228489 9.20953560
v 31.70000076 -11.02875805 9.29002190
v 31.70000076 -10.92947769 9.36329365
v 31.70000076 -10.82499981 9.42894173
v 31.70000076 -10.71590805 9.48659897
v 31.70000076 -10.60281277 9.53594208
v 31.70000076 -10.48634624 9.57669544
v 31.70000076 -10.36715984 9.60863113
v 31.70000076 -10.24592018 9.63157082
v 31.70000076 -10.12330437 9.64538670
v 31.70000076 10.12330437 9.64538670
v 31.70000076 10.00000000 9.65000057
v 31.70000076 10.24592018 9.63157082
v 31.70000076 10.36715984 9.60863113
v 31.70000076 10.48634624 9.57669544
v 31.70000076 10.60281277 9.53594208
v 31.70000076 10.71590805 9.48659897
v 31.70000076 10.82499981 9.42894173
v 31.70000076 10.92947769 9.36329365
v 31.70000076 11.02875805 9.29002190
v 31.70000076 11.12228489 9.20953560
v 31.70000076 11.20953560 9.12228489
v 31.70000076 11.29002190 9.02875805
v 31.70000076 11.36329365 8.92947865
v 31.70000076 11.42894173 8.82499981
v 31.70000076 11.48659897 8.71590805
v 31.70000076 11.53594208 8.60281277
v 31.70000076 11.57669544 8.48634624
v 31.70000076 11.60863113 8.36715984
v 31.70000076 11.63157082 8.24592018
v 31.70000076 11.64538670 8.12330437
v 31.70000076 11.64999962 8.00000000
v 31.70000076 11.64538670 7.87669563
v 31.70000076 11.63157082 7.75408030
v 31.70000076 11.60863113 7.63284063
v 31.70000076 11.57669544 7.51365423
v 31.70000076 11.53594208 7.39718723
v 31.70000076 11.48659897 7.28409195
v 31.70000076 11.42894173 7.17500019
v 31.70000076 11.36329365 7.07052183
v 31.70000076 11.29002190 6.97124195
v 31.70000076 11.20953560 6.87771511
v 31.70000076 11.12228489 6.79046440
v 31.70000076 11.02875805 6.70997810
v 31.70000076 10.92947769 6.63670635
v 31.70000076 10.82499981 6.57105827
v 31.70000076 10.71590805 6.51340151
v 31.70000076 10.60281277 6.46405840
v 31.70000076 10.48634624 6.42330503
v 31.70000076 10.36715984 6.39136887
v 31.70000076 10.24592018 6.36842918
v 31.70000076 10.12330437 6.35461378
v 31.70000076 10.00000000 6.34999990
v 31.70000076 9.87669563 6.35461378
v 31.70000076 9.75407982 6.36842918
v 31.70000076 9.63284016 6.39136887
v 31.70000076 9.51365376 6.42330503
v 31.70000076 9.39718723 6.46405840
v 31.70000076 9.28409195 6.51340151
v 31.70000076 9.17500019 6.57105827
v 31.70000076 9.07052231 6.63670635
v 31.70000076 8.97124195 6.70997810
v 31.70000076 8.87771511 6.79046440
v 31.70000076 8.79046440 6.87771511
v 31.70000076 8.70997810 6.97124195
v 31.70000076 8.63670635 7.07052183
v 31.70000076 8.57105827 7.17500019
v 31.70000076 8.51340103 7.28409195
v 31.70000076 8.46405792 7.39718723
v 31.70000076 8.42330456 7.51365423
v 31.70000076 8.39136887 7.63284063
v 31.70000076 8.36842918 7.75408030
v 31.70000076 8.35461330 7.87669563
v 31.70000076 8.35000038 8.00000000
v 31.70000076 8.35461330 8.12330437
v 31.70000076 8.36842918 8.24592018
v 31.70000076 8.39136887 8.36715984
v 31.70000076 8.42330456 8.48634624
v 31.70000076 8.46405792 8.60281277
v 31.70000076 8.51340103 8.71590805
v 31.70000076 8.57105827 8.82499981
v 31.70000076 8.63670635 8.92947865
v 31.70000076 8.70997810 9.02875805
v 31.70000076 8.79046440 9.12228489
v 31.70000076 8.87771511 9.20953560
v 31.70000076 8.97124195 9.29002190
v 31.70000076 9.07052231 9.36329365
v 31.70000076 9.17500019 9.42894173
v 31.70000076 9.28409195 9.48659897
v 31.70000076 9.39718723 9.53594208
v 31.70000076 9.51365376 9.57669544
v 31.70000076 9.63284016 9.60863113
v 31.70000076 9.75407982 9.63157082
v 31.70000076 9.87669563 9.64538670
v 23.35974693 -10.61215591 0.00000010
v 28.99788475 -16.47029305 0.00000010
v 27.94204330 -17.09664536 0.00000010
v 23.31215477 -10.65974712 0.00000010
v 23.26114082 -10.70364857 0.00000010
v 26.84421539 -17.64609146 0.00000010
v 23.40364838 -10.56114101 0.00000010
v 23.44361496 -10.50698853 0.00000010
v 23.20698738 -10.74361515 0.00000010
v 23.14999962 -10.77942276 0.00000010
v 23.47942352 -10.44999981 0.00000010
v 30.00635719 -15.77022171 0.00000010
v 23.09049606 -10.81087208 0.00000010
v 25.70999146 -18.11583138 0.00000010
v 23.51087189 -10.39049530 0.00000010
v 23.02880669 -10.83778667 0.00000010
v 23.53778648 -10.32880688 0.00000010
v 22.96528053 -10.86001587 0.00000010
v 23.56001472 -10.26527977 0.00000010
v 22.90026855 -10.87743473 0.00000010
v 24.54515076 -18.50346947 0.00000010
v 23.57743454 -10.20026875 0.00000010
v 22.83413887 -10.88994789 0.00000010
v 23.58994865 -10.13413811 0.00000010
v 22.76725769 -10.89748383 0.00000010
v 23.35562706 -18.80703354 0.00000010
v 23.59748268 -10.06725693 0.00000010
v 22.70000076 -10.89999962 0.00000010
v 23.60000038 -10.00000000 0.00000010
v 22.63274384 -10.89748383 0.00000010
v 23.59748268 -9.93274307 0.00000010
v 22.56586266 -10.88994789 0.00000010
v 22.14748001 -19.02497673 0.00000010
v 23.58994865 -9.86586189 0.00000010
v 23.57743454 -9.79973125 0.00000010
v 22.49973106 -10.87743473 0.00000010
v 23.56001472 -9.73472023 0.00000010
v 22.43472099 -10.86001587 0.00000010
v 20.92686462 -19.15618896 0.00000010
v 23.53778648 -9.67119312 0.00000010
v 22.37119293 -10.83778667 0.00000010
v 23.51087189 -9.60950470 0.00000010
v 22.30950546 -10.81087208 0.00000010
v 23.47942352 -9.55000019 0.00000010
v 22.25000000 -10.77942276 0.00000010
v 19.70000076 -19.20000076 0.00000010
v 23.44361496 -9.49301147 0.00000010
v 22.19301224 -10.74361515 0.00000010
v 23.40364838 -9.43885899 0.00000010
v 22.13885880 -10.70364857 0.00000010
v 22.08784485 -10.65974712 0.00000010
v 22.04025269 -10.61215591 0.00000010
v 21.99635124 -10.56114101 0.00000010
v 21.95638466 -10.50698853 0.00000010
v 21.92057800 -10.44999981 0.00000010
v 21.88912773 -10.39049530 0.00000010
v 21.86221313 -10.32880688 0.00000010
v 21.83998489 -10.26527977 0.00000010
v 21.82256508 -10.20026875 0.00000010
v 21.81005287 -10.13413811 0.00000010
v 23.35974693 9.38784409 0.00000010
v 23.35974693 -9.38784409 0.00000010
v 23.31215477 -9.34025288 0.00000010
v 23.31215477 9.34025288 0.00000010
v 23.26114082 9.29635143 0.00000010
v 23.26114082 -9.29635143 0.00000010
v 23.40364838 9.43885899 0.00000010
v 23.20698738 9.25638485 0.00000010
v 23.20698738 -9.25638485 0.00000010
v 23.44361496 9.49301147 0.00000010
v 23.14999962 9.22057724 0.00000010
v 23.14999962 -9.22057724 0.00000010
v 23.47942352 9.55000019 0.00000010
v 30.96232605 15.00000000 0.00000010
v 23.09049606 9.18912792 0.00000010
v 23.09049606 -9.18912792 0.00000010
v 23.02880669 -9.16221333 0.00000010
v 23.51087189 9.60950470 0.00000010
v 23.02880669 9.16221333 0.00000010
v 22.96528053 -9.13998413 0.00000010
v 23.53778648 9.67119312 0.00000010
v 22.96528053 9.13998413 0.00000010
v 23.56001472 9.73472023 0.00000010
v 22.90026855 9.12256527 0.00000010
v 22.90026855 -9.12256527 0.00000010
v 23.57743454 9.79973125 0.00000010
v 22.83413887 9.11005211 0.00000010
v 22.83413887 -9.11005211 0.00000010
v 22.76725769 -9.10251617 0.00000010
v 23.58994865 9.86586189 0.00000010
v 22.76725769 9.10251617 0.00000010
v 23.59748268 9.93274307 0.00000010
v 22.70000076 9.10000038 0.00000010
v 22.70000076 -9.10000038 0.00000010
v 23.60000038 10.00000000 0.00000010
v 22.63274384 9.10251617 0.00000010
v 22.63274384 -9.10251617 0.00000010
v 22.56586266 -9.11005211 0.00000010
v 23.59748268 10.06725693 0.00000010
v 23.58994865 10.13413811 0.00000010
v 22.56586266 9.11005211 0.00000010
v 23.57743454 10.20026875 0.00000010
v 22.49973106 9.12256527 0.00000010
v 22.49973106 -9.12256527 0.00000010
v 22.43472099 9.13998413 0.00000010
v 22.43472099 -9.13998413 0.00000010
v 22.37119293 -9.16221333 0.00000010
v 23.56001472 10.26527977 0.00000010
v 23.53778648 10.32880688 0.00000010
v 30.00635719 15.77022171 0.00000010
v 22.37119293 9.16221333 0.00000010
v 23.51087189 10.39049530 0.00000010
v 22.30950546 9.18912792 0.00000010
v 22.30950546 -9.18912792 0.00000010
v 23.47942352 10.44999981 0.00000010
v 22.25000000 9.22057724 0.00000010
v 22.25000000 -9.22057724 0.00000010
v 22.19301224 9.25638485 0.00000010
v 22.19301224 -9.25638485 0.00000010
v 22.13885880 9.29635143 0.00000010
v 22.13885880 -9.29635143 0.00000010
v 22.08784485 9.34025288 0.00000010
v 22.08784485 -9.34025288 0.00000010
v 22.04025269 9.38784409 0.00000010
v 22.04025269 -9.38784409 0.00000010
v 28.99788475 16.47029305 0.00000010
v 23.44361496 10.50698853 0.00000010
v 23.40364838 10.56114101 0.00000010
v 23.35974693 10.61215591 0.00000010
v 27.94204330 17.09664536 0.00000010
v 23.31215477 10.65974712 0.00000010
v 23.26114082 10.70364857 0.00000010
v 26.84421539 17.64609146 0.00000010
v 23.20698738 10.74361515 0.00000010
v 23.14999962 10.77942276 0.00000010
v 23.09049606 10.81087208 0.00000010
v 25.70999146 18.11583138 0.00000010
v 23.02880669 10.83778667 0.00000010
v 22.96528053 10.86001587 0.00000010
v 22.90026855 10.87743473 0.00000010
v 24.54515076 18.50346947 0.00000010
v 22.83413887 10.88994789 0.00000010
v 22.76725769 10.89748383 0.00000010
v 23.35562706 18.80703354 0.00000010
v 22.70000076 10.89999962 0.00000010
v 22.63274384 10.89748383 0.00000010
v 22.56586266 10.88994789 0.00000010
v 22.14748001 19.02497673 0.00000010
v 22.49973106 10.87743473 0.00000010
v 22.43472099 10.86001587 0.00000010
v 20.92686462 19.15618896 0.00000010
v 22.37119293 10.83778667 0.00000010
v 22.30950546 10.81087208 0.00000010
v 22.25000000 10.77942276 0.00000010
v 19.70000076 19.20000076 0.00000010
v 22.19301224 10.74361515 0.00000010
v 22.13885880 10.70364857 0.00000010
v 22.08784485 10.65974712 0.00000010
v 22.04025269 10.61215591 0.00000010
v 21.99635124 10.56114101 0.00000010
v 21.95638466 10.50698853 0.00000010
v 21.92057800 10.44999981 0.00000010
v 21.88912773 10.39049530 0.00000010
v 21.86221313 10.32880688 0.00000010
v 21.83998489 10.26527977 0.00000010
v 21.82256508 10.20026875 0.00000010
v 21.81005287 10.13413811 0.00000010
v -1.26958334 -1.64934075 0.00000010
v 21.80251694 -10.06725693 0.00000010
v -1.15060973 -1.53036320 0.00000010
v 21.79999924 -10.00000000 0.00000010
v -1.39711547 -1.75909495 0.00000010
v -4.94999981 -6.44999981 0.00000010
v -1.04085970 -1.40282762 0.00000010
v 21.80251694 -9.93274307 0.00000010
v -1.53249264 -1.85901189 0.00000010
v -0.94094712 -1.26744723 0.00000010
v 21.81005287 -9.86586189 0.00000010
v -1.67495799 -1.94853294 0.00000010
v -0.85143071 -1.12497902 0.00000010
v 21.82256508 -9.79973125 0.00000010
v -1.82371473 -2.02715731 0.00000010
v -0.77281106 -0.97621965 0.00000010
v 21.83998489 -9.73472023 0.00000010
v -1.97793114 -2.09444571 0.00000010
v -0.70552772 -0.82200116 0.00000010
v 21.88912773 -9.60950470 0.00000010
v 21.86221313 -9.67119312 0.00000010
v -2.13674450 -2.15002155 0.00000010
v -0.64995712 -0.66318589 0.00000010
v 21.92057800 -9.55000019 0.00000010
v -2.29926705 -2.19357395 0.00000010
v -0.60640991 -0.50066197 0.00000010
v 21.95638466 -9.49301147 0.00000010
v -2.46458983 -2.22485948 0.00000010
v -0.57512963 -0.33533823 0.00000010
v 21.99635124 -9.43885899 0.00000010
v -2.63178825 -2.24370337 0.00000010
v -0.55629122 -0.16813925 0.00000010
v -2.79992723 -2.25000000 0.00000010
v -0.55000001 -0.00000000 0.00000010
v -19.79999924 -19.20000076 0.00000010
v -2.96806669 -2.24371433 0.00000010
v -0.55629122 0.16813925 0.00000010
v 21.99635124 9.43885899 0.00000010
v -3.13526630 -2.22488117 0.00000010
v -0.57512963 0.33533823 0.00000010
v 21.95638466 9.49301147 0.00000010
v -3.30059099 -2.19360638 0.00000010
v -0.60640991 0.50066197 0.00000010
v 21.92057800 9.55000019 0.00000010
v -3.46311641 -2.15006423 0.00000010
v -0.64995712 0.66318589 0.00000010
v 21.88912773 9.60950470 0.00000010
v -3.62193346 -2.09449887 0.00000010
v -0.70552772 0.82200116 0.00000010
v 21.83998489 9.73472023 0.00000010
v 21.86221313 9.67119312 0.00000010
v -3.77615404 -2.02722049 0.00000010
v -0.77281106 0.97621965 0.00000010
v 21.82256508 9.79973125 0.00000010
v -3.92491603 -1.94860566 0.00000010
v -0.85143071 1.12497902 0.00000010
v 21.81005287 9.86586189 0.00000010
v -4.06738710 -1.85909379 0.00000010
v -0.94094712 1.26744723 0.00000010
v 21.80251694 9.93274307 0.00000010
v -4.20277071 -1.75918567 0.00000010
v -1.04085970 1.40282762 0.00000010
v 21.79999924 10.00000000 0.00000010
v -4.33030987 -1.64943981 0.00000010
v -1.15060973 1.53036320 0.00000010
v 21.80251694 10.06725693 0.00000010
v -4.44929123 -1.53046989 0.00000010
v -1.26958334 1.64934075 0.00000010
v -4.55904961 -1.40294147 0.00000010
v -1.39711547 1.75909495 0.00000010
v -4.65897083 -1.26756752 0.00000010
v -4.74849653 -1.12510502 0.00000010
v -4.82712603 -0.97635078 0.00000010
v -4.89441919 -0.82213664 0.00000010
v -4.94999981 -0.66332495 0.00000010
v -4.94999981 6.44999981 0.00000010
v -3.62193346 2.09449887 0.00000010
v -3.77615404 2.02722049 0.00000010
v -3.92491603 1.94860566 0.00000010
v -4.06738710 1.85909379 0.00000010
v -4.20277071 1.75918567 0.00000010
v -4.33030987 1.64943981 0.00000010
v -4.44929123 1.53046989 0.00000010
v -4.55904961 1.40294147 0.00000010
v -4.65897083 1.26756752 0.00000010
v -4.74849653 1.12510502 0.00000010
v -4.82712603 0.97635078 0.00000010
v -4.89441919 0.82213664 0.00000010
v -4.94999981 0.66332495 0.00000010
v -1.53249264 1.85901189 0.00000010
v -1.67495799 1.94853294 0.00000010
v -1.82371473 2.02715731 0.00000010
v -1.97793114 2.09444571 0.00000010
v -2.13674450 2.15002155 0.00000010
v -2.29926705 2.19357395 0.00000010
v -2.46458983 2.22485948 0.00000010
v -2.63178825 2.24370337 0.00000010
v -2.79992723 2.25000000 0.00000010
v -2.96806669 2.24371433 0.00000010
v -3.13526630 2.22488117 0.00000010
v -3.30059099 2.19360638 0.00000010
v -3.46311641 2.15006423 0.00000010
v -23.14025307 -10.61215591 0.00000010
v -23.18784523 -10.65974712 0.00000010
v -23.09635162 -10.56114101 0.00000010
v -23.23885918 -10.70364857 0.00000010
v -21.08535767 -19.15190506 0.00000010
v -23.29301262 -10.74361515 0.00000010
v -23.05638504 -10.50698853 0.00000010
v -23.35000038 -10.77942276 0.00000010
v -22.36352730 -19.00789070 0.00000010
v -23.02057648 -10.44999981 0.00000010
v -23.40950394 -10.81087208 0.00000010
v -22.98912811 -10.39049530 0.00000010
v -23.47119331 -10.83778667 0.00000010
v -22.96221352 -10.32880688 0.00000010
v -23.53471947 -10.86001587 0.00000010
v -23.62735939 -18.76876068 0.00000010
v -22.93998528 -10.26527977 0.00000010
v -22.92256546 -10.20026875 0.00000010
v -23.59973145 -10.87743473 0.00000010
v -23.66586113 -10.88994789 0.00000010
v -24.86978912 -18.43585205 0.00000010
v -22.91005135 -10.13413811 0.00000010
v -23.73274231 -10.89748383 0.00000010
v -22.90251732 -10.06725693 0.00000010
v -22.89999962 -10.00000000 0.00000010
v -23.79999924 -10.89999962 0.00000010
v -23.86725616 -10.89748383 0.00000010
v -26.08386612 -18.01102829 0.00000010
v -22.90251732 -9.93274307 0.00000010
v -22.91005135 -9.86586189 0.00000010
v -23.93413734 -10.88994789 0.00000010
v -24.00026894 -10.87743473 0.00000010
v -22.92256546 -9.79973125 0.00000010
v -22.93998528 -9.73472023 0.00000010
v -24.06527901 -10.86001587 0.00000010
v -27.26280022 -17.49666405 0.00000010
v -22.96221352 -9.67119312 0.00000010
v -24.12880707 -10.83778667 0.00000010
v -22.98912811 -9.60950470 0.00000010
v -24.19049454 -10.81087208 0.00000010
v -23.02057648 -9.55000019 0.00000010
v -24.25000000 -10.77942276 0.00000010
v -28.39999962 -16.89563751 0.00000010
v -23.05638504 -9.49301147 0.00000010
v -24.30698776 -10.74361515 0.00000010
v -24.36114120 -10.70364857 0.00000010
v -24.41215515 -10.65974712 0.00000010
v -29.48910522 -16.21130753 0.00000010
v -24.45974731 -10.61215591 0.00000010
v -24.50364876 -10.56114101 0.00000010
v -24.54361534 -10.50698853 0.00000010
v -30.52402496 -15.44750118 0.00000010
v -24.63778687 -10.32880688 0.00000010
v -24.61087227 -10.39049530 0.00000010
v -24.57942200 -10.44999981 0.00000010
v -31.49897194 -14.60849190 0.00000010
v -24.67743492 -10.20026875 0.00000010
v -24.66001511 -10.26527977 0.00000010
v -32.40849304 -13.69897079 0.00000010
v -24.68994713 -10.13413811 0.00000010
v -28.64999962 -6.44999981 0.00000010
v -23.79999924 -9.10000038 0.00000010
v -23.86725616 -9.10251617 0.00000010
v -23.93413734 -9.11005211 0.00000010
v -24.00026894 -9.12256527 0.00000010
v -24.06527901 -9.13998413 0.00000010
v -24.12880707 -9.16221333 0.00000010
v -24.19049454 -9.18912792 0.00000010
v -24.25000000 -9.22057724 0.00000010
v -24.30698776 -9.25638485 0.00000010
v -24.36114120 -9.29635143 0.00000010
v -24.41215515 -9.34025288 0.00000010
v -24.45974731 -9.38784409 0.00000010
v -24.50364876 -9.43885899 0.00000010
v -24.54361534 -9.49301147 0.00000010
v -24.57942200 -9.55000019 0.00000010
v -24.61087227 -9.60950470 0.00000010
v -24.63778687 -9.67119312 0.00000010
v -24.66001511 -9.73472023 0.00000010
v -24.67743492 -9.79973125 0.00000010
v -24.68994713 -9.86586189 0.00000010
v -24.69748306 -9.93274307 0.00000010
v -24.70000076 -10.00000000 0.00000010
v -24.69748306 -10.06725693 0.00000010
v -33.24750137 -12.72402477 0.00000010
v -34.01130676 -11.68910503 0.00000010
v -34.69563675 -10.60000038 0.00000010
v -35.29666519 -9.46280003 0.00000010
v -35.81102753 -8.28386593 0.00000010
v -29.26968956 -1.64943981 0.00000010
v -29.15070915 -1.53046989 0.00000010
v -29.04095078 -1.40294147 0.00000010
v -29.39723015 -1.75918567 0.00000010
v -28.94102859 -1.26756752 0.00000010
v -29.53261375 -1.85909379 0.00000010
v -28.85150337 -1.12510502 0.00000010
v -29.67508316 -1.94860566 0.00000010
v -28.77287483 -0.97635078 0.00000010
v -29.82384682 -2.02722049 0.00000010
v -29.97806740 -2.09449887 0.00000010
v -30.13688278 -2.15006423 0.00000010
v -30.29940987 -2.19360638 0.00000010
v -30.46473312 -2.22488117 0.00000010
v -30.63193321 -2.24371433 0.00000010
v -30.80007362 -2.25000000 0.00000010
v -30.96821213 -2.24370337 0.00000010
v -31.13541031 -2.22485948 0.00000010
v -31.30073357 -2.19357395 0.00000010
v -36.23585129 -7.06978893 0.00000010
v -31.46325493 -2.15002155 0.00000010
v -31.62206841 -2.09444571 0.00000010
v -36.56875992 -5.82736015 0.00000010
v -31.92504120 -1.94853294 0.00000010
v -31.77628517 -2.02715731 0.00000010
v -36.80789185 -4.56352711 0.00000010
v -32.33041763 -1.64934075 0.00000010
v -32.20288467 -1.75909495 0.00000010
v -32.06750870 -1.85901189 0.00000010
v -23.02057648 9.55000019 0.00000010
v -23.05638504 9.49301147 0.00000010
v -22.98912811 9.60950470 0.00000010
v -22.96221352 9.67119312 0.00000010
v -22.93998528 9.73472023 0.00000010
v -22.92256546 9.79973125 0.00000010
v -22.91005135 9.86586189 0.00000010
v -22.90251732 9.93274307 0.00000010
v -22.89999962 10.00000000 0.00000010
v -22.90251732 10.06725693 0.00000010
v -22.91005135 10.13413811 0.00000010
v -36.95190430 -3.28535771 0.00000010
v -32.65905380 -1.26744723 0.00000010
v -32.55913925 -1.40282762 0.00000010
v -32.44939041 -1.53036320 0.00000010
v -37.00000000 -2.00000000 0.00000010
v -33.04999924 0.00000000 0.00000010
v -33.04370880 -0.16813925 0.00000010
v -33.02487183 -0.33533823 0.00000010
v -32.99359131 -0.50066197 0.00000010
v -32.95004272 -0.66318589 0.00000010
v -32.89447403 -0.82200116 0.00000010
v -32.82719040 -0.97621965 0.00000010
v -32.74856949 -1.12497902 0.00000010
v -28.64999962 6.44999981 0.00000010
v -24.68994713 10.13413811 0.00000010
v -24.69748306 10.06725693 0.00000010
v -24.70000076 10.00000000 0.00000010
v -24.69748306 9.93274307 0.00000010
v -28.77287483 0.97635078 0.00000010
v -28.85150337 1.12510502 0.00000010
v -24.68994713 9.86586189 0.00000010
v -28.94102859 1.26756752 0.00000010
v -24.67743492 9.79973125 0.00000010
v -29.04095078 1.40294147 0.00000010
v -24.66001511 9.73472023 0.00000010
v -29.15070915 1.53046989 0.00000010
v -24.63778687 9.67119312 0.00000010
v -29.26968956 1.64943981 0.00000010
v -24.61087227 9.60950470 0.00000010
v -29.39723015 1.75918567 0.00000010
v -24.57942200 9.55000019 0.00000010
v -29.53261375 1.85909379 0.00000010
v -24.54361534 9.49301147 0.00000010
v -29.67508316 1.94860566 0.00000010
v -24.50364876 9.43885899 0.00000010
v -29.82384682 2.02722049 0.00000010
v -24.45974731 9.38784409 0.00000010
v -24.41215515 9.34025288 0.00000010
v -29.97806740 2.09449887 0.00000010
v -24.36114120 9.29635143 0.00000010
v -30.13688278 2.15006423 0.00000010
v -24.30698776 9.25638485 0.00000010
v -30.29940987 2.19360638 0.00000010
v -24.25000000 9.22057724 0.00000010
v -30.46473312 2.22488117 0.00000010
v -24.19049454 9.18912792 0.00000010
v -30.63193321 2.24371433 0.00000010
v -24.12880707 9.16221333 0.00000010
v -30.80007362 2.25000000 0.00000010
v -24.06527901 9.13998413 0.00000010
v -30.96821213 2.24370337 0.00000010
v -24.00026894 9.12256527 0.00000010
v -31.13541031 2.22485948 0.00000010
v -23.93413734 9.11005211 0.00000010
v -31.30073357 2.19357395 0.00000010
v -23.86725616 9.10251617 0.00000010
v -31.46325493 2.15002155 0.00000010
v -23.79999924 9.10000038 0.00000010
v -19.79999924 19.20000076 0.00000010
v -22.92256546 10.20026875 0.00000010
v -22.93998528 10.26527977 0.00000010
v -22.96221352 10.32880688 0.00000010
v -22.98912811 10.39049530 0.00000010
v -23.02057648 10.44999981 0.00000010
v -23.05638504 10.50698853 0.00000010
v -23.09635162 10.56114101 0.00000010
v -23.14025307 10.61215591 0.00000010
v -23.18784523 10.65974712 0.00000010
v -23.23885918 10.70364857 0.00000010
v -37.00000000 2.00000000 0.00000010
v -32.65905380 1.26744723 0.00000010
v -32.74856949 1.12497902 0.00000010
v -32.82719040 0.97621965 0.00000010
v -32.89447403 0.82200116 0.00000010
v -32.95004272 0.66318589 0.00000010
v -32.99359131 0.50066197 0.00000010
v -33.02487183 0.33533823 0.00000010
v -33.04370880 0.16813925 0.00000010
v -36.95190430 3.28535771 0.00000010
v -32.33041763 1.64934075 0.00000010
v -32.44939041 1.53036320 0.00000010
v -32.55913925 1.40282762 0.00000010
v -21.08535767 19.15190506 0.00000010
v -23.29301262 10.74361515 0.00000010
v -23.35000038 10.77942276 0.00000010
v -22.36352730 19.00789070 0.00000010
v -23.40950394 10.81087208 0.00000010
v -23.47119331 10.83778667 0.00000010
v -23.53471947 10.86001587 0.00000010
v -36.80789185 4.56352711 0.00000010
v -31.92504120 1.94853294 0.00000010
v -32.06750870 1.85901189 0.00000010
v -32.20288467 1.75909495 0.00000010
v -36.56875992 5.82736015 0.00000010
v -31.62206841 2.09444571 0.00000010
v -31.77628517 2.02715731 0.00000010
v -23.62735939 18.76876068 0.00000010
v -23.59973145 10.87743473 0.00000010
v -23.66586113 10.88994789 0.00000010
v -24.86978912 18.43585205 0.00000010
v -23.73274231 10.89748383 0.00000010
v -23.79999924 10.89999962 0.00000010
v -23.86725616 10.89748383 0.00000010
v -36.23585129 7.06978893 0.00000010
v -26.08386612 18.01102829 0.00000010
v -23.93413734 10.88994789 0.00000010
v -24.00026894 10.87743473 0.00000010
v -24.06527901 10.86001587 0.00000010
v -35.81102753 8.28386593 0.00000010
v -27.26280022 17.49666405 0.00000010
v -24.12880707 10.83778667 0.00000010
v -24.19049454 10.81087208 0.00000010
v -24.25000000 10.77942276 0.00000010
v -35.29666519 9.46280003 0.00000010
v -28.39999962 16.89563751 0.00000010
v -24.30698776 10.74361515 0.00000010
v -24.36114120 10.70364857 0.00000010
v -24.41215515 10.65974712 0.00000010
v -34.69563675 10.60000038 0.00000010
v -29.48910522 16.21130753 0.00000010
v -24.45974731 10.61215591 0.00000010
v -24.50364876 10.56114101 0.00000010
v -24.54361534 10.50698853 0.00000010
v -34.01130676 11.68910503 0.00000010
v -33.24750137 12.72402477 0.00000010
v -30.52402496 15.44750118 0.00000010
v -24.57942200 10.44999981 0.00000010
v -24.61087227 10.39049530 0.00000010
v -24.63778687 10.32880688 0.00000010
v -31.49897194 14.60849190 0.00000010
v -24.66001511 10.26527977 0.00000010
v -24.67743492 10.20026875 0.00000010
v -32.40849304 13.69897079 0.00000010
v -23.73274231 9.10251617 0.00000010
v -23.66586113 9.11005211 0.00000010
v -23.59973145 9.12256527 0.00000010
v -23.53471947 9.13998413 0.00000010
v -23.47119331 9.16221333 0.00000010
v -23.40950394 9.18912792 0.00000010
v -23.35000038 9.22057724 0.00000010
v -23.29301262 9.25638485 0.00000010
v -23.23885918 9.29635143 0.00000010
v -23.18784523 9.34025288 0.00000010
v -23.14025307 9.38784409 0.00000010
v -23.09635162 9.43885899 0.00000010
v -23.73274231 -9.10251617 0.00000010
v -23.66586113 -9.11005211 0.00000010
v -23.59973145 -9.12256527 0.00000010
v -23.53471947 -9.13998413 0.00000010
v -23.47119331 -9.16221333 0.00000010
v -23.40950394 -9.18912792 0.00000010
v -23.35000038 -9.22057724 0.00000010
v -23.29301262 -9.25638485 0.00000010
v -23.23885918 -9.29635143 0.00000010
v -23.18784523 -9.34025288 0.00000010
v -23.14025307 -9.38784409 0.00000010
v -23.09635162 -9.43885899 0.00000010
v -28.70558167 -0.82213664 0.00000010
v -28.64999962 -0.66332495 0.00000010
v -28.70558167 0.82213664 0.00000010
v -28.64999962 0.66332495 0.00000010
v 20.90353775 -19.95793533 0.74668008
v 19.70000076 -20.00000000 0.80000007
v 19.70000076 -19.99776268 0.74021602
v 20.90365601 -19.95971107 0.80000007
v 20.90305901 -19.95079613 0.68076628
v 19.70000076 -19.99106407 0.68076628
v 20.90231514 -19.93969727 0.62198335
v 19.70000076 -19.97994232 0.62198335
v 20.90127945 -19.92424774 0.56419593
v 19.70000076 -19.96445847 0.56419593
v 20.89995766 -19.90453339 0.50772727
v 19.70000076 -19.94469833 0.50772727
v 20.89835739 -19.88066292 0.45289311
v 19.70000076 -19.92077446 0.45289311
v 20.89648819 -19.85277176 0.40000010
v 19.70000076 -19.89282036 0.40000010
v 20.89435959 -19.82101250 0.34934404
v 19.70000076 -19.86099052 0.34934404
v 20.89198494 -19.78556633 0.30120826
v 19.70000076 -19.82546425 0.30120826
v 20.88957787 -19.74964714 0.25913823
v 19.70000076 -19.78644180 0.25586191
v 20.88654709 -19.70442200 0.21355860
v 19.70000076 -19.74413872 0.21355860
v 20.88351440 -19.65917778 0.17453492
v 19.70000076 -19.69879150 0.17453492
v 20.88029480 -19.61114883 0.13900907
v 19.70000076 -19.65065575 0.13900907
v 20.87690735 -19.56060600 0.10717978
v 19.70000076 -19.60000038 0.10717978
v 20.87340927 -19.50840950 0.07950393
v 19.70000076 -19.54710770 0.07922500
v 20.87018204 -19.46025276 0.05814671
v 19.70000076 -19.49227333 0.05530110
v 20.86663055 -19.40725899 0.03886146
v 19.70000076 -19.43580437 0.03554185
v 20.86206436 -19.33911896 0.02005777
v 19.70000076 -19.37801743 0.02005777
v 20.85813332 -19.28046799 0.00893544
v 19.70000076 -19.31923294 0.00893544
v 20.85492516 -19.23259354 0.00317934
v 19.70000076 -19.25978470 0.00223706
v 22.10168648 -19.83726120 0.74668008
v 22.10192299 -19.83902359 0.80000007
v 22.10073090 -19.83016777 0.68076628
v 22.09924698 -19.81914520 0.62198335
v 22.09718132 -19.80380058 0.56419593
v 22.09454346 -19.78421783 0.50772727
v 22.09135246 -19.76050758 0.45289311
v 22.08762169 -19.73280334 0.40000010
v 22.08337402 -19.70125771 0.34934404
v 22.07863426 -19.66604996 0.30120826
v 22.07382965 -19.63037109 0.25913823
v 22.06778145 -19.58544922 0.21355860
v 22.06172943 -19.54051018 0.17453492
v 22.05530739 -19.49280357 0.13900907
v 22.04854774 -19.44260025 0.10717978
v 22.04156685 -19.39075470 0.07950393
v 22.03512573 -19.34292221 0.05814671
v 22.02803802 -19.29028320 0.03886146
v 22.01892662 -19.22260284 0.02005777
v 22.01108170 -19.16434479 0.00893544
v 22.00467873 -19.11679268 0.00317934
v 23.28908348 -19.63673592 0.74668008
v 23.28943825 -19.63847923 0.80000007
v 23.28765678 -19.62972260 0.68076628
v 23.28543854 -19.61882401 0.62198335
v 23.28235054 -19.60365105 0.56419593
v 23.52527809 -19.58701897 0.74668008
v 24.46088600 -19.35897446 0.80000007
v 23.27840996 -19.58428764 0.50772727
v 23.52375793 -19.58002472 0.68076628
v 23.27363968 -19.56084442 0.45289311
v 23.52139282 -19.56915665 0.62198335
v 23.26806450 -19.53345108 0.40000010
v 23.51810265 -19.55402756 0.56419593
v 23.26171875 -19.50226212 0.34934404
v 23.51390266 -19.53471947 0.50772727
v 23.25463295 -19.46744919 0.30120826
v 23.24745560 -19.43217087 0.25913823
v 23.50881767 -19.51134109 0.45289311
v 23.50287628 -19.48402596 0.40000010
v 23.23841667 -19.38775635 0.21355860
v 23.49611282 -19.45292282 0.34934404
v 23.22937393 -19.34332085 0.17453492
v 23.48856163 -19.41820908 0.30120826
v 23.21977425 -19.29615211 0.13900907
v 23.48090935 -19.38303185 0.25913823
v 23.20967293 -19.24651337 0.10717978
v 23.47127724 -19.33873940 0.21355860
v 23.19924164 -19.19524956 0.07950393
v 23.18961716 -19.14795494 0.05814671
v 23.46163940 -19.29442978 0.17453492
v 23.17902565 -19.09590721 0.03886146
v 23.45140839 -19.24739456 0.13900907
v 23.44064140 -19.19789505 0.10717978
v 23.16540718 -19.02898788 0.02005777
v 23.42952347 -19.14677620 0.07950393
v 23.15368462 -18.97138596 0.00893544
v 23.14411545 -18.92436600 0.00317934
v 23.41926575 -19.09961510 0.05814671
v 24.46041489 -19.35725784 0.74668008
v 23.40797615 -19.04771614 0.03886146
v 24.45852280 -19.35035706 0.68076628
v 23.39346313 -18.98098373 0.02005777
v 24.45557976 -19.33963013 0.62198335
v 23.38096809 -18.92354393 0.00893544
v 24.45148468 -19.32469749 0.56419593
v 23.37077141 -18.87665749 0.00317934
v 24.44625854 -19.30564308 0.50772727
v 24.43992996 -19.28256989 0.45289311
v 24.77000618 -19.26936531 0.74668008
v 25.61101913 -19.00176048 0.80000007
v 24.43253708 -19.25561142 0.40000010
v 24.76799011 -19.26249886 0.68076628
v 24.42411804 -19.22491455 0.34934404
v 24.76485634 -19.25182724 0.62198335
v 24.41472244 -19.19065475 0.30120826
v 24.76049423 -19.23697090 0.56419593
v 24.40519905 -19.15593529 0.25913823
v 24.75492859 -19.21801186 0.50772727
v 24.39321136 -19.11222458 0.21355860
v 24.74818993 -19.19505692 0.45289311
v 24.38121796 -19.06849289 0.17453492
v 24.74031448 -19.16823387 0.40000010
v 24.36848640 -19.02207184 0.13900907
v 24.73134804 -19.13769341 0.34934404
v 24.35508728 -18.97321892 0.10717978
v 24.72134209 -19.10360527 0.30120826
v 24.34125137 -18.92276764 0.07950393
v 24.71120071 -19.06906319 0.25913823
v 24.32848549 -18.87622261 0.05814671
v 24.69843102 -19.02557182 0.21355860
v 24.31443787 -18.82500076 0.03886146
v 24.68565750 -18.98206329 0.17453492
v 24.29637527 -18.75914192 0.02005777
v 24.67209816 -18.93587685 0.13900907
v 24.28082657 -18.70245171 0.00893544
v 24.65782928 -18.88727188 0.10717978
v 24.26813507 -18.65617752 0.00317934
v 24.64309311 -18.83707619 0.07950393
v 25.61043549 -19.00008011 0.74668008
v 24.62949753 -18.79076576 0.05814671
v 25.60808563 -18.99332047 0.68076628
v 24.61453438 -18.73980331 0.03886146
v 25.60443306 -18.98281479 0.62198335
v 24.59529686 -18.67427826 0.02005777
v 25.59934807 -18.96818924 0.56419593
v 24.57873917 -18.61787415 0.00893544
v 25.59285927 -18.94952583 0.50772727
v 24.56522179 -18.57183456 0.00317934
v 25.58500290 -18.92692947 0.45289311
v 25.57582283 -18.90052414 0.40000010
v 25.98890495 -18.86373711 0.74668008
v 26.73469353 -18.56843758 0.80000007
v 25.56537056 -18.87046051 0.34934404
v 25.98640442 -18.85703278 0.68076628
v 25.55370331 -18.83690453 0.30120826
v 25.98251724 -18.84661102 0.62198335
v 25.54188156 -18.80290031 0.25913823
v 25.97710800 -18.83210373 0.56419593
v 25.52699661 -18.76008797 0.21355860
v 25.97020340 -18.81358910 0.50772727
v 25.51210594 -18.71725655 0.17453492
v 25.96184349 -18.79117393 0.45289311
v 25.49629784 -18.67178917 0.13900907
v 25.95207596 -18.76498032 0.40000010
v 25.47966385 -18.62394333 0.10717978
v 25.94095421 -18.73515701 0.34934404
v 25.46248436 -18.57452965 0.07950393
v 25.92854118 -18.70186996 0.30120826
v 25.44663429 -18.52894402 0.05814671
v 25.91596222 -18.66814041 0.25913823
v 25.42919350 -18.47877502 0.03886146
v 25.90012360 -18.62566948 0.21355860
v 25.40676689 -18.41427040 0.02005777
v 25.88427925 -18.58318138 0.17453492
v 25.38746262 -18.35874748 0.00893544
v 25.86745834 -18.53808022 0.13900907
v 25.37170601 -18.31342506 0.00317934
v 25.84975815 -18.49061775 0.10717978
v 26.73399734 -18.56679916 0.74668008
v 25.83148003 -18.44160080 0.07950393
v 26.73120117 -18.56021309 0.68076628
v 25.81461525 -18.39637947 0.05814671
v 26.72685432 -18.54997444 0.62198335
v 25.79605675 -18.34661293 0.03886146
v 26.72080231 -18.53572083 0.56419593
v 25.77219391 -18.28262711 0.02005777
v 26.71307945 -18.51753426 0.50772727
v 25.75165367 -18.22754860 0.00893544
v 26.70372963 -18.49551201 0.45289311
v 25.73488808 -18.18259048 0.00317934
v 26.69280434 -18.46978188 0.40000010
v 26.68036652 -18.44048309 0.34934404
v 27.17576599 -18.37219810 0.74668008
v 27.82687378 -18.06094360 0.80000007
v 26.66648102 -18.40778351 0.30120826
v 27.17279243 -18.36568832 0.68076628
v 26.65241241 -18.37464523 0.25913823
v 27.16817284 -18.35557175 0.62198335
v 26.63469696 -18.33292389 0.21355860
v 27.16174126 -18.34148598 0.56419593
v 26.61697578 -18.29118347 0.17453492
v 27.15353394 -18.32351112 0.50772727
v 26.59816360 -18.24687576 0.13900907
v 27.14359665 -18.30175018 0.45289311
v 26.57836533 -18.20024872 0.10717978
v 27.13198662 -18.27631950 0.40000010
v 26.55792046 -18.15209579 0.07950393
v 26.53905869 -18.10766983 0.05814671
v 27.11876488 -18.24736595 0.34934404
v 26.51830101 -18.05878067 0.03886146
v 27.10400963 -18.21504974 0.30120826
v 27.08905602 -18.18230247 0.25913823
v 26.49161148 -17.99592018 0.02005777
v 27.07022858 -18.14107132 0.21355860
v 26.46863747 -17.94181252 0.00893544
v 26.44988632 -17.89764595 0.00317934
v 27.05139351 -18.09982109 0.17453492
v 27.82607079 -18.05935669 0.74668008
v 27.03140068 -18.05603409 0.13900907
v 27.82283974 -18.05297089 0.68076628
v 27.01036072 -18.00995445 0.10717978
v 27.81781769 -18.04304695 0.62198335
v 26.98863029 -17.96236610 0.07950393
v 27.81082726 -18.02923012 0.56419593
v 26.96858406 -17.91846275 0.05814671
v 26.94652176 -17.87014771 0.03886146
v 27.80190659 -18.01160049 0.50772727
v 27.79110527 -17.99025345 0.45289311
v 26.91815567 -17.80802536 0.02005777
v 27.77848434 -17.96530914 0.40000010
v 26.89373970 -17.75455284 0.00893544
v 26.87380981 -17.71090508 0.00317934
v 27.76411247 -17.93690872 0.34934404
v 27.74807358 -17.90521049 0.30120826
v 27.73181915 -17.87308884 0.25913823
v 28.32454300 -17.79725456 0.74668008
v 28.88267517 -17.48155212 0.80000007
v 27.71135521 -17.83264542 0.21355860
v 28.32111359 -17.79097366 0.68076628
v 27.69088173 -17.79218292 0.17453492
v 28.31578255 -17.78120995 0.62198335
v 27.66914749 -17.74923325 0.13900907
v 28.30836296 -17.76762009 0.56419593
v 27.64627647 -17.70403290 0.10717978
v 28.29889488 -17.75027657 0.50772727
v 27.62265778 -17.65735435 0.07950393
v 28.28743172 -17.72927856 0.45289311
v 27.60086632 -17.61429024 0.05814671
v 28.27403450 -17.70474243 0.40000010
v 27.57688713 -17.56689835 0.03886146
v 28.25878334 -17.67680550 0.34934404
v 27.54605293 -17.50596428 0.02005777
v 28.24176025 -17.64562416 0.30120826
v 27.51951408 -17.45351410 0.00893544
v 28.22450829 -17.61402512 0.25913823
v 27.49784851 -17.41069984 0.00317934
v 28.20278931 -17.57424164 0.21355860
v 28.88176727 -17.48002243 0.74668008
v 28.18105888 -17.53444099 0.17453492
v 28.87811661 -17.47386742 0.68076628
v 28.15799332 -17.49219131 0.13900907
v 28.87244415 -17.46430206 0.62198335
v 28.13371849 -17.44773102 0.10717978
v 28.86454391 -17.45098305 0.56419593
v 28.10865021 -17.40181351 0.07950393
v 28.85446358 -17.43398857 0.50772727
v 28.08552361 -17.35945129 0.05814671
v 28.84225845 -17.41341209 0.45289311
v 28.06007195 -17.31283379 0.03886146
v 28.82799721 -17.38936806 0.40000010
v 28.02734756 -17.25289345 0.02005777
v 28.81175995 -17.36199188 0.34934404
v 27.99917984 -17.20129967 0.00893544
v 28.79363632 -17.33143806 0.30120826
v 27.97618675 -17.15918350 0.00317934
v 28.77527046 -17.30047417 0.25913823
v 28.75214767 -17.26148987 0.21355860
v 29.42938232 -17.14183235 0.74668008
v 29.89736938 -16.83285713 0.80000007
v 28.72901535 -17.22248840 0.17453492
v 29.42551422 -17.13581085 0.68076628
v 28.70445824 -17.18108559 0.13900907
v 29.41950035 -17.12645531 0.62198335
v 28.67861557 -17.13751793 0.10717978
v 29.41113091 -17.11342812 0.56419593
v 28.65192795 -17.09252357 0.07950393
v 29.40044975 -17.09680367 0.50772727
v 28.62730598 -17.05101204 0.05814671
v 29.38751602 -17.07667732 0.45289311
v 28.60021019 -17.00533104 0.03886146
v 29.37240601 -17.05315971 0.40000010
v 28.56537247 -16.94659233 0.02005777
v 29.35519981 -17.02638054 0.34934404
v 28.53538322 -16.89603424 0.00893544
v 29.33599472 -16.99649429 0.30120826
v 28.51090622 -16.85476494 0.00317934
v 29.31653404 -16.96620560 0.25913823
v 29.89636230 -16.83139038 0.74668008
v 29.92160034 -16.81400871 0.74668008
v 29.90924835 -16.82414055 0.77326459
v 29.29203033 -16.92807388 0.21355860
v 29.89230728 -16.82549286 0.68076628
v 29.96572304 -16.77053452 0.65969855
v 29.94196892 -16.79523277 0.70513695
v 29.26751900 -16.88992310 0.17453492
v 29.88600731 -16.81632805 0.62198335
v 29.99331093 -16.73861694 0.61029971
v 29.24149704 -16.84942818 0.13900907
v 29.87723541 -16.80356789 0.56419593
v 29.21411324 -16.80681038 0.10717978
v 29.86604118 -16.78728676 0.50772727
v 29.18583488 -16.76279831 0.07950393
v 29.85248756 -16.76757240 0.45289311
v 29.15974426 -16.72219467 0.05814671
v 29.83665085 -16.74453545 0.40000010
v 29.13103294 -16.67751122 0.03886146
v 30.01513481 -16.68367195 0.50772727
v 30.06184578 -16.64696503 0.49998066
v 30.02519417 -16.69799042 0.55699164
v 29.81861877 -16.71830750 0.34934404
v 29.09411621 -16.62005615 0.02005777
v 30.00138283 -16.66409492 0.45289311
v 30.10373878 -16.58365250 0.43967581
v 29.79849243 -16.68903160 0.30120826
v 29.06233788 -16.57060242 0.00893544
v 29.77809715 -16.65936661 0.25913823
v 29.98531342 -16.64122009 0.40000010
v 29.03639984 -16.53023529 0.00317934
v 29.96701813 -16.61517525 0.34934404
v 29.75241852 -16.62201500 0.21355860
v 29.94659615 -16.58610535 0.30120826
v 29.72673035 -16.58464622 0.17453492
v 29.92590141 -16.55664635 0.25913823
v 29.69945908 -16.54498100 0.13900907
v 29.89984703 -16.51955795 0.21355860
v 29.67076111 -16.50323868 0.10717978
v 30.14089584 -16.49147034 0.34934404
v 30.19971657 -16.42144394 0.31837860
v 30.15134239 -16.50597000 0.37674460
v 29.87378120 -16.48245239 0.17453492
v 29.64112473 -16.46012878 0.07950393
v 30.12012863 -16.46264648 0.30120826
v 29.61378288 -16.42035675 0.05814671
v 29.84611130 -16.44306374 0.13900907
v 30.09908295 -16.43343735 0.25913823
v 30.25405312 -16.32050896 0.25913823
v 29.58369255 -16.37658882 0.03886146
v 29.81699181 -16.40161324 0.10717978
v 30.07258797 -16.39666176 0.21355860
v 29.78692055 -16.35880470 0.07950393
v 29.54500389 -16.32031250 0.02005777
v 30.04607964 -16.35987091 0.17453492
v 29.75917816 -16.31931305 0.05814671
v 29.51170158 -16.27187347 0.00893544
v 30.01794052 -16.32081604 0.13900907
v 29.72864723 -16.27585220 0.03886146
v 29.48451805 -16.23233223 0.00317934
v 29.98832893 -16.27971649 0.10717978
v 30.22716331 -16.28402138 0.21355860
v 30.31490517 -16.20092392 0.20048928
v 29.68939018 -16.21997070 0.02005777
v 29.95774841 -16.23727036 0.07950393
v 30.20026016 -16.24751854 0.17453492
v 29.65559959 -16.17186928 0.00893544
v 29.92953491 -16.19811249 0.05814671
v 30.17170143 -16.20876884 0.13900907
v 29.62801743 -16.13260651 0.00317934
v 29.89848709 -16.15501785 0.03886146
v 30.14164925 -16.16799164 0.10717978
v 29.85856628 -16.09960938 0.02005777
v 30.11061287 -16.12587738 0.07950393
v 29.82420349 -16.05191612 0.00893544
v 30.08197784 -16.08702660 0.05814671
v 29.79615402 -16.01298523 0.00317934
v 30.05046844 -16.04426956 0.03886146
v 30.36703873 -16.06271553 0.13900907
v 30.43820953 -15.94337082 0.10663553
v 30.37619400 -16.07478333 0.14959565
v 30.00995255 -15.98929405 0.02005777
v 30.33642578 -16.02235603 0.10717978
v 29.97507668 -15.94197464 0.00893544
v 30.30480957 -15.98067570 0.07950393
v 29.94660950 -15.90334797 0.00317934
v 30.27564049 -15.94222260 0.05814671
v 30.24354362 -15.89990616 0.03886146
v 30.20227051 -15.84549618 0.02005777
v 30.16674614 -15.79866219 0.00893544
v 30.45660973 -15.80308437 0.05814671
v 30.53418732 -15.74227715 0.05814671
v 30.48627663 -15.84115314 0.07950394
v 30.13774872 -15.76043320 0.00317934
v 30.42396164 -15.76118946 0.03886146
v 30.38198280 -15.70732307 0.02005777
v 30.56559563 -15.68163776 0.04742809
v 30.34584999 -15.66095638 0.00893544
v 30.31635666 -15.62310886 0.00317934
v 30.55733299 -15.56885338 0.02005777
v 30.52060699 -15.52295589 0.00893544
v 30.49062920 -15.48548985 0.00317934
v 30.71809959 -15.30028629 0.00317934
v 30.54021645 -19.98470497 4.63896704
v 30.48627663 -19.97883415 4.63939238
v 30.43820953 -19.97044945 4.63999987
v 30.37619400 -19.95507622 4.64111328
v 30.31490517 -19.93454933 4.64260006
v 30.25405312 -19.90847588 4.64448833
v 30.54021645 -19.94560242 4.27982092
v 30.20000076 -19.88003731 4.64654827
v 30.48627663 -19.93977547 4.28066921
v 30.15134239 -19.84964561 4.64874935
v 30.43820953 -19.93145752 4.28188038
v 30.10373878 -19.81486130 4.65126848
v 30.37619400 -19.91620445 4.28410149
v 30.06184578 -19.77941895 4.65383577
v 30.31490517 -19.89583969 4.28706694
v 30.02519417 -19.74398994 4.65640163
v 29.99331093 -19.70913315 4.65892649
v 30.25405312 -19.86996841 4.29083443
v 29.96572304 -19.67529106 4.66137743
v 30.54021645 -19.88065529 3.92443752
v 30.20000076 -19.84175491 4.29494286
v 29.93900871 -19.63850594 4.66404200
v 30.48627663 -19.87490654 3.92570448
v 30.15134239 -19.81160164 4.29933405
v 29.90924835 -19.59153557 4.66744375
v 30.43820953 -19.86669731 3.92751360
v 30.10373878 -19.77709007 4.30435944
v 29.87922478 -19.53522682 4.67152214
v 30.37619400 -19.85164452 3.93083048
v 30.06184578 -19.74192429 4.30948019
v 29.85530090 -19.48053551 4.67548323
v 30.31490517 -19.83154678 3.93525958
v 30.02519417 -19.70677376 4.31459904
v 29.83554268 -19.42421532 4.67956257
v 29.99331093 -19.67218971 4.31963491
v 30.25405312 -19.80601692 3.94088578
v 29.96572304 -19.63861465 4.32452440
v 30.54021645 -19.79020691 3.57467413
v 29.82098961 -19.37059975 4.68344593
v 30.20000076 -19.77817154 3.94702196
v 29.93900871 -19.60211754 4.32983875
v 30.48627663 -19.78456306 3.57635331
v 29.80893517 -19.30794907 4.68798351
v 30.15134239 -19.74841499 3.95357966
v 29.90924835 -19.55551529 4.33662510
v 30.43820953 -19.77650642 3.57875061
v 29.80315781 -19.25985336 4.69146681
v 29.79999924 -19.18868065 4.69184542
v 30.10373878 -19.71435738 3.96108508
v 29.87922478 -19.49964905 4.34476042
v 30.37619400 -19.76173401 3.58314633
v 30.06184578 -19.67965317 3.96873283
v 29.85530090 -19.44538689 4.35266209
v 30.31490517 -19.74200821 3.58901572
v 30.02519417 -19.64496422 3.97637725
v 29.83554268 -19.38950729 4.36079931
v 29.99331093 -19.61083412 3.98389840
v 30.25405312 -19.71695137 3.59647155
v 29.96572304 -19.57769966 3.99120069
v 30.54021645 -19.67472839 3.23235869
v 29.82098961 -19.33631325 4.36854553
v 30.20000076 -19.68962288 3.60460305
v 29.93900871 -19.54168129 3.99913788
v 30.48627663 -19.66921997 3.23444104
v 29.80893517 -19.27415466 4.37759686
v 30.15134239 -19.66041756 3.61329341
v 29.90924835 -19.49569130 4.00927305
v 30.43820953 -19.66135788 3.23741436
v 29.80315781 -19.22643661 4.38454580
v 29.79999924 -19.15478134 4.38535166
v 30.10373878 -19.62699127 3.62323928
v 29.87922478 -19.44055939 4.02142239
v 30.37619400 -19.64694214 3.24286556
v 30.06184578 -19.59292984 3.63337398
v 29.85530090 -19.38701057 4.03322315
v 30.31490517 -19.62769127 3.25014448
v 30.02519417 -19.55888367 3.64350462
v 29.83554268 -19.33186531 4.04537582
v 29.99331093 -19.52538681 3.65347147
v 30.25405312 -19.60323715 3.25939107
v 29.96572304 -19.49286461 3.66314816
v 30.54021645 -19.53482246 2.89927983
v 29.82098961 -19.27936745 4.05694485
v 30.20000076 -19.57656860 3.26947570
v 29.93900871 -19.45751572 3.67366672
v 30.48627663 -19.52947998 2.90175462
v 29.80893517 -19.21802521 4.07046270
v 30.15134239 -19.54806709 3.28025293
v 29.90924835 -19.41237640 3.68709755
v 30.43820953 -19.52185249 2.90528798
v 29.80315781 -19.17093468 4.08084059
v 29.79999924 -19.09848595 4.08217144
v 30.10373878 -19.51544571 3.29258752
v 29.87922478 -19.35826683 3.70319819
v 30.37619400 -19.50786781 2.91176653
v 30.06184578 -19.48220634 3.30515647
v 29.85530090 -19.30570984 3.71883631
v 30.31490517 -19.48919296 2.92041707
v 30.02519417 -19.44898033 3.31771994
v 29.83554268 -19.25158691 3.73494077
v 29.99331093 -19.41629219 3.33008051
v 30.25405312 -19.46547127 2.93140578
v 29.96572304 -19.38455391 3.34208131
v 30.54021645 -19.37121964 2.57717776
v 29.82098961 -19.20006180 3.75027180
v 30.20000076 -19.43959999 2.94339061
v 29.93900871 -19.35005569 3.35512590
v 30.48627663 -19.36607170 2.58003187
v 29.80893517 -19.13985634 3.76818585
v 30.15134239 -19.41195107 2.95619869
v 29.90924835 -19.30600548 3.37178230
v 30.43820953 -19.35871887 2.58410692
v 29.80315781 -19.09363747 3.78193831
v 29.79999924 -19.02009964 3.78393865
v 30.10373878 -19.38030815 2.97085738
v 29.87922478 -19.25320053 3.39174986
v 30.37619400 -19.34523773 2.59157896
v 30.06184578 -19.34806252 2.98579478
v 29.85530090 -19.20191002 3.41114378
v 30.31490517 -19.32723808 2.60155582
v 30.02519417 -19.31583023 3.00072551
v 29.83554268 -19.14909172 3.43111610
v 29.99331093 -19.28412056 3.01541543
v 30.25405312 -19.30437088 2.61422968
v 29.96572304 -19.25333214 3.02967739
v 30.54021645 -19.18477821 2.26773548
v 29.82098961 -19.09881020 3.45012903
v 30.20000076 -19.27943420 2.62805200
v 29.93900871 -19.21986771 3.04518008
v 30.48627663 -19.17984772 2.27095413
v 29.80893517 -19.04005623 3.47234535
v 30.15134239 -19.25278282 2.64282370
v 29.90924835 -19.17713547 3.06497502
v 30.43820953 -19.17280960 2.27554989
v 29.80315781 -18.99495125 3.48940086
v 29.79999924 -18.92004204 3.49226093
v 30.10373878 -19.22228050 2.65973020
v 29.87922478 -19.12590981 3.08870506
v 30.37619400 -19.15990448 2.28397608
v 30.06184578 -19.19119835 2.67695785
v 29.85530090 -19.07615471 3.11175346
v 30.31490517 -19.14267159 2.29522705
v 30.02519417 -19.16012955 2.69417810
v 29.83554268 -19.02491760 3.13548923
v 29.99331093 -19.12956238 2.71112037
v 30.25405312 -19.12078094 2.30951953
v 29.96572304 -19.09988594 2.72756886
v 30.54021645 -18.97646904 1.97257006
v 29.82098961 -18.97614098 3.15808463
v 30.20000076 -19.09690666 2.32510734
v 29.93900871 -19.06762886 2.74544859
v 30.48627663 -18.97178459 1.97613657
v 29.80893517 -18.91914368 3.18448734
v 30.15134239 -19.07139206 2.34176588
v 29.90924835 -19.02643776 2.76827884
v 30.43820953 -18.96509552 1.98122859
v 29.80315781 -18.87538910 3.20475650
v 29.79999924 -18.79885292 3.20871067
v 30.10373878 -19.04219055 2.36083174
v 29.87922478 -18.97706032 2.79564738
v 30.37619400 -18.95283318 1.99056506
v 30.06184578 -19.01243401 2.38025951
v 29.85530090 -18.92910004 2.82222986
v 30.31490517 -18.93645859 2.00303173
v 30.02519417 -18.98269081 2.39967895
v 29.83554268 -18.87971115 2.84960485
v 29.99331093 -18.95342827 2.41878510
v 30.25405312 -18.91565704 2.01886821
v 29.96572304 -18.92501640 2.43733478
v 30.54021645 -18.74738121 1.69322395
v 29.82098961 -18.83269501 2.87566495
v 30.20000076 -18.89297104 2.03613997
v 29.93900871 -18.89413452 2.45749807
v 30.48627663 -18.74296761 1.69711947
v 29.80893517 -18.77775383 2.90611601
v 30.15134239 -18.86872673 2.05459809
v 29.90924835 -18.85470200 2.48324418
v 30.43820953 -18.73666382 1.70268142
v 29.80315781 -18.73557854 2.92949295
v 29.79999924 -18.65718651 2.93481612
v 30.10373878 -18.84097862 2.07572341
v 29.87922478 -18.80743027 2.51410794
v 30.37619400 -18.72510719 1.71287942
v 30.06184578 -18.81270409 2.09725022
v 29.85530090 -18.76151466 2.54408574
v 30.31490517 -18.70967484 1.72649634
v 30.02519417 -18.78444099 2.11876750
v 29.83554268 -18.71423340 2.57495689
v 29.99331093 -18.75663567 2.13993764
v 30.25405312 -18.69007301 1.74379408
v 29.96572304 -18.72963905 2.16049099
v 30.54021645 -18.49871254 1.43115664
v 29.82098961 -18.66922188 2.60434532
v 30.20000076 -18.66869354 1.76265943
v 29.93900871 -18.70029259 2.18283248
v 30.48627663 -18.49459076 1.43536079
v 29.80893517 -18.61662483 2.63868570
v 30.15134239 -18.64584541 1.78282070
v 29.90924835 -18.66282272 2.21135998
v 30.43820953 -18.48870659 1.44136357
v 29.80315781 -18.57624817 2.66504836
v 29.79999924 -18.49580765 2.67205381
v 30.10373878 -18.61969757 1.80589545
v 29.87922478 -18.61790466 2.24555826
v 30.37619400 -18.47791672 1.45236981
v 30.06184578 -18.59305191 1.82940841
v 29.85530090 -18.57427597 2.27877426
v 30.31490517 -18.46350861 1.46706593
v 30.02519417 -18.56641769 1.85291123
v 29.83554268 -18.52934647 2.31298065
v 29.99331093 -18.54021263 1.87603474
v 30.25405312 -18.44520760 1.48573446
v 29.96572304 -18.51477051 1.89848471
v 30.54021645 -18.23176193 1.18773758
v 29.82098961 -18.48657608 2.34554386
v 30.20000076 -18.42524719 1.50609493
v 29.93900871 -18.48711586 1.92288768
v 30.48627663 -18.22795486 1.19222856
v 29.80893517 -18.43659782 2.38359404
v 30.15134239 -18.40391541 1.52785408
v 29.90924835 -18.45180511 1.95404744
v 30.43820953 -18.22251892 1.19864070
v 29.80315781 -18.39822960 2.41280460
v 29.79999924 -18.31558228 2.42184019
v 30.10373878 -18.37950134 1.55275750
v 29.87922478 -18.40947342 1.99140108
v 30.37619400 -18.21255302 1.21039760
v 30.06184578 -18.35462379 1.57813394
v 29.85530090 -18.36835861 2.02768207
v 30.31490517 -18.19924545 1.22609603
v 30.02519417 -18.32975769 1.60349941
v 29.83554268 -18.32601738 2.06504464
v 29.99331093 -18.30529022 1.62845552
v 30.25405312 -18.18234062 1.24603796
v 29.96572304 -18.28153801 1.65268457
v 30.54021645 -17.94792557 0.96423864
v 29.82098961 -18.28571129 2.10061264
v 30.20000076 -18.16390228 1.26778722
v 29.93900871 -18.25571823 1.67902160
v 30.48627663 -17.94445229 0.96899289
v 29.80893517 -18.23861122 2.14217377
v 30.15134239 -18.14419746 1.29103053
v 29.90924835 -18.22274971 1.71265090
v 30.43820953 -17.93949509 0.97578102
v 29.80315781 -18.20245552 2.17407942
v 29.79999924 -18.11748695 2.18552399
v 30.10373878 -18.12164688 1.31763244
v 29.87922478 -18.18322945 1.75296474
v 30.37619400 -17.93040276 0.98822713
v 30.06184578 -18.09866714 1.34473968
v 29.85530090 -18.14484215 1.79212117
v 30.31490517 -17.91826439 1.00484598
v 30.02519417 -18.07569695 1.37183523
v 29.83554268 -18.10531044 1.83244479
v 29.99331093 -18.05309868 1.39849353
v 30.25405312 -17.90284348 1.02595699
v 29.96572304 -18.03115845 1.42437518
v 30.54021645 -17.64868546 0.76182771
v 29.82098961 -18.06767845 1.87083149
v 30.20000076 -17.88602448 1.04898131
v 29.93900871 -18.00730896 1.45250857
v 30.48627663 -17.64556503 0.76682043
v 29.80893517 -18.02370453 1.91568637
v 30.15134239 -17.86805153 1.07358730
v 29.90924835 -17.97685623 1.48843157
v 30.43820953 -17.64110947 0.77394903
v 29.80315781 -17.98994637 1.95012081
v 29.79999924 -17.90258598 1.96437919
v 30.10373878 -17.84748077 1.10174882
v 29.87922478 -17.94034958 1.53149521
v 30.37619400 -17.63294029 0.78701937
v 30.06184578 -17.82651901 1.13044524
v 29.85530090 -17.90489197 1.57332230
v 30.31490517 -17.62203407 0.80447167
v 30.02519417 -17.80556679 1.15912938
v 29.83554268 -17.86837578 1.61639631
v 29.99331093 -17.78495407 1.18735051
v 30.25405312 -17.60817909 0.82664156
v 29.96572304 -17.76494026 1.21474946
v 30.54021645 -17.33560371 0.58156246
v 29.82098961 -17.83361626 1.65740120
v 30.20000076 -17.59306717 0.85082060
v 29.93900871 -17.74318504 1.24453223
v 30.48627663 -17.33285141 0.58676755
v 29.80893517 -17.79299736 1.70531547
v 30.15134239 -17.57691956 0.87666065
v 29.90924835 -17.71540642 1.28256130
v 30.43820953 -17.32892418 0.59419930
v 29.80315781 -17.76181602 1.74209857
v 29.79999924 -17.67203903 1.75959766
v 30.10373878 -17.55843544 0.90623456
v 30.54021645 -17.19738388 0.51122087
v 29.87922478 -17.68210602 1.32814956
v 30.37619400 -17.32172012 0.60782558
v 30.06184578 -17.53960228 0.93637031
v 30.48627663 -17.19479561 0.51650876
v 29.85530090 -17.64976311 1.37242889
v 30.31490517 -17.31210327 0.62602025
v 30.02519417 -17.52077675 0.96649301
v 30.43820953 -17.19109917 0.52405888
v 29.83554268 -17.61645508 1.41802812
v 29.99331093 -17.50225639 0.99612963
v 30.25405312 -17.29988480 0.64913309
v 30.54021645 -17.04713631 0.44073838
v 30.37619400 -17.18432236 0.53790212
v 29.96572304 -17.48427391 1.02490282
v 29.82098961 -17.58474731 1.46143687
v 30.48627663 -17.04472542 0.44610932
v 30.20000076 -17.28656006 0.67434055
v 30.31490517 -17.17527390 0.55638641
v 29.93900871 -17.46472740 1.05617929
v 30.43820953 -17.04128075 0.45377800
v 29.80893517 -17.54769516 1.51216018
v 30.15134239 -17.27231979 0.70127964
v 29.90924835 -17.43976784 1.09611559
v 30.25405312 -17.16378021 0.57986718
v 29.80315781 -17.51925278 1.55109978
v 29.79999924 -17.42708778 1.57228339
v 30.54021645 -16.88771057 0.37245393
v 30.37619400 -17.03496742 0.46783856
v 30.10373878 -17.25602341 0.73211151
v 29.87922478 -17.40984917 1.14399028
v 30.20000076 -17.15124321 0.60547596
v 30.48627663 -16.88548660 0.37790531
v 30.06184578 -17.23941612 0.76352900
v 30.31490517 -17.02653885 0.48661309
v 30.15134239 -17.13784599 0.63284391
v 29.85530090 -17.38078880 1.19049048
v 30.43820953 -16.88231277 0.38568884
v 30.02519417 -17.22281456 0.79493296
v 30.25405312 -17.01582909 0.51046258
v 30.10373878 -17.12251282 0.66416663
v 29.83554268 -17.35086060 1.23837662
v 30.37619400 -16.87648964 0.39996001
v 29.99331093 -17.20648193 0.82583010
v 30.54021645 -16.71770668 0.30669409
v 30.20000076 -17.00415039 0.53647345
v 29.96572304 -17.19062614 0.85582709
v 30.06184578 -17.10688782 0.69608432
v 29.82098961 -17.32237244 1.28396261
v 30.48627663 -16.71568298 0.31222296
v 30.31490517 -16.86871719 0.41901571
v 30.15134239 -16.99166870 0.56427115
v 29.93900871 -17.17338943 0.88843387
v 30.02519417 -17.09127045 0.72798818
v 30.43820953 -16.71279335 0.32011709
v 29.80893517 -17.28908157 1.33722997
v 30.25405312 -16.85884285 0.44322240
v 29.99331093 -17.07590485 0.75937724
v 29.90924835 -17.15138245 0.93006885
v 30.10373878 -16.97738457 0.59608567
v 29.80315781 -17.26352501 1.37812245
v 29.79999924 -17.16905403 1.40344596
v 30.37619400 -16.70749664 0.33459106
v 30.54021645 -16.54791069 0.24798928
v 29.96572304 -17.06098557 0.78985178
v 30.20000076 -16.84807205 0.46962285
v 30.06184578 -16.96282768 0.62850451
v 29.87922478 -17.12499809 0.97997987
v 30.48627663 -16.54608727 0.25358731
v 30.31490517 -16.70042229 0.35391757
v 29.93900871 -17.04476929 0.82297766
v 30.15134239 -16.83656311 0.49783689
v 30.02519417 -16.94827843 0.66090941
v 29.85530090 -17.09937286 1.02845776
v 30.43820953 -16.54348373 0.26158017
v 29.90924835 -17.02406502 0.86527550
v 29.99331093 -16.93396378 0.69279128
v 30.25405312 -16.69143677 0.37846825
v 30.10373878 -16.82339096 0.53012788
v 29.83554268 -17.07298279 1.07838082
v 30.37619400 -16.53870964 0.27623516
v 29.96572304 -16.92006493 0.72374433
v 29.87922478 -16.99924278 0.91598105
v 30.20000076 -16.68163872 0.40524384
v 30.06184578 -16.80996895 0.56303227
v 30.54021645 -16.34101868 0.18551086
v 29.82098961 -17.04786110 1.12590575
v 29.93900871 -16.90495872 0.75739038
v 30.31490517 -16.53233528 0.29580343
v 29.85530090 -16.97513390 0.96523076
v 29.84125137 -16.87128258 0.95863348
v 29.85394859 -16.86261559 0.91588402
v 30.02519417 -16.79655075 0.59592247
v 30.15134239 -16.67116547 0.43385881
v 30.48627663 -16.33943748 0.19118248
v 29.90924835 -16.88566780 0.80035233
v 29.80893517 -17.01850700 1.18143868
v 29.99331093 -16.78335190 0.62828183
v 30.25405312 -16.52423859 0.32066119
v 29.83554268 -16.95030594 1.01594853
v 29.83030128 -16.87874413 1.00127029
v 29.82098961 -16.88507843 1.04414117
v 30.43820953 -16.33718300 0.19928043
v 30.10373878 -16.65917969 0.46660870
v 29.80315781 -16.99597168 1.22407055
v 29.80315781 -16.89718819 1.17348421
v 29.80079460 -16.89879036 1.21379149
v 29.79999924 -16.89932823 1.25399554
v 29.87922478 -16.86254311 0.85185409
v 29.86826897 -16.85282135 0.87350565
v 30.20000076 -16.51540756 0.34777170
v 29.82098961 -16.92667007 1.06423008
v 29.81334114 -16.89027596 1.08717990
v 30.37619400 -16.33304596 0.21412812
v 29.80893517 -16.89905357 1.12064707
v 29.80738640 -16.89431763 1.13031793
v 30.31490517 -16.32752419 0.23395364
v 30.54021645 -16.08121109 0.12059251
v 30.48627663 -16.07993698 0.12634061
v 30.43820953 -16.07811928 0.13454776
v 30.54021645 -15.84214497 0.07370060
v 30.54021645 -15.37348366 13.98378849
v 30.54021645 -15.00000000 13.99776268
v 30.48076630 -15.37298298 13.97710896
v 30.48076630 -15.00000000 13.99106503
v 30.42198372 -15.37215137 13.96601772
v 30.42198372 -15.00000000 13.97994232
v 30.36419678 -15.37099457 13.95057678
v 30.36419678 -15.00000000 13.96445847
v 30.30772781 -15.36951828 13.93087292
v 30.30772781 -15.00000000 13.94469929
v 30.25289345 -15.36773014 13.90701580
v 30.25289345 -15.00000000 13.92077541
v 30.54021645 -15.74487782 13.94194221
v 30.20000076 -15.36564064 13.87913895
v 30.20000076 -15.00000000 13.89282036
v 30.48076630 -15.74387932 13.93531895
v 30.14934349 -15.36326218 13.84739876
v 30.14934349 -15.00000000 13.86099148
v 30.42198372 -15.74222183 13.92432022
v 30.10120773 -15.36060715 13.81197262
v 30.10120773 -15.00000000 13.82546520
v 30.36419678 -15.73991394 13.90900898
v 30.05586243 -15.35769081 13.77305794
v 30.05586243 -15.00000000 13.78644180
v 30.30772781 -15.73696899 13.88947105
v 30.01355934 -15.35453033 13.73087311
v 30.01355934 -15.00000000 13.74413872
v 30.25289345 -15.73340321 13.86581421
v 29.97453499 -15.35114098 13.68565273
v 29.97453499 -15.00000000 13.69879150
v 30.54021645 -16.11210632 13.87245846
v 30.20000076 -15.72923660 13.83817196
v 29.93900871 -15.34754372 13.63765240
v 29.93900871 -15.00000000 13.65065575
v 30.48076630 -16.11061668 13.86592865
v 30.14934349 -15.72449303 13.80669785
v 29.90717888 -15.34375858 13.58713722
v 29.90717888 -15.00000000 13.60000038
v 30.42198372 -16.10814095 13.85508442
v 30.10120773 -15.71919823 13.77156925
v 29.87922478 -15.33980560 13.53439236
v 29.87922478 -15.00000000 13.54710674
v 30.36419678 -16.10469627 13.83998871
v 30.05586243 -15.71338177 13.73298073
v 29.85530090 -15.33570766 13.47971153
v 29.85530090 -15.00000000 13.49227333
v 30.30772781 -16.10029984 13.82072544
v 30.01355934 -15.70707703 13.69114971
v 29.83554268 -15.33148766 13.42340088
v 29.83554268 -15.00000000 13.43580437
v 30.25289345 -16.09497452 13.79740143
v 29.97453499 -15.70031834 13.64630985
v 29.82005692 -15.32716942 13.36577511
v 29.82005692 -15.00000000 13.37801647
v 30.54021645 -16.47311592 13.77572632
v 30.20000076 -16.08875465 13.77014732
v 29.93900871 -15.69314384 13.59871197
v 29.80893517 -15.32277679 13.30715656
v 29.80893517 -15.00000000 13.31923389
v 30.48076630 -16.47114182 13.76932621
v 30.14934349 -16.08167267 13.73911572
v 29.90717888 -15.68559456 13.54862213
v 29.80223656 -15.31833363 13.24787331
v 29.80223656 -15.00000000 13.25978374
v 29.79999924 -15.00000000 13.19999981
v 29.79999924 -15.31386662 13.18825626
v 30.42198372 -16.46786308 13.75869751
v 30.10120773 -16.07376671 13.70448112
v 29.87922478 -15.67771149 13.49631977
v 30.36419678 -16.46330070 13.74390125
v 30.05586243 -16.06508255 13.66643524
v 29.85530090 -15.66953850 13.44209766
v 30.30772781 -16.45747566 13.72502041
v 30.01355934 -16.05566978 13.62519264
v 29.83554268 -15.66112232 13.38626003
v 30.25289345 -16.45042419 13.70215893
v 29.97453499 -16.04557991 13.58098316
v 29.82005692 -15.65250969 13.32911777
v 30.54021645 -16.82588768 13.65228653
v 30.20000076 -16.44218445 13.67544651
v 29.93900871 -16.03486824 13.53405476
v 29.80893517 -15.64374828 13.27099133
v 30.48076630 -16.82344055 13.64605141
v 30.14934349 -16.43280220 13.64503098
v 29.90717888 -16.02359581 13.48466873
v 29.80223656 -15.63488770 13.21220589
v 29.79999924 -15.62597752 13.15308952
v 30.42198372 -16.81937790 13.63569736
v 30.10120773 -16.42233086 13.61108303
v 29.87922478 -16.01182556 13.43310165
v 30.36419678 -16.81372070 13.62128353
v 30.05586243 -16.41082764 13.57379341
v 29.85530090 -15.99962521 13.37964249
v 30.30772781 -16.80650139 13.60289097
v 30.01355934 -16.39835930 13.53337002
v 29.83554268 -15.98705959 13.32458973
v 30.25289345 -16.79776192 13.58062077
v 29.97453499 -16.38499260 13.49003792
v 29.82005692 -15.97420025 13.26825047
v 30.54021645 -17.16844749 13.50282860
v 30.20000076 -16.78754807 13.55459785
v 29.93900871 -16.37080574 13.44404030
v 29.80893517 -15.96111965 13.21094131
v 30.48076630 -17.16554260 13.49679375
v 30.14934349 -16.77591896 13.52496910
v 29.90717888 -16.35587311 13.39563465
v 29.80223656 -15.94789124 13.15298271
v 29.79999924 -15.93458748 13.09469700
v 30.42198372 -17.16071510 13.48677349
v 30.10120773 -16.76293945 13.49189854
v 29.87922478 -16.34028244 13.34509182
v 30.36419678 -17.15399742 13.47282219
v 30.05586243 -16.74868393 13.45557308
v 29.85530090 -16.32412148 13.29269409
v 30.30772781 -17.14542389 13.45501995
v 30.01355934 -16.73322868 13.41619396
v 29.83554268 -16.30747604 13.23873425
v 30.25289345 -17.13504410 13.43346500
v 29.97453499 -16.71666145 13.37398243
v 29.82005692 -16.29044342 13.18351364
v 30.54021645 -17.49888229 13.32818985
v 30.20000076 -17.12291527 13.40827847
v 29.93900871 -16.69907570 13.32917404
v 29.80893517 -16.27311707 13.12734222
v 30.48076630 -17.49553299 13.32238865
v 30.14934349 -17.10910416 13.37960148
v 29.90717888 -16.68056870 13.28201962
v 29.80223656 -16.25559425 13.07053375
v 29.79999924 -16.23797226 13.01340580
v 30.42198372 -17.48997116 13.31275654
v 30.10120773 -17.09369087 13.34759426
v 29.87922478 -16.66124535 13.23278236
v 30.36419678 -17.48222923 13.29934692
v 30.05586243 -17.07675934 13.31243515
v 29.85530090 -16.64121246 13.18173885
v 30.30772781 -17.47234917 13.28223515
v 30.01355934 -17.05840492 13.27432060
v 29.83554268 -16.62058067 13.12917328
v 30.25289345 -17.46038818 13.26151657
v 29.97453499 -17.03872871 13.23346519
v 29.82005692 -16.59946823 13.07538128
v 30.54021645 -17.81534004 13.12934589
v 30.20000076 -17.44640923 13.23730659
v 29.93900871 -17.01784325 13.19009686
v 29.80893517 -16.57799339 13.02066135
v 30.48076630 -17.81156731 13.12381172
v 30.14934349 -17.43049622 13.20974159
v 29.90717888 -16.99586487 13.14445686
v 29.80223656 -16.55627441 12.96532154
v 29.79999924 -16.53443146 12.90966988
v 30.42198372 -17.80530167 13.11462116
v 30.10120773 -17.41273308 13.17897511
v 29.87922478 -16.97291565 13.09680176
v 30.36419678 -17.79657936 13.10182762
v 30.05586243 -17.39322090 13.14517975
v 29.85530090 -16.94912338 13.04739761
v 30.30772781 -17.78544807 13.08550167
v 30.01355934 -17.37206841 13.10854435
v 29.83554268 -16.92462349 12.99652195
v 30.25289345 -17.77197075 13.06573486
v 29.97453499 -17.34939575 13.06927299
v 29.82005692 -16.89954948 12.94445705
v 30.54021645 -18.11605453 12.90740871
v 30.20000076 -17.75622368 13.04263783
v 29.93900871 -17.32532883 13.02758598
v 29.80893517 -16.87404442 12.89149570
v 30.48076630 -18.11187744 12.90217113
v 30.14934349 -17.73829460 13.01633930
v 29.90717888 -17.29999924 12.98371696
v 29.80223656 -16.84825134 12.83793259
v 29.79999924 -16.82231140 12.78406906
v 30.42198372 -18.10494232 12.89347553
v 30.10120773 -17.71828079 12.98698616
v 29.87922478 -17.27355385 12.93791008
v 30.36419678 -18.09528923 12.88136959
v 30.05586243 -17.69629860 12.95474339
v 29.85530090 -17.24613571 12.89042282
v 30.30772781 -18.08296967 12.86592102
v 30.01355934 -17.67246819 12.91979122
v 29.83554268 -17.21790123 12.84151936
v 30.25289345 -18.06805229 12.84721661
v 29.97453499 -17.64692307 12.88232422
v 29.82005692 -17.18900871 12.79147339
v 30.54021645 -18.39934158 12.66362000
v 30.20000076 -18.05062294 12.82536125
v 29.93900871 -17.61980820 12.84255219
v 29.80893517 -17.15961647 12.74056625
v 30.48076630 -18.39478683 12.65870953
v 30.14934349 -18.03077888 12.80047607
v 29.90717888 -17.59127235 12.80069828
v 29.80223656 -17.12989235 12.68908119
v 29.79999924 -17.10000038 12.63730717
v 30.42198372 -18.38722038 12.65055656
v 30.10120773 -18.00862885 12.77270031
v 29.87922478 -17.56147575 12.75699615
v 30.36419678 -18.37668991 12.63920593
v 30.05586243 -17.98429680 12.74219036
v 29.85530090 -17.53058815 12.71168995
v 30.30772781 -18.36324883 12.62472057
v 30.01355934 -17.95792198 12.70911694
v 29.83554268 -17.49877739 12.66503334
v 30.25289345 -18.34697723 12.60718346
v 29.97453499 -17.92964935 12.67366314
v 29.82005692 -17.46622467 12.61728764
v 30.54021645 -18.66362000 12.39934254
v 30.20000076 -18.32796288 12.58669090
v 29.93900871 -17.89963722 12.63602924
v 29.80893517 -17.43311119 12.56871891
v 30.48076630 -18.65870857 12.39478588
v 30.14934349 -18.30631447 12.56335831
v 29.90717888 -17.86805344 12.59642506
v 29.80223656 -17.39962196 12.51959896
v 29.79999924 -17.36594391 12.47020340
v 29.79999924 -17.61865807 12.28369236
v 30.42198372 -18.65055656 12.38722134
v 30.10120773 -18.28215027 12.53731632
v 29.87922478 -17.83507538 12.55507183
v 30.36419678 -18.63920593 12.37668896
v 30.05586243 -18.25560760 12.50870991
v 29.85530090 -17.80088615 12.51220036
v 30.30772781 -18.62472153 12.36324978
v 30.01355934 -18.22683334 12.47769928
v 29.83554268 -17.76567841 12.46805096
v 30.25289345 -18.60718346 12.34697723
v 29.97453499 -18.19598961 12.44445801
v 29.82005692 -17.72964859 12.42287159
v 30.54021645 -18.90740776 12.11605453
v 30.20000076 -18.58669090 12.32796288
v 29.93900871 -18.16324997 12.40917206
v 29.80893517 -17.69299889 12.37691307
v 30.48076630 -18.90217209 12.11187840
v 30.14934349 -18.56335831 12.30631351
v 29.90717888 -18.12879372 12.37203884
v 29.80223656 -17.65593147 12.33043385
v 29.79999924 -17.85672569 12.07881832
v 30.42198372 -18.89347649 12.10494328
v 30.10120773 -18.53731537 12.28215027
v 29.87922478 -18.09281731 12.33326530
v 30.36419678 -18.88137054 12.09528923
v 30.05586243 -18.50870895 12.25560665
v 29.85530090 -18.05552101 12.29306889
v 30.30772781 -18.86592102 12.08296967
v 30.01355934 -18.47769928 12.22683334
v 29.83554268 -18.01711273 12.25167465
v 30.25289345 -18.84721756 12.06805325
v 29.97453499 -18.44445801 12.19599056
v 29.82005692 -17.97780800 12.20931339
v 30.54021645 -19.12934494 11.81534004
v 30.20000076 -18.82536125 12.05062389
v 29.93900871 -18.40917206 12.16324997
v 29.80893517 -17.93782425 12.16622257
v 30.48076630 -19.12381172 11.81156731
v 30.14934349 -18.80047607 12.03077888
v 29.90717888 -18.37203789 12.12879467
v 29.80223656 -17.89738846 12.12264252
v 30.42198372 -19.11462212 11.80530167
v 30.10120773 -18.77270126 12.00862885
v 29.87922478 -18.33326530 12.09281826
v 30.36419678 -19.10182762 11.79657936
v 30.05586243 -18.74219131 11.98429775
v 29.85530090 -18.29306984 12.05552197
v 30.30772781 -19.08550262 11.78544807
v 30.01355934 -18.70911598 11.95792198
v 29.83554268 -18.25167465 12.01711273
v 30.25289345 -19.06573486 11.77197170
v 29.97453499 -18.67366409 11.92964935
v 29.82005692 -18.20931244 11.97780800
v 30.54021645 -19.32818985 11.49888134
v 30.20000076 -19.04263878 11.75622368
v 29.93900871 -18.63603020 11.89963627
v 29.80893517 -18.16622162 11.93782520
v 30.48076630 -19.32238960 11.49553204
v 30.14934349 -19.01633835 11.73829365
v 29.90717888 -18.59642410 11.86805344
v 29.80223656 -18.12264252 11.89738941
v 29.79999924 -18.07881737 11.85672569
v 30.42198372 -19.31275749 11.48997116
v 30.10120773 -18.98698616 11.71828175
v 29.87922478 -18.55507088 11.83507538
v 30.36419678 -19.29934692 11.48222923
v 30.05586243 -18.95474434 11.69629860
v 29.85530090 -18.51219940 11.80088615
v 30.30772781 -19.28223419 11.47234917
v 30.01355934 -18.91979027 11.67246819
v 29.83554268 -18.46805191 11.76567841
v 30.25289345 -19.26151657 11.46038723
v 29.97453499 -18.88232422 11.64692402
v 29.82005692 -18.42287064 11.72964859
v 30.54021645 -19.50282860 11.16844845
v 30.20000076 -19.23730659 11.44641018
v 29.93900871 -18.84255219 11.61980820
v 29.80893517 -18.37691307 11.69299793
v 30.48076630 -19.49679375 11.16554165
v 30.14934349 -19.20974159 11.43049526
v 29.90717888 -18.80069923 11.59127235
v 29.80223656 -18.33043289 11.65593243
v 29.79999924 -18.28369141 11.61865711
v 30.42198372 -19.48677254 11.16071606
v 30.10120773 -19.17897606 11.41273308
v 29.87922478 -18.75699615 11.56147671
v 30.36419678 -19.47282219 11.15399742
v 30.05586243 -19.14517975 11.39322090
v 29.85530090 -18.71169090 11.53058720
v 30.30772781 -19.45501900 11.14542484
v 30.01355934 -19.10854340 11.37206936
v 29.83554268 -18.66503334 11.49877739
v 30.25289345 -19.43346596 11.13504410
v 29.97453499 -19.06927299 11.34939575
v 29.82005692 -18.61728668 11.46622467
v 30.54021645 -19.65228653 10.82588768
v 30.20000076 -19.40827942 11.12291527
v 29.93900871 -19.02758598 11.32532787
v 29.80893517 -18.56871796 11.43311119
v 30.48076630 -19.64605141 10.82344055
v 30.14934349 -19.37960243 11.10910511
v 29.90717888 -18.98371696 11.30000019
v 29.80223656 -18.51959801 11.39962196
v 29.79999924 -18.47020340 11.36594391
v 30.42198372 -19.63569832 10.81937695
v 30.10120773 -19.34759331 11.09369087
v 29.87922478 -18.93791008 11.27355385
v 30.36419678 -19.62128448 10.81372070
v 30.05586243 -19.31243515 11.07675934
v 29.85530090 -18.89042282 11.24613667
v 30.30772781 -19.60289001 10.80650139
v 30.01355934 -19.27432060 11.05840492
v 29.83554268 -18.84151840 11.21790218
v 30.25289345 -19.58061981 10.79776096
v 29.97453499 -19.23346519 11.03872967
v 29.82005692 -18.79147339 11.18900871
v 30.54021645 -19.77572632 10.47311687
v 30.20000076 -19.55459785 10.78754807
v 29.93900871 -19.19009590 11.01784420
v 29.80893517 -18.74056625 11.15961742
v 30.48076630 -19.76932526 10.47114182
v 30.14934349 -19.52496910 10.77591991
v 29.90717888 -19.14445686 10.99586487
v 29.80223656 -18.68908119 11.12989235
v 29.79999924 -18.63730621 11.10000038
v 30.42198372 -19.75869751 10.46786404
v 30.10120773 -19.49189949 10.76294041
v 29.87922478 -19.09680176 10.97291565
v 30.36419678 -19.74390221 10.46329975
v 30.05586243 -19.45557213 10.74868393
v 29.85530090 -19.04739761 10.94912434
v 30.30772781 -19.72501945 10.45747566
v 30.01355934 -19.41619301 10.73322868
v 29.83554268 -18.99652100 10.92462349
v 30.25289345 -19.70215797 10.45042419
v 29.97453499 -19.37398148 10.71666145
v 29.82005692 -18.94445610 10.89955044
v 30.54021645 -19.87245941 10.11210728
v 30.20000076 -19.67544556 10.44218445
v 29.93900871 -19.32917404 10.69907570
v 29.80893517 -18.89149475 10.87404537
v 30.48076630 -19.86592865 10.11061668
v 30.14934349 -19.64503098 10.43280220
v 29.90717888 -19.28201866 10.68056870
v 29.80223656 -18.83793259 10.84825134
v 29.79999924 -18.78406906 10.82231140
v 30.42198372 -19.85508537 10.10814190
v 30.10120773 -19.61108398 10.42233086
v 29.87922478 -19.23278236 10.66124439
v 30.36419678 -19.83998871 10.10469627
v 30.05586243 -19.57379341 10.41082859
v 29.85530090 -19.18173790 10.64121151
v 30.30772781 -19.82072449 10.10029888
v 30.01355934 -19.53336906 10.39835930
v 29.83554268 -19.12917328 10.62058163
v 30.25289345 -19.79740143 10.09497547
v 29.97453499 -19.49003792 10.38499355
v 29.82005692 -19.07538033 10.59946918
v 30.54021645 -19.94194221 9.74487782
v 30.20000076 -19.77014732 10.08875465
v 29.93900871 -19.44404030 10.37080479
v 29.80893517 -19.02066231 10.57799339
v 30.48076630 -19.93531799 9.74387932
v 30.14934349 -19.73911667 10.08167267
v 29.90717888 -19.39563560 10.35587406
v 29.80223656 -18.96532059 10.55627441
v 29.79999924 -18.90966988 10.53443241
v 30.42198372 -19.92432022 9.74222183
v 30.10120773 -19.70448112 10.07376671
v 29.87922478 -19.34509087 10.34028339
v 30.36419678 -19.90900993 9.73991394
v 30.05586243 -19.66643524 10.06508350
v 29.85530090 -19.29269409 10.32412052
v 30.30772781 -19.88947105 9.73696899
v 30.01355934 -19.62519264 10.05566978
v 29.83554268 -19.23873329 10.30747604
v 30.25289345 -19.86581421 9.73340321
v 29.97453499 -19.58098412 10.04557991
v 29.82005692 -19.18351364 10.29044342
v 30.54021645 -19.98378754 9.37348366
v 30.20000076 -19.83817101 9.72923756
v 29.93900871 -19.53405380 10.03486824
v 29.80893517 -19.12734222 10.27311707
v 30.48076630 -19.97710800 9.37298298
v 30.14934349 -19.80669785 9.72449303
v 29.90717888 -19.48466873 10.02359676
v 29.80223656 -19.07053375 10.25559330
v 29.79999924 -19.01340485 10.23797226
v 29.79999924 -19.09469795 9.93458843
v 30.42198372 -19.96601677 9.37215137
v 30.10120773 -19.77156830 9.71919823
v 29.87922478 -19.43310165 10.01182652
v 30.36419678 -19.95057678 9.37099457
v 30.05586243 -19.73298073 9.71338177
v 29.85530090 -19.37964249 9.99962521
v 30.30772781 -19.93087196 9.36951828
v 30.01355934 -19.69115067 9.70707703
v 29.83554268 -19.32458878 9.98705959
v 30.25289345 -19.90701485 9.36773014
v 29.97453499 -19.64631081 9.70031834
v 29.82005692 -19.26825142 9.97420025
v 30.20000076 -19.87913895 9.36564064
v 29.93900871 -19.59871292 9.69314480
v 29.80893517 -19.21094131 9.96111965
v 30.14934349 -19.84739876 9.36326218
v 29.90717888 -19.54862213 9.68559456
v 29.80223656 -19.15298271 9.94789124
v 30.10120773 -19.81197166 9.36060715
v 29.87922478 -19.49631882 9.67771149
v 30.05586243 -19.77305794 9.35769176
v 29.85530090 -19.44209862 9.66953850
v 30.01355934 -19.73087311 9.35453033
v 29.83554268 -19.38625908 9.66112232
v 29.97453499 -19.68565369 9.35114098
v 29.82005692 -19.32911873 9.65250969
v 29.93900871 -19.63765144 9.34754372
v 29.80893517 -19.27099228 9.64374828
v 29.90717888 -19.58713722 9.34375858
v 29.80223656 -19.21220589 9.63488770
v 29.79999924 -19.15308952 9.62597752
v 29.79999924 -19.18825531 9.31386662
v 29.87922478 -19.53439331 9.33980560
v 29.85530090 -19.47971153 9.33570766
v 29.83554268 -19.42340088 9.33148861
v 29.82005692 -19.36577415 9.32716942
v 29.80893517 -19.30715561 9.32277679
v 29.80223656 -19.24787331 9.31833458
v 29.79999924 -16.89932823 5.20000029
v 29.79999924 -16.89749146 5.24930096
v 29.79999924 -16.89199257 5.29838181
v 29.79999924 -16.88286400 5.34702301
v 29.79999924 -16.87016487 5.39501238
v 29.79999924 -16.85397148 5.44214582
v 29.79999924 -16.83437729 5.48822641
v 29.79999924 -16.81150055 5.53306913
v 29.79999924 -16.78546524 5.57650328
v 29.79999924 -16.75641441 5.61837053
v 29.79999924 -16.72449875 5.65852785
v 29.79999924 -16.68987274 5.69684553
v 29.79999924 -16.65270424 5.73320723
v 29.79999924 -16.61316299 5.76751089
v 29.79999924 -16.57141685 5.79966640
v 29.79999924 -16.52763748 5.82959747
v 29.79999924 -16.48199654 5.85723925
v 29.79999924 -16.43466377 5.88253546
v 29.79999924 -16.38580513 5.90544081
v 29.79999924 -16.33558655 5.92591667
v 29.79999924 -16.28417206 5.94393396
v 29.79999924 -16.23171806 5.95946789
v 29.79999924 -16.17838478 5.97250128
v 29.79999924 -16.12432289 5.98302174
v 29.79999924 -16.06968307 5.99102068
v 29.79999924 -16.01461601 5.99649334
v 29.79999924 -15.96850491 5.99912357
v 29.79999924 -12.64059067 6.19243860
v 29.79999924 -12.49799919 6.00000000
v 29.79999924 -15.92228413 6.00000000
v 29.79999924 -12.76838970 6.39500284
v 29.79999924 -12.88068008 6.60655832
v 29.79999924 -12.97683334 6.82592010
v 29.79999924 -13.05630970 7.05185890
v 29.79999924 -13.11866474 7.28310919
v 29.79999924 -13.16354847 7.51837587
v 29.79999924 -13.19071007 7.75634050
v 29.79999924 -13.19999695 7.99566984
v 29.79999924 -13.19135761 8.23502350
v 29.79999924 -13.16483974 8.47306061
v 29.79999924 -13.12059307 8.70844841
v 29.79999924 -13.05886459 8.93986607
v 29.79999924 -12.97999954 9.16601944
v 29.79999924 -12.88444138 9.38564110
v 29.79999924 -12.77272320 9.59749985
v 29.79999924 -12.64547348 9.80040932
v 29.79999924 -12.50340271 9.99323273
v 29.79999924 -12.34730816 10.17488956
v 29.79999924 -12.17806339 10.34436321
v 29.79999924 -11.99661827 10.50070381
v 29.79999924 -11.80398655 10.64303493
v 29.79999924 -11.60124969 10.77055931
v 29.79999924 -11.38954258 10.88256359
v 29.79999924 -11.17005062 10.97841930
v 29.79999924 -10.94400501 11.05758953
v 29.79999924 -10.71267033 11.11963177
v 29.79999924 -10.47734261 11.16419697
v 29.79999924 -10.23934174 11.19103718
v 29.79999924 -10.00000000 11.19999981
v 29.79999924 -9.76065826 11.19103718
v 29.79999924 -9.52265739 11.16419697
v 29.79999924 -9.28732967 11.11963177
v 29.79999924 7.35940886 6.19243860
v 29.79999924 -7.50200081 6.00000000
v 29.79999924 -7.35940886 6.19243860
v 29.79999924 7.50200081 6.00000000
v 29.79999924 7.23160982 6.39500284
v 29.79999924 -7.23160982 6.39500284
v 29.79999924 7.11931944 6.60655832
v 29.79999924 -7.11931944 6.60655832
v 29.79999924 7.02316666 6.82592010
v 29.79999924 -7.02316666 6.82592010
v 29.79999924 6.94369030 7.05185890
v 29.79999924 -6.94369030 7.05185890
v 29.79999924 6.88133574 7.28310919
v 29.79999924 -6.88133574 7.28310919
v 29.79999924 6.83645153 7.51837587
v 29.79999924 -6.83645153 7.51837587
v 29.79999924 6.80928993 7.75634050
v 29.79999924 -6.80928993 7.75634050
v 29.79999924 6.80000305 7.99566984
v 29.79999924 -6.80000305 7.99566984
v 29.79999924 6.80864239 8.23502350
v 29.79999924 -6.80864239 8.23502350
v 29.79999924 6.83515978 8.47306061
v 29.79999924 -6.83515978 8.47306061
v 29.79999924 6.87940693 8.70844841
v 29.79999924 -6.87940693 8.70844841
v 29.79999924 6.94113541 8.93986607
v 29.79999924 -6.94113541 8.93986607
v 29.79999924 7.02000046 9.16601944
v 29.79999924 -7.02000046 9.16601944
v 29.79999924 7.11555910 9.38564110
v 29.79999924 -7.11555910 9.38564110
v 29.79999924 7.22727633 9.59749985
v 29.79999924 -7.22727633 9.59749985
v 29.79999924 7.35452700 9.80040932
v 29.79999924 -7.35452700 9.80040932
v 29.79999924 7.49659729 9.99323273
v 29.79999924 -7.49659729 9.99323273
v 29.79999924 7.65269184 10.17488956
v 29.79999924 -7.65269184 10.17488956
v 29.79999924 7.82193613 10.34436321
v 29.79999924 -7.82193613 10.34436321
v 29.79999924 8.00338173 10.50070381
v 29.79999924 -8.00338173 10.50070381
v 29.79999924 8.19601345 10.64303493
v 29.79999924 -8.19601345 10.64303493
v 29.79999924 8.39875031 10.77055931
v 29.79999924 -8.39875031 10.77055931
v 29.79999924 8.61045742 10.88256359
v 29.79999924 -8.61045742 10.88256359
v 29.79999924 -8.82994938 10.97841930
v 29.79999924 8.82994938 10.97841930
v 29.79999924 -9.05599499 11.05758953
v 29.79999924 9.05599499 11.05758953
v 29.79999924 9.28732967 11.11963177
v 29.79999924 15.92228413 6.00000000
v 29.79999924 13.19135761 8.23502350
v 29.79999924 13.16483974 8.47306061
v 29.79999924 13.19999695 7.99566984
v 29.79999924 13.19071007 7.75634050
v 29.79999924 13.16354847 7.51837587
v 29.79999924 13.11866474 7.28310919
v 29.79999924 13.05630970 7.05185890
v 29.79999924 12.97683334 6.82592010
v 29.79999924 12.88068008 6.60655832
v 29.79999924 12.76838970 6.39500284
v 29.79999924 12.64059067 6.19243860
v 29.79999924 12.49799919 6.00000000
v 29.79999924 15.96850491 5.99912357
v 29.79999924 16.89932823 5.20000029
v 29.79999924 17.16905403 1.40344596
v 29.79999924 16.89932823 1.25399554
v 29.79999924 17.42708778 1.57228339
v 29.79999924 17.67203903 1.75959766
v 29.79999924 17.90258598 1.96437919
v 29.79999924 18.11748695 2.18552399
v 29.79999924 18.31558228 2.42184019
v 29.79999924 18.49580765 2.67205381
v 29.79999924 18.65718651 2.93481612
v 29.79999924 18.79885292 3.20871067
v 29.79999924 18.92004204 3.49226093
v 29.79999924 19.02009964 3.78393865
v 29.79999924 19.09848595 4.08217144
v 29.79999924 19.15478134 4.38535166
v 29.79999924 19.18868065 4.69184542
v 29.79999924 19.20000076 5.00000000
v 29.79999924 16.89749146 5.24930096
v 29.79999924 16.89199257 5.29838181
v 29.79999924 16.88286400 5.34702301
v 29.79999924 16.87016487 5.39501238
v 29.79999924 16.85397148 5.44214582
v 29.79999924 16.83437729 5.48822641
v 29.79999924 16.81150055 5.53306913
v 29.79999924 16.78546524 5.57650328
v 29.79999924 16.75641441 5.61837053
v 29.79999924 16.72449875 5.65852785
v 29.79999924 15.00000000 13.19999981
v 29.79999924 10.23934174 11.19103718
v 29.79999924 10.00000000 11.19999981
v 29.79999924 10.47734261 11.16419697
v 29.79999924 10.71267033 11.11963177
v 29.79999924 10.94400501 11.05758953
v 29.79999924 11.17005062 10.97841930
v 29.79999924 11.38954258 10.88256359
v 29.79999924 11.60124969 10.77055931
v 29.79999924 11.80398655 10.64303493
v 29.79999924 11.99661827 10.50070381
v 29.79999924 12.17806339 10.34436321
v 29.79999924 12.34730816 10.17488956
v 29.79999924 12.50340271 9.99323273
v 29.79999924 12.64547348 9.80040932
v 29.79999924 12.77272320 9.59749985
v 29.79999924 9.52265739 11.16419697
v 29.79999924 9.76065826 11.19103718
v 29.79999924 19.20000076 9.00000000
v 29.79999924 16.68987274 5.69684553
v 29.79999924 16.65270424 5.73320723
v 29.79999924 16.61316299 5.76751089
v 29.79999924 16.57141685 5.79966640
v 29.79999924 16.52763748 5.82959747
v 29.79999924 16.48199654 5.85723925
v 29.79999924 16.43466377 5.88253546
v 29.79999924 16.38580513 5.90544081
v 29.79999924 16.33558655 5.92591667
v 29.79999924 16.28417206 5.94393396
v 29.79999924 16.23171806 5.95946789
v 29.79999924 16.17838478 5.97250128
v 29.79999924 16.12432289 5.98302174
v 29.79999924 16.06968307 5.99102068
v 29.79999924 16.01461601 5.99649334
v 29.79999924 19.18825531 9.31386662
v 29.79999924 15.31386662 13.18825626
v 29.79999924 12.88444138 9.38564110
v 29.79999924 19.15308952 9.62597752
v 29.79999924 13.12059307 8.70844841
v 29.79999924 15.62597752 13.15308952
v 29.79999924 19.09469795 9.93458843
v 29.79999924 15.93458748 13.09469700
v 29.79999924 19.01340485 10.23797226
v 29.79999924 16.23797226 13.01340580
v 29.79999924 12.97999954 9.16601944
v 29.79999924 16.53443146 12.90966988
v 29.79999924 18.90966988 10.53443241
v 29.79999924 18.78406906 10.82231140
v 29.79999924 16.82231140 12.78406906
v 29.79999924 18.63730621 11.10000038
v 29.79999924 13.05886459 8.93986607
v 29.79999924 17.10000038 12.63730717
v 29.79999924 18.47020340 11.36594391
v 29.79999924 17.36594391 12.47020340
v 29.79999924 18.28369141 11.61865711
v 29.79999924 17.61865807 12.28369236
v 29.79999924 18.07881737 11.85672569
v 29.79999924 17.85672569 12.07881832
v 30.60000038 15.00000000 14.00000000
v 30.84513855 15.21119308 0.00446234
v 30.72446251 15.41886425 0.01757570
v 30.60000038 15.62217617 0.03886145
v 30.60000038 15.97893810 0.09676846
v 30.60000038 16.33058357 0.18029627
v 30.60000038 16.67527771 0.28900841
v 30.60000038 17.01121902 0.42233682
v 30.60000038 17.33664894 0.57958484
v 30.60000038 17.64986992 0.75993073
v 30.60000038 17.94924545 0.96243227
v 30.60000038 18.23320961 1.18603122
v 30.60000038 18.50027847 1.42955923
v 30.60000038 18.74905777 1.69174385
v 30.60000038 18.97824860 1.97121501
v 30.60000038 19.18665123 2.26651239
v 30.60000038 19.37317657 2.57609320
v 30.60000038 19.53685188 2.89833951
v 30.60000038 19.67682076 3.23156762
v 30.60000038 19.79235077 3.57403636
v 30.60000038 19.88284111 3.92395592
v 30.60000038 19.94781494 4.27949858
v 30.60000038 19.98693657 4.63880539
v 30.60000038 20.00000000 5.00000000
v 30.60000038 20.00000000 9.00000000
v 30.60000038 15.37365055 13.98601913
v 30.60000038 15.74521160 13.94415379
v 30.60000038 16.11260414 13.87463951
v 30.60000038 16.47377586 13.77786446
v 30.60000038 16.82670593 13.65436840
v 30.60000038 17.16941833 13.50484467
v 30.60000038 17.50000000 13.33012676
v 30.60000038 17.81660080 13.13119411
v 30.60000038 18.11744881 12.90915775
v 30.60000038 18.40086365 12.66525936
v 30.60000038 18.66525841 12.40086365
v 30.60000038 18.90915680 12.11744881
v 30.60000038 19.13119316 11.81660080
v 30.60000038 19.33012772 11.50000000
v 30.60000038 19.50484467 11.16941833
v 30.60000038 19.65436935 10.82670498
v 30.60000038 19.77786446 10.47377586
v 30.60000038 19.87463951 10.11260509
v 30.60000038 19.94415474 9.74521160
v 30.60000038 19.98601913 9.37365055
v 31.70000076 -12.34576607 5.82344723
v 31.70000076 -12.17655277 5.65423393
v 31.70000076 -12.50186062 6.00483274
v 31.70000076 -11.99516773 5.49813938
v 31.70000076 -12.64396381 6.19737577
v 31.70000076 -11.80262375 5.35603619
v 31.70000076 -12.77128124 6.40000010
v 31.70000076 -11.60000038 5.22871876
v 31.70000076 -12.88310051 6.61157227
v 31.70000076 -12.97879601 6.83090878
v 31.70000076 -11.38842773 5.11689949
v 31.70000076 -11.16909122 5.02120399
v 31.70000076 -13.05783272 7.05678368
v 31.70000076 -10.94321632 4.94216728
v 31.70000076 -13.11976910 7.28793335
v 31.70000076 -10.71206665 4.88023090
v 31.70000076 -13.16425896 7.52306461
v 31.70000076 -10.47693539 4.83574152
v 31.70000076 -13.19105244 7.76086378
v 31.70000076 -10.23913670 4.80894804
v 31.70000076 -13.19999981 8.00000000
v 31.70000076 -10.00000000 4.80000019
v 31.70000076 -13.19105244 8.23913670
v 31.70000076 -9.76086330 4.80894804
v 31.70000076 -13.16425896 8.47693539
v 31.70000076 -13.11976910 8.71206665
v 31.70000076 -9.52306461 4.83574152
v 31.70000076 -9.28793335 4.88023090
v 31.70000076 -9.05678368 4.94216728
v 31.70000076 -13.05783272 8.94321632
v 31.70000076 -12.97879601 9.16909122
v 31.70000076 -8.83090878 5.02120399
v 31.70000076 -8.61157227 5.11689949
v 31.70000076 -12.88310051 9.38842773
v 31.70000076 -8.39999962 5.22871876
v 31.70000076 -12.77128124 9.60000038
v 31.70000076 -12.64396381 9.80262470
v 31.70000076 -8.19737625 5.35603619
v 31.70000076 -8.00483227 5.49813938
v 31.70000076 -12.50186062 9.99516773
v 31.70000076 -7.82344723 5.65423393
v 31.70000076 -12.34576607 10.17655277
v 31.70000076 -7.65423393 5.82344723
v 31.70000076 -12.17655277 10.34576607
v 31.70000076 -7.49813938 6.00483274
v 31.70000076 -11.99516773 10.50186062
v 31.70000076 -7.35603571 6.19737577
v 31.70000076 -11.80262375 10.64396381
v 31.70000076 -7.22871876 6.40000010
v 31.70000076 -11.60000038 10.77128124
v 31.70000076 -7.11689949 6.61157227
v 31.70000076 -11.38842773 10.88310051
v 31.70000076 -7.02120399 6.83090878
v 31.70000076 -11.16909122 10.97879601
v 31.70000076 -6.94216681 7.05678368
v 31.70000076 -10.94321632 11.05783272
v 31.70000076 -6.88023090 7.28793335
v 31.70000076 -10.71206665 11.11976910
v 31.70000076 -6.83574152 7.52306461
v 31.70000076 -10.47693539 11.16425896
v 31.70000076 -6.80894804 7.76086378
v 31.70000076 -10.23913670 11.19105244
v 31.70000076 -6.80000019 8.00000000
v 31.70000076 -10.00000000 11.19999981
v 31.70000076 -6.80894804 8.23913670
v 31.70000076 -9.76086330 11.19105244
v 31.70000076 -6.83574152 8.47693539
v 31.70000076 -9.52306461 11.16425896
v 31.70000076 -9.28793335 11.11976910
v 31.70000076 -6.88023090 8.71206665
v 31.70000076 -6.94216681 8.94321632
v 31.70000076 -9.05678368 11.05783272
v 31.70000076 -7.02120399 9.16909122
v 31.70000076 -8.83090878 10.97879601
v 31.70000076 -7.11689949 9.38842773
v 31.70000076 -8.61157227 10.88310051
v 31.70000076 -7.22871876 9.60000038
v 31.70000076 -8.39999962 10.77128124
v 31.70000076 -8.19737625 10.64396381
v 31.70000076 -7.35603571 9.80262470
v 31.70000076 -8.00483227 10.50186062
v 31.70000076 -7.49813938 9.99516773
v 31.70000076 -7.82344723 10.34576607
v 31.70000076 -7.65423393 10.17655277
v 31.70000076 7.65423393 5.82344723
v 31.70000076 7.82344723 5.65423393
v 31.70000076 7.49813938 6.00483274
v 31.70000076 8.00483227 5.49813938
v 31.70000076 7.35603571 6.19737577
v 31.70000076 8.19737625 5.35603619
v 31.70000076 7.22871876 6.40000010
v 31.70000076 8.39999962 5.22871876
v 31.70000076 7.11689949 6.61157227
v 31.70000076 7.02120399 6.83090878
v 31.70000076 8.83090878 5.02120399
v 31.70000076 8.61157227 5.11689949
v 31.70000076 6.94216681 7.05678368
v 31.70000076 9.05678368 4.94216728
v 31.70000076 6.88023090 7.28793335
v 31.70000076 9.28793335 4.88023090
v 31.70000076 6.83574152 7.52306461
v 31.70000076 9.52306461 4.83574152
v 31.70000076 6.80894804 7.76086378
v 31.70000076 9.76086330 4.80894804
v 31.70000076 6.80000019 8.00000000
v 31.70000076 10.00000000 4.80000019
v 31.70000076 6.80894804 8.23913670
v 31.70000076 10.23913670 4.80894804
v 31.70000076 6.83574152 8.47693539
v 31.70000076 6.88023090 8.71206665
v 31.70000076 10.47693539 4.83574152
v 31.70000076 10.71206665 4.88023090
v 31.70000076 6.94216681 8.94321632
v 31.70000076 7.02120399 9.16909122
v 31.70000076 10.94321632 4.94216728
v 31.70000076 11.16909122 5.02120399
v 31.70000076 11.38842773 5.11689949
v 31.70000076 7.11689949 9.38842773
v 31.70000076 11.60000038 5.22871876
v 31.70000076 7.22871876 9.60000038
v 31.70000076 11.80262375 5.35603619
v 31.70000076 7.35603571 9.80262470
v 31.70000076 11.99516773 5.49813938
v 31.70000076 7.49813938 9.99516773
v 31.70000076 12.17655277 5.65423393
v 31.70000076 7.65423393 10.17655277
v 31.70000076 12.34576607 5.82344723
v 31.70000076 7.82344723 10.34576607
v 31.70000076 12.50186062 6.00483274
v 31.70000076 8.00483227 10.50186062
v 31.70000076 12.64396381 6.19737577
v 31.70000076 8.19737625 10.64396381
v 31.70000076 12.77128124 6.40000010
v 31.70000076 8.39999962 10.77128124
v 31.70000076 12.88310051 6.61157227
v 31.70000076 8.61157227 10.88310051
v 31.70000076 12.97879601 6.83090878
v 31.70000076 8.83090878 10.97879601
v 31.70000076 13.05783272 7.05678368
v 31.70000076 9.05678368 11.05783272
v 31.70000076 13.11976910 7.28793335
v 31.70000076 9.28793335 11.11976910
v 31.70000076 13.16425896 7.52306461
v 31.70000076 9.52306461 11.16425896
v 31.70000076 13.19105244 7.76086378
v 31.70000076 9.76086330 11.19105244
v 31.70000076 13.19999981 8.00000000
v 31.70000076 10.00000000 11.19999981
v 31.70000076 13.19105244 8.23913670
v 31.70000076 10.23913670 11.19105244
v 31.70000076 13.16425896 8.47693539
v 31.70000076 10.47693539 11.16425896
v 31.70000076 13.11976910 8.71206665
v 31.70000076 10.71206665 11.11976910
v 31.70000076 13.05783272 8.94321632
v 31.70000076 10.94321632 11.05783272
v 31.70000076 12.97879601 9.16909122
v 31.70000076 11.16909122 10.97879601
v 31.70000076 12.88310051 9.38842773
v 31.70000076 11.38842773 10.88310051
v 31.70000076 11.60000038 10.77128124
v 31.70000076 12.77128124 9.60000038
v 31.70000076 11.80262375 10.64396381
v 31.70000076 12.64396381 9.80262470
v 31.70000076 11.99516773 10.50186062
v 31.70000076 12.50186062 9.99516773
v 31.70000076 12.17655277 10.34576607
v 31.70000076 12.34576607 10.17655277
v -19.79999924 -20.00000000 0.80000007
v -19.79999924 -19.99776268 0.74021602
v -19.79999924 -19.99106407 0.68076628
v -19.79999924 -19.97994232 0.62198335
v -19.79999924 -19.96445847 0.56419593
v -19.79999924 -19.94469833 0.50772727
v -19.79999924 -19.92077446 0.45289311
v -19.79999924 -19.89282036 0.40000010
v -19.79999924 -19.86099052 0.34934404
v -19.79999924 -19.82546425 0.30120826
v -19.79999924 -19.78644180 0.25586191
v -19.79999924 -19.74413872 0.21355860
v -19.79999924 -19.69879150 0.17453492
v -19.79999924 -19.65065575 0.13900907
v -19.79999924 -19.60000038 0.10717978
v -19.79999924 -19.54710770 0.07922500
v -19.79999924 -19.49227333 0.05530110
v -19.79999924 -19.43580437 0.03554185
v -19.79999924 -19.37801743 0.02005777
v -19.79999924 -19.31923294 0.00893544
v -19.79999924 -19.25978470 0.00223706
v -37.74743652 -3.34497452 0.74021602
v -37.79999924 -2.00000000 0.80000007
v -37.79776382 -2.00000000 0.74021602
v -37.74966812 -3.34514165 0.80000007
v -37.74075699 -3.34447384 0.68076628
v -37.79106522 -2.00000000 0.68076628
v -37.72966766 -3.34364271 0.62198335
v -37.77994156 -2.00000000 0.62198335
v -37.71422577 -3.34248567 0.56419593
v -37.76445770 -2.00000000 0.56419593
v -37.69452286 -3.34100914 0.50772727
v -37.74469757 -2.00000000 0.50772727
v -37.67066574 -3.33922124 0.45289311
v -37.72077560 -2.00000000 0.45289311
v -37.64278793 -3.33713222 0.40000010
v -37.69282150 -2.00000000 0.40000010
v -37.61104965 -3.33475351 0.34934404
v -37.66099167 -2.00000000 0.34934404
v -37.57562256 -3.33209872 0.30120826
v -37.62546539 -2.00000000 0.30120826
v -37.53670883 -3.32918239 0.25586191
v -37.58644104 -2.00000000 0.25586191
v -37.49452209 -3.32602119 0.21355860
v -37.54413986 -2.00000000 0.21355860
v -37.44930267 -3.32263231 0.17453492
v -37.49879074 -2.00000000 0.17453492
v -37.40130234 -3.31903529 0.13900907
v -37.45065689 -2.00000000 0.13900907
v -37.35078812 -3.31524968 0.10717978
v -37.40000153 -2.00000000 0.10717978
v -37.29804230 -3.31129694 0.07922500
v -37.34710693 -2.00000000 0.07922500
v -37.24336243 -3.30719924 0.05530110
v -37.29227448 -2.00000000 0.05530110
v -37.18704987 -3.30297923 0.03554185
v -37.23580551 -2.00000000 0.03554185
v -37.12942505 -3.29866076 0.02005777
v -37.17801666 -2.00000000 0.02005777
v -37.07080460 -3.29426789 0.00893544
v -37.11923218 -2.00000000 0.00893544
v -37.01152039 -3.28982520 0.00223706
v -37.05978394 -2.00000000 0.00223706
v -37.59674454 -4.68242741 0.74021602
v -37.59895325 -4.68276072 0.80000007
v -37.59011841 -4.68142891 0.68076628
v -37.57912064 -4.67977142 0.62198335
v -37.56380844 -4.67746353 0.56419593
v -37.54427338 -4.67451859 0.50772727
v -37.52061462 -4.67095280 0.45289311
v -37.49297333 -4.66678667 0.40000010
v -37.46149826 -4.66204262 0.34934404
v -37.42636871 -4.65674782 0.30120826
v -37.38778305 -4.65093136 0.25586191
v -37.34595108 -4.64462662 0.21355860
v -37.30110931 -4.63786793 0.17453492
v -37.25351334 -4.63069391 0.13900907
v -37.20342255 -4.62314367 0.10717978
v -37.15111923 -4.61526060 0.07922500
v -37.09689713 -4.60708809 0.05530110
v -37.04106140 -4.59867191 0.03554185
v -36.98391724 -4.59005880 0.02005777
v -36.92579269 -4.58129787 0.00893544
v -36.86700821 -4.57243729 0.00223706
v -37.34652328 -6.00487900 0.74021602
v -37.34870148 -6.00537682 0.80000007
v -37.00030899 -7.30559301 0.80000007
v -37.33999252 -6.00338840 0.68076628
v -37.32914734 -6.00091362 0.62198335
v -37.31405258 -5.99746799 0.56419593
v -37.29478836 -5.99307108 0.50772727
v -37.27146530 -5.98774767 0.45289311
v -37.24420929 -5.98152685 0.40000010
v -37.21318054 -5.97444439 0.34934404
v -37.17854309 -5.96653938 0.30120826
v -37.14049911 -5.95785570 0.25586191
v -37.09925461 -5.94844198 0.21355860
v -37.05504608 -5.93835163 0.17453492
v -37.00811768 -5.92764044 0.13900907
v -36.95873260 -5.91636848 0.10717978
v -36.90716553 -5.90459871 0.07922500
v -36.85370636 -5.89239693 0.05530110
v -36.79865265 -5.87983131 0.03554185
v -36.74231339 -5.86697245 0.02005777
v -36.68500519 -5.85389185 0.00893544
v -36.62704468 -5.84066343 0.00223706
v -36.99817276 -7.30493355 0.74021602
v -36.99177170 -7.30295944 0.68076628
v -36.98114395 -7.29968119 0.62198335
v -36.96634674 -7.29511690 0.56419593
v -36.94746780 -7.28929281 0.50772727
v -36.92460632 -7.28224134 0.45289311
v -36.89789200 -7.27400160 0.40000010
v -36.86747742 -7.26461935 0.34934404
v -36.83353043 -7.25414801 0.30120826
v -36.79623795 -7.24264574 0.25586191
v -36.75581741 -7.23017645 0.21355860
v -36.71248245 -7.21681070 0.17453492
v -36.66648865 -7.20262241 0.13900907
v -36.61808014 -7.18769121 0.10717978
v -36.56753922 -7.17210054 0.07922500
v -36.51514053 -7.15593815 0.05530110
v -36.46118164 -7.13929367 0.03554185
v -36.40596008 -7.12226057 0.02005777
v -36.34978867 -7.10493374 0.00893544
v -36.29298019 -7.08741045 0.00223706
v -36.55364609 -8.57532120 0.74021602
v -36.55572891 -8.57613850 0.80000007
v -36.54740906 -8.57287407 0.68076628
v -36.53705597 -8.56881046 0.62198335
v -36.52264404 -8.56315327 0.56419593
v -36.50424957 -8.55593491 0.50772727
v -36.48197937 -8.54719448 0.45289311
v -36.45595551 -8.53698158 0.40000010
v -36.42632675 -8.52535248 0.34934404
v -36.39325714 -8.51237392 0.30120826
v -36.35692978 -8.49811649 0.25586191
v -36.31755066 -8.48266125 0.21355860
v -36.27534103 -8.46609497 0.17453492
v -36.23053360 -8.44850922 0.13900907
v -36.18337631 -8.43000221 0.10717978
v -36.13414001 -8.41067791 0.07922500
v -36.08309937 -8.39064503 0.05530110
v -36.03053284 -8.37001419 0.03554185
v -35.97673798 -8.34890270 0.02005777
v -35.92201996 -8.32742691 0.00893544
v -35.86668015 -8.30570698 0.00223706
v -36.01542282 -9.80893707 0.74021602
v -36.01744080 -9.80990696 0.80000007
v -36.00938797 -9.80603027 0.68076628
v -35.99936676 -9.80120468 0.62198335
v -35.98541641 -9.79448605 0.56419593
v -35.96761703 -9.78591347 0.50772727
v -35.94606018 -9.77553272 0.45289311
v -35.92087555 -9.76340389 0.40000010
v -35.89219666 -9.74959373 0.34934404
v -35.86018753 -9.73417950 0.30120826
v -35.82503128 -9.71724796 0.25586191
v -35.78691483 -9.69889259 0.21355860
v -35.74605942 -9.67921829 0.17453492
v -35.70269012 -9.65833282 0.13900907
v -35.65705109 -9.63635349 0.10717978
v -35.60939789 -9.61340427 0.07922500
v -35.55999374 -9.58961296 0.05530110
v -35.50911713 -9.56511211 0.03554185
v -35.45705032 -9.54003906 0.02005777
v -35.40409088 -9.51453400 0.00893544
v -35.35052872 -9.48873997 0.00223706
v -35.38652039 -10.99888134 0.74021602
v -35.38845825 -11.00000000 0.80000007
v -35.38071823 -10.99553204 0.68076628
v -35.37108612 -10.98997116 0.62198335
v -35.35767746 -10.98222923 0.56419593
v -35.34056473 -10.97234917 0.50772727
v -35.31984711 -10.96038723 0.45289311
v -35.29563522 -10.94641018 0.40000010
v -35.26807022 -10.93049526 0.34934404
v -35.23730469 -10.91273212 0.30120826
v -35.20351028 -10.89322090 0.25586191
v -35.16687393 -10.87206936 0.21355860
v -35.12760162 -10.84939575 0.17453492
v -35.08591843 -10.82532787 0.13900907
v -35.04204559 -10.80000019 0.10717978
v -34.99623871 -10.77355385 0.07922500
v -34.94875336 -10.74613667 0.05530110
v -34.89984894 -10.71790218 0.03554185
v -34.84980392 -10.68900871 0.02005777
v -34.79889679 -10.65961647 0.00893544
v -34.74740982 -10.62989235 0.00223706
v -34.67044830 -12.13850117 0.74021602
v -34.67229843 -12.13976097 0.80000007
v -34.66491699 -12.13472748 0.68076628
v -34.65572739 -12.12846184 0.62198335
v -34.64293289 -12.11973953 0.56419593
v -34.62660599 -12.10860920 0.50772727
v -34.60683823 -12.09513187 0.45289311
v -34.58374023 -12.07938480 0.40000010
v -34.55744171 -12.06145477 0.34934404
v -34.52809143 -12.04144192 0.30120826
v -34.49584579 -12.01945972 0.25586191
v -34.46089554 -11.99562931 0.21355860
v -34.42342758 -11.97008419 0.17453492
v -34.38365555 -11.94296837 0.13900907
v -34.34180069 -11.91443348 0.10717978
v -34.29809952 -11.88463688 0.07922500
v -34.25279236 -11.85374832 0.05530110
v -34.20613861 -11.82193851 0.03554185
v -34.15839005 -11.78938580 0.02005777
v -34.10982132 -11.75627136 0.00893544
v -34.06070328 -11.72278214 0.00223706
v -33.87121964 -13.22142124 0.74021602
v -33.87296677 -13.22281647 0.80000007
v -33.86598206 -13.21724510 0.68076628
v -33.85728455 -13.21031094 0.62198335
v -33.84518051 -13.20065689 0.56419593
v -33.82973099 -13.18833637 0.50772727
v -33.81102753 -13.17342091 0.45289311
v -33.78916931 -13.15599060 0.40000010
v -33.76428604 -13.13614559 0.34934404
v -33.73651123 -13.11399555 0.30120826
v -33.70600128 -13.08966446 0.25586191
v -33.67292404 -13.06328964 0.21355860
v -33.63747406 -13.03501606 0.17453492
v -33.59983826 -13.00500393 0.13900907
v -33.56023407 -12.97342014 0.10717978
v -33.51887894 -12.94044209 0.07922500
v -33.47600937 -12.90625381 0.05530110
v -33.43186188 -12.87104607 0.03554185
v -33.38668060 -12.83501625 0.02005777
v -33.34072113 -12.79836559 0.00893544
v -33.29424286 -12.76129913 0.00223706
v -32.99329376 -14.24158764 0.74021602
v -32.99493408 -14.24310970 0.80000007
v -32.98838425 -14.23703194 0.68076628
v -32.98023224 -14.22946644 0.62198335
v -32.96887970 -14.21893501 0.56419593
v -32.95439529 -14.20549488 0.50772727
v -32.93685913 -14.18922234 0.45289311
v -32.91636658 -14.17020893 0.40000010
v -32.89303207 -14.14855957 0.34934404
v -32.86698914 -14.12439537 0.30120826
v -32.83838272 -14.09785271 0.25586191
v -32.80737305 -14.06907940 0.21355860
v -32.77413177 -14.03823566 0.17453492
v -32.73884583 -14.00549507 0.13900907
v -32.70171356 -13.97103977 0.10717978
v -32.66294098 -13.93506336 0.07922500
v -32.62274170 -13.89776707 0.05530110
v -32.58134842 -13.85935879 0.03554185
v -32.53898621 -13.82005310 0.02005777
v -32.49589539 -13.78007030 0.00893544
v -32.45231628 -13.73963451 0.00223706
v -32.04158783 -15.19329357 0.74021602
v -32.04310989 -15.19493389 0.80000007
v -32.03703308 -15.18838406 0.68076628
v -32.02946472 -15.18023014 0.62198335
v -32.01893616 -15.16887951 0.56419593
v -32.00549316 -15.15439510 0.50772727
v -31.98922348 -15.13685799 0.45289311
v -31.97020912 -15.11636543 0.40000010
v -31.94855881 -15.09303284 0.34934404
v -31.92439461 -15.06699085 0.30120826
v -31.89785194 -15.03838444 0.25586191
v -31.86907959 -15.00737381 0.21355860
v -31.83823586 -14.97413254 0.17453492
v -31.80549431 -14.93884659 0.13900907
v -31.77103996 -14.90171337 0.10717978
v -31.73506355 -14.86293983 0.07922500
v -31.69776726 -14.82274342 0.05530110
v -31.65935898 -14.78134918 0.03554185
v -31.62005234 -14.73898792 0.02005777
v -31.58007050 -14.69589710 0.00893544
v -31.53963470 -14.65231705 0.00223706
v -31.02142143 -16.07121849 0.74021602
v -31.02281570 -16.07296753 0.80000007
v -31.01724625 -16.06598091 0.68076628
v -31.01031113 -16.05728531 0.62198335
v -31.00065613 -16.04517937 0.56419593
v -30.98833656 -16.02972984 0.50772727
v -30.97342110 -16.01102638 0.45289311
v -30.95599174 -15.98917007 0.40000010
v -30.93614578 -15.96428490 0.34934404
v -30.91399574 -15.93651009 0.30120826
v -30.88966560 -15.90600014 0.25586191
v -30.86328888 -15.87292576 0.21355860
v -30.83501625 -15.83747292 0.17453492
v -30.80500412 -15.79983902 0.13900907
v -30.77342033 -15.76023388 0.10717978
v -30.74044228 -15.71888065 0.07922500
v -30.70625305 -15.67600918 0.05530110
v -30.67104530 -15.63186073 0.03554185
v -30.63501549 -15.58668041 0.02005777
v -30.59836578 -15.54072189 0.00893544
v -30.56130028 -15.49424267 0.00223706
v -29.93850136 -16.87044907 0.74021602
v -29.93976021 -16.87229729 0.80000007
v -28.79999924 -17.58845711 0.80000007
v -29.93472672 -16.86491585 0.68076628
v -29.92846298 -16.85572624 0.62198335
v -29.91973877 -16.84293175 0.56419593
v -29.90860939 -16.82660675 0.50772727
v -29.89513206 -16.80683899 0.45289311
v -29.87938499 -16.78374100 0.40000010
v -29.86145401 -16.75744247 0.34934404
v -29.84144211 -16.72809029 0.30120826
v -29.81945992 -16.69584846 0.25586191
v -29.79562950 -16.66089439 0.21355860
v -29.77008438 -16.62342834 0.17453492
v -29.74296951 -16.58365631 0.13900907
v -29.71443367 -16.54180336 0.10717978
v -29.68463707 -16.49810028 0.07922500
v -29.65374756 -16.45279312 0.05530110
v -29.62193871 -16.40613747 0.03554185
v -29.58938599 -16.35839081 0.02005777
v -29.55627251 -16.30982208 0.00893544
v -29.52278328 -16.26070213 0.00223706
v -28.79888153 -17.58651924 0.74021602
v -28.79553223 -17.58071899 0.68076628
v -28.78997040 -17.57108688 0.62198335
v -28.78222847 -17.55767632 0.56419593
v -28.77235031 -17.54056549 0.50772727
v -28.76038742 -17.51984596 0.45289311
v -28.74641037 -17.49563789 0.40000010
v -28.73049545 -17.46807289 0.34934404
v -28.71273232 -17.43730545 0.30120826
v -28.69322014 -17.40351105 0.25586191
v -28.67206955 -17.36687469 0.21355860
v -28.64939499 -17.32760429 0.17453492
v -28.62532806 -17.28591728 0.13900907
v -28.60000038 -17.24204636 0.10717978
v -28.57355309 -17.19623947 0.07922500
v -28.54613686 -17.14875221 0.05530110
v -28.51790237 -17.09984970 0.03554185
v -28.48900795 -17.04980469 0.02005777
v -28.45961761 -16.99889565 0.00893544
v -28.42989159 -16.94741058 0.00223706
v -27.60893631 -18.21542358 0.74021602
v -27.60990715 -18.21743965 0.80000007
v -27.60602951 -18.20938873 0.68076628
v -27.60120392 -18.19936752 0.62198335
v -27.59448624 -18.18541718 0.56419593
v -27.58591270 -18.16761589 0.50772727
v -27.57553291 -18.14606094 0.45289311
v -27.56340408 -18.12087440 0.40000010
v -27.54959297 -18.09219742 0.34934404
v -27.53417969 -18.06018829 0.30120826
v -27.51724815 -18.02503014 0.25586191
v -27.49889374 -17.98691559 0.21355860
v -27.47921753 -17.94606018 0.17453492
v -27.45833206 -17.90269089 0.13900907
v -27.43635368 -17.85705185 0.10717978
v -27.41340446 -17.80939674 0.07922500
v -27.38961220 -17.75999260 0.05530110
v -27.36511230 -17.70911598 0.03554185
v -27.34003830 -17.65705299 0.02005777
v -27.31453323 -17.60408974 0.00893544
v -27.28874016 -17.55052757 0.00223706
v -26.37532043 -18.75364494 0.74021602
v -26.37613869 -18.75572777 0.80000007
v -25.10559273 -19.20030975 0.80000007
v -26.37287331 -18.74740982 0.68076628
v -26.36881065 -18.73705673 0.62198335
v -26.36315346 -18.72264290 0.56419593
v -26.35593414 -18.70424843 0.50772727
v -26.34719467 -18.68197823 0.45289311
v -26.33698082 -18.65595627 0.40000010
v -26.32535362 -18.62632751 0.34934404
v -26.31237411 -18.59325790 0.30120826
v -26.29811668 -18.55693054 0.25586191
v -26.28266144 -18.51755333 0.21355860
v -26.26609421 -18.47533989 0.17453492
v -26.24850845 -18.43053246 0.13900907
v -26.23000145 -18.38337708 0.10717978
v -26.21067810 -18.33414078 0.07922500
v -26.19064522 -18.28309822 0.05530110
v -26.17001534 -18.23053169 0.03554185
v -26.14890289 -18.17673874 0.02005777
v -26.12742615 -18.12202072 0.00893544
v -26.10570717 -18.06667900 0.00223706
v -25.10493469 -19.19817352 0.74021602
v -25.10295868 -19.19177246 0.68076628
v -25.09968185 -19.18114471 0.62198335
v -25.09511757 -19.16634750 0.56419593
v -25.08929253 -19.14746666 0.50772727
v -25.08224106 -19.12460518 0.45289311
v -25.07400131 -19.09789276 0.40000010
v -25.06461906 -19.06747818 0.34934404
v -25.05414772 -19.03352928 0.30120826
v -25.04264641 -18.99624062 0.25586191
v -25.03017616 -18.95581627 0.21355860
v -25.01681137 -18.91248512 0.17453492
v -25.00262260 -18.86648750 0.13900907
v -24.98769188 -18.81808090 0.10717978
v -24.97210121 -18.76753807 0.07922500
v -24.95593834 -18.71513939 0.05530110
v -24.93929291 -18.66118050 0.03554185
v -24.92226028 -18.60596085 0.02005777
v -24.90493393 -18.54978943 0.00893544
v -24.88741112 -18.49298096 0.00223706
v -23.80487823 -19.54652214 0.74021602
v -23.80537605 -19.54870224 0.80000007
v -23.80338860 -19.53999138 0.68076628
v -23.80091286 -19.52914810 0.62198335
v -23.79746819 -19.51405144 0.56419593
v -23.79307175 -19.49478722 0.50772727
v -23.78774834 -19.47146416 0.45289311
v -23.78152657 -19.44421005 0.40000010
v -23.77444458 -19.41317940 0.34934404
v -23.76653862 -19.37854385 0.30120826
v -23.75785637 -19.34049797 0.25586191
v -23.74844170 -19.29925537 0.21355860
v -23.73835182 -19.25504684 0.17453492
v -23.72764015 -19.20811653 0.13900907
v -23.71636772 -19.15873146 0.10717978
v -23.70459938 -19.10716438 0.07922500
v -23.69239616 -19.05370522 0.05530110
v -23.67983055 -18.99865150 0.03554185
v -23.66697311 -18.94231415 0.02005777
v -23.65389252 -18.88500404 0.00893544
v -23.64066315 -18.82704544 0.00223706
v -22.48242760 -19.79674339 0.74021602
v -22.48276138 -19.79895401 0.80000007
v -22.48142815 -19.79011917 0.68076628
v -22.47977066 -19.77912140 0.62198335
v -22.47746277 -19.76380920 0.56419593
v -22.47451782 -19.74427223 0.50772727
v -22.47095299 -19.72061539 0.45289311
v -22.46678734 -19.69297218 0.40000010
v -22.46204185 -19.66149902 0.34934404
v -22.45674706 -19.62636948 0.30120826
v -22.45093155 -19.58778191 0.25586191
v -22.44462585 -19.54594994 0.21355860
v -22.43786812 -19.50111008 0.17453492
v -22.43069458 -19.45351219 0.13900907
v -22.42314339 -19.40342331 0.10717978
v -22.41526031 -19.35112000 0.07922500
v -22.40708733 -19.29689789 0.05530110
v -22.39867210 -19.24106026 0.03554185
v -22.39005852 -19.18391800 0.02005777
v -22.38129807 -19.12579155 0.00893544
v -22.37243652 -19.06700706 0.00223706
v -21.14497375 -19.94743729 0.74021602
v -21.14514160 -19.94966888 0.80000007
v -21.14447403 -19.94075775 0.68076628
v -21.14364243 -19.92966652 0.62198335
v -21.14248657 -19.91422653 0.56419593
v -21.14100838 -19.89452171 0.50772727
v -21.13922119 -19.87066460 0.45289311
v -21.13713264 -19.84278870 0.40000010
v -21.13475418 -19.81104851 0.34934404
v -21.13209915 -19.77562141 0.30120826
v -21.12918282 -19.73670769 0.25586191
v -21.12602043 -19.69452286 0.21355860
v -21.12263298 -19.64930153 0.17453492
v -21.11903572 -19.60130119 0.13900907
v -21.11524963 -19.55078697 0.10717978
v -21.11129761 -19.49804115 0.07922500
v -21.10719872 -19.44336128 0.05530110
v -21.10297966 -19.38705063 0.03554185
v -21.09866142 -19.32942390 0.02005777
v -21.09426880 -19.27080536 0.00893544
v -21.08982468 -19.21152306 0.00223706
v -37.79999924 2.00000000 0.80000007
v -37.79776382 2.00000000 0.74021602
v -37.79106522 2.00000000 0.68076628
v -37.77994156 2.00000000 0.62198335
v -37.76445770 2.00000000 0.56419593
v -37.74469757 2.00000000 0.50772727
v -37.72077560 2.00000000 0.45289311
v -37.69282150 2.00000000 0.40000010
v -37.66099167 2.00000000 0.34934404
v -37.62546539 2.00000000 0.30120826
v -37.58644104 2.00000000 0.25586191
v -37.54413986 2.00000000 0.21355860
v -37.49879074 2.00000000 0.17453492
v -37.45065689 2.00000000 0.13900907
v -37.40000153 2.00000000 0.10717978
v -37.34710693 2.00000000 0.07922500
v -37.29227448 2.00000000 0.05530110
v -37.23580551 2.00000000 0.03554185
v -37.17801666 2.00000000 0.02005777
v -37.11923218 2.00000000 0.00893544
v -37.05978394 2.00000000 0.00223706
v -21.14497375 19.94743729 0.74021602
v -19.79999924 20.00000000 0.80000007
v -19.79999924 19.99776268 0.74021602
v -21.14514160 19.94966888 0.80000007
v -21.14447403 19.94075775 0.68076628
v -19.79999924 19.99106407 0.68076628
v -21.14364243 19.92966652 0.62198335
v -19.79999924 19.97994232 0.62198335
v -21.14248657 19.91422653 0.56419593
v -19.79999924 19.96445847 0.56419593
v -21.14100838 19.89452171 0.50772727
v -19.79999924 19.94469833 0.50772727
v -21.13922119 19.87066460 0.45289311
v -19.79999924 19.92077446 0.45289311
v -21.13713264 19.84278870 0.40000010
v -19.79999924 19.89282036 0.40000010
v -21.13475418 19.81104851 0.34934404
v -19.79999924 19.86099052 0.34934404
v -21.13209915 19.77562141 0.30120826
v -19.79999924 19.82546425 0.30120826
v -21.12918282 19.73670769 0.25586191
v -19.79999924 19.78644180 0.25586191
v -21.12602043 19.69452286 0.21355860
v -19.79999924 19.74413872 0.21355860
v -21.12263298 19.64930153 0.17453492
v -19.79999924 19.69879150 0.17453492
v -21.11903572 19.60130119 0.13900907
v -19.79999924 19.65065575 0.13900907
v -21.11524963 19.55078697 0.10717978
v -19.79999924 19.60000038 0.10717978
v -21.11129761 19.49804115 0.07922500
v -19.79999924 19.54710770 0.07922500
v -21.10719872 19.44336128 0.05530110
v -19.79999924 19.49227333 0.05530110
v -21.10297966 19.38705063 0.03554185
v -19.79999924 19.43580437 0.03554185
v -21.09866142 19.32942390 0.02005777
v -19.79999924 19.37801743 0.02005777
v -21.09426880 19.27080536 0.00893544
v -19.79999924 19.31923294 0.00893544
v -21.08982468 19.21152306 0.00223706
v -19.79999924 19.25978470 0.00223706
v -22.48242760 19.79674339 0.74021602
v -22.48276138 19.79895401 0.80000007
v -22.48142815 19.79011917 0.68076628
v -22.47977066 19.77912140 0.62198335
v -22.47746277 19.76380920 0.56419593
v -22.47451782 19.74427223 0.50772727
v -22.47095299 19.72061539 0.45289311
v -22.46678734 19.69297218 0.40000010
v -22.46204185 19.66149902 0.34934404
v -22.45674706 19.62636948 0.30120826
v -22.45093155 19.58778191 0.25586191
v -22.44462585 19.54594994 0.21355860
v -22.43786812 19.50111008 0.17453492
v -22.43069458 19.45351219 0.13900907
v -22.42314339 19.40342331 0.10717978
v -22.41526031 19.35112000 0.07922500
v -22.40708733 19.29689789 0.05530110
v -22.39867210 19.24106026 0.03554185
v -22.39005852 19.18391800 0.02005777
v -22.38129807 19.12579155 0.00893544
v -22.37243652 19.06700706 0.00223706
v -23.80487823 19.54652214 0.74021602
v -23.80537605 19.54870224 0.80000007
v -25.10559273 19.20030975 0.80000007
v -23.80338860 19.53999138 0.68076628
v -23.80091286 19.52914810 0.62198335
v -23.79746819 19.51405144 0.56419593
v -23.79307175 19.49478722 0.50772727
v -23.78774834 19.47146416 0.45289311
v -23.78152657 19.44421005 0.40000010
v -23.77444458 19.41317940 0.34934404
v -23.76653862 19.37854385 0.30120826
v -23.75785637 19.34049797 0.25586191
v -23.74844170 19.29925537 0.21355860
v -23.73835182 19.25504684 0.17453492
v -23.72764015 19.20811653 0.13900907
v -23.71636772 19.15873146 0.10717978
v -23.70459938 19.10716438 0.07922500
v -23.69239616 19.05370522 0.05530110
v -23.67983055 18.99865150 0.03554185
v -23.66697311 18.94231415 0.02005777
v -23.65389252 18.88500404 0.00893544
v -23.64066315 18.82704544 0.00223706
v -25.10493469 19.19817352 0.74021602
v -25.10295868 19.19177246 0.68076628
v -25.09968185 19.18114471 0.62198335
v -25.09511757 19.16634750 0.56419593
v -25.08929253 19.14746666 0.50772727
v -25.08224106 19.12460518 0.45289311
v -25.07400131 19.09789276 0.40000010
v -25.06461906 19.06747818 0.34934404
v -25.05414772 19.03352928 0.30120826
v -25.04264641 18.99624062 0.25586191
v -25.03017616 18.95581627 0.21355860
v -25.01681137 18.91248512 0.17453492
v -25.00262260 18.86648750 0.13900907
v -24.98769188 18.81808090 0.10717978
v -24.97210121 18.76753807 0.07922500
v -24.95593834 18.71513939 0.05530110
v -24.93929291 18.66118050 0.03554185
v -24.92226028 18.60596085 0.02005777
v -24.90493393 18.54978943 0.00893544
v -24.88741112 18.49298096 0.00223706
v -26.37532043 18.75364494 0.74021602
v -26.37613869 18.75572777 0.80000007
v -26.37287331 18.74740982 0.68076628
v -26.36881065 18.73705673 0.62198335
v -26.36315346 18.72264290 0.56419593
v -26.35593414 18.70424843 0.50772727
v -26.34719467 18.68197823 0.45289311
v -26.33698082 18.65595627 0.40000010
v -26.32535362 18.62632751 0.34934404
v -26.31237411 18.59325790 0.30120826
v -26.29811668 18.55693054 0.25586191
v -26.28266144 18.51755333 0.21355860
v -26.26609421 18.47533989 0.17453492
v -26.24850845 18.43053246 0.13900907
v -26.23000145 18.38337708 0.10717978
v -26.21067810 18.33414078 0.07922500
v -26.19064522 18.28309822 0.05530110
v -26.17001534 18.23053169 0.03554185
v -26.14890289 18.17673874 0.02005777
v -26.12742615 18.12202072 0.00893544
v -26.10570717 18.06667900 0.00223706
v -27.60893631 18.21542358 0.74021602
v -27.60990715 18.21743965 0.80000007
v -27.60602951 18.20938873 0.68076628
v -27.60120392 18.19936752 0.62198335
v -27.59448624 18.18541718 0.56419593
v -27.58591270 18.16761589 0.50772727
v -27.57553291 18.14606094 0.45289311
v -27.56340408 18.12087440 0.40000010
v -27.54959297 18.09219742 0.34934404
v -27.53417969 18.06018829 0.30120826
v -27.51724815 18.02503014 0.25586191
v -27.49889374 17.98691559 0.21355860
v -27.47921753 17.94606018 0.17453492
v -27.45833206 17.90269089 0.13900907
v -27.43635368 17.85705185 0.10717978
v -27.41340446 17.80939674 0.07922500
v -27.38961220 17.75999260 0.05530110
v -27.36511230 17.70911598 0.03554185
v -27.34003830 17.65705299 0.02005777
v -27.31453323 17.60408974 0.00893544
v -27.28874016 17.55052757 0.00223706
v -28.79888153 17.58651924 0.74021602
v -28.79999924 17.58845711 0.80000007
v -28.79553223 17.58071899 0.68076628
v -28.78997040 17.57108688 0.62198335
v -28.78222847 17.55767632 0.56419593
v -28.77235031 17.54056549 0.50772727
v -28.76038742 17.51984596 0.45289311
v -28.74641037 17.49563789 0.40000010
v -28.73049545 17.46807289 0.34934404
v -28.71273232 17.43730545 0.30120826
v -28.69322014 17.40351105 0.25586191
v -28.67206955 17.36687469 0.21355860
v -28.64939499 17.32760429 0.17453492
v -28.62532806 17.28591728 0.13900907
v -28.60000038 17.24204636 0.10717978
v -28.57355309 17.19623947 0.07922500
v -28.54613686 17.14875221 0.05530110
v -28.51790237 17.09984970 0.03554185
v -28.48900795 17.04980469 0.02005777
v -28.45961761 16.99889565 0.00893544
v -28.42989159 16.94741058 0.00223706
v -29.93850136 16.87044907 0.74021602
v -29.93976021 16.87229729 0.80000007
v -29.93472672 16.86491585 0.68076628
v -29.92846298 16.85572624 0.62198335
v -29.91973877 16.84293175 0.56419593
v -29.90860939 16.82660675 0.50772727
v -29.89513206 16.80683899 0.45289311
v -29.87938499 16.78374100 0.40000010
v -29.86145401 16.75744247 0.34934404
v -29.84144211 16.72809029 0.30120826
v -29.81945992 16.69584846 0.25586191
v -29.79562950 16.66089439 0.21355860
v -29.77008438 16.62342834 0.17453492
v -29.74296951 16.58365631 0.13900907
v -29.71443367 16.54180336 0.10717978
v -29.68463707 16.49810028 0.07922500
v -29.65374756 16.45279312 0.05530110
v -29.62193871 16.40613747 0.03554185
v -29.58938599 16.35839081 0.02005777
v -29.55627251 16.30982208 0.00893544
v -29.52278328 16.26070213 0.00223706
v -31.02142143 16.07121849 0.74021602
v -31.02281570 16.07296753 0.80000007
v -32.04310989 15.19493389 0.80000007
v -31.01724625 16.06598091 0.68076628
v -31.01031113 16.05728531 0.62198335
v -31.00065613 16.04517937 0.56419593
v -30.98833656 16.02972984 0.50772727
v -30.97342110 16.01102638 0.45289311
v -30.95599174 15.98917007 0.40000010
v -30.93614578 15.96428490 0.34934404
v -30.91399574 15.93651009 0.30120826
v -30.88966560 15.90600014 0.25586191
v -30.86328888 15.87292576 0.21355860
v -30.83501625 15.83747292 0.17453492
v -30.80500412 15.79983902 0.13900907
v -30.77342033 15.76023388 0.10717978
v -30.74044228 15.71888065 0.07922500
v -30.70625305 15.67600918 0.05530110
v -30.67104530 15.63186073 0.03554185
v -30.63501549 15.58668041 0.02005777
v -30.59836578 15.54072189 0.00893544
v -30.56130028 15.49424267 0.00223706
v -32.04158783 15.19329357 0.74021602
v -32.03703308 15.18838406 0.68076628
v -32.02946472 15.18023014 0.62198335
v -32.01893616 15.16887951 0.56419593
v -32.00549316 15.15439510 0.50772727
v -31.98922348 15.13685799 0.45289311
v -31.97020912 15.11636543 0.40000010
v -31.94855881 15.09303284 0.34934404
v -31.92439461 15.06699085 0.30120826
v -31.89785194 15.03838444 0.25586191
v -31.86907959 15.00737381 0.21355860
v -31.83823586 14.97413254 0.17453492
v -31.80549431 14.93884659 0.13900907
v -31.77103996 14.90171337 0.10717978
v -31.73506355 14.86293983 0.07922500
v -31.69776726 14.82274342 0.05530110
v -31.65935898 14.78134918 0.03554185
v -31.62005234 14.73898792 0.02005777
v -31.58007050 14.69589710 0.00893544
v -31.53963470 14.65231705 0.00223706
v -32.99329376 14.24158764 0.74021602
v -32.99493408 14.24310970 0.80000007
v -32.98838425 14.23703194 0.68076628
v -32.98023224 14.22946644 0.62198335
v -32.96887970 14.21893501 0.56419593
v -32.95439529 14.20549488 0.50772727
v -32.93685913 14.18922234 0.45289311
v -32.91636658 14.17020893 0.40000010
v -32.89303207 14.14855957 0.34934404
v -32.86698914 14.12439537 0.30120826
v -32.83838272 14.09785271 0.25586191
v -32.80737305 14.06907940 0.21355860
v -32.77413177 14.03823566 0.17453492
v -32.73884583 14.00549507 0.13900907
v -32.70171356 13.97103977 0.10717978
v -32.66294098 13.93506336 0.07922500
v -32.62274170 13.89776707 0.05530110
v -32.58134842 13.85935879 0.03554185
v -32.53898621 13.82005310 0.02005777
v -32.49589539 13.78007030 0.00893544
v -32.45231628 13.73963451 0.00223706
v -33.87121964 13.22142124 0.74021602
v -33.87296677 13.22281647 0.80000007
v -33.86598206 13.21724510 0.68076628
v -33.85728455 13.21031094 0.62198335
v -33.84518051 13.20065689 0.56419593
v -33.82973099 13.18833637 0.50772727
v -33.81102753 13.17342091 0.45289311
v -33.78916931 13.15599060 0.40000010
v -33.76428604 13.13614559 0.34934404
v -33.73651123 13.11399555 0.30120826
v -33.70600128 13.08966446 0.25586191
v -33.67292404 13.06328964 0.21355860
v -33.63747406 13.03501606 0.17453492
v -33.59983826 13.00500393 0.13900907
v -33.56023407 12.97342014 0.10717978
v -33.51887894 12.94044209 0.07922500
v -33.47600937 12.90625381 0.05530110
v -33.43186188 12.87104607 0.03554185
v -33.38668060 12.83501625 0.02005777
v -33.34072113 12.79836559 0.00893544
v -33.29424286 12.76129913 0.00223706
v -34.67044830 12.13850117 0.74021602
v -34.67229843 12.13976097 0.80000007
v -35.38845825 11.00000000 0.80000007
v -34.66491699 12.13472748 0.68076628
v -34.65572739 12.12846184 0.62198335
v -34.64293289 12.11973953 0.56419593
v -34.62660599 12.10860920 0.50772727
v -34.60683823 12.09513187 0.45289311
v -34.58374023 12.07938480 0.40000010
v -34.55744171 12.06145477 0.34934404
v -34.52809143 12.04144192 0.30120826
v -34.49584579 12.01945972 0.25586191
v -34.46089554 11.99562931 0.21355860
v -34.42342758 11.97008419 0.17453492
v -34.38365555 11.94296837 0.13900907
v -34.34180069 11.91443348 0.10717978
v -34.29809952 11.88463688 0.07922500
v -34.25279236 11.85374832 0.05530110
v -34.20613861 11.82193851 0.03554185
v -34.15839005 11.78938580 0.02005777
v -34.10982132 11.75627136 0.00893544
v -34.06070328 11.72278214 0.00223706
v -35.38652039 10.99888134 0.74021602
v -36.01744080 9.80990696 0.80000007
v -35.38071823 10.99553204 0.68076628
v -35.37108612 10.98997116 0.62198335
v -35.35767746 10.98222923 0.56419593
v -35.34056473 10.97234917 0.50772727
v -35.31984711 10.96038723 0.45289311
v -35.29563522 10.94641018 0.40000010
v -35.26807022 10.93049526 0.34934404
v -35.23730469 10.91273212 0.30120826
v -35.20351028 10.89322090 0.25586191
v -35.16687393 10.87206936 0.21355860
v -35.12760162 10.84939575 0.17453492
v -35.08591843 10.82532787 0.13900907
v -35.04204559 10.80000019 0.10717978
v -34.99623871 10.77355385 0.07922500
v -34.94875336 10.74613667 0.05530110
v -34.89984894 10.71790218 0.03554185
v -34.84980392 10.68900871 0.02005777
v -34.79889679 10.65961647 0.00893544
v -34.74740982 10.62989235 0.00223706
v -36.01542282 9.80893707 0.74021602
v -36.00938797 9.80603027 0.68076628
v -35.99936676 9.80120468 0.62198335
v -35.98541641 9.79448605 0.56419593
v -35.96761703 9.78591347 0.50772727
v -35.94606018 9.77553272 0.45289311
v -35.92087555 9.76340389 0.40000010
v -35.89219666 9.74959373 0.34934404
v -35.86018753 9.73417950 0.30120826
v -35.82503128 9.71724796 0.25586191
v -35.78691483 9.69889259 0.21355860
v -35.74605942 9.67921829 0.17453492
v -35.70269012 9.65833282 0.13900907
v -35.65705109 9.63635349 0.10717978
v -35.60939789 9.61340427 0.07922500
v -35.55999374 9.58961296 0.05530110
v -35.50911713 9.56511211 0.03554185
v -35.45705032 9.54003906 0.02005777
v -35.40409088 9.51453400 0.00893544
v -35.35052872 9.48873997 0.00223706
v -36.55364609 8.57532120 0.74021602
v -36.55572891 8.57613850 0.80000007
v -36.54740906 8.57287407 0.68076628
v -36.53705597 8.56881046 0.62198335
v -36.52264404 8.56315327 0.56419593
v -36.50424957 8.55593491 0.50772727
v -36.48197937 8.54719448 0.45289311
v -36.45595551 8.53698158 0.40000010
v -36.42632675 8.52535248 0.34934404
v -36.39325714 8.51237392 0.30120826
v -36.35692978 8.49811649 0.25586191
v -36.31755066 8.48266125 0.21355860
v -36.27534103 8.46609497 0.17453492
v -36.23053360 8.44850922 0.13900907
v -36.18337631 8.43000221 0.10717978
v -36.13414001 8.41067791 0.07922500
v -36.08309937 8.39064503 0.05530110
v -36.03053284 8.37001419 0.03554185
v -35.97673798 8.34890270 0.02005777
v -35.92201996 8.32742691 0.00893544
v -35.86668015 8.30570698 0.00223706
v -36.99817276 7.30493355 0.74021602
v -37.00030899 7.30559301 0.80000007
v -37.34870148 6.00537682 0.80000007
v -36.99177170 7.30295944 0.68076628
v -36.98114395 7.29968119 0.62198335
v -36.96634674 7.29511690 0.56419593
v -36.94746780 7.28929281 0.50772727
v -36.92460632 7.28224134 0.45289311
v -36.89789200 7.27400160 0.40000010
v -36.86747742 7.26461935 0.34934404
v -36.83353043 7.25414801 0.30120826
v -36.79623795 7.24264574 0.25586191
v -36.75581741 7.23017645 0.21355860
v -36.71248245 7.21681070 0.17453492
v -36.66648865 7.20262241 0.13900907
v -36.61808014 7.18769121 0.10717978
v -36.56753922 7.17210054 0.07922500
v -36.51514053 7.15593815 0.05530110
v -36.46118164 7.13929367 0.03554185
v -36.40596008 7.12226057 0.02005777
v -36.34978867 7.10493374 0.00893544
v -36.29298019 7.08741045 0.00223706
v -37.34652328 6.00487900 0.74021602
v -37.33999252 6.00338840 0.68076628
v -37.32914734 6.00091362 0.62198335
v -37.31405258 5.99746799 0.56419593
v -37.29478836 5.99307108 0.50772727
v -37.27146530 5.98774767 0.45289311
v -37.24420929 5.98152685 0.40000010
v -37.21318054 5.97444439 0.34934404
v -37.17854309 5.96653938 0.30120826
v -37.14049911 5.95785570 0.25586191
v -37.09925461 5.94844198 0.21355860
v -37.05504608 5.93835163 0.17453492
v -37.00811768 5.92764044 0.13900907
v -36.95873260 5.91636848 0.10717978
v -36.90716553 5.90459871 0.07922500
v -36.85370636 5.89239693 0.05530110
v -36.79865265 5.87983131 0.03554185
v -36.74231339 5.86697245 0.02005777
v -36.68500519 5.85389185 0.00893544
v -36.62704468 5.84066343 0.00223706
v -37.59674454 4.68242741 0.74021602
v -37.59895325 4.68276072 0.80000007
v -37.59011841 4.68142891 0.68076628
v -37.57912064 4.67977142 0.62198335
v -37.56380844 4.67746353 0.56419593
v -37.54427338 4.67451859 0.50772727
v -37.52061462 4.67095280 0.45289311
v -37.49297333 4.66678667 0.40000010
v -37.46149826 4.66204262 0.34934404
v -37.42636871 4.65674782 0.30120826
v -37.38778305 4.65093136 0.25586191
v -37.34595108 4.64462662 0.21355860
v -37.30110931 4.63786793 0.17453492
v -37.25351334 4.63069391 0.13900907
v -37.20342255 4.62314367 0.10717978
v -37.15111923 4.61526060 0.07922500
v -37.09689713 4.60708809 0.05530110
v -37.04106140 4.59867191 0.03554185
v -36.98391724 4.59005880 0.02005777
v -36.92579269 4.58129787 0.00893544
v -36.86700821 4.57243729 0.00223706
v -37.74743652 3.34497452 0.74021602
v -37.74966812 3.34514165 0.80000007
v -37.74075699 3.34447384 0.68076628
v -37.72966766 3.34364271 0.62198335
v -37.71422577 3.34248567 0.56419593
v -37.69452286 3.34100914 0.50772727
v -37.67066574 3.33922124 0.45289311
v -37.64278793 3.33713222 0.40000010
v -37.61104965 3.33475351 0.34934404
v -37.57562256 3.33209872 0.30120826
v -37.53670883 3.32918239 0.25586191
v -37.49452209 3.32602119 0.21355860
v -37.44930267 3.32263231 0.17453492
v -37.40130234 3.31903529 0.13900907
v -37.35078812 3.31524968 0.10717978
v -37.29804230 3.31129694 0.07922500
v -37.24336243 3.30719924 0.05530110
v -37.18704987 3.30297923 0.03554185
v -37.12942505 3.29866076 0.02005777
v -37.07080460 3.29426789 0.00893544
v -37.01152039 3.28982520 0.00223706
v 19.70000076 20.00000000 0.80000007
v 19.70000076 19.99776268 0.74021602
v 19.70000076 19.99106407 0.68076628
v 19.70000076 19.97994232 0.62198335
v 19.70000076 19.96445847 0.56419593
v 19.70000076 19.94469833 0.50772727
v 19.70000076 19.92077446 0.45289311
v 19.70000076 19.89282036 0.40000010
v 19.70000076 19.86099052 0.34934404
v 19.70000076 19.82546425 0.30120826
v 19.70000076 19.78644180 0.25586191
v 19.70000076 19.74413872 0.21355860
v 19.70000076 19.69879150 0.17453492
v 19.70000076 19.65065575 0.13900907
v 19.70000076 19.60000038 0.10717978
v 19.70000076 19.54710770 0.07922500
v 19.70000076 19.49227333 0.05530110
v 19.70000076 19.43580437 0.03554185
v 19.70000076 19.37801743 0.02005777
v 19.70000076 19.31923294 0.00893544
v 19.70000076 19.25978470 0.00223706
v 20.90365601 19.95971107 0.80000007
v 30.65654755 15.33619881 0.00223706
v 30.55733299 15.56885338 0.02005777
v 30.57190704 15.67008686 0.04560315
v 30.52060699 15.52295494 0.00893544
v 30.45163727 15.79789543 0.05530110
v 30.42899704 15.96301746 0.11246055
v 30.48592377 15.84189606 0.07968244
v 30.54598808 15.71895313 0.05380390
v 30.48346519 15.47653675 0.00223706
v 30.42338562 15.76163864 0.03886142
v 30.36225319 16.06634331 0.13900907
v 30.31811333 16.19444656 0.19762033
v 30.37327766 16.08088875 0.15182890
v 30.33709526 16.03315544 0.11246056
v 30.38140869 15.70777035 0.02005777
v 30.25112534 16.26633072 0.21355860
v 30.23301125 16.36030197 0.28130290
v 30.26937675 16.29100609 0.24360982
v 29.93084908 16.79946327 0.68375641
v 29.91494942 16.81959152 0.76085025
v 29.93351364 16.80331802 0.72206378
v 29.95295334 16.78415871 0.68375641
v 30.30027390 15.98457813 0.07968244
v 30.34527779 15.66140175 0.00893544
v 30.14346313 16.46528625 0.32168078
v 30.12549973 16.54885864 0.41020408
v 30.16098404 16.48955345 0.36467579
v 30.19685555 16.42658997 0.32168078
v 30.22416115 16.22987175 0.17453492
v 30.04880524 16.63374329 0.45815966
v 30.03757095 16.68124962 0.53726256
v 30.06002235 16.64960480 0.50271910
v 30.09053612 16.60414314 0.45815966
v 29.92427063 16.78994942 0.62198335
v 29.89736938 16.83285713 0.80000007
v 29.97317123 16.76224136 0.64603329
v 29.99406815 16.73769760 0.60898882
v 30.26657867 15.94012356 0.05530110
v 30.30873680 15.61450863 0.00223706
v 30.12461662 16.43918228 0.28130290
v 30.19553947 16.19116974 0.13900907
v 30.03455925 16.61359787 0.41020408
v 29.91692924 16.77932930 0.57270724
v 30.01556206 16.71065712 0.57270724
v 30.23881340 15.90349293 0.03886142
v 30.10457993 16.41143036 0.24360982
v 30.17077446 16.15768814 0.11246056
v 30.01872444 16.59120560 0.36467579
v 30.08661461 16.38654518 0.21355860
v 29.90423012 16.76095963 0.50772727
v 30.19755936 15.84906864 0.02005777
v 30.00144196 16.56676865 0.32168078
v 30.13452911 16.10867882 0.07968244
v 29.89205551 16.74334526 0.45815966
v 30.06007004 16.34977913 0.17453492
v 30.16205025 15.80222321 0.00893544
v 29.98285103 16.54047966 0.28130290
v 30.10136032 16.06382942 0.05530110
v 29.87802315 16.72304916 0.41020408
v 30.03189468 16.31075096 0.13900907
v 30.12613869 15.75484562 0.00223706
v 29.96308708 16.51253319 0.24360982
v 30.07402802 16.02687454 0.03886142
v 29.86242867 16.70048904 0.36467579
v 30.00751686 16.27698708 0.11246056
v 29.94536591 16.48747444 0.21355860
v 29.84540749 16.67586899 0.32168078
v 30.03342056 15.97196770 0.02005777
v 29.91918373 16.45045090 0.17453492
v 29.97183609 16.22756577 0.07968244
v 29.82709885 16.64938354 0.28130290
v 29.99846649 15.92470646 0.00893544
v 29.89138985 16.41114998 0.13900907
v 29.93918419 16.18233871 0.05530110
v 29.80763435 16.62122726 0.24360982
v 29.96311569 15.87690830 0.00223706
v 29.86734390 16.37714767 0.11246056
v 29.91227913 16.14507103 0.03886142
v 29.42913437 17.14144707 0.74021602
v 28.88267517 17.48155212 0.80000007
v 29.79018211 16.59598160 0.21355860
v 29.83214951 16.32737923 0.07968244
v 29.42575455 17.13618660 0.68375641
v 29.87230301 16.08970261 0.02005777
v 29.76439476 16.55867958 0.17453492
v 29.79994011 16.28183556 0.05530110
v 29.41950035 17.12645531 0.62198335
v 29.83789444 16.04204178 0.00893544
v 29.73702240 16.51908493 0.13900907
v 29.77340126 16.24430656 0.03886142
v 29.41252136 17.11559296 0.57270724
v 29.71334076 16.48482704 0.11246056
v 29.80309486 15.99384212 0.00223706
v 29.73396873 16.18854904 0.02005777
v 29.40044975 17.09680367 0.50772727
v 29.67868042 16.43468666 0.07968244
v 29.70002937 16.14055443 0.00893544
v 29.38887405 17.07879066 0.45815966
v 29.64695930 16.38880157 0.05530110
v 29.37553596 17.05803108 0.41020408
v 29.62082100 16.35099220 0.03886142
v 29.66570282 16.09201622 0.00223706
v 29.36071014 17.03495979 0.36467579
v 29.58198738 16.29481697 0.02005777
v 29.34453201 17.00977898 0.32168078
v 29.54856110 16.24646378 0.00893544
v 29.32712555 16.98269081 0.28130290
v 29.51475525 16.19756126 0.00223706
v 29.30862236 16.95389366 0.24360982
v 29.29203033 16.92807388 0.21355860
v 28.88153458 17.47962761 0.74021602
v 29.26751900 16.88992310 0.17453492
v 28.87834358 17.47425079 0.68375641
v 29.24149704 16.84942818 0.13900907
v 28.87244415 17.46430206 0.62198335
v 29.21898460 16.81439018 0.11246056
v 28.86585617 17.45319748 0.57270724
v 29.18603325 16.76310921 0.07968244
v 28.85446358 17.43398857 0.50772727
v 29.15587997 16.71618080 0.05530110
v 28.84354019 17.41557312 0.45815966
v 29.13103294 16.67751122 0.03886142
v 28.83095360 17.39435005 0.41020408
v 29.09411621 16.62005615 0.02005777
v 28.81696129 17.37076187 0.36467579
v 29.06233788 16.57060242 0.00893544
v 28.80169296 17.34502029 0.32168078
v 28.78526688 17.31732750 0.28130290
v 29.03020096 16.52058792 0.00223706
v 28.76780510 17.28788757 0.24360982
v 28.75214767 17.26148987 0.21355860
v 28.32432175 17.79685211 0.74021602
v 27.82687378 18.06094360 0.80000007
v 28.72901535 17.22248840 0.17453492
v 28.32132530 17.79136276 0.68375641
v 28.70445824 17.18108559 0.13900907
v 28.31578255 17.78120995 0.62198335
v 28.68321228 17.14526749 0.11246056
v 28.30959702 17.76987839 0.57270724
v 28.65211678 17.09284019 0.07968244
v 28.29889488 17.75027657 0.50772727
v 28.62365913 17.04486275 0.05530110
v 28.28863525 17.73148346 0.45815966
v 28.60021019 17.00533104 0.03886142
v 28.27680969 17.70982552 0.41020408
v 28.56537247 16.94659233 0.02005777
v 28.26366997 17.68575478 0.36467579
v 28.53538322 16.89603424 0.00893544
v 28.24932671 17.65948486 0.32168078
v 28.23389816 17.63122368 0.28130290
v 28.50505638 16.84490204 0.00223706
v 27.82586479 18.05894852 0.74021602
v 28.21749496 17.60118103 0.24360982
v 28.20278931 17.57424164 0.21355860
v 27.82304192 18.05336761 0.68375641
v 28.18105888 17.53444099 0.17453492
v 27.81781769 18.04304695 0.62198335
v 28.15799332 17.49219131 0.13900907
v 27.81198883 18.03152657 0.57270724
v 28.13803673 17.45563889 0.11246056
v 27.80190659 18.01160049 0.50772727
v 28.10882759 17.40213776 0.07968244
v 27.79224014 17.99249458 0.45815966
v 28.08209801 17.35317802 0.05530110
v 27.78109932 17.97047806 0.41020408
v 28.06007195 17.31283379 0.03886142
v 27.76871681 17.94600677 0.36467579
v 27.75520325 17.91930199 0.32168078
v 28.02734756 17.25289345 0.02005777
v 27.74066544 17.89057159 0.28130290
v 27.99917984 17.20129967 0.00893544
v 27.72521210 17.86003113 0.24360982
v 27.97069168 17.14911842 0.00223706
v 27.71135521 17.83264542 0.21355860
v 27.69088173 17.79218292 0.17453492
v 27.17557526 18.37178230 0.74021602
v 26.73469353 18.56843758 0.80000007
v 27.66914749 17.74923325 0.13900907
v 27.17297745 18.36609268 0.68375641
v 27.65034485 17.71207428 0.11246056
v 27.16817284 18.35557175 0.62198335
v 27.62282372 17.65768433 0.07968244
v 27.16281128 18.34382820 0.57270724
v 27.59763908 17.60791206 0.05530110
v 27.57688713 17.56689835 0.03886142
v 27.15353394 18.32351112 0.50772727
v 27.14464188 18.30403519 0.45815966
v 27.54605293 17.50596428 0.02005777
v 27.13439178 18.28158951 0.41020408
v 27.51951408 17.45351410 0.00893544
v 27.12300110 18.25664139 0.36467579
v 27.49267197 17.40046692 0.00223706
v 27.11056900 18.22941589 0.32168078
v 26.73381805 18.56637764 0.74021602
v 27.09719467 18.20012665 0.28130290
v 26.73137474 18.56062126 0.68375641
v 27.08297729 18.16898918 0.24360982
v 26.72685432 18.54997444 0.62198335
v 27.07022858 18.14107132 0.21355860
v 26.72180748 18.53809166 0.57270724
v 27.05139351 18.09982109 0.17453492
v 26.71307945 18.51753426 0.50772727
v 27.03140068 18.05603409 0.13900907
v 26.70471191 18.49782562 0.45815966
v 27.01410294 18.01815033 0.11246056
v 26.69506836 18.47511292 0.41020408
v 26.98878479 17.96270180 0.07968244
v 26.68435097 18.44986916 0.36467579
v 26.96561432 17.91195869 0.05530110
v 26.67265320 18.42231941 0.32168078
v 26.94652176 17.87014771 0.03886142
v 26.66007042 18.39268112 0.28130290
v 26.91815567 17.80802536 0.02005777
v 26.64669228 18.36117554 0.24360982
v 26.63469696 18.33292389 0.21355860
v 26.89373970 17.75455284 0.00893544
v 26.61697578 18.29118347 0.17453492
v 26.86904716 17.70047569 0.00223706
v 26.59816360 18.24687576 0.13900907
v 26.58188820 18.20854378 0.11246056
v 25.98874474 18.86330795 0.74021602
v 25.61101913 19.00176048 0.80000007
v 26.55806541 18.15243530 0.07968244
v 25.98655891 18.85744858 0.68375641
v 26.53626442 18.10108948 0.05530110
v 25.98251724 18.84661102 0.62198335
v 26.51830101 18.05878067 0.03886142
v 25.97800636 18.83451462 0.57270724
v 26.49161148 17.99592018 0.02005777
v 25.97020340 18.81358910 0.50772727
v 26.46863747 17.94181252 0.00893544
v 25.96272087 18.79352760 0.45815966
v 25.95409966 18.77040672 0.41020408
v 26.44540405 17.88709068 0.00223706
v 25.61028481 18.99964714 0.74021602
v 25.94451714 18.74471092 0.36467579
v 25.60823059 18.99374008 0.68375641
v 25.93405914 18.71666718 0.32168078
v 25.92280769 18.68649864 0.28130290
v 25.60443306 18.98281479 0.62198335
v 25.91084862 18.65442848 0.24360982
v 25.60019302 18.97062111 0.57270724
v 25.90012360 18.62566948 0.21355860
v 25.59285927 18.94952583 0.50772727
v 25.88427925 18.58318138 0.17453492
v 25.58582878 18.92930222 0.45815966
v 25.86745834 18.53808022 0.13900907
v 25.57772446 18.90599442 0.41020408
v 25.85290718 18.49905968 0.11246056
v 25.56871796 18.88009071 0.36467579
v 25.83160782 18.44194794 0.07968244
v 25.55888939 18.85181999 0.32168078
v 25.81211662 18.38968086 0.05530110
v 25.54831696 18.82140923 0.28130290
v 25.79605675 18.34661293 0.03886142
v 25.53707504 18.78907776 0.24360982
v 25.52699661 18.76008797 0.21355860
v 25.77219391 18.28262711 0.02005777
v 25.51210594 18.71725655 0.17453492
v 25.75165367 18.22754860 0.00893544
v 25.49629784 18.67178917 0.13900907
v 25.73088074 18.17184639 0.00223706
v 25.48262215 18.63245392 0.11246056
v 25.46260452 18.57487869 0.07968244
v 24.76987648 19.26892662 0.74021602
v 24.46088600 19.35897446 0.80000007
v 25.44428635 18.52219009 0.05530110
v 24.76811600 19.26292610 0.68375641
v 25.42919350 18.47877502 0.03886142
v 24.76485634 19.25182724 0.62198335
v 25.40676689 18.41427040 0.02005777
v 24.76121902 19.23943901 0.57270724
v 25.38746262 18.35874748 0.00893544
v 24.75492859 19.21801186 0.50772727
v 25.36794090 18.30259514 0.00223706
v 24.74889755 19.19746780 0.45815966
v 24.46029282 19.35681725 0.74021602
v 24.74194717 19.17379189 0.41020408
v 24.45863914 19.35078621 0.68375641
v 24.73422050 19.14747620 0.36467579
v 24.45557976 19.33963013 0.62198335
v 24.72579002 19.11875916 0.32168078
v 24.45216560 19.32717896 0.57270724
v 24.71672058 19.08786392 0.28130290
v 24.44625854 19.30564308 0.50772727
v 24.70707703 19.05502129 0.24360982
v 24.69843102 19.02557182 0.21355860
v 24.44059563 19.28499413 0.45815966
v 24.68565750 18.98206329 0.17453492
v 24.43406868 19.26119614 0.41020408
v 24.42681503 19.23474884 0.36467579
v 24.67209816 18.93587685 0.13900907
v 24.66036797 18.89591599 0.11246056
v 24.41889954 19.20588493 0.32168078
v 24.41038322 19.17483330 0.28130290
v 24.64319611 18.83743095 0.07968244
v 24.40132904 19.14182281 0.24360982
v 24.62748337 18.78390694 0.05530110
v 24.39321136 19.11222458 0.21355860
v 24.61453438 18.73980331 0.03886142
v 24.38121796 19.06849289 0.17453492
v 24.59529686 18.67427826 0.02005777
v 24.36848640 19.02207184 0.13900907
v 24.57873917 18.61787415 0.00893544
v 24.35747147 18.98190880 0.11246056
v 24.56199265 18.56083298 0.00223706
v 24.34134865 18.92312431 0.07968244
v 24.32659531 18.86932755 0.05530110
v 23.52518082 19.58657074 0.74021602
v 23.28943825 19.63847923 0.80000007
v 24.31443787 18.82500076 0.03886142
v 23.52385139 19.58045959 0.68375641
v 24.29637527 18.75914192 0.02005777
v 23.52139282 19.56915665 0.62198335
v 24.28082657 18.70245171 0.00893544
v 23.51865005 19.55654144 0.57270724
v 24.26510239 18.64511871 0.00223706
v 23.28899193 19.63628578 0.74021602
v 23.51390266 19.53471947 0.50772727
v 23.50935173 19.51379585 0.45815966
v 23.28774452 19.63015938 0.68375641
v 23.50410843 19.48968506 0.41020408
v 23.28543854 19.61882401 0.62198335
v 23.49827957 19.46288681 0.36467579
v 23.28286362 19.60617256 0.57270724
v 23.49191856 19.43363953 0.32168078
v 23.27840996 19.58428764 0.50772727
v 23.48507500 19.40217781 0.28130290
v 23.27414131 19.56330681 0.45815966
v 23.47780037 19.36873055 0.24360982
v 23.26922035 19.53912735 0.41020408
v 23.47127724 19.33873940 0.21355860
v 23.26375198 19.51225281 0.36467579
v 23.46163940 19.29442978 0.17453492
v 23.25778389 19.48292351 0.32168078
v 23.45140839 19.24739456 0.13900907
v 23.25136185 19.45137215 0.28130290
v 23.44255638 19.20669937 0.11246056
v 23.24453735 19.41783142 0.24360982
v 23.23841667 19.38775635 0.21355860
v 23.42960167 19.14713669 0.07968244
v 23.22937393 19.34332085 0.17453492
v 23.41774559 19.09262848 0.05530110
v 23.40797615 19.04771423 0.03886142
v 23.21977425 19.29615211 0.13900907
v 23.21146965 19.25534248 0.11246056
v 23.39346313 18.98098373 0.02005777
v 23.19931412 19.19561195 0.07968244
v 23.38096809 18.92354393 0.00893544
v 23.18819046 19.14094925 0.05530110
v 23.36833382 18.86545181 0.00223706
v 23.17902565 19.09590721 0.03886142
v 23.16540718 19.02898788 0.02005777
v 22.26099777 19.81462288 0.74021602
v 22.10192299 19.83902359 0.80000007
v 23.15368462 18.97138596 0.00893544
v 22.26010895 19.80843163 0.68375641
v 23.14183044 18.91312981 0.00223706
v 22.25846291 19.79698181 0.62198335
v 22.25662613 19.78420448 0.57270724
v 22.25344849 19.76209831 0.50772727
v 22.25040054 19.74090385 0.45815966
v 22.24688911 19.71648026 0.41020408
v 22.24298668 19.68933487 0.36467579
v 22.23872757 19.65970802 0.32168078
v 22.23414612 19.62783813 0.28130290
v 22.22927666 19.59395790 0.24360982
v 22.22490883 19.56357765 0.21355860
v 22.21845627 19.51869392 0.17453492
v 22.21160698 19.47104645 0.13900907
v 22.20568085 19.42982483 0.11246056
v 22.19700623 19.36948967 0.07968244
v 22.18906975 19.31427574 0.05530110
v 22.18252945 19.26877975 0.03886142
v 22.17281151 19.20118141 0.02005777
v 22.16444778 19.14299774 0.00893544
v 22.15598679 19.08415222 0.00223706
v 20.98376846 19.95191956 0.74021602
v 20.98332405 19.94568253 0.68375641
v 20.98249817 19.93414497 0.62198335
v 20.98157692 19.92126656 0.57270724
v 20.97998428 19.89899063 0.50772727
v 20.97845650 19.87763405 0.45815966
v 20.97669601 19.85302162 0.41020408
v 20.97474098 19.82566643 0.36467579
v 20.97260666 19.79581261 0.32168078
v 20.97030830 19.76369667 0.28130290
v 20.96786690 19.72955513 0.24360982
v 20.96567917 19.69894028 0.21355860
v 20.96244431 19.65370941 0.17453492
v 20.95901108 19.60569572 0.13900907
v 20.95603943 19.56415749 0.11246056
v 20.95169258 19.50335693 0.07968244
v 20.94771385 19.44771767 0.05530110
v 20.94443512 19.40186882 0.03886142
v 20.93956375 19.33375168 0.02005777
v 20.93536949 19.27511787 0.00893544
v 20.93112946 19.21582031 0.00223706
v 23.59748268 -9.93274307 6.00000000
v 23.60000038 -10.00000000 6.00000000
v 23.58994865 -9.86586189 6.00000000
v 23.57743454 -9.79973125 6.00000000
v 23.56001472 -9.73472023 6.00000000
v 23.53778648 -9.67119312 6.00000000
v 23.51087189 -9.60950470 6.00000000
v 23.47942352 -9.55000019 6.00000000
v 23.44361496 -9.49301147 6.00000000
v 23.40364838 -9.43885899 6.00000000
v 23.35974693 -9.38784409 6.00000000
v 23.31215477 -9.34025288 6.00000000
v 23.26114082 -9.29635143 6.00000000
v 23.20698738 -9.25638485 6.00000000
v 23.14999962 -9.22057724 6.00000000
v 23.09049606 -9.18912792 6.00000000
v 23.02880669 -9.16221333 6.00000000
v 22.96528053 -9.13998413 6.00000000
v 22.90026855 -9.12256527 6.00000000
v 22.83413887 -9.11005211 6.00000000
v 22.76725769 -9.10251617 6.00000000
v 22.70000076 -9.10000038 6.00000000
v 22.63274384 -9.10251617 6.00000000
v 22.56586266 -9.11005211 6.00000000
v 22.49973106 -9.12256527 6.00000000
v 22.43472099 -9.13998413 6.00000000
v 22.37119293 -9.16221333 6.00000000
v 22.30950546 -9.18912792 6.00000000
v 22.25000000 -9.22057724 6.00000000
v 22.19301224 -9.25638485 6.00000000
v 22.13885880 -9.29635143 6.00000000
v 22.08784485 -9.34025288 6.00000000
v 22.04025269 -9.38784409 6.00000000
v 21.99635124 -9.43885899 6.00000000
v 21.95638466 -9.49301147 6.00000000
v 21.92057800 -9.55000019 6.00000000
v 21.88912773 -9.60950470 6.00000000
v 21.86221313 -9.67119312 6.00000000
v 21.83998489 -9.73472023 6.00000000
v 21.82256508 -9.79973125 6.00000000
v 21.81005287 -9.86586189 6.00000000
v 21.80251694 -9.93274307 6.00000000
v 21.79999924 -10.00000000 6.00000000
v 21.80251694 -10.06725693 6.00000000
v 21.81005287 -10.13413811 6.00000000
v 21.82256508 -10.20026875 6.00000000
v 21.83998489 -10.26527977 6.00000000
v 21.86221313 -10.32880688 6.00000000
v 21.88912773 -10.39049530 6.00000000
v 21.92057800 -10.44999981 6.00000000
v 21.95638466 -10.50698853 6.00000000
v 21.99635124 -10.56114101 6.00000000
v 22.04025269 -10.61215591 6.00000000
v 22.08784485 -10.65974712 6.00000000
v 22.13885880 -10.70364857 6.00000000
v 22.19301224 -10.74361515 6.00000000
v 22.25000000 -10.77942276 6.00000000
v 22.30950546 -10.81087208 6.00000000
v 22.37119293 -10.83778667 6.00000000
v 22.43472099 -10.86001587 6.00000000
v 22.49973106 -10.87743473 6.00000000
v 22.56586266 -10.88994789 6.00000000
v 22.63274384 -10.89748383 6.00000000
v 22.70000076 -10.89999962 6.00000000
v 22.76725769 -10.89748383 6.00000000
v 22.83413887 -10.88994789 6.00000000
v 22.90026855 -10.87743473 6.00000000
v 22.96528053 -10.86001587 6.00000000
v 23.02880669 -10.83778667 6.00000000
v 23.09049606 -10.81087208 6.00000000
v 23.14999962 -10.77942276 6.00000000
v 23.20698738 -10.74361515 6.00000000
v 23.26114082 -10.70364857 6.00000000
v 23.31215477 -10.65974712 6.00000000
v 23.35974693 -10.61215591 6.00000000
v 23.40364838 -10.56114101 6.00000000
v 23.44361496 -10.50698853 6.00000000
v 23.47942352 -10.44999981 6.00000000
v 23.51087189 -10.39049530 6.00000000
v 23.53778648 -10.32880688 6.00000000
v 23.56001472 -10.26527977 6.00000000
v 23.57743454 -10.20026875 6.00000000
v 23.58994865 -10.13413811 6.00000000
v 23.59748268 -10.06725693 6.00000000
v 23.59748268 10.06725693 6.00000000
v 23.60000038 10.00000000 6.00000000
v 23.58994865 10.13413811 6.00000000
v 23.57743454 10.20026875 6.00000000
v 23.56001472 10.26527977 6.00000000
v 23.53778648 10.32880688 6.00000000
v 23.51087189 10.39049530 6.00000000
v 23.47942352 10.44999981 6.00000000
v 23.44361496 10.50698853 6.00000000
v 23.40364838 10.56114101 6.00000000
v 23.35974693 10.61215591 6.00000000
v 23.31215477 10.65974712 6.00000000
v 23.26114082 10.70364857 6.00000000
v 23.20698738 10.74361515 6.00000000
v 23.14999962 10.77942276 6.00000000
v 23.09049606 10.81087208 6.00000000
v 23.02880669 10.83778667 6.00000000
v 22.96528053 10.86001587 6.00000000
v 22.90026855 10.87743473 6.00000000
v 22.83413887 10.88994789 6.00000000
v 22.76725769 10.89748383 6.00000000
v 22.70000076 10.89999962 6.00000000
v 22.63274384 10.89748383 6.00000000
v 22.56586266 10.88994789 6.00000000
v 22.49973106 10.87743473 6.00000000
v 22.43472099 10.86001587 6.00000000
v 22.37119293 10.83778667 6.00000000
v 22.30950546 10.81087208 6.00000000
v 22.25000000 10.77942276 6.00000000
v 22.19301224 10.74361515 6.00000000
v 22.13885880 10.70364857 6.00000000
v 22.08784485 10.65974712 6.00000000
v 22.04025269 10.61215591 6.00000000
v 21.99635124 10.56114101 6.00000000
v 21.95638466 10.50698853 6.00000000
v 21.92057800 10.44999981 6.00000000
v 21.88912773 10.39049530 6.00000000
v 21.86221313 10.32880688 6.00000000
v 21.83998489 10.26527977 6.00000000
v 21.82256508 10.20026875 6.00000000
v 21.81005287 10.13413811 6.00000000
v 21.80251694 10.06725693 6.00000000
v 21.79999924 10.00000000 6.00000000
v 21.80251694 9.93274307 6.00000000
v 21.81005287 9.86586189 6.00000000
v 21.82256508 9.79973125 6.00000000
v 21.83998489 9.73472023 6.00000000
v 21.86221313 9.67119312 6.00000000
v 21.88912773 9.60950470 6.00000000
v 21.92057800 9.55000019 6.00000000
v 21.95638466 9.49301147 6.00000000
v 21.99635124 9.43885899 6.00000000
v 22.04025269 9.38784409 6.00000000
v 22.08784485 9.34025288 6.00000000
v 22.13885880 9.29635143 6.00000000
v 22.19301224 9.25638485 6.00000000
v 22.25000000 9.22057724 6.00000000
v 22.30950546 9.18912792 6.00000000
v 22.37119293 9.16221333 6.00000000
v 22.43472099 9.13998413 6.00000000
v 22.49973106 9.12256527 6.00000000
v 22.56586266 9.11005211 6.00000000
v 22.63274384 9.10251617 6.00000000
v 22.70000076 9.10000038 6.00000000
v 22.76725769 9.10251617 6.00000000
v 22.83413887 9.11005211 6.00000000
v 22.90026855 9.12256527 6.00000000
v 22.96528053 9.13998413 6.00000000
v 23.02880669 9.16221333 6.00000000
v 23.09049606 9.18912792 6.00000000
v 23.14999962 9.22057724 6.00000000
v 23.20698738 9.25638485 6.00000000
v 23.26114082 9.29635143 6.00000000
v 23.31215477 9.34025288 6.00000000
v 23.35974693 9.38784409 6.00000000
v 23.40364838 9.43885899 6.00000000
v 23.44361496 9.49301147 6.00000000
v 23.47942352 9.55000019 6.00000000
v 23.51087189 9.60950470 6.00000000
v 23.53778648 9.67119312 6.00000000
v 23.56001472 9.73472023 6.00000000
v 23.57743454 9.79973125 6.00000000
v 23.58994865 9.86586189 6.00000000
v 23.59748268 9.93274307 6.00000000
v -28.64999962 6.44999981 6.00000000
v -4.94999981 6.44999981 6.00000000
v -4.94999981 -0.66332495 1.80000007
v -4.94999981 -6.44999981 6.00000000
v -4.94999981 0.66332495 1.80000007
v -28.64999962 -0.66332495 1.80000007
v -28.64999962 -6.44999981 6.00000000
v -28.64999962 0.66332495 1.80000007
v -4.89441919 -0.82213664 1.80000007
v -4.82712603 -0.97635078 1.80000007
v -4.74849653 -1.12510502 1.80000007
v -4.65897083 -1.26756752 1.80000007
v -4.55904961 -1.40294147 1.80000007
v -4.44929123 -1.53046989 1.80000007
v -4.33030987 -1.64943981 1.80000007
v -4.20277071 -1.75918567 1.80000007
v -4.06738710 -1.85909379 1.80000007
v -3.92491603 -1.94860566 1.80000007
v -3.77615404 -2.02722049 1.80000007
v -3.62193346 -2.09449887 1.80000007
v -3.46311641 -2.15006423 1.80000007
v -3.30059099 -2.19360638 1.80000007
v -3.13526630 -2.22488117 1.80000007
v -2.96806669 -2.24371433 1.80000007
v -2.79992723 -2.25000000 1.80000007
v -2.63178825 -2.24370337 1.80000007
v -2.46458983 -2.22485948 1.80000007
v -2.29926705 -2.19357395 1.80000007
v -2.13674450 -2.15002155 1.80000007
v -1.97793114 -2.09444571 1.80000007
v -1.82371473 -2.02715731 1.80000007
v -1.67495799 -1.94853294 1.80000007
v -1.53249264 -1.85901189 1.80000007
v -1.39711547 -1.75909495 1.80000007
v -1.26958334 -1.64934075 1.80000007
v -1.15060973 -1.53036320 1.80000007
v -1.04085970 -1.40282762 1.80000007
v -0.94094712 -1.26744723 1.80000007
v -0.85143071 -1.12497902 1.80000007
v -0.77281106 -0.97621965 1.80000007
v -0.70552772 -0.82200116 1.80000007
v -0.64995712 -0.66318589 1.80000007
v -0.60640991 -0.50066197 1.80000007
v -0.57512963 -0.33533823 1.80000007
v -0.55629122 -0.16813925 1.80000007
v -0.55000001 -0.00000000 1.80000007
v -0.55629122 0.16813925 1.80000007
v -0.57512963 0.33533823 1.80000007
v -0.60640991 0.50066197 1.80000007
v -0.64995712 0.66318589 1.80000007
v -0.70552772 0.82200116 1.80000007
v -0.77281106 0.97621965 1.80000007
v -0.85143071 1.12497902 1.80000007
v -0.94094712 1.26744723 1.80000007
v -1.04085970 1.40282762 1.80000007
v -1.15060973 1.53036320 1.80000007
v -1.26958334 1.64934075 1.80000007
v -1.39711547 1.75909495 1.80000007
v -1.53249264 1.85901189 1.80000007
v -1.67495799 1.94853294 1.80000007
v -1.82371473 2.02715731 1.80000007
v -1.97793114 2.09444571 1.80000007
v -2.13674450 2.15002155 1.80000007
v -2.29926705 2.19357395 1.80000007
v -2.46458983 2.22485948 1.80000007
v -2.63178825 2.24370337 1.80000007
v -2.79992723 2.25000000 1.80000007
v -2.96806669 2.24371433 1.80000007
v -3.13526630 2.22488117 1.80000007
v -3.30059099 2.19360638 1.80000007
v -3.46311641 2.15006423 1.80000007
v -3.62193346 2.09449887 1.80000007
v -3.77615404 2.02722049 1.80000007
v -3.92491603 1.94860566 1.80000007
v -4.06738710 1.85909379 1.80000007
v -4.20277071 1.75918567 1.80000007
v -4.33030987 1.64943981 1.80000007
v -4.44929123 1.53046989 1.80000007
v -4.55904961 1.40294147 1.80000007
v -4.65897083 1.26756752 1.80000007
v -4.74849653 1.12510502 1.80000007
v -4.82712603 0.97635078 1.80000007
v -4.89441919 0.82213664 1.80000007
v -28.70558167 0.82213664 1.80000007
v -28.77287483 0.97635078 1.80000007
v -28.85150337 1.12510502 1.80000007
v -28.94102859 1.26756752 1.80000007
v -29.04095078 1.40294147 1.80000007
v -29.15070915 1.53046989 1.80000007
v -29.26968956 1.64943981 1.80000007
v -29.39723015 1.75918567 1.80000007
v -29.53261375 1.85909379 1.80000007
v -29.67508316 1.94860566 1.80000007
v -29.82384682 2.02722049 1.80000007
v -29.97806740 2.09449887 1.80000007
v -30.13688278 2.15006423 1.80000007
v -30.29940987 2.19360638 1.80000007
v -30.46473312 2.22488117 1.80000007
v -30.63193321 2.24371433 1.80000007
v -30.80007362 2.25000000 1.80000007
v -30.96821213 2.24370337 1.80000007
v -31.13541031 2.22485948 1.80000007
v -31.30073357 2.19357395 1.80000007
v -31.46325493 2.15002155 1.80000007
v -31.62206841 2.09444571 1.80000007
v -31.77628517 2.02715731 1.80000007
v -31.92504120 1.94853294 1.80000007
v -32.06750870 1.85901189 1.80000007
v -32.20288467 1.75909495 1.80000007
v -32.33041763 1.64934075 1.80000007
v -32.44939041 1.53036320 1.80000007
v -32.55913925 1.40282762 1.80000007
v -32.65905380 1.26744723 1.80000007
v -32.74856949 1.12497902 1.80000007
v -32.82719040 0.97621965 1.80000007
v -32.89447403 0.82200116 1.80000007
v -32.95004272 0.66318589 1.80000007
v -32.99359131 0.50066197 1.80000007
v -33.02487183 0.33533823 1.80000007
v -33.04370880 0.16813925 1.80000007
v -33.04999924 0.00000000 1.80000007
v -33.04370880 -0.16813925 1.80000007
v -33.02487183 -0.33533823 1.80000007
v -32.99359131 -0.50066197 1.80000007
v -32.95004272 -0.66318589 1.80000007
v -32.89447403 -0.82200116 1.80000007
v -32.82719040 -0.97621965 1.80000007
v -32.74856949 -1.12497902 1.80000007
v -32.65905380 -1.26744723 1.80000007
v -32.55913925 -1.40282762 1.80000007
v -32.44939041 -1.53036320 1.80000007
v -32.33041763 -1.64934075 1.80000007
v -32.20288467 -1.75909495 1.80000007
v -32.06750870 -1.85901189 1.80000007
v -31.92504120 -1.94853294 1.80000007
v -31.77628517 -2.02715731 1.80000007
v -31.62206841 -2.09444571 1.80000007
v -31.46325493 -2.15002155 1.80000007
v -31.30073357 -2.19357395 1.80000007
v -31.13541031 -2.22485948 1.80000007
v -30.96821213 -2.24370337 1.80000007
v -30.80007362 -2.25000000 1.80000007
v -30.63193321 -2.24371433 1.80000007
v -30.46473312 -2.22488117 1.80000007
v -30.29940987 -2.19360638 1.80000007
v -30.13688278 -2.15006423 1.80000007
v -29.97806740 -2.09449887 1.80000007
v -29.82384682 -2.02722049 1.80000007
v -29.67508316 -1.94860566 1.80000007
v -29.53261375 -1.85909379 1.80000007
v -29.39723015 -1.75918567 1.80000007
v -29.26968956 -1.64943981 1.80000007
v -29.15070915 -1.53046989 1.80000007
v -29.04095078 -1.40294147 1.80000007
v -28.94102859 -1.26756752 1.80000007
v -28.85150337 -1.12510502 1.80000007
v -28.77287483 -0.97635078 1.80000007
v -28.70558167 -0.82213664 1.80000007
v -22.90251732 -9.93274307 6.00000000
v -22.89999962 -10.00000000 6.00000000
v -22.91005135 -9.86586189 6.00000000
v -22.92256546 -9.79973125 6.00000000
v -22.93998528 -9.73472023 6.00000000
v -22.96221352 -9.67119312 6.00000000
v -22.98912811 -9.60950470 6.00000000
v -23.02057648 -9.55000019 6.00000000
v -23.05638504 -9.49301147 6.00000000
v -23.09635162 -9.43885899 6.00000000
v -23.14025307 -9.38784409 6.00000000
v -23.18784523 -9.34025288 6.00000000
v -23.23885918 -9.29635143 6.00000000
v -23.29301262 -9.25638485 6.00000000
v -23.35000038 -9.22057724 6.00000000
v -23.40950394 -9.18912792 6.00000000
v -23.47119331 -9.16221333 6.00000000
v -23.53471947 -9.13998413 6.00000000
v -23.59973145 -9.12256527 6.00000000
v -23.66586113 -9.11005211 6.00000000
v -23.73274231 -9.10251617 6.00000000
v -23.79999924 -9.10000038 6.00000000
v -23.86725616 -9.10251617 6.00000000
v -23.93413734 -9.11005211 6.00000000
v -24.00026894 -9.12256527 6.00000000
v -24.06527901 -9.13998413 6.00000000
v -24.12880707 -9.16221333 6.00000000
v -24.19049454 -9.18912792 6.00000000
v -24.25000000 -9.22057724 6.00000000
v -24.30698776 -9.25638485 6.00000000
v -24.36114120 -9.29635143 6.00000000
v -24.41215515 -9.34025288 6.00000000
v -24.45974731 -9.38784409 6.00000000
v -24.50364876 -9.43885899 6.00000000
v -24.54361534 -9.49301147 6.00000000
v -24.57942200 -9.55000019 6.00000000
v -24.61087227 -9.60950470 6.00000000
v -24.63778687 -9.67119312 6.00000000
v -24.66001511 -9.73472023 6.00000000
v -24.67743492 -9.79973125 6.00000000
v -24.68994713 -9.86586189 6.00000000
v -24.69748306 -9.93274307 6.00000000
v -24.70000076 -10.00000000 6.00000000
v -24.69748306 -10.06725693 6.00000000
v -24.68994713 -10.13413811 6.00000000
v -24.67743492 -10.20026875 6.00000000
v -24.66001511 -10.26527977 6.00000000
v -24.63778687 -10.32880688 6.00000000
v -24.61087227 -10.39049530 6.00000000
v -24.57942200 -10.44999981 6.00000000
v -24.54361534 -10.50698853 6.00000000
v -24.50364876 -10.56114101 6.00000000
v -24.45974731 -10.61215591 6.00000000
v -24.41215515 -10.65974712 6.00000000
v -24.36114120 -10.70364857 6.00000000
v -24.30698776 -10.74361515 6.00000000
v -24.25000000 -10.77942276 6.00000000
v -24.19049454 -10.81087208 6.00000000
v -24.12880707 -10.83778667 6.00000000
v -24.06527901 -10.86001587 6.00000000
v -24.00026894 -10.87743473 6.00000000
v -23.93413734 -10.88994789 6.00000000
v -23.86725616 -10.89748383 6.00000000
v -23.79999924 -10.89999962 6.00000000
v -23.73274231 -10.89748383 6.00000000
v -23.66586113 -10.88994789 6.00000000
v -23.59973145 -10.87743473 6.00000000
v -23.53471947 -10.86001587 6.00000000
v -23.47119331 -10.83778667 6.00000000
v -23.40950394 -10.81087208 6.00000000
v -23.35000038 -10.77942276 6.00000000
v -23.29301262 -10.74361515 6.00000000
v -23.23885918 -10.70364857 6.00000000
v -23.18784523 -10.65974712 6.00000000
v -23.14025307 -10.61215591 6.00000000
v -23.09635162 -10.56114101 6.00000000
v -23.05638504 -10.50698853 6.00000000
v -23.02057648 -10.44999981 6.00000000
v -22.98912811 -10.39049530 6.00000000
v -22.96221352 -10.32880688 6.00000000
v -22.93998528 -10.26527977 6.00000000
v -22.92256546 -10.20026875 6.00000000
v -22.91005135 -10.13413811 6.00000000
v -22.90251732 -10.06725693 6.00000000
v -22.90251732 10.06725693 6.00000000
v -22.89999962 10.00000000 6.00000000
v -22.91005135 10.13413811 6.00000000
v -22.92256546 10.20026875 6.00000000
v -22.93998528 10.26527977 6.00000000
v -22.96221352 10.32880688 6.00000000
v -22.98912811 10.39049530 6.00000000
v -23.02057648 10.44999981 6.00000000
v -23.05638504 10.50698853 6.00000000
v -23.09635162 10.56114101 6.00000000
v -23.14025307 10.61215591 6.00000000
v -23.18784523 10.65974712 6.00000000
v -23.23885918 10.70364857 6.00000000
v -23.29301262 10.74361515 6.00000000
v -23.35000038 10.77942276 6.00000000
v -23.40950394 10.81087208 6.00000000
v -23.47119331 10.83778667 6.00000000
v -23.53471947 10.86001587 6.00000000
v -23.59973145 10.87743473 6.00000000
v -23.66586113 10.88994789 6.00000000
v -23.73274231 10.89748383 6.00000000
v -23.79999924 10.89999962 6.00000000
v -23.86725616 10.89748383 6.00000000
v -23.93413734 10.88994789 6.00000000
v -24.00026894 10.87743473 6.00000000
v -24.06527901 10.86001587 6.00000000
v -24.12880707 10.83778667 6.00000000
v -24.19049454 10.81087208 6.00000000
v -24.25000000 10.77942276 6.00000000
v -24.30698776 10.74361515 6.00000000
v -24.36114120 10.70364857 6.00000000
v -24.41215515 10.65974712 6.00000000
v -24.45974731 10.61215591 6.00000000
v -24.50364876 10.56114101 6.00000000
v -24.54361534 10.50698853 6.00000000
v -24.57942200 10.44999981 6.00000000
v -24.61087227 10.39049530 6.00000000
v -24.63778687 10.32880688 6.00000000
v -24.66001511 10.26527977 6.00000000
v -24.67743492 10.20026875 6.00000000
v -24.68994713 10.13413811 6.00000000
v -24.69748306 10.06725693 6.00000000
v -24.70000076 10.00000000 6.00000000
v -24.69748306 9.93274307 6.00000000
v -24.68994713 9.86586189 6.00000000
v -24.67743492 9.79973125 6.00000000
v -24.66001511 9.73472023 6.00000000
v -24.63778687 9.67119312 6.00000000
v -24.61087227 9.60950470 6.00000000
v -24.57942200 9.55000019 6.00000000
v -24.54361534 9.49301147 6.00000000
v -24.50364876 9.43885899 6.00000000
v -24.45974731 9.38784409 6.00000000
v -24.41215515 9.34025288 6.00000000
v -24.36114120 9.29635143 6.00000000
v -24.30698776 9.25638485 6.00000000
v -24.25000000 9.22057724 6.00000000
v -24.19049454 9.18912792 6.00000000
v -24.12880707 9.16221333 6.00000000
v -24.06527901 9.13998413 6.00000000
v -24.00026894 9.12256527 6.00000000
v -23.93413734 9.11005211 6.00000000
v -23.86725616 9.10251617 6.00000000
v -23.79999924 9.10000038 6.00000000
v -23.73274231 9.10251617 6.00000000
v -23.66586113 9.11005211 6.00000000
v -23.59973145 9.12256527 6.00000000
v -23.53471947 9.13998413 6.00000000
v -23.47119331 9.16221333 6.00000000
v -23.40950394 9.18912792 6.00000000
v -23.35000038 9.22057724 6.00000000
v -23.29301262 9.25638485 6.00000000
v -23.23885918 9.29635143 6.00000000
v -23.18784523 9.34025288 6.00000000
v -23.14025307 9.38784409 6.00000000
v -23.09635162 9.43885899 6.00000000
v -23.05638504 9.49301147 6.00000000
v -23.02057648 9.55000019 6.00000000
v -22.98912811 9.60950470 6.00000000
v -22.96221352 9.67119312 6.00000000
v -22.93998528 9.73472023 6.00000000
v -22.92256546 9.79973125 6.00000000
v -22.91005135 9.86586189 6.00000000
v -22.90251732 9.93274307 6.00000000
v 19.70000076 -20.00000000 5.20000029
v 21.03914833 -19.95011711 5.20000029
v 22.37087440 -19.80074310 5.20000029
v 23.68779755 -19.55270576 5.20000029
v 24.98261642 -19.20738029 5.20000029
v 26.24815750 -18.76668167 5.20000029
v 27.47740364 -18.23305321 5.20000029
v 28.66354179 -17.60944939 5.20000029
v 30.54021645 15.00000000 13.99776268
v 30.48076630 15.00000000 13.99106503
v 30.42198372 15.00000000 13.97994232
v 30.36419678 15.00000000 13.96445847
v 30.30772781 15.00000000 13.94469929
v 30.25289345 15.00000000 13.92077541
v 30.20000076 15.00000000 13.89282036
v 30.14934349 15.00000000 13.86099148
v 30.10120773 15.00000000 13.82546520
v 30.05586243 15.00000000 13.78644180
v 30.01355934 15.00000000 13.74413872
v 29.97453499 15.00000000 13.69879150
v 29.93900871 15.00000000 13.65065575
v 29.90717888 15.00000000 13.60000038
v 29.87922478 15.00000000 13.54710674
v 29.85530090 15.00000000 13.49227333
v 29.83554268 15.00000000 13.43580437
v 29.82005692 15.00000000 13.37801647
v 29.80893517 15.00000000 13.31923389
v 29.80223656 15.00000000 13.25978374
v 20.89845467 -19.15819740 6.00000000
v 19.70000076 -19.20000076 6.00000000
v 19.70000076 -19.25978470 5.99776316
v 20.95409012 -19.95473480 5.24930096
v 19.70000076 -19.99776268 5.25978422
v 20.95377350 -19.95019531 5.29838181
v 19.70000076 -19.99106407 5.31923389
v 20.95324707 -19.94265938 5.34702301
v 19.70000076 -19.97994232 5.37801695
v 20.95251465 -19.93217850 5.39501238
v 19.70000076 -19.96445847 5.43580437
v 20.95171928 -19.92079735 5.43580437
v 20.95045280 -19.90265656 5.48822641
v 19.70000076 -19.94469833 5.49227285
v 20.94913483 -19.88379669 5.53306913
v 19.70000076 -19.92077446 5.54710722
v 20.94763756 -19.86234665 5.57650328
v 19.70000076 -19.89282036 5.59999990
v 20.94596672 -19.83842278 5.61837053
v 19.70000076 -19.86099052 5.65065622
v 20.94413185 -19.81215858 5.65852785
v 19.70000076 -19.82546425 5.69879198
v 20.94214249 -19.78368568 5.69684553
v 20.94001007 -19.75314522 5.73320723
v 19.70000076 -19.78644180 5.74413824
v 20.93774223 -19.72068024 5.76751089
v 19.70000076 -19.74413872 5.78644180
v 20.93535042 -19.68643761 5.79966640
v 19.70000076 -19.69879150 5.82546520
v 20.93284416 -19.65056229 5.82959747
v 19.70000076 -19.65065575 5.86099100
v 20.93023491 -19.61319923 5.85723925
v 20.92753220 -19.57448959 5.88253546
v 19.70000076 -19.60000038 5.89282036
v 20.92474365 -19.53457642 5.90544081
v 19.70000076 -19.54710770 5.92077541
v 20.92188072 -19.49360085 5.92591667
v 19.70000076 -19.49227333 5.94469929
v 20.91895485 -19.45169640 5.94393396
v 20.91597176 -19.40899849 5.95946789
v 19.70000076 -19.43580437 5.96445847
v 20.91294289 -19.36563683 5.97250128
v 19.70000076 -19.37801743 5.97994232
v 20.90987778 -19.32173920 5.98302174
v 19.70000076 -19.31923294 5.99106455
v 20.90678215 -19.27743149 5.99102068
v 20.90366745 -19.23283577 5.99649334
v 22.20208549 -19.82371521 5.24930096
v 22.20145226 -19.81920815 5.29838181
v 22.20040321 -19.81172752 5.34702301
v 22.19894218 -19.80132294 5.39501238
v 22.37064934 -19.79923820 5.24930096
v 22.19735527 -19.79002380 5.43580437
v 22.36997414 -19.79473686 5.29838181
v 22.19482803 -19.77201653 5.48822641
v 22.36885262 -19.78726768 5.34702301
v 22.19219971 -19.75329590 5.53306913
v 22.36729431 -19.77687645 5.39501238
v 22.18921089 -19.73200035 5.57650328
v 22.36560059 -19.76559448 5.43580437
v 22.18587685 -19.70825195 5.61837053
v 22.36290359 -19.74761200 5.48822641
v 22.18221664 -19.68217850 5.65852785
v 22.36009789 -19.72891426 5.53306913
v 22.17824936 -19.65391350 5.69684553
v 22.35690689 -19.70764923 5.57650328
v 22.17399216 -19.62359619 5.73320723
v 22.35334778 -19.68393326 5.61837053
v 22.16946793 -19.59136772 5.76751089
v 22.34944153 -19.65789604 5.65852785
v 22.16469574 -19.55737686 5.79966640
v 22.34520721 -19.62966919 5.69684553
v 22.15969658 -19.52176285 5.82959747
v 22.34066391 -19.59939384 5.73320723
v 22.15448952 -19.48467064 5.85723925
v 22.33583450 -19.56721115 5.76751089
v 22.14909554 -19.44624519 5.88253546
v 22.33074188 -19.53326416 5.79966640
v 22.14353371 -19.40662384 5.90544081
v 22.32540512 -19.49769974 5.82959747
v 22.13782310 -19.36594582 5.92591667
v 22.31984711 -19.46065903 5.85723925
v 22.13198471 -19.32434845 5.94393396
v 22.31409073 -19.42228699 5.88253546
v 22.12603378 -19.28196144 5.95946789
v 22.30815315 -19.38271904 5.90544081
v 22.11999130 -19.23891640 5.97250128
v 22.30205917 -19.34209824 5.92591667
v 22.11387444 -19.19533920 5.98302174
v 22.29582596 -19.30055618 5.94393396
v 22.10770035 -19.15135384 5.99102068
v 22.28947449 -19.25822830 5.95946789
v 22.10148430 -19.10708427 5.99649334
v 22.09108353 -19.03298950 6.00000000
v 22.28302383 -19.21524239 5.97250128
v 22.27649498 -19.17172432 5.98302174
v 23.43791771 -19.60605621 5.24930096
v 22.26990509 -19.12779999 5.99102068
v 23.43697166 -19.60160446 5.29838181
v 22.26327133 -19.08359146 5.99649334
v 23.27208900 -18.82498741 6.00000000
v 23.43540382 -19.59421539 5.34702301
v 23.43322182 -19.58393860 5.39501238
v 23.43085289 -19.57277679 5.43580437
v 23.42707634 -19.55499077 5.48822641
v 23.68745995 -19.55122375 5.24930096
v 23.42314911 -19.53649712 5.53306913
v 23.68645096 -19.54678345 5.29838181
v 23.41868401 -19.51546097 5.57650328
v 23.68477821 -19.53941917 5.34702301
v 23.41370392 -19.49200439 5.61837053
v 23.68245125 -19.52917290 5.39501238
v 23.40823555 -19.46624756 5.65852785
v 23.67992401 -19.51804733 5.43580437
v 23.40230751 -19.43832779 5.69684553
v 23.67589378 -19.50031471 5.48822641
v 23.39594841 -19.40838051 5.73320723
v 23.67170525 -19.48187828 5.53306913
v 23.38919067 -19.37654686 5.76751089
v 23.66694260 -19.46091080 5.57650328
v 23.38206100 -19.34296989 5.79966640
v 23.66162872 -19.43752480 5.61837053
v 23.37459373 -19.30779076 5.82959747
v 23.65579605 -19.41184998 5.65852785
v 23.36681366 -19.27115250 5.85723925
v 23.64947319 -19.38401604 5.69684553
v 23.35875511 -19.23319626 5.88253546
v 23.64269066 -19.35416222 5.73320723
v 23.35044670 -19.19405746 5.90544081
v 23.63548088 -19.32242775 5.76751089
v 23.34191513 -19.15387726 5.92591667
v 23.62787628 -19.28895569 5.79966640
v 23.33319283 -19.11278725 5.94393396
v 23.61990929 -19.25388527 5.82959747
v 23.32430267 -19.07091904 5.95946789
v 23.61161041 -19.21736145 5.85723925
v 23.31527519 -19.02839851 5.97250128
v 23.60301399 -19.17952347 5.88253546
v 23.30613708 -18.98535347 5.98302174
v 23.59415054 -19.14050674 5.90544081
v 23.29691315 -18.94190598 5.99102068
v 23.58505058 -19.10045242 5.92591667
v 23.28762817 -18.89817619 5.99649334
v 23.57574272 -19.05949020 5.94393396
v 23.56626129 -19.01775169 5.95946789
v 24.65558052 -19.30281639 5.24930096
v 23.55663109 -18.97536469 5.97250128
v 24.65432739 -19.29844093 5.29838181
v 23.54688263 -18.93245316 5.98302174
v 24.65224648 -19.29117966 5.34702301
v 23.53704262 -18.88914108 5.99102068
v 24.64935493 -19.28107834 5.39501238
v 23.52713776 -18.84554672 5.99649334
v 24.43573189 -18.53520012 6.00000000
v 24.64621353 -19.27011108 5.43580437
v 24.64120674 -19.25263023 5.48822641
v 24.63600159 -19.23445511 5.53306913
v 24.98217010 -19.20592690 5.24930096
v 24.63008118 -19.21378326 5.57650328
v 24.98083496 -19.20157623 5.29838181
v 24.62347794 -19.19072914 5.61837053
v 24.97861862 -19.19435501 5.34702301
v 24.61622810 -19.16541672 5.65852785
v 24.97553444 -19.18431091 5.39501238
v 24.60836983 -19.13797760 5.69684553
v 24.97218513 -19.17340469 5.43580437
v 24.59994125 -19.10854530 5.73320723
v 24.96685028 -19.15602112 5.48822641
v 24.59098053 -19.07726097 5.76751089
v 24.96130180 -19.13794708 5.53306913
v 24.58152962 -19.04426193 5.79966640
v 24.57162666 -19.00968933 5.82959747
v 24.95499039 -19.11739159 5.57650328
v 24.56131554 -18.97368240 5.85723925
v 24.94795227 -19.09446716 5.61837053
v 24.55063057 -18.93637848 5.88253546
v 24.94022560 -19.06929588 5.65852785
v 24.53961563 -18.89791489 5.90544081
v 24.93184853 -19.04201126 5.69684553
v 24.52830505 -18.85842705 5.92591667
v 24.92286301 -19.01274490 5.73320723
v 24.51673889 -18.81804276 5.94393396
v 24.91331291 -18.98163414 5.76751089
v 24.50495529 -18.77689552 5.95946789
v 24.90323830 -18.94882011 5.79966640
v 24.49298668 -18.73510933 5.97250128
v 24.89268494 -18.91444016 5.82959747
v 24.48087120 -18.69280434 5.98302174
v 24.88169289 -18.87863541 5.85723925
v 24.46864128 -18.65010643 5.99102068
v 24.87030411 -18.84153938 5.88253546
v 24.45633316 -18.60712814 5.99649334
v 24.85856247 -18.80329132 5.90544081
v 24.84650803 -18.76402473 5.92591667
v 25.84915543 -18.91547012 5.24930096
v 24.83417892 -18.72386742 5.94393396
v 25.84759903 -18.91119385 5.29838181
v 24.82161903 -18.68295097 5.95946789
v 25.84501839 -18.90409470 5.34702301
v 24.80886078 -18.64139748 5.97250128
v 24.79594803 -18.59933090 5.98302174
v 25.84142876 -18.89422035 5.39501238
v 25.83753204 -18.88349724 5.43580437
v 24.78291130 -18.55687141 5.99102068
v 24.76979256 -18.51413536 5.99649334
v 25.57635498 -18.16503716 6.00000000
v 25.83131790 -18.86640739 5.48822641
v 25.82485962 -18.84863853 5.53306913
v 25.81751251 -18.82843018 5.57650328
v 25.80932045 -18.80589104 5.61837053
v 26.24760437 -18.76526642 5.24930096
v 25.80032539 -18.78114700 5.65852785
v 26.24594879 -18.76102638 5.29838181
v 25.79057312 -18.75432205 5.69684553
v 26.24320030 -18.75399017 5.34702301
v 25.78011322 -18.72554970 5.73320723
v 26.23937798 -18.74420357 5.39501238
v 25.76899529 -18.69496346 5.76751089
v 26.23522758 -18.73357582 5.43580437
v 25.75726700 -18.66270447 5.79966640
v 26.22861290 -18.71663857 5.48822641
v 25.74498177 -18.62890434 5.82959747
v 26.22173500 -18.69902802 5.53306913
v 25.73218536 -18.59370422 5.85723925
v 26.21391106 -18.67899704 5.57650328
v 25.71892738 -18.55723572 5.88253546
v 26.20518875 -18.65666008 5.61837053
v 25.70525932 -18.51963234 5.90544081
v 26.19561005 -18.63213348 5.65852785
v 25.69122505 -18.48102760 5.92591667
v 26.18522644 -18.60554695 5.69684553
v 25.67687416 -18.44154930 5.94393396
v 25.66225052 -18.40132332 5.95946789
v 26.17408943 -18.57703018 5.73320723
v 25.64739990 -18.36047173 5.97250128
v 26.16225052 -18.54671669 5.76751089
v 25.63236618 -18.31911469 5.98302174
v 26.14976311 -18.51474380 5.79966640
v 25.61719131 -18.27737045 5.99102068
v 26.13668060 -18.48124504 5.82959747
v 25.60191727 -18.23535728 5.99649334
v 26.12305450 -18.44635582 5.85723925
v 26.10893822 -18.41021156 5.88253546
v 27.01283836 -18.44589996 5.24930096
v 26.09438324 -18.37294197 5.90544081
v 26.07944107 -18.33468056 5.92591667
v 27.01098824 -18.44174194 5.29838181
v 26.06415939 -18.29555321 5.94393396
v 27.00791931 -18.43483925 5.34702301
v 26.04858780 -18.25568390 5.95946789
v 27.00365067 -18.42523956 5.39501238
v 26.03277588 -18.21519470 5.97250128
v 26.99901581 -18.41481400 5.43580437
v 26.01676750 -18.17420578 5.98302174
v 26.99162674 -18.39819908 5.48822641
v 26.00061035 -18.13283157 5.99102068
v 26.98394585 -18.38092422 5.53306913
v 25.98434639 -18.09119034 5.99649334
v 26.68841362 -17.71629906 6.00000000
v 26.97520828 -18.36127472 5.57650328
v 26.96546555 -18.33936310 5.61837053
v 26.95476723 -18.31530571 5.65852785
v 26.94317055 -18.28922462 5.69684553
v 27.47674561 -18.23168182 5.24930096
v 26.93073273 -18.26125145 5.73320723
v 27.47477913 -18.22757721 5.29838181
v 26.91750908 -18.23151398 5.76751089
v 27.47151566 -18.22076416 5.34702301
v 26.90356255 -18.20014954 5.79966640
v 27.46697617 -18.21128845 5.39501238
v 26.88895035 -18.16728973 5.82959747
v 27.46204567 -18.20100021 5.43580437
v 26.87373352 -18.13306618 5.85723925
v 27.45418930 -18.18460083 5.48822641
v 26.85796738 -18.09760857 5.88253546
v 27.44602013 -18.16755104 5.53306913
v 26.84171104 -18.06105042 5.90544081
v 27.43672943 -18.14815903 5.57650328
v 26.82502174 -18.02351761 5.92591667
v 27.42636871 -18.12653160 5.61837053
v 26.80795479 -17.98513603 5.94393396
v 27.41499138 -18.10278702 5.65852785
v 26.79056358 -17.94602585 5.95946789
v 27.40265846 -18.07704544 5.69684553
v 26.77290344 -17.90630722 5.97250128
v 27.38943100 -18.04943657 5.73320723
v 26.75502396 -17.86610031 5.98302174
v 27.37537003 -18.02008820 5.76751089
v 26.73697662 -17.82551384 5.99102068
v 27.36053848 -17.98913193 5.79966640
v 26.71881294 -17.78466606 5.99649334
v 27.34499931 -17.95669937 5.82959747
v 27.32881546 -17.92292023 5.85723925
v 28.14097595 -17.89638901 5.24930096
v 27.31204987 -17.88792610 5.88253546
v 28.13884163 -17.89236832 5.29838181
v 27.29476357 -17.85184479 5.90544081
v 28.13529778 -17.88569832 5.34702301
v 27.27701569 -17.81480026 5.92591667
v 28.13037109 -17.87641716 5.39501238
v 27.25886536 -17.77691841 5.94393396
v 28.12502098 -17.86634064 5.43580437
v 27.24037170 -17.73831749 5.95946789
v 28.11649323 -17.85028076 5.48822641
v 27.22159004 -17.69911766 5.97250128
v 28.10762596 -17.83358383 5.53306913
v 27.20257568 -17.65943146 5.98302174
v 28.09754181 -17.81459236 5.57650328
v 27.18338585 -17.61937523 5.99102068
v 28.08629417 -17.79341125 5.61837053
v 27.16407013 -17.57905960 5.99649334
v 27.76650238 -17.19116592 6.00000000
v 28.07394600 -17.77015686 5.65852785
v 28.06056023 -17.74494743 5.69684553
v 28.04620361 -17.71790886 5.73320723
v 28.03094101 -17.68916702 5.76751089
v 28.66278458 -17.60813141 5.24930096
v 28.01484299 -17.65884972 5.79966640
v 28.66051865 -17.60418320 5.29838181
v 27.99797630 -17.62708664 5.82959747
v 28.65675735 -17.59763336 5.34702301
v 27.98041153 -17.59400749 5.85723925
v 28.65152550 -17.58852196 5.39501238
v 27.96221352 -17.55973434 5.88253546
v 28.64584351 -17.57862854 5.43580437
v 27.94344902 -17.52439880 5.90544081
v 28.63678932 -17.56285858 5.48822641
v 27.92418480 -17.48811913 5.92591667
v 28.62737465 -17.54646301 5.53306913
v 27.90448380 -17.45101929 5.94393396
v 28.61666489 -17.52781677 5.57650328
v 27.88441086 -17.41321564 5.95946789
v 28.60472298 -17.50702095 5.61837053
v 27.86402512 -17.37482643 5.97250128
v 28.59161186 -17.48418808 5.65852785
v 27.84338951 -17.33596039 5.98302174
v 28.57739830 -17.45943642 5.69684553
v 27.82255745 -17.29673195 5.99102068
v 28.56215286 -17.43288612 5.73320723
v 27.80159187 -17.25724792 5.99649334
v 28.54594803 -17.40466499 5.76751089
v 28.52885437 -17.37489891 5.79966640
v 29.22808266 -17.26960754 5.24930096
v 28.51094627 -17.34371185 5.82959747
v 29.22567368 -17.26574516 5.29838181
v 28.49229431 -17.31123161 5.85723925
v 29.22167397 -17.25933647 5.34702301
v 28.47297096 -17.27758217 5.88253546
v 29.21611214 -17.25042343 5.39501238
v 28.45304680 -17.24288559 5.90544081
v 29.21007156 -17.24074364 5.43580437
v 28.43259239 -17.20726395 5.92591667
v 29.20044708 -17.22531700 5.48822641
v 28.41167450 -17.17083740 5.94393396
v 29.19043732 -17.20927811 5.53306913
v 28.39035988 -17.13372040 5.95946789
v 29.17905426 -17.19103432 5.57650328
v 28.36871529 -17.09602547 5.97250128
v 29.16635895 -17.17069054 5.61837053
v 28.34680176 -17.05786514 5.98302174
v 29.15242004 -17.14835167 5.65852785
v 28.32468414 -17.01934814 5.99102068
v 28.30242157 -16.98057938 5.99649334
v 28.80538177 -16.59218979 6.00000000
v 29.13731003 -17.12413788 5.69684553
v 29.12110329 -17.09816360 5.73320723
v 29.10387611 -17.07055473 5.76751089
v 29.08570480 -17.04143333 5.79966640
v 29.79914665 -16.89806938 5.24930096
v 29.06666565 -17.01092339 5.82959747
v 29.79659271 -16.89430237 5.29838181
v 29.04683876 -16.97914696 5.85723925
v 29.79235458 -16.88805008 5.34702301
v 29.02629662 -16.94622803 5.88253546
v 29.00511551 -16.91228294 5.90544081
v 29.78645897 -16.87935257 5.39501238
v 29.78005791 -16.86990929 5.43580437
v 28.98337173 -16.87743568 5.92591667
v 28.96113396 -16.84179878 5.94393396
v 29.76985359 -16.85485840 5.48822641
v 28.93847466 -16.80548477 5.95946789
v 29.75924492 -16.83920860 5.53306913
v 28.91546440 -16.76860809 5.97250128
v 29.74717903 -16.82140923 5.57650328
v 28.89216995 -16.73127556 5.98302174
v 29.73372459 -16.80155945 5.61837053
v 28.86865616 -16.69359398 5.99102068
v 29.71895027 -16.77976608 5.65852785
v 28.84498978 -16.65566826 5.99649334
v 29.70293427 -16.75613976 5.69684553
v 29.68575668 -16.73079872 5.73320723
v 29.66749573 -16.70386124 5.76751089
v 29.64823532 -16.67544937 5.79966640
v 29.62805557 -16.64568138 5.82959747
v 29.60704041 -16.61467743 5.85723925
v 29.58526611 -16.58255959 5.88253546
v 29.56281662 -16.54944038 5.90544081
v 29.77951241 -16.54186058 5.82959747
v 29.53976822 -16.51543999 5.92591667
v 29.75817680 -16.51107597 5.85723925
v 29.51619911 -16.48067093 5.94393396
v 29.49218178 -16.44524193 5.95946789
v 29.73607063 -16.47918510 5.88253546
v 29.46779251 -16.40926170 5.97250128
v 29.71327782 -16.44630241 5.90544081
v 29.44309998 -16.37283707 5.98302174
v 29.68987846 -16.41254234 5.92591667
v 29.41817856 -16.33607292 5.99102068
v 29.66594887 -16.37801933 5.94393396
v 29.39309311 -16.29906845 5.99649334
v 29.64156532 -16.34284210 5.95946789
v 29.61680412 -16.30711746 5.97250128
v 29.59173584 -16.27095032 5.98302174
v 29.56643295 -16.23444557 5.99102068
v 29.77528954 -16.24922371 5.95946789
v 29.54096603 -16.19770432 5.99649334
v 29.75019455 -16.21373177 5.97250128
v 29.72478867 -16.17780304 5.98302174
v 29.69914627 -16.14153671 5.99102068
v 29.67333603 -16.10503387 5.99649334
v 29.60000038 -12.49799919 6.00000000
v 29.60000038 -7.50200081 6.00000000
v 29.60000038 7.50200081 6.00000000
v 29.60000038 12.49799919 6.00000000
v 28.80538177 16.59218979 6.00000000
v 27.76650238 17.19116592 6.00000000
v 26.68841362 17.71629906 6.00000000
v 25.57635498 18.16503716 6.00000000
v 24.43573189 18.53520012 6.00000000
v 23.27208900 18.82498741 6.00000000
v 22.09108353 19.03298950 6.00000000
v 20.89845467 19.15819740 6.00000000
v 19.70000076 19.20000076 6.00000000
v -19.79999924 -19.20000076 6.00000000
v -1.95699036 -0.78219867 6.00000000
v -2.01780128 -0.84300965 6.00000000
v -1.90089381 -0.71701330 6.00000000
v -2.08298683 -0.89910620 6.00000000
v -2.15218186 -0.95017457 6.00000000
v -1.84982538 -0.64781809 6.00000000
v -2.22499990 -0.99592924 6.00000000
v -1.80407083 -0.57499999 6.00000000
v -2.30103374 -1.03611422 6.00000000
v -1.76388586 -0.49896631 6.00000000
v -2.37985778 -1.07050478 6.00000000
v -1.72949517 -0.42014217 6.00000000
v -2.46103144 -1.09890878 6.00000000
v -1.70109129 -0.33896846 6.00000000
v -2.54410100 -1.12116706 6.00000000
v -1.67883289 -0.25589907 6.00000000
v -2.62860131 -1.13715541 6.00000000
v -1.66284454 -0.17139861 6.00000000
v -2.71406031 -1.14678442 6.00000000
v -1.65321565 -0.08593961 6.00000000
v -2.79999995 -1.14999998 6.00000000
v -1.64999998 -0.00000000 6.00000000
v -1.65321565 0.08593961 6.00000000
v -2.88593960 -1.14678442 6.00000000
v -2.97139859 -1.13715541 6.00000000
v -1.66284454 0.17139861 6.00000000
v -1.67883289 0.25589907 6.00000000
v -3.05589914 -1.12116706 6.00000000
v -3.13896847 -1.09890878 6.00000000
v -1.70109129 0.33896846 6.00000000
v -1.72949517 0.42014217 6.00000000
v -3.22014213 -1.07050478 6.00000000
v -1.76388586 0.49896631 6.00000000
v -3.29896641 -1.03611422 6.00000000
v -1.80407083 0.57499999 6.00000000
v -3.37500000 -0.99592924 6.00000000
v -1.84982538 0.64781809 6.00000000
v -3.44781804 -0.95017457 6.00000000
v -1.90089381 0.71701330 6.00000000
v -3.51701331 -0.89910620 6.00000000
v -1.95699036 0.78219867 6.00000000
v -3.58219862 -0.84300965 6.00000000
v -3.64300966 -0.78219867 6.00000000
v -3.69910622 -0.71701330 6.00000000
v -3.75017452 -0.64781809 6.00000000
v -3.79592919 -0.57499999 6.00000000
v -3.83611417 -0.49896631 6.00000000
v -3.87050486 -0.42014217 6.00000000
v -3.89890862 -0.33896846 6.00000000
v -3.92116714 -0.25589907 6.00000000
v -3.93715549 -0.17139861 6.00000000
v -2.01780128 0.84300965 6.00000000
v -2.08298683 0.89910620 6.00000000
v -2.15218186 0.95017457 6.00000000
v -2.22499990 0.99592924 6.00000000
v -2.30103374 1.03611422 6.00000000
v -2.37985778 1.07050478 6.00000000
v -2.46103144 1.09890878 6.00000000
v -2.54410100 1.12116706 6.00000000
v -2.62860131 1.13715541 6.00000000
v -2.71406031 1.14678442 6.00000000
v -2.79999995 1.14999998 6.00000000
v -2.88593960 1.14678442 6.00000000
v -2.97139859 1.13715541 6.00000000
v -3.05589914 1.12116706 6.00000000
v -3.13896847 1.09890878 6.00000000
v -3.22014213 1.07050478 6.00000000
v -3.29896641 1.03611422 6.00000000
v -3.37500000 0.99592924 6.00000000
v -3.44781804 0.95017457 6.00000000
v -3.51701331 0.89910620 6.00000000
v -3.58219862 0.84300965 6.00000000
v -3.64300966 0.78219867 6.00000000
v -3.69910622 0.71701330 6.00000000
v -3.75017452 0.64781809 6.00000000
v -3.79592919 0.57499999 6.00000000
v -3.83611417 0.49896631 6.00000000
v -3.87050486 0.42014217 6.00000000
v -3.89890862 0.33896846 6.00000000
v -3.92116714 0.25589907 6.00000000
v -3.93715549 0.17139861 6.00000000
v -21.08535767 -19.15190506 6.00000000
v -22.36352730 -19.00789070 6.00000000
v -23.62735939 -18.76876068 6.00000000
v -24.86978912 -18.43585205 6.00000000
v -26.08386612 -18.01102829 6.00000000
v -27.26280022 -17.49666405 6.00000000
v -28.39999962 -16.89563751 6.00000000
v -29.48910522 -16.21130753 6.00000000
v -30.52402496 -15.44750118 6.00000000
v -31.49897194 -14.60849190 6.00000000
v -32.40849304 -13.69897079 6.00000000
v -33.24750137 -12.72402477 6.00000000
v -34.01130676 -11.68910503 6.00000000
v -34.69563675 -10.60000038 6.00000000
v -35.29666519 -9.46280003 6.00000000
v -35.81102753 -8.28386593 6.00000000
v -36.23585129 -7.06978893 6.00000000
v -29.95699120 -0.78219867 6.00000000
v -30.01780128 -0.84300965 6.00000000
v -29.90089417 -0.71701330 6.00000000
v -30.08298683 -0.89910620 6.00000000
v -30.15218163 -0.95017457 6.00000000
v -29.84982491 -0.64781809 6.00000000
v -29.80407143 -0.57499999 6.00000000
v -30.22500038 -0.99592924 6.00000000
v -30.30103302 -1.03611422 6.00000000
v -29.76388550 -0.49896631 6.00000000
v -29.72949600 -0.42014217 6.00000000
v -30.37985802 -1.07050478 6.00000000
v -30.46103096 -1.09890878 6.00000000
v -29.70109177 -0.33896846 6.00000000
v -30.54410172 -1.12116706 6.00000000
v -30.62860107 -1.13715541 6.00000000
v -30.71405983 -1.14678442 6.00000000
v -30.79999924 -1.14999998 6.00000000
v -30.88594055 -1.14678442 6.00000000
v -30.97139931 -1.13715541 6.00000000
v -31.05589867 -1.12116706 6.00000000
v -31.13896751 -1.09890878 6.00000000
v -36.56875992 -5.82736015 6.00000000
v -31.22014236 -1.07050478 6.00000000
v -31.29896545 -1.03611422 6.00000000
v -36.80789185 -4.56352711 6.00000000
v -31.44781876 -0.95017457 6.00000000
v -31.51701355 -0.89910620 6.00000000
v -31.37500000 -0.99592924 6.00000000
v -36.95190430 -3.28535771 6.00000000
v -31.64300919 -0.78219867 6.00000000
v -31.69910622 -0.71701330 6.00000000
v -31.58219910 -0.84300965 6.00000000
v -37.00000000 -2.00000000 6.00000000
v -31.94678497 -0.08593961 6.00000000
v -31.95000076 0.00000000 6.00000000
v -31.93715477 -0.17139861 6.00000000
v -31.92116737 -0.25589907 6.00000000
v -31.89890862 -0.33896846 6.00000000
v -31.87050438 -0.42014217 6.00000000
v -31.83611488 -0.49896631 6.00000000
v -31.79592896 -0.57499999 6.00000000
v -31.75017548 -0.64781809 6.00000000
v -29.90089417 0.71701330 6.00000000
v -29.84982491 0.64781809 6.00000000
v -29.95699120 0.78219867 6.00000000
v -30.01780128 0.84300965 6.00000000
v -30.08298683 0.89910620 6.00000000
v -30.15218163 0.95017457 6.00000000
v -30.22500038 0.99592924 6.00000000
v -30.30103302 1.03611422 6.00000000
v -30.37985802 1.07050478 6.00000000
v -30.46103096 1.09890878 6.00000000
v -30.54410172 1.12116706 6.00000000
v -30.62860107 1.13715541 6.00000000
v -30.71405983 1.14678442 6.00000000
v -30.79999924 1.14999998 6.00000000
v -30.88594055 1.14678442 6.00000000
v -30.97139931 1.13715541 6.00000000
v -31.05589867 1.12116706 6.00000000
v -31.13896751 1.09890878 6.00000000
v -29.72949600 0.42014217 6.00000000
v -29.70109177 0.33896846 6.00000000
v -29.76388550 0.49896631 6.00000000
v -29.80407143 0.57499999 6.00000000
v -19.79999924 19.20000076 6.00000000
v -37.00000000 2.00000000 6.00000000
v -31.75017548 0.64781809 6.00000000
v -31.69910622 0.71701330 6.00000000
v -31.79592896 0.57499999 6.00000000
v -31.83611488 0.49896631 6.00000000
v -31.87050438 0.42014217 6.00000000
v -31.89890862 0.33896846 6.00000000
v -31.92116737 0.25589907 6.00000000
v -31.93715477 0.17139861 6.00000000
v -31.94678497 0.08593961 6.00000000
v -21.08535767 19.15190506 6.00000000
v -36.95190430 3.28535771 6.00000000
v -31.58219910 0.84300965 6.00000000
v -31.51701355 0.89910620 6.00000000
v -31.64300919 0.78219867 6.00000000
v -22.36352730 19.00789070 6.00000000
v -36.80789185 4.56352711 6.00000000
v -31.37500000 0.99592924 6.00000000
v -31.29896545 1.03611422 6.00000000
v -31.44781876 0.95017457 6.00000000
v -23.62735939 18.76876068 6.00000000
v -36.56875992 5.82736015 6.00000000
v -31.22014236 1.07050478 6.00000000
v -24.86978912 18.43585205 6.00000000
v -36.23585129 7.06978893 6.00000000
v -35.81102753 8.28386593 6.00000000
v -26.08386612 18.01102829 6.00000000
v -27.26280022 17.49666405 6.00000000
v -35.29666519 9.46280003 6.00000000
v -28.39999962 16.89563751 6.00000000
v -34.69563675 10.60000038 6.00000000
v -29.48910522 16.21130753 6.00000000
v -34.01130676 11.68910503 6.00000000
v -30.52402496 15.44750118 6.00000000
v -33.24750137 12.72402477 6.00000000
v -31.49897194 14.60849190 6.00000000
v -32.40849304 13.69897079 6.00000000
v -3.95000005 0.00000000 6.00000000
v -3.94678426 -0.08593961 6.00000000
v -3.94678426 0.08593961 6.00000000
v -29.64999962 -0.00000000 6.00000000
v -29.65321541 0.08593961 6.00000000
v -29.66284370 0.17139861 6.00000000
v -29.67883301 0.25589907 6.00000000
v -29.65321541 -0.08593961 6.00000000
v -29.66284370 -0.17139861 6.00000000
v -29.67883301 -0.25589907 6.00000000
v 29.60000038 -7.65809441 5.81929398
v 29.60000038 -7.82722902 5.65073109
v 29.60000038 -8.00846195 5.49524927
v 29.60000038 -8.20078468 5.35371494
v 29.60000038 -8.40312576 5.22691631
v 29.60000038 -8.61435890 5.11555910
v 29.60000038 -8.83330822 5.02026320
v 29.60000038 -9.05875397 4.94155979
v 29.60000038 -9.28944111 4.87988710
v 29.60000038 -9.52408409 4.83558798
v 29.60000038 -9.76137733 4.80890942
v 29.60000038 -10.00000000 4.80000019
v 29.60000038 -10.23862267 4.80890942
v 29.60000038 -10.47591591 4.83558798
v 29.60000038 -10.71055889 4.87988710
v 29.60000038 -10.94124603 4.94155979
v 29.60000038 -11.16669178 5.02026320
v 29.60000038 -11.38564110 5.11555910
v 29.60000038 -11.59687424 5.22691631
v 29.60000038 -11.79921532 5.35371494
v 29.60000038 -11.99153805 5.49524927
v 29.60000038 -12.17277145 5.65073109
v 29.60000038 -12.34190559 5.81929398
v 29.60000038 12.34190559 5.81929398
v 29.60000038 12.17277145 5.65073109
v 29.60000038 11.99153805 5.49524927
v 29.60000038 11.79921532 5.35371494
v 29.60000038 11.59687424 5.22691631
v 29.60000038 11.38564110 5.11555910
v 29.60000038 11.16669178 5.02026320
v 29.60000038 10.94124603 4.94155979
v 29.60000038 10.71055889 4.87988710
v 29.60000038 10.47591591 4.83558798
v 29.60000038 10.23862267 4.80890942
v 29.60000038 10.00000000 4.80000019
v 29.60000038 9.76137733 4.80890942
v 29.60000038 9.52408409 4.83558798
v 29.60000038 9.28944111 4.87988710
v 29.60000038 9.05875397 4.94155979
v 29.60000038 8.83330822 5.02026320
v 29.60000038 8.61435890 5.11555910
v 29.60000038 8.40312576 5.22691631
v 29.60000038 8.20078468 5.35371494
v 29.60000038 8.00846195 5.49524927
v 29.60000038 7.82722902 5.65073109
v 29.60000038 7.65809441 5.81929398
v 19.70000076 19.43580437 5.96445847
v 19.70000076 19.49227333 5.94469929
v 19.70000076 19.37801743 5.97994232
v 19.70000076 19.31923294 5.99106455
v 19.70000076 19.25978470 5.99776316
v 29.78936005 16.81875038 5.53306913
v 29.77725792 16.80097580 5.57650328
v 29.76376152 16.78115273 5.61837053
v 29.74894333 16.75938988 5.65852785
v 29.73287964 16.73579597 5.69684553
v 29.71565056 16.71048927 5.73320723
v 29.77861977 16.49688530 5.85723925
v 29.69733620 16.68358994 5.76751089
v 29.75646973 16.46502495 5.88253546
v 29.67801666 16.65521622 5.79966640
v 29.73363113 16.43217468 5.90544081
v 29.77484322 16.19627190 5.97250128
v 29.65777779 16.62548828 5.82959747
v 29.71018410 16.39844704 5.92591667
v 29.74937630 16.16038513 5.98302174
v 29.22808266 17.26960754 5.24930096
v 28.66354179 17.60944939 5.20000029
v 29.63669777 16.59452820 5.85723925
v 29.68620491 16.36395836 5.94393396
v 29.72367096 16.12416458 5.99102068
v 29.22567368 17.26574516 5.29838181
v 29.61486053 16.56245422 5.88253546
v 29.66177177 16.32881355 5.95946789
v 29.69779778 16.08770752 5.99649334
v 29.22167397 17.25933647 5.34702301
v 29.59234238 16.52938271 5.90544081
v 29.63696098 16.29312515 5.97250128
v 29.21611214 17.25042343 5.39501238
v 29.56922531 16.49542809 5.92591667
v 29.61184120 16.25699425 5.98302174
v 29.21007156 17.24074364 5.43580437
v 29.54558563 16.46070671 5.94393396
v 29.58648682 16.22052574 5.99102068
v 29.20044708 17.22531700 5.48822641
v 29.52149582 16.42532539 5.95946789
v 29.56096840 16.18381882 5.99649334
v 29.49703407 16.38939667 5.97250128
v 29.19043732 17.20927811 5.53306913
v 29.47226906 16.35302162 5.98302174
v 29.17905426 17.19103432 5.57650328
v 29.44727135 16.31630707 5.99102068
v 29.16635895 17.17069054 5.61837053
v 29.42211151 16.27935410 5.99649334
v 29.15242004 17.14835167 5.65852785
v 29.13731003 17.12413788 5.69684553
v 29.12110329 17.09816360 5.73320723
v 29.10387611 17.07055473 5.76751089
v 29.08570480 17.04143333 5.79966640
v 28.66278458 17.60813141 5.24930096
v 29.06666565 17.01092339 5.82959747
v 28.66051865 17.60418320 5.29838181
v 29.04683876 16.97914696 5.85723925
v 28.65675735 17.59763336 5.34702301
v 29.02629662 16.94622803 5.88253546
v 28.65152550 17.58852196 5.39501238
v 29.00511551 16.91228294 5.90544081
v 28.64584351 17.57862854 5.43580437
v 28.98337173 16.87743568 5.92591667
v 28.63678932 17.56285858 5.48822641
v 28.96113396 16.84179878 5.94393396
v 28.62737465 17.54646301 5.53306913
v 28.93847466 16.80548477 5.95946789
v 28.61666489 17.52781677 5.57650328
v 28.91546440 16.76860809 5.97250128
v 28.60472298 17.50702095 5.61837053
v 28.89216995 16.73127556 5.98302174
v 28.59161186 17.48418808 5.65852785
v 28.86865616 16.69359398 5.99102068
v 28.84498978 16.65566826 5.99649334
v 28.57739830 17.45943642 5.69684553
v 28.56215286 17.43288612 5.73320723
v 28.54594803 17.40466499 5.76751089
v 28.14097595 17.89638901 5.24930096
v 27.47740364 18.23305321 5.20000029
v 28.52885437 17.37489891 5.79966640
v 28.13884163 17.89236832 5.29838181
v 28.51094627 17.34371185 5.82959747
v 28.13529778 17.88569832 5.34702301
v 28.49229431 17.31123161 5.85723925
v 28.13037109 17.87641716 5.39501238
v 28.47297096 17.27758217 5.88253546
v 28.12502098 17.86634064 5.43580437
v 28.45304680 17.24288559 5.90544081
v 28.11649323 17.85028076 5.48822641
v 28.43259239 17.20726395 5.92591667
v 28.10762596 17.83358383 5.53306913
v 28.41167450 17.17083740 5.94393396
v 28.09754181 17.81459236 5.57650328
v 28.39035988 17.13372040 5.95946789
v 28.08629417 17.79341125 5.61837053
v 28.36871529 17.09602547 5.97250128
v 28.07394600 17.77015686 5.65852785
v 28.34680176 17.05786514 5.98302174
v 28.06056023 17.74494743 5.69684553
v 28.32468414 17.01934814 5.99102068
v 28.04620361 17.71790886 5.73320723
v 28.30242157 16.98057938 5.99649334
v 28.03094101 17.68916702 5.76751089
v 28.01484299 17.65884972 5.79966640
v 27.99797630 17.62708664 5.82959747
v 27.98041153 17.59400749 5.85723925
v 27.47674561 18.23168182 5.24930096
v 27.96221352 17.55973434 5.88253546
v 27.47477913 18.22757721 5.29838181
v 27.94344902 17.52439880 5.90544081
v 27.47151566 18.22076416 5.34702301
v 27.92418480 17.48811913 5.92591667
v 27.46697617 18.21128845 5.39501238
v 27.90448380 17.45101929 5.94393396
v 27.46204567 18.20100021 5.43580437
v 27.88441086 17.41321564 5.95946789
v 27.45418930 18.18460083 5.48822641
v 27.86402512 17.37482643 5.97250128
v 27.44602013 18.16755104 5.53306913
v 27.84338951 17.33596039 5.98302174
v 27.43672943 18.14815903 5.57650328
v 27.82255745 17.29673195 5.99102068
v 27.42636871 18.12653160 5.61837053
v 27.80159187 17.25724792 5.99649334
v 27.41499138 18.10278702 5.65852785
v 27.40265846 18.07704544 5.69684553
v 27.01283836 18.44589996 5.24930096
v 26.24815750 18.76668167 5.20000029
v 27.38943100 18.04943657 5.73320723
v 27.01098824 18.44174194 5.29838181
v 27.37537003 18.02008820 5.76751089
v 27.00791931 18.43483925 5.34702301
v 27.36053848 17.98913193 5.79966640
v 27.00365067 18.42523956 5.39501238
v 27.34499931 17.95669937 5.82959747
v 26.99901581 18.41481400 5.43580437
v 27.32881546 17.92292023 5.85723925
v 26.99162674 18.39819908 5.48822641
v 27.31204987 17.88792610 5.88253546
v 26.98394585 18.38092422 5.53306913
v 27.29476357 17.85184479 5.90544081
v 26.97520828 18.36127472 5.57650328
v 27.27701569 17.81480026 5.92591667
v 26.96546555 18.33936310 5.61837053
v 27.25886536 17.77691841 5.94393396
v 26.95476723 18.31530571 5.65852785
v 27.24037170 17.73831749 5.95946789
v 26.94317055 18.28922462 5.69684553
v 27.22159004 17.69911766 5.97250128
v 26.93073273 18.26125145 5.73320723
v 27.20257568 17.65943146 5.98302174
v 26.91750908 18.23151398 5.76751089
v 27.18338585 17.61937523 5.99102068
v 26.90356255 18.20014954 5.79966640
v 27.16407013 17.57905960 5.99649334
v 26.88895035 18.16728973 5.82959747
v 26.87373352 18.13306618 5.85723925
v 26.85796738 18.09760857 5.88253546
v 26.24760437 18.76526642 5.24930096
v 26.84171104 18.06105042 5.90544081
v 26.82502174 18.02351761 5.92591667
v 26.24594879 18.76102638 5.29838181
v 26.80795479 17.98513603 5.94393396
v 26.24320030 18.75399017 5.34702301
v 26.79056358 17.94602585 5.95946789
v 26.23937798 18.74420357 5.39501238
v 26.77290344 17.90630722 5.97250128
v 26.23522758 18.73357582 5.43580437
v 26.75502396 17.86610031 5.98302174
v 26.22861290 18.71663857 5.48822641
v 26.73697662 17.82551384 5.99102068
v 26.22173500 18.69902802 5.53306913
v 26.71881294 17.78466606 5.99649334
v 26.21391106 18.67899704 5.57650328
v 26.20518875 18.65666008 5.61837053
v 25.84915543 18.91547012 5.24930096
v 24.98261642 19.20738029 5.20000029
v 26.19561005 18.63213348 5.65852785
v 25.84759903 18.91119385 5.29838181
v 26.18522644 18.60554695 5.69684553
v 25.84501839 18.90409470 5.34702301
v 26.17408943 18.57703018 5.73320723
v 25.84142876 18.89422035 5.39501238
v 26.16225052 18.54671669 5.76751089
v 25.83753204 18.88349724 5.43580437
v 26.14976311 18.51474380 5.79966640
v 25.83131790 18.86640739 5.48822641
v 26.13668060 18.48124504 5.82959747
v 25.82485962 18.84863853 5.53306913
v 26.12305450 18.44635582 5.85723925
v 25.81751251 18.82843018 5.57650328
v 26.10893822 18.41021156 5.88253546
v 25.80932045 18.80589104 5.61837053
v 26.09438324 18.37294197 5.90544081
v 25.80032539 18.78114700 5.65852785
v 26.07944107 18.33468056 5.92591667
v 25.79057312 18.75432205 5.69684553
v 26.06415939 18.29555321 5.94393396
v 26.04858780 18.25568390 5.95946789
v 25.78011322 18.72554970 5.73320723
v 26.03277588 18.21519470 5.97250128
v 25.76899529 18.69496346 5.76751089
v 26.01676750 18.17420578 5.98302174
v 25.75726700 18.66270447 5.79966640
v 26.00061035 18.13283157 5.99102068
v 25.74498177 18.62890434 5.82959747
v 25.98434639 18.09119034 5.99649334
v 25.73218536 18.59370422 5.85723925
v 25.71892738 18.55723572 5.88253546
v 25.70525932 18.51963234 5.90544081
v 25.69122505 18.48102760 5.92591667
v 24.98217010 19.20592690 5.24930096
v 25.67687416 18.44154930 5.94393396
v 24.98083496 19.20157623 5.29838181
v 25.66225052 18.40132332 5.95946789
v 24.97861862 19.19435501 5.34702301
v 25.64739990 18.36047173 5.97250128
v 25.63236618 18.31911469 5.98302174
v 24.97553444 19.18431091 5.39501238
v 24.97218513 19.17340469 5.43580437
v 25.61719131 18.27737045 5.99102068
v 25.60191727 18.23535728 5.99649334
v 24.96685028 19.15602112 5.48822641
v 24.96130180 19.13794708 5.53306913
v 24.65558052 19.30281639 5.24930096
v 23.68779755 19.55270576 5.20000029
v 24.95499039 19.11739159 5.57650328
v 24.65432739 19.29844093 5.29838181
v 24.94795227 19.09446716 5.61837053
v 24.65224648 19.29117966 5.34702301
v 24.94022560 19.06929588 5.65852785
v 24.64935493 19.28107834 5.39501238
v 24.93184853 19.04201126 5.69684553
v 24.64621353 19.27011108 5.43580437
v 24.92286301 19.01274490 5.73320723
v 24.64120674 19.25263023 5.48822641
v 24.91331291 18.98163414 5.76751089
v 24.63600159 19.23445511 5.53306913
v 24.90323830 18.94882011 5.79966640
v 24.89268494 18.91444016 5.82959747
v 24.63008118 19.21378326 5.57650328
v 24.88169289 18.87863541 5.85723925
v 24.62347794 19.19072914 5.61837053
v 24.87030411 18.84153938 5.88253546
v 24.61622810 19.16541672 5.65852785
v 24.85856247 18.80329132 5.90544081
v 24.60836983 19.13797760 5.69684553
v 24.84650803 18.76402473 5.92591667
v 24.59994125 19.10854530 5.73320723
v 24.83417892 18.72386742 5.94393396
v 24.59098053 19.07726097 5.76751089
v 24.82161903 18.68295097 5.95946789
v 24.58152962 19.04426193 5.79966640
v 24.80886078 18.64139748 5.97250128
v 24.57162666 19.00968933 5.82959747
v 24.79594803 18.59933090 5.98302174
v 24.56131554 18.97368240 5.85723925
v 24.78291130 18.55687141 5.99102068
v 24.55063057 18.93637848 5.88253546
v 24.76979256 18.51413536 5.99649334
v 24.53961563 18.89791489 5.90544081
v 24.52830505 18.85842705 5.92591667
v 24.51673889 18.81804276 5.94393396
v 24.50495529 18.77689552 5.95946789
v 23.68745995 19.55122375 5.24930096
v 24.49298668 18.73510933 5.97250128
v 23.68645096 19.54678345 5.29838181
v 24.48087120 18.69280434 5.98302174
v 23.68477821 19.53941917 5.34702301
v 24.46864128 18.65010643 5.99102068
v 23.68245125 19.52917290 5.39501238
v 24.45633316 18.60712814 5.99649334
v 23.67992401 19.51804733 5.43580437
v 23.67589378 19.50031471 5.48822641
v 23.43791771 19.60605621 5.24930096
v 22.37087440 19.80074310 5.20000029
v 23.67170525 19.48187828 5.53306913
v 23.43697166 19.60160446 5.29838181
v 23.66694260 19.46091080 5.57650328
v 23.43540382 19.59421539 5.34702301
v 23.66162872 19.43752480 5.61837053
v 23.43322182 19.58393860 5.39501238
v 23.65579605 19.41184998 5.65852785
v 23.43085289 19.57277679 5.43580437
v 23.64947319 19.38401604 5.69684553
v 23.42707634 19.55499077 5.48822641
v 23.64269066 19.35416222 5.73320723
v 23.42314911 19.53649712 5.53306913
v 23.63548088 19.32242775 5.76751089
v 23.41868401 19.51546097 5.57650328
v 23.62787628 19.28895569 5.79966640
v 23.41370392 19.49200439 5.61837053
v 23.61990929 19.25388527 5.82959747
v 23.40823555 19.46624756 5.65852785
v 23.61161041 19.21736145 5.85723925
v 23.40230751 19.43832779 5.69684553
v 23.60301399 19.17952347 5.88253546
v 23.39594841 19.40838051 5.73320723
v 23.59415054 19.14050674 5.90544081
v 23.38919067 19.37654686 5.76751089
v 23.58505058 19.10045242 5.92591667
v 23.38206100 19.34296989 5.79966640
v 23.57574272 19.05949020 5.94393396
v 23.37459373 19.30779076 5.82959747
v 23.56626129 19.01775169 5.95946789
v 23.36681366 19.27115250 5.85723925
v 23.55663109 18.97536469 5.97250128
v 23.35875511 19.23319626 5.88253546
v 23.54688263 18.93245316 5.98302174
v 23.35044670 19.19405746 5.90544081
v 23.53704262 18.88914108 5.99102068
v 23.34191513 19.15387726 5.92591667
v 23.52713776 18.84554672 5.99649334
v 23.33319283 19.11278725 5.94393396
v 23.32430267 19.07091904 5.95946789
v 23.31527519 19.02839851 5.97250128
v 23.30613708 18.98535347 5.98302174
v 22.37064934 19.79923820 5.24930096
v 23.29691315 18.94190598 5.99102068
v 22.36997414 19.79473686 5.29838181
v 23.28762817 18.89817619 5.99649334
v 22.36885262 19.78726768 5.34702301
v 22.36729431 19.77687645 5.39501238
v 22.20208549 19.82371521 5.24930096
v 21.03914833 19.95011711 5.20000029
v 22.36560059 19.76559448 5.43580437
v 22.20145226 19.81920815 5.29838181
v 22.36290359 19.74761200 5.48822641
v 22.20040321 19.81172752 5.34702301
v 22.36009789 19.72891426 5.53306913
v 22.19894218 19.80132294 5.39501238
v 22.35690689 19.70764923 5.57650328
v 22.19735527 19.79002380 5.43580437
v 22.35334778 19.68393326 5.61837053
v 22.19482803 19.77201653 5.48822641
v 22.34944153 19.65789604 5.65852785
v 22.19219971 19.75329590 5.53306913
v 22.34520721 19.62966919 5.69684553
v 22.18921089 19.73200035 5.57650328
v 22.34066391 19.59939384 5.73320723
v 22.18587685 19.70825195 5.61837053
v 22.33583450 19.56721115 5.76751089
v 22.18221664 19.68217850 5.65852785
v 22.33074188 19.53326416 5.79966640
v 22.17824936 19.65391350 5.69684553
v 22.32540512 19.49769974 5.82959747
v 22.17399216 19.62359619 5.73320723
v 22.31984711 19.46065903 5.85723925
v 22.16946793 19.59136772 5.76751089
v 22.31409073 19.42228699 5.88253546
v 22.16469574 19.55737686 5.79966640
v 22.30815315 19.38271904 5.90544081
v 22.15969658 19.52176285 5.82959747
v 22.30205917 19.34209824 5.92591667
v 22.15448952 19.48467064 5.85723925
v 22.29582596 19.30055618 5.94393396
v 22.14909554 19.44624519 5.88253546
v 22.28947449 19.25822830 5.95946789
v 22.14353371 19.40662384 5.90544081
v 22.28302383 19.21524239 5.97250128
v 22.13782310 19.36594582 5.92591667
v 22.27649498 19.17172432 5.98302174
v 22.13198471 19.32434845 5.94393396
v 22.26990509 19.12779999 5.99102068
v 22.12603378 19.28196144 5.95946789
v 22.26327133 19.08359146 5.99649334
v 22.11999130 19.23891640 5.97250128
v 22.11387444 19.19533920 5.98302174
v 22.10770035 19.15135384 5.99102068
v 22.10148430 19.10708427 5.99649334
v 21.03903580 19.94860077 5.24930096
v 19.70000076 20.00000000 5.20000029
v 19.70000076 19.99776268 5.25978422
v 21.03869629 19.94406128 5.29838181
v 19.70000076 19.99106407 5.31923389
v 21.03813553 19.93652916 5.34702301
v 19.70000076 19.97994232 5.37801695
v 21.03735352 19.92605019 5.39501238
v 19.70000076 19.96445847 5.43580437
v 21.03650475 19.91467285 5.43580437
v 21.03515053 19.89653969 5.48822641
v 19.70000076 19.94469833 5.49227285
v 21.03374481 19.87768555 5.53306913
v 19.70000076 19.92077446 5.54710722
v 21.03214455 19.85624313 5.57650328
v 19.70000076 19.89282036 5.59999990
v 21.03036118 19.83232880 5.61837053
v 19.70000076 19.86099052 5.65065622
v 21.02840233 19.80607224 5.65852785
v 19.70000076 19.82546425 5.69879198
v 21.02627945 19.77760887 5.69684553
v 21.02400017 19.74707794 5.73320723
v 19.70000076 19.78644180 5.74413824
v 21.02157974 19.71462440 5.76751089
v 19.70000076 19.74413872 5.78644180
v 21.01902580 19.68039513 5.79966640
v 19.70000076 19.69879150 5.82546520
v 21.01634979 19.64453125 5.82959747
v 19.70000076 19.65065575 5.86099100
v 21.01356506 19.60717964 5.85723925
v 21.01067734 19.56848526 5.88253546
v 19.70000076 19.60000038 5.89282036
v 21.00769997 19.52858543 5.90544081
v 19.70000076 19.54710770 5.92077541
v 21.00464439 19.48762321 5.92591667
v 21.00152016 19.44573402 5.94393396
v 20.99833488 19.40304947 5.95946789
v 20.99510193 19.35970306 5.97250128
v 20.99182701 19.31582069 5.98302174
v 20.98852348 19.27152824 5.99102068
v 20.98519707 19.22694778 5.99649334
v 29.86826897 16.85282135 0.87350565
v 29.85394859 16.86261559 0.91588402
v 29.84125137 16.87128258 0.95863348
v 29.83030128 16.87874413 1.00127029
v 29.82098961 16.88507843 1.04414117
v 29.81334114 16.89027596 1.08717990
v 29.80738640 16.89431763 1.13031793
v 29.80315781 16.89718819 1.17348421
v 29.80079460 16.89879036 1.21379149
v 30.54021645 19.99776268 5.00000000
v 29.80223656 19.25978470 5.00000000
v 30.54598808 15.84296703 0.07342357
v 30.48592377 16.08624649 0.12779495
v 30.42899704 16.08400154 0.13786235
v 30.54598808 16.30926323 0.17635190
v 30.48592377 16.30760002 0.18248001
v 30.42899704 16.30489731 0.19243442
v 30.54598808 16.45785141 0.21916145
v 30.37327766 16.30114937 0.20624419
v 30.48592377 16.45599937 0.22523516
v 30.31811333 16.29630089 0.22410651
v 30.42899704 16.45299149 0.23510122
v 30.54598808 16.59812546 0.26420632
v 30.37327766 16.44881821 0.24878845
v 30.48592377 16.59609604 0.27022281
v 30.31811333 16.44341850 0.26649225
v 30.42899704 16.59279823 0.27999592
v 30.26937675 16.43752480 0.28582245
v 30.37327766 16.58822250 0.29355416
v 30.48592377 16.75983238 0.32867202
v 30.54598808 16.76207161 0.32272989
v 30.20000076 16.42712212 0.31993467
v 30.31811333 16.58230400 0.31109115
v 30.42899704 16.75619507 0.33832434
v 30.26937675 16.57584381 0.33023924
v 30.54598808 16.90934944 0.38089475
v 30.37327766 16.75115204 0.35171506
v 30.20000076 16.56443977 0.36403006
v 30.48592377 16.90692329 0.38676301
v 30.31811333 16.74462700 0.36903533
v 30.16098404 16.55675316 0.38680997
v 30.42899704 16.90298271 0.39629531
v 30.26937675 16.73750114 0.38794678
v 30.37327766 16.89751816 0.40951949
v 30.48592377 17.04470444 0.44615555
v 30.20000076 16.72492790 0.42132002
v 30.31811333 16.89044762 0.42662436
v 30.42899704 17.04047966 0.45556512
v 30.16098404 16.71645355 0.44381842
v 30.54598808 17.17419052 0.49948415
v 30.26937675 16.88272667 0.44530064
v 30.12549973 16.70774841 0.46692345
v 30.37327766 17.03461838 0.46861905
v 30.48592377 17.17142868 0.50520176
v 30.09053612 16.69812965 0.49245667
v 30.20000076 16.86910248 0.47825888
v 30.31811333 17.02703667 0.48550373
v 30.42899704 17.16694260 0.51448929
v 30.05586243 16.68742561 0.52086890
v 30.16098404 16.85991859 0.50047749
v 30.26937675 17.01875877 0.50393957
v 30.54598808 17.33579636 0.58119857
v 30.37327766 17.16071701 0.52737397
v 30.12549973 16.85048676 0.52329516
v 30.09053612 16.84006310 0.54851091
v 30.48592377 17.33282852 0.58681232
v 30.31811333 17.15266609 0.54403973
v 30.20000076 17.00415039 0.53647345
v 30.05586243 16.82846642 0.57656974
v 30.16098404 16.99430275 0.55840605
v 30.26937675 17.14387512 0.56223649
v 30.42899704 17.32800865 0.59593123
v 30.12549973 16.98418999 0.58092993
v 30.01556206 16.81312752 0.61367625
v 30.37327766 17.32132149 0.60858196
v 30.20000076 17.12836266 0.59434855
v 30.09053612 16.97301292 0.60582101
v 29.97453499 16.79498291 0.65757191
v 30.31811333 17.31267166 0.62494516
v 30.16098404 17.11790466 0.61599678
v 30.05586243 16.96057701 0.63351864
v 30.54598808 17.58126450 0.71995109
v 30.12549973 17.10716438 0.63822865
v 30.26937675 17.30322647 0.64281154
v 30.01556206 16.94412994 0.67014742
v 30.48592377 17.57798576 0.72538859
v 30.09053612 17.09529495 0.66279697
v 30.20000076 17.28656006 0.67434055
v 29.97453499 16.92467499 0.71347797
v 30.05586243 17.08208847 0.69013548
v 30.42899704 17.57265854 0.73422116
v 30.16098404 17.27532578 0.69559568
v 29.93900871 16.90495872 0.75739038
v 30.01556206 17.06462097 0.72628927
v 30.37327766 17.56526947 0.74647468
v 30.12549973 17.26378632 0.71742392
v 29.91494942 16.88960075 0.79159069
v 29.97453499 17.04396057 0.76905799
v 30.31811333 17.55570984 0.76232398
v 30.09053612 17.25103569 0.74154615
v 30.05586243 17.23684692 0.76838827
v 29.87922478 16.86254311 0.85185409
v 30.26937675 17.54527283 0.77962941
v 29.93900871 17.02302170 0.81240100
v 29.91494942 17.00671387 0.84615791
v 30.01556206 17.21808243 0.80388564
v 30.54598808 17.88833618 0.92087460
v 30.20000076 17.52685547 0.81016839
v 29.97453499 17.19588470 0.84587783
v 30.48592377 17.88466644 0.92605686
v 30.16098404 17.51444054 0.83075607
v 29.87922478 16.97797775 0.90563989
v 30.12549973 17.50168800 0.85189885
v 30.42899704 17.87870598 0.93447483
v 29.93900871 17.17338943 0.88843387
v 29.85530090 16.95412445 0.95501435
v 30.09053612 17.48759651 0.87526369
v 29.91494942 17.15587044 0.92157781
v 30.37327766 17.87043762 0.94615304
v 29.83554268 16.92956161 1.00586057
v 30.05586243 17.47191811 0.90126294
v 30.31811333 17.85974121 0.96125835
v 29.87922478 17.12499809 0.97997987
v 29.82098961 16.90617752 1.05426431
v 30.01556206 17.45118141 0.93564570
v 30.26937675 17.84806252 0.97775137
v 29.85530090 17.09937286 1.02845776
v 29.97453499 17.42665100 0.97631931
v 30.54598808 18.17983818 1.14378643
v 29.83554268 17.07298279 1.07838082
v 30.20000076 17.82745361 1.00685668
v 29.93900871 17.40179253 1.01753902
v 30.48592377 18.17579842 1.14868546
v 30.16098404 17.81356049 1.02647793
v 29.82098961 17.04786110 1.12590575
v 29.91494942 17.38243103 1.04964232
v 30.12549973 17.79929352 1.04662824
v 30.42899704 18.16923523 1.15664339
v 29.80893517 17.01850700 1.18143868
v 30.09053612 17.78352547 1.06889617
v 29.87922478 17.34831429 1.10621047
v 30.37327766 18.16013145 1.16768348
v 29.80315781 16.99597168 1.22407055
v 30.05586243 17.76597977 1.09367490
v 29.85530090 17.31999588 1.15316617
v 30.31811333 18.14835739 1.18196332
v 30.01556206 17.74277687 1.12644362
v 29.83554268 17.29083443 1.20152152
v 30.26937675 18.13549995 1.19755507
v 29.97453499 17.71533012 1.16520786
v 29.82098961 17.26307106 1.24755418
v 30.54598808 18.45419884 1.38748503
v 30.20000076 18.11281013 1.22506988
v 29.93900871 17.68751335 1.20449257
v 29.80893517 17.23063278 1.30134332
v 30.48592377 18.44981003 1.39207447
v 30.16098404 18.09751511 1.24361885
v 29.91494942 17.66584778 1.23508871
v 29.80315781 17.20572853 1.34263659
v 30.12549973 18.08180809 1.26266801
v 30.42899704 18.44268227 1.39952946
v 30.09053612 18.06444931 1.28371906
v 29.87922478 17.62767410 1.28900135
v 30.37327766 18.43279266 1.40987182
v 30.05586243 18.04513359 1.30714381
v 29.85530090 17.59598732 1.33375275
v 30.31811333 18.42000198 1.42324924
v 30.01556206 18.01958847 1.33812177
v 29.83554268 17.56335449 1.37983811
v 30.26937675 18.40603447 1.43785560
v 29.97453499 17.98937035 1.37476754
v 29.82098961 17.53228951 1.42370987
v 30.54598808 18.70993996 1.65065658
v 30.20000076 18.38138771 1.46363163
v 29.93900871 17.95874596 1.41190553
v 29.80893517 17.49599075 1.47497392
v 30.48592377 18.70522499 1.65491164
v 30.16098404 18.36477280 1.48100841
v 29.91494942 17.93489456 1.44082975
v 29.80315781 17.46812439 1.51432860
v 30.12549973 18.34770966 1.49885368
v 30.42899704 18.69756889 1.66182363
v 30.09053612 18.32885361 1.51857436
v 29.87922478 17.89286804 1.49179614
v 30.37327766 18.68694878 1.67141259
v 30.05586243 18.30787086 1.54051876
v 29.85530090 17.85798264 1.53410208
v 30.31811333 18.67321014 1.68381536
v 30.01556206 18.28012276 1.56953895
v 29.83554268 17.82205772 1.57766902
v 30.26937675 18.65821075 1.69735765
v 29.97453499 18.24729729 1.60386896
v 29.82098961 17.78785706 1.61914325
v 30.54598808 18.94568253 1.93188262
v 30.20000076 18.63173866 1.72125590
v 29.93900871 18.21403122 1.63865995
v 29.80893517 17.74789619 1.66760588
v 30.48592377 18.94067001 1.93578041
v 30.16098404 18.61389351 1.73736680
v 29.91494942 18.18812180 1.66575623
v 29.80315781 17.71721649 1.70481002
v 30.12549973 18.59556770 1.75391209
v 30.42899704 18.93252563 1.94211197
v 30.09053612 18.57531357 1.77219617
v 29.87922478 18.14246941 1.71350181
v 30.37327766 18.92123032 1.95089579
v 30.05586243 18.55277824 1.79254174
v 29.85530090 18.10457420 1.75313413
v 30.31811333 18.90662003 1.96225727
v 30.01556206 18.52297592 1.81944799
v 29.83554268 18.06554794 1.79394782
v 30.26937675 18.89066505 1.97466254
v 29.97453499 18.48772049 1.85127699
v 29.82098961 18.02839851 1.83280098
v 30.54598808 19.16015625 2.22964716
v 30.20000076 18.86251259 1.99655414
v 29.93900871 18.45199013 1.88353348
v 29.80893517 17.98498726 1.87820089
v 30.48592377 19.15487099 2.23316669
v 30.16098404 18.84353256 2.01131225
v 29.91494942 18.42416382 1.90865576
v 29.80315781 17.95166206 1.91305387
v 30.12549973 18.82404137 2.02646828
v 30.42899704 19.14628601 2.23888373
v 30.09053612 18.80250168 2.04321718
v 29.87922478 18.37512970 1.95292306
v 30.37327766 19.13437462 2.24681520
v 30.05586243 18.77853394 2.06185460
v 29.85530090 18.33442879 1.98966813
v 30.31811333 19.11896896 2.25707388
v 30.01556206 18.74683762 2.08650160
v 29.83554268 18.29251480 2.02750850
v 30.26937675 19.10214996 2.26827526
v 29.97453499 18.70934105 2.11565804
v 29.82098961 18.25261307 2.06353140
v 30.54598808 19.35220337 2.54234529
v 30.20000076 19.07246590 2.28804231
v 29.93900871 18.67134285 2.14520621
v 29.80893517 18.20598984 2.10562396
v 30.48592377 19.34667587 2.54546738
v 30.16098404 19.05245399 2.30136800
v 29.91494942 18.64174652 2.16821909
v 29.80315781 18.17019653 2.13793778
v 30.12549973 19.03190422 2.31505322
v 30.42899704 19.33769417 2.55053926
v 30.09053612 19.00919342 2.33017659
v 29.87922478 18.58959770 2.20876932
v 30.37327766 19.32523346 2.55757546
v 30.05586243 18.98392296 2.34700513
v 29.85530090 18.54631042 2.24242926
v 30.31811333 19.30911636 2.56667614
v 30.01556206 18.95050240 2.36926007
v 29.83554268 18.50173187 2.27709246
v 30.26937675 19.29151917 2.57661319
v 29.97453499 18.91096878 2.39558697
v 29.82098961 18.45929718 2.31009054
v 30.54598808 19.52079201 2.86829114
v 30.20000076 19.26046562 2.59414911
v 29.93900871 18.87090302 2.42226744
v 29.80893517 18.40970993 2.34864879
v 30.48592377 19.51504898 2.87099934
v 30.16098404 19.23953056 2.60597062
v 29.91494942 18.83970070 2.44304681
v 29.80315781 18.37164116 2.37824965
v 30.12549973 19.21803284 2.61811113
v 30.42899704 19.50572014 2.87539840
v 30.09053612 19.19427299 2.63152742
v 29.87922478 18.78471565 2.47966170
v 30.37327766 19.49277687 2.88150120
v 30.05586243 19.16783524 2.64645672
v 29.85530090 18.73907661 2.51005483
v 30.31811333 19.47603607 2.88939524
v 30.01556206 19.13287354 2.66619968
v 29.83554268 18.69207573 2.54135394
v 30.26937675 19.45775795 2.89801431
v 29.97453499 19.09151459 2.68955493
v 29.82098961 18.64733124 2.57114959
v 30.54598808 19.66501236 3.20572782
v 30.20000076 19.42550087 2.91322446
v 29.93900871 19.04959869 2.71322370
v 29.80893517 18.59504890 2.60596561
v 30.48592377 19.65908623 3.20800734
v 30.16098404 19.40375519 2.92347836
v 29.91494942 19.01695442 2.73165774
v 29.80315781 18.55491257 2.63269377
v 30.12549973 19.38142395 2.93400860
v 30.42899704 19.64945793 3.21170998
v 30.09053612 19.35674477 2.94564557
v 29.87922478 18.95943260 2.76413989
v 30.37327766 19.63610268 3.21684694
v 30.05586243 19.32928276 2.95859480
v 29.85530090 18.91168594 2.79110241
v 30.31811333 19.61882782 3.22349119
v 30.01556206 19.29296494 2.97571921
v 29.83554268 18.86251450 2.81886864
v 30.26937675 19.59996605 3.23074603
v 29.97453499 19.25000381 2.99597716
v 29.82098961 18.81570625 2.84530115
v 30.54598808 19.78408432 3.55283642
v 30.20000076 19.56668091 3.24354839
v 29.93900871 19.20646667 3.01650691
v 29.80893517 18.76101112 2.87618756
v 30.48592377 19.77800751 3.55467486
v 30.16098404 19.54424095 3.25217915
v 29.91494942 19.17255783 3.03249621
v 29.80315781 18.71902084 2.89989853
v 30.12549973 19.52119637 3.26104259
v 30.42899704 19.76813507 3.55766129
v 30.09053612 19.49572945 3.27083755
v 29.87922478 19.11280632 3.06067038
v 30.37327766 19.75443840 3.56180453
v 30.05586243 19.46739197 3.28173685
v 29.85530090 19.06320953 3.08405685
v 30.31811333 19.73672104 3.56716347
v 30.01556206 19.42991638 3.29615068
v 29.83554268 19.01213455 3.10814071
v 30.26937675 19.71737862 3.57301474
v 29.97453499 19.38558578 3.31320190
v 29.82098961 18.96351242 3.13106751
v 30.54598808 19.87736893 3.90774584
v 30.20000076 19.68324280 3.58334064
v 29.93900871 19.34065819 3.33048201
v 29.80893517 18.90669823 3.15785766
v 30.48592377 19.87117195 3.90913343
v 30.16098404 19.66023064 3.59030151
v 29.91494942 19.30566788 3.34394026
v 29.80315781 18.86308289 3.17842412
v 30.12549973 19.63659859 3.59745049
v 30.42899704 19.86110687 3.91138768
v 30.09053612 19.61048126 3.60535049
v 29.87922478 19.24401093 3.36765456
v 30.37327766 19.84714317 3.91451454
v 30.05586243 19.58142090 3.61414123
v 29.85530090 19.19283104 3.38733912
v 30.31811333 19.82908249 3.91855931
v 30.01556206 19.54298973 3.62576675
v 29.83554268 19.14012718 3.40761065
v 30.26937675 19.80936241 3.92297554
v 29.97453499 19.49752617 3.63951921
v 29.82098961 19.08995438 3.42690825
v 30.54598808 19.94436264 4.26854324
v 30.20000076 19.77456093 3.93076897
v 29.93900871 19.45145226 3.65345645
v 29.80893517 19.03132629 3.44945765
v 30.48592377 19.93808174 4.26947260
v 30.16098404 19.75110054 3.93602300
v 29.91494942 19.41556740 3.66431117
v 29.80315781 18.98632050 3.46676850
v 30.12549973 19.72700691 3.94141841
v 30.42899704 19.92787743 4.27098179
v 30.09053612 19.70038223 3.94738126
v 29.87922478 19.35233879 3.68343782
v 30.37327766 19.91372299 4.27307606
v 30.05586243 19.67075348 3.95401597
v 29.85530090 19.29985237 3.69931436
v 30.31811333 19.89541245 4.27578449
v 30.01556206 19.63157272 3.96279049
v 29.83554268 19.24580193 3.71566439
v 30.26937675 19.87542152 4.27874231
v 29.97453499 19.58522224 3.97317028
v 29.82098961 19.19434929 3.73122883
v 30.54598808 19.98470306 4.63328314
v 30.20000076 19.84014320 4.28396130
v 29.93900871 19.53824997 3.98368931
v 29.80893517 19.13422585 3.74941587
v 30.48592377 19.97837067 4.63374901
v 30.48076630 19.99106407 5.00000000
v 30.16098404 19.81635857 4.28747940
v 29.91494942 19.50166702 3.99188209
v 29.80315781 19.08806992 3.76337790
v 30.12549973 19.79193497 4.29109287
v 30.42899704 19.96808434 4.63450575
v 30.42198372 19.97994232 5.00000000
v 30.09053612 19.76494408 4.29508591
v 29.87922478 19.43720436 4.00631809
v 30.37327766 19.95381355 4.63555574
v 30.36419678 19.96445847 5.00000000
v 30.05586243 19.73490906 4.29952908
v 29.85530090 19.38369560 4.01830101
v 30.31811333 19.93535423 4.63691378
v 30.30772781 19.94469833 5.00000000
v 30.01556206 19.69519043 4.30540514
v 29.83554268 19.32859039 4.03064108
v 30.26937675 19.91519928 4.63839626
v 30.25289345 19.92077446 5.00000000
v 29.97453499 19.64820290 4.31235647
v 29.82098961 19.27613449 4.04238844
v 30.20000076 19.87963295 4.64101315
v 30.20000076 19.89282036 5.00000000
v 29.93900871 19.60058594 4.31940079
v 29.80893517 19.21483803 4.05611515
v 30.16098404 19.85565567 4.64277697
v 30.14934349 19.86099052 5.00000000
v 29.91494942 19.56349945 4.32488728
v 29.80315781 19.16778183 4.06665325
v 30.12549973 19.83103180 4.64458847
v 30.10120773 19.82546425 5.00000000
v 30.09053612 19.80382156 4.64659071
v 30.05586243 19.78644180 5.00000000
v 29.87922478 19.49815178 4.33455467
v 30.05586243 19.77354050 4.64881802
v 29.85530090 19.44390678 4.34257936
v 30.01556206 19.73349762 4.65176392
v 30.01355934 19.74413872 5.00000000
v 29.83554268 19.38804626 4.35084295
v 29.97453499 19.68612671 4.65524912
v 29.97453499 19.69879150 5.00000000
v 29.93900871 19.65065575 5.00000000
v 29.82098961 19.33486938 4.35871029
v 29.93900871 19.63812065 4.65878057
v 29.80893517 19.27273178 4.36790276
v 29.91494942 19.60073280 4.66153145
v 29.90717888 19.60000038 5.00000000
v 29.80315781 19.22502899 4.37495947
v 29.87922478 19.53485107 4.66637802
v 29.87922478 19.54710770 5.00000000
v 29.85530090 19.48016548 4.67040110
v 29.85530090 19.49227333 5.00000000
v 29.83554268 19.42384911 4.67454433
v 29.83554268 19.43580437 5.00000000
v 29.82098961 19.37023735 4.67848873
v 29.82005692 19.37801743 5.00000000
v 29.80893517 19.30759239 4.68309736
v 29.80893517 19.31923294 5.00000000
v 29.80315781 19.25950050 4.68663502
v 30.54021645 19.99776268 9.00000000
v 30.48076630 19.99106407 9.00000000
v 30.42198372 19.97994232 9.00000000
v 30.36419678 19.96445847 9.00000000
v 30.30772781 19.94469833 9.00000000
v 30.25289345 19.92077446 9.00000000
v 30.20000076 19.89282036 9.00000000
v 30.14934349 19.86099052 9.00000000
v 30.10120773 19.82546425 9.00000000
v 30.05586243 19.78644180 9.00000000
v 30.01355934 19.74413872 9.00000000
v 29.97453499 19.69879150 9.00000000
v 29.93900871 19.65065575 9.00000000
v 29.90717888 19.60000038 9.00000000
v 29.87922478 19.54710770 9.00000000
v 29.85530090 19.49227333 9.00000000
v 29.83554268 19.43580437 9.00000000
v 29.82005692 19.37801743 9.00000000
v 29.80893517 19.31923294 9.00000000
v 29.80223656 19.25978470 9.00000000
v 30.54021645 19.98378754 9.37348366
v 30.48076630 19.97710800 9.37298298
v 30.42198372 19.96601677 9.37215137
v 30.36419678 19.95057678 9.37099457
v 30.30772781 19.93087196 9.36951828
v 30.25289345 19.90701485 9.36773014
v 30.54021645 19.94194221 9.74487782
v 30.20000076 19.87913895 9.36564064
v 30.48076630 19.93531799 9.74387932
v 30.14934349 19.84739876 9.36326218
v 30.42198372 19.92432022 9.74222183
v 30.10120773 19.81197166 9.36060715
v 30.36419678 19.90900993 9.73991394
v 30.05586243 19.77305794 9.35769176
v 30.30772781 19.88947105 9.73696899
v 30.01355934 19.73087311 9.35453033
v 30.25289345 19.86581421 9.73340321
v 29.97453499 19.68565369 9.35114098
v 30.54021645 19.87245941 10.11210728
v 30.20000076 19.83817101 9.72923756
v 29.93900871 19.63765144 9.34754372
v 30.48076630 19.86592865 10.11061668
v 30.14934349 19.80669785 9.72449303
v 29.90717888 19.58713722 9.34375858
v 30.42198372 19.85508537 10.10814190
v 30.10120773 19.77156830 9.71919823
v 29.87922478 19.53439331 9.33980560
v 30.36419678 19.83998871 10.10469627
v 30.05586243 19.73298073 9.71338177
v 29.85530090 19.47971153 9.33570766
v 30.30772781 19.82072449 10.10029888
v 30.01355934 19.69115067 9.70707703
v 29.83554268 19.42340088 9.33148861
v 30.25289345 19.79740143 10.09497547
v 29.97453499 19.64631081 9.70031834
v 29.82005692 19.36577415 9.32716942
v 30.54021645 19.77572632 10.47311687
v 30.20000076 19.77014732 10.08875465
v 29.93900871 19.59871292 9.69314480
v 29.80893517 19.30715561 9.32277679
v 30.48076630 19.76932526 10.47114182
v 30.14934349 19.73911667 10.08167267
v 29.90717888 19.54862213 9.68559456
v 29.80223656 19.24787331 9.31833458
v 30.42198372 19.75869751 10.46786404
v 30.10120773 19.70448112 10.07376671
v 29.87922478 19.49631882 9.67771149
v 30.36419678 19.74390221 10.46329975
v 30.05586243 19.66643524 10.06508350
v 29.85530090 19.44209862 9.66953850
v 30.30772781 19.72501945 10.45747566
v 30.01355934 19.62519264 10.05566978
v 29.83554268 19.38625908 9.66112232
v 30.25289345 19.70215797 10.45042419
v 29.97453499 19.58098412 10.04557991
v 29.82005692 19.32911873 9.65250969
v 30.54021645 19.65228653 10.82588768
v 30.20000076 19.67544556 10.44218445
v 29.93900871 19.53405380 10.03486824
v 29.80893517 19.27099228 9.64374828
v 30.48076630 19.64605141 10.82344055
v 30.14934349 19.64503098 10.43280220
v 29.90717888 19.48466873 10.02359676
v 29.80223656 19.21220589 9.63488770
v 30.42198372 19.63569832 10.81937695
v 30.10120773 19.61108398 10.42233086
v 29.87922478 19.43310165 10.01182652
v 30.36419678 19.62128448 10.81372070
v 30.05586243 19.57379341 10.41082859
v 29.85530090 19.37964249 9.99962521
v 30.30772781 19.60289001 10.80650139
v 30.01355934 19.53336906 10.39835930
v 29.83554268 19.32458878 9.98705959
v 30.25289345 19.58061981 10.79776096
v 29.97453499 19.49003792 10.38499355
v 29.82005692 19.26825142 9.97420025
v 30.54021645 19.50282860 11.16844845
v 30.20000076 19.55459785 10.78754807
v 29.93900871 19.44404030 10.37080479
v 29.80893517 19.21094131 9.96111965
v 30.48076630 19.49679375 11.16554165
v 30.14934349 19.52496910 10.77591991
v 29.90717888 19.39563560 10.35587406
v 29.80223656 19.15298271 9.94789124
v 30.42198372 19.48677254 11.16071606
v 30.10120773 19.49189949 10.76294041
v 29.87922478 19.34509087 10.34028339
v 30.36419678 19.47282219 11.15399742
v 30.05586243 19.45557213 10.74868393
v 29.85530090 19.29269409 10.32412052
v 30.30772781 19.45501900 11.14542484
v 30.01355934 19.41619301 10.73322868
v 29.83554268 19.23873329 10.30747604
v 30.25289345 19.43346596 11.13504410
v 29.97453499 19.37398148 10.71666145
v 29.82005692 19.18351364 10.29044342
v 30.54021645 19.32818985 11.49888134
v 30.20000076 19.40827942 11.12291527
v 29.93900871 19.32917404 10.69907570
v 29.80893517 19.12734222 10.27311707
v 30.48076630 19.32238960 11.49553204
v 30.14934349 19.37960243 11.10910511
v 29.90717888 19.28201866 10.68056870
v 29.80223656 19.07053375 10.25559330
v 30.42198372 19.31275749 11.48997116
v 30.10120773 19.34759331 11.09369087
v 29.87922478 19.23278236 10.66124439
v 30.36419678 19.29934692 11.48222923
v 30.05586243 19.31243515 11.07675934
v 29.85530090 19.18173790 10.64121151
v 30.30772781 19.28223419 11.47234917
v 30.01355934 19.27432060 11.05840492
v 29.83554268 19.12917328 10.62058163
v 30.25289345 19.26151657 11.46038723
v 29.97453499 19.23346519 11.03872967
v 29.82005692 19.07538033 10.59946918
v 30.54021645 19.12934494 11.81534004
v 30.20000076 19.23730659 11.44641018
v 29.93900871 19.19009590 11.01784420
v 29.80893517 19.02066231 10.57799339
v 30.48076630 19.12381172 11.81156731
v 30.14934349 19.20974159 11.43049526
v 29.90717888 19.14445686 10.99586487
v 29.80223656 18.96532059 10.55627441
v 30.42198372 19.11462212 11.80530167
v 30.10120773 19.17897606 11.41273308
v 29.87922478 19.09680176 10.97291565
v 30.36419678 19.10182762 11.79657936
v 30.05586243 19.14517975 11.39322090
v 29.85530090 19.04739761 10.94912434
v 30.30772781 19.08550262 11.78544807
v 30.01355934 19.10854340 11.37206936
v 29.83554268 18.99652100 10.92462349
v 30.25289345 19.06573486 11.77197170
v 29.97453499 19.06927299 11.34939575
v 29.82005692 18.94445610 10.89955044
v 30.54021645 18.90740776 12.11605453
v 30.20000076 19.04263878 11.75622368
v 29.93900871 19.02758598 11.32532787
v 29.80893517 18.89149475 10.87404537
v 30.48076630 18.90217209 12.11187840
v 30.14934349 19.01633835 11.73829365
v 29.90717888 18.98371696 11.30000019
v 29.80223656 18.83793259 10.84825134
v 30.42198372 18.89347649 12.10494328
v 30.10120773 18.98698616 11.71828175
v 29.87922478 18.93791008 11.27355385
v 30.36419678 18.88137054 12.09528923
v 30.05586243 18.95474434 11.69629860
v 29.85530090 18.89042282 11.24613667
v 30.30772781 18.86592102 12.08296967
v 30.01355934 18.91979027 11.67246819
v 29.83554268 18.84151840 11.21790218
v 30.25289345 18.84721756 12.06805325
v 29.97453499 18.88232422 11.64692402
v 29.82005692 18.79147339 11.18900871
v 30.54021645 18.66362000 12.39934254
v 30.20000076 18.82536125 12.05062389
v 29.93900871 18.84255219 11.61980820
v 29.80893517 18.74056625 11.15961742
v 30.48076630 18.65870857 12.39478588
v 30.14934349 18.80047607 12.03077888
v 29.90717888 18.80069923 11.59127235
v 29.80223656 18.68908119 11.12989235
v 30.42198372 18.65055656 12.38722134
v 30.10120773 18.77270126 12.00862885
v 29.87922478 18.75699615 11.56147671
v 30.36419678 18.63920593 12.37668896
v 30.05586243 18.74219131 11.98429775
v 29.85530090 18.71169090 11.53058720
v 30.30772781 18.62472153 12.36324978
v 30.01355934 18.70911598 11.95792198
v 29.83554268 18.66503334 11.49877739
v 30.25289345 18.60718346 12.34697723
v 29.97453499 18.67366409 11.92964935
v 29.82005692 18.61728668 11.46622467
v 30.54021645 18.39934158 12.66362000
v 30.20000076 18.58669090 12.32796288
v 29.93900871 18.63603020 11.89963627
v 29.80893517 18.56871796 11.43311119
v 30.48076630 18.39478683 12.65870953
v 30.14934349 18.56335831 12.30631351
v 29.90717888 18.59642410 11.86805344
v 29.80223656 18.51959801 11.39962196
v 30.42198372 18.38722038 12.65055656
v 30.10120773 18.53731537 12.28215027
v 29.87922478 18.55507088 11.83507538
v 30.36419678 18.37668991 12.63920593
v 30.05586243 18.50870895 12.25560665
v 29.85530090 18.51219940 11.80088615
v 30.30772781 18.36324883 12.62472057
v 30.01355934 18.47769928 12.22683334
v 29.83554268 18.46805191 11.76567841
v 30.25289345 18.34697723 12.60718346
v 29.97453499 18.44445801 12.19599056
v 29.82005692 18.42287064 11.72964859
v 30.54021645 18.11605453 12.90740871
v 30.20000076 18.32796288 12.58669090
v 29.93900871 18.40917206 12.16324997
v 29.80893517 18.37691307 11.69299793
v 30.48076630 18.11187744 12.90217113
v 30.14934349 18.30631447 12.56335831
v 29.90717888 18.37203789 12.12879467
v 29.80223656 18.33043289 11.65593243
v 30.42198372 18.10494232 12.89347553
v 30.10120773 18.28215027 12.53731632
v 29.87922478 18.33326530 12.09281826
v 30.36419678 18.09528923 12.88136959
v 30.05586243 18.25560760 12.50870991
v 29.85530090 18.29306984 12.05552197
v 30.30772781 18.08296967 12.86592102
v 30.01355934 18.22683334 12.47769928
v 29.83554268 18.25167465 12.01711273
v 30.25289345 18.06805229 12.84721661
v 29.97453499 18.19598961 12.44445801
v 29.82005692 18.20931244 11.97780800
v 30.54021645 17.81534004 13.12934589
v 30.20000076 18.05062294 12.82536125
v 29.93900871 18.16324997 12.40917206
v 29.80893517 18.16622162 11.93782520
v 30.48076630 17.81156731 13.12381172
v 30.14934349 18.03077888 12.80047607
v 29.90717888 18.12879372 12.37203884
v 29.80223656 18.12264252 11.89738941
v 30.42198372 17.80530167 13.11462116
v 30.10120773 18.00862885 12.77270031
v 29.87922478 18.09281731 12.33326530
v 30.36419678 17.79657936 13.10182762
v 30.05586243 17.98429680 12.74219036
v 29.85530090 18.05552101 12.29306889
v 30.30772781 17.78544807 13.08550167
v 30.01355934 17.95792198 12.70911694
v 29.83554268 18.01711273 12.25167465
v 30.25289345 17.77197075 13.06573486
v 29.97453499 17.92964935 12.67366314
v 29.82005692 17.97780800 12.20931339
v 30.54021645 17.49888229 13.32818985
v 30.20000076 17.75622368 13.04263783
v 29.93900871 17.89963722 12.63602924
v 29.80893517 17.93782425 12.16622257
v 30.48076630 17.49553299 13.32238865
v 30.14934349 17.73829460 13.01633930
v 29.90717888 17.86805344 12.59642506
v 29.80223656 17.89738846 12.12264252
v 30.42198372 17.48997116 13.31275654
v 30.10120773 17.71828079 12.98698616
v 29.87922478 17.83507538 12.55507183
v 30.36419678 17.48222923 13.29934692
v 30.05586243 17.69629860 12.95474339
v 29.85530090 17.80088615 12.51220036
v 30.30772781 17.47234917 13.28223515
v 30.01355934 17.67246819 12.91979122
v 29.83554268 17.76567841 12.46805096
v 30.25289345 17.46038818 13.26151657
v 29.97453499 17.64692307 12.88232422
v 29.82005692 17.72964859 12.42287159
v 30.54021645 17.16844749 13.50282860
v 30.20000076 17.44640923 13.23730659
v 29.93900871 17.61980820 12.84255219
v 29.80893517 17.69299889 12.37691307
v 30.48076630 17.16554260 13.49679375
v 30.14934349 17.43049622 13.20974159
v 29.90717888 17.59127235 12.80069828
v 29.80223656 17.65593147 12.33043385
v 30.42198372 17.16071510 13.48677349
v 30.10120773 17.41273308 13.17897511
v 29.87922478 17.56147575 12.75699615
v 30.36419678 17.15399742 13.47282219
v 30.05586243 17.39322090 13.14517975
v 29.85530090 17.53058815 12.71168995
v 30.30772781 17.14542389 13.45501995
v 30.01355934 17.37206841 13.10854435
v 29.83554268 17.49877739 12.66503334
v 30.25289345 17.13504410 13.43346500
v 29.97453499 17.34939575 13.06927299
v 29.82005692 17.46622467 12.61728764
v 30.54021645 16.82588768 13.65228653
v 30.20000076 17.12291527 13.40827847
v 29.93900871 17.32532883 13.02758598
v 29.80893517 17.43311119 12.56871891
v 30.48076630 16.82344055 13.64605141
v 30.14934349 17.10910416 13.37960148
v 29.90717888 17.29999924 12.98371696
v 29.80223656 17.39962196 12.51959896
v 30.42198372 16.81937790 13.63569736
v 30.10120773 17.09369087 13.34759426
v 29.87922478 17.27355385 12.93791008
v 30.36419678 16.81372070 13.62128353
v 30.05586243 17.07675934 13.31243515
v 29.85530090 17.24613571 12.89042282
v 30.30772781 16.80650139 13.60289097
v 30.01355934 17.05840492 13.27432060
v 29.83554268 17.21790123 12.84151936
v 30.25289345 16.79776192 13.58062077
v 29.97453499 17.03872871 13.23346519
v 29.82005692 17.18900871 12.79147339
v 30.54021645 16.47311592 13.77572632
v 30.20000076 16.78754807 13.55459785
v 29.93900871 17.01784325 13.19009686
v 29.80893517 17.15961647 12.74056625
v 30.48076630 16.47114182 13.76932621
v 30.14934349 16.77591896 13.52496910
v 29.90717888 16.99586487 13.14445686
v 29.80223656 17.12989235 12.68908119
v 30.42198372 16.46786308 13.75869751
v 30.10120773 16.76293945 13.49189854
v 29.87922478 16.97291565 13.09680176
v 30.36419678 16.46330070 13.74390125
v 30.05586243 16.74868393 13.45557308
v 29.85530090 16.94912338 13.04739761
v 30.30772781 16.45747566 13.72502041
v 30.01355934 16.73322868 13.41619396
v 29.83554268 16.92462349 12.99652195
v 30.25289345 16.45042419 13.70215893
v 29.97453499 16.71666145 13.37398243
v 29.82005692 16.89954948 12.94445705
v 30.54021645 16.11210632 13.87245846
v 30.20000076 16.44218445 13.67544651
v 29.93900871 16.69907570 13.32917404
v 29.80893517 16.87404442 12.89149570
v 30.48076630 16.11061668 13.86592865
v 30.14934349 16.43280220 13.64503098
v 29.90717888 16.68056870 13.28201962
v 29.80223656 16.84825134 12.83793259
v 30.42198372 16.10814095 13.85508442
v 30.10120773 16.42233086 13.61108303
v 29.87922478 16.66124535 13.23278236
v 30.36419678 16.10469627 13.83998871
v 30.05586243 16.41082764 13.57379341
v 29.85530090 16.64121246 13.18173885
v 30.30772781 16.10029984 13.82072544
v 30.01355934 16.39835930 13.53337002
v 29.83554268 16.62058067 13.12917328
v 30.25289345 16.09497452 13.79740143
v 29.97453499 16.38499260 13.49003792
v 29.82005692 16.59946823 13.07538128
v 30.54021645 15.74487782 13.94194221
v 30.20000076 16.08875465 13.77014732
v 29.93900871 16.37080574 13.44404030
v 29.80893517 16.57799339 13.02066135
v 30.48076630 15.74387932 13.93531895
v 30.14934349 16.08167267 13.73911572
v 29.90717888 16.35587311 13.39563465
v 29.80223656 16.55627441 12.96532154
v 30.42198372 15.74222183 13.92432022
v 30.10120773 16.07376671 13.70448112
v 29.87922478 16.34028244 13.34509182
v 30.36419678 15.73991394 13.90900898
v 30.05586243 16.06508255 13.66643524
v 29.85530090 16.32412148 13.29269409
v 30.30772781 15.73696899 13.88947105
v 30.01355934 16.05566978 13.62519264
v 29.83554268 16.30747604 13.23873425
v 30.25289345 15.73340321 13.86581421
v 29.97453499 16.04557991 13.58098316
v 29.82005692 16.29044342 13.18351364
v 30.54021645 15.37348366 13.98378849
v 30.20000076 15.72923660 13.83817196
v 29.93900871 16.03486824 13.53405476
v 29.80893517 16.27311707 13.12734222
v 30.48076630 15.37298298 13.97710896
v 30.14934349 15.72449303 13.80669785
v 29.90717888 16.02359581 13.48466873
v 29.80223656 16.25559425 13.07053375
v 30.42198372 15.37215137 13.96601772
v 30.10120773 15.71919823 13.77156925
v 29.87922478 16.01182556 13.43310165
v 30.36419678 15.37099457 13.95057678
v 30.05586243 15.71338177 13.73298073
v 29.85530090 15.99962521 13.37964249
v 30.30772781 15.36951828 13.93087292
v 30.01355934 15.70707703 13.69114971
v 29.83554268 15.98705959 13.32458973
v 30.25289345 15.36773014 13.90701580
v 29.97453499 15.70031834 13.64630985
v 29.82005692 15.97420025 13.26825047
v 30.20000076 15.36564064 13.87913895
v 29.93900871 15.69314384 13.59871197
v 29.80893517 15.96111965 13.21094131
v 30.14934349 15.36326218 13.84739876
v 29.90717888 15.68559456 13.54862213
v 29.80223656 15.94789124 13.15298271
v 30.10120773 15.36060715 13.81197262
v 29.87922478 15.67771149 13.49631977
v 30.05586243 15.35769081 13.77305794
v 29.85530090 15.66953850 13.44209766
v 30.01355934 15.35453033 13.73087311
v 29.83554268 15.66112232 13.38626003
v 29.97453499 15.35114098 13.68565273
v 29.82005692 15.65250969 13.32911777
v 29.93900871 15.34754372 13.63765240
v 29.80893517 15.64374828 13.27099133
v 29.90717888 15.34375858 13.58713722
v 29.80223656 15.63488770 13.21220589
v 29.87922478 15.33980560 13.53439236
v 29.85530090 15.33570766 13.47971153
v 29.83554268 15.33148766 13.42340088
v 29.82005692 15.32716942 13.36577511
v 29.80893517 15.32277679 13.30715656
v 29.80223656 15.31833363 13.24787331
v -19.79999924 -20.00000000 5.20000029
v -37.79999924 -2.00000000 5.20000029
v -37.74966812 -3.34514165 5.20000029
v -37.59895325 -4.68276072 5.20000029
v -37.34870148 -6.00537682 5.20000029
v -37.00030899 -7.30559301 5.20000029
v -36.55572891 -8.57613850 5.20000029
v -36.01744080 -9.80990696 5.20000029
v -35.38845825 -11.00000000 5.20000029
v -34.67229843 -12.13976097 5.20000029
v -33.87296677 -13.22281647 5.20000029
v -32.99493408 -14.24310970 5.20000029
v -32.04310989 -15.19493389 5.20000029
v -31.02281570 -16.07296753 5.20000029
v -29.93976021 -16.87229729 5.20000029
v -28.79999924 -17.58845711 5.20000029
v -27.60990715 -18.21743965 5.20000029
v -26.37613869 -18.75572777 5.20000029
v -25.10559273 -19.20030975 5.20000029
v -23.80537605 -19.54870224 5.20000029
v -22.48276138 -19.79895401 5.20000029
v -21.14514160 -19.94966888 5.20000029
v -37.79999924 2.00000000 5.20000029
v -19.79999924 20.00000000 5.20000029
v -21.14514160 19.94966888 5.20000029
v -22.48276138 19.79895401 5.20000029
v -23.80537605 19.54870224 5.20000029
v -25.10559273 19.20030975 5.20000029
v -26.37613869 18.75572777 5.20000029
v -27.60990715 18.21743965 5.20000029
v -28.79999924 17.58845711 5.20000029
v -29.93976021 16.87229729 5.20000029
v -31.02281570 16.07296753 5.20000029
v -32.04310989 15.19493389 5.20000029
v -32.99493408 14.24310970 5.20000029
v -33.87296677 13.22281647 5.20000029
v -34.67229843 12.13976097 5.20000029
v -35.38845825 11.00000000 5.20000029
v -36.01744080 9.80990696 5.20000029
v -36.55572891 8.57613850 5.20000029
v -37.00030899 7.30559301 5.20000029
v -37.34870148 6.00537682 5.20000029
v -37.59895325 4.68276072 5.20000029
v -37.74966812 3.34514165 5.20000029
v -3.58219862 -0.84300965 1.80000007
v -3.64300966 -0.78219867 1.80000007
v -3.51701331 -0.89910620 1.80000007
v -3.69910622 -0.71701330 1.80000007
v -3.44781804 -0.95017457 1.80000007
v -3.75017452 -0.64781809 1.80000007
v -3.37500000 -0.99592924 1.80000007
v -3.79592919 -0.57499999 1.80000007
v -3.29896641 -1.03611422 1.80000007
v -3.83611417 -0.49896631 1.80000007
v -3.22014213 -1.07050478 1.80000007
v -3.87050486 -0.42014217 1.80000007
v -3.13896847 -1.09890878 1.80000007
v -3.89890862 -0.33896846 1.80000007
v -3.05589914 -1.12116706 1.80000007
v -3.92116714 -0.25589907 1.80000007
v -2.97139859 -1.13715541 1.80000007
v -3.93715549 -0.17139861 1.80000007
v -2.88593960 -1.14678442 1.80000007
v -3.94678426 -0.08593961 1.80000007
v -2.79999995 -1.14999998 1.80000007
v -3.95000005 0.00000000 1.80000007
v -2.71406031 -1.14678442 1.80000007
v -3.94678426 0.08593961 1.80000007
v -2.62860131 -1.13715541 1.80000007
v -3.93715549 0.17139861 1.80000007
v -2.54410100 -1.12116706 1.80000007
v -3.92116714 0.25589907 1.80000007
v -2.46103144 -1.09890878 1.80000007
v -3.89890862 0.33896846 1.80000007
v -3.87050486 0.42014217 1.80000007
v -2.37985778 -1.07050478 1.80000007
v -3.83611417 0.49896631 1.80000007
v -2.30103374 -1.03611422 1.80000007
v -3.79592919 0.57499999 1.80000007
v -2.22499990 -0.99592924 1.80000007
v -3.75017452 0.64781809 1.80000007
v -2.15218186 -0.95017457 1.80000007
v -3.69910622 0.71701330 1.80000007
v -2.08298683 -0.89910620 1.80000007
v -3.64300966 0.78219867 1.80000007
v -2.01780128 -0.84300965 1.80000007
v -3.58219862 0.84300965 1.80000007
v -1.95699036 -0.78219867 1.80000007
v -3.51701331 0.89910620 1.80000007
v -1.90089381 -0.71701330 1.80000007
v -1.84982538 -0.64781809 1.80000007
v -3.44781804 0.95017457 1.80000007
v -1.80407083 -0.57499999 1.80000007
v -3.37500000 0.99592924 1.80000007
v -1.76388586 -0.49896631 1.80000007
v -3.29896641 1.03611422 1.80000007
v -1.72949517 -0.42014217 1.80000007
v -3.22014213 1.07050478 1.80000007
v -1.70109129 -0.33896846 1.80000007
v -3.13896847 1.09890878 1.80000007
v -1.67883289 -0.25589907 1.80000007
v -3.05589914 1.12116706 1.80000007
v -1.66284454 -0.17139861 1.80000007
v -2.97139859 1.13715541 1.80000007
v -1.65321565 -0.08593961 1.80000007
v -2.88593960 1.14678442 1.80000007
v -1.64999998 -0.00000000 1.80000007
v -2.79999995 1.14999998 1.80000007
v -2.71406031 1.14678442 1.80000007
v -1.65321565 0.08593961 1.80000007
v -2.62860131 1.13715541 1.80000007
v -1.66284454 0.17139861 1.80000007
v -2.54410100 1.12116706 1.80000007
v -1.67883289 0.25589907 1.80000007
v -2.46103144 1.09890878 1.80000007
v -1.70109129 0.33896846 1.80000007
v -2.37985778 1.07050478 1.80000007
v -1.72949517 0.42014217 1.80000007
v -2.30103374 1.03611422 1.80000007
v -1.76388586 0.49896631 1.80000007
v -2.22499990 0.99592924 1.80000007
v -1.80407083 0.57499999 1.80000007
v -2.15218186 0.95017457 1.80000007
v -1.84982538 0.64781809 1.80000007
v -2.08298683 0.89910620 1.80000007
v -1.90089381 0.71701330 1.80000007
v -2.01780128 0.84300965 1.80000007
v -1.95699036 0.78219867 1.80000007
v -31.58219910 -0.84300965 1.80000007
v -31.64300919 -0.78219867 1.80000007
v -31.51701355 -0.89910620 1.80000007
v -31.69910622 -0.71701330 1.80000007
v -31.44781876 -0.95017457 1.80000007
v -31.75017548 -0.64781809 1.80000007
v -31.37500000 -0.99592924 1.80000007
v -31.79592896 -0.57499999 1.80000007
v -31.29896545 -1.03611422 1.80000007
v -31.83611488 -0.49896631 1.80000007
v -31.22014236 -1.07050478 1.80000007
v -31.87050438 -0.42014217 1.80000007
v -31.13896751 -1.09890878 1.80000007
v -31.89890862 -0.33896846 1.80000007
v -31.05589867 -1.12116706 1.80000007
v -31.92116737 -0.25589907 1.80000007
v -30.97139931 -1.13715541 1.80000007
v -31.93715477 -0.17139861 1.80000007
v -30.88594055 -1.14678442 1.80000007
v -31.94678497 -0.08593961 1.80000007
v -30.79999924 -1.14999998 1.80000007
v -31.95000076 0.00000000 1.80000007
v -30.71405983 -1.14678442 1.80000007
v -31.94678497 0.08593961 1.80000007
v -30.62860107 -1.13715541 1.80000007
v -31.93715477 0.17139861 1.80000007
v -30.54410172 -1.12116706 1.80000007
v -31.92116737 0.25589907 1.80000007
v -31.89890862 0.33896846 1.80000007
v -30.46103096 -1.09890878 1.80000007
v -31.87050438 0.42014217 1.80000007
v -30.37985802 -1.07050478 1.80000007
v -31.83611488 0.49896631 1.80000007
v -30.30103302 -1.03611422 1.80000007
v -31.79592896 0.57499999 1.80000007
v -30.22500038 -0.99592924 1.80000007
v -31.75017548 0.64781809 1.80000007
v -30.15218163 -0.95017457 1.80000007
v -31.69910622 0.71701330 1.80000007
v -30.08298683 -0.89910620 1.80000007
v -31.64300919 0.78219867 1.80000007
v -30.01780128 -0.84300965 1.80000007
v -29.95699120 -0.78219867 1.80000007
v -31.58219910 0.84300965 1.80000007
v -29.90089417 -0.71701330 1.80000007
v -31.51701355 0.89910620 1.80000007
v -29.84982491 -0.64781809 1.80000007
v -31.44781876 0.95017457 1.80000007
v -29.80407143 -0.57499999 1.80000007
v -31.37500000 0.99592924 1.80000007
v -29.76388550 -0.49896631 1.80000007
v -31.29896545 1.03611422 1.80000007
v -29.72949600 -0.42014217 1.80000007
v -31.22014236 1.07050478 1.80000007
v -29.70109177 -0.33896846 1.80000007
v -29.67883301 -0.25589907 1.80000007
v -29.66284370 -0.17139861 1.80000007
v -29.65321541 -0.08593961 1.80000007
v -29.64999962 -0.00000000 1.80000007
v -31.13896751 1.09890878 1.80000007
v -31.05589867 1.12116706 1.80000007
v -30.97139931 1.13715541 1.80000007
v -30.88594055 1.14678442 1.80000007
v -30.79999924 1.14999998 1.80000007
v -30.71405983 1.14678442 1.80000007
v -30.62860107 1.13715541 1.80000007
v -30.54410172 1.12116706 1.80000007
v -30.46103096 1.09890878 1.80000007
v -29.65321541 0.08593961 1.80000007
v -29.66284370 0.17139861 1.80000007
v -29.67883301 0.25589907 1.80000007
v -29.70109177 0.33896846 1.80000007
v -29.72949600 0.42014217 1.80000007
v -30.37985802 1.07050478 1.80000007
v -29.76388550 0.49896631 1.80000007
v -30.30103302 1.03611422 1.80000007
v -29.80407143 0.57499999 1.80000007
v -30.22500038 0.99592924 1.80000007
v -29.84982491 0.64781809 1.80000007
v -30.15218163 0.95017457 1.80000007
v -29.90089417 0.71701330 1.80000007
v -30.08298683 0.89910620 1.80000007
v -29.95699120 0.78219867 1.80000007
v -30.01780128 0.84300965 1.80000007
v -19.79999924 -19.99776268 5.25978422
v -19.79999924 -19.99106407 5.31923389
v -19.79999924 -19.97994232 5.37801695
v -19.79999924 -19.96445847 5.43580437
v -19.79999924 -19.94469833 5.49227285
v -19.79999924 -19.92077446 5.54710722
v -19.79999924 -19.89282036 5.59999990
v -19.79999924 -19.86099052 5.65065622
v -19.79999924 -19.82546425 5.69879198
v -19.79999924 -19.78644180 5.74413824
v -19.79999924 -19.74413872 5.78644180
v -19.79999924 -19.69879150 5.82546520
v -19.79999924 -19.65065575 5.86099100
v -19.79999924 -19.60000038 5.89282036
v -19.79999924 -19.54710770 5.92077541
v -19.79999924 -19.49227333 5.94469929
v -19.79999924 -19.43580437 5.96445847
v -19.79999924 -19.37801743 5.97994232
v -19.79999924 -19.31923294 5.99106455
v -19.79999924 -19.25978470 5.99776316
v -37.79776382 -2.00000000 5.25978422
v -37.79776382 2.00000000 5.25978422
v -37.79106522 -2.00000000 5.31923389
v -37.79106522 2.00000000 5.31923389
v -37.77994156 -2.00000000 5.37801695
v -37.77994156 2.00000000 5.37801695
v -37.76445770 -2.00000000 5.43580437
v -37.76445770 2.00000000 5.43580437
v -37.74469757 -2.00000000 5.49227285
v -37.74469757 2.00000000 5.49227285
v -37.72077560 -2.00000000 5.54710722
v -37.72077560 2.00000000 5.54710722
v -37.69282150 -2.00000000 5.59999990
v -37.69282150 2.00000000 5.59999990
v -37.66099167 -2.00000000 5.65065622
v -37.66099167 2.00000000 5.65065622
v -37.62546539 -2.00000000 5.69879198
v -37.62546539 2.00000000 5.69879198
v -37.58644104 -2.00000000 5.74413824
v -37.58644104 2.00000000 5.74413824
v -37.54413986 -2.00000000 5.78644180
v -37.54413986 2.00000000 5.78644180
v -37.49879074 -2.00000000 5.82546520
v -37.49879074 2.00000000 5.82546520
v -37.45065689 -2.00000000 5.86099100
v -37.45065689 2.00000000 5.86099100
v -37.40000153 -2.00000000 5.89282036
v -37.40000153 2.00000000 5.89282036
v -37.34710693 -2.00000000 5.92077541
v -37.34710693 2.00000000 5.92077541
v -37.29227448 -2.00000000 5.94469929
v -37.29227448 2.00000000 5.94469929
v -37.23580551 -2.00000000 5.96445847
v -37.23580551 2.00000000 5.96445847
v -37.17801666 -2.00000000 5.97994232
v -37.17801666 2.00000000 5.97994232
v -37.11923218 -2.00000000 5.99106455
v -37.11923218 2.00000000 5.99106455
v -37.05978394 -2.00000000 5.99776316
v -37.05978394 2.00000000 5.99776316
v -21.14497375 19.94743729 5.25978422
v -19.79999924 19.99776268 5.25978422
v -21.14447403 19.94075775 5.31923389
v -19.79999924 19.99106407 5.31923389
v -21.14364243 19.92966652 5.37801695
v -19.79999924 19.97994232 5.37801695
v -21.14248657 19.91422653 5.43580437
v -19.79999924 19.96445847 5.43580437
v -21.14100838 19.89452171 5.49227285
v -19.79999924 19.94469833 5.49227285
v -21.13922119 19.87066460 5.54710722
v -19.79999924 19.92077446 5.54710722
v -21.13713264 19.84278870 5.59999990
v -19.79999924 19.89282036 5.59999990
v -21.13475418 19.81104851 5.65065622
v -19.79999924 19.86099052 5.65065622
v -21.13209915 19.77562141 5.69879198
v -19.79999924 19.82546425 5.69879198
v -21.12918282 19.73670769 5.74413824
v -19.79999924 19.78644180 5.74413824
v -21.12602043 19.69452286 5.78644180
v -19.79999924 19.74413872 5.78644180
v -21.12263298 19.64930153 5.82546520
v -19.79999924 19.69879150 5.82546520
v -21.11903572 19.60130119 5.86099100
v -19.79999924 19.65065575 5.86099100
v -21.11524963 19.55078697 5.89282036
v -19.79999924 19.60000038 5.89282036
v -21.11129761 19.49804115 5.92077541
v -19.79999924 19.54710770 5.92077541
v -21.10719872 19.44336128 5.94469929
v -19.79999924 19.49227333 5.94469929
v -21.10297966 19.38705063 5.96445847
v -19.79999924 19.43580437 5.96445847
v -21.09866142 19.32942390 5.97994232
v -19.79999924 19.37801743 5.97994232
v -21.09426880 19.27080536 5.99106455
v -19.79999924 19.31923294 5.99106455
v -21.08982468 19.21152306 5.99776316
v -19.79999924 19.25978470 5.99776316
v -22.48242760 19.79674339 5.25978422
v -22.48142815 19.79011917 5.31923389
v -22.47977066 19.77912140 5.37801695
v -22.47746277 19.76380920 5.43580437
v -22.47451782 19.74427223 5.49227285
v -22.47095299 19.72061539 5.54710722
v -22.46678734 19.69297218 5.59999990
v -22.46204185 19.66149902 5.65065622
v -22.45674706 19.62636948 5.69879198
v -22.45093155 19.58778191 5.74413824
v -22.44462585 19.54594994 5.78644180
v -22.43786812 19.50111008 5.82546520
v -22.43069458 19.45351219 5.86099100
v -22.42314339 19.40342331 5.89282036
v -22.41526031 19.35112000 5.92077541
v -22.40708733 19.29689789 5.94469929
v -22.39867210 19.24106026 5.96445847
v -22.39005852 19.18391800 5.97994232
v -22.38129807 19.12579155 5.99106455
v -22.37243652 19.06700706 5.99776316
v -23.80487823 19.54652214 5.25978422
v -23.80338860 19.53999138 5.31923389
v -23.80091286 19.52914810 5.37801695
v -23.79746819 19.51405144 5.43580437
v -23.79307175 19.49478722 5.49227285
v -23.78774834 19.47146416 5.54710722
v -23.78152657 19.44421005 5.59999990
v -23.77444458 19.41317940 5.65065622
v -23.76653862 19.37854385 5.69879198
v -23.75785637 19.34049797 5.74413824
v -23.74844170 19.29925537 5.78644180
v -23.73835182 19.25504684 5.82546520
v -23.72764015 19.20811653 5.86099100
v -23.71636772 19.15873146 5.89282036
v -23.70459938 19.10716438 5.92077541
v -23.69239616 19.05370522 5.94469929
v -23.67983055 18.99865150 5.96445847
v -23.66697311 18.94231415 5.97994232
v -23.65389252 18.88500404 5.99106455
v -23.64066315 18.82704544 5.99776316
v -25.10493469 19.19817352 5.25978422
v -25.10295868 19.19177246 5.31923389
v -25.09968185 19.18114471 5.37801695
v -25.09511757 19.16634750 5.43580437
v -25.08929253 19.14746666 5.49227285
v -25.08224106 19.12460518 5.54710722
v -25.07400131 19.09789276 5.59999990
v -25.06461906 19.06747818 5.65065622
v -25.05414772 19.03352928 5.69879198
v -25.04264641 18.99624062 5.74413824
v -25.03017616 18.95581627 5.78644180
v -25.01681137 18.91248512 5.82546520
v -25.00262260 18.86648750 5.86099100
v -24.98769188 18.81808090 5.89282036
v -24.97210121 18.76753807 5.92077541
v -24.95593834 18.71513939 5.94469929
v -24.93929291 18.66118050 5.96445847
v -24.92226028 18.60596085 5.97994232
v -24.90493393 18.54978943 5.99106455
v -24.88741112 18.49298096 5.99776316
v -26.37532043 18.75364494 5.25978422
v -26.37287331 18.74740982 5.31923389
v -26.36881065 18.73705673 5.37801695
v -26.36315346 18.72264290 5.43580437
v -26.35593414 18.70424843 5.49227285
v -26.34719467 18.68197823 5.54710722
v -26.33698082 18.65595627 5.59999990
v -26.32535362 18.62632751 5.65065622
v -26.31237411 18.59325790 5.69879198
v -26.29811668 18.55693054 5.74413824
v -26.28266144 18.51755333 5.78644180
v -26.26609421 18.47533989 5.82546520
v -26.24850845 18.43053246 5.86099100
v -26.23000145 18.38337708 5.89282036
v -26.21067810 18.33414078 5.92077541
v -26.19064522 18.28309822 5.94469929
v -26.17001534 18.23053169 5.96445847
v -26.14890289 18.17673874 5.97994232
v -26.12742615 18.12202072 5.99106455
v -26.10570717 18.06667900 5.99776316
v -27.60893631 18.21542358 5.25978422
v -27.60602951 18.20938873 5.31923389
v -27.60120392 18.19936752 5.37801695
v -27.59448624 18.18541718 5.43580437
v -27.58591270 18.16761589 5.49227285
v -27.57553291 18.14606094 5.54710722
v -27.56340408 18.12087440 5.59999990
v -27.54959297 18.09219742 5.65065622
v -27.53417969 18.06018829 5.69879198
v -27.51724815 18.02503014 5.74413824
v -27.49889374 17.98691559 5.78644180
v -27.47921753 17.94606018 5.82546520
v -27.45833206 17.90269089 5.86099100
v -27.43635368 17.85705185 5.89282036
v -27.41340446 17.80939674 5.92077541
v -27.38961220 17.75999260 5.94469929
v -27.36511230 17.70911598 5.96445847
v -27.34003830 17.65705299 5.97994232
v -27.31453323 17.60408974 5.99106455
v -27.28874016 17.55052757 5.99776316
v -28.79888153 17.58651924 5.25978422
v -28.79553223 17.58071899 5.31923389
v -28.78997040 17.57108688 5.37801695
v -28.78222847 17.55767632 5.43580437
v -28.77235031 17.54056549 5.49227285
v -28.76038742 17.51984596 5.54710722
v -28.74641037 17.49563789 5.59999990
v -28.73049545 17.46807289 5.65065622
v -28.71273232 17.43730545 5.69879198
v -28.69322014 17.40351105 5.74413824
v -28.67206955 17.36687469 5.78644180
v -28.64939499 17.32760429 5.82546520
v -28.62532806 17.28591728 5.86099100
v -28.60000038 17.24204636 5.89282036
v -28.57355309 17.19623947 5.92077541
v -28.54613686 17.14875221 5.94469929
v -28.51790237 17.09984970 5.96445847
v -28.48900795 17.04980469 5.97994232
v -28.45961761 16.99889565 5.99106455
v -28.42989159 16.94741058 5.99776316
v -29.93850136 16.87044907 5.25978422
v -29.93472672 16.86491585 5.31923389
v -29.92846298 16.85572624 5.37801695
v -29.91973877 16.84293175 5.43580437
v -29.90860939 16.82660675 5.49227285
v -29.89513206 16.80683899 5.54710722
v -29.87938499 16.78374100 5.59999990
v -29.86145401 16.75744247 5.65065622
v -29.84144211 16.72809029 5.69879198
v -29.81945992 16.69584846 5.74413824
v -29.79562950 16.66089439 5.78644180
v -29.77008438 16.62342834 5.82546520
v -29.74296951 16.58365631 5.86099100
v -29.71443367 16.54180336 5.89282036
v -29.68463707 16.49810028 5.92077541
v -29.65374756 16.45279312 5.94469929
v -29.62193871 16.40613747 5.96445847
v -29.58938599 16.35839081 5.97994232
v -29.55627251 16.30982208 5.99106455
v -29.52278328 16.26070213 5.99776316
v -31.02142143 16.07121849 5.25978422
v -31.01724625 16.06598091 5.31923389
v -31.01031113 16.05728531 5.37801695
v -31.00065613 16.04517937 5.43580437
v -30.98833656 16.02972984 5.49227285
v -30.97342110 16.01102638 5.54710722
v -30.95599174 15.98917007 5.59999990
v -30.93614578 15.96428490 5.65065622
v -30.91399574 15.93651009 5.69879198
v -30.88966560 15.90600014 5.74413824
v -30.86328888 15.87292576 5.78644180
v -30.83501625 15.83747292 5.82546520
v -30.80500412 15.79983902 5.86099100
v -30.77342033 15.76023388 5.89282036
v -30.74044228 15.71888065 5.92077541
v -30.70625305 15.67600918 5.94469929
v -30.67104530 15.63186073 5.96445847
v -30.63501549 15.58668041 5.97994232
v -30.59836578 15.54072189 5.99106455
v -30.56130028 15.49424267 5.99776316
v -32.04158783 15.19329357 5.25978422
v -32.03703308 15.18838406 5.31923389
v -32.02946472 15.18023014 5.37801695
v -32.01893616 15.16887951 5.43580437
v -32.00549316 15.15439510 5.49227285
v -31.98922348 15.13685799 5.54710722
v -31.97020912 15.11636543 5.59999990
v -31.94855881 15.09303284 5.65065622
v -31.92439461 15.06699085 5.69879198
v -31.89785194 15.03838444 5.74413824
v -31.86907959 15.00737381 5.78644180
v -31.83823586 14.97413254 5.82546520
v -31.80549431 14.93884659 5.86099100
v -31.77103996 14.90171337 5.89282036
v -31.73506355 14.86293983 5.92077541
v -31.69776726 14.82274342 5.94469929
v -31.65935898 14.78134918 5.96445847
v -31.62005234 14.73898792 5.97994232
v -31.58007050 14.69589710 5.99106455
v -31.53963470 14.65231705 5.99776316
v -32.99329376 14.24158764 5.25978422
v -32.98838425 14.23703194 5.31923389
v -32.98023224 14.22946644 5.37801695
v -32.96887970 14.21893501 5.43580437
v -32.95439529 14.20549488 5.49227285
v -32.93685913 14.18922234 5.54710722
v -32.91636658 14.17020893 5.59999990
v -32.89303207 14.14855957 5.65065622
v -32.86698914 14.12439537 5.69879198
v -32.83838272 14.09785271 5.74413824
v -32.80737305 14.06907940 5.78644180
v -32.77413177 14.03823566 5.82546520
v -32.73884583 14.00549507 5.86099100
v -32.70171356 13.97103977 5.89282036
v -32.66294098 13.93506336 5.92077541
v -32.62274170 13.89776707 5.94469929
v -32.58134842 13.85935879 5.96445847
v -32.53898621 13.82005310 5.97994232
v -32.49589539 13.78007030 5.99106455
v -32.45231628 13.73963451 5.99776316
v -33.87121964 13.22142124 5.25978422
v -33.86598206 13.21724510 5.31923389
v -33.85728455 13.21031094 5.37801695
v -33.84518051 13.20065689 5.43580437
v -33.82973099 13.18833637 5.49227285
v -33.81102753 13.17342091 5.54710722
v -33.78916931 13.15599060 5.59999990
v -33.76428604 13.13614559 5.65065622
v -33.73651123 13.11399555 5.69879198
v -33.70600128 13.08966446 5.74413824
v -33.67292404 13.06328964 5.78644180
v -33.63747406 13.03501606 5.82546520
v -33.59983826 13.00500393 5.86099100
v -33.56023407 12.97342014 5.89282036
v -33.51887894 12.94044209 5.92077541
v -33.47600937 12.90625381 5.94469929
v -33.43186188 12.87104607 5.96445847
v -33.38668060 12.83501625 5.97994232
v -33.34072113 12.79836559 5.99106455
v -33.29424286 12.76129913 5.99776316
v -34.67044830 12.13850117 5.25978422
v -34.66491699 12.13472748 5.31923389
v -34.65572739 12.12846184 5.37801695
v -34.64293289 12.11973953 5.43580437
v -34.62660599 12.10860920 5.49227285
v -34.60683823 12.09513187 5.54710722
v -34.58374023 12.07938480 5.59999990
v -34.55744171 12.06145477 5.65065622
v -34.52809143 12.04144192 5.69879198
v -34.49584579 12.01945972 5.74413824
v -34.46089554 11.99562931 5.78644180
v -34.42342758 11.97008419 5.82546520
v -34.38365555 11.94296837 5.86099100
v -34.34180069 11.91443348 5.89282036
v -34.29809952 11.88463688 5.92077541
v -34.25279236 11.85374832 5.94469929
v -34.20613861 11.82193851 5.96445847
v -34.15839005 11.78938580 5.97994232
v -34.10982132 11.75627136 5.99106455
v -34.06070328 11.72278214 5.99776316
v -35.38652039 10.99888134 5.25978422
v -35.38071823 10.99553204 5.31923389
v -35.37108612 10.98997116 5.37801695
v -35.35767746 10.98222923 5.43580437
v -35.34056473 10.97234917 5.49227285
v -35.31984711 10.96038723 5.54710722
v -35.29563522 10.94641018 5.59999990
v -35.26807022 10.93049526 5.65065622
v -35.23730469 10.91273212 5.69879198
v -35.20351028 10.89322090 5.74413824
v -35.16687393 10.87206936 5.78644180
v -35.12760162 10.84939575 5.82546520
v -35.08591843 10.82532787 5.86099100
v -35.04204559 10.80000019 5.89282036
v -34.99623871 10.77355385 5.92077541
v -34.94875336 10.74613667 5.94469929
v -34.89984894 10.71790218 5.96445847
v -34.84980392 10.68900871 5.97994232
v -34.79889679 10.65961647 5.99106455
v -34.74740982 10.62989235 5.99776316
v -36.01542282 9.80893707 5.25978422
v -36.00938797 9.80603027 5.31923389
v -35.99936676 9.80120468 5.37801695
v -35.98541641 9.79448605 5.43580437
v -35.96761703 9.78591347 5.49227285
v -35.94606018 9.77553272 5.54710722
v -35.92087555 9.76340389 5.59999990
v -35.89219666 9.74959373 5.65065622
v -35.86018753 9.73417950 5.69879198
v -35.82503128 9.71724796 5.74413824
v -35.78691483 9.69889259 5.78644180
v -35.74605942 9.67921829 5.82546520
v -35.70269012 9.65833282 5.86099100
v -35.65705109 9.63635349 5.89282036
v -35.60939789 9.61340427 5.92077541
v -35.55999374 9.58961296 5.94469929
v -35.50911713 9.56511211 5.96445847
v -35.45705032 9.54003906 5.97994232
v -35.40409088 9.51453400 5.99106455
v -35.35052872 9.48873997 5.99776316
v -36.55364609 8.57532120 5.25978422
v -36.54740906 8.57287407 5.31923389
v -36.53705597 8.56881046 5.37801695
v -36.52264404 8.56315327 5.43580437
v -36.50424957 8.55593491 5.49227285
v -36.48197937 8.54719448 5.54710722
v -36.45595551 8.53698158 5.59999990
v -36.42632675 8.52535248 5.65065622
v -36.39325714 8.51237392 5.69879198
v -36.35692978 8.49811649 5.74413824
v -36.31755066 8.48266125 5.78644180
v -36.27534103 8.46609497 5.82546520
v -36.23053360 8.44850922 5.86099100
v -36.18337631 8.43000221 5.89282036
v -36.13414001 8.41067791 5.92077541
v -36.08309937 8.39064503 5.94469929
v -36.03053284 8.37001419 5.96445847
v -35.97673798 8.34890270 5.97994232
v -35.92201996 8.32742691 5.99106455
v -35.86668015 8.30570698 5.99776316
v -36.99817276 7.30493355 5.25978422
v -36.99177170 7.30295944 5.31923389
v -36.98114395 7.29968119 5.37801695
v -36.96634674 7.29511690 5.43580437
v -36.94746780 7.28929281 5.49227285
v -36.92460632 7.28224134 5.54710722
v -36.89789200 7.27400160 5.59999990
v -36.86747742 7.26461935 5.65065622
v -36.83353043 7.25414801 5.69879198
v -36.79623795 7.24264574 5.74413824
v -36.75581741 7.23017645 5.78644180
v -36.71248245 7.21681070 5.82546520
v -36.66648865 7.20262241 5.86099100
v -36.61808014 7.18769121 5.89282036
v -36.56753922 7.17210054 5.92077541
v -36.51514053 7.15593815 5.94469929
v -36.46118164 7.13929367 5.96445847
v -36.40596008 7.12226057 5.97994232
v -36.34978867 7.10493374 5.99106455
v -36.29298019 7.08741045 5.99776316
v -37.34652328 6.00487900 5.25978422
v -37.33999252 6.00338840 5.31923389
v -37.32914734 6.00091362 5.37801695
v -37.31405258 5.99746799 5.43580437
v -37.29478836 5.99307108 5.49227285
v -37.27146530 5.98774767 5.54710722
v -37.24420929 5.98152685 5.59999990
v -37.21318054 5.97444439 5.65065622
v -37.17854309 5.96653938 5.69879198
v -37.14049911 5.95785570 5.74413824
v -37.09925461 5.94844198 5.78644180
v -37.05504608 5.93835163 5.82546520
v -37.00811768 5.92764044 5.86099100
v -36.95873260 5.91636848 5.89282036
v -36.90716553 5.90459871 5.92077541
v -36.85370636 5.89239693 5.94469929
v -36.79865265 5.87983131 5.96445847
v -36.74231339 5.86697245 5.97994232
v -36.68500519 5.85389185 5.99106455
v -36.62704468 5.84066343 5.99776316
v -37.59674454 4.68242741 5.25978422
v -37.59011841 4.68142891 5.31923389
v -37.57912064 4.67977142 5.37801695
v -37.56380844 4.67746353 5.43580437
v -37.54427338 4.67451859 5.49227285
v -37.52061462 4.67095280 5.54710722
v -37.49297333 4.66678667 5.59999990
v -37.46149826 4.66204262 5.65065622
v -37.42636871 4.65674782 5.69879198
v -37.38778305 4.65093136 5.74413824
v -37.34595108 4.64462662 5.78644180
v -37.30110931 4.63786793 5.82546520
v -37.25351334 4.63069391 5.86099100
v -37.20342255 4.62314367 5.89282036
v -37.15111923 4.61526060 5.92077541
v -37.09689713 4.60708809 5.94469929
v -37.04106140 4.59867191 5.96445847
v -36.98391724 4.59005880 5.97994232
v -36.92579269 4.58129787 5.99106455
v -36.86700821 4.57243729 5.99776316
v -37.74743652 3.34497452 5.25978422
v -37.74075699 3.34447384 5.31923389
v -37.72966766 3.34364271 5.37801695
v -37.71422577 3.34248567 5.43580437
v -37.69452286 3.34100914 5.49227285
v -37.67066574 3.33922124 5.54710722
v -37.64278793 3.33713222 5.59999990
v -37.61104965 3.33475351 5.65065622
v -37.57562256 3.33209872 5.69879198
v -37.53670883 3.32918239 5.74413824
v -37.49452209 3.32602119 5.78644180
v -37.44930267 3.32263231 5.82546520
v -37.40130234 3.31903529 5.86099100
v -37.35078812 3.31524968 5.89282036
v -37.29804230 3.31129694 5.92077541
v -37.24336243 3.30719924 5.94469929
v -37.18704987 3.30297923 5.96445847
v -37.12942505 3.29866076 5.97994232
v -37.07080460 3.29426789 5.99106455
v -37.01152039 3.28982520 5.99776316
v -37.74743652 -3.34497452 5.25978422
v -37.74075699 -3.34447384 5.31923389
v -37.72966766 -3.34364271 5.37801695
v -37.71422577 -3.34248567 5.43580437
v -37.69452286 -3.34100914 5.49227285
v -37.67066574 -3.33922124 5.54710722
v -37.64278793 -3.33713222 5.59999990
v -37.61104965 -3.33475351 5.65065622
v -37.57562256 -3.33209872 5.69879198
v -37.53670883 -3.32918239 5.74413824
v -37.49452209 -3.32602119 5.78644180
v -37.44930267 -3.32263231 5.82546520
v -37.40130234 -3.31903529 5.86099100
v -37.35078812 -3.31524968 5.89282036
v -37.29804230 -3.31129694 5.92077541
v -37.24336243 -3.30719924 5.94469929
v -37.18704987 -3.30297923 5.96445847
v -37.12942505 -3.29866076 5.97994232
v -37.07080460 -3.29426789 5.99106455
v -37.01152039 -3.28982520 5.99776316
v -37.59674454 -4.68242741 5.25978422
v -37.59011841 -4.68142891 5.31923389
v -37.57912064 -4.67977142 5.37801695
v -37.56380844 -4.67746353 5.43580437
v -37.54427338 -4.67451859 5.49227285
v -37.52061462 -4.67095280 5.54710722
v -37.49297333 -4.66678667 5.59999990
v -37.46149826 -4.66204262 5.65065622
v -37.42636871 -4.65674782 5.69879198
v -37.38778305 -4.65093136 5.74413824
v -37.34595108 -4.64462662 5.78644180
v -37.30110931 -4.63786793 5.82546520
v -37.25351334 -4.63069391 5.86099100
v -37.20342255 -4.62314367 5.89282036
v -37.15111923 -4.61526060 5.92077541
v -37.09689713 -4.60708809 5.94469929
v -37.04106140 -4.59867191 5.96445847
v -36.98391724 -4.59005880 5.97994232
v -36.92579269 -4.58129787 5.99106455
v -36.86700821 -4.57243729 5.99776316
v -37.34652328 -6.00487900 5.25978422
v -37.33999252 -6.00338840 5.31923389
v -37.32914734 -6.00091362 5.37801695
v -37.31405258 -5.99746799 5.43580437
v -37.29478836 -5.99307108 5.49227285
v -37.27146530 -5.98774767 5.54710722
v -37.24420929 -5.98152685 5.59999990
v -37.21318054 -5.97444439 5.65065622
v -37.17854309 -5.96653938 5.69879198
v -37.14049911 -5.95785570 5.74413824
v -37.09925461 -5.94844198 5.78644180
v -37.05504608 -5.93835163 5.82546520
v -37.00811768 -5.92764044 5.86099100
v -36.95873260 -5.91636848 5.89282036
v -36.90716553 -5.90459871 5.92077541
v -36.85370636 -5.89239693 5.94469929
v -36.79865265 -5.87983131 5.96445847
v -36.74231339 -5.86697245 5.97994232
v -36.68500519 -5.85389185 5.99106455
v -36.62704468 -5.84066343 5.99776316
v -36.99817276 -7.30493355 5.25978422
v -36.99177170 -7.30295944 5.31923389
v -36.98114395 -7.29968119 5.37801695
v -36.96634674 -7.29511690 5.43580437
v -36.94746780 -7.28929281 5.49227285
v -36.92460632 -7.28224134 5.54710722
v -36.89789200 -7.27400160 5.59999990
v -36.86747742 -7.26461935 5.65065622
v -36.83353043 -7.25414801 5.69879198
v -36.79623795 -7.24264574 5.74413824
v -36.75581741 -7.23017645 5.78644180
v -36.71248245 -7.21681070 5.82546520
v -36.66648865 -7.20262241 5.86099100
v -36.61808014 -7.18769121 5.89282036
v -36.56753922 -7.17210054 5.92077541
v -36.51514053 -7.15593815 5.94469929
v -36.46118164 -7.13929367 5.96445847
v -36.40596008 -7.12226057 5.97994232
v -36.34978867 -7.10493374 5.99106455
v -36.29298019 -7.08741045 5.99776316
v -36.55364609 -8.57532120 5.25978422
v -36.54740906 -8.57287407 5.31923389
v -36.53705597 -8.56881046 5.37801695
v -36.52264404 -8.56315327 5.43580437
v -36.50424957 -8.55593491 5.49227285
v -36.48197937 -8.54719448 5.54710722
v -36.45595551 -8.53698158 5.59999990
v -36.42632675 -8.52535248 5.65065622
v -36.39325714 -8.51237392 5.69879198
v -36.35692978 -8.49811649 5.74413824
v -36.31755066 -8.48266125 5.78644180
v -36.27534103 -8.46609497 5.82546520
v -36.23053360 -8.44850922 5.86099100
v -36.18337631 -8.43000221 5.89282036
v -36.13414001 -8.41067791 5.92077541
v -36.08309937 -8.39064503 5.94469929
v -36.03053284 -8.37001419 5.96445847
v -35.97673798 -8.34890270 5.97994232
v -35.92201996 -8.32742691 5.99106455
v -35.86668015 -8.30570698 5.99776316
v -36.01542282 -9.80893707 5.25978422
v -36.00938797 -9.80603027 5.31923389
v -35.99936676 -9.80120468 5.37801695
v -35.98541641 -9.79448605 5.43580437
v -35.96761703 -9.78591347 5.49227285
v -35.94606018 -9.77553272 5.54710722
v -35.92087555 -9.76340389 5.59999990
v -35.89219666 -9.74959373 5.65065622
v -35.86018753 -9.73417950 5.69879198
v -35.82503128 -9.71724796 5.74413824
v -35.78691483 -9.69889259 5.78644180
v -35.74605942 -9.67921829 5.82546520
v -35.70269012 -9.65833282 5.86099100
v -35.65705109 -9.63635349 5.89282036
v -35.60939789 -9.61340427 5.92077541
v -35.55999374 -9.58961296 5.94469929
v -35.50911713 -9.56511211 5.96445847
v -35.45705032 -9.54003906 5.97994232
v -35.40409088 -9.51453400 5.99106455
v -35.35052872 -9.48873997 5.99776316
v -35.38652039 -10.99888134 5.25978422
v -35.38071823 -10.99553204 5.31923389
v -35.37108612 -10.98997116 5.37801695
v -35.35767746 -10.98222923 5.43580437
v -35.34056473 -10.97234917 5.49227285
v -35.31984711 -10.96038723 5.54710722
v -35.29563522 -10.94641018 5.59999990
v -35.26807022 -10.93049526 5.65065622
v -35.23730469 -10.91273212 5.69879198
v -35.20351028 -10.89322090 5.74413824
v -35.16687393 -10.87206936 5.78644180
v -35.12760162 -10.84939575 5.82546520
v -35.08591843 -10.82532787 5.86099100
v -35.04204559 -10.80000019 5.89282036
v -34.99623871 -10.77355385 5.92077541
v -34.94875336 -10.74613667 5.94469929
v -34.89984894 -10.71790218 5.96445847
v -34.84980392 -10.68900871 5.97994232
v -34.79889679 -10.65961647 5.99106455
v -34.74740982 -10.62989235 5.99776316
v -34.67044830 -12.13850117 5.25978422
v -34.66491699 -12.13472748 5.31923389
v -34.65572739 -12.12846184 5.37801695
v -34.64293289 -12.11973953 5.43580437
v -34.62660599 -12.10860920 5.49227285
v -34.60683823 -12.09513187 5.54710722
v -34.58374023 -12.07938480 5.59999990
v -34.55744171 -12.06145477 5.65065622
v -34.52809143 -12.04144192 5.69879198
v -34.49584579 -12.01945972 5.74413824
v -34.46089554 -11.99562931 5.78644180
v -34.42342758 -11.97008419 5.82546520
v -34.38365555 -11.94296837 5.86099100
v -34.34180069 -11.91443348 5.89282036
v -34.29809952 -11.88463688 5.92077541
v -34.25279236 -11.85374832 5.94469929
v -34.20613861 -11.82193851 5.96445847
v -34.15839005 -11.78938580 5.97994232
v -34.10982132 -11.75627136 5.99106455
v -34.06070328 -11.72278214 5.99776316
v -33.87121964 -13.22142124 5.25978422
v -33.86598206 -13.21724510 5.31923389
v -33.85728455 -13.21031094 5.37801695
v -33.84518051 -13.20065689 5.43580437
v -33.82973099 -13.18833637 5.49227285
v -33.81102753 -13.17342091 5.54710722
v -33.78916931 -13.15599060 5.59999990
v -33.76428604 -13.13614559 5.65065622
v -33.73651123 -13.11399555 5.69879198
v -33.70600128 -13.08966446 5.74413824
v -33.67292404 -13.06328964 5.78644180
v -33.63747406 -13.03501606 5.82546520
v -33.59983826 -13.00500393 5.86099100
v -33.56023407 -12.97342014 5.89282036
v -33.51887894 -12.94044209 5.92077541
v -33.47600937 -12.90625381 5.94469929
v -33.43186188 -12.87104607 5.96445847
v -33.38668060 -12.83501625 5.97994232
v -33.34072113 -12.79836559 5.99106455
v -33.29424286 -12.76129913 5.99776316
v -32.99329376 -14.24158764 5.25978422
v -32.98838425 -14.23703194 5.31923389
v -32.98023224 -14.22946644 5.37801695
v -32.96887970 -14.21893501 5.43580437
v -32.95439529 -14.20549488 5.49227285
v -32.93685913 -14.18922234 5.54710722
v -32.91636658 -14.17020893 5.59999990
v -32.89303207 -14.14855957 5.65065622
v -32.86698914 -14.12439537 5.69879198
v -32.83838272 -14.09785271 5.74413824
v -32.80737305 -14.06907940 5.78644180
v -32.77413177 -14.03823566 5.82546520
v -32.73884583 -14.00549507 5.86099100
v -32.70171356 -13.97103977 5.89282036
v -32.66294098 -13.93506336 5.92077541
v -32.62274170 -13.89776707 5.94469929
v -32.58134842 -13.85935879 5.96445847
v -32.53898621 -13.82005310 5.97994232
v -32.49589539 -13.78007030 5.99106455
v -32.45231628 -13.73963451 5.99776316
v -32.04158783 -15.19329357 5.25978422
v -32.03703308 -15.18838406 5.31923389
v -32.02946472 -15.18023014 5.37801695
v -32.01893616 -15.16887951 5.43580437
v -32.00549316 -15.15439510 5.49227285
v -31.98922348 -15.13685799 5.54710722
v -31.97020912 -15.11636543 5.59999990
v -31.94855881 -15.09303284 5.65065622
v -31.92439461 -15.06699085 5.69879198
v -31.89785194 -15.03838444 5.74413824
v -31.86907959 -15.00737381 5.78644180
v -31.83823586 -14.97413254 5.82546520
v -31.80549431 -14.93884659 5.86099100
v -31.77103996 -14.90171337 5.89282036
v -31.73506355 -14.86293983 5.92077541
v -31.69776726 -14.82274342 5.94469929
v -31.65935898 -14.78134918 5.96445847
v -31.62005234 -14.73898792 5.97994232
v -31.58007050 -14.69589710 5.99106455
v -31.53963470 -14.65231705 5.99776316
v -31.02142143 -16.07121849 5.25978422
v -31.01724625 -16.06598091 5.31923389
v -31.01031113 -16.05728531 5.37801695
v -31.00065613 -16.04517937 5.43580437
v -30.98833656 -16.02972984 5.49227285
v -30.97342110 -16.01102638 5.54710722
v -30.95599174 -15.98917007 5.59999990
v -30.93614578 -15.96428490 5.65065622
v -30.91399574 -15.93651009 5.69879198
v -30.88966560 -15.90600014 5.74413824
v -30.86328888 -15.87292576 5.78644180
v -30.83501625 -15.83747292 5.82546520
v -30.80500412 -15.79983902 5.86099100
v -30.77342033 -15.76023388 5.89282036
v -30.74044228 -15.71888065 5.92077541
v -30.70625305 -15.67600918 5.94469929
v -30.67104530 -15.63186073 5.96445847
v -30.63501549 -15.58668041 5.97994232
v -30.59836578 -15.54072189 5.99106455
v -30.56130028 -15.49424267 5.99776316
v -29.93850136 -16.87044907 5.25978422
v -29.93472672 -16.86491585 5.31923389
v -29.92846298 -16.85572624 5.37801695
v -29.91973877 -16.84293175 5.43580437
v -29.90860939 -16.82660675 5.49227285
v -29.89513206 -16.80683899 5.54710722
v -29.87938499 -16.78374100 5.59999990
v -29.86145401 -16.75744247 5.65065622
v -29.84144211 -16.72809029 5.69879198
v -29.81945992 -16.69584846 5.74413824
v -29.79562950 -16.66089439 5.78644180
v -29.77008438 -16.62342834 5.82546520
v -29.74296951 -16.58365631 5.86099100
v -29.71443367 -16.54180336 5.89282036
v -29.68463707 -16.49810028 5.92077541
v -29.65374756 -16.45279312 5.94469929
v -29.62193871 -16.40613747 5.96445847
v -29.58938599 -16.35839081 5.97994232
v -29.55627251 -16.30982208 5.99106455
v -29.52278328 -16.26070213 5.99776316
v -28.79888153 -17.58651924 5.25978422
v -28.79553223 -17.58071899 5.31923389
v -28.78997040 -17.57108688 5.37801695
v -28.78222847 -17.55767632 5.43580437
v -28.77235031 -17.54056549 5.49227285
v -28.76038742 -17.51984596 5.54710722
v -28.74641037 -17.49563789 5.59999990
v -28.73049545 -17.46807289 5.65065622
v -28.71273232 -17.43730545 5.69879198
v -28.69322014 -17.40351105 5.74413824
v -28.67206955 -17.36687469 5.78644180
v -28.64939499 -17.32760429 5.82546520
v -28.62532806 -17.28591728 5.86099100
v -28.60000038 -17.24204636 5.89282036
v -28.57355309 -17.19623947 5.92077541
v -28.54613686 -17.14875221 5.94469929
v -28.51790237 -17.09984970 5.96445847
v -28.48900795 -17.04980469 5.97994232
v -28.45961761 -16.99889565 5.99106455
v -28.42989159 -16.94741058 5.99776316
v -27.60893631 -18.21542358 5.25978422
v -27.60602951 -18.20938873 5.31923389
v -27.60120392 -18.19936752 5.37801695
v -27.59448624 -18.18541718 5.43580437
v -27.58591270 -18.16761589 5.49227285
v -27.57553291 -18.14606094 5.54710722
v -27.56340408 -18.12087440 5.59999990
v -27.54959297 -18.09219742 5.65065622
v -27.53417969 -18.06018829 5.69879198
v -27.51724815 -18.02503014 5.74413824
v -27.49889374 -17.98691559 5.78644180
v -27.47921753 -17.94606018 5.82546520
v -27.45833206 -17.90269089 5.86099100
v -27.43635368 -17.85705185 5.89282036
v -27.41340446 -17.80939674 5.92077541
v -27.38961220 -17.75999260 5.94469929
v -27.36511230 -17.70911598 5.96445847
v -27.34003830 -17.65705299 5.97994232
v -27.31453323 -17.60408974 5.99106455
v -27.28874016 -17.55052757 5.99776316
v -26.37532043 -18.75364494 5.25978422
v -26.37287331 -18.74740982 5.31923389
v -26.36881065 -18.73705673 5.37801695
v -26.36315346 -18.72264290 5.43580437
v -26.35593414 -18.70424843 5.49227285
v -26.34719467 -18.68197823 5.54710722
v -26.33698082 -18.65595627 5.59999990
v -26.32535362 -18.62632751 5.65065622
v -26.31237411 -18.59325790 5.69879198
v -26.29811668 -18.55693054 5.74413824
v -26.28266144 -18.51755333 5.78644180
v -26.26609421 -18.47533989 5.82546520
v -26.24850845 -18.43053246 5.86099100
v -26.23000145 -18.38337708 5.89282036
v -26.21067810 -18.33414078 5.92077541
v -26.19064522 -18.28309822 5.94469929
v -26.17001534 -18.23053169 5.96445847
v -26.14890289 -18.17673874 5.97994232
v -26.12742615 -18.12202072 5.99106455
v -26.10570717 -18.06667900 5.99776316
v -25.10493469 -19.19817352 5.25978422
v -25.10295868 -19.19177246 5.31923389
v -25.09968185 -19.18114471 5.37801695
v -25.09511757 -19.16634750 5.43580437
v -25.08929253 -19.14746666 5.49227285
v -25.08224106 -19.12460518 5.54710722
v -25.07400131 -19.09789276 5.59999990
v -25.06461906 -19.06747818 5.65065622
v -25.05414772 -19.03352928 5.69879198
v -25.04264641 -18.99624062 5.74413824
v -25.03017616 -18.95581627 5.78644180
v -25.01681137 -18.91248512 5.82546520
v -25.00262260 -18.86648750 5.86099100
v -24.98769188 -18.81808090 5.89282036
v -24.97210121 -18.76753807 5.92077541
v -24.95593834 -18.71513939 5.94469929
v -24.93929291 -18.66118050 5.96445847
v -24.92226028 -18.60596085 5.97994232
v -24.90493393 -18.54978943 5.99106455
v -24.88741112 -18.49298096 5.99776316
v -23.80487823 -19.54652214 5.25978422
v -23.80338860 -19.53999138 5.31923389
v -23.80091286 -19.52914810 5.37801695
v -23.79746819 -19.51405144 5.43580437
v -23.79307175 -19.49478722 5.49227285
v -23.78774834 -19.47146416 5.54710722
v -23.78152657 -19.44421005 5.59999990
v -23.77444458 -19.41317940 5.65065622
v -23.76653862 -19.37854385 5.69879198
v -23.75785637 -19.34049797 5.74413824
v -23.74844170 -19.29925537 5.78644180
v -23.73835182 -19.25504684 5.82546520
v -23.72764015 -19.20811653 5.86099100
v -23.71636772 -19.15873146 5.89282036
v -23.70459938 -19.10716438 5.92077541
v -23.69239616 -19.05370522 5.94469929
v -23.67983055 -18.99865150 5.96445847
v -23.66697311 -18.94231415 5.97994232
v -23.65389252 -18.88500404 5.99106455
v -23.64066315 -18.82704544 5.99776316
v -22.48242760 -19.79674339 5.25978422
v -22.48142815 -19.79011917 5.31923389
v -22.47977066 -19.77912140 5.37801695
v -22.47746277 -19.76380920 5.43580437
v -22.47451782 -19.74427223 5.49227285
v -22.47095299 -19.72061539 5.54710722
v -22.46678734 -19.69297218 5.59999990
v -22.46204185 -19.66149902 5.65065622
v -22.45674706 -19.62636948 5.69879198
v -22.45093155 -19.58778191 5.74413824
v -22.44462585 -19.54594994 5.78644180
v -22.43786812 -19.50111008 5.82546520
v -22.43069458 -19.45351219 5.86099100
v -22.42314339 -19.40342331 5.89282036
v -22.41526031 -19.35112000 5.92077541
v -22.40708733 -19.29689789 5.94469929
v -22.39867210 -19.24106026 5.96445847
v -22.39005852 -19.18391800 5.97994232
v -22.38129807 -19.12579155 5.99106455
v -22.37243652 -19.06700706 5.99776316
v -21.14497375 -19.94743729 5.25978422
v -21.14447403 -19.94075775 5.31923389
v -21.14364243 -19.92966652 5.37801695
v -21.14248657 -19.91422653 5.43580437
v -21.14100838 -19.89452171 5.49227285
v -21.13922119 -19.87066460 5.54710722
v -21.13713264 -19.84278870 5.59999990
v -21.13475418 -19.81104851 5.65065622
v -21.13209915 -19.77562141 5.69879198
v -21.12918282 -19.73670769 5.74413824
v -21.12602043 -19.69452286 5.78644180
v -21.12263298 -19.64930153 5.82546520
v -21.11903572 -19.60130119 5.86099100
v -21.11524963 -19.55078697 5.89282036
v -21.11129761 -19.49804115 5.92077541
v -21.10719872 -19.44336128 5.94469929
v -21.10297966 -19.38705063 5.96445847
v -21.09866142 -19.32942390 5.97994232
v -21.09426880 -19.27080536 5.99106455
v -21.08982468 -19.21152306 5.99776316
f 1 2 3
f 4 5 2
f 4 2 1
f 6 7 5
f 6 5 4
f 8 9 7
f 8 7 6
f 10 11 9
f 10 9 8
f 12 13 11
f 12 11 10
f 14 13 12
f 15 16 13
f 15 13 14
f 17 18 16
f 17 16 15
f 19 20 21
f 19 21 18
f 19 18 17
f 22 20 19
f 23 24 20
f 23 20 22
f 25 26 24
f 25 24 23
f 27 26 25
f 27 28 26
f 29 28 27
f 29 30 28
f 31 32 30
f 31 30 29
f 33 32 31
f 33 34 32
f 35 36 34
f 35 34 33
f 37 38 36
f 37 36 35
f 39 40 38
f 39 38 37
f 41 42 40
f 41 40 39
f 43 44 42
f 43 42 41
f 45 46 1
f 45 1 3
f 2 47 3
f 48 49 50
f 48 51 49
f 52 51 48
f 52 53 51
f 54 53 52
f 54 55 53
f 56 55 54
f 56 57 55
f 58 57 56
f 58 59 57
f 60 59 58
f 60 61 59
f 62 50 63
f 62 48 50
f 64 65 61
f 64 61 60
f 66 48 62
f 66 52 48
f 67 65 64
f 67 68 65
f 69 54 52
f 69 52 66
f 70 68 67
f 70 71 68
f 72 56 54
f 72 54 69
f 73 71 70
f 73 74 71
f 75 58 56
f 75 56 72
f 76 74 73
f 76 77 74
f 78 58 75
f 78 60 58
f 79 77 76
f 79 80 77
f 81 63 82
f 81 62 63
f 83 64 60
f 83 60 78
f 84 80 79
f 84 85 80
f 86 62 81
f 86 66 62
f 87 64 83
f 87 67 64
f 88 85 84
f 88 89 85
f 90 66 86
f 90 69 66
f 91 70 67
f 91 67 87
f 92 89 88
f 92 93 89
f 94 69 90
f 94 72 69
f 95 70 91
f 95 73 70
f 96 93 92
f 96 97 93
f 98 72 94
f 98 75 72
f 99 76 73
f 99 73 95
f 100 97 96
f 100 101 97
f 102 78 75
f 102 75 98
f 103 79 76
f 103 76 99
f 104 101 100
f 104 105 101
f 106 82 107
f 106 81 82
f 108 78 102
f 108 83 78
f 109 79 103
f 109 84 79
f 110 111 105
f 110 105 104
f 112 86 81
f 112 90 86
f 112 81 106
f 113 87 83
f 113 83 108
f 114 84 109
f 114 88 84
f 115 116 117
f 115 117 118
f 115 118 111
f 115 111 110
f 119 90 112
f 120 91 87
f 120 87 113
f 121 92 88
f 121 88 114
f 122 94 90
f 122 90 119
f 123 91 120
f 123 95 91
f 124 96 92
f 124 92 121
f 125 94 122
f 125 98 94
f 126 99 95
f 126 95 123
f 127 100 96
f 127 96 124
f 128 102 98
f 128 98 125
f 129 103 99
f 129 99 126
f 130 100 127
f 130 104 100
f 131 107 132
f 131 106 107
f 133 102 128
f 133 108 102
f 134 109 103
f 134 103 129
f 135 104 130
f 135 110 104
f 136 106 131
f 136 112 106
f 137 108 133
f 137 113 108
f 138 109 134
f 138 114 109
f 139 116 115
f 139 110 135
f 139 140 116
f 139 141 140
f 139 115 110
f 142 112 136
f 142 119 112
f 143 113 137
f 143 120 113
f 144 121 114
f 144 114 138
f 145 119 142
f 145 122 119
f 146 123 120
f 146 120 143
f 147 124 121
f 147 121 144
f 148 125 122
f 148 122 145
f 149 126 123
f 149 123 146
f 150 127 124
f 150 124 147
f 151 128 125
f 151 125 148
f 152 129 126
f 152 126 149
f 153 127 150
f 153 130 127
f 154 132 155
f 154 131 132
f 156 133 128
f 156 128 151
f 157 134 129
f 157 129 152
f 158 135 130
f 158 130 153
f 159 136 131
f 159 131 154
f 160 137 133
f 160 133 156
f 161 144 138
f 161 138 134
f 161 134 157
f 162 139 135
f 162 135 158
f 162 141 139
f 163 142 136
f 163 136 159
f 164 137 160
f 164 143 137
f 164 146 143
f 165 144 161
f 166 142 163
f 166 145 142
f 167 146 164
f 168 147 144
f 168 144 165
f 169 145 166
f 169 148 145
f 170 146 167
f 170 149 146
f 171 147 168
f 171 153 150
f 171 150 147
f 172 148 169
f 172 151 148
f 173 149 170
f 173 152 149
f 174 153 171
f 175 155 176
f 175 176 177
f 175 154 155
f 178 156 151
f 178 151 172
f 179 152 173
f 179 157 152
f 180 158 153
f 180 153 174
f 181 154 175
f 181 159 154
f 182 160 156
f 182 156 178
f 183 161 157
f 183 157 179
f 184 141 162
f 184 162 158
f 184 185 141
f 184 158 180
f 186 159 181
f 186 163 159
f 187 164 160
f 187 160 182
f 188 161 183
f 188 165 161
f 189 166 163
f 189 163 186
f 190 167 164
f 190 164 187
f 191 165 188
f 191 168 165
f 192 166 189
f 192 169 166
f 193 170 167
f 193 167 190
f 194 171 168
f 194 168 191
f 195 172 169
f 195 169 192
f 196 170 193
f 196 173 170
f 197 174 171
f 197 171 194
f 198 177 199
f 198 175 177
f 200 178 172
f 200 172 195
f 201 179 173
f 201 173 196
f 202 180 174
f 202 174 197
f 203 175 198
f 203 181 175
f 204 178 200
f 204 182 178
f 205 183 179
f 205 188 183
f 205 179 201
f 206 180 202
f 206 207 185
f 206 185 184
f 206 184 180
f 208 186 181
f 208 189 186
f 208 181 203
f 209 182 204
f 209 187 182
f 210 188 205
f 211 189 208
f 211 192 189
f 212 187 209
f 212 190 187
f 213 188 210
f 213 191 188
f 214 192 211
f 215 190 212
f 215 193 190
f 216 197 194
f 216 194 191
f 216 191 213
f 217 195 192
f 217 192 214
f 218 196 193
f 218 193 215
f 219 197 216
f 220 198 199
f 221 200 195
f 221 195 217
f 222 201 196
f 222 196 218
f 223 202 197
f 223 197 219
f 224 203 198
f 224 198 220
f 225 200 221
f 225 204 200
f 225 209 204
f 226 205 201
f 226 201 222
f 227 202 223
f 227 206 202
f 227 207 206
f 227 228 207
f 229 208 203
f 229 203 224
f 230 209 225
f 231 205 226
f 231 210 205
f 232 211 208
f 232 208 229
f 233 212 209
f 233 209 230
f 234 210 231
f 234 213 210
f 235 214 211
f 235 211 232
f 236 212 233
f 236 215 212
f 237 216 213
f 237 213 234
f 238 214 235
f 238 217 214
f 239 215 236
f 239 218 215
f 240 216 237
f 240 219 216
f 240 223 219
f 241 199 242
f 241 220 199
f 241 224 220
f 243 221 217
f 243 217 238
f 244 222 218
f 244 218 239
f 244 226 222
f 245 223 240
f 246 224 241
f 246 229 224
f 247 221 243
f 247 225 221
f 247 230 225
f 248 226 244
f 249 223 245
f 249 227 223
f 249 250 228
f 249 228 227
f 251 229 246
f 252 230 247
f 253 231 226
f 253 234 231
f 253 226 248
f 254 229 251
f 254 232 229
f 255 236 233
f 255 230 252
f 255 233 230
f 256 237 234
f 256 234 253
f 257 235 232
f 257 232 254
f 258 239 236
f 258 236 255
f 259 237 256
f 260 243 238
f 260 235 257
f 260 238 235
f 261 239 258
f 262 237 259
f 262 240 237
f 263 241 242
f 263 242 264
f 265 243 260
f 266 244 239
f 266 248 244
f 266 239 261
f 267 245 240
f 267 240 262
f 268 246 241
f 268 241 263
f 269 247 243
f 269 243 265
f 270 248 266
f 271 249 245
f 271 250 249
f 271 272 250
f 271 245 267
f 273 246 268
f 273 251 246
f 274 252 247
f 274 247 269
f 275 248 270
f 275 253 248
f 276 251 273
f 276 254 251
f 277 255 252
f 277 258 255
f 277 252 274
f 278 256 253
f 278 253 275
f 279 257 254
f 279 254 276
f 280 258 277
f 281 256 278
f 281 259 256
f 282 257 279
f 282 260 257
f 283 258 280
f 283 261 258
f 284 259 281
f 284 262 259
f 285 263 264
f 285 264 286
f 285 286 287
f 288 260 282
f 288 265 260
f 289 261 283
f 289 266 261
f 290 271 267
f 290 262 284
f 290 267 262
f 291 263 285
f 291 268 263
f 292 269 265
f 292 265 288
f 293 270 266
f 293 275 270
f 293 266 289
f 294 272 271
f 294 271 290
f 294 295 272
f 296 273 268
f 296 268 291
f 297 269 292
f 297 274 269
f 298 275 293
f 299 273 296
f 299 276 273
f 300 277 274
f 300 274 297
f 301 281 278
f 301 275 298
f 301 278 275
f 302 279 276
f 302 276 299
f 303 280 277
f 303 277 300
f 304 281 301
f 305 282 279
f 305 279 302
f 306 280 303
f 306 283 280
f 307 290 284
f 307 281 304
f 307 284 281
f 308 285 287
f 309 282 305
f 309 288 282
f 310 289 283
f 310 283 306
f 311 290 307
f 312 291 285
f 312 285 308
f 313 292 288
f 313 288 309
f 314 289 310
f 314 293 289
f 315 290 311
f 315 316 295
f 315 294 290
f 315 295 294
f 317 291 312
f 317 296 291
f 318 297 292
f 318 292 313
f 319 293 314
f 319 298 293
f 320 296 317
f 320 299 296
f 321 297 318
f 321 300 297
f 322 298 319
f 322 301 298
f 323 302 299
f 323 299 320
f 323 305 302
f 324 300 321
f 324 303 300
f 325 301 322
f 325 304 301
f 326 305 323
f 327 306 303
f 327 303 324
f 328 307 304
f 328 304 325
f 329 287 330
f 329 308 287
f 329 312 308
f 331 313 309
f 331 305 326
f 331 309 305
f 332 306 327
f 332 314 310
f 332 310 306
f 333 311 307
f 333 307 328
f 334 312 329
f 335 313 331
f 336 314 332
f 337 315 311
f 337 338 316
f 337 311 333
f 337 316 315
f 339 312 334
f 339 317 312
f 340 318 313
f 340 313 335
f 341 314 336
f 341 319 314
f 342 323 320
f 342 320 317
f 342 317 339
f 343 321 318
f 343 324 321
f 343 318 340
f 344 322 319
f 344 319 341
f 345 323 342
f 346 324 343
f 347 325 322
f 347 322 344
f 348 326 323
f 348 323 345
f 349 324 346
f 349 332 327
f 349 327 324
f 350 325 347
f 350 328 325
f 351 330 352
f 351 352 353
f 351 329 330
f 354 335 331
f 354 331 326
f 354 326 348
f 355 332 349
f 356 328 350
f 356 333 328
f 357 329 351
f 357 334 329
f 358 335 354
f 359 332 355
f 359 336 332
f 359 341 336
f 360 338 337
f 360 333 356
f 360 361 338
f 360 362 361
f 360 337 333
f 363 334 357
f 363 339 334
f 364 335 358
f 364 340 335
f 365 341 359
f 366 339 363
f 366 342 339
f 367 340 364
f 367 343 340
f 368 341 365
f 368 344 341
f 369 342 366
f 369 345 342
f 370 346 343
f 370 343 367
f 371 344 368
f 371 347 344
f 372 348 345
f 372 345 369
f 373 349 346
f 373 346 370
f 374 350 347
f 374 356 350
f 374 347 371
f 375 353 376
f 375 357 351
f 375 351 353
f 377 354 348
f 377 348 372
f 378 355 349
f 378 349 373
f 379 356 374
f 380 357 375
f 381 358 354
f 381 364 358
f 381 354 377
f 382 355 378
f 382 365 359
f 382 359 355
f 383 360 356
f 383 362 360
f 383 384 362
f 383 356 379
f 385 363 357
f 385 366 363
f 385 357 380
f 386 367 364
f 386 364 381
f 387 365 382
f 388 366 385
f 389 367 386
f 389 370 367
f 390 368 365
f 390 365 387
f 391 369 366
f 391 366 388
f 391 372 369
f 392 370 389
f 393 371 368
f 393 368 390
f 394 372 391
f 395 370 392
f 395 373 370
f 396 371 393
f 396 374 371
f 397 375 376
f 398 372 394
f 398 377 372
f 399 373 395
f 399 378 373
f 400 374 396
f 400 379 374
f 401 375 397
f 401 380 375
f 402 381 377
f 402 386 381
f 402 377 398
f 403 378 399
f 403 382 378
f 404 384 383
f 404 383 379
f 404 379 400
f 405 385 380
f 405 380 401
f 406 386 402
f 407 390 387
f 407 387 382
f 407 382 403
f 408 388 385
f 408 385 405
f 409 386 406
f 409 389 386
f 410 390 407
f 411 388 408
f 411 391 388
f 412 392 389
f 412 389 409
f 413 393 390
f 413 390 410
f 414 391 411
f 414 394 391
f 415 395 392
f 415 392 412
f 416 396 393
f 416 393 413
f 417 376 418
f 417 397 376
f 419 402 398
f 419 394 414
f 419 398 394
f 420 399 395
f 420 395 415
f 421 400 396
f 421 396 416
f 422 397 417
f 422 401 397
f 423 402 419
f 424 403 399
f 424 407 403
f 424 399 420
f 425 384 404
f 425 400 421
f 425 426 384
f 425 427 426
f 425 404 400
f 428 401 422
f 428 405 401
f 429 406 402
f 429 409 406
f 429 402 423
f 430 407 424
f 431 405 428
f 431 408 405
f 432 409 429
f 432 412 409
f 433 407 430
f 433 413 410
f 433 410 407
f 434 408 431
f 434 411 408
f 435 412 432
f 436 413 433
f 437 411 434
f 437 414 411
f 438 412 435
f 438 415 412
f 439 421 416
f 439 416 413
f 439 413 436
f 440 422 417
f 440 418 441
f 440 417 418
f 442 414 437
f 442 419 414
f 443 415 438
f 443 420 415
f 443 424 420
f 444 421 439
f 445 422 440
f 445 428 422
f 446 423 419
f 446 419 442
f 447 424 443
f 448 427 425
f 448 425 421
f 448 421 444
f 449 428 445
f 450 429 423
f 450 423 446
f 451 430 424
f 451 424 447
f 451 433 430
f 452 431 428
f 452 428 449
f 453 432 429
f 453 429 450
f 454 433 451
f 455 431 452
f 455 434 431
f 456 435 432
f 456 432 453
f 457 436 433
f 457 433 454
f 458 434 455
f 458 437 434
f 459 435 456
f 459 438 435
f 460 436 457
f 460 439 436
f 461 47 2
f 461 441 47
f 461 440 441
f 462 437 458
f 462 442 437
f 462 446 442
f 463 438 459
f 463 443 438
f 464 439 460
f 464 444 439
f 464 448 444
f 465 440 461
f 465 2 5
f 465 461 2
f 465 449 445
f 465 445 440
f 466 446 462
f 467 443 463
f 467 447 443
f 468 448 464
f 468 469 427
f 468 427 448
f 470 449 465
f 470 465 5
f 470 5 7
f 471 450 446
f 471 446 466
f 472 451 447
f 472 447 467
f 473 449 470
f 473 9 11
f 473 7 9
f 473 470 7
f 473 452 449
f 473 455 452
f 474 450 471
f 474 456 453
f 474 453 450
f 475 454 451
f 475 451 472
f 476 458 455
f 476 473 11
f 476 455 473
f 477 456 474
f 478 457 454
f 478 454 475
f 479 476 11
f 479 11 13
f 479 458 476
f 480 459 456
f 480 456 477
f 481 460 457
f 481 457 478
f 482 13 16
f 482 479 13
f 482 458 479
f 482 462 458
f 483 463 459
f 483 459 480
f 483 467 463
f 484 460 481
f 484 464 460
f 485 16 18
f 485 466 462
f 485 462 482
f 485 482 16
f 486 467 483
f 487 468 464
f 487 469 468
f 487 488 469
f 487 464 484
f 489 466 485
f 489 18 21
f 489 471 466
f 489 474 471
f 489 485 18
f 490 472 467
f 490 467 486
f 490 475 472
f 491 489 21
f 491 20 24
f 491 21 20
f 491 477 474
f 491 474 489
f 492 475 490
f 493 477 491
f 493 491 24
f 494 475 492
f 494 478 475
f 494 481 478
f 495 493 24
f 495 477 493
f 495 26 28
f 495 24 26
f 495 480 477
f 496 481 494
f 497 480 495
f 497 483 480
f 497 495 28
f 498 481 496
f 498 484 481
f 499 497 28
f 499 483 497
f 499 28 30
f 499 486 483
f 500 484 498
f 500 501 488
f 500 502 501
f 500 488 487
f 500 487 484
f 503 492 490
f 503 32 34
f 503 30 32
f 503 499 30
f 503 486 499
f 503 490 486
f 504 494 492
f 504 492 503
f 504 503 34
f 505 496 494
f 505 34 36
f 505 494 504
f 505 504 34
f 506 505 36
f 506 498 496
f 506 36 38
f 506 496 505
f 507 38 40
f 507 498 506
f 507 506 38
f 508 42 44
f 508 40 42
f 508 500 498
f 508 502 500
f 508 507 40
f 508 498 507
f 508 44 502
f 509 510 511
f 512 510 509
f 513 511 510
f 514 510 512
f 515 513 510
f 516 43 517
f 516 517 518
f 516 518 519
f 516 519 520
f 516 520 521
f 516 521 522
f 516 522 523
f 516 523 524
f 516 524 525
f 516 525 526
f 516 526 527
f 516 527 528
f 516 528 529
f 516 529 530
f 516 530 531
f 516 531 532
f 516 532 533
f 516 533 534
f 516 534 535
f 516 535 536
f 516 536 510
f 516 510 514
f 537 515 510
f 538 43 516
f 539 537 510
f 540 43 538
f 541 539 510
f 542 43 540
f 543 541 510
f 544 43 542
f 545 543 510
f 546 44 43
f 546 43 544
f 547 545 510
f 548 44 546
f 549 547 510
f 550 44 548
f 551 549 510
f 552 551 510
f 553 44 550
f 554 502 44
f 554 44 553
f 555 552 510
f 556 555 510
f 557 250 272
f 557 272 295
f 557 295 316
f 557 316 338
f 557 338 361
f 557 361 362
f 557 362 384
f 557 384 426
f 557 426 427
f 557 427 469
f 557 469 488
f 557 488 501
f 557 501 502
f 557 502 554
f 558 185 207
f 558 207 228
f 558 228 250
f 558 250 557
f 559 556 510
f 560 559 510
f 141 185 558
f 561 560 510
f 562 561 510
f 140 141 558
f 116 140 558
f 117 116 558
f 117 558 563
f 117 563 564
f 117 564 565
f 117 565 566
f 117 566 567
f 117 567 568
f 117 568 569
f 570 117 569
f 571 117 570
f 572 117 571
f 573 117 572
f 574 117 573
f 575 117 574
f 576 117 575
f 577 117 576
f 578 117 577
f 579 117 578
f 580 117 579
f 581 117 580
f 582 117 581
f 583 117 582
f 584 117 583
f 585 117 584
f 586 587 588
f 586 588 589
f 586 590 587
f 591 592 587
f 591 587 590
f 593 586 589
f 593 589 594
f 595 596 592
f 595 592 591
f 597 594 562
f 597 593 594
f 598 597 562
f 599 600 596
f 599 596 595
f 601 602 600
f 601 600 599
f 603 562 510
f 603 604 598
f 603 598 562
f 605 606 602
f 605 602 601
f 607 604 603
f 608 609 606
f 608 606 605
f 610 607 603
f 611 612 609
f 611 609 608
f 613 610 603
f 614 612 611
f 614 615 616
f 614 616 612
f 617 613 603
f 618 619 615
f 618 615 614
f 620 617 603
f 621 619 618
f 622 620 603
f 623 622 603
f 624 625 619
f 624 619 621
f 626 627 628
f 626 628 625
f 626 625 624
f 629 623 603
f 630 629 603
f 631 632 627
f 631 627 626
f 633 634 632
f 633 632 631
f 635 630 603
f 636 635 603
f 637 638 634
f 637 634 633
f 639 636 603
f 640 638 637
f 641 639 603
f 642 643 644
f 642 644 638
f 642 638 640
f 645 641 603
f 646 643 642
f 647 645 603
f 648 649 643
f 648 643 646
f 650 647 603
f 651 649 648
f 651 652 653
f 651 653 649
f 654 650 603
f 655 652 651
f 656 654 603
f 657 652 655
f 657 658 659
f 657 659 652
f 660 656 603
f 661 658 657
f 662 660 603
f 662 603 663
f 662 663 664
f 662 664 665
f 662 665 666
f 662 666 667
f 662 667 668
f 662 668 669
f 670 658 661
f 670 671 658
f 672 671 670
f 672 117 585
f 672 585 671
f 673 662 669
f 674 662 673
f 675 662 674
f 676 662 675
f 677 662 676
f 678 662 677
f 679 662 678
f 680 662 679
f 681 662 680
f 682 662 681
f 683 662 682
f 684 662 683
f 685 662 684
f 686 662 685
f 686 687 688
f 686 688 689
f 686 689 690
f 686 690 691
f 686 691 662
f 692 117 672
f 692 672 693
f 692 693 694
f 692 694 695
f 692 695 696
f 692 696 697
f 692 697 698
f 692 698 699
f 692 699 700
f 692 700 701
f 692 701 702
f 692 702 703
f 692 703 704
f 692 704 705
f 692 705 706
f 692 706 707
f 692 707 708
f 692 708 709
f 692 709 710
f 692 710 711
f 692 711 712
f 692 712 713
f 692 713 714
f 692 714 715
f 716 717 718
f 716 718 719
f 716 719 720
f 716 720 687
f 716 687 686
f 721 692 715
f 722 717 716
f 722 723 717
f 724 721 715
f 725 723 722
f 726 724 715
f 727 723 725
f 728 726 715
f 729 723 727
f 730 728 715
f 731 723 729
f 732 723 731
f 733 730 715
f 734 723 732
f 735 733 715
f 735 715 723
f 736 723 734
f 737 735 723
f 738 723 736
f 739 737 723
f 740 723 738
f 741 739 723
f 741 723 740
f 742 4 1
f 742 1 743
f 744 6 4
f 744 4 742
f 745 8 6
f 745 6 744
f 746 10 8
f 746 8 745
f 747 12 10
f 747 10 746
f 748 14 12
f 748 12 747
f 749 742 743
f 749 743 750
f 751 15 14
f 751 14 748
f 752 744 742
f 752 742 749
f 753 17 15
f 753 15 751
f 754 744 752
f 754 745 744
f 755 19 17
f 755 17 753
f 756 746 745
f 756 745 754
f 757 22 19
f 757 19 755
f 758 747 746
f 758 746 756
f 759 23 22
f 759 22 757
f 760 747 758
f 760 748 747
f 761 25 23
f 761 23 759
f 762 749 750
f 762 750 763
f 764 751 748
f 764 748 760
f 765 27 25
f 765 25 761
f 766 749 762
f 766 752 749
f 767 753 751
f 767 751 764
f 768 29 27
f 768 27 765
f 769 754 752
f 769 752 766
f 770 755 753
f 770 753 767
f 771 31 29
f 771 29 768
f 772 756 754
f 772 754 769
f 773 755 770
f 773 757 755
f 774 31 771
f 774 33 31
f 775 758 756
f 775 756 772
f 776 757 773
f 776 759 757
f 777 35 33
f 777 33 774
f 778 758 775
f 778 760 758
f 779 761 759
f 779 759 776
f 780 37 35
f 780 35 777
f 781 763 782
f 781 762 763
f 783 760 778
f 783 764 760
f 784 761 779
f 784 765 761
f 785 39 37
f 785 37 780
f 786 766 762
f 786 762 781
f 787 767 764
f 787 764 783
f 788 768 765
f 788 765 784
f 789 41 39
f 789 43 41
f 789 517 43
f 789 39 785
f 790 769 766
f 790 766 786
f 791 767 787
f 791 770 767
f 792 771 768
f 792 768 788
f 793 775 772
f 793 772 769
f 793 769 790
f 794 773 770
f 794 770 791
f 795 774 771
f 795 771 792
f 796 775 793
f 797 773 794
f 797 776 773
f 798 774 795
f 798 777 774
f 799 775 796
f 799 778 775
f 800 776 797
f 800 779 776
f 801 780 777
f 801 777 798
f 802 782 803
f 802 781 782
f 802 786 781
f 804 778 799
f 804 783 778
f 805 784 779
f 805 779 800
f 806 780 801
f 806 785 780
f 807 786 802
f 808 783 804
f 808 787 783
f 809 784 805
f 809 788 784
f 810 785 806
f 810 518 517
f 810 517 789
f 810 789 785
f 811 786 807
f 811 790 786
f 812 787 808
f 812 791 787
f 813 792 788
f 813 788 809
f 814 790 811
f 814 793 790
f 815 791 812
f 815 794 791
f 816 795 792
f 816 792 813
f 817 796 793
f 817 793 814
f 818 797 794
f 818 794 815
f 819 798 795
f 819 795 816
f 820 796 817
f 820 799 796
f 821 800 797
f 821 797 818
f 822 798 819
f 822 801 798
f 823 803 824
f 823 824 825
f 823 802 803
f 826 804 799
f 826 799 820
f 827 805 800
f 827 800 821
f 827 809 805
f 828 806 801
f 828 801 822
f 829 807 802
f 829 802 823
f 830 804 826
f 830 808 804
f 831 809 827
f 832 810 806
f 832 518 810
f 832 519 518
f 832 806 828
f 833 811 807
f 833 807 829
f 833 814 811
f 834 812 808
f 834 808 830
f 835 813 809
f 835 809 831
f 836 814 833
f 837 815 812
f 837 812 834
f 838 813 835
f 838 816 813
f 839 814 836
f 839 817 814
f 840 815 837
f 840 818 815
f 841 816 838
f 841 819 816
f 842 817 839
f 842 820 817
f 843 818 840
f 843 821 818
f 844 819 841
f 844 822 819
f 845 823 825
f 846 820 842
f 846 826 820
f 847 821 843
f 847 827 821
f 848 828 822
f 848 822 844
f 849 823 845
f 849 829 823
f 850 826 846
f 850 830 826
f 851 831 827
f 851 827 847
f 852 519 832
f 852 832 828
f 852 828 848
f 852 520 519
f 852 521 520
f 853 829 849
f 853 833 829
f 854 834 830
f 854 830 850
f 855 835 831
f 855 831 851
f 856 836 833
f 856 833 853
f 857 837 834
f 857 834 854
f 858 835 855
f 858 838 835
f 859 836 856
f 859 839 836
f 860 840 837
f 860 843 840
f 860 837 857
f 861 841 838
f 861 838 858
f 862 842 839
f 862 839 859
f 863 843 860
f 864 844 841
f 864 841 861
f 865 845 825
f 865 825 866
f 865 866 867
f 868 842 862
f 868 846 842
f 869 847 843
f 869 843 863
f 870 848 844
f 870 844 864
f 871 849 845
f 871 845 865
f 872 850 846
f 872 846 868
f 873 851 847
f 873 855 851
f 873 847 869
f 874 848 870
f 874 852 848
f 874 521 852
f 875 856 853
f 875 853 849
f 875 849 871
f 876 854 850
f 876 850 872
f 877 855 873
f 878 856 875
f 879 854 876
f 879 857 854
f 880 855 877
f 880 858 855
f 881 856 878
f 881 859 856
f 882 857 879
f 882 860 857
f 883 858 880
f 883 861 858
f 884 862 859
f 884 859 881
f 884 868 862
f 885 860 882
f 885 863 860
f 886 864 861
f 886 861 883
f 886 870 864
f 887 865 867
f 888 868 884
f 889 863 885
f 889 869 863
f 890 870 886
f 891 865 887
f 891 871 865
f 892 872 868
f 892 868 888
f 893 873 869
f 893 869 889
f 894 874 870
f 894 521 874
f 894 870 890
f 894 522 521
f 895 878 875
f 895 875 871
f 895 871 891
f 896 876 872
f 896 872 892
f 897 873 893
f 897 877 873
f 898 881 878
f 898 878 895
f 899 879 876
f 899 876 896
f 900 880 877
f 900 877 897
f 901 881 898
f 902 882 879
f 902 879 899
f 903 883 880
f 903 880 900
f 904 881 901
f 904 888 884
f 904 884 881
f 905 885 882
f 905 882 902
f 906 883 903
f 906 886 883
f 907 887 867
f 907 867 908
f 909 888 904
f 910 885 905
f 910 889 885
f 911 886 906
f 911 890 886
f 912 887 907
f 912 891 887
f 913 892 888
f 913 896 892
f 913 888 909
f 914 889 910
f 914 893 889
f 914 897 893
f 915 523 522
f 915 890 911
f 915 894 890
f 915 522 894
f 916 891 912
f 916 895 891
f 917 896 913
f 918 897 914
f 919 895 916
f 919 898 895
f 920 902 899
f 920 896 917
f 920 899 896
f 921 903 900
f 921 897 918
f 921 900 897
f 922 898 919
f 922 901 898
f 923 902 920
f 924 903 921
f 925 904 901
f 925 901 922
f 926 905 902
f 926 902 923
f 927 903 924
f 927 906 903
f 927 911 906
f 928 908 929
f 928 907 908
f 930 904 925
f 930 909 904
f 931 910 905
f 931 905 926
f 932 911 927
f 933 912 907
f 933 907 928
f 934 913 909
f 934 909 930
f 935 914 910
f 935 910 931
f 936 915 911
f 936 524 523
f 936 911 932
f 936 523 915
f 937 919 916
f 937 916 912
f 937 912 933
f 938 917 913
f 938 920 917
f 938 913 934
f 939 918 914
f 939 914 935
f 940 919 937
f 941 923 920
f 941 920 938
f 942 918 939
f 942 921 918
f 943 919 940
f 943 922 919
f 943 925 922
f 944 923 941
f 945 921 942
f 945 924 921
f 946 930 925
f 946 925 943
f 947 923 944
f 947 931 926
f 947 926 923
f 948 927 924
f 948 924 945
f 949 929 950
f 949 928 929
f 951 930 946
f 952 931 947
f 953 927 948
f 953 932 927
f 954 928 949
f 954 937 933
f 954 933 928
f 955 934 930
f 955 938 934
f 955 930 951
f 956 935 931
f 956 931 952
f 957 936 932
f 957 524 936
f 957 525 524
f 957 932 953
f 958 937 954
f 959 938 955
f 960 939 935
f 960 935 956
f 961 940 937
f 961 937 958
f 962 941 938
f 962 938 959
f 963 939 960
f 963 942 939
f 964 943 940
f 964 940 961
f 965 944 941
f 965 941 962
f 966 945 942
f 966 942 963
f 967 946 943
f 967 951 946
f 967 943 964
f 968 947 944
f 968 944 965
f 969 948 945
f 969 945 966
f 970 954 949
f 970 950 971
f 970 971 972
f 970 949 950
f 973 951 967
f 974 952 947
f 974 956 952
f 974 947 968
f 975 953 948
f 975 948 969
f 976 954 970
f 977 951 973
f 977 955 951
f 978 960 956
f 978 956 974
f 979 953 975
f 979 957 953
f 979 525 957
f 979 526 525
f 980 954 976
f 980 958 954
f 981 959 955
f 981 955 977
f 982 960 978
f 983 958 980
f 983 964 961
f 983 961 958
f 984 962 959
f 984 959 981
f 985 960 982
f 985 963 960
f 986 964 983
f 987 962 984
f 987 965 962
f 988 969 966
f 988 966 963
f 988 963 985
f 989 964 986
f 989 967 964
f 990 968 965
f 990 965 987
f 991 969 988
f 992 970 972
f 993 967 989
f 993 973 967
f 994 974 968
f 994 968 990
f 995 975 969
f 995 969 991
f 996 976 970
f 996 970 992
f 997 977 973
f 997 973 993
f 998 978 974
f 998 974 994
f 999 979 975
f 999 526 979
f 999 975 995
f 999 527 526
f 1000 980 976
f 1000 983 980
f 1000 976 996
f 1001 977 997
f 1001 981 977
f 1002 982 978
f 1002 978 998
f 1003 983 1000
f 1004 987 984
f 1004 984 981
f 1004 981 1001
f 1005 985 982
f 1005 982 1002
f 1006 986 983
f 1006 983 1003
f 1006 989 986
f 1007 990 987
f 1007 987 1004
f 1008 988 985
f 1008 985 1005
f 1009 989 1006
f 1010 990 1007
f 1011 988 1008
f 1011 991 988
f 1012 972 1013
f 1012 1013 1014
f 1012 992 972
f 1015 989 1009
f 1015 993 989
f 1016 990 1010
f 1016 994 990
f 1017 995 991
f 1017 991 1011
f 1018 992 1012
f 1018 996 992
f 1018 1000 996
f 1019 997 993
f 1019 1001 997
f 1019 993 1015
f 1020 994 1016
f 1020 998 994
f 1020 1002 998
f 1021 995 1017
f 1021 528 527
f 1021 529 528
f 1021 999 995
f 1021 527 999
f 1022 1000 1018
f 1023 1001 1019
f 1024 1002 1020
f 1025 1000 1022
f 1025 1003 1000
f 1026 1001 1023
f 1026 1004 1001
f 1027 1005 1002
f 1027 1002 1024
f 1027 1008 1005
f 1028 1003 1025
f 1028 1006 1003
f 1029 1004 1026
f 1029 1007 1004
f 1030 1008 1027
f 1031 1009 1006
f 1031 1006 1028
f 1032 1010 1007
f 1032 1007 1029
f 1033 1011 1008
f 1033 1017 1011
f 1033 1008 1030
f 1034 1012 1014
f 1034 1018 1012
f 1035 1019 1015
f 1035 1009 1031
f 1035 1015 1009
f 1036 1016 1010
f 1036 1010 1032
f 1037 1017 1033
f 1038 1022 1018
f 1038 1018 1034
f 1039 1019 1035
f 1040 1020 1016
f 1040 1016 1036
f 1041 1017 1037
f 1041 1021 1017
f 1041 529 1021
f 1042 1022 1038
f 1043 1023 1019
f 1043 1019 1039
f 1044 1024 1020
f 1044 1020 1040
f 1045 1022 1042
f 1045 1025 1022
f 1046 1026 1023
f 1046 1029 1026
f 1046 1023 1043
f 1047 1024 1044
f 1047 1027 1024
f 1048 1031 1028
f 1048 1025 1045
f 1048 1028 1025
f 1049 1032 1029
f 1049 1029 1046
f 1050 1030 1027
f 1050 1027 1047
f 1051 1031 1048
f 1052 1032 1049
f 1053 1030 1050
f 1053 1033 1030
f 1054 1034 1014
f 1054 1014 1055
f 1056 1031 1051
f 1056 1035 1031
f 1057 1032 1052
f 1057 1036 1032
f 1058 1033 1053
f 1058 1037 1033
f 1059 1038 1034
f 1059 1034 1054
f 1060 1035 1056
f 1060 1039 1035
f 1061 1036 1057
f 1061 1040 1036
f 1062 529 1041
f 1062 1041 1037
f 1062 530 529
f 1062 531 530
f 1062 1037 1058
f 1063 1038 1059
f 1063 1042 1038
f 1064 1043 1039
f 1064 1039 1060
f 1065 1044 1040
f 1065 1040 1061
f 1066 1048 1045
f 1066 1045 1042
f 1066 1042 1063
f 1067 1043 1064
f 1067 1046 1043
f 1068 1047 1044
f 1068 1044 1065
f 1069 1048 1066
f 1070 1049 1046
f 1070 1046 1067
f 1071 1050 1047
f 1071 1047 1068
f 1072 1048 1069
f 1072 1051 1048
f 1073 1052 1049
f 1073 1049 1070
f 1074 1053 1050
f 1074 1050 1071
f 1075 1055 1076
f 1075 1054 1055
f 1075 1059 1054
f 1077 1056 1051
f 1077 1060 1056
f 1077 1051 1072
f 1078 1052 1073
f 1078 1057 1052
f 1079 1058 1053
f 1079 1053 1074
f 1080 1059 1075
f 1080 1063 1059
f 1081 1060 1077
f 1082 1057 1078
f 1082 1061 1057
f 1082 1065 1061
f 1083 1058 1079
f 1083 1062 1058
f 1083 531 1062
f 1083 532 531
f 1084 1066 1063
f 1084 1063 1080
f 1085 1060 1081
f 1085 1067 1064
f 1085 1064 1060
f 1086 1065 1082
f 1087 1066 1084
f 1088 1067 1085
f 1088 1070 1067
f 1089 1065 1086
f 1089 1071 1068
f 1089 1068 1065
f 1090 1066 1087
f 1090 1069 1066
f 1090 1072 1069
f 1091 1070 1088
f 1092 1071 1089
f 1092 1074 1071
f 1093 1072 1090
f 1094 1070 1091
f 1094 1073 1070
f 1095 1079 1074
f 1095 1074 1092
f 1096 1075 1076
f 1096 1076 1097
f 1096 1080 1075
f 1098 1072 1093
f 1098 1077 1072
f 1099 1073 1094
f 1099 1078 1073
f 1100 1079 1095
f 1101 1080 1096
f 1101 1084 1080
f 1102 1081 1077
f 1102 1077 1098
f 1103 1078 1099
f 1103 1082 1078
f 1104 1079 1100
f 1104 1083 1079
f 1104 532 1083
f 1105 1084 1101
f 1105 1087 1084
f 1106 1081 1102
f 1106 1085 1081
f 1107 1086 1082
f 1107 1082 1103
f 1108 1087 1105
f 1109 1088 1085
f 1109 1085 1106
f 1110 1089 1086
f 1110 1086 1107
f 1111 1093 1090
f 1111 1090 1087
f 1111 1087 1108
f 1112 1091 1088
f 1112 1088 1109
f 1113 1092 1089
f 1113 1089 1110
f 1114 1093 1111
f 1115 1094 1091
f 1115 1091 1112
f 1116 1095 1092
f 1116 1092 1113
f 1117 1096 1097
f 1117 1097 1118
f 1117 1118 1119
f 1117 1119 1120
f 1121 1098 1093
f 1121 1093 1114
f 1121 1102 1098
f 1122 1094 1115
f 1122 1099 1094
f 1122 1103 1099
f 1123 1095 1116
f 1123 1100 1095
f 1124 1117 1120
f 1124 1101 1096
f 1124 1120 1125
f 1124 1125 1126
f 1124 1105 1101
f 1124 1096 1117
f 1127 1102 1121
f 1128 1103 1122
f 1129 1100 1123
f 1129 1104 1100
f 1129 533 532
f 1129 532 1104
f 1130 1124 1126
f 1130 1105 1124
f 1131 1102 1127
f 1131 1106 1102
f 1132 1103 1128
f 1132 1107 1103
f 1133 1111 1108
f 1133 1105 1130
f 1133 1130 1126
f 1133 1126 1134
f 1133 1108 1105
f 1135 1106 1131
f 1135 1112 1109
f 1135 1109 1106
f 1136 1107 1132
f 1136 1110 1107
f 1137 1111 1133
f 1137 1133 1134
f 1137 1134 1138
f 1139 1112 1135
f 1140 1113 1110
f 1140 1110 1136
f 1141 1114 1111
f 1141 1137 1138
f 1141 1138 1142
f 1141 1111 1137
f 1143 1115 1112
f 1143 1112 1139
f 1144 1116 1113
f 1144 1113 1140
f 1145 1121 1114
f 1145 1142 1146
f 1145 1141 1142
f 1145 1114 1141
f 1147 1115 1143
f 1147 1122 1115
f 1148 1123 1116
f 1148 1116 1144
f 1149 1127 1121
f 1149 1145 1146
f 1149 1121 1145
f 1149 1146 1150
f 1151 1128 1122
f 1151 1122 1147
f 1152 1129 1123
f 1152 533 1129
f 1152 534 533
f 1152 1123 1148
f 1153 1131 1127
f 1153 1150 1154
f 1153 1149 1150
f 1153 1127 1149
f 1155 1128 1151
f 1155 1136 1132
f 1155 1132 1128
f 1156 1135 1131
f 1156 1154 1157
f 1156 1131 1153
f 1156 1153 1154
f 1158 1136 1155
f 1158 1140 1136
f 1159 1139 1135
f 1159 1156 1157
f 1159 1157 1160
f 1159 1135 1156
f 1161 1140 1158
f 1162 1139 1159
f 1162 1143 1139
f 1162 1160 1163
f 1162 1159 1160
f 1164 1140 1161
f 1164 1144 1140
f 1164 1148 1144
f 1165 1143 1162
f 1165 1162 1163
f 1165 1163 1166
f 1165 1147 1143
f 1167 1148 1164
f 1168 1165 1166
f 1168 1147 1165
f 1168 1166 1169
f 1168 1151 1147
f 1170 1148 1167
f 1170 535 534
f 1170 534 1152
f 1170 1152 1148
f 1171 1168 1169
f 1171 1151 1168
f 1171 1169 1172
f 1171 1158 1155
f 1171 1155 1151
f 1173 1161 1158
f 1173 1158 1171
f 1173 1171 1172
f 1173 1172 1174
f 1173 1174 1175
f 1176 1164 1161
f 1176 1161 1173
f 1176 1173 1175
f 1177 1176 1175
f 1177 1164 1176
f 1177 1175 1178
f 1179 1167 1164
f 1179 1164 1177
f 1179 1177 1178
f 1179 1178 1180
f 1181 1170 1167
f 1181 1167 1179
f 1181 1179 1180
f 1181 1180 1182
f 1181 1182 510
f 1181 536 535
f 1181 510 536
f 1181 535 1170
f 1183 1184 1119
f 1183 1119 1118
f 1185 1183 1118
f 1186 1118 1097
f 1186 1185 1118
f 1187 1097 1076
f 1187 1186 1097
f 1188 1076 1055
f 1188 1187 1076
f 1189 1055 1014
f 1189 1188 1055
f 1190 1014 1013
f 1190 1189 1014
f 1191 1013 972
f 1191 1190 1013
f 1192 972 971
f 1192 1191 972
f 1193 971 950
f 1193 1192 971
f 1194 950 929
f 1194 1193 950
f 1195 929 908
f 1195 1194 929
f 1196 908 867
f 1196 1195 908
f 1197 867 866
f 1197 1196 867
f 1198 1197 866
f 1198 866 825
f 1199 825 824
f 1199 1198 825
f 1200 824 803
f 1200 1199 824
f 1201 803 782
f 1201 1200 803
f 1202 782 763
f 1202 1201 782
f 1203 763 750
f 1203 1202 763
f 1204 750 743
f 1204 1203 750
f 1205 743 1
f 1205 1204 743
f 46 1205 1
f 1206 45 1207
f 1206 46 45
f 1208 1207 1209
f 1208 1206 1207
f 1210 1209 1211
f 1210 1208 1209
f 1212 1211 1213
f 1212 1210 1211
f 1214 1213 1215
f 1214 1212 1213
f 1216 1215 1217
f 1216 1214 1215
f 1218 1217 1219
f 1218 1216 1217
f 1220 1219 1221
f 1220 1218 1219
f 1222 1221 1223
f 1222 1220 1221
f 1224 1223 1225
f 1224 1222 1223
f 1226 1225 1227
f 1226 1227 1228
f 1226 1224 1225
f 1229 1226 1228
f 1230 1229 1228
f 1230 1228 1231
f 1232 1230 1231
f 1232 1231 1233
f 1234 1232 1233
f 1234 1233 1235
f 1234 1235 1236
f 1237 1234 1236
f 1238 1237 1236
f 1238 1236 1239
f 1240 1239 1241
f 1240 1238 1239
f 1242 1241 1243
f 1242 1240 1241
f 1244 1243 1245
f 1244 1242 1243
f 1246 1245 1247
f 1246 1244 1245
f 1248 49 1249
f 1248 50 49
f 1250 63 50
f 1250 50 1248
f 1251 82 63
f 1251 107 82
f 1251 63 1250
f 1252 107 1251
f 1253 132 107
f 1253 155 132
f 1253 107 1252
f 1254 176 155
f 1254 155 1253
f 1255 176 1254
f 1256 177 176
f 1256 176 1255
f 1257 199 177
f 1257 177 1256
f 1258 242 199
f 1258 264 242
f 1258 199 1257
f 1259 264 1258
f 1260 286 264
f 1260 264 1259
f 1261 286 1260
f 1261 287 286
f 1262 287 1261
f 1262 330 287
f 1263 330 1262
f 1263 352 330
f 1264 352 1263
f 1264 353 352
f 1265 353 1264
f 1265 376 353
f 1265 418 376
f 1266 418 1265
f 1267 441 418
f 1267 418 1266
f 1268 47 441
f 1268 3 47
f 1268 441 1267
f 45 3 1268
f 51 1269 49
f 51 1270 1269
f 53 1271 1272
f 53 1272 1270
f 53 1270 51
f 55 1271 53
f 57 1273 1274
f 57 1274 1271
f 57 1271 55
f 59 1273 57
f 61 1275 1276
f 61 1276 1273
f 61 1273 59
f 65 1277 1275
f 65 1275 61
f 68 1277 65
f 71 1278 1279
f 71 1279 1277
f 71 1277 68
f 74 1278 71
f 77 1280 1278
f 77 1278 74
f 80 1281 1282
f 80 1282 1280
f 80 1280 77
f 85 1281 80
f 89 1281 85
f 89 1283 1281
f 93 1284 1283
f 93 1283 89
f 97 1285 1284
f 97 1284 93
f 101 1286 1287
f 101 1287 1285
f 101 1285 97
f 105 1286 101
f 111 1288 1286
f 111 1286 105
f 118 1289 1288
f 118 1288 111
f 117 692 1289
f 117 1289 118
f 1290 1119 1291
f 1290 1120 1119
f 1292 1125 1120
f 1292 1120 1290
f 1293 1126 1125
f 1293 1134 1126
f 1293 1125 1292
f 1294 1138 1134
f 1294 1134 1293
f 1295 1138 1294
f 1296 1142 1138
f 1296 1138 1295
f 1297 1146 1142
f 1297 1150 1146
f 1297 1142 1296
f 1298 1150 1297
f 1299 1154 1150
f 1299 1150 1298
f 1300 1157 1154
f 1300 1154 1299
f 1301 1160 1157
f 1301 1157 1300
f 1302 1163 1160
f 1302 1166 1163
f 1302 1160 1301
f 1303 1166 1302
f 1304 1166 1303
f 1304 1169 1166
f 1305 1169 1304
f 1305 1172 1169
f 1306 1172 1305
f 1306 1174 1172
f 1307 1174 1306
f 1307 1175 1174
f 1308 1175 1307
f 1308 1178 1175
f 1309 1180 1178
f 1309 1178 1308
f 1310 1182 1180
f 1310 1180 1309
f 603 1182 1310
f 603 510 1182
f 1311 1290 1291
f 1311 1291 1312
f 1313 1292 1290
f 1313 1290 1311
f 1314 1293 1292
f 1314 1292 1313
f 1315 1294 1293
f 1315 1293 1314
f 1316 1295 1294
f 1316 1294 1315
f 1317 1296 1295
f 1317 1295 1316
f 1318 1311 1312
f 1318 1312 1319
f 1320 1297 1296
f 1320 1296 1317
f 1321 1311 1318
f 1321 1313 1311
f 1322 1298 1297
f 1322 1297 1320
f 1323 1314 1313
f 1323 1313 1321
f 1324 1299 1298
f 1324 1298 1322
f 1325 1315 1314
f 1325 1314 1323
f 1326 1300 1299
f 1326 1299 1324
f 1327 1315 1325
f 1327 1316 1315
f 1328 1301 1300
f 1328 1300 1326
f 1329 1316 1327
f 1329 1317 1316
f 1330 1302 1301
f 1330 1301 1328
f 1331 1318 1319
f 1331 1319 1332
f 1333 1320 1317
f 1333 1317 1329
f 1334 1303 1302
f 1334 1302 1330
f 1335 1318 1331
f 1335 1321 1318
f 1336 1322 1320
f 1336 1320 1333
f 1337 1304 1303
f 1337 1303 1334
f 1338 1321 1335
f 1338 1323 1321
f 1339 1322 1336
f 1339 1324 1322
f 1340 1305 1304
f 1340 1304 1337
f 1341 1323 1338
f 1341 1325 1323
f 1342 1324 1339
f 1342 1326 1324
f 1343 1306 1305
f 1343 1305 1340
f 1344 1325 1341
f 1344 1327 1325
f 1345 1328 1326
f 1345 1326 1342
f 1346 1307 1306
f 1346 1306 1343
f 1347 1327 1344
f 1347 1329 1327
f 1348 1330 1328
f 1348 1328 1345
f 1349 1308 1307
f 1349 1307 1346
f 1350 1332 1351
f 1350 1331 1332
f 1352 1329 1347
f 1352 1333 1329
f 1353 1334 1330
f 1353 1330 1348
f 1354 1309 1308
f 1354 1308 1349
f 1355 1331 1350
f 1355 1338 1335
f 1355 1335 1331
f 1356 1336 1333
f 1356 1333 1352
f 1357 1334 1353
f 1357 1337 1334
f 1358 1310 1309
f 1358 603 1310
f 1358 663 603
f 1358 1309 1354
f 1359 1338 1355
f 1360 1336 1356
f 1360 1339 1336
f 1361 1340 1337
f 1361 1337 1357
f 1362 1341 1338
f 1362 1338 1359
f 1363 1342 1339
f 1363 1339 1360
f 1364 1343 1340
f 1364 1340 1361
f 1365 1344 1341
f 1365 1341 1362
f 1366 1345 1342
f 1366 1342 1363
f 1367 1346 1343
f 1367 1343 1364
f 1368 1344 1365
f 1368 1347 1344
f 1369 1348 1345
f 1369 1345 1366
f 1370 1346 1367
f 1370 1349 1346
f 1371 1351 1372
f 1371 1355 1350
f 1371 1350 1351
f 1373 1347 1368
f 1373 1352 1347
f 1374 1353 1348
f 1374 1348 1369
f 1375 1349 1370
f 1375 1354 1349
f 1376 1355 1371
f 1377 1352 1373
f 1377 1356 1352
f 1378 1357 1353
f 1378 1353 1374
f 1379 1354 1375
f 1379 664 663
f 1379 665 664
f 1379 663 1358
f 1379 1358 1354
f 1380 1355 1376
f 1380 1359 1355
f 1381 1356 1377
f 1381 1360 1356
f 1382 1357 1378
f 1382 1361 1357
f 1383 1362 1359
f 1383 1359 1380
f 1384 1363 1360
f 1384 1360 1381
f 1385 1364 1361
f 1385 1361 1382
f 1386 1368 1365
f 1386 1362 1383
f 1386 1365 1362
f 1387 1366 1363
f 1387 1363 1384
f 1388 1367 1364
f 1388 1364 1385
f 1389 1368 1386
f 1390 1369 1366
f 1390 1366 1387
f 1391 1370 1367
f 1391 1367 1388
f 1392 1372 1393
f 1392 1393 1394
f 1392 1371 1372
f 1395 1373 1368
f 1395 1368 1389
f 1396 1378 1374
f 1396 1369 1390
f 1396 1374 1369
f 1397 1375 1370
f 1397 1370 1391
f 1398 1376 1371
f 1398 1371 1392
f 1399 1377 1373
f 1399 1373 1395
f 1400 1382 1378
f 1400 1378 1396
f 1401 1375 1397
f 1401 665 1379
f 1401 1379 1375
f 1402 1380 1376
f 1402 1376 1398
f 1403 1381 1377
f 1403 1377 1399
f 1403 1384 1381
f 1404 1382 1400
f 1405 1383 1380
f 1405 1380 1402
f 1406 1384 1403
f 1407 1382 1404
f 1407 1385 1382
f 1408 1386 1383
f 1408 1383 1405
f 1409 1384 1406
f 1409 1390 1387
f 1409 1387 1384
f 1410 1385 1407
f 1410 1388 1385
f 1411 1389 1386
f 1411 1386 1408
f 1412 1390 1409
f 1413 1397 1391
f 1413 1388 1410
f 1413 1391 1388
f 1414 1392 1394
f 1415 1389 1411
f 1415 1395 1389
f 1416 1390 1412
f 1416 1396 1390
f 1417 1397 1413
f 1418 1392 1414
f 1418 1398 1392
f 1419 1395 1415
f 1419 1399 1395
f 1420 1396 1416
f 1420 1400 1396
f 1421 665 1401
f 1421 1397 1417
f 1421 1401 1397
f 1421 666 665
f 1422 1398 1418
f 1422 1402 1398
f 1423 1399 1419
f 1423 1403 1399
f 1424 1404 1400
f 1424 1400 1420
f 1425 1405 1402
f 1425 1402 1422
f 1426 1406 1403
f 1426 1403 1423
f 1427 1404 1424
f 1427 1407 1404
f 1428 1405 1425
f 1428 1408 1405
f 1429 1409 1406
f 1429 1406 1426
f 1430 1410 1407
f 1430 1407 1427
f 1431 1411 1408
f 1431 1408 1428
f 1432 1412 1409
f 1432 1409 1429
f 1433 1413 1410
f 1433 1417 1413
f 1433 1410 1430
f 1434 1394 1435
f 1434 1435 1436
f 1434 1414 1394
f 1437 1415 1411
f 1437 1411 1431
f 1438 1416 1412
f 1438 1412 1432
f 1439 1417 1433
f 1440 1414 1434
f 1440 1418 1414
f 1441 1415 1437
f 1441 1419 1415
f 1442 1416 1438
f 1442 1424 1420
f 1442 1420 1416
f 1443 1417 1439
f 1443 667 666
f 1443 666 1421
f 1443 1421 1417
f 1444 1422 1418
f 1444 1425 1422
f 1444 1418 1440
f 1445 1419 1441
f 1445 1423 1419
f 1446 1424 1442
f 1447 1428 1425
f 1447 1425 1444
f 1448 1423 1445
f 1448 1426 1423
f 1449 1424 1446
f 1449 1427 1424
f 1450 1428 1447
f 1451 1426 1448
f 1451 1429 1426
f 1452 1427 1449
f 1452 1430 1427
f 1453 1431 1428
f 1453 1437 1431
f 1453 1428 1450
f 1454 1429 1451
f 1454 1432 1429
f 1455 1433 1430
f 1455 1430 1452
f 1456 1434 1436
f 1457 1437 1453
f 1458 1438 1432
f 1458 1432 1454
f 1459 1439 1433
f 1459 1443 1439
f 1459 1433 1455
f 1460 1440 1434
f 1460 1434 1456
f 1461 1441 1437
f 1461 1437 1457
f 1461 1445 1441
f 1462 1442 1438
f 1462 1438 1458
f 1463 667 1443
f 1463 1443 1459
f 1463 668 667
f 1464 1447 1444
f 1464 1444 1440
f 1464 1440 1460
f 1465 1445 1461
f 1466 1446 1442
f 1466 1442 1462
f 1467 1447 1464
f 1468 1451 1448
f 1468 1448 1445
f 1468 1445 1465
f 1469 1449 1446
f 1469 1446 1466
f 1470 1450 1447
f 1470 1447 1467
f 1471 1451 1468
f 1472 1452 1449
f 1472 1449 1469
f 1473 1450 1470
f 1473 1453 1450
f 1473 1457 1453
f 1474 1454 1451
f 1474 1451 1471
f 1474 1458 1454
f 1475 1452 1472
f 1475 1455 1452
f 1476 1436 1477
f 1476 1456 1436
f 1478 1457 1473
f 1479 1458 1474
f 1480 1455 1475
f 1480 1459 1455
f 1481 1456 1476
f 1481 1460 1456
f 1482 1457 1478
f 1482 1461 1457
f 1482 1465 1461
f 1483 1458 1479
f 1483 1462 1458
f 1484 1459 1480
f 1484 669 668
f 1484 673 669
f 1484 1463 1459
f 1484 668 1463
f 1485 1460 1481
f 1485 1464 1460
f 1486 1468 1465
f 1486 1465 1482
f 1487 1462 1483
f 1487 1466 1462
f 1487 1469 1466
f 1488 1467 1464
f 1488 1464 1485
f 1489 1468 1486
f 1490 1469 1487
f 1491 1470 1467
f 1491 1467 1488
f 1492 1471 1468
f 1492 1468 1489
f 1493 1472 1469
f 1493 1475 1472
f 1493 1469 1490
f 1494 1470 1491
f 1494 1473 1470
f 1495 1474 1471
f 1495 1471 1492
f 1496 1475 1493
f 1497 1476 1477
f 1497 1477 1498
f 1499 1473 1494
f 1499 1478 1473
f 1500 1479 1474
f 1500 1474 1495
f 1501 1480 1475
f 1501 1484 1480
f 1501 1475 1496
f 1502 1476 1497
f 1502 1481 1476
f 1503 1482 1478
f 1503 1478 1499
f 1504 1483 1479
f 1504 1479 1500
f 1505 673 1484
f 1505 1484 1501
f 1506 1485 1481
f 1506 1481 1502
f 1507 1486 1482
f 1507 1482 1503
f 1508 1487 1483
f 1508 1483 1504
f 1509 1488 1485
f 1509 1485 1506
f 1510 1489 1486
f 1510 1492 1489
f 1510 1486 1507
f 1511 1487 1508
f 1511 1490 1487
f 1512 1488 1509
f 1512 1491 1488
f 1513 1492 1510
f 1514 1493 1490
f 1514 1490 1511
f 1515 1494 1491
f 1515 1491 1512
f 1516 1492 1513
f 1516 1495 1492
f 1517 1493 1514
f 1517 1496 1493
f 1518 1498 1519
f 1518 1497 1498
f 1518 1519 1520
f 1518 1502 1497
f 1521 1494 1515
f 1521 1499 1494
f 1522 1500 1495
f 1522 1495 1516
f 1522 1504 1500
f 1523 1496 1517
f 1523 1501 1496
f 1524 1506 1502
f 1524 1502 1518
f 1525 1499 1521
f 1525 1503 1499
f 1526 1504 1522
f 1526 1508 1504
f 1527 1505 1501
f 1527 673 1505
f 1527 674 673
f 1527 1501 1523
f 1528 1506 1524
f 1528 1509 1506
f 1529 1507 1503
f 1529 1503 1525
f 1530 1508 1526
f 1531 1509 1528
f 1532 1510 1507
f 1532 1507 1529
f 1533 1511 1508
f 1533 1508 1530
f 1534 1512 1509
f 1534 1509 1531
f 1535 1513 1510
f 1535 1510 1532
f 1536 1514 1511
f 1536 1511 1533
f 1537 1521 1515
f 1537 1515 1512
f 1537 1512 1534
f 1538 1513 1535
f 1538 1516 1513
f 1539 1517 1514
f 1539 1523 1517
f 1539 1514 1536
f 1540 1518 1520
f 1541 1521 1537
f 1542 1522 1516
f 1542 1516 1538
f 1543 1523 1539
f 1544 1524 1518
f 1544 1518 1540
f 1545 1521 1541
f 1545 1525 1521
f 1546 1522 1542
f 1546 1526 1522
f 1547 1523 1543
f 1547 1527 1523
f 1547 674 1527
f 1547 675 674
f 1548 1528 1524
f 1548 1524 1544
f 1549 1525 1545
f 1549 1529 1525
f 1550 1530 1526
f 1550 1526 1546
f 1551 1531 1528
f 1551 1528 1548
f 1552 1529 1549
f 1552 1532 1529
f 1553 1533 1530
f 1553 1530 1550
f 1554 1531 1551
f 1554 1534 1531
f 1555 1532 1552
f 1555 1535 1532
f 1556 1533 1553
f 1556 1536 1533
f 1557 1534 1554
f 1557 1537 1534
f 1558 1535 1555
f 1558 1538 1535
f 1559 1539 1536
f 1559 1536 1556
f 1560 1544 1540
f 1560 1520 1561
f 1560 1540 1520
f 1562 1537 1557
f 1562 1541 1537
f 1563 1542 1538
f 1563 1546 1542
f 1563 1538 1558
f 1564 1543 1539
f 1564 1539 1559
f 1565 1544 1560
f 1566 1545 1541
f 1566 1541 1562
f 1567 1546 1563
f 1568 1547 1543
f 1568 675 1547
f 1568 1543 1564
f 1568 676 675
f 1568 677 676
f 1569 1548 1544
f 1569 1544 1565
f 1570 1545 1566
f 1570 1549 1545
f 1571 1550 1546
f 1571 1546 1567
f 1572 1554 1551
f 1572 1548 1569
f 1572 1551 1548
f 1573 1552 1549
f 1573 1555 1552
f 1573 1549 1570
f 1574 1550 1571
f 1574 1553 1550
f 1575 1554 1572
f 1576 1555 1573
f 1577 1556 1553
f 1577 1553 1574
f 1578 1557 1554
f 1578 1554 1575
f 1579 1555 1576
f 1579 1563 1558
f 1579 1558 1555
f 1580 1556 1577
f 1580 1559 1556
f 1581 1561 1582
f 1581 1560 1561
f 1583 1557 1578
f 1583 1562 1557
f 1584 1563 1579
f 1585 1564 1559
f 1585 1559 1580
f 1586 1560 1581
f 1586 1565 1560
f 1587 1562 1583
f 1587 1566 1562
f 1588 1563 1584
f 1588 1571 1567
f 1588 1567 1563
f 1589 1564 1585
f 1589 1568 1564
f 1589 677 1568
f 1590 1572 1569
f 1590 1565 1586
f 1590 1569 1565
f 1591 1566 1587
f 1591 1570 1566
f 1592 1571 1588
f 1593 1572 1590
f 1594 1573 1570
f 1594 1570 1591
f 1595 1574 1571
f 1595 1571 1592
f 1596 1572 1593
f 1596 1575 1572
f 1597 1573 1594
f 1597 1576 1573
f 1598 1574 1595
f 1598 1577 1574
f 1599 1575 1596
f 1599 1578 1575
f 1600 1579 1576
f 1600 1576 1597
f 1601 1585 1580
f 1601 1577 1598
f 1601 1580 1577
f 1602 1582 1603
f 1602 1603 1604
f 1602 1581 1582
f 1605 1583 1578
f 1605 1578 1599
f 1606 1579 1600
f 1606 1584 1579
f 1607 1585 1601
f 1608 1581 1602
f 1608 1586 1581
f 1609 1587 1583
f 1609 1591 1587
f 1609 1583 1605
f 1610 1588 1584
f 1610 1592 1588
f 1610 1584 1606
f 1611 1585 1607
f 1611 1589 1585
f 1611 677 1589
f 1611 678 677
f 1612 1593 1590
f 1612 1590 1586
f 1612 1586 1608
f 1613 1594 1591
f 1613 1591 1609
f 1614 1592 1610
f 1615 1593 1612
f 1616 1597 1594
f 1616 1594 1613
f 1617 1592 1614
f 1617 1595 1592
f 1617 1598 1595
f 1618 1596 1593
f 1618 1599 1596
f 1618 1593 1615
f 1619 1597 1616
f 1620 1598 1617
f 1621 1599 1618
f 1622 1600 1597
f 1622 1597 1619
f 1623 1598 1620
f 1623 1601 1598
f 1624 1602 1604
f 1625 1599 1621
f 1625 1605 1599
f 1626 1600 1622
f 1626 1606 1600
f 1627 1601 1623
f 1627 1607 1601
f 1628 1602 1624
f 1628 1608 1602
f 1629 1609 1605
f 1629 1605 1625
f 1629 1613 1609
f 1630 1610 1606
f 1630 1606 1626
f 1631 678 1611
f 1631 1611 1607
f 1631 1607 1627
f 1631 679 678
f 1631 680 679
f 1632 1612 1608
f 1632 1608 1628
f 1633 1613 1629
f 1634 1614 1610
f 1634 1610 1630
f 1635 1615 1612
f 1635 1612 1632
f 1636 1616 1613
f 1636 1613 1633
f 1637 1617 1614
f 1637 1614 1634
f 1638 1621 1618
f 1638 1618 1615
f 1638 1615 1635
f 1639 1616 1636
f 1639 1619 1616
f 1640 1620 1617
f 1640 1617 1637
f 1641 1621 1638
f 1642 1622 1619
f 1642 1619 1639
f 1643 1620 1640
f 1643 1623 1620
f 1644 1604 1645
f 1644 1624 1604
f 1644 1628 1624
f 1646 1625 1621
f 1646 1629 1625
f 1646 1621 1641
f 1647 1626 1622
f 1647 1622 1642
f 1648 1627 1623
f 1648 1623 1643
f 1649 1628 1644
f 1649 1632 1628
f 1650 1629 1646
f 1651 1630 1626
f 1651 1634 1630
f 1651 1626 1647
f 1652 1627 1648
f 1652 1631 1627
f 1652 680 1631
f 1653 1632 1649
f 1654 1633 1629
f 1654 1636 1633
f 1654 1629 1650
f 1655 1634 1651
f 1656 1632 1653
f 1656 1635 1632
f 1657 1639 1636
f 1657 1636 1654
f 1658 1634 1655
f 1658 1637 1634
f 1658 1640 1637
f 1659 1635 1656
f 1659 1638 1635
f 1659 1641 1638
f 1660 1639 1657
f 1661 1640 1658
f 1662 1641 1659
f 1663 1639 1660
f 1663 1642 1639
f 1664 1648 1643
f 1664 1643 1640
f 1664 1640 1661
f 1665 1649 1644
f 1665 1644 1645
f 1665 1645 1666
f 1667 1641 1662
f 1667 1646 1641
f 1668 1642 1663
f 1668 1647 1642
f 1669 1652 1648
f 1669 1648 1664
f 1670 1653 1649
f 1670 1649 1665
f 1671 1650 1646
f 1671 1646 1667
f 1672 1651 1647
f 1672 1647 1668
f 1673 1652 1669
f 1673 680 1652
f 1673 681 680
f 1674 1656 1653
f 1674 1653 1670
f 1675 1650 1671
f 1675 1654 1650
f 1676 1655 1651
f 1676 1651 1672
f 1677 1656 1674
f 1678 1657 1654
f 1678 1654 1675
f 1679 1661 1658
f 1679 1655 1676
f 1679 1658 1655
f 1680 1656 1677
f 1680 1659 1656
f 1680 1662 1659
f 1681 1660 1657
f 1681 1657 1678
f 1682 1661 1679
f 1683 1662 1680
f 1684 1663 1660
f 1684 1660 1681
f 1685 1664 1661
f 1685 1661 1682
f 1686 1665 1666
f 1686 1666 1687
f 1686 1687 1688
f 1686 1688 1689
f 1690 1667 1662
f 1690 1671 1667
f 1690 1662 1683
f 1691 1663 1684
f 1691 1668 1663
f 1692 1664 1685
f 1692 1669 1664
f 1693 1665 1686
f 1693 1686 1689
f 1693 1689 1694
f 1693 1670 1665
f 1693 1674 1670
f 1695 1671 1690
f 1696 1668 1691
f 1696 1672 1668
f 1697 1673 1669
f 1697 1669 1692
f 1697 682 681
f 1697 681 1673
f 1698 1693 1694
f 1698 1674 1693
f 1698 1694 1699
f 1700 1675 1671
f 1700 1671 1695
f 1701 1676 1672
f 1701 1672 1696
f 1702 1674 1698
f 1702 1680 1677
f 1702 1698 1699
f 1702 1699 1703
f 1702 1703 1704
f 1702 1677 1674
f 1705 1675 1700
f 1705 1681 1678
f 1705 1678 1675
f 1706 1679 1676
f 1706 1676 1701
f 1707 1680 1702
f 1707 1704 1708
f 1707 1702 1704
f 1709 1681 1705
f 1710 1682 1679
f 1710 1679 1706
f 1711 1680 1707
f 1711 1707 1708
f 1711 1683 1680
f 1712 1684 1681
f 1712 1681 1709
f 1713 1685 1682
f 1713 1682 1710
f 1714 1711 1708
f 1714 1690 1683
f 1714 1708 1715
f 1714 1715 1716
f 1714 1683 1711
f 1717 1696 1691
f 1717 1684 1712
f 1717 1691 1684
f 1718 1692 1685
f 1718 1685 1713
f 1719 1695 1690
f 1719 1714 1716
f 1719 1690 1714
f 1720 1696 1717
f 1721 682 1697
f 1721 1692 1718
f 1721 683 682
f 1721 1697 1692
f 1722 1700 1695
f 1722 1705 1700
f 1722 1695 1719
f 1722 1716 1723
f 1722 1719 1716
f 1724 1701 1696
f 1724 1696 1720
f 1724 1706 1701
f 1725 1722 1723
f 1725 1723 1726
f 1725 1726 1727
f 1725 1709 1705
f 1725 1705 1722
f 1728 1706 1724
f 1729 1709 1725
f 1729 1725 1727
f 1730 1710 1706
f 1730 1713 1710
f 1730 1706 1728
f 1731 1709 1729
f 1731 1727 1732
f 1731 1732 1733
f 1731 1729 1727
f 1731 1712 1709
f 1734 1713 1730
f 1735 1731 1733
f 1735 1712 1731
f 1735 1717 1712
f 1736 1713 1734
f 1736 1718 1713
f 1737 1735 1733
f 1737 1733 1738
f 1737 1720 1717
f 1737 1717 1735
f 1739 1718 1736
f 1739 684 683
f 1739 1721 1718
f 1739 683 1721
f 1740 1737 1738
f 1740 1720 1737
f 1740 1738 1741
f 1740 1724 1720
f 1742 1728 1724
f 1742 1730 1728
f 1742 1724 1740
f 1742 1740 1741
f 1742 1741 1743
f 1742 1743 1744
f 1745 1734 1730
f 1745 1742 1744
f 1745 1730 1742
f 1746 1736 1734
f 1746 1745 1744
f 1746 1734 1745
f 1746 1744 1747
f 1748 1736 1746
f 1748 1746 1747
f 1748 1747 1749
f 1750 1739 1736
f 1750 1736 1748
f 1750 1748 1749
f 1750 1749 1751
f 1750 1751 686
f 1750 685 684
f 1750 686 685
f 1750 684 1739
f 1752 1688 1753
f 1752 1689 1688
f 1754 1694 1689
f 1754 1689 1752
f 1755 1699 1694
f 1755 1694 1754
f 1756 1703 1699
f 1756 1704 1703
f 1756 1699 1755
f 1757 1704 1756
f 1758 1708 1704
f 1758 1715 1708
f 1758 1704 1757
f 1759 1715 1758
f 1760 1716 1715
f 1760 1715 1759
f 1761 1723 1716
f 1761 1726 1723
f 1761 1716 1760
f 1762 1726 1761
f 1763 1727 1726
f 1763 1726 1762
f 1764 1732 1727
f 1764 1727 1763
f 1765 1732 1764
f 1765 1733 1732
f 1765 1738 1733
f 1766 1738 1765
f 1767 1738 1766
f 1767 1741 1738
f 1767 1743 1741
f 1768 1743 1767
f 1769 1743 1768
f 1769 1744 1743
f 1770 1744 1769
f 1770 1747 1744
f 1771 1747 1770
f 1771 1749 1747
f 1772 1749 1771
f 1772 1751 1749
f 716 1751 1772
f 716 686 1751
f 1773 1752 1753
f 1773 1753 1774
f 1775 1754 1752
f 1775 1752 1773
f 1776 1755 1754
f 1776 1754 1775
f 1777 1756 1755
f 1777 1755 1776
f 1778 1757 1756
f 1778 1756 1777
f 1779 1758 1757
f 1779 1757 1778
f 1780 1773 1774
f 1780 1774 1781
f 1782 1759 1758
f 1782 1758 1779
f 1783 1773 1780
f 1783 1775 1773
f 1784 1760 1759
f 1784 1759 1782
f 1785 1775 1783
f 1785 1776 1775
f 1786 1760 1784
f 1786 1761 1760
f 1787 1777 1776
f 1787 1776 1785
f 1788 1762 1761
f 1788 1761 1786
f 1789 1777 1787
f 1789 1778 1777
f 1790 1763 1762
f 1790 1762 1788
f 1791 1778 1789
f 1791 1779 1778
f 1792 1764 1763
f 1792 1763 1790
f 1793 1781 1794
f 1793 1780 1781
f 1795 1779 1791
f 1795 1782 1779
f 1796 1765 1764
f 1796 1764 1792
f 1797 1783 1780
f 1797 1780 1793
f 1798 1782 1795
f 1798 1784 1782
f 1799 1765 1796
f 1799 1766 1765
f 1800 1785 1783
f 1800 1783 1797
f 1801 1784 1798
f 1801 1786 1784
f 1802 1766 1799
f 1802 1767 1766
f 1803 1787 1785
f 1803 1785 1800
f 1804 1786 1801
f 1804 1788 1786
f 1805 1768 1767
f 1805 1767 1802
f 1806 1789 1787
f 1806 1787 1803
f 1807 1788 1804
f 1807 1790 1788
f 1808 1769 1768
f 1808 1768 1805
f 1809 1789 1806
f 1809 1791 1789
f 1810 1790 1807
f 1810 1792 1790
f 1811 1769 1808
f 1811 1770 1769
f 1812 1794 1813
f 1812 1793 1794
f 1814 1795 1791
f 1814 1791 1809
f 1815 1792 1810
f 1815 1796 1792
f 1816 1771 1770
f 1816 1770 1811
f 1817 1797 1793
f 1817 1793 1812
f 1818 1798 1795
f 1818 1795 1814
f 1819 1799 1796
f 1819 1796 1815
f 1820 1772 1771
f 1820 716 1772
f 1820 722 716
f 1820 1771 1816
f 1821 1797 1817
f 1821 1800 1797
f 1822 1798 1818
f 1822 1801 1798
f 1823 1799 1819
f 1823 1802 1799
f 1824 1803 1800
f 1824 1800 1821
f 1825 1804 1801
f 1825 1801 1822
f 1826 1805 1802
f 1826 1802 1823
f 1827 1806 1803
f 1827 1803 1824
f 1828 1807 1804
f 1828 1804 1825
f 1829 1808 1805
f 1829 1805 1826
f 1830 1806 1827
f 1830 1809 1806
f 1831 1810 1807
f 1831 1807 1828
f 1832 1811 1808
f 1832 1808 1829
f 1833 1813 1834
f 1833 1812 1813
f 1835 1809 1830
f 1835 1814 1809
f 1836 1810 1831
f 1836 1815 1810
f 1837 1811 1832
f 1837 1816 1811
f 1838 1812 1833
f 1838 1817 1812
f 1838 1821 1817
f 1839 1814 1835
f 1839 1818 1814
f 1840 1815 1836
f 1840 1819 1815
f 1841 1816 1837
f 1841 725 722
f 1841 722 1820
f 1841 1820 1816
f 1842 1821 1838
f 1843 1818 1839
f 1843 1822 1818
f 1844 1819 1840
f 1844 1823 1819
f 1845 1824 1821
f 1845 1821 1842
f 1846 1822 1843
f 1846 1825 1822
f 1847 1826 1823
f 1847 1823 1844
f 1848 1824 1845
f 1848 1827 1824
f 1849 1828 1825
f 1849 1825 1846
f 1850 1829 1826
f 1850 1826 1847
f 1851 1827 1848
f 1851 1830 1827
f 1852 1831 1828
f 1852 1828 1849
f 1853 1829 1850
f 1853 1832 1829
f 1854 1834 1855
f 1854 1833 1834
f 1856 1830 1851
f 1856 1835 1830
f 1857 1836 1831
f 1857 1831 1852
f 1858 1837 1832
f 1858 1832 1853
f 1859 1833 1854
f 1859 1838 1833
f 1860 1839 1835
f 1860 1835 1856
f 1861 1840 1836
f 1861 1836 1857
f 1862 1837 1858
f 1862 1841 1837
f 1862 725 1841
f 1862 727 725
f 1863 1842 1838
f 1863 1845 1842
f 1863 1838 1859
f 1864 1843 1839
f 1864 1839 1860
f 1865 1844 1840
f 1865 1840 1861
f 1866 1845 1863
f 1867 1846 1843
f 1867 1843 1864
f 1868 1844 1865
f 1868 1847 1844
f 1869 1845 1866
f 1869 1848 1845
f 1870 1846 1867
f 1870 1849 1846
f 1871 1847 1868
f 1871 1850 1847
f 1872 1848 1869
f 1872 1851 1848
f 1873 1852 1849
f 1873 1849 1870
f 1874 1850 1871
f 1874 1853 1850
f 1875 1855 1876
f 1875 1854 1855
f 1877 1851 1872
f 1877 1856 1851
f 1878 1852 1873
f 1878 1857 1852
f 1879 1858 1853
f 1879 1853 1874
f 1880 1854 1875
f 1880 1859 1854
f 1881 1856 1877
f 1881 1860 1856
f 1882 1857 1878
f 1882 1861 1857
f 1883 727 1862
f 1883 1858 1879
f 1883 729 727
f 1883 1862 1858
f 1884 1863 1859
f 1884 1859 1880
f 1885 1864 1860
f 1885 1860 1881
f 1886 1861 1882
f 1886 1865 1861
f 1887 1866 1863
f 1887 1863 1884
f 1888 1867 1864
f 1888 1864 1885
f 1889 1865 1886
f 1889 1868 1865
f 1890 1869 1866
f 1890 1866 1887
f 1891 1870 1867
f 1891 1867 1888
f 1892 1871 1868
f 1892 1874 1871
f 1892 1868 1889
f 1893 1872 1869
f 1893 1869 1890
f 1894 1873 1870
f 1894 1870 1891
f 1895 1874 1892
f 1896 1876 1897
f 1896 1897 1898
f 1896 1875 1876
f 1899 1877 1872
f 1899 1872 1893
f 1900 1878 1873
f 1900 1882 1878
f 1900 1873 1894
f 1901 1879 1874
f 1901 1874 1895
f 1902 1880 1875
f 1902 1875 1896
f 1903 1877 1899
f 1903 1881 1877
f 1904 1882 1900
f 1905 1879 1901
f 1905 731 729
f 1905 1883 1879
f 1905 729 1883
f 1906 1884 1880
f 1906 1880 1902
f 1907 1881 1903
f 1907 1885 1881
f 1908 1882 1904
f 1908 1886 1882
f 1909 1884 1906
f 1909 1887 1884
f 1910 1885 1907
f 1910 1888 1885
f 1911 1886 1908
f 1911 1889 1886
f 1912 1887 1909
f 1912 1890 1887
f 1913 1891 1888
f 1913 1888 1910
f 1914 1889 1911
f 1914 1892 1889
f 1915 1890 1912
f 1915 1893 1890
f 1916 1900 1894
f 1916 1891 1913
f 1916 1894 1891
f 1917 1892 1914
f 1917 1895 1892
f 1918 1896 1898
f 1919 1893 1915
f 1919 1899 1893
f 1920 1900 1916
f 1921 1895 1917
f 1921 1901 1895
f 1922 1902 1896
f 1922 1896 1918
f 1923 1903 1899
f 1923 1899 1919
f 1924 1904 1900
f 1924 1900 1920
f 1925 1905 1901
f 1925 731 1905
f 1925 1901 1921
f 1925 732 731
f 1926 1906 1902
f 1926 1909 1906
f 1926 1902 1922
f 1927 1907 1903
f 1927 1903 1923
f 1928 1908 1904
f 1928 1911 1908
f 1928 1904 1924
f 1929 1912 1909
f 1929 1909 1926
f 1930 1907 1927
f 1930 1910 1907
f 1931 1911 1928
f 1932 1912 1929
f 1933 1913 1910
f 1933 1910 1930
f 1934 1914 1911
f 1934 1911 1931
f 1935 1915 1912
f 1935 1912 1932
f 1936 1920 1916
f 1936 1916 1913
f 1936 1913 1933
f 1937 1917 1914
f 1937 1914 1934
f 1938 1898 1939
f 1938 1918 1898
f 1940 1919 1915
f 1940 1915 1935
f 1941 1920 1936
f 1942 1921 1917
f 1942 1917 1937
f 1943 1922 1918
f 1943 1918 1938
f 1944 1919 1940
f 1944 1923 1919
f 1944 1927 1923
f 1945 1920 1941
f 1945 1924 1920
f 1946 1921 1942
f 1946 734 732
f 1946 1925 1921
f 1946 732 1925
f 1947 1922 1943
f 1947 1926 1922
f 1948 1927 1944
f 1949 1924 1945
f 1949 1931 1928
f 1949 1928 1924
f 1950 1926 1947
f 1950 1929 1926
f 1951 1927 1948
f 1951 1930 1927
f 1951 1933 1930
f 1952 1931 1949
f 1953 1932 1929
f 1953 1929 1950
f 1954 1933 1951
f 1955 1934 1931
f 1955 1931 1952
f 1956 1935 1932
f 1956 1932 1953
f 1957 1936 1933
f 1957 1933 1954
f 1958 1937 1934
f 1958 1934 1955
f 1959 1938 1939
f 1959 1939 1960
f 1961 1940 1935
f 1961 1935 1956
f 1962 1941 1936
f 1962 1936 1957
f 1963 1937 1958
f 1963 1942 1937
f 1964 1943 1938
f 1964 1938 1959
f 1964 1947 1943
f 1965 1944 1940
f 1965 1940 1961
f 1966 1945 1941
f 1966 1949 1945
f 1966 1941 1962
f 1967 1946 1942
f 1967 734 1946
f 1967 736 734
f 1967 1942 1963
f 1968 1947 1964
f 1968 1950 1947
f 1969 1948 1944
f 1969 1951 1948
f 1969 1944 1965
f 1970 1949 1966
f 1971 1950 1968
f 1972 1951 1969
f 1973 1949 1970
f 1973 1952 1949
f 1973 1955 1952
f 1974 1953 1950
f 1974 1950 1971
f 1975 1954 1951
f 1975 1951 1972
f 1976 1955 1973
f 1977 1953 1974
f 1977 1961 1956
f 1977 1956 1953
f 1978 1954 1975
f 1978 1957 1954
f 1979 1955 1976
f 1979 1958 1955
f 1980 1959 1960
f 1980 1960 1981
f 1982 1961 1977
f 1983 1957 1978
f 1983 1962 1957
f 1984 1967 1963
f 1984 1963 1958
f 1984 1958 1979
f 1985 1959 1980
f 1985 1964 1959
f 1986 1965 1961
f 1986 1961 1982
f 1987 1962 1983
f 1987 1966 1962
f 1988 736 1967
f 1988 738 736
f 1988 1967 1984
f 1989 1964 1985
f 1989 1968 1964
f 1990 1969 1965
f 1990 1972 1969
f 1990 1965 1986
f 1991 1970 1966
f 1991 1966 1987
f 1992 1971 1968
f 1992 1968 1989
f 1993 1975 1972
f 1993 1972 1990
f 1994 1973 1970
f 1994 1970 1991
f 1995 1974 1971
f 1995 1971 1992
f 1996 1975 1993
f 1997 1976 1973
f 1997 1973 1994
f 1998 1977 1974
f 1998 1974 1995
f 1999 1978 1975
f 1999 1975 1996
f 2000 1979 1976
f 2000 1976 1997
f 2001 1981 2002
f 2001 1980 1981
f 2003 1982 1977
f 2003 1977 1998
f 2004 1983 1978
f 2004 1987 1983
f 2004 1978 1999
f 2005 1984 1979
f 2005 1979 2000
f 2006 1985 1980
f 2006 1980 2001
f 2007 1982 2003
f 2007 1986 1982
f 2008 1987 2004
f 2009 1984 2005
f 2009 1988 1984
f 2009 738 1988
f 2009 740 738
f 2009 741 740
f 2010 1989 1985
f 2010 1985 2006
f 2010 1992 1989
f 2011 1990 1986
f 2011 1986 2007
f 2012 1987 2008
f 2012 1991 1987
f 2012 1994 1991
f 2013 1992 2010
f 2014 1990 2011
f 2014 1993 1990
f 2015 1994 2012
f 2016 1992 2013
f 2016 1995 1992
f 2016 1998 1995
f 2017 1993 2014
f 2017 1996 1993
f 2018 1994 2015
f 2018 1997 1994
f 2019 1998 2016
f 2020 1996 2017
f 2020 1999 1996
f 2021 2005 2000
f 2021 2000 1997
f 2021 1997 2018
f 2022 2002 2023
f 2022 2001 2002
f 2024 1998 2019
f 2024 2003 1998
f 2025 1999 2020
f 2025 2004 1999
f 2026 2005 2021
f 2027 2006 2001
f 2027 2001 2022
f 2028 2007 2003
f 2028 2003 2024
f 2029 2008 2004
f 2029 2004 2025
f 2030 741 2009
f 2030 2009 2005
f 2030 2005 2026
f 2031 2010 2006
f 2031 2006 2027
f 2032 2011 2007
f 2032 2007 2028
f 2033 2012 2008
f 2033 2008 2029
f 2033 2015 2012
f 2034 2013 2010
f 2034 2010 2031
f 2035 2011 2032
f 2035 2014 2011
f 2036 2015 2033
f 2037 2016 2013
f 2037 2013 2034
f 2038 2017 2014
f 2038 2014 2035
f 2039 2018 2015
f 2039 2015 2036
f 2040 2016 2037
f 2040 2019 2016
f 2041 2020 2017
f 2041 2017 2038
f 2042 2021 2018
f 2042 2018 2039
f 2043 2022 2023
f 2043 2023 2044
f 2045 2024 2019
f 2045 2019 2040
f 2046 2020 2041
f 2046 2025 2020
f 2047 2021 2042
f 2047 2026 2021
f 2048 2022 2043
f 2048 2027 2022
f 2049 2024 2045
f 2049 2028 2024
f 2050 2029 2025
f 2050 2033 2029
f 2050 2025 2046
f 2051 2026 2047
f 2051 741 2030
f 2051 739 741
f 2051 737 739
f 2051 2030 2026
f 2052 2031 2027
f 2052 2027 2048
f 2053 2028 2049
f 2053 2032 2028
f 2054 2033 2050
f 2055 2031 2052
f 2055 2034 2031
f 2056 2035 2032
f 2056 2032 2053
f 2057 2033 2054
f 2057 2036 2033
f 2058 2034 2055
f 2058 2037 2034
f 2059 2038 2035
f 2059 2035 2056
f 2060 2039 2036
f 2060 2036 2057
f 2061 2040 2037
f 2061 2037 2058
f 2062 2041 2038
f 2062 2038 2059
f 2063 2042 2039
f 2063 2047 2042
f 2063 2039 2060
f 2064 2044 2065
f 2064 2043 2044
f 2066 2045 2040
f 2066 2049 2045
f 2066 2040 2061
f 2067 2041 2062
f 2067 2046 2041
f 2068 2051 2047
f 2068 2047 2063
f 2069 2048 2043
f 2069 2043 2064
f 2070 2049 2066
f 2071 2050 2046
f 2071 2046 2067
f 2072 737 2051
f 2072 2051 2068
f 2073 2048 2069
f 2073 2052 2048
f 2074 2053 2049
f 2074 2049 2070
f 2075 2054 2050
f 2075 2050 2071
f 2076 2052 2073
f 2076 2055 2052
f 2077 2056 2053
f 2077 2059 2056
f 2077 2053 2074
f 2078 2054 2075
f 2078 2057 2054
f 2079 2055 2076
f 2079 2058 2055
f 2080 2062 2059
f 2080 2059 2077
f 2081 2060 2057
f 2081 2057 2078
f 2082 2061 2058
f 2082 2058 2079
f 2083 2062 2080
f 2084 2060 2081
f 2084 2063 2060
f 2085 2064 2065
f 2085 2065 2086
f 2085 2069 2064
f 2087 2066 2061
f 2087 2061 2082
f 2088 2062 2083
f 2088 2067 2062
f 2089 2063 2084
f 2089 2068 2063
f 2090 2073 2069
f 2090 2069 2085
f 2091 2066 2087
f 2091 2070 2066
f 2092 2067 2088
f 2092 2071 2067
f 2093 2072 2068
f 2093 735 737
f 2093 737 2072
f 2093 2068 2089
f 2094 2073 2090
f 2095 2074 2070
f 2095 2070 2091
f 2096 2075 2071
f 2096 2071 2092
f 2097 2079 2076
f 2097 2076 2073
f 2097 2073 2094
f 2098 2077 2074
f 2098 2074 2095
f 2099 2078 2075
f 2099 2075 2096
f 2100 2079 2097
f 2101 2080 2077
f 2101 2077 2098
f 2102 2081 2078
f 2102 2078 2099
f 2103 2082 2079
f 2103 2079 2100
f 2104 2083 2080
f 2104 2080 2101
f 2105 2081 2102
f 2105 2084 2081
f 2106 2086 2107
f 2106 2085 2086
f 2108 2087 2082
f 2108 2091 2087
f 2108 2082 2103
f 2109 2088 2083
f 2109 2083 2104
f 2110 2084 2105
f 2110 2089 2084
f 2111 2085 2106
f 2111 2090 2085
f 2112 2091 2108
f 2113 2092 2088
f 2113 2088 2109
f 2114 2093 2089
f 2114 2089 2110
f 2114 735 2093
f 2114 733 735
f 2114 730 733
f 2115 2090 2111
f 2115 2094 2090
f 2116 2091 2112
f 2116 2095 2091
f 2116 2098 2095
f 2117 2096 2092
f 2117 2092 2113
f 2118 2097 2094
f 2118 2094 2115
f 2119 2101 2098
f 2119 2098 2116
f 2120 2096 2117
f 2120 2099 2096
f 2121 2097 2118
f 2121 2100 2097
f 2122 2101 2119
f 2123 2099 2120
f 2123 2102 2099
f 2124 2100 2121
f 2124 2103 2100
f 2125 2101 2122
f 2125 2104 2101
f 2126 2110 2105
f 2126 2102 2123
f 2126 2105 2102
f 2127 2106 2107
f 2127 2107 2128
f 2129 2103 2124
f 2129 2108 2103
f 2130 2109 2104
f 2130 2104 2125
f 2131 2110 2126
f 2132 2111 2106
f 2132 2106 2127
f 2133 2108 2129
f 2133 2112 2108
f 2134 2117 2113
f 2134 2109 2130
f 2134 2113 2109
f 2135 2114 2110
f 2135 730 2114
f 2135 2110 2131
f 2135 728 730
f 2136 2111 2132
f 2136 2115 2111
f 2137 2116 2112
f 2137 2112 2133
f 2138 2120 2117
f 2138 2117 2134
f 2139 2118 2115
f 2139 2115 2136
f 2140 2119 2116
f 2140 2116 2137
f 2141 2120 2138
f 2142 2121 2118
f 2142 2118 2139
f 2143 2119 2140
f 2143 2122 2119
f 2144 2126 2123
f 2144 2120 2141
f 2144 2123 2120
f 2145 2121 2142
f 2145 2124 2121
f 2146 2125 2122
f 2146 2122 2143
f 2147 2126 2144
f 2148 2128 2149
f 2148 2149 1269
f 2148 1269 1270
f 2148 2127 2128
f 2148 2132 2127
f 2150 2133 2129
f 2150 2124 2145
f 2150 2129 2124
f 2151 2130 2125
f 2151 2125 2146
f 2152 2126 2147
f 2152 2131 2126
f 2152 2135 2131
f 2153 2148 1270
f 2153 1270 1272
f 2153 2136 2132
f 2153 2132 2148
f 2154 2133 2150
f 2155 2130 2151
f 2155 2134 2130
f 2156 2135 2152
f 2156 728 2135
f 2157 2153 1272
f 2157 2136 2153
f 2157 1272 1271
f 2157 2139 2136
f 2158 2133 2154
f 2158 2137 2133
f 2158 2140 2137
f 2159 2134 2155
f 2159 2138 2134
f 2160 2157 1271
f 2160 2139 2157
f 2160 1271 1274
f 2161 2143 2140
f 2161 2140 2158
f 2162 2138 2159
f 2162 2141 2138
f 2163 2139 2160
f 2163 2160 1274
f 2163 1274 1273
f 2163 2142 2139
f 2163 2145 2142
f 2164 2143 2161
f 2165 2144 2141
f 2165 2141 2162
f 2166 1273 1276
f 2166 2163 1273
f 2166 2145 2163
f 2167 2146 2143
f 2167 2143 2164
f 2168 2144 2165
f 2168 2147 2144
f 2169 2166 1276
f 2169 1276 1275
f 2169 2145 2166
f 2169 2150 2145
f 2170 2151 2146
f 2170 2146 2167
f 2171 2152 2147
f 2171 2147 2168
f 2172 2154 2150
f 2172 2150 2169
f 2172 1275 1277
f 2172 2169 1275
f 2173 2151 2170
f 2173 2155 2151
f 2174 2156 2152
f 2174 728 2156
f 2174 2152 2171
f 2174 726 728
f 2174 724 726
f 2175 2158 2154
f 2175 2172 1277
f 2175 1277 1279
f 2175 2154 2172
f 2176 2159 2155
f 2176 2162 2159
f 2176 2155 2173
f 2177 2175 1279
f 2177 2161 2158
f 2177 2158 2175
f 2177 1279 1278
f 2178 2162 2176
f 2178 2165 2162
f 2179 2161 2177
f 2179 2164 2161
f 2179 2177 1278
f 2179 1278 1280
f 2180 2165 2178
f 2181 2179 1280
f 2181 2164 2179
f 2181 1280 1282
f 2181 2167 2164
f 2182 2165 2180
f 2182 2168 2165
f 2182 2171 2168
f 2183 2167 2181
f 2183 2181 1282
f 2183 1282 1281
f 2183 2170 2167
f 2183 2173 2170
f 2184 2171 2182
f 2184 2174 2171
f 2185 2183 1281
f 2185 2173 2183
f 2185 1281 1283
f 2186 2174 2184
f 2186 724 2174
f 2187 2173 2185
f 2187 2185 1283
f 2187 1283 1284
f 2187 2176 2173
f 2188 2178 2176
f 2188 2176 2187
f 2188 2187 1284
f 2188 1284 1285
f 2189 2180 2178
f 2189 2182 2180
f 2189 2178 2188
f 2189 2188 1285
f 2189 1285 1287
f 2190 2182 2189
f 2190 2189 1287
f 2190 1287 1286
f 2191 2182 2190
f 2191 2184 2182
f 2191 1286 1288
f 2191 2190 1286
f 2192 2186 2184
f 2192 724 2186
f 2192 2184 2191
f 2192 1289 692
f 2192 1288 1289
f 2192 2191 1288
f 2192 721 724
f 2192 692 721
f 2193 579 2194
f 2193 580 579
f 2195 580 2193
f 2195 581 580
f 2196 582 581
f 2196 581 2195
f 2197 583 582
f 2197 582 2196
f 2198 584 583
f 2198 585 584
f 2198 583 2197
f 2199 585 2198
f 2200 671 585
f 2200 585 2199
f 2201 671 2200
f 2201 658 671
f 2202 658 2201
f 2202 659 658
f 2202 652 659
f 2203 652 2202
f 2204 652 2203
f 2204 653 652
f 2205 653 2204
f 2205 649 653
f 2205 643 649
f 2206 643 2205
f 2207 643 2206
f 2207 644 643
f 2207 638 644
f 2208 638 2207
f 2209 634 638
f 2209 632 634
f 2209 638 2208
f 2210 632 2209
f 2211 627 632
f 2211 632 2210
f 2212 628 627
f 2212 627 2211
f 2213 625 628
f 2213 628 2212
f 2214 619 625
f 2214 615 619
f 2214 625 2213
f 2215 615 2214
f 2216 616 615
f 2216 615 2215
f 2217 612 616
f 2217 609 612
f 2217 616 2216
f 2218 609 2217
f 2219 606 609
f 2219 609 2218
f 2220 602 606
f 2220 606 2219
f 2221 600 602
f 2221 602 2220
f 2222 596 600
f 2222 592 596
f 2222 600 2221
f 2223 592 2222
f 2224 587 592
f 2224 588 587
f 2224 592 2223
f 2225 588 2224
f 2225 589 588
f 2226 589 2225
f 2227 589 2226
f 2227 594 589
f 2227 562 594
f 2228 562 2227
f 2228 561 562
f 2229 561 2228
f 2230 560 561
f 2230 561 2229
f 2230 559 560
f 2231 559 2230
f 2232 556 559
f 2232 559 2231
f 2233 555 556
f 2233 552 555
f 2233 556 2232
f 2234 552 2233
f 2235 551 552
f 2235 552 2234
f 2236 549 551
f 2236 547 549
f 2236 551 2235
f 2237 547 2236
f 2238 545 547
f 2238 543 545
f 2238 547 2237
f 2239 543 2238
f 2240 541 543
f 2240 539 541
f 2240 543 2239
f 2241 539 2240
f 2242 537 539
f 2242 539 2241
f 2243 515 537
f 2243 537 2242
f 2244 513 515
f 2244 515 2243
f 2245 511 513
f 2245 509 511
f 2245 513 2244
f 2246 509 2245
f 2247 512 509
f 2247 509 2246
f 2248 514 512
f 2248 512 2247
f 2249 516 514
f 2249 514 2248
f 2250 538 516
f 2250 516 2249
f 2251 538 2250
f 2251 540 538
f 2251 542 540
f 2252 542 2251
f 2253 542 2252
f 2253 544 542
f 2254 544 2253
f 2254 546 544
f 2255 546 2254
f 2255 548 546
f 2256 548 2255
f 2256 550 548
f 2257 550 2256
f 2257 553 550
f 2258 553 2257
f 2258 554 553
f 2259 554 2258
f 2259 557 554
f 2260 557 2259
f 2260 558 557
f 2261 558 2260
f 2261 563 558
f 2262 563 2261
f 2262 564 563
f 2262 565 564
f 2263 565 2262
f 2264 565 2263
f 2264 566 565
f 2264 567 566
f 2265 567 2264
f 2265 568 567
f 2266 568 2265
f 2267 569 568
f 2267 568 2266
f 2268 570 569
f 2268 571 570
f 2268 569 2267
f 2269 571 2268
f 2270 572 571
f 2270 573 572
f 2270 571 2269
f 2271 573 2270
f 2272 574 573
f 2272 575 574
f 2272 573 2271
f 2273 575 2272
f 2274 576 575
f 2274 575 2273
f 2275 577 576
f 2275 578 577
f 2275 576 2274
f 2276 578 2275
f 2194 578 2276
f 2194 579 578
f 2277 698 2278
f 2277 699 698
f 2279 699 2277
f 2279 700 699
f 2280 701 700
f 2280 700 2279
f 2281 702 701
f 2281 701 2280
f 2282 703 702
f 2282 704 703
f 2282 702 2281
f 2283 704 2282
f 2284 705 704
f 2284 704 2283
f 2285 705 2284
f 2285 706 705
f 2286 706 2285
f 2286 707 706
f 2286 708 707
f 2287 708 2286
f 2288 708 2287
f 2288 709 708
f 2289 709 2288
f 2289 710 709
f 2289 711 710
f 2290 711 2289
f 2291 711 2290
f 2291 712 711
f 2291 713 712
f 2292 713 2291
f 2293 714 713
f 2293 715 714
f 2293 713 2292
f 2294 715 2293
f 2295 723 715
f 2295 715 2294
f 2296 717 723
f 2296 723 2295
f 2297 718 717
f 2297 717 2296
f 2298 719 718
f 2298 720 719
f 2298 718 2297
f 2299 720 2298
f 2300 687 720
f 2300 720 2299
f 2301 688 687
f 2301 689 688
f 2301 687 2300
f 2302 689 2301
f 2303 690 689
f 2303 689 2302
f 2304 691 690
f 2304 690 2303
f 2305 662 691
f 2305 691 2304
f 2306 660 662
f 2306 656 660
f 2306 662 2305
f 2307 656 2306
f 2308 654 656
f 2308 650 654
f 2308 656 2307
f 2309 650 2308
f 2309 647 650
f 2310 647 2309
f 2311 647 2310
f 2311 645 647
f 2311 641 645
f 2312 641 2311
f 2312 639 641
f 2313 639 2312
f 2314 636 639
f 2314 639 2313
f 2314 635 636
f 2315 635 2314
f 2316 630 635
f 2316 635 2315
f 2317 629 630
f 2317 623 629
f 2317 630 2316
f 2318 623 2317
f 2319 622 623
f 2319 623 2318
f 2320 620 622
f 2320 617 620
f 2320 622 2319
f 2321 617 2320
f 2322 613 617
f 2322 610 613
f 2322 617 2321
f 2323 610 2322
f 2324 607 610
f 2324 604 607
f 2324 610 2323
f 2325 604 2324
f 2326 598 604
f 2326 604 2325
f 2327 597 598
f 2327 598 2326
f 2328 593 597
f 2328 597 2327
f 2329 586 593
f 2329 590 586
f 2329 593 2328
f 2330 590 2329
f 2331 591 590
f 2331 590 2330
f 2332 595 591
f 2332 591 2331
f 2333 599 595
f 2333 595 2332
f 2334 601 599
f 2334 599 2333
f 2335 601 2334
f 2335 605 601
f 2335 608 605
f 2336 608 2335
f 2337 608 2336
f 2337 611 608
f 2338 611 2337
f 2338 614 611
f 2339 614 2338
f 2339 618 614
f 2340 618 2339
f 2340 621 618
f 2341 621 2340
f 2341 624 621
f 2342 624 2341
f 2342 626 624
f 2343 626 2342
f 2343 631 626
f 2344 631 2343
f 2344 633 631
f 2345 633 2344
f 2345 637 633
f 2346 637 2345
f 2346 640 637
f 2346 642 640
f 2347 642 2346
f 2348 642 2347
f 2348 646 642
f 2348 648 646
f 2349 648 2348
f 2349 651 648
f 2350 651 2349
f 2351 655 651
f 2351 651 2350
f 2352 657 655
f 2352 661 657
f 2352 655 2351
f 2353 661 2352
f 2354 670 661
f 2354 672 670
f 2354 661 2353
f 2355 672 2354
f 2356 693 672
f 2356 694 693
f 2356 672 2355
f 2357 694 2356
f 2358 695 694
f 2358 694 2357
f 2359 696 695
f 2359 697 696
f 2359 695 2358
f 2360 697 2359
f 2278 697 2360
f 2278 698 697
f 2361 2362 2363
f 2361 2363 2364
f 2365 2363 2366
f 2365 2364 2363
f 2367 2362 2361
f 2368 2362 2367
f 2369 2365 2366
f 2370 2369 2366
f 2371 2372 2362
f 2371 2362 2368
f 2373 2366 2374
f 2373 2370 2366
f 2375 2372 2371
f 2376 2373 2374
f 2377 2372 2375
f 2377 1184 2372
f 2378 2376 2374
f 2379 1184 2377
f 2380 2374 2381
f 2380 2378 2374
f 2382 1184 2379
f 2383 2380 2381
f 2384 1184 2382
f 2385 2381 2386
f 2385 2383 2381
f 2387 1184 2384
f 2388 2385 2386
f 2389 1184 2387
f 2390 2388 2386
f 2391 1184 2389
f 2392 2386 2393
f 2392 2390 2386
f 2394 1184 2391
f 2395 1184 2394
f 2396 2392 2393
f 2397 1184 2395
f 2398 2393 2399
f 2398 2396 2393
f 2400 1184 2397
f 2401 2398 2399
f 2402 1184 2400
f 2403 2401 2399
f 2404 1119 1184
f 2404 1184 2402
f 2405 2399 2406
f 2405 2403 2399
f 2407 1119 2404
f 2408 2405 2406
f 2409 1119 2407
f 2410 2408 2406
f 2411 2410 2406
f 2412 2411 2406
f 2413 2412 2406
f 2414 2413 2406
f 2415 2414 2406
f 2416 2415 2406
f 2417 2416 2406
f 2418 2417 2406
f 2419 2418 2406
f 2420 2419 2406
f 2421 2409 2422
f 2421 2422 2423
f 2424 2421 2423
f 2425 2424 2423
f 2425 2423 2426
f 2427 1291 1119
f 2427 2409 2421
f 2427 1119 2409
f 2428 2425 2426
f 2428 2426 2429
f 2430 1291 2427
f 2431 2428 2429
f 2431 2429 2432
f 2433 2434 1291
f 2433 1291 2430
f 2435 2431 2432
f 2435 2432 2436
f 2435 2436 2437
f 2438 2434 2433
f 2439 2435 2437
f 2439 2437 2440
f 2441 2434 2438
f 2442 2439 2440
f 2443 2434 2441
f 2444 2442 2440
f 2444 2440 2445
f 2446 2434 2443
f 2447 2444 2445
f 2447 2445 2448
f 2447 2448 2449
f 2450 2434 2446
f 2451 2447 2449
f 2452 2434 2450
f 2453 2451 2449
f 2453 2449 2454
f 2455 2434 2452
f 2456 2454 2457
f 2456 2457 2458
f 2456 2453 2454
f 2459 2434 2455
f 2460 2434 2459
f 2461 2456 2458
f 2462 2434 2460
f 2463 2461 2458
f 2463 2458 2464
f 2465 2463 2464
f 2465 2464 2466
f 2465 2466 2467
f 2468 2434 2462
f 2469 2434 2468
f 2469 2470 2434
f 2471 2465 2467
f 2472 2470 2469
f 2473 2471 2467
f 2473 2467 2474
f 2475 2470 2472
f 2476 2474 2477
f 2476 2473 2474
f 2478 2476 2477
f 2478 2477 2479
f 2480 2478 2479
f 2480 2479 2481
f 2482 2480 2481
f 2482 2481 2483
f 2484 2482 2483
f 2484 2483 2485
f 2486 2475 2487
f 2486 2487 2488
f 2486 2488 2489
f 2486 2470 2475
f 2490 2486 2489
f 2490 2489 2491
f 2490 2491 2492
f 2493 2490 2492
f 2493 2492 2494
f 2493 2494 2495
f 2493 2495 2496
f 2497 2493 2496
f 2497 2496 2498
f 2497 2498 2499
f 2497 2499 2500
f 2501 2500 2502
f 2501 2502 2503
f 2501 2497 2500
f 2504 2501 2503
f 2504 2503 2505
f 2504 2505 2506
f 2504 2506 2507
f 2508 2504 2507
f 2508 2507 2509
f 2508 2509 2510
f 2511 2508 2510
f 2511 2510 2512
f 2511 2512 2513
f 2511 2513 2514
f 2515 2514 2516
f 2515 2516 2517
f 2515 2517 2518
f 2515 2518 2519
f 2515 2519 2520
f 2515 2520 2521
f 2515 2521 2522
f 2515 2522 2523
f 2515 2523 2524
f 2515 2524 2525
f 2515 2525 2526
f 2515 2526 2527
f 2515 2511 2514
f 2528 2420 2406
f 2528 2529 2420
f 2530 2531 2529
f 2530 2529 2528
f 2532 2528 2406
f 2532 2406 2533
f 2534 2535 2531
f 2534 2531 2530
f 2536 2532 2533
f 2537 2538 2535
f 2537 2535 2534
f 2539 2536 2533
f 2540 2541 2538
f 2540 2538 2537
f 2542 2539 2533
f 2543 2544 2541
f 2543 2541 2540
f 2545 2542 2533
f 2546 2547 2548
f 2546 2548 2544
f 2546 2544 2543
f 2549 2545 2533
f 2550 2551 2547
f 2550 2547 2546
f 2552 2549 2533
f 2553 2554 2551
f 2553 2551 2550
f 2555 2552 2533
f 2556 2557 2554
f 2556 2554 2553
f 2558 2555 2533
f 2559 2485 2557
f 2559 2557 2556
f 2560 2558 2533
f 2561 2484 2485
f 2561 2485 2559
f 2562 2533 2406
f 2563 2560 2533
f 2564 2565 2484
f 2564 2484 2561
f 2566 2563 2533
f 2567 2568 2565
f 2567 2565 2564
f 2569 2566 2533
f 2570 2571 2568
f 2570 2568 2567
f 2572 2569 2533
f 2573 2574 2571
f 2573 2571 2570
f 2575 2572 2533
f 2576 2574 2573
f 2576 2577 2578
f 2576 2578 2574
f 2579 2575 2533
f 2580 2577 2576
f 2580 2581 2577
f 2582 2579 2533
f 2583 2581 2580
f 2583 2584 2581
f 2585 2582 2533
f 2586 2584 2583
f 2586 2587 2584
f 2588 2585 2533
f 2589 2587 2586
f 2589 2590 2587
f 2591 2588 2533
f 2592 2590 2589
f 2592 2593 2590
f 2594 2591 2533
f 2595 2593 2592
f 2595 2515 2527
f 2595 2527 2593
f 2596 2594 2533
f 2597 2515 2595
f 2598 2596 2533
f 2599 2598 2533
f 2600 2599 2533
f 2601 2600 2533
f 2602 2601 2533
f 2603 2604 2605
f 2603 2605 2606
f 2603 2606 2607
f 2603 2607 2608
f 2603 2608 2609
f 2603 2609 2610
f 2603 2610 2611
f 2603 2611 2612
f 2603 2612 2613
f 2603 2613 2614
f 2603 2614 2615
f 2603 2615 2616
f 2603 2515 2597
f 2603 2597 2617
f 2603 2617 2618
f 2603 2618 2619
f 2603 2619 2620
f 2603 2620 2621
f 2603 2621 2622
f 2603 2622 2623
f 2603 2623 2624
f 2603 2624 2625
f 2603 2625 2626
f 2603 2626 2627
f 2603 2627 2628
f 2603 2628 2629
f 2603 2629 2604
f 2630 2562 2631
f 2632 2562 2630
f 2633 2631 2562
f 2633 2562 2634
f 2635 2633 2634
f 2636 2562 2632
f 2637 2635 2634
f 2637 2634 2638
f 2639 2562 2636
f 2640 2637 2638
f 2641 2562 2639
f 2642 2640 2638
f 2643 2562 2641
f 2644 2642 2638
f 2644 2638 2645
f 2646 2562 2643
f 2647 2562 2646
f 2648 2644 2645
f 2649 2648 2645
f 2649 2645 2650
f 2651 2562 2647
f 2651 2533 2562
f 2652 2649 2650
f 2653 2533 2651
f 2654 2533 2653
f 2655 2652 2650
f 2656 2655 2650
f 2656 2650 2657
f 2658 2533 2654
f 2659 2533 2658
f 2660 2656 2657
f 2661 2660 2657
f 2662 2533 2659
f 2663 2533 2662
f 2664 2661 2657
f 2664 2657 2665
f 2666 2533 2663
f 2667 2664 2665
f 2668 2533 2666
f 2669 2667 2665
f 2670 2533 2668
f 2671 2665 2672
f 2671 2669 2665
f 2673 2533 2670
f 2674 2671 2672
f 2675 2674 2672
f 2676 2672 2677
f 2676 2675 2672
f 2678 2676 2677
f 2679 2678 2677
f 2680 2679 2677
f 2681 2682 2683
f 2681 2683 2684
f 2681 2684 2680
f 2681 2680 2677
f 2685 2682 2681
f 2685 2686 2687
f 2685 2687 2682
f 2688 2689 2686
f 2688 2686 2685
f 2690 2691 2692
f 2690 2692 2693
f 2690 2693 2694
f 2690 2694 2695
f 2690 2695 2696
f 2690 2696 2697
f 2690 2697 2698
f 2690 2698 2699
f 2690 2699 2700
f 2690 2700 2701
f 2690 2701 2702
f 2690 2702 2703
f 2690 2703 2704
f 2690 2704 2705
f 2690 2705 2706
f 2690 2706 2707
f 2690 2707 2708
f 2690 2708 2709
f 2690 2709 2710
f 2690 2710 2711
f 2690 2711 2712
f 2690 2712 2713
f 2690 2713 2689
f 2690 2688 2714
f 2690 2689 2688
f 2715 2690 2714
f 2716 2690 2715
f 2717 2690 2716
f 2718 2690 2717
f 2719 2720 2690
f 2721 2690 2720
f 2722 2719 2690
f 2723 2690 2721
f 2724 2722 2690
f 2725 2690 2723
f 2726 2724 2690
f 2727 2690 2725
f 2728 2726 2690
f 2729 2728 2690
f 2730 2729 2690
f 2731 2730 2690
f 2732 2731 2690
f 2733 2732 2690
f 2734 2733 2690
f 2735 2734 2690
f 2736 2735 2690
f 2737 2736 2690
f 2738 2690 2718
f 2739 2737 2690
f 2739 2690 2738
f 2740 2739 2738
f 2741 2740 2738
f 2741 2742 2743
f 2741 2743 2740
f 2744 2745 2746
f 2744 2746 2747
f 2744 2747 2742
f 2744 2742 2741
f 2748 2603 2749
f 2750 2603 2748
f 2751 2603 2750
f 2752 2603 2751
f 2753 2603 2752
f 2754 2603 2753
f 2755 2603 2754
f 2756 2603 2755
f 2757 2603 2756
f 2758 2603 2757
f 2759 2760 2761
f 2759 2761 2762
f 2759 2762 2745
f 2759 2745 2744
f 2763 2764 2765
f 2763 2765 2766
f 2763 2766 2767
f 2763 2767 2768
f 2763 2768 2769
f 2763 2769 2770
f 2763 2770 2771
f 2763 2771 2760
f 2763 2760 2759
f 2772 2773 2774
f 2772 2774 2775
f 2772 2775 2776
f 2772 2777 2778
f 2772 2776 2779
f 2772 2778 2780
f 2772 2779 2781
f 2772 2780 2782
f 2772 2781 2783
f 2772 2782 2784
f 2772 2783 2785
f 2772 2784 2786
f 2772 2785 2787
f 2772 2786 2788
f 2772 2787 2789
f 2772 2788 2790
f 2772 2789 2791
f 2772 2790 2792
f 2772 2791 2793
f 2772 2792 2794
f 2772 2793 2795
f 2772 2795 2796
f 2772 2794 2797
f 2772 2796 2798
f 2772 2797 2799
f 2772 2798 2800
f 2772 2799 2801
f 2772 2800 2802
f 2772 2801 2803
f 2772 2802 2804
f 2772 2803 2805
f 2772 2804 2806
f 2772 2805 2807
f 2772 2806 2808
f 2772 2807 2809
f 2772 2808 2810
f 2772 2809 2811
f 2772 2810 2812
f 2772 2811 2813
f 2772 2812 2814
f 2772 2813 2815
f 2772 2814 2816
f 2817 2603 2758
f 2817 2515 2603
f 2817 2758 2818
f 2817 2818 2819
f 2817 2819 2820
f 2817 2820 2821
f 2817 2821 2822
f 2817 2822 2823
f 2817 2823 2824
f 2817 2824 2825
f 2817 2825 2826
f 2817 2826 2827
f 2828 2764 2763
f 2828 2829 2830
f 2828 2830 2831
f 2828 2831 2832
f 2828 2832 2833
f 2828 2833 2834
f 2828 2834 2835
f 2828 2835 2836
f 2828 2836 2764
f 2837 2829 2828
f 2837 2838 2839
f 2837 2839 2840
f 2837 2840 2829
f 2841 2817 2827
f 2841 2827 2842
f 2841 2842 2843
f 2844 2841 2843
f 2844 2843 2845
f 2844 2845 2846
f 2844 2846 2847
f 2848 2838 2837
f 2848 2849 2850
f 2848 2850 2851
f 2848 2851 2838
f 2852 2849 2848
f 2852 2853 2854
f 2852 2854 2849
f 2855 2844 2847
f 2855 2847 2856
f 2855 2856 2857
f 2858 2855 2857
f 2858 2857 2859
f 2858 2859 2860
f 2858 2860 2861
f 2862 2815 2853
f 2862 2853 2852
f 2862 2772 2815
f 2863 2858 2861
f 2863 2861 2864
f 2863 2864 2865
f 2863 2865 2866
f 2867 2772 2862
f 2868 2869 2870
f 2868 2870 2871
f 2868 2863 2866
f 2868 2866 2869
f 2872 2772 2867
f 2873 2871 2874
f 2873 2874 2875
f 2873 2875 2876
f 2873 2868 2871
f 2877 2772 2872
f 2878 2876 2879
f 2878 2879 2880
f 2878 2880 2881
f 2878 2873 2876
f 2882 2772 2877
f 2883 2772 2882
f 2884 2881 2885
f 2884 2885 2886
f 2884 2886 2887
f 2884 2878 2881
f 2888 2887 2889
f 2888 2889 2890
f 2888 2884 2887
f 2891 2773 2772
f 2891 2890 2773
f 2891 2888 2890
f 2891 2772 2883
f 2772 2816 2603
f 2816 2892 2603
f 2892 2893 2603
f 2893 2894 2603
f 2894 2895 2603
f 2895 2896 2603
f 2896 2897 2603
f 2897 2898 2603
f 2898 2899 2603
f 2899 2900 2603
f 2900 2901 2603
f 2901 2902 2603
f 2902 2903 2603
f 2903 2749 2603
f 2533 2691 2690
f 2533 2904 2691
f 2533 2905 2904
f 2533 2906 2905
f 2533 2907 2906
f 2533 2908 2907
f 2533 2909 2908
f 2533 2910 2909
f 2533 2911 2910
f 2533 2912 2911
f 2533 2913 2912
f 2533 2914 2913
f 2533 2915 2914
f 2533 2673 2915
f 2690 2916 2917
f 2690 2727 2916
f 2918 2772 2919
f 2918 2777 2772
f 2920 2921 2922
f 2920 2923 2921
f 2924 2920 2922
f 2924 2922 2925
f 2926 2925 2927
f 2926 2924 2925
f 2928 2927 2929
f 2928 2926 2927
f 2930 2929 2931
f 2930 2928 2929
f 2932 2931 2933
f 2932 2930 2931
f 2934 2933 2935
f 2934 2932 2933
f 2936 2935 2937
f 2936 2934 2935
f 2938 2937 2939
f 2938 2936 2937
f 2940 2939 2941
f 2940 2938 2939
f 2942 2941 2943
f 2942 2940 2941
f 2944 2943 2945
f 2944 2942 2943
f 2946 2944 2945
f 2946 2945 2947
f 2948 2946 2947
f 2948 2947 2949
f 2950 2949 2951
f 2950 2948 2949
f 2952 2951 2953
f 2952 2950 2951
f 2954 2952 2953
f 2954 2953 2955
f 2954 2399 2952
f 2956 2955 2957
f 2956 2399 2954
f 2956 2954 2955
f 2958 2956 2957
f 2958 2957 2959
f 2958 2399 2956
f 2960 2406 2399
f 2960 2958 2959
f 2960 2959 2961
f 2960 2961 2406
f 2960 2399 2958
f 2962 2963 2923
f 2962 2923 2920
f 2964 2962 2920
f 2964 2920 2924
f 2965 2924 2926
f 2965 2964 2924
f 2966 2926 2928
f 2966 2965 2926
f 2967 2966 2928
f 2967 2928 2930
f 2968 2967 2930
f 2968 2930 2932
f 2969 2968 2932
f 2969 2932 2934
f 2970 2934 2936
f 2970 2969 2934
f 2971 2970 2936
f 2971 2936 2938
f 2972 2938 2940
f 2972 2971 2938
f 2973 2972 2940
f 2973 2940 2942
f 2974 2973 2942
f 2974 2942 2944
f 2975 2974 2944
f 2975 2944 2946
f 2976 2946 2948
f 2976 2975 2946
f 2977 2976 2948
f 2977 2393 2976
f 2977 2948 2950
f 2978 2393 2977
f 2978 2977 2950
f 2978 2952 2399
f 2978 2950 2952
f 2979 2393 2978
f 2979 2978 2399
f 2980 2393 2979
f 2980 2979 2399
f 2981 2393 2980
f 2981 2980 2399
f 2982 2399 2393
f 2982 2393 2981
f 2982 2981 2399
f 2983 2984 2963
f 2983 2963 2962
f 2985 2983 2962
f 2985 2962 2964
f 2986 2985 2964
f 2986 2964 2965
f 2987 2986 2965
f 2987 2965 2966
f 2988 2989 2984
f 2988 2984 2983
f 2988 2983 2985
f 2990 2987 2966
f 2990 2966 2967
f 2991 2988 2985
f 2991 2985 2986
f 2992 2990 2967
f 2992 2967 2968
f 2993 2991 2986
f 2994 2992 2968
f 2994 2968 2969
f 2995 2986 2987
f 2995 2993 2986
f 2996 2969 2970
f 2996 2994 2969
f 2997 2987 2990
f 2997 2995 2987
f 2998 2970 2971
f 2998 2996 2970
f 2999 2998 2971
f 2999 2971 2972
f 3000 2990 2992
f 3000 2997 2990
f 3001 2992 2994
f 3001 3000 2992
f 3002 2972 2973
f 3002 2999 2972
f 3003 2994 2996
f 3003 3001 2994
f 3004 2973 2974
f 3004 3002 2973
f 3005 2996 2998
f 3005 3003 2996
f 3006 2974 2975
f 3006 3004 2974
f 3007 2998 2999
f 3007 3005 2998
f 3008 2976 2393
f 3008 2975 2976
f 3008 3006 2975
f 3009 2999 3002
f 3009 3007 2999
f 3010 3008 2393
f 3011 3010 2393
f 3012 3009 3002
f 3012 3002 3004
f 3013 3011 2393
f 3014 3004 3006
f 3014 3012 3004
f 3015 3014 3006
f 3015 3006 3008
f 3016 3013 2393
f 3017 3008 3010
f 3017 3015 3008
f 3018 3016 2393
f 3019 2393 2386
f 3019 3018 2393
f 3020 3010 3011
f 3020 3017 3010
f 3020 3011 3013
f 3021 2989 2988
f 3022 3013 3016
f 3022 3020 3013
f 3023 3021 2988
f 3023 2988 2991
f 3023 2991 2993
f 3024 3022 3016
f 3025 3023 2993
f 3026 3024 3016
f 3026 3016 3018
f 3027 3025 2993
f 3027 2993 2995
f 3027 2995 2997
f 3028 3019 2386
f 3028 3018 3019
f 3028 3026 3018
f 3029 3027 2997
f 3030 3029 2997
f 3030 2997 3000
f 3031 3032 2989
f 3031 2989 3021
f 3033 3030 3000
f 3033 3000 3001
f 3034 3031 3021
f 3034 3021 3023
f 3035 3033 3001
f 3035 3001 3003
f 3036 3034 3023
f 3036 3023 3025
f 3037 3035 3003
f 3037 3003 3005
f 3038 3025 3027
f 3038 3036 3025
f 3039 3005 3007
f 3039 3037 3005
f 3040 3027 3029
f 3040 3038 3027
f 3041 3007 3009
f 3041 3039 3007
f 3042 3029 3030
f 3042 3040 3029
f 3043 3041 3009
f 3043 3009 3012
f 3044 3030 3033
f 3044 3042 3030
f 3045 3012 3014
f 3045 3043 3012
f 3046 3044 3033
f 3046 3033 3035
f 3047 3045 3014
f 3047 3014 3015
f 3048 3046 3035
f 3048 3035 3037
f 3049 3047 3015
f 3049 3015 3017
f 3049 3017 3020
f 3050 3039 3041
f 3050 3048 3037
f 3050 3037 3039
f 3051 3049 3020
f 3052 3050 3041
f 3053 3020 3022
f 3053 3051 3020
f 3054 3041 3043
f 3054 3052 3041
f 3055 3053 3022
f 3055 3022 3024
f 3056 3045 3047
f 3056 3043 3045
f 3056 3054 3043
f 3057 3055 3024
f 3057 3024 3026
f 3058 3056 3047
f 3059 2386 2381
f 3059 3057 3026
f 3059 3028 2386
f 3059 3026 3028
f 3060 3058 3047
f 3060 3047 3049
f 3061 3032 3031
f 3062 3049 3051
f 3062 3060 3049
f 3063 3061 3031
f 3063 3031 3034
f 3064 3051 3053
f 3064 3062 3051
f 3065 3063 3034
f 3065 3034 3036
f 3066 3053 3055
f 3066 3064 3053
f 3067 3065 3036
f 3067 3036 3038
f 3068 3055 3057
f 3068 3066 3055
f 3069 3067 3038
f 3069 3038 3040
f 3070 3059 2381
f 3070 3057 3059
f 3070 3068 3057
f 3071 3040 3042
f 3071 3042 3044
f 3071 3069 3040
f 3072 3044 3046
f 3072 3071 3044
f 3073 3032 3061
f 3073 3074 3032
f 3075 3072 3046
f 3076 3073 3061
f 3076 3061 3063
f 3076 3063 3065
f 3077 3046 3048
f 3077 3075 3046
f 3078 3065 3067
f 3078 3076 3065
f 3079 3048 3050
f 3079 3077 3048
f 3080 3078 3067
f 3081 3050 3052
f 3081 3079 3050
f 3082 3080 3067
f 3082 3067 3069
f 3082 3069 3071
f 3083 3054 3056
f 3083 3052 3054
f 3083 3081 3052
f 3084 3082 3071
f 3085 3056 3058
f 3085 3083 3056
f 3086 3084 3071
f 3086 3071 3072
f 3087 3085 3058
f 3088 3072 3075
f 3088 3086 3072
f 3088 3075 3077
f 3089 3058 3060
f 3089 3087 3058
f 3090 3088 3077
f 3091 3089 3060
f 3091 3060 3062
f 3092 3077 3079
f 3092 3090 3077
f 3093 3091 3062
f 3093 3062 3064
f 3094 3079 3081
f 3094 3092 3079
f 3095 3093 3064
f 3095 3064 3066
f 3096 3094 3081
f 3096 3081 3083
f 3097 3095 3066
f 3097 3066 3068
f 3097 3068 3070
f 3098 3083 3085
f 3098 3096 3083
f 3099 2381 2374
f 3099 3097 3070
f 3099 3070 2381
f 3100 3085 3087
f 3100 3098 3085
f 3101 3074 3073
f 3102 3087 3089
f 3102 3100 3087
f 3103 3073 3076
f 3103 3101 3073
f 3104 3089 3091
f 3104 3102 3089
f 3105 3076 3078
f 3105 3103 3076
f 3106 3104 3091
f 3106 3091 3093
f 3106 3093 3095
f 3107 3080 3082
f 3107 3105 3078
f 3107 3078 3080
f 3108 3106 3095
f 3109 3082 3084
f 3109 3107 3082
f 3110 3095 3097
f 3110 3108 3095
f 3111 3109 3084
f 3112 3110 3097
f 3112 3099 2374
f 3112 3097 3099
f 3113 3111 3084
f 3113 3084 3086
f 3114 3113 3086
f 3114 3086 3088
f 3115 3116 3074
f 3115 3074 3101
f 3117 3088 3090
f 3117 3114 3088
f 3118 3115 3101
f 3118 3103 3105
f 3118 3101 3103
f 3119 3090 3092
f 3119 3117 3090
f 3120 3118 3105
f 3121 3092 3094
f 3121 3119 3092
f 3122 3105 3107
f 3122 3120 3105
f 3123 3121 3094
f 3123 3094 3096
f 3123 3096 3098
f 3124 3122 3107
f 3124 3107 3109
f 3125 3123 3098
f 3126 3124 3109
f 3126 3109 3111
f 3127 3125 3098
f 3127 3098 3100
f 3128 3126 3111
f 3128 3111 3113
f 3129 3127 3100
f 3129 3100 3102
f 3129 3102 3104
f 3130 3129 3104
f 3131 3113 3114
f 3131 3128 3113
f 3131 3114 3117
f 3132 3104 3106
f 3132 3130 3104
f 3132 3106 3108
f 3133 3117 3119
f 3133 3131 3117
f 3134 3133 3119
f 3135 3132 3108
f 3136 3119 3121
f 3136 3134 3119
f 3137 3108 3110
f 3137 3135 3108
f 3137 3110 3112
f 3138 2374 2366
f 3138 3112 2374
f 3138 3137 3112
f 3139 3136 3121
f 3139 3121 3123
f 3140 3116 3115
f 3141 3139 3123
f 3141 3123 3125
f 3142 3115 3118
f 3142 3140 3115
f 3143 3141 3125
f 3143 3125 3127
f 3144 3118 3120
f 3144 3142 3118
f 3145 3143 3127
f 3145 3127 3129
f 3146 3120 3122
f 3146 3122 3124
f 3146 3144 3120
f 3147 3145 3129
f 3147 3129 3130
f 3148 3147 3130
f 3148 3130 3132
f 3148 3132 3135
f 3149 3146 3124
f 3150 3124 3126
f 3150 3149 3124
f 3151 3148 3135
f 3152 3150 3126
f 3152 3126 3128
f 3153 3151 3135
f 3153 3135 3137
f 3154 3153 3137
f 3154 3138 2366
f 3154 3137 3138
f 3155 3152 3128
f 3155 3128 3131
f 3156 3155 3131
f 3156 3131 3133
f 3157 3156 3133
f 3157 3133 3134
f 3157 3134 3136
f 3158 3116 3140
f 3158 3159 3116
f 3158 3140 3142
f 3160 3157 3136
f 3161 3158 3142
f 3162 3160 3136
f 3162 3136 3139
f 3163 3142 3144
f 3163 3161 3142
f 3164 3162 3139
f 3164 3139 3141
f 3165 3144 3146
f 3165 3163 3144
f 3166 3164 3141
f 3166 3141 3143
f 3167 3146 3149
f 3167 3165 3146
f 3168 3166 3143
f 3168 3143 3145
f 3169 3167 3149
f 3169 3149 3150
f 3170 3145 3147
f 3170 3168 3145
f 3171 3150 3152
f 3171 3169 3150
f 3172 3147 3148
f 3172 3170 3147
f 3173 3152 3155
f 3173 3171 3152
f 3174 3172 3148
f 3174 3148 3151
f 3175 3155 3156
f 3175 3173 3155
f 3176 3174 3151
f 3176 3151 3153
f 3177 3156 3157
f 3177 3175 3156
f 3178 2366 2363
f 3178 3154 2366
f 3178 3153 3154
f 3178 3176 3153
f 3179 3157 3160
f 3179 3177 3157
f 3180 3159 3158
f 3180 3158 3161
f 3181 3160 3162
f 3181 3179 3160
f 3182 3180 3161
f 3183 3162 3164
f 3183 3181 3162
f 3184 3182 3161
f 3184 3161 3163
f 3184 3163 3165
f 3185 3183 3164
f 3185 3164 3166
f 3186 3184 3165
f 3187 3185 3166
f 3187 3166 3168
f 3188 3186 3165
f 3188 3165 3167
f 3188 3167 3169
f 3189 3187 3168
f 3189 3168 3170
f 3190 3188 3169
f 3191 3170 3172
f 3191 3189 3170
f 3192 3190 3169
f 3192 3169 3171
f 3193 3191 3172
f 3193 3172 3174
f 3194 3192 3171
f 3194 3173 3175
f 3194 3171 3173
f 3195 3193 3174
f 3195 3174 3176
f 3196 3194 3175
f 3196 3175 3177
f 3197 3176 3178
f 3197 3195 3176
f 3197 3178 2363
f 3198 3196 3177
f 3199 3198 3177
f 3199 3177 3179
f 3199 3179 3181
f 3200 3201 3159
f 3200 3180 3182
f 3200 3159 3180
f 3202 3199 3181
f 3203 3200 3182
f 3204 3181 3183
f 3204 3202 3181
f 3205 3184 3186
f 3205 3203 3182
f 3205 3182 3184
f 3206 3183 3185
f 3206 3185 3187
f 3206 3204 3183
f 3207 3205 3186
f 3208 3206 3187
f 3209 3188 3190
f 3209 3186 3188
f 3209 3207 3186
f 3210 3187 3189
f 3210 3208 3187
f 3211 3190 3192
f 3211 3209 3190
f 3212 3210 3189
f 3212 3189 3191
f 3213 3211 3192
f 3214 3191 3193
f 3214 3212 3191
f 3215 3192 3194
f 3215 3213 3192
f 3216 3214 3193
f 3216 3195 3197
f 3216 3193 3195
f 3217 3215 3194
f 3217 3194 3196
f 3217 3196 3198
f 3218 3216 3197
f 3218 2363 2362
f 3218 3197 2363
f 3219 3217 3198
f 3220 3201 3200
f 3220 3221 3222
f 3220 3222 3201
f 3223 3198 3199
f 3223 3199 3202
f 3223 3219 3198
f 3224 3221 3220
f 3224 3200 3203
f 3224 3225 3226
f 3224 3226 3221
f 3224 3220 3200
f 3227 3223 3202
f 3227 3202 3204
f 3228 3203 3205
f 3228 3225 3224
f 3228 3224 3203
f 3228 3229 3225
f 3228 3205 3207
f 3230 3227 3204
f 3231 3229 3228
f 3231 3228 3207
f 3232 3230 3204
f 3232 3204 3206
f 3232 3206 3208
f 3233 3207 3209
f 3233 3229 3231
f 3233 3231 3207
f 3233 3209 3211
f 3234 3232 3208
f 3235 3233 3211
f 3236 3234 3208
f 3236 3210 3212
f 3236 3208 3210
f 3237 3211 3213
f 3237 3235 3211
f 3238 3236 3212
f 3239 3229 3233
f 3239 3240 3241
f 3239 3241 3229
f 3242 3215 3217
f 3242 3237 3213
f 3242 3213 3215
f 3243 3212 3214
f 3243 3238 3212
f 3243 3214 3216
f 3244 3233 3235
f 3244 3239 3233
f 3244 3245 3240
f 3244 3240 3239
f 3246 3242 3217
f 3247 3243 3216
f 3248 3246 3217
f 3248 3217 3219
f 3249 3235 3237
f 3249 3244 3235
f 3249 3245 3244
f 3250 3216 3218
f 3250 3218 2362
f 3250 3247 3216
f 3251 3237 3242
f 3251 3249 3237
f 3251 3245 3249
f 3252 3223 3227
f 3252 3219 3223
f 3252 3248 3219
f 3253 3242 3246
f 3253 3251 3242
f 3254 3227 3230
f 3254 3252 3227
f 3255 3246 3248
f 3255 3253 3246
f 3256 3230 3232
f 3256 3254 3230
f 3257 3248 3252
f 3257 3255 3248
f 3258 3256 3232
f 3259 3260 3261
f 3259 3261 3245
f 3259 3245 3251
f 3262 3257 3252
f 3262 3252 3254
f 3263 3258 3232
f 3263 3232 3234
f 3264 3259 3251
f 3264 3260 3259
f 3264 3251 3253
f 3265 3234 3236
f 3265 3236 3238
f 3265 3263 3234
f 3266 3262 3254
f 3266 3254 3256
f 3267 3253 3255
f 3267 3260 3264
f 3267 3268 3260
f 3267 3264 3253
f 3269 3265 3238
f 3270 3256 3258
f 3270 3266 3256
f 3271 3255 3257
f 3271 3267 3255
f 3272 3270 3258
f 3272 3258 3263
f 3272 3263 3265
f 3273 3269 3238
f 3273 3238 3243
f 3273 3243 3247
f 3274 3257 3262
f 3274 3271 3257
f 3275 3272 3265
f 3276 3273 3247
f 3277 3262 3266
f 3277 3274 3262
f 3278 3265 3269
f 3278 3275 3265
f 3279 2362 2372
f 3279 3276 3247
f 3279 3250 2362
f 3279 3247 3250
f 3280 3270 3272
f 3280 3277 3266
f 3280 3266 3270
f 3281 3268 3267
f 3281 3271 3274
f 3281 3267 3271
f 3281 3282 3268
f 3283 3278 3269
f 3283 3269 3273
f 3284 3280 3272
f 3285 3281 3274
f 3285 3274 3277
f 3285 3282 3281
f 3286 3273 3276
f 3286 3283 3273
f 3287 3272 3275
f 3287 3275 3278
f 3287 3284 3272
f 3288 3282 3285
f 3288 3285 3277
f 3289 3279 2372
f 3289 3276 3279
f 3289 3286 3276
f 3290 3287 3278
f 3291 3277 3280
f 3291 3288 3277
f 3292 3278 3283
f 3292 3290 3278
f 3292 3283 3286
f 3293 3280 3284
f 3293 3284 3287
f 3293 3291 3280
f 3294 3292 3286
f 3295 3293 3287
f 3295 3287 3290
f 3296 3289 2372
f 3296 3294 3286
f 3296 3286 3289
f 3297 3295 3290
f 3298 3299 3300
f 3298 3300 3282
f 3298 3282 3288
f 3301 3290 3292
f 3301 3292 3294
f 3301 3297 3290
f 3302 3298 3288
f 3302 3288 3291
f 3302 3299 3298
f 3303 3301 3294
f 3304 3291 3293
f 3304 3299 3302
f 3304 3302 3291
f 3304 3293 3295
f 3305 3294 3296
f 3305 3296 2372
f 3305 3303 3294
f 3305 2372 3303
f 3306 3304 3295
f 3306 3299 3304
f 3307 3295 3297
f 3307 3306 3295
f 3308 3297 3301
f 3308 3307 3297
f 3309 3301 3303
f 3309 3303 2372
f 3309 3308 3301
f 3310 3299 3306
f 3310 3311 3312
f 3310 3312 3299
f 3313 3309 2372
f 3314 3306 3307
f 3314 3311 3310
f 3314 3310 3306
f 3315 3316 3311
f 3315 3314 3307
f 3315 3311 3314
f 3315 3307 3308
f 3317 3308 3309
f 3317 3315 3308
f 3318 3313 2372
f 3318 3317 3309
f 3318 3309 3313
f 3319 1185 1186
f 3319 1186 3316
f 3319 3316 3315
f 3319 3315 3317
f 3320 1185 3319
f 3320 3317 3318
f 3320 3319 3317
f 3321 2372 1184
f 3321 3320 3318
f 3321 3318 2372
f 3322 1183 1185
f 3322 1184 1183
f 3322 3321 1184
f 3322 1185 3320
f 3322 3320 3321
f 1186 1187 3316
f 3323 46 1206
f 3323 1205 46
f 3324 1206 1208
f 3324 3323 1206
f 3325 1208 1210
f 3325 3324 1208
f 3326 1210 1212
f 3326 3325 1210
f 3327 1212 1214
f 3327 3326 1212
f 3328 1214 1216
f 3328 3327 1214
f 3329 1205 3323
f 3329 1204 1205
f 3330 1216 1218
f 3330 3328 1216
f 3331 3323 3324
f 3331 3329 3323
f 3332 1218 1220
f 3332 3330 1218
f 3333 3331 3324
f 3333 3324 3325
f 3334 1220 1222
f 3334 3332 1220
f 3335 3333 3325
f 3335 3325 3326
f 3336 1222 1224
f 3336 3334 1222
f 3337 3335 3326
f 3337 3326 3327
f 3338 1224 1226
f 3338 3336 1224
f 3339 1226 1229
f 3339 3338 1226
f 3340 3337 3327
f 3340 3327 3328
f 3341 1229 1230
f 3341 3339 1229
f 3342 1203 1204
f 3342 1204 3329
f 3343 3340 3328
f 3343 3328 3330
f 3344 3341 1230
f 3345 3329 3331
f 3345 3342 3329
f 3346 3343 3330
f 3346 3330 3332
f 3347 1230 1232
f 3347 3344 1230
f 3348 3345 3331
f 3348 3331 3333
f 3349 3332 3334
f 3349 3346 3332
f 3350 1232 1234
f 3350 3347 1232
f 3351 3348 3333
f 3351 3333 3335
f 3352 3334 3336
f 3352 3349 3334
f 3353 1234 1237
f 3353 3350 1234
f 3354 3335 3337
f 3354 3351 3335
f 3355 3352 3336
f 3355 3336 3338
f 3356 1237 1238
f 3356 3353 1237
f 3357 3338 3339
f 3357 3355 3338
f 3358 3337 3340
f 3358 3354 3337
f 3359 3339 3341
f 3359 3357 3339
f 3360 1202 1203
f 3360 1203 3342
f 3361 1238 1240
f 3361 3356 1238
f 3362 3340 3343
f 3362 3358 3340
f 3363 3341 3344
f 3363 3359 3341
f 3364 3360 3342
f 3364 3342 3345
f 3365 1240 1242
f 3365 3361 1240
f 3366 3362 3343
f 3366 3343 3346
f 3367 3344 3347
f 3367 3363 3344
f 3368 3364 3345
f 3368 3345 3348
f 3369 1242 1244
f 3369 1244 1246
f 3369 1246 3370
f 3369 3365 1242
f 3371 3366 3346
f 3371 3346 3349
f 3372 3347 3350
f 3372 3367 3347
f 3373 3368 3348
f 3373 3348 3351
f 3374 3349 3352
f 3374 3371 3349
f 3375 3350 3353
f 3375 3372 3350
f 3376 3373 3351
f 3376 3351 3354
f 3377 3374 3352
f 3377 3352 3355
f 3378 3375 3353
f 3378 3353 3356
f 3379 3355 3357
f 3379 3377 3355
f 3380 3376 3354
f 3380 3354 3358
f 3381 3379 3357
f 3381 3357 3359
f 3382 1201 1202
f 3382 1202 3360
f 3383 3356 3361
f 3383 3378 3356
f 3384 3380 3358
f 3384 3358 3362
f 3385 3381 3359
f 3385 3359 3363
f 3386 3382 3360
f 3386 3360 3364
f 3387 3383 3361
f 3387 3361 3365
f 3388 3366 3371
f 3388 3384 3362
f 3388 3362 3366
f 3389 3363 3367
f 3389 3385 3363
f 3390 3386 3364
f 3390 3364 3368
f 3391 3369 3370
f 3391 3365 3369
f 3391 3387 3365
f 3391 3370 3392
f 3393 3388 3371
f 3394 3367 3372
f 3394 3389 3367
f 3395 3390 3368
f 3395 3368 3373
f 3396 3371 3374
f 3396 3393 3371
f 3397 3372 3375
f 3397 3394 3372
f 3398 3395 3373
f 3398 3373 3376
f 3399 3374 3377
f 3399 3396 3374
f 3400 3375 3378
f 3400 3397 3375
f 3401 3377 3379
f 3401 3399 3377
f 3402 3376 3380
f 3402 3398 3376
f 3403 3379 3381
f 3403 3401 3379
f 3404 1200 1201
f 3404 1201 3382
f 3405 3378 3383
f 3405 3400 3378
f 3406 3380 3384
f 3406 3402 3380
f 3406 3384 3388
f 3407 3381 3385
f 3407 3403 3381
f 3408 3382 3386
f 3408 3404 3382
f 3409 3383 3387
f 3409 3405 3383
f 3410 3406 3388
f 3411 3385 3389
f 3411 3407 3385
f 3412 3386 3390
f 3412 3408 3386
f 3413 3387 3391
f 3413 3391 3392
f 3413 3392 3414
f 3413 3409 3387
f 3415 3410 3388
f 3415 3388 3393
f 3416 3389 3394
f 3416 3411 3389
f 3417 3412 3390
f 3417 3390 3395
f 3418 3415 3393
f 3418 3393 3396
f 3419 3416 3394
f 3419 3394 3397
f 3419 3397 3400
f 3420 3395 3398
f 3420 3417 3395
f 3421 3396 3399
f 3421 3418 3396
f 3422 3419 3400
f 3423 3421 3399
f 3423 3399 3401
f 3424 3420 3398
f 3424 3398 3402
f 3425 3423 3401
f 3425 3401 3403
f 3426 1199 1200
f 3426 1198 1199
f 3426 1200 3404
f 3427 3400 3405
f 3427 3422 3400
f 3428 3424 3402
f 3428 3402 3406
f 3429 3403 3407
f 3429 3425 3403
f 3430 3404 3408
f 3430 3426 3404
f 3431 3405 3409
f 3431 3427 3405
f 3432 3428 3406
f 3432 3406 3410
f 3433 3407 3411
f 3433 3429 3407
f 3433 3411 3416
f 3434 3408 3412
f 3434 3412 3417
f 3434 3430 3408
f 3435 3409 3413
f 3435 3413 3414
f 3435 3431 3409
f 3435 3414 3436
f 3437 3410 3415
f 3437 3432 3410
f 3438 3433 3416
f 3439 3434 3417
f 3440 3415 3418
f 3440 3437 3415
f 3441 3416 3419
f 3441 3438 3416
f 3442 3417 3420
f 3442 3439 3417
f 3443 3418 3421
f 3443 3440 3418
f 3444 3419 3422
f 3444 3441 3419
f 3445 3421 3423
f 3445 3443 3421
f 3446 3420 3424
f 3446 3442 3420
f 3447 3445 3423
f 3447 3423 3425
f 3448 1198 3426
f 3448 3426 3430
f 3449 3444 3422
f 3449 3422 3427
f 3450 3424 3428
f 3450 3446 3424
f 3451 3447 3425
f 3451 3425 3429
f 3452 3448 3430
f 3453 3427 3431
f 3453 3449 3427
f 3454 3432 3437
f 3454 3450 3428
f 3454 3428 3432
f 3455 3451 3429
f 3455 3429 3433
f 3456 3452 3430
f 3456 3430 3434
f 3457 3453 3431
f 3457 3436 3458
f 3457 3431 3435
f 3457 3435 3436
f 3459 3454 3437
f 3460 3455 3433
f 3460 3433 3438
f 3461 3456 3434
f 3461 3434 3439
f 3462 3459 3437
f 3462 3437 3440
f 3463 3438 3441
f 3463 3460 3438
f 3464 3439 3442
f 3464 3461 3439
f 3465 3462 3440
f 3465 3440 3443
f 3466 3444 3449
f 3466 3463 3441
f 3466 3441 3444
f 3467 3443 3445
f 3467 3465 3443
f 3468 3446 3450
f 3468 3464 3442
f 3468 3442 3446
f 3469 3445 3447
f 3469 3467 3445
f 3470 1197 1198
f 3470 1198 3448
f 3471 3449 3453
f 3471 3466 3449
f 3472 3468 3450
f 3473 3447 3451
f 3473 3451 3455
f 3473 3469 3447
f 3474 3470 3448
f 3474 3448 3452
f 3475 3471 3453
f 3476 3450 3454
f 3476 3472 3450
f 3477 3473 3455
f 3478 3452 3456
f 3478 3474 3452
f 3479 3475 3453
f 3479 3480 3475
f 3479 3457 3458
f 3479 3458 3480
f 3479 3453 3457
f 3481 3454 3459
f 3481 3476 3454
f 3482 3455 3460
f 3482 3477 3455
f 3483 3456 3461
f 3483 3478 3456
f 3484 3459 3462
f 3484 3481 3459
f 3485 3463 3466
f 3485 3460 3463
f 3485 3482 3460
f 3486 3461 3464
f 3486 3483 3461
f 3487 3484 3462
f 3487 3462 3465
f 3488 3485 3466
f 3489 3487 3465
f 3489 3465 3467
f 3490 3486 3464
f 3490 3464 3468
f 3491 3489 3467
f 3491 3467 3469
f 3492 1197 3470
f 3492 1196 1197
f 3492 3470 3474
f 3493 3488 3466
f 3493 3466 3471
f 3494 3490 3468
f 3494 3468 3472
f 3495 3491 3469
f 3495 3469 3473
f 3496 3492 3474
f 3497 3471 3475
f 3497 3475 3480
f 3497 3493 3471
f 3498 3494 3472
f 3498 3472 3476
f 3499 3473 3477
f 3499 3495 3473
f 3500 3474 3478
f 3500 3496 3474
f 3501 3497 3480
f 3501 3502 3497
f 3501 3480 3502
f 3503 3498 3476
f 3503 3476 3481
f 3504 3477 3482
f 3504 3482 3485
f 3504 3499 3477
f 3505 3478 3483
f 3505 3500 3478
f 3506 3481 3484
f 3506 3503 3481
f 3507 3504 3485
f 3508 3505 3483
f 3508 3486 3490
f 3508 3483 3486
f 3509 3484 3487
f 3509 3506 3484
f 3510 3485 3488
f 3510 3507 3485
f 3511 3487 3489
f 3511 3509 3487
f 3512 3508 3490
f 3513 3489 3491
f 3513 3491 3495
f 3513 3511 3489
f 3514 1196 3492
f 3514 1195 1196
f 3515 3488 3493
f 3515 3510 3488
f 3516 3490 3494
f 3516 3512 3490
f 3517 3513 3495
f 3518 3492 3496
f 3518 3514 3492
f 3519 3493 3497
f 3519 3515 3493
f 3519 3497 3502
f 3520 3498 3503
f 3520 3494 3498
f 3520 3516 3494
f 3521 3517 3495
f 3521 3495 3499
f 3522 3518 3496
f 3522 3496 3500
f 3523 3519 3502
f 3523 3524 3519
f 3523 3502 3524
f 3525 3520 3503
f 3526 3521 3499
f 3526 3499 3504
f 3527 3522 3500
f 3527 3500 3505
f 3528 3525 3503
f 3528 3503 3506
f 3529 3526 3504
f 3529 3504 3507
f 3530 3527 3505
f 3530 3505 3508
f 3531 3509 3511
f 3531 3506 3509
f 3531 3528 3506
f 3532 3529 3507
f 3532 3507 3510
f 3533 3531 3511
f 3534 3530 3508
f 3534 3508 3512
f 3535 3533 3511
f 3535 3511 3513
f 3536 3514 3518
f 3536 1194 1195
f 3536 1195 3514
f 3537 3510 3515
f 3537 3515 3519
f 3537 3532 3510
f 3538 3512 3516
f 3538 3534 3512
f 3539 3535 3513
f 3539 3513 3517
f 3540 3536 3518
f 3541 3519 3524
f 3541 3537 3519
f 3542 3516 3520
f 3542 3538 3516
f 3543 3517 3521
f 3543 3521 3526
f 3543 3539 3517
f 3544 3540 3518
f 3544 3518 3522
f 3545 3524 3546
f 3545 3541 3524
f 3545 3546 3541
f 3547 3520 3525
f 3547 3542 3520
f 3548 3543 3526
f 3549 3522 3527
f 3549 3544 3522
f 3550 3525 3528
f 3550 3547 3525
f 3551 3548 3526
f 3551 3526 3529
f 3552 3527 3530
f 3552 3530 3534
f 3552 3549 3527
f 3553 3528 3531
f 3553 3550 3528
f 3554 3529 3532
f 3554 3551 3529
f 3554 3532 3537
f 3555 3553 3531
f 3555 3531 3533
f 3556 3552 3534
f 3557 3555 3533
f 3557 3533 3535
f 3558 1193 1194
f 3558 1194 3536
f 3559 3554 3537
f 3560 3534 3538
f 3560 3556 3534
f 3561 3557 3535
f 3561 3535 3539
f 3562 3558 3536
f 3562 3536 3540
f 3563 3559 3537
f 3563 3537 3541
f 3563 3541 3546
f 3564 3538 3542
f 3564 3560 3538
f 3565 3561 3539
f 3565 3539 3543
f 3566 3544 3549
f 3566 3562 3540
f 3566 3540 3544
f 3567 3568 3563
f 3567 3563 3546
f 3567 3546 3568
f 3569 3564 3542
f 3569 3542 3547
f 3570 3565 3543
f 3570 3543 3548
f 3571 3549 3552
f 3571 3566 3549
f 3572 3547 3550
f 3572 3569 3547
f 3573 3548 3551
f 3573 3570 3548
f 3574 3571 3552
f 3575 3550 3553
f 3575 3553 3555
f 3575 3572 3550
f 3576 3551 3554
f 3576 3573 3551
f 3577 3575 3555
f 3578 3552 3556
f 3578 3574 3552
f 3578 3556 3560
f 3579 3555 3557
f 3579 3577 3555
f 3580 1192 1193
f 3580 1191 1192
f 3580 1193 3558
f 3581 3554 3559
f 3581 3559 3563
f 3581 3576 3554
f 3582 3578 3560
f 3583 3557 3561
f 3583 3579 3557
f 3584 3580 3558
f 3584 3558 3562
f 3585 3581 3563
f 3585 3563 3568
f 3586 3564 3569
f 3586 3582 3560
f 3586 3560 3564
f 3587 3561 3565
f 3587 3583 3561
f 3588 3584 3562
f 3588 3566 3571
f 3588 3562 3566
f 3589 3590 3585
f 3589 3585 3568
f 3589 3568 3590
f 3591 3586 3569
f 3592 3565 3570
f 3592 3587 3565
f 3593 3588 3571
f 3594 3569 3572
f 3594 3572 3575
f 3594 3591 3569
f 3595 3592 3570
f 3595 3570 3573
f 3596 3571 3574
f 3596 3593 3571
f 3597 3594 3575
f 3598 3576 3581
f 3598 3573 3576
f 3598 3595 3573
f 3599 3597 3575
f 3599 3575 3577
f 3600 3596 3574
f 3600 3574 3578
f 3601 3599 3577
f 3601 3577 3579
f 3601 3579 3583
f 3602 1191 3580
f 3603 3581 3585
f 3603 3598 3581
f 3604 3600 3578
f 3604 3578 3582
f 3605 3601 3583
f 3606 3602 3580
f 3606 3580 3584
f 3607 3603 3585
f 3607 3585 3590
f 3608 3586 3591
f 3608 3604 3582
f 3608 3582 3586
f 3609 3583 3587
f 3609 3605 3583
f 3610 3584 3588
f 3610 3606 3584
f 3611 3607 3590
f 3611 3612 3607
f 3611 3590 3612
f 3613 3608 3591
f 3614 1190 1191
f 3614 1191 3602
f 3615 3592 3595
f 3615 3587 3592
f 3615 3609 3587
f 3616 3610 3588
f 3616 3588 3593
f 3617 3591 3594
f 3617 3613 3591
f 3618 3602 3606
f 3618 3614 3602
f 3619 3615 3595
f 3620 3616 3593
f 3620 3593 3596
f 3621 3594 3597
f 3621 3597 3599
f 3621 3617 3594
f 3622 3606 3610
f 3622 3618 3606
f 3623 3595 3598
f 3623 3598 3603
f 3623 3619 3595
f 3624 3621 3599
f 3625 3620 3596
f 3625 3596 3600
f 3626 1190 3614
f 3627 3622 3610
f 3627 3610 3616
f 3628 3624 3599
f 3628 3599 3601
f 3629 3623 3603
f 3630 3626 3614
f 3630 3614 3618
f 3631 3604 3608
f 3631 3600 3604
f 3631 3625 3600
f 3632 3627 3616
f 3632 3616 3620
f 3633 3628 3601
f 3633 3601 3605
f 3634 3630 3618
f 3634 3622 3627
f 3634 3618 3622
f 3635 3603 3607
f 3635 3607 3612
f 3635 3629 3603
f 3636 3631 3608
f 3637 3633 3605
f 3637 3605 3609
f 3638 3620 3625
f 3638 3632 3620
f 3639 3640 3635
f 3639 3635 3612
f 3639 3612 3640
f 3641 1190 3626
f 3641 1189 1190
f 3642 3634 3627
f 3643 3608 3613
f 3643 3636 3608
f 3644 3637 3609
f 3644 3609 3615
f 3645 3638 3625
f 3645 3625 3631
f 3646 3626 3630
f 3646 3641 3626
f 3646 3630 3634
f 3647 3643 3613
f 3647 3617 3621
f 3647 3613 3617
f 3648 3632 3638
f 3648 3627 3632
f 3648 3642 3627
f 3649 3631 3636
f 3649 3645 3631
f 3650 3615 3619
f 3650 3644 3615
f 3650 3619 3623
f 3651 3646 3634
f 3652 3647 3621
f 3653 3648 3638
f 3654 3649 3636
f 3654 3636 3643
f 3655 3650 3623
f 3656 3651 3634
f 3656 3634 3642
f 3657 3621 3624
f 3657 3652 3621
f 3658 1189 3641
f 3659 3638 3645
f 3659 3653 3638
f 3660 3624 3628
f 3660 3657 3624
f 3660 3628 3633
f 3661 3643 3647
f 3661 3654 3643
f 3662 3623 3629
f 3662 3655 3623
f 3663 3646 3651
f 3663 3658 3641
f 3663 3641 3646
f 3664 3656 3642
f 3664 3642 3648
f 3665 3659 3645
f 3665 3649 3654
f 3665 3645 3649
f 3666 3660 3633
f 3667 3661 3647
f 3667 3647 3652
f 3668 3663 3651
f 3669 3635 3640
f 3669 3629 3635
f 3669 3662 3629
f 3670 3664 3648
f 3670 3648 3653
f 3671 3652 3657
f 3671 3667 3652
f 3672 3633 3637
f 3672 3666 3633
f 3673 3665 3654
f 3674 3669 3640
f 3674 3675 3669
f 3674 3640 3675
f 3676 3651 3656
f 3676 3668 3651
f 3677 1189 3658
f 3677 1188 1189
f 3678 3657 3660
f 3678 3671 3657
f 3679 3670 3653
f 3679 3653 3659
f 3680 3673 3654
f 3680 3654 3661
f 3680 3661 3667
f 3681 3637 3644
f 3681 3672 3637
f 3681 3644 3650
f 3682 3677 3658
f 3682 3658 3663
f 3683 3676 3656
f 3683 3656 3664
f 3684 3666 3672
f 3684 3678 3660
f 3684 3660 3666
f 3685 3659 3665
f 3685 3679 3659
f 3685 3665 3673
f 3686 3680 3667
f 3687 3681 3650
f 3688 3682 3663
f 3688 3663 3668
f 3689 3684 3672
f 3690 3667 3671
f 3690 3686 3667
f 3691 3664 3670
f 3691 3670 3679
f 3691 3683 3664
f 3692 3685 3673
f 3693 3650 3655
f 3693 3655 3662
f 3693 3687 3650
f 3694 3688 3668
f 3694 3668 3676
f 3695 3690 3671
f 3695 3221 3226
f 3695 3226 3690
f 3695 3678 3684
f 3695 3671 3678
f 3696 3689 3672
f 3696 3672 3681
f 3697 3691 3679
f 3698 3692 3673
f 3698 3673 3680
f 3698 3241 3692
f 3699 1188 3677
f 3700 3693 3662
f 3701 3695 3684
f 3701 3221 3695
f 3701 3222 3221
f 3702 3683 3691
f 3702 3694 3676
f 3702 3676 3683
f 3703 3696 3681
f 3703 3681 3687
f 3703 3704 3705
f 3703 3705 3696
f 3706 3686 3690
f 3706 3241 3698
f 3706 3698 3680
f 3706 3229 3241
f 3706 3680 3686
f 3707 3697 3679
f 3707 3245 3697
f 3707 3679 3685
f 3708 3699 3677
f 3708 3677 3682
f 3709 3701 3684
f 3709 3222 3701
f 3709 3201 3222
f 3709 3684 3689
f 3710 3700 3662
f 3710 3662 3669
f 3710 3669 3675
f 3711 3706 3690
f 3711 3225 3229
f 3711 3226 3225
f 3711 3229 3706
f 3711 3690 3226
f 3712 3702 3691
f 3712 3260 3702
f 3713 3703 3687
f 3713 3687 3693
f 3713 3704 3703
f 3713 3714 3704
f 3713 3715 3714
f 3716 3682 3688
f 3716 3708 3682
f 3717 3240 3245
f 3717 3241 3240
f 3717 3707 3685
f 3717 3692 3241
f 3717 3685 3692
f 3717 3245 3707
f 3718 3710 3675
f 3718 3719 3710
f 3718 3720 3719
f 3718 3721 3720
f 3718 3675 3721
f 3722 3709 3689
f 3722 3689 3696
f 3722 3723 3201
f 3722 3705 3723
f 3722 3201 3709
f 3722 3696 3705
f 3724 3691 3697
f 3724 3697 3245
f 3724 3261 3260
f 3724 3245 3261
f 3724 3712 3691
f 3724 3260 3712
f 3725 3693 3700
f 3725 3713 3693
f 3725 3726 3715
f 3725 3715 3713
f 3727 3716 3688
f 3727 3694 3702
f 3727 3282 3716
f 3727 3688 3694
f 3728 3700 3710
f 3728 3725 3700
f 3728 3729 3726
f 3728 3710 3719
f 3728 3719 3729
f 3728 3726 3725
f 3730 3268 3282
f 3730 3260 3268
f 3730 3702 3260
f 3730 3727 3702
f 3730 3282 3727
f 3731 1187 1188
f 3731 1188 3699
f 3732 3299 1187
f 3732 3699 3708
f 3732 3731 3699
f 3732 1187 3731
f 3733 3732 3708
f 3733 3299 3732
f 3733 3300 3299
f 3733 3282 3300
f 3733 3708 3716
f 3733 3716 3282
f 3734 1187 3299
f 3734 3311 3316
f 3734 3312 3311
f 3734 3299 3312
f 3734 3316 1187
f 3735 1249 3736
f 3735 1248 1249
f 3737 3736 3738
f 3737 3735 3736
f 3739 3738 3740
f 3739 3737 3738
f 3741 3740 3742
f 3741 3739 3740
f 3743 3742 3744
f 3743 3741 3742
f 3745 3744 3746
f 3745 3743 3744
f 3747 1248 3735
f 3747 1250 1248
f 3748 3746 3749
f 3748 3745 3746
f 3750 3747 3735
f 3750 3735 3737
f 3751 3749 3752
f 3751 3748 3749
f 3753 3750 3737
f 3753 3737 3739
f 3754 3751 3752
f 3754 3752 3755
f 3756 3739 3741
f 3756 3753 3739
f 3757 3755 3758
f 3757 3754 3755
f 3759 3741 3743
f 3759 3756 3741
f 3760 3758 3761
f 3760 3757 3758
f 3762 3759 3743
f 3762 3743 3745
f 3763 3761 3764
f 3763 3760 3761
f 3765 1250 3747
f 3765 1251 1250
f 3766 3762 3745
f 3766 3745 3748
f 3767 3764 3768
f 3767 3763 3764
f 3769 3747 3750
f 3769 3765 3747
f 3770 3748 3751
f 3770 3766 3748
f 3771 3768 3772
f 3771 3767 3768
f 3773 3750 3753
f 3773 3769 3750
f 3774 3751 3754
f 3774 3770 3751
f 3775 3772 3776
f 3775 3771 3772
f 3777 3753 3756
f 3777 3773 3753
f 3778 3774 3754
f 3778 3754 3757
f 3779 3776 3780
f 3779 3775 3776
f 3781 3756 3759
f 3781 3777 3756
f 3782 3778 3757
f 3782 3757 3760
f 3783 3780 3784
f 3783 3779 3780
f 3785 3781 3759
f 3785 3759 3762
f 3786 3782 3760
f 3786 3760 3763
f 3787 3784 3788
f 3787 3783 3784
f 3789 1252 1251
f 3789 1251 3765
f 3790 3785 3762
f 3790 3762 3766
f 3791 3763 3767
f 3791 3786 3763
f 3792 3788 3793
f 3792 3787 3788
f 3794 3789 3765
f 3794 3765 3769
f 3795 3790 3766
f 3795 3766 3770
f 3796 3767 3771
f 3796 3791 3767
f 3797 3793 3798
f 3797 3798 3799
f 3797 3799 3800
f 3797 3792 3793
f 3801 3769 3773
f 3801 3794 3769
f 3802 3795 3770
f 3802 3770 3774
f 3803 3771 3775
f 3803 3796 3771
f 3804 3773 3777
f 3804 3801 3773
f 3805 3774 3778
f 3805 3802 3774
f 3806 3775 3779
f 3806 3803 3775
f 3807 3804 3777
f 3807 3777 3781
f 3808 3805 3778
f 3808 3778 3782
f 3809 3806 3779
f 3809 3779 3783
f 3810 3807 3781
f 3810 3781 3785
f 3811 3782 3786
f 3811 3808 3782
f 3812 3783 3787
f 3812 3809 3783
f 3813 1253 1252
f 3813 1252 3789
f 3814 3810 3785
f 3814 3790 3795
f 3814 3785 3790
f 3815 3811 3786
f 3815 3786 3791
f 3816 3812 3787
f 3816 3787 3792
f 3817 3813 3789
f 3817 3789 3794
f 3818 3814 3795
f 3819 3815 3791
f 3819 3791 3796
f 3820 3816 3792
f 3820 3800 3821
f 3820 3797 3800
f 3820 3792 3797
f 3822 3817 3794
f 3822 3794 3801
f 3823 3818 3795
f 3823 3795 3802
f 3824 3819 3796
f 3824 3796 3803
f 3825 3801 3804
f 3825 3822 3801
f 3826 3823 3802
f 3826 3802 3805
f 3827 3803 3806
f 3827 3824 3803
f 3828 3825 3804
f 3828 3804 3807
f 3829 3805 3808
f 3829 3826 3805
f 3830 3806 3809
f 3830 3827 3806
f 3831 3828 3807
f 3831 3807 3810
f 3832 3808 3811
f 3832 3829 3808
f 3833 3809 3812
f 3833 3830 3809
f 3834 1254 1253
f 3834 1253 3813
f 3835 3810 3814
f 3835 3831 3810
f 3836 3811 3815
f 3836 3832 3811
f 3837 3812 3816
f 3837 3816 3820
f 3837 3833 3812
f 3838 3834 3813
f 3838 3813 3817
f 3838 3817 3822
f 3839 3814 3818
f 3839 3835 3814
f 3840 3836 3815
f 3840 3815 3819
f 3841 3820 3821
f 3841 3821 3842
f 3841 3837 3820
f 3843 3822 3825
f 3843 3838 3822
f 3844 3818 3823
f 3844 3839 3818
f 3845 3819 3824
f 3845 3840 3819
f 3846 3843 3825
f 3846 3825 3828
f 3847 3844 3823
f 3847 3823 3826
f 3848 3845 3824
f 3848 3824 3827
f 3849 3846 3828
f 3850 3826 3829
f 3850 3847 3826
f 3851 3848 3827
f 3851 3827 3830
f 3851 3830 3833
f 3852 3849 3828
f 3852 3828 3831
f 3853 3829 3832
f 3853 3850 3829
f 3854 3851 3833
f 3855 1255 1254
f 3855 1256 1255
f 3855 1254 3834
f 3856 3852 3831
f 3856 3831 3835
f 3857 3853 3832
f 3857 3832 3836
f 3858 3833 3837
f 3858 3854 3833
f 3859 3855 3834
f 3859 3834 3838
f 3860 3856 3835
f 3860 3835 3839
f 3861 3857 3836
f 3861 3836 3840
f 3862 3841 3842
f 3862 3858 3837
f 3862 3842 3863
f 3862 3837 3841
f 3864 3859 3838
f 3864 3838 3843
f 3865 3860 3839
f 3865 3839 3844
f 3866 3840 3845
f 3866 3861 3840
f 3867 3864 3843
f 3867 3843 3846
f 3868 3865 3844
f 3868 3844 3847
f 3869 3866 3845
f 3869 3845 3848
f 3870 3846 3849
f 3870 3867 3846
f 3871 3868 3847
f 3871 3847 3850
f 3872 3848 3851
f 3872 3869 3848
f 3873 3849 3852
f 3873 3870 3849
f 3874 3850 3853
f 3874 3871 3850
f 3875 3851 3854
f 3875 3872 3851
f 3876 1256 3855
f 3877 3873 3852
f 3877 3852 3856
f 3878 3853 3857
f 3878 3874 3853
f 3879 3854 3858
f 3879 3875 3854
f 3880 3876 3855
f 3880 3855 3859
f 3881 3856 3860
f 3881 3877 3856
f 3882 3878 3857
f 3882 3857 3861
f 3883 3863 3884
f 3883 3858 3862
f 3883 3862 3863
f 3883 3879 3858
f 3885 3859 3864
f 3885 3880 3859
f 3886 3881 3860
f 3886 3860 3865
f 3887 3861 3866
f 3887 3882 3861
f 3888 3885 3864
f 3888 3864 3867
f 3888 3867 3870
f 3889 3865 3868
f 3889 3886 3865
f 3890 3887 3866
f 3890 3866 3869
f 3891 3888 3870
f 3892 3889 3868
f 3892 3868 3871
f 3893 3890 3869
f 3893 3872 3875
f 3893 3869 3872
f 3894 3870 3873
f 3894 3873 3877
f 3894 3891 3870
f 3895 3892 3871
f 3895 3871 3874
f 3896 3893 3875
f 3897 1257 1256
f 3897 1256 3876
f 3898 3894 3877
f 3899 3878 3882
f 3899 3895 3874
f 3899 3874 3878
f 3900 3875 3879
f 3900 3896 3875
f 3901 3880 3885
f 3901 3897 3876
f 3901 3876 3880
f 3902 3881 3886
f 3902 3877 3881
f 3902 3898 3877
f 3903 3882 3887
f 3903 3899 3882
f 3904 3879 3883
f 3904 3900 3879
f 3904 3884 3905
f 3904 3883 3884
f 3906 3901 3885
f 3907 3902 3886
f 3908 3887 3890
f 3908 3903 3887
f 3909 3906 3885
f 3909 3885 3888
f 3910 3886 3889
f 3910 3907 3886
f 3911 3908 3890
f 3912 3909 3888
f 3912 3888 3891
f 3913 3889 3892
f 3913 3910 3889
f 3914 3911 3890
f 3914 3890 3893
f 3915 3912 3891
f 3915 3891 3894
f 3916 3913 3892
f 3916 3895 3899
f 3916 3892 3895
f 3917 3893 3896
f 3917 3914 3893
f 3918 1258 1257
f 3918 3897 3901
f 3918 1257 3897
f 3919 3894 3898
f 3919 3915 3894
f 3920 3899 3903
f 3920 3916 3899
f 3921 3917 3896
f 3921 3896 3900
f 3922 3918 3901
f 3923 3919 3898
f 3923 3898 3902
f 3924 3920 3903
f 3925 3900 3904
f 3925 3921 3900
f 3925 3905 3926
f 3925 3904 3905
f 3927 3901 3906
f 3927 3922 3901
f 3927 3906 3909
f 3928 3923 3902
f 3928 3902 3907
f 3929 3924 3903
f 3929 3903 3908
f 3929 3908 3911
f 3930 3909 3912
f 3930 3927 3909
f 3931 3928 3907
f 3931 3907 3910
f 3932 3929 3911
f 3933 3930 3912
f 3934 3910 3913
f 3934 3931 3910
f 3935 3911 3914
f 3935 3932 3911
f 3936 3933 3912
f 3936 3912 3915
f 3936 3915 3919
f 3937 3913 3916
f 3937 3934 3913
f 3938 3935 3914
f 3938 3914 3917
f 3939 1258 3918
f 3939 1259 1258
f 3940 3936 3919
f 3941 3916 3920
f 3941 3937 3916
f 3942 3917 3921
f 3942 3921 3925
f 3942 3938 3917
f 3943 3918 3922
f 3943 3939 3918
f 3944 3940 3919
f 3944 3919 3923
f 3945 3920 3924
f 3945 3924 3929
f 3945 3941 3920
f 3946 3942 3925
f 3946 3925 3926
f 3946 3926 3947
f 3946 3947 3948
f 3949 3922 3927
f 3949 3943 3922
f 3950 3923 3928
f 3950 3928 3931
f 3950 3944 3923
f 3951 3945 3929
f 3952 3949 3927
f 3952 3927 3930
f 3953 3950 3931
f 3954 3929 3932
f 3954 3951 3929
f 3955 3930 3933
f 3955 3952 3930
f 3956 3931 3934
f 3956 3953 3931
f 3957 3954 3932
f 3957 3932 3935
f 3958 3933 3936
f 3958 3955 3933
f 3959 3956 3934
f 3959 3934 3937
f 3959 3937 3941
f 3960 3957 3935
f 3960 3935 3938
f 3961 1260 1259
f 3961 1261 1260
f 3961 1259 3939
f 3961 3939 3943
f 3962 3958 3936
f 3962 3936 3940
f 3963 3959 3941
f 3964 3960 3938
f 3964 3938 3942
f 3965 3961 3943
f 3966 3962 3940
f 3966 3940 3944
f 3967 3963 3941
f 3967 3941 3945
f 3968 3946 3948
f 3968 3964 3942
f 3968 3948 3969
f 3968 3942 3946
f 3970 3943 3949
f 3970 3949 3952
f 3970 3965 3943
f 3971 3944 3950
f 3971 3966 3944
f 3972 3945 3951
f 3972 3967 3945
f 3973 3970 3952
f 3974 3971 3950
f 3974 3950 3953
f 3974 3953 3956
f 3975 3972 3951
f 3975 3951 3954
f 3976 3973 3952
f 3976 3952 3955
f 3977 3974 3956
f 3978 3975 3954
f 3978 3954 3957
f 3979 3955 3958
f 3979 3976 3955
f 3980 3956 3959
f 3980 3977 3956
f 3981 3957 3960
f 3981 3978 3957
f 3982 1261 3961
f 3983 3958 3962
f 3983 3979 3958
f 3984 3959 3963
f 3984 3980 3959
f 3985 3960 3964
f 3985 3981 3960
f 3986 3982 3961
f 3986 3961 3965
f 3987 3962 3966
f 3987 3983 3962
f 3988 3963 3967
f 3988 3984 3963
f 3989 3964 3968
f 3989 3968 3969
f 3989 3985 3964
f 3990 3965 3970
f 3990 3986 3965
f 3990 3970 3973
f 3991 3971 3974
f 3991 3987 3966
f 3991 3966 3971
f 3992 3967 3972
f 3992 3988 3967
f 3992 3972 3975
f 3993 3990 3973
f 3994 3991 3974
f 3994 3974 3977
f 3995 3992 3975
f 3996 3973 3976
f 3996 3976 3979
f 3996 3993 3973
f 3997 3994 3977
f 3998 3995 3975
f 3998 3975 3978
f 3999 3996 3979
f 4000 3977 3980
f 4000 3997 3977
f 4001 3978 3981
f 4001 3998 3978
f 4002 1262 1261
f 4002 1263 1262
f 4002 1261 3982
f 4003 3999 3979
f 4003 3979 3983
f 4003 3983 3987
f 4004 3980 3984
f 4004 4000 3980
f 4005 4001 3981
f 4005 3981 3985
f 4006 4002 3982
f 4006 3982 3986
f 4007 4003 3987
f 4008 3988 3992
f 4008 4004 3984
f 4008 3984 3988
f 4009 3989 3969
f 4009 3985 3989
f 4009 3969 4010
f 4009 4005 3985
f 4011 4006 3986
f 4011 3986 3990
f 4012 4007 3987
f 4012 3987 3991
f 4013 3992 3995
f 4013 4008 3992
f 4014 3990 3993
f 4014 4011 3990
f 4015 3991 3994
f 4015 4012 3991
f 4016 4013 3995
f 4017 3993 3996
f 4017 4014 3993
f 4018 3994 3997
f 4018 4015 3994
f 4019 3995 3998
f 4019 4016 3995
f 4020 3996 3999
f 4020 4017 3996
f 4021 3997 4000
f 4021 4018 3997
f 4022 4019 3998
f 4022 3998 4001
f 4023 1263 4002
f 4023 4002 4006
f 4024 3999 4003
f 4024 4003 4007
f 4024 4020 3999
f 4025 4004 4008
f 4025 4021 4000
f 4025 4000 4004
f 4026 4001 4005
f 4026 4022 4001
f 4027 4023 4006
f 4028 4024 4007
f 4029 4025 4008
f 4030 4026 4005
f 4030 4010 4031
f 4030 4009 4010
f 4030 4005 4009
f 4032 4006 4011
f 4032 4027 4006
f 4032 4011 4014
f 4033 4007 4012
f 4033 4028 4007
f 4034 4029 4008
f 4034 4008 4013
f 4035 4032 4014
f 4036 4012 4015
f 4036 4033 4012
f 4037 4034 4013
f 4037 4013 4016
f 4038 4035 4014
f 4038 4014 4017
f 4039 4018 4021
f 4039 4036 4015
f 4039 4015 4018
f 4040 4037 4016
f 4040 4016 4019
f 4040 4019 4022
f 4041 4017 4020
f 4041 4038 4017
f 4042 4039 4021
f 4043 4040 4022
f 4044 1264 1263
f 4044 1265 1264
f 4044 1263 4023
f 4045 4020 4024
f 4045 4041 4020
f 4046 4021 4025
f 4046 4042 4021
f 4047 4022 4026
f 4047 4043 4022
f 4048 4023 4027
f 4048 4044 4023
f 4049 4024 4028
f 4049 4045 4024
f 4050 4025 4029
f 4050 4029 4034
f 4050 4046 4025
f 4051 4026 4030
f 4051 4030 4031
f 4051 4031 4052
f 4051 4047 4026
f 4053 4048 4027
f 4053 4027 4032
f 4054 4028 4033
f 4054 4049 4028
f 4055 4050 4034
f 4056 4053 4032
f 4056 4032 4035
f 4057 4033 4036
f 4057 4054 4033
f 4058 4055 4034
f 4058 4037 4040
f 4058 4034 4037
f 4059 4056 4035
f 4059 4038 4041
f 4059 4035 4038
f 4060 4036 4039
f 4060 4057 4036
f 4061 4040 4043
f 4061 4058 4040
f 4062 4059 4041
f 4063 4060 4039
f 4063 4039 4042
f 4064 4061 4043
f 4065 1265 4044
f 4065 4044 4048
f 4066 4062 4041
f 4066 4041 4045
f 4067 4063 4042
f 4067 4042 4046
f 4068 4047 4051
f 4068 4064 4043
f 4068 4043 4047
f 4069 4048 4053
f 4069 4065 4048
f 4070 4049 4054
f 4070 4066 4045
f 4070 4045 4049
f 4071 4067 4046
f 4071 4046 4050
f 4072 4051 4052
f 4072 4068 4051
f 4072 4052 4073
f 4074 4069 4053
f 4075 4070 4054
f 4075 4054 4057
f 4076 4071 4050
f 4076 4050 4055
f 4077 4053 4056
f 4077 4074 4053
f 4078 4075 4057
f 4079 4055 4058
f 4079 4076 4055
f 4080 4056 4059
f 4080 4059 4062
f 4080 4077 4056
f 4081 4078 4057
f 4081 4057 4060
f 4081 4060 4063
f 4082 4058 4061
f 4082 4079 4058
f 4083 4080 4062
f 4084 4081 4063
f 4085 4061 4064
f 4085 4082 4061
f 4086 1266 1265
f 4086 1265 4065
f 4087 4062 4066
f 4087 4066 4070
f 4087 4083 4062
f 4088 4063 4067
f 4088 4084 4063
f 4089 4064 4068
f 4089 4085 4064
f 4090 4086 4065
f 4090 4065 4069
f 4091 4087 4070
f 4092 4071 4076
f 4092 4067 4071
f 4092 4088 4067
f 4093 4089 4068
f 4093 4068 4072
f 4093 4072 4073
f 4093 4073 4094
f 4095 4090 4069
f 4095 4069 4074
f 4096 4070 4075
f 4096 4091 4070
f 4097 4092 4076
f 4098 4095 4074
f 4098 4074 4077
f 4099 4096 4075
f 4099 4075 4078
f 4100 4097 4076
f 4100 4076 4079
f 4101 4077 4080
f 4101 4098 4077
f 4102 4099 4078
f 4102 4078 4081
f 4103 4082 4085
f 4103 4100 4079
f 4103 4079 4082
f 4104 4101 4080
f 4104 4080 4083
f 4105 4102 4081
f 4105 4081 4084
f 4106 4103 4085
f 4107 4086 4090
f 4107 1266 4086
f 4107 1267 1266
f 4108 4104 4083
f 4108 4083 4087
f 4109 4105 4084
f 4109 4084 4088
f 4110 4085 4089
f 4110 4089 4093
f 4110 4106 4085
f 4111 4090 4095
f 4111 4107 4090
f 4112 4108 4087
f 4112 4087 4091
f 4113 4092 4097
f 4113 4109 4088
f 4113 4088 4092
f 4114 4093 4094
f 4114 4110 4093
f 4114 4094 4115
f 4116 4095 4098
f 4116 4111 4095
f 4117 4091 4096
f 4117 4112 4091
f 4118 4113 4097
f 4119 4116 4098
f 4120 4117 4096
f 4120 4096 4099
f 4121 4100 4103
f 4121 4097 4100
f 4121 4118 4097
f 4122 4098 4101
f 4122 4119 4098
f 4123 4099 4102
f 4123 4120 4099
f 4124 4121 4103
f 4125 4122 4101
f 4125 4101 4104
f 4125 4104 4108
f 4126 4123 4102
f 4126 4102 4105
f 4127 4124 4103
f 4127 4103 4106
f 4127 4106 4110
f 4128 1267 4107
f 4128 1268 1267
f 4128 45 1268
f 4128 1207 45
f 4129 4125 4108
f 4130 4105 4109
f 4130 4126 4105
f 4131 4127 4110
f 4132 1207 4128
f 4132 1209 1207
f 4132 4107 4111
f 4132 4128 4107
f 4133 4129 4108
f 4133 4112 4117
f 4133 4108 4112
f 4134 4130 4109
f 4134 4109 4113
f 4135 4131 4110
f 4135 4115 4136
f 4135 4136 4137
f 4135 4110 4114
f 4135 4114 4115
f 4138 4132 4111
f 4138 1209 4132
f 4138 1211 1209
f 4138 4111 4116
f 4139 4133 4117
f 4140 4134 4113
f 4140 4113 4118
f 4141 1213 1211
f 4141 4138 4116
f 4141 1211 4138
f 4141 4116 4119
f 4142 4139 4117
f 4142 4117 4120
f 4143 4140 4118
f 4143 4118 4121
f 4144 4119 4122
f 4144 1213 4141
f 4144 1215 1213
f 4144 4141 4119
f 4145 4120 4123
f 4145 4142 4120
f 4146 4121 4124
f 4146 4143 4121
f 4147 4122 4125
f 4147 1215 4144
f 4147 1217 1215
f 4147 4144 4122
f 4148 4123 4126
f 4148 4145 4123
f 4149 4124 4127
f 4149 4146 4124
f 4150 4125 4129
f 4150 1217 4147
f 4150 4147 4125
f 4150 1219 1217
f 4151 4126 4130
f 4151 4148 4126
f 4152 4127 4131
f 4152 4149 4127
f 4153 4129 4133
f 4153 4133 4139
f 4153 1219 4150
f 4153 1221 1219
f 4153 4150 4129
f 4154 4151 4130
f 4154 4130 4134
f 4155 4131 4135
f 4155 4152 4131
f 4155 4135 4137
f 4156 4139 4142
f 4156 1223 1221
f 4156 1221 4153
f 4156 4153 4139
f 4157 4134 4140
f 4157 4154 4134
f 4158 1225 1223
f 4158 4142 4145
f 4158 4156 4142
f 4158 1223 4156
f 4159 4140 4143
f 4159 4157 4140
f 4160 4145 4148
f 4160 1227 1225
f 4160 1225 4158
f 4160 4158 4145
f 4161 4159 4143
f 4161 4143 4146
f 4162 4160 4148
f 4162 1228 1227
f 4162 1227 4160
f 4163 4146 4149
f 4163 4161 4146
f 4163 4149 4152
f 4164 1228 4162
f 4164 1231 1228
f 4164 4162 4148
f 4164 4148 4151
f 4165 4163 4152
f 4166 4164 4151
f 4166 1233 1231
f 4166 4151 4154
f 4166 1231 4164
f 4167 4165 4152
f 4167 4137 4168
f 4167 4168 4169
f 4167 4152 4155
f 4167 4155 4137
f 4170 1233 4166
f 4170 4166 4154
f 4170 1235 1233
f 4170 4154 4157
f 4171 4157 4159
f 4171 4170 4157
f 4171 1235 4170
f 4171 1236 1235
f 4172 4171 4159
f 4172 4159 4161
f 4172 1236 4171
f 4172 1239 1236
f 4173 4161 4163
f 4173 4172 4161
f 4173 1239 4172
f 4173 1241 1239
f 4174 4163 4165
f 4174 4165 4167
f 4174 4173 4163
f 4174 1241 4173
f 4174 1243 1241
f 4175 4174 4167
f 4175 4167 4169
f 4175 1243 4174
f 4175 1245 1243
f 4175 1247 1245
f 4175 4169 1247
f 4176 3370 1246
f 4176 3392 3370
f 4176 3414 3392
f 4176 3436 3414
f 4176 3458 3436
f 4176 3480 3458
f 4176 3502 3480
f 4176 3524 3502
f 4176 3546 3524
f 4176 3568 3546
f 4176 3590 3568
f 4176 3612 3590
f 4176 3640 3612
f 4176 3675 3640
f 4176 3721 3675
f 4177 4176 1246
f 4178 4177 1246
f 4179 4178 1246
f 4180 4179 1246
f 4181 4180 1246
f 4182 4181 1246
f 4183 4182 1246
f 4184 4183 1246
f 4185 4184 1246
f 4186 4185 1246
f 1247 4186 1246
f 1247 4187 4186
f 1247 4188 4187
f 1247 4189 4188
f 1247 4190 4189
f 1247 4191 4190
f 1247 4192 4191
f 1247 4193 4192
f 1247 4194 4193
f 1247 4195 4194
f 1247 4196 4195
f 1247 4197 4196
f 1247 4198 4197
f 4199 4198 1247
f 4200 4199 1247
f 4201 4200 1247
f 4202 4201 1247
f 4203 4204 4205
f 4206 4203 4205
f 4207 4206 4205
f 4208 4207 4205
f 4209 4208 4205
f 4210 4209 4205
f 4211 4210 4205
f 4212 4211 4205
f 4213 4212 4205
f 4214 4213 4205
f 4215 4205 4202
f 4215 4202 1247
f 4215 4169 4168
f 4215 1247 4169
f 4215 4214 4205
f 4216 4094 4073
f 4216 4115 4094
f 4216 4136 4115
f 4216 4137 4136
f 4216 4168 4137
f 4216 4215 4168
f 4217 4216 4073
f 4217 3969 3948
f 4217 4010 3969
f 4217 4031 4010
f 4217 4052 4031
f 4217 4073 4052
f 4218 3926 3905
f 4218 3947 3926
f 4218 3948 3947
f 4218 4217 3948
f 3884 4218 3905
f 3863 4219 4218
f 3863 4218 3884
f 3842 4219 3863
f 3821 4219 3842
f 3800 4219 3821
f 3800 4220 4219
f 3799 4220 3800
f 3799 4221 4220
f 3799 4222 4221
f 3799 4223 4222
f 3799 4224 4223
f 4225 4224 3799
f 4226 4225 3799
f 4227 4226 3799
f 4228 4227 3799
f 4229 4228 3799
f 4230 4229 3799
f 4231 4230 3799
f 4232 4231 3799
f 4233 4232 3799
f 4234 4233 3799
f 4235 4234 3799
f 4236 4235 3799
f 4237 4236 3799
f 4238 4239 4240
f 4238 4241 4239
f 4242 4238 4240
f 4242 4240 4243
f 4244 4243 4245
f 4244 4242 4243
f 4246 4245 4247
f 4246 4244 4245
f 4248 4247 4249
f 4248 4246 4247
f 4250 4248 4249
f 4250 4249 4251
f 4252 4251 4253
f 4252 4250 4251
f 4254 4253 4255
f 4254 4252 4253
f 4256 4255 4257
f 4256 4254 4255
f 4258 4257 4259
f 4258 4256 4257
f 4260 4259 4261
f 4260 4258 4259
f 4262 4261 4263
f 4262 4260 4261
f 4264 4263 4265
f 4264 4262 4263
f 4266 4265 4267
f 4266 4264 4265
f 4268 4267 4269
f 4268 4266 4267
f 4270 4269 4271
f 4270 4268 4269
f 4272 4271 4273
f 4272 4270 4271
f 4274 4273 4275
f 4274 4272 4273
f 4276 4275 4277
f 4276 4274 4275
f 4278 4277 4279
f 4278 4276 4277
f 4280 4279 4281
f 4280 4278 4279
f 4282 4281 4283
f 4282 4280 4281
f 4284 4282 4283
f 4284 4283 4285
f 4286 4284 4285
f 4286 4287 4288
f 4286 4285 4287
f 4289 4286 4288
f 4289 4288 4290
f 4291 4289 4290
f 4292 4237 3799
f 4292 4291 4290
f 4292 4290 4237
f 4293 4294 4295
f 4293 4296 4294
f 4293 4297 4296
f 4293 4298 4297
f 4293 4299 4298
f 4293 4300 4299
f 4293 4301 4300
f 4293 4302 4301
f 4293 4303 4302
f 4293 4304 4303
f 4293 4305 4304
f 4306 4293 4295
f 4307 4308 4309
f 4307 4310 4308
f 4307 4311 4310
f 4307 4312 4311
f 4307 4313 4312
f 4307 4314 4313
f 4307 4315 4314
f 4307 4316 4315
f 4307 4317 4316
f 4318 4317 4307
f 4319 4318 4307
f 4320 4319 4307
f 4321 4320 4307
f 4322 4321 4307
f 4323 4307 4324
f 4323 4324 4325
f 4323 4325 4326
f 4323 4326 4327
f 4323 4327 4328
f 4323 4328 4329
f 4323 4322 4307
f 4323 4329 4330
f 4323 4330 4331
f 4323 4331 4332
f 4323 4332 4333
f 4334 4335 4336
f 4334 4337 4335
f 4334 4338 4337
f 4334 4339 4338
f 4334 4340 4339
f 4334 4341 4340
f 4334 4342 4341
f 4334 4343 4342
f 4334 4344 4343
f 4334 4345 4344
f 4334 4346 4345
f 4334 4347 4346
f 4334 4348 4347
f 4334 4349 4348
f 4334 4292 3799
f 4334 4350 4292
f 4334 4351 4350
f 4334 4336 4351
f 4352 4333 4353
f 4352 4353 4354
f 4352 4354 4355
f 4352 4355 4356
f 4352 4356 4357
f 4352 4357 4358
f 4352 4358 4359
f 4352 4359 4360
f 4352 4360 4361
f 4352 4361 4362
f 4352 4362 4363
f 4352 4363 4364
f 4352 4364 4365
f 4352 4365 4366
f 4352 4366 4367
f 4352 4367 4306
f 4352 4323 4333
f 4352 4306 4295
f 4368 4352 4295
f 4369 4349 4334
f 4369 4370 4349
f 4371 4368 4295
f 4371 4295 4372
f 4373 4370 4369
f 4374 4371 4372
f 4375 4370 4373
f 4376 4374 4372
f 4377 4378 4370
f 4377 4370 4375
f 4379 4378 4377
f 4380 4376 4372
f 4381 4380 4372
f 4382 4378 4379
f 4383 4381 4372
f 4383 4372 4384
f 4385 4378 4382
f 4386 4383 4384
f 4387 4378 4385
f 4388 4386 4384
f 4389 4378 4387
f 4389 4384 4378
f 4390 4388 4384
f 4391 4384 4389
f 4391 4390 4384
f 1249 49 1269
f 1249 1269 4392
f 4393 1291 2434
f 4393 1312 1291
f 4394 1312 4393
f 4395 1319 1312
f 4395 1312 4394
f 4396 1332 1319
f 4396 1319 4395
f 4397 1351 1332
f 4397 1332 4396
f 4398 1372 1351
f 4398 1351 4397
f 4399 1393 1372
f 4399 1372 4398
f 4400 1394 1393
f 4400 1393 4399
f 4401 1435 1394
f 4401 1394 4400
f 4402 1436 1435
f 4402 1435 4401
f 4403 1477 1436
f 4403 1436 4402
f 4404 1498 1477
f 4404 1477 4403
f 4405 1519 1498
f 4405 1498 4404
f 4406 1519 4405
f 4406 1520 1519
f 4407 1520 4406
f 4407 1561 1520
f 4408 1561 4407
f 4408 1582 1561
f 4409 1603 1582
f 4409 1582 4408
f 4410 1603 4409
f 4410 1604 1603
f 4411 1645 1604
f 4411 1604 4410
f 4412 1666 1645
f 4412 1645 4411
f 4413 1687 1666
f 4413 1666 4412
f 4414 1688 1687
f 4414 1687 4413
f 4415 1688 4414
f 4416 1688 4415
f 4416 1753 1688
f 4417 4392 1269
f 4417 1269 2149
f 4418 2149 2128
f 4418 4417 2149
f 4419 2107 2086
f 4419 2128 2107
f 4419 4418 2128
f 4420 4419 2086
f 4421 2086 2065
f 4421 4420 2086
f 4422 2065 2044
f 4422 4421 2065
f 4423 2044 2023
f 4423 4422 2044
f 4424 2023 2002
f 4424 4423 2023
f 4425 2002 1981
f 4425 4424 2002
f 4426 1981 1960
f 4426 4425 1981
f 4427 1960 1939
f 4427 4426 1960
f 4428 1939 1898
f 4428 4427 1939
f 4429 4428 1898
f 4429 1898 1897
f 4430 4429 1897
f 4430 1897 1876
f 4431 1876 1855
f 4431 4430 1876
f 4432 4431 1855
f 4432 1855 1834
f 4433 1834 1813
f 4433 4432 1834
f 4434 1813 1794
f 4434 4433 1813
f 4435 1794 1781
f 4435 4434 1794
f 4436 1774 1753
f 4436 1781 1774
f 4436 4435 1781
f 4416 4436 1753
f 2245 4437 2246
f 2245 4438 4437
f 2247 2246 4437
f 2247 4437 4439
f 2244 4438 2245
f 2244 4440 4438
f 2248 2247 4439
f 2248 4439 4441
f 2243 4440 2244
f 2243 4442 4440
f 2249 2248 4441
f 2249 4441 4443
f 2242 4442 2243
f 2242 4444 4442
f 2250 4443 4445
f 2250 4445 4446
f 2250 2249 4443
f 2241 4444 2242
f 2241 4447 4444
f 2251 2250 4446
f 2240 4447 2241
f 2240 4448 4447
f 2252 2251 4446
f 2252 4446 4449
f 2239 4450 4448
f 2239 4448 2240
f 2253 2252 4449
f 2253 4449 4451
f 2238 4450 2239
f 2238 4452 4450
f 2254 4451 4453
f 2254 2253 4451
f 2237 4452 2238
f 2237 4454 4452
f 2255 4453 4455
f 2255 2254 4453
f 2236 4456 4454
f 2236 4454 2237
f 2256 2255 4455
f 2256 4455 4457
f 2235 4458 4456
f 2235 4456 2236
f 2257 2256 4457
f 2257 4457 4459
f 2234 4460 4458
f 2234 4458 2235
f 2258 4459 4461
f 2258 4461 4462
f 2258 2257 4459
f 2233 4463 4460
f 2233 4460 2234
f 2259 2258 4462
f 2232 4464 4463
f 2232 4463 2233
f 2231 4465 4464
f 2231 4464 2232
f 2260 2259 4462
f 2260 4462 4466
f 2260 4466 4467
f 2230 4468 4465
f 2230 4465 2231
f 2261 2260 4467
f 2229 4468 2230
f 2229 4469 4468
f 2262 4467 4470
f 2262 2261 4467
f 2228 4469 2229
f 2228 4471 4469
f 2263 2262 4470
f 2263 4470 4472
f 2263 4472 4473
f 2227 4471 2228
f 2227 4474 4471
f 2264 2263 4473
f 2226 4474 2227
f 2226 4475 4474
f 2265 2264 4473
f 2265 4473 4476
f 2225 4475 2226
f 2225 4477 4475
f 2266 2265 4476
f 2266 4476 4478
f 4479 2225 2224
f 4479 4477 2225
f 4480 2266 4478
f 4480 2267 2266
f 2223 4479 2224
f 4481 4479 2223
f 4482 2267 4480
f 4482 2268 2267
f 4482 2269 2268
f 4483 2223 2222
f 4483 4481 2223
f 4484 2269 4482
f 4484 2270 2269
f 4485 2222 2221
f 4485 4483 2222
f 4486 2270 4484
f 4487 2221 2220
f 4487 4485 2221
f 4488 2271 2270
f 4488 2270 4486
f 4489 2219 2218
f 4489 2220 2219
f 4489 4487 2220
f 4490 2272 2271
f 4490 2271 4488
f 4491 4489 2218
f 4492 2273 2272
f 4492 2272 4490
f 4493 2217 2216
f 4493 2218 2217
f 4493 4491 2218
f 4494 2274 2273
f 4494 2273 4492
f 4495 4493 2216
f 4496 2274 4494
f 4496 2275 2274
f 4497 2216 2215
f 4497 4495 2216
f 4498 2275 4496
f 4498 2276 2275
f 4499 2215 2214
f 4499 4497 2215
f 4500 2276 4498
f 4500 2194 2276
f 4500 2193 2194
f 4501 2214 2213
f 4501 4499 2214
f 4502 2193 4500
f 4503 2212 2211
f 4503 2213 2212
f 4503 4501 2213
f 4504 2193 4502
f 4504 2195 2193
f 4505 2195 4504
f 4505 2196 2195
f 4506 4503 2211
f 4507 2210 2209
f 4507 2211 2210
f 4507 4506 2211
f 4508 2196 4505
f 4508 2197 2196
f 4508 2198 2197
f 4509 4507 2209
f 4510 2198 4508
f 4511 4509 2209
f 4511 2209 2208
f 4512 2198 4510
f 4512 2199 2198
f 4512 2200 2199
f 4513 4511 2208
f 4513 2208 2207
f 4514 2200 4512
f 4515 2200 4514
f 4515 2201 2200
f 4515 2202 2201
f 4516 4513 2207
f 4516 2207 2206
f 4517 2202 4515
f 4518 4516 2206
f 4518 2205 2204
f 4518 2206 2205
f 4519 2203 2202
f 4519 2204 2203
f 4519 2202 4517
f 4520 4518 2204
f 4520 2204 4519
f 2329 4521 2330
f 2329 4522 4521
f 2331 2330 4521
f 2331 4521 4523
f 2328 4522 2329
f 2328 4524 4522
f 2332 2331 4523
f 2332 4523 4525
f 2327 4524 2328
f 2327 4526 4524
f 2333 2332 4525
f 2333 4525 4527
f 2326 4526 2327
f 2326 4528 4526
f 2334 4527 4529
f 2334 4529 4530
f 2334 2333 4527
f 2325 4528 2326
f 2325 4531 4532
f 2325 4532 4528
f 2335 2334 4530
f 2324 4531 2325
f 2336 2335 4530
f 2336 4530 4533
f 2323 4534 4531
f 2323 4531 2324
f 2337 2336 4533
f 2337 4533 4535
f 2322 4536 4534
f 2322 4534 2323
f 2338 4535 4537
f 2338 2337 4535
f 2321 4538 4536
f 2321 4536 2322
f 2339 2338 4537
f 2339 4537 4539
f 2320 4540 4538
f 2320 4538 2321
f 2340 4539 4541
f 2340 2339 4539
f 2319 4540 2320
f 2319 4542 4540
f 2341 4541 4543
f 2341 2340 4541
f 2318 4544 4542
f 2318 4542 2319
f 2342 4543 4545
f 2342 4545 4546
f 2342 2341 4543
f 2317 4547 4544
f 2317 4544 2318
f 2343 2342 4546
f 2316 4548 4547
f 2316 4547 2317
f 2344 4546 4549
f 2344 4549 4550
f 2344 2343 4546
f 2315 4551 4548
f 2315 4548 2316
f 2314 4552 4551
f 2314 4551 2315
f 2345 2344 4550
f 2313 4553 4552
f 2313 4552 2314
f 2346 2345 4550
f 2346 4550 4554
f 2312 4553 2313
f 2312 4555 4553
f 2347 2346 4554
f 2347 4554 4556
f 2311 4557 4555
f 2311 4555 2312
f 2348 2347 4556
f 2348 4556 4558
f 2310 4557 2311
f 2310 4559 4557
f 2349 2348 4558
f 2349 4558 4560
f 2309 4559 2310
f 2309 4561 4559
f 2350 4560 4562
f 2350 2349 4560
f 2351 2350 4562
f 4563 4561 2309
f 4563 2309 2308
f 4564 2351 4562
f 2307 4563 2308
f 4565 4563 2307
f 4566 2351 4564
f 4566 2352 2351
f 4567 2306 2305
f 4567 2307 2306
f 4567 4565 2307
f 4568 2352 4566
f 4568 2353 2352
f 4568 2354 2353
f 4569 4567 2305
f 4570 2354 4568
f 4571 2304 2303
f 4571 2305 2304
f 4571 4569 2305
f 4572 2355 2354
f 4572 2356 2355
f 4572 2354 4570
f 4573 4571 2303
f 4574 2356 4572
f 4575 4573 2303
f 4575 2303 2302
f 4576 2356 4574
f 4576 2357 2356
f 4576 2358 2357
f 4577 2302 2301
f 4577 4575 2302
f 4578 2359 2358
f 4578 2358 4576
f 4579 4577 2301
f 4579 2301 2300
f 4580 2359 4578
f 4581 2300 2299
f 4581 4579 2300
f 4582 2360 2359
f 4582 2359 4580
f 4583 2299 2298
f 4583 4581 2299
f 4584 2360 4582
f 4584 2278 2360
f 4584 2277 2278
f 4585 2297 2296
f 4585 2298 2297
f 4585 4583 2298
f 4586 2277 4584
f 4587 4585 2296
f 4588 2277 4586
f 4588 2279 2277
f 4589 2295 2294
f 4589 2296 2295
f 4589 4587 2296
f 4590 2280 2279
f 4590 2279 4588
f 4591 4589 2294
f 4592 2280 4590
f 4592 2281 2280
f 4593 2294 2293
f 4593 4591 2294
f 4594 2281 4592
f 4594 2282 2281
f 4595 4593 2293
f 4595 2292 2291
f 4595 2293 2292
f 4596 2282 4594
f 4596 2283 2282
f 4596 2284 2283
f 4597 2284 4596
f 4598 4595 2291
f 4599 2284 4597
f 4599 2285 2284
f 4600 4598 2291
f 4600 2291 2290
f 4601 2285 4599
f 4601 2286 2285
f 4602 4600 2290
f 4602 2290 2289
f 4603 2287 2286
f 4603 2286 4601
f 4604 2287 4603
f 4604 2288 2287
f 4604 2289 2288
f 4604 4602 2289
f 2922 4605 4606
f 2922 2921 4605
f 2925 4606 4607
f 2925 2922 4606
f 2927 4607 4608
f 2927 4608 4609
f 2927 2925 4607
f 2929 2927 4609
f 2931 4609 4610
f 2931 4610 4611
f 2931 2929 4609
f 2933 2931 4611
f 2935 4611 4612
f 2935 2933 4611
f 2937 4612 4613
f 2937 2935 4612
f 2939 4613 4614
f 2939 2937 4613
f 2941 4614 4615
f 2941 2939 4614
f 2943 4615 4616
f 2943 2941 4615
f 2945 4616 4617
f 2945 2943 4616
f 2947 2945 4617
f 2947 4617 4618
f 2949 2947 4618
f 2949 4618 4619
f 2951 2949 4619
f 2951 4619 4620
f 2951 4620 4621
f 2953 2951 4621
f 2955 2953 4621
f 2955 4621 4622
f 2957 4622 4623
f 2957 2955 4622
f 2959 4623 4624
f 2959 2957 4623
f 2961 4624 4625
f 2961 4625 2562
f 2961 2959 4624
f 2406 2961 2562
f 2562 4625 2634
f 4626 4627 4628
f 4626 4629 4627
f 4630 4628 4631
f 4630 4626 4628
f 4632 4631 4633
f 4632 4630 4631
f 4634 4633 4635
f 4634 4632 4633
f 4636 4635 4637
f 4636 4634 4635
f 4638 4637 4639
f 4638 4636 4637
f 4640 4639 4641
f 4640 4638 4639
f 4642 4641 4643
f 4642 4640 4641
f 4644 4643 4645
f 4644 4642 4643
f 4646 4645 4647
f 4646 4644 4645
f 4648 4647 4649
f 4648 4646 4647
f 4650 4649 4651
f 4650 4648 4649
f 4652 4651 4653
f 4652 4650 4651
f 4654 4653 4655
f 4654 4652 4653
f 4656 4655 4657
f 4656 4654 4655
f 4658 4657 4659
f 4658 4656 4657
f 4660 4658 4659
f 4660 4659 4661
f 4662 4661 4663
f 4662 4660 4661
f 4664 4662 4663
f 4664 4663 4665
f 4666 4665 4667
f 4666 4667 2763
f 4666 4664 4665
f 4666 2763 2759
f 4668 4629 4626
f 4668 4669 4629
f 4670 4626 4630
f 4670 4668 4626
f 4671 4670 4630
f 4671 4630 4632
f 4672 4632 4634
f 4672 4671 4632
f 4673 4634 4636
f 4673 4672 4634
f 4674 4673 4636
f 4674 4636 4638
f 4675 4674 4638
f 4675 4638 4640
f 4676 4640 4642
f 4676 4675 4640
f 4677 4642 4644
f 4677 4676 4642
f 4678 4677 4644
f 4678 4644 4646
f 4679 4646 4648
f 4679 4678 4646
f 4680 4648 4650
f 4680 4679 4648
f 4681 4650 4652
f 4681 4680 4650
f 4682 4652 4654
f 4682 4681 4652
f 4683 4682 4654
f 4683 4654 4656
f 4684 4656 4658
f 4684 4683 4656
f 4685 4658 4660
f 4685 4684 4658
f 4686 4660 4662
f 4686 4685 4660
f 4687 4662 4664
f 4687 4686 4662
f 4688 4664 4666
f 4688 2759 2744
f 4688 4666 2759
f 4688 4687 4664
f 4689 4690 4669
f 4689 4691 4690
f 4689 4669 4668
f 4692 4668 4670
f 4692 4689 4668
f 4693 4692 4670
f 4693 4670 4671
f 4694 4693 4671
f 4694 4671 4672
f 4695 4694 4672
f 4695 4672 4673
f 4696 4673 4674
f 4696 4695 4673
f 4697 4674 4675
f 4697 4696 4674
f 4698 4675 4676
f 4698 4697 4675
f 4699 4698 4676
f 4699 4676 4677
f 4700 4677 4678
f 4700 4699 4677
f 4701 4678 4679
f 4701 4700 4678
f 4702 4701 4679
f 4702 4679 4680
f 4703 4702 4680
f 4703 4680 4681
f 4704 4681 4682
f 4704 4703 4681
f 4705 4704 4682
f 4705 4682 4683
f 4706 4683 4684
f 4706 4705 4683
f 4707 4706 4684
f 4707 4684 4685
f 4708 4707 4685
f 4708 4685 4686
f 4709 4708 4686
f 4709 4686 4687
f 4710 4709 4687
f 4710 4688 2744
f 4710 2744 2741
f 4710 4687 4688
f 4711 4691 4689
f 4712 4711 4689
f 4712 4689 4692
f 4713 4712 4692
f 4713 4692 4693
f 4713 4693 4694
f 4714 4713 4694
f 4714 4694 4695
f 4715 4714 4695
f 4716 4695 4696
f 4716 4715 4695
f 4717 4696 4697
f 4717 4716 4696
f 4718 4697 4698
f 4718 4717 4697
f 4718 4698 4699
f 4719 4718 4699
f 4720 4699 4700
f 4720 4719 4699
f 4721 4700 4701
f 4721 4720 4700
f 4722 4701 4702
f 4722 4721 4701
f 4723 4702 4703
f 4723 4703 4704
f 4723 4722 4702
f 4724 4723 4704
f 4725 4724 4704
f 4725 4704 4705
f 4725 4705 4706
f 4726 4725 4706
f 4727 4706 4707
f 4727 4726 4706
f 4728 4707 4708
f 4728 4727 4707
f 4729 4708 4709
f 4729 4728 4708
f 4730 4729 4709
f 4730 4709 4710
f 4730 4710 2741
f 4730 2741 2738
f 4731 4732 4691
f 4731 4691 4711
f 4733 4731 4711
f 4733 4711 4712
f 4734 4733 4712
f 4734 4712 4713
f 4735 4713 4714
f 4735 4734 4713
f 4736 4735 4714
f 4736 4714 4715
f 4736 4715 4716
f 4737 4736 4716
f 4738 4737 4716
f 4738 4716 4717
f 4739 4717 4718
f 4739 4738 4717
f 4740 4739 4718
f 4740 4718 4719
f 4741 4740 4719
f 4741 4719 4720
f 4742 4741 4720
f 4742 4720 4721
f 4743 4721 4722
f 4743 4742 4721
f 4744 4743 4722
f 4744 4722 4723
f 4744 4723 4724
f 4745 4744 4724
f 4746 4745 4724
f 4746 4724 4725
f 4747 4725 4726
f 4747 4746 4725
f 4747 4726 4727
f 4748 4747 4727
f 4749 4748 4727
f 4749 4727 4728
f 4750 4749 4728
f 4750 4728 4729
f 4751 4730 2738
f 4751 4750 4729
f 4751 2738 2718
f 4751 4729 4730
f 4752 4753 4732
f 4752 4732 4731
f 4754 4731 4733
f 4754 4752 4731
f 4755 4733 4734
f 4755 4754 4733
f 4756 4734 4735
f 4756 4755 4734
f 4757 4735 4736
f 4757 4756 4735
f 4758 4736 4737
f 4758 4757 4736
f 4759 4737 4738
f 4759 4758 4737
f 4760 4738 4739
f 4760 4759 4738
f 4761 4739 4740
f 4761 4760 4739
f 4762 4740 4741
f 4762 4761 4740
f 4763 4741 4742
f 4763 4762 4741
f 4764 4742 4743
f 4764 4763 4742
f 4765 4764 4743
f 4765 4743 4744
f 4766 4765 4744
f 4766 4744 4745
f 4767 4745 4746
f 4767 4766 4745
f 4768 4767 4746
f 4768 4746 4747
f 4769 4768 4747
f 4769 4747 4748
f 4770 4769 4748
f 4770 4748 4749
f 4771 4770 4749
f 4771 4749 4750
f 4772 4750 4751
f 4772 4771 4750
f 4772 4751 2718
f 4772 2718 2717
f 4773 4774 4753
f 4773 4753 4752
f 4775 4752 4754
f 4775 4773 4752
f 4776 4775 4754
f 4776 4754 4755
f 4776 4755 4756
f 4777 4776 4756
f 4777 4756 4757
f 4778 4777 4757
f 4779 4778 4757
f 4779 4757 4758
f 4780 4779 4758
f 4780 4758 4759
f 4781 4759 4760
f 4781 4760 4761
f 4781 4780 4759
f 4782 4781 4761
f 4782 4761 4762
f 4783 4782 4762
f 4784 4783 4762
f 4784 4762 4763
f 4785 4784 4763
f 4785 4763 4764
f 4786 4785 4764
f 4786 4764 4765
f 4787 4786 4765
f 4787 4765 4766
f 4788 4766 4767
f 4788 4787 4766
f 4789 4788 4767
f 4789 4767 4768
f 4790 4768 4769
f 4790 4789 4768
f 4791 4769 4770
f 4791 4790 4769
f 4792 4791 4770
f 4792 4770 4771
f 4792 4771 4772
f 4793 4772 2717
f 4793 2717 2716
f 4793 4792 4772
f 4794 4795 4774
f 4794 4773 4775
f 4794 4774 4773
f 4796 4794 4775
f 4797 4775 4776
f 4797 4796 4775
f 4798 4776 4777
f 4798 4797 4776
f 4799 4777 4778
f 4799 4778 4779
f 4799 4798 4777
f 4800 4799 4779
f 4801 4800 4779
f 4801 4779 4780
f 4802 4780 4781
f 4802 4801 4780
f 4802 4781 4782
f 4803 4802 4782
f 4804 4803 4782
f 4804 4782 4783
f 4805 4783 4784
f 4805 4804 4783
f 4806 4784 4785
f 4806 4805 4784
f 4807 4785 4786
f 4807 4806 4785
f 4807 4786 4787
f 4808 4807 4787
f 4809 4787 4788
f 4809 4808 4787
f 4810 4788 4789
f 4810 4809 4788
f 4810 4789 4790
f 4811 4810 4790
f 4812 4811 4790
f 4812 4790 4791
f 4813 4791 4792
f 4813 4812 4791
f 4814 4813 4792
f 4814 2716 2715
f 4814 2715 2714
f 4814 4793 2716
f 4814 4792 4793
f 4815 4816 4795
f 4815 4795 4794
f 4817 4794 4796
f 4817 4815 4794
f 4818 4817 4796
f 4818 4796 4797
f 4819 4818 4797
f 4819 4797 4798
f 4820 4819 4798
f 4820 4798 4799
f 4821 4820 4799
f 4821 4799 4800
f 4822 4821 4800
f 4822 4800 4801
f 4823 4801 4802
f 4823 4822 4801
f 4824 4802 4803
f 4824 4823 4802
f 4825 4803 4804
f 4825 4824 4803
f 4826 4805 4806
f 4826 4804 4805
f 4826 4825 4804
f 4827 4826 4806
f 4828 4806 4807
f 4828 4827 4806
f 4829 4807 4808
f 4829 4828 4807
f 4830 4808 4809
f 4830 4829 4808
f 4831 4809 4810
f 4831 4830 4809
f 4832 4810 4811
f 4832 4811 4812
f 4832 4831 4810
f 4833 4812 4813
f 4833 4832 4812
f 4834 4833 4813
f 4835 4834 4813
f 4835 4813 4814
f 4835 4814 2714
f 4836 4837 4816
f 4836 4816 4815
f 4838 4815 4817
f 4838 4836 4815
f 4839 4838 4817
f 4839 4817 4818
f 4840 4839 4818
f 4840 4818 4819
f 4841 4840 4819
f 4841 4819 4820
f 4842 4841 4820
f 4842 4820 4821
f 4843 4822 4823
f 4843 4842 4821
f 4843 4821 4822
f 4844 4843 4823
f 4845 4844 4823
f 4845 4823 4824
f 4845 4824 4825
f 4846 4845 4825
f 4846 4825 4826
f 4847 4846 4826
f 4848 4847 4826
f 4848 4827 4828
f 4848 4826 4827
f 4849 4848 4828
f 4849 4828 4829
f 4850 4849 4829
f 4850 4829 4830
f 4851 4850 4830
f 4852 4851 4830
f 4852 4830 4831
f 4852 4831 4832
f 4853 4852 4832
f 4853 4832 4833
f 4854 4853 4833
f 4855 4854 4833
f 4855 4833 4834
f 4856 4855 4834
f 4856 2714 2688
f 4856 4834 4835
f 4856 4835 2714
f 4857 4858 4837
f 4857 4837 4836
f 4859 4857 4836
f 4859 4838 4839
f 4859 4836 4838
f 4860 4859 4839
f 4861 4860 4839
f 4861 4839 4840
f 4862 4840 4841
f 4862 4861 4840
f 4863 4841 4842
f 4863 4862 4841
f 4864 4842 4843
f 4864 4863 4842
f 4865 4843 4844
f 4865 4864 4843
f 4866 4844 4845
f 4866 4845 4846
f 4866 4865 4844
f 4867 4866 4846
f 4868 4867 4846
f 4868 4846 4847
f 4869 4847 4848
f 4869 4868 4847
f 4870 4848 4849
f 4870 4869 4848
f 4871 4849 4850
f 4871 4870 4849
f 4872 4850 4851
f 4872 4871 4850
f 4873 4872 4851
f 4873 4851 4852
f 4874 4852 4853
f 4874 4873 4852
f 4875 4874 4853
f 4875 4853 4854
f 4876 4875 4854
f 4876 4854 4855
f 4877 4876 4855
f 4877 4855 4856
f 4877 4856 2688
f 4877 2688 2685
f 4878 4879 4858
f 4878 4858 4857
f 4880 4857 4859
f 4880 4878 4857
f 4881 4880 4859
f 4881 4859 4860
f 4882 4861 4862
f 4882 4881 4860
f 4882 4860 4861
f 4883 4882 4862
f 4884 4883 4862
f 4884 4862 4863
f 4885 4863 4864
f 4885 4884 4863
f 4886 4885 4864
f 4886 4864 4865
f 4887 4866 4867
f 4887 4865 4866
f 4887 4886 4865
f 4888 4887 4867
f 4889 4888 4867
f 4889 4867 4868
f 4890 4889 4868
f 4890 4868 4869
f 4891 4890 4869
f 4891 4869 4870
f 4892 4891 4870
f 4892 4870 4871
f 4893 4892 4871
f 4893 4871 4872
f 4894 4872 4873
f 4894 4893 4872
f 4895 4873 4874
f 4895 4874 4875
f 4895 4894 4873
f 4896 4895 4875
f 4897 4896 4875
f 4897 4875 4876
f 4897 4876 4877
f 4898 4877 2685
f 4898 4897 4877
f 4898 2685 2681
f 4899 4900 4879
f 4899 4901 4900
f 4899 4879 4878
f 4902 4880 4881
f 4902 4899 4878
f 4902 4878 4880
f 4903 4902 4881
f 4904 4881 4882
f 4904 4903 4881
f 4905 4882 4883
f 4905 4904 4882
f 4906 4883 4884
f 4906 4905 4883
f 4907 4884 4885
f 4907 4906 4884
f 4908 4885 4886
f 4908 4907 4885
f 4908 4886 4887
f 4909 4887 4888
f 4909 4908 4887
f 4910 4909 4888
f 4911 4888 4889
f 4911 4910 4888
f 4912 4911 4889
f 4912 4889 4890
f 4912 4890 4891
f 4913 4912 4891
f 4914 4913 4891
f 4914 4891 4892
f 4914 4892 4893
f 4915 4914 4893
f 4916 4915 4893
f 4916 4893 4894
f 4917 4916 4894
f 4917 4894 4895
f 4918 4917 4895
f 4918 4895 4896
f 4919 4896 4897
f 4919 4918 4896
f 4920 4919 4897
f 4920 4897 4898
f 4920 2681 2677
f 4920 4898 2681
f 4921 4901 4899
f 4922 4902 4903
f 4922 4899 4902
f 4922 4921 4899
f 4923 4922 4903
f 4924 4923 4903
f 4924 4903 4904
f 4925 4924 4904
f 4925 4904 4905
f 4925 4905 4906
f 4926 4925 4906
f 4926 4906 4907
f 4927 4926 4907
f 4928 4907 4908
f 4928 4927 4907
f 4928 4908 4909
f 4929 4928 4909
f 4930 4909 4910
f 4930 4929 4909
f 4931 4910 4911
f 4931 4930 4910
f 4932 4911 4912
f 4932 4931 4911
f 4933 4912 4913
f 4933 4913 4914
f 4933 4932 4912
f 4934 4933 4914
f 4935 4915 4916
f 4935 4914 4915
f 4935 4934 4914
f 4936 4916 4917
f 4936 4935 4916
f 4937 4936 4917
f 4938 4917 4918
f 4938 4937 4917
f 4939 4919 4920
f 4939 4938 4918
f 4939 4918 4919
f 4940 4920 2677
f 4940 2677 2672
f 4940 4939 4920
f 4941 4942 4901
f 4941 4901 4921
f 4943 4921 4922
f 4943 4941 4921
f 4944 4923 4924
f 4944 4943 4922
f 4944 4922 4923
f 4945 4944 4924
f 4946 4945 4924
f 4946 4924 4925
f 4947 4925 4926
f 4947 4946 4925
f 4948 4926 4927
f 4948 4927 4928
f 4948 4947 4926
f 4949 4948 4928
f 4949 4928 4929
f 4950 4949 4929
f 4951 4929 4930
f 4951 4950 4929
f 4952 4951 4930
f 4952 4930 4931
f 4952 4931 4932
f 4953 4952 4932
f 4954 4953 4932
f 4954 4932 4933
f 4955 4933 4934
f 4955 4954 4933
f 4956 4955 4934
f 4956 4934 4935
f 4957 4935 4936
f 4957 4956 4935
f 4958 4957 4936
f 4958 4936 4937
f 4958 4937 4938
f 4959 4958 4938
f 4959 4938 4939
f 4960 4959 4939
f 4960 4939 4940
f 4961 4960 4940
f 4961 2672 2665
f 4961 2665 2657
f 4961 4940 2672
f 4962 4963 4942
f 4962 4964 4963
f 4962 4942 4941
f 4965 4941 4943
f 4965 4943 4944
f 4965 4962 4941
f 4966 4965 4944
f 4967 4944 4945
f 4967 4966 4944
f 4968 4945 4946
f 4968 4967 4945
f 4969 4968 4946
f 4969 4946 4947
f 4970 4947 4948
f 4970 4969 4947
f 4971 4948 4949
f 4971 4949 4950
f 4971 4970 4948
f 4972 4971 4950
f 4973 4950 4951
f 4973 4972 4950
f 4974 4951 4952
f 4974 4973 4951
f 4975 4952 4953
f 4975 4974 4952
f 4976 4975 4953
f 4976 4953 4954
f 4977 4954 4955
f 4977 4976 4954
f 4978 4955 4956
f 4978 4977 4955
f 4979 4956 4957
f 4979 4978 4956
f 4980 4957 4958
f 4980 4979 4957
f 4981 4980 4958
f 4981 4958 4959
f 4982 4981 4959
f 4982 4959 4960
f 4983 4982 4960
f 4983 4960 4961
f 4983 4961 2657
f 4984 4964 4962
f 4985 4962 4965
f 4985 4965 4966
f 4985 4984 4962
f 4986 4985 4966
f 4986 4966 4967
f 4987 4986 4967
f 4988 4987 4967
f 4988 4967 4968
f 4989 4988 4968
f 4989 4968 4969
f 4990 4969 4970
f 4990 4989 4969
f 4990 4970 4971
f 4991 4990 4971
f 4992 4991 4971
f 4992 4971 4972
f 4993 4992 4972
f 4993 4972 4973
f 4994 4973 4974
f 4994 4993 4973
f 4995 4994 4974
f 4995 4974 4975
f 4996 4995 4975
f 4996 4975 4976
f 4997 4976 4977
f 4997 4996 4976
f 4998 4997 4977
f 4998 4977 4978
f 4999 4998 4978
f 4999 4978 4979
f 5000 4979 4980
f 5000 4999 4979
f 5001 4980 4981
f 5001 4981 4982
f 5001 5000 4980
f 5002 4982 4983
f 5002 5001 4982
f 5003 4983 2657
f 5003 5002 4983
f 5003 2657 2650
f 5003 2650 2645
f 5004 5005 4964
f 5004 4964 4984
f 5006 5004 4984
f 5006 4984 4985
f 5007 4985 4986
f 5007 5006 4985
f 5008 4986 4987
f 5008 5007 4986
f 5009 4987 4988
f 5009 5008 4987
f 5010 4988 4989
f 5010 5009 4988
f 5010 4989 4990
f 5011 5010 4990
f 5012 4990 4991
f 5012 5011 4990
f 5013 4991 4992
f 5013 5012 4991
f 5014 4992 4993
f 5014 5013 4992
f 5015 4993 4994
f 5015 5014 4993
f 5016 5015 4994
f 5016 4994 4995
f 5017 4995 4996
f 5017 5016 4995
f 5018 5017 4996
f 5018 4996 4997
f 5019 5018 4997
f 5019 4997 4998
f 5020 4998 4999
f 5020 5019 4998
f 5021 5020 4999
f 5021 4999 5000
f 5022 5000 5001
f 5022 5021 5000
f 5023 5022 5001
f 5023 5001 5002
f 5024 5023 5002
f 5024 5002 5003
f 5024 5003 2645
f 5025 5026 5005
f 5025 5005 5004
f 5027 5004 5006
f 5027 5025 5004
f 5027 5006 5007
f 5028 5027 5007
f 5029 5028 5007
f 5029 5007 5008
f 5030 5008 5009
f 5030 5029 5008
f 5031 5030 5009
f 5031 5009 5010
f 5032 5031 5010
f 5032 5010 5011
f 5033 5032 5011
f 5033 5012 5013
f 5033 5011 5012
f 5034 5013 5014
f 5034 5033 5013
f 5035 5034 5014
f 5036 5014 5015
f 5036 5035 5014
f 5037 5015 5016
f 5037 5036 5015
f 5038 5016 5017
f 5038 5037 5016
f 5039 5017 5018
f 5039 5038 5017
f 5040 5018 5019
f 5040 5019 5020
f 5040 5039 5018
f 5041 5040 5020
f 5042 5020 5021
f 5042 5041 5020
f 5043 5042 5021
f 5043 5021 5022
f 5043 5022 5023
f 5044 5043 5023
f 5045 5023 5024
f 5045 5024 2645
f 5045 2645 2638
f 5045 5044 5023
f 5046 5047 5026
f 5046 4605 5047
f 5046 4606 4605
f 5046 5026 5025
f 5048 5025 5027
f 5048 4606 5046
f 5048 4607 4606
f 5048 5046 5025
f 5049 5048 5027
f 5049 4607 5048
f 5049 5027 5028
f 5049 4608 4607
f 5050 5049 5028
f 5050 4608 5049
f 5050 4609 4608
f 5050 5028 5029
f 5051 4609 5050
f 5051 5029 5030
f 5051 5050 5029
f 5051 4610 4609
f 5052 5030 5031
f 5052 5051 5030
f 5052 4610 5051
f 5052 4611 4610
f 5053 5052 5031
f 5053 4611 5052
f 5053 4612 4611
f 5053 5031 5032
f 5054 5053 5032
f 5054 4612 5053
f 5054 4613 4612
f 5054 5032 5033
f 5055 4613 5054
f 5055 4614 4613
f 5055 5033 5034
f 5055 5054 5033
f 5056 5055 5034
f 5056 4615 4614
f 5056 5034 5035
f 5056 4614 5055
f 5057 4616 4615
f 5057 5035 5036
f 5057 4615 5056
f 5057 5056 5035
f 5058 5057 5036
f 5058 4616 5057
f 5058 4617 4616
f 5058 5036 5037
f 5059 4617 5058
f 5059 5058 5037
f 5059 4618 4617
f 5059 5037 5038
f 5060 4618 5059
f 5060 5059 5038
f 5060 4619 4618
f 5060 5038 5039
f 5061 4620 4619
f 5061 5060 5039
f 5061 5039 5040
f 5061 4619 5060
f 5062 4620 5061
f 5062 5061 5040
f 5062 4621 4620
f 5062 5040 5041
f 5063 4621 5062
f 5063 5062 5041
f 5063 4622 4621
f 5063 5041 5042
f 5064 5063 5042
f 5064 4623 4622
f 5064 5042 5043
f 5064 4622 5063
f 5065 5064 5043
f 5065 4624 4623
f 5065 4625 4624
f 5065 5043 5044
f 5065 4623 5064
f 5065 5044 5045
f 5066 4625 5065
f 5066 5065 5045
f 5066 2634 4625
f 5066 2638 2634
f 5066 5045 2638
f 4628 5067 5068
f 4628 4627 5067
f 4631 5068 5069
f 4631 4628 5068
f 4633 5069 5070
f 4633 4631 5069
f 4635 5070 5071
f 4635 4633 5070
f 4637 5071 5072
f 4637 4635 5071
f 4639 5072 5073
f 4639 4637 5072
f 4641 5073 5074
f 4641 4639 5073
f 4643 5074 5075
f 4643 4641 5074
f 4645 5075 5076
f 4645 4643 5075
f 4647 5076 5077
f 4647 4645 5076
f 4649 5077 5078
f 4649 4647 5077
f 4651 5078 5079
f 4651 4649 5078
f 4653 4651 5079
f 4653 5079 5080
f 4655 4653 5080
f 4655 5080 5081
f 4657 4655 5081
f 4657 5081 5082
f 4659 4657 5082
f 4659 5082 5083
f 4661 4659 5083
f 4661 5083 5084
f 4663 5084 5085
f 4663 4661 5084
f 4665 5085 5086
f 4665 4663 5085
f 4667 5086 5087
f 4667 4665 5086
f 2763 5087 2828
f 2763 4667 5087
f 2828 5087 2837
f 5088 5089 5090
f 5088 5091 5089
f 5092 5090 5093
f 5092 5088 5090
f 5094 5093 5095
f 5094 5092 5093
f 5096 5095 5097
f 5096 5094 5095
f 5098 5097 5099
f 5098 5096 5097
f 5100 5099 5101
f 5100 5098 5099
f 5102 5101 5103
f 5102 5100 5101
f 5104 5103 5105
f 5104 5102 5103
f 5106 5105 5107
f 5106 5104 5105
f 5108 5107 5109
f 5108 5106 5107
f 5110 5109 5111
f 5110 5108 5109
f 5112 5111 5113
f 5112 5110 5111
f 5114 5113 5115
f 5114 5112 5113
f 5116 5115 5117
f 5116 5114 5115
f 5118 5116 5117
f 5118 5117 5119
f 5120 5118 5119
f 5120 5119 5121
f 5122 5121 5123
f 5122 5120 5121
f 5124 5123 5125
f 5124 5122 5123
f 5126 5124 5125
f 5126 5125 5127
f 5128 5127 5129
f 5128 5129 2817
f 5128 5126 5127
f 5128 2817 2841
f 5130 5091 5088
f 5130 5131 5091
f 5132 5088 5092
f 5132 5130 5088
f 5133 5092 5094
f 5133 5132 5092
f 5134 5094 5096
f 5134 5133 5094
f 5135 5134 5096
f 5135 5096 5098
f 5136 5135 5098
f 5136 5098 5100
f 5137 5136 5100
f 5137 5100 5102
f 5138 5137 5102
f 5138 5102 5104
f 5139 5104 5106
f 5139 5138 5104
f 5140 5139 5106
f 5140 5106 5108
f 5141 5108 5110
f 5141 5140 5108
f 5142 5141 5110
f 5142 5110 5112
f 5143 5142 5112
f 5143 5112 5114
f 5144 5114 5116
f 5144 5143 5114
f 5145 5116 5118
f 5145 5144 5116
f 5146 5118 5120
f 5146 5145 5118
f 5147 5120 5122
f 5147 5146 5120
f 5148 5122 5124
f 5148 5147 5122
f 5149 5124 5126
f 5149 5148 5124
f 5150 5128 2841
f 5150 2841 2844
f 5150 5126 5128
f 5150 5149 5126
f 5151 5131 5130
f 5151 5152 5131
f 5151 5153 5152
f 5154 5130 5132
f 5154 5151 5130
f 5155 5154 5132
f 5155 5132 5133
f 5156 5155 5133
f 5156 5133 5134
f 5157 5134 5135
f 5157 5156 5134
f 5158 5135 5136
f 5158 5157 5135
f 5159 5136 5137
f 5159 5158 5136
f 5160 5137 5138
f 5160 5159 5137
f 5161 5138 5139
f 5161 5160 5138
f 5162 5139 5140
f 5162 5161 5139
f 5163 5162 5140
f 5163 5140 5141
f 5164 5163 5141
f 5164 5141 5142
f 5165 5164 5142
f 5165 5142 5143
f 5166 5143 5144
f 5166 5165 5143
f 5167 5166 5144
f 5167 5144 5145
f 5168 5167 5145
f 5168 5145 5146
f 5169 5168 5146
f 5169 5146 5147
f 5170 5169 5147
f 5170 5147 5148
f 5171 5170 5148
f 5171 5148 5149
f 5172 5171 5149
f 5172 2844 2855
f 5172 5149 5150
f 5172 5150 2844
f 5173 5153 5151
f 5174 5173 5151
f 5174 5151 5154
f 5175 5174 5154
f 5175 5154 5155
f 5175 5155 5156
f 5176 5175 5156
f 5176 5156 5157
f 5177 5176 5157
f 5178 5177 5157
f 5178 5157 5158
f 5179 5158 5159
f 5179 5178 5158
f 5180 5159 5160
f 5180 5160 5161
f 5180 5179 5159
f 5181 5180 5161
f 5182 5161 5162
f 5182 5181 5161
f 5183 5162 5163
f 5183 5182 5162
f 5184 5163 5164
f 5184 5183 5163
f 5185 5164 5165
f 5185 5184 5164
f 5185 5165 5166
f 5186 5185 5166
f 5187 5166 5167
f 5187 5186 5166
f 5188 5167 5168
f 5188 5187 5167
f 5189 5168 5169
f 5189 5188 5168
f 5190 5169 5170
f 5190 5189 5169
f 5191 5170 5171
f 5191 5171 5172
f 5191 5190 5170
f 5192 5172 2855
f 5192 2855 2858
f 5192 2858 2863
f 5192 5191 5172
f 5193 5153 5173
f 5193 5194 5153
f 5195 5173 5174
f 5195 5193 5173
f 5196 5195 5174
f 5196 5174 5175
f 5197 5176 5177
f 5197 5175 5176
f 5197 5196 5175
f 5198 5197 5177
f 5199 5198 5177
f 5199 5177 5178
f 5200 5199 5178
f 5200 5178 5179
f 5201 5179 5180
f 5201 5200 5179
f 5202 5201 5180
f 5202 5180 5181
f 5203 5202 5181
f 5203 5181 5182
f 5204 5182 5183
f 5204 5203 5182
f 5205 5183 5184
f 5205 5204 5183
f 5206 5184 5185
f 5206 5185 5186
f 5206 5205 5184
f 5207 5206 5186
f 5208 5207 5186
f 5208 5186 5187
f 5209 5187 5188
f 5209 5208 5187
f 5209 5188 5189
f 5210 5209 5189
f 5211 5210 5189
f 5211 5189 5190
f 5212 5191 5192
f 5212 5211 5190
f 5212 5190 5191
f 5213 5192 2863
f 5213 5212 5192
f 5214 5215 5194
f 5214 5194 5193
f 5216 5193 5195
f 5216 5214 5193
f 5217 5216 5195
f 5217 5195 5196
f 5218 5196 5197
f 5218 5217 5196
f 5219 5197 5198
f 5219 5218 5197
f 5220 5198 5199
f 5220 5219 5198
f 5221 5199 5200
f 5221 5220 5199
f 5222 5200 5201
f 5222 5221 5200
f 5223 5201 5202
f 5223 5222 5201
f 5224 5202 5203
f 5224 5223 5202
f 5225 5203 5204
f 5225 5224 5203
f 5226 5204 5205
f 5226 5225 5204
f 5227 5226 5205
f 5227 5205 5206
f 5228 5206 5207
f 5228 5227 5206
f 5229 5228 5207
f 5229 5207 5208
f 5230 5208 5209
f 5230 5229 5208
f 5231 5230 5209
f 5231 5209 5210
f 5232 5231 5210
f 5232 5210 5211
f 5233 5232 5211
f 5233 5211 5212
f 5234 5233 5212
f 5234 5213 2863
f 5234 5212 5213
f 5234 2863 2868
f 5234 2868 2873
f 5235 5236 5215
f 5235 5215 5214
f 5237 5214 5216
f 5237 5235 5214
f 5238 5237 5216
f 5238 5217 5218
f 5238 5216 5217
f 5239 5238 5218
f 5239 5218 5219
f 5240 5239 5219
f 5241 5240 5219
f 5241 5219 5220
f 5242 5220 5221
f 5242 5241 5220
f 5243 5242 5221
f 5243 5221 5222
f 5243 5222 5223
f 5244 5243 5223
f 5244 5223 5224
f 5245 5244 5224
f 5246 5245 5224
f 5246 5224 5225
f 5247 5246 5225
f 5247 5225 5226
f 5248 5247 5226
f 5248 5226 5227
f 5249 5227 5228
f 5249 5248 5227
f 5250 5229 5230
f 5250 5228 5229
f 5250 5249 5228
f 5251 5250 5230
f 5252 5230 5231
f 5252 5251 5230
f 5253 5231 5232
f 5253 5252 5231
f 5254 5232 5233
f 5254 5233 5234
f 5254 5253 5232
f 5255 5234 2873
f 5255 5254 5234
f 5256 5257 5236
f 5256 5235 5237
f 5256 5236 5235
f 5258 5256 5237
f 5259 5237 5238
f 5259 5258 5237
f 5260 5238 5239
f 5260 5259 5238
f 5261 5240 5241
f 5261 5239 5240
f 5261 5260 5239
f 5262 5261 5241
f 5263 5262 5241
f 5263 5241 5242
f 5264 5243 5244
f 5264 5263 5242
f 5264 5242 5243
f 5265 5264 5244
f 5266 5265 5244
f 5266 5244 5245
f 5267 5266 5245
f 5267 5245 5246
f 5268 5267 5246
f 5268 5246 5247
f 5269 5247 5248
f 5269 5248 5249
f 5269 5268 5247
f 5270 5269 5249
f 5271 5270 5249
f 5271 5249 5250
f 5272 5250 5251
f 5272 5251 5252
f 5272 5271 5250
f 5273 5272 5252
f 5274 5273 5252
f 5274 5252 5253
f 5275 5274 5253
f 5275 5253 5254
f 5276 5255 2873
f 5276 5275 5254
f 5276 2873 2878
f 5276 5254 5255
f 5277 5257 5256
f 5277 5278 5257
f 5277 5279 5278
f 5280 5256 5258
f 5280 5277 5256
f 5281 5259 5260
f 5281 5280 5258
f 5281 5258 5259
f 5282 5281 5260
f 5283 5282 5260
f 5283 5260 5261
f 5284 5283 5261
f 5284 5261 5262
f 5285 5284 5262
f 5285 5262 5263
f 5286 5285 5263
f 5286 5263 5264
f 5287 5264 5265
f 5287 5286 5264
f 5288 5265 5266
f 5288 5287 5265
f 5289 5266 5267
f 5289 5267 5268
f 5289 5288 5266
f 5290 5289 5268
f 5291 5268 5269
f 5291 5290 5268
f 5292 5269 5270
f 5292 5291 5269
f 5293 5270 5271
f 5293 5292 5270
f 5294 5271 5272
f 5294 5293 5271
f 5295 5272 5273
f 5295 5273 5274
f 5295 5294 5272
f 5296 5295 5274
f 5296 5274 5275
f 5297 5296 5275
f 5298 5276 2878
f 5298 2878 2884
f 5298 5275 5276
f 5298 5297 5275
f 5299 5279 5277
f 5300 5277 5280
f 5300 5299 5277
f 5301 5280 5281
f 5301 5300 5280
f 5302 5281 5282
f 5302 5282 5283
f 5302 5301 5281
f 5303 5302 5283
f 5304 5303 5283
f 5304 5283 5284
f 5305 5304 5284
f 5305 5285 5286
f 5305 5284 5285
f 5306 5305 5286
f 5307 5306 5286
f 5307 5286 5287
f 5307 5287 5288
f 5308 5307 5288
f 5308 5288 5289
f 5309 5308 5289
f 5310 5309 5289
f 5310 5290 5291
f 5310 5289 5290
f 5311 5310 5291
f 5311 5291 5292
f 5312 5292 5293
f 5312 5311 5292
f 5313 5312 5293
f 5314 5313 5293
f 5314 5293 5294
f 5314 5294 5295
f 5315 5314 5295
f 5315 5295 5296
f 5316 5315 5296
f 5317 5296 5297
f 5317 5316 5296
f 5317 5297 5298
f 5318 5298 2884
f 5318 5317 5298
f 5318 2884 2888
f 5319 5320 5279
f 5319 5279 5299
f 5321 5300 5301
f 5321 5319 5299
f 5321 5299 5300
f 5322 5321 5301
f 5323 5322 5301
f 5323 5301 5302
f 5324 5303 5304
f 5324 5302 5303
f 5324 5323 5302
f 5325 5324 5304
f 5326 5304 5305
f 5326 5325 5304
f 5327 5305 5306
f 5327 5326 5305
f 5328 5306 5307
f 5328 5307 5308
f 5328 5327 5306
f 5329 5308 5309
f 5329 5328 5308
f 5330 5329 5309
f 5331 5330 5309
f 5331 5309 5310
f 5332 5310 5311
f 5332 5331 5310
f 5333 5311 5312
f 5333 5312 5313
f 5333 5332 5311
f 5334 5333 5313
f 5335 5313 5314
f 5335 5334 5313
f 5336 5335 5314
f 5336 5314 5315
f 5336 5315 5316
f 5337 5336 5316
f 5338 5337 5316
f 5338 5316 5317
f 5338 5317 5318
f 5339 5338 5318
f 5339 5318 2888
f 5339 2888 2891
f 5339 2891 2883
f 5340 5341 5320
f 5340 5320 5319
f 5342 5319 5321
f 5342 5340 5319
f 5343 5342 5321
f 5343 5321 5322
f 5344 5322 5323
f 5344 5343 5322
f 5345 5344 5323
f 5345 5323 5324
f 5346 5345 5324
f 5346 5324 5325
f 5347 5325 5326
f 5347 5346 5325
f 5348 5347 5326
f 5348 5326 5327
f 5349 5328 5329
f 5349 5348 5327
f 5349 5327 5328
f 5350 5349 5329
f 5350 5329 5330
f 5351 5350 5330
f 5352 5351 5330
f 5352 5330 5331
f 5352 5331 5332
f 5353 5352 5332
f 5354 5333 5334
f 5354 5353 5332
f 5354 5332 5333
f 5355 5354 5334
f 5356 5355 5334
f 5356 5334 5335
f 5357 5335 5336
f 5357 5336 5337
f 5357 5356 5335
f 5358 5357 5337
f 5359 5337 5338
f 5359 5338 5339
f 5359 5358 5337
f 5360 5359 5339
f 5360 5339 2883
f 5360 2883 2882
f 5361 5362 5341
f 5361 5363 5362
f 5361 5341 5340
f 5364 5340 5342
f 5364 5361 5340
f 5364 5342 5343
f 5365 5364 5343
f 5366 5343 5344
f 5366 5365 5343
f 5367 5344 5345
f 5367 5366 5344
f 5367 5345 5346
f 5368 5367 5346
f 5369 5346 5347
f 5369 5368 5346
f 5370 5347 5348
f 5370 5348 5349
f 5370 5369 5347
f 5371 5349 5350
f 5371 5370 5349
f 5372 5371 5350
f 5373 5372 5350
f 5373 5350 5351
f 5374 5351 5352
f 5374 5352 5353
f 5374 5373 5351
f 5375 5374 5353
f 5376 5375 5353
f 5376 5354 5355
f 5376 5353 5354
f 5377 5376 5355
f 5378 5377 5355
f 5378 5355 5356
f 5379 5378 5356
f 5379 5356 5357
f 5380 5379 5357
f 5380 5357 5358
f 5380 5358 5359
f 5381 5380 5359
f 5381 5359 5360
f 5382 5381 5360
f 5382 5360 2882
f 5383 5384 5363
f 5383 5363 5361
f 5385 5361 5364
f 5385 5364 5365
f 5385 5383 5361
f 5386 5385 5365
f 5387 5386 5365
f 5387 5365 5366
f 5388 5387 5366
f 5388 5366 5367
f 5388 5367 5368
f 5389 5388 5368
f 5389 5368 5369
f 5390 5389 5369
f 5391 5390 5369
f 5391 5370 5371
f 5391 5369 5370
f 5392 5391 5371
f 5393 5392 5371
f 5393 5371 5372
f 5394 5393 5372
f 5394 5372 5373
f 5395 5373 5374
f 5395 5394 5373
f 5396 5374 5375
f 5396 5375 5376
f 5396 5395 5374
f 5397 5396 5376
f 5398 5376 5377
f 5398 5377 5378
f 5398 5397 5376
f 5399 5378 5379
f 5399 5398 5378
f 5400 5399 5379
f 5401 5379 5380
f 5401 5380 5381
f 5401 5400 5379
f 5402 5401 5381
f 5403 5402 5381
f 5403 5381 5382
f 5403 5382 2882
f 5403 2882 2877
f 5404 5384 5383
f 5405 5383 5385
f 5405 5404 5383
f 5406 5385 5386
f 5406 5405 5385
f 5407 5386 5387
f 5407 5406 5386
f 5408 5407 5387
f 5408 5387 5388
f 5408 5388 5389
f 5409 5408 5389
f 5409 5389 5390
f 5410 5409 5390
f 5410 5390 5391
f 5411 5391 5392
f 5411 5410 5391
f 5412 5411 5392
f 5413 5412 5392
f 5413 5392 5393
f 5414 5393 5394
f 5414 5394 5395
f 5414 5413 5393
f 5415 5414 5395
f 5416 5415 5395
f 5416 5395 5396
f 5417 5396 5397
f 5417 5416 5396
f 5418 5417 5397
f 5418 5397 5398
f 5419 5398 5399
f 5419 5418 5398
f 5420 5419 5399
f 5420 5399 5400
f 5420 5400 5401
f 5421 5420 5401
f 5422 5402 5403
f 5422 5421 5401
f 5422 5401 5402
f 5423 5422 5403
f 5423 2877 2872
f 5423 2872 2867
f 5423 5403 2877
f 5424 5425 5384
f 5424 5384 5404
f 5426 5405 5406
f 5426 5424 5404
f 5426 5404 5405
f 5427 5426 5406
f 5427 5406 5407
f 5428 5427 5407
f 5429 5407 5408
f 5429 5428 5407
f 5429 5408 5409
f 5430 5429 5409
f 5431 5409 5410
f 5431 5430 5409
f 5432 5410 5411
f 5432 5411 5412
f 5432 5431 5410
f 5433 5432 5412
f 5434 5433 5412
f 5434 5412 5413
f 5435 5413 5414
f 5435 5434 5413
f 5436 5414 5415
f 5436 5435 5414
f 5437 5415 5416
f 5437 5436 5415
f 5438 5416 5417
f 5438 5437 5416
f 5439 5438 5417
f 5439 5417 5418
f 5440 5418 5419
f 5440 5439 5418
f 5441 5440 5419
f 5441 5419 5420
f 5442 5420 5421
f 5442 5441 5420
f 5443 5442 5421
f 5443 5421 5422
f 5444 5443 5422
f 5444 5422 5423
f 5444 5423 2867
f 5445 5446 5425
f 5445 5447 5446
f 5445 5425 5424
f 5448 5424 5426
f 5448 5445 5424
f 5448 5426 5427
f 5449 5427 5428
f 5449 5448 5427
f 5450 5449 5428
f 5451 5428 5429
f 5451 5450 5428
f 5452 5451 5429
f 5452 5429 5430
f 5453 5430 5431
f 5453 5431 5432
f 5453 5452 5430
f 5454 5453 5432
f 5455 5454 5432
f 5455 5432 5433
f 5456 5434 5435
f 5456 5455 5433
f 5456 5433 5434
f 5457 5456 5435
f 5458 5435 5436
f 5458 5457 5435
f 5459 5458 5436
f 5459 5436 5437
f 5460 5459 5437
f 5460 5437 5438
f 5461 5438 5439
f 5461 5460 5438
f 5462 5439 5440
f 5462 5461 5439
f 5463 5440 5441
f 5463 5462 5440
f 5464 5441 5442
f 5464 5442 5443
f 5464 5463 5441
f 5465 5443 5444
f 5465 5464 5443
f 5466 5444 2867
f 5466 5465 5444
f 5466 2867 2862
f 5466 2862 2852
f 5467 5447 5445
f 5468 5467 5445
f 5468 5445 5448
f 5469 5468 5448
f 5469 5448 5449
f 5470 5449 5450
f 5470 5469 5449
f 5471 5470 5450
f 5471 5450 5451
f 5472 5451 5452
f 5472 5452 5453
f 5472 5471 5451
f 5473 5472 5453
f 5474 5453 5454
f 5474 5473 5453
f 5475 5454 5455
f 5475 5474 5454
f 5476 5455 5456
f 5476 5475 5455
f 5477 5476 5456
f 5477 5456 5457
f 5478 5457 5458
f 5478 5477 5457
f 5479 5478 5458
f 5479 5458 5459
f 5480 5459 5460
f 5480 5479 5459
f 5481 5480 5460
f 5481 5460 5461
f 5482 5461 5462
f 5482 5481 5461
f 5483 5482 5462
f 5483 5462 5463
f 5484 5463 5464
f 5484 5483 5463
f 5485 5484 5464
f 5485 5464 5465
f 5486 5485 5465
f 5486 5465 5466
f 5486 5466 2852
f 5487 5488 5447
f 5487 5447 5467
f 5487 5467 5468
f 5489 5487 5468
f 5490 5489 5468
f 5490 5468 5469
f 5491 5469 5470
f 5491 5490 5469
f 5491 5470 5471
f 5492 5491 5471
f 5492 5471 5472
f 5493 5492 5472
f 5494 5472 5473
f 5494 5493 5472
f 5495 5474 5475
f 5495 5494 5473
f 5495 5473 5474
f 5496 5475 5476
f 5496 5495 5475
f 5497 5496 5476
f 5498 5497 5476
f 5498 5476 5477
f 5499 5477 5478
f 5499 5498 5477
f 5500 5478 5479
f 5500 5499 5478
f 5501 5479 5480
f 5501 5500 5479
f 5502 5480 5481
f 5502 5501 5480
f 5502 5481 5482
f 5503 5502 5482
f 5504 5482 5483
f 5504 5503 5482
f 5505 5504 5483
f 5505 5483 5484
f 5506 5505 5484
f 5506 5484 5485
f 5506 5485 5486
f 5507 5486 2852
f 5507 2852 2848
f 5507 5506 5486
f 5508 5488 5487
f 5508 5509 5488
f 5508 5067 5509
f 5508 5068 5067
f 5510 5068 5508
f 5510 5069 5068
f 5510 5508 5487
f 5510 5489 5490
f 5510 5487 5489
f 5511 5510 5490
f 5511 5069 5510
f 5511 5070 5069
f 5512 5511 5490
f 5512 5070 5511
f 5512 5490 5491
f 5512 5071 5070
f 5512 5491 5492
f 5512 5072 5071
f 5513 5512 5492
f 5513 5072 5512
f 5514 5492 5493
f 5514 5513 5492
f 5514 5072 5513
f 5514 5073 5072
f 5515 5073 5514
f 5515 5514 5493
f 5515 5074 5073
f 5515 5493 5494
f 5516 5074 5515
f 5516 5075 5074
f 5516 5494 5495
f 5516 5515 5494
f 5517 5075 5516
f 5517 5076 5075
f 5517 5495 5496
f 5517 5516 5495
f 5518 5076 5517
f 5518 5517 5496
f 5518 5496 5497
f 5518 5077 5076
f 5519 5078 5077
f 5519 5497 5498
f 5519 5518 5497
f 5519 5077 5518
f 5520 5078 5519
f 5520 5519 5498
f 5520 5079 5078
f 5520 5498 5499
f 5521 5080 5079
f 5521 5079 5520
f 5521 5499 5500
f 5521 5520 5499
f 5522 5080 5521
f 5522 5521 5500
f 5522 5081 5080
f 5522 5500 5501
f 5523 5522 5501
f 5523 5081 5522
f 5523 5501 5502
f 5523 5082 5081
f 5524 5523 5502
f 5524 5082 5523
f 5524 5083 5082
f 5524 5502 5503
f 5525 5083 5524
f 5525 5524 5503
f 5525 5084 5083
f 5525 5503 5504
f 5526 5525 5504
f 5526 5085 5084
f 5526 5086 5085
f 5526 5504 5505
f 5526 5505 5506
f 5526 5084 5525
f 5527 5526 5506
f 5527 5086 5526
f 5528 5527 5506
f 5528 2837 5087
f 5528 5087 5086
f 5528 2848 2837
f 5528 5086 5527
f 5528 5507 2848
f 5528 5506 5507
f 5090 5529 5530
f 5090 5089 5529
f 5093 5530 5531
f 5093 5090 5530
f 5095 5531 5532
f 5095 5532 5533
f 5095 5093 5531
f 5097 5095 5533
f 5099 5533 5534
f 5099 5534 5535
f 5099 5097 5533
f 5101 5099 5535
f 5103 5535 5536
f 5103 5101 5535
f 5105 5536 5537
f 5105 5103 5536
f 5107 5537 5538
f 5107 5105 5537
f 5109 5538 5539
f 5109 5107 5538
f 5111 5539 5540
f 5111 5109 5539
f 5113 5540 5541
f 5113 5111 5540
f 5115 5113 5541
f 5115 5541 5542
f 5117 5115 5542
f 5117 5542 5543
f 5119 5117 5543
f 5119 5543 5544
f 5119 5544 5545
f 5121 5119 5545
f 5123 5121 5545
f 5123 5545 5546
f 5125 5546 5547
f 5125 5123 5546
f 5127 5547 5548
f 5127 5125 5547
f 5129 5548 5549
f 5129 5549 2515
f 5129 5127 5548
f 2817 5129 2515
f 5530 5529 5550
f 5531 5530 5550
f 5532 5531 5550
f 5533 5532 5550
f 5534 5533 5550
f 2515 5549 2511
f 5551 4394 4393
f 5551 4393 2434
f 5552 5553 4395
f 5552 4395 4394
f 5554 4394 5551
f 5554 5552 4394
f 5555 5556 5557
f 5555 5557 5558
f 5559 5551 2434
f 5559 2434 2470
f 5559 5554 5551
f 5560 5555 5558
f 5561 5562 5563
f 5561 5563 5556
f 5564 5561 5556
f 5565 5553 5552
f 5565 5558 5553
f 5565 5560 5558
f 5565 5552 5554
f 5566 5567 5568
f 5566 5568 5562
f 5569 5570 5571
f 5569 5571 5572
f 5573 5564 5556
f 5574 5565 5554
f 5575 5576 5577
f 5575 5577 5578
f 5579 5566 5562
f 5580 5581 5582
f 5580 5582 5583
f 5584 5585 5570
f 5584 5572 5586
f 5584 5586 5587
f 5584 5570 5569
f 5584 5569 5572
f 5588 5573 5556
f 5588 5556 5555
f 5589 5554 5559
f 5589 5559 2470
f 5589 5574 5554
f 5590 5578 5567
f 5590 5575 5578
f 5591 5579 5562
f 5591 5562 5561
f 5592 5580 5583
f 5592 5583 5576
f 5593 5587 5594
f 5593 5584 5587
f 5595 5588 5555
f 5595 5555 5560
f 5596 5590 5567
f 5597 5564 5573
f 5597 5591 5561
f 5597 5561 5564
f 5598 5592 5576
f 5599 5567 5566
f 5599 5596 5567
f 5600 5594 5581
f 5600 5593 5594
f 5601 5560 5565
f 5601 5595 5560
f 5602 5598 5576
f 5602 5576 5575
f 5603 5597 5573
f 5604 5581 5580
f 5604 5600 5581
f 5605 5599 5566
f 5605 5566 5579
f 5606 5601 5565
f 5606 5565 5574
f 5607 5602 5575
f 5607 5590 5596
f 5607 5575 5590
f 5608 5603 5573
f 5608 5573 5588
f 5608 5588 5595
f 5609 5604 5580
f 5609 5580 5592
f 5610 5605 5579
f 5610 5579 5591
f 5611 5606 5574
f 5611 5574 5589
f 5611 2470 5606
f 5611 5589 2470
f 5612 5607 5596
f 5613 5608 5595
f 5614 5609 5592
f 5614 5592 5598
f 5615 5591 5597
f 5615 5610 5591
f 5616 5596 5599
f 5616 5599 5605
f 5616 5612 5596
f 5617 5614 5598
f 5617 5598 5602
f 5618 5613 5595
f 5618 5595 5601
f 5619 5616 5605
f 5620 5597 5603
f 5620 5615 5597
f 5621 5602 5607
f 5621 5617 5602
f 5621 5607 5612
f 5622 5601 5606
f 5622 5618 5601
f 5622 5606 2470
f 5623 5610 5615
f 5623 5605 5610
f 5623 5619 5605
f 5624 5603 5608
f 5624 5620 5603
f 5625 5621 5612
f 5626 5622 2470
f 5627 5623 5615
f 5628 5608 5613
f 5628 5624 5608
f 5629 5630 5585
f 5631 5612 5616
f 5631 5625 5612
f 5632 5615 5620
f 5632 5627 5615
f 5633 5629 5585
f 5634 5613 5618
f 5634 5628 5613
f 5635 5616 5619
f 5635 5631 5616
f 5636 5620 5624
f 5636 5632 5620
f 5637 5633 5585
f 5637 5585 5584
f 5638 5618 5622
f 5638 5634 5618
f 5639 5619 5623
f 5639 5635 5619
f 5640 5636 5624
f 5640 5628 5634
f 5640 5624 5628
f 5641 5584 5593
f 5641 5637 5584
f 5642 5639 5623
f 5642 5623 5627
f 5643 5638 5622
f 5643 5622 5626
f 5643 5626 2470
f 5644 5640 5634
f 5645 5593 5600
f 5645 5641 5593
f 5646 5642 5627
f 5646 5627 5632
f 5647 5644 5634
f 5647 5634 5638
f 5648 5600 5604
f 5648 5645 5600
f 5649 5646 5632
f 5649 5632 5636
f 5650 5648 5604
f 5650 5604 5609
f 5651 5636 5640
f 5651 5649 5636
f 5652 5638 5643
f 5652 5643 2470
f 5652 5647 5638
f 5653 5609 5614
f 5653 5650 5609
f 5654 5640 5644
f 5654 5651 5640
f 5655 5653 5614
f 5655 5614 5617
f 5656 5644 5647
f 5656 5654 5644
f 5657 5617 5621
f 5657 5655 5617
f 5658 5652 2470
f 5658 2470 2486
f 5658 5647 5652
f 5658 5656 5647
f 5659 5621 5625
f 5659 5657 5621
f 5660 5659 5625
f 5660 5625 5631
f 5661 5630 5629
f 5662 5631 5635
f 5662 5660 5631
f 5663 5633 5637
f 5663 5629 5633
f 5663 5661 5629
f 5664 5635 5639
f 5664 5662 5635
f 5665 5663 5637
f 5666 5639 5642
f 5666 5642 5646
f 5666 5664 5639
f 5667 5637 5641
f 5667 5665 5637
f 5668 5666 5646
f 5669 5641 5645
f 5669 5667 5641
f 5670 5668 5646
f 5670 5646 5649
f 5671 5648 5650
f 5671 5669 5645
f 5671 5645 5648
f 5672 5649 5651
f 5672 5651 5654
f 5672 5670 5649
f 5673 5671 5650
f 5674 5672 5654
f 5675 5650 5653
f 5675 5673 5650
f 5676 5674 5654
f 5676 5654 5656
f 5677 5675 5653
f 5677 5653 5655
f 5678 5677 5655
f 5678 5655 5657
f 5679 5676 5656
f 5679 5658 2486
f 5679 5656 5658
f 5680 5678 5657
f 5680 5657 5659
f 5681 5680 5659
f 5681 5659 5660
f 5682 5630 5661
f 5682 5683 5630
f 5682 5661 5663
f 5684 5681 5660
f 5684 5660 5662
f 5685 5682 5663
f 5685 5663 5665
f 5686 5662 5664
f 5686 5684 5662
f 5687 5685 5665
f 5688 5664 5666
f 5688 5686 5664
f 5689 5687 5665
f 5689 5665 5667
f 5690 5688 5666
f 5690 5668 5670
f 5690 5666 5668
f 5691 5667 5669
f 5691 5689 5667
f 5692 5690 5670
f 5693 5669 5671
f 5693 5691 5669
f 5694 5670 5672
f 5694 5692 5670
f 5695 5671 5673
f 5695 5693 5671
f 5696 5672 5674
f 5696 5694 5672
f 5697 5673 5675
f 5697 5695 5673
f 5698 5674 5676
f 5698 5696 5674
f 5699 5677 5678
f 5699 5697 5675
f 5699 5675 5677
f 5700 5699 5678
f 5701 5676 5679
f 5701 5679 2486
f 5701 2486 2490
f 5701 5698 5676
f 5702 5683 5682
f 5703 5678 5680
f 5703 5680 5681
f 5703 5700 5678
f 5704 5703 5681
f 5704 5681 5684
f 5705 5682 5685
f 5705 5702 5682
f 5706 5704 5684
f 5707 5705 5685
f 5707 5685 5687
f 5708 5706 5684
f 5708 5684 5686
f 5709 5707 5687
f 5709 5687 5689
f 5710 5686 5688
f 5710 5708 5686
f 5711 5689 5691
f 5711 5709 5689
f 5711 5691 5693
f 5712 5688 5690
f 5712 5710 5688
f 5713 5711 5693
f 5714 5712 5690
f 5714 5690 5692
f 5715 5713 5693
f 5715 5693 5695
f 5716 5714 5692
f 5716 5692 5694
f 5717 5715 5695
f 5717 5695 5697
f 5718 5717 5697
f 5718 5697 5699
f 5719 5716 5694
f 5719 5694 5696
f 5720 5718 5699
f 5720 5699 5700
f 5721 5719 5696
f 5721 5696 5698
f 5722 5720 5700
f 5722 5700 5703
f 5723 5701 2490
f 5723 5698 5701
f 5723 5721 5698
f 5724 5703 5704
f 5724 5722 5703
f 5725 5704 5706
f 5725 5724 5704
f 5726 5683 5702
f 5726 5727 5683
f 5728 5706 5708
f 5728 5725 5706
f 5729 5702 5705
f 5729 5726 5702
f 5730 5708 5710
f 5730 5728 5708
f 5731 5705 5707
f 5731 5729 5705
f 5732 5710 5712
f 5732 5730 5710
f 5733 5707 5709
f 5733 5731 5707
f 5734 5712 5714
f 5734 5732 5712
f 5735 5714 5716
f 5735 5734 5714
f 5736 5709 5711
f 5736 5733 5709
f 5737 5713 5715
f 5737 5736 5711
f 5737 5711 5713
f 5738 5716 5719
f 5738 5735 5716
f 5739 5737 5715
f 5740 5738 5719
f 5740 5719 5721
f 5741 5739 5715
f 5741 5715 5717
f 5742 5740 5721
f 5742 2490 2493
f 5742 5723 2490
f 5742 5721 5723
f 5743 5741 5717
f 5743 5717 5718
f 5744 5727 5726
f 5745 5743 5718
f 5745 5718 5720
f 5746 5744 5726
f 5746 5726 5729
f 5746 5729 5731
f 5747 5745 5720
f 5747 5720 5722
f 5747 5722 5724
f 5748 5746 5731
f 5749 5747 5724
f 5750 5748 5731
f 5750 5731 5733
f 5751 5749 5724
f 5751 5724 5725
f 5752 5733 5736
f 5752 5750 5733
f 5753 5725 5728
f 5753 5751 5725
f 5754 5736 5737
f 5754 5752 5736
f 5755 5753 5728
f 5755 5728 5730
f 5756 5754 5737
f 5756 5737 5739
f 5757 5755 5730
f 5757 5730 5732
f 5758 5739 5741
f 5758 5756 5739
f 5759 5757 5732
f 5759 5732 5734
f 5760 5741 5743
f 5760 5743 5745
f 5760 5758 5741
f 5761 5734 5735
f 5761 5759 5734
f 5762 5760 5745
f 5763 5735 5738
f 5763 5761 5735
f 5764 5747 5749
f 5764 5745 5747
f 5764 5762 5745
f 5765 5764 5749
f 5766 5763 5738
f 5766 5738 5740
f 5767 5751 5753
f 5767 5765 5749
f 5767 5749 5751
f 5768 5740 5742
f 5768 5742 2493
f 5768 5766 5740
f 5769 5753 5755
f 5769 5767 5753
f 5770 5769 5755
f 5771 5772 5727
f 5771 5727 5744
f 5773 5755 5757
f 5773 5770 5755
f 5774 5746 5748
f 5774 5771 5744
f 5774 5744 5746
f 5775 5773 5757
f 5775 5757 5759
f 5776 5774 5748
f 5777 5775 5759
f 5777 5759 5761
f 5778 5748 5750
f 5778 5776 5748
f 5779 5761 5763
f 5779 5777 5761
f 5779 5763 5766
f 5780 5750 5752
f 5780 5778 5750
f 5781 5779 5766
f 5782 5754 5756
f 5782 5780 5752
f 5782 5752 5754
f 5783 5782 5756
f 5783 5756 5758
f 5784 5781 5766
f 5784 2493 2497
f 5784 5768 2493
f 5784 5766 5768
f 5785 5771 5774
f 5785 5772 5771
f 5786 5783 5758
f 5787 5785 5774
f 5788 5786 5758
f 5788 5758 5760
f 5789 5760 5762
f 5789 5788 5760
f 5790 5774 5776
f 5790 5787 5774
f 5791 5789 5762
f 5791 5762 5764
f 5792 5790 5776
f 5792 5776 5778
f 5793 5764 5765
f 5793 5791 5764
f 5794 5778 5780
f 5794 5792 5778
f 5795 5793 5765
f 5795 5765 5767
f 5796 5780 5782
f 5796 5794 5780
f 5797 5767 5769
f 5797 5795 5767
f 5798 5782 5783
f 5798 5796 5782
f 5799 5797 5769
f 5799 5769 5770
f 5800 5783 5786
f 5800 5798 5783
f 5801 5770 5773
f 5801 5799 5770
f 5802 5800 5786
f 5802 5786 5788
f 5803 5773 5775
f 5803 5801 5773
f 5804 5788 5789
f 5804 5802 5788
f 5805 5775 5777
f 5805 5803 5775
f 5806 5789 5791
f 5806 5791 5793
f 5806 5804 5789
f 5807 5806 5793
f 5808 5777 5779
f 5808 5805 5777
f 5809 5793 5795
f 5809 5807 5793
f 5809 5795 5797
f 5810 5779 5781
f 5810 5808 5779
f 5811 5809 5797
f 5812 5810 5781
f 5812 5781 5784
f 5812 5784 2497
f 5813 5811 5797
f 5813 5797 5799
f 5813 5799 5801
f 5814 5801 5803
f 5814 5813 5801
f 5815 5772 5785
f 5815 5816 5772
f 5817 5803 5805
f 5817 5814 5803
f 5818 5785 5787
f 5818 5787 5790
f 5818 5815 5785
f 5819 5817 5805
f 5820 5818 5790
f 5820 5790 5792
f 5821 5805 5808
f 5821 5819 5805
f 5822 5820 5792
f 5823 5810 5812
f 5823 5821 5808
f 5823 5808 5810
f 5824 5822 5792
f 5824 5792 5794
f 5825 5812 2497
f 5825 5823 5812
f 5825 2497 2501
f 5826 5824 5794
f 5826 5794 5796
f 5827 5815 5818
f 5827 5816 5815
f 5828 5826 5796
f 5828 5796 5798
f 5829 5827 5818
f 5830 5828 5798
f 5830 5798 5800
f 5830 5800 5802
f 5831 5818 5820
f 5831 5829 5818
f 5832 5830 5802
f 5833 5820 5822
f 5833 5831 5820
f 5834 5802 5804
f 5834 5832 5802
f 5835 5822 5824
f 5835 5833 5822
f 5836 5804 5806
f 5836 5834 5804
f 5837 5806 5807
f 5837 5836 5806
f 5838 5824 5826
f 5838 5835 5824
f 5839 5807 5809
f 5839 5837 5807
f 5840 5838 5826
f 5840 5826 5828
f 5841 5840 5828
f 5841 5828 5830
f 5842 5809 5811
f 5842 5839 5809
f 5843 5811 5813
f 5843 5842 5811
f 5844 5830 5832
f 5844 5841 5830
f 5845 5832 5834
f 5845 5844 5832
f 5846 5813 5814
f 5846 5843 5813
f 5847 5845 5834
f 5847 5834 5836
f 5848 5846 5814
f 5848 5814 5817
f 5849 5847 5836
f 5849 5836 5837
f 5850 5848 5817
f 5850 5817 5819
f 5851 5839 5842
f 5851 5849 5837
f 5851 5837 5839
f 5852 5819 5821
f 5852 5850 5819
f 5853 5851 5842
f 5854 5821 5823
f 5854 5852 5821
f 5855 5853 5842
f 5855 5842 5843
f 5856 5854 5823
f 5856 5823 5825
f 5856 5825 2501
f 5857 5843 5846
f 5857 5855 5843
f 5858 5846 5848
f 5858 5857 5846
f 5859 5860 5816
f 5859 5816 5827
f 5861 5848 5850
f 5861 5858 5848
f 5862 5859 5827
f 5862 5827 5829
f 5863 5850 5852
f 5863 5861 5850
f 5864 5862 5829
f 5864 5829 5831
f 5865 5852 5854
f 5865 5854 5856
f 5865 5863 5852
f 5866 5864 5831
f 5866 5831 5833
f 5867 5865 5856
f 5867 5856 2501
f 5867 2501 2504
f 5868 5860 5859
f 5869 5835 5838
f 5869 5833 5835
f 5869 5866 5833
f 5870 5838 5840
f 5870 5869 5838
f 5871 5859 5862
f 5871 5868 5859
f 5872 5870 5840
f 5873 5871 5862
f 5873 5862 5864
f 5873 5864 5866
f 5874 5840 5841
f 5874 5872 5840
f 5875 5873 5866
f 5876 5841 5844
f 5876 5874 5841
f 5877 5875 5866
f 5877 5866 5869
f 5878 5876 5844
f 5878 5844 5845
f 5879 5877 5869
f 5879 5869 5870
f 5880 5845 5847
f 5880 5878 5845
f 5881 5872 5874
f 5881 5879 5870
f 5881 5870 5872
f 5882 5880 5847
f 5882 5847 5849
f 5883 5874 5876
f 5883 5881 5874
f 5884 5882 5849
f 5884 5849 5851
f 5884 5851 5853
f 5885 5883 5876
f 5886 5884 5853
f 5887 5876 5878
f 5887 5885 5876
f 5888 5886 5853
f 5888 5853 5855
f 5889 5878 5880
f 5889 5887 5878
f 5890 5889 5880
f 5890 5880 5882
f 5891 5855 5857
f 5891 5888 5855
f 5891 5857 5858
f 5892 5882 5884
f 5892 5890 5882
f 5893 5891 5858
f 5894 5893 5858
f 5894 5858 5861
f 5895 5884 5886
f 5895 5892 5884
f 5896 5895 5886
f 5896 5886 5888
f 5897 5894 5861
f 5897 5861 5863
f 5898 5896 5888
f 5898 5888 5891
f 5899 5897 5863
f 5899 5863 5865
f 5899 5865 5867
f 5900 5891 5893
f 5900 5898 5891
f 5901 5899 5867
f 5901 5867 2504
f 5902 5893 5894
f 5902 5894 5897
f 5902 5900 5893
f 5903 5902 5897
f 5904 5905 5860
f 5904 5860 5868
f 5906 5897 5899
f 5906 5903 5897
f 5907 5905 5904
f 5907 5868 5871
f 5907 5904 5868
f 5908 2504 2508
f 5908 5901 2504
f 5908 5899 5901
f 5908 5906 5899
f 5909 5873 5875
f 5909 5871 5873
f 5909 5905 5907
f 5909 5907 5871
f 5910 5909 5875
f 5910 5905 5909
f 5911 5910 5875
f 5911 5875 5877
f 5911 5905 5910
f 5912 5905 5911
f 5912 5911 5877
f 5912 5879 5881
f 5912 5877 5879
f 5913 5912 5881
f 5913 5905 5912
f 5914 5881 5883
f 5914 5913 5881
f 5915 5914 5883
f 5915 5883 5885
f 5916 5915 5885
f 5916 5885 5887
f 5917 5916 5887
f 5917 5887 5889
f 5918 5889 5890
f 5918 5917 5889
f 5919 5918 5890
f 5919 5890 5892
f 5920 5919 5892
f 5920 5892 5895
f 5921 5920 5895
f 5921 5896 5898
f 5921 5895 5896
f 5922 5921 5898
f 5923 5922 5898
f 5923 5898 5900
f 5924 5923 5900
f 5924 5900 5902
f 5925 5924 5902
f 5925 5902 5903
f 5926 5925 5903
f 5926 5903 5906
f 5927 5906 5908
f 5927 5926 5906
f 5927 5908 2508
f 5928 5550 5905
f 5929 5928 5905
f 5929 5550 5928
f 5930 5929 5905
f 5930 5550 5929
f 5931 5550 5930
f 5931 5930 5905
f 5932 5534 5550
f 5932 5550 5931
f 5932 5931 5905
f 5933 5534 5932
f 5933 5535 5534
f 5933 5932 5905
f 5934 5536 5535
f 5934 5535 5933
f 5934 5933 5905
f 5934 5905 5913
f 5935 5913 5914
f 5935 5536 5934
f 5935 5537 5536
f 5935 5934 5913
f 5936 5914 5915
f 5936 5915 5916
f 5936 5538 5537
f 5936 5537 5935
f 5936 5935 5914
f 5937 5539 5538
f 5937 5538 5936
f 5937 5936 5916
f 5938 5916 5917
f 5938 5540 5539
f 5938 5539 5937
f 5938 5937 5916
f 5939 5918 5919
f 5939 5917 5918
f 5939 5541 5540
f 5939 5540 5938
f 5939 5938 5917
f 5940 5541 5939
f 5940 5939 5919
f 5941 5919 5920
f 5941 5920 5921
f 5941 5542 5541
f 5941 5541 5940
f 5941 5940 5919
f 5942 5543 5542
f 5942 5542 5941
f 5942 5941 5921
f 5943 5942 5921
f 5943 5921 5922
f 5943 5544 5543
f 5943 5543 5942
f 5944 5943 5922
f 5944 5922 5923
f 5944 5545 5544
f 5944 5544 5943
f 5945 5545 5944
f 5945 5944 5923
f 5945 5546 5545
f 5945 5923 5924
f 5945 5924 5925
f 5946 5945 5925
f 5946 5547 5546
f 5946 5546 5945
f 5947 5946 5925
f 5947 5548 5547
f 5947 5549 5548
f 5947 5926 5927
f 5947 5547 5946
f 5947 5925 5926
f 5948 5947 5927
f 5948 5549 5947
f 5948 2508 2511
f 5948 5927 2508
f 5948 2511 5549
f 5949 2389 5950
f 5949 2391 2389
f 5951 2391 5949
f 5951 2394 2391
f 5951 2395 2394
f 5952 2395 5951
f 5953 2395 5952
f 5953 2397 2395
f 5953 2400 2397
f 5954 2402 2400
f 5954 2400 5953
f 5955 2402 5954
f 5956 2404 2402
f 5956 2402 5955
f 5957 2404 5956
f 5957 2407 2404
f 5957 2409 2407
f 5958 2409 5957
f 5959 2409 5958
f 5959 2422 2409
f 5960 2422 5959
f 5960 2423 2422
f 5961 2423 5960
f 5961 2426 2423
f 5962 2426 5961
f 5962 2429 2426
f 5963 2429 5962
f 5963 2432 2429
f 5964 2432 5963
f 5964 2436 2432
f 5965 2437 2436
f 5965 2440 2437
f 5965 2436 5964
f 5966 2440 5965
f 5967 2445 2440
f 5967 2448 2445
f 5967 2440 5966
f 5968 2448 5967
f 5969 2449 2448
f 5969 2448 5968
f 5970 2454 2449
f 5970 2449 5969
f 5971 2457 2454
f 5971 2458 2457
f 5971 2454 5970
f 5972 2464 2458
f 5972 2458 5971
f 5973 2464 5972
f 5974 2466 2464
f 5974 2467 2466
f 5974 2464 5973
f 5975 2467 5974
f 5976 2474 2467
f 5976 2477 2474
f 5976 2467 5975
f 5977 2477 5976
f 5978 2479 2477
f 5978 2481 2479
f 5978 2477 5977
f 5979 2481 5978
f 5980 2483 2481
f 5980 2481 5979
f 5981 2483 5980
f 5981 2485 2483
f 5981 2557 2485
f 5982 2557 5981
f 5982 2554 2557
f 5983 2554 5982
f 5984 2554 5983
f 5984 2551 2554
f 5984 2547 2551
f 5985 2547 5984
f 5986 2548 2547
f 5986 2547 5985
f 5987 2544 2548
f 5987 2548 5986
f 5988 2541 2544
f 5988 2544 5987
f 5989 2538 2541
f 5989 2541 5988
f 5990 2535 2538
f 5990 2538 5989
f 5991 2531 2535
f 5991 2535 5990
f 5992 2529 2531
f 5992 2531 5991
f 5993 2420 2529
f 5993 2419 2420
f 5993 2529 5992
f 5994 2419 5993
f 5995 2418 2419
f 5995 2419 5994
f 5996 2417 2418
f 5996 2418 5995
f 5997 2416 2417
f 5997 2417 5996
f 5998 2415 2416
f 5998 2416 5997
f 5999 2414 2415
f 5999 2415 5998
f 6000 2413 2414
f 6000 2414 5999
f 6001 2412 2413
f 6001 2413 6000
f 6002 2411 2412
f 6002 2412 6001
f 6003 2410 2411
f 6003 2408 2410
f 6003 2411 6002
f 6004 2408 6003
f 6005 2405 2408
f 6005 2408 6004
f 6006 2403 2405
f 6006 2405 6005
f 6007 2403 6006
f 6007 2401 2403
f 6008 2401 6007
f 6008 2398 2401
f 6009 2398 6008
f 6009 2396 2398
f 6010 2396 6009
f 6010 2392 2396
f 6011 2392 6010
f 6011 2390 2392
f 6012 2390 6011
f 6012 2388 2390
f 6013 2388 6012
f 6013 2385 2388
f 6014 2385 6013
f 6014 2383 2385
f 6015 2383 6014
f 6015 2380 2383
f 6016 2380 6015
f 6016 2378 2380
f 6017 2378 6016
f 6017 2376 2378
f 6018 2376 6017
f 6018 2373 2376
f 6019 2373 6018
f 6019 2370 2373
f 6020 2370 6019
f 6020 2369 2370
f 6021 2365 2369
f 6021 2369 6020
f 6022 2364 2365
f 6022 2365 6021
f 6023 2361 2364
f 6023 2364 6022
f 6024 2367 2361
f 6024 2361 6023
f 6025 2368 2367
f 6025 2367 6024
f 6026 2371 2368
f 6026 2368 6025
f 6027 2375 2371
f 6027 2371 6026
f 6028 2377 2375
f 6028 2375 6027
f 6029 2379 2377
f 6029 2377 6028
f 6030 2382 2379
f 6030 2379 6029
f 6031 2384 2382
f 6031 2382 6030
f 6032 2384 6031
f 6032 2387 2384
f 5950 2387 6032
f 5950 2389 2387
f 6033 2455 6034
f 6033 2459 2455
f 6035 2459 6033
f 6035 2460 2459
f 6035 2462 2460
f 6036 2462 6035
f 6037 2462 6036
f 6037 2468 2462
f 6037 2469 2468
f 6038 2472 2469
f 6038 2469 6037
f 6039 2472 6038
f 6040 2475 2472
f 6040 2472 6039
f 6041 2475 6040
f 6041 2487 2475
f 6041 2488 2487
f 6042 2488 6041
f 6043 2488 6042
f 6043 2489 2488
f 6044 2489 6043
f 6044 2491 2489
f 6045 2491 6044
f 6045 2492 2491
f 6046 2492 6045
f 6046 2494 2492
f 6047 2494 6046
f 6047 2495 2494
f 6048 2495 6047
f 6048 2496 2495
f 6049 2498 2496
f 6049 2499 2498
f 6049 2496 6048
f 6050 2499 6049
f 6051 2500 2499
f 6051 2502 2500
f 6051 2499 6050
f 6052 2502 6051
f 6053 2503 2502
f 6053 2502 6052
f 6054 2505 2503
f 6054 2503 6053
f 6055 2506 2505
f 6055 2507 2506
f 6055 2505 6054
f 6056 2509 2507
f 6056 2507 6055
f 6057 2509 6056
f 6058 2510 2509
f 6058 2512 2510
f 6058 2509 6057
f 6059 2512 6058
f 6060 2513 2512
f 6060 2514 2513
f 6060 2512 6059
f 6061 2514 6060
f 6062 2516 2514
f 6062 2517 2516
f 6062 2514 6061
f 6063 2517 6062
f 6064 2518 2517
f 6064 2517 6063
f 6065 2518 6064
f 6065 2519 2518
f 6065 2520 2519
f 6066 2520 6065
f 6066 2521 2520
f 6067 2521 6066
f 6068 2521 6067
f 6068 2522 2521
f 6068 2523 2522
f 6069 2523 6068
f 6070 2524 2523
f 6070 2523 6069
f 6071 2525 2524
f 6071 2524 6070
f 6072 2526 2525
f 6072 2525 6071
f 6073 2527 2526
f 6073 2526 6072
f 6074 2593 2527
f 6074 2527 6073
f 6075 2590 2593
f 6075 2593 6074
f 6076 2587 2590
f 6076 2590 6075
f 6077 2584 2587
f 6077 2581 2584
f 6077 2587 6076
f 6078 2581 6077
f 6079 2577 2581
f 6079 2581 6078
f 6080 2578 2577
f 6080 2577 6079
f 6081 2574 2578
f 6081 2578 6080
f 6082 2571 2574
f 6082 2574 6081
f 6083 2568 2571
f 6083 2571 6082
f 6084 2565 2568
f 6084 2568 6083
f 6085 2484 2565
f 6085 2565 6084
f 6086 2482 2484
f 6086 2484 6085
f 6087 2480 2482
f 6087 2478 2480
f 6087 2482 6086
f 6088 2478 6087
f 6089 2476 2478
f 6089 2478 6088
f 6090 2473 2476
f 6090 2476 6089
f 6091 2473 6090
f 6091 2471 2473
f 6092 2471 6091
f 6092 2465 2471
f 6093 2465 6092
f 6093 2463 2465
f 6094 2463 6093
f 6094 2461 2463
f 6095 2461 6094
f 6095 2456 2461
f 6096 2456 6095
f 6096 2453 2456
f 6097 2453 6096
f 6097 2451 2453
f 6098 2451 6097
f 6098 2447 2451
f 6099 2447 6098
f 6099 2444 2447
f 6100 2444 6099
f 6100 2442 2444
f 6101 2442 6100
f 6101 2439 2442
f 6102 2439 6101
f 6102 2435 2439
f 6103 2435 6102
f 6103 2431 2435
f 6104 2431 6103
f 6104 2428 2431
f 6105 2425 2428
f 6105 2428 6104
f 6106 2424 2425
f 6106 2425 6105
f 6107 2421 2424
f 6107 2424 6106
f 6108 2427 2421
f 6108 2421 6107
f 6109 2430 2427
f 6109 2427 6108
f 6110 2433 2430
f 6110 2430 6109
f 6111 2438 2433
f 6111 2433 6110
f 6112 2441 2438
f 6112 2438 6111
f 6113 2443 2441
f 6113 2441 6112
f 6114 2446 2443
f 6114 2443 6113
f 6115 2450 2446
f 6115 2446 6114
f 6116 2450 6115
f 6116 2452 2450
f 6034 2452 6116
f 6034 2455 2452
f 6117 2603 6118
f 6117 2772 2603
f 6119 2602 2533
f 6119 2533 6120
f 2603 2616 6121
f 6118 6121 6119
f 6118 2603 6121
f 6118 6119 6120
f 6122 2690 2917
f 6122 6123 2690
f 2772 6124 2919
f 6117 6122 6124
f 6117 6124 2772
f 6117 6123 6122
f 6125 2601 2602
f 6125 2602 6119
f 6126 2600 2601
f 6126 2601 6125
f 6127 2599 2600
f 6127 2600 6126
f 6128 2598 2599
f 6128 2599 6127
f 6129 2596 2598
f 6129 2598 6128
f 6130 2594 2596
f 6130 2596 6129
f 6131 2591 2594
f 6131 2594 6130
f 6132 2588 2591
f 6132 2591 6131
f 6133 2585 2588
f 6133 2588 6132
f 6134 2582 2585
f 6134 2585 6133
f 6135 2579 2582
f 6135 2582 6134
f 6136 2579 6135
f 6136 2575 2579
f 6137 2575 6136
f 6137 2572 2575
f 6138 2569 2572
f 6138 2572 6137
f 6139 2566 2569
f 6139 2569 6138
f 6140 2563 2566
f 6140 2566 6139
f 6141 2560 2563
f 6141 2563 6140
f 6142 2558 2560
f 6142 2560 6141
f 6143 2555 2558
f 6143 2558 6142
f 6144 2552 2555
f 6144 2555 6143
f 6145 2549 2552
f 6145 2552 6144
f 6146 2545 2549
f 6146 2549 6145
f 6147 2542 2545
f 6147 2545 6146
f 6148 2539 2542
f 6148 2542 6147
f 6149 2536 2539
f 6149 2539 6148
f 6150 2532 2536
f 6150 2536 6149
f 6151 2528 2532
f 6151 2532 6150
f 6152 2530 2528
f 6152 2528 6151
f 6153 2534 2530
f 6153 2530 6152
f 6154 2537 2534
f 6154 2534 6153
f 6155 2540 2537
f 6155 2537 6154
f 6156 2543 2540
f 6156 2540 6155
f 6157 2546 2543
f 6157 2543 6156
f 6158 2550 2546
f 6158 2546 6157
f 6159 2553 2550
f 6159 2550 6158
f 6160 2553 6159
f 6160 2556 2553
f 6161 2556 6160
f 6161 2559 2556
f 6162 2559 6161
f 6162 2561 2559
f 6163 2561 6162
f 6163 2564 2561
f 6164 2564 6163
f 6164 2567 2564
f 6164 2570 2567
f 6165 2570 6164
f 6166 2570 6165
f 6166 2573 2570
f 6167 2573 6166
f 6167 2576 2573
f 6168 2576 6167
f 6168 2580 2576
f 6168 2583 2580
f 6169 2583 6168
f 6169 2586 2583
f 6170 2586 6169
f 6171 2586 6170
f 6171 2589 2586
f 6172 2592 2589
f 6172 2589 6171
f 6173 2595 2592
f 6173 2597 2595
f 6173 2592 6172
f 6174 2597 6173
f 6175 2617 2597
f 6175 2618 2617
f 6175 2597 6174
f 6176 2619 2618
f 6176 2618 6175
f 6177 2620 2619
f 6177 2619 6176
f 6178 2620 6177
f 6179 2621 2620
f 6179 2622 2621
f 6179 2620 6178
f 6180 2623 2622
f 6180 2622 6179
f 6181 2624 2623
f 6181 2623 6180
f 6182 2625 2624
f 6182 2624 6181
f 6183 2625 6182
f 6184 2626 2625
f 6184 2627 2626
f 6184 2625 6183
f 6185 2627 6184
f 6186 2627 6185
f 6186 2628 2627
f 6186 2629 2628
f 6187 2629 6186
f 6188 2629 6187
f 6188 2604 2629
f 6188 2605 2604
f 6189 2605 6188
f 6190 2605 6189
f 6190 2606 2605
f 6190 2607 2606
f 6191 2607 6190
f 6191 2608 2607
f 6192 2608 6191
f 6193 2608 6192
f 6193 2609 2608
f 6194 2609 6193
f 6194 2610 2609
f 6194 2611 2610
f 6195 2611 6194
f 6195 2612 2611
f 6196 2612 6195
f 6197 2612 6196
f 6197 2613 2612
f 6197 2614 2613
f 6198 2614 6197
f 6199 2614 6198
f 6199 2615 2614
f 6199 2616 2615
f 6121 2616 6199
f 6200 2919 6124
f 6200 2918 2919
f 6201 2918 6200
f 6201 2777 2918
f 6202 2777 6201
f 6202 2778 2777
f 6203 2778 6202
f 6203 2780 2778
f 6204 2780 6203
f 6204 2782 2780
f 6205 2782 6204
f 6205 2784 2782
f 6206 2786 2784
f 6206 2784 6205
f 6207 2788 2786
f 6207 2786 6206
f 6208 2790 2788
f 6208 2788 6207
f 6209 2792 2790
f 6209 2790 6208
f 6210 2794 2792
f 6210 2792 6209
f 6211 2794 6210
f 6211 2797 2794
f 6212 2797 6211
f 6212 2799 2797
f 6213 2799 6212
f 6213 2801 2799
f 6214 2801 6213
f 6214 2803 2801
f 6215 2803 6214
f 6215 2805 2803
f 6216 2805 6215
f 6216 2807 2805
f 6217 2807 6216
f 6217 2809 2807
f 6218 2809 6217
f 6218 2811 2809
f 6219 2811 6218
f 6219 2813 2811
f 6219 2815 2813
f 6220 2815 6219
f 6221 2815 6220
f 6221 2853 2815
f 6222 2853 6221
f 6222 2854 2853
f 6223 2849 2854
f 6223 2854 6222
f 6224 2850 2849
f 6224 2849 6223
f 6225 2851 2850
f 6225 2838 2851
f 6225 2850 6224
f 6226 2838 6225
f 6227 2839 2838
f 6227 2838 6226
f 6228 2840 2839
f 6228 2839 6227
f 6229 2829 2840
f 6229 2840 6228
f 6230 2830 2829
f 6230 2829 6229
f 6231 2831 2830
f 6231 2830 6230
f 6232 2832 2831
f 6232 2831 6231
f 6233 2833 2832
f 6233 2832 6232
f 6234 2834 2833
f 6234 2835 2834
f 6234 2833 6233
f 6235 2835 6234
f 6236 2835 6235
f 6236 2836 2835
f 6237 2836 6236
f 6237 2764 2836
f 6238 2764 6237
f 6238 2765 2764
f 6239 2765 6238
f 6239 2766 2765
f 6240 2767 2766
f 6240 2766 6239
f 6241 2768 2767
f 6241 2767 6240
f 6242 2769 2768
f 6242 2768 6241
f 6243 2770 2769
f 6243 2769 6242
f 6244 2771 2770
f 6244 2770 6243
f 6245 2760 2771
f 6245 2771 6244
f 6246 2761 2760
f 6246 2760 6245
f 6247 2762 2761
f 6247 2761 6246
f 6248 2745 2762
f 6248 2746 2745
f 6248 2762 6247
f 6249 2746 6248
f 6250 2747 2746
f 6250 2742 2747
f 6250 2746 6249
f 6251 2742 6250
f 6252 2743 2742
f 6252 2742 6251
f 6253 2740 2743
f 6253 2739 2740
f 6253 2743 6252
f 6254 2739 6253
f 6255 2737 2739
f 6255 2739 6254
f 6256 2736 2737
f 6256 2737 6255
f 6257 2735 2736
f 6257 2736 6256
f 6258 2734 2735
f 6258 2735 6257
f 6259 2733 2734
f 6259 2734 6258
f 6260 2732 2733
f 6260 2733 6259
f 6261 2732 6260
f 6261 2731 2732
f 6262 2731 6261
f 6262 2730 2731
f 6263 2730 6262
f 6263 2729 2730
f 6264 2729 6263
f 6264 2728 2729
f 6265 2728 6264
f 6265 2726 2728
f 6266 2726 6265
f 6266 2724 2726
f 6267 2724 6266
f 6267 2722 2724
f 6267 2719 2722
f 6268 2719 6267
f 6268 2720 2719
f 6269 2720 6268
f 6270 2720 6269
f 6270 2721 2720
f 6270 2723 2721
f 6271 2723 6270
f 6272 2723 6271
f 6272 2725 2723
f 6273 2725 6272
f 6273 2727 2725
f 6274 2916 2727
f 6274 2727 6273
f 6122 2917 2916
f 6122 2916 6274
f 6123 6120 2533
f 6123 2533 2690
f 6275 2654 6276
f 6275 2658 2654
f 6277 2658 6275
f 6277 2659 2658
f 6277 2662 2659
f 6278 2662 6277
f 6279 2662 6278
f 6279 2663 2662
f 6279 2666 2663
f 6280 2668 2666
f 6280 2666 6279
f 6281 2668 6280
f 6282 2670 2668
f 6282 2668 6281
f 6283 2670 6282
f 6283 2673 2670
f 6283 2915 2673
f 6284 2915 6283
f 6285 2915 6284
f 6285 2914 2915
f 6286 2914 6285
f 6286 2913 2914
f 6287 2913 6286
f 6287 2912 2913
f 6288 2912 6287
f 6288 2911 2912
f 6289 2911 6288
f 6289 2910 2911
f 6290 2910 6289
f 6290 2909 2910
f 6291 2908 2909
f 6291 2907 2908
f 6291 2909 6290
f 6292 2907 6291
f 6293 2906 2907
f 6293 2905 2906
f 6293 2907 6292
f 6294 2905 6293
f 6295 2904 2905
f 6295 2905 6294
f 6296 2691 2904
f 6296 2904 6295
f 6297 2692 2691
f 6297 2693 2692
f 6297 2691 6296
f 6298 2694 2693
f 6298 2693 6297
f 6299 2694 6298
f 6300 2695 2694
f 6300 2696 2695
f 6300 2694 6299
f 6301 2696 6300
f 6302 2697 2696
f 6302 2698 2697
f 6302 2696 6301
f 6303 2698 6302
f 6304 2699 2698
f 6304 2700 2699
f 6304 2698 6303
f 6305 2700 6304
f 6306 2701 2700
f 6306 2700 6305
f 6307 2701 6306
f 6307 2702 2701
f 6307 2703 2702
f 6308 2703 6307
f 6308 2704 2703
f 6309 2704 6308
f 6310 2704 6309
f 6310 2705 2704
f 6310 2706 2705
f 6311 2706 6310
f 6312 2707 2706
f 6312 2706 6311
f 6313 2708 2707
f 6313 2707 6312
f 6314 2709 2708
f 6314 2708 6313
f 6315 2710 2709
f 6315 2709 6314
f 6316 2711 2710
f 6316 2710 6315
f 6317 2712 2711
f 6317 2711 6316
f 6318 2713 2712
f 6318 2712 6317
f 6319 2689 2713
f 6319 2686 2689
f 6319 2713 6318
f 6320 2686 6319
f 6321 2687 2686
f 6321 2686 6320
f 6322 2682 2687
f 6322 2687 6321
f 6323 2683 2682
f 6323 2682 6322
f 6324 2684 2683
f 6324 2683 6323
f 6325 2680 2684
f 6325 2684 6324
f 6326 2679 2680
f 6326 2680 6325
f 6327 2678 2679
f 6327 2679 6326
f 6328 2676 2678
f 6328 2678 6327
f 6329 2675 2676
f 6329 2674 2675
f 6329 2676 6328
f 6330 2674 6329
f 6331 2671 2674
f 6331 2674 6330
f 6332 2669 2671
f 6332 2671 6331
f 6333 2669 6332
f 6333 2667 2669
f 6334 2667 6333
f 6334 2664 2667
f 6335 2664 6334
f 6335 2661 2664
f 6336 2661 6335
f 6336 2660 2661
f 6337 2660 6336
f 6337 2656 2660
f 6338 2656 6337
f 6338 2655 2656
f 6339 2655 6338
f 6339 2652 2655
f 6340 2652 6339
f 6340 2649 2652
f 6341 2649 6340
f 6341 2648 2649
f 6342 2648 6341
f 6342 2644 2648
f 6343 2644 6342
f 6343 2642 2644
f 6344 2642 6343
f 6344 2640 2642
f 6345 2640 6344
f 6345 2637 2640
f 6346 2637 6345
f 6346 2635 2637
f 6347 2633 2635
f 6347 2635 6346
f 6348 2631 2633
f 6348 2633 6347
f 6349 2630 2631
f 6349 2631 6348
f 6350 2632 2630
f 6350 2630 6349
f 6351 2636 2632
f 6351 2632 6350
f 6352 2639 2636
f 6352 2636 6351
f 6353 2641 2639
f 6353 2639 6352
f 6354 2643 2641
f 6354 2641 6353
f 6355 2646 2643
f 6355 2643 6354
f 6356 2647 2646
f 6356 2646 6355
f 6357 2651 2647
f 6357 2647 6356
f 6358 2651 6357
f 6358 2653 2651
f 6276 2653 6358
f 6276 2654 2653
f 6359 2756 6360
f 6359 2757 2756
f 6361 2757 6359
f 6361 2758 2757
f 6361 2818 2758
f 6362 2818 6361
f 6363 2818 6362
f 6363 2819 2818
f 6363 2820 2819
f 6364 2821 2820
f 6364 2820 6363
f 6365 2821 6364
f 6366 2822 2821
f 6366 2821 6365
f 6367 2822 6366
f 6367 2823 2822
f 6367 2824 2823
f 6368 2824 6367
f 6369 2824 6368
f 6369 2825 2824
f 6370 2825 6369
f 6370 2826 2825
f 6371 2826 6370
f 6371 2827 2826
f 6372 2827 6371
f 6372 2842 2827
f 6373 2842 6372
f 6373 2843 2842
f 6374 2843 6373
f 6374 2845 2843
f 6375 2846 2845
f 6375 2847 2846
f 6375 2845 6374
f 6376 2847 6375
f 6377 2856 2847
f 6377 2857 2856
f 6377 2847 6376
f 6378 2857 6377
f 6379 2859 2857
f 6379 2857 6378
f 6380 2860 2859
f 6380 2859 6379
f 6381 2861 2860
f 6381 2864 2861
f 6381 2860 6380
f 6382 2865 2864
f 6382 2864 6381
f 6383 2865 6382
f 6384 2866 2865
f 6384 2869 2866
f 6384 2865 6383
f 6385 2869 6384
f 6386 2870 2869
f 6386 2871 2870
f 6386 2869 6385
f 6387 2871 6386
f 6388 2874 2871
f 6388 2875 2874
f 6388 2871 6387
f 6389 2875 6388
f 6390 2876 2875
f 6390 2875 6389
f 6391 2876 6390
f 6391 2879 2876
f 6391 2880 2879
f 6392 2880 6391
f 6392 2881 2880
f 6393 2881 6392
f 6394 2881 6393
f 6394 2885 2881
f 6394 2886 2885
f 6395 2886 6394
f 6396 2887 2886
f 6396 2886 6395
f 6397 2889 2887
f 6397 2887 6396
f 6398 2890 2889
f 6398 2889 6397
f 6399 2773 2890
f 6399 2890 6398
f 6400 2774 2773
f 6400 2773 6399
f 6401 2775 2774
f 6401 2774 6400
f 6402 2776 2775
f 6402 2775 6401
f 6403 2779 2776
f 6403 2781 2779
f 6403 2776 6402
f 6404 2781 6403
f 6405 2783 2781
f 6405 2781 6404
f 6406 2785 2783
f 6406 2783 6405
f 6407 2787 2785
f 6407 2785 6406
f 6408 2789 2787
f 6408 2787 6407
f 6409 2791 2789
f 6409 2789 6408
f 6410 2793 2791
f 6410 2791 6409
f 6411 2795 2793
f 6411 2793 6410
f 6412 2796 2795
f 6412 2795 6411
f 6413 2798 2796
f 6413 2800 2798
f 6413 2796 6412
f 6414 2800 6413
f 6415 2802 2800
f 6415 2800 6414
f 6416 2804 2802
f 6416 2802 6415
f 6417 2804 6416
f 6417 2806 2804
f 6418 2806 6417
f 6418 2808 2806
f 6419 2808 6418
f 6419 2810 2808
f 6420 2810 6419
f 6420 2812 2810
f 6421 2812 6420
f 6421 2814 2812
f 6422 2814 6421
f 6422 2816 2814
f 6423 2816 6422
f 6423 2892 2816
f 6424 2892 6423
f 6424 2893 2892
f 6425 2893 6424
f 6425 2894 2893
f 6426 2894 6425
f 6426 2895 2894
f 6427 2895 6426
f 6427 2896 2895
f 6428 2896 6427
f 6428 2897 2896
f 6429 2897 6428
f 6429 2898 2897
f 6430 2898 6429
f 6430 2899 2898
f 6431 2900 2899
f 6431 2899 6430
f 6432 2901 2900
f 6432 2900 6431
f 6433 2902 2901
f 6433 2901 6432
f 6434 2903 2902
f 6434 2902 6433
f 6435 2749 2903
f 6435 2903 6434
f 6436 2748 2749
f 6436 2749 6435
f 6437 2750 2748
f 6437 2748 6436
f 6438 2751 2750
f 6438 2750 6437
f 6439 2752 2751
f 6439 2751 6438
f 6440 2753 2752
f 6440 2752 6439
f 6441 2754 2753
f 6441 2753 6440
f 6442 2754 6441
f 6442 2755 2754
f 6360 2755 6442
f 6360 2756 2755
f 2923 6443 2921
f 2923 6444 6443
f 2963 6445 6444
f 2963 6444 2923
f 2984 6446 6445
f 2984 6445 2963
f 2989 6447 6446
f 2989 6446 2984
f 3032 6448 6447
f 3032 6447 2989
f 3074 6449 6448
f 3074 6448 3032
f 3116 6450 6449
f 3116 6449 3074
f 3159 6450 3116
f 3721 4176 6450
f 3721 6450 3159
f 3720 3721 3159
f 3719 3720 3159
f 3729 3719 3159
f 3726 3729 3159
f 3715 3726 3159
f 3714 3715 3159
f 3704 3714 3159
f 3705 3704 3159
f 3723 3705 3159
f 3201 3723 3159
f 3736 4392 6451
f 3736 1249 4392
f 3738 6451 6452
f 3738 3736 6451
f 3740 6452 6453
f 3740 6453 6454
f 3740 3738 6452
f 3742 6454 6455
f 3742 3740 6454
f 3744 3742 6455
f 3746 6455 6456
f 3746 3744 6455
f 3749 6456 6457
f 3749 6457 6458
f 3749 3746 6456
f 3752 3749 6458
f 3755 6458 6459
f 3755 3752 6458
f 3758 6459 6460
f 3758 3755 6459
f 3761 6460 6461
f 3761 3758 6460
f 3764 6461 6462
f 3764 6462 6463
f 3764 3761 6461
f 3768 3764 6463
f 3772 3768 6463
f 3772 6463 6464
f 3776 3772 6464
f 3776 6464 6465
f 3780 3776 6465
f 3780 6465 6466
f 3784 3780 6466
f 3784 6466 6467
f 3788 6467 6468
f 3788 3784 6467
f 3793 6468 6469
f 3793 3788 6468
f 3798 6469 6470
f 3798 3793 6469
f 3799 6470 4334
f 3799 3798 6470
f 6471 6472 6473
f 6474 6475 6443
f 6474 6443 6444
f 6476 6477 6475
f 6476 6475 6474
f 6476 6474 6444
f 6478 6479 6477
f 6478 6476 6444
f 6478 6477 6476
f 6480 6481 6479
f 6480 6479 6478
f 6480 6478 6444
f 6482 6480 6444
f 6482 6481 6480
f 6483 6484 6481
f 6483 6481 6482
f 6483 6482 6444
f 6485 6486 6484
f 6485 6484 6483
f 6487 6488 6486
f 6487 6486 6485
f 6489 6490 6488
f 6489 6488 6487
f 6491 6492 6490
f 6491 6490 6489
f 6493 6492 6491
f 6494 6495 6492
f 6494 6492 6493
f 6496 6495 6494
f 6496 6497 6495
f 6498 6499 6497
f 6498 6497 6496
f 6500 6501 6499
f 6500 6499 6498
f 6502 6501 6500
f 6503 6504 6501
f 6503 6501 6502
f 6505 6506 6504
f 6505 6504 6503
f 6507 6508 6506
f 6507 6506 6505
f 6509 6508 6507
f 6510 6511 6508
f 6510 6508 6509
f 6512 6511 6510
f 6512 6513 6511
f 6514 6515 6513
f 6514 6513 6512
f 6516 6515 6514
f 6517 6515 6516
f 6517 6471 6473
f 6517 6473 6515
f 6518 6444 6445
f 6519 6444 6518
f 6520 6444 6519
f 6521 6444 6520
f 6522 6519 6518
f 6522 6518 6445
f 6523 6444 6521
f 6524 6519 6522
f 6525 6444 6523
f 6525 6483 6444
f 6526 6519 6524
f 6526 6520 6519
f 6527 6485 6483
f 6527 6483 6525
f 6528 6521 6520
f 6528 6523 6521
f 6528 6520 6526
f 6529 6485 6527
f 6529 6487 6485
f 6530 6523 6528
f 6531 6487 6529
f 6531 6489 6487
f 6532 6525 6523
f 6532 6523 6530
f 6533 6489 6531
f 6533 6491 6489
f 6534 6527 6525
f 6534 6525 6532
f 6535 6493 6491
f 6535 6491 6533
f 6536 6529 6527
f 6536 6527 6534
f 6537 6493 6535
f 6537 6494 6493
f 6538 6531 6529
f 6538 6533 6531
f 6538 6529 6536
f 6539 6494 6537
f 6539 6496 6494
f 6540 6533 6538
f 6541 6498 6496
f 6541 6496 6539
f 6542 6533 6540
f 6542 6535 6533
f 6543 6498 6541
f 6543 6500 6498
f 6544 6535 6542
f 6544 6537 6535
f 6545 6500 6543
f 6545 6502 6500
f 6546 6539 6537
f 6546 6537 6544
f 6547 6503 6502
f 6547 6502 6545
f 6548 6541 6539
f 6548 6539 6546
f 6549 6503 6547
f 6549 6505 6503
f 6550 6543 6541
f 6550 6541 6548
f 6551 6507 6505
f 6551 6505 6549
f 6552 6545 6543
f 6552 6543 6550
f 6553 6509 6507
f 6553 6507 6551
f 6554 6545 6552
f 6554 6547 6545
f 6555 6510 6509
f 6555 6509 6553
f 6556 6547 6554
f 6556 6549 6547
f 6557 6512 6510
f 6557 6510 6555
f 6558 6551 6549
f 6558 6549 6556
f 6559 6512 6557
f 6559 6514 6512
f 6560 6553 6551
f 6560 6551 6558
f 6561 6514 6559
f 6561 6516 6514
f 6562 6553 6560
f 6562 6555 6553
f 6563 6516 6561
f 6563 6517 6516
f 6563 6564 6471
f 6563 6471 6517
f 6565 6557 6555
f 6565 6555 6562
f 6566 6559 6557
f 6566 6557 6565
f 6567 6522 6445
f 6567 6445 6446
f 6568 6561 6559
f 6568 6559 6566
f 6569 6524 6522
f 6569 6522 6567
f 6570 6563 6561
f 6570 6564 6563
f 6570 6561 6568
f 6570 6571 6564
f 6572 6526 6524
f 6572 6524 6569
f 6573 6526 6572
f 6573 6528 6526
f 6574 6530 6528
f 6574 6528 6573
f 6575 6532 6530
f 6575 6530 6574
f 6576 6567 6446
f 6577 6532 6575
f 6577 6534 6532
f 6578 6569 6567
f 6578 6567 6576
f 6579 6536 6534
f 6579 6534 6577
f 6580 6569 6578
f 6580 6572 6569
f 6580 6573 6572
f 6581 6538 6536
f 6581 6536 6579
f 6582 6574 6573
f 6582 6573 6580
f 6583 6538 6581
f 6583 6540 6538
f 6584 6574 6582
f 6585 6540 6583
f 6585 6542 6540
f 6586 6575 6574
f 6586 6574 6584
f 6587 6542 6585
f 6587 6544 6542
f 6588 6575 6586
f 6588 6579 6577
f 6588 6577 6575
f 6589 6544 6587
f 6589 6548 6546
f 6589 6546 6544
f 6590 6581 6579
f 6590 6579 6588
f 6591 6548 6589
f 6592 6581 6590
f 6593 6548 6591
f 6593 6550 6548
f 6594 6583 6581
f 6594 6581 6592
f 6595 6550 6593
f 6595 6552 6550
f 6596 6583 6594
f 6596 6585 6583
f 6597 6554 6552
f 6597 6552 6595
f 6598 6585 6596
f 6598 6587 6585
f 6599 6554 6597
f 6599 6556 6554
f 6600 6587 6598
f 6600 6589 6587
f 6601 6558 6556
f 6601 6556 6599
f 6602 6589 6600
f 6602 6591 6589
f 6603 6560 6558
f 6603 6558 6601
f 6604 6591 6602
f 6604 6593 6591
f 6605 6562 6560
f 6605 6560 6603
f 6606 6597 6595
f 6606 6595 6593
f 6606 6593 6604
f 6607 6565 6562
f 6607 6566 6565
f 6607 6562 6605
f 6608 6597 6606
f 6609 6566 6607
f 6610 6599 6597
f 6610 6597 6608
f 6611 6568 6566
f 6611 6566 6609
f 6612 6601 6599
f 6612 6603 6601
f 6612 6599 6610
f 6613 6570 6568
f 6613 6571 6570
f 6613 6568 6611
f 6614 6603 6612
f 6615 6605 6603
f 6615 6603 6614
f 6616 6446 6447
f 6616 6576 6446
f 6617 6605 6615
f 6617 6607 6605
f 6618 6578 6576
f 6618 6576 6616
f 6619 6609 6607
f 6619 6607 6617
f 6620 6578 6618
f 6620 6580 6578
f 6621 6611 6609
f 6621 6609 6619
f 6622 6580 6620
f 6622 6582 6580
f 6623 6624 6571
f 6623 6571 6613
f 6623 6613 6611
f 6623 6611 6621
f 6625 6582 6622
f 6625 6584 6582
f 6626 6584 6625
f 6626 6586 6584
f 6627 6586 6626
f 6627 6588 6586
f 6628 6616 6447
f 6629 6592 6590
f 6629 6590 6588
f 6629 6588 6627
f 6630 6616 6628
f 6630 6618 6616
f 6631 6592 6629
f 6632 6622 6620
f 6632 6618 6630
f 6632 6620 6618
f 6633 6594 6592
f 6633 6592 6631
f 6634 6625 6622
f 6634 6622 6632
f 6635 6596 6594
f 6635 6598 6596
f 6635 6594 6633
f 6636 6625 6634
f 6637 6598 6635
f 6638 6626 6625
f 6638 6625 6636
f 6639 6600 6598
f 6639 6598 6637
f 6640 6626 6638
f 6640 6627 6626
f 6641 6604 6602
f 6641 6600 6639
f 6641 6602 6600
f 6642 6604 6641
f 6643 6629 6627
f 6643 6627 6640
f 6644 6606 6604
f 6644 6604 6642
f 6645 6629 6643
f 6645 6631 6629
f 6646 6608 6606
f 6646 6610 6608
f 6646 6606 6644
f 6647 6633 6631
f 6647 6631 6645
f 6648 6610 6646
f 6648 6612 6610
f 6649 6635 6633
f 6649 6633 6647
f 6650 6612 6648
f 6651 6639 6637
f 6651 6637 6635
f 6651 6635 6649
f 6652 6612 6650
f 6652 6614 6612
f 6653 6639 6651
f 6654 6614 6652
f 6654 6615 6614
f 6655 6641 6639
f 6655 6639 6653
f 6656 6617 6615
f 6656 6615 6654
f 6657 6642 6641
f 6657 6644 6642
f 6657 6641 6655
f 6658 6617 6656
f 6658 6621 6619
f 6658 6619 6617
f 6659 6644 6657
f 6660 6621 6658
f 6661 6644 6659
f 6661 6646 6644
f 6662 6623 6621
f 6662 6621 6660
f 6662 6624 6623
f 6663 6646 6661
f 6663 6648 6646
f 6664 6648 6663
f 6664 6650 6648
f 6665 6447 6448
f 6665 6628 6447
f 6666 6652 6650
f 6666 6650 6664
f 6667 6628 6665
f 6667 6630 6628
f 6668 6652 6666
f 6668 6654 6652
f 6668 6656 6654
f 6669 6632 6630
f 6669 6630 6667
f 6670 6656 6668
f 6671 6656 6670
f 6671 6658 6656
f 6672 6634 6632
f 6672 6632 6669
f 6673 6636 6634
f 6673 6634 6672
f 6674 6658 6671
f 6674 6660 6658
f 6675 6660 6674
f 6675 6662 6660
f 6675 6624 6662
f 6675 6676 6624
f 6677 6638 6636
f 6677 6636 6673
f 6678 6643 6640
f 6678 6640 6638
f 6678 6638 6677
f 6679 6643 6678
f 6680 6643 6679
f 6680 6645 6643
f 6680 6647 6645
f 6681 6665 6448
f 6682 6647 6680
f 6683 6667 6665
f 6683 6665 6681
f 6684 6647 6682
f 6684 6649 6647
f 6685 6669 6667
f 6685 6667 6683
f 6686 6651 6649
f 6686 6649 6684
f 6687 6672 6669
f 6687 6669 6685
f 6688 6653 6651
f 6688 6651 6686
f 6689 6673 6672
f 6689 6672 6687
f 6690 6655 6653
f 6690 6653 6688
f 6691 6677 6673
f 6691 6673 6689
f 6692 6657 6655
f 6692 6655 6690
f 6693 6678 6677
f 6693 6677 6691
f 6694 6659 6657
f 6694 6657 6692
f 6695 6678 6693
f 6695 6679 6678
f 6696 6661 6659
f 6696 6659 6694
f 6697 6679 6695
f 6697 6680 6679
f 6698 6663 6661
f 6698 6661 6696
f 6699 6680 6697
f 6699 6682 6680
f 6700 6663 6698
f 6700 6664 6663
f 6701 6682 6699
f 6701 6684 6682
f 6702 6666 6664
f 6702 6664 6700
f 6703 6666 6702
f 6703 6668 6666
f 6704 6684 6701
f 6704 6686 6684
f 6705 6670 6668
f 6705 6668 6703
f 6706 6686 6704
f 6706 6688 6686
f 6707 6670 6705
f 6707 6671 6670
f 6708 6690 6688
f 6708 6692 6690
f 6708 6688 6706
f 6709 6674 6671
f 6709 6671 6707
f 6710 6692 6708
f 6711 6674 6709
f 6711 6675 6674
f 6711 6676 6675
f 6712 6692 6710
f 6712 6694 6692
f 6713 6696 6694
f 6713 6694 6712
f 6714 6448 6449
f 6714 6681 6448
f 6715 6698 6696
f 6715 6696 6713
f 6715 6700 6698
f 6716 6700 6715
f 6716 6702 6700
f 6717 6683 6681
f 6717 6681 6714
f 6718 6702 6716
f 6719 6683 6717
f 6719 6685 6683
f 6720 6703 6702
f 6720 6702 6718
f 6721 6687 6685
f 6721 6685 6719
f 6722 6705 6703
f 6722 6703 6720
f 6723 6689 6687
f 6723 6687 6721
f 6724 6707 6705
f 6724 6705 6722
f 6725 6691 6689
f 6725 6693 6691
f 6725 6689 6723
f 6726 6709 6707
f 6726 6707 6724
f 6726 6711 6709
f 6727 6693 6725
f 6728 6711 6726
f 6728 6729 6676
f 6728 6676 6711
f 6730 6697 6695
f 6730 6695 6693
f 6730 6693 6727
f 6731 6697 6730
f 6732 6697 6731
f 6732 6699 6697
f 6733 6701 6699
f 6733 6699 6732
f 6734 6714 6449
f 6735 6701 6733
f 6735 6704 6701
f 6736 6714 6734
f 6736 6717 6714
f 6736 6719 6717
f 6737 6704 6735
f 6737 6706 6704
f 6738 6719 6736
f 6739 6708 6706
f 6739 6706 6737
f 6740 6723 6721
f 6740 6719 6738
f 6740 6721 6719
f 6741 6710 6708
f 6741 6712 6710
f 6741 6708 6739
f 6742 6723 6740
f 6743 6712 6741
f 6744 6725 6723
f 6744 6723 6742
f 6745 6712 6743
f 6745 6713 6712
f 6745 6715 6713
f 6746 6727 6725
f 6746 6725 6744
f 6747 6715 6745
f 6748 6730 6727
f 6748 6727 6746
f 6749 6715 6747
f 6749 6716 6715
f 6750 6731 6730
f 6750 6730 6748
f 6751 6718 6716
f 6751 6716 6749
f 6752 6731 6750
f 6752 6732 6731
f 6753 6720 6718
f 6753 6718 6751
f 6753 6722 6720
f 6754 6733 6732
f 6754 6732 6752
f 6755 6722 6753
f 6756 6737 6735
f 6756 6733 6754
f 6756 6735 6733
f 6757 6724 6722
f 6757 6722 6755
f 6758 6737 6756
f 6759 6726 6724
f 6759 6724 6757
f 6760 6737 6758
f 6760 6741 6739
f 6760 6739 6737
f 6761 6728 6726
f 6761 6729 6728
f 6761 6726 6759
f 6762 6741 6760
f 6763 6741 6762
f 6763 6743 6741
f 6764 6449 6450
f 6764 6734 6449
f 6765 6743 6763
f 6765 6747 6745
f 6765 6745 6743
f 6766 6736 6734
f 6766 6734 6764
f 6767 6747 6765
f 6768 6738 6736
f 6768 6736 6766
f 6769 6747 6767
f 6769 6749 6747
f 6770 6738 6768
f 6770 6740 6738
f 6771 6749 6769
f 6771 6751 6749
f 6772 6742 6740
f 6772 6740 6770
f 6773 6753 6751
f 6773 6751 6771
f 6774 6746 6744
f 6774 6742 6772
f 6774 6744 6742
f 6775 6753 6773
f 6775 6755 6753
f 6776 6746 6774
f 6777 6757 6755
f 6777 6755 6775
f 6778 6746 6776
f 6778 6748 6746
f 6779 6757 6777
f 6779 6759 6757
f 6780 6750 6748
f 6780 6748 6778
f 6781 6759 6779
f 6781 6729 6761
f 6781 6761 6759
f 6781 6782 6729
f 6783 6750 6780
f 6783 6752 6750
f 6784 6752 6783
f 6784 6754 6752
f 6784 6756 6754
f 6785 6756 6784
f 6786 6758 6756
f 6786 6756 6785
f 6787 6764 6450
f 6787 6766 6764
f 6788 6760 6758
f 6788 6758 6786
f 6788 6762 6760
f 6789 6768 6766
f 6789 6766 6787
f 6790 6762 6788
f 6791 6768 6789
f 6791 6770 6768
f 6792 6763 6762
f 6792 6762 6790
f 6793 6770 6791
f 6794 6765 6763
f 6794 6763 6792
f 6795 6772 6770
f 6795 6774 6772
f 6795 6770 6793
f 6796 6769 6767
f 6796 6765 6794
f 6796 6767 6765
f 6797 6774 6795
f 6798 6769 6796
f 6799 6774 6797
f 6799 6776 6774
f 6800 6769 6798
f 6800 6771 6769
f 6800 6773 6771
f 6801 6776 6799
f 6801 6778 6776
f 6802 6773 6800
f 6803 6780 6778
f 6803 6783 6780
f 6803 6778 6801
f 6804 6773 6802
f 6804 6775 6773
f 6804 6777 6775
f 6805 6783 6803
f 6806 6777 6804
f 6807 6783 6805
f 6807 6784 6783
f 6808 6779 6777
f 6808 6777 6806
f 6808 6781 6779
f 6809 6784 6807
f 6809 6785 6784
f 6810 6781 6808
f 6810 6782 6781
f 6811 6786 6785
f 6811 6785 6809
f 6811 6788 6786
f 6812 6788 6811
f 6813 6450 4176
f 6813 6787 6450
f 6814 6790 6788
f 6814 6788 6812
f 6815 6789 6787
f 6815 6787 6813
f 6816 6790 6814
f 6816 6792 6790
f 6817 6789 6815
f 6817 6791 6789
f 6818 6796 6794
f 6818 6792 6816
f 6818 6794 6792
f 6819 6791 6817
f 6819 6793 6791
f 6820 6796 6818
f 6821 6795 6793
f 6821 6793 6819
f 6822 6796 6820
f 6822 6798 6796
f 6823 6797 6795
f 6823 6795 6821
f 6824 6800 6798
f 6824 6798 6822
f 6825 6799 6797
f 6825 6797 6823
f 6826 6804 6802
f 6826 6802 6800
f 6826 6800 6824
f 6827 6801 6799
f 6827 6799 6825
f 6828 6804 6826
f 6829 6803 6801
f 6829 6805 6803
f 6829 6801 6827
f 6830 6806 6804
f 6830 6804 6828
f 6831 6805 6829
f 6832 6806 6830
f 6832 6808 6806
f 6833 6808 6832
f 6833 6810 6808
f 6833 6782 6810
f 6833 6834 6782
f 6835 6805 6831
f 6835 6807 6805
f 6836 6809 6807
f 6836 6807 6835
f 6837 6811 6809
f 6837 6809 6836
f 6838 6812 6811
f 6838 6811 6837
f 6839 4176 4177
f 6839 6815 6813
f 6839 6813 4176
f 6840 6812 6838
f 6840 6814 6812
f 6841 6815 6839
f 6841 4177 4178
f 6841 6839 4177
f 6841 6817 6815
f 6842 6814 6840
f 6842 6816 6814
f 6843 6841 4178
f 6843 4178 4179
f 6843 6817 6841
f 6844 6816 6842
f 6844 6818 6816
f 6845 6818 6844
f 6845 6820 6818
f 6846 4179 4180
f 6846 6843 4179
f 6846 6819 6817
f 6846 6821 6819
f 6846 6817 6843
f 6847 4180 4181
f 6847 6846 4180
f 6847 6821 6846
f 6848 6820 6845
f 6848 6822 6820
f 6848 6824 6822
f 6849 6824 6848
f 6850 4181 4182
f 6850 6847 4181
f 6850 6821 6847
f 6850 6823 6821
f 6851 6824 6849
f 6851 6826 6824
f 6852 6827 6825
f 6852 4182 4183
f 6852 6850 4182
f 6852 6823 6850
f 6852 6825 6823
f 6853 6830 6828
f 6853 6826 6851
f 6853 6828 6826
f 6854 4183 4184
f 6854 6852 4183
f 6854 6827 6852
f 6855 6830 6853
f 6856 4184 4185
f 6856 6829 6827
f 6856 6827 6854
f 6856 6854 4184
f 6857 6832 6830
f 6857 6830 6855
f 6858 6829 6856
f 6858 4185 4186
f 6858 6831 6829
f 6858 6856 4185
f 6859 6833 6832
f 6859 6834 6833
f 6859 6832 6857
f 6860 6858 4186
f 6860 4186 4187
f 6860 6835 6831
f 6860 6831 6858
f 6861 6860 4187
f 6861 4187 4188
f 6861 6836 6835
f 6861 6835 6860
f 6862 6837 6836
f 6862 6838 6837
f 6862 4188 4189
f 6862 6836 6861
f 6862 6861 4188
f 6863 6838 6862
f 6863 4189 4190
f 6863 6862 4189
f 6864 6838 6863
f 6864 6840 6838
f 6865 6840 6864
f 6865 6842 6840
f 6866 6845 6844
f 6866 6844 6842
f 6866 6842 6865
f 6867 6845 6866
f 6868 6864 6863
f 6868 4190 4191
f 6868 6863 4190
f 6869 6845 6867
f 6869 6848 6845
f 6870 6868 4191
f 6870 6864 6868
f 6870 4191 4192
f 6870 6866 6865
f 6870 6865 6864
f 6871 6848 6869
f 6871 6849 6848
f 6872 6851 6849
f 6872 6853 6851
f 6872 6849 6871
f 6873 6870 4192
f 6873 6866 6870
f 6873 4192 4193
f 6874 6853 6872
f 6875 6866 6873
f 6875 6873 4193
f 6875 4193 4194
f 6875 6867 6866
f 6876 6853 6874
f 6876 6855 6853
f 6877 6869 6867
f 6877 4194 4195
f 6877 6875 4194
f 6877 6867 6875
f 6878 6855 6876
f 6878 6857 6855
f 6879 6871 6869
f 6879 6877 4195
f 6879 4195 4196
f 6879 6869 6877
f 6880 6834 6859
f 6880 6857 6878
f 6880 4205 6834
f 6880 6859 6857
f 6881 6871 6879
f 6881 6872 6871
f 6882 6872 6881
f 6882 6874 6872
f 6883 6878 6876
f 6883 6874 6882
f 6883 6876 6874
f 6884 6878 6883
f 6885 6881 6879
f 6885 4196 4197
f 6885 6879 4196
f 6886 6880 6878
f 6886 6878 6884
f 6886 4205 6880
f 6887 4197 4198
f 6887 6882 6881
f 6887 6881 6885
f 6887 6885 4197
f 6888 6882 6887
f 6888 4198 4199
f 6888 6883 6882
f 6888 6887 4198
f 6889 4199 4200
f 6889 6884 6883
f 6889 6888 4199
f 6889 6883 6888
f 6890 4200 4201
f 6890 4201 4202
f 6890 4202 4205
f 6890 6884 6889
f 6890 6886 6884
f 6890 4205 6886
f 6890 6889 4200
f 6891 6782 6834
f 6891 6834 4205
f 6891 4205 4204
f 6023 6022 6891
f 6021 6891 6022
f 6021 6782 6891
f 6024 6023 6891
f 6020 6782 6021
f 6020 6729 6782
f 6025 6024 6891
f 6019 6729 6020
f 6026 6025 6891
f 6018 6676 6729
f 6018 6729 6019
f 6027 6026 6891
f 6017 6676 6018
f 6028 6027 6891
f 6016 6676 6017
f 6029 6028 6891
f 6015 6624 6676
f 6015 6676 6016
f 6030 6029 6891
f 6014 6624 6015
f 6031 6030 6891
f 6013 6571 6624
f 6013 6624 6014
f 6032 6031 6891
f 6012 6571 6013
f 5950 6891 6892
f 5950 6032 6891
f 5949 5950 6892
f 6011 6571 6012
f 6010 6564 6571
f 6010 6571 6011
f 5951 5949 6892
f 5952 5951 6892
f 6009 6564 6010
f 5953 5952 6892
f 6008 6471 6564
f 6008 6564 6009
f 5954 5953 6892
f 6007 6471 6008
f 5955 5954 6892
f 6006 6471 6007
f 5956 5955 6892
f 6005 6472 6471
f 6005 6471 6006
f 5957 5956 6892
f 6004 6472 6005
f 5958 5957 6892
f 6003 6472 6004
f 5959 5958 6892
f 6002 6472 6003
f 5960 5959 6892
f 6001 6472 6002
f 5961 5960 6892
f 6000 6472 6001
f 5962 5961 6892
f 5999 6472 6000
f 5963 5962 6892
f 5998 6472 5999
f 5964 5963 6892
f 5997 6472 5998
f 5965 5964 6892
f 5996 6472 5997
f 5966 5965 6892
f 5995 6472 5996
f 5994 6472 5995
f 5967 5966 6892
f 5968 5967 6892
f 5993 6472 5994
f 4241 6892 4239
f 6893 5968 6892
f 6893 6892 4241
f 6107 6106 6893
f 6105 6893 6106
f 6108 6107 6893
f 6109 6108 6893
f 6104 6893 6105
f 6103 6893 6104
f 6110 6109 6893
f 6111 6110 6893
f 6102 6893 6103
f 4293 6894 4305
f 6101 6893 6102
f 6112 6111 6893
f 6100 6893 6101
f 6113 6112 6893
f 6114 6113 6893
f 6099 6893 6100
f 6098 6893 6099
f 6098 5968 6893
f 6098 5969 5968
f 6115 6114 6893
f 6097 5969 6098
f 6116 6115 6893
f 6096 5969 6097
f 6096 5970 5969
f 6034 6116 6893
f 6034 6893 6894
f 6033 6034 6894
f 6095 5970 6096
f 6095 5971 5970
f 6094 5972 5971
f 6094 5971 6095
f 6035 6033 6894
f 6093 5972 6094
f 6093 5973 5972
f 6036 6035 6894
f 6037 6036 6894
f 6092 5973 6093
f 6092 5974 5973
f 6092 5975 5974
f 6038 6037 6894
f 6091 5975 6092
f 6039 6038 6894
f 6090 5975 6091
f 6090 5976 5975
f 6040 6039 6894
f 6089 5976 6090
f 6089 5977 5976
f 6089 5978 5977
f 6041 6040 6894
f 6088 5978 6089
f 6042 6041 6894
f 6087 5978 6088
f 6087 5979 5978
f 6043 6042 6894
f 6086 5979 6087
f 6086 5980 5979
f 6085 5980 6086
f 6085 5981 5980
f 6044 6043 6894
f 6045 6044 6894
f 6895 6894 4293
f 6896 6045 6894
f 6896 6046 6045
f 6896 6894 6895
f 6897 6047 6046
f 6897 6048 6047
f 6897 6046 6896
f 6898 6049 6048
f 6898 6050 6049
f 6898 6051 6050
f 6898 6048 6897
f 6899 6052 6051
f 6899 6053 6052
f 6899 6051 6898
f 6900 6054 6053
f 6900 6055 6054
f 6900 6056 6055
f 6900 6053 6899
f 6901 6056 6900
f 6901 6057 6056
f 6901 6058 6057
f 6902 6058 6901
f 6902 6059 6058
f 6902 6060 6059
f 6902 6061 6060
f 6120 6472 5993
f 6120 5992 5991
f 6120 5993 5992
f 6903 6061 6902
f 6903 6062 6061
f 6903 6063 6062
f 6903 6064 6063
f 6903 6065 6064
f 6903 6066 6065
f 6903 6067 6066
f 6903 6068 6067
f 6903 6069 6068
f 6903 6070 6069
f 6903 6071 6070
f 6903 6072 6071
f 6903 6073 6072
f 6904 6472 6120
f 6905 6120 5991
f 6906 6120 6905
f 6907 6905 5991
f 6907 5991 5990
f 6908 6120 6906
f 6909 6120 6908
f 6910 6907 5990
f 6910 5990 5989
f 6911 6120 6909
f 6912 6910 5989
f 6912 5989 5988
f 6913 6120 6911
f 6914 6912 5988
f 6914 5988 5987
f 6915 6120 6913
f 6916 5986 5985
f 6916 5987 5986
f 6916 6914 5987
f 6917 6120 6915
f 6918 6916 5985
f 6918 5985 5984
f 6919 6120 6917
f 6920 6918 5984
f 6920 5984 5983
f 6921 6120 6919
f 6922 6920 5983
f 6922 5983 5982
f 6923 6120 6921
f 6924 6922 5982
f 6924 5982 5981
f 6925 6120 6923
f 6926 5981 6085
f 6926 6924 5981
f 6927 6085 6084
f 6927 6926 6085
f 6928 6120 6925
f 6929 6120 6928
f 6930 6927 6084
f 6930 6084 6083
f 6931 6930 6083
f 6931 6083 6082
f 6932 6120 6929
f 6933 6120 6932
f 6934 6931 6082
f 6934 6082 6081
f 6935 6934 6081
f 6935 6080 6079
f 6935 6081 6080
f 6936 6120 6933
f 6937 6079 6078
f 6937 6935 6079
f 6938 6120 6936
f 6939 6937 6078
f 6939 6078 6077
f 6940 6120 6938
f 6941 6939 6077
f 6941 6077 6076
f 6942 6120 6940
f 6943 6941 6076
f 6943 6076 6075
f 6944 6120 6942
f 6945 6943 6075
f 6946 6120 6944
f 6947 6120 6946
f 6948 6120 6947
f 6949 6120 6948
f 6950 6120 6949
f 6951 6120 6950
f 6952 6120 6951
f 6953 6120 6952
f 6954 6120 6953
f 6955 6120 6954
f 6118 6073 6903
f 6118 6956 6945
f 6118 6957 6956
f 6118 6958 6957
f 6118 6959 6958
f 6118 6960 6959
f 6118 6961 6960
f 6118 6962 6961
f 6118 6945 6075
f 6118 6963 6962
f 6118 6964 6963
f 6118 6965 6964
f 6118 6966 6965
f 6118 6967 6966
f 6118 6968 6967
f 6118 6074 6073
f 6118 6969 6968
f 6118 6075 6074
f 6118 6970 6969
f 6118 6971 6970
f 6118 6972 6971
f 6118 6973 6972
f 6118 6974 6973
f 6118 6975 6974
f 6118 6976 6975
f 6118 6977 6976
f 6118 6978 6977
f 6118 6979 6978
f 6118 6980 6979
f 6118 6981 6980
f 6118 6982 6981
f 6118 6983 6982
f 6118 6984 6983
f 6118 6985 6984
f 6349 6348 6904
f 6347 6986 6904
f 6347 6904 6348
f 6350 6349 6904
f 6346 6986 6347
f 6351 6350 6904
f 6345 6987 6986
f 6345 6986 6346
f 6352 6351 6904
f 6344 6987 6345
f 6353 6352 6904
f 6354 6353 6904
f 6343 6987 6344
f 6342 6988 6987
f 6342 6987 6343
f 6355 6354 6904
f 6341 6988 6342
f 6356 6355 6904
f 6340 6989 6988
f 6340 6988 6341
f 6357 6356 6904
f 6357 6904 6120
f 6339 6989 6340
f 6358 6357 6120
f 6338 6989 6339
f 6276 6358 6120
f 6275 6276 6120
f 6337 6990 6989
f 6337 6989 6338
f 6277 6275 6120
f 6336 6990 6337
f 6335 6990 6336
f 6278 6277 6120
f 6279 6278 6120
f 6334 6991 6990
f 6334 6990 6335
f 6333 6991 6334
f 6280 6279 6120
f 6281 6280 6120
f 6332 6991 6333
f 6282 6281 6120
f 6331 6991 6332
f 6331 6992 6991
f 6283 6282 6120
f 6330 6992 6331
f 6284 6283 6120
f 6329 6992 6330
f 6285 6284 6120
f 6328 6992 6329
f 6328 6993 6992
f 6327 6993 6328
f 6326 6993 6327
f 6325 6993 6326
f 6994 6993 6325
f 6994 6323 6322
f 6994 6324 6323
f 6994 6325 6324
f 6995 6994 6322
f 6995 6321 6320
f 6995 6322 6321
f 6996 6995 6320
f 6996 6320 6319
f 6123 6296 6295
f 6123 6996 6319
f 6123 6297 6296
f 6123 6298 6297
f 6123 6299 6298
f 6123 6300 6299
f 6123 6301 6300
f 6123 6302 6301
f 6123 6303 6302
f 6123 6304 6303
f 6123 6305 6304
f 6123 6306 6305
f 6123 6307 6306
f 6123 6308 6307
f 6123 6309 6308
f 6123 6310 6309
f 6123 6311 6310
f 6123 6312 6311
f 6123 6313 6312
f 6123 6314 6313
f 6123 6315 6314
f 6123 6316 6315
f 6123 6317 6316
f 6123 6318 6317
f 6123 6319 6318
f 6123 6997 6996
f 6998 6997 6123
f 6999 6998 6123
f 7000 6999 6123
f 7001 7000 6123
f 7002 7001 6123
f 7003 7004 6123
f 7005 7003 6123
f 7006 6123 7004
f 7007 6123 7006
f 7008 7005 6123
f 7009 7008 6123
f 7010 6123 7007
f 7011 6123 7010
f 7012 7009 6123
f 7013 7012 6123
f 7014 6123 7011
f 7015 6123 7014
f 7016 7013 6123
f 7017 6123 7015
f 7018 6123 7017
f 7019 6123 7018
f 7020 6123 7019
f 7021 6123 7020
f 7022 6123 7021
f 7023 6123 7022
f 7024 6123 7023
f 7025 7002 6123
f 7025 7026 7027
f 7025 7024 7026
f 7025 6123 7024
f 7028 7025 7027
f 7028 7029 7030
f 7028 7031 7029
f 7028 7027 7031
f 6434 6433 6118
f 6435 6434 6118
f 6436 6435 6118
f 6437 6436 6118
f 6438 6437 6118
f 6439 6438 6118
f 6440 6439 6118
f 6441 6440 6118
f 6442 6441 6118
f 6360 6442 6118
f 6359 6360 6118
f 6361 6359 6118
f 7032 7028 7030
f 7032 7033 7034
f 7032 7035 7033
f 7032 7030 7035
f 7036 7032 7034
f 7036 7037 7038
f 7036 7039 7037
f 7036 7040 7039
f 7036 7041 7040
f 7036 7042 7041
f 7036 7043 7042
f 7036 7044 7043
f 7036 7045 7044
f 7036 7034 7045
f 6117 7046 7047
f 6117 7048 7046
f 6117 7049 7048
f 6117 7050 7049
f 6117 7051 7050
f 6117 7052 7051
f 6117 7053 7052
f 6117 7054 7053
f 6117 7055 7054
f 6117 7056 7055
f 6117 7057 7056
f 6117 7058 7057
f 6117 7059 7058
f 6117 7060 7059
f 6117 7061 7060
f 6117 7062 7061
f 6117 7063 7062
f 6117 6400 6399
f 6117 6401 6400
f 6117 6402 6401
f 6117 6403 6402
f 6117 6404 6403
f 6117 6405 6404
f 6117 6406 6405
f 6117 6407 6406
f 6117 6408 6407
f 6117 6409 6408
f 6117 6410 6409
f 6117 6411 6410
f 6117 6412 6411
f 6117 6413 6412
f 6117 6414 6413
f 6117 6415 6414
f 6117 6416 6415
f 6117 6417 6416
f 6117 6418 6417
f 6117 6419 6418
f 6117 6420 6419
f 6117 6421 6420
f 6117 6422 6421
f 6117 6423 6422
f 6117 7064 7065
f 6117 7066 7064
f 6117 7067 7066
f 6117 7047 7067
f 7068 6362 6361
f 7068 6363 6362
f 7068 6364 6363
f 7068 6365 6364
f 7068 6366 6365
f 7068 6367 6366
f 7068 6368 6367
f 7068 6369 6368
f 7068 6370 6369
f 7068 6371 6370
f 7068 6118 6903
f 7068 6361 6118
f 7069 7070 7071
f 7069 7072 7070
f 7069 7073 7072
f 7069 7074 7073
f 7069 7075 7074
f 7069 7076 7075
f 7069 7077 7076
f 7069 7078 7077
f 7069 7038 7078
f 7069 7036 7038
f 7079 6372 6371
f 7079 6373 6372
f 7079 6371 7068
f 7080 7069 7071
f 7080 7081 7082
f 7080 7083 7081
f 7080 7071 7083
f 7084 6374 6373
f 7084 6375 6374
f 7084 6376 6375
f 7084 6373 7079
f 7085 7086 7087
f 7085 7088 7086
f 7085 7082 7088
f 7085 7080 7082
f 7089 6377 6376
f 7089 6378 6377
f 7089 6376 7084
f 7090 7091 7063
f 7090 7087 7091
f 7090 7063 6117
f 7090 7085 7087
f 7092 6379 6378
f 7092 6380 6379
f 7092 6381 6380
f 7092 6378 7089
f 7093 7090 6117
f 7094 7093 6117
f 7095 6382 6381
f 7095 6383 6382
f 7095 6384 6383
f 7095 6381 7092
f 7096 6385 6384
f 7096 6386 6385
f 7096 6387 6386
f 7096 6384 7095
f 7097 7094 6117
f 7098 6387 7096
f 7098 6388 6387
f 7098 6389 6388
f 7098 6390 6389
f 7099 7097 6117
f 7100 6391 6390
f 7100 6392 6391
f 7100 6393 6392
f 7100 6390 7098
f 7101 7099 6117
f 7102 6394 6393
f 7102 6395 6394
f 7102 6396 6395
f 7102 6393 7100
f 7103 7101 6117
f 7104 6396 7102
f 7104 6397 6396
f 7104 6398 6397
f 7105 7103 6117
f 7105 6398 7104
f 7105 6117 6399
f 7105 6399 6398
f 6118 6120 7106
f 7106 6120 7107
f 7107 6120 6955
f 6118 7106 7108
f 6118 7108 6985
f 6120 6123 6295
f 6120 6295 6294
f 6120 6294 6293
f 6120 6293 6292
f 6120 6292 6291
f 6120 6291 6290
f 6120 6290 6289
f 6120 6289 6288
f 6120 6288 6287
f 6120 6287 6286
f 6120 6286 6285
f 6123 6117 7109
f 7109 6117 7110
f 7110 6117 7111
f 7111 6117 7112
f 7112 6117 7065
f 6123 7109 7113
f 6123 7113 7114
f 6123 7114 7115
f 6123 7115 7016
f 6117 6118 6423
f 6423 6118 6424
f 6424 6118 6425
f 6425 6118 6426
f 6426 6118 6427
f 6427 6118 6428
f 6428 6118 6429
f 6429 6118 6430
f 6430 6118 6431
f 6431 6118 6432
f 6432 6118 6433
f 4234 4502 4500
f 4235 4504 4502
f 4235 4502 4234
f 4236 4505 4504
f 4236 4504 4235
f 4237 4508 4505
f 4237 4505 4236
f 4290 4510 4508
f 4290 4508 4237
f 4288 4512 4510
f 4288 4510 4290
f 4287 4514 4512
f 4287 4512 4288
f 4285 4514 4287
f 4285 4515 4514
f 4283 4515 4285
f 4283 4517 4515
f 4281 4517 4283
f 4281 4519 4517
f 4279 4519 4281
f 4279 4520 4519
f 4277 4520 4279
f 4277 4518 4520
f 4275 4518 4277
f 4275 4516 4518
f 4273 4516 4275
f 4273 4513 4516
f 4271 4513 4273
f 4271 4511 4513
f 4269 4511 4271
f 4269 4509 4511
f 4267 4509 4269
f 4267 4507 4509
f 4265 4507 4267
f 4265 4506 4507
f 4263 4506 4265
f 4263 4503 4506
f 4261 4503 4263
f 4261 4501 4503
f 4259 4501 4261
f 4259 4499 4501
f 4257 4499 4259
f 4257 4497 4499
f 4255 4497 4257
f 4255 4495 4497
f 4253 4495 4255
f 4253 4493 4495
f 4251 4493 4253
f 4251 4491 4493
f 4249 4491 4251
f 4249 4489 4491
f 4247 4489 4249
f 4247 4487 4489
f 4245 4485 4487
f 4245 4487 4247
f 4243 4483 4485
f 4243 4485 4245
f 4240 4481 4483
f 4240 4483 4243
f 4239 4479 4481
f 4239 4481 4240
f 7116 4239 6892
f 7116 4477 4479
f 7116 4479 4239
f 7117 4477 7116
f 7117 4475 4477
f 7118 4475 7117
f 7118 4474 4475
f 7119 4474 7118
f 7119 4471 4474
f 7120 4471 7119
f 7120 4469 4471
f 7121 4469 7120
f 7121 4468 4469
f 7122 4468 7121
f 7122 4465 4468
f 7123 4465 7122
f 7123 4464 4465
f 7124 4464 7123
f 7124 4463 4464
f 7125 4463 7124
f 7125 4460 4463
f 7126 4460 7125
f 7126 4458 4460
f 7127 4458 7126
f 7128 4458 7127
f 7128 4456 4458
f 7129 4456 7128
f 7129 4454 4456
f 7130 4452 4454
f 7130 4454 7129
f 7131 4450 4452
f 7131 4452 7130
f 7132 4448 4450
f 7132 4450 7131
f 7133 4447 4448
f 7133 4448 7132
f 7134 4444 4447
f 7134 4447 7133
f 7135 4442 4444
f 7135 4444 7134
f 7136 4440 4442
f 7136 4442 7135
f 7137 4438 4440
f 7137 4440 7136
f 7138 4437 4438
f 7138 4438 7137
f 4204 4439 4437
f 4204 4437 7138
f 6891 4204 7138
f 4203 4441 4439
f 4203 4439 4204
f 4206 4443 4441
f 4206 4441 4203
f 4207 4445 4443
f 4207 4443 4206
f 4208 4445 4207
f 4208 4446 4445
f 4209 4446 4208
f 4209 4449 4446
f 4210 4449 4209
f 4210 4451 4449
f 4211 4453 4451
f 4211 4451 4210
f 4212 4455 4453
f 4212 4453 4211
f 4213 4457 4455
f 4213 4455 4212
f 4214 4459 4457
f 4214 4457 4213
f 4215 4461 4459
f 4215 4459 4214
f 4216 4462 4461
f 4216 4461 4215
f 4217 4466 4462
f 4217 4462 4216
f 4218 4467 4466
f 4218 4466 4217
f 4219 4470 4467
f 4219 4467 4218
f 4220 4472 4470
f 4220 4470 4219
f 4221 4473 4472
f 4221 4472 4220
f 4222 4476 4473
f 4222 4473 4221
f 4223 4478 4476
f 4223 4476 4222
f 4224 4480 4478
f 4224 4478 4223
f 4225 4482 4480
f 4225 4480 4224
f 4226 4484 4482
f 4226 4482 4225
f 4227 4486 4484
f 4227 4484 4226
f 4228 4488 4486
f 4228 4486 4227
f 4229 4490 4488
f 4229 4488 4228
f 4230 4492 4490
f 4230 4490 4229
f 4231 4494 4492
f 4231 4492 4230
f 4232 4494 4231
f 4232 4496 4494
f 4233 4496 4232
f 4233 4498 4496
f 4234 4498 4233
f 4234 4500 4498
f 4336 4586 4584
f 4335 4588 4586
f 4335 4586 4336
f 4337 4590 4588
f 4337 4588 4335
f 4338 4592 4590
f 4338 4590 4337
f 4339 4594 4592
f 4339 4592 4338
f 4340 4596 4594
f 4340 4594 4339
f 4341 4597 4596
f 4341 4596 4340
f 4342 4597 4341
f 4342 4599 4597
f 4343 4599 4342
f 4343 4601 4599
f 4344 4601 4343
f 4344 4603 4601
f 4345 4603 4344
f 4345 4604 4603
f 4346 4604 4345
f 4346 4602 4604
f 4347 4602 4346
f 4347 4600 4602
f 4348 4600 4347
f 4348 4598 4600
f 4349 4598 4348
f 4349 4595 4598
f 4370 4595 4349
f 4370 4593 4595
f 4378 4593 4370
f 4378 4591 4593
f 4384 4591 4378
f 4384 4589 4591
f 4372 4589 4384
f 4372 4587 4589
f 4295 4587 4372
f 4295 4585 4587
f 4294 4585 4295
f 4294 4583 4585
f 4296 4583 4294
f 4296 4581 4583
f 4297 4581 4296
f 4297 4579 4581
f 4298 4579 4297
f 4298 4577 4579
f 4299 4577 4298
f 4299 4575 4577
f 4300 4575 4299
f 4300 4573 4575
f 4301 4573 4300
f 4301 4571 4573
f 4302 4569 4571
f 4302 4571 4301
f 4303 4567 4569
f 4303 4569 4302
f 4304 4565 4567
f 4304 4567 4303
f 4305 4563 4565
f 4305 4565 4304
f 7139 4305 6894
f 7139 4561 4563
f 7139 4563 4305
f 7140 4561 7139
f 7140 4559 4561
f 7141 4559 7140
f 7141 4557 4559
f 7142 4557 7141
f 7142 4555 4557
f 7143 4555 7142
f 7143 4553 4555
f 7144 4553 7143
f 7144 4552 4553
f 7145 4552 7144
f 7145 4551 4552
f 7146 4551 7145
f 7146 4548 4551
f 7147 4548 7146
f 7147 4547 4548
f 7148 4547 7147
f 7148 4544 4547
f 7149 4544 7148
f 7149 4542 4544
f 7150 4542 7149
f 7151 4542 7150
f 7151 4540 4542
f 7152 4540 7151
f 7152 4538 4540
f 7153 4536 4538
f 7153 4538 7152
f 7154 4534 4536
f 7154 4536 7153
f 7155 4531 4534
f 7155 4534 7154
f 7156 4532 4531
f 7156 4531 7155
f 7157 4528 4532
f 7157 4532 7156
f 7158 4526 4528
f 7158 4528 7157
f 7159 4524 4526
f 7159 4526 7158
f 7160 4522 4524
f 7160 4524 7159
f 7161 4521 4522
f 7161 4522 7160
f 4241 4523 4521
f 4241 4521 7161
f 6893 4241 7161
f 4238 4525 4523
f 4238 4523 4241
f 4242 4527 4525
f 4242 4525 4238
f 4244 4529 4527
f 4244 4527 4242
f 4246 4529 4244
f 4246 4530 4529
f 4248 4530 4246
f 4248 4533 4530
f 4250 4533 4248
f 4250 4535 4533
f 4252 4537 4535
f 4252 4535 4250
f 4254 4539 4537
f 4254 4537 4252
f 4256 4541 4539
f 4256 4539 4254
f 4258 4543 4541
f 4258 4541 4256
f 4260 4545 4543
f 4260 4543 4258
f 4262 4546 4545
f 4262 4545 4260
f 4264 4549 4546
f 4264 4546 4262
f 4266 4550 4549
f 4266 4549 4264
f 4268 4554 4550
f 4268 4550 4266
f 4270 4556 4554
f 4270 4554 4268
f 4272 4558 4556
f 4272 4556 4270
f 4274 4560 4558
f 4274 4558 4272
f 4276 4562 4560
f 4276 4560 4274
f 4278 4564 4562
f 4278 4562 4276
f 4280 4566 4564
f 4280 4564 4278
f 4282 4568 4566
f 4282 4566 4280
f 4284 4570 4568
f 4284 4568 4282
f 4286 4572 4570
f 4286 4570 4284
f 4289 4574 4572
f 4289 4572 4286
f 4291 4576 4574
f 4291 4574 4289
f 4292 4578 4576
f 4292 4576 4291
f 4350 4578 4292
f 4350 4580 4578
f 4351 4580 4350
f 4351 4582 4580
f 4336 4582 4351
f 4336 4584 4582
f 7162 6902 7163
f 7164 6902 7162
f 7165 6902 7164
f 7166 6902 7165
f 6903 6902 7166
f 7167 4329 4328
f 7167 4330 4329
f 7168 4331 4330
f 7168 4330 7167
f 7169 4332 4331
f 7169 4331 7168
f 7170 4332 7169
f 7170 4333 4332
f 7171 4353 4333
f 7171 4333 7170
f 7172 4354 4353
f 7172 4353 7171
f 7173 4358 4357
f 7174 4355 4354
f 7174 4354 7172
f 7175 4359 4358
f 7175 4358 7173
f 7176 4356 4355
f 7176 4355 7174
f 7177 4360 4359
f 7177 4359 7175
f 7178 4363 4362
f 7178 4364 4363
f 7179 4357 4356
f 7179 4356 7176
f 7180 4361 4360
f 7180 4360 7177
f 7181 4364 7178
f 7181 4365 4364
f 7182 4324 4307
f 7182 4307 7183
f 7184 4357 7179
f 7184 7175 7173
f 7184 7173 4357
f 7185 4362 4361
f 7185 4361 7180
f 7186 4366 4365
f 7186 4365 7181
f 7187 4325 4324
f 7187 4324 7182
f 7188 7175 7184
f 7189 4362 7185
f 7190 4367 4366
f 7190 4306 4367
f 7190 4293 4306
f 7190 4366 7186
f 7191 4326 4325
f 7191 4325 7187
f 7192 7175 7188
f 7192 7177 7175
f 7193 7178 4362
f 7193 4362 7189
f 7194 4326 7191
f 7195 7180 7177
f 7195 7177 7192
f 7196 7178 7193
f 7196 7181 7178
f 7197 4327 4326
f 7197 4326 7194
f 7198 7180 7195
f 7198 7185 7180
f 7199 7181 7196
f 7199 7186 7181
f 7200 4327 7197
f 7200 4328 4327
f 7201 7185 7198
f 7201 7189 7185
f 7202 7186 7199
f 7202 4293 7190
f 7202 7190 7186
f 7203 7193 7189
f 7203 7189 7201
f 7204 4328 7200
f 7204 7167 4328
f 7205 7196 7193
f 7205 7193 7203
f 7206 7168 7167
f 7206 7167 7204
f 7207 7199 7196
f 7207 7196 7205
f 7208 7169 7168
f 7208 7168 7206
f 7209 7202 7199
f 7209 4293 7202
f 7209 7199 7207
f 7209 6895 4293
f 7210 7170 7169
f 7210 7169 7208
f 7211 7170 7210
f 7211 7171 7170
f 7212 7171 7211
f 7212 7172 7171
f 7213 7174 7172
f 7213 7172 7212
f 7214 7174 7213
f 7214 7176 7174
f 7215 7182 7183
f 7216 7176 7214
f 7216 7179 7176
f 7217 7182 7215
f 7217 7187 7182
f 7218 7184 7179
f 7218 7179 7216
f 7219 7191 7187
f 7219 7187 7217
f 7220 7184 7218
f 7220 7188 7184
f 7221 7194 7191
f 7221 7191 7219
f 7222 7192 7188
f 7222 7188 7220
f 7223 7197 7194
f 7223 7194 7221
f 7224 7195 7192
f 7224 7192 7222
f 7225 7197 7223
f 7225 7200 7197
f 7226 7198 7195
f 7226 7195 7224
f 7227 7204 7200
f 7227 7200 7225
f 7228 7198 7226
f 7228 7201 7198
f 7229 7204 7227
f 7229 7206 7204
f 7230 7203 7201
f 7230 7201 7228
f 7231 7206 7229
f 7231 7208 7206
f 7232 7203 7230
f 7232 7205 7203
f 7233 7208 7231
f 7233 7210 7208
f 7234 7205 7232
f 7234 7207 7205
f 7235 7207 7234
f 7235 7209 7207
f 7235 6895 7209
f 7236 7211 7210
f 7236 7210 7233
f 7237 7211 7236
f 7237 7212 7211
f 7238 7213 7212
f 7238 7212 7237
f 7239 7183 7240
f 7239 7215 7183
f 7241 7213 7238
f 7241 7214 7213
f 7242 7215 7239
f 7242 7217 7215
f 7242 7219 7217
f 7243 7214 7241
f 7243 7216 7214
f 7244 7219 7242
f 7245 7218 7216
f 7245 7216 7243
f 7246 7221 7219
f 7246 7219 7244
f 7247 7218 7245
f 7247 7220 7218
f 7248 7221 7246
f 7248 7223 7221
f 7249 7220 7247
f 7249 7222 7220
f 7250 7223 7248
f 7250 7225 7223
f 7251 7222 7249
f 7251 7224 7222
f 7252 7225 7250
f 7252 7227 7225
f 7253 7226 7224
f 7253 7224 7251
f 7254 7229 7227
f 7254 7227 7252
f 7255 7226 7253
f 7255 7228 7226
f 7256 7229 7254
f 7256 7231 7229
f 7257 7230 7228
f 7257 7228 7255
f 7258 7233 7231
f 7258 7231 7256
f 7259 7230 7257
f 7259 7232 7230
f 7260 7236 7233
f 7260 7233 7258
f 7261 7234 7232
f 7261 7235 7234
f 7261 7232 7259
f 7262 7237 7236
f 7262 7236 7260
f 7263 6895 7235
f 7263 6896 6895
f 7263 7235 7261
f 7264 7241 7238
f 7264 7237 7262
f 7264 7238 7237
f 7265 7241 7264
f 7266 7241 7265
f 7266 7243 7241
f 7267 7243 7266
f 7267 7245 7243
f 7268 7239 7240
f 7269 7245 7267
f 7269 7247 7245
f 7270 7242 7239
f 7270 7239 7268
f 7271 7247 7269
f 7271 7249 7247
f 7272 7242 7270
f 7272 7244 7242
f 7273 7251 7249
f 7273 7249 7271
f 7274 7244 7272
f 7274 7246 7244
f 7275 7253 7251
f 7275 7251 7273
f 7276 7246 7274
f 7276 7248 7246
f 7277 7255 7253
f 7277 7253 7275
f 7278 7248 7276
f 7278 7250 7248
f 7279 7255 7277
f 7279 7257 7255
f 7280 7250 7278
f 7280 7252 7250
f 7281 7257 7279
f 7281 7259 7257
f 7282 7254 7252
f 7282 7252 7280
f 7283 7261 7259
f 7283 7259 7281
f 7284 7254 7282
f 7284 7258 7256
f 7284 7256 7254
f 7285 7263 7261
f 7285 6896 7263
f 7285 7261 7283
f 7286 7258 7284
f 7287 7260 7258
f 7287 7258 7286
f 7288 7240 7289
f 7288 7268 7240
f 7290 7262 7260
f 7290 7260 7287
f 7291 7268 7288
f 7291 7270 7268
f 7292 7265 7264
f 7292 7262 7290
f 7292 7264 7262
f 7293 7270 7291
f 7293 7272 7270
f 7294 7265 7292
f 7295 7274 7272
f 7295 7272 7293
f 7296 7266 7265
f 7296 7265 7294
f 7297 7276 7274
f 7297 7274 7295
f 7298 7267 7266
f 7298 7269 7267
f 7298 7266 7296
f 7299 7276 7297
f 7299 7278 7276
f 7300 7269 7298
f 7301 7278 7299
f 7301 7280 7278
f 7302 7271 7269
f 7302 7269 7300
f 7303 7282 7280
f 7303 7280 7301
f 7304 7273 7271
f 7304 7275 7273
f 7304 7271 7302
f 7305 7282 7303
f 7305 7284 7282
f 7306 7275 7304
f 7307 7284 7305
f 7307 7286 7284
f 7308 7275 7306
f 7308 7277 7275
f 7309 7286 7307
f 7309 7287 7286
f 7310 7277 7308
f 7310 7279 7277
f 7311 7292 7290
f 7311 7287 7309
f 7311 7290 7287
f 7312 7279 7310
f 7312 7281 7279
f 7313 7292 7311
f 7314 7281 7312
f 7314 7283 7281
f 7315 7292 7313
f 7315 7294 7292
f 7316 7283 7314
f 7316 6897 6896
f 7316 6896 7285
f 7316 7285 7283
f 7317 7294 7315
f 7317 7296 7294
f 7318 7298 7296
f 7318 7296 7317
f 7319 7300 7298
f 7319 7302 7300
f 7319 7298 7318
f 7320 7288 7289
f 7321 7302 7319
f 7322 7302 7321
f 7322 7304 7302
f 7323 7293 7291
f 7323 7288 7320
f 7323 7291 7288
f 7324 7306 7304
f 7324 7304 7322
f 7325 7293 7323
f 7326 7308 7306
f 7326 7306 7324
f 7327 7295 7293
f 7327 7293 7325
f 7328 7310 7308
f 7328 7308 7326
f 7329 7295 7327
f 7329 7297 7295
f 7330 7314 7312
f 7330 7312 7310
f 7330 7310 7328
f 7331 7299 7297
f 7331 7301 7299
f 7331 7297 7329
f 7332 7314 7330
f 7333 7301 7331
f 7334 7314 7332
f 7334 7316 7314
f 7334 6897 7316
f 7335 7301 7333
f 7335 7303 7301
f 7336 7303 7335
f 7336 7305 7303
f 7337 7289 7338
f 7337 7320 7289
f 7339 7307 7305
f 7339 7305 7336
f 7340 7320 7337
f 7340 7323 7320
f 7340 7325 7323
f 7341 7307 7339
f 7341 7309 7307
f 7342 7325 7340
f 7343 7311 7309
f 7343 7309 7341
f 7344 7327 7325
f 7344 7325 7342
f 7345 7311 7343
f 7345 7313 7311
f 7346 7327 7344
f 7346 7329 7327
f 7347 7315 7313
f 7347 7313 7345
f 7348 7331 7329
f 7348 7329 7346
f 7349 7315 7347
f 7349 7317 7315
f 7350 7331 7348
f 7350 7333 7331
f 7351 7318 7317
f 7351 7317 7349
f 7352 7335 7333
f 7352 7333 7350
f 7353 7318 7351
f 7353 7319 7318
f 7354 7336 7335
f 7354 7335 7352
f 7355 7319 7353
f 7355 7321 7319
f 7355 7322 7321
f 7356 7339 7336
f 7356 7336 7354
f 7357 7322 7355
f 7358 7339 7356
f 7358 7341 7339
f 7359 7324 7322
f 7359 7322 7357
f 7360 7324 7359
f 7360 7326 7324
f 7361 7341 7358
f 7361 7343 7341
f 7362 7326 7360
f 7362 7328 7326
f 7363 7345 7343
f 7363 7343 7361
f 7363 7347 7345
f 7364 7330 7328
f 7364 7328 7362
f 7365 7347 7363
f 7366 7332 7330
f 7366 7330 7364
f 7367 7349 7347
f 7367 7347 7365
f 7368 7332 7366
f 7368 7334 7332
f 7368 6897 7334
f 7368 6898 6897
f 7369 7349 7367
f 7369 7351 7349
f 7370 7353 7351
f 7370 7351 7369
f 7371 7353 7370
f 7371 7355 7353
f 7372 7355 7371
f 7372 7357 7355
f 7373 7340 7337
f 7373 7337 7338
f 7374 7357 7372
f 7374 7359 7357
f 7375 7340 7373
f 7376 7359 7374
f 7376 7360 7359
f 7376 7362 7360
f 7377 7340 7375
f 7377 7344 7342
f 7377 7342 7340
f 7378 7362 7376
f 7379 7366 7364
f 7379 7364 7362
f 7379 7362 7378
f 7380 7344 7377
f 7381 7344 7380
f 7381 7346 7344
f 7381 7348 7346
f 7382 7366 7379
f 7383 7368 7366
f 7383 6898 7368
f 7383 7366 7382
f 7384 7348 7381
f 7385 7350 7348
f 7385 7348 7384
f 7386 7338 7387
f 7386 7373 7338
f 7388 7352 7350
f 7388 7350 7385
f 7389 7375 7373
f 7389 7373 7386
f 7390 7352 7388
f 7390 7356 7354
f 7390 7354 7352
f 7391 7377 7375
f 7391 7375 7389
f 7392 7356 7390
f 7393 7377 7391
f 7393 7380 7377
f 7394 7358 7356
f 7394 7361 7358
f 7394 7356 7392
f 7395 7381 7380
f 7395 7380 7393
f 7396 7361 7394
f 7397 7384 7381
f 7397 7381 7395
f 7398 7361 7396
f 7398 7363 7361
f 7399 7385 7384
f 7399 7384 7397
f 7400 7365 7363
f 7400 7363 7398
f 7401 7367 7365
f 7401 7365 7400
f 7402 7388 7385
f 7402 7390 7388
f 7402 7385 7399
f 7403 7369 7367
f 7403 7370 7369
f 7403 7367 7401
f 7404 7390 7402
f 7405 7370 7403
f 7406 7390 7404
f 7406 7392 7390
f 7407 7370 7405
f 7407 7371 7370
f 7408 7392 7406
f 7408 7394 7392
f 7409 7371 7407
f 7409 7372 7371
f 7410 7394 7408
f 7410 7396 7394
f 7411 7372 7409
f 7411 7374 7372
f 7412 7396 7410
f 7412 7398 7396
f 7413 7376 7374
f 7413 7374 7411
f 7414 7398 7412
f 7414 7400 7398
f 7415 7378 7376
f 7415 7376 7413
f 7416 7401 7400
f 7416 7400 7414
f 7417 7378 7415
f 7417 7379 7378
f 7417 7382 7379
f 7418 7403 7401
f 7418 7401 7416
f 7418 7405 7403
f 7419 7382 7417
f 7420 7405 7418
f 7421 6898 7383
f 7421 7383 7382
f 7421 7382 7419
f 7421 6899 6898
f 7422 7407 7405
f 7422 7405 7420
f 7423 7409 7407
f 7423 7407 7422
f 7424 7411 7409
f 7424 7413 7411
f 7424 7409 7423
f 7425 7413 7424
f 7426 7386 7387
f 7427 7415 7413
f 7427 7413 7425
f 7428 7386 7426
f 7428 7389 7386
f 7428 7391 7389
f 7429 7417 7415
f 7429 7415 7427
f 7430 7391 7428
f 7431 7419 7417
f 7431 7417 7429
f 7432 7393 7391
f 7432 7391 7430
f 7433 7421 7419
f 7433 6899 7421
f 7433 7419 7431
f 7434 7393 7432
f 7434 7395 7393
f 7435 7395 7434
f 7435 7397 7395
f 7436 7426 7387
f 7436 7387 7437
f 7438 7399 7397
f 7438 7397 7435
f 7439 7428 7426
f 7439 7426 7436
f 7440 7402 7399
f 7440 7399 7438
f 7441 7428 7439
f 7441 7432 7430
f 7441 7430 7428
f 7442 7404 7402
f 7442 7402 7440
f 7443 7432 7441
f 7444 7408 7406
f 7444 7404 7442
f 7444 7406 7404
f 7445 7434 7432
f 7445 7435 7434
f 7445 7432 7443
f 7446 7408 7444
f 7447 7435 7445
f 7448 7410 7408
f 7448 7408 7446
f 7449 7438 7435
f 7449 7440 7438
f 7449 7435 7447
f 7450 7410 7448
f 7450 7412 7410
f 7451 7440 7449
f 7451 7442 7440
f 7452 7416 7414
f 7452 7414 7412
f 7452 7412 7450
f 7453 7442 7451
f 7454 7416 7452
f 7455 7442 7453
f 7455 7444 7442
f 7456 7418 7416
f 7456 7416 7454
f 7457 7448 7446
f 7457 7444 7455
f 7457 7446 7444
f 7458 7418 7456
f 7458 7420 7418
f 7459 7448 7457
f 7460 7420 7458
f 7460 7422 7420
f 7461 7450 7448
f 7461 7448 7459
f 7462 7422 7460
f 7462 7423 7422
f 7463 7452 7450
f 7463 7450 7461
f 7464 7424 7423
f 7464 7423 7462
f 7465 7454 7452
f 7465 7452 7463
f 7466 7424 7464
f 7466 7425 7424
f 7467 7456 7454
f 7467 7458 7456
f 7467 7454 7465
f 7468 7427 7425
f 7468 7425 7466
f 7469 7458 7467
f 7470 7427 7468
f 7470 7431 7429
f 7470 7429 7427
f 7471 7460 7458
f 7471 7458 7469
f 7472 7431 7470
f 7473 7464 7462
f 7473 7460 7471
f 7473 7462 7460
f 7474 7433 7431
f 7474 6900 6899
f 7474 7431 7472
f 7474 6899 7433
f 7475 7464 7473
f 7476 7464 7475
f 7476 7466 7464
f 7477 7468 7466
f 7477 7466 7476
f 7477 7470 7468
f 7478 7470 7477
f 7479 7436 7437
f 7480 7472 7470
f 7480 7470 7478
f 7481 7439 7436
f 7481 7436 7479
f 7481 7441 7439
f 7482 7474 7472
f 7482 6900 7474
f 7482 7472 7480
f 7483 7441 7481
f 7484 7443 7441
f 7484 7441 7483
f 7485 7479 7437
f 7485 7437 7486
f 7487 7445 7443
f 7487 7443 7484
f 7487 7447 7445
f 7488 7481 7479
f 7488 7479 7485
f 7489 7447 7487
f 7490 7483 7481
f 7490 7481 7488
f 7491 7449 7447
f 7491 7447 7489
f 7492 7484 7483
f 7492 7483 7490
f 7493 7451 7449
f 7493 7449 7491
f 7494 7484 7492
f 7494 7487 7484
f 7495 7453 7451
f 7495 7451 7493
f 7496 7489 7487
f 7496 7487 7494
f 7497 7453 7495
f 7497 7457 7455
f 7497 7455 7453
f 7498 7491 7489
f 7498 7489 7496
f 7499 7457 7497
f 7500 7493 7491
f 7500 7491 7498
f 7501 7461 7459
f 7501 7459 7457
f 7501 7457 7499
f 7502 7495 7493
f 7502 7497 7495
f 7502 7493 7500
f 7503 7461 7501
f 7504 7497 7502
f 7505 7461 7503
f 7505 7463 7461
f 7505 7465 7463
f 7506 7497 7504
f 7506 7499 7497
f 7507 7465 7505
f 7508 7501 7499
f 7508 7499 7506
f 7509 7467 7465
f 7509 7469 7467
f 7509 7465 7507
f 7510 7503 7501
f 7510 7501 7508
f 7511 7469 7509
f 7512 7503 7510
f 7512 7505 7503
f 7513 7471 7469
f 7513 7469 7511
f 7514 7505 7512
f 7514 7507 7505
f 7515 7473 7471
f 7515 7471 7513
f 7516 7507 7514
f 7516 7509 7507
f 7517 7473 7515
f 7517 7475 7473
f 7518 7511 7509
f 7518 7509 7516
f 7519 7476 7475
f 7519 7477 7476
f 7519 7475 7517
f 7520 7513 7511
f 7520 7511 7518
f 7521 7477 7519
f 7521 7478 7477
f 7522 7515 7513
f 7522 7513 7520
f 7523 7478 7521
f 7524 7517 7515
f 7524 7515 7522
f 7525 7480 7478
f 7525 7478 7523
f 7526 7519 7517
f 7526 7517 7524
f 7527 6900 7482
f 7527 7482 7480
f 7527 7480 7525
f 7527 6901 6900
f 7528 7521 7519
f 7528 7519 7526
f 7529 7523 7521
f 7529 7521 7528
f 7530 7525 7523
f 7530 7523 7529
f 7531 7527 7525
f 7531 6901 7527
f 7531 7525 7530
f 7532 7486 7533
f 7532 7533 7534
f 7532 7485 7486
f 7535 7488 7485
f 7535 7534 7536
f 7535 7532 7534
f 7535 7490 7488
f 7535 7485 7532
f 7537 7490 7535
f 7537 7536 7538
f 7537 7535 7536
f 7539 7490 7537
f 7539 7538 7540
f 7539 7537 7538
f 7539 7492 7490
f 7539 7494 7492
f 7541 7539 7540
f 7541 7494 7539
f 7542 7494 7541
f 7542 7541 7540
f 7542 7540 7543
f 7542 7496 7494
f 7544 7496 7542
f 7544 7543 7545
f 7544 7498 7496
f 7544 7542 7543
f 7546 7498 7544
f 7546 7545 7547
f 7546 7544 7545
f 7546 7500 7498
f 7548 7546 7547
f 7548 7502 7500
f 7548 7547 7549
f 7548 7500 7546
f 7550 7548 7549
f 7550 7504 7502
f 7550 7549 7551
f 7550 7502 7548
f 7552 7550 7551
f 7552 7504 7550
f 7552 7506 7504
f 7553 7552 7551
f 7553 7508 7506
f 7553 7510 7508
f 7553 7551 7554
f 7553 7506 7552
f 7555 7553 7554
f 7555 7510 7553
f 7555 7554 7556
f 7557 7512 7510
f 7557 7556 7558
f 7557 7510 7555
f 7557 7555 7556
f 7559 7557 7558
f 7559 7512 7557
f 7559 7514 7512
f 7559 7558 7560
f 7561 7559 7560
f 7561 7516 7514
f 7561 7514 7559
f 7562 7518 7516
f 7562 7516 7561
f 7562 7561 7560
f 7562 7560 7563
f 7564 7562 7563
f 7564 7518 7562
f 7564 7563 7565
f 7564 7522 7520
f 7564 7520 7518
f 7566 7522 7564
f 7566 7564 7565
f 7566 7565 7163
f 7567 7522 7566
f 7567 7524 7522
f 7567 7526 7524
f 7567 7566 7163
f 7567 7163 6902
f 7568 7567 6902
f 7568 7528 7526
f 7568 7526 7567
f 7569 7568 6902
f 7569 7528 7568
f 7570 7528 7569
f 7570 7569 6902
f 7570 7529 7528
f 7571 7570 6902
f 7571 7529 7570
f 7571 7530 7529
f 7572 7571 6902
f 7572 7530 7571
f 7572 6902 6901
f 7572 7531 7530
f 7572 6901 7531
f 4309 7183 4307
f 5630 7573 5585
f 5630 7574 7573
f 5630 7575 7574
f 5630 7576 7575
f 5630 7577 7576
f 5630 7578 7577
f 5630 7579 7578
f 5630 7580 7579
f 5630 7581 7580
f 5630 4309 7581
f 5630 7183 4309
f 5683 7240 7183
f 5683 7183 5630
f 5727 7289 7240
f 5727 7240 5683
f 5772 7338 7289
f 5772 7289 5727
f 5816 7387 7338
f 5816 7338 5772
f 5860 7437 7387
f 5860 7387 5816
f 5905 7486 7437
f 5905 7437 5860
f 5550 7533 7486
f 5550 7486 5905
f 5529 7533 5550
f 7582 4415 4414
f 4323 7583 4322
f 7584 5556 4396
f 7584 5557 5556
f 7584 5558 5557
f 7584 5553 5558
f 7584 4395 5553
f 7584 4396 4395
f 7585 4396 5556
f 7585 4397 4396
f 7586 5563 5562
f 7586 5556 5563
f 7586 7585 5556
f 7587 4397 7585
f 7588 7587 7585
f 7589 7585 7586
f 7589 7586 5562
f 7589 7588 7585
f 7590 4398 4397
f 7590 4397 7587
f 7591 7589 5562
f 7592 7590 7587
f 7592 7587 7588
f 7593 5568 5567
f 7593 5562 5568
f 7593 7591 5562
f 7594 7588 7589
f 7594 7592 7588
f 7595 4398 7590
f 7596 7594 7589
f 7596 7589 7591
f 7597 7595 7590
f 7597 4398 7595
f 7597 7590 7592
f 7598 7593 5567
f 7598 7591 7593
f 7598 7596 7591
f 7599 7597 7592
f 7599 7592 7594
f 7600 7598 5567
f 7601 7599 7594
f 7601 7594 7596
f 7602 7603 4398
f 7602 4398 7597
f 7604 5578 5577
f 7604 5567 5578
f 7604 7600 5567
f 7605 7596 7598
f 7605 7598 7600
f 7605 7601 7596
f 7606 7597 7599
f 7606 7602 7597
f 7607 7605 7600
f 7608 4399 4398
f 7608 4398 7603
f 7609 7606 7599
f 7609 7599 7601
f 7609 7601 7605
f 7610 7604 5577
f 7610 7607 7600
f 7610 7600 7604
f 7611 7603 7602
f 7611 7608 7603
f 7612 7609 7605
f 7613 5576 5583
f 7613 5577 5576
f 7613 7610 5577
f 7614 7602 7606
f 7614 7611 7602
f 7615 7612 7605
f 7615 7605 7607
f 7616 7614 7606
f 7616 7606 7609
f 7617 7608 7611
f 7617 4399 7608
f 7617 7611 7614
f 7618 7615 7607
f 7618 7607 7610
f 7619 7616 7609
f 7619 7609 7612
f 7620 7617 7614
f 7621 7610 7613
f 7621 7618 7610
f 7621 7613 5583
f 7622 4400 4399
f 7622 4399 7617
f 7623 7612 7615
f 7623 7619 7612
f 7624 7621 5583
f 7625 7614 7616
f 7625 7620 7614
f 7625 7616 7619
f 7626 7622 7617
f 7627 5583 5582
f 7627 7624 5583
f 7628 7615 7618
f 7628 7623 7615
f 7629 7625 7619
f 7630 7617 7620
f 7630 7626 7617
f 7631 5581 5594
f 7631 5582 5581
f 7631 7627 5582
f 7632 7628 7618
f 7632 7618 7621
f 7633 7629 7619
f 7633 7619 7623
f 7634 4400 7622
f 7635 7630 7620
f 7635 7620 7625
f 7636 7632 7621
f 7636 7621 7624
f 7637 7636 7624
f 7637 7624 7627
f 7638 7634 7622
f 7638 7622 7626
f 7639 7625 7629
f 7639 7635 7625
f 7640 7633 7623
f 7640 7623 7628
f 7641 7631 5594
f 7641 7637 7627
f 7641 7627 7631
f 7642 7640 7628
f 7642 7628 7632
f 7643 7639 7629
f 7643 7629 7633
f 7644 7638 7626
f 7644 7626 7630
f 7644 7630 7635
f 7645 7632 7636
f 7645 7642 7632
f 7646 5587 5586
f 7646 5594 5587
f 7646 7641 5594
f 7647 7644 7635
f 7648 7633 7640
f 7648 7643 7633
f 7649 7636 7637
f 7649 7645 7636
f 7650 5572 5571
f 7650 5586 5572
f 7650 7646 5586
f 7651 7635 7639
f 7651 7647 7635
f 7652 7640 7642
f 7652 7648 7640
f 7653 7637 7641
f 7653 7649 7637
f 7654 4401 4400
f 7654 4400 7634
f 7654 7634 7638
f 7655 7642 7645
f 7655 7652 7642
f 7656 7639 7643
f 7656 7651 7639
f 7657 7641 7646
f 7657 7653 7641
f 7658 7654 7638
f 7658 4401 7654
f 7659 7645 7649
f 7659 7655 7645
f 7660 7656 7643
f 7660 7648 7652
f 7660 7643 7648
f 7661 7650 5571
f 7661 7657 7646
f 7661 7646 7650
f 7662 7653 7657
f 7662 7649 7653
f 7662 7659 7649
f 7663 7638 7644
f 7663 4401 7658
f 7663 7658 7638
f 7664 7660 7652
f 7665 5571 5570
f 7665 7661 5571
f 7666 7662 7657
f 7667 7644 7647
f 7667 7663 7644
f 7668 7664 7652
f 7668 7652 7655
f 7668 7655 7659
f 7669 5570 5585
f 7669 7665 5570
f 7670 7661 7665
f 7670 7657 7661
f 7670 7666 7657
f 7671 7667 7647
f 7671 7647 7651
f 7672 7668 7659
f 7672 7659 7662
f 7673 7672 7662
f 7674 7669 5585
f 7674 5585 7573
f 7674 7573 7574
f 7675 7671 7651
f 7675 7651 7656
f 7676 7670 7665
f 7677 7676 7665
f 7677 7665 7669
f 7678 7662 7666
f 7678 7673 7662
f 7679 4402 4401
f 7680 7675 7656
f 7680 7656 7660
f 7680 7660 7664
f 7681 7666 7670
f 7681 7678 7666
f 7682 7679 4401
f 7682 4402 7679
f 7683 7680 7664
f 7684 7669 7674
f 7684 7677 7669
f 7684 7674 7574
f 7685 7664 7668
f 7685 7683 7664
f 7685 7668 7672
f 7686 7682 4401
f 7686 4401 7663
f 7687 7670 7676
f 7687 7681 7670
f 7688 7684 7574
f 7688 7574 7575
f 7689 7685 7672
f 7690 7676 7677
f 7690 7687 7676
f 7691 7667 7671
f 7691 7663 7667
f 7691 7686 7663
f 7692 7575 7576
f 7692 7576 7577
f 7692 7688 7575
f 7693 7673 7678
f 7693 7672 7673
f 7693 7689 7672
f 7694 7691 7671
f 7695 7690 7677
f 7695 7677 7684
f 7696 7577 7578
f 7696 7578 7579
f 7696 7692 7577
f 7697 7678 7681
f 7697 7693 7678
f 7698 7671 7675
f 7698 7694 7671
f 7699 7695 7684
f 7699 7684 7688
f 7700 7697 7681
f 7700 7681 7687
f 7701 4403 4402
f 7702 7699 7688
f 7702 7688 7692
f 7703 7675 7680
f 7703 7698 7675
f 7704 7700 7687
f 7705 4402 7682
f 7705 4403 7701
f 7705 7682 7686
f 7705 7701 4402
f 7706 7703 7680
f 7706 7680 7683
f 7707 7696 7579
f 7707 7702 7692
f 7707 7692 7696
f 7708 7704 7687
f 7708 7687 7690
f 7709 7683 7685
f 7709 7706 7683
f 7710 7705 7686
f 7711 7707 7579
f 7711 7579 7580
f 7712 7685 7689
f 7712 7709 7685
f 7713 7708 7690
f 7713 7690 7695
f 7714 7710 7686
f 7714 7686 7691
f 7715 7711 7580
f 7715 4309 4308
f 7715 7580 7581
f 7715 7581 4309
f 7716 7712 7689
f 7716 7689 7693
f 7717 7695 7699
f 7717 7699 7702
f 7717 7713 7695
f 7718 7714 7691
f 7718 7691 7694
f 7719 7693 7697
f 7719 7716 7693
f 7720 7717 7702
f 7721 7694 7698
f 7721 7718 7694
f 7721 7698 7703
f 7722 7700 7704
f 7722 7719 7697
f 7722 7697 7700
f 7723 7702 7707
f 7723 7707 7711
f 7723 7720 7702
f 7724 4404 4403
f 7725 7721 7703
f 7726 7722 7704
f 7727 7723 7711
f 7728 7724 4403
f 7728 4403 7705
f 7728 4404 7724
f 7728 7705 7710
f 7729 7703 7706
f 7729 7725 7703
f 7730 7704 7708
f 7730 7726 7704
f 7731 7727 7711
f 7731 7711 7715
f 7731 7715 4308
f 7732 7709 7712
f 7732 7706 7709
f 7732 7729 7706
f 7733 7710 7714
f 7733 7728 7710
f 7734 7732 7712
f 7735 7708 7713
f 7735 7730 7708
f 7736 7733 7714
f 7737 7734 7712
f 7737 7712 7716
f 7738 7735 7713
f 7738 7713 7717
f 7739 7736 7714
f 7739 7714 7718
f 7740 7737 7716
f 7740 7716 7719
f 7741 7717 7720
f 7741 7738 7717
f 7742 7739 7718
f 7742 7718 7721
f 7743 7719 7722
f 7743 7740 7719
f 7744 7741 7720
f 7744 7720 7723
f 7745 4405 4404
f 7746 7742 7721
f 7746 7721 7725
f 7747 7743 7722
f 7747 7722 7726
f 7748 7744 7723
f 7748 7723 7727
f 7749 4404 7728
f 7749 7745 4404
f 7749 4405 7745
f 7750 7729 7732
f 7750 7746 7725
f 7750 7725 7729
f 7751 7747 7726
f 7751 7726 7730
f 7752 7731 4308
f 7752 7748 7727
f 7752 4308 4310
f 7752 4310 4311
f 7752 7727 7731
f 7753 7732 7734
f 7753 7750 7732
f 7754 7728 7733
f 7754 7749 7728
f 7755 7753 7734
f 7756 7730 7735
f 7756 7751 7730
f 7757 7754 7733
f 7757 7733 7736
f 7758 7734 7737
f 7758 7755 7734
f 7759 7735 7738
f 7759 7756 7735
f 7760 7739 7742
f 7760 7757 7736
f 7760 7736 7739
f 7761 7737 7740
f 7761 7758 7737
f 7762 7759 7738
f 7762 7738 7741
f 7763 7760 7742
f 7764 7761 7740
f 7764 7740 7743
f 7765 7762 7741
f 7765 7741 7744
f 7766 4406 4405
f 7767 7742 7746
f 7767 7763 7742
f 7768 7764 7743
f 7768 7743 7747
f 7769 7765 7744
f 7769 7744 7748
f 7770 7766 4405
f 7770 4406 7766
f 7770 4405 7749
f 7771 7746 7750
f 7771 7767 7746
f 7772 7768 7747
f 7772 7747 7751
f 7773 7748 7752
f 7773 7769 7748
f 7773 7752 4311
f 7774 7750 7753
f 7774 7771 7750
f 7775 7770 7749
f 7775 7749 7754
f 7776 7774 7753
f 7776 7753 7755
f 7777 7772 7751
f 7777 7751 7756
f 7778 7754 7757
f 7778 7775 7754
f 7779 7758 7761
f 7779 7776 7755
f 7779 7755 7758
f 7780 7777 7756
f 7780 7759 7762
f 7780 7756 7759
f 7781 7778 7757
f 7781 7757 7760
f 7782 7779 7761
f 7783 7780 7762
f 7784 7760 7763
f 7784 7781 7760
f 7785 7761 7764
f 7785 7782 7761
f 7786 7762 7765
f 7786 7783 7762
f 7787 4407 4406
f 7788 7784 7763
f 7788 7763 7767
f 7789 7785 7764
f 7789 7764 7768
f 7790 7786 7765
f 7790 7765 7769
f 7791 7787 4406
f 7791 4407 7787
f 7791 7770 7775
f 7791 4406 7770
f 7792 7767 7771
f 7792 7788 7767
f 7793 7772 7777
f 7793 7789 7768
f 7793 7768 7772
f 7794 7790 7769
f 7794 7769 7773
f 7794 7773 4311
f 7794 4311 4312
f 7794 4312 4313
f 7795 7792 7771
f 7795 7771 7774
f 7796 7775 7778
f 7796 7791 7775
f 7797 7774 7776
f 7797 7795 7774
f 7798 7793 7777
f 7799 7796 7778
f 7800 7797 7776
f 7800 7776 7779
f 7801 7798 7777
f 7801 7777 7780
f 7802 7799 7778
f 7802 7778 7781
f 7803 7779 7782
f 7803 7782 7785
f 7803 7800 7779
f 7804 7801 7780
f 7804 7780 7783
f 7805 7802 7781
f 7805 7781 7784
f 7806 7803 7785
f 7807 7783 7786
f 7807 7804 7783
f 7808 4408 4407
f 7809 7784 7788
f 7809 7805 7784
f 7810 7806 7785
f 7810 7789 7793
f 7810 7785 7789
f 7811 7807 7786
f 7811 7790 7794
f 7811 7786 7790
f 7812 7808 4407
f 7812 4408 7808
f 7812 4407 7791
f 7813 7809 7788
f 7813 7788 7792
f 7814 7810 7793
f 7815 7811 7794
f 7815 7794 4313
f 7816 7813 7792
f 7816 7792 7795
f 7817 7791 7796
f 7817 7812 7791
f 7818 7795 7797
f 7818 7816 7795
f 7819 7793 7798
f 7819 7814 7793
f 7820 7796 7799
f 7820 7817 7796
f 7821 7818 7797
f 7821 7800 7803
f 7821 7797 7800
f 7822 7819 7798
f 7822 7798 7801
f 7823 7820 7799
f 7823 7799 7802
f 7824 7821 7803
f 7825 7801 7804
f 7825 7822 7801
f 7826 7823 7802
f 7826 7802 7805
f 7827 7803 7806
f 7827 7824 7803
f 7828 7804 7807
f 7828 7825 7804
f 7829 4409 4408
f 7830 7805 7809
f 7830 7809 7813
f 7830 7826 7805
f 7831 7806 7810
f 7831 7827 7806
f 7832 7807 7811
f 7832 7811 7815
f 7832 7828 7807
f 7833 7829 4408
f 7833 4408 7812
f 7833 4409 7829
f 7834 7830 7813
f 7835 7831 7810
f 7835 7810 7814
f 7836 7832 7815
f 7836 7815 4313
f 7836 4313 4314
f 7836 4314 4315
f 7837 7834 7813
f 7837 7813 7816
f 7838 7812 7817
f 7838 7833 7812
f 7839 7816 7818
f 7839 7837 7816
f 7840 7835 7814
f 7840 7819 7822
f 7840 7814 7819
f 7841 7817 7820
f 7841 7838 7817
f 7842 7839 7818
f 7842 7818 7821
f 7843 7840 7822
f 7843 7822 7825
f 7844 7841 7820
f 7844 7820 7823
f 7845 7842 7821
f 7845 7821 7824
f 7846 7843 7825
f 7847 7844 7823
f 7847 7823 7826
f 7848 7845 7824
f 7848 7824 7827
f 7849 7825 7828
f 7849 7846 7825
f 7850 4410 4409
f 7851 7847 7826
f 7851 7826 7830
f 7852 7848 7827
f 7852 7827 7831
f 7853 7832 7836
f 7853 7828 7832
f 7853 7849 7828
f 7854 7850 4409
f 7854 4409 7833
f 7854 4410 7850
f 7855 7851 7830
f 7855 7830 7834
f 7856 7852 7831
f 7856 7831 7835
f 7857 7836 4315
f 7857 7853 7836
f 7858 7834 7837
f 7858 7855 7834
f 7859 7833 7838
f 7859 7854 7833
f 7860 7858 7837
f 7860 7837 7839
f 7861 7835 7840
f 7861 7856 7835
f 7862 7838 7841
f 7862 7859 7838
f 7863 7839 7842
f 7863 7860 7839
f 7864 7840 7843
f 7864 7861 7840
f 7865 7841 7844
f 7865 7844 7847
f 7865 7862 7841
f 7866 7842 7845
f 7866 7863 7842
f 7867 7864 7843
f 7867 7843 7846
f 7867 7846 7849
f 7868 7865 7847
f 7869 7845 7848
f 7869 7866 7845
f 7870 7867 7849
f 7870 7849 7853
f 7871 4411 4410
f 7872 7868 7847
f 7872 7847 7851
f 7872 7851 7855
f 7873 7869 7848
f 7873 7848 7852
f 7874 7870 7853
f 7875 4411 7871
f 7875 4410 7854
f 7875 7871 4410
f 7876 7872 7855
f 7877 7873 7852
f 7877 7852 7856
f 7878 7874 7853
f 7878 7857 4315
f 7878 4315 4316
f 7878 7853 7857
f 7879 7855 7858
f 7879 7876 7855
f 7880 7875 7854
f 7880 7854 7859
f 7881 7879 7858
f 7881 7858 7860
f 7882 7877 7856
f 7882 7856 7861
f 7883 7859 7862
f 7883 7880 7859
f 7884 7863 7866
f 7884 7881 7860
f 7884 7860 7863
f 7885 7864 7867
f 7885 7882 7861
f 7885 7861 7864
f 7886 7883 7862
f 7886 7862 7865
f 7887 7884 7866
f 7888 7885 7867
f 7889 7865 7868
f 7889 7886 7865
f 7890 7869 7873
f 7890 7887 7866
f 7890 7866 7869
f 7891 7867 7870
f 7891 7888 7867
f 7892 4412 4411
f 7893 7868 7872
f 7893 7889 7868
f 7894 7890 7873
f 7895 7891 7870
f 7895 7870 7874
f 7896 7892 4411
f 7896 4411 7875
f 7897 7893 7872
f 7897 7872 7876
f 7897 7876 7879
f 7898 7873 7877
f 7898 7894 7873
f 7899 7874 7878
f 7899 7878 4316
f 7899 4316 4317
f 7899 4317 4318
f 7899 7895 7874
f 7900 7879 7881
f 7900 7897 7879
f 7901 7896 7875
f 7901 7875 7880
f 7902 7900 7881
f 7903 7882 7885
f 7903 7877 7882
f 7903 7898 7877
f 7904 7880 7883
f 7904 7901 7880
f 7905 7902 7881
f 7905 7881 7884
f 7906 7903 7885
f 7906 7885 7888
f 7907 7904 7883
f 7907 7883 7886
f 7908 7905 7884
f 7908 7884 7887
f 7909 7906 7888
f 7910 7886 7889
f 7910 7907 7886
f 7911 7908 7887
f 7911 7887 7890
f 7912 7909 7888
f 7912 7891 7895
f 7912 7888 7891
f 7913 4413 4412
f 7913 7892 7896
f 7913 4412 7892
f 7914 7910 7889
f 7914 7889 7893
f 7915 7911 7890
f 7915 7890 7894
f 7916 7912 7895
f 7917 7913 7896
f 7918 7914 7893
f 7918 7893 7897
f 7919 7915 7894
f 7919 7894 7898
f 7920 7899 4318
f 7920 7895 7899
f 7920 7916 7895
f 7921 7918 7897
f 7921 7897 7900
f 7922 7896 7901
f 7922 7917 7896
f 7923 7900 7902
f 7923 7921 7900
f 7924 7898 7903
f 7924 7919 7898
f 7925 7922 7901
f 7925 7901 7904
f 7926 7902 7905
f 7926 7923 7902
f 7927 7903 7906
f 7927 7924 7903
f 7928 7907 7910
f 7928 7925 7904
f 7928 7904 7907
f 7929 7926 7905
f 7929 7905 7908
f 7930 7906 7909
f 7930 7909 7912
f 7930 7927 7906
f 7931 7928 7910
f 7932 7908 7911
f 7932 7929 7908
f 7933 7930 7912
f 7934 7582 4414
f 7934 4413 7913
f 7934 4414 4413
f 7935 7910 7914
f 7935 7931 7910
f 7936 7911 7915
f 7936 7915 7919
f 7936 7932 7911
f 7937 7912 7916
f 7937 7916 7920
f 7937 7933 7912
f 7938 7913 7917
f 7938 7939 7582
f 7938 7934 7913
f 7938 7582 7934
f 7940 7935 7914
f 7940 7914 7918
f 7940 7918 7921
f 7941 7936 7919
f 7942 7937 7920
f 7942 7920 4318
f 7942 4318 4319
f 7943 7940 7921
f 7944 7938 7917
f 7944 7917 7922
f 7944 7945 7939
f 7944 7939 7938
f 7946 7943 7921
f 7946 7921 7923
f 7946 7923 7926
f 7947 7941 7919
f 7947 7924 7927
f 7947 7919 7924
f 7948 7944 7922
f 7948 7922 7925
f 7948 7949 7945
f 7948 7945 7944
f 7950 7926 7929
f 7950 7946 7926
f 7951 7947 7927
f 7952 7949 7948
f 7952 7948 7925
f 7952 7953 7949
f 7952 7925 7928
f 7954 7950 7929
f 7955 7927 7930
f 7955 7951 7927
f 7955 7930 7933
f 7956 7928 7931
f 7956 7931 7935
f 7956 7953 7952
f 7956 7952 7928
f 7956 7957 7953
f 7958 7929 7932
f 7958 7932 7936
f 7958 7954 7929
f 7959 7955 7933
f 7960 7957 7956
f 7960 7961 7957
f 7960 7956 7935
f 7962 7958 7936
f 7962 7936 7941
f 7963 7933 7937
f 7963 7959 7933
f 7964 7965 7961
f 7964 7961 7960
f 7964 7960 7935
f 7964 7935 7940
f 7966 7962 7941
f 7967 7937 7942
f 7967 7942 4319
f 7967 7963 7937
f 7967 4319 4320
f 7968 7940 7943
f 7968 7969 7965
f 7968 7965 7964
f 7968 7964 7940
f 7970 7968 7943
f 7970 7971 7969
f 7970 7969 7968
f 7970 7943 7946
f 7972 7947 7951
f 7972 7941 7947
f 7972 7966 7941
f 7973 7971 7970
f 7973 7946 7950
f 7973 7970 7946
f 7974 7972 7951
f 7974 7951 7955
f 7975 7950 7954
f 7975 7976 7971
f 7975 7971 7973
f 7975 7973 7950
f 7977 7974 7955
f 7978 7975 7954
f 7978 7979 7976
f 7978 7980 7979
f 7978 7976 7975
f 7978 7954 7958
f 7981 7955 7959
f 7981 7977 7955
f 7982 7980 7978
f 7982 7978 7958
f 7982 7958 7962
f 7983 7981 7959
f 7983 7959 7963
f 7984 7982 7962
f 7984 7985 7980
f 7984 7962 7966
f 7984 7980 7982
f 7986 7983 7963
f 7986 4320 4321
f 7986 7963 7967
f 7986 7967 4320
f 7987 7985 7984
f 7987 7984 7966
f 7987 7988 7985
f 7987 7966 7972
f 7989 7987 7972
f 7989 7988 7987
f 7989 7990 7988
f 7989 7972 7974
f 7991 7974 7977
f 7991 7989 7974
f 7991 7990 7989
f 7991 7992 7990
f 7993 7977 7981
f 7993 7991 7977
f 7993 7992 7991
f 7993 7994 7992
f 7995 7981 7983
f 7995 7993 7981
f 7995 7994 7993
f 7995 7996 7994
f 7997 7983 7986
f 7997 7986 4321
f 7997 7995 7983
f 7997 7996 7995
f 7997 4322 7583
f 7997 7583 7996
f 7997 4321 4322
f 7998 4415 7582
f 7998 4416 4415
f 7999 7582 7939
f 7999 7998 7582
f 8000 7939 7945
f 8000 7999 7939
f 8001 7945 7949
f 8001 7949 7953
f 8001 8000 7945
f 8002 8001 7953
f 8003 7953 7957
f 8003 7957 7961
f 8003 8002 7953
f 8004 8003 7961
f 8005 7961 7965
f 8005 8004 7961
f 8006 7965 7969
f 8006 7969 7971
f 8006 8005 7965
f 8007 8006 7971
f 8008 7971 7976
f 8008 8007 7971
f 8009 7976 7979
f 8009 8008 7976
f 8010 8009 7979
f 8010 7979 7980
f 8010 7980 7985
f 8011 8010 7985
f 8012 8011 7985
f 8012 7985 7988
f 8012 7988 7990
f 8013 8012 7990
f 8014 8013 7990
f 8014 7990 7992
f 8015 7992 7994
f 8015 8014 7992
f 8016 7994 7996
f 8016 8015 7994
f 8017 7996 7583
f 8017 8016 7996
f 4352 7583 4323
f 4352 8017 7583
f 6451 4392 4417
f 4334 6470 4369
f 8018 4416 7998
f 8018 4436 4416
f 8019 7998 7999
f 8019 8018 7998
f 8020 7999 8000
f 8020 8019 7999
f 8021 8000 8001
f 8021 8020 8000
f 8022 8001 8002
f 8022 8021 8001
f 8023 8002 8003
f 8023 8022 8002
f 8024 4436 8018
f 8024 4435 4436
f 8025 8003 8004
f 8025 8023 8003
f 8026 8024 8018
f 8026 8018 8019
f 8027 8004 8005
f 8027 8025 8004
f 8028 8026 8019
f 8028 8019 8020
f 8029 8027 8005
f 8029 8005 8006
f 8030 8020 8021
f 8030 8028 8020
f 8031 8006 8007
f 8031 8029 8006
f 8032 8030 8021
f 8032 8021 8022
f 8033 8007 8008
f 8033 8031 8007
f 8034 8032 8022
f 8034 8022 8023
f 8035 8008 8009
f 8035 8033 8008
f 8036 4435 8024
f 8036 4434 4435
f 8037 8034 8023
f 8037 8023 8025
f 8038 8009 8010
f 8038 8035 8009
f 8039 8024 8026
f 8039 8036 8024
f 8040 8025 8027
f 8040 8037 8025
f 8041 8010 8011
f 8041 8038 8010
f 8042 8039 8026
f 8042 8026 8028
f 8043 8040 8027
f 8043 8027 8029
f 8044 8011 8012
f 8044 8041 8011
f 8045 8028 8030
f 8045 8042 8028
f 8046 8043 8029
f 8046 8029 8031
f 8047 8012 8013
f 8047 8044 8012
f 8048 8045 8030
f 8048 8030 8032
f 8049 8031 8033
f 8049 8046 8031
f 8050 8013 8014
f 8050 8047 8013
f 8051 8048 8032
f 8051 8032 8034
f 8052 8049 8033
f 8052 8033 8035
f 8053 8014 8015
f 8053 8050 8014
f 8054 4434 8036
f 8054 4433 4434
f 8055 8034 8037
f 8055 8051 8034
f 8056 8035 8038
f 8056 8052 8035
f 8057 8015 8016
f 8057 8053 8015
f 8058 8054 8036
f 8058 8036 8039
f 8059 8037 8040
f 8059 8055 8037
f 8060 8038 8041
f 8060 8056 8038
f 8061 8016 8017
f 8061 8017 4352
f 8061 4352 4368
f 8061 8057 8016
f 8062 8039 8042
f 8062 8058 8039
f 8063 8040 8043
f 8063 8059 8040
f 8064 8041 8044
f 8064 8060 8041
f 8065 8042 8045
f 8065 8062 8042
f 8066 8043 8046
f 8066 8063 8043
f 8067 8044 8047
f 8067 8064 8044
f 8068 8065 8045
f 8068 8045 8048
f 8069 8066 8046
f 8069 8046 8049
f 8070 8067 8047
f 8070 8047 8050
f 8071 8048 8051
f 8071 8068 8048
f 8072 8069 8049
f 8072 8049 8052
f 8073 8050 8053
f 8073 8070 8050
f 8074 4433 8054
f 8074 4432 4433
f 8074 4431 4432
f 8075 8051 8055
f 8075 8071 8051
f 8076 8072 8052
f 8076 8052 8056
f 8077 8073 8053
f 8077 8053 8057
f 8078 8054 8058
f 8078 8074 8054
f 8079 8075 8055
f 8079 8055 8059
f 8080 8076 8056
f 8080 8056 8060
f 8081 8077 8057
f 8081 4368 4371
f 8081 8061 4368
f 8081 8057 8061
f 8082 8078 8058
f 8082 8058 8062
f 8083 8079 8059
f 8083 8059 8063
f 8084 8080 8060
f 8084 8060 8064
f 8085 8062 8065
f 8085 8082 8062
f 8086 8063 8066
f 8086 8083 8063
f 8087 8084 8064
f 8087 8064 8067
f 8088 8065 8068
f 8088 8085 8065
f 8089 8069 8072
f 8089 8086 8066
f 8089 8066 8069
f 8090 8067 8070
f 8090 8087 8067
f 8091 8068 8071
f 8091 8088 8068
f 8092 8089 8072
f 8093 8090 8070
f 8093 8070 8073
f 8094 4430 4431
f 8094 4431 8074
f 8095 8071 8075
f 8095 8091 8071
f 8096 8072 8076
f 8096 8076 8080
f 8096 8092 8072
f 8097 8073 8077
f 8097 8093 8073
f 8098 8074 8078
f 8098 8094 8074
f 8099 8075 8079
f 8099 8095 8075
f 8100 8096 8080
f 8101 8077 8081
f 8101 8081 4371
f 8101 4371 4374
f 8101 4374 4376
f 8101 8097 8077
f 8102 8078 8082
f 8102 8082 8085
f 8102 8098 8078
f 8103 8079 8083
f 8103 8099 8079
f 8104 8080 8084
f 8104 8084 8087
f 8104 8100 8080
f 8105 8102 8085
f 8106 8103 8083
f 8106 8083 8086
f 8107 8104 8087
f 8108 8085 8088
f 8108 8105 8085
f 8108 8088 8091
f 8109 8086 8089
f 8109 8106 8086
f 8110 8090 8093
f 8110 8087 8090
f 8110 8107 8087
f 8111 8108 8091
f 8111 8091 8095
f 8112 8109 8089
f 8112 8089 8092
f 8113 8110 8093
f 8114 4430 8094
f 8115 8111 8095
f 8116 8112 8092
f 8116 8092 8096
f 8117 8093 8097
f 8117 8113 8093
f 8118 8094 8098
f 8118 8098 8102
f 8118 8114 8094
f 8119 8115 8095
f 8119 8095 8099
f 8120 8096 8100
f 8120 8116 8096
f 8121 8117 8097
f 8121 4376 4380
f 8121 8097 8101
f 8121 8101 4376
f 8122 8118 8102
f 8123 8099 8103
f 8123 8119 8099
f 8124 8100 8104
f 8124 8120 8100
f 8125 8102 8105
f 8125 8105 8108
f 8125 8122 8102
f 8126 8103 8106
f 8126 8123 8103
f 8127 8124 8104
f 8127 8104 8107
f 8128 8125 8108
f 8129 8106 8109
f 8129 8126 8106
f 8130 8107 8110
f 8130 8127 8107
f 8131 8108 8111
f 8131 8128 8108
f 8132 8109 8112
f 8132 8129 8109
f 8133 8110 8113
f 8133 8130 8110
f 8134 4430 8114
f 8134 4429 4430
f 8135 8111 8115
f 8135 8115 8119
f 8135 8131 8111
f 8136 8132 8112
f 8136 8112 8116
f 8137 8113 8117
f 8137 8133 8113
f 8138 8134 8114
f 8138 8114 8118
f 8139 8135 8119
f 8140 8116 8120
f 8140 8136 8116
f 8141 8117 8121
f 8141 8121 4380
f 8141 8137 8117
f 8142 8118 8122
f 8142 8138 8118
f 8143 8139 8119
f 8143 8119 8123
f 8143 8123 8126
f 8144 8140 8120
f 8144 8124 8127
f 8144 8120 8124
f 8145 8142 8122
f 8145 8125 8128
f 8145 8122 8125
f 8146 8143 8126
f 8147 8144 8127
f 8148 8145 8128
f 8149 8146 8126
f 8149 8126 8129
f 8150 8147 8127
f 8150 8127 8130
f 8151 8148 8128
f 8151 8128 8131
f 8152 8149 8129
f 8152 8129 8132
f 8153 8130 8133
f 8153 8150 8130
f 8154 4428 4429
f 8154 4429 8134
f 8155 8131 8135
f 8155 8151 8131
f 8156 8152 8132
f 8156 8132 8136
f 8157 8133 8137
f 8157 8153 8133
f 8158 8134 8138
f 8158 8154 8134
f 8159 8135 8139
f 8159 8155 8135
f 8160 8136 8140
f 8160 8156 8136
f 8161 8137 8141
f 8161 8141 4380
f 8161 8157 8137
f 8161 4380 4381
f 8162 8142 8145
f 8162 8138 8142
f 8162 8158 8138
f 8163 8139 8143
f 8163 8159 8139
f 8164 8140 8144
f 8164 8160 8140
f 8165 8162 8145
f 8166 8146 8149
f 8166 8143 8146
f 8166 8163 8143
f 8167 8144 8147
f 8167 8164 8144
f 8168 8145 8148
f 8168 8165 8145
f 8169 8166 8149
f 8170 8147 8150
f 8170 8150 8153
f 8170 8167 8147
f 8171 8168 8148
f 8171 8148 8151
f 8172 8149 8152
f 8172 8169 8149
f 8173 8170 8153
f 8173 8153 8157
f 8174 4428 8154
f 8174 4427 4428
f 8174 8154 8158
f 8175 8151 8155
f 8175 8171 8151
f 8176 8172 8152
f 8176 8152 8156
f 8177 8173 8157
f 8178 8174 8158
f 8178 8158 8162
f 8179 8175 8155
f 8179 8155 8159
f 8180 8176 8156
f 8180 8156 8160
f 8181 8177 8157
f 8181 4381 4383
f 8181 8157 8161
f 8181 8161 4381
f 8182 8178 8162
f 8183 8179 8159
f 8183 8159 8163
f 8184 8180 8160
f 8184 8160 8164
f 8185 8165 8168
f 8185 8182 8162
f 8185 8162 8165
f 8186 8163 8166
f 8186 8183 8163
f 8187 8184 8164
f 8187 8164 8167
f 8188 8185 8168
f 8189 8166 8169
f 8189 8186 8166
f 8190 8187 8167
f 8190 8170 8173
f 8190 8167 8170
f 8191 8168 8171
f 8191 8171 8175
f 8191 8188 8168
f 8192 8169 8172
f 8192 8189 8169
f 8193 8190 8173
f 8194 4426 4427
f 8194 4427 8174
f 8194 8174 8178
f 8195 8191 8175
f 8196 8172 8176
f 8196 8176 8180
f 8196 8192 8172
f 8197 8173 8177
f 8197 8193 8173
f 8198 8194 8178
f 8199 8175 8179
f 8199 8179 8183
f 8199 8195 8175
f 8200 8196 8180
f 8201 8197 8177
f 8201 8177 8181
f 8201 8181 4383
f 8201 4383 4386
f 8202 8198 8178
f 8202 8178 8182
f 8203 8199 8183
f 8204 8200 8180
f 8204 8180 8184
f 8205 8202 8182
f 8205 8182 8185
f 8206 8203 8183
f 8206 8183 8186
f 8206 8186 8189
f 8207 8204 8184
f 8207 8184 8187
f 8208 8185 8188
f 8208 8205 8185
f 8209 8206 8189
f 8210 8187 8190
f 8210 8207 8187
f 8211 8208 8188
f 8211 8188 8191
f 8212 8209 8189
f 8212 8189 8192
f 8213 8210 8190
f 8213 8190 8193
f 8214 4425 4426
f 8214 4426 8194
f 8215 8191 8195
f 8215 8211 8191
f 8216 8212 8192
f 8216 8192 8196
f 8217 8213 8193
f 8217 8193 8197
f 8218 8194 8198
f 8218 8198 8202
f 8218 8214 8194
f 8219 8215 8195
f 8219 8195 8199
f 8220 8200 8204
f 8220 8216 8196
f 8220 8196 8200
f 8221 8201 4386
f 8221 8217 8197
f 8221 4386 4388
f 8221 8197 8201
f 8222 8218 8202
f 8223 8199 8203
f 8223 8219 8199
f 8224 8220 8204
f 8225 8222 8202
f 8225 8202 8205
f 8226 8223 8203
f 8226 8203 8206
f 8227 8204 8207
f 8227 8224 8204
f 8227 8207 8210
f 8228 8205 8208
f 8228 8225 8205
f 8229 8206 8209
f 8229 8226 8206
f 8230 8227 8210
f 8231 8208 8211
f 8231 8228 8208
f 8232 8209 8212
f 8232 8229 8209
f 8233 8210 8213
f 8233 8230 8210
f 8234 4424 4425
f 8234 4423 4424
f 8234 4425 8214
f 8235 8211 8215
f 8235 8231 8211
f 8236 8212 8216
f 8236 8232 8212
f 8237 8213 8217
f 8237 8233 8213
f 8238 8234 8214
f 8238 8214 8218
f 8239 8215 8219
f 8239 8219 8223
f 8239 8235 8215
f 8240 8236 8216
f 8240 8216 8220
f 8241 8217 8221
f 8241 8237 8217
f 8241 8221 4388
f 8241 4388 4390
f 8242 8218 8222
f 8242 8238 8218
f 8243 8239 8223
f 8244 8240 8220
f 8244 8220 8224
f 8245 8242 8222
f 8245 8225 8228
f 8245 8222 8225
f 8246 8226 8229
f 8246 8223 8226
f 8246 8243 8223
f 8247 8224 8227
f 8247 8244 8224
f 8248 8245 8228
f 8249 8246 8229
f 8250 8227 8230
f 8250 8247 8227
f 8251 8248 8228
f 8251 8228 8231
f 8252 8229 8232
f 8252 8249 8229
f 8253 8230 8233
f 8253 8250 8230
f 8253 8233 8237
f 8254 4423 8234
f 8255 8251 8231
f 8255 8231 8235
f 8256 8236 8240
f 8256 8232 8236
f 8256 8252 8232
f 8257 8253 8237
f 8258 8254 8234
f 8258 8234 8238
f 8259 8255 8235
f 8259 8235 8239
f 8260 8256 8240
f 8261 8241 4390
f 8261 8237 8241
f 8261 4390 4391
f 8261 8257 8237
f 8262 8238 8242
f 8262 8258 8238
f 8263 8239 8243
f 8263 8259 8239
f 8264 8240 8244
f 8264 8260 8240
f 8265 8242 8245
f 8265 8262 8242
f 8266 8243 8246
f 8266 8263 8243
f 8267 8244 8247
f 8267 8247 8250
f 8267 8264 8244
f 8268 8245 8248
f 8268 8265 8245
f 8269 8246 8249
f 8269 8249 8252
f 8269 8266 8246
f 8270 8267 8250
f 8271 8268 8248
f 8271 8248 8251
f 8272 8269 8252
f 8273 8270 8250
f 8273 8250 8253
f 8274 4422 4423
f 8274 4423 8254
f 8275 8251 8255
f 8275 8271 8251
f 8276 8272 8252
f 8276 8252 8256
f 8277 8253 8257
f 8277 8273 8253
f 8278 8274 8254
f 8278 8254 8258
f 8279 8255 8259
f 8279 8275 8255
f 8280 8276 8256
f 8280 8256 8260
f 8281 8277 8257
f 8281 4391 4389
f 8281 4389 4387
f 8281 8261 4391
f 8281 8257 8261
f 8282 8262 8265
f 8282 8258 8262
f 8282 8278 8258
f 8283 8279 8259
f 8283 8259 8263
f 8284 8280 8260
f 8284 8260 8264
f 8285 8282 8265
f 8286 8283 8263
f 8286 8263 8266
f 8287 8284 8264
f 8287 8264 8267
f 8288 8265 8268
f 8288 8285 8265
f 8289 8266 8269
f 8289 8286 8266
f 8290 8267 8270
f 8290 8287 8267
f 8291 8268 8271
f 8291 8288 8268
f 8292 8269 8272
f 8292 8289 8269
f 8293 8270 8273
f 8293 8290 8270
f 8294 4422 8274
f 8294 4421 4422
f 8294 4420 4421
f 8295 8271 8275
f 8295 8291 8271
f 8296 8272 8276
f 8296 8292 8272
f 8297 8293 8273
f 8297 8273 8277
f 8298 8294 8274
f 8298 8274 8278
f 8298 8278 8282
f 8299 8275 8279
f 8299 8295 8275
f 8300 8276 8280
f 8300 8280 8284
f 8300 8296 8276
f 8301 8297 8277
f 8301 8277 8281
f 8301 4387 4385
f 8301 8281 4387
f 8302 8298 8282
f 8303 8299 8279
f 8303 8279 8283
f 8304 8284 8287
f 8304 8300 8284
f 8305 8302 8282
f 8305 8282 8285
f 8306 8283 8286
f 8306 8303 8283
f 8307 8304 8287
f 8308 8305 8285
f 8308 8285 8288
f 8309 8286 8289
f 8309 8306 8286
f 8310 8307 8287
f 8310 8287 8290
f 8311 8288 8291
f 8311 8308 8288
f 8312 8309 8289
f 8312 8289 8292
f 8313 8293 8297
f 8313 8310 8290
f 8313 8290 8293
f 8314 4420 8294
f 8315 8291 8295
f 8315 8295 8299
f 8315 8311 8291
f 8316 8292 8296
f 8316 8312 8292
f 8317 8313 8297
f 8318 8314 8294
f 8318 8294 8298
f 8319 8299 8303
f 8319 8315 8299
f 8320 8296 8300
f 8320 8316 8296
f 8321 8301 4385
f 8321 8317 8297
f 8321 4385 4382
f 8321 8297 8301
f 8322 8298 8302
f 8322 8318 8298
f 8322 8302 8305
f 8323 8319 8303
f 8324 8320 8300
f 8324 8300 8304
f 8325 8322 8305
f 8326 8323 8303
f 8326 8306 8309
f 8326 8303 8306
f 8327 8304 8307
f 8327 8324 8304
f 8328 8305 8308
f 8328 8325 8305
f 8329 8326 8309
f 8330 8307 8310
f 8330 8327 8307
f 8331 8328 8308
f 8331 8308 8311
f 8332 8309 8312
f 8332 8329 8309
f 8333 8310 8313
f 8333 8330 8310
f 8334 4419 4420
f 8334 8314 8318
f 8334 4420 8314
f 8335 8315 8319
f 8335 8331 8311
f 8335 8311 8315
f 8336 8312 8316
f 8336 8332 8312
f 8337 8313 8317
f 8337 8333 8313
f 8338 8334 8318
f 8338 8318 8322
f 8339 8335 8319
f 8340 8316 8320
f 8340 8320 8324
f 8340 8336 8316
f 8341 8337 8317
f 8341 8317 8321
f 8341 8321 4382
f 8342 8338 8322
f 8343 8339 8319
f 8343 8319 8323
f 8344 8324 8327
f 8344 8340 8324
f 8345 8342 8322
f 8345 8322 8325
f 8346 8343 8323
f 8346 8323 8326
f 8347 8344 8327
f 8348 8345 8325
f 8348 8325 8328
f 8348 8328 8331
f 8349 8346 8326
f 8349 8326 8329
f 8350 8330 8333
f 8350 8347 8327
f 8350 8327 8330
f 8351 8348 8331
f 8352 8349 8329
f 8352 8329 8332
f 8353 8333 8337
f 8353 8350 8333
f 8354 8334 8338
f 8354 4419 8334
f 8354 4418 4419
f 8355 8351 8331
f 8355 8331 8335
f 8356 8352 8332
f 8356 8332 8336
f 8357 8353 8337
f 8358 8354 8338
f 8358 8338 8342
f 8359 8335 8339
f 8359 8355 8335
f 8359 8339 8343
f 8360 8336 8340
f 8360 8356 8336
f 8360 8340 8344
f 8361 8337 8341
f 8361 8341 4382
f 8361 8357 8337
f 8361 4382 4379
f 8362 8342 8345
f 8362 8358 8342
f 8363 8359 8343
f 8363 8343 8346
f 8364 8360 8344
f 8365 8362 8345
f 8366 8346 8349
f 8366 8363 8346
f 8367 8344 8347
f 8367 8364 8344
f 8368 8345 8348
f 8368 8348 8351
f 8368 8365 8345
f 8369 8366 8349
f 8370 8347 8350
f 8370 8367 8347
f 8371 8368 8351
f 8372 8369 8349
f 8372 8349 8352
f 8373 8370 8350
f 8373 8350 8353
f 8374 6451 4417
f 8374 4418 8354
f 8374 4417 4418
f 8375 8371 8351
f 8375 8351 8355
f 8376 8356 8360
f 8376 8352 8356
f 8376 8372 8352
f 8377 8353 8357
f 8377 8373 8353
f 8378 6451 8374
f 8378 6452 6451
f 8378 8354 8358
f 8378 8374 8354
f 8379 8375 8355
f 8379 8359 8363
f 8379 8355 8359
f 8380 8376 8360
f 8381 8377 8357
f 8381 4379 4377
f 8381 4377 4375
f 8381 8357 8361
f 8381 8361 4379
f 8382 6452 8378
f 8382 8378 8358
f 8382 6453 6452
f 8382 8358 8362
f 8383 8379 8363
f 8384 8364 8367
f 8384 8380 8360
f 8384 8360 8364
f 8385 6453 8382
f 8385 6454 6453
f 8385 8382 8362
f 8385 8362 8365
f 8386 8383 8363
f 8386 8363 8366
f 8387 8384 8367
f 8388 6454 8385
f 8388 6455 6454
f 8388 8385 8365
f 8388 8365 8368
f 8389 8386 8366
f 8389 8366 8369
f 8390 8370 8373
f 8390 8387 8367
f 8390 8367 8370
f 8391 6455 8388
f 8391 8368 8371
f 8391 6456 6455
f 8391 8388 8368
f 8392 8389 8369
f 8392 8369 8372
f 8393 8390 8373
f 8394 8391 8371
f 8394 8371 8375
f 8394 6457 6456
f 8394 6456 8391
f 8395 8372 8376
f 8395 8392 8372
f 8395 8376 8380
f 8396 8373 8377
f 8396 8377 8381
f 8396 8393 8373
f 8397 8394 8375
f 8397 8375 8379
f 8397 6458 6457
f 8397 6457 8394
f 8398 8395 8380
f 8399 4375 4373
f 8399 8396 8381
f 8399 8381 4375
f 8400 8379 8383
f 8400 6458 8397
f 8400 6459 6458
f 8400 8397 8379
f 8401 8398 8380
f 8401 8380 8384
f 8402 8383 8386
f 8402 6459 8400
f 8402 6460 6459
f 8402 8400 8383
f 8403 8384 8387
f 8403 8401 8384
f 8404 8402 8386
f 8404 8386 8389
f 8404 6460 8402
f 8404 6461 6460
f 8405 8387 8390
f 8405 8390 8393
f 8405 8403 8387
f 8406 8404 8389
f 8406 6461 8404
f 8406 6462 6461
f 8406 8389 8392
f 8407 8405 8393
f 8408 6462 8406
f 8408 8406 8392
f 8408 6463 6462
f 8408 8392 8395
f 8409 8393 8396
f 8409 8407 8393
f 8410 6463 8408
f 8410 8408 8395
f 8410 6464 6463
f 8410 6465 6464
f 8410 8395 8398
f 8411 8409 8396
f 8411 4373 4369
f 8411 8399 4373
f 8411 8396 8399
f 8412 8410 8398
f 8412 6465 8410
f 8412 8398 8401
f 8413 8401 8403
f 8413 6465 8412
f 8413 8412 8401
f 8413 6466 6465
f 8414 8403 8405
f 8414 8413 8403
f 8414 6466 8413
f 8414 6467 6466
f 8415 8405 8407
f 8415 8414 8405
f 8415 6467 8414
f 8415 6468 6467
f 8416 8407 8409
f 8416 8415 8407
f 8416 6468 8415
f 8416 6469 6468
f 8417 8416 8409
f 8417 8411 4369
f 8417 8409 8411
f 8417 6469 8416
f 8417 4369 6470
f 8417 6470 6469
f 4605 2921 6443
f 4605 6443 8418
f 4629 8419 4627
f 4629 8420 8419
f 4629 8421 8420
f 4669 8421 4629
f 4690 8422 8421
f 4690 8421 4669
f 4691 8423 8422
f 4691 8422 4690
f 4732 8424 8423
f 4732 8423 4691
f 4753 8425 8424
f 4753 8424 4732
f 4774 8426 8425
f 4774 8425 4753
f 4795 8427 8426
f 4795 8428 8427
f 4795 8426 4774
f 4816 8428 4795
f 4837 8429 8428
f 4837 8428 4816
f 4858 8430 8429
f 4858 8431 8430
f 4858 8429 4837
f 4879 8432 8431
f 4879 8431 4858
f 4900 8432 4879
f 4901 8432 4900
f 4901 8433 8432
f 4901 8434 8433
f 4942 8434 4901
f 4963 8434 4942
f 4963 8435 8434
f 4964 8435 4963
f 4964 8436 8435
f 5005 8436 4964
f 5005 8437 8436
f 5026 8438 8437
f 5026 8437 5005
f 5047 8439 8438
f 5047 8438 5026
f 4605 8439 5047
f 4605 8418 8439
f 5067 4627 8419
f 5067 8419 8440
f 5091 8441 5089
f 5091 8442 8441
f 5131 8443 8442
f 5131 8442 5091
f 5152 8444 8443
f 5152 8443 5131
f 5153 8445 8444
f 5153 8444 5152
f 5194 8446 8445
f 5194 8445 5153
f 5215 8447 8446
f 5215 8448 8447
f 5215 8446 5194
f 5236 8448 5215
f 5257 8449 8448
f 5257 8448 5236
f 5278 8450 8449
f 5278 8449 5257
f 5279 8451 8450
f 5279 8450 5278
f 5320 8452 8451
f 5320 8451 5279
f 5341 8453 8452
f 5341 8452 5320
f 5362 8453 5341
f 5362 8454 8453
f 5362 8455 8454
f 5363 8455 5362
f 5384 8455 5363
f 5384 8456 8455
f 5425 8456 5384
f 5425 8457 8456
f 5446 8457 5425
f 5446 8458 8457
f 5447 8458 5446
f 5447 8459 8458
f 5488 8460 8459
f 5488 8459 5447
f 5509 8461 8460
f 5509 8460 5488
f 5067 8461 5509
f 5067 8440 8461
f 5089 7533 5529
f 5089 8441 7533
f 8462 6131 6130
f 8463 8462 6130
f 8463 6130 6129
f 8464 6131 8462
f 8464 6132 6131
f 8465 6129 6128
f 8465 8463 6129
f 8466 6132 8464
f 8466 6133 6132
f 8467 6128 6127
f 8467 8465 6128
f 8468 6134 6133
f 8468 6133 8466
f 8469 6127 6126
f 8469 8467 6127
f 8470 6135 6134
f 8470 6134 8468
f 8471 6126 6125
f 8471 8469 6126
f 8472 6136 6135
f 8472 6135 8470
f 8473 6125 6119
f 8473 8471 6125
f 8474 6137 6136
f 8474 6136 8472
f 8475 8473 6119
f 8476 6138 6137
f 8476 6137 8474
f 8477 8475 6119
f 8478 6139 6138
f 8478 6138 8476
f 8479 8477 6119
f 8480 6140 6139
f 8480 6139 8478
f 8481 8479 6119
f 8482 6141 6140
f 8482 6140 8480
f 8483 8481 6119
f 8483 6119 6121
f 8484 6142 6141
f 8484 6141 8482
f 8485 8483 6121
f 8486 6143 6142
f 8486 6142 8484
f 8487 8485 6121
f 8488 6144 6143
f 8488 6143 8486
f 8489 8487 6121
f 8490 6145 6144
f 8490 6144 8488
f 8491 8489 6121
f 8492 6121 6199
f 8492 8491 6121
f 8493 6146 6145
f 8493 6145 8490
f 8494 6199 6198
f 8494 8492 6199
f 8495 6147 6146
f 8495 6146 8493
f 8496 8494 6198
f 8496 6198 6197
f 8497 6148 6147
f 8497 6147 8495
f 8498 8496 6197
f 8498 6197 6196
f 8499 6149 6148
f 8499 6148 8497
f 8500 6196 6195
f 8500 8498 6196
f 8501 6149 8499
f 8501 6150 6149
f 8502 6195 6194
f 8502 8500 6195
f 8503 6151 6150
f 8503 6150 8501
f 8504 8502 6194
f 8505 6151 8503
f 6152 6151 8505
f 6193 8504 6194
f 8506 8504 6193
f 8507 6152 8505
f 6153 6152 8507
f 6153 8507 8508
f 6192 8509 8506
f 6192 8506 6193
f 6154 6153 8508
f 6154 8508 8510
f 6191 8511 8509
f 6191 8509 6192
f 6155 6154 8510
f 6155 8510 8512
f 6190 8513 8511
f 6190 8511 6191
f 6156 8512 8514
f 6156 6155 8512
f 6189 8515 8513
f 6189 8513 6190
f 6157 6156 8514
f 6157 8514 8516
f 6188 8517 8515
f 6188 8515 6189
f 6158 6157 8516
f 6158 8516 8518
f 6187 8519 8517
f 6187 8517 6188
f 6159 8518 8520
f 6159 6158 8518
f 6186 8521 8519
f 6186 8519 6187
f 6160 6159 8520
f 6160 8520 8522
f 6185 8521 6186
f 6185 8523 8521
f 6161 8522 8524
f 6161 6160 8522
f 6184 8523 6185
f 6184 8525 8523
f 6162 6161 8524
f 6183 8525 6184
f 6183 8526 8525
f 6163 6162 8524
f 6163 8524 8527
f 6182 8526 6183
f 6182 8528 8526
f 6164 8527 8529
f 6164 6163 8527
f 6181 8528 6182
f 6181 8530 8528
f 6165 6164 8529
f 6165 8529 8531
f 6180 8530 6181
f 6180 8532 8530
f 6166 6165 8531
f 6166 8531 8533
f 6179 8532 6180
f 6179 8534 8532
f 6167 8533 8535
f 6167 6166 8533
f 6178 8534 6179
f 6178 8536 8534
f 6168 6167 8535
f 6168 8535 8537
f 6177 8536 6178
f 6177 8538 8536
f 6169 6168 8537
f 6169 8537 8539
f 6176 8538 6177
f 6176 8540 8538
f 6170 6169 8539
f 6170 8539 8541
f 6175 8540 6176
f 6175 8542 8540
f 6171 6170 8541
f 6171 8541 8543
f 6174 8542 6175
f 6174 8544 8542
f 6172 6171 8543
f 6172 8543 8545
f 6173 8544 6174
f 6173 6172 8545
f 6173 8545 8544
f 8546 6249 6248
f 8547 6248 6247
f 8547 8546 6248
f 8548 6250 6249
f 8548 6249 8546
f 8549 8547 6247
f 8549 6247 6246
f 8550 6250 8548
f 8550 6251 6250
f 8551 8549 6246
f 8551 6246 6245
f 8552 6252 6251
f 8552 6251 8550
f 8553 8551 6245
f 8553 6245 6244
f 8554 6252 8552
f 8554 6253 6252
f 8555 8553 6244
f 8555 6244 6243
f 8556 6254 6253
f 8556 6253 8554
f 8557 8555 6243
f 8557 6243 6242
f 8558 6255 6254
f 8558 6254 8556
f 8559 8557 6242
f 8559 6242 6241
f 8560 6255 8558
f 8560 6256 6255
f 8561 6241 6240
f 8561 8559 6241
f 8562 6256 8560
f 8562 6257 6256
f 8563 6240 6239
f 8563 8561 6240
f 8564 6257 8562
f 8564 6258 6257
f 8565 8563 6239
f 8565 6239 6238
f 8566 6258 8564
f 8566 6259 6258
f 8567 8565 6238
f 8567 6237 6236
f 8567 6238 6237
f 8568 6260 6259
f 8568 6259 8566
f 8569 6236 6235
f 8569 8567 6236
f 8570 6260 8568
f 8570 6261 6260
f 8571 6235 6234
f 8571 8569 6235
f 8572 6262 6261
f 8572 6261 8570
f 8573 8571 6234
f 8573 6234 6233
f 8574 6233 6232
f 8574 8573 6233
f 8575 6263 6262
f 8575 6262 8572
f 8576 6232 6231
f 8576 8574 6232
f 8577 6264 6263
f 8577 6263 8575
f 8578 6231 6230
f 8578 8576 6231
f 8579 6265 6264
f 8579 6264 8577
f 8580 6230 6229
f 8580 8578 6230
f 8581 6265 8579
f 8581 6266 6265
f 8582 6229 6228
f 8582 8580 6229
f 8583 6266 8581
f 8583 6267 6266
f 8584 8582 6228
f 8585 6267 8583
f 6268 6267 8585
f 6227 8584 6228
f 8586 8584 6227
f 8587 6268 8585
f 6269 6268 8587
f 6269 8587 8588
f 6226 8589 8586
f 6226 8586 6227
f 6270 6269 8588
f 6270 8588 8590
f 6225 8591 8589
f 6225 8589 6226
f 6271 6270 8590
f 6271 8590 8592
f 6224 8593 8591
f 6224 8591 6225
f 6272 8592 8594
f 6272 6271 8592
f 6223 8595 8593
f 6223 8593 6224
f 6273 6272 8594
f 6273 8594 8596
f 6222 8597 8595
f 6222 8595 6223
f 6274 6273 8596
f 6274 8596 8598
f 6221 8599 8597
f 6221 8597 6222
f 6122 8598 8600
f 6122 8600 8601
f 6122 8601 8602
f 6122 8602 8603
f 6122 8603 8604
f 6122 6274 8598
f 6220 8605 8599
f 6220 8599 6221
f 6219 8606 8605
f 6219 8605 6220
f 6218 8607 8606
f 6218 8606 6219
f 6217 8607 6218
f 6217 8608 8607
f 6216 8608 6217
f 6216 8609 8608
f 6215 8609 6216
f 6215 8610 8609
f 6214 8610 6215
f 6214 8611 8610
f 6213 8611 6214
f 6213 8612 8611
f 6212 8612 6213
f 6212 8613 8612
f 6124 8604 8614
f 6124 8614 8615
f 6124 8615 8616
f 6124 8616 8617
f 6124 8617 8618
f 6124 6122 8604
f 6211 8613 6212
f 6211 8619 8613
f 6200 8618 8620
f 6200 6124 8618
f 6210 8619 6211
f 6210 8621 8619
f 6201 6200 8620
f 6201 8620 8622
f 6209 8621 6210
f 6209 8623 8621
f 6202 6201 8622
f 6202 8622 8624
f 6208 8623 6209
f 6208 8625 8623
f 6203 6202 8624
f 6203 8624 8626
f 6207 8625 6208
f 6207 8627 8625
f 6204 6203 8626
f 6204 8626 8628
f 6206 8627 6207
f 6206 8629 8627
f 6205 6204 8628
f 6205 8629 6206
f 6205 8628 8629
f 6475 8630 8418
f 6475 8418 6443
f 6477 8631 8630
f 6477 8630 6475
f 6479 8632 8631
f 6479 8633 8632
f 6479 8631 6477
f 6481 8633 6479
f 6484 8634 8633
f 6484 8635 8634
f 6484 8633 6481
f 6486 8635 6484
f 6488 8636 8635
f 6488 8635 6486
f 6490 8637 8636
f 6490 8636 6488
f 6492 8638 8637
f 6492 8637 6490
f 6495 8639 8638
f 6495 8638 6492
f 6497 8640 8639
f 6497 8639 6495
f 6499 8641 8640
f 6499 8640 6497
f 6501 8641 6499
f 6501 8642 8641
f 6504 8642 6501
f 6504 8643 8642
f 6506 8643 6504
f 6506 8644 8643
f 6506 8645 8644
f 6508 8645 6506
f 6511 8645 6508
f 6511 8646 8645
f 6513 8647 8646
f 6513 8646 6511
f 6515 8648 8647
f 6515 8647 6513
f 6473 8649 8648
f 6473 6904 8649
f 6473 8648 6515
f 6472 6904 6473
f 8650 8651 8440
f 8650 8440 8419
f 8652 8653 8651
f 8652 8651 8650
f 8654 8655 8653
f 8654 8653 8652
f 8656 8657 8655
f 8656 8655 8654
f 8658 8659 8657
f 8658 8657 8656
f 8660 8661 8659
f 8660 8659 8658
f 8662 8663 8661
f 8662 8661 8660
f 8664 8665 8663
f 8664 8663 8662
f 8666 8667 8665
f 8666 8665 8664
f 8668 8669 8667
f 8668 8667 8666
f 8670 8671 8669
f 8670 8669 8668
f 8672 8673 8671
f 8672 8671 8670
f 8674 8673 8672
f 8674 8675 8673
f 8676 8675 8674
f 8676 8677 8675
f 8678 8677 8676
f 8678 8679 8677
f 8680 8679 8678
f 8680 8681 8679
f 8682 8681 8680
f 8682 8683 8681
f 8684 8685 8683
f 8684 8683 8682
f 8686 8687 8685
f 8686 8685 8684
f 8688 8689 8687
f 8688 8687 8686
f 7036 7069 8689
f 7036 8689 8688
f 7069 7080 8689
f 8690 8691 8441
f 8690 8441 8442
f 8692 8693 8691
f 8692 8691 8690
f 8694 8695 8693
f 8694 8693 8692
f 8696 8697 8695
f 8696 8695 8694
f 8698 8699 8697
f 8698 8697 8696
f 8700 8701 8699
f 8700 8699 8698
f 8702 8703 8701
f 8702 8701 8700
f 8704 8705 8703
f 8704 8703 8702
f 8706 8707 8705
f 8706 8705 8704
f 8708 8709 8707
f 8708 8707 8706
f 8710 8711 8709
f 8710 8709 8708
f 8712 8713 8711
f 8712 8711 8710
f 8714 8715 8713
f 8714 8713 8712
f 8716 8717 8715
f 8716 8715 8714
f 8718 8717 8716
f 8718 8719 8717
f 8720 8719 8718
f 8720 8721 8719
f 8722 8723 8721
f 8722 8721 8720
f 8724 8725 8723
f 8724 8723 8722
f 8726 8725 8724
f 8726 8727 8725
f 8728 8729 8727
f 8728 7068 8729
f 8728 8727 8726
f 8728 7079 7068
f 8730 8690 8442
f 8730 8442 8443
f 8731 8692 8690
f 8731 8690 8730
f 8732 8694 8692
f 8732 8692 8731
f 8733 8696 8694
f 8733 8694 8732
f 8734 8696 8733
f 8734 8698 8696
f 8735 8698 8734
f 8735 8700 8698
f 8736 8700 8735
f 8736 8702 8700
f 8737 8702 8736
f 8737 8704 8702
f 8738 8706 8704
f 8738 8704 8737
f 8739 8706 8738
f 8739 8708 8706
f 8740 8710 8708
f 8740 8708 8739
f 8741 8710 8740
f 8741 8712 8710
f 8742 8712 8741
f 8742 8714 8712
f 8743 8716 8714
f 8743 8714 8742
f 8744 8718 8716
f 8744 8716 8743
f 8745 8720 8718
f 8745 8718 8744
f 8746 8722 8720
f 8746 8720 8745
f 8747 8724 8722
f 8747 8722 8746
f 8748 8726 8724
f 8748 8724 8747
f 8749 7079 8728
f 8749 7084 7079
f 8749 8728 8726
f 8749 8726 8748
f 8750 8730 8443
f 8750 8443 8444
f 8750 8444 8445
f 8751 8731 8730
f 8751 8730 8750
f 8752 8731 8751
f 8752 8732 8731
f 8753 8732 8752
f 8753 8733 8732
f 8754 8734 8733
f 8754 8733 8753
f 8755 8735 8734
f 8755 8734 8754
f 8756 8736 8735
f 8756 8735 8755
f 8757 8737 8736
f 8757 8736 8756
f 8758 8738 8737
f 8758 8737 8757
f 8759 8739 8738
f 8759 8738 8758
f 8760 8739 8759
f 8760 8740 8739
f 8761 8740 8760
f 8761 8741 8740
f 8762 8741 8761
f 8762 8742 8741
f 8763 8743 8742
f 8763 8742 8762
f 8764 8743 8763
f 8764 8744 8743
f 8765 8744 8764
f 8765 8745 8744
f 8766 8745 8765
f 8766 8746 8745
f 8767 8746 8766
f 8767 8747 8746
f 8768 8747 8767
f 8768 8748 8747
f 8769 8748 8768
f 8769 7089 7084
f 8769 8749 8748
f 8769 7084 8749
f 8770 8750 8445
f 8771 8750 8770
f 8771 8751 8750
f 8772 8751 8771
f 8772 8752 8751
f 8772 8753 8752
f 8773 8753 8772
f 8773 8754 8753
f 8774 8754 8773
f 8775 8754 8774
f 8775 8755 8754
f 8776 8756 8755
f 8776 8755 8775
f 8777 8757 8756
f 8777 8758 8757
f 8777 8756 8776
f 8778 8758 8777
f 8779 8759 8758
f 8779 8758 8778
f 8780 8760 8759
f 8780 8759 8779
f 8781 8761 8760
f 8781 8760 8780
f 8782 8762 8761
f 8782 8761 8781
f 8782 8763 8762
f 8783 8763 8782
f 8784 8764 8763
f 8784 8763 8783
f 8785 8765 8764
f 8785 8764 8784
f 8786 8766 8765
f 8786 8765 8785
f 8787 8767 8766
f 8787 8766 8786
f 8788 8768 8767
f 8788 8769 8768
f 8788 8767 8787
f 8789 7089 8769
f 8789 7092 7089
f 8789 7095 7092
f 8789 8769 8788
f 8790 8770 8445
f 8790 8445 8446
f 8791 8771 8770
f 8791 8770 8790
f 8792 8771 8791
f 8792 8772 8771
f 8793 8774 8773
f 8793 8773 8772
f 8793 8772 8792
f 8794 8774 8793
f 8795 8774 8794
f 8795 8775 8774
f 8796 8775 8795
f 8796 8776 8775
f 8797 8777 8776
f 8797 8776 8796
f 8798 8777 8797
f 8798 8778 8777
f 8799 8778 8798
f 8799 8779 8778
f 8800 8780 8779
f 8800 8779 8799
f 8801 8781 8780
f 8801 8780 8800
f 8802 8782 8781
f 8802 8783 8782
f 8802 8781 8801
f 8803 8783 8802
f 8804 8783 8803
f 8804 8784 8783
f 8805 8785 8784
f 8805 8784 8804
f 8805 8786 8785
f 8806 8786 8805
f 8807 8786 8806
f 8807 8787 8786
f 8808 8789 8788
f 8808 8787 8807
f 8808 8788 8787
f 8809 7095 8789
f 8809 8789 8808
f 8810 8446 8447
f 8810 8790 8446
f 8811 8791 8790
f 8811 8790 8810
f 8812 8791 8811
f 8812 8792 8791
f 8813 8793 8792
f 8813 8792 8812
f 8814 8794 8793
f 8814 8793 8813
f 8815 8795 8794
f 8815 8794 8814
f 8816 8796 8795
f 8816 8795 8815
f 8817 8797 8796
f 8817 8796 8816
f 8818 8798 8797
f 8818 8797 8817
f 8819 8799 8798
f 8819 8798 8818
f 8820 8800 8799
f 8820 8799 8819
f 8821 8801 8800
f 8821 8800 8820
f 8822 8801 8821
f 8822 8802 8801
f 8823 8803 8802
f 8823 8802 8822
f 8824 8803 8823
f 8824 8804 8803
f 8825 8805 8804
f 8825 8804 8824
f 8826 8805 8825
f 8826 8806 8805
f 8827 8806 8826
f 8827 8807 8806
f 8828 8807 8827
f 8828 8808 8807
f 8829 8808 8828
f 8829 7095 8809
f 8829 8809 8808
f 8829 7096 7095
f 8829 7098 7096
f 8830 8447 8448
f 8830 8810 8447
f 8831 8811 8810
f 8831 8810 8830
f 8832 8811 8831
f 8832 8813 8812
f 8832 8812 8811
f 8833 8813 8832
f 8833 8814 8813
f 8834 8814 8833
f 8835 8814 8834
f 8835 8815 8814
f 8836 8816 8815
f 8836 8815 8835
f 8837 8816 8836
f 8837 8817 8816
f 8837 8818 8817
f 8838 8818 8837
f 8838 8819 8818
f 8839 8819 8838
f 8840 8819 8839
f 8840 8820 8819
f 8841 8820 8840
f 8841 8821 8820
f 8842 8821 8841
f 8842 8822 8821
f 8843 8823 8822
f 8843 8822 8842
f 8844 8825 8824
f 8844 8824 8823
f 8844 8823 8843
f 8845 8825 8844
f 8846 8826 8825
f 8846 8825 8845
f 8847 8827 8826
f 8847 8826 8846
f 8848 8828 8827
f 8848 8829 8828
f 8848 8827 8847
f 8849 7098 8829
f 8849 8829 8848
f 8850 8448 8449
f 8850 8831 8830
f 8850 8830 8448
f 8851 8831 8850
f 8852 8832 8831
f 8852 8831 8851
f 8853 8833 8832
f 8853 8832 8852
f 8854 8835 8834
f 8854 8834 8833
f 8854 8833 8853
f 8855 8835 8854
f 8856 8835 8855
f 8856 8836 8835
f 8857 8838 8837
f 8857 8836 8856
f 8857 8837 8836
f 8858 8838 8857
f 8859 8838 8858
f 8859 8839 8838
f 8860 8839 8859
f 8860 8840 8839
f 8861 8840 8860
f 8861 8841 8840
f 8862 8842 8841
f 8862 8843 8842
f 8862 8841 8861
f 8863 8843 8862
f 8864 8843 8863
f 8864 8844 8843
f 8865 8845 8844
f 8865 8846 8845
f 8865 8844 8864
f 8866 8846 8865
f 8867 8846 8866
f 8867 8847 8846
f 8868 8847 8867
f 8868 8848 8847
f 8869 7098 8849
f 8869 8848 8868
f 8869 7100 7098
f 8869 8849 8848
f 8870 8850 8449
f 8870 8449 8450
f 8870 8450 8451
f 8871 8851 8850
f 8871 8850 8870
f 8872 8853 8852
f 8872 8851 8871
f 8872 8852 8851
f 8873 8853 8872
f 8874 8853 8873
f 8874 8854 8853
f 8875 8854 8874
f 8875 8855 8854
f 8876 8855 8875
f 8876 8856 8855
f 8877 8856 8876
f 8877 8857 8856
f 8878 8858 8857
f 8878 8857 8877
f 8879 8859 8858
f 8879 8858 8878
f 8880 8860 8859
f 8880 8861 8860
f 8880 8859 8879
f 8881 8861 8880
f 8882 8862 8861
f 8882 8861 8881
f 8883 8863 8862
f 8883 8862 8882
f 8884 8864 8863
f 8884 8863 8883
f 8885 8865 8864
f 8885 8864 8884
f 8886 8866 8865
f 8886 8867 8866
f 8886 8865 8885
f 8887 8867 8886
f 8887 8868 8867
f 8888 8868 8887
f 8889 7100 8869
f 8889 7102 7100
f 8889 8869 8868
f 8889 8868 8888
f 8890 8870 8451
f 8891 8871 8870
f 8891 8870 8890
f 8892 8872 8871
f 8892 8871 8891
f 8893 8873 8872
f 8893 8874 8873
f 8893 8872 8892
f 8894 8874 8893
f 8895 8874 8894
f 8895 8875 8874
f 8896 8875 8895
f 8896 8877 8876
f 8896 8876 8875
f 8897 8877 8896
f 8898 8877 8897
f 8898 8878 8877
f 8898 8879 8878
f 8899 8879 8898
f 8899 8880 8879
f 8900 8880 8899
f 8901 8880 8900
f 8901 8882 8881
f 8901 8881 8880
f 8902 8882 8901
f 8902 8883 8882
f 8903 8884 8883
f 8903 8883 8902
f 8904 8884 8903
f 8905 8884 8904
f 8905 8885 8884
f 8905 8886 8885
f 8906 8886 8905
f 8906 8887 8886
f 8907 8887 8906
f 8908 8888 8887
f 8908 8887 8907
f 8908 8889 8888
f 8909 7102 8889
f 8909 8889 8908
f 8909 7104 7102
f 8910 8451 8452
f 8910 8890 8451
f 8911 8892 8891
f 8911 8890 8910
f 8911 8891 8890
f 8912 8892 8911
f 8913 8892 8912
f 8913 8893 8892
f 8914 8895 8894
f 8914 8894 8893
f 8914 8893 8913
f 8915 8895 8914
f 8916 8896 8895
f 8916 8895 8915
f 8917 8897 8896
f 8917 8896 8916
f 8918 8898 8897
f 8918 8899 8898
f 8918 8897 8917
f 8919 8900 8899
f 8919 8899 8918
f 8920 8900 8919
f 8921 8900 8920
f 8921 8901 8900
f 8922 8902 8901
f 8922 8901 8921
f 8923 8903 8902
f 8923 8904 8903
f 8923 8902 8922
f 8924 8904 8923
f 8925 8905 8904
f 8925 8904 8924
f 8926 8905 8925
f 8926 8906 8905
f 8926 8907 8906
f 8927 8907 8926
f 8928 8907 8927
f 8928 8908 8907
f 8928 8909 8908
f 8929 8909 8928
f 8929 7104 8909
f 8929 7105 7104
f 8929 7103 7105
f 8930 8452 8453
f 8930 8910 8452
f 8931 8911 8910
f 8931 8910 8930
f 8932 8911 8931
f 8932 8912 8911
f 8933 8913 8912
f 8933 8912 8932
f 8934 8913 8933
f 8934 8914 8913
f 8935 8914 8934
f 8935 8915 8914
f 8936 8916 8915
f 8936 8915 8935
f 8937 8916 8936
f 8937 8917 8916
f 8938 8919 8918
f 8938 8917 8937
f 8938 8918 8917
f 8939 8919 8938
f 8939 8920 8919
f 8940 8920 8939
f 8941 8920 8940
f 8941 8921 8920
f 8941 8922 8921
f 8942 8922 8941
f 8943 8924 8923
f 8943 8922 8942
f 8943 8923 8922
f 8944 8924 8943
f 8945 8924 8944
f 8945 8925 8924
f 8946 8926 8925
f 8946 8927 8926
f 8946 8925 8945
f 8947 8927 8946
f 8948 8928 8927
f 8948 8929 8928
f 8948 8927 8947
f 8949 8929 8948
f 8949 7103 8929
f 8949 7101 7103
f 8950 8453 8454
f 8950 8454 8455
f 8950 8930 8453
f 8951 8931 8930
f 8951 8930 8950
f 8951 8932 8931
f 8952 8932 8951
f 8953 8933 8932
f 8953 8932 8952
f 8954 8934 8933
f 8954 8933 8953
f 8954 8935 8934
f 8955 8935 8954
f 8956 8936 8935
f 8956 8935 8955
f 8957 8937 8936
f 8957 8938 8937
f 8957 8936 8956
f 8958 8939 8938
f 8958 8938 8957
f 8959 8939 8958
f 8960 8939 8959
f 8960 8940 8939
f 8961 8941 8940
f 8961 8942 8941
f 8961 8940 8960
f 8962 8942 8961
f 8963 8942 8962
f 8963 8944 8943
f 8963 8943 8942
f 8964 8944 8963
f 8965 8944 8964
f 8965 8945 8944
f 8966 8945 8965
f 8966 8946 8945
f 8967 8946 8966
f 8967 8947 8946
f 8967 8948 8947
f 8968 8948 8967
f 8968 8949 8948
f 8969 8949 8968
f 8969 7101 8949
f 8970 8455 8456
f 8970 8950 8455
f 8971 8951 8950
f 8971 8952 8951
f 8971 8950 8970
f 8972 8952 8971
f 8973 8952 8972
f 8973 8953 8952
f 8974 8953 8973
f 8974 8954 8953
f 8974 8955 8954
f 8975 8955 8974
f 8975 8956 8955
f 8976 8956 8975
f 8977 8956 8976
f 8977 8958 8957
f 8977 8957 8956
f 8978 8958 8977
f 8979 8958 8978
f 8979 8959 8958
f 8980 8959 8979
f 8980 8960 8959
f 8981 8961 8960
f 8981 8960 8980
f 8982 8962 8961
f 8982 8963 8962
f 8982 8961 8981
f 8983 8963 8982
f 8984 8964 8963
f 8984 8965 8964
f 8984 8963 8983
f 8985 8966 8965
f 8985 8965 8984
f 8986 8966 8985
f 8987 8967 8966
f 8987 8968 8967
f 8987 8966 8986
f 8988 8968 8987
f 8989 8968 8988
f 8989 8969 8968
f 8989 7101 8969
f 8989 7099 7101
f 8990 8970 8456
f 8991 8971 8970
f 8991 8970 8990
f 8992 8972 8971
f 8992 8971 8991
f 8993 8973 8972
f 8993 8972 8992
f 8994 8973 8993
f 8994 8974 8973
f 8994 8975 8974
f 8995 8975 8994
f 8995 8976 8975
f 8996 8976 8995
f 8996 8977 8976
f 8997 8978 8977
f 8997 8977 8996
f 8998 8978 8997
f 8999 8978 8998
f 8999 8979 8978
f 9000 8980 8979
f 9000 8981 8980
f 9000 8979 8999
f 9001 8981 9000
f 9002 8981 9001
f 9002 8982 8981
f 9003 8983 8982
f 9003 8982 9002
f 9004 8983 9003
f 9004 8984 8983
f 9005 8985 8984
f 9005 8984 9004
f 9006 8985 9005
f 9006 8986 8985
f 9006 8987 8986
f 9007 8987 9006
f 9008 8989 8988
f 9008 8987 9007
f 9008 8988 8987
f 9009 8989 9008
f 9009 7097 7099
f 9009 7094 7097
f 9009 7099 8989
f 9010 8456 8457
f 9010 8990 8456
f 9011 8992 8991
f 9011 8990 9010
f 9011 8991 8990
f 9012 8992 9011
f 9012 8993 8992
f 9013 8993 9012
f 9014 8994 8993
f 9014 8993 9013
f 9014 8995 8994
f 9015 8995 9014
f 9016 8996 8995
f 9016 8995 9015
f 9017 8997 8996
f 9017 8998 8997
f 9017 8996 9016
f 9018 8998 9017
f 9019 8998 9018
f 9019 8999 8998
f 9020 9000 8999
f 9020 8999 9019
f 9021 9001 9000
f 9021 9000 9020
f 9022 9002 9001
f 9022 9001 9021
f 9023 9003 9002
f 9023 9002 9022
f 9024 9003 9023
f 9024 9004 9003
f 9025 9005 9004
f 9025 9004 9024
f 9026 9005 9025
f 9026 9006 9005
f 9027 9007 9006
f 9027 9006 9026
f 9028 9007 9027
f 9028 9008 9007
f 9029 9008 9028
f 9029 9009 9008
f 9029 7094 9009
f 9030 8457 8458
f 9030 8458 8459
f 9030 9010 8457
f 9031 9011 9010
f 9031 9010 9030
f 9031 9012 9011
f 9032 9013 9012
f 9032 9012 9031
f 9033 9013 9032
f 9034 9014 9013
f 9034 9013 9033
f 9035 9014 9034
f 9035 9015 9014
f 9036 9016 9015
f 9036 9017 9016
f 9036 9015 9035
f 9037 9017 9036
f 9038 9017 9037
f 9038 9018 9017
f 9039 9020 9019
f 9039 9018 9038
f 9039 9019 9018
f 9040 9020 9039
f 9041 9021 9020
f 9041 9020 9040
f 9042 9021 9041
f 9042 9022 9021
f 9043 9022 9042
f 9043 9023 9022
f 9044 9024 9023
f 9044 9023 9043
f 9045 9025 9024
f 9045 9024 9044
f 9046 9026 9025
f 9046 9025 9045
f 9047 9027 9026
f 9047 9028 9027
f 9047 9026 9046
f 9048 9029 9028
f 9048 9028 9047
f 9049 7094 9029
f 9049 9029 9048
f 9049 7093 7094
f 9049 7090 7093
f 9050 9030 8459
f 9051 9030 9050
f 9051 9031 9030
f 9052 9031 9051
f 9052 9032 9031
f 9053 9033 9032
f 9053 9032 9052
f 9054 9033 9053
f 9054 9034 9033
f 9055 9035 9034
f 9055 9036 9035
f 9055 9034 9054
f 9056 9036 9055
f 9057 9037 9036
f 9057 9036 9056
f 9058 9038 9037
f 9058 9037 9057
f 9059 9039 9038
f 9059 9038 9058
f 9060 9039 9059
f 9060 9040 9039
f 9061 9041 9040
f 9061 9040 9060
f 9062 9041 9061
f 9062 9042 9041
f 9063 9043 9042
f 9063 9042 9062
f 9064 9043 9063
f 9064 9044 9043
f 9065 9045 9044
f 9065 9044 9064
f 9066 9045 9065
f 9066 9046 9045
f 9067 9047 9046
f 9067 9046 9066
f 9068 9047 9067
f 9068 9048 9047
f 9069 9048 9068
f 9069 9049 9048
f 9069 7090 9049
f 9070 8459 8460
f 9070 9050 8459
f 9070 9051 9050
f 9071 9051 9070
f 9072 9051 9071
f 9072 9052 9051
f 9073 9053 9052
f 9073 9052 9072
f 9073 9054 9053
f 9074 9054 9073
f 9074 9055 9054
f 9075 9055 9074
f 9076 9056 9055
f 9076 9055 9075
f 9077 9058 9057
f 9077 9056 9076
f 9077 9057 9056
f 9078 9059 9058
f 9078 9058 9077
f 9079 9059 9078
f 9080 9059 9079
f 9080 9060 9059
f 9081 9061 9060
f 9081 9060 9080
f 9082 9062 9061
f 9082 9061 9081
f 9083 9063 9062
f 9083 9062 9082
f 9084 9064 9063
f 9084 9063 9083
f 9084 9065 9064
f 9085 9065 9084
f 9086 9066 9065
f 9086 9065 9085
f 9087 9066 9086
f 9087 9067 9066
f 9088 9067 9087
f 9088 9068 9067
f 9088 9069 9068
f 9089 7090 9069
f 9089 7085 7090
f 9089 9069 9088
f 9090 9070 8460
f 9090 8460 8461
f 9090 8461 8440
f 9090 8440 8651
f 9091 9090 8651
f 9091 8651 8653
f 9091 9070 9090
f 9091 9072 9071
f 9091 9071 9070
f 9092 9072 9091
f 9092 9091 8653
f 9092 8653 8655
f 9093 9072 9092
f 9093 9092 8655
f 9093 9073 9072
f 9093 8655 8657
f 9093 9074 9073
f 9093 8657 8659
f 9094 9074 9093
f 9094 9093 8659
f 9095 9075 9074
f 9095 9074 9094
f 9095 9094 8659
f 9095 8659 8661
f 9096 9095 8661
f 9096 9075 9095
f 9096 8661 8663
f 9096 9076 9075
f 9097 9096 8663
f 9097 8663 8665
f 9097 9077 9076
f 9097 9076 9096
f 9098 9097 8665
f 9098 8665 8667
f 9098 9078 9077
f 9098 9077 9097
f 9099 9098 8667
f 9099 9078 9098
f 9099 9079 9078
f 9099 8667 8669
f 9100 8669 8671
f 9100 9080 9079
f 9100 9079 9099
f 9100 9099 8669
f 9101 9100 8671
f 9101 9080 9100
f 9101 8671 8673
f 9101 9081 9080
f 9102 8673 8675
f 9102 9101 8673
f 9102 9082 9081
f 9102 9081 9101
f 9103 9102 8675
f 9103 9082 9102
f 9103 8675 8677
f 9103 9083 9082
f 9104 9083 9103
f 9104 9103 8677
f 9104 9084 9083
f 9104 8677 8679
f 9105 9084 9104
f 9105 9104 8679
f 9105 8679 8681
f 9105 9085 9084
f 9106 9105 8681
f 9106 9085 9105
f 9106 8681 8683
f 9106 9086 9085
f 9107 9086 9106
f 9107 8683 8685
f 9107 8685 8687
f 9107 9087 9086
f 9107 9088 9087
f 9107 9106 8683
f 9108 9088 9107
f 9108 9107 8687
f 9109 9088 9108
f 9109 8689 7080
f 9109 8687 8689
f 9109 7080 7085
f 9109 9108 8687
f 9109 7085 9089
f 9109 9089 9088
f 8691 7534 7533
f 8691 7533 8441
f 8693 7536 7534
f 8693 7534 8691
f 8695 7538 7536
f 8695 7540 7538
f 8695 7536 8693
f 8697 7540 8695
f 8699 7543 7540
f 8699 7545 7543
f 8699 7540 8697
f 8701 7545 8699
f 8703 7547 7545
f 8703 7545 8701
f 8705 7549 7547
f 8705 7547 8703
f 8707 7551 7549
f 8707 7549 8705
f 8709 7554 7551
f 8709 7551 8707
f 8711 7556 7554
f 8711 7554 8709
f 8713 7558 7556
f 8713 7556 8711
f 8715 7558 8713
f 8715 7560 7558
f 8717 7560 8715
f 8717 7563 7560
f 8719 7563 8717
f 8719 7565 7563
f 8719 7163 7565
f 8721 7163 8719
f 8723 7163 8721
f 8723 7162 7163
f 8725 7164 7162
f 8725 7162 8723
f 8727 7165 7164
f 8727 7164 8725
f 8729 7166 7165
f 8729 6903 7166
f 8729 7165 8727
f 7068 6903 8729
f 7155 7157 7156
f 7154 7158 7157
f 7154 7159 7158
f 7154 7160 7159
f 7154 7157 7155
f 7152 7154 7153
f 7148 7150 7149
f 7148 7151 7150
f 7148 7152 7151
f 7148 7161 7160
f 7148 7160 7154
f 7148 7154 7152
f 7146 7148 7147
f 7144 7146 7145
f 7142 7144 7143
f 7142 7146 7144
f 7141 7146 7142
f 7139 7141 7140
f 6894 6893 7161
f 6894 7161 7148
f 6894 7148 7146
f 6894 7141 7139
f 6894 7146 7141
f 7132 7134 7133
f 7131 7135 7134
f 7131 7136 7135
f 7131 7137 7136
f 7131 7134 7132
f 7129 7131 7130
f 7125 7127 7126
f 7125 7128 7127
f 7125 7129 7128
f 7125 7138 7137
f 7125 7137 7131
f 7125 7131 7129
f 7123 7125 7124
f 7121 7123 7122
f 7119 7121 7120
f 7119 7123 7121
f 7118 7123 7119
f 7116 7118 7117
f 6892 6891 7138
f 6892 7138 7125
f 6892 7125 7123
f 6892 7118 7116
f 6892 7123 7118
f 6904 6986 8649
f 9110 8650 8419
f 9110 8419 8420
f 9111 8652 8650
f 9111 8650 9110
f 9112 8654 8652
f 9112 8652 9111
f 9113 8656 8654
f 9113 8654 9112
f 9114 8658 8656
f 9114 8656 9113
f 9115 8660 8658
f 9115 8658 9114
f 9116 8662 8660
f 9116 8660 9115
f 9117 8664 8662
f 9117 8662 9116
f 9118 8666 8664
f 9118 8664 9117
f 9119 8668 8666
f 9119 8666 9118
f 9120 8670 8668
f 9120 8668 9119
f 9121 8672 8670
f 9121 8670 9120
f 9122 8674 8672
f 9122 8672 9121
f 9123 8676 8674
f 9123 8674 9122
f 9124 8678 8676
f 9124 8676 9123
f 9125 8680 8678
f 9125 8678 9124
f 9126 8680 9125
f 9126 8682 8680
f 9127 8684 8682
f 9127 8682 9126
f 9128 8684 9127
f 9128 8686 8684
f 9129 8688 8686
f 9129 7036 8688
f 9129 8686 9128
f 9129 7032 7036
f 9130 9110 8420
f 9130 8420 8421
f 9131 9111 9110
f 9131 9110 9130
f 9132 9111 9131
f 9132 9112 9111
f 9133 9113 9112
f 9133 9112 9132
f 9134 9114 9113
f 9134 9113 9133
f 9135 9114 9134
f 9135 9115 9114
f 9136 9115 9135
f 9136 9116 9115
f 9137 9117 9116
f 9137 9116 9136
f 9138 9118 9117
f 9138 9117 9137
f 9139 9118 9138
f 9139 9119 9118
f 9140 9120 9119
f 9140 9119 9139
f 9141 9121 9120
f 9141 9120 9140
f 9142 9122 9121
f 9142 9121 9141
f 9143 9123 9122
f 9143 9122 9142
f 9144 9123 9143
f 9144 9124 9123
f 9145 9125 9124
f 9145 9124 9144
f 9146 9126 9125
f 9146 9125 9145
f 9147 9127 9126
f 9147 9126 9146
f 9148 9128 9127
f 9148 9127 9147
f 9149 9129 9128
f 9149 7028 7032
f 9149 7032 9129
f 9149 9128 9148
f 9150 8421 8422
f 9150 8422 8423
f 9150 9130 8421
f 9151 9131 9130
f 9151 9130 9150
f 9152 9131 9151
f 9152 9132 9131
f 9153 9132 9152
f 9153 9133 9132
f 9154 9133 9153
f 9154 9134 9133
f 9155 9135 9134
f 9155 9134 9154
f 9156 9136 9135
f 9156 9135 9155
f 9157 9137 9136
f 9157 9136 9156
f 9158 9137 9157
f 9158 9138 9137
f 9159 9139 9138
f 9159 9138 9158
f 9160 9140 9139
f 9160 9139 9159
f 9161 9140 9160
f 9161 9141 9140
f 9162 9141 9161
f 9162 9142 9141
f 9163 9143 9142
f 9163 9142 9162
f 9164 9143 9163
f 9164 9144 9143
f 9165 9145 9144
f 9165 9144 9164
f 9166 9145 9165
f 9166 9146 9145
f 9167 9146 9166
f 9167 9147 9146
f 9168 9147 9167
f 9168 9148 9147
f 9169 9148 9168
f 9169 7028 9149
f 9169 7025 7028
f 9169 9149 9148
f 9170 9150 8423
f 9171 9150 9170
f 9171 9151 9150
f 9172 9151 9171
f 9172 9152 9151
f 9172 9153 9152
f 9173 9153 9172
f 9173 9154 9153
f 9174 9154 9173
f 9175 9155 9154
f 9175 9154 9174
f 9176 9156 9155
f 9176 9155 9175
f 9177 9157 9156
f 9177 9156 9176
f 9177 9158 9157
f 9178 9158 9177
f 9179 9159 9158
f 9179 9158 9178
f 9180 9160 9159
f 9180 9159 9179
f 9181 9161 9160
f 9181 9160 9180
f 9182 9162 9161
f 9182 9163 9162
f 9182 9161 9181
f 9183 9163 9182
f 9184 9163 9183
f 9184 9164 9163
f 9184 9165 9164
f 9185 9165 9184
f 9186 9166 9165
f 9186 9165 9185
f 9187 9167 9166
f 9187 9166 9186
f 9188 9168 9167
f 9188 9167 9187
f 9189 9168 9188
f 9189 9169 9168
f 9189 7025 9169
f 9189 7002 7025
f 9190 8423 8424
f 9190 9170 8423
f 9191 9170 9190
f 9191 9171 9170
f 9192 9171 9191
f 9192 9172 9171
f 9193 9173 9172
f 9193 9172 9192
f 9194 9173 9193
f 9194 9174 9173
f 9194 9175 9174
f 9195 9175 9194
f 9196 9175 9195
f 9196 9176 9175
f 9197 9177 9176
f 9197 9176 9196
f 9198 9177 9197
f 9198 9178 9177
f 9199 9178 9198
f 9199 9179 9178
f 9200 9179 9199
f 9200 9180 9179
f 9201 9181 9180
f 9201 9180 9200
f 9202 9181 9201
f 9202 9182 9181
f 9202 9183 9182
f 9203 9183 9202
f 9204 9183 9203
f 9204 9184 9183
f 9205 9185 9184
f 9205 9184 9204
f 9205 9186 9185
f 9206 9186 9205
f 9207 9186 9206
f 9207 9187 9186
f 9208 9187 9207
f 9208 9188 9187
f 9209 7002 9189
f 9209 9188 9208
f 9209 7001 7002
f 9209 9189 9188
f 9210 8424 8425
f 9210 9190 8424
f 9211 9191 9190
f 9211 9190 9210
f 9212 9192 9191
f 9212 9191 9211
f 9213 9193 9192
f 9213 9192 9212
f 9214 9194 9193
f 9214 9193 9213
f 9215 9195 9194
f 9215 9194 9214
f 9216 9196 9195
f 9216 9195 9215
f 9217 9197 9196
f 9217 9196 9216
f 9218 9198 9197
f 9218 9197 9217
f 9219 9199 9198
f 9219 9198 9218
f 9220 9200 9199
f 9220 9199 9219
f 9221 9201 9200
f 9221 9200 9220
f 9222 9201 9221
f 9222 9202 9201
f 9223 9202 9222
f 9223 9203 9202
f 9224 9204 9203
f 9224 9203 9223
f 9225 9204 9224
f 9225 9205 9204
f 9226 9205 9225
f 9226 9206 9205
f 9227 9206 9226
f 9227 9207 9206
f 9228 9207 9227
f 9228 9208 9207
f 9229 9209 9208
f 9229 9208 9228
f 9229 7001 9209
f 9229 7000 7001
f 9230 8425 8426
f 9230 9210 8425
f 9231 9211 9210
f 9231 9210 9230
f 9232 9211 9231
f 9232 9212 9211
f 9232 9213 9212
f 9233 9213 9232
f 9233 9214 9213
f 9234 9214 9233
f 9235 9214 9234
f 9235 9215 9214
f 9236 9215 9235
f 9236 9216 9215
f 9237 9217 9216
f 9237 9218 9217
f 9237 9216 9236
f 9238 9218 9237
f 9238 9219 9218
f 9239 9219 9238
f 9240 9219 9239
f 9240 9220 9219
f 9241 9220 9240
f 9241 9221 9220
f 9242 9221 9241
f 9242 9222 9221
f 9243 9222 9242
f 9243 9223 9222
f 9244 9224 9223
f 9244 9223 9243
f 9245 9224 9244
f 9245 9225 9224
f 9246 9226 9225
f 9246 9225 9245
f 9247 9227 9226
f 9247 9226 9246
f 9248 9227 9247
f 9248 9228 9227
f 9248 9229 9228
f 9249 7000 9229
f 9249 6999 7000
f 9249 9229 9248
f 9250 8426 8427
f 9250 9231 9230
f 9250 9230 8426
f 9251 9231 9250
f 9252 9232 9231
f 9252 9231 9251
f 9253 9233 9232
f 9253 9232 9252
f 9254 9234 9233
f 9254 9235 9234
f 9254 9233 9253
f 9255 9235 9254
f 9256 9235 9255
f 9256 9236 9235
f 9257 9237 9236
f 9257 9236 9256
f 9257 9238 9237
f 9258 9238 9257
f 9259 9238 9258
f 9259 9239 9238
f 9260 9240 9239
f 9260 9239 9259
f 9261 9241 9240
f 9261 9240 9260
f 9262 9242 9241
f 9262 9241 9261
f 9262 9243 9242
f 9263 9243 9262
f 9264 9244 9243
f 9264 9243 9263
f 9265 9245 9244
f 9265 9244 9264
f 9265 9246 9245
f 9266 9246 9265
f 9267 9246 9266
f 9267 9247 9246
f 9268 9248 9247
f 9268 9247 9267
f 9269 9248 9268
f 9269 6998 6999
f 9269 6997 6998
f 9269 6999 9249
f 9269 9249 9248
f 9270 8427 8428
f 9270 9250 8427
f 9271 9251 9250
f 9271 9250 9270
f 9272 9251 9271
f 9272 9252 9251
f 9273 9252 9272
f 9273 9253 9252
f 9274 9253 9273
f 9274 9254 9253
f 9275 9254 9274
f 9275 9255 9254
f 9276 9255 9275
f 9276 9256 9255
f 9277 9257 9256
f 9277 9256 9276
f 9278 9258 9257
f 9278 9257 9277
f 9279 9259 9258
f 9279 9258 9278
f 9280 9261 9260
f 9280 9260 9259
f 9280 9259 9279
f 9281 9261 9280
f 9282 9262 9261
f 9282 9261 9281
f 9283 9263 9262
f 9283 9262 9282
f 9284 9264 9263
f 9284 9263 9283
f 9285 9265 9264
f 9285 9264 9284
f 9286 9266 9265
f 9286 9267 9266
f 9286 9265 9285
f 9287 9268 9267
f 9287 9267 9286
f 9288 9268 9287
f 9289 9268 9288
f 9289 9269 9268
f 9289 6997 9269
f 9290 8428 8429
f 9290 9270 8428
f 9291 9271 9270
f 9291 9270 9290
f 9292 9271 9291
f 9292 9272 9271
f 9293 9272 9292
f 9293 9273 9272
f 9294 9273 9293
f 9294 9274 9273
f 9295 9274 9294
f 9295 9275 9274
f 9296 9277 9276
f 9296 9275 9295
f 9296 9276 9275
f 9297 9277 9296
f 9298 9277 9297
f 9298 9278 9277
f 9298 9279 9278
f 9299 9279 9298
f 9299 9280 9279
f 9300 9280 9299
f 9301 9280 9300
f 9301 9282 9281
f 9301 9281 9280
f 9302 9282 9301
f 9302 9283 9282
f 9303 9283 9302
f 9303 9284 9283
f 9304 9284 9303
f 9305 9284 9304
f 9305 9285 9284
f 9305 9286 9285
f 9306 9286 9305
f 9306 9287 9286
f 9307 9287 9306
f 9308 9287 9307
f 9308 9288 9287
f 9309 9288 9308
f 9309 6996 6997
f 9309 9289 9288
f 9309 6997 9289
f 9310 8429 8430
f 9310 9290 8429
f 9311 9290 9310
f 9311 9292 9291
f 9311 9291 9290
f 9312 9292 9311
f 9313 9292 9312
f 9313 9293 9292
f 9314 9294 9293
f 9314 9293 9313
f 9315 9295 9294
f 9315 9294 9314
f 9316 9296 9295
f 9316 9295 9315
f 9317 9297 9296
f 9317 9296 9316
f 9318 9298 9297
f 9318 9299 9298
f 9318 9297 9317
f 9319 9299 9318
f 9320 9299 9319
f 9320 9300 9299
f 9321 9301 9300
f 9321 9300 9320
f 9322 9302 9301
f 9322 9301 9321
f 9323 9303 9302
f 9323 9302 9322
f 9324 9304 9303
f 9324 9303 9323
f 9325 9304 9324
f 9325 9305 9304
f 9326 9306 9305
f 9326 9305 9325
f 9327 9306 9326
f 9327 9307 9306
f 9328 9307 9327
f 9328 9308 9307
f 9329 9308 9328
f 9329 9309 9308
f 9329 6996 9309
f 9329 6995 6996
f 9330 8430 8431
f 9330 9310 8430
f 9331 9311 9310
f 9331 9310 9330
f 9332 9311 9331
f 9332 9312 9311
f 9333 9314 9313
f 9333 9312 9332
f 9333 9313 9312
f 9334 9314 9333
f 9335 9314 9334
f 9335 9315 9314
f 9336 9316 9315
f 9336 9315 9335
f 9337 9316 9336
f 9337 9317 9316
f 9338 9319 9318
f 9338 9318 9317
f 9338 9317 9337
f 9339 9319 9338
f 9340 9319 9339
f 9340 9320 9319
f 9341 9320 9340
f 9341 9321 9320
f 9342 9321 9341
f 9342 9322 9321
f 9343 9322 9342
f 9343 9323 9322
f 9344 9323 9343
f 9344 9324 9323
f 9345 9325 9324
f 9345 9324 9344
f 9346 9326 9325
f 9346 9327 9326
f 9346 9325 9345
f 9347 9327 9346
f 9348 9327 9347
f 9348 9328 9327
f 9348 9329 9328
f 9349 6995 9329
f 9349 9329 9348
f 9349 6994 6995
f 9350 8431 8432
f 9350 8432 8433
f 9350 9330 8431
f 9351 9332 9331
f 9351 9330 9350
f 9351 9331 9330
f 9352 9332 9351
f 9353 9333 9332
f 9353 9332 9352
f 9354 9334 9333
f 9354 9333 9353
f 9355 9335 9334
f 9355 9334 9354
f 9356 9336 9335
f 9356 9335 9355
f 9357 9337 9336
f 9357 9336 9356
f 9357 9338 9337
f 9358 9339 9338
f 9358 9338 9357
f 9359 9339 9358
f 9360 9340 9339
f 9360 9339 9359
f 9361 9340 9360
f 9361 9341 9340
f 9361 9342 9341
f 9362 9342 9361
f 9363 9342 9362
f 9363 9343 9342
f 9363 9344 9343
f 9364 9344 9363
f 9365 9344 9364
f 9365 9345 9344
f 9366 9345 9365
f 9366 9346 9345
f 9367 9346 9366
f 9367 9347 9346
f 9368 9348 9347
f 9368 9347 9367
f 9369 9348 9368
f 9369 9349 9348
f 9369 6993 6994
f 9369 6994 9349
f 9370 9350 8433
f 9371 9352 9351
f 9371 9351 9350
f 9371 9350 9370
f 9372 9352 9371
f 9373 9352 9372
f 9373 9353 9352
f 9374 9353 9373
f 9374 9354 9353
f 9374 9355 9354
f 9375 9355 9374
f 9375 9356 9355
f 9376 9356 9375
f 9377 9357 9356
f 9377 9356 9376
f 9377 9358 9357
f 9378 9358 9377
f 9379 9359 9358
f 9379 9358 9378
f 9380 9360 9359
f 9380 9359 9379
f 9381 9361 9360
f 9381 9360 9380
f 9382 9362 9361
f 9382 9363 9362
f 9382 9361 9381
f 9383 9363 9382
f 9384 9365 9364
f 9384 9364 9363
f 9384 9363 9383
f 9385 9366 9365
f 9385 9365 9384
f 9386 9366 9385
f 9387 9367 9366
f 9387 9366 9386
f 9388 9369 9368
f 9388 9367 9387
f 9388 9368 9367
f 9389 6993 9369
f 9389 6992 6993
f 9389 9369 9388
f 9390 8433 8434
f 9390 9370 8433
f 9391 9371 9370
f 9391 9370 9390
f 9392 9373 9372
f 9392 9371 9391
f 9392 9372 9371
f 9393 9373 9392
f 9394 9373 9393
f 9394 9374 9373
f 9395 9375 9374
f 9395 9374 9394
f 9396 9376 9375
f 9396 9377 9376
f 9396 9375 9395
f 9397 9377 9396
f 9397 9378 9377
f 9398 9378 9397
f 9399 9379 9378
f 9399 9378 9398
f 9400 9379 9399
f 9400 9380 9379
f 9400 9381 9380
f 9401 9381 9400
f 9402 9381 9401
f 9402 9382 9381
f 9403 9383 9382
f 9403 9382 9402
f 9404 9383 9403
f 9404 9384 9383
f 9405 9385 9384
f 9405 9384 9404
f 9406 9385 9405
f 9406 9386 9385
f 9406 9387 9386
f 9407 9387 9406
f 9407 9388 9387
f 9408 9388 9407
f 9408 9389 9388
f 9409 9389 9408
f 9409 6991 6992
f 9409 6990 6991
f 9409 6992 9389
f 9410 8434 8435
f 9410 8435 8436
f 9410 9390 8434
f 9411 9391 9390
f 9411 9392 9391
f 9411 9390 9410
f 9412 9392 9411
f 9413 9393 9392
f 9413 9392 9412
f 9414 9394 9393
f 9414 9393 9413
f 9415 9394 9414
f 9415 9395 9394
f 9416 9396 9395
f 9416 9395 9415
f 9417 9397 9396
f 9417 9398 9397
f 9417 9396 9416
f 9418 9398 9417
f 9419 9399 9398
f 9419 9398 9418
f 9420 9400 9399
f 9420 9399 9419
f 9421 9401 9400
f 9421 9400 9420
f 9422 9401 9421
f 9422 9402 9401
f 9423 9403 9402
f 9423 9402 9422
f 9424 9404 9403
f 9424 9403 9423
f 9425 9405 9404
f 9425 9404 9424
f 9426 9406 9405
f 9426 9405 9425
f 9427 9406 9426
f 9427 9407 9406
f 9428 9407 9427
f 9428 9408 9407
f 9429 9408 9428
f 9429 9409 9408
f 9429 6990 9409
f 9430 9410 8436
f 9431 9411 9410
f 9431 9412 9411
f 9431 9410 9430
f 9432 9412 9431
f 9432 9413 9412
f 9433 9413 9432
f 9434 9413 9433
f 9434 9414 9413
f 9435 9414 9434
f 9435 9415 9414
f 9436 9416 9415
f 9436 9415 9435
f 9436 9417 9416
f 9437 9417 9436
f 9438 9417 9437
f 9438 9418 9417
f 9439 9418 9438
f 9439 9419 9418
f 9440 9420 9419
f 9440 9419 9439
f 9441 9420 9440
f 9441 9421 9420
f 9442 9421 9441
f 9442 9422 9421
f 9443 9423 9422
f 9443 9422 9442
f 9444 9423 9443
f 9444 9424 9423
f 9445 9424 9444
f 9445 9425 9424
f 9446 9426 9425
f 9446 9425 9445
f 9447 9427 9426
f 9447 9428 9427
f 9447 9426 9446
f 9448 9429 9428
f 9448 9428 9447
f 9449 6990 9429
f 9449 9429 9448
f 9449 6989 6990
f 9449 6988 6989
f 9450 8436 8437
f 9450 9430 8436
f 9451 9430 9450
f 9451 9431 9430
f 9452 9432 9431
f 9452 9431 9451
f 9453 9433 9432
f 9453 9432 9452
f 9454 9434 9433
f 9454 9433 9453
f 9455 9435 9434
f 9455 9434 9454
f 9455 9436 9435
f 9456 9436 9455
f 9457 9437 9436
f 9457 9436 9456
f 9458 9438 9437
f 9458 9437 9457
f 9459 9439 9438
f 9459 9438 9458
f 9460 9440 9439
f 9460 9439 9459
f 9461 9440 9460
f 9461 9441 9440
f 9462 9442 9441
f 9462 9441 9461
f 9463 9442 9462
f 9463 9443 9442
f 9464 9443 9463
f 9464 9444 9443
f 9465 9445 9444
f 9465 9444 9464
f 9466 9445 9465
f 9466 9446 9445
f 9467 9447 9446
f 9467 9446 9466
f 9468 9447 9467
f 9468 9448 9447
f 9469 9448 9468
f 9469 9449 9448
f 9469 6988 9449
f 9470 8437 8438
f 9470 9450 8437
f 9471 9451 9450
f 9471 9450 9470
f 9471 9452 9451
f 9472 9452 9471
f 9473 9452 9472
f 9473 9453 9452
f 9474 9454 9453
f 9474 9453 9473
f 9475 9454 9474
f 9475 9455 9454
f 9476 9455 9475
f 9476 9456 9455
f 9477 9456 9476
f 9477 9458 9457
f 9477 9457 9456
f 9478 9459 9458
f 9478 9458 9477
f 9479 9459 9478
f 9480 9460 9459
f 9480 9459 9479
f 9481 9461 9460
f 9481 9460 9480
f 9482 9462 9461
f 9482 9461 9481
f 9483 9463 9462
f 9483 9462 9482
f 9484 9464 9463
f 9484 9465 9464
f 9484 9463 9483
f 9485 9465 9484
f 9486 9466 9465
f 9486 9465 9485
f 9487 9466 9486
f 9487 9467 9466
f 9487 9468 9467
f 9488 9468 9487
f 9489 9469 9468
f 9489 6988 9469
f 9489 6987 6988
f 9489 9468 9488
f 9490 8438 8439
f 9490 8439 8418
f 9490 8418 8630
f 9490 9470 8438
f 9491 9471 9470
f 9491 9490 8630
f 9491 8630 8631
f 9491 9470 9490
f 9492 9471 9491
f 9492 9491 8631
f 9492 9472 9471
f 9492 8631 8632
f 9493 9472 9492
f 9493 9492 8632
f 9493 8632 8633
f 9493 9473 9472
f 9494 9493 8633
f 9494 9474 9473
f 9494 9473 9493
f 9494 8633 8634
f 9495 9475 9474
f 9495 9474 9494
f 9495 9494 8634
f 9495 8634 8635
f 9496 9475 9495
f 9496 9495 8635
f 9496 8635 8636
f 9496 9476 9475
f 9497 9476 9496
f 9497 9496 8636
f 9497 8636 8637
f 9497 9477 9476
f 9498 9497 8637
f 9498 8637 8638
f 9498 9478 9477
f 9498 9477 9497
f 9499 9478 9498
f 9499 8638 8639
f 9499 9479 9478
f 9499 9498 8638
f 9500 8639 8640
f 9500 9480 9479
f 9500 9499 8639
f 9500 9479 9499
f 9501 9480 9500
f 9501 9500 8640
f 9501 8640 8641
f 9501 9481 9480
f 9502 9501 8641
f 9502 9481 9501
f 9502 8641 8642
f 9502 9482 9481
f 9503 9502 8642
f 9503 9482 9502
f 9503 8642 8643
f 9503 9483 9482
f 9504 8643 8644
f 9504 9483 9503
f 9504 9484 9483
f 9504 9503 8643
f 9505 9504 8644
f 9505 9484 9504
f 9505 8644 8645
f 9505 9485 9484
f 9506 9505 8645
f 9506 9485 9505
f 9506 8645 8646
f 9506 9486 9485
f 9507 9486 9506
f 9507 8646 8647
f 9507 9487 9486
f 9507 9506 8646
f 9508 9487 9507
f 9508 8647 8648
f 9508 8648 8649
f 9508 9488 9487
f 9508 9507 8647
f 9508 9489 9488
f 9509 9508 8649
f 9509 9489 9508
f 9509 8649 6986
f 9509 6986 6987
f 9509 6987 9489
f 6927 8524 6926
f 6927 8527 8524
f 6930 8527 6927
f 6930 8529 8527
f 6931 8529 6930
f 6931 8531 8529
f 6934 8531 6931
f 6934 8533 8531
f 6935 8535 8533
f 6935 8533 6934
f 6937 8537 8535
f 6937 8539 8537
f 6937 8535 6935
f 6939 8539 6937
f 6941 8539 6939
f 6941 8541 8539
f 6943 8541 6941
f 6943 8543 8541
f 6943 8545 8543
f 6945 8545 6943
f 6956 8545 6945
f 6956 8544 8545
f 6956 8542 8544
f 6957 8542 6956
f 6958 8542 6957
f 6958 8540 8542
f 6958 8538 8540
f 6959 8538 6958
f 6960 8536 8538
f 6960 8538 6959
f 6961 8534 8536
f 6961 8536 6960
f 6962 8532 8534
f 6962 8534 6961
f 6963 8530 8532
f 6963 8528 8530
f 6963 8532 6962
f 6964 8528 6963
f 6965 8526 8528
f 6965 8528 6964
f 6966 8525 8526
f 6966 8526 6965
f 6967 8523 8525
f 6967 8525 6966
f 6968 8521 8523
f 6968 8523 6967
f 6969 8519 8521
f 6969 8517 8519
f 6969 8521 6968
f 6970 8517 6969
f 6971 8515 8517
f 6971 8517 6970
f 6972 8513 8515
f 6972 8515 6971
f 6973 8511 8513
f 6973 8509 8511
f 6973 8513 6972
f 6974 8506 8509
f 6974 8509 6973
f 6975 8506 6974
f 6976 8504 8506
f 6976 8506 6975
f 6977 8504 6976
f 6977 8502 8504
f 6978 8502 6977
f 6978 8500 8502
f 6979 8500 6978
f 6979 8498 8500
f 6980 8498 6979
f 6980 8496 8498
f 6981 8496 6980
f 6981 8494 8496
f 6982 8492 8494
f 6982 8494 6981
f 6983 8491 8492
f 6983 8489 8491
f 6983 8492 6982
f 6984 8489 6983
f 6985 8487 8489
f 6985 8489 6984
f 7108 8485 8487
f 7108 8487 6985
f 7106 8483 8485
f 7106 8485 7108
f 7107 8481 8483
f 7107 8479 8481
f 7107 8483 7106
f 6955 8479 7107
f 6954 8477 8479
f 6954 8475 8477
f 6954 8479 6955
f 6953 8475 6954
f 6952 8473 8475
f 6952 8471 8473
f 6952 8475 6953
f 6951 8471 6952
f 6950 8469 8471
f 6950 8467 8469
f 6950 8471 6951
f 6949 8467 6950
f 6948 8465 8467
f 6948 8463 8465
f 6948 8467 6949
f 6947 8462 8463
f 6947 8463 6948
f 6946 8462 6947
f 6944 8464 8462
f 6944 8466 8464
f 6944 8462 6946
f 6942 8468 8466
f 6942 8466 6944
f 6940 8468 6942
f 6938 8468 6940
f 6938 8470 8468
f 6936 8470 6938
f 6936 8472 8470
f 6933 8472 6936
f 6933 8474 8472
f 6933 8476 8474
f 6932 8476 6933
f 6929 8476 6932
f 6929 8478 8476
f 6928 8478 6929
f 6928 8480 8478
f 6925 8480 6928
f 6925 8482 8480
f 6923 8482 6925
f 6923 8484 8482
f 6921 8484 6923
f 6921 8486 8484
f 6919 8486 6921
f 6919 8488 8486
f 6917 8488 6919
f 6917 8490 8488
f 6915 8490 6917
f 6915 8493 8490
f 6913 8493 6915
f 6913 8495 8493
f 6911 8495 6913
f 6911 8497 8495
f 6911 8499 8497
f 6909 8499 6911
f 6908 8501 8499
f 6908 8499 6909
f 6906 8503 8501
f 6906 8505 8503
f 6906 8501 6908
f 6905 8505 6906
f 6907 8507 8505
f 6907 8508 8507
f 6907 8505 6905
f 6910 8508 6907
f 6912 8510 8508
f 6912 8512 8510
f 6912 8508 6910
f 6914 8512 6912
f 6916 8514 8512
f 6916 8516 8514
f 6916 8512 6914
f 6918 8516 6916
f 6920 8518 8516
f 6920 8516 6918
f 6922 8520 8518
f 6922 8518 6920
f 6924 8520 6922
f 6924 8522 8520
f 6926 8522 6924
f 6926 8524 8522
f 7110 8604 7109
f 7110 8614 8604
f 7111 8614 7110
f 7111 8615 8614
f 7112 8615 7111
f 7112 8616 8615
f 7065 8616 7112
f 7065 8617 8616
f 7064 8618 8617
f 7064 8617 7065
f 7066 8620 8618
f 7066 8622 8620
f 7066 8618 7064
f 7067 8622 7066
f 7047 8622 7067
f 7047 8624 8622
f 7046 8624 7047
f 7046 8626 8624
f 7046 8628 8626
f 7048 8628 7046
f 7049 8628 7048
f 7049 8629 8628
f 7049 8627 8629
f 7050 8627 7049
f 7051 8627 7050
f 7051 8625 8627
f 7051 8623 8625
f 7052 8623 7051
f 7053 8621 8623
f 7053 8623 7052
f 7054 8619 8621
f 7054 8621 7053
f 7055 8613 8619
f 7055 8619 7054
f 7056 8612 8613
f 7056 8611 8612
f 7056 8613 7055
f 7057 8611 7056
f 7058 8610 8611
f 7058 8611 7057
f 7059 8609 8610
f 7059 8610 7058
f 7060 8608 8609
f 7060 8609 7059
f 7061 8607 8608
f 7061 8608 7060
f 7062 8606 8607
f 7062 8605 8606
f 7062 8607 7061
f 7063 8605 7062
f 7091 8599 8605
f 7091 8605 7063
f 7087 8597 8599
f 7087 8599 7091
f 7086 8595 8597
f 7086 8593 8595
f 7086 8597 7087
f 7088 8591 8593
f 7088 8593 7086
f 7082 8591 7088
f 7081 8589 8591
f 7081 8591 7082
f 7083 8589 7081
f 7083 8586 8589
f 7071 8586 7083
f 7071 8584 8586
f 7070 8584 7071
f 7070 8582 8584
f 7072 8582 7070
f 7072 8580 8582
f 7073 8580 7072
f 7073 8578 8580
f 7074 8576 8578
f 7074 8578 7073
f 7075 8574 8576
f 7075 8573 8574
f 7075 8576 7074
f 7076 8573 7075
f 7077 8571 8573
f 7077 8573 7076
f 7078 8569 8571
f 7078 8571 7077
f 7038 8567 8569
f 7038 8569 7078
f 7037 8565 8567
f 7037 8563 8565
f 7037 8567 7038
f 7039 8563 7037
f 7040 8561 8563
f 7040 8559 8561
f 7040 8563 7039
f 7041 8559 7040
f 7042 8557 8559
f 7042 8555 8557
f 7042 8559 7041
f 7043 8555 7042
f 7044 8553 8555
f 7044 8551 8553
f 7044 8555 7043
f 7045 8551 7044
f 7034 8549 8551
f 7034 8547 8549
f 7034 8551 7045
f 7033 8546 8547
f 7033 8547 7034
f 7035 8546 7033
f 7030 8548 8546
f 7030 8550 8548
f 7030 8546 7035
f 7029 8552 8550
f 7029 8550 7030
f 7031 8552 7029
f 7027 8552 7031
f 7027 8554 8552
f 7026 8554 7027
f 7026 8556 8554
f 7024 8556 7026
f 7024 8558 8556
f 7024 8560 8558
f 7023 8560 7024
f 7022 8560 7023
f 7022 8562 8560
f 7021 8562 7022
f 7021 8564 8562
f 7020 8564 7021
f 7020 8566 8564
f 7019 8566 7020
f 7019 8568 8566
f 7018 8568 7019
f 7018 8570 8568
f 7017 8570 7018
f 7017 8572 8570
f 7015 8572 7017
f 7015 8575 8572
f 7014 8575 7015
f 7014 8577 8575
f 7011 8577 7014
f 7011 8579 8577
f 7010 8579 7011
f 7010 8581 8579
f 7010 8583 8581
f 7007 8583 7010
f 7006 8585 8583
f 7006 8583 7007
f 7004 8587 8585
f 7004 8588 8587
f 7004 8585 7006
f 7003 8588 7004
f 7005 8590 8588
f 7005 8592 8590
f 7005 8588 7003
f 7008 8592 7005
f 7009 8594 8592
f 7009 8596 8594
f 7009 8592 7008
f 7012 8596 7009
f 7013 8598 8596
f 7013 8600 8598
f 7013 8596 7012
f 7016 8600 7013
f 7115 8601 8600
f 7115 8600 7016
f 7114 8602 8601
f 7114 8601 7115
f 7113 8602 7114
f 7113 8603 8602
f 7109 8603 7113
f 7109 8604 8603

