ISO-10303-21;
HEADER;
FILE_DESCRIPTION(('Open CASCADE Model'),'2;1');
FILE_NAME('drive_arm','2026-10-02T21:47:31',('Author'),('Open CASCADE'),
  'Open CASCADE STEP processor 8.0','build123d','Unknown');
FILE_SCHEMA(('AUTOMOTIVE_DESIGN { 1 0 10303 214 1 1 1 1 }'));
ENDSEC;
DATA;
#1 = APPLICATION_PROTOCOL_DEFINITION('international standard',
  'automotive_design',2000,#2);
#2 = APPLICATION_CONTEXT(
  'core data for automotive mechanical design processes');
#3 = SHAPE_DEFINITION_REPRESENTATION(#4,#10);
#4 = PRODUCT_DEFINITION_SHAPE('','',#5);
#5 = PRODUCT_DEFINITION('design','',#6,#9);
#6 = PRODUCT_DEFINITION_FORMATION('','',#7);
#7 = PRODUCT('drive_arm','drive_arm','',(#8));
#8 = PRODUCT_CONTEXT('',#2,'mechanical');
#9 = PRODUCT_DEFINITION_CONTEXT('part definition',#2,'design');
#10 = ADVANCED_BREP_SHAPE_REPRESENTATION('',(#11,#15),#10196);
#11 = AXIS2_PLACEMENT_3D('',#12,#13,#14);
#12 = CARTESIAN_POINT('',(0.,0.,0.));
#13 = DIRECTION('',(0.,0.,1.));
#14 = DIRECTION('',(1.,0.,-0.));
#15 = MANIFOLD_SOLID_BREP('',#16);
#16 = CLOSED_SHELL('',(#17,#137,#223,#304,#542,#593,#723,#802,#857,#905,
    #981,#1037,#1070,#1097,#1152,#1207,#2003,#2182,#2258,#2316,#2807,
    #2856,#2927,#3011,#3039,#3069,#3099,#3402,#3456,#3509,#3562,#3645,
    #3699,#3969,#4001,#4077,#4247,#4300,#4383,#4527,#4733,#4788,#4843,
    #4912,#5026,#5140,#5168,#5196,#5221,#5276,#5331,#5382,#5408,#5466,
    #6189,#6241,#6293,#6480,#6547,#6574,#6600,#6607,#6836,#7047,#7097,
    #7123,#7172,#7230,#7301,#7351,#7525,#7552,#7855,#7964,#7990,#8048,
    #8119,#8290,#8325,#8329,#8360,#8391,#8426,#8430,#8456,#8545,#8571,
    #8620,#8646,#8651,#8656,#8682,#8708,#8734,#8957,#8983,#9032,#9273,
    #9281,#9331,#9386,#9413,#9463,#9490,#9545,#9572,#9599,#9625,#9632,
    #9639,#9665,#9672,#9698,#9705,#9753,#9780,#9808,#9815,#9841,#9848,
    #9874,#9900,#9954,#10008,#10043,#10078,#10133,#10188,#10192));
#17 = ADVANCED_FACE('',(#18),#32,.T.);
#18 = FACE_BOUND('',#19,.F.);
#19 = EDGE_LOOP('',(#20,#55,#82,#110));
#20 = ORIENTED_EDGE('',*,*,#21,.F.);
#21 = EDGE_CURVE('',#22,#24,#26,.T.);
#22 = VERTEX_POINT('',#23);
#23 = CARTESIAN_POINT('',(43.,-20.,59.2));
#24 = VERTEX_POINT('',#25);
#25 = CARTESIAN_POINT('',(39.,-20.,59.2));
#26 = SURFACE_CURVE('',#27,(#31,#43),.PCURVE_S1.);
#27 = LINE('',#28,#29);
#28 = CARTESIAN_POINT('',(43.,-20.,59.2));
#29 = VECTOR('',#30,1.);
#30 = DIRECTION('',(-1.,-0.,0.));
#31 = PCURVE('',#32,#37);
#32 = CYLINDRICAL_SURFACE('',#33,0.8);
#33 = AXIS2_PLACEMENT_3D('',#34,#35,#36);
#34 = CARTESIAN_POINT('',(43.,-19.2,59.2));
#35 = DIRECTION('',(-1.,-0.,0.));
#36 = DIRECTION('',(0.,-1.,-0.));
#37 = DEFINITIONAL_REPRESENTATION('',(#38),#42);
#38 = LINE('',#39,#40);
#39 = CARTESIAN_POINT('',(-0.,0.));
#40 = VECTOR('',#41,1.);
#41 = DIRECTION('',(-0.,1.));
#42 = ( GEOMETRIC_REPRESENTATION_CONTEXT(2) 
PARAMETRIC_REPRESENTATION_CONTEXT() REPRESENTATION_CONTEXT('2D SPACE',''
  ) );
#43 = PCURVE('',#44,#49);
#44 = PLANE('',#45);
#45 = AXIS2_PLACEMENT_3D('',#46,#47,#48);
#46 = CARTESIAN_POINT('',(34.,-20.,58.4));
#47 = DIRECTION('',(-0.,1.,0.));
#48 = DIRECTION('',(0.,0.,1.));
#49 = DEFINITIONAL_REPRESENTATION('',(#50),#54);
#50 = LINE('',#51,#52);
#51 = CARTESIAN_POINT('',(0.8,9.));
#52 = VECTOR('',#53,1.);
#53 = DIRECTION('',(0.,-1.));
#54 = ( GEOMETRIC_REPRESENTATION_CONTEXT(2) 
PARAMETRIC_REPRESENTATION_CONTEXT() REPRESENTATION_CONTEXT('2D SPACE',''
  ) );
#55 = ORIENTED_EDGE('',*,*,#56,.T.);
#56 = EDGE_CURVE('',#22,#57,#59,.T.);
#57 = VERTEX_POINT('',#58);
#58 = CARTESIAN_POINT('',(43.,-19.2,58.4));
#59 = SURFACE_CURVE('',#60,(#65,#71),.PCURVE_S1.);
#60 = CIRCLE('',#61,0.8);
#61 = AXIS2_PLACEMENT_3D('',#62,#63,#64);
#62 = CARTESIAN_POINT('',(43.,-19.2,59.2));
#63 = DIRECTION('',(1.,6.123233995737E-17,0.));
#64 = DIRECTION('',(6.123233995737E-17,-1.,0.));
#65 = PCURVE('',#32,#66);
#66 = DEFINITIONAL_REPRESENTATION('',(#67),#70);
#67 = B_SPLINE_CURVE_WITH_KNOTS('',1,(#68,#69),.UNSPECIFIED.,.F.,.F.,(2,
    2),(0.,1.570796326795),.PIECEWISE_BEZIER_KNOTS.);
#68 = CARTESIAN_POINT('',(0.,0.));
#69 = CARTESIAN_POINT('',(-1.570796326795,0.));
#70 = ( GEOMETRIC_REPRESENTATION_CONTEXT(2) 
PARAMETRIC_REPRESENTATION_CONTEXT() REPRESENTATION_CONTEXT('2D SPACE',''
  ) );
#71 = PCURVE('',#72,#77);
#72 = TOROIDAL_SURFACE('',#73,4.2,0.8);
#73 = AXIS2_PLACEMENT_3D('',#74,#75,#76);
#74 = CARTESIAN_POINT('',(43.,-15.,59.2));
#75 = DIRECTION('',(-0.,-0.,-1.));
#76 = DIRECTION('',(1.,0.,-0.));
#77 = DEFINITIONAL_REPRESENTATION('',(#78),#81);
#78 = B_SPLINE_CURVE_WITH_KNOTS('',1,(#79,#80),.UNSPECIFIED.,.F.,.F.,(2,
    2),(0.,1.570796326795),.PIECEWISE_BEZIER_KNOTS.);
#79 = CARTESIAN_POINT('',(1.570796326795,0.));
#80 = CARTESIAN_POINT('',(1.570796326795,1.570796326795));
#81 = ( GEOMETRIC_REPRESENTATION_CONTEXT(2) 
PARAMETRIC_REPRESENTATION_CONTEXT() REPRESENTATION_CONTEXT('2D SPACE',''
  ) );
#82 = ORIENTED_EDGE('',*,*,#83,.F.);
#83 = EDGE_CURVE('',#84,#57,#86,.T.);
#84 = VERTEX_POINT('',#85);
#85 = CARTESIAN_POINT('',(39.,-19.2,58.4));
#86 = SURFACE_CURVE('',#87,(#91,#98),.PCURVE_S1.);
#87 = LINE('',#88,#89);
#88 = CARTESIAN_POINT('',(39.,-19.2,58.4));
#89 = VECTOR('',#90,1.);
#90 = DIRECTION('',(1.,0.,0.));
#91 = PCURVE('',#32,#92);
#92 = DEFINITIONAL_REPRESENTATION('',(#93),#97);
#93 = LINE('',#94,#95);
#94 = CARTESIAN_POINT('',(-1.570796326795,4.));
#95 = VECTOR('',#96,1.);
#96 = DIRECTION('',(-0.,-1.));
#97 = ( GEOMETRIC_REPRESENTATION_CONTEXT(2) 
PARAMETRIC_REPRESENTATION_CONTEXT() REPRESENTATION_CONTEXT('2D SPACE',''
  ) );
#98 = PCURVE('',#99,#104);
#99 = PLANE('',#100);
#100 = AXIS2_PLACEMENT_3D('',#101,#102,#103);
#101 = CARTESIAN_POINT('',(34.,-20.,58.4));
#102 = DIRECTION('',(0.,0.,1.));
#103 = DIRECTION('',(1.,0.,-0.));
#104 = DEFINITIONAL_REPRESENTATION('',(#105),#109);
#105 = LINE('',#106,#107);
#106 = CARTESIAN_POINT('',(5.,0.8));
#107 = VECTOR('',#108,1.);
#108 = DIRECTION('',(1.,0.));
#109 = ( GEOMETRIC_REPRESENTATION_CONTEXT(2) 
PARAMETRIC_REPRESENTATION_CONTEXT() REPRESENTATION_CONTEXT('2D SPACE',''
  ) );
#110 = ORIENTED_EDGE('',*,*,#111,.F.);
#111 = EDGE_CURVE('',#24,#84,#112,.T.);
#112 = SURFACE_CURVE('',#113,(#118,#125),.PCURVE_S1.);
#113 = CIRCLE('',#114,0.8);
#114 = AXIS2_PLACEMENT_3D('',#115,#116,#117);
#115 = CARTESIAN_POINT('',(39.,-19.2,59.2));
#116 = DIRECTION('',(1.,0.,0.));
#117 = DIRECTION('',(0.,-1.,0.));
#118 = PCURVE('',#32,#119);
#119 = DEFINITIONAL_REPRESENTATION('',(#120),#124);
#120 = LINE('',#121,#122);
#121 = CARTESIAN_POINT('',(-0.,4.));
#122 = VECTOR('',#123,1.);
#123 = DIRECTION('',(-1.,0.));
#124 = ( GEOMETRIC_REPRESENTATION_CONTEXT(2) 
PARAMETRIC_REPRESENTATION_CONTEXT() REPRESENTATION_CONTEXT('2D SPACE',''
  ) );
#125 = PCURVE('',#126,#131);
#126 = TOROIDAL_SURFACE('',#127,4.2,0.8);
#127 = AXIS2_PLACEMENT_3D('',#128,#129,#130);
#128 = CARTESIAN_POINT('',(39.,-15.,59.2));
#129 = DIRECTION('',(-0.,-0.,-1.));
#130 = DIRECTION('',(-2.6645352591E-16,-1.,0.));
#131 = DEFINITIONAL_REPRESENTATION('',(#132),#136);
#132 = LINE('',#133,#134);
#133 = CARTESIAN_POINT('',(-2.22044604925E-16,0.));
#134 = VECTOR('',#135,1.);
#135 = DIRECTION('',(0.,1.));
#136 = ( GEOMETRIC_REPRESENTATION_CONTEXT(2) 
PARAMETRIC_REPRESENTATION_CONTEXT() REPRESENTATION_CONTEXT('2D SPACE',''
  ) );
#137 = ADVANCED_FACE('',(#138),#44,.F.);
#138 = FACE_BOUND('',#139,.F.);
#139 = EDGE_LOOP('',(#140,#168,#196,#222));
#140 = ORIENTED_EDGE('',*,*,#141,.T.);
#141 = EDGE_CURVE('',#24,#142,#144,.T.);
#142 = VERTEX_POINT('',#143);
#143 = CARTESIAN_POINT('',(39.,-20.,65.6));
#144 = SURFACE_CURVE('',#145,(#149,#156),.PCURVE_S1.);
#145 = LINE('',#146,#147);
#146 = CARTESIAN_POINT('',(39.,-20.,58.4));
#147 = VECTOR('',#148,1.);
#148 = DIRECTION('',(0.,0.,1.));
#149 = PCURVE('',#44,#150);
#150 = DEFINITIONAL_REPRESENTATION('',(#151),#155);
#151 = LINE('',#152,#153);
#152 = CARTESIAN_POINT('',(0.,5.));
#153 = VECTOR('',#154,1.);
#154 = DIRECTION('',(1.,0.));
#155 = ( GEOMETRIC_REPRESENTATION_CONTEXT(2) 
PARAMETRIC_REPRESENTATION_CONTEXT() REPRESENTATION_CONTEXT('2D SPACE',''
  ) );
#156 = PCURVE('',#157,#162);
#157 = CYLINDRICAL_SURFACE('',#158,5.);
#158 = AXIS2_PLACEMENT_3D('',#159,#160,#161);
#159 = CARTESIAN_POINT('',(39.,-15.,58.4));
#160 = DIRECTION('',(0.,0.,1.));
#161 = DIRECTION('',(-1.,-0.,0.));
#162 = DEFINITIONAL_REPRESENTATION('',(#163),#167);
#163 = LINE('',#164,#165);
#164 = CARTESIAN_POINT('',(1.570796326795,0.));
#165 = VECTOR('',#166,1.);
#166 = DIRECTION('',(0.,1.));
#167 = ( GEOMETRIC_REPRESENTATION_CONTEXT(2) 
PARAMETRIC_REPRESENTATION_CONTEXT() REPRESENTATION_CONTEXT('2D SPACE',''
  ) );
#168 = ORIENTED_EDGE('',*,*,#169,.F.);
#169 = EDGE_CURVE('',#170,#142,#172,.T.);
#170 = VERTEX_POINT('',#171);
#171 = CARTESIAN_POINT('',(43.,-20.,65.6));
#172 = SURFACE_CURVE('',#173,(#177,#184),.PCURVE_S1.);
#173 = LINE('',#174,#175);
#174 = CARTESIAN_POINT('',(43.,-20.,65.6));
#175 = VECTOR('',#176,1.);
#176 = DIRECTION('',(-1.,-0.,0.));
#177 = PCURVE('',#44,#178);
#178 = DEFINITIONAL_REPRESENTATION('',(#179),#183);
#179 = LINE('',#180,#181);
#180 = CARTESIAN_POINT('',(7.2,9.));
#181 = VECTOR('',#182,1.);
#182 = DIRECTION('',(0.,-1.));
#183 = ( GEOMETRIC_REPRESENTATION_CONTEXT(2) 
PARAMETRIC_REPRESENTATION_CONTEXT() REPRESENTATION_CONTEXT('2D SPACE',''
  ) );
#184 = PCURVE('',#185,#190);
#185 = CYLINDRICAL_SURFACE('',#186,0.8);
#186 = AXIS2_PLACEMENT_3D('',#187,#188,#189);
#187 = CARTESIAN_POINT('',(43.,-19.2,65.6));
#188 = DIRECTION('',(-1.,-0.,0.));
#189 = DIRECTION('',(0.,-1.,-0.));
#190 = DEFINITIONAL_REPRESENTATION('',(#191),#195);
#191 = LINE('',#192,#193);
#192 = CARTESIAN_POINT('',(0.,0.));
#193 = VECTOR('',#194,1.);
#194 = DIRECTION('',(0.,1.));
#195 = ( GEOMETRIC_REPRESENTATION_CONTEXT(2) 
PARAMETRIC_REPRESENTATION_CONTEXT() REPRESENTATION_CONTEXT('2D SPACE',''
  ) );
#196 = ORIENTED_EDGE('',*,*,#197,.F.);
#197 = EDGE_CURVE('',#22,#170,#198,.T.);
#198 = SURFACE_CURVE('',#199,(#203,#210),.PCURVE_S1.);
#199 = LINE('',#200,#201);
#200 = CARTESIAN_POINT('',(43.,-20.,58.4));
#201 = VECTOR('',#202,1.);
#202 = DIRECTION('',(0.,0.,1.));
#203 = PCURVE('',#44,#204);
#204 = DEFINITIONAL_REPRESENTATION('',(#205),#209);
#205 = LINE('',#206,#207);
#206 = CARTESIAN_POINT('',(0.,9.));
#207 = VECTOR('',#208,1.);
#208 = DIRECTION('',(1.,0.));
#209 = ( GEOMETRIC_REPRESENTATION_CONTEXT(2) 
PARAMETRIC_REPRESENTATION_CONTEXT() REPRESENTATION_CONTEXT('2D SPACE',''
  ) );
#210 = PCURVE('',#211,#216);
#211 = CYLINDRICAL_SURFACE('',#212,5.);
#212 = AXIS2_PLACEMENT_3D('',#213,#214,#215);
#213 = CARTESIAN_POINT('',(43.,-15.,58.4));
#214 = DIRECTION('',(0.,0.,1.));
#215 = DIRECTION('',(1.,0.,-0.));
#216 = DEFINITIONAL_REPRESENTATION('',(#217),#221);
#217 = LINE('',#218,#219);
#218 = CARTESIAN_POINT('',(-1.570796326795,0.));
#219 = VECTOR('',#220,1.);
#220 = DIRECTION('',(-0.,1.));
#221 = ( GEOMETRIC_REPRESENTATION_CONTEXT(2) 
PARAMETRIC_REPRESENTATION_CONTEXT() REPRESENTATION_CONTEXT('2D SPACE',''
  ) );
#222 = ORIENTED_EDGE('',*,*,#21,.T.);
#223 = ADVANCED_FACE('',(#224),#72,.T.);
#224 = FACE_BOUND('',#225,.T.);
#225 = EDGE_LOOP('',(#226,#255,#277,#278));
#226 = ORIENTED_EDGE('',*,*,#227,.F.);
#227 = EDGE_CURVE('',#228,#230,#232,.T.);
#228 = VERTEX_POINT('',#229);
#229 = CARTESIAN_POINT('',(48.,-15.,59.2));
#230 = VERTEX_POINT('',#231);
#231 = CARTESIAN_POINT('',(47.2,-15.,58.4));
#232 = SURFACE_CURVE('',#233,(#238,#244),.PCURVE_S1.);
#233 = CIRCLE('',#234,0.8);
#234 = AXIS2_PLACEMENT_3D('',#235,#236,#237);
#235 = CARTESIAN_POINT('',(47.2,-15.,59.2));
#236 = DIRECTION('',(-0.,1.,0.));
#237 = DIRECTION('',(1.,0.,0.));
#238 = PCURVE('',#72,#239);
#239 = DEFINITIONAL_REPRESENTATION('',(#240),#243);
#240 = B_SPLINE_CURVE_WITH_KNOTS('',1,(#241,#242),.UNSPECIFIED.,.F.,.F.,
  (2,2),(0.,1.570796326795),.PIECEWISE_BEZIER_KNOTS.);
#241 = CARTESIAN_POINT('',(0.,0.));
#242 = CARTESIAN_POINT('',(0.,1.570796326795));
#243 = ( GEOMETRIC_REPRESENTATION_CONTEXT(2) 
PARAMETRIC_REPRESENTATION_CONTEXT() REPRESENTATION_CONTEXT('2D SPACE',''
  ) );
#244 = PCURVE('',#245,#250);
#245 = CYLINDRICAL_SURFACE('',#246,0.8);
#246 = AXIS2_PLACEMENT_3D('',#247,#248,#249);
#247 = CARTESIAN_POINT('',(47.2,15.,59.2));
#248 = DIRECTION('',(0.,-1.,-0.));
#249 = DIRECTION('',(1.,0.,0.));
#250 = DEFINITIONAL_REPRESENTATION('',(#251),#254);
#251 = B_SPLINE_CURVE_WITH_KNOTS('',1,(#252,#253),.UNSPECIFIED.,.F.,.F.,
  (2,2),(0.,1.570796326795),.PIECEWISE_BEZIER_KNOTS.);
#252 = CARTESIAN_POINT('',(0.,30.));
#253 = CARTESIAN_POINT('',(-1.570796326795,30.));
#254 = ( GEOMETRIC_REPRESENTATION_CONTEXT(2) 
PARAMETRIC_REPRESENTATION_CONTEXT() REPRESENTATION_CONTEXT('2D SPACE',''
  ) );
#255 = ORIENTED_EDGE('',*,*,#256,.T.);
#256 = EDGE_CURVE('',#228,#22,#257,.T.);
#257 = SURFACE_CURVE('',#258,(#263,#270),.PCURVE_S1.);
#258 = CIRCLE('',#259,5.);
#259 = AXIS2_PLACEMENT_3D('',#260,#261,#262);
#260 = CARTESIAN_POINT('',(43.,-15.,59.2));
#261 = DIRECTION('',(0.,-0.,-1.));
#262 = DIRECTION('',(1.,0.,-0.));
#263 = PCURVE('',#72,#264);
#264 = DEFINITIONAL_REPRESENTATION('',(#265),#269);
#265 = LINE('',#266,#267);
#266 = CARTESIAN_POINT('',(0.,0.));
#267 = VECTOR('',#268,1.);
#268 = DIRECTION('',(1.,0.));
#269 = ( GEOMETRIC_REPRESENTATION_CONTEXT(2) 
PARAMETRIC_REPRESENTATION_CONTEXT() REPRESENTATION_CONTEXT('2D SPACE',''
  ) );
#270 = PCURVE('',#211,#271);
#271 = DEFINITIONAL_REPRESENTATION('',(#272),#276);
#272 = LINE('',#273,#274);
#273 = CARTESIAN_POINT('',(-0.,0.8));
#274 = VECTOR('',#275,1.);
#275 = DIRECTION('',(-1.,0.));
#276 = ( GEOMETRIC_REPRESENTATION_CONTEXT(2) 
PARAMETRIC_REPRESENTATION_CONTEXT() REPRESENTATION_CONTEXT('2D SPACE',''
  ) );
#277 = ORIENTED_EDGE('',*,*,#56,.T.);
#278 = ORIENTED_EDGE('',*,*,#279,.F.);
#279 = EDGE_CURVE('',#230,#57,#280,.T.);
#280 = SURFACE_CURVE('',#281,(#286,#293),.PCURVE_S1.);
#281 = CIRCLE('',#282,4.2);
#282 = AXIS2_PLACEMENT_3D('',#283,#284,#285);
#283 = CARTESIAN_POINT('',(43.,-15.,58.4));
#284 = DIRECTION('',(0.,-0.,-1.));
#285 = DIRECTION('',(1.,0.,-0.));
#286 = PCURVE('',#72,#287);
#287 = DEFINITIONAL_REPRESENTATION('',(#288),#292);
#288 = LINE('',#289,#290);
#289 = CARTESIAN_POINT('',(0.,1.570796326795));
#290 = VECTOR('',#291,1.);
#291 = DIRECTION('',(1.,0.));
#292 = ( GEOMETRIC_REPRESENTATION_CONTEXT(2) 
PARAMETRIC_REPRESENTATION_CONTEXT() REPRESENTATION_CONTEXT('2D SPACE',''
  ) );
#293 = PCURVE('',#99,#294);
#294 = DEFINITIONAL_REPRESENTATION('',(#295),#303);
#295 = ( BOUNDED_CURVE() B_SPLINE_CURVE(2,(#296,#297,#298,#299,#300,#301
,#302),.UNSPECIFIED.,.T.,.F.) B_SPLINE_CURVE_WITH_KNOTS((1,2,2,2,2,1),(
    -2.094395102393,0.,2.094395102393,4.188790204786,6.28318530718,
8.377580409573),.UNSPECIFIED.) CURVE() GEOMETRIC_REPRESENTATION_ITEM() 
RATIONAL_B_SPLINE_CURVE((1.,0.5,1.,0.5,1.,0.5,1.)) REPRESENTATION_ITEM(
  '') );
#296 = CARTESIAN_POINT('',(13.2,5.));
#297 = CARTESIAN_POINT('',(13.2,-2.274613391789));
#298 = CARTESIAN_POINT('',(6.9,1.362693304105));
#299 = CARTESIAN_POINT('',(0.6,5.));
#300 = CARTESIAN_POINT('',(6.9,8.637306695895));
#301 = CARTESIAN_POINT('',(13.2,12.274613391789));
#302 = CARTESIAN_POINT('',(13.2,5.));
#303 = ( GEOMETRIC_REPRESENTATION_CONTEXT(2) 
PARAMETRIC_REPRESENTATION_CONTEXT() REPRESENTATION_CONTEXT('2D SPACE',''
  ) );
#304 = ADVANCED_FACE('',(#305,#480,#511),#99,.F.);
#305 = FACE_BOUND('',#306,.F.);
#306 = EDGE_LOOP('',(#307,#337,#370,#398,#424,#425,#426,#449));
#307 = ORIENTED_EDGE('',*,*,#308,.F.);
#308 = EDGE_CURVE('',#309,#311,#313,.T.);
#309 = VERTEX_POINT('',#310);
#310 = CARTESIAN_POINT('',(39.,19.2,58.4));
#311 = VERTEX_POINT('',#312);
#312 = CARTESIAN_POINT('',(43.,19.2,58.4));
#313 = SURFACE_CURVE('',#314,(#318,#325),.PCURVE_S1.);
#314 = LINE('',#315,#316);
#315 = CARTESIAN_POINT('',(39.,19.2,58.4));
#316 = VECTOR('',#317,1.);
#317 = DIRECTION('',(1.,0.,0.));
#318 = PCURVE('',#99,#319);
#319 = DEFINITIONAL_REPRESENTATION('',(#320),#324);
#320 = LINE('',#321,#322);
#321 = CARTESIAN_POINT('',(5.,39.2));
#322 = VECTOR('',#323,1.);
#323 = DIRECTION('',(1.,0.));
#324 = ( GEOMETRIC_REPRESENTATION_CONTEXT(2) 
PARAMETRIC_REPRESENTATION_CONTEXT() REPRESENTATION_CONTEXT('2D SPACE',''
  ) );
#325 = PCURVE('',#326,#331);
#326 = CYLINDRICAL_SURFACE('',#327,0.8);
#327 = AXIS2_PLACEMENT_3D('',#328,#329,#330);
#328 = CARTESIAN_POINT('',(39.,19.2,59.2));
#329 = DIRECTION('',(1.,0.,-0.));
#330 = DIRECTION('',(0.,1.,0.));
#331 = DEFINITIONAL_REPRESENTATION('',(#332),#336);
#332 = LINE('',#333,#334);
#333 = CARTESIAN_POINT('',(-1.570796326795,0.));
#334 = VECTOR('',#335,1.);
#335 = DIRECTION('',(-0.,1.));
#336 = ( GEOMETRIC_REPRESENTATION_CONTEXT(2) 
PARAMETRIC_REPRESENTATION_CONTEXT() REPRESENTATION_CONTEXT('2D SPACE',''
  ) );
#337 = ORIENTED_EDGE('',*,*,#338,.F.);
#338 = EDGE_CURVE('',#339,#309,#341,.T.);
#339 = VERTEX_POINT('',#340);
#340 = CARTESIAN_POINT('',(34.8,15.,58.4));
#341 = SURFACE_CURVE('',#342,(#347,#358),.PCURVE_S1.);
#342 = CIRCLE('',#343,4.2);
#343 = AXIS2_PLACEMENT_3D('',#344,#345,#346);
#344 = CARTESIAN_POINT('',(39.,15.,58.4));
#345 = DIRECTION('',(-0.,0.,-1.));
#346 = DIRECTION('',(-1.,0.,0.));
#347 = PCURVE('',#99,#348);
#348 = DEFINITIONAL_REPRESENTATION('',(#349),#357);
#349 = ( BOUNDED_CURVE() B_SPLINE_CURVE(2,(#350,#351,#352,#353,#354,#355
,#356),.UNSPECIFIED.,.T.,.F.) B_SPLINE_CURVE_WITH_KNOTS((1,2,2,2,2,1),(
    -2.094395102393,0.,2.094395102393,4.188790204786,6.28318530718,
8.377580409573),.UNSPECIFIED.) CURVE() GEOMETRIC_REPRESENTATION_ITEM() 
RATIONAL_B_SPLINE_CURVE((1.,0.5,1.,0.5,1.,0.5,1.)) REPRESENTATION_ITEM(
  '') );
#350 = CARTESIAN_POINT('',(0.8,35.));
#351 = CARTESIAN_POINT('',(0.8,42.274613391789));
#352 = CARTESIAN_POINT('',(7.1,38.637306695895));
#353 = CARTESIAN_POINT('',(13.4,35.));
#354 = CARTESIAN_POINT('',(7.1,31.362693304105));
#355 = CARTESIAN_POINT('',(0.8,27.725386608211));
#356 = CARTESIAN_POINT('',(0.8,35.));
#357 = ( GEOMETRIC_REPRESENTATION_CONTEXT(2) 
PARAMETRIC_REPRESENTATION_CONTEXT() REPRESENTATION_CONTEXT('2D SPACE',''
  ) );
#358 = PCURVE('',#359,#364);
#359 = TOROIDAL_SURFACE('',#360,4.2,0.8);
#360 = AXIS2_PLACEMENT_3D('',#361,#362,#363);
#361 = CARTESIAN_POINT('',(39.,15.,59.2));
#362 = DIRECTION('',(-0.,-0.,-1.));
#363 = DIRECTION('',(-1.,0.,0.));
#364 = DEFINITIONAL_REPRESENTATION('',(#365),#369);
#365 = LINE('',#366,#367);
#366 = CARTESIAN_POINT('',(0.,1.570796326795));
#367 = VECTOR('',#368,1.);
#368 = DIRECTION('',(1.,0.));
#369 = ( GEOMETRIC_REPRESENTATION_CONTEXT(2) 
PARAMETRIC_REPRESENTATION_CONTEXT() REPRESENTATION_CONTEXT('2D SPACE',''
  ) );
#370 = ORIENTED_EDGE('',*,*,#371,.F.);
#371 = EDGE_CURVE('',#372,#339,#374,.T.);
#372 = VERTEX_POINT('',#373);
#373 = CARTESIAN_POINT('',(34.8,-15.,58.4));
#374 = SURFACE_CURVE('',#375,(#379,#386),.PCURVE_S1.);
#375 = LINE('',#376,#377);
#376 = CARTESIAN_POINT('',(34.8,-15.,58.4));
#377 = VECTOR('',#378,1.);
#378 = DIRECTION('',(-0.,1.,0.));
#379 = PCURVE('',#99,#380);
#380 = DEFINITIONAL_REPRESENTATION('',(#381),#385);
#381 = LINE('',#382,#383);
#382 = CARTESIAN_POINT('',(0.8,5.));
#383 = VECTOR('',#384,1.);
#384 = DIRECTION('',(0.,1.));
#385 = ( GEOMETRIC_REPRESENTATION_CONTEXT(2) 
PARAMETRIC_REPRESENTATION_CONTEXT() REPRESENTATION_CONTEXT('2D SPACE',''
  ) );
#386 = PCURVE('',#387,#392);
#387 = CYLINDRICAL_SURFACE('',#388,0.8);
#388 = AXIS2_PLACEMENT_3D('',#389,#390,#391);
#389 = CARTESIAN_POINT('',(34.8,-15.,59.2));
#390 = DIRECTION('',(-0.,1.,0.));
#391 = DIRECTION('',(-1.,-0.,0.));
#392 = DEFINITIONAL_REPRESENTATION('',(#393),#397);
#393 = LINE('',#394,#395);
#394 = CARTESIAN_POINT('',(-1.570796326795,0.));
#395 = VECTOR('',#396,1.);
#396 = DIRECTION('',(-0.,1.));
#397 = ( GEOMETRIC_REPRESENTATION_CONTEXT(2) 
PARAMETRIC_REPRESENTATION_CONTEXT() REPRESENTATION_CONTEXT('2D SPACE',''
  ) );
#398 = ORIENTED_EDGE('',*,*,#399,.F.);
#399 = EDGE_CURVE('',#84,#372,#400,.T.);
#400 = SURFACE_CURVE('',#401,(#406,#417),.PCURVE_S1.);
#401 = CIRCLE('',#402,4.2);
#402 = AXIS2_PLACEMENT_3D('',#403,#404,#405);
#403 = CARTESIAN_POINT('',(39.,-15.,58.4));
#404 = DIRECTION('',(-0.,0.,-1.));
#405 = DIRECTION('',(-2.6645352591E-16,-1.,0.));
#406 = PCURVE('',#99,#407);
#407 = DEFINITIONAL_REPRESENTATION('',(#408),#416);
#408 = ( BOUNDED_CURVE() B_SPLINE_CURVE(2,(#409,#410,#411,#412,#413,#414
,#415),.UNSPECIFIED.,.T.,.F.) B_SPLINE_CURVE_WITH_KNOTS((1,2,2,2,2,1),(
    -2.094395102393,0.,2.094395102393,4.188790204786,6.28318530718,
8.377580409573),.UNSPECIFIED.) CURVE() GEOMETRIC_REPRESENTATION_ITEM() 
RATIONAL_B_SPLINE_CURVE((1.,0.5,1.,0.5,1.,0.5,1.)) REPRESENTATION_ITEM(
  '') );
#409 = CARTESIAN_POINT('',(5.,0.8));
#410 = CARTESIAN_POINT('',(-2.274613391789,0.8));
#411 = CARTESIAN_POINT('',(1.362693304105,7.1));
#412 = CARTESIAN_POINT('',(5.,13.4));
#413 = CARTESIAN_POINT('',(8.637306695895,7.1));
#414 = CARTESIAN_POINT('',(12.274613391789,0.8));
#415 = CARTESIAN_POINT('',(5.,0.8));
#416 = ( GEOMETRIC_REPRESENTATION_CONTEXT(2) 
PARAMETRIC_REPRESENTATION_CONTEXT() REPRESENTATION_CONTEXT('2D SPACE',''
  ) );
#417 = PCURVE('',#126,#418);
#418 = DEFINITIONAL_REPRESENTATION('',(#419),#423);
#419 = LINE('',#420,#421);
#420 = CARTESIAN_POINT('',(0.,1.570796326795));
#421 = VECTOR('',#422,1.);
#422 = DIRECTION('',(1.,0.));
#423 = ( GEOMETRIC_REPRESENTATION_CONTEXT(2) 
PARAMETRIC_REPRESENTATION_CONTEXT() REPRESENTATION_CONTEXT('2D SPACE',''
  ) );
#424 = ORIENTED_EDGE('',*,*,#83,.T.);
#425 = ORIENTED_EDGE('',*,*,#279,.F.);
#426 = ORIENTED_EDGE('',*,*,#427,.F.);
#427 = EDGE_CURVE('',#428,#230,#430,.T.);
#428 = VERTEX_POINT('',#429);
#429 = CARTESIAN_POINT('',(47.2,15.,58.4));
#430 = SURFACE_CURVE('',#431,(#435,#442),.PCURVE_S1.);
#431 = LINE('',#432,#433);
#432 = CARTESIAN_POINT('',(47.2,15.,58.4));
#433 = VECTOR('',#434,1.);
#434 = DIRECTION('',(0.,-1.,-0.));
#435 = PCURVE('',#99,#436);
#436 = DEFINITIONAL_REPRESENTATION('',(#437),#441);
#437 = LINE('',#438,#439);
#438 = CARTESIAN_POINT('',(13.2,35.));
#439 = VECTOR('',#440,1.);
#440 = DIRECTION('',(0.,-1.));
#441 = ( GEOMETRIC_REPRESENTATION_CONTEXT(2) 
PARAMETRIC_REPRESENTATION_CONTEXT() REPRESENTATION_CONTEXT('2D SPACE',''
  ) );
#442 = PCURVE('',#245,#443);
#443 = DEFINITIONAL_REPRESENTATION('',(#444),#448);
#444 = LINE('',#445,#446);
#445 = CARTESIAN_POINT('',(-1.570796326795,0.));
#446 = VECTOR('',#447,1.);
#447 = DIRECTION('',(-0.,1.));
#448 = ( GEOMETRIC_REPRESENTATION_CONTEXT(2) 
PARAMETRIC_REPRESENTATION_CONTEXT() REPRESENTATION_CONTEXT('2D SPACE',''
  ) );
#449 = ORIENTED_EDGE('',*,*,#450,.F.);
#450 = EDGE_CURVE('',#311,#428,#451,.T.);
#451 = SURFACE_CURVE('',#452,(#457,#468),.PCURVE_S1.);
#452 = CIRCLE('',#453,4.2);
#453 = AXIS2_PLACEMENT_3D('',#454,#455,#456);
#454 = CARTESIAN_POINT('',(43.,15.,58.4));
#455 = DIRECTION('',(0.,-0.,-1.));
#456 = DIRECTION('',(2.6645352591E-16,1.,-0.));
#457 = PCURVE('',#99,#458);
#458 = DEFINITIONAL_REPRESENTATION('',(#459),#467);
#459 = ( BOUNDED_CURVE() B_SPLINE_CURVE(2,(#460,#461,#462,#463,#464,#465
,#466),.UNSPECIFIED.,.T.,.F.) B_SPLINE_CURVE_WITH_KNOTS((1,2,2,2,2,1),(
    -2.094395102393,0.,2.094395102393,4.188790204786,6.28318530718,
8.377580409573),.UNSPECIFIED.) CURVE() GEOMETRIC_REPRESENTATION_ITEM() 
RATIONAL_B_SPLINE_CURVE((1.,0.5,1.,0.5,1.,0.5,1.)) REPRESENTATION_ITEM(
  '') );
#460 = CARTESIAN_POINT('',(9.,39.2));
#461 = CARTESIAN_POINT('',(16.274613391789,39.2));
#462 = CARTESIAN_POINT('',(12.637306695895,32.9));
#463 = CARTESIAN_POINT('',(9.,26.6));
#464 = CARTESIAN_POINT('',(5.362693304105,32.9));
#465 = CARTESIAN_POINT('',(1.725386608211,39.2));
#466 = CARTESIAN_POINT('',(9.,39.2));
#467 = ( GEOMETRIC_REPRESENTATION_CONTEXT(2) 
PARAMETRIC_REPRESENTATION_CONTEXT() REPRESENTATION_CONTEXT('2D SPACE',''
  ) );
#468 = PCURVE('',#469,#474);
#469 = TOROIDAL_SURFACE('',#470,4.2,0.8);
#470 = AXIS2_PLACEMENT_3D('',#471,#472,#473);
#471 = CARTESIAN_POINT('',(43.,15.,59.2));
#472 = DIRECTION('',(-0.,-0.,-1.));
#473 = DIRECTION('',(2.6645352591E-16,1.,-0.));
#474 = DEFINITIONAL_REPRESENTATION('',(#475),#479);
#475 = LINE('',#476,#477);
#476 = CARTESIAN_POINT('',(0.,1.570796326795));
#477 = VECTOR('',#478,1.);
#478 = DIRECTION('',(1.,0.));
#479 = ( GEOMETRIC_REPRESENTATION_CONTEXT(2) 
PARAMETRIC_REPRESENTATION_CONTEXT() REPRESENTATION_CONTEXT('2D SPACE',''
  ) );
#480 = FACE_BOUND('',#481,.F.);
#481 = EDGE_LOOP('',(#482));
#482 = ORIENTED_EDGE('',*,*,#483,.F.);
#483 = EDGE_CURVE('',#484,#484,#486,.T.);
#484 = VERTEX_POINT('',#485);
#485 = CARTESIAN_POINT('',(43.65,-10.,58.4));
#486 = SURFACE_CURVE('',#487,(#492,#499),.PCURVE_S1.);
#487 = CIRCLE('',#488,1.65);
#488 = AXIS2_PLACEMENT_3D('',#489,#490,#491);
#489 = CARTESIAN_POINT('',(42.,-10.,58.4));
#490 = DIRECTION('',(0.,0.,1.));
#491 = DIRECTION('',(1.,0.,-0.));
#492 = PCURVE('',#99,#493);
#493 = DEFINITIONAL_REPRESENTATION('',(#494),#498);
#494 = CIRCLE('',#495,1.65);
#495 = AXIS2_PLACEMENT_2D('',#496,#497);
#496 = CARTESIAN_POINT('',(8.,10.));
#497 = DIRECTION('',(1.,0.));
#498 = ( GEOMETRIC_REPRESENTATION_CONTEXT(2) 
PARAMETRIC_REPRESENTATION_CONTEXT() REPRESENTATION_CONTEXT('2D SPACE',''
  ) );
#499 = PCURVE('',#500,#505);
#500 = CYLINDRICAL_SURFACE('',#501,1.65);
#501 = AXIS2_PLACEMENT_3D('',#502,#503,#504);
#502 = CARTESIAN_POINT('',(42.,-10.,57.5));
#503 = DIRECTION('',(0.,0.,1.));
#504 = DIRECTION('',(1.,0.,-0.));
#505 = DEFINITIONAL_REPRESENTATION('',(#506),#510);
#506 = LINE('',#507,#508);
#507 = CARTESIAN_POINT('',(0.,0.9));
#508 = VECTOR('',#509,1.);
#509 = DIRECTION('',(1.,0.));
#510 = ( GEOMETRIC_REPRESENTATION_CONTEXT(2) 
PARAMETRIC_REPRESENTATION_CONTEXT() REPRESENTATION_CONTEXT('2D SPACE',''
  ) );
#511 = FACE_BOUND('',#512,.F.);
#512 = EDGE_LOOP('',(#513));
#513 = ORIENTED_EDGE('',*,*,#514,.F.);
#514 = EDGE_CURVE('',#515,#515,#517,.T.);
#515 = VERTEX_POINT('',#516);
#516 = CARTESIAN_POINT('',(43.65,10.,58.4));
#517 = SURFACE_CURVE('',#518,(#523,#530),.PCURVE_S1.);
#518 = CIRCLE('',#519,1.65);
#519 = AXIS2_PLACEMENT_3D('',#520,#521,#522);
#520 = CARTESIAN_POINT('',(42.,10.,58.4));
#521 = DIRECTION('',(0.,0.,1.));
#522 = DIRECTION('',(1.,0.,-0.));
#523 = PCURVE('',#99,#524);
#524 = DEFINITIONAL_REPRESENTATION('',(#525),#529);
#525 = CIRCLE('',#526,1.65);
#526 = AXIS2_PLACEMENT_2D('',#527,#528);
#527 = CARTESIAN_POINT('',(8.,30.));
#528 = DIRECTION('',(1.,0.));
#529 = ( GEOMETRIC_REPRESENTATION_CONTEXT(2) 
PARAMETRIC_REPRESENTATION_CONTEXT() REPRESENTATION_CONTEXT('2D SPACE',''
  ) );
#530 = PCURVE('',#531,#536);
#531 = CYLINDRICAL_SURFACE('',#532,1.65);
#532 = AXIS2_PLACEMENT_3D('',#533,#534,#535);
#533 = CARTESIAN_POINT('',(42.,10.,57.5));
#534 = DIRECTION('',(0.,0.,1.));
#535 = DIRECTION('',(1.,0.,-0.));
#536 = DEFINITIONAL_REPRESENTATION('',(#537),#541);
#537 = LINE('',#538,#539);
#538 = CARTESIAN_POINT('',(0.,0.9));
#539 = VECTOR('',#540,1.);
#540 = DIRECTION('',(1.,0.));
#541 = ( GEOMETRIC_REPRESENTATION_CONTEXT(2) 
PARAMETRIC_REPRESENTATION_CONTEXT() REPRESENTATION_CONTEXT('2D SPACE',''
  ) );
#542 = ADVANCED_FACE('',(#543),#126,.T.);
#543 = FACE_BOUND('',#544,.T.);
#544 = EDGE_LOOP('',(#545,#546,#570,#592));
#545 = ORIENTED_EDGE('',*,*,#111,.F.);
#546 = ORIENTED_EDGE('',*,*,#547,.T.);
#547 = EDGE_CURVE('',#24,#548,#550,.T.);
#548 = VERTEX_POINT('',#549);
#549 = CARTESIAN_POINT('',(34.,-15.,59.2));
#550 = SURFACE_CURVE('',#551,(#556,#563),.PCURVE_S1.);
#551 = CIRCLE('',#552,5.);
#552 = AXIS2_PLACEMENT_3D('',#553,#554,#555);
#553 = CARTESIAN_POINT('',(39.,-15.,59.2));
#554 = DIRECTION('',(-0.,0.,-1.));
#555 = DIRECTION('',(-2.6645352591E-16,-1.,0.));
#556 = PCURVE('',#126,#557);
#557 = DEFINITIONAL_REPRESENTATION('',(#558),#562);
#558 = LINE('',#559,#560);
#559 = CARTESIAN_POINT('',(0.,0.));
#560 = VECTOR('',#561,1.);
#561 = DIRECTION('',(1.,0.));
#562 = ( GEOMETRIC_REPRESENTATION_CONTEXT(2) 
PARAMETRIC_REPRESENTATION_CONTEXT() REPRESENTATION_CONTEXT('2D SPACE',''
  ) );
#563 = PCURVE('',#157,#564);
#564 = DEFINITIONAL_REPRESENTATION('',(#565),#569);
#565 = LINE('',#566,#567);
#566 = CARTESIAN_POINT('',(1.570796326795,0.8));
#567 = VECTOR('',#568,1.);
#568 = DIRECTION('',(-1.,-0.));
#569 = ( GEOMETRIC_REPRESENTATION_CONTEXT(2) 
PARAMETRIC_REPRESENTATION_CONTEXT() REPRESENTATION_CONTEXT('2D SPACE',''
  ) );
#570 = ORIENTED_EDGE('',*,*,#571,.T.);
#571 = EDGE_CURVE('',#548,#372,#572,.T.);
#572 = SURFACE_CURVE('',#573,(#578,#585),.PCURVE_S1.);
#573 = CIRCLE('',#574,0.8);
#574 = AXIS2_PLACEMENT_3D('',#575,#576,#577);
#575 = CARTESIAN_POINT('',(34.8,-15.,59.2));
#576 = DIRECTION('',(-0.,-1.,0.));
#577 = DIRECTION('',(-1.,0.,0.));
#578 = PCURVE('',#126,#579);
#579 = DEFINITIONAL_REPRESENTATION('',(#580),#584);
#580 = LINE('',#581,#582);
#581 = CARTESIAN_POINT('',(1.570796326795,0.));
#582 = VECTOR('',#583,1.);
#583 = DIRECTION('',(0.,1.));
#584 = ( GEOMETRIC_REPRESENTATION_CONTEXT(2) 
PARAMETRIC_REPRESENTATION_CONTEXT() REPRESENTATION_CONTEXT('2D SPACE',''
  ) );
#585 = PCURVE('',#387,#586);
#586 = DEFINITIONAL_REPRESENTATION('',(#587),#591);
#587 = LINE('',#588,#589);
#588 = CARTESIAN_POINT('',(-0.,0.));
#589 = VECTOR('',#590,1.);
#590 = DIRECTION('',(-1.,0.));
#591 = ( GEOMETRIC_REPRESENTATION_CONTEXT(2) 
PARAMETRIC_REPRESENTATION_CONTEXT() REPRESENTATION_CONTEXT('2D SPACE',''
  ) );
#592 = ORIENTED_EDGE('',*,*,#399,.F.);
#593 = ADVANCED_FACE('',(#594),#157,.T.);
#594 = FACE_BOUND('',#595,.T.);
#595 = EDGE_LOOP('',(#596,#624,#625,#626,#655));
#596 = ORIENTED_EDGE('',*,*,#597,.F.);
#597 = EDGE_CURVE('',#548,#598,#600,.T.);
#598 = VERTEX_POINT('',#599);
#599 = CARTESIAN_POINT('',(34.,-15.,65.237673419758));
#600 = SURFACE_CURVE('',#601,(#605,#612),.PCURVE_S1.);
#601 = LINE('',#602,#603);
#602 = CARTESIAN_POINT('',(34.,-15.,58.4));
#603 = VECTOR('',#604,1.);
#604 = DIRECTION('',(0.,0.,1.));
#605 = PCURVE('',#157,#606);
#606 = DEFINITIONAL_REPRESENTATION('',(#607),#611);
#607 = LINE('',#608,#609);
#608 = CARTESIAN_POINT('',(0.,0.));
#609 = VECTOR('',#610,1.);
#610 = DIRECTION('',(0.,1.));
#611 = ( GEOMETRIC_REPRESENTATION_CONTEXT(2) 
PARAMETRIC_REPRESENTATION_CONTEXT() REPRESENTATION_CONTEXT('2D SPACE',''
  ) );
#612 = PCURVE('',#613,#618);
#613 = PLANE('',#614);
#614 = AXIS2_PLACEMENT_3D('',#615,#616,#617);
#615 = CARTESIAN_POINT('',(34.,-21.,57.5));
#616 = DIRECTION('',(1.,0.,-0.));
#617 = DIRECTION('',(0.,0.,1.));
#618 = DEFINITIONAL_REPRESENTATION('',(#619),#623);
#619 = LINE('',#620,#621);
#620 = CARTESIAN_POINT('',(0.9,-6.));
#621 = VECTOR('',#622,1.);
#622 = DIRECTION('',(1.,0.));
#623 = ( GEOMETRIC_REPRESENTATION_CONTEXT(2) 
PARAMETRIC_REPRESENTATION_CONTEXT() REPRESENTATION_CONTEXT('2D SPACE',''
  ) );
#624 = ORIENTED_EDGE('',*,*,#547,.F.);
#625 = ORIENTED_EDGE('',*,*,#141,.T.);
#626 = ORIENTED_EDGE('',*,*,#627,.T.);
#627 = EDGE_CURVE('',#142,#628,#630,.T.);
#628 = VERTEX_POINT('',#629);
#629 = CARTESIAN_POINT('',(34.038861348459,-15.62217624527,65.6));
#630 = SURFACE_CURVE('',#631,(#636,#643),.PCURVE_S1.);
#631 = CIRCLE('',#632,5.);
#632 = AXIS2_PLACEMENT_3D('',#633,#634,#635);
#633 = CARTESIAN_POINT('',(39.,-15.,65.6));
#634 = DIRECTION('',(-0.,0.,-1.));
#635 = DIRECTION('',(-2.6645352591E-16,-1.,0.));
#636 = PCURVE('',#157,#637);
#637 = DEFINITIONAL_REPRESENTATION('',(#638),#642);
#638 = LINE('',#639,#640);
#639 = CARTESIAN_POINT('',(1.570796326795,7.2));
#640 = VECTOR('',#641,1.);
#641 = DIRECTION('',(-1.,-0.));
#642 = ( GEOMETRIC_REPRESENTATION_CONTEXT(2) 
PARAMETRIC_REPRESENTATION_CONTEXT() REPRESENTATION_CONTEXT('2D SPACE',''
  ) );
#643 = PCURVE('',#644,#649);
#644 = TOROIDAL_SURFACE('',#645,4.2,0.8);
#645 = AXIS2_PLACEMENT_3D('',#646,#647,#648);
#646 = CARTESIAN_POINT('',(39.,-15.,65.6));
#647 = DIRECTION('',(0.,0.,1.));
#648 = DIRECTION('',(-2.6645352591E-16,-1.,0.));
#649 = DEFINITIONAL_REPRESENTATION('',(#650),#654);
#650 = LINE('',#651,#652);
#651 = CARTESIAN_POINT('',(-0.,0.));
#652 = VECTOR('',#653,1.);
#653 = DIRECTION('',(-1.,0.));
#654 = ( GEOMETRIC_REPRESENTATION_CONTEXT(2) 
PARAMETRIC_REPRESENTATION_CONTEXT() REPRESENTATION_CONTEXT('2D SPACE',''
  ) );
#655 = ORIENTED_EDGE('',*,*,#656,.T.);
#656 = EDGE_CURVE('',#628,#598,#657,.T.);
#657 = SURFACE_CURVE('',#658,(#676,#697),.PCURVE_S1.);
#658 = B_SPLINE_CURVE_WITH_KNOTS('',6,(#659,#660,#661,#662,#663,#664,
    #665,#666,#667,#668,#669,#670,#671,#672,#673,#674,#675),
  .UNSPECIFIED.,.F.,.F.,(7,5,5,7),(0.,4.728054648961E-02,0.851869295685,
    1.),.UNSPECIFIED.);
#659 = CARTESIAN_POINT('',(34.038861468001,-15.62217719848,65.6000006));
#660 = CARTESIAN_POINT('',(34.038265941593,-15.61742856825,
    65.597011559512));
#661 = CARTESIAN_POINT('',(34.037675508161,-15.61267637525,
    65.594025139791));
#662 = CARTESIAN_POINT('',(34.03709023712,-15.6079210709,65.591041616489
    ));
#663 = CARTESIAN_POINT('',(34.036510060682,-15.60316202624,
    65.588060569131));
#664 = CARTESIAN_POINT('',(34.035935057344,-15.59839976723,
    65.58508231914));
#665 = CARTESIAN_POINT('',(34.025667998791,-15.51253509682,
    65.531470028224));
#666 = CARTESIAN_POINT('',(34.01746642363,-15.43045908541,
    65.481609093526));
#667 = CARTESIAN_POINT('',(34.010829632511,-15.34749357513,
    65.432499803908));
#668 = CARTESIAN_POINT('',(34.005819845856,-15.26373271696,
    65.384111292829));
#669 = CARTESIAN_POINT('',(34.002491108032,-15.17927674525,
    65.336406432261));
#670 = CARTESIAN_POINT('',(34.000592897431,-15.07857395387,
    65.280677473348));
#671 = CARTESIAN_POINT('',(34.000356252075,-15.0628964969,
    65.272034350723));
#672 = CARTESIAN_POINT('',(34.000178377488,-15.0471997207,
    65.263412658232));
#673 = CARTESIAN_POINT('',(34.00005954131,-15.03148428758,65.25481211969
    ));
#674 = CARTESIAN_POINT('',(34.000000000232,-15.01575085353,
    65.246232478682));
#675 = CARTESIAN_POINT('',(34.,-15.00000006827,65.237673498564));
#676 = PCURVE('',#157,#677);
#677 = DEFINITIONAL_REPRESENTATION('',(#678),#696);
#678 = B_SPLINE_CURVE_WITH_KNOTS('',6,(#679,#680,#681,#682,#683,#684,
    #685,#686,#687,#688,#689,#690,#691,#692,#693,#694,#695),
  .UNSPECIFIED.,.F.,.F.,(7,5,5,7),(0.,4.728054648961E-02,0.851869295685,
    1.),.UNSPECIFIED.);
#679 = CARTESIAN_POINT('',(0.124758828233,7.2000006));
#680 = CARTESIAN_POINT('',(0.123801662817,7.197011559512));
#681 = CARTESIAN_POINT('',(0.122843917137,7.194025139791));
#682 = CARTESIAN_POINT('',(0.121885680921,7.191041616489));
#683 = CARTESIAN_POINT('',(0.120926826081,7.188060569131));
#684 = CARTESIAN_POINT('',(0.119967457349,7.18508231914));
#685 = CARTESIAN_POINT('',(0.102672193123,7.131470028224));
#686 = CARTESIAN_POINT('',(8.617834557519E-02,7.081609093526));
#687 = CARTESIAN_POINT('',(6.953717171867E-02,7.032499803908));
#688 = CARTESIAN_POINT('',(5.276022623142E-02,6.984111292829));
#689 = CARTESIAN_POINT('',(3.585948633929E-02,6.936406432261));
#690 = CARTESIAN_POINT('',(1.571535032344E-02,6.880677473348));
#691 = CARTESIAN_POINT('',(1.257952384429E-02,6.872034350723));
#692 = CARTESIAN_POINT('',(9.440000407713E-03,6.863412658232));
#693 = CARTESIAN_POINT('',(6.296857508996E-03,6.85481211969));
#694 = CARTESIAN_POINT('',(3.150170713027E-03,6.846232478682));
#695 = CARTESIAN_POINT('',(1.365428410338E-08,6.837673498564));
#696 = ( GEOMETRIC_REPRESENTATION_CONTEXT(2) 
PARAMETRIC_REPRESENTATION_CONTEXT() REPRESENTATION_CONTEXT('2D SPACE',''
  ) );
#697 = PCURVE('',#698,#703);
#698 = TOROIDAL_SURFACE('',#699,17.2,0.8);
#699 = AXIS2_PLACEMENT_3D('',#700,#701,#702);
#700 = CARTESIAN_POINT('',(34.8,-2.,76.5));
#701 = DIRECTION('',(-1.,-0.,-0.));
#702 = DIRECTION('',(0.,1.727013593861E-16,-1.));
#703 = DEFINITIONAL_REPRESENTATION('',(#704),#722);
#704 = B_SPLINE_CURVE_WITH_KNOTS('',6,(#705,#706,#707,#708,#709,#710,
    #711,#712,#713,#714,#715,#716,#717,#718,#719,#720,#721),
  .UNSPECIFIED.,.F.,.F.,(7,5,5,7),(0.,4.728054648961E-02,0.851869295685,
    1.),.UNSPECIFIED.);
#705 = CARTESIAN_POINT('',(0.895954324686,1.257825837482));
#706 = CARTESIAN_POINT('',(0.895650496507,1.260243640068));
#707 = CARTESIAN_POINT('',(0.895346637298,1.262661944517));
#708 = CARTESIAN_POINT('',(0.895042572107,1.26508232568));
#709 = CARTESIAN_POINT('',(0.894738561364,1.267502441882));
#710 = CARTESIAN_POINT('',(0.894434400593,1.269924131718));
#711 = CARTESIAN_POINT('',(0.888953095043,1.313570830708));
#712 = CARTESIAN_POINT('',(0.883753150523,1.355065828475));
#713 = CARTESIAN_POINT('',(0.878531054008,1.396827074843));
#714 = CARTESIAN_POINT('',(0.873287652287,1.438850830377));
#715 = CARTESIAN_POINT('',(0.868023978504,1.481134030156));
#716 = CARTESIAN_POINT('',(0.861768723304,1.531506114802));
#717 = CARTESIAN_POINT('',(0.86079549967,1.539346791903));
#718 = CARTESIAN_POINT('',(0.859821638854,1.547196147826));
#719 = CARTESIAN_POINT('',(0.858847148819,1.555054169467));
#720 = CARTESIAN_POINT('',(0.857872038486,1.562920877584));
#721 = CARTESIAN_POINT('',(0.85689631773,1.570796326795));
#722 = ( GEOMETRIC_REPRESENTATION_CONTEXT(2) 
PARAMETRIC_REPRESENTATION_CONTEXT() REPRESENTATION_CONTEXT('2D SPACE',''
  ) );
#723 = ADVANCED_FACE('',(#724),#185,.T.);
#724 = FACE_BOUND('',#725,.T.);
#725 = EDGE_LOOP('',(#726,#753,#781,#801));
#726 = ORIENTED_EDGE('',*,*,#727,.T.);
#727 = EDGE_CURVE('',#170,#728,#730,.T.);
#728 = VERTEX_POINT('',#729);
#729 = CARTESIAN_POINT('',(43.,-19.2,66.4));
#730 = SURFACE_CURVE('',#731,(#736,#742),.PCURVE_S1.);
#731 = CIRCLE('',#732,0.8);
#732 = AXIS2_PLACEMENT_3D('',#733,#734,#735);
#733 = CARTESIAN_POINT('',(43.,-19.2,65.6));
#734 = DIRECTION('',(-1.,-6.123233995737E-17,0.));
#735 = DIRECTION('',(6.123233995737E-17,-1.,-0.));
#736 = PCURVE('',#185,#737);
#737 = DEFINITIONAL_REPRESENTATION('',(#738),#741);
#738 = B_SPLINE_CURVE_WITH_KNOTS('',1,(#739,#740),.UNSPECIFIED.,.F.,.F.,
  (2,2),(0.,1.570796326795),.PIECEWISE_BEZIER_KNOTS.);
#739 = CARTESIAN_POINT('',(0.,0.));
#740 = CARTESIAN_POINT('',(1.570796326795,0.));
#741 = ( GEOMETRIC_REPRESENTATION_CONTEXT(2) 
PARAMETRIC_REPRESENTATION_CONTEXT() REPRESENTATION_CONTEXT('2D SPACE',''
  ) );
#742 = PCURVE('',#743,#748);
#743 = TOROIDAL_SURFACE('',#744,4.2,0.8);
#744 = AXIS2_PLACEMENT_3D('',#745,#746,#747);
#745 = CARTESIAN_POINT('',(43.,-15.,65.6));
#746 = DIRECTION('',(0.,0.,1.));
#747 = DIRECTION('',(1.,0.,-0.));
#748 = DEFINITIONAL_REPRESENTATION('',(#749),#752);
#749 = B_SPLINE_CURVE_WITH_KNOTS('',1,(#750,#751),.UNSPECIFIED.,.F.,.F.,
  (2,2),(0.,1.570796326795),.PIECEWISE_BEZIER_KNOTS.);
#750 = CARTESIAN_POINT('',(-1.570796326795,0.));
#751 = CARTESIAN_POINT('',(-1.570796326795,1.570796326795));
#752 = ( GEOMETRIC_REPRESENTATION_CONTEXT(2) 
PARAMETRIC_REPRESENTATION_CONTEXT() REPRESENTATION_CONTEXT('2D SPACE',''
  ) );
#753 = ORIENTED_EDGE('',*,*,#754,.T.);
#754 = EDGE_CURVE('',#728,#755,#757,.T.);
#755 = VERTEX_POINT('',#756);
#756 = CARTESIAN_POINT('',(39.,-19.2,66.4));
#757 = SURFACE_CURVE('',#758,(#762,#769),.PCURVE_S1.);
#758 = LINE('',#759,#760);
#759 = CARTESIAN_POINT('',(43.,-19.2,66.4));
#760 = VECTOR('',#761,1.);
#761 = DIRECTION('',(-1.,-0.,0.));
#762 = PCURVE('',#185,#763);
#763 = DEFINITIONAL_REPRESENTATION('',(#764),#768);
#764 = LINE('',#765,#766);
#765 = CARTESIAN_POINT('',(1.570796326795,0.));
#766 = VECTOR('',#767,1.);
#767 = DIRECTION('',(0.,1.));
#768 = ( GEOMETRIC_REPRESENTATION_CONTEXT(2) 
PARAMETRIC_REPRESENTATION_CONTEXT() REPRESENTATION_CONTEXT('2D SPACE',''
  ) );
#769 = PCURVE('',#770,#775);
#770 = PLANE('',#771);
#771 = AXIS2_PLACEMENT_3D('',#772,#773,#774);
#772 = CARTESIAN_POINT('',(34.,-20.,66.4));
#773 = DIRECTION('',(0.,0.,1.));
#774 = DIRECTION('',(1.,0.,-0.));
#775 = DEFINITIONAL_REPRESENTATION('',(#776),#780);
#776 = LINE('',#777,#778);
#777 = CARTESIAN_POINT('',(9.,0.8));
#778 = VECTOR('',#779,1.);
#779 = DIRECTION('',(-1.,0.));
#780 = ( GEOMETRIC_REPRESENTATION_CONTEXT(2) 
PARAMETRIC_REPRESENTATION_CONTEXT() REPRESENTATION_CONTEXT('2D SPACE',''
  ) );
#781 = ORIENTED_EDGE('',*,*,#782,.F.);
#782 = EDGE_CURVE('',#142,#755,#783,.T.);
#783 = SURFACE_CURVE('',#784,(#789,#795),.PCURVE_S1.);
#784 = CIRCLE('',#785,0.8);
#785 = AXIS2_PLACEMENT_3D('',#786,#787,#788);
#786 = CARTESIAN_POINT('',(39.,-19.2,65.6));
#787 = DIRECTION('',(-1.,-0.,0.));
#788 = DIRECTION('',(0.,-1.,-0.));
#789 = PCURVE('',#185,#790);
#790 = DEFINITIONAL_REPRESENTATION('',(#791),#794);
#791 = B_SPLINE_CURVE_WITH_KNOTS('',1,(#792,#793),.UNSPECIFIED.,.F.,.F.,
  (2,2),(0.,1.570796326795),.PIECEWISE_BEZIER_KNOTS.);
#792 = CARTESIAN_POINT('',(0.,4.));
#793 = CARTESIAN_POINT('',(1.570796326795,4.));
#794 = ( GEOMETRIC_REPRESENTATION_CONTEXT(2) 
PARAMETRIC_REPRESENTATION_CONTEXT() REPRESENTATION_CONTEXT('2D SPACE',''
  ) );
#795 = PCURVE('',#644,#796);
#796 = DEFINITIONAL_REPRESENTATION('',(#797),#800);
#797 = B_SPLINE_CURVE_WITH_KNOTS('',1,(#798,#799),.UNSPECIFIED.,.F.,.F.,
  (2,2),(0.,1.570796326795),.PIECEWISE_BEZIER_KNOTS.);
#798 = CARTESIAN_POINT('',(2.22044604925E-16,0.));
#799 = CARTESIAN_POINT('',(2.22044604925E-16,1.570796326795));
#800 = ( GEOMETRIC_REPRESENTATION_CONTEXT(2) 
PARAMETRIC_REPRESENTATION_CONTEXT() REPRESENTATION_CONTEXT('2D SPACE',''
  ) );
#801 = ORIENTED_EDGE('',*,*,#169,.F.);
#802 = ADVANCED_FACE('',(#803),#211,.T.);
#803 = FACE_BOUND('',#804,.F.);
#804 = EDGE_LOOP('',(#805,#833,#834,#835));
#805 = ORIENTED_EDGE('',*,*,#806,.F.);
#806 = EDGE_CURVE('',#228,#807,#809,.T.);
#807 = VERTEX_POINT('',#808);
#808 = CARTESIAN_POINT('',(48.,-15.,65.6));
#809 = SURFACE_CURVE('',#810,(#814,#821),.PCURVE_S1.);
#810 = LINE('',#811,#812);
#811 = CARTESIAN_POINT('',(48.,-15.,58.4));
#812 = VECTOR('',#813,1.);
#813 = DIRECTION('',(0.,0.,1.));
#814 = PCURVE('',#211,#815);
#815 = DEFINITIONAL_REPRESENTATION('',(#816),#820);
#816 = LINE('',#817,#818);
#817 = CARTESIAN_POINT('',(-0.,0.));
#818 = VECTOR('',#819,1.);
#819 = DIRECTION('',(-0.,1.));
#820 = ( GEOMETRIC_REPRESENTATION_CONTEXT(2) 
PARAMETRIC_REPRESENTATION_CONTEXT() REPRESENTATION_CONTEXT('2D SPACE',''
  ) );
#821 = PCURVE('',#822,#827);
#822 = PLANE('',#823);
#823 = AXIS2_PLACEMENT_3D('',#824,#825,#826);
#824 = CARTESIAN_POINT('',(48.,-20.,58.4));
#825 = DIRECTION('',(1.,0.,-0.));
#826 = DIRECTION('',(0.,0.,1.));
#827 = DEFINITIONAL_REPRESENTATION('',(#828),#832);
#828 = LINE('',#829,#830);
#829 = CARTESIAN_POINT('',(0.,-5.));
#830 = VECTOR('',#831,1.);
#831 = DIRECTION('',(1.,0.));
#832 = ( GEOMETRIC_REPRESENTATION_CONTEXT(2) 
PARAMETRIC_REPRESENTATION_CONTEXT() REPRESENTATION_CONTEXT('2D SPACE',''
  ) );
#833 = ORIENTED_EDGE('',*,*,#256,.T.);
#834 = ORIENTED_EDGE('',*,*,#197,.T.);
#835 = ORIENTED_EDGE('',*,*,#836,.F.);
#836 = EDGE_CURVE('',#807,#170,#837,.T.);
#837 = SURFACE_CURVE('',#838,(#843,#850),.PCURVE_S1.);
#838 = CIRCLE('',#839,5.);
#839 = AXIS2_PLACEMENT_3D('',#840,#841,#842);
#840 = CARTESIAN_POINT('',(43.,-15.,65.6));
#841 = DIRECTION('',(0.,-0.,-1.));
#842 = DIRECTION('',(1.,0.,-0.));
#843 = PCURVE('',#211,#844);
#844 = DEFINITIONAL_REPRESENTATION('',(#845),#849);
#845 = LINE('',#846,#847);
#846 = CARTESIAN_POINT('',(-0.,7.2));
#847 = VECTOR('',#848,1.);
#848 = DIRECTION('',(-1.,0.));
#849 = ( GEOMETRIC_REPRESENTATION_CONTEXT(2) 
PARAMETRIC_REPRESENTATION_CONTEXT() REPRESENTATION_CONTEXT('2D SPACE',''
  ) );
#850 = PCURVE('',#743,#851);
#851 = DEFINITIONAL_REPRESENTATION('',(#852),#856);
#852 = LINE('',#853,#854);
#853 = CARTESIAN_POINT('',(-0.,0.));
#854 = VECTOR('',#855,1.);
#855 = DIRECTION('',(-1.,0.));
#856 = ( GEOMETRIC_REPRESENTATION_CONTEXT(2) 
PARAMETRIC_REPRESENTATION_CONTEXT() REPRESENTATION_CONTEXT('2D SPACE',''
  ) );
#857 = ADVANCED_FACE('',(#858),#245,.T.);
#858 = FACE_BOUND('',#859,.F.);
#859 = EDGE_LOOP('',(#860,#882,#883,#884));
#860 = ORIENTED_EDGE('',*,*,#861,.T.);
#861 = EDGE_CURVE('',#862,#428,#864,.T.);
#862 = VERTEX_POINT('',#863);
#863 = CARTESIAN_POINT('',(48.,15.,59.2));
#864 = SURFACE_CURVE('',#865,(#870,#876),.PCURVE_S1.);
#865 = CIRCLE('',#866,0.8);
#866 = AXIS2_PLACEMENT_3D('',#867,#868,#869);
#867 = CARTESIAN_POINT('',(47.2,15.,59.2));
#868 = DIRECTION('',(2.052211859527E-16,1.,0.));
#869 = DIRECTION('',(1.,-2.052211859527E-16,0.));
#870 = PCURVE('',#245,#871);
#871 = DEFINITIONAL_REPRESENTATION('',(#872),#875);
#872 = B_SPLINE_CURVE_WITH_KNOTS('',1,(#873,#874),.UNSPECIFIED.,.F.,.F.,
  (2,2),(0.,1.570796326795),.PIECEWISE_BEZIER_KNOTS.);
#873 = CARTESIAN_POINT('',(0.,0.));
#874 = CARTESIAN_POINT('',(-1.570796326795,0.));
#875 = ( GEOMETRIC_REPRESENTATION_CONTEXT(2) 
PARAMETRIC_REPRESENTATION_CONTEXT() REPRESENTATION_CONTEXT('2D SPACE',''
  ) );
#876 = PCURVE('',#469,#877);
#877 = DEFINITIONAL_REPRESENTATION('',(#878),#881);
#878 = B_SPLINE_CURVE_WITH_KNOTS('',1,(#879,#880),.UNSPECIFIED.,.F.,.F.,
  (2,2),(0.,1.570796326795),.PIECEWISE_BEZIER_KNOTS.);
#879 = CARTESIAN_POINT('',(1.570796326795,0.));
#880 = CARTESIAN_POINT('',(1.570796326795,1.570796326795));
#881 = ( GEOMETRIC_REPRESENTATION_CONTEXT(2) 
PARAMETRIC_REPRESENTATION_CONTEXT() REPRESENTATION_CONTEXT('2D SPACE',''
  ) );
#882 = ORIENTED_EDGE('',*,*,#427,.T.);
#883 = ORIENTED_EDGE('',*,*,#227,.F.);
#884 = ORIENTED_EDGE('',*,*,#885,.F.);
#885 = EDGE_CURVE('',#862,#228,#886,.T.);
#886 = SURFACE_CURVE('',#887,(#891,#898),.PCURVE_S1.);
#887 = LINE('',#888,#889);
#888 = CARTESIAN_POINT('',(48.,15.,59.2));
#889 = VECTOR('',#890,1.);
#890 = DIRECTION('',(0.,-1.,-0.));
#891 = PCURVE('',#245,#892);
#892 = DEFINITIONAL_REPRESENTATION('',(#893),#897);
#893 = LINE('',#894,#895);
#894 = CARTESIAN_POINT('',(-0.,0.));
#895 = VECTOR('',#896,1.);
#896 = DIRECTION('',(-0.,1.));
#897 = ( GEOMETRIC_REPRESENTATION_CONTEXT(2) 
PARAMETRIC_REPRESENTATION_CONTEXT() REPRESENTATION_CONTEXT('2D SPACE',''
  ) );
#898 = PCURVE('',#822,#899);
#899 = DEFINITIONAL_REPRESENTATION('',(#900),#904);
#900 = LINE('',#901,#902);
#901 = CARTESIAN_POINT('',(0.8,-35.));
#902 = VECTOR('',#903,1.);
#903 = DIRECTION('',(0.,1.));
#904 = ( GEOMETRIC_REPRESENTATION_CONTEXT(2) 
PARAMETRIC_REPRESENTATION_CONTEXT() REPRESENTATION_CONTEXT('2D SPACE',''
  ) );
#905 = ADVANCED_FACE('',(#906),#326,.T.);
#906 = FACE_BOUND('',#907,.F.);
#907 = EDGE_LOOP('',(#908,#938,#960,#961));
#908 = ORIENTED_EDGE('',*,*,#909,.F.);
#909 = EDGE_CURVE('',#910,#912,#914,.T.);
#910 = VERTEX_POINT('',#911);
#911 = CARTESIAN_POINT('',(39.,20.,59.2));
#912 = VERTEX_POINT('',#913);
#913 = CARTESIAN_POINT('',(43.,20.,59.2));
#914 = SURFACE_CURVE('',#915,(#919,#926),.PCURVE_S1.);
#915 = LINE('',#916,#917);
#916 = CARTESIAN_POINT('',(39.,20.,59.2));
#917 = VECTOR('',#918,1.);
#918 = DIRECTION('',(1.,0.,-0.));
#919 = PCURVE('',#326,#920);
#920 = DEFINITIONAL_REPRESENTATION('',(#921),#925);
#921 = LINE('',#922,#923);
#922 = CARTESIAN_POINT('',(-0.,0.));
#923 = VECTOR('',#924,1.);
#924 = DIRECTION('',(-0.,1.));
#925 = ( GEOMETRIC_REPRESENTATION_CONTEXT(2) 
PARAMETRIC_REPRESENTATION_CONTEXT() REPRESENTATION_CONTEXT('2D SPACE',''
  ) );
#926 = PCURVE('',#927,#932);
#927 = PLANE('',#928);
#928 = AXIS2_PLACEMENT_3D('',#929,#930,#931);
#929 = CARTESIAN_POINT('',(34.,20.,58.4));
#930 = DIRECTION('',(-0.,1.,0.));
#931 = DIRECTION('',(0.,0.,1.));
#932 = DEFINITIONAL_REPRESENTATION('',(#933),#937);
#933 = LINE('',#934,#935);
#934 = CARTESIAN_POINT('',(0.8,5.));
#935 = VECTOR('',#936,1.);
#936 = DIRECTION('',(0.,1.));
#937 = ( GEOMETRIC_REPRESENTATION_CONTEXT(2) 
PARAMETRIC_REPRESENTATION_CONTEXT() REPRESENTATION_CONTEXT('2D SPACE',''
  ) );
#938 = ORIENTED_EDGE('',*,*,#939,.F.);
#939 = EDGE_CURVE('',#309,#910,#940,.T.);
#940 = SURFACE_CURVE('',#941,(#946,#953),.PCURVE_S1.);
#941 = CIRCLE('',#942,0.8);
#942 = AXIS2_PLACEMENT_3D('',#943,#944,#945);
#943 = CARTESIAN_POINT('',(39.,19.2,59.2));
#944 = DIRECTION('',(1.,0.,0.));
#945 = DIRECTION('',(0.,0.,-1.));
#946 = PCURVE('',#326,#947);
#947 = DEFINITIONAL_REPRESENTATION('',(#948),#952);
#948 = LINE('',#949,#950);
#949 = CARTESIAN_POINT('',(-1.570796326795,0.));
#950 = VECTOR('',#951,1.);
#951 = DIRECTION('',(1.,-0.));
#952 = ( GEOMETRIC_REPRESENTATION_CONTEXT(2) 
PARAMETRIC_REPRESENTATION_CONTEXT() REPRESENTATION_CONTEXT('2D SPACE',''
  ) );
#953 = PCURVE('',#359,#954);
#954 = DEFINITIONAL_REPRESENTATION('',(#955),#959);
#955 = LINE('',#956,#957);
#956 = CARTESIAN_POINT('',(1.570796326795,1.570796326795));
#957 = VECTOR('',#958,1.);
#958 = DIRECTION('',(-0.,-1.));
#959 = ( GEOMETRIC_REPRESENTATION_CONTEXT(2) 
PARAMETRIC_REPRESENTATION_CONTEXT() REPRESENTATION_CONTEXT('2D SPACE',''
  ) );
#960 = ORIENTED_EDGE('',*,*,#308,.T.);
#961 = ORIENTED_EDGE('',*,*,#962,.F.);
#962 = EDGE_CURVE('',#912,#311,#963,.T.);
#963 = SURFACE_CURVE('',#964,(#969,#975),.PCURVE_S1.);
#964 = CIRCLE('',#965,0.8);
#965 = AXIS2_PLACEMENT_3D('',#966,#967,#968);
#966 = CARTESIAN_POINT('',(43.,19.2,59.2));
#967 = DIRECTION('',(-1.,0.,0.));
#968 = DIRECTION('',(0.,1.,0.));
#969 = PCURVE('',#326,#970);
#970 = DEFINITIONAL_REPRESENTATION('',(#971),#974);
#971 = B_SPLINE_CURVE_WITH_KNOTS('',1,(#972,#973),.UNSPECIFIED.,.F.,.F.,
  (2,2),(0.,1.570796326795),.PIECEWISE_BEZIER_KNOTS.);
#972 = CARTESIAN_POINT('',(0.,4.));
#973 = CARTESIAN_POINT('',(-1.570796326795,4.));
#974 = ( GEOMETRIC_REPRESENTATION_CONTEXT(2) 
PARAMETRIC_REPRESENTATION_CONTEXT() REPRESENTATION_CONTEXT('2D SPACE',''
  ) );
#975 = PCURVE('',#469,#976);
#976 = DEFINITIONAL_REPRESENTATION('',(#977),#980);
#977 = B_SPLINE_CURVE_WITH_KNOTS('',1,(#978,#979),.UNSPECIFIED.,.F.,.F.,
  (2,2),(0.,1.570796326795),.PIECEWISE_BEZIER_KNOTS.);
#978 = CARTESIAN_POINT('',(0.,0.));
#979 = CARTESIAN_POINT('',(0.,1.570796326795));
#980 = ( GEOMETRIC_REPRESENTATION_CONTEXT(2) 
PARAMETRIC_REPRESENTATION_CONTEXT() REPRESENTATION_CONTEXT('2D SPACE',''
  ) );
#981 = ADVANCED_FACE('',(#982),#359,.T.);
#982 = FACE_BOUND('',#983,.T.);
#983 = EDGE_LOOP('',(#984,#1008,#1035,#1036));
#984 = ORIENTED_EDGE('',*,*,#985,.F.);
#985 = EDGE_CURVE('',#986,#339,#988,.T.);
#986 = VERTEX_POINT('',#987);
#987 = CARTESIAN_POINT('',(34.,15.,59.2));
#988 = SURFACE_CURVE('',#989,(#994,#1001),.PCURVE_S1.);
#989 = CIRCLE('',#990,0.8);
#990 = AXIS2_PLACEMENT_3D('',#991,#992,#993);
#991 = CARTESIAN_POINT('',(34.8,15.,59.2));
#992 = DIRECTION('',(-0.,-1.,0.));
#993 = DIRECTION('',(-1.,0.,0.));
#994 = PCURVE('',#359,#995);
#995 = DEFINITIONAL_REPRESENTATION('',(#996),#1000);
#996 = LINE('',#997,#998);
#997 = CARTESIAN_POINT('',(0.,0.));
#998 = VECTOR('',#999,1.);
#999 = DIRECTION('',(0.,1.));
#1000 = ( GEOMETRIC_REPRESENTATION_CONTEXT(2) 
PARAMETRIC_REPRESENTATION_CONTEXT() REPRESENTATION_CONTEXT('2D SPACE',''
  ) );
#1001 = PCURVE('',#387,#1002);
#1002 = DEFINITIONAL_REPRESENTATION('',(#1003),#1007);
#1003 = LINE('',#1004,#1005);
#1004 = CARTESIAN_POINT('',(-0.,30.));
#1005 = VECTOR('',#1006,1.);
#1006 = DIRECTION('',(-1.,0.));
#1007 = ( GEOMETRIC_REPRESENTATION_CONTEXT(2) 
PARAMETRIC_REPRESENTATION_CONTEXT() REPRESENTATION_CONTEXT('2D SPACE',''
  ) );
#1008 = ORIENTED_EDGE('',*,*,#1009,.T.);
#1009 = EDGE_CURVE('',#986,#910,#1010,.T.);
#1010 = SURFACE_CURVE('',#1011,(#1016,#1023),.PCURVE_S1.);
#1011 = CIRCLE('',#1012,5.);
#1012 = AXIS2_PLACEMENT_3D('',#1013,#1014,#1015);
#1013 = CARTESIAN_POINT('',(39.,15.,59.2));
#1014 = DIRECTION('',(-0.,0.,-1.));
#1015 = DIRECTION('',(-1.,0.,0.));
#1016 = PCURVE('',#359,#1017);
#1017 = DEFINITIONAL_REPRESENTATION('',(#1018),#1022);
#1018 = LINE('',#1019,#1020);
#1019 = CARTESIAN_POINT('',(0.,0.));
#1020 = VECTOR('',#1021,1.);
#1021 = DIRECTION('',(1.,0.));
#1022 = ( GEOMETRIC_REPRESENTATION_CONTEXT(2) 
PARAMETRIC_REPRESENTATION_CONTEXT() REPRESENTATION_CONTEXT('2D SPACE',''
  ) );
#1023 = PCURVE('',#1024,#1029);
#1024 = CYLINDRICAL_SURFACE('',#1025,5.);
#1025 = AXIS2_PLACEMENT_3D('',#1026,#1027,#1028);
#1026 = CARTESIAN_POINT('',(39.,15.,58.4));
#1027 = DIRECTION('',(0.,0.,1.));
#1028 = DIRECTION('',(-1.,-0.,0.));
#1029 = DEFINITIONAL_REPRESENTATION('',(#1030),#1034);
#1030 = LINE('',#1031,#1032);
#1031 = CARTESIAN_POINT('',(-0.,0.8));
#1032 = VECTOR('',#1033,1.);
#1033 = DIRECTION('',(-1.,0.));
#1034 = ( GEOMETRIC_REPRESENTATION_CONTEXT(2) 
PARAMETRIC_REPRESENTATION_CONTEXT() REPRESENTATION_CONTEXT('2D SPACE',''
  ) );
#1035 = ORIENTED_EDGE('',*,*,#939,.F.);
#1036 = ORIENTED_EDGE('',*,*,#338,.F.);
#1037 = ADVANCED_FACE('',(#1038),#469,.T.);
#1038 = FACE_BOUND('',#1039,.T.);
#1039 = EDGE_LOOP('',(#1040,#1041,#1068,#1069));
#1040 = ORIENTED_EDGE('',*,*,#962,.F.);
#1041 = ORIENTED_EDGE('',*,*,#1042,.T.);
#1042 = EDGE_CURVE('',#912,#862,#1043,.T.);
#1043 = SURFACE_CURVE('',#1044,(#1049,#1056),.PCURVE_S1.);
#1044 = CIRCLE('',#1045,5.);
#1045 = AXIS2_PLACEMENT_3D('',#1046,#1047,#1048);
#1046 = CARTESIAN_POINT('',(43.,15.,59.2));
#1047 = DIRECTION('',(0.,-0.,-1.));
#1048 = DIRECTION('',(2.6645352591E-16,1.,-0.));
#1049 = PCURVE('',#469,#1050);
#1050 = DEFINITIONAL_REPRESENTATION('',(#1051),#1055);
#1051 = LINE('',#1052,#1053);
#1052 = CARTESIAN_POINT('',(0.,0.));
#1053 = VECTOR('',#1054,1.);
#1054 = DIRECTION('',(1.,0.));
#1055 = ( GEOMETRIC_REPRESENTATION_CONTEXT(2) 
PARAMETRIC_REPRESENTATION_CONTEXT() REPRESENTATION_CONTEXT('2D SPACE',''
  ) );
#1056 = PCURVE('',#1057,#1062);
#1057 = CYLINDRICAL_SURFACE('',#1058,5.);
#1058 = AXIS2_PLACEMENT_3D('',#1059,#1060,#1061);
#1059 = CARTESIAN_POINT('',(43.,15.,58.4));
#1060 = DIRECTION('',(0.,0.,1.));
#1061 = DIRECTION('',(1.,0.,-0.));
#1062 = DEFINITIONAL_REPRESENTATION('',(#1063),#1067);
#1063 = LINE('',#1064,#1065);
#1064 = CARTESIAN_POINT('',(1.570796326795,0.8));
#1065 = VECTOR('',#1066,1.);
#1066 = DIRECTION('',(-1.,-0.));
#1067 = ( GEOMETRIC_REPRESENTATION_CONTEXT(2) 
PARAMETRIC_REPRESENTATION_CONTEXT() REPRESENTATION_CONTEXT('2D SPACE',''
  ) );
#1068 = ORIENTED_EDGE('',*,*,#861,.T.);
#1069 = ORIENTED_EDGE('',*,*,#450,.F.);
#1070 = ADVANCED_FACE('',(#1071),#387,.T.);
#1071 = FACE_BOUND('',#1072,.F.);
#1072 = EDGE_LOOP('',(#1073,#1094,#1095,#1096));
#1073 = ORIENTED_EDGE('',*,*,#1074,.F.);
#1074 = EDGE_CURVE('',#548,#986,#1075,.T.);
#1075 = SURFACE_CURVE('',#1076,(#1080,#1087),.PCURVE_S1.);
#1076 = LINE('',#1077,#1078);
#1077 = CARTESIAN_POINT('',(34.,-15.,59.2));
#1078 = VECTOR('',#1079,1.);
#1079 = DIRECTION('',(-0.,1.,0.));
#1080 = PCURVE('',#387,#1081);
#1081 = DEFINITIONAL_REPRESENTATION('',(#1082),#1086);
#1082 = LINE('',#1083,#1084);
#1083 = CARTESIAN_POINT('',(-0.,0.));
#1084 = VECTOR('',#1085,1.);
#1085 = DIRECTION('',(-0.,1.));
#1086 = ( GEOMETRIC_REPRESENTATION_CONTEXT(2) 
PARAMETRIC_REPRESENTATION_CONTEXT() REPRESENTATION_CONTEXT('2D SPACE',''
  ) );
#1087 = PCURVE('',#613,#1088);
#1088 = DEFINITIONAL_REPRESENTATION('',(#1089),#1093);
#1089 = LINE('',#1090,#1091);
#1090 = CARTESIAN_POINT('',(1.7,-6.));
#1091 = VECTOR('',#1092,1.);
#1092 = DIRECTION('',(0.,-1.));
#1093 = ( GEOMETRIC_REPRESENTATION_CONTEXT(2) 
PARAMETRIC_REPRESENTATION_CONTEXT() REPRESENTATION_CONTEXT('2D SPACE',''
  ) );
#1094 = ORIENTED_EDGE('',*,*,#571,.T.);
#1095 = ORIENTED_EDGE('',*,*,#371,.T.);
#1096 = ORIENTED_EDGE('',*,*,#985,.F.);
#1097 = ADVANCED_FACE('',(#1098),#500,.F.);
#1098 = FACE_BOUND('',#1099,.F.);
#1099 = EDGE_LOOP('',(#1100,#1129,#1150,#1151));
#1100 = ORIENTED_EDGE('',*,*,#1101,.F.);
#1101 = EDGE_CURVE('',#1102,#1102,#1104,.T.);
#1102 = VERTEX_POINT('',#1103);
#1103 = CARTESIAN_POINT('',(43.65,-10.,64.5));
#1104 = SURFACE_CURVE('',#1105,(#1110,#1117),.PCURVE_S1.);
#1105 = CIRCLE('',#1106,1.65);
#1106 = AXIS2_PLACEMENT_3D('',#1107,#1108,#1109);
#1107 = CARTESIAN_POINT('',(42.,-10.,64.5));
#1108 = DIRECTION('',(0.,0.,1.));
#1109 = DIRECTION('',(1.,0.,-0.));
#1110 = PCURVE('',#500,#1111);
#1111 = DEFINITIONAL_REPRESENTATION('',(#1112),#1116);
#1112 = LINE('',#1113,#1114);
#1113 = CARTESIAN_POINT('',(0.,7.));
#1114 = VECTOR('',#1115,1.);
#1115 = DIRECTION('',(1.,0.));
#1116 = ( GEOMETRIC_REPRESENTATION_CONTEXT(2) 
PARAMETRIC_REPRESENTATION_CONTEXT() REPRESENTATION_CONTEXT('2D SPACE',''
  ) );
#1117 = PCURVE('',#1118,#1123);
#1118 = PLANE('',#1119);
#1119 = AXIS2_PLACEMENT_3D('',#1120,#1121,#1122);
#1120 = CARTESIAN_POINT('',(42.,-10.,64.5));
#1121 = DIRECTION('',(0.,0.,1.));
#1122 = DIRECTION('',(1.,0.,-0.));
#1123 = DEFINITIONAL_REPRESENTATION('',(#1124),#1128);
#1124 = CIRCLE('',#1125,1.65);
#1125 = AXIS2_PLACEMENT_2D('',#1126,#1127);
#1126 = CARTESIAN_POINT('',(0.,0.));
#1127 = DIRECTION('',(1.,0.));
#1128 = ( GEOMETRIC_REPRESENTATION_CONTEXT(2) 
PARAMETRIC_REPRESENTATION_CONTEXT() REPRESENTATION_CONTEXT('2D SPACE',''
  ) );
#1129 = ORIENTED_EDGE('',*,*,#1130,.F.);
#1130 = EDGE_CURVE('',#484,#1102,#1131,.T.);
#1131 = SEAM_CURVE('',#1132,(#1136,#1143),.PCURVE_S1.);
#1132 = LINE('',#1133,#1134);
#1133 = CARTESIAN_POINT('',(43.65,-10.,57.5));
#1134 = VECTOR('',#1135,1.);
#1135 = DIRECTION('',(0.,0.,1.));
#1136 = PCURVE('',#500,#1137);
#1137 = DEFINITIONAL_REPRESENTATION('',(#1138),#1142);
#1138 = LINE('',#1139,#1140);
#1139 = CARTESIAN_POINT('',(6.28318530718,-0.));
#1140 = VECTOR('',#1141,1.);
#1141 = DIRECTION('',(0.,1.));
#1142 = ( GEOMETRIC_REPRESENTATION_CONTEXT(2) 
PARAMETRIC_REPRESENTATION_CONTEXT() REPRESENTATION_CONTEXT('2D SPACE',''
  ) );
#1143 = PCURVE('',#500,#1144);
#1144 = DEFINITIONAL_REPRESENTATION('',(#1145),#1149);
#1145 = LINE('',#1146,#1147);
#1146 = CARTESIAN_POINT('',(0.,-0.));
#1147 = VECTOR('',#1148,1.);
#1148 = DIRECTION('',(0.,1.));
#1149 = ( GEOMETRIC_REPRESENTATION_CONTEXT(2) 
PARAMETRIC_REPRESENTATION_CONTEXT() REPRESENTATION_CONTEXT('2D SPACE',''
  ) );
#1150 = ORIENTED_EDGE('',*,*,#483,.T.);
#1151 = ORIENTED_EDGE('',*,*,#1130,.T.);
#1152 = ADVANCED_FACE('',(#1153),#531,.F.);
#1153 = FACE_BOUND('',#1154,.F.);
#1154 = EDGE_LOOP('',(#1155,#1184,#1205,#1206));
#1155 = ORIENTED_EDGE('',*,*,#1156,.F.);
#1156 = EDGE_CURVE('',#1157,#1157,#1159,.T.);
#1157 = VERTEX_POINT('',#1158);
#1158 = CARTESIAN_POINT('',(43.65,10.,64.5));
#1159 = SURFACE_CURVE('',#1160,(#1165,#1172),.PCURVE_S1.);
#1160 = CIRCLE('',#1161,1.65);
#1161 = AXIS2_PLACEMENT_3D('',#1162,#1163,#1164);
#1162 = CARTESIAN_POINT('',(42.,10.,64.5));
#1163 = DIRECTION('',(0.,0.,1.));
#1164 = DIRECTION('',(1.,0.,-0.));
#1165 = PCURVE('',#531,#1166);
#1166 = DEFINITIONAL_REPRESENTATION('',(#1167),#1171);
#1167 = LINE('',#1168,#1169);
#1168 = CARTESIAN_POINT('',(0.,7.));
#1169 = VECTOR('',#1170,1.);
#1170 = DIRECTION('',(1.,0.));
#1171 = ( GEOMETRIC_REPRESENTATION_CONTEXT(2) 
PARAMETRIC_REPRESENTATION_CONTEXT() REPRESENTATION_CONTEXT('2D SPACE',''
  ) );
#1172 = PCURVE('',#1173,#1178);
#1173 = PLANE('',#1174);
#1174 = AXIS2_PLACEMENT_3D('',#1175,#1176,#1177);
#1175 = CARTESIAN_POINT('',(42.,10.,64.5));
#1176 = DIRECTION('',(0.,0.,1.));
#1177 = DIRECTION('',(1.,0.,-0.));
#1178 = DEFINITIONAL_REPRESENTATION('',(#1179),#1183);
#1179 = CIRCLE('',#1180,1.65);
#1180 = AXIS2_PLACEMENT_2D('',#1181,#1182);
#1181 = CARTESIAN_POINT('',(0.,0.));
#1182 = DIRECTION('',(1.,0.));
#1183 = ( GEOMETRIC_REPRESENTATION_CONTEXT(2) 
PARAMETRIC_REPRESENTATION_CONTEXT() REPRESENTATION_CONTEXT('2D SPACE',''
  ) );
#1184 = ORIENTED_EDGE('',*,*,#1185,.F.);
#1185 = EDGE_CURVE('',#515,#1157,#1186,.T.);
#1186 = SEAM_CURVE('',#1187,(#1191,#1198),.PCURVE_S1.);
#1187 = LINE('',#1188,#1189);
#1188 = CARTESIAN_POINT('',(43.65,10.,57.5));
#1189 = VECTOR('',#1190,1.);
#1190 = DIRECTION('',(0.,0.,1.));
#1191 = PCURVE('',#531,#1192);
#1192 = DEFINITIONAL_REPRESENTATION('',(#1193),#1197);
#1193 = LINE('',#1194,#1195);
#1194 = CARTESIAN_POINT('',(6.28318530718,-0.));
#1195 = VECTOR('',#1196,1.);
#1196 = DIRECTION('',(0.,1.));
#1197 = ( GEOMETRIC_REPRESENTATION_CONTEXT(2) 
PARAMETRIC_REPRESENTATION_CONTEXT() REPRESENTATION_CONTEXT('2D SPACE',''
  ) );
#1198 = PCURVE('',#531,#1199);
#1199 = DEFINITIONAL_REPRESENTATION('',(#1200),#1204);
#1200 = LINE('',#1201,#1202);
#1201 = CARTESIAN_POINT('',(0.,-0.));
#1202 = VECTOR('',#1203,1.);
#1203 = DIRECTION('',(0.,1.));
#1204 = ( GEOMETRIC_REPRESENTATION_CONTEXT(2) 
PARAMETRIC_REPRESENTATION_CONTEXT() REPRESENTATION_CONTEXT('2D SPACE',''
  ) );
#1205 = ORIENTED_EDGE('',*,*,#514,.T.);
#1206 = ORIENTED_EDGE('',*,*,#1185,.T.);
#1207 = ADVANCED_FACE('',(#1208,#1673,#1704,#1735,#1941,#1972),#613,.F.
  );
#1208 = FACE_BOUND('',#1209,.F.);
#1209 = EDGE_LOOP('',(#1210,#1240,#1273,#1301,#1334,#1362,#1388,#1389,
    #1390,#1413,#1446,#1474,#1502,#1530,#1563,#1591,#1619,#1647));
#1210 = ORIENTED_EDGE('',*,*,#1211,.F.);
#1211 = EDGE_CURVE('',#1212,#1214,#1216,.T.);
#1212 = VERTEX_POINT('',#1213);
#1213 = CARTESIAN_POINT('',(34.,19.2,109.));
#1214 = VERTEX_POINT('',#1215);
#1215 = CARTESIAN_POINT('',(34.,19.2,84.));
#1216 = SURFACE_CURVE('',#1217,(#1221,#1228),.PCURVE_S1.);
#1217 = LINE('',#1218,#1219);
#1218 = CARTESIAN_POINT('',(34.,19.2,109.));
#1219 = VECTOR('',#1220,1.);
#1220 = DIRECTION('',(0.,0.,-1.));
#1221 = PCURVE('',#613,#1222);
#1222 = DEFINITIONAL_REPRESENTATION('',(#1223),#1227);
#1223 = LINE('',#1224,#1225);
#1224 = CARTESIAN_POINT('',(51.5,-40.2));
#1225 = VECTOR('',#1226,1.);
#1226 = DIRECTION('',(-1.,0.));
#1227 = ( GEOMETRIC_REPRESENTATION_CONTEXT(2) 
PARAMETRIC_REPRESENTATION_CONTEXT() REPRESENTATION_CONTEXT('2D SPACE',''
  ) );
#1228 = PCURVE('',#1229,#1234);
#1229 = CYLINDRICAL_SURFACE('',#1230,0.8);
#1230 = AXIS2_PLACEMENT_3D('',#1231,#1232,#1233);
#1231 = CARTESIAN_POINT('',(34.8,19.2,109.));
#1232 = DIRECTION('',(-0.,-0.,-1.));
#1233 = DIRECTION('',(0.,1.,-0.));
#1234 = DEFINITIONAL_REPRESENTATION('',(#1235),#1239);
#1235 = LINE('',#1236,#1237);
#1236 = CARTESIAN_POINT('',(-1.570796326795,0.));
#1237 = VECTOR('',#1238,1.);
#1238 = DIRECTION('',(-0.,1.));
#1239 = ( GEOMETRIC_REPRESENTATION_CONTEXT(2) 
PARAMETRIC_REPRESENTATION_CONTEXT() REPRESENTATION_CONTEXT('2D SPACE',''
  ) );
#1240 = ORIENTED_EDGE('',*,*,#1241,.F.);
#1241 = EDGE_CURVE('',#1242,#1212,#1244,.T.);
#1242 = VERTEX_POINT('',#1243);
#1243 = CARTESIAN_POINT('',(34.,2.,126.2));
#1244 = SURFACE_CURVE('',#1245,(#1250,#1261),.PCURVE_S1.);
#1245 = CIRCLE('',#1246,17.2);
#1246 = AXIS2_PLACEMENT_3D('',#1247,#1248,#1249);
#1247 = CARTESIAN_POINT('',(34.,2.,109.));
#1248 = DIRECTION('',(-1.,0.,0.));
#1249 = DIRECTION('',(0.,0.,1.));
#1250 = PCURVE('',#613,#1251);
#1251 = DEFINITIONAL_REPRESENTATION('',(#1252),#1260);
#1252 = ( BOUNDED_CURVE() B_SPLINE_CURVE(2,(#1253,#1254,#1255,#1256,
#1257,#1258,#1259),.UNSPECIFIED.,.T.,.F.) B_SPLINE_CURVE_WITH_KNOTS((1,2
    ,2,2,2,1),(-2.094395102393,0.,2.094395102393,4.188790204786,
6.28318530718,8.377580409573),.UNSPECIFIED.) CURVE() 
GEOMETRIC_REPRESENTATION_ITEM() RATIONAL_B_SPLINE_CURVE((1.,0.5,1.,0.5,
1.,0.5,1.)) REPRESENTATION_ITEM('') );
#1253 = CARTESIAN_POINT('',(68.7,-23.));
#1254 = CARTESIAN_POINT('',(68.7,-52.79127389018));
#1255 = CARTESIAN_POINT('',(42.9,-37.89563694509));
#1256 = CARTESIAN_POINT('',(17.1,-23.));
#1257 = CARTESIAN_POINT('',(42.9,-8.104363054908));
#1258 = CARTESIAN_POINT('',(68.7,6.791273890185));
#1259 = CARTESIAN_POINT('',(68.7,-23.));
#1260 = ( GEOMETRIC_REPRESENTATION_CONTEXT(2) 
PARAMETRIC_REPRESENTATION_CONTEXT() REPRESENTATION_CONTEXT('2D SPACE',''
  ) );
#1261 = PCURVE('',#1262,#1267);
#1262 = TOROIDAL_SURFACE('',#1263,17.2,0.8);
#1263 = AXIS2_PLACEMENT_3D('',#1264,#1265,#1266);
#1264 = CARTESIAN_POINT('',(34.8,2.,109.));
#1265 = DIRECTION('',(-1.,-0.,-0.));
#1266 = DIRECTION('',(0.,-6.167905692362E-17,1.));
#1267 = DEFINITIONAL_REPRESENTATION('',(#1268),#1272);
#1268 = LINE('',#1269,#1270);
#1269 = CARTESIAN_POINT('',(0.,1.570796326795));
#1270 = VECTOR('',#1271,1.);
#1271 = DIRECTION('',(1.,0.));
#1272 = ( GEOMETRIC_REPRESENTATION_CONTEXT(2) 
PARAMETRIC_REPRESENTATION_CONTEXT() REPRESENTATION_CONTEXT('2D SPACE',''
  ) );
#1273 = ORIENTED_EDGE('',*,*,#1274,.F.);
#1274 = EDGE_CURVE('',#1275,#1242,#1277,.T.);
#1275 = VERTEX_POINT('',#1276);
#1276 = CARTESIAN_POINT('',(34.,-2.,126.2));
#1277 = SURFACE_CURVE('',#1278,(#1282,#1289),.PCURVE_S1.);
#1278 = LINE('',#1279,#1280);
#1279 = CARTESIAN_POINT('',(34.,-2.,126.2));
#1280 = VECTOR('',#1281,1.);
#1281 = DIRECTION('',(0.,1.,0.));
#1282 = PCURVE('',#613,#1283);
#1283 = DEFINITIONAL_REPRESENTATION('',(#1284),#1288);
#1284 = LINE('',#1285,#1286);
#1285 = CARTESIAN_POINT('',(68.7,-19.));
#1286 = VECTOR('',#1287,1.);
#1287 = DIRECTION('',(0.,-1.));
#1288 = ( GEOMETRIC_REPRESENTATION_CONTEXT(2) 
PARAMETRIC_REPRESENTATION_CONTEXT() REPRESENTATION_CONTEXT('2D SPACE',''
  ) );
#1289 = PCURVE('',#1290,#1295);
#1290 = CYLINDRICAL_SURFACE('',#1291,0.8);
#1291 = AXIS2_PLACEMENT_3D('',#1292,#1293,#1294);
#1292 = CARTESIAN_POINT('',(34.8,-2.,126.2));
#1293 = DIRECTION('',(0.,1.,0.));
#1294 = DIRECTION('',(0.,-0.,1.));
#1295 = DEFINITIONAL_REPRESENTATION('',(#1296),#1300);
#1296 = LINE('',#1297,#1298);
#1297 = CARTESIAN_POINT('',(-1.570796326795,0.));
#1298 = VECTOR('',#1299,1.);
#1299 = DIRECTION('',(-0.,1.));
#1300 = ( GEOMETRIC_REPRESENTATION_CONTEXT(2) 
PARAMETRIC_REPRESENTATION_CONTEXT() REPRESENTATION_CONTEXT('2D SPACE',''
  ) );
#1301 = ORIENTED_EDGE('',*,*,#1302,.F.);
#1302 = EDGE_CURVE('',#1303,#1275,#1305,.T.);
#1303 = VERTEX_POINT('',#1304);
#1304 = CARTESIAN_POINT('',(34.,-19.2,109.));
#1305 = SURFACE_CURVE('',#1306,(#1311,#1322),.PCURVE_S1.);
#1306 = CIRCLE('',#1307,17.2);
#1307 = AXIS2_PLACEMENT_3D('',#1308,#1309,#1310);
#1308 = CARTESIAN_POINT('',(34.,-2.,109.));
#1309 = DIRECTION('',(-1.,0.,0.));
#1310 = DIRECTION('',(0.,-1.,0.));
#1311 = PCURVE('',#613,#1312);
#1312 = DEFINITIONAL_REPRESENTATION('',(#1313),#1321);
#1313 = ( BOUNDED_CURVE() B_SPLINE_CURVE(2,(#1314,#1315,#1316,#1317,
#1318,#1319,#1320),.UNSPECIFIED.,.T.,.F.) B_SPLINE_CURVE_WITH_KNOTS((1,2
    ,2,2,2,1),(-2.094395102393,0.,2.094395102393,4.188790204786,
6.28318530718,8.377580409573),.UNSPECIFIED.) CURVE() 
GEOMETRIC_REPRESENTATION_ITEM() RATIONAL_B_SPLINE_CURVE((1.,0.5,1.,0.5,
1.,0.5,1.)) REPRESENTATION_ITEM('') );
#1314 = CARTESIAN_POINT('',(51.5,-1.8));
#1315 = CARTESIAN_POINT('',(81.291273890185,-1.8));
#1316 = CARTESIAN_POINT('',(66.395636945092,-27.6));
#1317 = CARTESIAN_POINT('',(51.5,-53.4));
#1318 = CARTESIAN_POINT('',(36.604363054908,-27.6));
#1319 = CARTESIAN_POINT('',(21.708726109815,-1.8));
#1320 = CARTESIAN_POINT('',(51.5,-1.8));
#1321 = ( GEOMETRIC_REPRESENTATION_CONTEXT(2) 
PARAMETRIC_REPRESENTATION_CONTEXT() REPRESENTATION_CONTEXT('2D SPACE',''
  ) );
#1322 = PCURVE('',#1323,#1328);
#1323 = TOROIDAL_SURFACE('',#1324,17.2,0.8);
#1324 = AXIS2_PLACEMENT_3D('',#1325,#1326,#1327);
#1325 = CARTESIAN_POINT('',(34.8,-2.,109.));
#1326 = DIRECTION('',(-1.,-0.,-0.));
#1327 = DIRECTION('',(0.,-1.,0.));
#1328 = DEFINITIONAL_REPRESENTATION('',(#1329),#1333);
#1329 = LINE('',#1330,#1331);
#1330 = CARTESIAN_POINT('',(0.,1.570796326795));
#1331 = VECTOR('',#1332,1.);
#1332 = DIRECTION('',(1.,0.));
#1333 = ( GEOMETRIC_REPRESENTATION_CONTEXT(2) 
PARAMETRIC_REPRESENTATION_CONTEXT() REPRESENTATION_CONTEXT('2D SPACE',''
  ) );
#1334 = ORIENTED_EDGE('',*,*,#1335,.T.);
#1335 = EDGE_CURVE('',#1303,#1336,#1338,.T.);
#1336 = VERTEX_POINT('',#1337);
#1337 = CARTESIAN_POINT('',(34.,-19.2,76.5));
#1338 = SURFACE_CURVE('',#1339,(#1343,#1350),.PCURVE_S1.);
#1339 = LINE('',#1340,#1341);
#1340 = CARTESIAN_POINT('',(34.,-19.2,109.));
#1341 = VECTOR('',#1342,1.);
#1342 = DIRECTION('',(0.,0.,-1.));
#1343 = PCURVE('',#613,#1344);
#1344 = DEFINITIONAL_REPRESENTATION('',(#1345),#1349);
#1345 = LINE('',#1346,#1347);
#1346 = CARTESIAN_POINT('',(51.5,-1.8));
#1347 = VECTOR('',#1348,1.);
#1348 = DIRECTION('',(-1.,0.));
#1349 = ( GEOMETRIC_REPRESENTATION_CONTEXT(2) 
PARAMETRIC_REPRESENTATION_CONTEXT() REPRESENTATION_CONTEXT('2D SPACE',''
  ) );
#1350 = PCURVE('',#1351,#1356);
#1351 = CYLINDRICAL_SURFACE('',#1352,0.8);
#1352 = AXIS2_PLACEMENT_3D('',#1353,#1354,#1355);
#1353 = CARTESIAN_POINT('',(34.8,-19.2,76.5));
#1354 = DIRECTION('',(0.,0.,1.));
#1355 = DIRECTION('',(0.,-1.,0.));
#1356 = DEFINITIONAL_REPRESENTATION('',(#1357),#1361);
#1357 = LINE('',#1358,#1359);
#1358 = CARTESIAN_POINT('',(-1.570796326795,32.5));
#1359 = VECTOR('',#1360,1.);
#1360 = DIRECTION('',(-0.,-1.));
#1361 = ( GEOMETRIC_REPRESENTATION_CONTEXT(2) 
PARAMETRIC_REPRESENTATION_CONTEXT() REPRESENTATION_CONTEXT('2D SPACE',''
  ) );
#1362 = ORIENTED_EDGE('',*,*,#1363,.F.);
#1363 = EDGE_CURVE('',#598,#1336,#1364,.T.);
#1364 = SURFACE_CURVE('',#1365,(#1370,#1381),.PCURVE_S1.);
#1365 = CIRCLE('',#1366,17.2);
#1366 = AXIS2_PLACEMENT_3D('',#1367,#1368,#1369);
#1367 = CARTESIAN_POINT('',(34.,-2.,76.5));
#1368 = DIRECTION('',(-1.,0.,-0.));
#1369 = DIRECTION('',(0.,1.727013593861E-16,-1.));
#1370 = PCURVE('',#613,#1371);
#1371 = DEFINITIONAL_REPRESENTATION('',(#1372),#1380);
#1372 = ( BOUNDED_CURVE() B_SPLINE_CURVE(2,(#1373,#1374,#1375,#1376,
#1377,#1378,#1379),.UNSPECIFIED.,.T.,.F.) B_SPLINE_CURVE_WITH_KNOTS((1,2
    ,2,2,2,1),(-2.094395102393,0.,2.094395102393,4.188790204786,
6.28318530718,8.377580409573),.UNSPECIFIED.) CURVE() 
GEOMETRIC_REPRESENTATION_ITEM() RATIONAL_B_SPLINE_CURVE((1.,0.5,1.,0.5,
1.,0.5,1.)) REPRESENTATION_ITEM('') );
#1373 = CARTESIAN_POINT('',(1.8,-19.));
#1374 = CARTESIAN_POINT('',(1.8,10.791273890185));
#1375 = CARTESIAN_POINT('',(27.6,-4.104363054908));
#1376 = CARTESIAN_POINT('',(53.4,-19.));
#1377 = CARTESIAN_POINT('',(27.6,-33.89563694509));
#1378 = CARTESIAN_POINT('',(1.8,-48.79127389018));
#1379 = CARTESIAN_POINT('',(1.8,-19.));
#1380 = ( GEOMETRIC_REPRESENTATION_CONTEXT(2) 
PARAMETRIC_REPRESENTATION_CONTEXT() REPRESENTATION_CONTEXT('2D SPACE',''
  ) );
#1381 = PCURVE('',#698,#1382);
#1382 = DEFINITIONAL_REPRESENTATION('',(#1383),#1387);
#1383 = LINE('',#1384,#1385);
#1384 = CARTESIAN_POINT('',(0.,1.570796326795));
#1385 = VECTOR('',#1386,1.);
#1386 = DIRECTION('',(1.,0.));
#1387 = ( GEOMETRIC_REPRESENTATION_CONTEXT(2) 
PARAMETRIC_REPRESENTATION_CONTEXT() REPRESENTATION_CONTEXT('2D SPACE',''
  ) );
#1388 = ORIENTED_EDGE('',*,*,#597,.F.);
#1389 = ORIENTED_EDGE('',*,*,#1074,.T.);
#1390 = ORIENTED_EDGE('',*,*,#1391,.T.);
#1391 = EDGE_CURVE('',#986,#1392,#1394,.T.);
#1392 = VERTEX_POINT('',#1393);
#1393 = CARTESIAN_POINT('',(34.,15.,65.237673419758));
#1394 = SURFACE_CURVE('',#1395,(#1399,#1406),.PCURVE_S1.);
#1395 = LINE('',#1396,#1397);
#1396 = CARTESIAN_POINT('',(34.,15.,58.4));
#1397 = VECTOR('',#1398,1.);
#1398 = DIRECTION('',(0.,0.,1.));
#1399 = PCURVE('',#613,#1400);
#1400 = DEFINITIONAL_REPRESENTATION('',(#1401),#1405);
#1401 = LINE('',#1402,#1403);
#1402 = CARTESIAN_POINT('',(0.9,-36.));
#1403 = VECTOR('',#1404,1.);
#1404 = DIRECTION('',(1.,0.));
#1405 = ( GEOMETRIC_REPRESENTATION_CONTEXT(2) 
PARAMETRIC_REPRESENTATION_CONTEXT() REPRESENTATION_CONTEXT('2D SPACE',''
  ) );
#1406 = PCURVE('',#1024,#1407);
#1407 = DEFINITIONAL_REPRESENTATION('',(#1408),#1412);
#1408 = LINE('',#1409,#1410);
#1409 = CARTESIAN_POINT('',(-0.,0.));
#1410 = VECTOR('',#1411,1.);
#1411 = DIRECTION('',(-0.,1.));
#1412 = ( GEOMETRIC_REPRESENTATION_CONTEXT(2) 
PARAMETRIC_REPRESENTATION_CONTEXT() REPRESENTATION_CONTEXT('2D SPACE',''
  ) );
#1413 = ORIENTED_EDGE('',*,*,#1414,.F.);
#1414 = EDGE_CURVE('',#1415,#1392,#1417,.T.);
#1415 = VERTEX_POINT('',#1416);
#1416 = CARTESIAN_POINT('',(34.,17.22629304854,68.5));
#1417 = SURFACE_CURVE('',#1418,(#1423,#1434),.PCURVE_S1.);
#1418 = CIRCLE('',#1419,17.2);
#1419 = AXIS2_PLACEMENT_3D('',#1420,#1421,#1422);
#1420 = CARTESIAN_POINT('',(34.,2.,76.5));
#1421 = DIRECTION('',(-1.,0.,-0.));
#1422 = DIRECTION('',(-0.,1.,0.));
#1423 = PCURVE('',#613,#1424);
#1424 = DEFINITIONAL_REPRESENTATION('',(#1425),#1433);
#1425 = ( BOUNDED_CURVE() B_SPLINE_CURVE(2,(#1426,#1427,#1428,#1429,
#1430,#1431,#1432),.UNSPECIFIED.,.T.,.F.) B_SPLINE_CURVE_WITH_KNOTS((1,2
    ,2,2,2,1),(-2.094395102393,0.,2.094395102393,4.188790204786,
6.28318530718,8.377580409573),.UNSPECIFIED.) CURVE() 
GEOMETRIC_REPRESENTATION_ITEM() RATIONAL_B_SPLINE_CURVE((1.,0.5,1.,0.5,
1.,0.5,1.)) REPRESENTATION_ITEM('') );
#1426 = CARTESIAN_POINT('',(19.,-40.2));
#1427 = CARTESIAN_POINT('',(-10.79127389018,-40.2));
#1428 = CARTESIAN_POINT('',(4.104363054908,-14.4));
#1429 = CARTESIAN_POINT('',(19.,11.4));
#1430 = CARTESIAN_POINT('',(33.895636945092,-14.4));
#1431 = CARTESIAN_POINT('',(48.791273890185,-40.2));
#1432 = CARTESIAN_POINT('',(19.,-40.2));
#1433 = ( GEOMETRIC_REPRESENTATION_CONTEXT(2) 
PARAMETRIC_REPRESENTATION_CONTEXT() REPRESENTATION_CONTEXT('2D SPACE',''
  ) );
#1434 = PCURVE('',#1435,#1440);
#1435 = TOROIDAL_SURFACE('',#1436,17.2,0.8);
#1436 = AXIS2_PLACEMENT_3D('',#1437,#1438,#1439);
#1437 = CARTESIAN_POINT('',(34.8,2.,76.5));
#1438 = DIRECTION('',(-1.,-0.,-0.));
#1439 = DIRECTION('',(-0.,1.,0.));
#1440 = DEFINITIONAL_REPRESENTATION('',(#1441),#1445);
#1441 = LINE('',#1442,#1443);
#1442 = CARTESIAN_POINT('',(0.,1.570796326795));
#1443 = VECTOR('',#1444,1.);
#1444 = DIRECTION('',(1.,0.));
#1445 = ( GEOMETRIC_REPRESENTATION_CONTEXT(2) 
PARAMETRIC_REPRESENTATION_CONTEXT() REPRESENTATION_CONTEXT('2D SPACE',''
  ) );
#1446 = ORIENTED_EDGE('',*,*,#1447,.T.);
#1447 = EDGE_CURVE('',#1415,#1448,#1450,.T.);
#1448 = VERTEX_POINT('',#1449);
#1449 = CARTESIAN_POINT('',(34.,23.,68.5));
#1450 = SURFACE_CURVE('',#1451,(#1455,#1462),.PCURVE_S1.);
#1451 = LINE('',#1452,#1453);
#1452 = CARTESIAN_POINT('',(34.,17.,68.5));
#1453 = VECTOR('',#1454,1.);
#1454 = DIRECTION('',(-0.,1.,0.));
#1455 = PCURVE('',#613,#1456);
#1456 = DEFINITIONAL_REPRESENTATION('',(#1457),#1461);
#1457 = LINE('',#1458,#1459);
#1458 = CARTESIAN_POINT('',(11.,-38.));
#1459 = VECTOR('',#1460,1.);
#1460 = DIRECTION('',(0.,-1.));
#1461 = ( GEOMETRIC_REPRESENTATION_CONTEXT(2) 
PARAMETRIC_REPRESENTATION_CONTEXT() REPRESENTATION_CONTEXT('2D SPACE',''
  ) );
#1462 = PCURVE('',#1463,#1468);
#1463 = CYLINDRICAL_SURFACE('',#1464,0.5);
#1464 = AXIS2_PLACEMENT_3D('',#1465,#1466,#1467);
#1465 = CARTESIAN_POINT('',(34.5,17.,68.5));
#1466 = DIRECTION('',(-0.,1.,0.));
#1467 = DIRECTION('',(-1.,-0.,0.));
#1468 = DEFINITIONAL_REPRESENTATION('',(#1469),#1473);
#1469 = LINE('',#1470,#1471);
#1470 = CARTESIAN_POINT('',(-0.,0.));
#1471 = VECTOR('',#1472,1.);
#1472 = DIRECTION('',(-0.,1.));
#1473 = ( GEOMETRIC_REPRESENTATION_CONTEXT(2) 
PARAMETRIC_REPRESENTATION_CONTEXT() REPRESENTATION_CONTEXT('2D SPACE',''
  ) );
#1474 = ORIENTED_EDGE('',*,*,#1475,.T.);
#1475 = EDGE_CURVE('',#1448,#1476,#1478,.T.);
#1476 = VERTEX_POINT('',#1477);
#1477 = CARTESIAN_POINT('',(34.,23.,72.5));
#1478 = SURFACE_CURVE('',#1479,(#1483,#1490),.PCURVE_S1.);
#1479 = LINE('',#1480,#1481);
#1480 = CARTESIAN_POINT('',(34.,23.,68.));
#1481 = VECTOR('',#1482,1.);
#1482 = DIRECTION('',(0.,0.,1.));
#1483 = PCURVE('',#613,#1484);
#1484 = DEFINITIONAL_REPRESENTATION('',(#1485),#1489);
#1485 = LINE('',#1486,#1487);
#1486 = CARTESIAN_POINT('',(10.5,-44.));
#1487 = VECTOR('',#1488,1.);
#1488 = DIRECTION('',(1.,0.));
#1489 = ( GEOMETRIC_REPRESENTATION_CONTEXT(2) 
PARAMETRIC_REPRESENTATION_CONTEXT() REPRESENTATION_CONTEXT('2D SPACE',''
  ) );
#1490 = PCURVE('',#1491,#1496);
#1491 = CYLINDRICAL_SURFACE('',#1492,1.);
#1492 = AXIS2_PLACEMENT_3D('',#1493,#1494,#1495);
#1493 = CARTESIAN_POINT('',(35.,23.,68.));
#1494 = DIRECTION('',(0.,0.,1.));
#1495 = DIRECTION('',(-1.,-0.,0.));
#1496 = DEFINITIONAL_REPRESENTATION('',(#1497),#1501);
#1497 = LINE('',#1498,#1499);
#1498 = CARTESIAN_POINT('',(-0.,0.));
#1499 = VECTOR('',#1500,1.);
#1500 = DIRECTION('',(-0.,1.));
#1501 = ( GEOMETRIC_REPRESENTATION_CONTEXT(2) 
PARAMETRIC_REPRESENTATION_CONTEXT() REPRESENTATION_CONTEXT('2D SPACE',''
  ) );
#1502 = ORIENTED_EDGE('',*,*,#1503,.F.);
#1503 = EDGE_CURVE('',#1504,#1476,#1506,.T.);
#1504 = VERTEX_POINT('',#1505);
#1505 = CARTESIAN_POINT('',(34.,18.728418933061,72.5));
#1506 = SURFACE_CURVE('',#1507,(#1511,#1518),.PCURVE_S1.);
#1507 = LINE('',#1508,#1509);
#1508 = CARTESIAN_POINT('',(34.,17.,72.5));
#1509 = VECTOR('',#1510,1.);
#1510 = DIRECTION('',(-0.,1.,0.));
#1511 = PCURVE('',#613,#1512);
#1512 = DEFINITIONAL_REPRESENTATION('',(#1513),#1517);
#1513 = LINE('',#1514,#1515);
#1514 = CARTESIAN_POINT('',(15.,-38.));
#1515 = VECTOR('',#1516,1.);
#1516 = DIRECTION('',(0.,-1.));
#1517 = ( GEOMETRIC_REPRESENTATION_CONTEXT(2) 
PARAMETRIC_REPRESENTATION_CONTEXT() REPRESENTATION_CONTEXT('2D SPACE',''
  ) );
#1518 = PCURVE('',#1519,#1524);
#1519 = CYLINDRICAL_SURFACE('',#1520,0.5);
#1520 = AXIS2_PLACEMENT_3D('',#1521,#1522,#1523);
#1521 = CARTESIAN_POINT('',(34.5,17.,72.5));
#1522 = DIRECTION('',(-0.,1.,0.));
#1523 = DIRECTION('',(-1.,-0.,0.));
#1524 = DEFINITIONAL_REPRESENTATION('',(#1525),#1529);
#1525 = LINE('',#1526,#1527);
#1526 = CARTESIAN_POINT('',(0.,0.));
#1527 = VECTOR('',#1528,1.);
#1528 = DIRECTION('',(0.,1.));
#1529 = ( GEOMETRIC_REPRESENTATION_CONTEXT(2) 
PARAMETRIC_REPRESENTATION_CONTEXT() REPRESENTATION_CONTEXT('2D SPACE',''
  ) );
#1530 = ORIENTED_EDGE('',*,*,#1531,.F.);
#1531 = EDGE_CURVE('',#1532,#1504,#1534,.T.);
#1532 = VERTEX_POINT('',#1533);
#1533 = CARTESIAN_POINT('',(34.,19.2,76.5));
#1534 = SURFACE_CURVE('',#1535,(#1540,#1551),.PCURVE_S1.);
#1535 = CIRCLE('',#1536,17.2);
#1536 = AXIS2_PLACEMENT_3D('',#1537,#1538,#1539);
#1537 = CARTESIAN_POINT('',(34.,2.,76.5));
#1538 = DIRECTION('',(-1.,0.,-0.));
#1539 = DIRECTION('',(-0.,1.,0.));
#1540 = PCURVE('',#613,#1541);
#1541 = DEFINITIONAL_REPRESENTATION('',(#1542),#1550);
#1542 = ( BOUNDED_CURVE() B_SPLINE_CURVE(2,(#1543,#1544,#1545,#1546,
#1547,#1548,#1549),.UNSPECIFIED.,.T.,.F.) B_SPLINE_CURVE_WITH_KNOTS((1,2
    ,2,2,2,1),(-2.094395102393,0.,2.094395102393,4.188790204786,
6.28318530718,8.377580409573),.UNSPECIFIED.) CURVE() 
GEOMETRIC_REPRESENTATION_ITEM() RATIONAL_B_SPLINE_CURVE((1.,0.5,1.,0.5,
1.,0.5,1.)) REPRESENTATION_ITEM('') );
#1543 = CARTESIAN_POINT('',(19.,-40.2));
#1544 = CARTESIAN_POINT('',(-10.79127389018,-40.2));
#1545 = CARTESIAN_POINT('',(4.104363054908,-14.4));
#1546 = CARTESIAN_POINT('',(19.,11.4));
#1547 = CARTESIAN_POINT('',(33.895636945092,-14.4));
#1548 = CARTESIAN_POINT('',(48.791273890185,-40.2));
#1549 = CARTESIAN_POINT('',(19.,-40.2));
#1550 = ( GEOMETRIC_REPRESENTATION_CONTEXT(2) 
PARAMETRIC_REPRESENTATION_CONTEXT() REPRESENTATION_CONTEXT('2D SPACE',''
  ) );
#1551 = PCURVE('',#1552,#1557);
#1552 = TOROIDAL_SURFACE('',#1553,17.2,0.8);
#1553 = AXIS2_PLACEMENT_3D('',#1554,#1555,#1556);
#1554 = CARTESIAN_POINT('',(34.8,2.,76.5));
#1555 = DIRECTION('',(-1.,-0.,-0.));
#1556 = DIRECTION('',(-0.,1.,0.));
#1557 = DEFINITIONAL_REPRESENTATION('',(#1558),#1562);
#1558 = LINE('',#1559,#1560);
#1559 = CARTESIAN_POINT('',(0.,1.570796326795));
#1560 = VECTOR('',#1561,1.);
#1561 = DIRECTION('',(1.,0.));
#1562 = ( GEOMETRIC_REPRESENTATION_CONTEXT(2) 
PARAMETRIC_REPRESENTATION_CONTEXT() REPRESENTATION_CONTEXT('2D SPACE',''
  ) );
#1563 = ORIENTED_EDGE('',*,*,#1564,.F.);
#1564 = EDGE_CURVE('',#1565,#1532,#1567,.T.);
#1565 = VERTEX_POINT('',#1566);
#1566 = CARTESIAN_POINT('',(34.,19.2,80.));
#1567 = SURFACE_CURVE('',#1568,(#1572,#1579),.PCURVE_S1.);
#1568 = LINE('',#1569,#1570);
#1569 = CARTESIAN_POINT('',(34.,19.2,109.));
#1570 = VECTOR('',#1571,1.);
#1571 = DIRECTION('',(0.,0.,-1.));
#1572 = PCURVE('',#613,#1573);
#1573 = DEFINITIONAL_REPRESENTATION('',(#1574),#1578);
#1574 = LINE('',#1575,#1576);
#1575 = CARTESIAN_POINT('',(51.5,-40.2));
#1576 = VECTOR('',#1577,1.);
#1577 = DIRECTION('',(-1.,0.));
#1578 = ( GEOMETRIC_REPRESENTATION_CONTEXT(2) 
PARAMETRIC_REPRESENTATION_CONTEXT() REPRESENTATION_CONTEXT('2D SPACE',''
  ) );
#1579 = PCURVE('',#1580,#1585);
#1580 = CYLINDRICAL_SURFACE('',#1581,0.8);
#1581 = AXIS2_PLACEMENT_3D('',#1582,#1583,#1584);
#1582 = CARTESIAN_POINT('',(34.8,19.2,109.));
#1583 = DIRECTION('',(-0.,-0.,-1.));
#1584 = DIRECTION('',(0.,1.,-0.));
#1585 = DEFINITIONAL_REPRESENTATION('',(#1586),#1590);
#1586 = LINE('',#1587,#1588);
#1587 = CARTESIAN_POINT('',(-1.570796326795,0.));
#1588 = VECTOR('',#1589,1.);
#1589 = DIRECTION('',(-0.,1.));
#1590 = ( GEOMETRIC_REPRESENTATION_CONTEXT(2) 
PARAMETRIC_REPRESENTATION_CONTEXT() REPRESENTATION_CONTEXT('2D SPACE',''
  ) );
#1591 = ORIENTED_EDGE('',*,*,#1592,.T.);
#1592 = EDGE_CURVE('',#1565,#1593,#1595,.T.);
#1593 = VERTEX_POINT('',#1594);
#1594 = CARTESIAN_POINT('',(34.,23.,80.));
#1595 = SURFACE_CURVE('',#1596,(#1600,#1607),.PCURVE_S1.);
#1596 = LINE('',#1597,#1598);
#1597 = CARTESIAN_POINT('',(34.,17.,80.));
#1598 = VECTOR('',#1599,1.);
#1599 = DIRECTION('',(-0.,1.,0.));
#1600 = PCURVE('',#613,#1601);
#1601 = DEFINITIONAL_REPRESENTATION('',(#1602),#1606);
#1602 = LINE('',#1603,#1604);
#1603 = CARTESIAN_POINT('',(22.5,-38.));
#1604 = VECTOR('',#1605,1.);
#1605 = DIRECTION('',(0.,-1.));
#1606 = ( GEOMETRIC_REPRESENTATION_CONTEXT(2) 
PARAMETRIC_REPRESENTATION_CONTEXT() REPRESENTATION_CONTEXT('2D SPACE',''
  ) );
#1607 = PCURVE('',#1608,#1613);
#1608 = CYLINDRICAL_SURFACE('',#1609,0.5);
#1609 = AXIS2_PLACEMENT_3D('',#1610,#1611,#1612);
#1610 = CARTESIAN_POINT('',(34.5,17.,80.));
#1611 = DIRECTION('',(-0.,1.,0.));
#1612 = DIRECTION('',(-1.,-0.,0.));
#1613 = DEFINITIONAL_REPRESENTATION('',(#1614),#1618);
#1614 = LINE('',#1615,#1616);
#1615 = CARTESIAN_POINT('',(-0.,0.));
#1616 = VECTOR('',#1617,1.);
#1617 = DIRECTION('',(-0.,1.));
#1618 = ( GEOMETRIC_REPRESENTATION_CONTEXT(2) 
PARAMETRIC_REPRESENTATION_CONTEXT() REPRESENTATION_CONTEXT('2D SPACE',''
  ) );
#1619 = ORIENTED_EDGE('',*,*,#1620,.T.);
#1620 = EDGE_CURVE('',#1593,#1621,#1623,.T.);
#1621 = VERTEX_POINT('',#1622);
#1622 = CARTESIAN_POINT('',(34.,23.,84.));
#1623 = SURFACE_CURVE('',#1624,(#1628,#1635),.PCURVE_S1.);
#1624 = LINE('',#1625,#1626);
#1625 = CARTESIAN_POINT('',(34.,23.,79.5));
#1626 = VECTOR('',#1627,1.);
#1627 = DIRECTION('',(0.,0.,1.));
#1628 = PCURVE('',#613,#1629);
#1629 = DEFINITIONAL_REPRESENTATION('',(#1630),#1634);
#1630 = LINE('',#1631,#1632);
#1631 = CARTESIAN_POINT('',(22.,-44.));
#1632 = VECTOR('',#1633,1.);
#1633 = DIRECTION('',(1.,0.));
#1634 = ( GEOMETRIC_REPRESENTATION_CONTEXT(2) 
PARAMETRIC_REPRESENTATION_CONTEXT() REPRESENTATION_CONTEXT('2D SPACE',''
  ) );
#1635 = PCURVE('',#1636,#1641);
#1636 = CYLINDRICAL_SURFACE('',#1637,1.);
#1637 = AXIS2_PLACEMENT_3D('',#1638,#1639,#1640);
#1638 = CARTESIAN_POINT('',(35.,23.,79.5));
#1639 = DIRECTION('',(0.,0.,1.));
#1640 = DIRECTION('',(-1.,-0.,0.));
#1641 = DEFINITIONAL_REPRESENTATION('',(#1642),#1646);
#1642 = LINE('',#1643,#1644);
#1643 = CARTESIAN_POINT('',(-0.,0.));
#1644 = VECTOR('',#1645,1.);
#1645 = DIRECTION('',(-0.,1.));
#1646 = ( GEOMETRIC_REPRESENTATION_CONTEXT(2) 
PARAMETRIC_REPRESENTATION_CONTEXT() REPRESENTATION_CONTEXT('2D SPACE',''
  ) );
#1647 = ORIENTED_EDGE('',*,*,#1648,.F.);
#1648 = EDGE_CURVE('',#1214,#1621,#1649,.T.);
#1649 = SURFACE_CURVE('',#1650,(#1654,#1661),.PCURVE_S1.);
#1650 = LINE('',#1651,#1652);
#1651 = CARTESIAN_POINT('',(34.,17.,84.));
#1652 = VECTOR('',#1653,1.);
#1653 = DIRECTION('',(-0.,1.,0.));
#1654 = PCURVE('',#613,#1655);
#1655 = DEFINITIONAL_REPRESENTATION('',(#1656),#1660);
#1656 = LINE('',#1657,#1658);
#1657 = CARTESIAN_POINT('',(26.5,-38.));
#1658 = VECTOR('',#1659,1.);
#1659 = DIRECTION('',(0.,-1.));
#1660 = ( GEOMETRIC_REPRESENTATION_CONTEXT(2) 
PARAMETRIC_REPRESENTATION_CONTEXT() REPRESENTATION_CONTEXT('2D SPACE',''
  ) );
#1661 = PCURVE('',#1662,#1667);
#1662 = CYLINDRICAL_SURFACE('',#1663,0.5);
#1663 = AXIS2_PLACEMENT_3D('',#1664,#1665,#1666);
#1664 = CARTESIAN_POINT('',(34.5,17.,84.));
#1665 = DIRECTION('',(-0.,1.,0.));
#1666 = DIRECTION('',(-1.,-0.,0.));
#1667 = DEFINITIONAL_REPRESENTATION('',(#1668),#1672);
#1668 = LINE('',#1669,#1670);
#1669 = CARTESIAN_POINT('',(0.,0.));
#1670 = VECTOR('',#1671,1.);
#1671 = DIRECTION('',(0.,1.));
#1672 = ( GEOMETRIC_REPRESENTATION_CONTEXT(2) 
PARAMETRIC_REPRESENTATION_CONTEXT() REPRESENTATION_CONTEXT('2D SPACE',''
  ) );
#1673 = FACE_BOUND('',#1674,.F.);
#1674 = EDGE_LOOP('',(#1675));
#1675 = ORIENTED_EDGE('',*,*,#1676,.F.);
#1676 = EDGE_CURVE('',#1677,#1677,#1679,.T.);
#1677 = VERTEX_POINT('',#1678);
#1678 = CARTESIAN_POINT('',(34.,10.,72.6));
#1679 = SURFACE_CURVE('',#1680,(#1685,#1692),.PCURVE_S1.);
#1680 = CIRCLE('',#1681,0.9);
#1681 = AXIS2_PLACEMENT_3D('',#1682,#1683,#1684);
#1682 = CARTESIAN_POINT('',(34.,10.,73.5));
#1683 = DIRECTION('',(1.,0.,2.22044604925E-16));
#1684 = DIRECTION('',(2.22044604925E-16,0.,-1.));
#1685 = PCURVE('',#613,#1686);
#1686 = DEFINITIONAL_REPRESENTATION('',(#1687),#1691);
#1687 = CIRCLE('',#1688,0.9);
#1688 = AXIS2_PLACEMENT_2D('',#1689,#1690);
#1689 = CARTESIAN_POINT('',(16.,-31.));
#1690 = DIRECTION('',(-1.,0.));
#1691 = ( GEOMETRIC_REPRESENTATION_CONTEXT(2) 
PARAMETRIC_REPRESENTATION_CONTEXT() REPRESENTATION_CONTEXT('2D SPACE',''
  ) );
#1692 = PCURVE('',#1693,#1698);
#1693 = CYLINDRICAL_SURFACE('',#1694,0.9);
#1694 = AXIS2_PLACEMENT_3D('',#1695,#1696,#1697);
#1695 = CARTESIAN_POINT('',(33.,10.,73.5));
#1696 = DIRECTION('',(1.,0.,2.22044604925E-16));
#1697 = DIRECTION('',(2.22044604925E-16,0.,-1.));
#1698 = DEFINITIONAL_REPRESENTATION('',(#1699),#1703);
#1699 = LINE('',#1700,#1701);
#1700 = CARTESIAN_POINT('',(0.,1.));
#1701 = VECTOR('',#1702,1.);
#1702 = DIRECTION('',(1.,0.));
#1703 = ( GEOMETRIC_REPRESENTATION_CONTEXT(2) 
PARAMETRIC_REPRESENTATION_CONTEXT() REPRESENTATION_CONTEXT('2D SPACE',''
  ) );
#1704 = FACE_BOUND('',#1705,.F.);
#1705 = EDGE_LOOP('',(#1706));
#1706 = ORIENTED_EDGE('',*,*,#1707,.F.);
#1707 = EDGE_CURVE('',#1708,#1708,#1710,.T.);
#1708 = VERTEX_POINT('',#1709);
#1709 = CARTESIAN_POINT('',(34.,10.,112.1));
#1710 = SURFACE_CURVE('',#1711,(#1716,#1723),.PCURVE_S1.);
#1711 = CIRCLE('',#1712,0.9);
#1712 = AXIS2_PLACEMENT_3D('',#1713,#1714,#1715);
#1713 = CARTESIAN_POINT('',(34.,10.,113.));
#1714 = DIRECTION('',(1.,0.,2.22044604925E-16));
#1715 = DIRECTION('',(2.22044604925E-16,0.,-1.));
#1716 = PCURVE('',#613,#1717);
#1717 = DEFINITIONAL_REPRESENTATION('',(#1718),#1722);
#1718 = CIRCLE('',#1719,0.9);
#1719 = AXIS2_PLACEMENT_2D('',#1720,#1721);
#1720 = CARTESIAN_POINT('',(55.5,-31.));
#1721 = DIRECTION('',(-1.,0.));
#1722 = ( GEOMETRIC_REPRESENTATION_CONTEXT(2) 
PARAMETRIC_REPRESENTATION_CONTEXT() REPRESENTATION_CONTEXT('2D SPACE',''
  ) );
#1723 = PCURVE('',#1724,#1729);
#1724 = CYLINDRICAL_SURFACE('',#1725,0.9);
#1725 = AXIS2_PLACEMENT_3D('',#1726,#1727,#1728);
#1726 = CARTESIAN_POINT('',(33.,10.,113.));
#1727 = DIRECTION('',(1.,0.,2.22044604925E-16));
#1728 = DIRECTION('',(2.22044604925E-16,0.,-1.));
#1729 = DEFINITIONAL_REPRESENTATION('',(#1730),#1734);
#1730 = LINE('',#1731,#1732);
#1731 = CARTESIAN_POINT('',(0.,1.));
#1732 = VECTOR('',#1733,1.);
#1733 = DIRECTION('',(1.,0.));
#1734 = ( GEOMETRIC_REPRESENTATION_CONTEXT(2) 
PARAMETRIC_REPRESENTATION_CONTEXT() REPRESENTATION_CONTEXT('2D SPACE',''
  ) );
#1735 = FACE_BOUND('',#1736,.F.);
#1736 = EDGE_LOOP('',(#1737,#1765,#1791,#1820,#1841,#1867,#1893,#1922));
#1737 = ORIENTED_EDGE('',*,*,#1738,.F.);
#1738 = EDGE_CURVE('',#1739,#1741,#1743,.T.);
#1739 = VERTEX_POINT('',#1740);
#1740 = CARTESIAN_POINT('',(34.,6.45,94.15));
#1741 = VERTEX_POINT('',#1742);
#1742 = CARTESIAN_POINT('',(34.,6.45,117.85));
#1743 = SURFACE_CURVE('',#1744,(#1748,#1754),.PCURVE_S1.);
#1744 = LINE('',#1745,#1746);
#1745 = CARTESIAN_POINT('',(34.,6.45,75.825));
#1746 = VECTOR('',#1747,1.);
#1747 = DIRECTION('',(0.,0.,1.));
#1748 = PCURVE('',#613,#1749);
#1749 = DEFINITIONAL_REPRESENTATION('',(#1750),#1753);
#1750 = B_SPLINE_CURVE_WITH_KNOTS('',1,(#1751,#1752),.UNSPECIFIED.,.F.,
  .F.,(2,2),(18.325,42.025),.PIECEWISE_BEZIER_KNOTS.);
#1751 = CARTESIAN_POINT('',(36.65,-27.45));
#1752 = CARTESIAN_POINT('',(60.35,-27.45));
#1753 = ( GEOMETRIC_REPRESENTATION_CONTEXT(2) 
PARAMETRIC_REPRESENTATION_CONTEXT() REPRESENTATION_CONTEXT('2D SPACE',''
  ) );
#1754 = PCURVE('',#1755,#1760);
#1755 = PLANE('',#1756);
#1756 = AXIS2_PLACEMENT_3D('',#1757,#1758,#1759);
#1757 = CARTESIAN_POINT('',(32.,6.45,94.15));
#1758 = DIRECTION('',(-0.,1.,0.));
#1759 = DIRECTION('',(0.,0.,1.));
#1760 = DEFINITIONAL_REPRESENTATION('',(#1761),#1764);
#1761 = B_SPLINE_CURVE_WITH_KNOTS('',1,(#1762,#1763),.UNSPECIFIED.,.F.,
  .F.,(2,2),(18.325,42.025),.PIECEWISE_BEZIER_KNOTS.);
#1762 = CARTESIAN_POINT('',(0.,2.));
#1763 = CARTESIAN_POINT('',(23.7,2.));
#1764 = ( GEOMETRIC_REPRESENTATION_CONTEXT(2) 
PARAMETRIC_REPRESENTATION_CONTEXT() REPRESENTATION_CONTEXT('2D SPACE',''
  ) );
#1765 = ORIENTED_EDGE('',*,*,#1766,.T.);
#1766 = EDGE_CURVE('',#1739,#1767,#1769,.T.);
#1767 = VERTEX_POINT('',#1768);
#1768 = CARTESIAN_POINT('',(34.,0.663324958071,94.15));
#1769 = SURFACE_CURVE('',#1770,(#1774,#1780),.PCURVE_S1.);
#1770 = LINE('',#1771,#1772);
#1771 = CARTESIAN_POINT('',(34.,-13.725,94.15));
#1772 = VECTOR('',#1773,1.);
#1773 = DIRECTION('',(0.,-1.,0.));
#1774 = PCURVE('',#613,#1775);
#1775 = DEFINITIONAL_REPRESENTATION('',(#1776),#1779);
#1776 = B_SPLINE_CURVE_WITH_KNOTS('',1,(#1777,#1778),.UNSPECIFIED.,.F.,
  .F.,(2,2),(-20.175,-7.275),.PIECEWISE_BEZIER_KNOTS.);
#1777 = CARTESIAN_POINT('',(36.65,-27.45));
#1778 = CARTESIAN_POINT('',(36.65,-14.55));
#1779 = ( GEOMETRIC_REPRESENTATION_CONTEXT(2) 
PARAMETRIC_REPRESENTATION_CONTEXT() REPRESENTATION_CONTEXT('2D SPACE',''
  ) );
#1780 = PCURVE('',#1781,#1786);
#1781 = PLANE('',#1782);
#1782 = AXIS2_PLACEMENT_3D('',#1783,#1784,#1785);
#1783 = CARTESIAN_POINT('',(32.,-6.45,94.15));
#1784 = DIRECTION('',(0.,0.,1.));
#1785 = DIRECTION('',(1.,0.,-0.));
#1786 = DEFINITIONAL_REPRESENTATION('',(#1787),#1790);
#1787 = B_SPLINE_CURVE_WITH_KNOTS('',1,(#1788,#1789),.UNSPECIFIED.,.F.,
  .F.,(2,2),(-20.175,-7.275),.PIECEWISE_BEZIER_KNOTS.);
#1788 = CARTESIAN_POINT('',(2.,12.9));
#1789 = CARTESIAN_POINT('',(2.,0.));
#1790 = ( GEOMETRIC_REPRESENTATION_CONTEXT(2) 
PARAMETRIC_REPRESENTATION_CONTEXT() REPRESENTATION_CONTEXT('2D SPACE',''
  ) );
#1791 = ORIENTED_EDGE('',*,*,#1792,.F.);
#1792 = EDGE_CURVE('',#1793,#1767,#1795,.T.);
#1793 = VERTEX_POINT('',#1794);
#1794 = CARTESIAN_POINT('',(34.,-0.663324958071,94.15));
#1795 = SURFACE_CURVE('',#1796,(#1801,#1808),.PCURVE_S1.);
#1796 = CIRCLE('',#1797,2.25);
#1797 = AXIS2_PLACEMENT_3D('',#1798,#1799,#1800);
#1798 = CARTESIAN_POINT('',(34.,0.,92.));
#1799 = DIRECTION('',(1.,0.,0.));
#1800 = DIRECTION('',(0.,-0.294811092476,0.955555555556));
#1801 = PCURVE('',#613,#1802);
#1802 = DEFINITIONAL_REPRESENTATION('',(#1803),#1807);
#1803 = CIRCLE('',#1804,2.25);
#1804 = AXIS2_PLACEMENT_2D('',#1805,#1806);
#1805 = CARTESIAN_POINT('',(34.5,-21.));
#1806 = DIRECTION('',(0.955555555556,0.294811092476));
#1807 = ( GEOMETRIC_REPRESENTATION_CONTEXT(2) 
PARAMETRIC_REPRESENTATION_CONTEXT() REPRESENTATION_CONTEXT('2D SPACE',''
  ) );
#1808 = PCURVE('',#1809,#1814);
#1809 = CYLINDRICAL_SURFACE('',#1810,2.25);
#1810 = AXIS2_PLACEMENT_3D('',#1811,#1812,#1813);
#1811 = CARTESIAN_POINT('',(34.,0.,92.));
#1812 = DIRECTION('',(1.,0.,2.22044604925E-16));
#1813 = DIRECTION('',(2.22044604925E-16,0.,-1.));
#1814 = DEFINITIONAL_REPRESENTATION('',(#1815),#1819);
#1815 = LINE('',#1816,#1817);
#1816 = CARTESIAN_POINT('',(3.440850472309,0.));
#1817 = VECTOR('',#1818,1.);
#1818 = DIRECTION('',(1.,0.));
#1819 = ( GEOMETRIC_REPRESENTATION_CONTEXT(2) 
PARAMETRIC_REPRESENTATION_CONTEXT() REPRESENTATION_CONTEXT('2D SPACE',''
  ) );
#1820 = ORIENTED_EDGE('',*,*,#1821,.T.);
#1821 = EDGE_CURVE('',#1793,#1822,#1824,.T.);
#1822 = VERTEX_POINT('',#1823);
#1823 = CARTESIAN_POINT('',(34.,-6.45,94.15));
#1824 = SURFACE_CURVE('',#1825,(#1829,#1835),.PCURVE_S1.);
#1825 = LINE('',#1826,#1827);
#1826 = CARTESIAN_POINT('',(34.,-13.725,94.15));
#1827 = VECTOR('',#1828,1.);
#1828 = DIRECTION('',(0.,-1.,0.));
#1829 = PCURVE('',#613,#1830);
#1830 = DEFINITIONAL_REPRESENTATION('',(#1831),#1834);
#1831 = B_SPLINE_CURVE_WITH_KNOTS('',1,(#1832,#1833),.UNSPECIFIED.,.F.,
  .F.,(2,2),(-20.175,-7.275),.PIECEWISE_BEZIER_KNOTS.);
#1832 = CARTESIAN_POINT('',(36.65,-27.45));
#1833 = CARTESIAN_POINT('',(36.65,-14.55));
#1834 = ( GEOMETRIC_REPRESENTATION_CONTEXT(2) 
PARAMETRIC_REPRESENTATION_CONTEXT() REPRESENTATION_CONTEXT('2D SPACE',''
  ) );
#1835 = PCURVE('',#1781,#1836);
#1836 = DEFINITIONAL_REPRESENTATION('',(#1837),#1840);
#1837 = B_SPLINE_CURVE_WITH_KNOTS('',1,(#1838,#1839),.UNSPECIFIED.,.F.,
  .F.,(2,2),(-20.175,-7.275),.PIECEWISE_BEZIER_KNOTS.);
#1838 = CARTESIAN_POINT('',(2.,12.9));
#1839 = CARTESIAN_POINT('',(2.,0.));
#1840 = ( GEOMETRIC_REPRESENTATION_CONTEXT(2) 
PARAMETRIC_REPRESENTATION_CONTEXT() REPRESENTATION_CONTEXT('2D SPACE',''
  ) );
#1841 = ORIENTED_EDGE('',*,*,#1842,.T.);
#1842 = EDGE_CURVE('',#1822,#1843,#1845,.T.);
#1843 = VERTEX_POINT('',#1844);
#1844 = CARTESIAN_POINT('',(34.,-6.45,117.85));
#1845 = SURFACE_CURVE('',#1846,(#1850,#1856),.PCURVE_S1.);
#1846 = LINE('',#1847,#1848);
#1847 = CARTESIAN_POINT('',(34.,-6.45,75.825));
#1848 = VECTOR('',#1849,1.);
#1849 = DIRECTION('',(0.,0.,1.));
#1850 = PCURVE('',#613,#1851);
#1851 = DEFINITIONAL_REPRESENTATION('',(#1852),#1855);
#1852 = B_SPLINE_CURVE_WITH_KNOTS('',1,(#1853,#1854),.UNSPECIFIED.,.F.,
  .F.,(2,2),(18.325,42.025),.PIECEWISE_BEZIER_KNOTS.);
#1853 = CARTESIAN_POINT('',(36.65,-14.55));
#1854 = CARTESIAN_POINT('',(60.35,-14.55));
#1855 = ( GEOMETRIC_REPRESENTATION_CONTEXT(2) 
PARAMETRIC_REPRESENTATION_CONTEXT() REPRESENTATION_CONTEXT('2D SPACE',''
  ) );
#1856 = PCURVE('',#1857,#1862);
#1857 = PLANE('',#1858);
#1858 = AXIS2_PLACEMENT_3D('',#1859,#1860,#1861);
#1859 = CARTESIAN_POINT('',(32.,-6.45,94.15));
#1860 = DIRECTION('',(-0.,1.,0.));
#1861 = DIRECTION('',(0.,0.,1.));
#1862 = DEFINITIONAL_REPRESENTATION('',(#1863),#1866);
#1863 = B_SPLINE_CURVE_WITH_KNOTS('',1,(#1864,#1865),.UNSPECIFIED.,.F.,
  .F.,(2,2),(18.325,42.025),.PIECEWISE_BEZIER_KNOTS.);
#1864 = CARTESIAN_POINT('',(0.,2.));
#1865 = CARTESIAN_POINT('',(23.7,2.));
#1866 = ( GEOMETRIC_REPRESENTATION_CONTEXT(2) 
PARAMETRIC_REPRESENTATION_CONTEXT() REPRESENTATION_CONTEXT('2D SPACE',''
  ) );
#1867 = ORIENTED_EDGE('',*,*,#1868,.F.);
#1868 = EDGE_CURVE('',#1869,#1843,#1871,.T.);
#1869 = VERTEX_POINT('',#1870);
#1870 = CARTESIAN_POINT('',(34.,-0.663324958071,117.85));
#1871 = SURFACE_CURVE('',#1872,(#1876,#1882),.PCURVE_S1.);
#1872 = LINE('',#1873,#1874);
#1873 = CARTESIAN_POINT('',(34.,-13.725,117.85));
#1874 = VECTOR('',#1875,1.);
#1875 = DIRECTION('',(0.,-1.,0.));
#1876 = PCURVE('',#613,#1877);
#1877 = DEFINITIONAL_REPRESENTATION('',(#1878),#1881);
#1878 = B_SPLINE_CURVE_WITH_KNOTS('',1,(#1879,#1880),.UNSPECIFIED.,.F.,
  .F.,(2,2),(-20.175,-7.275),.PIECEWISE_BEZIER_KNOTS.);
#1879 = CARTESIAN_POINT('',(60.35,-27.45));
#1880 = CARTESIAN_POINT('',(60.35,-14.55));
#1881 = ( GEOMETRIC_REPRESENTATION_CONTEXT(2) 
PARAMETRIC_REPRESENTATION_CONTEXT() REPRESENTATION_CONTEXT('2D SPACE',''
  ) );
#1882 = PCURVE('',#1883,#1888);
#1883 = PLANE('',#1884);
#1884 = AXIS2_PLACEMENT_3D('',#1885,#1886,#1887);
#1885 = CARTESIAN_POINT('',(32.,-6.45,117.85));
#1886 = DIRECTION('',(0.,0.,1.));
#1887 = DIRECTION('',(1.,0.,-0.));
#1888 = DEFINITIONAL_REPRESENTATION('',(#1889),#1892);
#1889 = B_SPLINE_CURVE_WITH_KNOTS('',1,(#1890,#1891),.UNSPECIFIED.,.F.,
  .F.,(2,2),(-20.175,-7.275),.PIECEWISE_BEZIER_KNOTS.);
#1890 = CARTESIAN_POINT('',(2.,12.9));
#1891 = CARTESIAN_POINT('',(2.,0.));
#1892 = ( GEOMETRIC_REPRESENTATION_CONTEXT(2) 
PARAMETRIC_REPRESENTATION_CONTEXT() REPRESENTATION_CONTEXT('2D SPACE',''
  ) );
#1893 = ORIENTED_EDGE('',*,*,#1894,.F.);
#1894 = EDGE_CURVE('',#1895,#1869,#1897,.T.);
#1895 = VERTEX_POINT('',#1896);
#1896 = CARTESIAN_POINT('',(34.,0.663324958071,117.85));
#1897 = SURFACE_CURVE('',#1898,(#1903,#1910),.PCURVE_S1.);
#1898 = CIRCLE('',#1899,2.25);
#1899 = AXIS2_PLACEMENT_3D('',#1900,#1901,#1902);
#1900 = CARTESIAN_POINT('',(34.,0.,120.));
#1901 = DIRECTION('',(1.,-0.,2.22044604925E-16));
#1902 = DIRECTION('',(2.22044604925E-16,0.,-1.));
#1903 = PCURVE('',#613,#1904);
#1904 = DEFINITIONAL_REPRESENTATION('',(#1905),#1909);
#1905 = CIRCLE('',#1906,2.25);
#1906 = AXIS2_PLACEMENT_2D('',#1907,#1908);
#1907 = CARTESIAN_POINT('',(62.5,-21.));
#1908 = DIRECTION('',(-1.,0.));
#1909 = ( GEOMETRIC_REPRESENTATION_CONTEXT(2) 
PARAMETRIC_REPRESENTATION_CONTEXT() REPRESENTATION_CONTEXT('2D SPACE',''
  ) );
#1910 = PCURVE('',#1911,#1916);
#1911 = CYLINDRICAL_SURFACE('',#1912,2.25);
#1912 = AXIS2_PLACEMENT_3D('',#1913,#1914,#1915);
#1913 = CARTESIAN_POINT('',(34.,0.,120.));
#1914 = DIRECTION('',(1.,0.,2.22044604925E-16));
#1915 = DIRECTION('',(2.22044604925E-16,0.,-1.));
#1916 = DEFINITIONAL_REPRESENTATION('',(#1917),#1921);
#1917 = LINE('',#1918,#1919);
#1918 = CARTESIAN_POINT('',(0.,0.));
#1919 = VECTOR('',#1920,1.);
#1920 = DIRECTION('',(1.,0.));
#1921 = ( GEOMETRIC_REPRESENTATION_CONTEXT(2) 
PARAMETRIC_REPRESENTATION_CONTEXT() REPRESENTATION_CONTEXT('2D SPACE',''
  ) );
#1922 = ORIENTED_EDGE('',*,*,#1923,.F.);
#1923 = EDGE_CURVE('',#1741,#1895,#1924,.T.);
#1924 = SURFACE_CURVE('',#1925,(#1929,#1935),.PCURVE_S1.);
#1925 = LINE('',#1926,#1927);
#1926 = CARTESIAN_POINT('',(34.,-13.725,117.85));
#1927 = VECTOR('',#1928,1.);
#1928 = DIRECTION('',(0.,-1.,0.));
#1929 = PCURVE('',#613,#1930);
#1930 = DEFINITIONAL_REPRESENTATION('',(#1931),#1934);
#1931 = B_SPLINE_CURVE_WITH_KNOTS('',1,(#1932,#1933),.UNSPECIFIED.,.F.,
  .F.,(2,2),(-20.175,-7.275),.PIECEWISE_BEZIER_KNOTS.);
#1932 = CARTESIAN_POINT('',(60.35,-27.45));
#1933 = CARTESIAN_POINT('',(60.35,-14.55));
#1934 = ( GEOMETRIC_REPRESENTATION_CONTEXT(2) 
PARAMETRIC_REPRESENTATION_CONTEXT() REPRESENTATION_CONTEXT('2D SPACE',''
  ) );
#1935 = PCURVE('',#1883,#1936);
#1936 = DEFINITIONAL_REPRESENTATION('',(#1937),#1940);
#1937 = B_SPLINE_CURVE_WITH_KNOTS('',1,(#1938,#1939),.UNSPECIFIED.,.F.,
  .F.,(2,2),(-20.175,-7.275),.PIECEWISE_BEZIER_KNOTS.);
#1938 = CARTESIAN_POINT('',(2.,12.9));
#1939 = CARTESIAN_POINT('',(2.,0.));
#1940 = ( GEOMETRIC_REPRESENTATION_CONTEXT(2) 
PARAMETRIC_REPRESENTATION_CONTEXT() REPRESENTATION_CONTEXT('2D SPACE',''
  ) );
#1941 = FACE_BOUND('',#1942,.F.);
#1942 = EDGE_LOOP('',(#1943));
#1943 = ORIENTED_EDGE('',*,*,#1944,.F.);
#1944 = EDGE_CURVE('',#1945,#1945,#1947,.T.);
#1945 = VERTEX_POINT('',#1946);
#1946 = CARTESIAN_POINT('',(34.,-10.,72.6));
#1947 = SURFACE_CURVE('',#1948,(#1953,#1960),.PCURVE_S1.);
#1948 = CIRCLE('',#1949,0.9);
#1949 = AXIS2_PLACEMENT_3D('',#1950,#1951,#1952);
#1950 = CARTESIAN_POINT('',(34.,-10.,73.5));
#1951 = DIRECTION('',(1.,0.,2.22044604925E-16));
#1952 = DIRECTION('',(2.22044604925E-16,0.,-1.));
#1953 = PCURVE('',#613,#1954);
#1954 = DEFINITIONAL_REPRESENTATION('',(#1955),#1959);
#1955 = CIRCLE('',#1956,0.9);
#1956 = AXIS2_PLACEMENT_2D('',#1957,#1958);
#1957 = CARTESIAN_POINT('',(16.,-11.));
#1958 = DIRECTION('',(-1.,0.));
#1959 = ( GEOMETRIC_REPRESENTATION_CONTEXT(2) 
PARAMETRIC_REPRESENTATION_CONTEXT() REPRESENTATION_CONTEXT('2D SPACE',''
  ) );
#1960 = PCURVE('',#1961,#1966);
#1961 = CYLINDRICAL_SURFACE('',#1962,0.9);
#1962 = AXIS2_PLACEMENT_3D('',#1963,#1964,#1965);
#1963 = CARTESIAN_POINT('',(33.,-10.,73.5));
#1964 = DIRECTION('',(1.,0.,2.22044604925E-16));
#1965 = DIRECTION('',(2.22044604925E-16,0.,-1.));
#1966 = DEFINITIONAL_REPRESENTATION('',(#1967),#1971);
#1967 = LINE('',#1968,#1969);
#1968 = CARTESIAN_POINT('',(0.,1.));
#1969 = VECTOR('',#1970,1.);
#1970 = DIRECTION('',(1.,0.));
#1971 = ( GEOMETRIC_REPRESENTATION_CONTEXT(2) 
PARAMETRIC_REPRESENTATION_CONTEXT() REPRESENTATION_CONTEXT('2D SPACE',''
  ) );
#1972 = FACE_BOUND('',#1973,.F.);
#1973 = EDGE_LOOP('',(#1974));
#1974 = ORIENTED_EDGE('',*,*,#1975,.F.);
#1975 = EDGE_CURVE('',#1976,#1976,#1978,.T.);
#1976 = VERTEX_POINT('',#1977);
#1977 = CARTESIAN_POINT('',(34.,-10.,112.1));
#1978 = SURFACE_CURVE('',#1979,(#1984,#1991),.PCURVE_S1.);
#1979 = CIRCLE('',#1980,0.9);
#1980 = AXIS2_PLACEMENT_3D('',#1981,#1982,#1983);
#1981 = CARTESIAN_POINT('',(34.,-10.,113.));
#1982 = DIRECTION('',(1.,0.,2.22044604925E-16));
#1983 = DIRECTION('',(2.22044604925E-16,0.,-1.));
#1984 = PCURVE('',#613,#1985);
#1985 = DEFINITIONAL_REPRESENTATION('',(#1986),#1990);
#1986 = CIRCLE('',#1987,0.9);
#1987 = AXIS2_PLACEMENT_2D('',#1988,#1989);
#1988 = CARTESIAN_POINT('',(55.5,-11.));
#1989 = DIRECTION('',(-1.,0.));
#1990 = ( GEOMETRIC_REPRESENTATION_CONTEXT(2) 
PARAMETRIC_REPRESENTATION_CONTEXT() REPRESENTATION_CONTEXT('2D SPACE',''
  ) );
#1991 = PCURVE('',#1992,#1997);
#1992 = CYLINDRICAL_SURFACE('',#1993,0.9);
#1993 = AXIS2_PLACEMENT_3D('',#1994,#1995,#1996);
#1994 = CARTESIAN_POINT('',(33.,-10.,113.));
#1995 = DIRECTION('',(1.,0.,2.22044604925E-16));
#1996 = DIRECTION('',(2.22044604925E-16,0.,-1.));
#1997 = DEFINITIONAL_REPRESENTATION('',(#1998),#2002);
#1998 = LINE('',#1999,#2000);
#1999 = CARTESIAN_POINT('',(0.,1.));
#2000 = VECTOR('',#2001,1.);
#2001 = DIRECTION('',(1.,0.));
#2002 = ( GEOMETRIC_REPRESENTATION_CONTEXT(2) 
PARAMETRIC_REPRESENTATION_CONTEXT() REPRESENTATION_CONTEXT('2D SPACE',''
  ) );
#2003 = ADVANCED_FACE('',(#2004),#698,.T.);
#2004 = FACE_BOUND('',#2005,.T.);
#2005 = EDGE_LOOP('',(#2006,#2131,#2160,#2180,#2181));
#2006 = ORIENTED_EDGE('',*,*,#2007,.F.);
#2007 = EDGE_CURVE('',#2008,#628,#2010,.T.);
#2008 = VERTEX_POINT('',#2009);
#2009 = CARTESIAN_POINT('',(34.8,-16.83285692778,66.302629978276));
#2010 = SURFACE_CURVE('',#2011,(#2049,#2090),.PCURVE_S1.);
#2011 = B_SPLINE_CURVE_WITH_KNOTS('',8,(#2012,#2013,#2014,#2015,#2016,
    #2017,#2018,#2019,#2020,#2021,#2022,#2023,#2024,#2025,#2026,#2027,
    #2028,#2029,#2030,#2031,#2032,#2033,#2034,#2035,#2036,#2037,#2038,
    #2039,#2040,#2041,#2042,#2043,#2044,#2045,#2046,#2047,#2048),
  .UNSPECIFIED.,.F.,.F.,(9,7,7,7,7,9),(0.,0.266740618055,0.507296412557,
    0.765535493542,0.954090908773,1.),.UNSPECIFIED.);
#2012 = CARTESIAN_POINT('',(34.8,-16.83285692778,66.302629978276));
#2013 = CARTESIAN_POINT('',(34.761184067578,-16.82127582841,
    66.285784380867));
#2014 = CARTESIAN_POINT('',(34.722633359981,-16.8062111243,
    66.267717789974));
#2015 = CARTESIAN_POINT('',(34.684541481858,-16.787823826,66.24859735001
    ));
#2016 = CARTESIAN_POINT('',(34.647077461973,-16.76630001702,
    66.228580951269));
#2017 = CARTESIAN_POINT('',(34.610385027479,-16.74183728167,
    66.207812239888));
#2018 = CARTESIAN_POINT('',(34.574583104207,-16.71463385182,
    66.186417521094));
#2019 = CARTESIAN_POINT('',(34.539767542949,-16.68488047266,
    66.164504555736));
#2020 = CARTESIAN_POINT('',(34.475574039259,-16.62378312782,
    66.122015098078));
#2021 = CARTESIAN_POINT('',(34.445999841486,-16.59288390109,
    66.101519984495));
#2022 = CARTESIAN_POINT('',(34.417346581108,-16.56018797953,
    66.080743347584));
#2023 = CARTESIAN_POINT('',(34.38966002397,-16.52582068233,
    66.059741556074));
#2024 = CARTESIAN_POINT('',(34.362977629538,-16.48990122231,
    66.038561957558));
#2025 = CARTESIAN_POINT('',(34.337329581343,-16.45254195291,
    66.017242926853));
#2026 = CARTESIAN_POINT('',(34.312739817438,-16.41384761516,
    65.995813914363));
#2027 = CARTESIAN_POINT('',(34.263985878571,-16.33104607215,
    65.951195252775));
#2028 = CARTESIAN_POINT('',(34.239987790655,-16.28675333374,
    65.927993684259));
#2029 = CARTESIAN_POINT('',(34.217256109156,-16.24115684701,
    65.904715547222));
#2030 = CARTESIAN_POINT('',(34.195809880595,-16.19437060884,
    65.881377238537));
#2031 = CARTESIAN_POINT('',(34.175665290759,-16.14650470374,
    65.857980679393));
#2032 = CARTESIAN_POINT('',(34.156835882917,-16.09766498907,
    65.834515498369));
#2033 = CARTESIAN_POINT('',(34.139334218529,-16.04795587744,
    65.810951010456));
#2034 = CARTESIAN_POINT('',(34.11138072684,-15.96064571916,
    65.769857120813));
#2035 = CARTESIAN_POINT('',(34.100312617171,-15.92343328997,
    65.752431510677));
#2036 = CARTESIAN_POINT('',(34.089966090607,-15.88586617181,
    65.73487612258));
#2037 = CARTESIAN_POINT('',(34.080349140854,-15.84798316495,
    65.717120987885));
#2038 = CARTESIAN_POINT('',(34.071469802238,-15.80983170882,
    65.699116660221));
#2039 = CARTESIAN_POINT('',(34.063364041375,-15.77152751283,
    65.680700301884));
#2040 = CARTESIAN_POINT('',(34.056054600079,-15.73319229979,
    65.661746792566));
#2041 = CARTESIAN_POINT('',(34.048098615491,-15.68590852747,
    65.636740993925));
#2042 = CARTESIAN_POINT('',(34.046595362913,-15.67667181276,
    65.63177800536));
#2043 = CARTESIAN_POINT('',(34.045148314499,-15.6674615284,
    65.626738959959));
#2044 = CARTESIAN_POINT('',(34.043759658999,-15.65828492354,
    65.621614088284));
#2045 = CARTESIAN_POINT('',(34.042432300654,-15.64915223927,
    65.616392357962));
#2046 = CARTESIAN_POINT('',(34.041170028964,-15.64007724412,
    65.61106067619));
#2047 = CARTESIAN_POINT('',(34.039977688457,-15.63107776951,
    65.605603092247));
#2048 = CARTESIAN_POINT('',(34.038861348459,-15.62217624527,65.6));
#2049 = PCURVE('',#698,#2050);
#2050 = DEFINITIONAL_REPRESENTATION('',(#2051),#2089);
#2051 = B_SPLINE_CURVE_WITH_KNOTS('',8,(#2052,#2053,#2054,#2055,#2056,
    #2057,#2058,#2059,#2060,#2061,#2062,#2063,#2064,#2065,#2066,#2067,
    #2068,#2069,#2070,#2071,#2072,#2073,#2074,#2075,#2076,#2077,#2078,
    #2079,#2080,#2081,#2082,#2083,#2084,#2085,#2086,#2087,#2088),
  .UNSPECIFIED.,.F.,.F.,(9,7,7,7,7,9),(0.,0.266740618055,0.507296412557,
    0.765535493542,0.954090908773,1.),.UNSPECIFIED.);
#2052 = CARTESIAN_POINT('',(0.96851901182,0.));
#2053 = CARTESIAN_POINT('',(0.967383317092,4.85199155269E-02));
#2054 = CARTESIAN_POINT('',(0.966082083587,9.670825787774E-02));
#2055 = CARTESIAN_POINT('',(0.96462748737,0.144497276243));
#2056 = CARTESIAN_POINT('',(0.963031860467,0.191839397617));
#2057 = CARTESIAN_POINT('',(0.961307118078,0.238703147972));
#2058 = CARTESIAN_POINT('',(0.959464340239,0.285070334472));
#2059 = CARTESIAN_POINT('',(0.957513507936,0.330934488731));
#2060 = CARTESIAN_POINT('',(0.953614530664,0.417213252775));
#2061 = CARTESIAN_POINT('',(0.951685046928,0.457718096495));
#2062 = CARTESIAN_POINT('',(0.949681356183,0.497819001233));
#2063 = CARTESIAN_POINT('',(0.947609306521,0.537521755683));
#2064 = CARTESIAN_POINT('',(0.94547416766,0.57683351222));
#2065 = CARTESIAN_POINT('',(0.943280618175,0.615762260848));
#2066 = CARTESIAN_POINT('',(0.941032732742,0.654316303144));
#2067 = CARTESIAN_POINT('',(0.936266223616,0.733498311496));
#2068 = CARTESIAN_POINT('',(0.933740029,0.774067317225));
#2069 = CARTESIAN_POINT('',(0.931159670544,0.814219497645));
#2070 = CARTESIAN_POINT('',(0.92852891032,0.853960160055));
#2071 = CARTESIAN_POINT('',(0.925850813277,0.893284041641));
#2072 = CARTESIAN_POINT('',(0.923127834011,0.932177521816));
#2073 = CARTESIAN_POINT('',(0.92036155874,0.970609517599));
#2074 = CARTESIAN_POINT('',(0.915499706633,1.036149458257));
#2075 = CARTESIAN_POINT('',(0.913426568087,1.063486939962));
#2076 = CARTESIAN_POINT('',(0.911330191381,1.09049792201));
#2077 = CARTESIAN_POINT('',(0.909208619766,1.117124219552));
#2078 = CARTESIAN_POINT('',(0.907061104187,1.143313245701));
#2079 = CARTESIAN_POINT('',(0.904884347726,1.168851256629));
#2080 = CARTESIAN_POINT('',(0.902676962785,1.193551602149));
#2081 = CARTESIAN_POINT('',(0.899875030129,1.222225861813));
#2082 = CARTESIAN_POINT('',(0.899323875078,1.227741175522));
#2083 = CARTESIAN_POINT('',(0.898769952084,1.233145579653));
#2084 = CARTESIAN_POINT('',(0.898213087868,1.238424451656));
#2085 = CARTESIAN_POINT('',(0.897653162327,1.243559104615));
#2086 = CARTESIAN_POINT('',(0.897090092439,1.248525657251));
#2087 = CARTESIAN_POINT('',(0.896523816171,1.253293903926));
#2088 = CARTESIAN_POINT('',(0.895954276383,1.257826184646));
#2089 = ( GEOMETRIC_REPRESENTATION_CONTEXT(2) 
PARAMETRIC_REPRESENTATION_CONTEXT() REPRESENTATION_CONTEXT('2D SPACE',''
  ) );
#2090 = PCURVE('',#644,#2091);
#2091 = DEFINITIONAL_REPRESENTATION('',(#2092),#2130);
#2092 = B_SPLINE_CURVE_WITH_KNOTS('',8,(#2093,#2094,#2095,#2096,#2097,
    #2098,#2099,#2100,#2101,#2102,#2103,#2104,#2105,#2106,#2107,#2108,
    #2109,#2110,#2111,#2112,#2113,#2114,#2115,#2116,#2117,#2118,#2119,
    #2120,#2121,#2122,#2123,#2124,#2125,#2126,#2127,#2128,#2129),
  .UNSPECIFIED.,.F.,.F.,(9,7,7,7,7,9),(0.,0.266740618055,0.507296412557,
    0.765535493542,0.954090908773,1.),.UNSPECIFIED.);
#2093 = CARTESIAN_POINT('',(-1.159314157668,1.07226864137));
#2094 = CARTESIAN_POINT('',(-1.165018362093,1.028228595828));
#2095 = CARTESIAN_POINT('',(-1.171308109412,0.985068322812));
#2096 = CARTESIAN_POINT('',(-1.178126063504,0.942809150764));
#2097 = CARTESIAN_POINT('',(-1.185417286557,0.901452372355));
#2098 = CARTESIAN_POINT('',(-1.193130958961,0.860984908355));
#2099 = CARTESIAN_POINT('',(-1.201221477332,0.821383001811));
#2100 = CARTESIAN_POINT('',(-1.209648930653,0.782613942547));
#2101 = CARTESIAN_POINT('',(-1.226251988076,0.71038585645));
#2102 = CARTESIAN_POINT('',(-1.234370580387,0.676781633339));
#2103 = CARTESIAN_POINT('',(-1.242709633502,0.643791718819));
#2104 = CARTESIAN_POINT('',(-1.251246772491,0.611384209373));
#2105 = CARTESIAN_POINT('',(-1.259962169178,0.579525923818));
#2106 = CARTESIAN_POINT('',(-1.268838365874,0.548181595335));
#2107 = CARTESIAN_POINT('',(-1.277860099092,0.517313063506));
#2108 = CARTESIAN_POINT('',(-1.296841060918,0.454206618138));
#2109 = CARTESIAN_POINT('',(-1.306819724779,0.422037263171));
#2110 = CARTESIAN_POINT('',(-1.316933566644,0.390317603853));
#2111 = CARTESIAN_POINT('',(-1.327167788048,0.358994627018));
#2112 = CARTESIAN_POINT('',(-1.337508624234,0.328005640874));
#2113 = CARTESIAN_POINT('',(-1.347943275553,0.297279686634));
#2114 = CARTESIAN_POINT('',(-1.358459238371,0.26672644149));
#2115 = CARTESIAN_POINT('',(-1.376768723929,0.213892230011));
#2116 = CARTESIAN_POINT('',(-1.384523540571,0.191624966871));
#2117 = CARTESIAN_POINT('',(-1.392307684287,0.169310005186));
#2118 = CARTESIAN_POINT('',(-1.400116541757,0.146842912461));
#2119 = CARTESIAN_POINT('',(-1.40794368823,0.12414690882));
#2120 = CARTESIAN_POINT('',(-1.415768591427,0.101002922775));
#2121 = CARTESIAN_POINT('',(-1.423569819561,7.724113238111E-02));
#2122 = CARTESIAN_POINT('',(-1.433158043819,4.594146240232E-02));
#2123 = CARTESIAN_POINT('',(-1.435029433246,3.973154643493E-02));
#2124 = CARTESIAN_POINT('',(-1.436893862124,3.342841647282E-02));
#2125 = CARTESIAN_POINT('',(-1.438749893472,2.701958757518E-02));
#2126 = CARTESIAN_POINT('',(-1.440595481222,2.04909696515E-02));
#2127 = CARTESIAN_POINT('',(-1.442427860924,1.382584824378E-02));
#2128 = CARTESIAN_POINT('',(-1.44424344045,7.003865308731E-03));
#2129 = CARTESIAN_POINT('',(-1.446037690697,0.));
#2130 = ( GEOMETRIC_REPRESENTATION_CONTEXT(2) 
PARAMETRIC_REPRESENTATION_CONTEXT() REPRESENTATION_CONTEXT('2D SPACE',''
  ) );
#2131 = ORIENTED_EDGE('',*,*,#2132,.T.);
#2132 = EDGE_CURVE('',#2008,#2133,#2135,.T.);
#2133 = VERTEX_POINT('',#2134);
#2134 = CARTESIAN_POINT('',(34.8,-20.,76.5));
#2135 = SURFACE_CURVE('',#2136,(#2141,#2148),.PCURVE_S1.);
#2136 = CIRCLE('',#2137,18.);
#2137 = AXIS2_PLACEMENT_3D('',#2138,#2139,#2140);
#2138 = CARTESIAN_POINT('',(34.8,-2.,76.5));
#2139 = DIRECTION('',(-1.,0.,-0.));
#2140 = DIRECTION('',(0.,1.727013593861E-16,-1.));
#2141 = PCURVE('',#698,#2142);
#2142 = DEFINITIONAL_REPRESENTATION('',(#2143),#2147);
#2143 = LINE('',#2144,#2145);
#2144 = CARTESIAN_POINT('',(0.,0.));
#2145 = VECTOR('',#2146,1.);
#2146 = DIRECTION('',(1.,0.));
#2147 = ( GEOMETRIC_REPRESENTATION_CONTEXT(2) 
PARAMETRIC_REPRESENTATION_CONTEXT() REPRESENTATION_CONTEXT('2D SPACE',''
  ) );
#2148 = PCURVE('',#2149,#2154);
#2149 = CYLINDRICAL_SURFACE('',#2150,18.);
#2150 = AXIS2_PLACEMENT_3D('',#2151,#2152,#2153);
#2151 = CARTESIAN_POINT('',(34.,-2.,76.5));
#2152 = DIRECTION('',(-1.,0.,0.));
#2153 = DIRECTION('',(0.,-1.,0.));
#2154 = DEFINITIONAL_REPRESENTATION('',(#2155),#2159);
#2155 = LINE('',#2156,#2157);
#2156 = CARTESIAN_POINT('',(4.712388980385,-0.8));
#2157 = VECTOR('',#2158,1.);
#2158 = DIRECTION('',(1.,0.));
#2159 = ( GEOMETRIC_REPRESENTATION_CONTEXT(2) 
PARAMETRIC_REPRESENTATION_CONTEXT() REPRESENTATION_CONTEXT('2D SPACE',''
  ) );
#2160 = ORIENTED_EDGE('',*,*,#2161,.T.);
#2161 = EDGE_CURVE('',#2133,#1336,#2162,.T.);
#2162 = SURFACE_CURVE('',#2163,(#2168,#2174),.PCURVE_S1.);
#2163 = CIRCLE('',#2164,0.8);
#2164 = AXIS2_PLACEMENT_3D('',#2165,#2166,#2167);
#2165 = CARTESIAN_POINT('',(34.8,-19.2,76.5));
#2166 = DIRECTION('',(0.,2.339336993435E-16,-1.));
#2167 = DIRECTION('',(0.,-1.,-2.339336993435E-16));
#2168 = PCURVE('',#698,#2169);
#2169 = DEFINITIONAL_REPRESENTATION('',(#2170),#2173);
#2170 = B_SPLINE_CURVE_WITH_KNOTS('',1,(#2171,#2172),.UNSPECIFIED.,.F.,
  .F.,(2,2),(0.,1.570796326795),.PIECEWISE_BEZIER_KNOTS.);
#2171 = CARTESIAN_POINT('',(1.570796326795,0.));
#2172 = CARTESIAN_POINT('',(1.570796326795,1.570796326795));
#2173 = ( GEOMETRIC_REPRESENTATION_CONTEXT(2) 
PARAMETRIC_REPRESENTATION_CONTEXT() REPRESENTATION_CONTEXT('2D SPACE',''
  ) );
#2174 = PCURVE('',#1351,#2175);
#2175 = DEFINITIONAL_REPRESENTATION('',(#2176),#2179);
#2176 = B_SPLINE_CURVE_WITH_KNOTS('',1,(#2177,#2178),.UNSPECIFIED.,.F.,
  .F.,(2,2),(0.,1.570796326795),.PIECEWISE_BEZIER_KNOTS.);
#2177 = CARTESIAN_POINT('',(0.,0.));
#2178 = CARTESIAN_POINT('',(-1.570796326795,0.));
#2179 = ( GEOMETRIC_REPRESENTATION_CONTEXT(2) 
PARAMETRIC_REPRESENTATION_CONTEXT() REPRESENTATION_CONTEXT('2D SPACE',''
  ) );
#2180 = ORIENTED_EDGE('',*,*,#1363,.F.);
#2181 = ORIENTED_EDGE('',*,*,#656,.F.);
#2182 = ADVANCED_FACE('',(#2183),#644,.T.);
#2183 = FACE_BOUND('',#2184,.F.);
#2184 = EDGE_LOOP('',(#2185,#2229,#2255,#2256,#2257));
#2185 = ORIENTED_EDGE('',*,*,#2186,.T.);
#2186 = EDGE_CURVE('',#2008,#2187,#2189,.T.);
#2187 = VERTEX_POINT('',#2188);
#2188 = CARTESIAN_POINT('',(35.253995469496,-16.89932884394,66.4));
#2189 = SURFACE_CURVE('',#2190,(#2201,#2215),.PCURVE_S1.);
#2190 = B_SPLINE_CURVE_WITH_KNOTS('',5,(#2191,#2192,#2193,#2194,#2195,
    #2196,#2197,#2198,#2199,#2200),.UNSPECIFIED.,.F.,.F.,(6,4,6),(0.,
    0.283991362795,1.),.UNSPECIFIED.);
#2191 = CARTESIAN_POINT('',(34.7999994,-16.83285674876,66.302629717884)
  );
#2192 = CARTESIAN_POINT('',(34.824776098842,-16.84024912315,
    66.313382493054));
#2193 = CARTESIAN_POINT('',(34.849803500885,-16.84714104895,
    66.323428200924));
#2194 = CARTESIAN_POINT('',(34.875051003069,-16.8535309476,
    66.332758996827));
#2195 = CARTESIAN_POINT('',(34.90048841774,-16.85941617155,
    66.341366137692));
#2196 = CARTESIAN_POINT('',(34.990623394584,-16.87834925669,
    66.369091784939));
#2197 = CARTESIAN_POINT('',(35.056170504446,-16.88867237508,
    66.384280067686));
#2198 = CARTESIAN_POINT('',(35.122268647181,-16.89570533628,
    66.39465458868));
#2199 = CARTESIAN_POINT('',(35.188413930063,-16.89932884394,66.4));
#2200 = CARTESIAN_POINT('',(35.253995469496,-16.89932884394,66.4));
#2201 = PCURVE('',#644,#2202);
#2202 = DEFINITIONAL_REPRESENTATION('',(#2203),#2214);
#2203 = B_SPLINE_CURVE_WITH_KNOTS('',5,(#2204,#2205,#2206,#2207,#2208,
    #2209,#2210,#2211,#2212,#2213),.UNSPECIFIED.,.F.,.F.,(6,4,6),(0.,
    0.283991362795,1.),.UNSPECIFIED.);
#2204 = CARTESIAN_POINT('',(-1.159314261608,1.072267861681));
#2205 = CARTESIAN_POINT('',(-1.155673194401,1.100379184989));
#2206 = CARTESIAN_POINT('',(-1.15207107504,1.128456751604));
#2207 = CARTESIAN_POINT('',(-1.148510266624,1.156516940909));
#2208 = CARTESIAN_POINT('',(-1.144993639165,1.184576995925));
#2209 = CARTESIAN_POINT('',(-1.132778233926,1.283446296439));
#2210 = CARTESIAN_POINT('',(-1.124335346782,1.354342439681));
#2211 = CARTESIAN_POINT('',(-1.11624904546,1.42565728697));
#2212 = CARTESIAN_POINT('',(-1.108603486416,1.497680629226));
#2213 = CARTESIAN_POINT('',(-1.101542210368,1.570796326795));
#2214 = ( GEOMETRIC_REPRESENTATION_CONTEXT(2) 
PARAMETRIC_REPRESENTATION_CONTEXT() REPRESENTATION_CONTEXT('2D SPACE',''
  ) );
#2215 = PCURVE('',#2149,#2216);
#2216 = DEFINITIONAL_REPRESENTATION('',(#2217),#2228);
#2217 = B_SPLINE_CURVE_WITH_KNOTS('',5,(#2218,#2219,#2220,#2221,#2222,
    #2223,#2224,#2225,#2226,#2227),.UNSPECIFIED.,.F.,.F.,(6,4,6),(0.,
    0.283991362795,1.),.UNSPECIFIED.);
#2218 = CARTESIAN_POINT('',(5.680907974649,-0.7999994));
#2219 = CARTESIAN_POINT('',(5.681632904133,-0.824776098842));
#2220 = CARTESIAN_POINT('',(5.682309712993,-0.849803500885));
#2221 = CARTESIAN_POINT('',(5.682937993138,-0.875051003069));
#2222 = CARTESIAN_POINT('',(5.683517261252,-0.90048841774));
#2223 = CARTESIAN_POINT('',(5.685382450174,-0.990623394584));
#2224 = CARTESIAN_POINT('',(5.686402691559,-1.056170504446));
#2225 = CARTESIAN_POINT('',(5.687099007847,-1.122268647181));
#2226 = CARTESIAN_POINT('',(5.68745777461,-1.188413930063));
#2227 = CARTESIAN_POINT('',(5.68745777461,-1.253995469496));
#2228 = ( GEOMETRIC_REPRESENTATION_CONTEXT(2) 
PARAMETRIC_REPRESENTATION_CONTEXT() REPRESENTATION_CONTEXT('2D SPACE',''
  ) );
#2229 = ORIENTED_EDGE('',*,*,#2230,.F.);
#2230 = EDGE_CURVE('',#755,#2187,#2231,.T.);
#2231 = SURFACE_CURVE('',#2232,(#2237,#2244),.PCURVE_S1.);
#2232 = CIRCLE('',#2233,4.2);
#2233 = AXIS2_PLACEMENT_3D('',#2234,#2235,#2236);
#2234 = CARTESIAN_POINT('',(39.,-15.,66.4));
#2235 = DIRECTION('',(-0.,0.,-1.));
#2236 = DIRECTION('',(-2.6645352591E-16,-1.,0.));
#2237 = PCURVE('',#644,#2238);
#2238 = DEFINITIONAL_REPRESENTATION('',(#2239),#2243);
#2239 = LINE('',#2240,#2241);
#2240 = CARTESIAN_POINT('',(-0.,1.570796326795));
#2241 = VECTOR('',#2242,1.);
#2242 = DIRECTION('',(-1.,0.));
#2243 = ( GEOMETRIC_REPRESENTATION_CONTEXT(2) 
PARAMETRIC_REPRESENTATION_CONTEXT() REPRESENTATION_CONTEXT('2D SPACE',''
  ) );
#2244 = PCURVE('',#770,#2245);
#2245 = DEFINITIONAL_REPRESENTATION('',(#2246),#2254);
#2246 = ( BOUNDED_CURVE() B_SPLINE_CURVE(2,(#2247,#2248,#2249,#2250,
#2251,#2252,#2253),.UNSPECIFIED.,.T.,.F.) B_SPLINE_CURVE_WITH_KNOTS((1,2
    ,2,2,2,1),(-2.094395102393,0.,2.094395102393,4.188790204786,
6.28318530718,8.377580409573),.UNSPECIFIED.) CURVE() 
GEOMETRIC_REPRESENTATION_ITEM() RATIONAL_B_SPLINE_CURVE((1.,0.5,1.,0.5,
1.,0.5,1.)) REPRESENTATION_ITEM('') );
#2247 = CARTESIAN_POINT('',(5.,0.8));
#2248 = CARTESIAN_POINT('',(-2.274613391789,0.8));
#2249 = CARTESIAN_POINT('',(1.362693304105,7.1));
#2250 = CARTESIAN_POINT('',(5.,13.4));
#2251 = CARTESIAN_POINT('',(8.637306695895,7.1));
#2252 = CARTESIAN_POINT('',(12.274613391789,0.8));
#2253 = CARTESIAN_POINT('',(5.,0.8));
#2254 = ( GEOMETRIC_REPRESENTATION_CONTEXT(2) 
PARAMETRIC_REPRESENTATION_CONTEXT() REPRESENTATION_CONTEXT('2D SPACE',''
  ) );
#2255 = ORIENTED_EDGE('',*,*,#782,.F.);
#2256 = ORIENTED_EDGE('',*,*,#627,.T.);
#2257 = ORIENTED_EDGE('',*,*,#2007,.F.);
#2258 = ADVANCED_FACE('',(#2259),#743,.T.);
#2259 = FACE_BOUND('',#2260,.F.);
#2260 = EDGE_LOOP('',(#2261,#2288,#2289,#2290));
#2261 = ORIENTED_EDGE('',*,*,#2262,.F.);
#2262 = EDGE_CURVE('',#807,#2263,#2265,.T.);
#2263 = VERTEX_POINT('',#2264);
#2264 = CARTESIAN_POINT('',(47.2,-15.,66.4));
#2265 = SURFACE_CURVE('',#2266,(#2271,#2277),.PCURVE_S1.);
#2266 = CIRCLE('',#2267,0.8);
#2267 = AXIS2_PLACEMENT_3D('',#2268,#2269,#2270);
#2268 = CARTESIAN_POINT('',(47.2,-15.,65.6));
#2269 = DIRECTION('',(0.,-1.,-0.));
#2270 = DIRECTION('',(1.,0.,0.));
#2271 = PCURVE('',#743,#2272);
#2272 = DEFINITIONAL_REPRESENTATION('',(#2273),#2276);
#2273 = B_SPLINE_CURVE_WITH_KNOTS('',1,(#2274,#2275),.UNSPECIFIED.,.F.,
  .F.,(2,2),(0.,1.570796326795),.PIECEWISE_BEZIER_KNOTS.);
#2274 = CARTESIAN_POINT('',(0.,0.));
#2275 = CARTESIAN_POINT('',(0.,1.570796326795));
#2276 = ( GEOMETRIC_REPRESENTATION_CONTEXT(2) 
PARAMETRIC_REPRESENTATION_CONTEXT() REPRESENTATION_CONTEXT('2D SPACE',''
  ) );
#2277 = PCURVE('',#2278,#2283);
#2278 = CYLINDRICAL_SURFACE('',#2279,0.8);
#2279 = AXIS2_PLACEMENT_3D('',#2280,#2281,#2282);
#2280 = CARTESIAN_POINT('',(47.2,15.,65.6));
#2281 = DIRECTION('',(0.,-1.,-0.));
#2282 = DIRECTION('',(1.,0.,0.));
#2283 = DEFINITIONAL_REPRESENTATION('',(#2284),#2287);
#2284 = B_SPLINE_CURVE_WITH_KNOTS('',1,(#2285,#2286),.UNSPECIFIED.,.F.,
  .F.,(2,2),(0.,1.570796326795),.PIECEWISE_BEZIER_KNOTS.);
#2285 = CARTESIAN_POINT('',(0.,30.));
#2286 = CARTESIAN_POINT('',(1.570796326795,30.));
#2287 = ( GEOMETRIC_REPRESENTATION_CONTEXT(2) 
PARAMETRIC_REPRESENTATION_CONTEXT() REPRESENTATION_CONTEXT('2D SPACE',''
  ) );
#2288 = ORIENTED_EDGE('',*,*,#836,.T.);
#2289 = ORIENTED_EDGE('',*,*,#727,.T.);
#2290 = ORIENTED_EDGE('',*,*,#2291,.F.);
#2291 = EDGE_CURVE('',#2263,#728,#2292,.T.);
#2292 = SURFACE_CURVE('',#2293,(#2298,#2305),.PCURVE_S1.);
#2293 = CIRCLE('',#2294,4.2);
#2294 = AXIS2_PLACEMENT_3D('',#2295,#2296,#2297);
#2295 = CARTESIAN_POINT('',(43.,-15.,66.4));
#2296 = DIRECTION('',(0.,-0.,-1.));
#2297 = DIRECTION('',(1.,0.,-0.));
#2298 = PCURVE('',#743,#2299);
#2299 = DEFINITIONAL_REPRESENTATION('',(#2300),#2304);
#2300 = LINE('',#2301,#2302);
#2301 = CARTESIAN_POINT('',(-0.,1.570796326795));
#2302 = VECTOR('',#2303,1.);
#2303 = DIRECTION('',(-1.,0.));
#2304 = ( GEOMETRIC_REPRESENTATION_CONTEXT(2) 
PARAMETRIC_REPRESENTATION_CONTEXT() REPRESENTATION_CONTEXT('2D SPACE',''
  ) );
#2305 = PCURVE('',#770,#2306);
#2306 = DEFINITIONAL_REPRESENTATION('',(#2307),#2315);
#2307 = ( BOUNDED_CURVE() B_SPLINE_CURVE(2,(#2308,#2309,#2310,#2311,
#2312,#2313,#2314),.UNSPECIFIED.,.T.,.F.) B_SPLINE_CURVE_WITH_KNOTS((1,2
    ,2,2,2,1),(-2.094395102393,0.,2.094395102393,4.188790204786,
6.28318530718,8.377580409573),.UNSPECIFIED.) CURVE() 
GEOMETRIC_REPRESENTATION_ITEM() RATIONAL_B_SPLINE_CURVE((1.,0.5,1.,0.5,
1.,0.5,1.)) REPRESENTATION_ITEM('') );
#2308 = CARTESIAN_POINT('',(13.2,5.));
#2309 = CARTESIAN_POINT('',(13.2,-2.274613391789));
#2310 = CARTESIAN_POINT('',(6.9,1.362693304105));
#2311 = CARTESIAN_POINT('',(0.6,5.));
#2312 = CARTESIAN_POINT('',(6.9,8.637306695895));
#2313 = CARTESIAN_POINT('',(13.2,12.274613391789));
#2314 = CARTESIAN_POINT('',(13.2,5.));
#2315 = ( GEOMETRIC_REPRESENTATION_CONTEXT(2) 
PARAMETRIC_REPRESENTATION_CONTEXT() REPRESENTATION_CONTEXT('2D SPACE',''
  ) );
#2316 = ADVANCED_FACE('',(#2317),#770,.T.);
#2317 = FACE_BOUND('',#2318,.T.);
#2318 = EDGE_LOOP('',(#2319,#2394,#2413,#2414,#2415,#2416,#2439,#2472,
    #2500,#2533,#2559,#2632,#2659,#2688,#2712,#2734,#2763,#2787));
#2319 = ORIENTED_EDGE('',*,*,#2320,.F.);
#2320 = EDGE_CURVE('',#2321,#2323,#2325,.T.);
#2321 = VERTEX_POINT('',#2322);
#2322 = CARTESIAN_POINT('',(39.2,-16.89932884394,66.4));
#2323 = VERTEX_POINT('',#2324);
#2324 = CARTESIAN_POINT('',(40.,-15.92228429533,66.4));
#2325 = SURFACE_CURVE('',#2326,(#2345,#2367),.PCURVE_S1.);
#2326 = B_SPLINE_CURVE_WITH_KNOTS('',5,(#2327,#2328,#2329,#2330,#2331,
    #2332,#2333,#2334,#2335,#2336,#2337,#2338,#2339,#2340,#2341,#2342,
    #2343,#2344),.UNSPECIFIED.,.F.,.F.,(6,4,4,4,6),(0.,0.239499642835,
    0.484080242655,0.739047561442,1.),.UNSPECIFIED.);
#2327 = CARTESIAN_POINT('',(39.2,-16.89932884394,66.4));
#2328 = CARTESIAN_POINT('',(39.263019334478,-16.89932884394,66.4));
#2329 = CARTESIAN_POINT('',(39.326046548077,-16.89183179338,66.4));
#2330 = CARTESIAN_POINT('',(39.388094599209,-16.87683592671,66.4));
#2331 = CARTESIAN_POINT('',(39.448243715623,-16.85467573242,66.4));
#2332 = CARTESIAN_POINT('',(39.564418981097,-16.79654381185,66.4));
#2333 = CARTESIAN_POINT('',(39.620340848,-16.7602836937,66.4));
#2334 = CARTESIAN_POINT('',(39.672677635913,-16.71772686896,66.4));
#2335 = CARTESIAN_POINT('',(39.720851716736,-16.66965389079,66.4));
#2336 = CARTESIAN_POINT('',(39.809940962718,-16.56182907392,66.4));
#2337 = CARTESIAN_POINT('',(39.850462497002,-16.50166605765,66.4));
#2338 = CARTESIAN_POINT('',(39.885598888562,-16.43726914924,66.4));
#2339 = CARTESIAN_POINT('',(39.915125762985,-16.36953912979,66.4));
#2340 = CARTESIAN_POINT('',(39.963287667773,-16.22741781218,66.4));
#2341 = CARTESIAN_POINT('',(39.98164951962,-16.15291133782,66.4));
#2342 = CARTESIAN_POINT('',(39.993892532204,-16.07666698434,66.4));
#2343 = CARTESIAN_POINT('',(40.,-15.99952353084,66.4));
#2344 = CARTESIAN_POINT('',(40.,-15.92228429533,66.4));
#2345 = PCURVE('',#770,#2346);
#2346 = DEFINITIONAL_REPRESENTATION('',(#2347),#2366);
#2347 = B_SPLINE_CURVE_WITH_KNOTS('',5,(#2348,#2349,#2350,#2351,#2352,
    #2353,#2354,#2355,#2356,#2357,#2358,#2359,#2360,#2361,#2362,#2363,
    #2364,#2365),.UNSPECIFIED.,.F.,.F.,(6,4,4,4,6),(0.,0.239499642835,
    0.484080242655,0.739047561442,1.),.UNSPECIFIED.);
#2348 = CARTESIAN_POINT('',(5.2,3.100671156055));
#2349 = CARTESIAN_POINT('',(5.263019334478,3.100671156055));
#2350 = CARTESIAN_POINT('',(5.326046548077,3.108168206616));
#2351 = CARTESIAN_POINT('',(5.388094599209,3.123164073286));
#2352 = CARTESIAN_POINT('',(5.448243715623,3.145324267579));
#2353 = CARTESIAN_POINT('',(5.564418981097,3.203456188148));
#2354 = CARTESIAN_POINT('',(5.620340848,3.239716306296));
#2355 = CARTESIAN_POINT('',(5.672677635913,3.282273131035));
#2356 = CARTESIAN_POINT('',(5.720851716736,3.33034610921));
#2357 = CARTESIAN_POINT('',(5.809940962718,3.43817092608));
#2358 = CARTESIAN_POINT('',(5.850462497002,3.498333942346));
#2359 = CARTESIAN_POINT('',(5.885598888562,3.562730850757));
#2360 = CARTESIAN_POINT('',(5.915125762985,3.630460870202));
#2361 = CARTESIAN_POINT('',(5.963287667773,3.77258218782));
#2362 = CARTESIAN_POINT('',(5.98164951962,3.847088662171));
#2363 = CARTESIAN_POINT('',(5.993892532204,3.923333015657));
#2364 = CARTESIAN_POINT('',(6.,4.000476469153));
#2365 = CARTESIAN_POINT('',(6.,4.07771570467));
#2366 = ( GEOMETRIC_REPRESENTATION_CONTEXT(2) 
PARAMETRIC_REPRESENTATION_CONTEXT() REPRESENTATION_CONTEXT('2D SPACE',''
  ) );
#2367 = PCURVE('',#2368,#2373);
#2368 = TOROIDAL_SURFACE('',#2369,17.2,0.8);
#2369 = AXIS2_PLACEMENT_3D('',#2370,#2371,#2372);
#2370 = CARTESIAN_POINT('',(39.2,-2.,76.5));
#2371 = DIRECTION('',(1.,0.,0.));
#2372 = DIRECTION('',(0.,1.727013593861E-16,-1.));
#2373 = DEFINITIONAL_REPRESENTATION('',(#2374),#2393);
#2374 = B_SPLINE_CURVE_WITH_KNOTS('',5,(#2375,#2376,#2377,#2378,#2379,
    #2380,#2381,#2382,#2383,#2384,#2385,#2386,#2387,#2388,#2389,#2390,
    #2391,#2392),.UNSPECIFIED.,.F.,.F.,(6,4,4,4,6),(0.,0.239499642835,
    0.484080242655,0.739047561442,1.),.UNSPECIFIED.);
#2375 = CARTESIAN_POINT('',(-0.975068794226,0.));
#2376 = CARTESIAN_POINT('',(-0.975068794226,7.877416809737E-02));
#2377 = CARTESIAN_POINT('',(-0.974835084069,0.157557805527));
#2378 = CARTESIAN_POINT('',(-0.974367646631,0.236138031014));
#2379 = CARTESIAN_POINT('',(-0.973675161362,0.31437542193));
#2380 = CARTESIAN_POINT('',(-0.971850736216,0.471522016441));
#2381 = CARTESIAN_POINT('',(-0.970709623677,0.550423959452));
#2382 = CARTESIAN_POINT('',(-0.969364826483,0.628699434188));
#2383 = CARTESIAN_POINT('',(-0.967836995488,0.706309858219));
#2384 = CARTESIAN_POINT('',(-0.964387013079,0.863461995378));
#2385 = CARTESIAN_POINT('',(-0.962450812122,0.942948796218));
#2386 = CARTESIAN_POINT('',(-0.960363600549,1.021731284903));
#2387 = CARTESIAN_POINT('',(-0.958150527168,1.099884006881));
#2388 = CARTESIAN_POINT('',(-0.953466942531,1.256982214995));
#2389 = CARTESIAN_POINT('',(-0.95099173293,1.335899366741));
#2390 = CARTESIAN_POINT('',(-0.948436201694,1.414405767831));
#2391 = CARTESIAN_POINT('',(-0.945826478778,1.49264613816));
#2392 = CARTESIAN_POINT('',(-0.94318952543,1.570796326795));
#2393 = ( GEOMETRIC_REPRESENTATION_CONTEXT(2) 
PARAMETRIC_REPRESENTATION_CONTEXT() REPRESENTATION_CONTEXT('2D SPACE',''
  ) );
#2394 = ORIENTED_EDGE('',*,*,#2395,.T.);
#2395 = EDGE_CURVE('',#2321,#2187,#2396,.T.);
#2396 = SURFACE_CURVE('',#2397,(#2401,#2407),.PCURVE_S1.);
#2397 = LINE('',#2398,#2399);
#2398 = CARTESIAN_POINT('',(34.,-16.89932884394,66.4));
#2399 = VECTOR('',#2400,1.);
#2400 = DIRECTION('',(-1.,0.,0.));
#2401 = PCURVE('',#770,#2402);
#2402 = DEFINITIONAL_REPRESENTATION('',(#2403),#2406);
#2403 = B_SPLINE_CURVE_WITH_KNOTS('',1,(#2404,#2405),.UNSPECIFIED.,.F.,
  .F.,(2,2),(-5.2000006,-0.7999994),.PIECEWISE_BEZIER_KNOTS.);
#2404 = CARTESIAN_POINT('',(5.2000006,3.100671156055));
#2405 = CARTESIAN_POINT('',(0.7999994,3.100671156055));
#2406 = ( GEOMETRIC_REPRESENTATION_CONTEXT(2) 
PARAMETRIC_REPRESENTATION_CONTEXT() REPRESENTATION_CONTEXT('2D SPACE',''
  ) );
#2407 = PCURVE('',#2149,#2408);
#2408 = DEFINITIONAL_REPRESENTATION('',(#2409),#2412);
#2409 = B_SPLINE_CURVE_WITH_KNOTS('',1,(#2410,#2411),.UNSPECIFIED.,.F.,
  .F.,(2,2),(-5.2000006,-0.7999994),.PIECEWISE_BEZIER_KNOTS.);
#2410 = CARTESIAN_POINT('',(5.68745777461,-5.2000006));
#2411 = CARTESIAN_POINT('',(5.68745777461,-0.7999994));
#2412 = ( GEOMETRIC_REPRESENTATION_CONTEXT(2) 
PARAMETRIC_REPRESENTATION_CONTEXT() REPRESENTATION_CONTEXT('2D SPACE',''
  ) );
#2413 = ORIENTED_EDGE('',*,*,#2230,.F.);
#2414 = ORIENTED_EDGE('',*,*,#754,.F.);
#2415 = ORIENTED_EDGE('',*,*,#2291,.F.);
#2416 = ORIENTED_EDGE('',*,*,#2417,.F.);
#2417 = EDGE_CURVE('',#2418,#2263,#2420,.T.);
#2418 = VERTEX_POINT('',#2419);
#2419 = CARTESIAN_POINT('',(47.2,15.,66.4));
#2420 = SURFACE_CURVE('',#2421,(#2425,#2432),.PCURVE_S1.);
#2421 = LINE('',#2422,#2423);
#2422 = CARTESIAN_POINT('',(47.2,15.,66.4));
#2423 = VECTOR('',#2424,1.);
#2424 = DIRECTION('',(0.,-1.,-0.));
#2425 = PCURVE('',#770,#2426);
#2426 = DEFINITIONAL_REPRESENTATION('',(#2427),#2431);
#2427 = LINE('',#2428,#2429);
#2428 = CARTESIAN_POINT('',(13.2,35.));
#2429 = VECTOR('',#2430,1.);
#2430 = DIRECTION('',(0.,-1.));
#2431 = ( GEOMETRIC_REPRESENTATION_CONTEXT(2) 
PARAMETRIC_REPRESENTATION_CONTEXT() REPRESENTATION_CONTEXT('2D SPACE',''
  ) );
#2432 = PCURVE('',#2278,#2433);
#2433 = DEFINITIONAL_REPRESENTATION('',(#2434),#2438);
#2434 = LINE('',#2435,#2436);
#2435 = CARTESIAN_POINT('',(1.570796326795,0.));
#2436 = VECTOR('',#2437,1.);
#2437 = DIRECTION('',(0.,1.));
#2438 = ( GEOMETRIC_REPRESENTATION_CONTEXT(2) 
PARAMETRIC_REPRESENTATION_CONTEXT() REPRESENTATION_CONTEXT('2D SPACE',''
  ) );
#2439 = ORIENTED_EDGE('',*,*,#2440,.F.);
#2440 = EDGE_CURVE('',#2441,#2418,#2443,.T.);
#2441 = VERTEX_POINT('',#2442);
#2442 = CARTESIAN_POINT('',(43.,19.2,66.4));
#2443 = SURFACE_CURVE('',#2444,(#2449,#2460),.PCURVE_S1.);
#2444 = CIRCLE('',#2445,4.2);
#2445 = AXIS2_PLACEMENT_3D('',#2446,#2447,#2448);
#2446 = CARTESIAN_POINT('',(43.,15.,66.4));
#2447 = DIRECTION('',(0.,-0.,-1.));
#2448 = DIRECTION('',(2.6645352591E-16,1.,-0.));
#2449 = PCURVE('',#770,#2450);
#2450 = DEFINITIONAL_REPRESENTATION('',(#2451),#2459);
#2451 = ( BOUNDED_CURVE() B_SPLINE_CURVE(2,(#2452,#2453,#2454,#2455,
#2456,#2457,#2458),.UNSPECIFIED.,.T.,.F.) B_SPLINE_CURVE_WITH_KNOTS((1,2
    ,2,2,2,1),(-2.094395102393,0.,2.094395102393,4.188790204786,
6.28318530718,8.377580409573),.UNSPECIFIED.) CURVE() 
GEOMETRIC_REPRESENTATION_ITEM() RATIONAL_B_SPLINE_CURVE((1.,0.5,1.,0.5,
1.,0.5,1.)) REPRESENTATION_ITEM('') );
#2452 = CARTESIAN_POINT('',(9.,39.2));
#2453 = CARTESIAN_POINT('',(16.274613391789,39.2));
#2454 = CARTESIAN_POINT('',(12.637306695895,32.9));
#2455 = CARTESIAN_POINT('',(9.,26.6));
#2456 = CARTESIAN_POINT('',(5.362693304105,32.9));
#2457 = CARTESIAN_POINT('',(1.725386608211,39.2));
#2458 = CARTESIAN_POINT('',(9.,39.2));
#2459 = ( GEOMETRIC_REPRESENTATION_CONTEXT(2) 
PARAMETRIC_REPRESENTATION_CONTEXT() REPRESENTATION_CONTEXT('2D SPACE',''
  ) );
#2460 = PCURVE('',#2461,#2466);
#2461 = TOROIDAL_SURFACE('',#2462,4.2,0.8);
#2462 = AXIS2_PLACEMENT_3D('',#2463,#2464,#2465);
#2463 = CARTESIAN_POINT('',(43.,15.,65.6));
#2464 = DIRECTION('',(0.,0.,1.));
#2465 = DIRECTION('',(2.6645352591E-16,1.,-0.));
#2466 = DEFINITIONAL_REPRESENTATION('',(#2467),#2471);
#2467 = LINE('',#2468,#2469);
#2468 = CARTESIAN_POINT('',(-0.,1.570796326795));
#2469 = VECTOR('',#2470,1.);
#2470 = DIRECTION('',(-1.,0.));
#2471 = ( GEOMETRIC_REPRESENTATION_CONTEXT(2) 
PARAMETRIC_REPRESENTATION_CONTEXT() REPRESENTATION_CONTEXT('2D SPACE',''
  ) );
#2472 = ORIENTED_EDGE('',*,*,#2473,.F.);
#2473 = EDGE_CURVE('',#2474,#2441,#2476,.T.);
#2474 = VERTEX_POINT('',#2475);
#2475 = CARTESIAN_POINT('',(39.,19.2,66.4));
#2476 = SURFACE_CURVE('',#2477,(#2481,#2488),.PCURVE_S1.);
#2477 = LINE('',#2478,#2479);
#2478 = CARTESIAN_POINT('',(39.,19.2,66.4));
#2479 = VECTOR('',#2480,1.);
#2480 = DIRECTION('',(1.,0.,-0.));
#2481 = PCURVE('',#770,#2482);
#2482 = DEFINITIONAL_REPRESENTATION('',(#2483),#2487);
#2483 = LINE('',#2484,#2485);
#2484 = CARTESIAN_POINT('',(5.,39.2));
#2485 = VECTOR('',#2486,1.);
#2486 = DIRECTION('',(1.,0.));
#2487 = ( GEOMETRIC_REPRESENTATION_CONTEXT(2) 
PARAMETRIC_REPRESENTATION_CONTEXT() REPRESENTATION_CONTEXT('2D SPACE',''
  ) );
#2488 = PCURVE('',#2489,#2494);
#2489 = CYLINDRICAL_SURFACE('',#2490,0.8);
#2490 = AXIS2_PLACEMENT_3D('',#2491,#2492,#2493);
#2491 = CARTESIAN_POINT('',(39.,19.2,65.6));
#2492 = DIRECTION('',(1.,0.,-0.));
#2493 = DIRECTION('',(0.,1.,0.));
#2494 = DEFINITIONAL_REPRESENTATION('',(#2495),#2499);
#2495 = LINE('',#2496,#2497);
#2496 = CARTESIAN_POINT('',(1.570796326795,0.));
#2497 = VECTOR('',#2498,1.);
#2498 = DIRECTION('',(0.,1.));
#2499 = ( GEOMETRIC_REPRESENTATION_CONTEXT(2) 
PARAMETRIC_REPRESENTATION_CONTEXT() REPRESENTATION_CONTEXT('2D SPACE',''
  ) );
#2500 = ORIENTED_EDGE('',*,*,#2501,.F.);
#2501 = EDGE_CURVE('',#2502,#2474,#2504,.T.);
#2502 = VERTEX_POINT('',#2503);
#2503 = CARTESIAN_POINT('',(35.253995469496,16.899328843945,66.4));
#2504 = SURFACE_CURVE('',#2505,(#2510,#2521),.PCURVE_S1.);
#2505 = CIRCLE('',#2506,4.2);
#2506 = AXIS2_PLACEMENT_3D('',#2507,#2508,#2509);
#2507 = CARTESIAN_POINT('',(39.,15.,66.4));
#2508 = DIRECTION('',(-0.,0.,-1.));
#2509 = DIRECTION('',(-1.,0.,0.));
#2510 = PCURVE('',#770,#2511);
#2511 = DEFINITIONAL_REPRESENTATION('',(#2512),#2520);
#2512 = ( BOUNDED_CURVE() B_SPLINE_CURVE(2,(#2513,#2514,#2515,#2516,
#2517,#2518,#2519),.UNSPECIFIED.,.T.,.F.) B_SPLINE_CURVE_WITH_KNOTS((1,2
    ,2,2,2,1),(-2.094395102393,0.,2.094395102393,4.188790204786,
6.28318530718,8.377580409573),.UNSPECIFIED.) CURVE() 
GEOMETRIC_REPRESENTATION_ITEM() RATIONAL_B_SPLINE_CURVE((1.,0.5,1.,0.5,
1.,0.5,1.)) REPRESENTATION_ITEM('') );
#2513 = CARTESIAN_POINT('',(0.8,35.));
#2514 = CARTESIAN_POINT('',(0.8,42.274613391789));
#2515 = CARTESIAN_POINT('',(7.1,38.637306695895));
#2516 = CARTESIAN_POINT('',(13.4,35.));
#2517 = CARTESIAN_POINT('',(7.1,31.362693304105));
#2518 = CARTESIAN_POINT('',(0.8,27.725386608211));
#2519 = CARTESIAN_POINT('',(0.8,35.));
#2520 = ( GEOMETRIC_REPRESENTATION_CONTEXT(2) 
PARAMETRIC_REPRESENTATION_CONTEXT() REPRESENTATION_CONTEXT('2D SPACE',''
  ) );
#2521 = PCURVE('',#2522,#2527);
#2522 = TOROIDAL_SURFACE('',#2523,4.2,0.8);
#2523 = AXIS2_PLACEMENT_3D('',#2524,#2525,#2526);
#2524 = CARTESIAN_POINT('',(39.,15.,65.6));
#2525 = DIRECTION('',(0.,0.,1.));
#2526 = DIRECTION('',(-1.,0.,0.));
#2527 = DEFINITIONAL_REPRESENTATION('',(#2528),#2532);
#2528 = LINE('',#2529,#2530);
#2529 = CARTESIAN_POINT('',(-0.,1.570796326795));
#2530 = VECTOR('',#2531,1.);
#2531 = DIRECTION('',(-1.,0.));
#2532 = ( GEOMETRIC_REPRESENTATION_CONTEXT(2) 
PARAMETRIC_REPRESENTATION_CONTEXT() REPRESENTATION_CONTEXT('2D SPACE',''
  ) );
#2533 = ORIENTED_EDGE('',*,*,#2534,.F.);
#2534 = EDGE_CURVE('',#2535,#2502,#2537,.T.);
#2535 = VERTEX_POINT('',#2536);
#2536 = CARTESIAN_POINT('',(39.2,16.899328843945,66.4));
#2537 = SURFACE_CURVE('',#2538,(#2542,#2548),.PCURVE_S1.);
#2538 = LINE('',#2539,#2540);
#2539 = CARTESIAN_POINT('',(34.,16.899328843945,66.4));
#2540 = VECTOR('',#2541,1.);
#2541 = DIRECTION('',(-1.,0.,0.));
#2542 = PCURVE('',#770,#2543);
#2543 = DEFINITIONAL_REPRESENTATION('',(#2544),#2547);
#2544 = B_SPLINE_CURVE_WITH_KNOTS('',1,(#2545,#2546),.UNSPECIFIED.,.F.,
  .F.,(2,2),(-5.2000006,-0.7999994),.PIECEWISE_BEZIER_KNOTS.);
#2545 = CARTESIAN_POINT('',(5.2000006,36.899328843945));
#2546 = CARTESIAN_POINT('',(0.7999994,36.899328843945));
#2547 = ( GEOMETRIC_REPRESENTATION_CONTEXT(2) 
PARAMETRIC_REPRESENTATION_CONTEXT() REPRESENTATION_CONTEXT('2D SPACE',''
  ) );
#2548 = PCURVE('',#2549,#2554);
#2549 = CYLINDRICAL_SURFACE('',#2550,18.);
#2550 = AXIS2_PLACEMENT_3D('',#2551,#2552,#2553);
#2551 = CARTESIAN_POINT('',(34.,2.,76.5));
#2552 = DIRECTION('',(-1.,0.,0.));
#2553 = DIRECTION('',(0.,-1.,0.));
#2554 = DEFINITIONAL_REPRESENTATION('',(#2555),#2558);
#2555 = B_SPLINE_CURVE_WITH_KNOTS('',1,(#2556,#2557),.UNSPECIFIED.,.F.,
  .F.,(2,2),(-5.2000006,-0.7999994),.PIECEWISE_BEZIER_KNOTS.);
#2556 = CARTESIAN_POINT('',(3.737320186159,-5.2000006));
#2557 = CARTESIAN_POINT('',(3.737320186159,-0.7999994));
#2558 = ( GEOMETRIC_REPRESENTATION_CONTEXT(2) 
PARAMETRIC_REPRESENTATION_CONTEXT() REPRESENTATION_CONTEXT('2D SPACE',''
  ) );
#2559 = ORIENTED_EDGE('',*,*,#2560,.T.);
#2560 = EDGE_CURVE('',#2535,#2561,#2563,.T.);
#2561 = VERTEX_POINT('',#2562);
#2562 = CARTESIAN_POINT('',(40.,15.92228429533,66.4));
#2563 = SURFACE_CURVE('',#2564,(#2583,#2605),.PCURVE_S1.);
#2564 = B_SPLINE_CURVE_WITH_KNOTS('',5,(#2565,#2566,#2567,#2568,#2569,
    #2570,#2571,#2572,#2573,#2574,#2575,#2576,#2577,#2578,#2579,#2580,
    #2581,#2582),.UNSPECIFIED.,.F.,.F.,(6,4,4,4,6),(0.,0.239499642837,
    0.484080242656,0.739047561444,1.),.UNSPECIFIED.);
#2565 = CARTESIAN_POINT('',(39.2,16.899328843945,66.4));
#2566 = CARTESIAN_POINT('',(39.263019334478,16.899328843945,66.4));
#2567 = CARTESIAN_POINT('',(39.326046548078,16.891831793384,66.4));
#2568 = CARTESIAN_POINT('',(39.38809459921,16.876835926714,66.4));
#2569 = CARTESIAN_POINT('',(39.448243715624,16.854675732421,66.4));
#2570 = CARTESIAN_POINT('',(39.564418981098,16.796543811851,66.4));
#2571 = CARTESIAN_POINT('',(39.620340848001,16.760283693703,66.4));
#2572 = CARTESIAN_POINT('',(39.672677635915,16.717726868963,66.4));
#2573 = CARTESIAN_POINT('',(39.720851716737,16.669653890789,66.4));
#2574 = CARTESIAN_POINT('',(39.809940962719,16.561829073918,66.4));
#2575 = CARTESIAN_POINT('',(39.850462497003,16.501666057652,66.4));
#2576 = CARTESIAN_POINT('',(39.885598888563,16.437269149241,66.4));
#2577 = CARTESIAN_POINT('',(39.915125762986,16.369539129796,66.4));
#2578 = CARTESIAN_POINT('',(39.963287667773,16.227417812179,66.4));
#2579 = CARTESIAN_POINT('',(39.98164951962,16.152911337828,66.4));
#2580 = CARTESIAN_POINT('',(39.993892532204,16.076666984342,66.4));
#2581 = CARTESIAN_POINT('',(40.,15.999523530847,66.4));
#2582 = CARTESIAN_POINT('',(40.,15.92228429533,66.4));
#2583 = PCURVE('',#770,#2584);
#2584 = DEFINITIONAL_REPRESENTATION('',(#2585),#2604);
#2585 = B_SPLINE_CURVE_WITH_KNOTS('',5,(#2586,#2587,#2588,#2589,#2590,
    #2591,#2592,#2593,#2594,#2595,#2596,#2597,#2598,#2599,#2600,#2601,
    #2602,#2603),.UNSPECIFIED.,.F.,.F.,(6,4,4,4,6),(0.,0.239499642837,
    0.484080242656,0.739047561444,1.),.UNSPECIFIED.);
#2586 = CARTESIAN_POINT('',(5.2,36.899328843945));
#2587 = CARTESIAN_POINT('',(5.263019334478,36.899328843945));
#2588 = CARTESIAN_POINT('',(5.326046548078,36.891831793384));
#2589 = CARTESIAN_POINT('',(5.38809459921,36.876835926714));
#2590 = CARTESIAN_POINT('',(5.448243715624,36.854675732421));
#2591 = CARTESIAN_POINT('',(5.564418981098,36.796543811851));
#2592 = CARTESIAN_POINT('',(5.620340848001,36.760283693703));
#2593 = CARTESIAN_POINT('',(5.672677635915,36.717726868963));
#2594 = CARTESIAN_POINT('',(5.720851716737,36.669653890789));
#2595 = CARTESIAN_POINT('',(5.809940962719,36.561829073918));
#2596 = CARTESIAN_POINT('',(5.850462497003,36.501666057652));
#2597 = CARTESIAN_POINT('',(5.885598888563,36.437269149241));
#2598 = CARTESIAN_POINT('',(5.915125762986,36.369539129796));
#2599 = CARTESIAN_POINT('',(5.963287667773,36.227417812179));
#2600 = CARTESIAN_POINT('',(5.98164951962,36.152911337828));
#2601 = CARTESIAN_POINT('',(5.993892532204,36.076666984342));
#2602 = CARTESIAN_POINT('',(6.,35.999523530847));
#2603 = CARTESIAN_POINT('',(6.,35.92228429533));
#2604 = ( GEOMETRIC_REPRESENTATION_CONTEXT(2) 
PARAMETRIC_REPRESENTATION_CONTEXT() REPRESENTATION_CONTEXT('2D SPACE',''
  ) );
#2605 = PCURVE('',#2606,#2611);
#2606 = TOROIDAL_SURFACE('',#2607,17.2,0.8);
#2607 = AXIS2_PLACEMENT_3D('',#2608,#2609,#2610);
#2608 = CARTESIAN_POINT('',(39.2,2.,76.5));
#2609 = DIRECTION('',(1.,0.,0.));
#2610 = DIRECTION('',(-0.,1.,0.));
#2611 = DEFINITIONAL_REPRESENTATION('',(#2612),#2631);
#2612 = B_SPLINE_CURVE_WITH_KNOTS('',5,(#2613,#2614,#2615,#2616,#2617,
    #2618,#2619,#2620,#2621,#2622,#2623,#2624,#2625,#2626,#2627,#2628,
    #2629,#2630),.UNSPECIFIED.,.F.,.F.,(6,4,4,4,6),(0.,0.239499642837,
    0.484080242656,0.739047561444,1.),.UNSPECIFIED.);
#2613 = CARTESIAN_POINT('',(-0.595727532569,0.));
#2614 = CARTESIAN_POINT('',(-0.595727532569,7.877416809779E-02));
#2615 = CARTESIAN_POINT('',(-0.595961242726,0.157557805528));
#2616 = CARTESIAN_POINT('',(-0.596428680164,0.236138031015));
#2617 = CARTESIAN_POINT('',(-0.597121165433,0.314375421931));
#2618 = CARTESIAN_POINT('',(-0.598945590579,0.471522016443));
#2619 = CARTESIAN_POINT('',(-0.600086703118,0.550423959454));
#2620 = CARTESIAN_POINT('',(-0.601431500312,0.62869943419));
#2621 = CARTESIAN_POINT('',(-0.602959331307,0.706309858221));
#2622 = CARTESIAN_POINT('',(-0.606409313716,0.86346199538));
#2623 = CARTESIAN_POINT('',(-0.608345514673,0.94294879622));
#2624 = CARTESIAN_POINT('',(-0.610432726246,1.021731284905));
#2625 = CARTESIAN_POINT('',(-0.612645799627,1.099884006883));
#2626 = CARTESIAN_POINT('',(-0.617329384264,1.256982214996));
#2627 = CARTESIAN_POINT('',(-0.619804593865,1.335899366742));
#2628 = CARTESIAN_POINT('',(-0.622360125101,1.414405767832));
#2629 = CARTESIAN_POINT('',(-0.624969848017,1.49264613816));
#2630 = CARTESIAN_POINT('',(-0.627606801365,1.570796326795));
#2631 = ( GEOMETRIC_REPRESENTATION_CONTEXT(2) 
PARAMETRIC_REPRESENTATION_CONTEXT() REPRESENTATION_CONTEXT('2D SPACE',''
  ) );
#2632 = ORIENTED_EDGE('',*,*,#2633,.T.);
#2633 = EDGE_CURVE('',#2561,#2634,#2636,.T.);
#2634 = VERTEX_POINT('',#2635);
#2635 = CARTESIAN_POINT('',(40.,12.497999199359,66.4));
#2636 = SURFACE_CURVE('',#2637,(#2641,#2647),.PCURVE_S1.);
#2637 = LINE('',#2638,#2639);
#2638 = CARTESIAN_POINT('',(40.,-20.5,66.4));
#2639 = VECTOR('',#2640,1.);
#2640 = DIRECTION('',(0.,-1.,0.));
#2641 = PCURVE('',#770,#2642);
#2642 = DEFINITIONAL_REPRESENTATION('',(#2643),#2646);
#2643 = B_SPLINE_CURVE_WITH_KNOTS('',1,(#2644,#2645),.UNSPECIFIED.,.F.,
  .F.,(2,2),(-39.7,-1.3),.PIECEWISE_BEZIER_KNOTS.);
#2644 = CARTESIAN_POINT('',(6.,39.2));
#2645 = CARTESIAN_POINT('',(6.,0.8));
#2646 = ( GEOMETRIC_REPRESENTATION_CONTEXT(2) 
PARAMETRIC_REPRESENTATION_CONTEXT() REPRESENTATION_CONTEXT('2D SPACE',''
  ) );
#2647 = PCURVE('',#2648,#2653);
#2648 = PLANE('',#2649);
#2649 = AXIS2_PLACEMENT_3D('',#2650,#2651,#2652);
#2650 = CARTESIAN_POINT('',(40.,-21.,57.5));
#2651 = DIRECTION('',(1.,0.,-0.));
#2652 = DIRECTION('',(0.,0.,1.));
#2653 = DEFINITIONAL_REPRESENTATION('',(#2654),#2658);
#2654 = LINE('',#2655,#2656);
#2655 = CARTESIAN_POINT('',(8.9,-0.5));
#2656 = VECTOR('',#2657,1.);
#2657 = DIRECTION('',(0.,1.));
#2658 = ( GEOMETRIC_REPRESENTATION_CONTEXT(2) 
PARAMETRIC_REPRESENTATION_CONTEXT() REPRESENTATION_CONTEXT('2D SPACE',''
  ) );
#2659 = ORIENTED_EDGE('',*,*,#2660,.F.);
#2660 = EDGE_CURVE('',#2661,#2634,#2663,.T.);
#2661 = VERTEX_POINT('',#2662);
#2662 = CARTESIAN_POINT('',(45.2,10.,66.4));
#2663 = SURFACE_CURVE('',#2664,(#2669,#2676),.PCURVE_S1.);
#2664 = CIRCLE('',#2665,3.2);
#2665 = AXIS2_PLACEMENT_3D('',#2666,#2667,#2668);
#2666 = CARTESIAN_POINT('',(42.,10.,66.4));
#2667 = DIRECTION('',(0.,0.,1.));
#2668 = DIRECTION('',(1.,0.,-0.));
#2669 = PCURVE('',#770,#2670);
#2670 = DEFINITIONAL_REPRESENTATION('',(#2671),#2675);
#2671 = CIRCLE('',#2672,3.2);
#2672 = AXIS2_PLACEMENT_2D('',#2673,#2674);
#2673 = CARTESIAN_POINT('',(8.,30.));
#2674 = DIRECTION('',(1.,0.));
#2675 = ( GEOMETRIC_REPRESENTATION_CONTEXT(2) 
PARAMETRIC_REPRESENTATION_CONTEXT() REPRESENTATION_CONTEXT('2D SPACE',''
  ) );
#2676 = PCURVE('',#2677,#2682);
#2677 = CYLINDRICAL_SURFACE('',#2678,3.2);
#2678 = AXIS2_PLACEMENT_3D('',#2679,#2680,#2681);
#2679 = CARTESIAN_POINT('',(42.,10.,64.5));
#2680 = DIRECTION('',(0.,0.,1.));
#2681 = DIRECTION('',(1.,0.,-0.));
#2682 = DEFINITIONAL_REPRESENTATION('',(#2683),#2687);
#2683 = LINE('',#2684,#2685);
#2684 = CARTESIAN_POINT('',(0.,1.9));
#2685 = VECTOR('',#2686,1.);
#2686 = DIRECTION('',(1.,0.));
#2687 = ( GEOMETRIC_REPRESENTATION_CONTEXT(2) 
PARAMETRIC_REPRESENTATION_CONTEXT() REPRESENTATION_CONTEXT('2D SPACE',''
  ) );
#2688 = ORIENTED_EDGE('',*,*,#2689,.F.);
#2689 = EDGE_CURVE('',#2690,#2661,#2692,.T.);
#2690 = VERTEX_POINT('',#2691);
#2691 = CARTESIAN_POINT('',(40.,7.502000800641,66.4));
#2692 = SURFACE_CURVE('',#2693,(#2698,#2705),.PCURVE_S1.);
#2693 = CIRCLE('',#2694,3.2);
#2694 = AXIS2_PLACEMENT_3D('',#2695,#2696,#2697);
#2695 = CARTESIAN_POINT('',(42.,10.,66.4));
#2696 = DIRECTION('',(0.,0.,1.));
#2697 = DIRECTION('',(1.,0.,-0.));
#2698 = PCURVE('',#770,#2699);
#2699 = DEFINITIONAL_REPRESENTATION('',(#2700),#2704);
#2700 = CIRCLE('',#2701,3.2);
#2701 = AXIS2_PLACEMENT_2D('',#2702,#2703);
#2702 = CARTESIAN_POINT('',(8.,30.));
#2703 = DIRECTION('',(1.,0.));
#2704 = ( GEOMETRIC_REPRESENTATION_CONTEXT(2) 
PARAMETRIC_REPRESENTATION_CONTEXT() REPRESENTATION_CONTEXT('2D SPACE',''
  ) );
#2705 = PCURVE('',#2677,#2706);
#2706 = DEFINITIONAL_REPRESENTATION('',(#2707),#2711);
#2707 = LINE('',#2708,#2709);
#2708 = CARTESIAN_POINT('',(0.,1.9));
#2709 = VECTOR('',#2710,1.);
#2710 = DIRECTION('',(1.,0.));
#2711 = ( GEOMETRIC_REPRESENTATION_CONTEXT(2) 
PARAMETRIC_REPRESENTATION_CONTEXT() REPRESENTATION_CONTEXT('2D SPACE',''
  ) );
#2712 = ORIENTED_EDGE('',*,*,#2713,.T.);
#2713 = EDGE_CURVE('',#2690,#2714,#2716,.T.);
#2714 = VERTEX_POINT('',#2715);
#2715 = CARTESIAN_POINT('',(40.,-7.502000800641,66.4));
#2716 = SURFACE_CURVE('',#2717,(#2721,#2727),.PCURVE_S1.);
#2717 = LINE('',#2718,#2719);
#2718 = CARTESIAN_POINT('',(40.,-20.5,66.4));
#2719 = VECTOR('',#2720,1.);
#2720 = DIRECTION('',(0.,-1.,0.));
#2721 = PCURVE('',#770,#2722);
#2722 = DEFINITIONAL_REPRESENTATION('',(#2723),#2726);
#2723 = B_SPLINE_CURVE_WITH_KNOTS('',1,(#2724,#2725),.UNSPECIFIED.,.F.,
  .F.,(2,2),(-39.7,-1.3),.PIECEWISE_BEZIER_KNOTS.);
#2724 = CARTESIAN_POINT('',(6.,39.2));
#2725 = CARTESIAN_POINT('',(6.,0.8));
#2726 = ( GEOMETRIC_REPRESENTATION_CONTEXT(2) 
PARAMETRIC_REPRESENTATION_CONTEXT() REPRESENTATION_CONTEXT('2D SPACE',''
  ) );
#2727 = PCURVE('',#2648,#2728);
#2728 = DEFINITIONAL_REPRESENTATION('',(#2729),#2733);
#2729 = LINE('',#2730,#2731);
#2730 = CARTESIAN_POINT('',(8.9,-0.5));
#2731 = VECTOR('',#2732,1.);
#2732 = DIRECTION('',(0.,1.));
#2733 = ( GEOMETRIC_REPRESENTATION_CONTEXT(2) 
PARAMETRIC_REPRESENTATION_CONTEXT() REPRESENTATION_CONTEXT('2D SPACE',''
  ) );
#2734 = ORIENTED_EDGE('',*,*,#2735,.F.);
#2735 = EDGE_CURVE('',#2736,#2714,#2738,.T.);
#2736 = VERTEX_POINT('',#2737);
#2737 = CARTESIAN_POINT('',(45.2,-10.,66.4));
#2738 = SURFACE_CURVE('',#2739,(#2744,#2751),.PCURVE_S1.);
#2739 = CIRCLE('',#2740,3.2);
#2740 = AXIS2_PLACEMENT_3D('',#2741,#2742,#2743);
#2741 = CARTESIAN_POINT('',(42.,-10.,66.4));
#2742 = DIRECTION('',(0.,0.,1.));
#2743 = DIRECTION('',(1.,0.,-0.));
#2744 = PCURVE('',#770,#2745);
#2745 = DEFINITIONAL_REPRESENTATION('',(#2746),#2750);
#2746 = CIRCLE('',#2747,3.2);
#2747 = AXIS2_PLACEMENT_2D('',#2748,#2749);
#2748 = CARTESIAN_POINT('',(8.,10.));
#2749 = DIRECTION('',(1.,0.));
#2750 = ( GEOMETRIC_REPRESENTATION_CONTEXT(2) 
PARAMETRIC_REPRESENTATION_CONTEXT() REPRESENTATION_CONTEXT('2D SPACE',''
  ) );
#2751 = PCURVE('',#2752,#2757);
#2752 = CYLINDRICAL_SURFACE('',#2753,3.2);
#2753 = AXIS2_PLACEMENT_3D('',#2754,#2755,#2756);
#2754 = CARTESIAN_POINT('',(42.,-10.,64.5));
#2755 = DIRECTION('',(0.,0.,1.));
#2756 = DIRECTION('',(1.,0.,-0.));
#2757 = DEFINITIONAL_REPRESENTATION('',(#2758),#2762);
#2758 = LINE('',#2759,#2760);
#2759 = CARTESIAN_POINT('',(0.,1.9));
#2760 = VECTOR('',#2761,1.);
#2761 = DIRECTION('',(1.,0.));
#2762 = ( GEOMETRIC_REPRESENTATION_CONTEXT(2) 
PARAMETRIC_REPRESENTATION_CONTEXT() REPRESENTATION_CONTEXT('2D SPACE',''
  ) );
#2763 = ORIENTED_EDGE('',*,*,#2764,.F.);
#2764 = EDGE_CURVE('',#2765,#2736,#2767,.T.);
#2765 = VERTEX_POINT('',#2766);
#2766 = CARTESIAN_POINT('',(40.,-12.49799919935,66.4));
#2767 = SURFACE_CURVE('',#2768,(#2773,#2780),.PCURVE_S1.);
#2768 = CIRCLE('',#2769,3.2);
#2769 = AXIS2_PLACEMENT_3D('',#2770,#2771,#2772);
#2770 = CARTESIAN_POINT('',(42.,-10.,66.4));
#2771 = DIRECTION('',(0.,0.,1.));
#2772 = DIRECTION('',(1.,0.,-0.));
#2773 = PCURVE('',#770,#2774);
#2774 = DEFINITIONAL_REPRESENTATION('',(#2775),#2779);
#2775 = CIRCLE('',#2776,3.2);
#2776 = AXIS2_PLACEMENT_2D('',#2777,#2778);
#2777 = CARTESIAN_POINT('',(8.,10.));
#2778 = DIRECTION('',(1.,0.));
#2779 = ( GEOMETRIC_REPRESENTATION_CONTEXT(2) 
PARAMETRIC_REPRESENTATION_CONTEXT() REPRESENTATION_CONTEXT('2D SPACE',''
  ) );
#2780 = PCURVE('',#2752,#2781);
#2781 = DEFINITIONAL_REPRESENTATION('',(#2782),#2786);
#2782 = LINE('',#2783,#2784);
#2783 = CARTESIAN_POINT('',(0.,1.9));
#2784 = VECTOR('',#2785,1.);
#2785 = DIRECTION('',(1.,0.));
#2786 = ( GEOMETRIC_REPRESENTATION_CONTEXT(2) 
PARAMETRIC_REPRESENTATION_CONTEXT() REPRESENTATION_CONTEXT('2D SPACE',''
  ) );
#2787 = ORIENTED_EDGE('',*,*,#2788,.T.);
#2788 = EDGE_CURVE('',#2765,#2323,#2789,.T.);
#2789 = SURFACE_CURVE('',#2790,(#2794,#2800),.PCURVE_S1.);
#2790 = LINE('',#2791,#2792);
#2791 = CARTESIAN_POINT('',(40.,-20.5,66.4));
#2792 = VECTOR('',#2793,1.);
#2793 = DIRECTION('',(0.,-1.,0.));
#2794 = PCURVE('',#770,#2795);
#2795 = DEFINITIONAL_REPRESENTATION('',(#2796),#2799);
#2796 = B_SPLINE_CURVE_WITH_KNOTS('',1,(#2797,#2798),.UNSPECIFIED.,.F.,
  .F.,(2,2),(-39.7,-1.3),.PIECEWISE_BEZIER_KNOTS.);
#2797 = CARTESIAN_POINT('',(6.,39.2));
#2798 = CARTESIAN_POINT('',(6.,0.8));
#2799 = ( GEOMETRIC_REPRESENTATION_CONTEXT(2) 
PARAMETRIC_REPRESENTATION_CONTEXT() REPRESENTATION_CONTEXT('2D SPACE',''
  ) );
#2800 = PCURVE('',#2648,#2801);
#2801 = DEFINITIONAL_REPRESENTATION('',(#2802),#2806);
#2802 = LINE('',#2803,#2804);
#2803 = CARTESIAN_POINT('',(8.9,-0.5));
#2804 = VECTOR('',#2805,1.);
#2805 = DIRECTION('',(0.,1.));
#2806 = ( GEOMETRIC_REPRESENTATION_CONTEXT(2) 
PARAMETRIC_REPRESENTATION_CONTEXT() REPRESENTATION_CONTEXT('2D SPACE',''
  ) );
#2807 = ADVANCED_FACE('',(#2808),#822,.T.);
#2808 = FACE_BOUND('',#2809,.T.);
#2809 = EDGE_LOOP('',(#2810,#2811,#2812,#2835));
#2810 = ORIENTED_EDGE('',*,*,#806,.F.);
#2811 = ORIENTED_EDGE('',*,*,#885,.F.);
#2812 = ORIENTED_EDGE('',*,*,#2813,.T.);
#2813 = EDGE_CURVE('',#862,#2814,#2816,.T.);
#2814 = VERTEX_POINT('',#2815);
#2815 = CARTESIAN_POINT('',(48.,15.,65.6));
#2816 = SURFACE_CURVE('',#2817,(#2821,#2828),.PCURVE_S1.);
#2817 = LINE('',#2818,#2819);
#2818 = CARTESIAN_POINT('',(48.,15.,58.4));
#2819 = VECTOR('',#2820,1.);
#2820 = DIRECTION('',(0.,0.,1.));
#2821 = PCURVE('',#822,#2822);
#2822 = DEFINITIONAL_REPRESENTATION('',(#2823),#2827);
#2823 = LINE('',#2824,#2825);
#2824 = CARTESIAN_POINT('',(0.,-35.));
#2825 = VECTOR('',#2826,1.);
#2826 = DIRECTION('',(1.,0.));
#2827 = ( GEOMETRIC_REPRESENTATION_CONTEXT(2) 
PARAMETRIC_REPRESENTATION_CONTEXT() REPRESENTATION_CONTEXT('2D SPACE',''
  ) );
#2828 = PCURVE('',#1057,#2829);
#2829 = DEFINITIONAL_REPRESENTATION('',(#2830),#2834);
#2830 = LINE('',#2831,#2832);
#2831 = CARTESIAN_POINT('',(0.,0.));
#2832 = VECTOR('',#2833,1.);
#2833 = DIRECTION('',(0.,1.));
#2834 = ( GEOMETRIC_REPRESENTATION_CONTEXT(2) 
PARAMETRIC_REPRESENTATION_CONTEXT() REPRESENTATION_CONTEXT('2D SPACE',''
  ) );
#2835 = ORIENTED_EDGE('',*,*,#2836,.T.);
#2836 = EDGE_CURVE('',#2814,#807,#2837,.T.);
#2837 = SURFACE_CURVE('',#2838,(#2842,#2849),.PCURVE_S1.);
#2838 = LINE('',#2839,#2840);
#2839 = CARTESIAN_POINT('',(48.,15.,65.6));
#2840 = VECTOR('',#2841,1.);
#2841 = DIRECTION('',(0.,-1.,-0.));
#2842 = PCURVE('',#822,#2843);
#2843 = DEFINITIONAL_REPRESENTATION('',(#2844),#2848);
#2844 = LINE('',#2845,#2846);
#2845 = CARTESIAN_POINT('',(7.2,-35.));
#2846 = VECTOR('',#2847,1.);
#2847 = DIRECTION('',(0.,1.));
#2848 = ( GEOMETRIC_REPRESENTATION_CONTEXT(2) 
PARAMETRIC_REPRESENTATION_CONTEXT() REPRESENTATION_CONTEXT('2D SPACE',''
  ) );
#2849 = PCURVE('',#2278,#2850);
#2850 = DEFINITIONAL_REPRESENTATION('',(#2851),#2855);
#2851 = LINE('',#2852,#2853);
#2852 = CARTESIAN_POINT('',(0.,0.));
#2853 = VECTOR('',#2854,1.);
#2854 = DIRECTION('',(0.,1.));
#2855 = ( GEOMETRIC_REPRESENTATION_CONTEXT(2) 
PARAMETRIC_REPRESENTATION_CONTEXT() REPRESENTATION_CONTEXT('2D SPACE',''
  ) );
#2856 = ADVANCED_FACE('',(#2857),#927,.T.);
#2857 = FACE_BOUND('',#2858,.T.);
#2858 = EDGE_LOOP('',(#2859,#2882,#2905,#2926));
#2859 = ORIENTED_EDGE('',*,*,#2860,.T.);
#2860 = EDGE_CURVE('',#910,#2861,#2863,.T.);
#2861 = VERTEX_POINT('',#2862);
#2862 = CARTESIAN_POINT('',(39.,20.,65.6));
#2863 = SURFACE_CURVE('',#2864,(#2868,#2875),.PCURVE_S1.);
#2864 = LINE('',#2865,#2866);
#2865 = CARTESIAN_POINT('',(39.,20.,58.4));
#2866 = VECTOR('',#2867,1.);
#2867 = DIRECTION('',(0.,0.,1.));
#2868 = PCURVE('',#927,#2869);
#2869 = DEFINITIONAL_REPRESENTATION('',(#2870),#2874);
#2870 = LINE('',#2871,#2872);
#2871 = CARTESIAN_POINT('',(0.,5.));
#2872 = VECTOR('',#2873,1.);
#2873 = DIRECTION('',(1.,0.));
#2874 = ( GEOMETRIC_REPRESENTATION_CONTEXT(2) 
PARAMETRIC_REPRESENTATION_CONTEXT() REPRESENTATION_CONTEXT('2D SPACE',''
  ) );
#2875 = PCURVE('',#1024,#2876);
#2876 = DEFINITIONAL_REPRESENTATION('',(#2877),#2881);
#2877 = LINE('',#2878,#2879);
#2878 = CARTESIAN_POINT('',(-1.570796326795,0.));
#2879 = VECTOR('',#2880,1.);
#2880 = DIRECTION('',(-0.,1.));
#2881 = ( GEOMETRIC_REPRESENTATION_CONTEXT(2) 
PARAMETRIC_REPRESENTATION_CONTEXT() REPRESENTATION_CONTEXT('2D SPACE',''
  ) );
#2882 = ORIENTED_EDGE('',*,*,#2883,.T.);
#2883 = EDGE_CURVE('',#2861,#2884,#2886,.T.);
#2884 = VERTEX_POINT('',#2885);
#2885 = CARTESIAN_POINT('',(43.,20.,65.6));
#2886 = SURFACE_CURVE('',#2887,(#2891,#2898),.PCURVE_S1.);
#2887 = LINE('',#2888,#2889);
#2888 = CARTESIAN_POINT('',(39.,20.,65.6));
#2889 = VECTOR('',#2890,1.);
#2890 = DIRECTION('',(1.,0.,-0.));
#2891 = PCURVE('',#927,#2892);
#2892 = DEFINITIONAL_REPRESENTATION('',(#2893),#2897);
#2893 = LINE('',#2894,#2895);
#2894 = CARTESIAN_POINT('',(7.2,5.));
#2895 = VECTOR('',#2896,1.);
#2896 = DIRECTION('',(0.,1.));
#2897 = ( GEOMETRIC_REPRESENTATION_CONTEXT(2) 
PARAMETRIC_REPRESENTATION_CONTEXT() REPRESENTATION_CONTEXT('2D SPACE',''
  ) );
#2898 = PCURVE('',#2489,#2899);
#2899 = DEFINITIONAL_REPRESENTATION('',(#2900),#2904);
#2900 = LINE('',#2901,#2902);
#2901 = CARTESIAN_POINT('',(0.,0.));
#2902 = VECTOR('',#2903,1.);
#2903 = DIRECTION('',(0.,1.));
#2904 = ( GEOMETRIC_REPRESENTATION_CONTEXT(2) 
PARAMETRIC_REPRESENTATION_CONTEXT() REPRESENTATION_CONTEXT('2D SPACE',''
  ) );
#2905 = ORIENTED_EDGE('',*,*,#2906,.F.);
#2906 = EDGE_CURVE('',#912,#2884,#2907,.T.);
#2907 = SURFACE_CURVE('',#2908,(#2912,#2919),.PCURVE_S1.);
#2908 = LINE('',#2909,#2910);
#2909 = CARTESIAN_POINT('',(43.,20.,58.4));
#2910 = VECTOR('',#2911,1.);
#2911 = DIRECTION('',(0.,0.,1.));
#2912 = PCURVE('',#927,#2913);
#2913 = DEFINITIONAL_REPRESENTATION('',(#2914),#2918);
#2914 = LINE('',#2915,#2916);
#2915 = CARTESIAN_POINT('',(0.,9.));
#2916 = VECTOR('',#2917,1.);
#2917 = DIRECTION('',(1.,0.));
#2918 = ( GEOMETRIC_REPRESENTATION_CONTEXT(2) 
PARAMETRIC_REPRESENTATION_CONTEXT() REPRESENTATION_CONTEXT('2D SPACE',''
  ) );
#2919 = PCURVE('',#1057,#2920);
#2920 = DEFINITIONAL_REPRESENTATION('',(#2921),#2925);
#2921 = LINE('',#2922,#2923);
#2922 = CARTESIAN_POINT('',(1.570796326795,0.));
#2923 = VECTOR('',#2924,1.);
#2924 = DIRECTION('',(0.,1.));
#2925 = ( GEOMETRIC_REPRESENTATION_CONTEXT(2) 
PARAMETRIC_REPRESENTATION_CONTEXT() REPRESENTATION_CONTEXT('2D SPACE',''
  ) );
#2926 = ORIENTED_EDGE('',*,*,#909,.F.);
#2927 = ADVANCED_FACE('',(#2928),#1024,.T.);
#2928 = FACE_BOUND('',#2929,.F.);
#2929 = EDGE_LOOP('',(#2930,#2931,#2932,#2933,#2957));
#2930 = ORIENTED_EDGE('',*,*,#1391,.F.);
#2931 = ORIENTED_EDGE('',*,*,#1009,.T.);
#2932 = ORIENTED_EDGE('',*,*,#2860,.T.);
#2933 = ORIENTED_EDGE('',*,*,#2934,.F.);
#2934 = EDGE_CURVE('',#2935,#2861,#2937,.T.);
#2935 = VERTEX_POINT('',#2936);
#2936 = CARTESIAN_POINT('',(34.038861348459,15.622176245276,65.6));
#2937 = SURFACE_CURVE('',#2938,(#2943,#2950),.PCURVE_S1.);
#2938 = CIRCLE('',#2939,5.);
#2939 = AXIS2_PLACEMENT_3D('',#2940,#2941,#2942);
#2940 = CARTESIAN_POINT('',(39.,15.,65.6));
#2941 = DIRECTION('',(-0.,0.,-1.));
#2942 = DIRECTION('',(-1.,0.,0.));
#2943 = PCURVE('',#1024,#2944);
#2944 = DEFINITIONAL_REPRESENTATION('',(#2945),#2949);
#2945 = LINE('',#2946,#2947);
#2946 = CARTESIAN_POINT('',(-0.,7.2));
#2947 = VECTOR('',#2948,1.);
#2948 = DIRECTION('',(-1.,0.));
#2949 = ( GEOMETRIC_REPRESENTATION_CONTEXT(2) 
PARAMETRIC_REPRESENTATION_CONTEXT() REPRESENTATION_CONTEXT('2D SPACE',''
  ) );
#2950 = PCURVE('',#2522,#2951);
#2951 = DEFINITIONAL_REPRESENTATION('',(#2952),#2956);
#2952 = LINE('',#2953,#2954);
#2953 = CARTESIAN_POINT('',(-0.,0.));
#2954 = VECTOR('',#2955,1.);
#2955 = DIRECTION('',(-1.,0.));
#2956 = ( GEOMETRIC_REPRESENTATION_CONTEXT(2) 
PARAMETRIC_REPRESENTATION_CONTEXT() REPRESENTATION_CONTEXT('2D SPACE',''
  ) );
#2957 = ORIENTED_EDGE('',*,*,#2958,.T.);
#2958 = EDGE_CURVE('',#2935,#1392,#2959,.T.);
#2959 = SURFACE_CURVE('',#2960,(#2975,#2993),.PCURVE_S1.);
#2960 = B_SPLINE_CURVE_WITH_KNOTS('',7,(#2961,#2962,#2963,#2964,#2965,
    #2966,#2967,#2968,#2969,#2970,#2971,#2972,#2973,#2974),
  .UNSPECIFIED.,.F.,.F.,(8,6,8),(0.,6.846378183651E-02,1.),
  .UNSPECIFIED.);
#2961 = CARTESIAN_POINT('',(34.038861468001,15.622177198485,65.6000006)
  );
#2962 = CARTESIAN_POINT('',(34.038667581949,15.620631182801,
    65.599027455484));
#2963 = CARTESIAN_POINT('',(34.037946180804,15.614878192672,
    65.595406283567));
#2964 = CARTESIAN_POINT('',(34.037126297787,15.608265986551,
    65.59125245312));
#2965 = CARTESIAN_POINT('',(34.03642749889,15.602485064513,
    65.587636525878));
#2966 = CARTESIAN_POINT('',(34.03586696219,15.59783884863,
    65.584731192619));
#2967 = CARTESIAN_POINT('',(34.035338570706,15.593441880196,
    65.581983572514));
#2968 = CARTESIAN_POINT('',(34.024988824219,15.505961946591,
    65.527457443085));
#2969 = CARTESIAN_POINT('',(34.016817016975,15.423517844511,
    65.477423443415));
#2970 = CARTESIAN_POINT('',(34.010177863608,15.340201128363,
    65.428126225955));
#2971 = CARTESIAN_POINT('',(34.005129015191,15.256097830872,
    65.379538001622));
#2972 = CARTESIAN_POINT('',(34.001721709066,15.171298882374,
    65.33162579009));
#2973 = CARTESIAN_POINT('',(34.00000000144,15.085899737187,
    65.284351735097));
#2974 = CARTESIAN_POINT('',(34.,15.,65.237673419759));
#2975 = PCURVE('',#1024,#2976);
#2976 = DEFINITIONAL_REPRESENTATION('',(#2977),#2992);
#2977 = B_SPLINE_CURVE_WITH_KNOTS('',7,(#2978,#2979,#2980,#2981,#2982,
    #2983,#2984,#2985,#2986,#2987,#2988,#2989,#2990,#2991),
  .UNSPECIFIED.,.F.,.F.,(8,6,8),(0.,6.846378183651E-02,1.),
  .UNSPECIFIED.);
#2978 = CARTESIAN_POINT('',(-0.124758828233,7.2000006));
#2979 = CARTESIAN_POINT('',(-0.124447203054,7.199027455484));
#2980 = CARTESIAN_POINT('',(-0.12328759396,7.195406283567));
#2981 = CARTESIAN_POINT('',(-0.121955028259,7.19125245312));
#2982 = CARTESIAN_POINT('',(-0.120790432579,7.187636525878));
#2983 = CARTESIAN_POINT('',(-0.119854449014,7.184731192619));
#2984 = CARTESIAN_POINT('',(-0.118968730231,7.181983572514));
#2985 = CARTESIAN_POINT('',(-0.101350721222,7.127457443085));
#2986 = CARTESIAN_POINT('',(-8.47840786875E-02,7.077423443415));
#2987 = CARTESIAN_POINT('',(-6.807292170071E-02,7.028126225955));
#2988 = CARTESIAN_POINT('',(-5.122784927209E-02,6.979538001622));
#2989 = CARTESIAN_POINT('',(-3.425977360387E-02,6.93162579009));
#2990 = CARTESIAN_POINT('',(-1.717994887067E-02,6.884351735097));
#2991 = CARTESIAN_POINT('',(0.,6.837673419759));
#2992 = ( GEOMETRIC_REPRESENTATION_CONTEXT(2) 
PARAMETRIC_REPRESENTATION_CONTEXT() REPRESENTATION_CONTEXT('2D SPACE',''
  ) );
#2993 = PCURVE('',#1435,#2994);
#2994 = DEFINITIONAL_REPRESENTATION('',(#2995),#3010);
#2995 = B_SPLINE_CURVE_WITH_KNOTS('',7,(#2996,#2997,#2998,#2999,#3000,
    #3001,#3002,#3003,#3004,#3005,#3006,#3007,#3008,#3009),
  .UNSPECIFIED.,.F.,.F.,(8,6,8),(0.,6.846378183651E-02,1.),
  .UNSPECIFIED.);
#2996 = CARTESIAN_POINT('',(0.674842002109,1.257825837482));
#2997 = CARTESIAN_POINT('',(0.674940919714,1.258613003577));
#2998 = CARTESIAN_POINT('',(0.675308936585,1.26154154851));
#2999 = CARTESIAN_POINT('',(0.675731906573,1.264908100295));
#3000 = CARTESIAN_POINT('',(0.676100975551,1.26784639127));
#3001 = CARTESIAN_POINT('',(0.676397778245,1.270209575082));
#3002 = CARTESIAN_POINT('',(0.67667850984,1.272444831908));
#3003 = CARTESIAN_POINT('',(0.682260233063,1.316897213843));
#3004 = CARTESIAN_POINT('',(0.687482192172,1.358571464878));
#3005 = CARTESIAN_POINT('',(0.692725865494,1.400506747461));
#3006 = CARTESIAN_POINT('',(0.697990480146,1.442699528873));
#3007 = CARTESIAN_POINT('',(0.703275127053,1.485146890017));
#3008 = CARTESIAN_POINT('',(0.708578730073,1.527846456011));
#3009 = CARTESIAN_POINT('',(0.713900015127,1.570796326795));
#3010 = ( GEOMETRIC_REPRESENTATION_CONTEXT(2) 
PARAMETRIC_REPRESENTATION_CONTEXT() REPRESENTATION_CONTEXT('2D SPACE',''
  ) );
#3011 = ADVANCED_FACE('',(#3012),#1057,.T.);
#3012 = FACE_BOUND('',#3013,.T.);
#3013 = EDGE_LOOP('',(#3014,#3015,#3016,#3017));
#3014 = ORIENTED_EDGE('',*,*,#2813,.F.);
#3015 = ORIENTED_EDGE('',*,*,#1042,.F.);
#3016 = ORIENTED_EDGE('',*,*,#2906,.T.);
#3017 = ORIENTED_EDGE('',*,*,#3018,.T.);
#3018 = EDGE_CURVE('',#2884,#2814,#3019,.T.);
#3019 = SURFACE_CURVE('',#3020,(#3025,#3032),.PCURVE_S1.);
#3020 = CIRCLE('',#3021,5.);
#3021 = AXIS2_PLACEMENT_3D('',#3022,#3023,#3024);
#3022 = CARTESIAN_POINT('',(43.,15.,65.6));
#3023 = DIRECTION('',(0.,-0.,-1.));
#3024 = DIRECTION('',(2.6645352591E-16,1.,-0.));
#3025 = PCURVE('',#1057,#3026);
#3026 = DEFINITIONAL_REPRESENTATION('',(#3027),#3031);
#3027 = LINE('',#3028,#3029);
#3028 = CARTESIAN_POINT('',(1.570796326795,7.2));
#3029 = VECTOR('',#3030,1.);
#3030 = DIRECTION('',(-1.,-0.));
#3031 = ( GEOMETRIC_REPRESENTATION_CONTEXT(2) 
PARAMETRIC_REPRESENTATION_CONTEXT() REPRESENTATION_CONTEXT('2D SPACE',''
  ) );
#3032 = PCURVE('',#2461,#3033);
#3033 = DEFINITIONAL_REPRESENTATION('',(#3034),#3038);
#3034 = LINE('',#3035,#3036);
#3035 = CARTESIAN_POINT('',(-0.,0.));
#3036 = VECTOR('',#3037,1.);
#3037 = DIRECTION('',(-1.,0.));
#3038 = ( GEOMETRIC_REPRESENTATION_CONTEXT(2) 
PARAMETRIC_REPRESENTATION_CONTEXT() REPRESENTATION_CONTEXT('2D SPACE',''
  ) );
#3039 = ADVANCED_FACE('',(#3040,#3066),#1118,.T.);
#3040 = FACE_BOUND('',#3041,.T.);
#3041 = EDGE_LOOP('',(#3042));
#3042 = ORIENTED_EDGE('',*,*,#3043,.T.);
#3043 = EDGE_CURVE('',#3044,#3044,#3046,.T.);
#3044 = VERTEX_POINT('',#3045);
#3045 = CARTESIAN_POINT('',(45.2,-10.,64.5));
#3046 = SURFACE_CURVE('',#3047,(#3052,#3059),.PCURVE_S1.);
#3047 = CIRCLE('',#3048,3.2);
#3048 = AXIS2_PLACEMENT_3D('',#3049,#3050,#3051);
#3049 = CARTESIAN_POINT('',(42.,-10.,64.5));
#3050 = DIRECTION('',(0.,0.,1.));
#3051 = DIRECTION('',(1.,0.,-0.));
#3052 = PCURVE('',#1118,#3053);
#3053 = DEFINITIONAL_REPRESENTATION('',(#3054),#3058);
#3054 = CIRCLE('',#3055,3.2);
#3055 = AXIS2_PLACEMENT_2D('',#3056,#3057);
#3056 = CARTESIAN_POINT('',(0.,0.));
#3057 = DIRECTION('',(1.,0.));
#3058 = ( GEOMETRIC_REPRESENTATION_CONTEXT(2) 
PARAMETRIC_REPRESENTATION_CONTEXT() REPRESENTATION_CONTEXT('2D SPACE',''
  ) );
#3059 = PCURVE('',#2752,#3060);
#3060 = DEFINITIONAL_REPRESENTATION('',(#3061),#3065);
#3061 = LINE('',#3062,#3063);
#3062 = CARTESIAN_POINT('',(0.,0.));
#3063 = VECTOR('',#3064,1.);
#3064 = DIRECTION('',(1.,0.));
#3065 = ( GEOMETRIC_REPRESENTATION_CONTEXT(2) 
PARAMETRIC_REPRESENTATION_CONTEXT() REPRESENTATION_CONTEXT('2D SPACE',''
  ) );
#3066 = FACE_BOUND('',#3067,.T.);
#3067 = EDGE_LOOP('',(#3068));
#3068 = ORIENTED_EDGE('',*,*,#1101,.F.);
#3069 = ADVANCED_FACE('',(#3070,#3096),#1173,.T.);
#3070 = FACE_BOUND('',#3071,.T.);
#3071 = EDGE_LOOP('',(#3072));
#3072 = ORIENTED_EDGE('',*,*,#3073,.T.);
#3073 = EDGE_CURVE('',#3074,#3074,#3076,.T.);
#3074 = VERTEX_POINT('',#3075);
#3075 = CARTESIAN_POINT('',(45.2,10.,64.5));
#3076 = SURFACE_CURVE('',#3077,(#3082,#3089),.PCURVE_S1.);
#3077 = CIRCLE('',#3078,3.2);
#3078 = AXIS2_PLACEMENT_3D('',#3079,#3080,#3081);
#3079 = CARTESIAN_POINT('',(42.,10.,64.5));
#3080 = DIRECTION('',(0.,0.,1.));
#3081 = DIRECTION('',(1.,0.,-0.));
#3082 = PCURVE('',#1173,#3083);
#3083 = DEFINITIONAL_REPRESENTATION('',(#3084),#3088);
#3084 = CIRCLE('',#3085,3.2);
#3085 = AXIS2_PLACEMENT_2D('',#3086,#3087);
#3086 = CARTESIAN_POINT('',(0.,0.));
#3087 = DIRECTION('',(1.,0.));
#3088 = ( GEOMETRIC_REPRESENTATION_CONTEXT(2) 
PARAMETRIC_REPRESENTATION_CONTEXT() REPRESENTATION_CONTEXT('2D SPACE',''
  ) );
#3089 = PCURVE('',#2677,#3090);
#3090 = DEFINITIONAL_REPRESENTATION('',(#3091),#3095);
#3091 = LINE('',#3092,#3093);
#3092 = CARTESIAN_POINT('',(0.,0.));
#3093 = VECTOR('',#3094,1.);
#3094 = DIRECTION('',(1.,0.));
#3095 = ( GEOMETRIC_REPRESENTATION_CONTEXT(2) 
PARAMETRIC_REPRESENTATION_CONTEXT() REPRESENTATION_CONTEXT('2D SPACE',''
  ) );
#3096 = FACE_BOUND('',#3097,.T.);
#3097 = EDGE_LOOP('',(#3098));
#3098 = ORIENTED_EDGE('',*,*,#1156,.F.);
#3099 = ADVANCED_FACE('',(#3100),#1229,.T.);
#3100 = FACE_BOUND('',#3101,.F.);
#3101 = EDGE_LOOP('',(#3102,#3132,#3152,#3153,#3371));
#3102 = ORIENTED_EDGE('',*,*,#3103,.F.);
#3103 = EDGE_CURVE('',#3104,#3106,#3108,.T.);
#3104 = VERTEX_POINT('',#3105);
#3105 = CARTESIAN_POINT('',(34.8,20.,109.));
#3106 = VERTEX_POINT('',#3107);
#3107 = CARTESIAN_POINT('',(34.8,20.,84.5));
#3108 = SURFACE_CURVE('',#3109,(#3113,#3120),.PCURVE_S1.);
#3109 = LINE('',#3110,#3111);
#3110 = CARTESIAN_POINT('',(34.8,20.,109.));
#3111 = VECTOR('',#3112,1.);
#3112 = DIRECTION('',(-0.,-0.,-1.));
#3113 = PCURVE('',#1229,#3114);
#3114 = DEFINITIONAL_REPRESENTATION('',(#3115),#3119);
#3115 = LINE('',#3116,#3117);
#3116 = CARTESIAN_POINT('',(-0.,0.));
#3117 = VECTOR('',#3118,1.);
#3118 = DIRECTION('',(-0.,1.));
#3119 = ( GEOMETRIC_REPRESENTATION_CONTEXT(2) 
PARAMETRIC_REPRESENTATION_CONTEXT() REPRESENTATION_CONTEXT('2D SPACE',''
  ) );
#3120 = PCURVE('',#3121,#3126);
#3121 = PLANE('',#3122);
#3122 = AXIS2_PLACEMENT_3D('',#3123,#3124,#3125);
#3123 = CARTESIAN_POINT('',(34.,20.,76.5));
#3124 = DIRECTION('',(0.,-1.,0.));
#3125 = DIRECTION('',(0.,0.,1.));
#3126 = DEFINITIONAL_REPRESENTATION('',(#3127),#3131);
#3127 = LINE('',#3128,#3129);
#3128 = CARTESIAN_POINT('',(32.5,-0.8));
#3129 = VECTOR('',#3130,1.);
#3130 = DIRECTION('',(-1.,0.));
#3131 = ( GEOMETRIC_REPRESENTATION_CONTEXT(2) 
PARAMETRIC_REPRESENTATION_CONTEXT() REPRESENTATION_CONTEXT('2D SPACE',''
  ) );
#3132 = ORIENTED_EDGE('',*,*,#3133,.T.);
#3133 = EDGE_CURVE('',#3104,#1212,#3134,.T.);
#3134 = SURFACE_CURVE('',#3135,(#3140,#3146),.PCURVE_S1.);
#3135 = CIRCLE('',#3136,0.8);
#3136 = AXIS2_PLACEMENT_3D('',#3137,#3138,#3139);
#3137 = CARTESIAN_POINT('',(34.8,19.2,109.));
#3138 = DIRECTION('',(0.,-1.22911396881E-16,1.));
#3139 = DIRECTION('',(0.,1.,1.22911396881E-16));
#3140 = PCURVE('',#1229,#3141);
#3141 = DEFINITIONAL_REPRESENTATION('',(#3142),#3145);
#3142 = B_SPLINE_CURVE_WITH_KNOTS('',1,(#3143,#3144),.UNSPECIFIED.,.F.,
  .F.,(2,2),(0.,1.570796326795),.PIECEWISE_BEZIER_KNOTS.);
#3143 = CARTESIAN_POINT('',(0.,0.));
#3144 = CARTESIAN_POINT('',(-1.570796326795,0.));
#3145 = ( GEOMETRIC_REPRESENTATION_CONTEXT(2) 
PARAMETRIC_REPRESENTATION_CONTEXT() REPRESENTATION_CONTEXT('2D SPACE',''
  ) );
#3146 = PCURVE('',#1262,#3147);
#3147 = DEFINITIONAL_REPRESENTATION('',(#3148),#3151);
#3148 = B_SPLINE_CURVE_WITH_KNOTS('',1,(#3149,#3150),.UNSPECIFIED.,.F.,
  .F.,(2,2),(0.,1.570796326795),.PIECEWISE_BEZIER_KNOTS.);
#3149 = CARTESIAN_POINT('',(1.570796326795,0.));
#3150 = CARTESIAN_POINT('',(1.570796326795,1.570796326795));
#3151 = ( GEOMETRIC_REPRESENTATION_CONTEXT(2) 
PARAMETRIC_REPRESENTATION_CONTEXT() REPRESENTATION_CONTEXT('2D SPACE',''
  ) );
#3152 = ORIENTED_EDGE('',*,*,#1211,.T.);
#3153 = ORIENTED_EDGE('',*,*,#3154,.T.);
#3154 = EDGE_CURVE('',#1214,#3155,#3157,.T.);
#3155 = VERTEX_POINT('',#3156);
#3156 = CARTESIAN_POINT('',(34.5,19.94161984871,84.5));
#3157 = SURFACE_CURVE('',#3158,(#3227,#3299),.PCURVE_S1.);
#3158 = B_SPLINE_CURVE_WITH_KNOTS('',7,(#3159,#3160,#3161,#3162,#3163,
    #3164,#3165,#3166,#3167,#3168,#3169,#3170,#3171,#3172,#3173,#3174,
    #3175,#3176,#3177,#3178,#3179,#3180,#3181,#3182,#3183,#3184,#3185,
    #3186,#3187,#3188,#3189,#3190,#3191,#3192,#3193,#3194,#3195,#3196,
    #3197,#3198,#3199,#3200,#3201,#3202,#3203,#3204,#3205,#3206,#3207,
    #3208,#3209,#3210,#3211,#3212,#3213,#3214,#3215,#3216,#3217,#3218,
    #3219,#3220,#3221,#3222,#3223,#3224,#3225,#3226),.UNSPECIFIED.,.F.,
  .F.,(8,6,6,6,6,6,6,6,6,6,6,8),(0.,6.245936338609E-04,
    1.249187115172E-03,1.873780298382E-03,2.498373033592E-03,
    3.079889873793E-03,3.704481321232E-03,4.307534293673E-03,
    4.889048752049E-03,5.492099711074E-03,0.65426298246,1.),
  .UNSPECIFIED.);
#3159 = CARTESIAN_POINT('',(34.,19.2,84.));
#3160 = CARTESIAN_POINT('',(34.,19.200080385923,84.00006355061));
#3161 = CARTESIAN_POINT('',(34.000000009424,19.200160771811,
    84.000127101245));
#3162 = CARTESIAN_POINT('',(34.000000028271,19.200241157689,
    84.000190651887));
#3163 = CARTESIAN_POINT('',(34.000000056542,19.200321543572,
    84.000254202521));
#3164 = CARTESIAN_POINT('',(34.000000094236,19.200401929463,
    84.000317753144));
#3165 = CARTESIAN_POINT('',(34.000000141354,19.200482315357,
    84.000381303757));
#3166 = CARTESIAN_POINT('',(34.000000254437,19.200643087101,
    84.000508404967));
#3167 = CARTESIAN_POINT('',(34.000000320402,19.200723472959,
    84.000571955559));
#3168 = CARTESIAN_POINT('',(34.000000395791,19.200803858812,
    84.000635506143));
#3169 = CARTESIAN_POINT('',(34.000000480603,19.200884244658,
    84.00069905672));
#3170 = CARTESIAN_POINT('',(34.000000574839,19.200964630498,
    84.000762607286));
#3171 = CARTESIAN_POINT('',(34.000000678499,19.201045016329,
    84.000826157843));
#3172 = CARTESIAN_POINT('',(34.000000904665,19.201205787936,
    84.000953258902));
#3173 = CARTESIAN_POINT('',(34.000001027171,19.201286173712,
    84.001016809404));
#3174 = CARTESIAN_POINT('',(34.000001159101,19.201366559478,
    84.001080359894));
#3175 = CARTESIAN_POINT('',(34.000001300455,19.201446945233,
    84.00114391037));
#3176 = CARTESIAN_POINT('',(34.000001451233,19.201527330977,
    84.00120746083));
#3177 = CARTESIAN_POINT('',(34.000001611434,19.201607716708,
    84.001271011274));
#3178 = CARTESIAN_POINT('',(34.000001950683,19.201768488087,
    84.001398112082));
#3179 = CARTESIAN_POINT('',(34.000002129731,19.201848873734,
    84.001461662445));
#3180 = CARTESIAN_POINT('',(34.000002318202,19.201929259367,
    84.00152521279));
#3181 = CARTESIAN_POINT('',(34.000002516097,19.202009644985,
    84.001588763115));
#3182 = CARTESIAN_POINT('',(34.000002723416,19.202090030587,
    84.001652313418));
#3183 = CARTESIAN_POINT('',(34.000002940158,19.202170416172,
    84.0017158637));
#3184 = CARTESIAN_POINT('',(34.000003376892,19.202325643407,
    84.001838581385));
#3185 = CARTESIAN_POINT('',(34.000003595629,19.202400485058,
    84.001897748792));
#3186 = CARTESIAN_POINT('',(34.000003822534,19.202475326694,
    84.001956916178));
#3187 = CARTESIAN_POINT('',(34.000004057608,19.202550168312,
    84.002016083542));
#3188 = CARTESIAN_POINT('',(34.00000430085,19.202625009913,
    84.002075250882));
#3189 = CARTESIAN_POINT('',(34.000004552261,19.202699851496,
    84.002134418198));
#3190 = CARTESIAN_POINT('',(34.000005090648,19.202855078352,
    84.002257135471));
#3191 = CARTESIAN_POINT('',(34.000005378879,19.202935463622,
    84.002320685423));
#3192 = CARTESIAN_POINT('',(34.000005676533,19.203015848869,
    84.002384235345));
#3193 = CARTESIAN_POINT('',(34.000005983611,19.203096234093,
    84.002447785236));
#3194 = CARTESIAN_POINT('',(34.000006300113,19.203176619292,
    84.002511335095));
#3195 = CARTESIAN_POINT('',(34.000006626038,19.203257004466,
    84.00257488492));
#3196 = CARTESIAN_POINT('',(34.000007285171,19.203415002752,
    84.002699793043));
#3197 = CARTESIAN_POINT('',(34.00000761774,19.203492615866,
    84.002761151344));
#3198 = CARTESIAN_POINT('',(34.000007959094,19.203570228954,
    84.002822509611));
#3199 = CARTESIAN_POINT('',(34.000008309233,19.203647842016,
    84.002883867844));
#3200 = CARTESIAN_POINT('',(34.000008668157,19.203725455052,
    84.002945226041));
#3201 = CARTESIAN_POINT('',(34.000009035865,19.20380306806,
    84.003006584202));
#3202 = CARTESIAN_POINT('',(34.000009775405,19.20395552201,
    84.003127108994));
#3203 = CARTESIAN_POINT('',(34.000010146621,19.204030362954,
    84.003186275628));
#3204 = CARTESIAN_POINT('',(34.000010526004,19.204105203871,
    84.003245442226));
#3205 = CARTESIAN_POINT('',(34.000010913557,19.204180044761,
    84.003304608787));
#3206 = CARTESIAN_POINT('',(34.000011309278,19.204254885621,
    84.003363775311));
#3207 = CARTESIAN_POINT('',(34.000011713167,19.204329726453,
    84.003422941796));
#3208 = CARTESIAN_POINT('',(34.000012552543,19.204482179799,
    84.003543465926));
#3209 = CARTESIAN_POINT('',(34.000012988647,19.204559792312,
    84.00360482357));
#3210 = CARTESIAN_POINT('',(34.000013433535,19.204637404792,
    84.003666181169));
#3211 = CARTESIAN_POINT('',(34.000013887208,19.204715017238,
    84.003727538723));
#3212 = CARTESIAN_POINT('',(34.000014349666,19.204792629649,
    84.003788896232));
#3213 = CARTESIAN_POINT('',(34.000014820908,19.204870242025,
    84.003850253694));
#3214 = CARTESIAN_POINT('',(34.000531721277,19.288444323968,
    84.069920798102));
#3215 = CARTESIAN_POINT('',(34.011215702844,19.37191120952,
    84.135884385379));
#3216 = CARTESIAN_POINT('',(34.032075298383,19.45444875744,
    84.200561373014));
#3217 = CARTESIAN_POINT('',(34.063277510857,19.53496428227,
    84.262559517717));
#3218 = CARTESIAN_POINT('',(34.104913828515,19.612140759933,
    84.320186415502));
#3219 = CARTESIAN_POINT('',(34.156966107041,19.684397636727,
    84.371410428781));
#3220 = CARTESIAN_POINT('',(34.251994626826,19.784807678203,
    84.435991744138));
#3221 = CARTESIAN_POINT('',(34.287933678646,19.817881458386,
    84.455914906229));
#3222 = CARTESIAN_POINT('',(34.32654000469,19.848628485065,
    84.472751836973));
#3223 = CARTESIAN_POINT('',(34.36748435869,19.876642566724,
    84.486000539614));
#3224 = CARTESIAN_POINT('',(34.410364965804,19.901606668455,
    84.495215033401));
#3225 = CARTESIAN_POINT('',(34.454715531006,19.923301379049,84.5));
#3226 = CARTESIAN_POINT('',(34.5,19.94161984871,84.5));
#3227 = PCURVE('',#1229,#3228);
#3228 = DEFINITIONAL_REPRESENTATION('',(#3229),#3298);
#3229 = B_SPLINE_CURVE_WITH_KNOTS('',7,(#3230,#3231,#3232,#3233,#3234,
    #3235,#3236,#3237,#3238,#3239,#3240,#3241,#3242,#3243,#3244,#3245,
    #3246,#3247,#3248,#3249,#3250,#3251,#3252,#3253,#3254,#3255,#3256,
    #3257,#3258,#3259,#3260,#3261,#3262,#3263,#3264,#3265,#3266,#3267,
    #3268,#3269,#3270,#3271,#3272,#3273,#3274,#3275,#3276,#3277,#3278,
    #3279,#3280,#3281,#3282,#3283,#3284,#3285,#3286,#3287,#3288,#3289,
    #3290,#3291,#3292,#3293,#3294,#3295,#3296,#3297),.UNSPECIFIED.,.F.,
  .F.,(8,6,6,6,6,6,6,6,6,6,6,8),(0.,6.245936338609E-04,
    1.249187115172E-03,1.873780298382E-03,2.498373033592E-03,
    3.079889873793E-03,3.704481321232E-03,4.307534293673E-03,
    4.889048752049E-03,5.492099711074E-03,0.65426298246,1.),
  .UNSPECIFIED.);
#3230 = CARTESIAN_POINT('',(-1.570796326795,25.));
#3231 = CARTESIAN_POINT('',(-1.570695844392,24.99993644939));
#3232 = CARTESIAN_POINT('',(-1.570595362031,24.999872898755));
#3233 = CARTESIAN_POINT('',(-1.570494879681,24.999809348113));
#3234 = CARTESIAN_POINT('',(-1.570394397323,24.999745797479));
#3235 = CARTESIAN_POINT('',(-1.57029391495,24.999682246856));
#3236 = CARTESIAN_POINT('',(-1.570193432565,24.999618696243));
#3237 = CARTESIAN_POINT('',(-1.569992467835,24.999491595033));
#3238 = CARTESIAN_POINT('',(-1.56989198548,24.999428044441));
#3239 = CARTESIAN_POINT('',(-1.569791503121,24.999364493857));
#3240 = CARTESIAN_POINT('',(-1.569691020758,24.99930094328));
#3241 = CARTESIAN_POINT('',(-1.569590538391,24.999237392714));
#3242 = CARTESIAN_POINT('',(-1.569490056019,24.999173842157));
#3243 = CARTESIAN_POINT('',(-1.569289091311,24.999046741098));
#3244 = CARTESIAN_POINT('',(-1.569188608976,24.998983190596));
#3245 = CARTESIAN_POINT('',(-1.569088126634,24.998919640106));
#3246 = CARTESIAN_POINT('',(-1.568987644286,24.99885608963));
#3247 = CARTESIAN_POINT('',(-1.568887161931,24.99879253917));
#3248 = CARTESIAN_POINT('',(-1.568786679568,24.998728988726));
#3249 = CARTESIAN_POINT('',(-1.568585714897,24.998601887918));
#3250 = CARTESIAN_POINT('',(-1.568485232589,24.998538337555));
#3251 = CARTESIAN_POINT('',(-1.568384750273,24.99847478721));
#3252 = CARTESIAN_POINT('',(-1.568284267947,24.998411236885));
#3253 = CARTESIAN_POINT('',(-1.568183785611,24.998347686582));
#3254 = CARTESIAN_POINT('',(-1.568083303265,24.9982841363));
#3255 = CARTESIAN_POINT('',(-1.567889268454,24.998161418615));
#3256 = CARTESIAN_POINT('',(-1.567795715991,24.998102251208));
#3257 = CARTESIAN_POINT('',(-1.567702163518,24.998043083822));
#3258 = CARTESIAN_POINT('',(-1.567608611034,24.997983916458));
#3259 = CARTESIAN_POINT('',(-1.567515058539,24.997924749118));
#3260 = CARTESIAN_POINT('',(-1.567421506033,24.997865581802));
#3261 = CARTESIAN_POINT('',(-1.567227471297,24.997742864529));
#3262 = CARTESIAN_POINT('',(-1.567126989064,24.997679314577));
#3263 = CARTESIAN_POINT('',(-1.567026506817,24.997615764655));
#3264 = CARTESIAN_POINT('',(-1.566926024556,24.997552214764));
#3265 = CARTESIAN_POINT('',(-1.566825542279,24.997488664905));
#3266 = CARTESIAN_POINT('',(-1.566725059986,24.99742511508));
#3267 = CARTESIAN_POINT('',(-1.56652756041,24.997300206957));
#3268 = CARTESIAN_POINT('',(-1.566430543128,24.997238848656));
#3269 = CARTESIAN_POINT('',(-1.56633352583,24.997177490389));
#3270 = CARTESIAN_POINT('',(-1.566236508516,24.997116132156));
#3271 = CARTESIAN_POINT('',(-1.566139491185,24.997054773959));
#3272 = CARTESIAN_POINT('',(-1.566042473837,24.996993415798));
#3273 = CARTESIAN_POINT('',(-1.565851904157,24.996872891006));
#3274 = CARTESIAN_POINT('',(-1.565758351827,24.996813724372));
#3275 = CARTESIAN_POINT('',(-1.565664799479,24.996754557774));
#3276 = CARTESIAN_POINT('',(-1.565571247115,24.996695391213));
#3277 = CARTESIAN_POINT('',(-1.565477694732,24.996636224689));
#3278 = CARTESIAN_POINT('',(-1.565384142331,24.996577058204));
#3279 = CARTESIAN_POINT('',(-1.565193572759,24.996456534074));
#3280 = CARTESIAN_POINT('',(-1.565096555588,24.99639517643));
#3281 = CARTESIAN_POINT('',(-1.564999538395,24.996333818831));
#3282 = CARTESIAN_POINT('',(-1.564902521182,24.996272461277));
#3283 = CARTESIAN_POINT('',(-1.564805503946,24.996211103768));
#3284 = CARTESIAN_POINT('',(-1.564708486689,24.996149746306));
#3285 = CARTESIAN_POINT('',(-1.460238886156,24.930079201898));
#3286 = CARTESIAN_POINT('',(-1.355824087977,24.864115614621));
#3287 = CARTESIAN_POINT('',(-1.250638859927,24.799438626986));
#3288 = CARTESIAN_POINT('',(-1.14416873538,24.737440482283));
#3289 = CARTESIAN_POINT('',(-1.035984625853,24.679813584498));
#3290 = CARTESIAN_POINT('',(-0.925660319476,24.628589571219));
#3291 = CARTESIAN_POINT('',(-0.752849928431,24.564008255862));
#3292 = CARTESIAN_POINT('',(-0.691943601951,24.544085093771));
#3293 = CARTESIAN_POINT('',(-0.630503087409,24.527248163027));
#3294 = CARTESIAN_POINT('',(-0.56878365721,24.513999460386));
#3295 = CARTESIAN_POINT('',(-0.507020215077,24.504784966599));
#3296 = CARTESIAN_POINT('',(-0.44545834003,24.5));
#3297 = CARTESIAN_POINT('',(-0.384396774496,24.5));
#3298 = ( GEOMETRIC_REPRESENTATION_CONTEXT(2) 
PARAMETRIC_REPRESENTATION_CONTEXT() REPRESENTATION_CONTEXT('2D SPACE',''
  ) );
#3299 = PCURVE('',#1662,#3300);
#3300 = DEFINITIONAL_REPRESENTATION('',(#3301),#3370);
#3301 = B_SPLINE_CURVE_WITH_KNOTS('',7,(#3302,#3303,#3304,#3305,#3306,
    #3307,#3308,#3309,#3310,#3311,#3312,#3313,#3314,#3315,#3316,#3317,
    #3318,#3319,#3320,#3321,#3322,#3323,#3324,#3325,#3326,#3327,#3328,
    #3329,#3330,#3331,#3332,#3333,#3334,#3335,#3336,#3337,#3338,#3339,
    #3340,#3341,#3342,#3343,#3344,#3345,#3346,#3347,#3348,#3349,#3350,
    #3351,#3352,#3353,#3354,#3355,#3356,#3357,#3358,#3359,#3360,#3361,
    #3362,#3363,#3364,#3365,#3366,#3367,#3368,#3369),.UNSPECIFIED.,.F.,
  .F.,(8,6,6,6,6,6,6,6,6,6,6,8),(0.,6.245936338609E-04,
    1.249187115172E-03,1.873780298382E-03,2.498373033592E-03,
    3.079889873793E-03,3.704481321232E-03,4.307534293673E-03,
    4.889048752049E-03,5.492099711074E-03,0.65426298246,1.),
  .UNSPECIFIED.);
#3302 = CARTESIAN_POINT('',(0.,2.2));
#3303 = CARTESIAN_POINT('',(1.27101219776E-04,2.200080385923));
#3304 = CARTESIAN_POINT('',(2.542024909494E-04,2.200160771811));
#3305 = CARTESIAN_POINT('',(3.813037769454E-04,2.200241157689));
#3306 = CARTESIAN_POINT('',(5.084050560267E-04,2.200321543572));
#3307 = CARTESIAN_POINT('',(6.355063212937E-04,2.200401929463));
#3308 = CARTESIAN_POINT('',(7.626075806842E-04,2.200482315357));
#3309 = CARTESIAN_POINT('',(1.016810102218E-03,2.200643087101));
#3310 = CARTESIAN_POINT('',(1.143911352372E-03,2.200723472959));
#3311 = CARTESIAN_POINT('',(1.271012608522E-03,2.200803858812));
#3312 = CARTESIAN_POINT('',(1.398113871731E-03,2.200884244658));
#3313 = CARTESIAN_POINT('',(1.525215143035E-03,2.200964630498));
#3314 = CARTESIAN_POINT('',(1.652316423445E-03,2.201045016329));
#3315 = CARTESIAN_POINT('',(1.906518943809E-03,2.201205787936));
#3316 = CARTESIAN_POINT('',(2.033620183786E-03,2.201286173712));
#3317 = CARTESIAN_POINT('',(2.160721434893E-03,2.201366559478));
#3318 = CARTESIAN_POINT('',(2.287822698142E-03,2.201446945233));
#3319 = CARTESIAN_POINT('',(2.414923974551E-03,2.201527330977));
#3320 = CARTESIAN_POINT('',(2.542025265137E-03,2.201607716708));
#3321 = CARTESIAN_POINT('',(2.79622778556E-03,2.201768488087));
#3322 = CARTESIAN_POINT('',(2.923329015399E-03,2.201848873734));
#3323 = CARTESIAN_POINT('',(3.050430261442E-03,2.201929259367));
#3324 = CARTESIAN_POINT('',(3.177531524697E-03,2.202009644985));
#3325 = CARTESIAN_POINT('',(3.304632806177E-03,2.202090030587));
#3326 = CARTESIAN_POINT('',(3.431734106902E-03,2.202170416172));
#3327 = CARTESIAN_POINT('',(3.677171031902E-03,2.202325643407));
#3328 = CARTESIAN_POINT('',(3.795506653473E-03,2.202400485058));
#3329 = CARTESIAN_POINT('',(3.913842293423E-03,2.202475326694));
#3330 = CARTESIAN_POINT('',(4.032177952567E-03,2.202550168312));
#3331 = CARTESIAN_POINT('',(4.150513631723E-03,2.202625009913));
#3332 = CARTESIAN_POINT('',(4.268849331711E-03,2.202699851496));
#3333 = CARTESIAN_POINT('',(4.514286238636E-03,2.202855078352));
#3334 = CARTESIAN_POINT('',(4.641387448896E-03,2.202935463622));
#3335 = CARTESIAN_POINT('',(4.768488685147E-03,2.203015848869));
#3336 = CARTESIAN_POINT('',(4.895589948405E-03,2.203096234093));
#3337 = CARTESIAN_POINT('',(5.02269123968E-03,2.203176619292));
#3338 = CARTESIAN_POINT('',(5.149792559984E-03,2.203257004466));
#3339 = CARTESIAN_POINT('',(5.39961228478E-03,2.203415002752));
#3340 = CARTESIAN_POINT('',(5.522330687234E-03,2.203492615866));
#3341 = CARTESIAN_POINT('',(5.645049118606E-03,2.203570228954));
#3342 = CARTESIAN_POINT('',(5.767767579811E-03,2.203647842016));
#3343 = CARTESIAN_POINT('',(5.890486071762E-03,2.203725455052));
#3344 = CARTESIAN_POINT('',(6.01320459537E-03,2.20380306806));
#3345 = CARTESIAN_POINT('',(6.254258717391E-03,2.20395552201));
#3346 = CARTESIAN_POINT('',(6.372594313526E-03,2.204030362954));
#3347 = CARTESIAN_POINT('',(6.490929940759E-03,2.204105203871));
#3348 = CARTESIAN_POINT('',(6.609265599903E-03,2.204180044761));
#3349 = CARTESIAN_POINT('',(6.727601291777E-03,2.204254885621));
#3350 = CARTESIAN_POINT('',(6.845937017201E-03,2.204329726453));
#3351 = CARTESIAN_POINT('',(7.086991124584E-03,2.204482179799));
#3352 = CARTESIAN_POINT('',(7.209709509133E-03,2.204559792312));
#3353 = CARTESIAN_POINT('',(7.332427931557E-03,2.204637404792));
#3354 = CARTESIAN_POINT('',(7.455146392764E-03,2.204715017238));
#3355 = CARTESIAN_POINT('',(7.577864893668E-03,2.204792629649));
#3356 = CARTESIAN_POINT('',(7.700583435181E-03,2.204870242025));
#3357 = CARTESIAN_POINT('',(0.139845716139,2.288444323968));
#3358 = CARTESIAN_POINT('',(0.271935978952,2.37191120952));
#3359 = CARTESIAN_POINT('',(0.40537087926,2.45444875744));
#3360 = CARTESIAN_POINT('',(0.541145997492,2.53496428227));
#3361 = CARTESIAN_POINT('',(0.680299843612,2.612140759933));
#3362 = CARTESIAN_POINT('',(0.823987641001,2.684397636727));
#3363 = CARTESIAN_POINT('',(1.053780294199,2.784807678203));
#3364 = CARTESIAN_POINT('',(1.135626336338,2.817881458386));
#3365 = CARTESIAN_POINT('',(1.219247296656,2.848628485065));
#3366 = CARTESIAN_POINT('',(1.30455208544,2.876642566724));
#3367 = CARTESIAN_POINT('',(1.391526082315,2.901606668455));
#3368 = CARTESIAN_POINT('',(1.480227388807,2.923301379049));
#3369 = CARTESIAN_POINT('',(1.570796326795,2.94161984871));
#3370 = ( GEOMETRIC_REPRESENTATION_CONTEXT(2) 
PARAMETRIC_REPRESENTATION_CONTEXT() REPRESENTATION_CONTEXT('2D SPACE',''
  ) );
#3371 = ORIENTED_EDGE('',*,*,#3372,.T.);
#3372 = EDGE_CURVE('',#3155,#3106,#3373,.T.);
#3373 = SURFACE_CURVE('',#3374,(#3379,#3386),.PCURVE_S1.);
#3374 = CIRCLE('',#3375,0.8);
#3375 = AXIS2_PLACEMENT_3D('',#3376,#3377,#3378);
#3376 = CARTESIAN_POINT('',(34.8,19.2,84.5));
#3377 = DIRECTION('',(0.,-0.,-1.));
#3378 = DIRECTION('',(0.,1.,-0.));
#3379 = PCURVE('',#1229,#3380);
#3380 = DEFINITIONAL_REPRESENTATION('',(#3381),#3385);
#3381 = LINE('',#3382,#3383);
#3382 = CARTESIAN_POINT('',(-6.28318530718,24.5));
#3383 = VECTOR('',#3384,1.);
#3384 = DIRECTION('',(1.,-0.));
#3385 = ( GEOMETRIC_REPRESENTATION_CONTEXT(2) 
PARAMETRIC_REPRESENTATION_CONTEXT() REPRESENTATION_CONTEXT('2D SPACE',''
  ) );
#3386 = PCURVE('',#3387,#3392);
#3387 = PLANE('',#3388);
#3388 = AXIS2_PLACEMENT_3D('',#3389,#3390,#3391);
#3389 = CARTESIAN_POINT('',(34.,16.,84.5));
#3390 = DIRECTION('',(0.,0.,1.));
#3391 = DIRECTION('',(1.,0.,-0.));
#3392 = DEFINITIONAL_REPRESENTATION('',(#3393),#3401);
#3393 = ( BOUNDED_CURVE() B_SPLINE_CURVE(2,(#3394,#3395,#3396,#3397,
#3398,#3399,#3400),.UNSPECIFIED.,.T.,.F.) B_SPLINE_CURVE_WITH_KNOTS((1,2
    ,2,2,2,1),(-2.094395102393,0.,2.094395102393,4.188790204786,
6.28318530718,8.377580409573),.UNSPECIFIED.) CURVE() 
GEOMETRIC_REPRESENTATION_ITEM() RATIONAL_B_SPLINE_CURVE((1.,0.5,1.,0.5,
1.,0.5,1.)) REPRESENTATION_ITEM('') );
#3394 = CARTESIAN_POINT('',(0.8,4.));
#3395 = CARTESIAN_POINT('',(2.185640646055,4.));
#3396 = CARTESIAN_POINT('',(1.492820323028,2.8));
#3397 = CARTESIAN_POINT('',(0.8,1.6));
#3398 = CARTESIAN_POINT('',(0.107179676972,2.8));
#3399 = CARTESIAN_POINT('',(-0.585640646055,4.));
#3400 = CARTESIAN_POINT('',(0.8,4.));
#3401 = ( GEOMETRIC_REPRESENTATION_CONTEXT(2) 
PARAMETRIC_REPRESENTATION_CONTEXT() REPRESENTATION_CONTEXT('2D SPACE',''
  ) );
#3402 = ADVANCED_FACE('',(#3403),#1262,.T.);
#3403 = FACE_BOUND('',#3404,.T.);
#3404 = EDGE_LOOP('',(#3405,#3427,#3454,#3455));
#3405 = ORIENTED_EDGE('',*,*,#3406,.F.);
#3406 = EDGE_CURVE('',#3407,#1242,#3409,.T.);
#3407 = VERTEX_POINT('',#3408);
#3408 = CARTESIAN_POINT('',(34.8,2.,127.));
#3409 = SURFACE_CURVE('',#3410,(#3415,#3421),.PCURVE_S1.);
#3410 = CIRCLE('',#3411,0.8);
#3411 = AXIS2_PLACEMENT_3D('',#3412,#3413,#3414);
#3412 = CARTESIAN_POINT('',(34.8,2.,126.2));
#3413 = DIRECTION('',(-0.,-1.,0.));
#3414 = DIRECTION('',(0.,-0.,1.));
#3415 = PCURVE('',#1262,#3416);
#3416 = DEFINITIONAL_REPRESENTATION('',(#3417),#3420);
#3417 = B_SPLINE_CURVE_WITH_KNOTS('',1,(#3418,#3419),.UNSPECIFIED.,.F.,
  .F.,(2,2),(0.,1.570796326795),.PIECEWISE_BEZIER_KNOTS.);
#3418 = CARTESIAN_POINT('',(0.,0.));
#3419 = CARTESIAN_POINT('',(0.,1.570796326795));
#3420 = ( GEOMETRIC_REPRESENTATION_CONTEXT(2) 
PARAMETRIC_REPRESENTATION_CONTEXT() REPRESENTATION_CONTEXT('2D SPACE',''
  ) );
#3421 = PCURVE('',#1290,#3422);
#3422 = DEFINITIONAL_REPRESENTATION('',(#3423),#3426);
#3423 = B_SPLINE_CURVE_WITH_KNOTS('',1,(#3424,#3425),.UNSPECIFIED.,.F.,
  .F.,(2,2),(0.,1.570796326795),.PIECEWISE_BEZIER_KNOTS.);
#3424 = CARTESIAN_POINT('',(0.,4.));
#3425 = CARTESIAN_POINT('',(-1.570796326795,4.));
#3426 = ( GEOMETRIC_REPRESENTATION_CONTEXT(2) 
PARAMETRIC_REPRESENTATION_CONTEXT() REPRESENTATION_CONTEXT('2D SPACE',''
  ) );
#3427 = ORIENTED_EDGE('',*,*,#3428,.T.);
#3428 = EDGE_CURVE('',#3407,#3104,#3429,.T.);
#3429 = SURFACE_CURVE('',#3430,(#3435,#3442),.PCURVE_S1.);
#3430 = CIRCLE('',#3431,18.);
#3431 = AXIS2_PLACEMENT_3D('',#3432,#3433,#3434);
#3432 = CARTESIAN_POINT('',(34.8,2.,109.));
#3433 = DIRECTION('',(-1.,-0.,0.));
#3434 = DIRECTION('',(0.,-6.167905692362E-17,1.));
#3435 = PCURVE('',#1262,#3436);
#3436 = DEFINITIONAL_REPRESENTATION('',(#3437),#3441);
#3437 = LINE('',#3438,#3439);
#3438 = CARTESIAN_POINT('',(0.,0.));
#3439 = VECTOR('',#3440,1.);
#3440 = DIRECTION('',(1.,0.));
#3441 = ( GEOMETRIC_REPRESENTATION_CONTEXT(2) 
PARAMETRIC_REPRESENTATION_CONTEXT() REPRESENTATION_CONTEXT('2D SPACE',''
  ) );
#3442 = PCURVE('',#3443,#3448);
#3443 = CYLINDRICAL_SURFACE('',#3444,18.);
#3444 = AXIS2_PLACEMENT_3D('',#3445,#3446,#3447);
#3445 = CARTESIAN_POINT('',(34.,2.,109.));
#3446 = DIRECTION('',(-1.,0.,0.));
#3447 = DIRECTION('',(0.,-1.,0.));
#3448 = DEFINITIONAL_REPRESENTATION('',(#3449),#3453);
#3449 = LINE('',#3450,#3451);
#3450 = CARTESIAN_POINT('',(1.570796326795,-0.8));
#3451 = VECTOR('',#3452,1.);
#3452 = DIRECTION('',(1.,0.));
#3453 = ( GEOMETRIC_REPRESENTATION_CONTEXT(2) 
PARAMETRIC_REPRESENTATION_CONTEXT() REPRESENTATION_CONTEXT('2D SPACE',''
  ) );
#3454 = ORIENTED_EDGE('',*,*,#3133,.T.);
#3455 = ORIENTED_EDGE('',*,*,#1241,.F.);
#3456 = ADVANCED_FACE('',(#3457),#1662,.T.);
#3457 = FACE_BOUND('',#3458,.T.);
#3458 = EDGE_LOOP('',(#3459,#3460,#3461,#3484));
#3459 = ORIENTED_EDGE('',*,*,#1648,.F.);
#3460 = ORIENTED_EDGE('',*,*,#3154,.T.);
#3461 = ORIENTED_EDGE('',*,*,#3462,.T.);
#3462 = EDGE_CURVE('',#3155,#3463,#3465,.T.);
#3463 = VERTEX_POINT('',#3464);
#3464 = CARTESIAN_POINT('',(34.5,23.,84.5));
#3465 = SURFACE_CURVE('',#3466,(#3470,#3477),.PCURVE_S1.);
#3466 = LINE('',#3467,#3468);
#3467 = CARTESIAN_POINT('',(34.5,17.,84.5));
#3468 = VECTOR('',#3469,1.);
#3469 = DIRECTION('',(-0.,1.,0.));
#3470 = PCURVE('',#1662,#3471);
#3471 = DEFINITIONAL_REPRESENTATION('',(#3472),#3476);
#3472 = LINE('',#3473,#3474);
#3473 = CARTESIAN_POINT('',(1.570796326795,0.));
#3474 = VECTOR('',#3475,1.);
#3475 = DIRECTION('',(0.,1.));
#3476 = ( GEOMETRIC_REPRESENTATION_CONTEXT(2) 
PARAMETRIC_REPRESENTATION_CONTEXT() REPRESENTATION_CONTEXT('2D SPACE',''
  ) );
#3477 = PCURVE('',#3387,#3478);
#3478 = DEFINITIONAL_REPRESENTATION('',(#3479),#3483);
#3479 = LINE('',#3480,#3481);
#3480 = CARTESIAN_POINT('',(0.5,1.));
#3481 = VECTOR('',#3482,1.);
#3482 = DIRECTION('',(0.,1.));
#3483 = ( GEOMETRIC_REPRESENTATION_CONTEXT(2) 
PARAMETRIC_REPRESENTATION_CONTEXT() REPRESENTATION_CONTEXT('2D SPACE',''
  ) );
#3484 = ORIENTED_EDGE('',*,*,#3485,.F.);
#3485 = EDGE_CURVE('',#1621,#3463,#3486,.T.);
#3486 = SURFACE_CURVE('',#3487,(#3492,#3498),.PCURVE_S1.);
#3487 = CIRCLE('',#3488,0.5);
#3488 = AXIS2_PLACEMENT_3D('',#3489,#3490,#3491);
#3489 = CARTESIAN_POINT('',(34.5,23.,84.));
#3490 = DIRECTION('',(-0.,1.,0.));
#3491 = DIRECTION('',(-1.,-0.,0.));
#3492 = PCURVE('',#1662,#3493);
#3493 = DEFINITIONAL_REPRESENTATION('',(#3494),#3497);
#3494 = B_SPLINE_CURVE_WITH_KNOTS('',1,(#3495,#3496),.UNSPECIFIED.,.F.,
  .F.,(2,2),(0.,1.570796326795),.PIECEWISE_BEZIER_KNOTS.);
#3495 = CARTESIAN_POINT('',(0.,6.));
#3496 = CARTESIAN_POINT('',(1.570796326795,6.));
#3497 = ( GEOMETRIC_REPRESENTATION_CONTEXT(2) 
PARAMETRIC_REPRESENTATION_CONTEXT() REPRESENTATION_CONTEXT('2D SPACE',''
  ) );
#3498 = PCURVE('',#3499,#3504);
#3499 = TOROIDAL_SURFACE('',#3500,0.5,0.5);
#3500 = AXIS2_PLACEMENT_3D('',#3501,#3502,#3503);
#3501 = CARTESIAN_POINT('',(35.,23.,84.));
#3502 = DIRECTION('',(0.,0.,1.));
#3503 = DIRECTION('',(-1.,0.,0.));
#3504 = DEFINITIONAL_REPRESENTATION('',(#3505),#3508);
#3505 = B_SPLINE_CURVE_WITH_KNOTS('',1,(#3506,#3507),.UNSPECIFIED.,.F.,
  .F.,(2,2),(0.,1.570796326795),.PIECEWISE_BEZIER_KNOTS.);
#3506 = CARTESIAN_POINT('',(0.,0.));
#3507 = CARTESIAN_POINT('',(0.,1.570796326795));
#3508 = ( GEOMETRIC_REPRESENTATION_CONTEXT(2) 
PARAMETRIC_REPRESENTATION_CONTEXT() REPRESENTATION_CONTEXT('2D SPACE',''
  ) );
#3509 = ADVANCED_FACE('',(#3510),#1290,.T.);
#3510 = FACE_BOUND('',#3511,.F.);
#3511 = EDGE_LOOP('',(#3512,#3534,#3535,#3536));
#3512 = ORIENTED_EDGE('',*,*,#3513,.T.);
#3513 = EDGE_CURVE('',#3514,#1275,#3516,.T.);
#3514 = VERTEX_POINT('',#3515);
#3515 = CARTESIAN_POINT('',(34.8,-2.,127.));
#3516 = SURFACE_CURVE('',#3517,(#3522,#3528),.PCURVE_S1.);
#3517 = CIRCLE('',#3518,0.8);
#3518 = AXIS2_PLACEMENT_3D('',#3519,#3520,#3521);
#3519 = CARTESIAN_POINT('',(34.8,-2.,126.2));
#3520 = DIRECTION('',(0.,-1.,-6.123233995737E-17));
#3521 = DIRECTION('',(0.,-6.123233995737E-17,1.));
#3522 = PCURVE('',#1290,#3523);
#3523 = DEFINITIONAL_REPRESENTATION('',(#3524),#3527);
#3524 = B_SPLINE_CURVE_WITH_KNOTS('',1,(#3525,#3526),.UNSPECIFIED.,.F.,
  .F.,(2,2),(0.,1.570796326795),.PIECEWISE_BEZIER_KNOTS.);
#3525 = CARTESIAN_POINT('',(0.,0.));
#3526 = CARTESIAN_POINT('',(-1.570796326795,0.));
#3527 = ( GEOMETRIC_REPRESENTATION_CONTEXT(2) 
PARAMETRIC_REPRESENTATION_CONTEXT() REPRESENTATION_CONTEXT('2D SPACE',''
  ) );
#3528 = PCURVE('',#1323,#3529);
#3529 = DEFINITIONAL_REPRESENTATION('',(#3530),#3533);
#3530 = B_SPLINE_CURVE_WITH_KNOTS('',1,(#3531,#3532),.UNSPECIFIED.,.F.,
  .F.,(2,2),(0.,1.570796326795),.PIECEWISE_BEZIER_KNOTS.);
#3531 = CARTESIAN_POINT('',(1.570796326795,0.));
#3532 = CARTESIAN_POINT('',(1.570796326795,1.570796326795));
#3533 = ( GEOMETRIC_REPRESENTATION_CONTEXT(2) 
PARAMETRIC_REPRESENTATION_CONTEXT() REPRESENTATION_CONTEXT('2D SPACE',''
  ) );
#3534 = ORIENTED_EDGE('',*,*,#1274,.T.);
#3535 = ORIENTED_EDGE('',*,*,#3406,.F.);
#3536 = ORIENTED_EDGE('',*,*,#3537,.F.);
#3537 = EDGE_CURVE('',#3514,#3407,#3538,.T.);
#3538 = SURFACE_CURVE('',#3539,(#3543,#3550),.PCURVE_S1.);
#3539 = LINE('',#3540,#3541);
#3540 = CARTESIAN_POINT('',(34.8,-2.,127.));
#3541 = VECTOR('',#3542,1.);
#3542 = DIRECTION('',(0.,1.,0.));
#3543 = PCURVE('',#1290,#3544);
#3544 = DEFINITIONAL_REPRESENTATION('',(#3545),#3549);
#3545 = LINE('',#3546,#3547);
#3546 = CARTESIAN_POINT('',(-0.,0.));
#3547 = VECTOR('',#3548,1.);
#3548 = DIRECTION('',(-0.,1.));
#3549 = ( GEOMETRIC_REPRESENTATION_CONTEXT(2) 
PARAMETRIC_REPRESENTATION_CONTEXT() REPRESENTATION_CONTEXT('2D SPACE',''
  ) );
#3550 = PCURVE('',#3551,#3556);
#3551 = PLANE('',#3552);
#3552 = AXIS2_PLACEMENT_3D('',#3553,#3554,#3555);
#3553 = CARTESIAN_POINT('',(34.,-2.,127.));
#3554 = DIRECTION('',(0.,0.,1.));
#3555 = DIRECTION('',(0.,1.,0.));
#3556 = DEFINITIONAL_REPRESENTATION('',(#3557),#3561);
#3557 = LINE('',#3558,#3559);
#3558 = CARTESIAN_POINT('',(0.,-0.8));
#3559 = VECTOR('',#3560,1.);
#3560 = DIRECTION('',(1.,0.));
#3561 = ( GEOMETRIC_REPRESENTATION_CONTEXT(2) 
PARAMETRIC_REPRESENTATION_CONTEXT() REPRESENTATION_CONTEXT('2D SPACE',''
  ) );
#3562 = ADVANCED_FACE('',(#3563),#1636,.T.);
#3563 = FACE_BOUND('',#3564,.F.);
#3564 = EDGE_LOOP('',(#3565,#3566,#3595,#3623));
#3565 = ORIENTED_EDGE('',*,*,#1620,.F.);
#3566 = ORIENTED_EDGE('',*,*,#3567,.T.);
#3567 = EDGE_CURVE('',#1593,#3568,#3570,.T.);
#3568 = VERTEX_POINT('',#3569);
#3569 = CARTESIAN_POINT('',(35.,24.,80.));
#3570 = SURFACE_CURVE('',#3571,(#3576,#3583),.PCURVE_S1.);
#3571 = CIRCLE('',#3572,1.);
#3572 = AXIS2_PLACEMENT_3D('',#3573,#3574,#3575);
#3573 = CARTESIAN_POINT('',(35.,23.,80.));
#3574 = DIRECTION('',(-0.,0.,-1.));
#3575 = DIRECTION('',(-1.,0.,0.));
#3576 = PCURVE('',#1636,#3577);
#3577 = DEFINITIONAL_REPRESENTATION('',(#3578),#3582);
#3578 = LINE('',#3579,#3580);
#3579 = CARTESIAN_POINT('',(-0.,0.5));
#3580 = VECTOR('',#3581,1.);
#3581 = DIRECTION('',(-1.,0.));
#3582 = ( GEOMETRIC_REPRESENTATION_CONTEXT(2) 
PARAMETRIC_REPRESENTATION_CONTEXT() REPRESENTATION_CONTEXT('2D SPACE',''
  ) );
#3583 = PCURVE('',#3584,#3589);
#3584 = TOROIDAL_SURFACE('',#3585,0.5,0.5);
#3585 = AXIS2_PLACEMENT_3D('',#3586,#3587,#3588);
#3586 = CARTESIAN_POINT('',(35.,23.,80.));
#3587 = DIRECTION('',(-0.,-0.,-1.));
#3588 = DIRECTION('',(-1.,0.,0.));
#3589 = DEFINITIONAL_REPRESENTATION('',(#3590),#3594);
#3590 = LINE('',#3591,#3592);
#3591 = CARTESIAN_POINT('',(0.,0.));
#3592 = VECTOR('',#3593,1.);
#3593 = DIRECTION('',(1.,0.));
#3594 = ( GEOMETRIC_REPRESENTATION_CONTEXT(2) 
PARAMETRIC_REPRESENTATION_CONTEXT() REPRESENTATION_CONTEXT('2D SPACE',''
  ) );
#3595 = ORIENTED_EDGE('',*,*,#3596,.T.);
#3596 = EDGE_CURVE('',#3568,#3597,#3599,.T.);
#3597 = VERTEX_POINT('',#3598);
#3598 = CARTESIAN_POINT('',(35.,24.,84.));
#3599 = SURFACE_CURVE('',#3600,(#3604,#3611),.PCURVE_S1.);
#3600 = LINE('',#3601,#3602);
#3601 = CARTESIAN_POINT('',(35.,24.,79.5));
#3602 = VECTOR('',#3603,1.);
#3603 = DIRECTION('',(0.,0.,1.));
#3604 = PCURVE('',#1636,#3605);
#3605 = DEFINITIONAL_REPRESENTATION('',(#3606),#3610);
#3606 = LINE('',#3607,#3608);
#3607 = CARTESIAN_POINT('',(-1.570796326795,0.));
#3608 = VECTOR('',#3609,1.);
#3609 = DIRECTION('',(-0.,1.));
#3610 = ( GEOMETRIC_REPRESENTATION_CONTEXT(2) 
PARAMETRIC_REPRESENTATION_CONTEXT() REPRESENTATION_CONTEXT('2D SPACE',''
  ) );
#3611 = PCURVE('',#3612,#3617);
#3612 = PLANE('',#3613);
#3613 = AXIS2_PLACEMENT_3D('',#3614,#3615,#3616);
#3614 = CARTESIAN_POINT('',(34.,24.,79.5));
#3615 = DIRECTION('',(-0.,1.,0.));
#3616 = DIRECTION('',(0.,0.,1.));
#3617 = DEFINITIONAL_REPRESENTATION('',(#3618),#3622);
#3618 = LINE('',#3619,#3620);
#3619 = CARTESIAN_POINT('',(0.,1.));
#3620 = VECTOR('',#3621,1.);
#3621 = DIRECTION('',(1.,0.));
#3622 = ( GEOMETRIC_REPRESENTATION_CONTEXT(2) 
PARAMETRIC_REPRESENTATION_CONTEXT() REPRESENTATION_CONTEXT('2D SPACE',''
  ) );
#3623 = ORIENTED_EDGE('',*,*,#3624,.F.);
#3624 = EDGE_CURVE('',#1621,#3597,#3625,.T.);
#3625 = SURFACE_CURVE('',#3626,(#3631,#3638),.PCURVE_S1.);
#3626 = CIRCLE('',#3627,1.);
#3627 = AXIS2_PLACEMENT_3D('',#3628,#3629,#3630);
#3628 = CARTESIAN_POINT('',(35.,23.,84.));
#3629 = DIRECTION('',(-0.,0.,-1.));
#3630 = DIRECTION('',(-1.,0.,0.));
#3631 = PCURVE('',#1636,#3632);
#3632 = DEFINITIONAL_REPRESENTATION('',(#3633),#3637);
#3633 = LINE('',#3634,#3635);
#3634 = CARTESIAN_POINT('',(-0.,4.5));
#3635 = VECTOR('',#3636,1.);
#3636 = DIRECTION('',(-1.,0.));
#3637 = ( GEOMETRIC_REPRESENTATION_CONTEXT(2) 
PARAMETRIC_REPRESENTATION_CONTEXT() REPRESENTATION_CONTEXT('2D SPACE',''
  ) );
#3638 = PCURVE('',#3499,#3639);
#3639 = DEFINITIONAL_REPRESENTATION('',(#3640),#3644);
#3640 = LINE('',#3641,#3642);
#3641 = CARTESIAN_POINT('',(-0.,0.));
#3642 = VECTOR('',#3643,1.);
#3643 = DIRECTION('',(-1.,0.));
#3644 = ( GEOMETRIC_REPRESENTATION_CONTEXT(2) 
PARAMETRIC_REPRESENTATION_CONTEXT() REPRESENTATION_CONTEXT('2D SPACE',''
  ) );
#3645 = ADVANCED_FACE('',(#3646),#1323,.T.);
#3646 = FACE_BOUND('',#3647,.T.);
#3647 = EDGE_LOOP('',(#3648,#3670,#3697,#3698));
#3648 = ORIENTED_EDGE('',*,*,#3649,.F.);
#3649 = EDGE_CURVE('',#3650,#1303,#3652,.T.);
#3650 = VERTEX_POINT('',#3651);
#3651 = CARTESIAN_POINT('',(34.8,-20.,109.));
#3652 = SURFACE_CURVE('',#3653,(#3658,#3664),.PCURVE_S1.);
#3653 = CIRCLE('',#3654,0.8);
#3654 = AXIS2_PLACEMENT_3D('',#3655,#3656,#3657);
#3655 = CARTESIAN_POINT('',(34.8,-19.2,109.));
#3656 = DIRECTION('',(-0.,-0.,-1.));
#3657 = DIRECTION('',(0.,-1.,0.));
#3658 = PCURVE('',#1323,#3659);
#3659 = DEFINITIONAL_REPRESENTATION('',(#3660),#3663);
#3660 = B_SPLINE_CURVE_WITH_KNOTS('',1,(#3661,#3662),.UNSPECIFIED.,.F.,
  .F.,(2,2),(0.,1.570796326795),.PIECEWISE_BEZIER_KNOTS.);
#3661 = CARTESIAN_POINT('',(0.,0.));
#3662 = CARTESIAN_POINT('',(0.,1.570796326795));
#3663 = ( GEOMETRIC_REPRESENTATION_CONTEXT(2) 
PARAMETRIC_REPRESENTATION_CONTEXT() REPRESENTATION_CONTEXT('2D SPACE',''
  ) );
#3664 = PCURVE('',#1351,#3665);
#3665 = DEFINITIONAL_REPRESENTATION('',(#3666),#3669);
#3666 = B_SPLINE_CURVE_WITH_KNOTS('',1,(#3667,#3668),.UNSPECIFIED.,.F.,
  .F.,(2,2),(0.,1.570796326795),.PIECEWISE_BEZIER_KNOTS.);
#3667 = CARTESIAN_POINT('',(0.,32.5));
#3668 = CARTESIAN_POINT('',(-1.570796326795,32.5));
#3669 = ( GEOMETRIC_REPRESENTATION_CONTEXT(2) 
PARAMETRIC_REPRESENTATION_CONTEXT() REPRESENTATION_CONTEXT('2D SPACE',''
  ) );
#3670 = ORIENTED_EDGE('',*,*,#3671,.T.);
#3671 = EDGE_CURVE('',#3650,#3514,#3672,.T.);
#3672 = SURFACE_CURVE('',#3673,(#3678,#3685),.PCURVE_S1.);
#3673 = CIRCLE('',#3674,18.);
#3674 = AXIS2_PLACEMENT_3D('',#3675,#3676,#3677);
#3675 = CARTESIAN_POINT('',(34.8,-2.,109.));
#3676 = DIRECTION('',(-1.,-0.,0.));
#3677 = DIRECTION('',(0.,-1.,0.));
#3678 = PCURVE('',#1323,#3679);
#3679 = DEFINITIONAL_REPRESENTATION('',(#3680),#3684);
#3680 = LINE('',#3681,#3682);
#3681 = CARTESIAN_POINT('',(0.,0.));
#3682 = VECTOR('',#3683,1.);
#3683 = DIRECTION('',(1.,0.));
#3684 = ( GEOMETRIC_REPRESENTATION_CONTEXT(2) 
PARAMETRIC_REPRESENTATION_CONTEXT() REPRESENTATION_CONTEXT('2D SPACE',''
  ) );
#3685 = PCURVE('',#3686,#3691);
#3686 = CYLINDRICAL_SURFACE('',#3687,18.);
#3687 = AXIS2_PLACEMENT_3D('',#3688,#3689,#3690);
#3688 = CARTESIAN_POINT('',(34.,-2.,109.));
#3689 = DIRECTION('',(-1.,0.,0.));
#3690 = DIRECTION('',(0.,-1.,0.));
#3691 = DEFINITIONAL_REPRESENTATION('',(#3692),#3696);
#3692 = LINE('',#3693,#3694);
#3693 = CARTESIAN_POINT('',(0.,-0.8));
#3694 = VECTOR('',#3695,1.);
#3695 = DIRECTION('',(1.,0.));
#3696 = ( GEOMETRIC_REPRESENTATION_CONTEXT(2) 
PARAMETRIC_REPRESENTATION_CONTEXT() REPRESENTATION_CONTEXT('2D SPACE',''
  ) );
#3697 = ORIENTED_EDGE('',*,*,#3513,.T.);
#3698 = ORIENTED_EDGE('',*,*,#1302,.F.);
#3699 = ADVANCED_FACE('',(#3700),#1608,.T.);
#3700 = FACE_BOUND('',#3701,.F.);
#3701 = EDGE_LOOP('',(#3702,#3703,#3921,#3949));
#3702 = ORIENTED_EDGE('',*,*,#1592,.F.);
#3703 = ORIENTED_EDGE('',*,*,#3704,.T.);
#3704 = EDGE_CURVE('',#1565,#3705,#3707,.T.);
#3705 = VERTEX_POINT('',#3706);
#3706 = CARTESIAN_POINT('',(34.5,19.94161984871,79.5));
#3707 = SURFACE_CURVE('',#3708,(#3777,#3849),.PCURVE_S1.);
#3708 = B_SPLINE_CURVE_WITH_KNOTS('',7,(#3709,#3710,#3711,#3712,#3713,
    #3714,#3715,#3716,#3717,#3718,#3719,#3720,#3721,#3722,#3723,#3724,
    #3725,#3726,#3727,#3728,#3729,#3730,#3731,#3732,#3733,#3734,#3735,
    #3736,#3737,#3738,#3739,#3740,#3741,#3742,#3743,#3744,#3745,#3746,
    #3747,#3748,#3749,#3750,#3751,#3752,#3753,#3754,#3755,#3756,#3757,
    #3758,#3759,#3760,#3761,#3762,#3763,#3764,#3765,#3766,#3767,#3768,
    #3769,#3770,#3771,#3772,#3773,#3774,#3775,#3776),.UNSPECIFIED.,.F.,
  .F.,(8,6,6,6,6,6,6,6,6,6,6,8),(0.,6.245936338324E-04,
    1.249187115115E-03,1.873780298297E-03,2.498373033512E-03,
    3.079889873718E-03,3.704481321163E-03,4.307534293608E-03,
    4.889048751989E-03,5.49209971102E-03,0.654262982466,1.),
  .UNSPECIFIED.);
#3709 = CARTESIAN_POINT('',(34.,19.2,80.));
#3710 = CARTESIAN_POINT('',(34.,19.200080385923,79.99993644939));
#3711 = CARTESIAN_POINT('',(34.000000009424,19.200160771811,
    79.999872898755));
#3712 = CARTESIAN_POINT('',(34.000000028271,19.200241157689,
    79.999809348113));
#3713 = CARTESIAN_POINT('',(34.000000056542,19.200321543572,
    79.999745797479));
#3714 = CARTESIAN_POINT('',(34.000000094236,19.200401929463,
    79.999682246856));
#3715 = CARTESIAN_POINT('',(34.000000141354,19.200482315357,
    79.999618696243));
#3716 = CARTESIAN_POINT('',(34.000000254437,19.200643087101,
    79.999491595033));
#3717 = CARTESIAN_POINT('',(34.000000320402,19.200723472959,
    79.999428044441));
#3718 = CARTESIAN_POINT('',(34.000000395791,19.200803858812,
    79.999364493857));
#3719 = CARTESIAN_POINT('',(34.000000480603,19.200884244658,
    79.99930094328));
#3720 = CARTESIAN_POINT('',(34.000000574839,19.200964630498,
    79.999237392714));
#3721 = CARTESIAN_POINT('',(34.000000678499,19.201045016329,
    79.999173842157));
#3722 = CARTESIAN_POINT('',(34.000000904665,19.201205787936,
    79.999046741098));
#3723 = CARTESIAN_POINT('',(34.000001027171,19.201286173712,
    79.998983190596));
#3724 = CARTESIAN_POINT('',(34.000001159101,19.201366559478,
    79.998919640106));
#3725 = CARTESIAN_POINT('',(34.000001300455,19.201446945233,
    79.99885608963));
#3726 = CARTESIAN_POINT('',(34.000001451233,19.201527330977,
    79.99879253917));
#3727 = CARTESIAN_POINT('',(34.000001611434,19.201607716708,
    79.998728988726));
#3728 = CARTESIAN_POINT('',(34.000001950683,19.201768488087,
    79.998601887918));
#3729 = CARTESIAN_POINT('',(34.000002129731,19.201848873734,
    79.998538337555));
#3730 = CARTESIAN_POINT('',(34.000002318202,19.201929259367,
    79.99847478721));
#3731 = CARTESIAN_POINT('',(34.000002516097,19.202009644985,
    79.998411236885));
#3732 = CARTESIAN_POINT('',(34.000002723416,19.202090030587,
    79.998347686582));
#3733 = CARTESIAN_POINT('',(34.000002940158,19.202170416172,
    79.9982841363));
#3734 = CARTESIAN_POINT('',(34.000003376892,19.202325643407,
    79.998161418615));
#3735 = CARTESIAN_POINT('',(34.000003595629,19.202400485058,
    79.998102251208));
#3736 = CARTESIAN_POINT('',(34.000003822534,19.202475326694,
    79.998043083822));
#3737 = CARTESIAN_POINT('',(34.000004057608,19.202550168312,
    79.997983916458));
#3738 = CARTESIAN_POINT('',(34.00000430085,19.202625009913,
    79.997924749118));
#3739 = CARTESIAN_POINT('',(34.000004552261,19.202699851496,
    79.997865581802));
#3740 = CARTESIAN_POINT('',(34.000005090648,19.202855078352,
    79.997742864529));
#3741 = CARTESIAN_POINT('',(34.000005378879,19.202935463622,
    79.997679314577));
#3742 = CARTESIAN_POINT('',(34.000005676533,19.203015848869,
    79.997615764655));
#3743 = CARTESIAN_POINT('',(34.000005983611,19.203096234093,
    79.997552214764));
#3744 = CARTESIAN_POINT('',(34.000006300113,19.203176619292,
    79.997488664905));
#3745 = CARTESIAN_POINT('',(34.000006626038,19.203257004466,
    79.99742511508));
#3746 = CARTESIAN_POINT('',(34.000007285171,19.203415002752,
    79.997300206957));
#3747 = CARTESIAN_POINT('',(34.00000761774,19.203492615866,
    79.997238848656));
#3748 = CARTESIAN_POINT('',(34.000007959094,19.203570228954,
    79.997177490389));
#3749 = CARTESIAN_POINT('',(34.000008309233,19.203647842016,
    79.997116132156));
#3750 = CARTESIAN_POINT('',(34.000008668157,19.203725455052,
    79.997054773959));
#3751 = CARTESIAN_POINT('',(34.000009035865,19.20380306806,
    79.996993415798));
#3752 = CARTESIAN_POINT('',(34.000009775405,19.20395552201,
    79.996872891006));
#3753 = CARTESIAN_POINT('',(34.000010146621,19.204030362954,
    79.996813724372));
#3754 = CARTESIAN_POINT('',(34.000010526004,19.204105203871,
    79.996754557774));
#3755 = CARTESIAN_POINT('',(34.000010913557,19.204180044761,
    79.996695391213));
#3756 = CARTESIAN_POINT('',(34.000011309278,19.204254885621,
    79.996636224689));
#3757 = CARTESIAN_POINT('',(34.000011713167,19.204329726453,
    79.996577058204));
#3758 = CARTESIAN_POINT('',(34.000012552543,19.204482179799,
    79.996456534074));
#3759 = CARTESIAN_POINT('',(34.000012988647,19.204559792312,
    79.99639517643));
#3760 = CARTESIAN_POINT('',(34.000013433535,19.204637404792,
    79.996333818831));
#3761 = CARTESIAN_POINT('',(34.000013887208,19.204715017238,
    79.996272461277));
#3762 = CARTESIAN_POINT('',(34.000014349666,19.204792629649,
    79.996211103768));
#3763 = CARTESIAN_POINT('',(34.000014820908,19.204870242025,
    79.996149746306));
#3764 = CARTESIAN_POINT('',(34.000531721277,19.288444323968,
    79.930079201898));
#3765 = CARTESIAN_POINT('',(34.011215702844,19.37191120952,
    79.864115614621));
#3766 = CARTESIAN_POINT('',(34.032075298383,19.45444875744,
    79.799438626986));
#3767 = CARTESIAN_POINT('',(34.063277510856,19.53496428227,
    79.737440482283));
#3768 = CARTESIAN_POINT('',(34.104913828515,19.612140759933,
    79.679813584497));
#3769 = CARTESIAN_POINT('',(34.156966107041,19.684397636727,
    79.628589571219));
#3770 = CARTESIAN_POINT('',(34.251994626825,19.784807678203,
    79.564008255862));
#3771 = CARTESIAN_POINT('',(34.287933678646,19.817881458386,
    79.544085093771));
#3772 = CARTESIAN_POINT('',(34.326540004691,19.848628485066,
    79.527248163026));
#3773 = CARTESIAN_POINT('',(34.36748435869,19.876642566724,
    79.513999460385));
#3774 = CARTESIAN_POINT('',(34.410364965804,19.901606668455,
    79.5047849666));
#3775 = CARTESIAN_POINT('',(34.454715531005,19.923301379049,79.5));
#3776 = CARTESIAN_POINT('',(34.5,19.94161984871,79.5));
#3777 = PCURVE('',#1608,#3778);
#3778 = DEFINITIONAL_REPRESENTATION('',(#3779),#3848);
#3779 = B_SPLINE_CURVE_WITH_KNOTS('',7,(#3780,#3781,#3782,#3783,#3784,
    #3785,#3786,#3787,#3788,#3789,#3790,#3791,#3792,#3793,#3794,#3795,
    #3796,#3797,#3798,#3799,#3800,#3801,#3802,#3803,#3804,#3805,#3806,
    #3807,#3808,#3809,#3810,#3811,#3812,#3813,#3814,#3815,#3816,#3817,
    #3818,#3819,#3820,#3821,#3822,#3823,#3824,#3825,#3826,#3827,#3828,
    #3829,#3830,#3831,#3832,#3833,#3834,#3835,#3836,#3837,#3838,#3839,
    #3840,#3841,#3842,#3843,#3844,#3845,#3846,#3847),.UNSPECIFIED.,.F.,
  .F.,(8,6,6,6,6,6,6,6,6,6,6,8),(0.,6.245936338324E-04,
    1.249187115115E-03,1.873780298297E-03,2.498373033512E-03,
    3.079889873718E-03,3.704481321163E-03,4.307534293608E-03,
    4.889048751989E-03,5.49209971102E-03,0.654262982466,1.),
  .UNSPECIFIED.);
#3780 = CARTESIAN_POINT('',(0.,2.2));
#3781 = CARTESIAN_POINT('',(-1.271012197757E-04,2.200080385923));
#3782 = CARTESIAN_POINT('',(-2.542024909495E-04,2.200160771811));
#3783 = CARTESIAN_POINT('',(-3.813037769457E-04,2.200241157689));
#3784 = CARTESIAN_POINT('',(-5.08405056027E-04,2.200321543572));
#3785 = CARTESIAN_POINT('',(-6.355063212935E-04,2.200401929463));
#3786 = CARTESIAN_POINT('',(-7.626075806837E-04,2.200482315357));
#3787 = CARTESIAN_POINT('',(-1.016810102216E-03,2.200643087101));
#3788 = CARTESIAN_POINT('',(-1.143911352372E-03,2.200723472959));
#3789 = CARTESIAN_POINT('',(-1.271012608523E-03,2.200803858812));
#3790 = CARTESIAN_POINT('',(-1.398113871732E-03,2.200884244658));
#3791 = CARTESIAN_POINT('',(-1.525215143035E-03,2.200964630498));
#3792 = CARTESIAN_POINT('',(-1.652316423444E-03,2.201045016329));
#3793 = CARTESIAN_POINT('',(-1.906518943809E-03,2.201205787936));
#3794 = CARTESIAN_POINT('',(-2.033620183787E-03,2.201286173712));
#3795 = CARTESIAN_POINT('',(-2.160721434893E-03,2.201366559478));
#3796 = CARTESIAN_POINT('',(-2.287822698142E-03,2.201446945233));
#3797 = CARTESIAN_POINT('',(-2.414923974551E-03,2.201527330977));
#3798 = CARTESIAN_POINT('',(-2.542025265137E-03,2.201607716708));
#3799 = CARTESIAN_POINT('',(-2.796227785561E-03,2.201768488087));
#3800 = CARTESIAN_POINT('',(-2.9233290154E-03,2.201848873734));
#3801 = CARTESIAN_POINT('',(-3.050430261442E-03,2.201929259367));
#3802 = CARTESIAN_POINT('',(-3.177531524696E-03,2.202009644985));
#3803 = CARTESIAN_POINT('',(-3.304632806177E-03,2.202090030587));
#3804 = CARTESIAN_POINT('',(-3.431734106902E-03,2.202170416172));
#3805 = CARTESIAN_POINT('',(-3.6771710319E-03,2.202325643407));
#3806 = CARTESIAN_POINT('',(-3.795506653473E-03,2.202400485058));
#3807 = CARTESIAN_POINT('',(-3.913842293424E-03,2.202475326694));
#3808 = CARTESIAN_POINT('',(-4.032177952568E-03,2.202550168312));
#3809 = CARTESIAN_POINT('',(-4.150513631723E-03,2.202625009913));
#3810 = CARTESIAN_POINT('',(-4.26884933171E-03,2.202699851496));
#3811 = CARTESIAN_POINT('',(-4.514286238637E-03,2.202855078352));
#3812 = CARTESIAN_POINT('',(-4.641387448896E-03,2.202935463622));
#3813 = CARTESIAN_POINT('',(-4.768488685146E-03,2.203015848869));
#3814 = CARTESIAN_POINT('',(-4.895589948404E-03,2.203096234093));
#3815 = CARTESIAN_POINT('',(-5.02269123968E-03,2.203176619292));
#3816 = CARTESIAN_POINT('',(-5.149792559985E-03,2.203257004466));
#3817 = CARTESIAN_POINT('',(-5.399612284781E-03,2.203415002752));
#3818 = CARTESIAN_POINT('',(-5.522330687234E-03,2.203492615866));
#3819 = CARTESIAN_POINT('',(-5.645049118606E-03,2.203570228954));
#3820 = CARTESIAN_POINT('',(-5.767767579811E-03,2.203647842016));
#3821 = CARTESIAN_POINT('',(-5.890486071762E-03,2.203725455052));
#3822 = CARTESIAN_POINT('',(-6.013204595371E-03,2.20380306806));
#3823 = CARTESIAN_POINT('',(-6.254258717391E-03,2.20395552201));
#3824 = CARTESIAN_POINT('',(-6.372594313526E-03,2.204030362954));
#3825 = CARTESIAN_POINT('',(-6.490929940759E-03,2.204105203871));
#3826 = CARTESIAN_POINT('',(-6.609265599903E-03,2.204180044761));
#3827 = CARTESIAN_POINT('',(-6.727601291777E-03,2.204254885621));
#3828 = CARTESIAN_POINT('',(-6.845937017202E-03,2.204329726453));
#3829 = CARTESIAN_POINT('',(-7.086991124584E-03,2.204482179799));
#3830 = CARTESIAN_POINT('',(-7.209709509133E-03,2.204559792312));
#3831 = CARTESIAN_POINT('',(-7.332427931557E-03,2.204637404792));
#3832 = CARTESIAN_POINT('',(-7.455146392764E-03,2.204715017238));
#3833 = CARTESIAN_POINT('',(-7.577864893668E-03,2.204792629649));
#3834 = CARTESIAN_POINT('',(-7.700583435181E-03,2.204870242025));
#3835 = CARTESIAN_POINT('',(-0.139845716139,2.288444323968));
#3836 = CARTESIAN_POINT('',(-0.271935978951,2.37191120952));
#3837 = CARTESIAN_POINT('',(-0.40537087926,2.45444875744));
#3838 = CARTESIAN_POINT('',(-0.541145997492,2.53496428227));
#3839 = CARTESIAN_POINT('',(-0.680299843613,2.612140759933));
#3840 = CARTESIAN_POINT('',(-0.823987641001,2.684397636727));
#3841 = CARTESIAN_POINT('',(-1.053780294197,2.784807678203));
#3842 = CARTESIAN_POINT('',(-1.135626336338,2.817881458386));
#3843 = CARTESIAN_POINT('',(-1.219247296657,2.848628485066));
#3844 = CARTESIAN_POINT('',(-1.304552085441,2.876642566724));
#3845 = CARTESIAN_POINT('',(-1.391526082314,2.901606668455));
#3846 = CARTESIAN_POINT('',(-1.480227388805,2.923301379049));
#3847 = CARTESIAN_POINT('',(-1.570796326795,2.94161984871));
#3848 = ( GEOMETRIC_REPRESENTATION_CONTEXT(2) 
PARAMETRIC_REPRESENTATION_CONTEXT() REPRESENTATION_CONTEXT('2D SPACE',''
  ) );
#3849 = PCURVE('',#1580,#3850);
#3850 = DEFINITIONAL_REPRESENTATION('',(#3851),#3920);
#3851 = B_SPLINE_CURVE_WITH_KNOTS('',7,(#3852,#3853,#3854,#3855,#3856,
    #3857,#3858,#3859,#3860,#3861,#3862,#3863,#3864,#3865,#3866,#3867,
    #3868,#3869,#3870,#3871,#3872,#3873,#3874,#3875,#3876,#3877,#3878,
    #3879,#3880,#3881,#3882,#3883,#3884,#3885,#3886,#3887,#3888,#3889,
    #3890,#3891,#3892,#3893,#3894,#3895,#3896,#3897,#3898,#3899,#3900,
    #3901,#3902,#3903,#3904,#3905,#3906,#3907,#3908,#3909,#3910,#3911,
    #3912,#3913,#3914,#3915,#3916,#3917,#3918,#3919),.UNSPECIFIED.,.F.,
  .F.,(8,6,6,6,6,6,6,6,6,6,6,8),(0.,6.245936338324E-04,
    1.249187115115E-03,1.873780298297E-03,2.498373033512E-03,
    3.079889873718E-03,3.704481321163E-03,4.307534293608E-03,
    4.889048751989E-03,5.49209971102E-03,0.654262982466,1.),
  .UNSPECIFIED.);
#3852 = CARTESIAN_POINT('',(-1.570796326795,29.));
#3853 = CARTESIAN_POINT('',(-1.570695844392,29.00006355061));
#3854 = CARTESIAN_POINT('',(-1.570595362031,29.000127101245));
#3855 = CARTESIAN_POINT('',(-1.570494879681,29.000190651887));
#3856 = CARTESIAN_POINT('',(-1.570394397323,29.000254202521));
#3857 = CARTESIAN_POINT('',(-1.57029391495,29.000317753144));
#3858 = CARTESIAN_POINT('',(-1.570193432565,29.000381303757));
#3859 = CARTESIAN_POINT('',(-1.569992467835,29.000508404967));
#3860 = CARTESIAN_POINT('',(-1.56989198548,29.000571955559));
#3861 = CARTESIAN_POINT('',(-1.569791503121,29.000635506143));
#3862 = CARTESIAN_POINT('',(-1.569691020758,29.00069905672));
#3863 = CARTESIAN_POINT('',(-1.569590538391,29.000762607286));
#3864 = CARTESIAN_POINT('',(-1.569490056019,29.000826157843));
#3865 = CARTESIAN_POINT('',(-1.569289091311,29.000953258902));
#3866 = CARTESIAN_POINT('',(-1.569188608976,29.001016809404));
#3867 = CARTESIAN_POINT('',(-1.569088126634,29.001080359894));
#3868 = CARTESIAN_POINT('',(-1.568987644286,29.00114391037));
#3869 = CARTESIAN_POINT('',(-1.568887161931,29.00120746083));
#3870 = CARTESIAN_POINT('',(-1.568786679568,29.001271011274));
#3871 = CARTESIAN_POINT('',(-1.568585714897,29.001398112082));
#3872 = CARTESIAN_POINT('',(-1.568485232589,29.001461662445));
#3873 = CARTESIAN_POINT('',(-1.568384750273,29.00152521279));
#3874 = CARTESIAN_POINT('',(-1.568284267947,29.001588763115));
#3875 = CARTESIAN_POINT('',(-1.568183785611,29.001652313418));
#3876 = CARTESIAN_POINT('',(-1.568083303265,29.0017158637));
#3877 = CARTESIAN_POINT('',(-1.567889268454,29.001838581385));
#3878 = CARTESIAN_POINT('',(-1.567795715991,29.001897748792));
#3879 = CARTESIAN_POINT('',(-1.567702163518,29.001956916178));
#3880 = CARTESIAN_POINT('',(-1.567608611034,29.002016083542));
#3881 = CARTESIAN_POINT('',(-1.567515058539,29.002075250882));
#3882 = CARTESIAN_POINT('',(-1.567421506033,29.002134418198));
#3883 = CARTESIAN_POINT('',(-1.567227471297,29.002257135471));
#3884 = CARTESIAN_POINT('',(-1.567126989064,29.002320685423));
#3885 = CARTESIAN_POINT('',(-1.567026506817,29.002384235345));
#3886 = CARTESIAN_POINT('',(-1.566926024556,29.002447785236));
#3887 = CARTESIAN_POINT('',(-1.566825542279,29.002511335095));
#3888 = CARTESIAN_POINT('',(-1.566725059986,29.00257488492));
#3889 = CARTESIAN_POINT('',(-1.56652756041,29.002699793043));
#3890 = CARTESIAN_POINT('',(-1.566430543128,29.002761151344));
#3891 = CARTESIAN_POINT('',(-1.56633352583,29.002822509611));
#3892 = CARTESIAN_POINT('',(-1.566236508516,29.002883867844));
#3893 = CARTESIAN_POINT('',(-1.566139491185,29.002945226041));
#3894 = CARTESIAN_POINT('',(-1.566042473837,29.003006584202));
#3895 = CARTESIAN_POINT('',(-1.565851904157,29.003127108994));
#3896 = CARTESIAN_POINT('',(-1.565758351827,29.003186275628));
#3897 = CARTESIAN_POINT('',(-1.565664799479,29.003245442226));
#3898 = CARTESIAN_POINT('',(-1.565571247115,29.003304608787));
#3899 = CARTESIAN_POINT('',(-1.565477694732,29.003363775311));
#3900 = CARTESIAN_POINT('',(-1.565384142331,29.003422941796));
#3901 = CARTESIAN_POINT('',(-1.565193572759,29.003543465926));
#3902 = CARTESIAN_POINT('',(-1.565096555588,29.00360482357));
#3903 = CARTESIAN_POINT('',(-1.564999538395,29.003666181169));
#3904 = CARTESIAN_POINT('',(-1.564902521182,29.003727538723));
#3905 = CARTESIAN_POINT('',(-1.564805503946,29.003788896232));
#3906 = CARTESIAN_POINT('',(-1.564708486689,29.003850253694));
#3907 = CARTESIAN_POINT('',(-1.460238886156,29.069920798102));
#3908 = CARTESIAN_POINT('',(-1.355824087977,29.135884385379));
#3909 = CARTESIAN_POINT('',(-1.250638859927,29.200561373014));
#3910 = CARTESIAN_POINT('',(-1.14416873538,29.262559517717));
#3911 = CARTESIAN_POINT('',(-1.035984625853,29.320186415503));
#3912 = CARTESIAN_POINT('',(-0.925660319476,29.371410428781));
#3913 = CARTESIAN_POINT('',(-0.752849928433,29.435991744138));
#3914 = CARTESIAN_POINT('',(-0.691943601951,29.455914906229));
#3915 = CARTESIAN_POINT('',(-0.630503087408,29.472751836974));
#3916 = CARTESIAN_POINT('',(-0.568783657209,29.486000539615));
#3917 = CARTESIAN_POINT('',(-0.507020215078,29.4952150334));
#3918 = CARTESIAN_POINT('',(-0.445458340032,29.5));
#3919 = CARTESIAN_POINT('',(-0.384396774496,29.5));
#3920 = ( GEOMETRIC_REPRESENTATION_CONTEXT(2) 
PARAMETRIC_REPRESENTATION_CONTEXT() REPRESENTATION_CONTEXT('2D SPACE',''
  ) );
#3921 = ORIENTED_EDGE('',*,*,#3922,.T.);
#3922 = EDGE_CURVE('',#3705,#3923,#3925,.T.);
#3923 = VERTEX_POINT('',#3924);
#3924 = CARTESIAN_POINT('',(34.5,23.,79.5));
#3925 = SURFACE_CURVE('',#3926,(#3930,#3937),.PCURVE_S1.);
#3926 = LINE('',#3927,#3928);
#3927 = CARTESIAN_POINT('',(34.5,17.,79.5));
#3928 = VECTOR('',#3929,1.);
#3929 = DIRECTION('',(-0.,1.,0.));
#3930 = PCURVE('',#1608,#3931);
#3931 = DEFINITIONAL_REPRESENTATION('',(#3932),#3936);
#3932 = LINE('',#3933,#3934);
#3933 = CARTESIAN_POINT('',(-1.570796326795,0.));
#3934 = VECTOR('',#3935,1.);
#3935 = DIRECTION('',(-0.,1.));
#3936 = ( GEOMETRIC_REPRESENTATION_CONTEXT(2) 
PARAMETRIC_REPRESENTATION_CONTEXT() REPRESENTATION_CONTEXT('2D SPACE',''
  ) );
#3937 = PCURVE('',#3938,#3943);
#3938 = PLANE('',#3939);
#3939 = AXIS2_PLACEMENT_3D('',#3940,#3941,#3942);
#3940 = CARTESIAN_POINT('',(34.,16.,79.5));
#3941 = DIRECTION('',(0.,0.,1.));
#3942 = DIRECTION('',(1.,0.,-0.));
#3943 = DEFINITIONAL_REPRESENTATION('',(#3944),#3948);
#3944 = LINE('',#3945,#3946);
#3945 = CARTESIAN_POINT('',(0.5,1.));
#3946 = VECTOR('',#3947,1.);
#3947 = DIRECTION('',(0.,1.));
#3948 = ( GEOMETRIC_REPRESENTATION_CONTEXT(2) 
PARAMETRIC_REPRESENTATION_CONTEXT() REPRESENTATION_CONTEXT('2D SPACE',''
  ) );
#3949 = ORIENTED_EDGE('',*,*,#3950,.F.);
#3950 = EDGE_CURVE('',#1593,#3923,#3951,.T.);
#3951 = SURFACE_CURVE('',#3952,(#3957,#3963),.PCURVE_S1.);
#3952 = CIRCLE('',#3953,0.5);
#3953 = AXIS2_PLACEMENT_3D('',#3954,#3955,#3956);
#3954 = CARTESIAN_POINT('',(34.5,23.,80.));
#3955 = DIRECTION('',(0.,-1.,-0.));
#3956 = DIRECTION('',(-1.,-0.,0.));
#3957 = PCURVE('',#1608,#3958);
#3958 = DEFINITIONAL_REPRESENTATION('',(#3959),#3962);
#3959 = B_SPLINE_CURVE_WITH_KNOTS('',1,(#3960,#3961),.UNSPECIFIED.,.F.,
  .F.,(2,2),(0.,1.570796326795),.PIECEWISE_BEZIER_KNOTS.);
#3960 = CARTESIAN_POINT('',(0.,6.));
#3961 = CARTESIAN_POINT('',(-1.570796326795,6.));
#3962 = ( GEOMETRIC_REPRESENTATION_CONTEXT(2) 
PARAMETRIC_REPRESENTATION_CONTEXT() REPRESENTATION_CONTEXT('2D SPACE',''
  ) );
#3963 = PCURVE('',#3584,#3964);
#3964 = DEFINITIONAL_REPRESENTATION('',(#3965),#3968);
#3965 = B_SPLINE_CURVE_WITH_KNOTS('',1,(#3966,#3967),.UNSPECIFIED.,.F.,
  .F.,(2,2),(0.,1.570796326795),.PIECEWISE_BEZIER_KNOTS.);
#3966 = CARTESIAN_POINT('',(0.,0.));
#3967 = CARTESIAN_POINT('',(0.,1.570796326795));
#3968 = ( GEOMETRIC_REPRESENTATION_CONTEXT(2) 
PARAMETRIC_REPRESENTATION_CONTEXT() REPRESENTATION_CONTEXT('2D SPACE',''
  ) );
#3969 = ADVANCED_FACE('',(#3970),#1351,.T.);
#3970 = FACE_BOUND('',#3971,.F.);
#3971 = EDGE_LOOP('',(#3972,#3973,#3974,#3975));
#3972 = ORIENTED_EDGE('',*,*,#2161,.T.);
#3973 = ORIENTED_EDGE('',*,*,#1335,.F.);
#3974 = ORIENTED_EDGE('',*,*,#3649,.F.);
#3975 = ORIENTED_EDGE('',*,*,#3976,.F.);
#3976 = EDGE_CURVE('',#2133,#3650,#3977,.T.);
#3977 = SURFACE_CURVE('',#3978,(#3982,#3989),.PCURVE_S1.);
#3978 = LINE('',#3979,#3980);
#3979 = CARTESIAN_POINT('',(34.8,-20.,76.5));
#3980 = VECTOR('',#3981,1.);
#3981 = DIRECTION('',(0.,0.,1.));
#3982 = PCURVE('',#1351,#3983);
#3983 = DEFINITIONAL_REPRESENTATION('',(#3984),#3988);
#3984 = LINE('',#3985,#3986);
#3985 = CARTESIAN_POINT('',(-0.,0.));
#3986 = VECTOR('',#3987,1.);
#3987 = DIRECTION('',(-0.,1.));
#3988 = ( GEOMETRIC_REPRESENTATION_CONTEXT(2) 
PARAMETRIC_REPRESENTATION_CONTEXT() REPRESENTATION_CONTEXT('2D SPACE',''
  ) );
#3989 = PCURVE('',#3990,#3995);
#3990 = PLANE('',#3991);
#3991 = AXIS2_PLACEMENT_3D('',#3992,#3993,#3994);
#3992 = CARTESIAN_POINT('',(34.,-20.,76.5));
#3993 = DIRECTION('',(0.,-1.,0.));
#3994 = DIRECTION('',(0.,0.,1.));
#3995 = DEFINITIONAL_REPRESENTATION('',(#3996),#4000);
#3996 = LINE('',#3997,#3998);
#3997 = CARTESIAN_POINT('',(0.,-0.8));
#3998 = VECTOR('',#3999,1.);
#3999 = DIRECTION('',(1.,0.));
#4000 = ( GEOMETRIC_REPRESENTATION_CONTEXT(2) 
PARAMETRIC_REPRESENTATION_CONTEXT() REPRESENTATION_CONTEXT('2D SPACE',''
  ) );
#4001 = ADVANCED_FACE('',(#4002),#1580,.T.);
#4002 = FACE_BOUND('',#4003,.F.);
#4003 = EDGE_LOOP('',(#4004,#4029,#4055,#4056,#4057));
#4004 = ORIENTED_EDGE('',*,*,#4005,.F.);
#4005 = EDGE_CURVE('',#4006,#4008,#4010,.T.);
#4006 = VERTEX_POINT('',#4007);
#4007 = CARTESIAN_POINT('',(34.8,20.,79.5));
#4008 = VERTEX_POINT('',#4009);
#4009 = CARTESIAN_POINT('',(34.8,20.,76.5));
#4010 = SURFACE_CURVE('',#4011,(#4015,#4022),.PCURVE_S1.);
#4011 = LINE('',#4012,#4013);
#4012 = CARTESIAN_POINT('',(34.8,20.,109.));
#4013 = VECTOR('',#4014,1.);
#4014 = DIRECTION('',(-0.,-0.,-1.));
#4015 = PCURVE('',#1580,#4016);
#4016 = DEFINITIONAL_REPRESENTATION('',(#4017),#4021);
#4017 = LINE('',#4018,#4019);
#4018 = CARTESIAN_POINT('',(-0.,0.));
#4019 = VECTOR('',#4020,1.);
#4020 = DIRECTION('',(-0.,1.));
#4021 = ( GEOMETRIC_REPRESENTATION_CONTEXT(2) 
PARAMETRIC_REPRESENTATION_CONTEXT() REPRESENTATION_CONTEXT('2D SPACE',''
  ) );
#4022 = PCURVE('',#3121,#4023);
#4023 = DEFINITIONAL_REPRESENTATION('',(#4024),#4028);
#4024 = LINE('',#4025,#4026);
#4025 = CARTESIAN_POINT('',(32.5,-0.8));
#4026 = VECTOR('',#4027,1.);
#4027 = DIRECTION('',(-1.,0.));
#4028 = ( GEOMETRIC_REPRESENTATION_CONTEXT(2) 
PARAMETRIC_REPRESENTATION_CONTEXT() REPRESENTATION_CONTEXT('2D SPACE',''
  ) );
#4029 = ORIENTED_EDGE('',*,*,#4030,.F.);
#4030 = EDGE_CURVE('',#3705,#4006,#4031,.T.);
#4031 = SURFACE_CURVE('',#4032,(#4037,#4044),.PCURVE_S1.);
#4032 = CIRCLE('',#4033,0.8);
#4033 = AXIS2_PLACEMENT_3D('',#4034,#4035,#4036);
#4034 = CARTESIAN_POINT('',(34.8,19.2,79.5));
#4035 = DIRECTION('',(0.,-0.,-1.));
#4036 = DIRECTION('',(0.,1.,-0.));
#4037 = PCURVE('',#1580,#4038);
#4038 = DEFINITIONAL_REPRESENTATION('',(#4039),#4043);
#4039 = LINE('',#4040,#4041);
#4040 = CARTESIAN_POINT('',(-6.28318530718,29.5));
#4041 = VECTOR('',#4042,1.);
#4042 = DIRECTION('',(1.,-0.));
#4043 = ( GEOMETRIC_REPRESENTATION_CONTEXT(2) 
PARAMETRIC_REPRESENTATION_CONTEXT() REPRESENTATION_CONTEXT('2D SPACE',''
  ) );
#4044 = PCURVE('',#3938,#4045);
#4045 = DEFINITIONAL_REPRESENTATION('',(#4046),#4054);
#4046 = ( BOUNDED_CURVE() B_SPLINE_CURVE(2,(#4047,#4048,#4049,#4050,
#4051,#4052,#4053),.UNSPECIFIED.,.T.,.F.) B_SPLINE_CURVE_WITH_KNOTS((1,2
    ,2,2,2,1),(-2.094395102393,0.,2.094395102393,4.188790204786,
6.28318530718,8.377580409573),.UNSPECIFIED.) CURVE() 
GEOMETRIC_REPRESENTATION_ITEM() RATIONAL_B_SPLINE_CURVE((1.,0.5,1.,0.5,
1.,0.5,1.)) REPRESENTATION_ITEM('') );
#4047 = CARTESIAN_POINT('',(0.8,4.));
#4048 = CARTESIAN_POINT('',(2.185640646055,4.));
#4049 = CARTESIAN_POINT('',(1.492820323028,2.8));
#4050 = CARTESIAN_POINT('',(0.8,1.6));
#4051 = CARTESIAN_POINT('',(0.107179676972,2.8));
#4052 = CARTESIAN_POINT('',(-0.585640646055,4.));
#4053 = CARTESIAN_POINT('',(0.8,4.));
#4054 = ( GEOMETRIC_REPRESENTATION_CONTEXT(2) 
PARAMETRIC_REPRESENTATION_CONTEXT() REPRESENTATION_CONTEXT('2D SPACE',''
  ) );
#4055 = ORIENTED_EDGE('',*,*,#3704,.F.);
#4056 = ORIENTED_EDGE('',*,*,#1564,.T.);
#4057 = ORIENTED_EDGE('',*,*,#4058,.F.);
#4058 = EDGE_CURVE('',#4008,#1532,#4059,.T.);
#4059 = SURFACE_CURVE('',#4060,(#4065,#4071),.PCURVE_S1.);
#4060 = CIRCLE('',#4061,0.8);
#4061 = AXIS2_PLACEMENT_3D('',#4062,#4063,#4064);
#4062 = CARTESIAN_POINT('',(34.8,19.2,76.5));
#4063 = DIRECTION('',(0.,0.,1.));
#4064 = DIRECTION('',(0.,1.,-0.));
#4065 = PCURVE('',#1580,#4066);
#4066 = DEFINITIONAL_REPRESENTATION('',(#4067),#4070);
#4067 = B_SPLINE_CURVE_WITH_KNOTS('',1,(#4068,#4069),.UNSPECIFIED.,.F.,
  .F.,(2,2),(0.,1.570796326795),.PIECEWISE_BEZIER_KNOTS.);
#4068 = CARTESIAN_POINT('',(0.,32.5));
#4069 = CARTESIAN_POINT('',(-1.570796326795,32.5));
#4070 = ( GEOMETRIC_REPRESENTATION_CONTEXT(2) 
PARAMETRIC_REPRESENTATION_CONTEXT() REPRESENTATION_CONTEXT('2D SPACE',''
  ) );
#4071 = PCURVE('',#1552,#4072);
#4072 = DEFINITIONAL_REPRESENTATION('',(#4073),#4076);
#4073 = B_SPLINE_CURVE_WITH_KNOTS('',1,(#4074,#4075),.UNSPECIFIED.,.F.,
  .F.,(2,2),(0.,1.570796326795),.PIECEWISE_BEZIER_KNOTS.);
#4074 = CARTESIAN_POINT('',(0.,0.));
#4075 = CARTESIAN_POINT('',(0.,1.570796326795));
#4076 = ( GEOMETRIC_REPRESENTATION_CONTEXT(2) 
PARAMETRIC_REPRESENTATION_CONTEXT() REPRESENTATION_CONTEXT('2D SPACE',''
  ) );
#4077 = ADVANCED_FACE('',(#4078),#1552,.T.);
#4078 = FACE_BOUND('',#4079,.T.);
#4079 = EDGE_LOOP('',(#4080,#4145,#4146,#4147,#4176));
#4080 = ORIENTED_EDGE('',*,*,#4081,.T.);
#4081 = EDGE_CURVE('',#4082,#1504,#4084,.T.);
#4082 = VERTEX_POINT('',#4083);
#4083 = CARTESIAN_POINT('',(34.5,19.5969236742,73.));
#4084 = SURFACE_CURVE('',#4085,(#4103,#4124),.PCURVE_S1.);
#4085 = B_SPLINE_CURVE_WITH_KNOTS('',6,(#4086,#4087,#4088,#4089,#4090,
    #4091,#4092,#4093,#4094,#4095,#4096,#4097,#4098,#4099,#4100,#4101,
    #4102),.UNSPECIFIED.,.F.,.F.,(7,5,5,7),(0.,0.338149987308,
    0.661774675694,1.),.UNSPECIFIED.);
#4086 = CARTESIAN_POINT('',(34.5,19.5969236742,73.));
#4087 = CARTESIAN_POINT('',(34.447915364567,19.575441685155,
    72.999999998587));
#4088 = CARTESIAN_POINT('',(34.397036772167,19.547953166799,
    72.99348905154));
#4089 = CARTESIAN_POINT('',(34.348503704717,19.514818213977,
    72.981034087224));
#4090 = CARTESIAN_POINT('',(34.303080705087,19.476755519997,
    72.963485583859));
#4091 = CARTESIAN_POINT('',(34.26119150428,19.434512411482,
    72.941664861275));
#4092 = CARTESIAN_POINT('',(34.186568737915,19.34496485857,
    72.892022801952));
#4093 = CARTESIAN_POINT('',(34.153517374809,19.297953709958,
    72.864498188612));
#4094 = CARTESIAN_POINT('',(34.124082811035,19.24828189022,
    72.83434747263));
#4095 = CARTESIAN_POINT('',(34.098310726997,19.196459815249,
    72.802114596694));
#4096 = CARTESIAN_POINT('',(34.076185126872,19.142911906348,
    72.76824931602));
#4097 = CARTESIAN_POINT('',(34.038322565828,19.030572226465,
    72.696408174062));
#4098 = CARTESIAN_POINT('',(34.022923347335,18.971665983239,
    72.658324248253));
#4099 = CARTESIAN_POINT('',(34.011433373188,18.911661502033,
    72.619295920783));
#4100 = CARTESIAN_POINT('',(34.003805413529,18.850909631991,
    72.579686657645));
#4101 = CARTESIAN_POINT('',(34.000000005176,18.789728492402,
    72.539819549051));
#4102 = CARTESIAN_POINT('',(34.,18.728418933262,72.50000000084));
#4103 = PCURVE('',#1552,#4104);
#4104 = DEFINITIONAL_REPRESENTATION('',(#4105),#4123);
#4105 = B_SPLINE_CURVE_WITH_KNOTS('',6,(#4106,#4107,#4108,#4109,#4110,
    #4111,#4112,#4113,#4114,#4115,#4116,#4117,#4118,#4119,#4120,#4121,
    #4122),.UNSPECIFIED.,.F.,.F.,(7,5,5,7),(0.,0.338149987308,
    0.661774675694,1.),.UNSPECIFIED.);
#4106 = CARTESIAN_POINT('',(0.196336113541,0.384396811074));
#4107 = CARTESIAN_POINT('',(0.196569684795,0.454627720203));
#4108 = CARTESIAN_POINT('',(0.197225117495,0.525626200967));
#4109 = CARTESIAN_POINT('',(0.198270100274,0.596580263286));
#4110 = CARTESIAN_POINT('',(0.199654037554,0.667022142922));
#4111 = CARTESIAN_POINT('',(0.201327767281,0.736692807881));
#4112 = CARTESIAN_POINT('',(0.205084370026,0.871341466319));
#4113 = CARTESIAN_POINT('',(0.207146686039,0.936395434475));
#4114 = CARTESIAN_POINT('',(0.20939686882,1.000609031973));
#4115 = CARTESIAN_POINT('',(0.211801863261,1.064015520213));
#4116 = CARTESIAN_POINT('',(0.214333950439,1.12669283438));
#4117 = CARTESIAN_POINT('',(0.219725368363,1.253645260541));
#4118 = CARTESIAN_POINT('',(0.222593675172,1.31784990111));
#4119 = CARTESIAN_POINT('',(0.225548550344,1.38152172369));
#4120 = CARTESIAN_POINT('',(0.228566669038,1.444800602152));
#4121 = CARTESIAN_POINT('',(0.231626541836,1.507836096556));
#4122 = CARTESIAN_POINT('',(0.234707113786,1.570796326795));
#4123 = ( GEOMETRIC_REPRESENTATION_CONTEXT(2) 
PARAMETRIC_REPRESENTATION_CONTEXT() REPRESENTATION_CONTEXT('2D SPACE',''
  ) );
#4124 = PCURVE('',#1519,#4125);
#4125 = DEFINITIONAL_REPRESENTATION('',(#4126),#4144);
#4126 = B_SPLINE_CURVE_WITH_KNOTS('',6,(#4127,#4128,#4129,#4130,#4131,
    #4132,#4133,#4134,#4135,#4136,#4137,#4138,#4139,#4140,#4141,#4142,
    #4143),.UNSPECIFIED.,.F.,.F.,(7,5,5,7),(0.,0.338149987308,
    0.661774675694,1.),.UNSPECIFIED.);
#4127 = CARTESIAN_POINT('',(1.570796326795,2.5969236742));
#4128 = CARTESIAN_POINT('',(1.46662705593,2.575441685155));
#4129 = CARTESIAN_POINT('',(1.364870763306,2.547953166799));
#4130 = CARTESIAN_POINT('',(1.265765373284,2.514818213977));
#4131 = CARTESIAN_POINT('',(1.169300461701,2.476755519997));
#4132 = CARTESIAN_POINT('',(1.075375580256,2.434512411482));
#4133 = CARTESIAN_POINT('',(0.896122783193,2.34496485857));
#4134 = CARTESIAN_POINT('',(0.810595255887,2.297953709958));
#4135 = CARTESIAN_POINT('',(0.726968788479,2.24828189022));
#4136 = CARTESIAN_POINT('',(0.645004889214,2.196459815249));
#4137 = CARTESIAN_POINT('',(0.564454826634,2.142911906348));
#4138 = CARTESIAN_POINT('',(0.402039024365,2.030572226465));
#4139 = CARTESIAN_POINT('',(0.320296834654,1.971665983239));
#4140 = CARTESIAN_POINT('',(0.239500954442,1.911661502033));
#4141 = CARTESIAN_POINT('',(0.159373159169,1.850909631991));
#4142 = CARTESIAN_POINT('',(7.963917889159E-02,1.789728492402));
#4143 = CARTESIAN_POINT('',(1.679012484601E-09,1.728418933262));
#4144 = ( GEOMETRIC_REPRESENTATION_CONTEXT(2) 
PARAMETRIC_REPRESENTATION_CONTEXT() REPRESENTATION_CONTEXT('2D SPACE',''
  ) );
#4145 = ORIENTED_EDGE('',*,*,#1531,.F.);
#4146 = ORIENTED_EDGE('',*,*,#4058,.F.);
#4147 = ORIENTED_EDGE('',*,*,#4148,.T.);
#4148 = EDGE_CURVE('',#4008,#4149,#4151,.T.);
#4149 = VERTEX_POINT('',#4150);
#4150 = CARTESIAN_POINT('',(34.8,19.65644358301,73.));
#4151 = SURFACE_CURVE('',#4152,(#4157,#4164),.PCURVE_S1.);
#4152 = CIRCLE('',#4153,18.);
#4153 = AXIS2_PLACEMENT_3D('',#4154,#4155,#4156);
#4154 = CARTESIAN_POINT('',(34.8,2.,76.5));
#4155 = DIRECTION('',(-1.,0.,-0.));
#4156 = DIRECTION('',(-0.,1.,0.));
#4157 = PCURVE('',#1552,#4158);
#4158 = DEFINITIONAL_REPRESENTATION('',(#4159),#4163);
#4159 = LINE('',#4160,#4161);
#4160 = CARTESIAN_POINT('',(0.,0.));
#4161 = VECTOR('',#4162,1.);
#4162 = DIRECTION('',(1.,0.));
#4163 = ( GEOMETRIC_REPRESENTATION_CONTEXT(2) 
PARAMETRIC_REPRESENTATION_CONTEXT() REPRESENTATION_CONTEXT('2D SPACE',''
  ) );
#4164 = PCURVE('',#4165,#4170);
#4165 = CYLINDRICAL_SURFACE('',#4166,18.);
#4166 = AXIS2_PLACEMENT_3D('',#4167,#4168,#4169);
#4167 = CARTESIAN_POINT('',(34.,2.,76.5));
#4168 = DIRECTION('',(-1.,0.,0.));
#4169 = DIRECTION('',(0.,-1.,0.));
#4170 = DEFINITIONAL_REPRESENTATION('',(#4171),#4175);
#4171 = LINE('',#4172,#4173);
#4172 = CARTESIAN_POINT('',(3.14159265359,-0.8));
#4173 = VECTOR('',#4174,1.);
#4174 = DIRECTION('',(1.,0.));
#4175 = ( GEOMETRIC_REPRESENTATION_CONTEXT(2) 
PARAMETRIC_REPRESENTATION_CONTEXT() REPRESENTATION_CONTEXT('2D SPACE',''
  ) );
#4176 = ORIENTED_EDGE('',*,*,#4177,.T.);
#4177 = EDGE_CURVE('',#4149,#4082,#4178,.T.);
#4178 = SURFACE_CURVE('',#4179,(#4198,#4220),.PCURVE_S1.);
#4179 = B_SPLINE_CURVE_WITH_KNOTS('',5,(#4180,#4181,#4182,#4183,#4184,
    #4185,#4186,#4187,#4188,#4189,#4190,#4191,#4192,#4193,#4194,#4195,
    #4196,#4197),.UNSPECIFIED.,.F.,.F.,(6,4,4,4,6),(0.,0.261684415018,
    0.522323426863,0.760717982108,1.),.UNSPECIFIED.);
#4180 = CARTESIAN_POINT('',(34.8,19.65644358301,73.));
#4181 = CARTESIAN_POINT('',(34.733965555197,19.65644358301,73.));
#4182 = CARTESIAN_POINT('',(34.667928262277,19.649497480167,73.));
#4183 = CARTESIAN_POINT('',(34.602848339308,19.635605195095,73.));
#4184 = CARTESIAN_POINT('',(34.53966586098,19.614977003439,73.));
#4185 = CARTESIAN_POINT('',(34.419069006533,19.561161708146,73.));
#4186 = CARTESIAN_POINT('',(34.361627771687,19.528022947359,73.));
#4187 = CARTESIAN_POINT('',(34.307777829448,19.488996584219,73.));
#4188 = CARTESIAN_POINT('',(34.258267964692,19.444653139349,73.));
#4189 = CARTESIAN_POINT('',(34.172952231018,19.350913892562,73.));
#4190 = CARTESIAN_POINT('',(34.136335115571,19.302269809526,73.));
#4191 = CARTESIAN_POINT('',(34.104323255961,19.250297847473,73.));
#4192 = CARTESIAN_POINT('',(34.077273158189,19.195609989222,73.));
#4193 = CARTESIAN_POINT('',(34.033496343619,19.081908673795,73.));
#4194 = CARTESIAN_POINT('',(34.016807586779,19.022877660671,73.));
#4195 = CARTESIAN_POINT('',(34.005602012188,18.962437594539,73.));
#4196 = CARTESIAN_POINT('',(34.,18.901287007839,73.));
#4197 = CARTESIAN_POINT('',(34.,18.840130640823,73.));
#4198 = PCURVE('',#1552,#4199);
#4199 = DEFINITIONAL_REPRESENTATION('',(#4200),#4219);
#4200 = B_SPLINE_CURVE_WITH_KNOTS('',5,(#4201,#4202,#4203,#4204,#4205,
    #4206,#4207,#4208,#4209,#4210,#4211,#4212,#4213,#4214,#4215,#4216,
    #4217,#4218),.UNSPECIFIED.,.F.,.F.,(6,4,4,4,6),(0.,0.261684415018,
    0.522323426863,0.760717982108,1.),.UNSPECIFIED.);
#4201 = CARTESIAN_POINT('',(0.195691052865,0.));
#4202 = CARTESIAN_POINT('',(0.195691052865,8.254305600368E-02));
#4203 = CARTESIAN_POINT('',(0.195766089511,0.165089653173));
#4204 = CARTESIAN_POINT('',(0.195916153467,0.247611379963));
#4205 = CARTESIAN_POINT('',(0.196139576743,0.330104072235));
#4206 = CARTESIAN_POINT('',(0.196725274481,0.494655399103));
#4207 = CARTESIAN_POINT('',(0.197087013381,0.576721020084));
#4208 = CARTESIAN_POINT('',(0.197514911215,0.658720028451));
#4209 = CARTESIAN_POINT('',(0.198004154077,0.740656812154));
#4210 = CARTESIAN_POINT('',(0.199046163783,0.897400784244));
#4211 = CARTESIAN_POINT('',(0.199589972279,0.972223841269));
#4212 = CARTESIAN_POINT('',(0.200174953611,1.046987027428));
#4213 = CARTESIAN_POINT('',(0.200795330235,1.121701495847));
#4214 = CARTESIAN_POINT('',(0.202095875037,1.271319973314));
#4215 = CARTESIAN_POINT('',(0.202776282023,1.346226596476));
#4216 = CARTESIAN_POINT('',(0.203478844659,1.421097265756));
#4217 = CARTESIAN_POINT('',(0.204196004027,1.495950308622));
#4218 = CARTESIAN_POINT('',(0.204919527839,1.570796326795));
#4219 = ( GEOMETRIC_REPRESENTATION_CONTEXT(2) 
PARAMETRIC_REPRESENTATION_CONTEXT() REPRESENTATION_CONTEXT('2D SPACE',''
  ) );
#4220 = PCURVE('',#4221,#4226);
#4221 = PLANE('',#4222);
#4222 = AXIS2_PLACEMENT_3D('',#4223,#4224,#4225);
#4223 = CARTESIAN_POINT('',(34.,16.,73.));
#4224 = DIRECTION('',(0.,0.,1.));
#4225 = DIRECTION('',(1.,0.,-0.));
#4226 = DEFINITIONAL_REPRESENTATION('',(#4227),#4246);
#4227 = B_SPLINE_CURVE_WITH_KNOTS('',5,(#4228,#4229,#4230,#4231,#4232,
    #4233,#4234,#4235,#4236,#4237,#4238,#4239,#4240,#4241,#4242,#4243,
    #4244,#4245),.UNSPECIFIED.,.F.,.F.,(6,4,4,4,6),(0.,0.261684415018,
    0.522323426863,0.760717982108,1.),.UNSPECIFIED.);
#4228 = CARTESIAN_POINT('',(0.8,3.65644358301));
#4229 = CARTESIAN_POINT('',(0.733965555197,3.65644358301));
#4230 = CARTESIAN_POINT('',(0.667928262277,3.649497480167));
#4231 = CARTESIAN_POINT('',(0.602848339308,3.635605195095));
#4232 = CARTESIAN_POINT('',(0.53966586098,3.614977003439));
#4233 = CARTESIAN_POINT('',(0.419069006533,3.561161708146));
#4234 = CARTESIAN_POINT('',(0.361627771687,3.528022947359));
#4235 = CARTESIAN_POINT('',(0.307777829448,3.488996584219));
#4236 = CARTESIAN_POINT('',(0.258267964692,3.444653139349));
#4237 = CARTESIAN_POINT('',(0.172952231018,3.350913892562));
#4238 = CARTESIAN_POINT('',(0.136335115571,3.302269809526));
#4239 = CARTESIAN_POINT('',(0.104323255961,3.250297847473));
#4240 = CARTESIAN_POINT('',(7.727315818865E-02,3.195609989222));
#4241 = CARTESIAN_POINT('',(3.349634361853E-02,3.081908673795));
#4242 = CARTESIAN_POINT('',(1.680758677857E-02,3.022877660671));
#4243 = CARTESIAN_POINT('',(5.602012187715E-03,2.962437594539));
#4244 = CARTESIAN_POINT('',(3.666397463354E-18,2.901287007839));
#4245 = CARTESIAN_POINT('',(0.,2.840130640823));
#4246 = ( GEOMETRIC_REPRESENTATION_CONTEXT(2) 
PARAMETRIC_REPRESENTATION_CONTEXT() REPRESENTATION_CONTEXT('2D SPACE',''
  ) );
#4247 = ADVANCED_FACE('',(#4248),#1519,.T.);
#4248 = FACE_BOUND('',#4249,.T.);
#4249 = EDGE_LOOP('',(#4250,#4251,#4252,#4275));
#4250 = ORIENTED_EDGE('',*,*,#1503,.F.);
#4251 = ORIENTED_EDGE('',*,*,#4081,.F.);
#4252 = ORIENTED_EDGE('',*,*,#4253,.T.);
#4253 = EDGE_CURVE('',#4082,#4254,#4256,.T.);
#4254 = VERTEX_POINT('',#4255);
#4255 = CARTESIAN_POINT('',(34.5,23.,73.));
#4256 = SURFACE_CURVE('',#4257,(#4261,#4268),.PCURVE_S1.);
#4257 = LINE('',#4258,#4259);
#4258 = CARTESIAN_POINT('',(34.5,17.,73.));
#4259 = VECTOR('',#4260,1.);
#4260 = DIRECTION('',(-0.,1.,0.));
#4261 = PCURVE('',#1519,#4262);
#4262 = DEFINITIONAL_REPRESENTATION('',(#4263),#4267);
#4263 = LINE('',#4264,#4265);
#4264 = CARTESIAN_POINT('',(1.570796326795,0.));
#4265 = VECTOR('',#4266,1.);
#4266 = DIRECTION('',(0.,1.));
#4267 = ( GEOMETRIC_REPRESENTATION_CONTEXT(2) 
PARAMETRIC_REPRESENTATION_CONTEXT() REPRESENTATION_CONTEXT('2D SPACE',''
  ) );
#4268 = PCURVE('',#4221,#4269);
#4269 = DEFINITIONAL_REPRESENTATION('',(#4270),#4274);
#4270 = LINE('',#4271,#4272);
#4271 = CARTESIAN_POINT('',(0.5,1.));
#4272 = VECTOR('',#4273,1.);
#4273 = DIRECTION('',(0.,1.));
#4274 = ( GEOMETRIC_REPRESENTATION_CONTEXT(2) 
PARAMETRIC_REPRESENTATION_CONTEXT() REPRESENTATION_CONTEXT('2D SPACE',''
  ) );
#4275 = ORIENTED_EDGE('',*,*,#4276,.F.);
#4276 = EDGE_CURVE('',#1476,#4254,#4277,.T.);
#4277 = SURFACE_CURVE('',#4278,(#4283,#4289),.PCURVE_S1.);
#4278 = CIRCLE('',#4279,0.5);
#4279 = AXIS2_PLACEMENT_3D('',#4280,#4281,#4282);
#4280 = CARTESIAN_POINT('',(34.5,23.,72.5));
#4281 = DIRECTION('',(-0.,1.,0.));
#4282 = DIRECTION('',(-1.,-0.,0.));
#4283 = PCURVE('',#1519,#4284);
#4284 = DEFINITIONAL_REPRESENTATION('',(#4285),#4288);
#4285 = B_SPLINE_CURVE_WITH_KNOTS('',1,(#4286,#4287),.UNSPECIFIED.,.F.,
  .F.,(2,2),(0.,1.570796326795),.PIECEWISE_BEZIER_KNOTS.);
#4286 = CARTESIAN_POINT('',(0.,6.));
#4287 = CARTESIAN_POINT('',(1.570796326795,6.));
#4288 = ( GEOMETRIC_REPRESENTATION_CONTEXT(2) 
PARAMETRIC_REPRESENTATION_CONTEXT() REPRESENTATION_CONTEXT('2D SPACE',''
  ) );
#4289 = PCURVE('',#4290,#4295);
#4290 = TOROIDAL_SURFACE('',#4291,0.5,0.5);
#4291 = AXIS2_PLACEMENT_3D('',#4292,#4293,#4294);
#4292 = CARTESIAN_POINT('',(35.,23.,72.5));
#4293 = DIRECTION('',(0.,0.,1.));
#4294 = DIRECTION('',(-1.,0.,0.));
#4295 = DEFINITIONAL_REPRESENTATION('',(#4296),#4299);
#4296 = B_SPLINE_CURVE_WITH_KNOTS('',1,(#4297,#4298),.UNSPECIFIED.,.F.,
  .F.,(2,2),(0.,1.570796326795),.PIECEWISE_BEZIER_KNOTS.);
#4297 = CARTESIAN_POINT('',(0.,0.));
#4298 = CARTESIAN_POINT('',(0.,1.570796326795));
#4299 = ( GEOMETRIC_REPRESENTATION_CONTEXT(2) 
PARAMETRIC_REPRESENTATION_CONTEXT() REPRESENTATION_CONTEXT('2D SPACE',''
  ) );
#4300 = ADVANCED_FACE('',(#4301),#1491,.T.);
#4301 = FACE_BOUND('',#4302,.F.);
#4302 = EDGE_LOOP('',(#4303,#4304,#4333,#4361));
#4303 = ORIENTED_EDGE('',*,*,#1475,.F.);
#4304 = ORIENTED_EDGE('',*,*,#4305,.T.);
#4305 = EDGE_CURVE('',#1448,#4306,#4308,.T.);
#4306 = VERTEX_POINT('',#4307);
#4307 = CARTESIAN_POINT('',(35.,24.,68.5));
#4308 = SURFACE_CURVE('',#4309,(#4314,#4321),.PCURVE_S1.);
#4309 = CIRCLE('',#4310,1.);
#4310 = AXIS2_PLACEMENT_3D('',#4311,#4312,#4313);
#4311 = CARTESIAN_POINT('',(35.,23.,68.5));
#4312 = DIRECTION('',(-0.,0.,-1.));
#4313 = DIRECTION('',(-1.,0.,0.));
#4314 = PCURVE('',#1491,#4315);
#4315 = DEFINITIONAL_REPRESENTATION('',(#4316),#4320);
#4316 = LINE('',#4317,#4318);
#4317 = CARTESIAN_POINT('',(-0.,0.5));
#4318 = VECTOR('',#4319,1.);
#4319 = DIRECTION('',(-1.,0.));
#4320 = ( GEOMETRIC_REPRESENTATION_CONTEXT(2) 
PARAMETRIC_REPRESENTATION_CONTEXT() REPRESENTATION_CONTEXT('2D SPACE',''
  ) );
#4321 = PCURVE('',#4322,#4327);
#4322 = TOROIDAL_SURFACE('',#4323,0.5,0.5);
#4323 = AXIS2_PLACEMENT_3D('',#4324,#4325,#4326);
#4324 = CARTESIAN_POINT('',(35.,23.,68.5));
#4325 = DIRECTION('',(-0.,-0.,-1.));
#4326 = DIRECTION('',(-1.,0.,0.));
#4327 = DEFINITIONAL_REPRESENTATION('',(#4328),#4332);
#4328 = LINE('',#4329,#4330);
#4329 = CARTESIAN_POINT('',(0.,0.));
#4330 = VECTOR('',#4331,1.);
#4331 = DIRECTION('',(1.,0.));
#4332 = ( GEOMETRIC_REPRESENTATION_CONTEXT(2) 
PARAMETRIC_REPRESENTATION_CONTEXT() REPRESENTATION_CONTEXT('2D SPACE',''
  ) );
#4333 = ORIENTED_EDGE('',*,*,#4334,.T.);
#4334 = EDGE_CURVE('',#4306,#4335,#4337,.T.);
#4335 = VERTEX_POINT('',#4336);
#4336 = CARTESIAN_POINT('',(35.,24.,72.5));
#4337 = SURFACE_CURVE('',#4338,(#4342,#4349),.PCURVE_S1.);
#4338 = LINE('',#4339,#4340);
#4339 = CARTESIAN_POINT('',(35.,24.,68.));
#4340 = VECTOR('',#4341,1.);
#4341 = DIRECTION('',(0.,0.,1.));
#4342 = PCURVE('',#1491,#4343);
#4343 = DEFINITIONAL_REPRESENTATION('',(#4344),#4348);
#4344 = LINE('',#4345,#4346);
#4345 = CARTESIAN_POINT('',(-1.570796326795,0.));
#4346 = VECTOR('',#4347,1.);
#4347 = DIRECTION('',(-0.,1.));
#4348 = ( GEOMETRIC_REPRESENTATION_CONTEXT(2) 
PARAMETRIC_REPRESENTATION_CONTEXT() REPRESENTATION_CONTEXT('2D SPACE',''
  ) );
#4349 = PCURVE('',#4350,#4355);
#4350 = PLANE('',#4351);
#4351 = AXIS2_PLACEMENT_3D('',#4352,#4353,#4354);
#4352 = CARTESIAN_POINT('',(34.,24.,68.));
#4353 = DIRECTION('',(-0.,1.,0.));
#4354 = DIRECTION('',(0.,0.,1.));
#4355 = DEFINITIONAL_REPRESENTATION('',(#4356),#4360);
#4356 = LINE('',#4357,#4358);
#4357 = CARTESIAN_POINT('',(0.,1.));
#4358 = VECTOR('',#4359,1.);
#4359 = DIRECTION('',(1.,0.));
#4360 = ( GEOMETRIC_REPRESENTATION_CONTEXT(2) 
PARAMETRIC_REPRESENTATION_CONTEXT() REPRESENTATION_CONTEXT('2D SPACE',''
  ) );
#4361 = ORIENTED_EDGE('',*,*,#4362,.F.);
#4362 = EDGE_CURVE('',#1476,#4335,#4363,.T.);
#4363 = SURFACE_CURVE('',#4364,(#4369,#4376),.PCURVE_S1.);
#4364 = CIRCLE('',#4365,1.);
#4365 = AXIS2_PLACEMENT_3D('',#4366,#4367,#4368);
#4366 = CARTESIAN_POINT('',(35.,23.,72.5));
#4367 = DIRECTION('',(-0.,0.,-1.));
#4368 = DIRECTION('',(-1.,0.,0.));
#4369 = PCURVE('',#1491,#4370);
#4370 = DEFINITIONAL_REPRESENTATION('',(#4371),#4375);
#4371 = LINE('',#4372,#4373);
#4372 = CARTESIAN_POINT('',(-0.,4.5));
#4373 = VECTOR('',#4374,1.);
#4374 = DIRECTION('',(-1.,0.));
#4375 = ( GEOMETRIC_REPRESENTATION_CONTEXT(2) 
PARAMETRIC_REPRESENTATION_CONTEXT() REPRESENTATION_CONTEXT('2D SPACE',''
  ) );
#4376 = PCURVE('',#4290,#4377);
#4377 = DEFINITIONAL_REPRESENTATION('',(#4378),#4382);
#4378 = LINE('',#4379,#4380);
#4379 = CARTESIAN_POINT('',(-0.,0.));
#4380 = VECTOR('',#4381,1.);
#4381 = DIRECTION('',(-1.,0.));
#4382 = ( GEOMETRIC_REPRESENTATION_CONTEXT(2) 
PARAMETRIC_REPRESENTATION_CONTEXT() REPRESENTATION_CONTEXT('2D SPACE',''
  ) );
#4383 = ADVANCED_FACE('',(#4384),#1463,.T.);
#4384 = FACE_BOUND('',#4385,.F.);
#4385 = EDGE_LOOP('',(#4386,#4387,#4479,#4507));
#4386 = ORIENTED_EDGE('',*,*,#1447,.F.);
#4387 = ORIENTED_EDGE('',*,*,#4388,.F.);
#4388 = EDGE_CURVE('',#4389,#1415,#4391,.T.);
#4389 = VERTEX_POINT('',#4390);
#4390 = CARTESIAN_POINT('',(34.5,17.80037097019,68.));
#4391 = SURFACE_CURVE('',#4392,(#4419,#4449),.PCURVE_S1.);
#4392 = B_SPLINE_CURVE_WITH_KNOTS('',7,(#4393,#4394,#4395,#4396,#4397,
    #4398,#4399,#4400,#4401,#4402,#4403,#4404,#4405,#4406,#4407,#4408,
    #4409,#4410,#4411,#4412,#4413,#4414,#4415,#4416,#4417,#4418),
  .UNSPECIFIED.,.F.,.F.,(8,6,6,6,8),(0.,1.705214215205E-02,
    0.503466070785,0.96036836495,1.),.UNSPECIFIED.);
#4393 = CARTESIAN_POINT('',(34.5,17.80037097019,68.));
#4394 = CARTESIAN_POINT('',(34.499488291038,17.800135921743,
    68.000000000039));
#4395 = CARTESIAN_POINT('',(34.497508033612,17.799226293597,
    68.00000003575));
#4396 = CARTESIAN_POINT('',(34.495218637143,17.79817094644,
    68.00001064441));
#4397 = CARTESIAN_POINT('',(34.493219392655,17.79724166023,
    68.000041296213));
#4398 = CARTESIAN_POINT('',(34.491620293831,17.796497844666,
    68.0000669876));
#4399 = CARTESIAN_POINT('',(34.490116328756,17.795797495675,
    68.000093454329));
#4400 = CARTESIAN_POINT('',(34.429328025109,17.767347983041,
    68.00154580222));
#4401 = CARTESIAN_POINT('',(34.371698879163,17.737386194727,
    68.010977619048));
#4402 = CARTESIAN_POINT('',(34.316431954148,17.704771632512,
    68.02795928915));
#4403 = CARTESIAN_POINT('',(34.264583347805,17.669555848078,
    68.051799118336));
#4404 = CARTESIAN_POINT('',(34.216995221277,17.631932145014,
    68.081688276808));
#4405 = CARTESIAN_POINT('',(34.174309198794,17.592175303248,
    68.11676558184));
#4406 = CARTESIAN_POINT('',(34.101956880352,17.511562187435,
    68.193147434051));
#4407 = CARTESIAN_POINT('',(34.071653340511,17.47091414749,
    68.233949653542));
#4408 = CARTESIAN_POINT('',(34.046475481861,17.428918229873,
    68.277841999213));
#4409 = CARTESIAN_POINT('',(34.026684334668,17.385860408102,
    68.324103918711));
#4410 = CARTESIAN_POINT('',(34.012443856869,17.342038880355,
    68.372027370797));
#4411 = CARTESIAN_POINT('',(34.003840332534,17.297753240727,
    68.420921687636));
#4412 = CARTESIAN_POINT('',(34.000638912601,17.249446280259,
    68.474372463268));
#4413 = CARTESIAN_POINT('',(34.000425953821,17.245589339459,
    68.478640886401));
#4414 = CARTESIAN_POINT('',(34.00025557578,17.241731369288,
    68.482911039542));
#4415 = CARTESIAN_POINT('',(34.000127787804,17.237872571556,
    68.487182478972));
#4416 = CARTESIAN_POINT('',(34.000042595384,17.234013134338,
    68.491454752805));
#4417 = CARTESIAN_POINT('',(34.000000000175,17.230153231973,
    68.495727400993));
#4418 = CARTESIAN_POINT('',(34.,17.226293025065,68.499999955321));
#4419 = PCURVE('',#1463,#4420);
#4420 = DEFINITIONAL_REPRESENTATION('',(#4421),#4448);
#4421 = B_SPLINE_CURVE_WITH_KNOTS('',7,(#4422,#4423,#4424,#4425,#4426,
    #4427,#4428,#4429,#4430,#4431,#4432,#4433,#4434,#4435,#4436,#4437,
    #4438,#4439,#4440,#4441,#4442,#4443,#4444,#4445,#4446,#4447),
  .UNSPECIFIED.,.F.,.F.,(8,6,6,6,8),(0.,1.705214215205E-02,
    0.503466070785,0.96036836495,1.),.UNSPECIFIED.);
#4422 = CARTESIAN_POINT('',(-1.570796326795,0.80037097019));
#4423 = CARTESIAN_POINT('',(-1.569772908871,0.800135921743));
#4424 = CARTESIAN_POINT('',(-1.565812382435,0.799226293597));
#4425 = CARTESIAN_POINT('',(-1.561233656361,0.79817094644));
#4426 = CARTESIAN_POINT('',(-1.557234912812,0.79724166023));
#4427 = CARTESIAN_POINT('',(-1.554036206338,0.796497844666));
#4428 = CARTESIAN_POINT('',(-1.551027887745,0.795797495675));
#4429 = CARTESIAN_POINT('',(-1.429416586055,0.767347983041));
#4430 = CARTESIAN_POINT('',(-1.313741126313,0.737386194727));
#4431 = CARTESIAN_POINT('',(-1.19977658686,0.704771632512));
#4432 = CARTESIAN_POINT('',(-1.087394432179,0.669555848078));
#4433 = CARTESIAN_POINT('',(-0.976455418799,0.631932145014));
#4434 = CARTESIAN_POINT('',(-0.86681361249,0.592175303248));
#4435 = CARTESIAN_POINT('',(-0.656394551272,0.511562187435));
#4436 = CARTESIAN_POINT('',(-0.555470728456,0.47091414749));
#4437 = CARTESIAN_POINT('',(-0.455380178409,0.428918229873));
#4438 = CARTESIAN_POINT('',(-0.355952660932,0.385860408102));
#4439 = CARTESIAN_POINT('',(-0.25701094153,0.342038880355));
#4440 = CARTESIAN_POINT('',(-0.158368586706,0.297753240727));
#4441 = CARTESIAN_POINT('',(-5.127545891092E-02,0.249446280259));
#4442 = CARTESIAN_POINT('',(-4.272841943292E-02,0.245589339459));
#4443 = CARTESIAN_POINT('',(-3.418199766044E-02,0.241731369288));
#4444 = CARTESIAN_POINT('',(-2.563606124311E-02,0.237872571556));
#4445 = CARTESIAN_POINT('',(-1.709049441317E-02,0.234013134338));
#4446 = CARTESIAN_POINT('',(-8.545197985395E-03,0.230153231973));
#4447 = CARTESIAN_POINT('',(-8.935717232816E-08,0.226293025065));
#4448 = ( GEOMETRIC_REPRESENTATION_CONTEXT(2) 
PARAMETRIC_REPRESENTATION_CONTEXT() REPRESENTATION_CONTEXT('2D SPACE',''
  ) );
#4449 = PCURVE('',#1435,#4450);
#4450 = DEFINITIONAL_REPRESENTATION('',(#4451),#4478);
#4451 = B_SPLINE_CURVE_WITH_KNOTS('',7,(#4452,#4453,#4454,#4455,#4456,
    #4457,#4458,#4459,#4460,#4461,#4462,#4463,#4464,#4465,#4466,#4467,
    #4468,#4469,#4470,#4471,#4472,#4473,#4474,#4475,#4476,#4477),
  .UNSPECIFIED.,.F.,.F.,(8,6,6,6,8),(0.,1.705214215205E-02,
    0.503466070785,0.96036836495,1.),.UNSPECIFIED.);
#4452 = CARTESIAN_POINT('',(0.493554061205,0.384396876405));
#4453 = CARTESIAN_POINT('',(0.493560267792,0.385086864657));
#4454 = CARTESIAN_POINT('',(0.493584355504,0.387756407002));
#4455 = CARTESIAN_POINT('',(0.49361155797,0.39084866805));
#4456 = CARTESIAN_POINT('',(0.493634750545,0.393554433907));
#4457 = CARTESIAN_POINT('',(0.493653054725,0.395721109742));
#4458 = CARTESIAN_POINT('',(0.493670275455,0.397758784199));
#4459 = CARTESIAN_POINT('',(0.494350600718,0.480275773467));
#4460 = CARTESIAN_POINT('',(0.494681255061,0.561643767225));
#4461 = CARTESIAN_POINT('',(0.49471250647,0.644007775061));
#4462 = CARTESIAN_POINT('',(0.494474779196,0.726948259378));
#4463 = CARTESIAN_POINT('',(0.493999825935,0.810187299847));
#4464 = CARTESIAN_POINT('',(0.493319732765,0.893534504884));
#4465 = CARTESIAN_POINT('',(0.491665614549,1.055144487116));
#4466 = CARTESIAN_POINT('',(0.490711822026,1.133418278973));
#4467 = CARTESIAN_POINT('',(0.489631853029,1.211611648039));
#4468 = CARTESIAN_POINT('',(0.488451906808,1.289699920142));
#4469 = CARTESIAN_POINT('',(0.487197950412,1.367690462761));
#4470 = CARTESIAN_POINT('',(0.485895958551,1.445610685016));
#4471 = CARTESIAN_POINT('',(0.484457587463,1.530261028415));
#4472 = CARTESIAN_POINT('',(0.48434262019,1.53701731709));
#4473 = CARTESIAN_POINT('',(0.484227507755,1.543773404677));
#4474 = CARTESIAN_POINT('',(0.48411226727,1.550529312229));
#4475 = CARTESIAN_POINT('',(0.483996916695,1.557285071572));
#4476 = CARTESIAN_POINT('',(0.483881474839,1.564040725304));
#4477 = CARTESIAN_POINT('',(0.483765961355,1.570796326795));
#4478 = ( GEOMETRIC_REPRESENTATION_CONTEXT(2) 
PARAMETRIC_REPRESENTATION_CONTEXT() REPRESENTATION_CONTEXT('2D SPACE',''
  ) );
#4479 = ORIENTED_EDGE('',*,*,#4480,.T.);
#4480 = EDGE_CURVE('',#4389,#4481,#4483,.T.);
#4481 = VERTEX_POINT('',#4482);
#4482 = CARTESIAN_POINT('',(34.5,23.,68.));
#4483 = SURFACE_CURVE('',#4484,(#4488,#4495),.PCURVE_S1.);
#4484 = LINE('',#4485,#4486);
#4485 = CARTESIAN_POINT('',(34.5,17.,68.));
#4486 = VECTOR('',#4487,1.);
#4487 = DIRECTION('',(-0.,1.,0.));
#4488 = PCURVE('',#1463,#4489);
#4489 = DEFINITIONAL_REPRESENTATION('',(#4490),#4494);
#4490 = LINE('',#4491,#4492);
#4491 = CARTESIAN_POINT('',(-1.570796326795,0.));
#4492 = VECTOR('',#4493,1.);
#4493 = DIRECTION('',(-0.,1.));
#4494 = ( GEOMETRIC_REPRESENTATION_CONTEXT(2) 
PARAMETRIC_REPRESENTATION_CONTEXT() REPRESENTATION_CONTEXT('2D SPACE',''
  ) );
#4495 = PCURVE('',#4496,#4501);
#4496 = PLANE('',#4497);
#4497 = AXIS2_PLACEMENT_3D('',#4498,#4499,#4500);
#4498 = CARTESIAN_POINT('',(34.,16.,68.));
#4499 = DIRECTION('',(0.,0.,1.));
#4500 = DIRECTION('',(1.,0.,-0.));
#4501 = DEFINITIONAL_REPRESENTATION('',(#4502),#4506);
#4502 = LINE('',#4503,#4504);
#4503 = CARTESIAN_POINT('',(0.5,1.));
#4504 = VECTOR('',#4505,1.);
#4505 = DIRECTION('',(0.,1.));
#4506 = ( GEOMETRIC_REPRESENTATION_CONTEXT(2) 
PARAMETRIC_REPRESENTATION_CONTEXT() REPRESENTATION_CONTEXT('2D SPACE',''
  ) );
#4507 = ORIENTED_EDGE('',*,*,#4508,.F.);
#4508 = EDGE_CURVE('',#1448,#4481,#4509,.T.);
#4509 = SURFACE_CURVE('',#4510,(#4515,#4521),.PCURVE_S1.);
#4510 = CIRCLE('',#4511,0.5);
#4511 = AXIS2_PLACEMENT_3D('',#4512,#4513,#4514);
#4512 = CARTESIAN_POINT('',(34.5,23.,68.5));
#4513 = DIRECTION('',(0.,-1.,-0.));
#4514 = DIRECTION('',(-1.,-0.,0.));
#4515 = PCURVE('',#1463,#4516);
#4516 = DEFINITIONAL_REPRESENTATION('',(#4517),#4520);
#4517 = B_SPLINE_CURVE_WITH_KNOTS('',1,(#4518,#4519),.UNSPECIFIED.,.F.,
  .F.,(2,2),(0.,1.570796326795),.PIECEWISE_BEZIER_KNOTS.);
#4518 = CARTESIAN_POINT('',(0.,6.));
#4519 = CARTESIAN_POINT('',(-1.570796326795,6.));
#4520 = ( GEOMETRIC_REPRESENTATION_CONTEXT(2) 
PARAMETRIC_REPRESENTATION_CONTEXT() REPRESENTATION_CONTEXT('2D SPACE',''
  ) );
#4521 = PCURVE('',#4322,#4522);
#4522 = DEFINITIONAL_REPRESENTATION('',(#4523),#4526);
#4523 = B_SPLINE_CURVE_WITH_KNOTS('',1,(#4524,#4525),.UNSPECIFIED.,.F.,
  .F.,(2,2),(0.,1.570796326795),.PIECEWISE_BEZIER_KNOTS.);
#4524 = CARTESIAN_POINT('',(0.,0.));
#4525 = CARTESIAN_POINT('',(0.,1.570796326795));
#4526 = ( GEOMETRIC_REPRESENTATION_CONTEXT(2) 
PARAMETRIC_REPRESENTATION_CONTEXT() REPRESENTATION_CONTEXT('2D SPACE',''
  ) );
#4527 = ADVANCED_FACE('',(#4528),#1435,.T.);
#4528 = FACE_BOUND('',#4529,.T.);
#4529 = EDGE_LOOP('',(#4530,#4598,#4622,#4730,#4731,#4732));
#4530 = ORIENTED_EDGE('',*,*,#4531,.F.);
#4531 = EDGE_CURVE('',#4532,#4389,#4534,.T.);
#4532 = VERTEX_POINT('',#4533);
#4533 = CARTESIAN_POINT('',(34.8,17.866631652622,68.));
#4534 = SURFACE_CURVE('',#4535,(#4554,#4576),.PCURVE_S1.);
#4535 = B_SPLINE_CURVE_WITH_KNOTS('',5,(#4536,#4537,#4538,#4539,#4540,
    #4541,#4542,#4543,#4544,#4545,#4546,#4547,#4548,#4549,#4550,#4551,
    #4552,#4553),.UNSPECIFIED.,.F.,.F.,(6,4,4,4,6),(0.,0.248071773946,
    0.499350637011,0.747995255914,1.),.UNSPECIFIED.);
#4536 = CARTESIAN_POINT('',(34.8,17.866631652622,68.));
#4537 = CARTESIAN_POINT('',(34.735818510004,17.866631652622,68.));
#4538 = CARTESIAN_POINT('',(34.671631071863,17.859329653888,68.));
#4539 = CARTESIAN_POINT('',(34.608413940611,17.844724561573,68.));
#4540 = CARTESIAN_POINT('',(34.547095108409,17.823101132545,68.));
#4541 = CARTESIAN_POINT('',(34.429110196195,17.766456911013,68.));
#4542 = CARTESIAN_POINT('',(34.372506121846,17.731262385294,68.));
#4543 = CARTESIAN_POINT('',(34.319500997726,17.689894101957,68.));
#4544 = CARTESIAN_POINT('',(34.270739482144,17.64305470089,68.));
#4545 = CARTESIAN_POINT('',(34.183112239597,17.540507140704,68.));
#4546 = CARTESIAN_POINT('',(34.14414583111,17.484894377896,68.));
#4547 = CARTESIAN_POINT('',(34.110249290025,17.425410194725,68.));
#4548 = CARTESIAN_POINT('',(34.081706503945,17.362833761549,68.));
#4549 = CARTESIAN_POINT('',(34.035357643338,17.23214264111,68.));
#4550 = CARTESIAN_POINT('',(34.017702121778,17.163965271738,68.));
#4551 = CARTESIAN_POINT('',(34.005895703399,17.094185079124,68.));
#4552 = CARTESIAN_POINT('',(34.,17.023583579445,68.));
#4553 = CARTESIAN_POINT('',(34.,16.952926135041,68.));
#4554 = PCURVE('',#1435,#4555);
#4555 = DEFINITIONAL_REPRESENTATION('',(#4556),#4575);
#4556 = B_SPLINE_CURVE_WITH_KNOTS('',5,(#4557,#4558,#4559,#4560,#4561,
    #4562,#4563,#4564,#4565,#4566,#4567,#4568,#4569,#4570,#4571,#4572,
    #4573,#4574),.UNSPECIFIED.,.F.,.F.,(6,4,4,4,6),(0.,0.248071773946,
    0.499350637011,0.747995255914,1.),.UNSPECIFIED.);
#4557 = CARTESIAN_POINT('',(0.491810094565,0.));
#4558 = CARTESIAN_POINT('',(0.491810094565,8.022686249561E-02));
#4559 = CARTESIAN_POINT('',(0.492001663878,0.16046092706));
#4560 = CARTESIAN_POINT('',(0.49238480179,0.240559236302));
#4561 = CARTESIAN_POINT('',(0.492953512298,0.320432471982));
#4562 = CARTESIAN_POINT('',(0.494450030186,0.480551910175));
#4563 = CARTESIAN_POINT('',(0.495382490186,0.560800818899));
#4564 = CARTESIAN_POINT('',(0.496483182257,0.640632719988));
#4565 = CARTESIAN_POINT('',(0.497736867699,0.720022007038));
#4566 = CARTESIAN_POINT('',(0.500500994888,0.877070827533));
#4567 = CARTESIAN_POINT('',(0.502008679103,0.954744103156));
#4568 = CARTESIAN_POINT('',(0.503632625157,1.031985202405));
#4569 = CARTESIAN_POINT('',(0.505354692225,1.108839959037));
#4570 = CARTESIAN_POINT('',(0.508981723008,1.262946302939));
#4571 = CARTESIAN_POINT('',(0.510888823976,1.340188573127));
#4572 = CARTESIAN_POINT('',(0.512857817882,1.41717999117));
#4573 = CARTESIAN_POINT('',(0.514868198806,1.494013220178));
#4574 = CARTESIAN_POINT('',(0.516898310615,1.570796326795));
#4575 = ( GEOMETRIC_REPRESENTATION_CONTEXT(2) 
PARAMETRIC_REPRESENTATION_CONTEXT() REPRESENTATION_CONTEXT('2D SPACE',''
  ) );
#4576 = PCURVE('',#4496,#4577);
#4577 = DEFINITIONAL_REPRESENTATION('',(#4578),#4597);
#4578 = B_SPLINE_CURVE_WITH_KNOTS('',5,(#4579,#4580,#4581,#4582,#4583,
    #4584,#4585,#4586,#4587,#4588,#4589,#4590,#4591,#4592,#4593,#4594,
    #4595,#4596),.UNSPECIFIED.,.F.,.F.,(6,4,4,4,6),(0.,0.248071773946,
    0.499350637011,0.747995255914,1.),.UNSPECIFIED.);
#4579 = CARTESIAN_POINT('',(0.8,1.866631652622));
#4580 = CARTESIAN_POINT('',(0.735818510004,1.866631652622));
#4581 = CARTESIAN_POINT('',(0.671631071863,1.859329653888));
#4582 = CARTESIAN_POINT('',(0.608413940611,1.844724561573));
#4583 = CARTESIAN_POINT('',(0.547095108409,1.823101132545));
#4584 = CARTESIAN_POINT('',(0.429110196195,1.766456911013));
#4585 = CARTESIAN_POINT('',(0.372506121846,1.731262385294));
#4586 = CARTESIAN_POINT('',(0.319500997726,1.689894101957));
#4587 = CARTESIAN_POINT('',(0.270739482144,1.64305470089));
#4588 = CARTESIAN_POINT('',(0.183112239597,1.540507140704));
#4589 = CARTESIAN_POINT('',(0.14414583111,1.484894377896));
#4590 = CARTESIAN_POINT('',(0.110249290025,1.425410194725));
#4591 = CARTESIAN_POINT('',(8.170650394489E-02,1.362833761549));
#4592 = CARTESIAN_POINT('',(3.535764333783E-02,1.23214264111));
#4593 = CARTESIAN_POINT('',(1.770212177783E-02,1.163965271738));
#4594 = CARTESIAN_POINT('',(5.895703398639E-03,1.094185079124));
#4595 = CARTESIAN_POINT('',(3.761287429899E-18,1.023583579445));
#4596 = CARTESIAN_POINT('',(0.,0.952926135041));
#4597 = ( GEOMETRIC_REPRESENTATION_CONTEXT(2) 
PARAMETRIC_REPRESENTATION_CONTEXT() REPRESENTATION_CONTEXT('2D SPACE',''
  ) );
#4598 = ORIENTED_EDGE('',*,*,#4599,.T.);
#4599 = EDGE_CURVE('',#4532,#4600,#4602,.T.);
#4600 = VERTEX_POINT('',#4601);
#4601 = CARTESIAN_POINT('',(34.8,16.832856927782,66.302629978276));
#4602 = SURFACE_CURVE('',#4603,(#4608,#4615),.PCURVE_S1.);
#4603 = CIRCLE('',#4604,18.);
#4604 = AXIS2_PLACEMENT_3D('',#4605,#4606,#4607);
#4605 = CARTESIAN_POINT('',(34.8,2.,76.5));
#4606 = DIRECTION('',(-1.,0.,-0.));
#4607 = DIRECTION('',(-0.,1.,0.));
#4608 = PCURVE('',#1435,#4609);
#4609 = DEFINITIONAL_REPRESENTATION('',(#4610),#4614);
#4610 = LINE('',#4611,#4612);
#4611 = CARTESIAN_POINT('',(0.,0.));
#4612 = VECTOR('',#4613,1.);
#4613 = DIRECTION('',(1.,0.));
#4614 = ( GEOMETRIC_REPRESENTATION_CONTEXT(2) 
PARAMETRIC_REPRESENTATION_CONTEXT() REPRESENTATION_CONTEXT('2D SPACE',''
  ) );
#4615 = PCURVE('',#2549,#4616);
#4616 = DEFINITIONAL_REPRESENTATION('',(#4617),#4621);
#4617 = LINE('',#4618,#4619);
#4618 = CARTESIAN_POINT('',(3.14159265359,-0.8));
#4619 = VECTOR('',#4620,1.);
#4620 = DIRECTION('',(1.,0.));
#4621 = ( GEOMETRIC_REPRESENTATION_CONTEXT(2) 
PARAMETRIC_REPRESENTATION_CONTEXT() REPRESENTATION_CONTEXT('2D SPACE',''
  ) );
#4622 = ORIENTED_EDGE('',*,*,#4623,.F.);
#4623 = EDGE_CURVE('',#2935,#4600,#4624,.T.);
#4624 = SURFACE_CURVE('',#4625,(#4658,#4694),.PCURVE_S1.);
#4625 = B_SPLINE_CURVE_WITH_KNOTS('',7,(#4626,#4627,#4628,#4629,#4630,
    #4631,#4632,#4633,#4634,#4635,#4636,#4637,#4638,#4639,#4640,#4641,
    #4642,#4643,#4644,#4645,#4646,#4647,#4648,#4649,#4650,#4651,#4652,
    #4653,#4654,#4655,#4656,#4657),.UNSPECIFIED.,.F.,.F.,(8,6,6,6,6,8),(
    0.,6.5957881656E-02,0.2347660143,0.494172145367,0.735021788242,1.),
  .UNSPECIFIED.);
#4626 = CARTESIAN_POINT('',(34.038861348459,15.622176245276,65.6));
#4627 = CARTESIAN_POINT('',(34.04069452618,15.636793724814,
    65.609201018594));
#4628 = CARTESIAN_POINT('',(34.042736526975,15.65167746039,
    65.617999177433));
#4629 = CARTESIAN_POINT('',(34.044958837071,15.666726081051,
    65.626492240452));
#4630 = CARTESIAN_POINT('',(34.047344137976,15.68187480124,
    65.634740232991));
#4631 = CARTESIAN_POINT('',(34.049880861636,15.697082614484,
    65.642786538235));
#4632 = CARTESIAN_POINT('',(34.052561099733,15.712325744288,
    65.650668668959));
#4633 = CARTESIAN_POINT('',(34.06260114795,15.76668247068,
    65.678253656131));
#4634 = CARTESIAN_POINT('',(34.070727275619,15.805881883967,
    65.697188715255));
#4635 = CARTESIAN_POINT('',(34.079676871506,15.844938363221,
    65.715698381722));
#4636 = CARTESIAN_POINT('',(34.089431247872,15.883753530453,
    65.733885313342));
#4637 = CARTESIAN_POINT('',(34.099965188579,15.922236357906,
    65.751873901334));
#4638 = CARTESIAN_POINT('',(34.111272294178,15.960341582866,
    65.769712799609));
#4639 = CARTESIAN_POINT('',(34.141912772285,16.055956036127,
    65.814718236798));
#4640 = CARTESIAN_POINT('',(34.162283570806,16.112861514717,
    65.841731216583));
#4641 = CARTESIAN_POINT('',(34.184435603672,16.16856460196,
    65.868635129309));
#4642 = CARTESIAN_POINT('',(34.208350458545,16.222900284926,
    65.895456000253));
#4643 = CARTESIAN_POINT('',(34.23400377625,16.275692432404,
    65.922203665078));
#4644 = CARTESIAN_POINT('',(34.261366266529,16.326758611566,
    65.948854442516));
#4645 = CARTESIAN_POINT('',(34.31735660527,16.421532120433,
    65.999984298068));
#4646 = CARTESIAN_POINT('',(34.345751664021,16.465500726758,
    66.024480351577));
#4647 = CARTESIAN_POINT('',(34.375554807349,16.507653943121,
    66.04882239467));
#4648 = CARTESIAN_POINT('',(34.406725218787,16.54781987804,
    66.072959143435));
#4649 = CARTESIAN_POINT('',(34.439208751303,16.585811818382,
    66.096821325176));
#4650 = CARTESIAN_POINT('',(34.472935155547,16.621430293022,
    66.12032153194));
#4651 = CARTESIAN_POINT('',(34.546189790799,16.690809445126,
    66.168694040278));
#4652 = CARTESIAN_POINT('',(34.585957482165,16.724023509112,
    66.193465671447));
#4653 = CARTESIAN_POINT('',(34.626998666799,16.753827877426,
    66.217527099571));
#4654 = CARTESIAN_POINT('',(34.669154253609,16.77991817509,
    66.240701638121));
#4655 = CARTESIAN_POINT('',(34.71221820708,16.801979219851,
    66.262776064087));
#4656 = CARTESIAN_POINT('',(34.755934701767,16.819709630634,
    66.283506226058));
#4657 = CARTESIAN_POINT('',(34.8,16.832856927782,66.302629978276));
#4658 = PCURVE('',#1435,#4659);
#4659 = DEFINITIONAL_REPRESENTATION('',(#4660),#4693);
#4660 = B_SPLINE_CURVE_WITH_KNOTS('',7,(#4661,#4662,#4663,#4664,#4665,
    #4666,#4667,#4668,#4669,#4670,#4671,#4672,#4673,#4674,#4675,#4676,
    #4677,#4678,#4679,#4680,#4681,#4682,#4683,#4684,#4685,#4686,#4687,
    #4688,#4689,#4690,#4691,#4692),.UNSPECIFIED.,.F.,.F.,(8,6,6,6,6,8),(
    0.,6.5957881656E-02,0.2347660143,0.494172145367,0.735021788242,1.),
  .UNSPECIFIED.);
#4661 = CARTESIAN_POINT('',(0.674842051218,1.257826209392));
#4662 = CARTESIAN_POINT('',(0.673906791577,1.250383605681));
#4663 = CARTESIAN_POINT('',(0.672980737062,1.242292925167));
#4664 = CARTESIAN_POINT('',(0.672063230998,1.233731828577));
#4665 = CARTESIAN_POINT('',(0.671153951943,1.224811277179));
#4666 = CARTESIAN_POINT('',(0.670252444149,1.215605107356));
#4667 = CARTESIAN_POINT('',(0.669357886001,1.206164967739));
#4668 = CARTESIAN_POINT('',(0.666194388685,1.171837526097));
#4669 = CARTESIAN_POINT('',(0.663961580624,1.145863911454));
#4670 = CARTESIAN_POINT('',(0.661758699969,1.119197740003));
#4671 = CARTESIAN_POINT('',(0.659584469674,1.091979581869));
#4672 = CARTESIAN_POINT('',(0.657436360985,1.06436123375));
#4673 = CARTESIAN_POINT('',(0.655313543763,1.036385550012));
#4674 = CARTESIAN_POINT('',(0.649989299449,0.964592032538));
#4675 = CARTESIAN_POINT('',(0.646822850007,0.920360194414));
#4676 = CARTESIAN_POINT('',(0.643714527327,0.875532588175));
#4677 = CARTESIAN_POINT('',(0.640667768273,0.830135270427));
#4678 = CARTESIAN_POINT('',(0.637686951175,0.784186940172));
#4679 = CARTESIAN_POINT('',(0.634777989973,0.737680115795));
#4680 = CARTESIAN_POINT('',(0.629320189027,0.646888546972));
#4681 = CARTESIAN_POINT('',(0.626760688909,0.60268642681));
#4682 = CARTESIAN_POINT('',(0.624274940025,0.557980940139));
#4683 = CARTESIAN_POINT('',(0.621869761081,0.51275863704));
#4684 = CARTESIAN_POINT('',(0.619553178146,0.467007137866));
#4685 = CARTESIAN_POINT('',(0.617334390034,0.420716533945));
#4686 = CARTESIAN_POINT('',(0.612901629566,0.322352988677));
#4687 = CARTESIAN_POINT('',(0.610710610641,0.270169801487));
#4688 = CARTESIAN_POINT('',(0.608664490906,0.217323886363));
#4689 = CARTESIAN_POINT('',(0.606779435074,0.163830282813));
#4690 = CARTESIAN_POINT('',(0.605073669897,0.109727187336));
#4691 = CARTESIAN_POINT('',(0.603566598106,5.508162279067E-02));
#4692 = CARTESIAN_POINT('',(0.602277314975,0.));
#4693 = ( GEOMETRIC_REPRESENTATION_CONTEXT(2) 
PARAMETRIC_REPRESENTATION_CONTEXT() REPRESENTATION_CONTEXT('2D SPACE',''
  ) );
#4694 = PCURVE('',#2522,#4695);
#4695 = DEFINITIONAL_REPRESENTATION('',(#4696),#4729);
#4696 = B_SPLINE_CURVE_WITH_KNOTS('',7,(#4697,#4698,#4699,#4700,#4701,
    #4702,#4703,#4704,#4705,#4706,#4707,#4708,#4709,#4710,#4711,#4712,
    #4713,#4714,#4715,#4716,#4717,#4718,#4719,#4720,#4721,#4722,#4723,
    #4724,#4725,#4726,#4727,#4728),.UNSPECIFIED.,.F.,.F.,(8,6,6,6,6,8),(
    0.,6.5957881656E-02,0.2347660143,0.494172145367,0.735021788242,1.),
  .UNSPECIFIED.);
#4697 = CARTESIAN_POINT('',(-0.124758636098,0.));
#4698 = CARTESIAN_POINT('',(-0.127705032192,1.150127324259E-02));
#4699 = CARTESIAN_POINT('',(-0.130709462779,2.249897664118E-02));
#4700 = CARTESIAN_POINT('',(-0.133751447907,3.311777082844E-02));
#4701 = CARTESIAN_POINT('',(-0.13681799553,4.343427465961E-02));
#4702 = CARTESIAN_POINT('',(-0.139900944608,5.350397570894E-02));
#4703 = CARTESIAN_POINT('',(-0.142995629877,6.337495814142E-02));
#4704 = CARTESIAN_POINT('',(-0.154048205072,9.794849556185E-02));
#4705 = CARTESIAN_POINT('',(-0.1620499725,0.12173348199));
#4706 = CARTESIAN_POINT('',(-0.17005711686,0.145054887841));
#4707 = CARTESIAN_POINT('',(-0.178053398205,0.168057226756));
#4708 = CARTESIAN_POINT('',(-0.186023892608,0.190914015121));
#4709 = CARTESIAN_POINT('',(-0.193963184511,0.213704887893));
#4710 = CARTESIAN_POINT('',(-0.214015765464,0.271572727923));
#4711 = CARTESIAN_POINT('',(-0.226073585055,0.306651484114));
#4712 = CARTESIAN_POINT('',(-0.238017820615,0.342006786866));
#4713 = CARTESIAN_POINT('',(-0.249829113564,0.377757548693));
#4714 = CARTESIAN_POINT('',(-0.261485766042,0.414015476054));
#4715 = CARTESIAN_POINT('',(-0.272964440302,0.45086631771));
#4716 = CARTESIAN_POINT('',(-0.294705518977,0.523240083217));
#4717 = CARTESIAN_POINT('',(-0.304995338801,0.558666598323));
#4718 = CARTESIAN_POINT('',(-0.315086329842,0.594742134298));
#4719 = CARTESIAN_POINT('',(-0.324953071633,0.631526372851));
#4720 = CARTESIAN_POINT('',(-0.334565593883,0.66907373568));
#4721 = CARTESIAN_POINT('',(-0.343888906063,0.707435514983));
#4722 = CARTESIAN_POINT('',(-0.362777138249,0.789818243648));
#4723 = CARTESIAN_POINT('',(-0.372271844766,0.834017140044));
#4724 = CARTESIAN_POINT('',(-0.381312500641,0.879324059427));
#4725 = CARTESIAN_POINT('',(-0.389834114617,0.925786399011));
#4726 = CARTESIAN_POINT('',(-0.397760544474,0.973434124385));
#4727 = CARTESIAN_POINT('',(-0.405006545277,1.022272732354));
#4728 = CARTESIAN_POINT('',(-0.411482171482,1.072268639186));
#4729 = ( GEOMETRIC_REPRESENTATION_CONTEXT(2) 
PARAMETRIC_REPRESENTATION_CONTEXT() REPRESENTATION_CONTEXT('2D SPACE',''
  ) );
#4730 = ORIENTED_EDGE('',*,*,#2958,.T.);
#4731 = ORIENTED_EDGE('',*,*,#1414,.F.);
#4732 = ORIENTED_EDGE('',*,*,#4388,.F.);
#4733 = ADVANCED_FACE('',(#4734),#1693,.F.);
#4734 = FACE_BOUND('',#4735,.F.);
#4735 = EDGE_LOOP('',(#4736,#4737,#4760,#4787));
#4736 = ORIENTED_EDGE('',*,*,#1676,.T.);
#4737 = ORIENTED_EDGE('',*,*,#4738,.F.);
#4738 = EDGE_CURVE('',#4739,#1677,#4741,.T.);
#4739 = VERTEX_POINT('',#4740);
#4740 = CARTESIAN_POINT('',(43.7,10.,72.6));
#4741 = SEAM_CURVE('',#4742,(#4746,#4753),.PCURVE_S1.);
#4742 = LINE('',#4743,#4744);
#4743 = CARTESIAN_POINT('',(43.7,10.,72.6));
#4744 = VECTOR('',#4745,1.);
#4745 = DIRECTION('',(-1.,0.,0.));
#4746 = PCURVE('',#1693,#4747);
#4747 = DEFINITIONAL_REPRESENTATION('',(#4748),#4752);
#4748 = LINE('',#4749,#4750);
#4749 = CARTESIAN_POINT('',(6.28318530718,10.7));
#4750 = VECTOR('',#4751,1.);
#4751 = DIRECTION('',(-0.,-1.));
#4752 = ( GEOMETRIC_REPRESENTATION_CONTEXT(2) 
PARAMETRIC_REPRESENTATION_CONTEXT() REPRESENTATION_CONTEXT('2D SPACE',''
  ) );
#4753 = PCURVE('',#1693,#4754);
#4754 = DEFINITIONAL_REPRESENTATION('',(#4755),#4759);
#4755 = LINE('',#4756,#4757);
#4756 = CARTESIAN_POINT('',(0.,10.7));
#4757 = VECTOR('',#4758,1.);
#4758 = DIRECTION('',(-0.,-1.));
#4759 = ( GEOMETRIC_REPRESENTATION_CONTEXT(2) 
PARAMETRIC_REPRESENTATION_CONTEXT() REPRESENTATION_CONTEXT('2D SPACE',''
  ) );
#4760 = ORIENTED_EDGE('',*,*,#4761,.F.);
#4761 = EDGE_CURVE('',#4739,#4739,#4762,.T.);
#4762 = SURFACE_CURVE('',#4763,(#4768,#4775),.PCURVE_S1.);
#4763 = CIRCLE('',#4764,0.9);
#4764 = AXIS2_PLACEMENT_3D('',#4765,#4766,#4767);
#4765 = CARTESIAN_POINT('',(43.7,10.,73.5));
#4766 = DIRECTION('',(1.,0.,2.22044604925E-16));
#4767 = DIRECTION('',(2.22044604925E-16,0.,-1.));
#4768 = PCURVE('',#1693,#4769);
#4769 = DEFINITIONAL_REPRESENTATION('',(#4770),#4774);
#4770 = LINE('',#4771,#4772);
#4771 = CARTESIAN_POINT('',(0.,10.7));
#4772 = VECTOR('',#4773,1.);
#4773 = DIRECTION('',(1.,0.));
#4774 = ( GEOMETRIC_REPRESENTATION_CONTEXT(2) 
PARAMETRIC_REPRESENTATION_CONTEXT() REPRESENTATION_CONTEXT('2D SPACE',''
  ) );
#4775 = PCURVE('',#4776,#4781);
#4776 = PLANE('',#4777);
#4777 = AXIS2_PLACEMENT_3D('',#4778,#4779,#4780);
#4778 = CARTESIAN_POINT('',(43.7,10.,73.5));
#4779 = DIRECTION('',(1.,0.,2.22044604925E-16));
#4780 = DIRECTION('',(2.22044604925E-16,0.,-1.));
#4781 = DEFINITIONAL_REPRESENTATION('',(#4782),#4786);
#4782 = CIRCLE('',#4783,0.9);
#4783 = AXIS2_PLACEMENT_2D('',#4784,#4785);
#4784 = CARTESIAN_POINT('',(0.,0.));
#4785 = DIRECTION('',(1.,0.));
#4786 = ( GEOMETRIC_REPRESENTATION_CONTEXT(2) 
PARAMETRIC_REPRESENTATION_CONTEXT() REPRESENTATION_CONTEXT('2D SPACE',''
  ) );
#4787 = ORIENTED_EDGE('',*,*,#4738,.T.);
#4788 = ADVANCED_FACE('',(#4789),#1724,.F.);
#4789 = FACE_BOUND('',#4790,.F.);
#4790 = EDGE_LOOP('',(#4791,#4814,#4841,#4842));
#4791 = ORIENTED_EDGE('',*,*,#4792,.T.);
#4792 = EDGE_CURVE('',#1708,#4793,#4795,.T.);
#4793 = VERTEX_POINT('',#4794);
#4794 = CARTESIAN_POINT('',(41.,10.,112.1));
#4795 = SEAM_CURVE('',#4796,(#4800,#4807),.PCURVE_S1.);
#4796 = LINE('',#4797,#4798);
#4797 = CARTESIAN_POINT('',(33.,10.,112.1));
#4798 = VECTOR('',#4799,1.);
#4799 = DIRECTION('',(1.,0.,2.22044604925E-16));
#4800 = PCURVE('',#1724,#4801);
#4801 = DEFINITIONAL_REPRESENTATION('',(#4802),#4806);
#4802 = LINE('',#4803,#4804);
#4803 = CARTESIAN_POINT('',(6.28318530718,-0.));
#4804 = VECTOR('',#4805,1.);
#4805 = DIRECTION('',(0.,1.));
#4806 = ( GEOMETRIC_REPRESENTATION_CONTEXT(2) 
PARAMETRIC_REPRESENTATION_CONTEXT() REPRESENTATION_CONTEXT('2D SPACE',''
  ) );
#4807 = PCURVE('',#1724,#4808);
#4808 = DEFINITIONAL_REPRESENTATION('',(#4809),#4813);
#4809 = LINE('',#4810,#4811);
#4810 = CARTESIAN_POINT('',(0.,-0.));
#4811 = VECTOR('',#4812,1.);
#4812 = DIRECTION('',(0.,1.));
#4813 = ( GEOMETRIC_REPRESENTATION_CONTEXT(2) 
PARAMETRIC_REPRESENTATION_CONTEXT() REPRESENTATION_CONTEXT('2D SPACE',''
  ) );
#4814 = ORIENTED_EDGE('',*,*,#4815,.F.);
#4815 = EDGE_CURVE('',#4793,#4793,#4816,.T.);
#4816 = SURFACE_CURVE('',#4817,(#4822,#4829),.PCURVE_S1.);
#4817 = CIRCLE('',#4818,0.9);
#4818 = AXIS2_PLACEMENT_3D('',#4819,#4820,#4821);
#4819 = CARTESIAN_POINT('',(41.,10.,113.));
#4820 = DIRECTION('',(1.,-0.,2.22044604925E-16));
#4821 = DIRECTION('',(2.22044604925E-16,0.,-1.));
#4822 = PCURVE('',#1724,#4823);
#4823 = DEFINITIONAL_REPRESENTATION('',(#4824),#4828);
#4824 = LINE('',#4825,#4826);
#4825 = CARTESIAN_POINT('',(0.,8.));
#4826 = VECTOR('',#4827,1.);
#4827 = DIRECTION('',(1.,0.));
#4828 = ( GEOMETRIC_REPRESENTATION_CONTEXT(2) 
PARAMETRIC_REPRESENTATION_CONTEXT() REPRESENTATION_CONTEXT('2D SPACE',''
  ) );
#4829 = PCURVE('',#4830,#4835);
#4830 = PLANE('',#4831);
#4831 = AXIS2_PLACEMENT_3D('',#4832,#4833,#4834);
#4832 = CARTESIAN_POINT('',(41.,10.,113.));
#4833 = DIRECTION('',(1.,0.,2.22044604925E-16));
#4834 = DIRECTION('',(2.22044604925E-16,0.,-1.));
#4835 = DEFINITIONAL_REPRESENTATION('',(#4836),#4840);
#4836 = CIRCLE('',#4837,0.9);
#4837 = AXIS2_PLACEMENT_2D('',#4838,#4839);
#4838 = CARTESIAN_POINT('',(0.,0.));
#4839 = DIRECTION('',(1.,0.));
#4840 = ( GEOMETRIC_REPRESENTATION_CONTEXT(2) 
PARAMETRIC_REPRESENTATION_CONTEXT() REPRESENTATION_CONTEXT('2D SPACE',''
  ) );
#4841 = ORIENTED_EDGE('',*,*,#4792,.F.);
#4842 = ORIENTED_EDGE('',*,*,#1707,.T.);
#4843 = ADVANCED_FACE('',(#4844),#1755,.F.);
#4844 = FACE_BOUND('',#4845,.F.);
#4845 = EDGE_LOOP('',(#4846,#4869,#4870,#4893));
#4846 = ORIENTED_EDGE('',*,*,#4847,.F.);
#4847 = EDGE_CURVE('',#1739,#4848,#4850,.T.);
#4848 = VERTEX_POINT('',#4849);
#4849 = CARTESIAN_POINT('',(40.,6.45,94.15));
#4850 = SURFACE_CURVE('',#4851,(#4855,#4862),.PCURVE_S1.);
#4851 = LINE('',#4852,#4853);
#4852 = CARTESIAN_POINT('',(32.,6.45,94.15));
#4853 = VECTOR('',#4854,1.);
#4854 = DIRECTION('',(1.,0.,-0.));
#4855 = PCURVE('',#1755,#4856);
#4856 = DEFINITIONAL_REPRESENTATION('',(#4857),#4861);
#4857 = LINE('',#4858,#4859);
#4858 = CARTESIAN_POINT('',(0.,0.));
#4859 = VECTOR('',#4860,1.);
#4860 = DIRECTION('',(0.,1.));
#4861 = ( GEOMETRIC_REPRESENTATION_CONTEXT(2) 
PARAMETRIC_REPRESENTATION_CONTEXT() REPRESENTATION_CONTEXT('2D SPACE',''
  ) );
#4862 = PCURVE('',#1781,#4863);
#4863 = DEFINITIONAL_REPRESENTATION('',(#4864),#4868);
#4864 = LINE('',#4865,#4866);
#4865 = CARTESIAN_POINT('',(0.,12.9));
#4866 = VECTOR('',#4867,1.);
#4867 = DIRECTION('',(1.,0.));
#4868 = ( GEOMETRIC_REPRESENTATION_CONTEXT(2) 
PARAMETRIC_REPRESENTATION_CONTEXT() REPRESENTATION_CONTEXT('2D SPACE',''
  ) );
#4869 = ORIENTED_EDGE('',*,*,#1738,.T.);
#4870 = ORIENTED_EDGE('',*,*,#4871,.T.);
#4871 = EDGE_CURVE('',#1741,#4872,#4874,.T.);
#4872 = VERTEX_POINT('',#4873);
#4873 = CARTESIAN_POINT('',(40.,6.45,117.85));
#4874 = SURFACE_CURVE('',#4875,(#4879,#4886),.PCURVE_S1.);
#4875 = LINE('',#4876,#4877);
#4876 = CARTESIAN_POINT('',(32.,6.45,117.85));
#4877 = VECTOR('',#4878,1.);
#4878 = DIRECTION('',(1.,0.,-0.));
#4879 = PCURVE('',#1755,#4880);
#4880 = DEFINITIONAL_REPRESENTATION('',(#4881),#4885);
#4881 = LINE('',#4882,#4883);
#4882 = CARTESIAN_POINT('',(23.7,0.));
#4883 = VECTOR('',#4884,1.);
#4884 = DIRECTION('',(0.,1.));
#4885 = ( GEOMETRIC_REPRESENTATION_CONTEXT(2) 
PARAMETRIC_REPRESENTATION_CONTEXT() REPRESENTATION_CONTEXT('2D SPACE',''
  ) );
#4886 = PCURVE('',#1883,#4887);
#4887 = DEFINITIONAL_REPRESENTATION('',(#4888),#4892);
#4888 = LINE('',#4889,#4890);
#4889 = CARTESIAN_POINT('',(0.,12.9));
#4890 = VECTOR('',#4891,1.);
#4891 = DIRECTION('',(1.,0.));
#4892 = ( GEOMETRIC_REPRESENTATION_CONTEXT(2) 
PARAMETRIC_REPRESENTATION_CONTEXT() REPRESENTATION_CONTEXT('2D SPACE',''
  ) );
#4893 = ORIENTED_EDGE('',*,*,#4894,.F.);
#4894 = EDGE_CURVE('',#4848,#4872,#4895,.T.);
#4895 = SURFACE_CURVE('',#4896,(#4900,#4906),.PCURVE_S1.);
#4896 = LINE('',#4897,#4898);
#4897 = CARTESIAN_POINT('',(40.,6.45,75.825));
#4898 = VECTOR('',#4899,1.);
#4899 = DIRECTION('',(0.,0.,1.));
#4900 = PCURVE('',#1755,#4901);
#4901 = DEFINITIONAL_REPRESENTATION('',(#4902),#4905);
#4902 = B_SPLINE_CURVE_WITH_KNOTS('',1,(#4903,#4904),.UNSPECIFIED.,.F.,
  .F.,(2,2),(18.325,42.025),.PIECEWISE_BEZIER_KNOTS.);
#4903 = CARTESIAN_POINT('',(0.,8.));
#4904 = CARTESIAN_POINT('',(23.7,8.));
#4905 = ( GEOMETRIC_REPRESENTATION_CONTEXT(2) 
PARAMETRIC_REPRESENTATION_CONTEXT() REPRESENTATION_CONTEXT('2D SPACE',''
  ) );
#4906 = PCURVE('',#2648,#4907);
#4907 = DEFINITIONAL_REPRESENTATION('',(#4908),#4911);
#4908 = B_SPLINE_CURVE_WITH_KNOTS('',1,(#4909,#4910),.UNSPECIFIED.,.F.,
  .F.,(2,2),(18.325,42.025),.PIECEWISE_BEZIER_KNOTS.);
#4909 = CARTESIAN_POINT('',(36.65,-27.45));
#4910 = CARTESIAN_POINT('',(60.35,-27.45));
#4911 = ( GEOMETRIC_REPRESENTATION_CONTEXT(2) 
PARAMETRIC_REPRESENTATION_CONTEXT() REPRESENTATION_CONTEXT('2D SPACE',''
  ) );
#4912 = ADVANCED_FACE('',(#4913),#1781,.T.);
#4913 = FACE_BOUND('',#4914,.T.);
#4914 = EDGE_LOOP('',(#4915,#4916,#4917,#4938,#4964,#4983,#4984,#5007));
#4915 = ORIENTED_EDGE('',*,*,#4847,.F.);
#4916 = ORIENTED_EDGE('',*,*,#1766,.T.);
#4917 = ORIENTED_EDGE('',*,*,#4918,.T.);
#4918 = EDGE_CURVE('',#1767,#4919,#4921,.T.);
#4919 = VERTEX_POINT('',#4920);
#4920 = CARTESIAN_POINT('',(35.8,0.663324958071,94.15));
#4921 = SURFACE_CURVE('',#4922,(#4926,#4932),.PCURVE_S1.);
#4922 = LINE('',#4923,#4924);
#4923 = CARTESIAN_POINT('',(34.,0.663324958071,94.15));
#4924 = VECTOR('',#4925,1.);
#4925 = DIRECTION('',(1.,0.,2.22044604925E-16));
#4926 = PCURVE('',#1781,#4927);
#4927 = DEFINITIONAL_REPRESENTATION('',(#4928),#4931);
#4928 = B_SPLINE_CURVE_WITH_KNOTS('',1,(#4929,#4930),.UNSPECIFIED.,.F.,
  .F.,(2,2),(-5.999999999062E-07,1.8000006),.PIECEWISE_BEZIER_KNOTS.);
#4929 = CARTESIAN_POINT('',(1.9999994,7.113324958071));
#4930 = CARTESIAN_POINT('',(3.8000006,7.113324958071));
#4931 = ( GEOMETRIC_REPRESENTATION_CONTEXT(2) 
PARAMETRIC_REPRESENTATION_CONTEXT() REPRESENTATION_CONTEXT('2D SPACE',''
  ) );
#4932 = PCURVE('',#1809,#4933);
#4933 = DEFINITIONAL_REPRESENTATION('',(#4934),#4937);
#4934 = B_SPLINE_CURVE_WITH_KNOTS('',1,(#4935,#4936),.UNSPECIFIED.,.F.,
  .F.,(2,2),(0.,1.8),.PIECEWISE_BEZIER_KNOTS.);
#4935 = CARTESIAN_POINT('',(9.12552014205,4.773959005888E-16));
#4936 = CARTESIAN_POINT('',(9.12552014205,1.8));
#4937 = ( GEOMETRIC_REPRESENTATION_CONTEXT(2) 
PARAMETRIC_REPRESENTATION_CONTEXT() REPRESENTATION_CONTEXT('2D SPACE',''
  ) );
#4938 = ORIENTED_EDGE('',*,*,#4939,.F.);
#4939 = EDGE_CURVE('',#4940,#4919,#4942,.T.);
#4940 = VERTEX_POINT('',#4941);
#4941 = CARTESIAN_POINT('',(35.8,-0.663324958071,94.15));
#4942 = SURFACE_CURVE('',#4943,(#4947,#4953),.PCURVE_S1.);
#4943 = LINE('',#4944,#4945);
#4944 = CARTESIAN_POINT('',(35.8,-3.225,94.15));
#4945 = VECTOR('',#4946,1.);
#4946 = DIRECTION('',(0.,1.,0.));
#4947 = PCURVE('',#1781,#4948);
#4948 = DEFINITIONAL_REPRESENTATION('',(#4949),#4952);
#4949 = B_SPLINE_CURVE_WITH_KNOTS('',1,(#4950,#4951),.UNSPECIFIED.,.F.,
  .F.,(2,2),(0.975,5.475),.PIECEWISE_BEZIER_KNOTS.);
#4950 = CARTESIAN_POINT('',(3.8,4.2));
#4951 = CARTESIAN_POINT('',(3.8,8.7));
#4952 = ( GEOMETRIC_REPRESENTATION_CONTEXT(2) 
PARAMETRIC_REPRESENTATION_CONTEXT() REPRESENTATION_CONTEXT('2D SPACE',''
  ) );
#4953 = PCURVE('',#4954,#4959);
#4954 = PLANE('',#4955);
#4955 = AXIS2_PLACEMENT_3D('',#4956,#4957,#4958);
#4956 = CARTESIAN_POINT('',(35.8,0.,92.));
#4957 = DIRECTION('',(1.,0.,2.22044604925E-16));
#4958 = DIRECTION('',(2.22044604925E-16,0.,-1.));
#4959 = DEFINITIONAL_REPRESENTATION('',(#4960),#4963);
#4960 = B_SPLINE_CURVE_WITH_KNOTS('',1,(#4961,#4962),.UNSPECIFIED.,.F.,
  .F.,(2,2),(0.975,5.475),.PIECEWISE_BEZIER_KNOTS.);
#4961 = CARTESIAN_POINT('',(-2.15,-2.25));
#4962 = CARTESIAN_POINT('',(-2.15,2.25));
#4963 = ( GEOMETRIC_REPRESENTATION_CONTEXT(2) 
PARAMETRIC_REPRESENTATION_CONTEXT() REPRESENTATION_CONTEXT('2D SPACE',''
  ) );
#4964 = ORIENTED_EDGE('',*,*,#4965,.F.);
#4965 = EDGE_CURVE('',#1793,#4940,#4966,.T.);
#4966 = SURFACE_CURVE('',#4967,(#4971,#4977),.PCURVE_S1.);
#4967 = LINE('',#4968,#4969);
#4968 = CARTESIAN_POINT('',(34.,-0.663324958071,94.15));
#4969 = VECTOR('',#4970,1.);
#4970 = DIRECTION('',(1.,0.,2.22044604925E-16));
#4971 = PCURVE('',#1781,#4972);
#4972 = DEFINITIONAL_REPRESENTATION('',(#4973),#4976);
#4973 = B_SPLINE_CURVE_WITH_KNOTS('',1,(#4974,#4975),.UNSPECIFIED.,.F.,
  .F.,(2,2),(-5.999999999062E-07,1.8000006),.PIECEWISE_BEZIER_KNOTS.);
#4974 = CARTESIAN_POINT('',(1.9999994,5.786675041929));
#4975 = CARTESIAN_POINT('',(3.8000006,5.786675041929));
#4976 = ( GEOMETRIC_REPRESENTATION_CONTEXT(2) 
PARAMETRIC_REPRESENTATION_CONTEXT() REPRESENTATION_CONTEXT('2D SPACE',''
  ) );
#4977 = PCURVE('',#1809,#4978);
#4978 = DEFINITIONAL_REPRESENTATION('',(#4979),#4982);
#4979 = B_SPLINE_CURVE_WITH_KNOTS('',1,(#4980,#4981),.UNSPECIFIED.,.F.,
  .F.,(2,2),(0.,1.8),.PIECEWISE_BEZIER_KNOTS.);
#4980 = CARTESIAN_POINT('',(3.440850472309,4.773959005888E-16));
#4981 = CARTESIAN_POINT('',(3.440850472309,1.8));
#4982 = ( GEOMETRIC_REPRESENTATION_CONTEXT(2) 
PARAMETRIC_REPRESENTATION_CONTEXT() REPRESENTATION_CONTEXT('2D SPACE',''
  ) );
#4983 = ORIENTED_EDGE('',*,*,#1821,.T.);
#4984 = ORIENTED_EDGE('',*,*,#4985,.T.);
#4985 = EDGE_CURVE('',#1822,#4986,#4988,.T.);
#4986 = VERTEX_POINT('',#4987);
#4987 = CARTESIAN_POINT('',(40.,-6.45,94.15));
#4988 = SURFACE_CURVE('',#4989,(#4993,#5000),.PCURVE_S1.);
#4989 = LINE('',#4990,#4991);
#4990 = CARTESIAN_POINT('',(32.,-6.45,94.15));
#4991 = VECTOR('',#4992,1.);
#4992 = DIRECTION('',(1.,0.,-0.));
#4993 = PCURVE('',#1781,#4994);
#4994 = DEFINITIONAL_REPRESENTATION('',(#4995),#4999);
#4995 = LINE('',#4996,#4997);
#4996 = CARTESIAN_POINT('',(0.,0.));
#4997 = VECTOR('',#4998,1.);
#4998 = DIRECTION('',(1.,0.));
#4999 = ( GEOMETRIC_REPRESENTATION_CONTEXT(2) 
PARAMETRIC_REPRESENTATION_CONTEXT() REPRESENTATION_CONTEXT('2D SPACE',''
  ) );
#5000 = PCURVE('',#1857,#5001);
#5001 = DEFINITIONAL_REPRESENTATION('',(#5002),#5006);
#5002 = LINE('',#5003,#5004);
#5003 = CARTESIAN_POINT('',(0.,0.));
#5004 = VECTOR('',#5005,1.);
#5005 = DIRECTION('',(0.,1.));
#5006 = ( GEOMETRIC_REPRESENTATION_CONTEXT(2) 
PARAMETRIC_REPRESENTATION_CONTEXT() REPRESENTATION_CONTEXT('2D SPACE',''
  ) );
#5007 = ORIENTED_EDGE('',*,*,#5008,.F.);
#5008 = EDGE_CURVE('',#4848,#4986,#5009,.T.);
#5009 = SURFACE_CURVE('',#5010,(#5014,#5020),.PCURVE_S1.);
#5010 = LINE('',#5011,#5012);
#5011 = CARTESIAN_POINT('',(40.,-13.725,94.15));
#5012 = VECTOR('',#5013,1.);
#5013 = DIRECTION('',(0.,-1.,0.));
#5014 = PCURVE('',#1781,#5015);
#5015 = DEFINITIONAL_REPRESENTATION('',(#5016),#5019);
#5016 = B_SPLINE_CURVE_WITH_KNOTS('',1,(#5017,#5018),.UNSPECIFIED.,.F.,
  .F.,(2,2),(-20.175,-7.275),.PIECEWISE_BEZIER_KNOTS.);
#5017 = CARTESIAN_POINT('',(8.,12.9));
#5018 = CARTESIAN_POINT('',(8.,0.));
#5019 = ( GEOMETRIC_REPRESENTATION_CONTEXT(2) 
PARAMETRIC_REPRESENTATION_CONTEXT() REPRESENTATION_CONTEXT('2D SPACE',''
  ) );
#5020 = PCURVE('',#2648,#5021);
#5021 = DEFINITIONAL_REPRESENTATION('',(#5022),#5025);
#5022 = B_SPLINE_CURVE_WITH_KNOTS('',1,(#5023,#5024),.UNSPECIFIED.,.F.,
  .F.,(2,2),(-20.175,-7.275),.PIECEWISE_BEZIER_KNOTS.);
#5023 = CARTESIAN_POINT('',(36.65,-27.45));
#5024 = CARTESIAN_POINT('',(36.65,-14.55));
#5025 = ( GEOMETRIC_REPRESENTATION_CONTEXT(2) 
PARAMETRIC_REPRESENTATION_CONTEXT() REPRESENTATION_CONTEXT('2D SPACE',''
  ) );
#5026 = ADVANCED_FACE('',(#5027),#1883,.F.);
#5027 = FACE_BOUND('',#5028,.F.);
#5028 = EDGE_LOOP('',(#5029,#5030,#5031,#5052,#5078,#5097,#5098,#5121));
#5029 = ORIENTED_EDGE('',*,*,#4871,.F.);
#5030 = ORIENTED_EDGE('',*,*,#1923,.T.);
#5031 = ORIENTED_EDGE('',*,*,#5032,.T.);
#5032 = EDGE_CURVE('',#1895,#5033,#5035,.T.);
#5033 = VERTEX_POINT('',#5034);
#5034 = CARTESIAN_POINT('',(35.8,0.663324958071,117.85));
#5035 = SURFACE_CURVE('',#5036,(#5040,#5046),.PCURVE_S1.);
#5036 = LINE('',#5037,#5038);
#5037 = CARTESIAN_POINT('',(34.,0.663324958071,117.85));
#5038 = VECTOR('',#5039,1.);
#5039 = DIRECTION('',(1.,0.,2.22044604925E-16));
#5040 = PCURVE('',#1883,#5041);
#5041 = DEFINITIONAL_REPRESENTATION('',(#5042),#5045);
#5042 = B_SPLINE_CURVE_WITH_KNOTS('',1,(#5043,#5044),.UNSPECIFIED.,.F.,
  .F.,(2,2),(-5.999999999062E-07,1.8000006),.PIECEWISE_BEZIER_KNOTS.);
#5043 = CARTESIAN_POINT('',(1.9999994,7.113324958071));
#5044 = CARTESIAN_POINT('',(3.8000006,7.113324958071));
#5045 = ( GEOMETRIC_REPRESENTATION_CONTEXT(2) 
PARAMETRIC_REPRESENTATION_CONTEXT() REPRESENTATION_CONTEXT('2D SPACE',''
  ) );
#5046 = PCURVE('',#1911,#5047);
#5047 = DEFINITIONAL_REPRESENTATION('',(#5048),#5051);
#5048 = B_SPLINE_CURVE_WITH_KNOTS('',1,(#5049,#5050),.UNSPECIFIED.,.F.,
  .F.,(2,2),(-5.999999999062E-07,1.8000006),.PIECEWISE_BEZIER_KNOTS.);
#5049 = CARTESIAN_POINT('',(0.299257818719,-6.000000003836E-07));
#5050 = CARTESIAN_POINT('',(0.299257818719,1.8000006));
#5051 = ( GEOMETRIC_REPRESENTATION_CONTEXT(2) 
PARAMETRIC_REPRESENTATION_CONTEXT() REPRESENTATION_CONTEXT('2D SPACE',''
  ) );
#5052 = ORIENTED_EDGE('',*,*,#5053,.F.);
#5053 = EDGE_CURVE('',#5054,#5033,#5056,.T.);
#5054 = VERTEX_POINT('',#5055);
#5055 = CARTESIAN_POINT('',(35.8,-0.663324958071,117.85));
#5056 = SURFACE_CURVE('',#5057,(#5061,#5067),.PCURVE_S1.);
#5057 = LINE('',#5058,#5059);
#5058 = CARTESIAN_POINT('',(35.8,-3.225,117.85));
#5059 = VECTOR('',#5060,1.);
#5060 = DIRECTION('',(0.,1.,0.));
#5061 = PCURVE('',#1883,#5062);
#5062 = DEFINITIONAL_REPRESENTATION('',(#5063),#5066);
#5063 = B_SPLINE_CURVE_WITH_KNOTS('',1,(#5064,#5065),.UNSPECIFIED.,.F.,
  .F.,(2,2),(0.975,5.475),.PIECEWISE_BEZIER_KNOTS.);
#5064 = CARTESIAN_POINT('',(3.8,4.2));
#5065 = CARTESIAN_POINT('',(3.8,8.7));
#5066 = ( GEOMETRIC_REPRESENTATION_CONTEXT(2) 
PARAMETRIC_REPRESENTATION_CONTEXT() REPRESENTATION_CONTEXT('2D SPACE',''
  ) );
#5067 = PCURVE('',#5068,#5073);
#5068 = PLANE('',#5069);
#5069 = AXIS2_PLACEMENT_3D('',#5070,#5071,#5072);
#5070 = CARTESIAN_POINT('',(35.8,0.,120.));
#5071 = DIRECTION('',(1.,0.,2.22044604925E-16));
#5072 = DIRECTION('',(2.22044604925E-16,0.,-1.));
#5073 = DEFINITIONAL_REPRESENTATION('',(#5074),#5077);
#5074 = B_SPLINE_CURVE_WITH_KNOTS('',1,(#5075,#5076),.UNSPECIFIED.,.F.,
  .F.,(2,2),(0.975,5.475),.PIECEWISE_BEZIER_KNOTS.);
#5075 = CARTESIAN_POINT('',(2.15,-2.25));
#5076 = CARTESIAN_POINT('',(2.15,2.25));
#5077 = ( GEOMETRIC_REPRESENTATION_CONTEXT(2) 
PARAMETRIC_REPRESENTATION_CONTEXT() REPRESENTATION_CONTEXT('2D SPACE',''
  ) );
#5078 = ORIENTED_EDGE('',*,*,#5079,.F.);
#5079 = EDGE_CURVE('',#1869,#5054,#5080,.T.);
#5080 = SURFACE_CURVE('',#5081,(#5085,#5091),.PCURVE_S1.);
#5081 = LINE('',#5082,#5083);
#5082 = CARTESIAN_POINT('',(34.,-0.663324958071,117.85));
#5083 = VECTOR('',#5084,1.);
#5084 = DIRECTION('',(1.,0.,2.22044604925E-16));
#5085 = PCURVE('',#1883,#5086);
#5086 = DEFINITIONAL_REPRESENTATION('',(#5087),#5090);
#5087 = B_SPLINE_CURVE_WITH_KNOTS('',1,(#5088,#5089),.UNSPECIFIED.,.F.,
  .F.,(2,2),(-5.999999999062E-07,1.8000006),.PIECEWISE_BEZIER_KNOTS.);
#5088 = CARTESIAN_POINT('',(1.9999994,5.786675041929));
#5089 = CARTESIAN_POINT('',(3.8000006,5.786675041929));
#5090 = ( GEOMETRIC_REPRESENTATION_CONTEXT(2) 
PARAMETRIC_REPRESENTATION_CONTEXT() REPRESENTATION_CONTEXT('2D SPACE',''
  ) );
#5091 = PCURVE('',#1911,#5092);
#5092 = DEFINITIONAL_REPRESENTATION('',(#5093),#5096);
#5093 = B_SPLINE_CURVE_WITH_KNOTS('',1,(#5094,#5095),.UNSPECIFIED.,.F.,
  .F.,(2,2),(-5.999999999062E-07,1.8000006),.PIECEWISE_BEZIER_KNOTS.);
#5094 = CARTESIAN_POINT('',(5.983927488461,-6.000000003836E-07));
#5095 = CARTESIAN_POINT('',(5.983927488461,1.8000006));
#5096 = ( GEOMETRIC_REPRESENTATION_CONTEXT(2) 
PARAMETRIC_REPRESENTATION_CONTEXT() REPRESENTATION_CONTEXT('2D SPACE',''
  ) );
#5097 = ORIENTED_EDGE('',*,*,#1868,.T.);
#5098 = ORIENTED_EDGE('',*,*,#5099,.T.);
#5099 = EDGE_CURVE('',#1843,#5100,#5102,.T.);
#5100 = VERTEX_POINT('',#5101);
#5101 = CARTESIAN_POINT('',(40.,-6.45,117.85));
#5102 = SURFACE_CURVE('',#5103,(#5107,#5114),.PCURVE_S1.);
#5103 = LINE('',#5104,#5105);
#5104 = CARTESIAN_POINT('',(32.,-6.45,117.85));
#5105 = VECTOR('',#5106,1.);
#5106 = DIRECTION('',(1.,0.,-0.));
#5107 = PCURVE('',#1883,#5108);
#5108 = DEFINITIONAL_REPRESENTATION('',(#5109),#5113);
#5109 = LINE('',#5110,#5111);
#5110 = CARTESIAN_POINT('',(0.,0.));
#5111 = VECTOR('',#5112,1.);
#5112 = DIRECTION('',(1.,0.));
#5113 = ( GEOMETRIC_REPRESENTATION_CONTEXT(2) 
PARAMETRIC_REPRESENTATION_CONTEXT() REPRESENTATION_CONTEXT('2D SPACE',''
  ) );
#5114 = PCURVE('',#1857,#5115);
#5115 = DEFINITIONAL_REPRESENTATION('',(#5116),#5120);
#5116 = LINE('',#5117,#5118);
#5117 = CARTESIAN_POINT('',(23.7,0.));
#5118 = VECTOR('',#5119,1.);
#5119 = DIRECTION('',(0.,1.));
#5120 = ( GEOMETRIC_REPRESENTATION_CONTEXT(2) 
PARAMETRIC_REPRESENTATION_CONTEXT() REPRESENTATION_CONTEXT('2D SPACE',''
  ) );
#5121 = ORIENTED_EDGE('',*,*,#5122,.F.);
#5122 = EDGE_CURVE('',#4872,#5100,#5123,.T.);
#5123 = SURFACE_CURVE('',#5124,(#5128,#5134),.PCURVE_S1.);
#5124 = LINE('',#5125,#5126);
#5125 = CARTESIAN_POINT('',(40.,-13.725,117.85));
#5126 = VECTOR('',#5127,1.);
#5127 = DIRECTION('',(0.,-1.,0.));
#5128 = PCURVE('',#1883,#5129);
#5129 = DEFINITIONAL_REPRESENTATION('',(#5130),#5133);
#5130 = B_SPLINE_CURVE_WITH_KNOTS('',1,(#5131,#5132),.UNSPECIFIED.,.F.,
  .F.,(2,2),(-20.175,-7.275),.PIECEWISE_BEZIER_KNOTS.);
#5131 = CARTESIAN_POINT('',(8.,12.9));
#5132 = CARTESIAN_POINT('',(8.,0.));
#5133 = ( GEOMETRIC_REPRESENTATION_CONTEXT(2) 
PARAMETRIC_REPRESENTATION_CONTEXT() REPRESENTATION_CONTEXT('2D SPACE',''
  ) );
#5134 = PCURVE('',#2648,#5135);
#5135 = DEFINITIONAL_REPRESENTATION('',(#5136),#5139);
#5136 = B_SPLINE_CURVE_WITH_KNOTS('',1,(#5137,#5138),.UNSPECIFIED.,.F.,
  .F.,(2,2),(-20.175,-7.275),.PIECEWISE_BEZIER_KNOTS.);
#5137 = CARTESIAN_POINT('',(60.35,-27.45));
#5138 = CARTESIAN_POINT('',(60.35,-14.55));
#5139 = ( GEOMETRIC_REPRESENTATION_CONTEXT(2) 
PARAMETRIC_REPRESENTATION_CONTEXT() REPRESENTATION_CONTEXT('2D SPACE',''
  ) );
#5140 = ADVANCED_FACE('',(#5141),#1809,.F.);
#5141 = FACE_BOUND('',#5142,.F.);
#5142 = EDGE_LOOP('',(#5143,#5144,#5145,#5167));
#5143 = ORIENTED_EDGE('',*,*,#1792,.T.);
#5144 = ORIENTED_EDGE('',*,*,#4918,.T.);
#5145 = ORIENTED_EDGE('',*,*,#5146,.F.);
#5146 = EDGE_CURVE('',#4940,#4919,#5147,.T.);
#5147 = SURFACE_CURVE('',#5148,(#5153,#5160),.PCURVE_S1.);
#5148 = CIRCLE('',#5149,2.25);
#5149 = AXIS2_PLACEMENT_3D('',#5150,#5151,#5152);
#5150 = CARTESIAN_POINT('',(35.8,0.,92.));
#5151 = DIRECTION('',(1.,0.,0.));
#5152 = DIRECTION('',(0.,-0.294811092476,0.955555555556));
#5153 = PCURVE('',#1809,#5154);
#5154 = DEFINITIONAL_REPRESENTATION('',(#5155),#5159);
#5155 = LINE('',#5156,#5157);
#5156 = CARTESIAN_POINT('',(3.440850472309,1.8));
#5157 = VECTOR('',#5158,1.);
#5158 = DIRECTION('',(1.,0.));
#5159 = ( GEOMETRIC_REPRESENTATION_CONTEXT(2) 
PARAMETRIC_REPRESENTATION_CONTEXT() REPRESENTATION_CONTEXT('2D SPACE',''
  ) );
#5160 = PCURVE('',#4954,#5161);
#5161 = DEFINITIONAL_REPRESENTATION('',(#5162),#5166);
#5162 = CIRCLE('',#5163,2.25);
#5163 = AXIS2_PLACEMENT_2D('',#5164,#5165);
#5164 = CARTESIAN_POINT('',(0.,0.));
#5165 = DIRECTION('',(-0.955555555556,-0.294811092476));
#5166 = ( GEOMETRIC_REPRESENTATION_CONTEXT(2) 
PARAMETRIC_REPRESENTATION_CONTEXT() REPRESENTATION_CONTEXT('2D SPACE',''
  ) );
#5167 = ORIENTED_EDGE('',*,*,#4965,.F.);
#5168 = ADVANCED_FACE('',(#5169),#1911,.F.);
#5169 = FACE_BOUND('',#5170,.F.);
#5170 = EDGE_LOOP('',(#5171,#5193,#5194,#5195));
#5171 = ORIENTED_EDGE('',*,*,#5172,.F.);
#5172 = EDGE_CURVE('',#5033,#5054,#5173,.T.);
#5173 = SURFACE_CURVE('',#5174,(#5179,#5186),.PCURVE_S1.);
#5174 = CIRCLE('',#5175,2.25);
#5175 = AXIS2_PLACEMENT_3D('',#5176,#5177,#5178);
#5176 = CARTESIAN_POINT('',(35.8,0.,120.));
#5177 = DIRECTION('',(1.,-0.,2.22044604925E-16));
#5178 = DIRECTION('',(2.22044604925E-16,0.,-1.));
#5179 = PCURVE('',#1911,#5180);
#5180 = DEFINITIONAL_REPRESENTATION('',(#5181),#5185);
#5181 = LINE('',#5182,#5183);
#5182 = CARTESIAN_POINT('',(0.,1.8));
#5183 = VECTOR('',#5184,1.);
#5184 = DIRECTION('',(1.,0.));
#5185 = ( GEOMETRIC_REPRESENTATION_CONTEXT(2) 
PARAMETRIC_REPRESENTATION_CONTEXT() REPRESENTATION_CONTEXT('2D SPACE',''
  ) );
#5186 = PCURVE('',#5068,#5187);
#5187 = DEFINITIONAL_REPRESENTATION('',(#5188),#5192);
#5188 = CIRCLE('',#5189,2.25);
#5189 = AXIS2_PLACEMENT_2D('',#5190,#5191);
#5190 = CARTESIAN_POINT('',(0.,0.));
#5191 = DIRECTION('',(1.,0.));
#5192 = ( GEOMETRIC_REPRESENTATION_CONTEXT(2) 
PARAMETRIC_REPRESENTATION_CONTEXT() REPRESENTATION_CONTEXT('2D SPACE',''
  ) );
#5193 = ORIENTED_EDGE('',*,*,#5032,.F.);
#5194 = ORIENTED_EDGE('',*,*,#1894,.T.);
#5195 = ORIENTED_EDGE('',*,*,#5079,.T.);
#5196 = ADVANCED_FACE('',(#5197),#1857,.T.);
#5197 = FACE_BOUND('',#5198,.T.);
#5198 = EDGE_LOOP('',(#5199,#5200,#5201,#5202));
#5199 = ORIENTED_EDGE('',*,*,#4985,.F.);
#5200 = ORIENTED_EDGE('',*,*,#1842,.T.);
#5201 = ORIENTED_EDGE('',*,*,#5099,.T.);
#5202 = ORIENTED_EDGE('',*,*,#5203,.F.);
#5203 = EDGE_CURVE('',#4986,#5100,#5204,.T.);
#5204 = SURFACE_CURVE('',#5205,(#5209,#5215),.PCURVE_S1.);
#5205 = LINE('',#5206,#5207);
#5206 = CARTESIAN_POINT('',(40.,-6.45,75.825));
#5207 = VECTOR('',#5208,1.);
#5208 = DIRECTION('',(0.,0.,1.));
#5209 = PCURVE('',#1857,#5210);
#5210 = DEFINITIONAL_REPRESENTATION('',(#5211),#5214);
#5211 = B_SPLINE_CURVE_WITH_KNOTS('',1,(#5212,#5213),.UNSPECIFIED.,.F.,
  .F.,(2,2),(18.325,42.025),.PIECEWISE_BEZIER_KNOTS.);
#5212 = CARTESIAN_POINT('',(0.,8.));
#5213 = CARTESIAN_POINT('',(23.7,8.));
#5214 = ( GEOMETRIC_REPRESENTATION_CONTEXT(2) 
PARAMETRIC_REPRESENTATION_CONTEXT() REPRESENTATION_CONTEXT('2D SPACE',''
  ) );
#5215 = PCURVE('',#2648,#5216);
#5216 = DEFINITIONAL_REPRESENTATION('',(#5217),#5220);
#5217 = B_SPLINE_CURVE_WITH_KNOTS('',1,(#5218,#5219),.UNSPECIFIED.,.F.,
  .F.,(2,2),(18.325,42.025),.PIECEWISE_BEZIER_KNOTS.);
#5218 = CARTESIAN_POINT('',(36.65,-14.55));
#5219 = CARTESIAN_POINT('',(60.35,-14.55));
#5220 = ( GEOMETRIC_REPRESENTATION_CONTEXT(2) 
PARAMETRIC_REPRESENTATION_CONTEXT() REPRESENTATION_CONTEXT('2D SPACE',''
  ) );
#5221 = ADVANCED_FACE('',(#5222),#1961,.F.);
#5222 = FACE_BOUND('',#5223,.F.);
#5223 = EDGE_LOOP('',(#5224,#5225,#5248,#5275));
#5224 = ORIENTED_EDGE('',*,*,#1944,.T.);
#5225 = ORIENTED_EDGE('',*,*,#5226,.F.);
#5226 = EDGE_CURVE('',#5227,#1945,#5229,.T.);
#5227 = VERTEX_POINT('',#5228);
#5228 = CARTESIAN_POINT('',(43.7,-10.,72.6));
#5229 = SEAM_CURVE('',#5230,(#5234,#5241),.PCURVE_S1.);
#5230 = LINE('',#5231,#5232);
#5231 = CARTESIAN_POINT('',(43.7,-10.,72.6));
#5232 = VECTOR('',#5233,1.);
#5233 = DIRECTION('',(-1.,0.,0.));
#5234 = PCURVE('',#1961,#5235);
#5235 = DEFINITIONAL_REPRESENTATION('',(#5236),#5240);
#5236 = LINE('',#5237,#5238);
#5237 = CARTESIAN_POINT('',(6.28318530718,10.7));
#5238 = VECTOR('',#5239,1.);
#5239 = DIRECTION('',(-0.,-1.));
#5240 = ( GEOMETRIC_REPRESENTATION_CONTEXT(2) 
PARAMETRIC_REPRESENTATION_CONTEXT() REPRESENTATION_CONTEXT('2D SPACE',''
  ) );
#5241 = PCURVE('',#1961,#5242);
#5242 = DEFINITIONAL_REPRESENTATION('',(#5243),#5247);
#5243 = LINE('',#5244,#5245);
#5244 = CARTESIAN_POINT('',(0.,10.7));
#5245 = VECTOR('',#5246,1.);
#5246 = DIRECTION('',(-0.,-1.));
#5247 = ( GEOMETRIC_REPRESENTATION_CONTEXT(2) 
PARAMETRIC_REPRESENTATION_CONTEXT() REPRESENTATION_CONTEXT('2D SPACE',''
  ) );
#5248 = ORIENTED_EDGE('',*,*,#5249,.F.);
#5249 = EDGE_CURVE('',#5227,#5227,#5250,.T.);
#5250 = SURFACE_CURVE('',#5251,(#5256,#5263),.PCURVE_S1.);
#5251 = CIRCLE('',#5252,0.9);
#5252 = AXIS2_PLACEMENT_3D('',#5253,#5254,#5255);
#5253 = CARTESIAN_POINT('',(43.7,-10.,73.5));
#5254 = DIRECTION('',(1.,0.,2.22044604925E-16));
#5255 = DIRECTION('',(2.22044604925E-16,0.,-1.));
#5256 = PCURVE('',#1961,#5257);
#5257 = DEFINITIONAL_REPRESENTATION('',(#5258),#5262);
#5258 = LINE('',#5259,#5260);
#5259 = CARTESIAN_POINT('',(0.,10.7));
#5260 = VECTOR('',#5261,1.);
#5261 = DIRECTION('',(1.,0.));
#5262 = ( GEOMETRIC_REPRESENTATION_CONTEXT(2) 
PARAMETRIC_REPRESENTATION_CONTEXT() REPRESENTATION_CONTEXT('2D SPACE',''
  ) );
#5263 = PCURVE('',#5264,#5269);
#5264 = PLANE('',#5265);
#5265 = AXIS2_PLACEMENT_3D('',#5266,#5267,#5268);
#5266 = CARTESIAN_POINT('',(43.7,-10.,73.5));
#5267 = DIRECTION('',(1.,0.,2.22044604925E-16));
#5268 = DIRECTION('',(2.22044604925E-16,0.,-1.));
#5269 = DEFINITIONAL_REPRESENTATION('',(#5270),#5274);
#5270 = CIRCLE('',#5271,0.9);
#5271 = AXIS2_PLACEMENT_2D('',#5272,#5273);
#5272 = CARTESIAN_POINT('',(0.,0.));
#5273 = DIRECTION('',(1.,0.));
#5274 = ( GEOMETRIC_REPRESENTATION_CONTEXT(2) 
PARAMETRIC_REPRESENTATION_CONTEXT() REPRESENTATION_CONTEXT('2D SPACE',''
  ) );
#5275 = ORIENTED_EDGE('',*,*,#5226,.T.);
#5276 = ADVANCED_FACE('',(#5277),#1992,.F.);
#5277 = FACE_BOUND('',#5278,.F.);
#5278 = EDGE_LOOP('',(#5279,#5302,#5329,#5330));
#5279 = ORIENTED_EDGE('',*,*,#5280,.T.);
#5280 = EDGE_CURVE('',#1976,#5281,#5283,.T.);
#5281 = VERTEX_POINT('',#5282);
#5282 = CARTESIAN_POINT('',(41.,-10.,112.1));
#5283 = SEAM_CURVE('',#5284,(#5288,#5295),.PCURVE_S1.);
#5284 = LINE('',#5285,#5286);
#5285 = CARTESIAN_POINT('',(33.,-10.,112.1));
#5286 = VECTOR('',#5287,1.);
#5287 = DIRECTION('',(1.,0.,2.22044604925E-16));
#5288 = PCURVE('',#1992,#5289);
#5289 = DEFINITIONAL_REPRESENTATION('',(#5290),#5294);
#5290 = LINE('',#5291,#5292);
#5291 = CARTESIAN_POINT('',(6.28318530718,-0.));
#5292 = VECTOR('',#5293,1.);
#5293 = DIRECTION('',(0.,1.));
#5294 = ( GEOMETRIC_REPRESENTATION_CONTEXT(2) 
PARAMETRIC_REPRESENTATION_CONTEXT() REPRESENTATION_CONTEXT('2D SPACE',''
  ) );
#5295 = PCURVE('',#1992,#5296);
#5296 = DEFINITIONAL_REPRESENTATION('',(#5297),#5301);
#5297 = LINE('',#5298,#5299);
#5298 = CARTESIAN_POINT('',(0.,-0.));
#5299 = VECTOR('',#5300,1.);
#5300 = DIRECTION('',(0.,1.));
#5301 = ( GEOMETRIC_REPRESENTATION_CONTEXT(2) 
PARAMETRIC_REPRESENTATION_CONTEXT() REPRESENTATION_CONTEXT('2D SPACE',''
  ) );
#5302 = ORIENTED_EDGE('',*,*,#5303,.F.);
#5303 = EDGE_CURVE('',#5281,#5281,#5304,.T.);
#5304 = SURFACE_CURVE('',#5305,(#5310,#5317),.PCURVE_S1.);
#5305 = CIRCLE('',#5306,0.9);
#5306 = AXIS2_PLACEMENT_3D('',#5307,#5308,#5309);
#5307 = CARTESIAN_POINT('',(41.,-10.,113.));
#5308 = DIRECTION('',(1.,-0.,2.22044604925E-16));
#5309 = DIRECTION('',(2.22044604925E-16,0.,-1.));
#5310 = PCURVE('',#1992,#5311);
#5311 = DEFINITIONAL_REPRESENTATION('',(#5312),#5316);
#5312 = LINE('',#5313,#5314);
#5313 = CARTESIAN_POINT('',(0.,8.));
#5314 = VECTOR('',#5315,1.);
#5315 = DIRECTION('',(1.,0.));
#5316 = ( GEOMETRIC_REPRESENTATION_CONTEXT(2) 
PARAMETRIC_REPRESENTATION_CONTEXT() REPRESENTATION_CONTEXT('2D SPACE',''
  ) );
#5317 = PCURVE('',#5318,#5323);
#5318 = PLANE('',#5319);
#5319 = AXIS2_PLACEMENT_3D('',#5320,#5321,#5322);
#5320 = CARTESIAN_POINT('',(41.,-10.,113.));
#5321 = DIRECTION('',(1.,0.,2.22044604925E-16));
#5322 = DIRECTION('',(2.22044604925E-16,0.,-1.));
#5323 = DEFINITIONAL_REPRESENTATION('',(#5324),#5328);
#5324 = CIRCLE('',#5325,0.9);
#5325 = AXIS2_PLACEMENT_2D('',#5326,#5327);
#5326 = CARTESIAN_POINT('',(0.,0.));
#5327 = DIRECTION('',(1.,0.));
#5328 = ( GEOMETRIC_REPRESENTATION_CONTEXT(2) 
PARAMETRIC_REPRESENTATION_CONTEXT() REPRESENTATION_CONTEXT('2D SPACE',''
  ) );
#5329 = ORIENTED_EDGE('',*,*,#5280,.F.);
#5330 = ORIENTED_EDGE('',*,*,#1975,.T.);
#5331 = ADVANCED_FACE('',(#5332),#2149,.T.);
#5332 = FACE_BOUND('',#5333,.T.);
#5333 = EDGE_LOOP('',(#5334,#5335,#5336,#5337,#5361));
#5334 = ORIENTED_EDGE('',*,*,#2132,.F.);
#5335 = ORIENTED_EDGE('',*,*,#2186,.T.);
#5336 = ORIENTED_EDGE('',*,*,#2395,.F.);
#5337 = ORIENTED_EDGE('',*,*,#5338,.T.);
#5338 = EDGE_CURVE('',#2321,#5339,#5341,.T.);
#5339 = VERTEX_POINT('',#5340);
#5340 = CARTESIAN_POINT('',(39.2,-20.,76.5));
#5341 = SURFACE_CURVE('',#5342,(#5347,#5354),.PCURVE_S1.);
#5342 = CIRCLE('',#5343,18.);
#5343 = AXIS2_PLACEMENT_3D('',#5344,#5345,#5346);
#5344 = CARTESIAN_POINT('',(39.2,-2.,76.5));
#5345 = DIRECTION('',(-1.,0.,-0.));
#5346 = DIRECTION('',(0.,1.727013593861E-16,-1.));
#5347 = PCURVE('',#2149,#5348);
#5348 = DEFINITIONAL_REPRESENTATION('',(#5349),#5353);
#5349 = LINE('',#5350,#5351);
#5350 = CARTESIAN_POINT('',(4.712388980385,-5.2));
#5351 = VECTOR('',#5352,1.);
#5352 = DIRECTION('',(1.,0.));
#5353 = ( GEOMETRIC_REPRESENTATION_CONTEXT(2) 
PARAMETRIC_REPRESENTATION_CONTEXT() REPRESENTATION_CONTEXT('2D SPACE',''
  ) );
#5354 = PCURVE('',#2368,#5355);
#5355 = DEFINITIONAL_REPRESENTATION('',(#5356),#5360);
#5356 = LINE('',#5357,#5358);
#5357 = CARTESIAN_POINT('',(-0.,0.));
#5358 = VECTOR('',#5359,1.);
#5359 = DIRECTION('',(-1.,0.));
#5360 = ( GEOMETRIC_REPRESENTATION_CONTEXT(2) 
PARAMETRIC_REPRESENTATION_CONTEXT() REPRESENTATION_CONTEXT('2D SPACE',''
  ) );
#5361 = ORIENTED_EDGE('',*,*,#5362,.F.);
#5362 = EDGE_CURVE('',#2133,#5339,#5363,.T.);
#5363 = SURFACE_CURVE('',#5364,(#5368,#5375),.PCURVE_S1.);
#5364 = LINE('',#5365,#5366);
#5365 = CARTESIAN_POINT('',(34.,-20.,76.5));
#5366 = VECTOR('',#5367,1.);
#5367 = DIRECTION('',(1.,0.,0.));
#5368 = PCURVE('',#2149,#5369);
#5369 = DEFINITIONAL_REPRESENTATION('',(#5370),#5374);
#5370 = LINE('',#5371,#5372);
#5371 = CARTESIAN_POINT('',(6.28318530718,0.));
#5372 = VECTOR('',#5373,1.);
#5373 = DIRECTION('',(0.,-1.));
#5374 = ( GEOMETRIC_REPRESENTATION_CONTEXT(2) 
PARAMETRIC_REPRESENTATION_CONTEXT() REPRESENTATION_CONTEXT('2D SPACE',''
  ) );
#5375 = PCURVE('',#3990,#5376);
#5376 = DEFINITIONAL_REPRESENTATION('',(#5377),#5381);
#5377 = LINE('',#5378,#5379);
#5378 = CARTESIAN_POINT('',(0.,0.));
#5379 = VECTOR('',#5380,1.);
#5380 = DIRECTION('',(0.,-1.));
#5381 = ( GEOMETRIC_REPRESENTATION_CONTEXT(2) 
PARAMETRIC_REPRESENTATION_CONTEXT() REPRESENTATION_CONTEXT('2D SPACE',''
  ) );
#5382 = ADVANCED_FACE('',(#5383),#2278,.T.);
#5383 = FACE_BOUND('',#5384,.T.);
#5384 = EDGE_LOOP('',(#5385,#5405,#5406,#5407));
#5385 = ORIENTED_EDGE('',*,*,#5386,.T.);
#5386 = EDGE_CURVE('',#2814,#2418,#5387,.T.);
#5387 = SURFACE_CURVE('',#5388,(#5393,#5399),.PCURVE_S1.);
#5388 = CIRCLE('',#5389,0.8);
#5389 = AXIS2_PLACEMENT_3D('',#5390,#5391,#5392);
#5390 = CARTESIAN_POINT('',(47.2,15.,65.6));
#5391 = DIRECTION('',(-2.052211859527E-16,-1.,0.));
#5392 = DIRECTION('',(1.,-2.052211859527E-16,-0.));
#5393 = PCURVE('',#2278,#5394);
#5394 = DEFINITIONAL_REPRESENTATION('',(#5395),#5398);
#5395 = B_SPLINE_CURVE_WITH_KNOTS('',1,(#5396,#5397),.UNSPECIFIED.,.F.,
  .F.,(2,2),(0.,1.570796326795),.PIECEWISE_BEZIER_KNOTS.);
#5396 = CARTESIAN_POINT('',(0.,0.));
#5397 = CARTESIAN_POINT('',(1.570796326795,0.));
#5398 = ( GEOMETRIC_REPRESENTATION_CONTEXT(2) 
PARAMETRIC_REPRESENTATION_CONTEXT() REPRESENTATION_CONTEXT('2D SPACE',''
  ) );
#5399 = PCURVE('',#2461,#5400);
#5400 = DEFINITIONAL_REPRESENTATION('',(#5401),#5404);
#5401 = B_SPLINE_CURVE_WITH_KNOTS('',1,(#5402,#5403),.UNSPECIFIED.,.F.,
  .F.,(2,2),(0.,1.570796326795),.PIECEWISE_BEZIER_KNOTS.);
#5402 = CARTESIAN_POINT('',(-1.570796326795,0.));
#5403 = CARTESIAN_POINT('',(-1.570796326795,1.570796326795));
#5404 = ( GEOMETRIC_REPRESENTATION_CONTEXT(2) 
PARAMETRIC_REPRESENTATION_CONTEXT() REPRESENTATION_CONTEXT('2D SPACE',''
  ) );
#5405 = ORIENTED_EDGE('',*,*,#2417,.T.);
#5406 = ORIENTED_EDGE('',*,*,#2262,.F.);
#5407 = ORIENTED_EDGE('',*,*,#2836,.F.);
#5408 = ADVANCED_FACE('',(#5409),#2368,.T.);
#5409 = FACE_BOUND('',#5410,.F.);
#5410 = EDGE_LOOP('',(#5411,#5412,#5413,#5440));
#5411 = ORIENTED_EDGE('',*,*,#2320,.F.);
#5412 = ORIENTED_EDGE('',*,*,#5338,.T.);
#5413 = ORIENTED_EDGE('',*,*,#5414,.T.);
#5414 = EDGE_CURVE('',#5339,#5415,#5417,.T.);
#5415 = VERTEX_POINT('',#5416);
#5416 = CARTESIAN_POINT('',(40.,-19.2,76.5));
#5417 = SURFACE_CURVE('',#5418,(#5423,#5429),.PCURVE_S1.);
#5418 = CIRCLE('',#5419,0.8);
#5419 = AXIS2_PLACEMENT_3D('',#5420,#5421,#5422);
#5420 = CARTESIAN_POINT('',(39.2,-19.2,76.5));
#5421 = DIRECTION('',(0.,-2.339336993435E-16,1.));
#5422 = DIRECTION('',(0.,-1.,-2.339336993435E-16));
#5423 = PCURVE('',#2368,#5424);
#5424 = DEFINITIONAL_REPRESENTATION('',(#5425),#5428);
#5425 = B_SPLINE_CURVE_WITH_KNOTS('',1,(#5426,#5427),.UNSPECIFIED.,.F.,
  .F.,(2,2),(0.,1.570796326795),.PIECEWISE_BEZIER_KNOTS.);
#5426 = CARTESIAN_POINT('',(-1.570796326795,0.));
#5427 = CARTESIAN_POINT('',(-1.570796326795,1.570796326795));
#5428 = ( GEOMETRIC_REPRESENTATION_CONTEXT(2) 
PARAMETRIC_REPRESENTATION_CONTEXT() REPRESENTATION_CONTEXT('2D SPACE',''
  ) );
#5429 = PCURVE('',#5430,#5435);
#5430 = CYLINDRICAL_SURFACE('',#5431,0.8);
#5431 = AXIS2_PLACEMENT_3D('',#5432,#5433,#5434);
#5432 = CARTESIAN_POINT('',(39.2,-19.2,76.5));
#5433 = DIRECTION('',(0.,0.,1.));
#5434 = DIRECTION('',(0.,-1.,0.));
#5435 = DEFINITIONAL_REPRESENTATION('',(#5436),#5439);
#5436 = B_SPLINE_CURVE_WITH_KNOTS('',1,(#5437,#5438),.UNSPECIFIED.,.F.,
  .F.,(2,2),(0.,1.570796326795),.PIECEWISE_BEZIER_KNOTS.);
#5437 = CARTESIAN_POINT('',(0.,0.));
#5438 = CARTESIAN_POINT('',(1.570796326795,0.));
#5439 = ( GEOMETRIC_REPRESENTATION_CONTEXT(2) 
PARAMETRIC_REPRESENTATION_CONTEXT() REPRESENTATION_CONTEXT('2D SPACE',''
  ) );
#5440 = ORIENTED_EDGE('',*,*,#5441,.F.);
#5441 = EDGE_CURVE('',#2323,#5415,#5442,.T.);
#5442 = SURFACE_CURVE('',#5443,(#5448,#5455),.PCURVE_S1.);
#5443 = CIRCLE('',#5444,17.2);
#5444 = AXIS2_PLACEMENT_3D('',#5445,#5446,#5447);
#5445 = CARTESIAN_POINT('',(40.,-2.,76.5));
#5446 = DIRECTION('',(-1.,0.,-0.));
#5447 = DIRECTION('',(0.,1.727013593861E-16,-1.));
#5448 = PCURVE('',#2368,#5449);
#5449 = DEFINITIONAL_REPRESENTATION('',(#5450),#5454);
#5450 = LINE('',#5451,#5452);
#5451 = CARTESIAN_POINT('',(-0.,1.570796326795));
#5452 = VECTOR('',#5453,1.);
#5453 = DIRECTION('',(-1.,0.));
#5454 = ( GEOMETRIC_REPRESENTATION_CONTEXT(2) 
PARAMETRIC_REPRESENTATION_CONTEXT() REPRESENTATION_CONTEXT('2D SPACE',''
  ) );
#5455 = PCURVE('',#2648,#5456);
#5456 = DEFINITIONAL_REPRESENTATION('',(#5457),#5465);
#5457 = ( BOUNDED_CURVE() B_SPLINE_CURVE(2,(#5458,#5459,#5460,#5461,
#5462,#5463,#5464),.UNSPECIFIED.,.T.,.F.) B_SPLINE_CURVE_WITH_KNOTS((1,2
    ,2,2,2,1),(-2.094395102393,0.,2.094395102393,4.188790204786,
6.28318530718,8.377580409573),.UNSPECIFIED.) CURVE() 
GEOMETRIC_REPRESENTATION_ITEM() RATIONAL_B_SPLINE_CURVE((1.,0.5,1.,0.5,
1.,0.5,1.)) REPRESENTATION_ITEM('') );
#5458 = CARTESIAN_POINT('',(1.8,-19.));
#5459 = CARTESIAN_POINT('',(1.8,10.791273890185));
#5460 = CARTESIAN_POINT('',(27.6,-4.104363054908));
#5461 = CARTESIAN_POINT('',(53.4,-19.));
#5462 = CARTESIAN_POINT('',(27.6,-33.89563694509));
#5463 = CARTESIAN_POINT('',(1.8,-48.79127389018));
#5464 = CARTESIAN_POINT('',(1.8,-19.));
#5465 = ( GEOMETRIC_REPRESENTATION_CONTEXT(2) 
PARAMETRIC_REPRESENTATION_CONTEXT() REPRESENTATION_CONTEXT('2D SPACE',''
  ) );
#5466 = ADVANCED_FACE('',(#5467,#5997,#6028,#6059,#6090,#6121,#6127,
    #6158),#2648,.T.);
#5467 = FACE_BOUND('',#5468,.T.);
#5468 = EDGE_LOOP('',(#5469,#5504,#5532,#5560,#5588,#5616,#5644,#5673,
    #5701,#5730,#5751,#5752,#5753,#5774,#5800,#5819,#5820,#5841,#5867,
    #5886,#5887,#5915,#5943,#5971));
#5469 = ORIENTED_EDGE('',*,*,#5470,.F.);
#5470 = EDGE_CURVE('',#5471,#5473,#5475,.T.);
#5471 = VERTEX_POINT('',#5472);
#5472 = CARTESIAN_POINT('',(40.,19.2,76.5));
#5473 = VERTEX_POINT('',#5474);
#5474 = CARTESIAN_POINT('',(40.,18.728418933061,72.5));
#5475 = SURFACE_CURVE('',#5476,(#5481,#5492),.PCURVE_S1.);
#5476 = CIRCLE('',#5477,17.2);
#5477 = AXIS2_PLACEMENT_3D('',#5478,#5479,#5480);
#5478 = CARTESIAN_POINT('',(40.,2.,76.5));
#5479 = DIRECTION('',(-1.,0.,-0.));
#5480 = DIRECTION('',(-0.,1.,0.));
#5481 = PCURVE('',#2648,#5482);
#5482 = DEFINITIONAL_REPRESENTATION('',(#5483),#5491);
#5483 = ( BOUNDED_CURVE() B_SPLINE_CURVE(2,(#5484,#5485,#5486,#5487,
#5488,#5489,#5490),.UNSPECIFIED.,.T.,.F.) B_SPLINE_CURVE_WITH_KNOTS((1,2
    ,2,2,2,1),(-2.094395102393,0.,2.094395102393,4.188790204786,
6.28318530718,8.377580409573),.UNSPECIFIED.) CURVE() 
GEOMETRIC_REPRESENTATION_ITEM() RATIONAL_B_SPLINE_CURVE((1.,0.5,1.,0.5,
1.,0.5,1.)) REPRESENTATION_ITEM('') );
#5484 = CARTESIAN_POINT('',(19.,-40.2));
#5485 = CARTESIAN_POINT('',(-10.79127389018,-40.2));
#5486 = CARTESIAN_POINT('',(4.104363054908,-14.4));
#5487 = CARTESIAN_POINT('',(19.,11.4));
#5488 = CARTESIAN_POINT('',(33.895636945092,-14.4));
#5489 = CARTESIAN_POINT('',(48.791273890185,-40.2));
#5490 = CARTESIAN_POINT('',(19.,-40.2));
#5491 = ( GEOMETRIC_REPRESENTATION_CONTEXT(2) 
PARAMETRIC_REPRESENTATION_CONTEXT() REPRESENTATION_CONTEXT('2D SPACE',''
  ) );
#5492 = PCURVE('',#5493,#5498);
#5493 = TOROIDAL_SURFACE('',#5494,17.2,0.8);
#5494 = AXIS2_PLACEMENT_3D('',#5495,#5496,#5497);
#5495 = CARTESIAN_POINT('',(39.2,2.,76.5));
#5496 = DIRECTION('',(1.,0.,0.));
#5497 = DIRECTION('',(-0.,1.,0.));
#5498 = DEFINITIONAL_REPRESENTATION('',(#5499),#5503);
#5499 = LINE('',#5500,#5501);
#5500 = CARTESIAN_POINT('',(-0.,1.570796326795));
#5501 = VECTOR('',#5502,1.);
#5502 = DIRECTION('',(-1.,0.));
#5503 = ( GEOMETRIC_REPRESENTATION_CONTEXT(2) 
PARAMETRIC_REPRESENTATION_CONTEXT() REPRESENTATION_CONTEXT('2D SPACE',''
  ) );
#5504 = ORIENTED_EDGE('',*,*,#5505,.T.);
#5505 = EDGE_CURVE('',#5471,#5506,#5508,.T.);
#5506 = VERTEX_POINT('',#5507);
#5507 = CARTESIAN_POINT('',(40.,19.2,80.));
#5508 = SURFACE_CURVE('',#5509,(#5513,#5520),.PCURVE_S1.);
#5509 = LINE('',#5510,#5511);
#5510 = CARTESIAN_POINT('',(40.,19.2,76.5));
#5511 = VECTOR('',#5512,1.);
#5512 = DIRECTION('',(0.,0.,1.));
#5513 = PCURVE('',#2648,#5514);
#5514 = DEFINITIONAL_REPRESENTATION('',(#5515),#5519);
#5515 = LINE('',#5516,#5517);
#5516 = CARTESIAN_POINT('',(19.,-40.2));
#5517 = VECTOR('',#5518,1.);
#5518 = DIRECTION('',(1.,0.));
#5519 = ( GEOMETRIC_REPRESENTATION_CONTEXT(2) 
PARAMETRIC_REPRESENTATION_CONTEXT() REPRESENTATION_CONTEXT('2D SPACE',''
  ) );
#5520 = PCURVE('',#5521,#5526);
#5521 = CYLINDRICAL_SURFACE('',#5522,0.8);
#5522 = AXIS2_PLACEMENT_3D('',#5523,#5524,#5525);
#5523 = CARTESIAN_POINT('',(39.2,19.2,109.));
#5524 = DIRECTION('',(-0.,-0.,-1.));
#5525 = DIRECTION('',(0.,1.,-0.));
#5526 = DEFINITIONAL_REPRESENTATION('',(#5527),#5531);
#5527 = LINE('',#5528,#5529);
#5528 = CARTESIAN_POINT('',(1.570796326795,32.5));
#5529 = VECTOR('',#5530,1.);
#5530 = DIRECTION('',(-0.,-1.));
#5531 = ( GEOMETRIC_REPRESENTATION_CONTEXT(2) 
PARAMETRIC_REPRESENTATION_CONTEXT() REPRESENTATION_CONTEXT('2D SPACE',''
  ) );
#5532 = ORIENTED_EDGE('',*,*,#5533,.F.);
#5533 = EDGE_CURVE('',#5534,#5506,#5536,.T.);
#5534 = VERTEX_POINT('',#5535);
#5535 = CARTESIAN_POINT('',(40.,23.,80.));
#5536 = SURFACE_CURVE('',#5537,(#5541,#5548),.PCURVE_S1.);
#5537 = LINE('',#5538,#5539);
#5538 = CARTESIAN_POINT('',(40.,23.,80.));
#5539 = VECTOR('',#5540,1.);
#5540 = DIRECTION('',(0.,-1.,-0.));
#5541 = PCURVE('',#2648,#5542);
#5542 = DEFINITIONAL_REPRESENTATION('',(#5543),#5547);
#5543 = LINE('',#5544,#5545);
#5544 = CARTESIAN_POINT('',(22.5,-44.));
#5545 = VECTOR('',#5546,1.);
#5546 = DIRECTION('',(0.,1.));
#5547 = ( GEOMETRIC_REPRESENTATION_CONTEXT(2) 
PARAMETRIC_REPRESENTATION_CONTEXT() REPRESENTATION_CONTEXT('2D SPACE',''
  ) );
#5548 = PCURVE('',#5549,#5554);
#5549 = CYLINDRICAL_SURFACE('',#5550,0.5);
#5550 = AXIS2_PLACEMENT_3D('',#5551,#5552,#5553);
#5551 = CARTESIAN_POINT('',(39.5,23.,80.));
#5552 = DIRECTION('',(0.,-1.,-0.));
#5553 = DIRECTION('',(1.,0.,0.));
#5554 = DEFINITIONAL_REPRESENTATION('',(#5555),#5559);
#5555 = LINE('',#5556,#5557);
#5556 = CARTESIAN_POINT('',(-0.,0.));
#5557 = VECTOR('',#5558,1.);
#5558 = DIRECTION('',(-0.,1.));
#5559 = ( GEOMETRIC_REPRESENTATION_CONTEXT(2) 
PARAMETRIC_REPRESENTATION_CONTEXT() REPRESENTATION_CONTEXT('2D SPACE',''
  ) );
#5560 = ORIENTED_EDGE('',*,*,#5561,.T.);
#5561 = EDGE_CURVE('',#5534,#5562,#5564,.T.);
#5562 = VERTEX_POINT('',#5563);
#5563 = CARTESIAN_POINT('',(40.,23.,84.));
#5564 = SURFACE_CURVE('',#5565,(#5569,#5576),.PCURVE_S1.);
#5565 = LINE('',#5566,#5567);
#5566 = CARTESIAN_POINT('',(40.,23.,79.5));
#5567 = VECTOR('',#5568,1.);
#5568 = DIRECTION('',(0.,0.,1.));
#5569 = PCURVE('',#2648,#5570);
#5570 = DEFINITIONAL_REPRESENTATION('',(#5571),#5575);
#5571 = LINE('',#5572,#5573);
#5572 = CARTESIAN_POINT('',(22.,-44.));
#5573 = VECTOR('',#5574,1.);
#5574 = DIRECTION('',(1.,0.));
#5575 = ( GEOMETRIC_REPRESENTATION_CONTEXT(2) 
PARAMETRIC_REPRESENTATION_CONTEXT() REPRESENTATION_CONTEXT('2D SPACE',''
  ) );
#5576 = PCURVE('',#5577,#5582);
#5577 = CYLINDRICAL_SURFACE('',#5578,1.);
#5578 = AXIS2_PLACEMENT_3D('',#5579,#5580,#5581);
#5579 = CARTESIAN_POINT('',(39.,23.,79.5));
#5580 = DIRECTION('',(0.,0.,1.));
#5581 = DIRECTION('',(1.,0.,-0.));
#5582 = DEFINITIONAL_REPRESENTATION('',(#5583),#5587);
#5583 = LINE('',#5584,#5585);
#5584 = CARTESIAN_POINT('',(0.,0.));
#5585 = VECTOR('',#5586,1.);
#5586 = DIRECTION('',(0.,1.));
#5587 = ( GEOMETRIC_REPRESENTATION_CONTEXT(2) 
PARAMETRIC_REPRESENTATION_CONTEXT() REPRESENTATION_CONTEXT('2D SPACE',''
  ) );
#5588 = ORIENTED_EDGE('',*,*,#5589,.T.);
#5589 = EDGE_CURVE('',#5562,#5590,#5592,.T.);
#5590 = VERTEX_POINT('',#5591);
#5591 = CARTESIAN_POINT('',(40.,19.2,84.));
#5592 = SURFACE_CURVE('',#5593,(#5597,#5604),.PCURVE_S1.);
#5593 = LINE('',#5594,#5595);
#5594 = CARTESIAN_POINT('',(40.,23.,84.));
#5595 = VECTOR('',#5596,1.);
#5596 = DIRECTION('',(0.,-1.,-0.));
#5597 = PCURVE('',#2648,#5598);
#5598 = DEFINITIONAL_REPRESENTATION('',(#5599),#5603);
#5599 = LINE('',#5600,#5601);
#5600 = CARTESIAN_POINT('',(26.5,-44.));
#5601 = VECTOR('',#5602,1.);
#5602 = DIRECTION('',(0.,1.));
#5603 = ( GEOMETRIC_REPRESENTATION_CONTEXT(2) 
PARAMETRIC_REPRESENTATION_CONTEXT() REPRESENTATION_CONTEXT('2D SPACE',''
  ) );
#5604 = PCURVE('',#5605,#5610);
#5605 = CYLINDRICAL_SURFACE('',#5606,0.5);
#5606 = AXIS2_PLACEMENT_3D('',#5607,#5608,#5609);
#5607 = CARTESIAN_POINT('',(39.5,23.,84.));
#5608 = DIRECTION('',(0.,-1.,-0.));
#5609 = DIRECTION('',(1.,0.,0.));
#5610 = DEFINITIONAL_REPRESENTATION('',(#5611),#5615);
#5611 = LINE('',#5612,#5613);
#5612 = CARTESIAN_POINT('',(0.,0.));
#5613 = VECTOR('',#5614,1.);
#5614 = DIRECTION('',(0.,1.));
#5615 = ( GEOMETRIC_REPRESENTATION_CONTEXT(2) 
PARAMETRIC_REPRESENTATION_CONTEXT() REPRESENTATION_CONTEXT('2D SPACE',''
  ) );
#5616 = ORIENTED_EDGE('',*,*,#5617,.T.);
#5617 = EDGE_CURVE('',#5590,#5618,#5620,.T.);
#5618 = VERTEX_POINT('',#5619);
#5619 = CARTESIAN_POINT('',(40.,19.2,109.));
#5620 = SURFACE_CURVE('',#5621,(#5625,#5632),.PCURVE_S1.);
#5621 = LINE('',#5622,#5623);
#5622 = CARTESIAN_POINT('',(40.,19.2,76.5));
#5623 = VECTOR('',#5624,1.);
#5624 = DIRECTION('',(0.,0.,1.));
#5625 = PCURVE('',#2648,#5626);
#5626 = DEFINITIONAL_REPRESENTATION('',(#5627),#5631);
#5627 = LINE('',#5628,#5629);
#5628 = CARTESIAN_POINT('',(19.,-40.2));
#5629 = VECTOR('',#5630,1.);
#5630 = DIRECTION('',(1.,0.));
#5631 = ( GEOMETRIC_REPRESENTATION_CONTEXT(2) 
PARAMETRIC_REPRESENTATION_CONTEXT() REPRESENTATION_CONTEXT('2D SPACE',''
  ) );
#5632 = PCURVE('',#5633,#5638);
#5633 = CYLINDRICAL_SURFACE('',#5634,0.8);
#5634 = AXIS2_PLACEMENT_3D('',#5635,#5636,#5637);
#5635 = CARTESIAN_POINT('',(39.2,19.2,109.));
#5636 = DIRECTION('',(-0.,-0.,-1.));
#5637 = DIRECTION('',(0.,1.,-0.));
#5638 = DEFINITIONAL_REPRESENTATION('',(#5639),#5643);
#5639 = LINE('',#5640,#5641);
#5640 = CARTESIAN_POINT('',(1.570796326795,32.5));
#5641 = VECTOR('',#5642,1.);
#5642 = DIRECTION('',(-0.,-1.));
#5643 = ( GEOMETRIC_REPRESENTATION_CONTEXT(2) 
PARAMETRIC_REPRESENTATION_CONTEXT() REPRESENTATION_CONTEXT('2D SPACE',''
  ) );
#5644 = ORIENTED_EDGE('',*,*,#5645,.T.);
#5645 = EDGE_CURVE('',#5618,#5646,#5648,.T.);
#5646 = VERTEX_POINT('',#5647);
#5647 = CARTESIAN_POINT('',(40.,2.,126.2));
#5648 = SURFACE_CURVE('',#5649,(#5654,#5661),.PCURVE_S1.);
#5649 = CIRCLE('',#5650,17.2);
#5650 = AXIS2_PLACEMENT_3D('',#5651,#5652,#5653);
#5651 = CARTESIAN_POINT('',(40.,2.,109.));
#5652 = DIRECTION('',(1.,0.,0.));
#5653 = DIRECTION('',(-0.,1.,0.));
#5654 = PCURVE('',#2648,#5655);
#5655 = DEFINITIONAL_REPRESENTATION('',(#5656),#5660);
#5656 = CIRCLE('',#5657,17.2);
#5657 = AXIS2_PLACEMENT_2D('',#5658,#5659);
#5658 = CARTESIAN_POINT('',(51.5,-23.));
#5659 = DIRECTION('',(0.,-1.));
#5660 = ( GEOMETRIC_REPRESENTATION_CONTEXT(2) 
PARAMETRIC_REPRESENTATION_CONTEXT() REPRESENTATION_CONTEXT('2D SPACE',''
  ) );
#5661 = PCURVE('',#5662,#5667);
#5662 = TOROIDAL_SURFACE('',#5663,17.2,0.8);
#5663 = AXIS2_PLACEMENT_3D('',#5664,#5665,#5666);
#5664 = CARTESIAN_POINT('',(39.2,2.,109.));
#5665 = DIRECTION('',(1.,0.,0.));
#5666 = DIRECTION('',(0.,-6.167905692362E-17,1.));
#5667 = DEFINITIONAL_REPRESENTATION('',(#5668),#5672);
#5668 = LINE('',#5669,#5670);
#5669 = CARTESIAN_POINT('',(-1.570796326795,1.570796326795));
#5670 = VECTOR('',#5671,1.);
#5671 = DIRECTION('',(1.,-0.));
#5672 = ( GEOMETRIC_REPRESENTATION_CONTEXT(2) 
PARAMETRIC_REPRESENTATION_CONTEXT() REPRESENTATION_CONTEXT('2D SPACE',''
  ) );
#5673 = ORIENTED_EDGE('',*,*,#5674,.F.);
#5674 = EDGE_CURVE('',#5675,#5646,#5677,.T.);
#5675 = VERTEX_POINT('',#5676);
#5676 = CARTESIAN_POINT('',(40.,-2.,126.2));
#5677 = SURFACE_CURVE('',#5678,(#5682,#5689),.PCURVE_S1.);
#5678 = LINE('',#5679,#5680);
#5679 = CARTESIAN_POINT('',(40.,-2.,126.2));
#5680 = VECTOR('',#5681,1.);
#5681 = DIRECTION('',(0.,1.,0.));
#5682 = PCURVE('',#2648,#5683);
#5683 = DEFINITIONAL_REPRESENTATION('',(#5684),#5688);
#5684 = LINE('',#5685,#5686);
#5685 = CARTESIAN_POINT('',(68.7,-19.));
#5686 = VECTOR('',#5687,1.);
#5687 = DIRECTION('',(0.,-1.));
#5688 = ( GEOMETRIC_REPRESENTATION_CONTEXT(2) 
PARAMETRIC_REPRESENTATION_CONTEXT() REPRESENTATION_CONTEXT('2D SPACE',''
  ) );
#5689 = PCURVE('',#5690,#5695);
#5690 = CYLINDRICAL_SURFACE('',#5691,0.8);
#5691 = AXIS2_PLACEMENT_3D('',#5692,#5693,#5694);
#5692 = CARTESIAN_POINT('',(39.2,-2.,126.2));
#5693 = DIRECTION('',(0.,1.,0.));
#5694 = DIRECTION('',(0.,-0.,1.));
#5695 = DEFINITIONAL_REPRESENTATION('',(#5696),#5700);
#5696 = LINE('',#5697,#5698);
#5697 = CARTESIAN_POINT('',(1.570796326795,0.));
#5698 = VECTOR('',#5699,1.);
#5699 = DIRECTION('',(0.,1.));
#5700 = ( GEOMETRIC_REPRESENTATION_CONTEXT(2) 
PARAMETRIC_REPRESENTATION_CONTEXT() REPRESENTATION_CONTEXT('2D SPACE',''
  ) );
#5701 = ORIENTED_EDGE('',*,*,#5702,.T.);
#5702 = EDGE_CURVE('',#5675,#5703,#5705,.T.);
#5703 = VERTEX_POINT('',#5704);
#5704 = CARTESIAN_POINT('',(40.,-19.2,109.));
#5705 = SURFACE_CURVE('',#5706,(#5711,#5718),.PCURVE_S1.);
#5706 = CIRCLE('',#5707,17.2);
#5707 = AXIS2_PLACEMENT_3D('',#5708,#5709,#5710);
#5708 = CARTESIAN_POINT('',(40.,-2.,109.));
#5709 = DIRECTION('',(1.,0.,-0.));
#5710 = DIRECTION('',(0.,0.,1.));
#5711 = PCURVE('',#2648,#5712);
#5712 = DEFINITIONAL_REPRESENTATION('',(#5713),#5717);
#5713 = CIRCLE('',#5714,17.2);
#5714 = AXIS2_PLACEMENT_2D('',#5715,#5716);
#5715 = CARTESIAN_POINT('',(51.5,-19.));
#5716 = DIRECTION('',(1.,0.));
#5717 = ( GEOMETRIC_REPRESENTATION_CONTEXT(2) 
PARAMETRIC_REPRESENTATION_CONTEXT() REPRESENTATION_CONTEXT('2D SPACE',''
  ) );
#5718 = PCURVE('',#5719,#5724);
#5719 = TOROIDAL_SURFACE('',#5720,17.2,0.8);
#5720 = AXIS2_PLACEMENT_3D('',#5721,#5722,#5723);
#5721 = CARTESIAN_POINT('',(39.2,-2.,109.));
#5722 = DIRECTION('',(1.,0.,0.));
#5723 = DIRECTION('',(0.,-1.,0.));
#5724 = DEFINITIONAL_REPRESENTATION('',(#5725),#5729);
#5725 = LINE('',#5726,#5727);
#5726 = CARTESIAN_POINT('',(-1.570796326795,1.570796326795));
#5727 = VECTOR('',#5728,1.);
#5728 = DIRECTION('',(1.,-0.));
#5729 = ( GEOMETRIC_REPRESENTATION_CONTEXT(2) 
PARAMETRIC_REPRESENTATION_CONTEXT() REPRESENTATION_CONTEXT('2D SPACE',''
  ) );
#5730 = ORIENTED_EDGE('',*,*,#5731,.F.);
#5731 = EDGE_CURVE('',#5415,#5703,#5732,.T.);
#5732 = SURFACE_CURVE('',#5733,(#5737,#5744),.PCURVE_S1.);
#5733 = LINE('',#5734,#5735);
#5734 = CARTESIAN_POINT('',(40.,-19.2,76.5));
#5735 = VECTOR('',#5736,1.);
#5736 = DIRECTION('',(0.,0.,1.));
#5737 = PCURVE('',#2648,#5738);
#5738 = DEFINITIONAL_REPRESENTATION('',(#5739),#5743);
#5739 = LINE('',#5740,#5741);
#5740 = CARTESIAN_POINT('',(19.,-1.8));
#5741 = VECTOR('',#5742,1.);
#5742 = DIRECTION('',(1.,0.));
#5743 = ( GEOMETRIC_REPRESENTATION_CONTEXT(2) 
PARAMETRIC_REPRESENTATION_CONTEXT() REPRESENTATION_CONTEXT('2D SPACE',''
  ) );
#5744 = PCURVE('',#5430,#5745);
#5745 = DEFINITIONAL_REPRESENTATION('',(#5746),#5750);
#5746 = LINE('',#5747,#5748);
#5747 = CARTESIAN_POINT('',(1.570796326795,0.));
#5748 = VECTOR('',#5749,1.);
#5749 = DIRECTION('',(0.,1.));
#5750 = ( GEOMETRIC_REPRESENTATION_CONTEXT(2) 
PARAMETRIC_REPRESENTATION_CONTEXT() REPRESENTATION_CONTEXT('2D SPACE',''
  ) );
#5751 = ORIENTED_EDGE('',*,*,#5441,.F.);
#5752 = ORIENTED_EDGE('',*,*,#2788,.F.);
#5753 = ORIENTED_EDGE('',*,*,#5754,.T.);
#5754 = EDGE_CURVE('',#2765,#5755,#5757,.T.);
#5755 = VERTEX_POINT('',#5756);
#5756 = CARTESIAN_POINT('',(40.,-12.49799919935,66.6));
#5757 = SURFACE_CURVE('',#5758,(#5762,#5768),.PCURVE_S1.);
#5758 = LINE('',#5759,#5760);
#5759 = CARTESIAN_POINT('',(40.,-12.49799919935,64.5));
#5760 = VECTOR('',#5761,1.);
#5761 = DIRECTION('',(0.,0.,1.));
#5762 = PCURVE('',#2648,#5763);
#5763 = DEFINITIONAL_REPRESENTATION('',(#5764),#5767);
#5764 = B_SPLINE_CURVE_WITH_KNOTS('',1,(#5765,#5766),.UNSPECIFIED.,.F.,
  .F.,(2,2),(-6.000000070117E-07,2.1000006),.PIECEWISE_BEZIER_KNOTS.);
#5765 = CARTESIAN_POINT('',(6.9999994,-8.502000800641));
#5766 = CARTESIAN_POINT('',(9.1000006,-8.502000800641));
#5767 = ( GEOMETRIC_REPRESENTATION_CONTEXT(2) 
PARAMETRIC_REPRESENTATION_CONTEXT() REPRESENTATION_CONTEXT('2D SPACE',''
  ) );
#5768 = PCURVE('',#2752,#5769);
#5769 = DEFINITIONAL_REPRESENTATION('',(#5770),#5773);
#5770 = B_SPLINE_CURVE_WITH_KNOTS('',1,(#5771,#5772),.UNSPECIFIED.,.F.,
  .F.,(2,2),(-6.000000070117E-07,2.1000006),.PIECEWISE_BEZIER_KNOTS.);
#5771 = CARTESIAN_POINT('',(4.037257447448,-6.000000070117E-07));
#5772 = CARTESIAN_POINT('',(4.037257447448,2.1000006));
#5773 = ( GEOMETRIC_REPRESENTATION_CONTEXT(2) 
PARAMETRIC_REPRESENTATION_CONTEXT() REPRESENTATION_CONTEXT('2D SPACE',''
  ) );
#5774 = ORIENTED_EDGE('',*,*,#5775,.F.);
#5775 = EDGE_CURVE('',#5776,#5755,#5778,.T.);
#5776 = VERTEX_POINT('',#5777);
#5777 = CARTESIAN_POINT('',(40.,-7.502000800641,66.6));
#5778 = SURFACE_CURVE('',#5779,(#5783,#5789),.PCURVE_S1.);
#5779 = LINE('',#5780,#5781);
#5780 = CARTESIAN_POINT('',(40.,-15.5,66.6));
#5781 = VECTOR('',#5782,1.);
#5782 = DIRECTION('',(0.,-1.,0.));
#5783 = PCURVE('',#2648,#5784);
#5784 = DEFINITIONAL_REPRESENTATION('',(#5785),#5788);
#5785 = B_SPLINE_CURVE_WITH_KNOTS('',1,(#5786,#5787),.UNSPECIFIED.,.F.,
  .F.,(2,2),(-8.7,-2.3),.PIECEWISE_BEZIER_KNOTS.);
#5786 = CARTESIAN_POINT('',(9.1,-14.2));
#5787 = CARTESIAN_POINT('',(9.1,-7.8));
#5788 = ( GEOMETRIC_REPRESENTATION_CONTEXT(2) 
PARAMETRIC_REPRESENTATION_CONTEXT() REPRESENTATION_CONTEXT('2D SPACE',''
  ) );
#5789 = PCURVE('',#5790,#5795);
#5790 = PLANE('',#5791);
#5791 = AXIS2_PLACEMENT_3D('',#5792,#5793,#5794);
#5792 = CARTESIAN_POINT('',(42.,-10.,66.6));
#5793 = DIRECTION('',(0.,0.,1.));
#5794 = DIRECTION('',(1.,0.,-0.));
#5795 = DEFINITIONAL_REPRESENTATION('',(#5796),#5799);
#5796 = B_SPLINE_CURVE_WITH_KNOTS('',1,(#5797,#5798),.UNSPECIFIED.,.F.,
  .F.,(2,2),(-8.7,-2.3),.PIECEWISE_BEZIER_KNOTS.);
#5797 = CARTESIAN_POINT('',(-2.,3.2));
#5798 = CARTESIAN_POINT('',(-2.,-3.2));
#5799 = ( GEOMETRIC_REPRESENTATION_CONTEXT(2) 
PARAMETRIC_REPRESENTATION_CONTEXT() REPRESENTATION_CONTEXT('2D SPACE',''
  ) );
#5800 = ORIENTED_EDGE('',*,*,#5801,.F.);
#5801 = EDGE_CURVE('',#2714,#5776,#5802,.T.);
#5802 = SURFACE_CURVE('',#5803,(#5807,#5813),.PCURVE_S1.);
#5803 = LINE('',#5804,#5805);
#5804 = CARTESIAN_POINT('',(40.,-7.502000800641,64.5));
#5805 = VECTOR('',#5806,1.);
#5806 = DIRECTION('',(0.,0.,1.));
#5807 = PCURVE('',#2648,#5808);
#5808 = DEFINITIONAL_REPRESENTATION('',(#5809),#5812);
#5809 = B_SPLINE_CURVE_WITH_KNOTS('',1,(#5810,#5811),.UNSPECIFIED.,.F.,
  .F.,(2,2),(-6.000000070117E-07,2.1000006),.PIECEWISE_BEZIER_KNOTS.);
#5810 = CARTESIAN_POINT('',(6.9999994,-13.49799919935));
#5811 = CARTESIAN_POINT('',(9.1000006,-13.49799919935));
#5812 = ( GEOMETRIC_REPRESENTATION_CONTEXT(2) 
PARAMETRIC_REPRESENTATION_CONTEXT() REPRESENTATION_CONTEXT('2D SPACE',''
  ) );
#5813 = PCURVE('',#2752,#5814);
#5814 = DEFINITIONAL_REPRESENTATION('',(#5815),#5818);
#5815 = B_SPLINE_CURVE_WITH_KNOTS('',1,(#5816,#5817),.UNSPECIFIED.,.F.,
  .F.,(2,2),(-6.000000070117E-07,2.1000006),.PIECEWISE_BEZIER_KNOTS.);
#5816 = CARTESIAN_POINT('',(2.245927859732,-6.000000070117E-07));
#5817 = CARTESIAN_POINT('',(2.245927859732,2.1000006));
#5818 = ( GEOMETRIC_REPRESENTATION_CONTEXT(2) 
PARAMETRIC_REPRESENTATION_CONTEXT() REPRESENTATION_CONTEXT('2D SPACE',''
  ) );
#5819 = ORIENTED_EDGE('',*,*,#2713,.F.);
#5820 = ORIENTED_EDGE('',*,*,#5821,.T.);
#5821 = EDGE_CURVE('',#2690,#5822,#5824,.T.);
#5822 = VERTEX_POINT('',#5823);
#5823 = CARTESIAN_POINT('',(40.,7.502000800641,66.6));
#5824 = SURFACE_CURVE('',#5825,(#5829,#5835),.PCURVE_S1.);
#5825 = LINE('',#5826,#5827);
#5826 = CARTESIAN_POINT('',(40.,7.502000800641,64.5));
#5827 = VECTOR('',#5828,1.);
#5828 = DIRECTION('',(0.,0.,1.));
#5829 = PCURVE('',#2648,#5830);
#5830 = DEFINITIONAL_REPRESENTATION('',(#5831),#5834);
#5831 = B_SPLINE_CURVE_WITH_KNOTS('',1,(#5832,#5833),.UNSPECIFIED.,.F.,
  .F.,(2,2),(-6.000000070117E-07,2.1000006),.PIECEWISE_BEZIER_KNOTS.);
#5832 = CARTESIAN_POINT('',(6.9999994,-28.50200080064));
#5833 = CARTESIAN_POINT('',(9.1000006,-28.50200080064));
#5834 = ( GEOMETRIC_REPRESENTATION_CONTEXT(2) 
PARAMETRIC_REPRESENTATION_CONTEXT() REPRESENTATION_CONTEXT('2D SPACE',''
  ) );
#5835 = PCURVE('',#2677,#5836);
#5836 = DEFINITIONAL_REPRESENTATION('',(#5837),#5840);
#5837 = B_SPLINE_CURVE_WITH_KNOTS('',1,(#5838,#5839),.UNSPECIFIED.,.F.,
  .F.,(2,2),(-6.000000070117E-07,2.1000006),.PIECEWISE_BEZIER_KNOTS.);
#5838 = CARTESIAN_POINT('',(4.037257447448,-6.000000070117E-07));
#5839 = CARTESIAN_POINT('',(4.037257447448,2.1000006));
#5840 = ( GEOMETRIC_REPRESENTATION_CONTEXT(2) 
PARAMETRIC_REPRESENTATION_CONTEXT() REPRESENTATION_CONTEXT('2D SPACE',''
  ) );
#5841 = ORIENTED_EDGE('',*,*,#5842,.F.);
#5842 = EDGE_CURVE('',#5843,#5822,#5845,.T.);
#5843 = VERTEX_POINT('',#5844);
#5844 = CARTESIAN_POINT('',(40.,12.497999199359,66.6));
#5845 = SURFACE_CURVE('',#5846,(#5850,#5856),.PCURVE_S1.);
#5846 = LINE('',#5847,#5848);
#5847 = CARTESIAN_POINT('',(40.,-5.5,66.6));
#5848 = VECTOR('',#5849,1.);
#5849 = DIRECTION('',(0.,-1.,0.));
#5850 = PCURVE('',#2648,#5851);
#5851 = DEFINITIONAL_REPRESENTATION('',(#5852),#5855);
#5852 = B_SPLINE_CURVE_WITH_KNOTS('',1,(#5853,#5854),.UNSPECIFIED.,.F.,
  .F.,(2,2),(-18.7,-12.3),.PIECEWISE_BEZIER_KNOTS.);
#5853 = CARTESIAN_POINT('',(9.1,-34.2));
#5854 = CARTESIAN_POINT('',(9.1,-27.8));
#5855 = ( GEOMETRIC_REPRESENTATION_CONTEXT(2) 
PARAMETRIC_REPRESENTATION_CONTEXT() REPRESENTATION_CONTEXT('2D SPACE',''
  ) );
#5856 = PCURVE('',#5857,#5862);
#5857 = PLANE('',#5858);
#5858 = AXIS2_PLACEMENT_3D('',#5859,#5860,#5861);
#5859 = CARTESIAN_POINT('',(42.,10.,66.6));
#5860 = DIRECTION('',(0.,0.,1.));
#5861 = DIRECTION('',(1.,0.,-0.));
#5862 = DEFINITIONAL_REPRESENTATION('',(#5863),#5866);
#5863 = B_SPLINE_CURVE_WITH_KNOTS('',1,(#5864,#5865),.UNSPECIFIED.,.F.,
  .F.,(2,2),(-18.7,-12.3),.PIECEWISE_BEZIER_KNOTS.);
#5864 = CARTESIAN_POINT('',(-2.,3.2));
#5865 = CARTESIAN_POINT('',(-2.,-3.2));
#5866 = ( GEOMETRIC_REPRESENTATION_CONTEXT(2) 
PARAMETRIC_REPRESENTATION_CONTEXT() REPRESENTATION_CONTEXT('2D SPACE',''
  ) );
#5867 = ORIENTED_EDGE('',*,*,#5868,.F.);
#5868 = EDGE_CURVE('',#2634,#5843,#5869,.T.);
#5869 = SURFACE_CURVE('',#5870,(#5874,#5880),.PCURVE_S1.);
#5870 = LINE('',#5871,#5872);
#5871 = CARTESIAN_POINT('',(40.,12.497999199359,64.5));
#5872 = VECTOR('',#5873,1.);
#5873 = DIRECTION('',(0.,0.,1.));
#5874 = PCURVE('',#2648,#5875);
#5875 = DEFINITIONAL_REPRESENTATION('',(#5876),#5879);
#5876 = B_SPLINE_CURVE_WITH_KNOTS('',1,(#5877,#5878),.UNSPECIFIED.,.F.,
  .F.,(2,2),(-6.000000070117E-07,2.1000006),.PIECEWISE_BEZIER_KNOTS.);
#5877 = CARTESIAN_POINT('',(6.9999994,-33.49799919935));
#5878 = CARTESIAN_POINT('',(9.1000006,-33.49799919935));
#5879 = ( GEOMETRIC_REPRESENTATION_CONTEXT(2) 
PARAMETRIC_REPRESENTATION_CONTEXT() REPRESENTATION_CONTEXT('2D SPACE',''
  ) );
#5880 = PCURVE('',#2677,#5881);
#5881 = DEFINITIONAL_REPRESENTATION('',(#5882),#5885);
#5882 = B_SPLINE_CURVE_WITH_KNOTS('',1,(#5883,#5884),.UNSPECIFIED.,.F.,
  .F.,(2,2),(-6.000000070117E-07,2.1000006),.PIECEWISE_BEZIER_KNOTS.);
#5883 = CARTESIAN_POINT('',(2.245927859732,-6.000000070117E-07));
#5884 = CARTESIAN_POINT('',(2.245927859732,2.1000006));
#5885 = ( GEOMETRIC_REPRESENTATION_CONTEXT(2) 
PARAMETRIC_REPRESENTATION_CONTEXT() REPRESENTATION_CONTEXT('2D SPACE',''
  ) );
#5886 = ORIENTED_EDGE('',*,*,#2633,.F.);
#5887 = ORIENTED_EDGE('',*,*,#5888,.F.);
#5888 = EDGE_CURVE('',#5889,#2561,#5891,.T.);
#5889 = VERTEX_POINT('',#5890);
#5890 = CARTESIAN_POINT('',(40.,17.22629304854,68.5));
#5891 = SURFACE_CURVE('',#5892,(#5897,#5908),.PCURVE_S1.);
#5892 = CIRCLE('',#5893,17.2);
#5893 = AXIS2_PLACEMENT_3D('',#5894,#5895,#5896);
#5894 = CARTESIAN_POINT('',(40.,2.,76.5));
#5895 = DIRECTION('',(-1.,0.,-0.));
#5896 = DIRECTION('',(-0.,1.,0.));
#5897 = PCURVE('',#2648,#5898);
#5898 = DEFINITIONAL_REPRESENTATION('',(#5899),#5907);
#5899 = ( BOUNDED_CURVE() B_SPLINE_CURVE(2,(#5900,#5901,#5902,#5903,
#5904,#5905,#5906),.UNSPECIFIED.,.T.,.F.) B_SPLINE_CURVE_WITH_KNOTS((1,2
    ,2,2,2,1),(-2.094395102393,0.,2.094395102393,4.188790204786,
6.28318530718,8.377580409573),.UNSPECIFIED.) CURVE() 
GEOMETRIC_REPRESENTATION_ITEM() RATIONAL_B_SPLINE_CURVE((1.,0.5,1.,0.5,
1.,0.5,1.)) REPRESENTATION_ITEM('') );
#5900 = CARTESIAN_POINT('',(19.,-40.2));
#5901 = CARTESIAN_POINT('',(-10.79127389018,-40.2));
#5902 = CARTESIAN_POINT('',(4.104363054908,-14.4));
#5903 = CARTESIAN_POINT('',(19.,11.4));
#5904 = CARTESIAN_POINT('',(33.895636945092,-14.4));
#5905 = CARTESIAN_POINT('',(48.791273890185,-40.2));
#5906 = CARTESIAN_POINT('',(19.,-40.2));
#5907 = ( GEOMETRIC_REPRESENTATION_CONTEXT(2) 
PARAMETRIC_REPRESENTATION_CONTEXT() REPRESENTATION_CONTEXT('2D SPACE',''
  ) );
#5908 = PCURVE('',#2606,#5909);
#5909 = DEFINITIONAL_REPRESENTATION('',(#5910),#5914);
#5910 = LINE('',#5911,#5912);
#5911 = CARTESIAN_POINT('',(-0.,1.570796326795));
#5912 = VECTOR('',#5913,1.);
#5913 = DIRECTION('',(-1.,0.));
#5914 = ( GEOMETRIC_REPRESENTATION_CONTEXT(2) 
PARAMETRIC_REPRESENTATION_CONTEXT() REPRESENTATION_CONTEXT('2D SPACE',''
  ) );
#5915 = ORIENTED_EDGE('',*,*,#5916,.F.);
#5916 = EDGE_CURVE('',#5917,#5889,#5919,.T.);
#5917 = VERTEX_POINT('',#5918);
#5918 = CARTESIAN_POINT('',(40.,23.,68.5));
#5919 = SURFACE_CURVE('',#5920,(#5924,#5931),.PCURVE_S1.);
#5920 = LINE('',#5921,#5922);
#5921 = CARTESIAN_POINT('',(40.,23.,68.5));
#5922 = VECTOR('',#5923,1.);
#5923 = DIRECTION('',(0.,-1.,-0.));
#5924 = PCURVE('',#2648,#5925);
#5925 = DEFINITIONAL_REPRESENTATION('',(#5926),#5930);
#5926 = LINE('',#5927,#5928);
#5927 = CARTESIAN_POINT('',(11.,-44.));
#5928 = VECTOR('',#5929,1.);
#5929 = DIRECTION('',(0.,1.));
#5930 = ( GEOMETRIC_REPRESENTATION_CONTEXT(2) 
PARAMETRIC_REPRESENTATION_CONTEXT() REPRESENTATION_CONTEXT('2D SPACE',''
  ) );
#5931 = PCURVE('',#5932,#5937);
#5932 = CYLINDRICAL_SURFACE('',#5933,0.5);
#5933 = AXIS2_PLACEMENT_3D('',#5934,#5935,#5936);
#5934 = CARTESIAN_POINT('',(39.5,23.,68.5));
#5935 = DIRECTION('',(0.,-1.,-0.));
#5936 = DIRECTION('',(1.,0.,0.));
#5937 = DEFINITIONAL_REPRESENTATION('',(#5938),#5942);
#5938 = LINE('',#5939,#5940);
#5939 = CARTESIAN_POINT('',(-0.,0.));
#5940 = VECTOR('',#5941,1.);
#5941 = DIRECTION('',(-0.,1.));
#5942 = ( GEOMETRIC_REPRESENTATION_CONTEXT(2) 
PARAMETRIC_REPRESENTATION_CONTEXT() REPRESENTATION_CONTEXT('2D SPACE',''
  ) );
#5943 = ORIENTED_EDGE('',*,*,#5944,.T.);
#5944 = EDGE_CURVE('',#5917,#5945,#5947,.T.);
#5945 = VERTEX_POINT('',#5946);
#5946 = CARTESIAN_POINT('',(40.,23.,72.5));
#5947 = SURFACE_CURVE('',#5948,(#5952,#5959),.PCURVE_S1.);
#5948 = LINE('',#5949,#5950);
#5949 = CARTESIAN_POINT('',(40.,23.,68.));
#5950 = VECTOR('',#5951,1.);
#5951 = DIRECTION('',(0.,0.,1.));
#5952 = PCURVE('',#2648,#5953);
#5953 = DEFINITIONAL_REPRESENTATION('',(#5954),#5958);
#5954 = LINE('',#5955,#5956);
#5955 = CARTESIAN_POINT('',(10.5,-44.));
#5956 = VECTOR('',#5957,1.);
#5957 = DIRECTION('',(1.,0.));
#5958 = ( GEOMETRIC_REPRESENTATION_CONTEXT(2) 
PARAMETRIC_REPRESENTATION_CONTEXT() REPRESENTATION_CONTEXT('2D SPACE',''
  ) );
#5959 = PCURVE('',#5960,#5965);
#5960 = CYLINDRICAL_SURFACE('',#5961,1.);
#5961 = AXIS2_PLACEMENT_3D('',#5962,#5963,#5964);
#5962 = CARTESIAN_POINT('',(39.,23.,68.));
#5963 = DIRECTION('',(0.,0.,1.));
#5964 = DIRECTION('',(1.,0.,-0.));
#5965 = DEFINITIONAL_REPRESENTATION('',(#5966),#5970);
#5966 = LINE('',#5967,#5968);
#5967 = CARTESIAN_POINT('',(0.,0.));
#5968 = VECTOR('',#5969,1.);
#5969 = DIRECTION('',(0.,1.));
#5970 = ( GEOMETRIC_REPRESENTATION_CONTEXT(2) 
PARAMETRIC_REPRESENTATION_CONTEXT() REPRESENTATION_CONTEXT('2D SPACE',''
  ) );
#5971 = ORIENTED_EDGE('',*,*,#5972,.T.);
#5972 = EDGE_CURVE('',#5945,#5473,#5973,.T.);
#5973 = SURFACE_CURVE('',#5974,(#5978,#5985),.PCURVE_S1.);
#5974 = LINE('',#5975,#5976);
#5975 = CARTESIAN_POINT('',(40.,23.,72.5));
#5976 = VECTOR('',#5977,1.);
#5977 = DIRECTION('',(0.,-1.,-0.));
#5978 = PCURVE('',#2648,#5979);
#5979 = DEFINITIONAL_REPRESENTATION('',(#5980),#5984);
#5980 = LINE('',#5981,#5982);
#5981 = CARTESIAN_POINT('',(15.,-44.));
#5982 = VECTOR('',#5983,1.);
#5983 = DIRECTION('',(0.,1.));
#5984 = ( GEOMETRIC_REPRESENTATION_CONTEXT(2) 
PARAMETRIC_REPRESENTATION_CONTEXT() REPRESENTATION_CONTEXT('2D SPACE',''
  ) );
#5985 = PCURVE('',#5986,#5991);
#5986 = CYLINDRICAL_SURFACE('',#5987,0.5);
#5987 = AXIS2_PLACEMENT_3D('',#5988,#5989,#5990);
#5988 = CARTESIAN_POINT('',(39.5,23.,72.5));
#5989 = DIRECTION('',(0.,-1.,-0.));
#5990 = DIRECTION('',(1.,0.,0.));
#5991 = DEFINITIONAL_REPRESENTATION('',(#5992),#5996);
#5992 = LINE('',#5993,#5994);
#5993 = CARTESIAN_POINT('',(0.,0.));
#5994 = VECTOR('',#5995,1.);
#5995 = DIRECTION('',(0.,1.));
#5996 = ( GEOMETRIC_REPRESENTATION_CONTEXT(2) 
PARAMETRIC_REPRESENTATION_CONTEXT() REPRESENTATION_CONTEXT('2D SPACE',''
  ) );
#5997 = FACE_BOUND('',#5998,.T.);
#5998 = EDGE_LOOP('',(#5999));
#5999 = ORIENTED_EDGE('',*,*,#6000,.F.);
#6000 = EDGE_CURVE('',#6001,#6001,#6003,.T.);
#6001 = VERTEX_POINT('',#6002);
#6002 = CARTESIAN_POINT('',(40.,10.,70.25));
#6003 = SURFACE_CURVE('',#6004,(#6009,#6016),.PCURVE_S1.);
#6004 = CIRCLE('',#6005,3.25);
#6005 = AXIS2_PLACEMENT_3D('',#6006,#6007,#6008);
#6006 = CARTESIAN_POINT('',(40.,10.,73.5));
#6007 = DIRECTION('',(1.,0.,2.22044604925E-16));
#6008 = DIRECTION('',(2.22044604925E-16,0.,-1.));
#6009 = PCURVE('',#2648,#6010);
#6010 = DEFINITIONAL_REPRESENTATION('',(#6011),#6015);
#6011 = CIRCLE('',#6012,3.25);
#6012 = AXIS2_PLACEMENT_2D('',#6013,#6014);
#6013 = CARTESIAN_POINT('',(16.,-31.));
#6014 = DIRECTION('',(-1.,0.));
#6015 = ( GEOMETRIC_REPRESENTATION_CONTEXT(2) 
PARAMETRIC_REPRESENTATION_CONTEXT() REPRESENTATION_CONTEXT('2D SPACE',''
  ) );
#6016 = PCURVE('',#6017,#6022);
#6017 = CYLINDRICAL_SURFACE('',#6018,3.25);
#6018 = AXIS2_PLACEMENT_3D('',#6019,#6020,#6021);
#6019 = CARTESIAN_POINT('',(39.5,10.,73.5));
#6020 = DIRECTION('',(1.,0.,2.22044604925E-16));
#6021 = DIRECTION('',(2.22044604925E-16,0.,-1.));
#6022 = DEFINITIONAL_REPRESENTATION('',(#6023),#6027);
#6023 = LINE('',#6024,#6025);
#6024 = CARTESIAN_POINT('',(0.,0.5));
#6025 = VECTOR('',#6026,1.);
#6026 = DIRECTION('',(1.,0.));
#6027 = ( GEOMETRIC_REPRESENTATION_CONTEXT(2) 
PARAMETRIC_REPRESENTATION_CONTEXT() REPRESENTATION_CONTEXT('2D SPACE',''
  ) );
#6028 = FACE_BOUND('',#6029,.T.);
#6029 = EDGE_LOOP('',(#6030));
#6030 = ORIENTED_EDGE('',*,*,#6031,.F.);
#6031 = EDGE_CURVE('',#6032,#6032,#6034,.T.);
#6032 = VERTEX_POINT('',#6033);
#6033 = CARTESIAN_POINT('',(40.,10.,109.75));
#6034 = SURFACE_CURVE('',#6035,(#6040,#6047),.PCURVE_S1.);
#6035 = CIRCLE('',#6036,3.25);
#6036 = AXIS2_PLACEMENT_3D('',#6037,#6038,#6039);
#6037 = CARTESIAN_POINT('',(40.,10.,113.));
#6038 = DIRECTION('',(1.,0.,2.22044604925E-16));
#6039 = DIRECTION('',(2.22044604925E-16,0.,-1.));
#6040 = PCURVE('',#2648,#6041);
#6041 = DEFINITIONAL_REPRESENTATION('',(#6042),#6046);
#6042 = CIRCLE('',#6043,3.25);
#6043 = AXIS2_PLACEMENT_2D('',#6044,#6045);
#6044 = CARTESIAN_POINT('',(55.5,-31.));
#6045 = DIRECTION('',(-1.,0.));
#6046 = ( GEOMETRIC_REPRESENTATION_CONTEXT(2) 
PARAMETRIC_REPRESENTATION_CONTEXT() REPRESENTATION_CONTEXT('2D SPACE',''
  ) );
#6047 = PCURVE('',#6048,#6053);
#6048 = CYLINDRICAL_SURFACE('',#6049,3.25);
#6049 = AXIS2_PLACEMENT_3D('',#6050,#6051,#6052);
#6050 = CARTESIAN_POINT('',(39.5,10.,113.));
#6051 = DIRECTION('',(1.,0.,2.22044604925E-16));
#6052 = DIRECTION('',(2.22044604925E-16,0.,-1.));
#6053 = DEFINITIONAL_REPRESENTATION('',(#6054),#6058);
#6054 = LINE('',#6055,#6056);
#6055 = CARTESIAN_POINT('',(0.,0.5));
#6056 = VECTOR('',#6057,1.);
#6057 = DIRECTION('',(1.,0.));
#6058 = ( GEOMETRIC_REPRESENTATION_CONTEXT(2) 
PARAMETRIC_REPRESENTATION_CONTEXT() REPRESENTATION_CONTEXT('2D SPACE',''
  ) );
#6059 = FACE_BOUND('',#6060,.T.);
#6060 = EDGE_LOOP('',(#6061));
#6061 = ORIENTED_EDGE('',*,*,#6062,.F.);
#6062 = EDGE_CURVE('',#6063,#6063,#6065,.T.);
#6063 = VERTEX_POINT('',#6064);
#6064 = CARTESIAN_POINT('',(40.,-2.816687638039E-16,90.85));
#6065 = SURFACE_CURVE('',#6066,(#6071,#6078),.PCURVE_S1.);
#6066 = CIRCLE('',#6067,1.15);
#6067 = AXIS2_PLACEMENT_3D('',#6068,#6069,#6070);
#6068 = CARTESIAN_POINT('',(40.,0.,92.));
#6069 = DIRECTION('',(1.,0.,2.22044604925E-16));
#6070 = DIRECTION('',(2.22044604925E-16,0.,-1.));
#6071 = PCURVE('',#2648,#6072);
#6072 = DEFINITIONAL_REPRESENTATION('',(#6073),#6077);
#6073 = CIRCLE('',#6074,1.15);
#6074 = AXIS2_PLACEMENT_2D('',#6075,#6076);
#6075 = CARTESIAN_POINT('',(34.5,-21.));
#6076 = DIRECTION('',(-1.,0.));
#6077 = ( GEOMETRIC_REPRESENTATION_CONTEXT(2) 
PARAMETRIC_REPRESENTATION_CONTEXT() REPRESENTATION_CONTEXT('2D SPACE',''
  ) );
#6078 = PCURVE('',#6079,#6084);
#6079 = CYLINDRICAL_SURFACE('',#6080,1.15);
#6080 = AXIS2_PLACEMENT_3D('',#6081,#6082,#6083);
#6081 = CARTESIAN_POINT('',(32.,0.,92.));
#6082 = DIRECTION('',(1.,0.,2.22044604925E-16));
#6083 = DIRECTION('',(2.22044604925E-16,0.,-1.));
#6084 = DEFINITIONAL_REPRESENTATION('',(#6085),#6089);
#6085 = LINE('',#6086,#6087);
#6086 = CARTESIAN_POINT('',(0.,8.));
#6087 = VECTOR('',#6088,1.);
#6088 = DIRECTION('',(1.,0.));
#6089 = ( GEOMETRIC_REPRESENTATION_CONTEXT(2) 
PARAMETRIC_REPRESENTATION_CONTEXT() REPRESENTATION_CONTEXT('2D SPACE',''
  ) );
#6090 = FACE_BOUND('',#6091,.T.);
#6091 = EDGE_LOOP('',(#6092));
#6092 = ORIENTED_EDGE('',*,*,#6093,.F.);
#6093 = EDGE_CURVE('',#6094,#6094,#6096,.T.);
#6094 = VERTEX_POINT('',#6095);
#6095 = CARTESIAN_POINT('',(40.,-10.,70.25));
#6096 = SURFACE_CURVE('',#6097,(#6102,#6109),.PCURVE_S1.);
#6097 = CIRCLE('',#6098,3.25);
#6098 = AXIS2_PLACEMENT_3D('',#6099,#6100,#6101);
#6099 = CARTESIAN_POINT('',(40.,-10.,73.5));
#6100 = DIRECTION('',(1.,0.,2.22044604925E-16));
#6101 = DIRECTION('',(2.22044604925E-16,0.,-1.));
#6102 = PCURVE('',#2648,#6103);
#6103 = DEFINITIONAL_REPRESENTATION('',(#6104),#6108);
#6104 = CIRCLE('',#6105,3.25);
#6105 = AXIS2_PLACEMENT_2D('',#6106,#6107);
#6106 = CARTESIAN_POINT('',(16.,-11.));
#6107 = DIRECTION('',(-1.,0.));
#6108 = ( GEOMETRIC_REPRESENTATION_CONTEXT(2) 
PARAMETRIC_REPRESENTATION_CONTEXT() REPRESENTATION_CONTEXT('2D SPACE',''
  ) );
#6109 = PCURVE('',#6110,#6115);
#6110 = CYLINDRICAL_SURFACE('',#6111,3.25);
#6111 = AXIS2_PLACEMENT_3D('',#6112,#6113,#6114);
#6112 = CARTESIAN_POINT('',(39.5,-10.,73.5));
#6113 = DIRECTION('',(1.,0.,2.22044604925E-16));
#6114 = DIRECTION('',(2.22044604925E-16,0.,-1.));
#6115 = DEFINITIONAL_REPRESENTATION('',(#6116),#6120);
#6116 = LINE('',#6117,#6118);
#6117 = CARTESIAN_POINT('',(0.,0.5));
#6118 = VECTOR('',#6119,1.);
#6119 = DIRECTION('',(1.,0.));
#6120 = ( GEOMETRIC_REPRESENTATION_CONTEXT(2) 
PARAMETRIC_REPRESENTATION_CONTEXT() REPRESENTATION_CONTEXT('2D SPACE',''
  ) );
#6121 = FACE_BOUND('',#6122,.T.);
#6122 = EDGE_LOOP('',(#6123,#6124,#6125,#6126));
#6123 = ORIENTED_EDGE('',*,*,#5008,.T.);
#6124 = ORIENTED_EDGE('',*,*,#5203,.T.);
#6125 = ORIENTED_EDGE('',*,*,#5122,.F.);
#6126 = ORIENTED_EDGE('',*,*,#4894,.F.);
#6127 = FACE_BOUND('',#6128,.T.);
#6128 = EDGE_LOOP('',(#6129));
#6129 = ORIENTED_EDGE('',*,*,#6130,.F.);
#6130 = EDGE_CURVE('',#6131,#6131,#6133,.T.);
#6131 = VERTEX_POINT('',#6132);
#6132 = CARTESIAN_POINT('',(40.,-2.816687638039E-16,118.85));
#6133 = SURFACE_CURVE('',#6134,(#6139,#6146),.PCURVE_S1.);
#6134 = CIRCLE('',#6135,1.15);
#6135 = AXIS2_PLACEMENT_3D('',#6136,#6137,#6138);
#6136 = CARTESIAN_POINT('',(40.,0.,120.));
#6137 = DIRECTION('',(1.,0.,2.22044604925E-16));
#6138 = DIRECTION('',(2.22044604925E-16,0.,-1.));
#6139 = PCURVE('',#2648,#6140);
#6140 = DEFINITIONAL_REPRESENTATION('',(#6141),#6145);
#6141 = CIRCLE('',#6142,1.15);
#6142 = AXIS2_PLACEMENT_2D('',#6143,#6144);
#6143 = CARTESIAN_POINT('',(62.5,-21.));
#6144 = DIRECTION('',(-1.,0.));
#6145 = ( GEOMETRIC_REPRESENTATION_CONTEXT(2) 
PARAMETRIC_REPRESENTATION_CONTEXT() REPRESENTATION_CONTEXT('2D SPACE',''
  ) );
#6146 = PCURVE('',#6147,#6152);
#6147 = CYLINDRICAL_SURFACE('',#6148,1.15);
#6148 = AXIS2_PLACEMENT_3D('',#6149,#6150,#6151);
#6149 = CARTESIAN_POINT('',(32.,0.,120.));
#6150 = DIRECTION('',(1.,0.,2.22044604925E-16));
#6151 = DIRECTION('',(2.22044604925E-16,0.,-1.));
#6152 = DEFINITIONAL_REPRESENTATION('',(#6153),#6157);
#6153 = LINE('',#6154,#6155);
#6154 = CARTESIAN_POINT('',(0.,8.));
#6155 = VECTOR('',#6156,1.);
#6156 = DIRECTION('',(1.,0.));
#6157 = ( GEOMETRIC_REPRESENTATION_CONTEXT(2) 
PARAMETRIC_REPRESENTATION_CONTEXT() REPRESENTATION_CONTEXT('2D SPACE',''
  ) );
#6158 = FACE_BOUND('',#6159,.T.);
#6159 = EDGE_LOOP('',(#6160));
#6160 = ORIENTED_EDGE('',*,*,#6161,.F.);
#6161 = EDGE_CURVE('',#6162,#6162,#6164,.T.);
#6162 = VERTEX_POINT('',#6163);
#6163 = CARTESIAN_POINT('',(40.,-10.,109.75));
#6164 = SURFACE_CURVE('',#6165,(#6170,#6177),.PCURVE_S1.);
#6165 = CIRCLE('',#6166,3.25);
#6166 = AXIS2_PLACEMENT_3D('',#6167,#6168,#6169);
#6167 = CARTESIAN_POINT('',(40.,-10.,113.));
#6168 = DIRECTION('',(1.,0.,2.22044604925E-16));
#6169 = DIRECTION('',(2.22044604925E-16,0.,-1.));
#6170 = PCURVE('',#2648,#6171);
#6171 = DEFINITIONAL_REPRESENTATION('',(#6172),#6176);
#6172 = CIRCLE('',#6173,3.25);
#6173 = AXIS2_PLACEMENT_2D('',#6174,#6175);
#6174 = CARTESIAN_POINT('',(55.5,-11.));
#6175 = DIRECTION('',(-1.,0.));
#6176 = ( GEOMETRIC_REPRESENTATION_CONTEXT(2) 
PARAMETRIC_REPRESENTATION_CONTEXT() REPRESENTATION_CONTEXT('2D SPACE',''
  ) );
#6177 = PCURVE('',#6178,#6183);
#6178 = CYLINDRICAL_SURFACE('',#6179,3.25);
#6179 = AXIS2_PLACEMENT_3D('',#6180,#6181,#6182);
#6180 = CARTESIAN_POINT('',(39.5,-10.,113.));
#6181 = DIRECTION('',(1.,0.,2.22044604925E-16));
#6182 = DIRECTION('',(2.22044604925E-16,0.,-1.));
#6183 = DEFINITIONAL_REPRESENTATION('',(#6184),#6188);
#6184 = LINE('',#6185,#6186);
#6185 = CARTESIAN_POINT('',(0.,0.5));
#6186 = VECTOR('',#6187,1.);
#6187 = DIRECTION('',(1.,0.));
#6188 = ( GEOMETRIC_REPRESENTATION_CONTEXT(2) 
PARAMETRIC_REPRESENTATION_CONTEXT() REPRESENTATION_CONTEXT('2D SPACE',''
  ) );
#6189 = ADVANCED_FACE('',(#6190),#2752,.F.);
#6190 = FACE_BOUND('',#6191,.F.);
#6191 = EDGE_LOOP('',(#6192,#6214,#6215,#6216,#6237,#6238,#6239,#6240));
#6192 = ORIENTED_EDGE('',*,*,#6193,.F.);
#6193 = EDGE_CURVE('',#5776,#5755,#6194,.T.);
#6194 = SURFACE_CURVE('',#6195,(#6200,#6207),.PCURVE_S1.);
#6195 = CIRCLE('',#6196,3.2);
#6196 = AXIS2_PLACEMENT_3D('',#6197,#6198,#6199);
#6197 = CARTESIAN_POINT('',(42.,-10.,66.6));
#6198 = DIRECTION('',(0.,0.,1.));
#6199 = DIRECTION('',(1.,0.,-0.));
#6200 = PCURVE('',#2752,#6201);
#6201 = DEFINITIONAL_REPRESENTATION('',(#6202),#6206);
#6202 = LINE('',#6203,#6204);
#6203 = CARTESIAN_POINT('',(0.,2.1));
#6204 = VECTOR('',#6205,1.);
#6205 = DIRECTION('',(1.,0.));
#6206 = ( GEOMETRIC_REPRESENTATION_CONTEXT(2) 
PARAMETRIC_REPRESENTATION_CONTEXT() REPRESENTATION_CONTEXT('2D SPACE',''
  ) );
#6207 = PCURVE('',#5790,#6208);
#6208 = DEFINITIONAL_REPRESENTATION('',(#6209),#6213);
#6209 = CIRCLE('',#6210,3.2);
#6210 = AXIS2_PLACEMENT_2D('',#6211,#6212);
#6211 = CARTESIAN_POINT('',(0.,0.));
#6212 = DIRECTION('',(1.,0.));
#6213 = ( GEOMETRIC_REPRESENTATION_CONTEXT(2) 
PARAMETRIC_REPRESENTATION_CONTEXT() REPRESENTATION_CONTEXT('2D SPACE',''
  ) );
#6214 = ORIENTED_EDGE('',*,*,#5801,.F.);
#6215 = ORIENTED_EDGE('',*,*,#2735,.F.);
#6216 = ORIENTED_EDGE('',*,*,#6217,.F.);
#6217 = EDGE_CURVE('',#3044,#2736,#6218,.T.);
#6218 = SEAM_CURVE('',#6219,(#6223,#6230),.PCURVE_S1.);
#6219 = LINE('',#6220,#6221);
#6220 = CARTESIAN_POINT('',(45.2,-10.,64.5));
#6221 = VECTOR('',#6222,1.);
#6222 = DIRECTION('',(0.,0.,1.));
#6223 = PCURVE('',#2752,#6224);
#6224 = DEFINITIONAL_REPRESENTATION('',(#6225),#6229);
#6225 = LINE('',#6226,#6227);
#6226 = CARTESIAN_POINT('',(6.28318530718,-0.));
#6227 = VECTOR('',#6228,1.);
#6228 = DIRECTION('',(0.,1.));
#6229 = ( GEOMETRIC_REPRESENTATION_CONTEXT(2) 
PARAMETRIC_REPRESENTATION_CONTEXT() REPRESENTATION_CONTEXT('2D SPACE',''
  ) );
#6230 = PCURVE('',#2752,#6231);
#6231 = DEFINITIONAL_REPRESENTATION('',(#6232),#6236);
#6232 = LINE('',#6233,#6234);
#6233 = CARTESIAN_POINT('',(0.,-0.));
#6234 = VECTOR('',#6235,1.);
#6235 = DIRECTION('',(0.,1.));
#6236 = ( GEOMETRIC_REPRESENTATION_CONTEXT(2) 
PARAMETRIC_REPRESENTATION_CONTEXT() REPRESENTATION_CONTEXT('2D SPACE',''
  ) );
#6237 = ORIENTED_EDGE('',*,*,#3043,.T.);
#6238 = ORIENTED_EDGE('',*,*,#6217,.T.);
#6239 = ORIENTED_EDGE('',*,*,#2764,.F.);
#6240 = ORIENTED_EDGE('',*,*,#5754,.T.);
#6241 = ADVANCED_FACE('',(#6242),#2677,.F.);
#6242 = FACE_BOUND('',#6243,.F.);
#6243 = EDGE_LOOP('',(#6244,#6266,#6267,#6268,#6289,#6290,#6291,#6292));
#6244 = ORIENTED_EDGE('',*,*,#6245,.F.);
#6245 = EDGE_CURVE('',#5843,#5822,#6246,.T.);
#6246 = SURFACE_CURVE('',#6247,(#6252,#6259),.PCURVE_S1.);
#6247 = CIRCLE('',#6248,3.2);
#6248 = AXIS2_PLACEMENT_3D('',#6249,#6250,#6251);
#6249 = CARTESIAN_POINT('',(42.,10.,66.6));
#6250 = DIRECTION('',(0.,0.,1.));
#6251 = DIRECTION('',(1.,0.,-0.));
#6252 = PCURVE('',#2677,#6253);
#6253 = DEFINITIONAL_REPRESENTATION('',(#6254),#6258);
#6254 = LINE('',#6255,#6256);
#6255 = CARTESIAN_POINT('',(0.,2.1));
#6256 = VECTOR('',#6257,1.);
#6257 = DIRECTION('',(1.,0.));
#6258 = ( GEOMETRIC_REPRESENTATION_CONTEXT(2) 
PARAMETRIC_REPRESENTATION_CONTEXT() REPRESENTATION_CONTEXT('2D SPACE',''
  ) );
#6259 = PCURVE('',#5857,#6260);
#6260 = DEFINITIONAL_REPRESENTATION('',(#6261),#6265);
#6261 = CIRCLE('',#6262,3.2);
#6262 = AXIS2_PLACEMENT_2D('',#6263,#6264);
#6263 = CARTESIAN_POINT('',(0.,0.));
#6264 = DIRECTION('',(1.,0.));
#6265 = ( GEOMETRIC_REPRESENTATION_CONTEXT(2) 
PARAMETRIC_REPRESENTATION_CONTEXT() REPRESENTATION_CONTEXT('2D SPACE',''
  ) );
#6266 = ORIENTED_EDGE('',*,*,#5868,.F.);
#6267 = ORIENTED_EDGE('',*,*,#2660,.F.);
#6268 = ORIENTED_EDGE('',*,*,#6269,.F.);
#6269 = EDGE_CURVE('',#3074,#2661,#6270,.T.);
#6270 = SEAM_CURVE('',#6271,(#6275,#6282),.PCURVE_S1.);
#6271 = LINE('',#6272,#6273);
#6272 = CARTESIAN_POINT('',(45.2,10.,64.5));
#6273 = VECTOR('',#6274,1.);
#6274 = DIRECTION('',(0.,0.,1.));
#6275 = PCURVE('',#2677,#6276);
#6276 = DEFINITIONAL_REPRESENTATION('',(#6277),#6281);
#6277 = LINE('',#6278,#6279);
#6278 = CARTESIAN_POINT('',(6.28318530718,-0.));
#6279 = VECTOR('',#6280,1.);
#6280 = DIRECTION('',(0.,1.));
#6281 = ( GEOMETRIC_REPRESENTATION_CONTEXT(2) 
PARAMETRIC_REPRESENTATION_CONTEXT() REPRESENTATION_CONTEXT('2D SPACE',''
  ) );
#6282 = PCURVE('',#2677,#6283);
#6283 = DEFINITIONAL_REPRESENTATION('',(#6284),#6288);
#6284 = LINE('',#6285,#6286);
#6285 = CARTESIAN_POINT('',(0.,-0.));
#6286 = VECTOR('',#6287,1.);
#6287 = DIRECTION('',(0.,1.));
#6288 = ( GEOMETRIC_REPRESENTATION_CONTEXT(2) 
PARAMETRIC_REPRESENTATION_CONTEXT() REPRESENTATION_CONTEXT('2D SPACE',''
  ) );
#6289 = ORIENTED_EDGE('',*,*,#3073,.T.);
#6290 = ORIENTED_EDGE('',*,*,#6269,.T.);
#6291 = ORIENTED_EDGE('',*,*,#2689,.F.);
#6292 = ORIENTED_EDGE('',*,*,#5821,.T.);
#6293 = ADVANCED_FACE('',(#6294),#2606,.T.);
#6294 = FACE_BOUND('',#6295,.F.);
#6295 = EDGE_LOOP('',(#6296,#6366,#6388,#6389,#6390));
#6296 = ORIENTED_EDGE('',*,*,#6297,.F.);
#6297 = EDGE_CURVE('',#6298,#6300,#6302,.T.);
#6298 = VERTEX_POINT('',#6299);
#6299 = CARTESIAN_POINT('',(39.2,17.866631652622,68.));
#6300 = VERTEX_POINT('',#6301);
#6301 = CARTESIAN_POINT('',(39.5,17.80037097019,68.));
#6302 = SURFACE_CURVE('',#6303,(#6322,#6344),.PCURVE_S1.);
#6303 = B_SPLINE_CURVE_WITH_KNOTS('',5,(#6304,#6305,#6306,#6307,#6308,
    #6309,#6310,#6311,#6312,#6313,#6314,#6315,#6316,#6317,#6318,#6319,
    #6320,#6321),.UNSPECIFIED.,.F.,.F.,(6,4,4,4,6),(0.,0.248071773946,
    0.499350637011,0.747995255914,1.),.UNSPECIFIED.);
#6304 = CARTESIAN_POINT('',(39.2,17.866631652622,68.));
#6305 = CARTESIAN_POINT('',(39.264181489996,17.866631652622,68.));
#6306 = CARTESIAN_POINT('',(39.328368928137,17.859329653888,68.));
#6307 = CARTESIAN_POINT('',(39.391586059389,17.844724561573,68.));
#6308 = CARTESIAN_POINT('',(39.452904891591,17.823101132545,68.));
#6309 = CARTESIAN_POINT('',(39.570889803805,17.766456911013,68.));
#6310 = CARTESIAN_POINT('',(39.627493878154,17.731262385294,68.));
#6311 = CARTESIAN_POINT('',(39.680499002274,17.689894101957,68.));
#6312 = CARTESIAN_POINT('',(39.729260517856,17.64305470089,68.));
#6313 = CARTESIAN_POINT('',(39.816887760403,17.540507140704,68.));
#6314 = CARTESIAN_POINT('',(39.85585416889,17.484894377897,68.));
#6315 = CARTESIAN_POINT('',(39.889750709975,17.425410194725,68.));
#6316 = CARTESIAN_POINT('',(39.918293496055,17.362833761549,68.));
#6317 = CARTESIAN_POINT('',(39.964642356662,17.23214264111,68.));
#6318 = CARTESIAN_POINT('',(39.982297878222,17.163965271738,68.));
#6319 = CARTESIAN_POINT('',(39.994104296601,17.094185079124,68.));
#6320 = CARTESIAN_POINT('',(40.,17.023583579445,68.));
#6321 = CARTESIAN_POINT('',(40.,16.952926135041,68.));
#6322 = PCURVE('',#2606,#6323);
#6323 = DEFINITIONAL_REPRESENTATION('',(#6324),#6343);
#6324 = B_SPLINE_CURVE_WITH_KNOTS('',5,(#6325,#6326,#6327,#6328,#6329,
    #6330,#6331,#6332,#6333,#6334,#6335,#6336,#6337,#6338,#6339,#6340,
    #6341,#6342),.UNSPECIFIED.,.F.,.F.,(6,4,4,4,6),(0.,0.248071773946,
    0.499350637011,0.747995255914,1.),.UNSPECIFIED.);
#6325 = CARTESIAN_POINT('',(-0.491810094565,0.));
#6326 = CARTESIAN_POINT('',(-0.491810094565,8.022686249562E-02));
#6327 = CARTESIAN_POINT('',(-0.492001663878,0.16046092706));
#6328 = CARTESIAN_POINT('',(-0.49238480179,0.240559236302));
#6329 = CARTESIAN_POINT('',(-0.492953512298,0.320432471982));
#6330 = CARTESIAN_POINT('',(-0.494450030186,0.480551910175));
#6331 = CARTESIAN_POINT('',(-0.495382490186,0.560800818899));
#6332 = CARTESIAN_POINT('',(-0.496483182257,0.640632719988));
#6333 = CARTESIAN_POINT('',(-0.497736867699,0.720022007038));
#6334 = CARTESIAN_POINT('',(-0.500500994888,0.877070827533));
#6335 = CARTESIAN_POINT('',(-0.502008679103,0.954744103156));
#6336 = CARTESIAN_POINT('',(-0.503632625157,1.031985202405));
#6337 = CARTESIAN_POINT('',(-0.505354692225,1.108839959037));
#6338 = CARTESIAN_POINT('',(-0.508981723008,1.262946302939));
#6339 = CARTESIAN_POINT('',(-0.510888823976,1.340188573127));
#6340 = CARTESIAN_POINT('',(-0.512857817882,1.41717999117));
#6341 = CARTESIAN_POINT('',(-0.514868198806,1.494013220178));
#6342 = CARTESIAN_POINT('',(-0.516898310615,1.570796326795));
#6343 = ( GEOMETRIC_REPRESENTATION_CONTEXT(2) 
PARAMETRIC_REPRESENTATION_CONTEXT() REPRESENTATION_CONTEXT('2D SPACE',''
  ) );
#6344 = PCURVE('',#4496,#6345);
#6345 = DEFINITIONAL_REPRESENTATION('',(#6346),#6365);
#6346 = B_SPLINE_CURVE_WITH_KNOTS('',5,(#6347,#6348,#6349,#6350,#6351,
    #6352,#6353,#6354,#6355,#6356,#6357,#6358,#6359,#6360,#6361,#6362,
    #6363,#6364),.UNSPECIFIED.,.F.,.F.,(6,4,4,4,6),(0.,0.248071773946,
    0.499350637011,0.747995255914,1.),.UNSPECIFIED.);
#6347 = CARTESIAN_POINT('',(5.2,1.866631652622));
#6348 = CARTESIAN_POINT('',(5.264181489996,1.866631652622));
#6349 = CARTESIAN_POINT('',(5.328368928137,1.859329653888));
#6350 = CARTESIAN_POINT('',(5.391586059389,1.844724561573));
#6351 = CARTESIAN_POINT('',(5.452904891591,1.823101132545));
#6352 = CARTESIAN_POINT('',(5.570889803805,1.766456911013));
#6353 = CARTESIAN_POINT('',(5.627493878154,1.731262385294));
#6354 = CARTESIAN_POINT('',(5.680499002274,1.689894101957));
#6355 = CARTESIAN_POINT('',(5.729260517856,1.64305470089));
#6356 = CARTESIAN_POINT('',(5.816887760403,1.540507140704));
#6357 = CARTESIAN_POINT('',(5.85585416889,1.484894377897));
#6358 = CARTESIAN_POINT('',(5.889750709975,1.425410194725));
#6359 = CARTESIAN_POINT('',(5.918293496055,1.362833761549));
#6360 = CARTESIAN_POINT('',(5.964642356662,1.23214264111));
#6361 = CARTESIAN_POINT('',(5.982297878222,1.163965271738));
#6362 = CARTESIAN_POINT('',(5.994104296601,1.094185079124));
#6363 = CARTESIAN_POINT('',(6.,1.023583579445));
#6364 = CARTESIAN_POINT('',(6.,0.952926135041));
#6365 = ( GEOMETRIC_REPRESENTATION_CONTEXT(2) 
PARAMETRIC_REPRESENTATION_CONTEXT() REPRESENTATION_CONTEXT('2D SPACE',''
  ) );
#6366 = ORIENTED_EDGE('',*,*,#6367,.T.);
#6367 = EDGE_CURVE('',#6298,#2535,#6368,.T.);
#6368 = SURFACE_CURVE('',#6369,(#6374,#6381),.PCURVE_S1.);
#6369 = CIRCLE('',#6370,18.);
#6370 = AXIS2_PLACEMENT_3D('',#6371,#6372,#6373);
#6371 = CARTESIAN_POINT('',(39.2,2.,76.5));
#6372 = DIRECTION('',(-1.,0.,-0.));
#6373 = DIRECTION('',(-0.,1.,0.));
#6374 = PCURVE('',#2606,#6375);
#6375 = DEFINITIONAL_REPRESENTATION('',(#6376),#6380);
#6376 = LINE('',#6377,#6378);
#6377 = CARTESIAN_POINT('',(-0.,0.));
#6378 = VECTOR('',#6379,1.);
#6379 = DIRECTION('',(-1.,0.));
#6380 = ( GEOMETRIC_REPRESENTATION_CONTEXT(2) 
PARAMETRIC_REPRESENTATION_CONTEXT() REPRESENTATION_CONTEXT('2D SPACE',''
  ) );
#6381 = PCURVE('',#2549,#6382);
#6382 = DEFINITIONAL_REPRESENTATION('',(#6383),#6387);
#6383 = LINE('',#6384,#6385);
#6384 = CARTESIAN_POINT('',(3.14159265359,-5.2));
#6385 = VECTOR('',#6386,1.);
#6386 = DIRECTION('',(1.,0.));
#6387 = ( GEOMETRIC_REPRESENTATION_CONTEXT(2) 
PARAMETRIC_REPRESENTATION_CONTEXT() REPRESENTATION_CONTEXT('2D SPACE',''
  ) );
#6388 = ORIENTED_EDGE('',*,*,#2560,.T.);
#6389 = ORIENTED_EDGE('',*,*,#5888,.F.);
#6390 = ORIENTED_EDGE('',*,*,#6391,.F.);
#6391 = EDGE_CURVE('',#6300,#5889,#6392,.T.);
#6392 = SURFACE_CURVE('',#6393,(#6420,#6450),.PCURVE_S1.);
#6393 = B_SPLINE_CURVE_WITH_KNOTS('',7,(#6394,#6395,#6396,#6397,#6398,
    #6399,#6400,#6401,#6402,#6403,#6404,#6405,#6406,#6407,#6408,#6409,
    #6410,#6411,#6412,#6413,#6414,#6415,#6416,#6417,#6418,#6419),
  .UNSPECIFIED.,.F.,.F.,(8,6,6,6,8),(0.,1.705214215227E-02,
    0.503466070785,0.96036836495,1.),.UNSPECIFIED.);
#6394 = CARTESIAN_POINT('',(39.5,17.80037097019,68.));
#6395 = CARTESIAN_POINT('',(39.500511708962,17.800135921743,
    68.000000000039));
#6396 = CARTESIAN_POINT('',(39.502491966388,17.799226293597,
    68.00000003575));
#6397 = CARTESIAN_POINT('',(39.504781362857,17.79817094644,
    68.00001064441));
#6398 = CARTESIAN_POINT('',(39.506780607345,17.797241660231,
    68.000041296213));
#6399 = CARTESIAN_POINT('',(39.508379706169,17.796497844666,
    68.0000669876));
#6400 = CARTESIAN_POINT('',(39.509883671244,17.795797495675,
    68.000093454329));
#6401 = CARTESIAN_POINT('',(39.570671974891,17.767347983041,
    68.00154580222));
#6402 = CARTESIAN_POINT('',(39.628301120837,17.737386194727,
    68.010977619048));
#6403 = CARTESIAN_POINT('',(39.683568045852,17.704771632512,
    68.02795928915));
#6404 = CARTESIAN_POINT('',(39.735416652195,17.669555848078,
    68.051799118336));
#6405 = CARTESIAN_POINT('',(39.783004778723,17.631932145014,
    68.081688276808));
#6406 = CARTESIAN_POINT('',(39.825690801206,17.592175303248,
    68.11676558184));
#6407 = CARTESIAN_POINT('',(39.898043119648,17.511562187435,
    68.193147434051));
#6408 = CARTESIAN_POINT('',(39.928346659489,17.47091414749,
    68.233949653542));
#6409 = CARTESIAN_POINT('',(39.953524518139,17.428918229873,
    68.277841999213));
#6410 = CARTESIAN_POINT('',(39.973315665332,17.385860408102,
    68.324103918711));
#6411 = CARTESIAN_POINT('',(39.987556143131,17.342038880355,
    68.372027370797));
#6412 = CARTESIAN_POINT('',(39.996159667466,17.297753240727,
    68.420921687636));
#6413 = CARTESIAN_POINT('',(39.999361087399,17.249446280259,
    68.474372463268));
#6414 = CARTESIAN_POINT('',(39.999574046179,17.245589339459,
    68.478640886401));
#6415 = CARTESIAN_POINT('',(39.99974442422,17.241731369288,
    68.482911039542));
#6416 = CARTESIAN_POINT('',(39.999872212196,17.237872571556,
    68.487182478972));
#6417 = CARTESIAN_POINT('',(39.999957404616,17.234013134338,
    68.491454752805));
#6418 = CARTESIAN_POINT('',(39.999999999825,17.230153231973,
    68.495727400993));
#6419 = CARTESIAN_POINT('',(40.,17.226293025065,68.499999955321));
#6420 = PCURVE('',#2606,#6421);
#6421 = DEFINITIONAL_REPRESENTATION('',(#6422),#6449);
#6422 = B_SPLINE_CURVE_WITH_KNOTS('',7,(#6423,#6424,#6425,#6426,#6427,
    #6428,#6429,#6430,#6431,#6432,#6433,#6434,#6435,#6436,#6437,#6438,
    #6439,#6440,#6441,#6442,#6443,#6444,#6445,#6446,#6447,#6448),
  .UNSPECIFIED.,.F.,.F.,(8,6,6,6,8),(0.,1.705214215227E-02,
    0.503466070785,0.96036836495,1.),.UNSPECIFIED.);
#6423 = CARTESIAN_POINT('',(-0.493554061205,0.384396876405));
#6424 = CARTESIAN_POINT('',(-0.493560267792,0.385086864657));
#6425 = CARTESIAN_POINT('',(-0.493584355504,0.387756407002));
#6426 = CARTESIAN_POINT('',(-0.49361155797,0.39084866805));
#6427 = CARTESIAN_POINT('',(-0.493634750545,0.393554433907));
#6428 = CARTESIAN_POINT('',(-0.493653054725,0.395721109742));
#6429 = CARTESIAN_POINT('',(-0.493670275455,0.397758784198));
#6430 = CARTESIAN_POINT('',(-0.494350600718,0.480275773467));
#6431 = CARTESIAN_POINT('',(-0.494681255061,0.561643767225));
#6432 = CARTESIAN_POINT('',(-0.49471250647,0.644007775061));
#6433 = CARTESIAN_POINT('',(-0.494474779196,0.726948259378));
#6434 = CARTESIAN_POINT('',(-0.493999825935,0.810187299847));
#6435 = CARTESIAN_POINT('',(-0.493319732765,0.893534504884));
#6436 = CARTESIAN_POINT('',(-0.491665614549,1.055144487116));
#6437 = CARTESIAN_POINT('',(-0.490711822026,1.133418278973));
#6438 = CARTESIAN_POINT('',(-0.489631853029,1.211611648039));
#6439 = CARTESIAN_POINT('',(-0.488451906808,1.289699920142));
#6440 = CARTESIAN_POINT('',(-0.487197950412,1.367690462761));
#6441 = CARTESIAN_POINT('',(-0.485895958551,1.445610685016));
#6442 = CARTESIAN_POINT('',(-0.484457587463,1.530261028415));
#6443 = CARTESIAN_POINT('',(-0.48434262019,1.53701731709));
#6444 = CARTESIAN_POINT('',(-0.484227507755,1.543773404677));
#6445 = CARTESIAN_POINT('',(-0.48411226727,1.550529312229));
#6446 = CARTESIAN_POINT('',(-0.483996916695,1.557285071572));
#6447 = CARTESIAN_POINT('',(-0.483881474839,1.564040725304));
#6448 = CARTESIAN_POINT('',(-0.483765961355,1.570796326795));
#6449 = ( GEOMETRIC_REPRESENTATION_CONTEXT(2) 
PARAMETRIC_REPRESENTATION_CONTEXT() REPRESENTATION_CONTEXT('2D SPACE',''
  ) );
#6450 = PCURVE('',#5932,#6451);
#6451 = DEFINITIONAL_REPRESENTATION('',(#6452),#6479);
#6452 = B_SPLINE_CURVE_WITH_KNOTS('',7,(#6453,#6454,#6455,#6456,#6457,
    #6458,#6459,#6460,#6461,#6462,#6463,#6464,#6465,#6466,#6467,#6468,
    #6469,#6470,#6471,#6472,#6473,#6474,#6475,#6476,#6477,#6478),
  .UNSPECIFIED.,.F.,.F.,(8,6,6,6,8),(0.,1.705214215227E-02,
    0.503466070785,0.96036836495,1.),.UNSPECIFIED.);
#6453 = CARTESIAN_POINT('',(-1.570796326795,5.19962902981));
#6454 = CARTESIAN_POINT('',(-1.569772908871,5.199864078257));
#6455 = CARTESIAN_POINT('',(-1.565812382435,5.200773706403));
#6456 = CARTESIAN_POINT('',(-1.561233656361,5.20182905356));
#6457 = CARTESIAN_POINT('',(-1.557234912813,5.202758339769));
#6458 = CARTESIAN_POINT('',(-1.554036206338,5.203502155334));
#6459 = CARTESIAN_POINT('',(-1.551027887745,5.204202504325));
#6460 = CARTESIAN_POINT('',(-1.429416586055,5.232652016959));
#6461 = CARTESIAN_POINT('',(-1.313741126312,5.262613805273));
#6462 = CARTESIAN_POINT('',(-1.19977658686,5.295228367488));
#6463 = CARTESIAN_POINT('',(-1.087394432179,5.330444151922));
#6464 = CARTESIAN_POINT('',(-0.976455418799,5.368067854986));
#6465 = CARTESIAN_POINT('',(-0.86681361249,5.407824696752));
#6466 = CARTESIAN_POINT('',(-0.656394551272,5.488437812565));
#6467 = CARTESIAN_POINT('',(-0.555470728456,5.52908585251));
#6468 = CARTESIAN_POINT('',(-0.455380178409,5.571081770127));
#6469 = CARTESIAN_POINT('',(-0.355952660932,5.614139591898));
#6470 = CARTESIAN_POINT('',(-0.25701094153,5.657961119645));
#6471 = CARTESIAN_POINT('',(-0.158368586706,5.702246759273));
#6472 = CARTESIAN_POINT('',(-5.127545891092E-02,5.750553719741));
#6473 = CARTESIAN_POINT('',(-4.272841943292E-02,5.754410660541));
#6474 = CARTESIAN_POINT('',(-3.418199766044E-02,5.758268630712));
#6475 = CARTESIAN_POINT('',(-2.563606124311E-02,5.762127428444));
#6476 = CARTESIAN_POINT('',(-1.709049441317E-02,5.765986865662));
#6477 = CARTESIAN_POINT('',(-8.545197985394E-03,5.769846768027));
#6478 = CARTESIAN_POINT('',(-8.935717232816E-08,5.773706974935));
#6479 = ( GEOMETRIC_REPRESENTATION_CONTEXT(2) 
PARAMETRIC_REPRESENTATION_CONTEXT() REPRESENTATION_CONTEXT('2D SPACE',''
  ) );
#6480 = ADVANCED_FACE('',(#6481),#2549,.T.);
#6481 = FACE_BOUND('',#6482,.T.);
#6482 = EDGE_LOOP('',(#6483,#6484,#6503,#6504,#6505));
#6483 = ORIENTED_EDGE('',*,*,#4599,.F.);
#6484 = ORIENTED_EDGE('',*,*,#6485,.F.);
#6485 = EDGE_CURVE('',#6298,#4532,#6486,.T.);
#6486 = SURFACE_CURVE('',#6487,(#6491,#6497),.PCURVE_S1.);
#6487 = LINE('',#6488,#6489);
#6488 = CARTESIAN_POINT('',(34.,17.866631652622,68.));
#6489 = VECTOR('',#6490,1.);
#6490 = DIRECTION('',(-1.,0.,0.));
#6491 = PCURVE('',#2549,#6492);
#6492 = DEFINITIONAL_REPRESENTATION('',(#6493),#6496);
#6493 = B_SPLINE_CURVE_WITH_KNOTS('',1,(#6494,#6495),.UNSPECIFIED.,.F.,
  .F.,(2,2),(-5.2000012,-0.7999994),.PIECEWISE_BEZIER_KNOTS.);
#6494 = CARTESIAN_POINT('',(3.633402748155,-5.2000012));
#6495 = CARTESIAN_POINT('',(3.633402748155,-0.7999994));
#6496 = ( GEOMETRIC_REPRESENTATION_CONTEXT(2) 
PARAMETRIC_REPRESENTATION_CONTEXT() REPRESENTATION_CONTEXT('2D SPACE',''
  ) );
#6497 = PCURVE('',#4496,#6498);
#6498 = DEFINITIONAL_REPRESENTATION('',(#6499),#6502);
#6499 = B_SPLINE_CURVE_WITH_KNOTS('',1,(#6500,#6501),.UNSPECIFIED.,.F.,
  .F.,(2,2),(-5.2000012,-0.7999994),.PIECEWISE_BEZIER_KNOTS.);
#6500 = CARTESIAN_POINT('',(5.2000012,1.866631652622));
#6501 = CARTESIAN_POINT('',(0.7999994,1.866631652622));
#6502 = ( GEOMETRIC_REPRESENTATION_CONTEXT(2) 
PARAMETRIC_REPRESENTATION_CONTEXT() REPRESENTATION_CONTEXT('2D SPACE',''
  ) );
#6503 = ORIENTED_EDGE('',*,*,#6367,.T.);
#6504 = ORIENTED_EDGE('',*,*,#2534,.T.);
#6505 = ORIENTED_EDGE('',*,*,#6506,.F.);
#6506 = EDGE_CURVE('',#4600,#2502,#6507,.T.);
#6507 = SURFACE_CURVE('',#6508,(#6519,#6533),.PCURVE_S1.);
#6508 = B_SPLINE_CURVE_WITH_KNOTS('',5,(#6509,#6510,#6511,#6512,#6513,
    #6514,#6515,#6516,#6517,#6518),.UNSPECIFIED.,.F.,.F.,(6,4,6),(0.,
    0.283991362795,1.),.UNSPECIFIED.);
#6509 = CARTESIAN_POINT('',(34.7999994,16.832856748766,66.302629717884)
  );
#6510 = CARTESIAN_POINT('',(34.824776098842,16.840249123159,
    66.313382493054));
#6511 = CARTESIAN_POINT('',(34.849803500885,16.847141048951,
    66.323428200924));
#6512 = CARTESIAN_POINT('',(34.875051003069,16.853530947602,
    66.332758996827));
#6513 = CARTESIAN_POINT('',(34.90048841774,16.85941617155,
    66.341366137692));
#6514 = CARTESIAN_POINT('',(34.990623394584,16.878349256691,
    66.369091784939));
#6515 = CARTESIAN_POINT('',(35.056170504446,16.888672375087,
    66.384280067686));
#6516 = CARTESIAN_POINT('',(35.122268647181,16.895705336287,
    66.39465458868));
#6517 = CARTESIAN_POINT('',(35.188413930063,16.899328843945,66.4));
#6518 = CARTESIAN_POINT('',(35.253995469496,16.899328843945,66.4));
#6519 = PCURVE('',#2549,#6520);
#6520 = DEFINITIONAL_REPRESENTATION('',(#6521),#6532);
#6521 = B_SPLINE_CURVE_WITH_KNOTS('',5,(#6522,#6523,#6524,#6525,#6526,
    #6527,#6528,#6529,#6530,#6531),.UNSPECIFIED.,.F.,.F.,(6,4,6),(0.,
    0.283991362795,1.),.UNSPECIFIED.);
#6522 = CARTESIAN_POINT('',(3.74386998612,-0.7999994));
#6523 = CARTESIAN_POINT('',(3.743145056637,-0.824776098842));
#6524 = CARTESIAN_POINT('',(3.742468247776,-0.849803500885));
#6525 = CARTESIAN_POINT('',(3.741839967631,-0.875051003069));
#6526 = CARTESIAN_POINT('',(3.741260699518,-0.90048841774));
#6527 = CARTESIAN_POINT('',(3.739395510595,-0.990623394584));
#6528 = CARTESIAN_POINT('',(3.73837526921,-1.056170504446));
#6529 = CARTESIAN_POINT('',(3.737678952922,-1.122268647181));
#6530 = CARTESIAN_POINT('',(3.737320186159,-1.188413930063));
#6531 = CARTESIAN_POINT('',(3.737320186159,-1.253995469496));
#6532 = ( GEOMETRIC_REPRESENTATION_CONTEXT(2) 
PARAMETRIC_REPRESENTATION_CONTEXT() REPRESENTATION_CONTEXT('2D SPACE',''
  ) );
#6533 = PCURVE('',#2522,#6534);
#6534 = DEFINITIONAL_REPRESENTATION('',(#6535),#6546);
#6535 = B_SPLINE_CURVE_WITH_KNOTS('',5,(#6536,#6537,#6538,#6539,#6540,
    #6541,#6542,#6543,#6544,#6545),.UNSPECIFIED.,.F.,.F.,(6,4,6),(0.,
    0.283991362795,1.),.UNSPECIFIED.);
#6536 = CARTESIAN_POINT('',(-0.411482065186,1.072267861681));
#6537 = CARTESIAN_POINT('',(-0.415123132394,1.100379184989));
#6538 = CARTESIAN_POINT('',(-0.418725251755,1.128456751604));
#6539 = CARTESIAN_POINT('',(-0.42228606017,1.156516940909));
#6540 = CARTESIAN_POINT('',(-0.42580268763,1.184576995925));
#6541 = CARTESIAN_POINT('',(-0.438018092869,1.283446296439));
#6542 = CARTESIAN_POINT('',(-0.446460980013,1.354342439681));
#6543 = CARTESIAN_POINT('',(-0.454547281335,1.42565728697));
#6544 = CARTESIAN_POINT('',(-0.462192840379,1.497680629226));
#6545 = CARTESIAN_POINT('',(-0.469254116427,1.570796326795));
#6546 = ( GEOMETRIC_REPRESENTATION_CONTEXT(2) 
PARAMETRIC_REPRESENTATION_CONTEXT() REPRESENTATION_CONTEXT('2D SPACE',''
  ) );
#6547 = ADVANCED_FACE('',(#6548),#2522,.T.);
#6548 = FACE_BOUND('',#6549,.F.);
#6549 = EDGE_LOOP('',(#6550,#6551,#6552,#6572,#6573));
#6550 = ORIENTED_EDGE('',*,*,#4623,.F.);
#6551 = ORIENTED_EDGE('',*,*,#2934,.T.);
#6552 = ORIENTED_EDGE('',*,*,#6553,.T.);
#6553 = EDGE_CURVE('',#2861,#2474,#6554,.T.);
#6554 = SURFACE_CURVE('',#6555,(#6560,#6566),.PCURVE_S1.);
#6555 = CIRCLE('',#6556,0.8);
#6556 = AXIS2_PLACEMENT_3D('',#6557,#6558,#6559);
#6557 = CARTESIAN_POINT('',(39.,19.2,65.6));
#6558 = DIRECTION('',(1.,6.123233995737E-17,-0.));
#6559 = DIRECTION('',(-6.123233995737E-17,1.,0.));
#6560 = PCURVE('',#2522,#6561);
#6561 = DEFINITIONAL_REPRESENTATION('',(#6562),#6565);
#6562 = B_SPLINE_CURVE_WITH_KNOTS('',1,(#6563,#6564),.UNSPECIFIED.,.F.,
  .F.,(2,2),(0.,1.570796326795),.PIECEWISE_BEZIER_KNOTS.);
#6563 = CARTESIAN_POINT('',(-1.570796326795,0.));
#6564 = CARTESIAN_POINT('',(-1.570796326795,1.570796326795));
#6565 = ( GEOMETRIC_REPRESENTATION_CONTEXT(2) 
PARAMETRIC_REPRESENTATION_CONTEXT() REPRESENTATION_CONTEXT('2D SPACE',''
  ) );
#6566 = PCURVE('',#2489,#6567);
#6567 = DEFINITIONAL_REPRESENTATION('',(#6568),#6571);
#6568 = B_SPLINE_CURVE_WITH_KNOTS('',1,(#6569,#6570),.UNSPECIFIED.,.F.,
  .F.,(2,2),(0.,1.570796326795),.PIECEWISE_BEZIER_KNOTS.);
#6569 = CARTESIAN_POINT('',(0.,0.));
#6570 = CARTESIAN_POINT('',(1.570796326795,0.));
#6571 = ( GEOMETRIC_REPRESENTATION_CONTEXT(2) 
PARAMETRIC_REPRESENTATION_CONTEXT() REPRESENTATION_CONTEXT('2D SPACE',''
  ) );
#6572 = ORIENTED_EDGE('',*,*,#2501,.F.);
#6573 = ORIENTED_EDGE('',*,*,#6506,.F.);
#6574 = ADVANCED_FACE('',(#6575),#2489,.T.);
#6575 = FACE_BOUND('',#6576,.T.);
#6576 = EDGE_LOOP('',(#6577,#6578,#6579,#6599));
#6577 = ORIENTED_EDGE('',*,*,#6553,.T.);
#6578 = ORIENTED_EDGE('',*,*,#2473,.T.);
#6579 = ORIENTED_EDGE('',*,*,#6580,.F.);
#6580 = EDGE_CURVE('',#2884,#2441,#6581,.T.);
#6581 = SURFACE_CURVE('',#6582,(#6587,#6593),.PCURVE_S1.);
#6582 = CIRCLE('',#6583,0.8);
#6583 = AXIS2_PLACEMENT_3D('',#6584,#6585,#6586);
#6584 = CARTESIAN_POINT('',(43.,19.2,65.6));
#6585 = DIRECTION('',(1.,0.,-0.));
#6586 = DIRECTION('',(0.,1.,0.));
#6587 = PCURVE('',#2489,#6588);
#6588 = DEFINITIONAL_REPRESENTATION('',(#6589),#6592);
#6589 = B_SPLINE_CURVE_WITH_KNOTS('',1,(#6590,#6591),.UNSPECIFIED.,.F.,
  .F.,(2,2),(0.,1.570796326795),.PIECEWISE_BEZIER_KNOTS.);
#6590 = CARTESIAN_POINT('',(0.,4.));
#6591 = CARTESIAN_POINT('',(1.570796326795,4.));
#6592 = ( GEOMETRIC_REPRESENTATION_CONTEXT(2) 
PARAMETRIC_REPRESENTATION_CONTEXT() REPRESENTATION_CONTEXT('2D SPACE',''
  ) );
#6593 = PCURVE('',#2461,#6594);
#6594 = DEFINITIONAL_REPRESENTATION('',(#6595),#6598);
#6595 = B_SPLINE_CURVE_WITH_KNOTS('',1,(#6596,#6597),.UNSPECIFIED.,.F.,
  .F.,(2,2),(0.,1.570796326795),.PIECEWISE_BEZIER_KNOTS.);
#6596 = CARTESIAN_POINT('',(0.,0.));
#6597 = CARTESIAN_POINT('',(0.,1.570796326795));
#6598 = ( GEOMETRIC_REPRESENTATION_CONTEXT(2) 
PARAMETRIC_REPRESENTATION_CONTEXT() REPRESENTATION_CONTEXT('2D SPACE',''
  ) );
#6599 = ORIENTED_EDGE('',*,*,#2883,.F.);
#6600 = ADVANCED_FACE('',(#6601),#2461,.T.);
#6601 = FACE_BOUND('',#6602,.F.);
#6602 = EDGE_LOOP('',(#6603,#6604,#6605,#6606));
#6603 = ORIENTED_EDGE('',*,*,#6580,.F.);
#6604 = ORIENTED_EDGE('',*,*,#3018,.T.);
#6605 = ORIENTED_EDGE('',*,*,#5386,.T.);
#6606 = ORIENTED_EDGE('',*,*,#2440,.F.);
#6607 = ADVANCED_FACE('',(#6608),#3121,.F.);
#6608 = FACE_BOUND('',#6609,.F.);
#6609 = EDGE_LOOP('',(#6610,#6611,#6634,#6657,#6678,#6704,#6725,#6748,
    #6769,#6770,#6791,#6817));
#6610 = ORIENTED_EDGE('',*,*,#4005,.T.);
#6611 = ORIENTED_EDGE('',*,*,#6612,.T.);
#6612 = EDGE_CURVE('',#4008,#6613,#6615,.T.);
#6613 = VERTEX_POINT('',#6614);
#6614 = CARTESIAN_POINT('',(39.2,20.,76.5));
#6615 = SURFACE_CURVE('',#6616,(#6620,#6627),.PCURVE_S1.);
#6616 = LINE('',#6617,#6618);
#6617 = CARTESIAN_POINT('',(34.,20.,76.5));
#6618 = VECTOR('',#6619,1.);
#6619 = DIRECTION('',(1.,0.,0.));
#6620 = PCURVE('',#3121,#6621);
#6621 = DEFINITIONAL_REPRESENTATION('',(#6622),#6626);
#6622 = LINE('',#6623,#6624);
#6623 = CARTESIAN_POINT('',(0.,0.));
#6624 = VECTOR('',#6625,1.);
#6625 = DIRECTION('',(0.,-1.));
#6626 = ( GEOMETRIC_REPRESENTATION_CONTEXT(2) 
PARAMETRIC_REPRESENTATION_CONTEXT() REPRESENTATION_CONTEXT('2D SPACE',''
  ) );
#6627 = PCURVE('',#4165,#6628);
#6628 = DEFINITIONAL_REPRESENTATION('',(#6629),#6633);
#6629 = LINE('',#6630,#6631);
#6630 = CARTESIAN_POINT('',(3.14159265359,0.));
#6631 = VECTOR('',#6632,1.);
#6632 = DIRECTION('',(0.,-1.));
#6633 = ( GEOMETRIC_REPRESENTATION_CONTEXT(2) 
PARAMETRIC_REPRESENTATION_CONTEXT() REPRESENTATION_CONTEXT('2D SPACE',''
  ) );
#6634 = ORIENTED_EDGE('',*,*,#6635,.F.);
#6635 = EDGE_CURVE('',#6636,#6613,#6638,.T.);
#6636 = VERTEX_POINT('',#6637);
#6637 = CARTESIAN_POINT('',(39.2,20.,79.5));
#6638 = SURFACE_CURVE('',#6639,(#6643,#6650),.PCURVE_S1.);
#6639 = LINE('',#6640,#6641);
#6640 = CARTESIAN_POINT('',(39.2,20.,109.));
#6641 = VECTOR('',#6642,1.);
#6642 = DIRECTION('',(-0.,-0.,-1.));
#6643 = PCURVE('',#3121,#6644);
#6644 = DEFINITIONAL_REPRESENTATION('',(#6645),#6649);
#6645 = LINE('',#6646,#6647);
#6646 = CARTESIAN_POINT('',(32.5,-5.2));
#6647 = VECTOR('',#6648,1.);
#6648 = DIRECTION('',(-1.,0.));
#6649 = ( GEOMETRIC_REPRESENTATION_CONTEXT(2) 
PARAMETRIC_REPRESENTATION_CONTEXT() REPRESENTATION_CONTEXT('2D SPACE',''
  ) );
#6650 = PCURVE('',#5521,#6651);
#6651 = DEFINITIONAL_REPRESENTATION('',(#6652),#6656);
#6652 = LINE('',#6653,#6654);
#6653 = CARTESIAN_POINT('',(0.,0.));
#6654 = VECTOR('',#6655,1.);
#6655 = DIRECTION('',(0.,1.));
#6656 = ( GEOMETRIC_REPRESENTATION_CONTEXT(2) 
PARAMETRIC_REPRESENTATION_CONTEXT() REPRESENTATION_CONTEXT('2D SPACE',''
  ) );
#6657 = ORIENTED_EDGE('',*,*,#6658,.T.);
#6658 = EDGE_CURVE('',#6636,#6659,#6661,.T.);
#6659 = VERTEX_POINT('',#6660);
#6660 = CARTESIAN_POINT('',(38.25,20.,79.5));
#6661 = SURFACE_CURVE('',#6662,(#6666,#6672),.PCURVE_S1.);
#6662 = LINE('',#6663,#6664);
#6663 = CARTESIAN_POINT('',(34.,20.,79.5));
#6664 = VECTOR('',#6665,1.);
#6665 = DIRECTION('',(-1.,0.,0.));
#6666 = PCURVE('',#3121,#6667);
#6667 = DEFINITIONAL_REPRESENTATION('',(#6668),#6671);
#6668 = B_SPLINE_CURVE_WITH_KNOTS('',1,(#6669,#6670),.UNSPECIFIED.,.F.,
  .F.,(2,2),(-5.2,-0.8),.PIECEWISE_BEZIER_KNOTS.);
#6669 = CARTESIAN_POINT('',(3.,-5.2));
#6670 = CARTESIAN_POINT('',(3.,-0.8));
#6671 = ( GEOMETRIC_REPRESENTATION_CONTEXT(2) 
PARAMETRIC_REPRESENTATION_CONTEXT() REPRESENTATION_CONTEXT('2D SPACE',''
  ) );
#6672 = PCURVE('',#3938,#6673);
#6673 = DEFINITIONAL_REPRESENTATION('',(#6674),#6677);
#6674 = B_SPLINE_CURVE_WITH_KNOTS('',1,(#6675,#6676),.UNSPECIFIED.,.F.,
  .F.,(2,2),(-5.2,-0.8),.PIECEWISE_BEZIER_KNOTS.);
#6675 = CARTESIAN_POINT('',(5.2,4.));
#6676 = CARTESIAN_POINT('',(0.8,4.));
#6677 = ( GEOMETRIC_REPRESENTATION_CONTEXT(2) 
PARAMETRIC_REPRESENTATION_CONTEXT() REPRESENTATION_CONTEXT('2D SPACE',''
  ) );
#6678 = ORIENTED_EDGE('',*,*,#6679,.T.);
#6679 = EDGE_CURVE('',#6659,#6680,#6682,.T.);
#6680 = VERTEX_POINT('',#6681);
#6681 = CARTESIAN_POINT('',(38.25,20.,84.5));
#6682 = SURFACE_CURVE('',#6683,(#6687,#6693),.PCURVE_S1.);
#6683 = LINE('',#6684,#6685);
#6684 = CARTESIAN_POINT('',(38.25,20.,77.5));
#6685 = VECTOR('',#6686,1.);
#6686 = DIRECTION('',(0.,0.,1.));
#6687 = PCURVE('',#3121,#6688);
#6688 = DEFINITIONAL_REPRESENTATION('',(#6689),#6692);
#6689 = B_SPLINE_CURVE_WITH_KNOTS('',1,(#6690,#6691),.UNSPECIFIED.,.F.,
  .F.,(2,2),(2.,7.),.PIECEWISE_BEZIER_KNOTS.);
#6690 = CARTESIAN_POINT('',(3.,-4.25));
#6691 = CARTESIAN_POINT('',(8.,-4.25));
#6692 = ( GEOMETRIC_REPRESENTATION_CONTEXT(2) 
PARAMETRIC_REPRESENTATION_CONTEXT() REPRESENTATION_CONTEXT('2D SPACE',''
  ) );
#6693 = PCURVE('',#6694,#6699);
#6694 = PLANE('',#6695);
#6695 = AXIS2_PLACEMENT_3D('',#6696,#6697,#6698);
#6696 = CARTESIAN_POINT('',(38.25,19.5,78.5));
#6697 = DIRECTION('',(1.,0.,-0.));
#6698 = DIRECTION('',(0.,0.,1.));
#6699 = DEFINITIONAL_REPRESENTATION('',(#6700),#6703);
#6700 = B_SPLINE_CURVE_WITH_KNOTS('',1,(#6701,#6702),.UNSPECIFIED.,.F.,
  .F.,(2,2),(2.,7.),.PIECEWISE_BEZIER_KNOTS.);
#6701 = CARTESIAN_POINT('',(1.,-0.5));
#6702 = CARTESIAN_POINT('',(6.,-0.5));
#6703 = ( GEOMETRIC_REPRESENTATION_CONTEXT(2) 
PARAMETRIC_REPRESENTATION_CONTEXT() REPRESENTATION_CONTEXT('2D SPACE',''
  ) );
#6704 = ORIENTED_EDGE('',*,*,#6705,.F.);
#6705 = EDGE_CURVE('',#6706,#6680,#6708,.T.);
#6706 = VERTEX_POINT('',#6707);
#6707 = CARTESIAN_POINT('',(39.2,20.,84.5));
#6708 = SURFACE_CURVE('',#6709,(#6713,#6719),.PCURVE_S1.);
#6709 = LINE('',#6710,#6711);
#6710 = CARTESIAN_POINT('',(34.,20.,84.5));
#6711 = VECTOR('',#6712,1.);
#6712 = DIRECTION('',(-1.,0.,0.));
#6713 = PCURVE('',#3121,#6714);
#6714 = DEFINITIONAL_REPRESENTATION('',(#6715),#6718);
#6715 = B_SPLINE_CURVE_WITH_KNOTS('',1,(#6716,#6717),.UNSPECIFIED.,.F.,
  .F.,(2,2),(-5.2,-0.8),.PIECEWISE_BEZIER_KNOTS.);
#6716 = CARTESIAN_POINT('',(8.,-5.2));
#6717 = CARTESIAN_POINT('',(8.,-0.8));
#6718 = ( GEOMETRIC_REPRESENTATION_CONTEXT(2) 
PARAMETRIC_REPRESENTATION_CONTEXT() REPRESENTATION_CONTEXT('2D SPACE',''
  ) );
#6719 = PCURVE('',#3387,#6720);
#6720 = DEFINITIONAL_REPRESENTATION('',(#6721),#6724);
#6721 = B_SPLINE_CURVE_WITH_KNOTS('',1,(#6722,#6723),.UNSPECIFIED.,.F.,
  .F.,(2,2),(-5.2,-0.8),.PIECEWISE_BEZIER_KNOTS.);
#6722 = CARTESIAN_POINT('',(5.2,4.));
#6723 = CARTESIAN_POINT('',(0.8,4.));
#6724 = ( GEOMETRIC_REPRESENTATION_CONTEXT(2) 
PARAMETRIC_REPRESENTATION_CONTEXT() REPRESENTATION_CONTEXT('2D SPACE',''
  ) );
#6725 = ORIENTED_EDGE('',*,*,#6726,.F.);
#6726 = EDGE_CURVE('',#6727,#6706,#6729,.T.);
#6727 = VERTEX_POINT('',#6728);
#6728 = CARTESIAN_POINT('',(39.2,20.,109.));
#6729 = SURFACE_CURVE('',#6730,(#6734,#6741),.PCURVE_S1.);
#6730 = LINE('',#6731,#6732);
#6731 = CARTESIAN_POINT('',(39.2,20.,109.));
#6732 = VECTOR('',#6733,1.);
#6733 = DIRECTION('',(-0.,-0.,-1.));
#6734 = PCURVE('',#3121,#6735);
#6735 = DEFINITIONAL_REPRESENTATION('',(#6736),#6740);
#6736 = LINE('',#6737,#6738);
#6737 = CARTESIAN_POINT('',(32.5,-5.2));
#6738 = VECTOR('',#6739,1.);
#6739 = DIRECTION('',(-1.,0.));
#6740 = ( GEOMETRIC_REPRESENTATION_CONTEXT(2) 
PARAMETRIC_REPRESENTATION_CONTEXT() REPRESENTATION_CONTEXT('2D SPACE',''
  ) );
#6741 = PCURVE('',#5633,#6742);
#6742 = DEFINITIONAL_REPRESENTATION('',(#6743),#6747);
#6743 = LINE('',#6744,#6745);
#6744 = CARTESIAN_POINT('',(0.,0.));
#6745 = VECTOR('',#6746,1.);
#6746 = DIRECTION('',(0.,1.));
#6747 = ( GEOMETRIC_REPRESENTATION_CONTEXT(2) 
PARAMETRIC_REPRESENTATION_CONTEXT() REPRESENTATION_CONTEXT('2D SPACE',''
  ) );
#6748 = ORIENTED_EDGE('',*,*,#6749,.F.);
#6749 = EDGE_CURVE('',#3104,#6727,#6750,.T.);
#6750 = SURFACE_CURVE('',#6751,(#6755,#6762),.PCURVE_S1.);
#6751 = LINE('',#6752,#6753);
#6752 = CARTESIAN_POINT('',(34.,20.,109.));
#6753 = VECTOR('',#6754,1.);
#6754 = DIRECTION('',(1.,0.,0.));
#6755 = PCURVE('',#3121,#6756);
#6756 = DEFINITIONAL_REPRESENTATION('',(#6757),#6761);
#6757 = LINE('',#6758,#6759);
#6758 = CARTESIAN_POINT('',(32.5,0.));
#6759 = VECTOR('',#6760,1.);
#6760 = DIRECTION('',(0.,-1.));
#6761 = ( GEOMETRIC_REPRESENTATION_CONTEXT(2) 
PARAMETRIC_REPRESENTATION_CONTEXT() REPRESENTATION_CONTEXT('2D SPACE',''
  ) );
#6762 = PCURVE('',#3443,#6763);
#6763 = DEFINITIONAL_REPRESENTATION('',(#6764),#6768);
#6764 = LINE('',#6765,#6766);
#6765 = CARTESIAN_POINT('',(3.14159265359,0.));
#6766 = VECTOR('',#6767,1.);
#6767 = DIRECTION('',(0.,-1.));
#6768 = ( GEOMETRIC_REPRESENTATION_CONTEXT(2) 
PARAMETRIC_REPRESENTATION_CONTEXT() REPRESENTATION_CONTEXT('2D SPACE',''
  ) );
#6769 = ORIENTED_EDGE('',*,*,#3103,.T.);
#6770 = ORIENTED_EDGE('',*,*,#6771,.F.);
#6771 = EDGE_CURVE('',#6772,#3106,#6774,.T.);
#6772 = VERTEX_POINT('',#6773);
#6773 = CARTESIAN_POINT('',(35.75,20.,84.5));
#6774 = SURFACE_CURVE('',#6775,(#6779,#6785),.PCURVE_S1.);
#6775 = LINE('',#6776,#6777);
#6776 = CARTESIAN_POINT('',(34.,20.,84.5));
#6777 = VECTOR('',#6778,1.);
#6778 = DIRECTION('',(-1.,0.,0.));
#6779 = PCURVE('',#3121,#6780);
#6780 = DEFINITIONAL_REPRESENTATION('',(#6781),#6784);
#6781 = B_SPLINE_CURVE_WITH_KNOTS('',1,(#6782,#6783),.UNSPECIFIED.,.F.,
  .F.,(2,2),(-5.2,-0.8),.PIECEWISE_BEZIER_KNOTS.);
#6782 = CARTESIAN_POINT('',(8.,-5.2));
#6783 = CARTESIAN_POINT('',(8.,-0.8));
#6784 = ( GEOMETRIC_REPRESENTATION_CONTEXT(2) 
PARAMETRIC_REPRESENTATION_CONTEXT() REPRESENTATION_CONTEXT('2D SPACE',''
  ) );
#6785 = PCURVE('',#3387,#6786);
#6786 = DEFINITIONAL_REPRESENTATION('',(#6787),#6790);
#6787 = B_SPLINE_CURVE_WITH_KNOTS('',1,(#6788,#6789),.UNSPECIFIED.,.F.,
  .F.,(2,2),(-5.2,-0.8),.PIECEWISE_BEZIER_KNOTS.);
#6788 = CARTESIAN_POINT('',(5.2,4.));
#6789 = CARTESIAN_POINT('',(0.8,4.));
#6790 = ( GEOMETRIC_REPRESENTATION_CONTEXT(2) 
PARAMETRIC_REPRESENTATION_CONTEXT() REPRESENTATION_CONTEXT('2D SPACE',''
  ) );
#6791 = ORIENTED_EDGE('',*,*,#6792,.F.);
#6792 = EDGE_CURVE('',#6793,#6772,#6795,.T.);
#6793 = VERTEX_POINT('',#6794);
#6794 = CARTESIAN_POINT('',(35.75,20.,79.5));
#6795 = SURFACE_CURVE('',#6796,(#6800,#6806),.PCURVE_S1.);
#6796 = LINE('',#6797,#6798);
#6797 = CARTESIAN_POINT('',(35.75,20.,77.5));
#6798 = VECTOR('',#6799,1.);
#6799 = DIRECTION('',(0.,0.,1.));
#6800 = PCURVE('',#3121,#6801);
#6801 = DEFINITIONAL_REPRESENTATION('',(#6802),#6805);
#6802 = B_SPLINE_CURVE_WITH_KNOTS('',1,(#6803,#6804),.UNSPECIFIED.,.F.,
  .F.,(2,2),(2.,7.),.PIECEWISE_BEZIER_KNOTS.);
#6803 = CARTESIAN_POINT('',(3.,-1.75));
#6804 = CARTESIAN_POINT('',(8.,-1.75));
#6805 = ( GEOMETRIC_REPRESENTATION_CONTEXT(2) 
PARAMETRIC_REPRESENTATION_CONTEXT() REPRESENTATION_CONTEXT('2D SPACE',''
  ) );
#6806 = PCURVE('',#6807,#6812);
#6807 = PLANE('',#6808);
#6808 = AXIS2_PLACEMENT_3D('',#6809,#6810,#6811);
#6809 = CARTESIAN_POINT('',(35.75,19.5,78.5));
#6810 = DIRECTION('',(1.,0.,-0.));
#6811 = DIRECTION('',(0.,0.,1.));
#6812 = DEFINITIONAL_REPRESENTATION('',(#6813),#6816);
#6813 = B_SPLINE_CURVE_WITH_KNOTS('',1,(#6814,#6815),.UNSPECIFIED.,.F.,
  .F.,(2,2),(2.,7.),.PIECEWISE_BEZIER_KNOTS.);
#6814 = CARTESIAN_POINT('',(1.,-0.5));
#6815 = CARTESIAN_POINT('',(6.,-0.5));
#6816 = ( GEOMETRIC_REPRESENTATION_CONTEXT(2) 
PARAMETRIC_REPRESENTATION_CONTEXT() REPRESENTATION_CONTEXT('2D SPACE',''
  ) );
#6817 = ORIENTED_EDGE('',*,*,#6818,.T.);
#6818 = EDGE_CURVE('',#6793,#4006,#6819,.T.);
#6819 = SURFACE_CURVE('',#6820,(#6824,#6830),.PCURVE_S1.);
#6820 = LINE('',#6821,#6822);
#6821 = CARTESIAN_POINT('',(34.,20.,79.5));
#6822 = VECTOR('',#6823,1.);
#6823 = DIRECTION('',(-1.,0.,0.));
#6824 = PCURVE('',#3121,#6825);
#6825 = DEFINITIONAL_REPRESENTATION('',(#6826),#6829);
#6826 = B_SPLINE_CURVE_WITH_KNOTS('',1,(#6827,#6828),.UNSPECIFIED.,.F.,
  .F.,(2,2),(-5.2,-0.8),.PIECEWISE_BEZIER_KNOTS.);
#6827 = CARTESIAN_POINT('',(3.,-5.2));
#6828 = CARTESIAN_POINT('',(3.,-0.8));
#6829 = ( GEOMETRIC_REPRESENTATION_CONTEXT(2) 
PARAMETRIC_REPRESENTATION_CONTEXT() REPRESENTATION_CONTEXT('2D SPACE',''
  ) );
#6830 = PCURVE('',#3938,#6831);
#6831 = DEFINITIONAL_REPRESENTATION('',(#6832),#6835);
#6832 = B_SPLINE_CURVE_WITH_KNOTS('',1,(#6833,#6834),.UNSPECIFIED.,.F.,
  .F.,(2,2),(-5.2,-0.8),.PIECEWISE_BEZIER_KNOTS.);
#6833 = CARTESIAN_POINT('',(5.2,4.));
#6834 = CARTESIAN_POINT('',(0.8,4.));
#6835 = ( GEOMETRIC_REPRESENTATION_CONTEXT(2) 
PARAMETRIC_REPRESENTATION_CONTEXT() REPRESENTATION_CONTEXT('2D SPACE',''
  ) );
#6836 = ADVANCED_FACE('',(#6837),#3387,.T.);
#6837 = FACE_BOUND('',#6838,.T.);
#6838 = EDGE_LOOP('',(#6839,#6840,#6841,#6842,#6863,#6889,#6908,#6909,
    #6937,#6960,#6993,#7021));
#6839 = ORIENTED_EDGE('',*,*,#3462,.F.);
#6840 = ORIENTED_EDGE('',*,*,#3372,.T.);
#6841 = ORIENTED_EDGE('',*,*,#6771,.F.);
#6842 = ORIENTED_EDGE('',*,*,#6843,.T.);
#6843 = EDGE_CURVE('',#6772,#6844,#6846,.T.);
#6844 = VERTEX_POINT('',#6845);
#6845 = CARTESIAN_POINT('',(35.75,22.5,84.5));
#6846 = SURFACE_CURVE('',#6847,(#6851,#6857),.PCURVE_S1.);
#6847 = LINE('',#6848,#6849);
#6848 = CARTESIAN_POINT('',(35.75,17.75,84.5));
#6849 = VECTOR('',#6850,1.);
#6850 = DIRECTION('',(-0.,1.,0.));
#6851 = PCURVE('',#3387,#6852);
#6852 = DEFINITIONAL_REPRESENTATION('',(#6853),#6856);
#6853 = B_SPLINE_CURVE_WITH_KNOTS('',1,(#6854,#6855),.UNSPECIFIED.,.F.,
  .F.,(2,2),(1.75,4.75),.PIECEWISE_BEZIER_KNOTS.);
#6854 = CARTESIAN_POINT('',(1.75,3.5));
#6855 = CARTESIAN_POINT('',(1.75,6.5));
#6856 = ( GEOMETRIC_REPRESENTATION_CONTEXT(2) 
PARAMETRIC_REPRESENTATION_CONTEXT() REPRESENTATION_CONTEXT('2D SPACE',''
  ) );
#6857 = PCURVE('',#6807,#6858);
#6858 = DEFINITIONAL_REPRESENTATION('',(#6859),#6862);
#6859 = B_SPLINE_CURVE_WITH_KNOTS('',1,(#6860,#6861),.UNSPECIFIED.,.F.,
  .F.,(2,2),(1.75,4.75),.PIECEWISE_BEZIER_KNOTS.);
#6860 = CARTESIAN_POINT('',(6.,0.));
#6861 = CARTESIAN_POINT('',(6.,-3.));
#6862 = ( GEOMETRIC_REPRESENTATION_CONTEXT(2) 
PARAMETRIC_REPRESENTATION_CONTEXT() REPRESENTATION_CONTEXT('2D SPACE',''
  ) );
#6863 = ORIENTED_EDGE('',*,*,#6864,.F.);
#6864 = EDGE_CURVE('',#6865,#6844,#6867,.T.);
#6865 = VERTEX_POINT('',#6866);
#6866 = CARTESIAN_POINT('',(38.25,22.5,84.5));
#6867 = SURFACE_CURVE('',#6868,(#6872,#6878),.PCURVE_S1.);
#6868 = LINE('',#6869,#6870);
#6869 = CARTESIAN_POINT('',(34.875,22.5,84.5));
#6870 = VECTOR('',#6871,1.);
#6871 = DIRECTION('',(-1.,-0.,0.));
#6872 = PCURVE('',#3387,#6873);
#6873 = DEFINITIONAL_REPRESENTATION('',(#6874),#6877);
#6874 = B_SPLINE_CURVE_WITH_KNOTS('',1,(#6875,#6876),.UNSPECIFIED.,.F.,
  .F.,(2,2),(-3.375,-0.875),.PIECEWISE_BEZIER_KNOTS.);
#6875 = CARTESIAN_POINT('',(4.25,6.5));
#6876 = CARTESIAN_POINT('',(1.75,6.5));
#6877 = ( GEOMETRIC_REPRESENTATION_CONTEXT(2) 
PARAMETRIC_REPRESENTATION_CONTEXT() REPRESENTATION_CONTEXT('2D SPACE',''
  ) );
#6878 = PCURVE('',#6879,#6884);
#6879 = PLANE('',#6880);
#6880 = AXIS2_PLACEMENT_3D('',#6881,#6882,#6883);
#6881 = CARTESIAN_POINT('',(35.75,22.5,78.5));
#6882 = DIRECTION('',(-0.,1.,0.));
#6883 = DIRECTION('',(0.,0.,1.));
#6884 = DEFINITIONAL_REPRESENTATION('',(#6885),#6888);
#6885 = B_SPLINE_CURVE_WITH_KNOTS('',1,(#6886,#6887),.UNSPECIFIED.,.F.,
  .F.,(2,2),(-3.375,-0.875),.PIECEWISE_BEZIER_KNOTS.);
#6886 = CARTESIAN_POINT('',(6.,2.5));
#6887 = CARTESIAN_POINT('',(6.,0.));
#6888 = ( GEOMETRIC_REPRESENTATION_CONTEXT(2) 
PARAMETRIC_REPRESENTATION_CONTEXT() REPRESENTATION_CONTEXT('2D SPACE',''
  ) );
#6889 = ORIENTED_EDGE('',*,*,#6890,.F.);
#6890 = EDGE_CURVE('',#6680,#6865,#6891,.T.);
#6891 = SURFACE_CURVE('',#6892,(#6896,#6902),.PCURVE_S1.);
#6892 = LINE('',#6893,#6894);
#6893 = CARTESIAN_POINT('',(38.25,17.75,84.5));
#6894 = VECTOR('',#6895,1.);
#6895 = DIRECTION('',(-0.,1.,0.));
#6896 = PCURVE('',#3387,#6897);
#6897 = DEFINITIONAL_REPRESENTATION('',(#6898),#6901);
#6898 = B_SPLINE_CURVE_WITH_KNOTS('',1,(#6899,#6900),.UNSPECIFIED.,.F.,
  .F.,(2,2),(1.75,4.75),.PIECEWISE_BEZIER_KNOTS.);
#6899 = CARTESIAN_POINT('',(4.25,3.5));
#6900 = CARTESIAN_POINT('',(4.25,6.5));
#6901 = ( GEOMETRIC_REPRESENTATION_CONTEXT(2) 
PARAMETRIC_REPRESENTATION_CONTEXT() REPRESENTATION_CONTEXT('2D SPACE',''
  ) );
#6902 = PCURVE('',#6694,#6903);
#6903 = DEFINITIONAL_REPRESENTATION('',(#6904),#6907);
#6904 = B_SPLINE_CURVE_WITH_KNOTS('',1,(#6905,#6906),.UNSPECIFIED.,.F.,
  .F.,(2,2),(1.75,4.75),.PIECEWISE_BEZIER_KNOTS.);
#6905 = CARTESIAN_POINT('',(6.,0.));
#6906 = CARTESIAN_POINT('',(6.,-3.));
#6907 = ( GEOMETRIC_REPRESENTATION_CONTEXT(2) 
PARAMETRIC_REPRESENTATION_CONTEXT() REPRESENTATION_CONTEXT('2D SPACE',''
  ) );
#6908 = ORIENTED_EDGE('',*,*,#6705,.F.);
#6909 = ORIENTED_EDGE('',*,*,#6910,.T.);
#6910 = EDGE_CURVE('',#6706,#6911,#6913,.T.);
#6911 = VERTEX_POINT('',#6912);
#6912 = CARTESIAN_POINT('',(39.5,19.941619848709,84.5));
#6913 = SURFACE_CURVE('',#6914,(#6919,#6930),.PCURVE_S1.);
#6914 = CIRCLE('',#6915,0.8);
#6915 = AXIS2_PLACEMENT_3D('',#6916,#6917,#6918);
#6916 = CARTESIAN_POINT('',(39.2,19.2,84.5));
#6917 = DIRECTION('',(0.,-0.,-1.));
#6918 = DIRECTION('',(0.,1.,-0.));
#6919 = PCURVE('',#3387,#6920);
#6920 = DEFINITIONAL_REPRESENTATION('',(#6921),#6929);
#6921 = ( BOUNDED_CURVE() B_SPLINE_CURVE(2,(#6922,#6923,#6924,#6925,
#6926,#6927,#6928),.UNSPECIFIED.,.T.,.F.) B_SPLINE_CURVE_WITH_KNOTS((1,2
    ,2,2,2,1),(-2.094395102393,0.,2.094395102393,4.188790204786,
6.28318530718,8.377580409573),.UNSPECIFIED.) CURVE() 
GEOMETRIC_REPRESENTATION_ITEM() RATIONAL_B_SPLINE_CURVE((1.,0.5,1.,0.5,
1.,0.5,1.)) REPRESENTATION_ITEM('') );
#6922 = CARTESIAN_POINT('',(5.2,4.));
#6923 = CARTESIAN_POINT('',(6.585640646055,4.));
#6924 = CARTESIAN_POINT('',(5.892820323028,2.8));
#6925 = CARTESIAN_POINT('',(5.2,1.6));
#6926 = CARTESIAN_POINT('',(4.507179676972,2.8));
#6927 = CARTESIAN_POINT('',(3.814359353945,4.));
#6928 = CARTESIAN_POINT('',(5.2,4.));
#6929 = ( GEOMETRIC_REPRESENTATION_CONTEXT(2) 
PARAMETRIC_REPRESENTATION_CONTEXT() REPRESENTATION_CONTEXT('2D SPACE',''
  ) );
#6930 = PCURVE('',#5633,#6931);
#6931 = DEFINITIONAL_REPRESENTATION('',(#6932),#6936);
#6932 = LINE('',#6933,#6934);
#6933 = CARTESIAN_POINT('',(0.,24.5));
#6934 = VECTOR('',#6935,1.);
#6935 = DIRECTION('',(1.,0.));
#6936 = ( GEOMETRIC_REPRESENTATION_CONTEXT(2) 
PARAMETRIC_REPRESENTATION_CONTEXT() REPRESENTATION_CONTEXT('2D SPACE',''
  ) );
#6937 = ORIENTED_EDGE('',*,*,#6938,.F.);
#6938 = EDGE_CURVE('',#6939,#6911,#6941,.T.);
#6939 = VERTEX_POINT('',#6940);
#6940 = CARTESIAN_POINT('',(39.5,23.,84.5));
#6941 = SURFACE_CURVE('',#6942,(#6946,#6953),.PCURVE_S1.);
#6942 = LINE('',#6943,#6944);
#6943 = CARTESIAN_POINT('',(39.5,23.,84.5));
#6944 = VECTOR('',#6945,1.);
#6945 = DIRECTION('',(0.,-1.,-0.));
#6946 = PCURVE('',#3387,#6947);
#6947 = DEFINITIONAL_REPRESENTATION('',(#6948),#6952);
#6948 = LINE('',#6949,#6950);
#6949 = CARTESIAN_POINT('',(5.5,7.));
#6950 = VECTOR('',#6951,1.);
#6951 = DIRECTION('',(0.,-1.));
#6952 = ( GEOMETRIC_REPRESENTATION_CONTEXT(2) 
PARAMETRIC_REPRESENTATION_CONTEXT() REPRESENTATION_CONTEXT('2D SPACE',''
  ) );
#6953 = PCURVE('',#5605,#6954);
#6954 = DEFINITIONAL_REPRESENTATION('',(#6955),#6959);
#6955 = LINE('',#6956,#6957);
#6956 = CARTESIAN_POINT('',(1.570796326795,0.));
#6957 = VECTOR('',#6958,1.);
#6958 = DIRECTION('',(0.,1.));
#6959 = ( GEOMETRIC_REPRESENTATION_CONTEXT(2) 
PARAMETRIC_REPRESENTATION_CONTEXT() REPRESENTATION_CONTEXT('2D SPACE',''
  ) );
#6960 = ORIENTED_EDGE('',*,*,#6961,.F.);
#6961 = EDGE_CURVE('',#6962,#6939,#6964,.T.);
#6962 = VERTEX_POINT('',#6963);
#6963 = CARTESIAN_POINT('',(39.,23.5,84.5));
#6964 = SURFACE_CURVE('',#6965,(#6970,#6981),.PCURVE_S1.);
#6965 = CIRCLE('',#6966,0.5);
#6966 = AXIS2_PLACEMENT_3D('',#6967,#6968,#6969);
#6967 = CARTESIAN_POINT('',(39.,23.,84.5));
#6968 = DIRECTION('',(0.,-0.,-1.));
#6969 = DIRECTION('',(0.,1.,-0.));
#6970 = PCURVE('',#3387,#6971);
#6971 = DEFINITIONAL_REPRESENTATION('',(#6972),#6980);
#6972 = ( BOUNDED_CURVE() B_SPLINE_CURVE(2,(#6973,#6974,#6975,#6976,
#6977,#6978,#6979),.UNSPECIFIED.,.T.,.F.) B_SPLINE_CURVE_WITH_KNOTS((1,2
    ,2,2,2,1),(-2.094395102393,0.,2.094395102393,4.188790204786,
6.28318530718,8.377580409573),.UNSPECIFIED.) CURVE() 
GEOMETRIC_REPRESENTATION_ITEM() RATIONAL_B_SPLINE_CURVE((1.,0.5,1.,0.5,
1.,0.5,1.)) REPRESENTATION_ITEM('') );
#6973 = CARTESIAN_POINT('',(5.,7.5));
#6974 = CARTESIAN_POINT('',(5.866025403784,7.5));
#6975 = CARTESIAN_POINT('',(5.433012701892,6.75));
#6976 = CARTESIAN_POINT('',(5.,6.));
#6977 = CARTESIAN_POINT('',(4.566987298108,6.75));
#6978 = CARTESIAN_POINT('',(4.133974596216,7.5));
#6979 = CARTESIAN_POINT('',(5.,7.5));
#6980 = ( GEOMETRIC_REPRESENTATION_CONTEXT(2) 
PARAMETRIC_REPRESENTATION_CONTEXT() REPRESENTATION_CONTEXT('2D SPACE',''
  ) );
#6981 = PCURVE('',#6982,#6987);
#6982 = TOROIDAL_SURFACE('',#6983,0.5,0.5);
#6983 = AXIS2_PLACEMENT_3D('',#6984,#6985,#6986);
#6984 = CARTESIAN_POINT('',(39.,23.,84.));
#6985 = DIRECTION('',(0.,0.,1.));
#6986 = DIRECTION('',(0.,1.,-0.));
#6987 = DEFINITIONAL_REPRESENTATION('',(#6988),#6992);
#6988 = LINE('',#6989,#6990);
#6989 = CARTESIAN_POINT('',(-0.,1.570796326795));
#6990 = VECTOR('',#6991,1.);
#6991 = DIRECTION('',(-1.,0.));
#6992 = ( GEOMETRIC_REPRESENTATION_CONTEXT(2) 
PARAMETRIC_REPRESENTATION_CONTEXT() REPRESENTATION_CONTEXT('2D SPACE',''
  ) );
#6993 = ORIENTED_EDGE('',*,*,#6994,.F.);
#6994 = EDGE_CURVE('',#6995,#6962,#6997,.T.);
#6995 = VERTEX_POINT('',#6996);
#6996 = CARTESIAN_POINT('',(35.,23.5,84.5));
#6997 = SURFACE_CURVE('',#6998,(#7002,#7009),.PCURVE_S1.);
#6998 = LINE('',#6999,#7000);
#6999 = CARTESIAN_POINT('',(35.,23.5,84.5));
#7000 = VECTOR('',#7001,1.);
#7001 = DIRECTION('',(1.,0.,-0.));
#7002 = PCURVE('',#3387,#7003);
#7003 = DEFINITIONAL_REPRESENTATION('',(#7004),#7008);
#7004 = LINE('',#7005,#7006);
#7005 = CARTESIAN_POINT('',(1.,7.5));
#7006 = VECTOR('',#7007,1.);
#7007 = DIRECTION('',(1.,0.));
#7008 = ( GEOMETRIC_REPRESENTATION_CONTEXT(2) 
PARAMETRIC_REPRESENTATION_CONTEXT() REPRESENTATION_CONTEXT('2D SPACE',''
  ) );
#7009 = PCURVE('',#7010,#7015);
#7010 = CYLINDRICAL_SURFACE('',#7011,0.5);
#7011 = AXIS2_PLACEMENT_3D('',#7012,#7013,#7014);
#7012 = CARTESIAN_POINT('',(35.,23.5,84.));
#7013 = DIRECTION('',(1.,0.,-0.));
#7014 = DIRECTION('',(0.,1.,0.));
#7015 = DEFINITIONAL_REPRESENTATION('',(#7016),#7020);
#7016 = LINE('',#7017,#7018);
#7017 = CARTESIAN_POINT('',(1.570796326795,0.));
#7018 = VECTOR('',#7019,1.);
#7019 = DIRECTION('',(0.,1.));
#7020 = ( GEOMETRIC_REPRESENTATION_CONTEXT(2) 
PARAMETRIC_REPRESENTATION_CONTEXT() REPRESENTATION_CONTEXT('2D SPACE',''
  ) );
#7021 = ORIENTED_EDGE('',*,*,#7022,.F.);
#7022 = EDGE_CURVE('',#3463,#6995,#7023,.T.);
#7023 = SURFACE_CURVE('',#7024,(#7029,#7040),.PCURVE_S1.);
#7024 = CIRCLE('',#7025,0.5);
#7025 = AXIS2_PLACEMENT_3D('',#7026,#7027,#7028);
#7026 = CARTESIAN_POINT('',(35.,23.,84.5));
#7027 = DIRECTION('',(-0.,0.,-1.));
#7028 = DIRECTION('',(-1.,0.,0.));
#7029 = PCURVE('',#3387,#7030);
#7030 = DEFINITIONAL_REPRESENTATION('',(#7031),#7039);
#7031 = ( BOUNDED_CURVE() B_SPLINE_CURVE(2,(#7032,#7033,#7034,#7035,
#7036,#7037,#7038),.UNSPECIFIED.,.T.,.F.) B_SPLINE_CURVE_WITH_KNOTS((1,2
    ,2,2,2,1),(-2.094395102393,0.,2.094395102393,4.188790204786,
6.28318530718,8.377580409573),.UNSPECIFIED.) CURVE() 
GEOMETRIC_REPRESENTATION_ITEM() RATIONAL_B_SPLINE_CURVE((1.,0.5,1.,0.5,
1.,0.5,1.)) REPRESENTATION_ITEM('') );
#7032 = CARTESIAN_POINT('',(0.5,7.));
#7033 = CARTESIAN_POINT('',(0.5,7.866025403784));
#7034 = CARTESIAN_POINT('',(1.25,7.433012701892));
#7035 = CARTESIAN_POINT('',(2.,7.));
#7036 = CARTESIAN_POINT('',(1.25,6.566987298108));
#7037 = CARTESIAN_POINT('',(0.5,6.133974596216));
#7038 = CARTESIAN_POINT('',(0.5,7.));
#7039 = ( GEOMETRIC_REPRESENTATION_CONTEXT(2) 
PARAMETRIC_REPRESENTATION_CONTEXT() REPRESENTATION_CONTEXT('2D SPACE',''
  ) );
#7040 = PCURVE('',#3499,#7041);
#7041 = DEFINITIONAL_REPRESENTATION('',(#7042),#7046);
#7042 = LINE('',#7043,#7044);
#7043 = CARTESIAN_POINT('',(-0.,1.570796326795));
#7044 = VECTOR('',#7045,1.);
#7045 = DIRECTION('',(-1.,0.));
#7046 = ( GEOMETRIC_REPRESENTATION_CONTEXT(2) 
PARAMETRIC_REPRESENTATION_CONTEXT() REPRESENTATION_CONTEXT('2D SPACE',''
  ) );
#7047 = ADVANCED_FACE('',(#7048),#3443,.T.);
#7048 = FACE_BOUND('',#7049,.T.);
#7049 = EDGE_LOOP('',(#7050,#7073,#7095,#7096));
#7050 = ORIENTED_EDGE('',*,*,#7051,.T.);
#7051 = EDGE_CURVE('',#3407,#7052,#7054,.T.);
#7052 = VERTEX_POINT('',#7053);
#7053 = CARTESIAN_POINT('',(39.2,2.,127.));
#7054 = SURFACE_CURVE('',#7055,(#7059,#7066),.PCURVE_S1.);
#7055 = LINE('',#7056,#7057);
#7056 = CARTESIAN_POINT('',(34.,2.,127.));
#7057 = VECTOR('',#7058,1.);
#7058 = DIRECTION('',(1.,0.,0.));
#7059 = PCURVE('',#3443,#7060);
#7060 = DEFINITIONAL_REPRESENTATION('',(#7061),#7065);
#7061 = LINE('',#7062,#7063);
#7062 = CARTESIAN_POINT('',(1.570796326795,0.));
#7063 = VECTOR('',#7064,1.);
#7064 = DIRECTION('',(0.,-1.));
#7065 = ( GEOMETRIC_REPRESENTATION_CONTEXT(2) 
PARAMETRIC_REPRESENTATION_CONTEXT() REPRESENTATION_CONTEXT('2D SPACE',''
  ) );
#7066 = PCURVE('',#3551,#7067);
#7067 = DEFINITIONAL_REPRESENTATION('',(#7068),#7072);
#7068 = LINE('',#7069,#7070);
#7069 = CARTESIAN_POINT('',(4.,0.));
#7070 = VECTOR('',#7071,1.);
#7071 = DIRECTION('',(0.,-1.));
#7072 = ( GEOMETRIC_REPRESENTATION_CONTEXT(2) 
PARAMETRIC_REPRESENTATION_CONTEXT() REPRESENTATION_CONTEXT('2D SPACE',''
  ) );
#7073 = ORIENTED_EDGE('',*,*,#7074,.T.);
#7074 = EDGE_CURVE('',#7052,#6727,#7075,.T.);
#7075 = SURFACE_CURVE('',#7076,(#7081,#7088),.PCURVE_S1.);
#7076 = CIRCLE('',#7077,18.);
#7077 = AXIS2_PLACEMENT_3D('',#7078,#7079,#7080);
#7078 = CARTESIAN_POINT('',(39.2,2.,109.));
#7079 = DIRECTION('',(-1.,-0.,0.));
#7080 = DIRECTION('',(0.,-6.167905692362E-17,1.));
#7081 = PCURVE('',#3443,#7082);
#7082 = DEFINITIONAL_REPRESENTATION('',(#7083),#7087);
#7083 = LINE('',#7084,#7085);
#7084 = CARTESIAN_POINT('',(1.570796326795,-5.2));
#7085 = VECTOR('',#7086,1.);
#7086 = DIRECTION('',(1.,0.));
#7087 = ( GEOMETRIC_REPRESENTATION_CONTEXT(2) 
PARAMETRIC_REPRESENTATION_CONTEXT() REPRESENTATION_CONTEXT('2D SPACE',''
  ) );
#7088 = PCURVE('',#5662,#7089);
#7089 = DEFINITIONAL_REPRESENTATION('',(#7090),#7094);
#7090 = LINE('',#7091,#7092);
#7091 = CARTESIAN_POINT('',(-0.,0.));
#7092 = VECTOR('',#7093,1.);
#7093 = DIRECTION('',(-1.,0.));
#7094 = ( GEOMETRIC_REPRESENTATION_CONTEXT(2) 
PARAMETRIC_REPRESENTATION_CONTEXT() REPRESENTATION_CONTEXT('2D SPACE',''
  ) );
#7095 = ORIENTED_EDGE('',*,*,#6749,.F.);
#7096 = ORIENTED_EDGE('',*,*,#3428,.F.);
#7097 = ADVANCED_FACE('',(#7098),#3499,.T.);
#7098 = FACE_BOUND('',#7099,.F.);
#7099 = EDGE_LOOP('',(#7100,#7101,#7102,#7122));
#7100 = ORIENTED_EDGE('',*,*,#3485,.F.);
#7101 = ORIENTED_EDGE('',*,*,#3624,.T.);
#7102 = ORIENTED_EDGE('',*,*,#7103,.T.);
#7103 = EDGE_CURVE('',#3597,#6995,#7104,.T.);
#7104 = SURFACE_CURVE('',#7105,(#7110,#7116),.PCURVE_S1.);
#7105 = CIRCLE('',#7106,0.5);
#7106 = AXIS2_PLACEMENT_3D('',#7107,#7108,#7109);
#7107 = CARTESIAN_POINT('',(35.,23.5,84.));
#7108 = DIRECTION('',(1.,6.123233995737E-17,-0.));
#7109 = DIRECTION('',(-6.123233995737E-17,1.,0.));
#7110 = PCURVE('',#3499,#7111);
#7111 = DEFINITIONAL_REPRESENTATION('',(#7112),#7115);
#7112 = B_SPLINE_CURVE_WITH_KNOTS('',1,(#7113,#7114),.UNSPECIFIED.,.F.,
  .F.,(2,2),(0.,1.570796326795),.PIECEWISE_BEZIER_KNOTS.);
#7113 = CARTESIAN_POINT('',(-1.570796326795,0.));
#7114 = CARTESIAN_POINT('',(-1.570796326795,1.570796326795));
#7115 = ( GEOMETRIC_REPRESENTATION_CONTEXT(2) 
PARAMETRIC_REPRESENTATION_CONTEXT() REPRESENTATION_CONTEXT('2D SPACE',''
  ) );
#7116 = PCURVE('',#7010,#7117);
#7117 = DEFINITIONAL_REPRESENTATION('',(#7118),#7121);
#7118 = B_SPLINE_CURVE_WITH_KNOTS('',1,(#7119,#7120),.UNSPECIFIED.,.F.,
  .F.,(2,2),(0.,1.570796326795),.PIECEWISE_BEZIER_KNOTS.);
#7119 = CARTESIAN_POINT('',(0.,0.));
#7120 = CARTESIAN_POINT('',(1.570796326795,0.));
#7121 = ( GEOMETRIC_REPRESENTATION_CONTEXT(2) 
PARAMETRIC_REPRESENTATION_CONTEXT() REPRESENTATION_CONTEXT('2D SPACE',''
  ) );
#7122 = ORIENTED_EDGE('',*,*,#7022,.F.);
#7123 = ADVANCED_FACE('',(#7124),#3551,.T.);
#7124 = FACE_BOUND('',#7125,.T.);
#7125 = EDGE_LOOP('',(#7126,#7149,#7170,#7171));
#7126 = ORIENTED_EDGE('',*,*,#7127,.T.);
#7127 = EDGE_CURVE('',#3514,#7128,#7130,.T.);
#7128 = VERTEX_POINT('',#7129);
#7129 = CARTESIAN_POINT('',(39.2,-2.,127.));
#7130 = SURFACE_CURVE('',#7131,(#7135,#7142),.PCURVE_S1.);
#7131 = LINE('',#7132,#7133);
#7132 = CARTESIAN_POINT('',(34.,-2.,127.));
#7133 = VECTOR('',#7134,1.);
#7134 = DIRECTION('',(1.,0.,0.));
#7135 = PCURVE('',#3551,#7136);
#7136 = DEFINITIONAL_REPRESENTATION('',(#7137),#7141);
#7137 = LINE('',#7138,#7139);
#7138 = CARTESIAN_POINT('',(0.,0.));
#7139 = VECTOR('',#7140,1.);
#7140 = DIRECTION('',(0.,-1.));
#7141 = ( GEOMETRIC_REPRESENTATION_CONTEXT(2) 
PARAMETRIC_REPRESENTATION_CONTEXT() REPRESENTATION_CONTEXT('2D SPACE',''
  ) );
#7142 = PCURVE('',#3686,#7143);
#7143 = DEFINITIONAL_REPRESENTATION('',(#7144),#7148);
#7144 = LINE('',#7145,#7146);
#7145 = CARTESIAN_POINT('',(1.570796326795,0.));
#7146 = VECTOR('',#7147,1.);
#7147 = DIRECTION('',(0.,-1.));
#7148 = ( GEOMETRIC_REPRESENTATION_CONTEXT(2) 
PARAMETRIC_REPRESENTATION_CONTEXT() REPRESENTATION_CONTEXT('2D SPACE',''
  ) );
#7149 = ORIENTED_EDGE('',*,*,#7150,.T.);
#7150 = EDGE_CURVE('',#7128,#7052,#7151,.T.);
#7151 = SURFACE_CURVE('',#7152,(#7156,#7163),.PCURVE_S1.);
#7152 = LINE('',#7153,#7154);
#7153 = CARTESIAN_POINT('',(39.2,-2.,127.));
#7154 = VECTOR('',#7155,1.);
#7155 = DIRECTION('',(0.,1.,0.));
#7156 = PCURVE('',#3551,#7157);
#7157 = DEFINITIONAL_REPRESENTATION('',(#7158),#7162);
#7158 = LINE('',#7159,#7160);
#7159 = CARTESIAN_POINT('',(0.,-5.2));
#7160 = VECTOR('',#7161,1.);
#7161 = DIRECTION('',(1.,0.));
#7162 = ( GEOMETRIC_REPRESENTATION_CONTEXT(2) 
PARAMETRIC_REPRESENTATION_CONTEXT() REPRESENTATION_CONTEXT('2D SPACE',''
  ) );
#7163 = PCURVE('',#5690,#7164);
#7164 = DEFINITIONAL_REPRESENTATION('',(#7165),#7169);
#7165 = LINE('',#7166,#7167);
#7166 = CARTESIAN_POINT('',(0.,0.));
#7167 = VECTOR('',#7168,1.);
#7168 = DIRECTION('',(0.,1.));
#7169 = ( GEOMETRIC_REPRESENTATION_CONTEXT(2) 
PARAMETRIC_REPRESENTATION_CONTEXT() REPRESENTATION_CONTEXT('2D SPACE',''
  ) );
#7170 = ORIENTED_EDGE('',*,*,#7051,.F.);
#7171 = ORIENTED_EDGE('',*,*,#3537,.F.);
#7172 = ADVANCED_FACE('',(#7173),#3584,.T.);
#7173 = FACE_BOUND('',#7174,.T.);
#7174 = EDGE_LOOP('',(#7175,#7176,#7177,#7204));
#7175 = ORIENTED_EDGE('',*,*,#3950,.F.);
#7176 = ORIENTED_EDGE('',*,*,#3567,.T.);
#7177 = ORIENTED_EDGE('',*,*,#7178,.T.);
#7178 = EDGE_CURVE('',#3568,#7179,#7181,.T.);
#7179 = VERTEX_POINT('',#7180);
#7180 = CARTESIAN_POINT('',(35.,23.5,79.5));
#7181 = SURFACE_CURVE('',#7182,(#7187,#7193),.PCURVE_S1.);
#7182 = CIRCLE('',#7183,0.5);
#7183 = AXIS2_PLACEMENT_3D('',#7184,#7185,#7186);
#7184 = CARTESIAN_POINT('',(35.,23.5,80.));
#7185 = DIRECTION('',(-1.,-6.123233995737E-17,0.));
#7186 = DIRECTION('',(-6.123233995737E-17,1.,0.));
#7187 = PCURVE('',#3584,#7188);
#7188 = DEFINITIONAL_REPRESENTATION('',(#7189),#7192);
#7189 = B_SPLINE_CURVE_WITH_KNOTS('',1,(#7190,#7191),.UNSPECIFIED.,.F.,
  .F.,(2,2),(0.,1.570796326795),.PIECEWISE_BEZIER_KNOTS.);
#7190 = CARTESIAN_POINT('',(1.570796326795,0.));
#7191 = CARTESIAN_POINT('',(1.570796326795,1.570796326795));
#7192 = ( GEOMETRIC_REPRESENTATION_CONTEXT(2) 
PARAMETRIC_REPRESENTATION_CONTEXT() REPRESENTATION_CONTEXT('2D SPACE',''
  ) );
#7193 = PCURVE('',#7194,#7199);
#7194 = CYLINDRICAL_SURFACE('',#7195,0.5);
#7195 = AXIS2_PLACEMENT_3D('',#7196,#7197,#7198);
#7196 = CARTESIAN_POINT('',(35.,23.5,80.));
#7197 = DIRECTION('',(1.,0.,-0.));
#7198 = DIRECTION('',(0.,1.,0.));
#7199 = DEFINITIONAL_REPRESENTATION('',(#7200),#7203);
#7200 = B_SPLINE_CURVE_WITH_KNOTS('',1,(#7201,#7202),.UNSPECIFIED.,.F.,
  .F.,(2,2),(0.,1.570796326795),.PIECEWISE_BEZIER_KNOTS.);
#7201 = CARTESIAN_POINT('',(0.,0.));
#7202 = CARTESIAN_POINT('',(-1.570796326795,0.));
#7203 = ( GEOMETRIC_REPRESENTATION_CONTEXT(2) 
PARAMETRIC_REPRESENTATION_CONTEXT() REPRESENTATION_CONTEXT('2D SPACE',''
  ) );
#7204 = ORIENTED_EDGE('',*,*,#7205,.F.);
#7205 = EDGE_CURVE('',#3923,#7179,#7206,.T.);
#7206 = SURFACE_CURVE('',#7207,(#7212,#7219),.PCURVE_S1.);
#7207 = CIRCLE('',#7208,0.5);
#7208 = AXIS2_PLACEMENT_3D('',#7209,#7210,#7211);
#7209 = CARTESIAN_POINT('',(35.,23.,79.5));
#7210 = DIRECTION('',(-0.,0.,-1.));
#7211 = DIRECTION('',(-1.,0.,0.));
#7212 = PCURVE('',#3584,#7213);
#7213 = DEFINITIONAL_REPRESENTATION('',(#7214),#7218);
#7214 = LINE('',#7215,#7216);
#7215 = CARTESIAN_POINT('',(0.,1.570796326795));
#7216 = VECTOR('',#7217,1.);
#7217 = DIRECTION('',(1.,0.));
#7218 = ( GEOMETRIC_REPRESENTATION_CONTEXT(2) 
PARAMETRIC_REPRESENTATION_CONTEXT() REPRESENTATION_CONTEXT('2D SPACE',''
  ) );
#7219 = PCURVE('',#3938,#7220);
#7220 = DEFINITIONAL_REPRESENTATION('',(#7221),#7229);
#7221 = ( BOUNDED_CURVE() B_SPLINE_CURVE(2,(#7222,#7223,#7224,#7225,
#7226,#7227,#7228),.UNSPECIFIED.,.T.,.F.) B_SPLINE_CURVE_WITH_KNOTS((1,2
    ,2,2,2,1),(-2.094395102393,0.,2.094395102393,4.188790204786,
6.28318530718,8.377580409573),.UNSPECIFIED.) CURVE() 
GEOMETRIC_REPRESENTATION_ITEM() RATIONAL_B_SPLINE_CURVE((1.,0.5,1.,0.5,
1.,0.5,1.)) REPRESENTATION_ITEM('') );
#7222 = CARTESIAN_POINT('',(0.5,7.));
#7223 = CARTESIAN_POINT('',(0.5,7.866025403784));
#7224 = CARTESIAN_POINT('',(1.25,7.433012701892));
#7225 = CARTESIAN_POINT('',(2.,7.));
#7226 = CARTESIAN_POINT('',(1.25,6.566987298108));
#7227 = CARTESIAN_POINT('',(0.5,6.133974596216));
#7228 = CARTESIAN_POINT('',(0.5,7.));
#7229 = ( GEOMETRIC_REPRESENTATION_CONTEXT(2) 
PARAMETRIC_REPRESENTATION_CONTEXT() REPRESENTATION_CONTEXT('2D SPACE',''
  ) );
#7230 = ADVANCED_FACE('',(#7231),#3612,.T.);
#7231 = FACE_BOUND('',#7232,.T.);
#7232 = EDGE_LOOP('',(#7233,#7234,#7257,#7280));
#7233 = ORIENTED_EDGE('',*,*,#3596,.T.);
#7234 = ORIENTED_EDGE('',*,*,#7235,.T.);
#7235 = EDGE_CURVE('',#3597,#7236,#7238,.T.);
#7236 = VERTEX_POINT('',#7237);
#7237 = CARTESIAN_POINT('',(39.,24.,84.));
#7238 = SURFACE_CURVE('',#7239,(#7243,#7250),.PCURVE_S1.);
#7239 = LINE('',#7240,#7241);
#7240 = CARTESIAN_POINT('',(35.,24.,84.));
#7241 = VECTOR('',#7242,1.);
#7242 = DIRECTION('',(1.,0.,-0.));
#7243 = PCURVE('',#3612,#7244);
#7244 = DEFINITIONAL_REPRESENTATION('',(#7245),#7249);
#7245 = LINE('',#7246,#7247);
#7246 = CARTESIAN_POINT('',(4.5,1.));
#7247 = VECTOR('',#7248,1.);
#7248 = DIRECTION('',(0.,1.));
#7249 = ( GEOMETRIC_REPRESENTATION_CONTEXT(2) 
PARAMETRIC_REPRESENTATION_CONTEXT() REPRESENTATION_CONTEXT('2D SPACE',''
  ) );
#7250 = PCURVE('',#7010,#7251);
#7251 = DEFINITIONAL_REPRESENTATION('',(#7252),#7256);
#7252 = LINE('',#7253,#7254);
#7253 = CARTESIAN_POINT('',(0.,0.));
#7254 = VECTOR('',#7255,1.);
#7255 = DIRECTION('',(0.,1.));
#7256 = ( GEOMETRIC_REPRESENTATION_CONTEXT(2) 
PARAMETRIC_REPRESENTATION_CONTEXT() REPRESENTATION_CONTEXT('2D SPACE',''
  ) );
#7257 = ORIENTED_EDGE('',*,*,#7258,.F.);
#7258 = EDGE_CURVE('',#7259,#7236,#7261,.T.);
#7259 = VERTEX_POINT('',#7260);
#7260 = CARTESIAN_POINT('',(39.,24.,80.));
#7261 = SURFACE_CURVE('',#7262,(#7266,#7273),.PCURVE_S1.);
#7262 = LINE('',#7263,#7264);
#7263 = CARTESIAN_POINT('',(39.,24.,79.5));
#7264 = VECTOR('',#7265,1.);
#7265 = DIRECTION('',(0.,0.,1.));
#7266 = PCURVE('',#3612,#7267);
#7267 = DEFINITIONAL_REPRESENTATION('',(#7268),#7272);
#7268 = LINE('',#7269,#7270);
#7269 = CARTESIAN_POINT('',(0.,5.));
#7270 = VECTOR('',#7271,1.);
#7271 = DIRECTION('',(1.,0.));
#7272 = ( GEOMETRIC_REPRESENTATION_CONTEXT(2) 
PARAMETRIC_REPRESENTATION_CONTEXT() REPRESENTATION_CONTEXT('2D SPACE',''
  ) );
#7273 = PCURVE('',#5577,#7274);
#7274 = DEFINITIONAL_REPRESENTATION('',(#7275),#7279);
#7275 = LINE('',#7276,#7277);
#7276 = CARTESIAN_POINT('',(1.570796326795,0.));
#7277 = VECTOR('',#7278,1.);
#7278 = DIRECTION('',(0.,1.));
#7279 = ( GEOMETRIC_REPRESENTATION_CONTEXT(2) 
PARAMETRIC_REPRESENTATION_CONTEXT() REPRESENTATION_CONTEXT('2D SPACE',''
  ) );
#7280 = ORIENTED_EDGE('',*,*,#7281,.F.);
#7281 = EDGE_CURVE('',#3568,#7259,#7282,.T.);
#7282 = SURFACE_CURVE('',#7283,(#7287,#7294),.PCURVE_S1.);
#7283 = LINE('',#7284,#7285);
#7284 = CARTESIAN_POINT('',(35.,24.,80.));
#7285 = VECTOR('',#7286,1.);
#7286 = DIRECTION('',(1.,0.,-0.));
#7287 = PCURVE('',#3612,#7288);
#7288 = DEFINITIONAL_REPRESENTATION('',(#7289),#7293);
#7289 = LINE('',#7290,#7291);
#7290 = CARTESIAN_POINT('',(0.5,1.));
#7291 = VECTOR('',#7292,1.);
#7292 = DIRECTION('',(0.,1.));
#7293 = ( GEOMETRIC_REPRESENTATION_CONTEXT(2) 
PARAMETRIC_REPRESENTATION_CONTEXT() REPRESENTATION_CONTEXT('2D SPACE',''
  ) );
#7294 = PCURVE('',#7194,#7295);
#7295 = DEFINITIONAL_REPRESENTATION('',(#7296),#7300);
#7296 = LINE('',#7297,#7298);
#7297 = CARTESIAN_POINT('',(-0.,0.));
#7298 = VECTOR('',#7299,1.);
#7299 = DIRECTION('',(-0.,1.));
#7300 = ( GEOMETRIC_REPRESENTATION_CONTEXT(2) 
PARAMETRIC_REPRESENTATION_CONTEXT() REPRESENTATION_CONTEXT('2D SPACE',''
  ) );
#7301 = ADVANCED_FACE('',(#7302),#3686,.T.);
#7302 = FACE_BOUND('',#7303,.T.);
#7303 = EDGE_LOOP('',(#7304,#7327,#7349,#7350));
#7304 = ORIENTED_EDGE('',*,*,#7305,.T.);
#7305 = EDGE_CURVE('',#3650,#7306,#7308,.T.);
#7306 = VERTEX_POINT('',#7307);
#7307 = CARTESIAN_POINT('',(39.2,-20.,109.));
#7308 = SURFACE_CURVE('',#7309,(#7313,#7320),.PCURVE_S1.);
#7309 = LINE('',#7310,#7311);
#7310 = CARTESIAN_POINT('',(34.,-20.,109.));
#7311 = VECTOR('',#7312,1.);
#7312 = DIRECTION('',(1.,0.,0.));
#7313 = PCURVE('',#3686,#7314);
#7314 = DEFINITIONAL_REPRESENTATION('',(#7315),#7319);
#7315 = LINE('',#7316,#7317);
#7316 = CARTESIAN_POINT('',(0.,0.));
#7317 = VECTOR('',#7318,1.);
#7318 = DIRECTION('',(0.,-1.));
#7319 = ( GEOMETRIC_REPRESENTATION_CONTEXT(2) 
PARAMETRIC_REPRESENTATION_CONTEXT() REPRESENTATION_CONTEXT('2D SPACE',''
  ) );
#7320 = PCURVE('',#3990,#7321);
#7321 = DEFINITIONAL_REPRESENTATION('',(#7322),#7326);
#7322 = LINE('',#7323,#7324);
#7323 = CARTESIAN_POINT('',(32.5,0.));
#7324 = VECTOR('',#7325,1.);
#7325 = DIRECTION('',(0.,-1.));
#7326 = ( GEOMETRIC_REPRESENTATION_CONTEXT(2) 
PARAMETRIC_REPRESENTATION_CONTEXT() REPRESENTATION_CONTEXT('2D SPACE',''
  ) );
#7327 = ORIENTED_EDGE('',*,*,#7328,.T.);
#7328 = EDGE_CURVE('',#7306,#7128,#7329,.T.);
#7329 = SURFACE_CURVE('',#7330,(#7335,#7342),.PCURVE_S1.);
#7330 = CIRCLE('',#7331,18.);
#7331 = AXIS2_PLACEMENT_3D('',#7332,#7333,#7334);
#7332 = CARTESIAN_POINT('',(39.2,-2.,109.));
#7333 = DIRECTION('',(-1.,-0.,0.));
#7334 = DIRECTION('',(0.,-1.,0.));
#7335 = PCURVE('',#3686,#7336);
#7336 = DEFINITIONAL_REPRESENTATION('',(#7337),#7341);
#7337 = LINE('',#7338,#7339);
#7338 = CARTESIAN_POINT('',(0.,-5.2));
#7339 = VECTOR('',#7340,1.);
#7340 = DIRECTION('',(1.,0.));
#7341 = ( GEOMETRIC_REPRESENTATION_CONTEXT(2) 
PARAMETRIC_REPRESENTATION_CONTEXT() REPRESENTATION_CONTEXT('2D SPACE',''
  ) );
#7342 = PCURVE('',#5719,#7343);
#7343 = DEFINITIONAL_REPRESENTATION('',(#7344),#7348);
#7344 = LINE('',#7345,#7346);
#7345 = CARTESIAN_POINT('',(-0.,0.));
#7346 = VECTOR('',#7347,1.);
#7347 = DIRECTION('',(-1.,0.));
#7348 = ( GEOMETRIC_REPRESENTATION_CONTEXT(2) 
PARAMETRIC_REPRESENTATION_CONTEXT() REPRESENTATION_CONTEXT('2D SPACE',''
  ) );
#7349 = ORIENTED_EDGE('',*,*,#7127,.F.);
#7350 = ORIENTED_EDGE('',*,*,#3671,.F.);
#7351 = ADVANCED_FACE('',(#7352),#3938,.F.);
#7352 = FACE_BOUND('',#7353,.F.);
#7353 = EDGE_LOOP('',(#7354,#7355,#7356,#7357,#7378,#7399,#7418,#7419,
    #7447,#7470,#7503,#7524));
#7354 = ORIENTED_EDGE('',*,*,#3922,.F.);
#7355 = ORIENTED_EDGE('',*,*,#4030,.T.);
#7356 = ORIENTED_EDGE('',*,*,#6818,.F.);
#7357 = ORIENTED_EDGE('',*,*,#7358,.T.);
#7358 = EDGE_CURVE('',#6793,#7359,#7361,.T.);
#7359 = VERTEX_POINT('',#7360);
#7360 = CARTESIAN_POINT('',(35.75,22.5,79.5));
#7361 = SURFACE_CURVE('',#7362,(#7366,#7372),.PCURVE_S1.);
#7362 = LINE('',#7363,#7364);
#7363 = CARTESIAN_POINT('',(35.75,17.75,79.5));
#7364 = VECTOR('',#7365,1.);
#7365 = DIRECTION('',(-0.,1.,0.));
#7366 = PCURVE('',#3938,#7367);
#7367 = DEFINITIONAL_REPRESENTATION('',(#7368),#7371);
#7368 = B_SPLINE_CURVE_WITH_KNOTS('',1,(#7369,#7370),.UNSPECIFIED.,.F.,
  .F.,(2,2),(1.75,4.75),.PIECEWISE_BEZIER_KNOTS.);
#7369 = CARTESIAN_POINT('',(1.75,3.5));
#7370 = CARTESIAN_POINT('',(1.75,6.5));
#7371 = ( GEOMETRIC_REPRESENTATION_CONTEXT(2) 
PARAMETRIC_REPRESENTATION_CONTEXT() REPRESENTATION_CONTEXT('2D SPACE',''
  ) );
#7372 = PCURVE('',#6807,#7373);
#7373 = DEFINITIONAL_REPRESENTATION('',(#7374),#7377);
#7374 = B_SPLINE_CURVE_WITH_KNOTS('',1,(#7375,#7376),.UNSPECIFIED.,.F.,
  .F.,(2,2),(1.75,4.75),.PIECEWISE_BEZIER_KNOTS.);
#7375 = CARTESIAN_POINT('',(1.,0.));
#7376 = CARTESIAN_POINT('',(1.,-3.));
#7377 = ( GEOMETRIC_REPRESENTATION_CONTEXT(2) 
PARAMETRIC_REPRESENTATION_CONTEXT() REPRESENTATION_CONTEXT('2D SPACE',''
  ) );
#7378 = ORIENTED_EDGE('',*,*,#7379,.F.);
#7379 = EDGE_CURVE('',#7380,#7359,#7382,.T.);
#7380 = VERTEX_POINT('',#7381);
#7381 = CARTESIAN_POINT('',(38.25,22.5,79.5));
#7382 = SURFACE_CURVE('',#7383,(#7387,#7393),.PCURVE_S1.);
#7383 = LINE('',#7384,#7385);
#7384 = CARTESIAN_POINT('',(34.875,22.5,79.5));
#7385 = VECTOR('',#7386,1.);
#7386 = DIRECTION('',(-1.,-0.,0.));
#7387 = PCURVE('',#3938,#7388);
#7388 = DEFINITIONAL_REPRESENTATION('',(#7389),#7392);
#7389 = B_SPLINE_CURVE_WITH_KNOTS('',1,(#7390,#7391),.UNSPECIFIED.,.F.,
  .F.,(2,2),(-3.375,-0.875),.PIECEWISE_BEZIER_KNOTS.);
#7390 = CARTESIAN_POINT('',(4.25,6.5));
#7391 = CARTESIAN_POINT('',(1.75,6.5));
#7392 = ( GEOMETRIC_REPRESENTATION_CONTEXT(2) 
PARAMETRIC_REPRESENTATION_CONTEXT() REPRESENTATION_CONTEXT('2D SPACE',''
  ) );
#7393 = PCURVE('',#6879,#7394);
#7394 = DEFINITIONAL_REPRESENTATION('',(#7395),#7398);
#7395 = B_SPLINE_CURVE_WITH_KNOTS('',1,(#7396,#7397),.UNSPECIFIED.,.F.,
  .F.,(2,2),(-3.375,-0.875),.PIECEWISE_BEZIER_KNOTS.);
#7396 = CARTESIAN_POINT('',(1.,2.5));
#7397 = CARTESIAN_POINT('',(1.,0.));
#7398 = ( GEOMETRIC_REPRESENTATION_CONTEXT(2) 
PARAMETRIC_REPRESENTATION_CONTEXT() REPRESENTATION_CONTEXT('2D SPACE',''
  ) );
#7399 = ORIENTED_EDGE('',*,*,#7400,.F.);
#7400 = EDGE_CURVE('',#6659,#7380,#7401,.T.);
#7401 = SURFACE_CURVE('',#7402,(#7406,#7412),.PCURVE_S1.);
#7402 = LINE('',#7403,#7404);
#7403 = CARTESIAN_POINT('',(38.25,17.75,79.5));
#7404 = VECTOR('',#7405,1.);
#7405 = DIRECTION('',(-0.,1.,0.));
#7406 = PCURVE('',#3938,#7407);
#7407 = DEFINITIONAL_REPRESENTATION('',(#7408),#7411);
#7408 = B_SPLINE_CURVE_WITH_KNOTS('',1,(#7409,#7410),.UNSPECIFIED.,.F.,
  .F.,(2,2),(1.75,4.75),.PIECEWISE_BEZIER_KNOTS.);
#7409 = CARTESIAN_POINT('',(4.25,3.5));
#7410 = CARTESIAN_POINT('',(4.25,6.5));
#7411 = ( GEOMETRIC_REPRESENTATION_CONTEXT(2) 
PARAMETRIC_REPRESENTATION_CONTEXT() REPRESENTATION_CONTEXT('2D SPACE',''
  ) );
#7412 = PCURVE('',#6694,#7413);
#7413 = DEFINITIONAL_REPRESENTATION('',(#7414),#7417);
#7414 = B_SPLINE_CURVE_WITH_KNOTS('',1,(#7415,#7416),.UNSPECIFIED.,.F.,
  .F.,(2,2),(1.75,4.75),.PIECEWISE_BEZIER_KNOTS.);
#7415 = CARTESIAN_POINT('',(1.,0.));
#7416 = CARTESIAN_POINT('',(1.,-3.));
#7417 = ( GEOMETRIC_REPRESENTATION_CONTEXT(2) 
PARAMETRIC_REPRESENTATION_CONTEXT() REPRESENTATION_CONTEXT('2D SPACE',''
  ) );
#7418 = ORIENTED_EDGE('',*,*,#6658,.F.);
#7419 = ORIENTED_EDGE('',*,*,#7420,.T.);
#7420 = EDGE_CURVE('',#6636,#7421,#7423,.T.);
#7421 = VERTEX_POINT('',#7422);
#7422 = CARTESIAN_POINT('',(39.5,19.941619848709,79.5));
#7423 = SURFACE_CURVE('',#7424,(#7429,#7440),.PCURVE_S1.);
#7424 = CIRCLE('',#7425,0.8);
#7425 = AXIS2_PLACEMENT_3D('',#7426,#7427,#7428);
#7426 = CARTESIAN_POINT('',(39.2,19.2,79.5));
#7427 = DIRECTION('',(0.,-0.,-1.));
#7428 = DIRECTION('',(0.,1.,-0.));
#7429 = PCURVE('',#3938,#7430);
#7430 = DEFINITIONAL_REPRESENTATION('',(#7431),#7439);
#7431 = ( BOUNDED_CURVE() B_SPLINE_CURVE(2,(#7432,#7433,#7434,#7435,
#7436,#7437,#7438),.UNSPECIFIED.,.T.,.F.) B_SPLINE_CURVE_WITH_KNOTS((1,2
    ,2,2,2,1),(-2.094395102393,0.,2.094395102393,4.188790204786,
6.28318530718,8.377580409573),.UNSPECIFIED.) CURVE() 
GEOMETRIC_REPRESENTATION_ITEM() RATIONAL_B_SPLINE_CURVE((1.,0.5,1.,0.5,
1.,0.5,1.)) REPRESENTATION_ITEM('') );
#7432 = CARTESIAN_POINT('',(5.2,4.));
#7433 = CARTESIAN_POINT('',(6.585640646055,4.));
#7434 = CARTESIAN_POINT('',(5.892820323028,2.8));
#7435 = CARTESIAN_POINT('',(5.2,1.6));
#7436 = CARTESIAN_POINT('',(4.507179676972,2.8));
#7437 = CARTESIAN_POINT('',(3.814359353945,4.));
#7438 = CARTESIAN_POINT('',(5.2,4.));
#7439 = ( GEOMETRIC_REPRESENTATION_CONTEXT(2) 
PARAMETRIC_REPRESENTATION_CONTEXT() REPRESENTATION_CONTEXT('2D SPACE',''
  ) );
#7440 = PCURVE('',#5521,#7441);
#7441 = DEFINITIONAL_REPRESENTATION('',(#7442),#7446);
#7442 = LINE('',#7443,#7444);
#7443 = CARTESIAN_POINT('',(0.,29.5));
#7444 = VECTOR('',#7445,1.);
#7445 = DIRECTION('',(1.,0.));
#7446 = ( GEOMETRIC_REPRESENTATION_CONTEXT(2) 
PARAMETRIC_REPRESENTATION_CONTEXT() REPRESENTATION_CONTEXT('2D SPACE',''
  ) );
#7447 = ORIENTED_EDGE('',*,*,#7448,.F.);
#7448 = EDGE_CURVE('',#7449,#7421,#7451,.T.);
#7449 = VERTEX_POINT('',#7450);
#7450 = CARTESIAN_POINT('',(39.5,23.,79.5));
#7451 = SURFACE_CURVE('',#7452,(#7456,#7463),.PCURVE_S1.);
#7452 = LINE('',#7453,#7454);
#7453 = CARTESIAN_POINT('',(39.5,23.,79.5));
#7454 = VECTOR('',#7455,1.);
#7455 = DIRECTION('',(0.,-1.,-0.));
#7456 = PCURVE('',#3938,#7457);
#7457 = DEFINITIONAL_REPRESENTATION('',(#7458),#7462);
#7458 = LINE('',#7459,#7460);
#7459 = CARTESIAN_POINT('',(5.5,7.));
#7460 = VECTOR('',#7461,1.);
#7461 = DIRECTION('',(0.,-1.));
#7462 = ( GEOMETRIC_REPRESENTATION_CONTEXT(2) 
PARAMETRIC_REPRESENTATION_CONTEXT() REPRESENTATION_CONTEXT('2D SPACE',''
  ) );
#7463 = PCURVE('',#5549,#7464);
#7464 = DEFINITIONAL_REPRESENTATION('',(#7465),#7469);
#7465 = LINE('',#7466,#7467);
#7466 = CARTESIAN_POINT('',(-1.570796326795,0.));
#7467 = VECTOR('',#7468,1.);
#7468 = DIRECTION('',(-0.,1.));
#7469 = ( GEOMETRIC_REPRESENTATION_CONTEXT(2) 
PARAMETRIC_REPRESENTATION_CONTEXT() REPRESENTATION_CONTEXT('2D SPACE',''
  ) );
#7470 = ORIENTED_EDGE('',*,*,#7471,.F.);
#7471 = EDGE_CURVE('',#7472,#7449,#7474,.T.);
#7472 = VERTEX_POINT('',#7473);
#7473 = CARTESIAN_POINT('',(39.,23.5,79.5));
#7474 = SURFACE_CURVE('',#7475,(#7480,#7491),.PCURVE_S1.);
#7475 = CIRCLE('',#7476,0.5);
#7476 = AXIS2_PLACEMENT_3D('',#7477,#7478,#7479);
#7477 = CARTESIAN_POINT('',(39.,23.,79.5));
#7478 = DIRECTION('',(0.,-0.,-1.));
#7479 = DIRECTION('',(0.,1.,-0.));
#7480 = PCURVE('',#3938,#7481);
#7481 = DEFINITIONAL_REPRESENTATION('',(#7482),#7490);
#7482 = ( BOUNDED_CURVE() B_SPLINE_CURVE(2,(#7483,#7484,#7485,#7486,
#7487,#7488,#7489),.UNSPECIFIED.,.T.,.F.) B_SPLINE_CURVE_WITH_KNOTS((1,2
    ,2,2,2,1),(-2.094395102393,0.,2.094395102393,4.188790204786,
6.28318530718,8.377580409573),.UNSPECIFIED.) CURVE() 
GEOMETRIC_REPRESENTATION_ITEM() RATIONAL_B_SPLINE_CURVE((1.,0.5,1.,0.5,
1.,0.5,1.)) REPRESENTATION_ITEM('') );
#7483 = CARTESIAN_POINT('',(5.,7.5));
#7484 = CARTESIAN_POINT('',(5.866025403784,7.5));
#7485 = CARTESIAN_POINT('',(5.433012701892,6.75));
#7486 = CARTESIAN_POINT('',(5.,6.));
#7487 = CARTESIAN_POINT('',(4.566987298108,6.75));
#7488 = CARTESIAN_POINT('',(4.133974596216,7.5));
#7489 = CARTESIAN_POINT('',(5.,7.5));
#7490 = ( GEOMETRIC_REPRESENTATION_CONTEXT(2) 
PARAMETRIC_REPRESENTATION_CONTEXT() REPRESENTATION_CONTEXT('2D SPACE',''
  ) );
#7491 = PCURVE('',#7492,#7497);
#7492 = TOROIDAL_SURFACE('',#7493,0.5,0.5);
#7493 = AXIS2_PLACEMENT_3D('',#7494,#7495,#7496);
#7494 = CARTESIAN_POINT('',(39.,23.,80.));
#7495 = DIRECTION('',(-0.,-0.,-1.));
#7496 = DIRECTION('',(0.,1.,-0.));
#7497 = DEFINITIONAL_REPRESENTATION('',(#7498),#7502);
#7498 = LINE('',#7499,#7500);
#7499 = CARTESIAN_POINT('',(0.,1.570796326795));
#7500 = VECTOR('',#7501,1.);
#7501 = DIRECTION('',(1.,0.));
#7502 = ( GEOMETRIC_REPRESENTATION_CONTEXT(2) 
PARAMETRIC_REPRESENTATION_CONTEXT() REPRESENTATION_CONTEXT('2D SPACE',''
  ) );
#7503 = ORIENTED_EDGE('',*,*,#7504,.F.);
#7504 = EDGE_CURVE('',#7179,#7472,#7505,.T.);
#7505 = SURFACE_CURVE('',#7506,(#7510,#7517),.PCURVE_S1.);
#7506 = LINE('',#7507,#7508);
#7507 = CARTESIAN_POINT('',(35.,23.5,79.5));
#7508 = VECTOR('',#7509,1.);
#7509 = DIRECTION('',(1.,0.,-0.));
#7510 = PCURVE('',#3938,#7511);
#7511 = DEFINITIONAL_REPRESENTATION('',(#7512),#7516);
#7512 = LINE('',#7513,#7514);
#7513 = CARTESIAN_POINT('',(1.,7.5));
#7514 = VECTOR('',#7515,1.);
#7515 = DIRECTION('',(1.,0.));
#7516 = ( GEOMETRIC_REPRESENTATION_CONTEXT(2) 
PARAMETRIC_REPRESENTATION_CONTEXT() REPRESENTATION_CONTEXT('2D SPACE',''
  ) );
#7517 = PCURVE('',#7194,#7518);
#7518 = DEFINITIONAL_REPRESENTATION('',(#7519),#7523);
#7519 = LINE('',#7520,#7521);
#7520 = CARTESIAN_POINT('',(-1.570796326795,0.));
#7521 = VECTOR('',#7522,1.);
#7522 = DIRECTION('',(-0.,1.));
#7523 = ( GEOMETRIC_REPRESENTATION_CONTEXT(2) 
PARAMETRIC_REPRESENTATION_CONTEXT() REPRESENTATION_CONTEXT('2D SPACE',''
  ) );
#7524 = ORIENTED_EDGE('',*,*,#7205,.F.);
#7525 = ADVANCED_FACE('',(#7526),#3990,.T.);
#7526 = FACE_BOUND('',#7527,.T.);
#7527 = EDGE_LOOP('',(#7528,#7529,#7550,#7551));
#7528 = ORIENTED_EDGE('',*,*,#5362,.T.);
#7529 = ORIENTED_EDGE('',*,*,#7530,.T.);
#7530 = EDGE_CURVE('',#5339,#7306,#7531,.T.);
#7531 = SURFACE_CURVE('',#7532,(#7536,#7543),.PCURVE_S1.);
#7532 = LINE('',#7533,#7534);
#7533 = CARTESIAN_POINT('',(39.2,-20.,76.5));
#7534 = VECTOR('',#7535,1.);
#7535 = DIRECTION('',(0.,0.,1.));
#7536 = PCURVE('',#3990,#7537);
#7537 = DEFINITIONAL_REPRESENTATION('',(#7538),#7542);
#7538 = LINE('',#7539,#7540);
#7539 = CARTESIAN_POINT('',(0.,-5.2));
#7540 = VECTOR('',#7541,1.);
#7541 = DIRECTION('',(1.,0.));
#7542 = ( GEOMETRIC_REPRESENTATION_CONTEXT(2) 
PARAMETRIC_REPRESENTATION_CONTEXT() REPRESENTATION_CONTEXT('2D SPACE',''
  ) );
#7543 = PCURVE('',#5430,#7544);
#7544 = DEFINITIONAL_REPRESENTATION('',(#7545),#7549);
#7545 = LINE('',#7546,#7547);
#7546 = CARTESIAN_POINT('',(0.,0.));
#7547 = VECTOR('',#7548,1.);
#7548 = DIRECTION('',(0.,1.));
#7549 = ( GEOMETRIC_REPRESENTATION_CONTEXT(2) 
PARAMETRIC_REPRESENTATION_CONTEXT() REPRESENTATION_CONTEXT('2D SPACE',''
  ) );
#7550 = ORIENTED_EDGE('',*,*,#7305,.F.);
#7551 = ORIENTED_EDGE('',*,*,#3976,.F.);
#7552 = ADVANCED_FACE('',(#7553),#4221,.T.);
#7553 = FACE_BOUND('',#7554,.T.);
#7554 = EDGE_LOOP('',(#7555,#7556,#7557,#7578,#7604,#7630,#7656,#7677,
    #7745,#7768,#7801,#7829));
#7555 = ORIENTED_EDGE('',*,*,#4253,.F.);
#7556 = ORIENTED_EDGE('',*,*,#4177,.F.);
#7557 = ORIENTED_EDGE('',*,*,#7558,.F.);
#7558 = EDGE_CURVE('',#7559,#4149,#7561,.T.);
#7559 = VERTEX_POINT('',#7560);
#7560 = CARTESIAN_POINT('',(35.75,19.65644358301,73.));
#7561 = SURFACE_CURVE('',#7562,(#7566,#7572),.PCURVE_S1.);
#7562 = LINE('',#7563,#7564);
#7563 = CARTESIAN_POINT('',(34.,19.65644358301,73.));
#7564 = VECTOR('',#7565,1.);
#7565 = DIRECTION('',(-1.,0.,0.));
#7566 = PCURVE('',#4221,#7567);
#7567 = DEFINITIONAL_REPRESENTATION('',(#7568),#7571);
#7568 = B_SPLINE_CURVE_WITH_KNOTS('',1,(#7569,#7570),.UNSPECIFIED.,.F.,
  .F.,(2,2),(-5.2000012,-0.7999994),.PIECEWISE_BEZIER_KNOTS.);
#7569 = CARTESIAN_POINT('',(5.2000012,3.65644358301));
#7570 = CARTESIAN_POINT('',(0.7999994,3.65644358301));
#7571 = ( GEOMETRIC_REPRESENTATION_CONTEXT(2) 
PARAMETRIC_REPRESENTATION_CONTEXT() REPRESENTATION_CONTEXT('2D SPACE',''
  ) );
#7572 = PCURVE('',#4165,#7573);
#7573 = DEFINITIONAL_REPRESENTATION('',(#7574),#7577);
#7574 = B_SPLINE_CURVE_WITH_KNOTS('',1,(#7575,#7576),.UNSPECIFIED.,.F.,
  .F.,(2,2),(-5.2000012,-0.7999994),.PIECEWISE_BEZIER_KNOTS.);
#7575 = CARTESIAN_POINT('',(3.337283706455,-5.2000012));
#7576 = CARTESIAN_POINT('',(3.337283706455,-0.7999994));
#7577 = ( GEOMETRIC_REPRESENTATION_CONTEXT(2) 
PARAMETRIC_REPRESENTATION_CONTEXT() REPRESENTATION_CONTEXT('2D SPACE',''
  ) );
#7578 = ORIENTED_EDGE('',*,*,#7579,.T.);
#7579 = EDGE_CURVE('',#7559,#7580,#7582,.T.);
#7580 = VERTEX_POINT('',#7581);
#7581 = CARTESIAN_POINT('',(35.75,22.5,73.));
#7582 = SURFACE_CURVE('',#7583,(#7587,#7593),.PCURVE_S1.);
#7583 = LINE('',#7584,#7585);
#7584 = CARTESIAN_POINT('',(35.75,17.75,73.));
#7585 = VECTOR('',#7586,1.);
#7586 = DIRECTION('',(-0.,1.,0.));
#7587 = PCURVE('',#4221,#7588);
#7588 = DEFINITIONAL_REPRESENTATION('',(#7589),#7592);
#7589 = B_SPLINE_CURVE_WITH_KNOTS('',1,(#7590,#7591),.UNSPECIFIED.,.F.,
  .F.,(2,2),(1.75,4.75),.PIECEWISE_BEZIER_KNOTS.);
#7590 = CARTESIAN_POINT('',(1.75,3.5));
#7591 = CARTESIAN_POINT('',(1.75,6.5));
#7592 = ( GEOMETRIC_REPRESENTATION_CONTEXT(2) 
PARAMETRIC_REPRESENTATION_CONTEXT() REPRESENTATION_CONTEXT('2D SPACE',''
  ) );
#7593 = PCURVE('',#7594,#7599);
#7594 = PLANE('',#7595);
#7595 = AXIS2_PLACEMENT_3D('',#7596,#7597,#7598);
#7596 = CARTESIAN_POINT('',(35.75,19.5,67.));
#7597 = DIRECTION('',(1.,0.,-0.));
#7598 = DIRECTION('',(0.,0.,1.));
#7599 = DEFINITIONAL_REPRESENTATION('',(#7600),#7603);
#7600 = B_SPLINE_CURVE_WITH_KNOTS('',1,(#7601,#7602),.UNSPECIFIED.,.F.,
  .F.,(2,2),(1.75,4.75),.PIECEWISE_BEZIER_KNOTS.);
#7601 = CARTESIAN_POINT('',(6.,0.));
#7602 = CARTESIAN_POINT('',(6.,-3.));
#7603 = ( GEOMETRIC_REPRESENTATION_CONTEXT(2) 
PARAMETRIC_REPRESENTATION_CONTEXT() REPRESENTATION_CONTEXT('2D SPACE',''
  ) );
#7604 = ORIENTED_EDGE('',*,*,#7605,.F.);
#7605 = EDGE_CURVE('',#7606,#7580,#7608,.T.);
#7606 = VERTEX_POINT('',#7607);
#7607 = CARTESIAN_POINT('',(38.25,22.5,73.));
#7608 = SURFACE_CURVE('',#7609,(#7613,#7619),.PCURVE_S1.);
#7609 = LINE('',#7610,#7611);
#7610 = CARTESIAN_POINT('',(34.875,22.5,73.));
#7611 = VECTOR('',#7612,1.);
#7612 = DIRECTION('',(-1.,-0.,0.));
#7613 = PCURVE('',#4221,#7614);
#7614 = DEFINITIONAL_REPRESENTATION('',(#7615),#7618);
#7615 = B_SPLINE_CURVE_WITH_KNOTS('',1,(#7616,#7617),.UNSPECIFIED.,.F.,
  .F.,(2,2),(-3.375,-0.875),.PIECEWISE_BEZIER_KNOTS.);
#7616 = CARTESIAN_POINT('',(4.25,6.5));
#7617 = CARTESIAN_POINT('',(1.75,6.5));
#7618 = ( GEOMETRIC_REPRESENTATION_CONTEXT(2) 
PARAMETRIC_REPRESENTATION_CONTEXT() REPRESENTATION_CONTEXT('2D SPACE',''
  ) );
#7619 = PCURVE('',#7620,#7625);
#7620 = PLANE('',#7621);
#7621 = AXIS2_PLACEMENT_3D('',#7622,#7623,#7624);
#7622 = CARTESIAN_POINT('',(35.75,22.5,67.));
#7623 = DIRECTION('',(-0.,1.,0.));
#7624 = DIRECTION('',(0.,0.,1.));
#7625 = DEFINITIONAL_REPRESENTATION('',(#7626),#7629);
#7626 = B_SPLINE_CURVE_WITH_KNOTS('',1,(#7627,#7628),.UNSPECIFIED.,.F.,
  .F.,(2,2),(-3.375,-0.875),.PIECEWISE_BEZIER_KNOTS.);
#7627 = CARTESIAN_POINT('',(6.,2.5));
#7628 = CARTESIAN_POINT('',(6.,0.));
#7629 = ( GEOMETRIC_REPRESENTATION_CONTEXT(2) 
PARAMETRIC_REPRESENTATION_CONTEXT() REPRESENTATION_CONTEXT('2D SPACE',''
  ) );
#7630 = ORIENTED_EDGE('',*,*,#7631,.F.);
#7631 = EDGE_CURVE('',#7632,#7606,#7634,.T.);
#7632 = VERTEX_POINT('',#7633);
#7633 = CARTESIAN_POINT('',(38.25,19.65644358301,73.));
#7634 = SURFACE_CURVE('',#7635,(#7639,#7645),.PCURVE_S1.);
#7635 = LINE('',#7636,#7637);
#7636 = CARTESIAN_POINT('',(38.25,17.75,73.));
#7637 = VECTOR('',#7638,1.);
#7638 = DIRECTION('',(-0.,1.,0.));
#7639 = PCURVE('',#4221,#7640);
#7640 = DEFINITIONAL_REPRESENTATION('',(#7641),#7644);
#7641 = B_SPLINE_CURVE_WITH_KNOTS('',1,(#7642,#7643),.UNSPECIFIED.,.F.,
  .F.,(2,2),(1.75,4.75),.PIECEWISE_BEZIER_KNOTS.);
#7642 = CARTESIAN_POINT('',(4.25,3.5));
#7643 = CARTESIAN_POINT('',(4.25,6.5));
#7644 = ( GEOMETRIC_REPRESENTATION_CONTEXT(2) 
PARAMETRIC_REPRESENTATION_CONTEXT() REPRESENTATION_CONTEXT('2D SPACE',''
  ) );
#7645 = PCURVE('',#7646,#7651);
#7646 = PLANE('',#7647);
#7647 = AXIS2_PLACEMENT_3D('',#7648,#7649,#7650);
#7648 = CARTESIAN_POINT('',(38.25,19.5,67.));
#7649 = DIRECTION('',(1.,0.,-0.));
#7650 = DIRECTION('',(0.,0.,1.));
#7651 = DEFINITIONAL_REPRESENTATION('',(#7652),#7655);
#7652 = B_SPLINE_CURVE_WITH_KNOTS('',1,(#7653,#7654),.UNSPECIFIED.,.F.,
  .F.,(2,2),(1.75,4.75),.PIECEWISE_BEZIER_KNOTS.);
#7653 = CARTESIAN_POINT('',(6.,0.));
#7654 = CARTESIAN_POINT('',(6.,-3.));
#7655 = ( GEOMETRIC_REPRESENTATION_CONTEXT(2) 
PARAMETRIC_REPRESENTATION_CONTEXT() REPRESENTATION_CONTEXT('2D SPACE',''
  ) );
#7656 = ORIENTED_EDGE('',*,*,#7657,.F.);
#7657 = EDGE_CURVE('',#7658,#7632,#7660,.T.);
#7658 = VERTEX_POINT('',#7659);
#7659 = CARTESIAN_POINT('',(39.2,19.65644358301,73.));
#7660 = SURFACE_CURVE('',#7661,(#7665,#7671),.PCURVE_S1.);
#7661 = LINE('',#7662,#7663);
#7662 = CARTESIAN_POINT('',(34.,19.65644358301,73.));
#7663 = VECTOR('',#7664,1.);
#7664 = DIRECTION('',(-1.,0.,0.));
#7665 = PCURVE('',#4221,#7666);
#7666 = DEFINITIONAL_REPRESENTATION('',(#7667),#7670);
#7667 = B_SPLINE_CURVE_WITH_KNOTS('',1,(#7668,#7669),.UNSPECIFIED.,.F.,
  .F.,(2,2),(-5.2000012,-0.7999994),.PIECEWISE_BEZIER_KNOTS.);
#7668 = CARTESIAN_POINT('',(5.2000012,3.65644358301));
#7669 = CARTESIAN_POINT('',(0.7999994,3.65644358301));
#7670 = ( GEOMETRIC_REPRESENTATION_CONTEXT(2) 
PARAMETRIC_REPRESENTATION_CONTEXT() REPRESENTATION_CONTEXT('2D SPACE',''
  ) );
#7671 = PCURVE('',#4165,#7672);
#7672 = DEFINITIONAL_REPRESENTATION('',(#7673),#7676);
#7673 = B_SPLINE_CURVE_WITH_KNOTS('',1,(#7674,#7675),.UNSPECIFIED.,.F.,
  .F.,(2,2),(-5.2000012,-0.7999994),.PIECEWISE_BEZIER_KNOTS.);
#7674 = CARTESIAN_POINT('',(3.337283706455,-5.2000012));
#7675 = CARTESIAN_POINT('',(3.337283706455,-0.7999994));
#7676 = ( GEOMETRIC_REPRESENTATION_CONTEXT(2) 
PARAMETRIC_REPRESENTATION_CONTEXT() REPRESENTATION_CONTEXT('2D SPACE',''
  ) );
#7677 = ORIENTED_EDGE('',*,*,#7678,.T.);
#7678 = EDGE_CURVE('',#7658,#7679,#7681,.T.);
#7679 = VERTEX_POINT('',#7680);
#7680 = CARTESIAN_POINT('',(39.5,19.5969236742,73.));
#7681 = SURFACE_CURVE('',#7682,(#7701,#7723),.PCURVE_S1.);
#7682 = B_SPLINE_CURVE_WITH_KNOTS('',5,(#7683,#7684,#7685,#7686,#7687,
    #7688,#7689,#7690,#7691,#7692,#7693,#7694,#7695,#7696,#7697,#7698,
    #7699,#7700),.UNSPECIFIED.,.F.,.F.,(6,4,4,4,6),(0.,0.261684415018,
    0.522323426863,0.760717982108,1.),.UNSPECIFIED.);
#7683 = CARTESIAN_POINT('',(39.2,19.65644358301,73.));
#7684 = CARTESIAN_POINT('',(39.266034444803,19.65644358301,73.));
#7685 = CARTESIAN_POINT('',(39.332071737723,19.649497480167,73.));
#7686 = CARTESIAN_POINT('',(39.397151660692,19.635605195095,73.));
#7687 = CARTESIAN_POINT('',(39.46033413902,19.614977003439,73.));
#7688 = CARTESIAN_POINT('',(39.580930993467,19.561161708146,73.));
#7689 = CARTESIAN_POINT('',(39.638372228313,19.528022947359,73.));
#7690 = CARTESIAN_POINT('',(39.692222170552,19.488996584219,73.));
#7691 = CARTESIAN_POINT('',(39.741732035308,19.444653139349,73.));
#7692 = CARTESIAN_POINT('',(39.827047768982,19.350913892561,73.));
#7693 = CARTESIAN_POINT('',(39.863664884429,19.302269809526,73.));
#7694 = CARTESIAN_POINT('',(39.895676744039,19.250297847473,73.));
#7695 = CARTESIAN_POINT('',(39.922726841811,19.195609989222,73.));
#7696 = CARTESIAN_POINT('',(39.966503656381,19.081908673795,73.));
#7697 = CARTESIAN_POINT('',(39.983192413221,19.022877660671,73.));
#7698 = CARTESIAN_POINT('',(39.994397987812,18.962437594539,73.));
#7699 = CARTESIAN_POINT('',(40.,18.901287007839,73.));
#7700 = CARTESIAN_POINT('',(40.,18.840130640823,73.));
#7701 = PCURVE('',#4221,#7702);
#7702 = DEFINITIONAL_REPRESENTATION('',(#7703),#7722);
#7703 = B_SPLINE_CURVE_WITH_KNOTS('',5,(#7704,#7705,#7706,#7707,#7708,
    #7709,#7710,#7711,#7712,#7713,#7714,#7715,#7716,#7717,#7718,#7719,
    #7720,#7721),.UNSPECIFIED.,.F.,.F.,(6,4,4,4,6),(0.,0.261684415018,
    0.522323426863,0.760717982108,1.),.UNSPECIFIED.);
#7704 = CARTESIAN_POINT('',(5.2,3.65644358301));
#7705 = CARTESIAN_POINT('',(5.266034444803,3.65644358301));
#7706 = CARTESIAN_POINT('',(5.332071737723,3.649497480167));
#7707 = CARTESIAN_POINT('',(5.397151660692,3.635605195095));
#7708 = CARTESIAN_POINT('',(5.46033413902,3.614977003439));
#7709 = CARTESIAN_POINT('',(5.580930993467,3.561161708146));
#7710 = CARTESIAN_POINT('',(5.638372228313,3.528022947359));
#7711 = CARTESIAN_POINT('',(5.692222170551,3.488996584219));
#7712 = CARTESIAN_POINT('',(5.741732035308,3.444653139349));
#7713 = CARTESIAN_POINT('',(5.827047768982,3.350913892561));
#7714 = CARTESIAN_POINT('',(5.863664884429,3.302269809526));
#7715 = CARTESIAN_POINT('',(5.895676744039,3.250297847473));
#7716 = CARTESIAN_POINT('',(5.922726841811,3.195609989222));
#7717 = CARTESIAN_POINT('',(5.966503656381,3.081908673795));
#7718 = CARTESIAN_POINT('',(5.983192413221,3.022877660671));
#7719 = CARTESIAN_POINT('',(5.994397987812,2.962437594539));
#7720 = CARTESIAN_POINT('',(6.,2.901287007839));
#7721 = CARTESIAN_POINT('',(6.,2.840130640823));
#7722 = ( GEOMETRIC_REPRESENTATION_CONTEXT(2) 
PARAMETRIC_REPRESENTATION_CONTEXT() REPRESENTATION_CONTEXT('2D SPACE',''
  ) );
#7723 = PCURVE('',#5493,#7724);
#7724 = DEFINITIONAL_REPRESENTATION('',(#7725),#7744);
#7725 = B_SPLINE_CURVE_WITH_KNOTS('',5,(#7726,#7727,#7728,#7729,#7730,
    #7731,#7732,#7733,#7734,#7735,#7736,#7737,#7738,#7739,#7740,#7741,
    #7742,#7743),.UNSPECIFIED.,.F.,.F.,(6,4,4,4,6),(0.,0.261684415018,
    0.522323426863,0.760717982108,1.),.UNSPECIFIED.);
#7726 = CARTESIAN_POINT('',(-0.195691052865,0.));
#7727 = CARTESIAN_POINT('',(-0.195691052865,8.254305600368E-02));
#7728 = CARTESIAN_POINT('',(-0.195766089511,0.165089653173));
#7729 = CARTESIAN_POINT('',(-0.195916153467,0.247611379963));
#7730 = CARTESIAN_POINT('',(-0.196139576743,0.330104072235));
#7731 = CARTESIAN_POINT('',(-0.196725274481,0.494655399103));
#7732 = CARTESIAN_POINT('',(-0.197087013381,0.576721020084));
#7733 = CARTESIAN_POINT('',(-0.197514911215,0.658720028451));
#7734 = CARTESIAN_POINT('',(-0.198004154077,0.740656812154));
#7735 = CARTESIAN_POINT('',(-0.199046163783,0.897400784244));
#7736 = CARTESIAN_POINT('',(-0.199589972279,0.972223841269));
#7737 = CARTESIAN_POINT('',(-0.200174953611,1.046987027428));
#7738 = CARTESIAN_POINT('',(-0.200795330235,1.121701495847));
#7739 = CARTESIAN_POINT('',(-0.202095875037,1.271319973314));
#7740 = CARTESIAN_POINT('',(-0.202776282023,1.346226596476));
#7741 = CARTESIAN_POINT('',(-0.203478844659,1.421097265756));
#7742 = CARTESIAN_POINT('',(-0.204196004027,1.495950308622));
#7743 = CARTESIAN_POINT('',(-0.204919527839,1.570796326795));
#7744 = ( GEOMETRIC_REPRESENTATION_CONTEXT(2) 
PARAMETRIC_REPRESENTATION_CONTEXT() REPRESENTATION_CONTEXT('2D SPACE',''
  ) );
#7745 = ORIENTED_EDGE('',*,*,#7746,.F.);
#7746 = EDGE_CURVE('',#7747,#7679,#7749,.T.);
#7747 = VERTEX_POINT('',#7748);
#7748 = CARTESIAN_POINT('',(39.5,23.,73.));
#7749 = SURFACE_CURVE('',#7750,(#7754,#7761),.PCURVE_S1.);
#7750 = LINE('',#7751,#7752);
#7751 = CARTESIAN_POINT('',(39.5,23.,73.));
#7752 = VECTOR('',#7753,1.);
#7753 = DIRECTION('',(0.,-1.,-0.));
#7754 = PCURVE('',#4221,#7755);
#7755 = DEFINITIONAL_REPRESENTATION('',(#7756),#7760);
#7756 = LINE('',#7757,#7758);
#7757 = CARTESIAN_POINT('',(5.5,7.));
#7758 = VECTOR('',#7759,1.);
#7759 = DIRECTION('',(0.,-1.));
#7760 = ( GEOMETRIC_REPRESENTATION_CONTEXT(2) 
PARAMETRIC_REPRESENTATION_CONTEXT() REPRESENTATION_CONTEXT('2D SPACE',''
  ) );
#7761 = PCURVE('',#5986,#7762);
#7762 = DEFINITIONAL_REPRESENTATION('',(#7763),#7767);
#7763 = LINE('',#7764,#7765);
#7764 = CARTESIAN_POINT('',(1.570796326795,0.));
#7765 = VECTOR('',#7766,1.);
#7766 = DIRECTION('',(0.,1.));
#7767 = ( GEOMETRIC_REPRESENTATION_CONTEXT(2) 
PARAMETRIC_REPRESENTATION_CONTEXT() REPRESENTATION_CONTEXT('2D SPACE',''
  ) );
#7768 = ORIENTED_EDGE('',*,*,#7769,.F.);
#7769 = EDGE_CURVE('',#7770,#7747,#7772,.T.);
#7770 = VERTEX_POINT('',#7771);
#7771 = CARTESIAN_POINT('',(39.,23.5,73.));
#7772 = SURFACE_CURVE('',#7773,(#7778,#7789),.PCURVE_S1.);
#7773 = CIRCLE('',#7774,0.5);
#7774 = AXIS2_PLACEMENT_3D('',#7775,#7776,#7777);
#7775 = CARTESIAN_POINT('',(39.,23.,73.));
#7776 = DIRECTION('',(0.,-0.,-1.));
#7777 = DIRECTION('',(0.,1.,-0.));
#7778 = PCURVE('',#4221,#7779);
#7779 = DEFINITIONAL_REPRESENTATION('',(#7780),#7788);
#7780 = ( BOUNDED_CURVE() B_SPLINE_CURVE(2,(#7781,#7782,#7783,#7784,
#7785,#7786,#7787),.UNSPECIFIED.,.T.,.F.) B_SPLINE_CURVE_WITH_KNOTS((1,2
    ,2,2,2,1),(-2.094395102393,0.,2.094395102393,4.188790204786,
6.28318530718,8.377580409573),.UNSPECIFIED.) CURVE() 
GEOMETRIC_REPRESENTATION_ITEM() RATIONAL_B_SPLINE_CURVE((1.,0.5,1.,0.5,
1.,0.5,1.)) REPRESENTATION_ITEM('') );
#7781 = CARTESIAN_POINT('',(5.,7.5));
#7782 = CARTESIAN_POINT('',(5.866025403784,7.5));
#7783 = CARTESIAN_POINT('',(5.433012701892,6.75));
#7784 = CARTESIAN_POINT('',(5.,6.));
#7785 = CARTESIAN_POINT('',(4.566987298108,6.75));
#7786 = CARTESIAN_POINT('',(4.133974596216,7.5));
#7787 = CARTESIAN_POINT('',(5.,7.5));
#7788 = ( GEOMETRIC_REPRESENTATION_CONTEXT(2) 
PARAMETRIC_REPRESENTATION_CONTEXT() REPRESENTATION_CONTEXT('2D SPACE',''
  ) );
#7789 = PCURVE('',#7790,#7795);
#7790 = TOROIDAL_SURFACE('',#7791,0.5,0.5);
#7791 = AXIS2_PLACEMENT_3D('',#7792,#7793,#7794);
#7792 = CARTESIAN_POINT('',(39.,23.,72.5));
#7793 = DIRECTION('',(0.,0.,1.));
#7794 = DIRECTION('',(0.,1.,-0.));
#7795 = DEFINITIONAL_REPRESENTATION('',(#7796),#7800);
#7796 = LINE('',#7797,#7798);
#7797 = CARTESIAN_POINT('',(-0.,1.570796326795));
#7798 = VECTOR('',#7799,1.);
#7799 = DIRECTION('',(-1.,0.));
#7800 = ( GEOMETRIC_REPRESENTATION_CONTEXT(2) 
PARAMETRIC_REPRESENTATION_CONTEXT() REPRESENTATION_CONTEXT('2D SPACE',''
  ) );
#7801 = ORIENTED_EDGE('',*,*,#7802,.F.);
#7802 = EDGE_CURVE('',#7803,#7770,#7805,.T.);
#7803 = VERTEX_POINT('',#7804);
#7804 = CARTESIAN_POINT('',(35.,23.5,73.));
#7805 = SURFACE_CURVE('',#7806,(#7810,#7817),.PCURVE_S1.);
#7806 = LINE('',#7807,#7808);
#7807 = CARTESIAN_POINT('',(35.,23.5,73.));
#7808 = VECTOR('',#7809,1.);
#7809 = DIRECTION('',(1.,0.,-0.));
#7810 = PCURVE('',#4221,#7811);
#7811 = DEFINITIONAL_REPRESENTATION('',(#7812),#7816);
#7812 = LINE('',#7813,#7814);
#7813 = CARTESIAN_POINT('',(1.,7.5));
#7814 = VECTOR('',#7815,1.);
#7815 = DIRECTION('',(1.,0.));
#7816 = ( GEOMETRIC_REPRESENTATION_CONTEXT(2) 
PARAMETRIC_REPRESENTATION_CONTEXT() REPRESENTATION_CONTEXT('2D SPACE',''
  ) );
#7817 = PCURVE('',#7818,#7823);
#7818 = CYLINDRICAL_SURFACE('',#7819,0.5);
#7819 = AXIS2_PLACEMENT_3D('',#7820,#7821,#7822);
#7820 = CARTESIAN_POINT('',(35.,23.5,72.5));
#7821 = DIRECTION('',(1.,0.,-0.));
#7822 = DIRECTION('',(0.,1.,0.));
#7823 = DEFINITIONAL_REPRESENTATION('',(#7824),#7828);
#7824 = LINE('',#7825,#7826);
#7825 = CARTESIAN_POINT('',(1.570796326795,0.));
#7826 = VECTOR('',#7827,1.);
#7827 = DIRECTION('',(0.,1.));
#7828 = ( GEOMETRIC_REPRESENTATION_CONTEXT(2) 
PARAMETRIC_REPRESENTATION_CONTEXT() REPRESENTATION_CONTEXT('2D SPACE',''
  ) );
#7829 = ORIENTED_EDGE('',*,*,#7830,.F.);
#7830 = EDGE_CURVE('',#4254,#7803,#7831,.T.);
#7831 = SURFACE_CURVE('',#7832,(#7837,#7848),.PCURVE_S1.);
#7832 = CIRCLE('',#7833,0.5);
#7833 = AXIS2_PLACEMENT_3D('',#7834,#7835,#7836);
#7834 = CARTESIAN_POINT('',(35.,23.,73.));
#7835 = DIRECTION('',(-0.,0.,-1.));
#7836 = DIRECTION('',(-1.,0.,0.));
#7837 = PCURVE('',#4221,#7838);
#7838 = DEFINITIONAL_REPRESENTATION('',(#7839),#7847);
#7839 = ( BOUNDED_CURVE() B_SPLINE_CURVE(2,(#7840,#7841,#7842,#7843,
#7844,#7845,#7846),.UNSPECIFIED.,.T.,.F.) B_SPLINE_CURVE_WITH_KNOTS((1,2
    ,2,2,2,1),(-2.094395102393,0.,2.094395102393,4.188790204786,
6.28318530718,8.377580409573),.UNSPECIFIED.) CURVE() 
GEOMETRIC_REPRESENTATION_ITEM() RATIONAL_B_SPLINE_CURVE((1.,0.5,1.,0.5,
1.,0.5,1.)) REPRESENTATION_ITEM('') );
#7840 = CARTESIAN_POINT('',(0.5,7.));
#7841 = CARTESIAN_POINT('',(0.5,7.866025403784));
#7842 = CARTESIAN_POINT('',(1.25,7.433012701892));
#7843 = CARTESIAN_POINT('',(2.,7.));
#7844 = CARTESIAN_POINT('',(1.25,6.566987298108));
#7845 = CARTESIAN_POINT('',(0.5,6.133974596216));
#7846 = CARTESIAN_POINT('',(0.5,7.));
#7847 = ( GEOMETRIC_REPRESENTATION_CONTEXT(2) 
PARAMETRIC_REPRESENTATION_CONTEXT() REPRESENTATION_CONTEXT('2D SPACE',''
  ) );
#7848 = PCURVE('',#4290,#7849);
#7849 = DEFINITIONAL_REPRESENTATION('',(#7850),#7854);
#7850 = LINE('',#7851,#7852);
#7851 = CARTESIAN_POINT('',(-0.,1.570796326795));
#7852 = VECTOR('',#7853,1.);
#7853 = DIRECTION('',(-1.,0.));
#7854 = ( GEOMETRIC_REPRESENTATION_CONTEXT(2) 
PARAMETRIC_REPRESENTATION_CONTEXT() REPRESENTATION_CONTEXT('2D SPACE',''
  ) );
#7855 = ADVANCED_FACE('',(#7856),#4165,.T.);
#7856 = FACE_BOUND('',#7857,.T.);
#7857 = EDGE_LOOP('',(#7858,#7859,#7860,#7882,#7883,#7911,#7937,#7963));
#7858 = ORIENTED_EDGE('',*,*,#4148,.F.);
#7859 = ORIENTED_EDGE('',*,*,#6612,.T.);
#7860 = ORIENTED_EDGE('',*,*,#7861,.T.);
#7861 = EDGE_CURVE('',#6613,#7658,#7862,.T.);
#7862 = SURFACE_CURVE('',#7863,(#7868,#7875),.PCURVE_S1.);
#7863 = CIRCLE('',#7864,18.);
#7864 = AXIS2_PLACEMENT_3D('',#7865,#7866,#7867);
#7865 = CARTESIAN_POINT('',(39.2,2.,76.5));
#7866 = DIRECTION('',(-1.,0.,-0.));
#7867 = DIRECTION('',(-0.,1.,0.));
#7868 = PCURVE('',#4165,#7869);
#7869 = DEFINITIONAL_REPRESENTATION('',(#7870),#7874);
#7870 = LINE('',#7871,#7872);
#7871 = CARTESIAN_POINT('',(3.14159265359,-5.2));
#7872 = VECTOR('',#7873,1.);
#7873 = DIRECTION('',(1.,0.));
#7874 = ( GEOMETRIC_REPRESENTATION_CONTEXT(2) 
PARAMETRIC_REPRESENTATION_CONTEXT() REPRESENTATION_CONTEXT('2D SPACE',''
  ) );
#7875 = PCURVE('',#5493,#7876);
#7876 = DEFINITIONAL_REPRESENTATION('',(#7877),#7881);
#7877 = LINE('',#7878,#7879);
#7878 = CARTESIAN_POINT('',(-0.,0.));
#7879 = VECTOR('',#7880,1.);
#7880 = DIRECTION('',(-1.,0.));
#7881 = ( GEOMETRIC_REPRESENTATION_CONTEXT(2) 
PARAMETRIC_REPRESENTATION_CONTEXT() REPRESENTATION_CONTEXT('2D SPACE',''
  ) );
#7882 = ORIENTED_EDGE('',*,*,#7657,.T.);
#7883 = ORIENTED_EDGE('',*,*,#7884,.T.);
#7884 = EDGE_CURVE('',#7632,#7885,#7887,.T.);
#7885 = VERTEX_POINT('',#7886);
#7886 = CARTESIAN_POINT('',(38.25,19.5,72.286925113412));
#7887 = SURFACE_CURVE('',#7888,(#7893,#7900),.PCURVE_S1.);
#7888 = CIRCLE('',#7889,18.);
#7889 = AXIS2_PLACEMENT_3D('',#7890,#7891,#7892);
#7890 = CARTESIAN_POINT('',(38.25,2.,76.5));
#7891 = DIRECTION('',(-1.,0.,0.));
#7892 = DIRECTION('',(0.,-1.,0.));
#7893 = PCURVE('',#4165,#7894);
#7894 = DEFINITIONAL_REPRESENTATION('',(#7895),#7899);
#7895 = LINE('',#7896,#7897);
#7896 = CARTESIAN_POINT('',(0.,-4.25));
#7897 = VECTOR('',#7898,1.);
#7898 = DIRECTION('',(1.,0.));
#7899 = ( GEOMETRIC_REPRESENTATION_CONTEXT(2) 
PARAMETRIC_REPRESENTATION_CONTEXT() REPRESENTATION_CONTEXT('2D SPACE',''
  ) );
#7900 = PCURVE('',#7646,#7901);
#7901 = DEFINITIONAL_REPRESENTATION('',(#7902),#7910);
#7902 = ( BOUNDED_CURVE() B_SPLINE_CURVE(2,(#7903,#7904,#7905,#7906,
#7907,#7908,#7909),.UNSPECIFIED.,.T.,.F.) B_SPLINE_CURVE_WITH_KNOTS((1,2
    ,2,2,2,1),(-2.094395102393,0.,2.094395102393,4.188790204786,
6.28318530718,8.377580409573),.UNSPECIFIED.) CURVE() 
GEOMETRIC_REPRESENTATION_ITEM() RATIONAL_B_SPLINE_CURVE((1.,0.5,1.,0.5,
1.,0.5,1.)) REPRESENTATION_ITEM('') );
#7903 = CARTESIAN_POINT('',(9.5,35.5));
#7904 = CARTESIAN_POINT('',(40.67691453624,35.5));
#7905 = CARTESIAN_POINT('',(25.08845726812,8.5));
#7906 = CARTESIAN_POINT('',(9.5,-18.5));
#7907 = CARTESIAN_POINT('',(-6.08845726812,8.5));
#7908 = CARTESIAN_POINT('',(-21.67691453624,35.5));
#7909 = CARTESIAN_POINT('',(9.5,35.5));
#7910 = ( GEOMETRIC_REPRESENTATION_CONTEXT(2) 
PARAMETRIC_REPRESENTATION_CONTEXT() REPRESENTATION_CONTEXT('2D SPACE',''
  ) );
#7911 = ORIENTED_EDGE('',*,*,#7912,.T.);
#7912 = EDGE_CURVE('',#7885,#7913,#7915,.T.);
#7913 = VERTEX_POINT('',#7914);
#7914 = CARTESIAN_POINT('',(35.75,19.5,72.286925113412));
#7915 = SURFACE_CURVE('',#7916,(#7920,#7926),.PCURVE_S1.);
#7916 = LINE('',#7917,#7918);
#7917 = CARTESIAN_POINT('',(34.,19.5,72.286925113412));
#7918 = VECTOR('',#7919,1.);
#7919 = DIRECTION('',(-1.,0.,0.));
#7920 = PCURVE('',#4165,#7921);
#7921 = DEFINITIONAL_REPRESENTATION('',(#7922),#7925);
#7922 = B_SPLINE_CURVE_WITH_KNOTS('',1,(#7923,#7924),.UNSPECIFIED.,.F.,
  .F.,(2,2),(-4.5,-1.5),.PIECEWISE_BEZIER_KNOTS.);
#7923 = CARTESIAN_POINT('',(3.377843959575,-4.5));
#7924 = CARTESIAN_POINT('',(3.377843959575,-1.5));
#7925 = ( GEOMETRIC_REPRESENTATION_CONTEXT(2) 
PARAMETRIC_REPRESENTATION_CONTEXT() REPRESENTATION_CONTEXT('2D SPACE',''
  ) );
#7926 = PCURVE('',#7927,#7932);
#7927 = PLANE('',#7928);
#7928 = AXIS2_PLACEMENT_3D('',#7929,#7930,#7931);
#7929 = CARTESIAN_POINT('',(35.75,19.5,67.));
#7930 = DIRECTION('',(-0.,1.,0.));
#7931 = DIRECTION('',(0.,0.,1.));
#7932 = DEFINITIONAL_REPRESENTATION('',(#7933),#7936);
#7933 = B_SPLINE_CURVE_WITH_KNOTS('',1,(#7934,#7935),.UNSPECIFIED.,.F.,
  .F.,(2,2),(-4.5,-1.5),.PIECEWISE_BEZIER_KNOTS.);
#7934 = CARTESIAN_POINT('',(5.286925113412,2.75));
#7935 = CARTESIAN_POINT('',(5.286925113412,-0.25));
#7936 = ( GEOMETRIC_REPRESENTATION_CONTEXT(2) 
PARAMETRIC_REPRESENTATION_CONTEXT() REPRESENTATION_CONTEXT('2D SPACE',''
  ) );
#7937 = ORIENTED_EDGE('',*,*,#7938,.F.);
#7938 = EDGE_CURVE('',#7559,#7913,#7939,.T.);
#7939 = SURFACE_CURVE('',#7940,(#7945,#7952),.PCURVE_S1.);
#7940 = CIRCLE('',#7941,18.);
#7941 = AXIS2_PLACEMENT_3D('',#7942,#7943,#7944);
#7942 = CARTESIAN_POINT('',(35.75,2.,76.5));
#7943 = DIRECTION('',(-1.,0.,0.));
#7944 = DIRECTION('',(0.,-1.,0.));
#7945 = PCURVE('',#4165,#7946);
#7946 = DEFINITIONAL_REPRESENTATION('',(#7947),#7951);
#7947 = LINE('',#7948,#7949);
#7948 = CARTESIAN_POINT('',(0.,-1.75));
#7949 = VECTOR('',#7950,1.);
#7950 = DIRECTION('',(1.,0.));
#7951 = ( GEOMETRIC_REPRESENTATION_CONTEXT(2) 
PARAMETRIC_REPRESENTATION_CONTEXT() REPRESENTATION_CONTEXT('2D SPACE',''
  ) );
#7952 = PCURVE('',#7594,#7953);
#7953 = DEFINITIONAL_REPRESENTATION('',(#7954),#7962);
#7954 = ( BOUNDED_CURVE() B_SPLINE_CURVE(2,(#7955,#7956,#7957,#7958,
#7959,#7960,#7961),.UNSPECIFIED.,.T.,.F.) B_SPLINE_CURVE_WITH_KNOTS((1,2
    ,2,2,2,1),(-2.094395102393,0.,2.094395102393,4.188790204786,
6.28318530718,8.377580409573),.UNSPECIFIED.) CURVE() 
GEOMETRIC_REPRESENTATION_ITEM() RATIONAL_B_SPLINE_CURVE((1.,0.5,1.,0.5,
1.,0.5,1.)) REPRESENTATION_ITEM('') );
#7955 = CARTESIAN_POINT('',(9.5,35.5));
#7956 = CARTESIAN_POINT('',(40.67691453624,35.5));
#7957 = CARTESIAN_POINT('',(25.08845726812,8.5));
#7958 = CARTESIAN_POINT('',(9.5,-18.5));
#7959 = CARTESIAN_POINT('',(-6.08845726812,8.5));
#7960 = CARTESIAN_POINT('',(-21.67691453624,35.5));
#7961 = CARTESIAN_POINT('',(9.5,35.5));
#7962 = ( GEOMETRIC_REPRESENTATION_CONTEXT(2) 
PARAMETRIC_REPRESENTATION_CONTEXT() REPRESENTATION_CONTEXT('2D SPACE',''
  ) );
#7963 = ORIENTED_EDGE('',*,*,#7558,.T.);
#7964 = ADVANCED_FACE('',(#7965),#4290,.T.);
#7965 = FACE_BOUND('',#7966,.F.);
#7966 = EDGE_LOOP('',(#7967,#7968,#7969,#7989));
#7967 = ORIENTED_EDGE('',*,*,#4276,.F.);
#7968 = ORIENTED_EDGE('',*,*,#4362,.T.);
#7969 = ORIENTED_EDGE('',*,*,#7970,.T.);
#7970 = EDGE_CURVE('',#4335,#7803,#7971,.T.);
#7971 = SURFACE_CURVE('',#7972,(#7977,#7983),.PCURVE_S1.);
#7972 = CIRCLE('',#7973,0.5);
#7973 = AXIS2_PLACEMENT_3D('',#7974,#7975,#7976);
#7974 = CARTESIAN_POINT('',(35.,23.5,72.5));
#7975 = DIRECTION('',(1.,6.123233995737E-17,-0.));
#7976 = DIRECTION('',(-6.123233995737E-17,1.,0.));
#7977 = PCURVE('',#4290,#7978);
#7978 = DEFINITIONAL_REPRESENTATION('',(#7979),#7982);
#7979 = B_SPLINE_CURVE_WITH_KNOTS('',1,(#7980,#7981),.UNSPECIFIED.,.F.,
  .F.,(2,2),(0.,1.570796326795),.PIECEWISE_BEZIER_KNOTS.);
#7980 = CARTESIAN_POINT('',(-1.570796326795,0.));
#7981 = CARTESIAN_POINT('',(-1.570796326795,1.570796326795));
#7982 = ( GEOMETRIC_REPRESENTATION_CONTEXT(2) 
PARAMETRIC_REPRESENTATION_CONTEXT() REPRESENTATION_CONTEXT('2D SPACE',''
  ) );
#7983 = PCURVE('',#7818,#7984);
#7984 = DEFINITIONAL_REPRESENTATION('',(#7985),#7988);
#7985 = B_SPLINE_CURVE_WITH_KNOTS('',1,(#7986,#7987),.UNSPECIFIED.,.F.,
  .F.,(2,2),(0.,1.570796326795),.PIECEWISE_BEZIER_KNOTS.);
#7986 = CARTESIAN_POINT('',(0.,0.));
#7987 = CARTESIAN_POINT('',(1.570796326795,0.));
#7988 = ( GEOMETRIC_REPRESENTATION_CONTEXT(2) 
PARAMETRIC_REPRESENTATION_CONTEXT() REPRESENTATION_CONTEXT('2D SPACE',''
  ) );
#7989 = ORIENTED_EDGE('',*,*,#7830,.F.);
#7990 = ADVANCED_FACE('',(#7991),#4322,.T.);
#7991 = FACE_BOUND('',#7992,.T.);
#7992 = EDGE_LOOP('',(#7993,#7994,#7995,#8022));
#7993 = ORIENTED_EDGE('',*,*,#4508,.F.);
#7994 = ORIENTED_EDGE('',*,*,#4305,.T.);
#7995 = ORIENTED_EDGE('',*,*,#7996,.T.);
#7996 = EDGE_CURVE('',#4306,#7997,#7999,.T.);
#7997 = VERTEX_POINT('',#7998);
#7998 = CARTESIAN_POINT('',(35.,23.5,68.));
#7999 = SURFACE_CURVE('',#8000,(#8005,#8011),.PCURVE_S1.);
#8000 = CIRCLE('',#8001,0.5);
#8001 = AXIS2_PLACEMENT_3D('',#8002,#8003,#8004);
#8002 = CARTESIAN_POINT('',(35.,23.5,68.5));
#8003 = DIRECTION('',(-1.,-6.123233995737E-17,0.));
#8004 = DIRECTION('',(-6.123233995737E-17,1.,0.));
#8005 = PCURVE('',#4322,#8006);
#8006 = DEFINITIONAL_REPRESENTATION('',(#8007),#8010);
#8007 = B_SPLINE_CURVE_WITH_KNOTS('',1,(#8008,#8009),.UNSPECIFIED.,.F.,
  .F.,(2,2),(0.,1.570796326795),.PIECEWISE_BEZIER_KNOTS.);
#8008 = CARTESIAN_POINT('',(1.570796326795,0.));
#8009 = CARTESIAN_POINT('',(1.570796326795,1.570796326795));
#8010 = ( GEOMETRIC_REPRESENTATION_CONTEXT(2) 
PARAMETRIC_REPRESENTATION_CONTEXT() REPRESENTATION_CONTEXT('2D SPACE',''
  ) );
#8011 = PCURVE('',#8012,#8017);
#8012 = CYLINDRICAL_SURFACE('',#8013,0.5);
#8013 = AXIS2_PLACEMENT_3D('',#8014,#8015,#8016);
#8014 = CARTESIAN_POINT('',(35.,23.5,68.5));
#8015 = DIRECTION('',(1.,0.,-0.));
#8016 = DIRECTION('',(0.,1.,0.));
#8017 = DEFINITIONAL_REPRESENTATION('',(#8018),#8021);
#8018 = B_SPLINE_CURVE_WITH_KNOTS('',1,(#8019,#8020),.UNSPECIFIED.,.F.,
  .F.,(2,2),(0.,1.570796326795),.PIECEWISE_BEZIER_KNOTS.);
#8019 = CARTESIAN_POINT('',(0.,0.));
#8020 = CARTESIAN_POINT('',(-1.570796326795,0.));
#8021 = ( GEOMETRIC_REPRESENTATION_CONTEXT(2) 
PARAMETRIC_REPRESENTATION_CONTEXT() REPRESENTATION_CONTEXT('2D SPACE',''
  ) );
#8022 = ORIENTED_EDGE('',*,*,#8023,.F.);
#8023 = EDGE_CURVE('',#4481,#7997,#8024,.T.);
#8024 = SURFACE_CURVE('',#8025,(#8030,#8037),.PCURVE_S1.);
#8025 = CIRCLE('',#8026,0.5);
#8026 = AXIS2_PLACEMENT_3D('',#8027,#8028,#8029);
#8027 = CARTESIAN_POINT('',(35.,23.,68.));
#8028 = DIRECTION('',(-0.,0.,-1.));
#8029 = DIRECTION('',(-1.,0.,0.));
#8030 = PCURVE('',#4322,#8031);
#8031 = DEFINITIONAL_REPRESENTATION('',(#8032),#8036);
#8032 = LINE('',#8033,#8034);
#8033 = CARTESIAN_POINT('',(0.,1.570796326795));
#8034 = VECTOR('',#8035,1.);
#8035 = DIRECTION('',(1.,0.));
#8036 = ( GEOMETRIC_REPRESENTATION_CONTEXT(2) 
PARAMETRIC_REPRESENTATION_CONTEXT() REPRESENTATION_CONTEXT('2D SPACE',''
  ) );
#8037 = PCURVE('',#4496,#8038);
#8038 = DEFINITIONAL_REPRESENTATION('',(#8039),#8047);
#8039 = ( BOUNDED_CURVE() B_SPLINE_CURVE(2,(#8040,#8041,#8042,#8043,
#8044,#8045,#8046),.UNSPECIFIED.,.T.,.F.) B_SPLINE_CURVE_WITH_KNOTS((1,2
    ,2,2,2,1),(-2.094395102393,0.,2.094395102393,4.188790204786,
6.28318530718,8.377580409573),.UNSPECIFIED.) CURVE() 
GEOMETRIC_REPRESENTATION_ITEM() RATIONAL_B_SPLINE_CURVE((1.,0.5,1.,0.5,
1.,0.5,1.)) REPRESENTATION_ITEM('') );
#8040 = CARTESIAN_POINT('',(0.5,7.));
#8041 = CARTESIAN_POINT('',(0.5,7.866025403784));
#8042 = CARTESIAN_POINT('',(1.25,7.433012701892));
#8043 = CARTESIAN_POINT('',(2.,7.));
#8044 = CARTESIAN_POINT('',(1.25,6.566987298108));
#8045 = CARTESIAN_POINT('',(0.5,6.133974596216));
#8046 = CARTESIAN_POINT('',(0.5,7.));
#8047 = ( GEOMETRIC_REPRESENTATION_CONTEXT(2) 
PARAMETRIC_REPRESENTATION_CONTEXT() REPRESENTATION_CONTEXT('2D SPACE',''
  ) );
#8048 = ADVANCED_FACE('',(#8049),#4350,.T.);
#8049 = FACE_BOUND('',#8050,.T.);
#8050 = EDGE_LOOP('',(#8051,#8052,#8075,#8098));
#8051 = ORIENTED_EDGE('',*,*,#4334,.T.);
#8052 = ORIENTED_EDGE('',*,*,#8053,.T.);
#8053 = EDGE_CURVE('',#4335,#8054,#8056,.T.);
#8054 = VERTEX_POINT('',#8055);
#8055 = CARTESIAN_POINT('',(39.,24.,72.5));
#8056 = SURFACE_CURVE('',#8057,(#8061,#8068),.PCURVE_S1.);
#8057 = LINE('',#8058,#8059);
#8058 = CARTESIAN_POINT('',(35.,24.,72.5));
#8059 = VECTOR('',#8060,1.);
#8060 = DIRECTION('',(1.,0.,-0.));
#8061 = PCURVE('',#4350,#8062);
#8062 = DEFINITIONAL_REPRESENTATION('',(#8063),#8067);
#8063 = LINE('',#8064,#8065);
#8064 = CARTESIAN_POINT('',(4.5,1.));
#8065 = VECTOR('',#8066,1.);
#8066 = DIRECTION('',(0.,1.));
#8067 = ( GEOMETRIC_REPRESENTATION_CONTEXT(2) 
PARAMETRIC_REPRESENTATION_CONTEXT() REPRESENTATION_CONTEXT('2D SPACE',''
  ) );
#8068 = PCURVE('',#7818,#8069);
#8069 = DEFINITIONAL_REPRESENTATION('',(#8070),#8074);
#8070 = LINE('',#8071,#8072);
#8071 = CARTESIAN_POINT('',(0.,0.));
#8072 = VECTOR('',#8073,1.);
#8073 = DIRECTION('',(0.,1.));
#8074 = ( GEOMETRIC_REPRESENTATION_CONTEXT(2) 
PARAMETRIC_REPRESENTATION_CONTEXT() REPRESENTATION_CONTEXT('2D SPACE',''
  ) );
#8075 = ORIENTED_EDGE('',*,*,#8076,.F.);
#8076 = EDGE_CURVE('',#8077,#8054,#8079,.T.);
#8077 = VERTEX_POINT('',#8078);
#8078 = CARTESIAN_POINT('',(39.,24.,68.5));
#8079 = SURFACE_CURVE('',#8080,(#8084,#8091),.PCURVE_S1.);
#8080 = LINE('',#8081,#8082);
#8081 = CARTESIAN_POINT('',(39.,24.,68.));
#8082 = VECTOR('',#8083,1.);
#8083 = DIRECTION('',(0.,0.,1.));
#8084 = PCURVE('',#4350,#8085);
#8085 = DEFINITIONAL_REPRESENTATION('',(#8086),#8090);
#8086 = LINE('',#8087,#8088);
#8087 = CARTESIAN_POINT('',(0.,5.));
#8088 = VECTOR('',#8089,1.);
#8089 = DIRECTION('',(1.,0.));
#8090 = ( GEOMETRIC_REPRESENTATION_CONTEXT(2) 
PARAMETRIC_REPRESENTATION_CONTEXT() REPRESENTATION_CONTEXT('2D SPACE',''
  ) );
#8091 = PCURVE('',#5960,#8092);
#8092 = DEFINITIONAL_REPRESENTATION('',(#8093),#8097);
#8093 = LINE('',#8094,#8095);
#8094 = CARTESIAN_POINT('',(1.570796326795,0.));
#8095 = VECTOR('',#8096,1.);
#8096 = DIRECTION('',(0.,1.));
#8097 = ( GEOMETRIC_REPRESENTATION_CONTEXT(2) 
PARAMETRIC_REPRESENTATION_CONTEXT() REPRESENTATION_CONTEXT('2D SPACE',''
  ) );
#8098 = ORIENTED_EDGE('',*,*,#8099,.F.);
#8099 = EDGE_CURVE('',#4306,#8077,#8100,.T.);
#8100 = SURFACE_CURVE('',#8101,(#8105,#8112),.PCURVE_S1.);
#8101 = LINE('',#8102,#8103);
#8102 = CARTESIAN_POINT('',(35.,24.,68.5));
#8103 = VECTOR('',#8104,1.);
#8104 = DIRECTION('',(1.,0.,-0.));
#8105 = PCURVE('',#4350,#8106);
#8106 = DEFINITIONAL_REPRESENTATION('',(#8107),#8111);
#8107 = LINE('',#8108,#8109);
#8108 = CARTESIAN_POINT('',(0.5,1.));
#8109 = VECTOR('',#8110,1.);
#8110 = DIRECTION('',(0.,1.));
#8111 = ( GEOMETRIC_REPRESENTATION_CONTEXT(2) 
PARAMETRIC_REPRESENTATION_CONTEXT() REPRESENTATION_CONTEXT('2D SPACE',''
  ) );
#8112 = PCURVE('',#8012,#8113);
#8113 = DEFINITIONAL_REPRESENTATION('',(#8114),#8118);
#8114 = LINE('',#8115,#8116);
#8115 = CARTESIAN_POINT('',(-0.,0.));
#8116 = VECTOR('',#8117,1.);
#8117 = DIRECTION('',(-0.,1.));
#8118 = ( GEOMETRIC_REPRESENTATION_CONTEXT(2) 
PARAMETRIC_REPRESENTATION_CONTEXT() REPRESENTATION_CONTEXT('2D SPACE',''
  ) );
#8119 = ADVANCED_FACE('',(#8120,#8204),#4496,.F.);
#8120 = FACE_BOUND('',#8121,.F.);
#8121 = EDGE_LOOP('',(#8122,#8123,#8124,#8125,#8126,#8149,#8182,#8203));
#8122 = ORIENTED_EDGE('',*,*,#4480,.F.);
#8123 = ORIENTED_EDGE('',*,*,#4531,.F.);
#8124 = ORIENTED_EDGE('',*,*,#6485,.F.);
#8125 = ORIENTED_EDGE('',*,*,#6297,.T.);
#8126 = ORIENTED_EDGE('',*,*,#8127,.F.);
#8127 = EDGE_CURVE('',#8128,#6300,#8130,.T.);
#8128 = VERTEX_POINT('',#8129);
#8129 = CARTESIAN_POINT('',(39.5,23.,68.));
#8130 = SURFACE_CURVE('',#8131,(#8135,#8142),.PCURVE_S1.);
#8131 = LINE('',#8132,#8133);
#8132 = CARTESIAN_POINT('',(39.5,23.,68.));
#8133 = VECTOR('',#8134,1.);
#8134 = DIRECTION('',(0.,-1.,-0.));
#8135 = PCURVE('',#4496,#8136);
#8136 = DEFINITIONAL_REPRESENTATION('',(#8137),#8141);
#8137 = LINE('',#8138,#8139);
#8138 = CARTESIAN_POINT('',(5.5,7.));
#8139 = VECTOR('',#8140,1.);
#8140 = DIRECTION('',(0.,-1.));
#8141 = ( GEOMETRIC_REPRESENTATION_CONTEXT(2) 
PARAMETRIC_REPRESENTATION_CONTEXT() REPRESENTATION_CONTEXT('2D SPACE',''
  ) );
#8142 = PCURVE('',#5932,#8143);
#8143 = DEFINITIONAL_REPRESENTATION('',(#8144),#8148);
#8144 = LINE('',#8145,#8146);
#8145 = CARTESIAN_POINT('',(-1.570796326795,0.));
#8146 = VECTOR('',#8147,1.);
#8147 = DIRECTION('',(-0.,1.));
#8148 = ( GEOMETRIC_REPRESENTATION_CONTEXT(2) 
PARAMETRIC_REPRESENTATION_CONTEXT() REPRESENTATION_CONTEXT('2D SPACE',''
  ) );
#8149 = ORIENTED_EDGE('',*,*,#8150,.F.);
#8150 = EDGE_CURVE('',#8151,#8128,#8153,.T.);
#8151 = VERTEX_POINT('',#8152);
#8152 = CARTESIAN_POINT('',(39.,23.5,68.));
#8153 = SURFACE_CURVE('',#8154,(#8159,#8170),.PCURVE_S1.);
#8154 = CIRCLE('',#8155,0.5);
#8155 = AXIS2_PLACEMENT_3D('',#8156,#8157,#8158);
#8156 = CARTESIAN_POINT('',(39.,23.,68.));
#8157 = DIRECTION('',(0.,-0.,-1.));
#8158 = DIRECTION('',(0.,1.,-0.));
#8159 = PCURVE('',#4496,#8160);
#8160 = DEFINITIONAL_REPRESENTATION('',(#8161),#8169);
#8161 = ( BOUNDED_CURVE() B_SPLINE_CURVE(2,(#8162,#8163,#8164,#8165,
#8166,#8167,#8168),.UNSPECIFIED.,.T.,.F.) B_SPLINE_CURVE_WITH_KNOTS((1,2
    ,2,2,2,1),(-2.094395102393,0.,2.094395102393,4.188790204786,
6.28318530718,8.377580409573),.UNSPECIFIED.) CURVE() 
GEOMETRIC_REPRESENTATION_ITEM() RATIONAL_B_SPLINE_CURVE((1.,0.5,1.,0.5,
1.,0.5,1.)) REPRESENTATION_ITEM('') );
#8162 = CARTESIAN_POINT('',(5.,7.5));
#8163 = CARTESIAN_POINT('',(5.866025403784,7.5));
#8164 = CARTESIAN_POINT('',(5.433012701892,6.75));
#8165 = CARTESIAN_POINT('',(5.,6.));
#8166 = CARTESIAN_POINT('',(4.566987298108,6.75));
#8167 = CARTESIAN_POINT('',(4.133974596216,7.5));
#8168 = CARTESIAN_POINT('',(5.,7.5));
#8169 = ( GEOMETRIC_REPRESENTATION_CONTEXT(2) 
PARAMETRIC_REPRESENTATION_CONTEXT() REPRESENTATION_CONTEXT('2D SPACE',''
  ) );
#8170 = PCURVE('',#8171,#8176);
#8171 = TOROIDAL_SURFACE('',#8172,0.5,0.5);
#8172 = AXIS2_PLACEMENT_3D('',#8173,#8174,#8175);
#8173 = CARTESIAN_POINT('',(39.,23.,68.5));
#8174 = DIRECTION('',(-0.,-0.,-1.));
#8175 = DIRECTION('',(0.,1.,-0.));
#8176 = DEFINITIONAL_REPRESENTATION('',(#8177),#8181);
#8177 = LINE('',#8178,#8179);
#8178 = CARTESIAN_POINT('',(0.,1.570796326795));
#8179 = VECTOR('',#8180,1.);
#8180 = DIRECTION('',(1.,0.));
#8181 = ( GEOMETRIC_REPRESENTATION_CONTEXT(2) 
PARAMETRIC_REPRESENTATION_CONTEXT() REPRESENTATION_CONTEXT('2D SPACE',''
  ) );
#8182 = ORIENTED_EDGE('',*,*,#8183,.F.);
#8183 = EDGE_CURVE('',#7997,#8151,#8184,.T.);
#8184 = SURFACE_CURVE('',#8185,(#8189,#8196),.PCURVE_S1.);
#8185 = LINE('',#8186,#8187);
#8186 = CARTESIAN_POINT('',(35.,23.5,68.));
#8187 = VECTOR('',#8188,1.);
#8188 = DIRECTION('',(1.,0.,-0.));
#8189 = PCURVE('',#4496,#8190);
#8190 = DEFINITIONAL_REPRESENTATION('',(#8191),#8195);
#8191 = LINE('',#8192,#8193);
#8192 = CARTESIAN_POINT('',(1.,7.5));
#8193 = VECTOR('',#8194,1.);
#8194 = DIRECTION('',(1.,0.));
#8195 = ( GEOMETRIC_REPRESENTATION_CONTEXT(2) 
PARAMETRIC_REPRESENTATION_CONTEXT() REPRESENTATION_CONTEXT('2D SPACE',''
  ) );
#8196 = PCURVE('',#8012,#8197);
#8197 = DEFINITIONAL_REPRESENTATION('',(#8198),#8202);
#8198 = LINE('',#8199,#8200);
#8199 = CARTESIAN_POINT('',(-1.570796326795,0.));
#8200 = VECTOR('',#8201,1.);
#8201 = DIRECTION('',(-0.,1.));
#8202 = ( GEOMETRIC_REPRESENTATION_CONTEXT(2) 
PARAMETRIC_REPRESENTATION_CONTEXT() REPRESENTATION_CONTEXT('2D SPACE',''
  ) );
#8203 = ORIENTED_EDGE('',*,*,#8023,.F.);
#8204 = FACE_BOUND('',#8205,.F.);
#8205 = EDGE_LOOP('',(#8206,#8229,#8250,#8271));
#8206 = ORIENTED_EDGE('',*,*,#8207,.T.);
#8207 = EDGE_CURVE('',#8208,#8210,#8212,.T.);
#8208 = VERTEX_POINT('',#8209);
#8209 = CARTESIAN_POINT('',(38.25,19.5,68.));
#8210 = VERTEX_POINT('',#8211);
#8211 = CARTESIAN_POINT('',(35.75,19.5,68.));
#8212 = SURFACE_CURVE('',#8213,(#8217,#8223),.PCURVE_S1.);
#8213 = LINE('',#8214,#8215);
#8214 = CARTESIAN_POINT('',(34.875,19.5,68.));
#8215 = VECTOR('',#8216,1.);
#8216 = DIRECTION('',(-1.,-0.,0.));
#8217 = PCURVE('',#4496,#8218);
#8218 = DEFINITIONAL_REPRESENTATION('',(#8219),#8222);
#8219 = B_SPLINE_CURVE_WITH_KNOTS('',1,(#8220,#8221),.UNSPECIFIED.,.F.,
  .F.,(2,2),(-3.375,-0.875),.PIECEWISE_BEZIER_KNOTS.);
#8220 = CARTESIAN_POINT('',(4.25,3.5));
#8221 = CARTESIAN_POINT('',(1.75,3.5));
#8222 = ( GEOMETRIC_REPRESENTATION_CONTEXT(2) 
PARAMETRIC_REPRESENTATION_CONTEXT() REPRESENTATION_CONTEXT('2D SPACE',''
  ) );
#8223 = PCURVE('',#7927,#8224);
#8224 = DEFINITIONAL_REPRESENTATION('',(#8225),#8228);
#8225 = B_SPLINE_CURVE_WITH_KNOTS('',1,(#8226,#8227),.UNSPECIFIED.,.F.,
  .F.,(2,2),(-3.375,-0.875),.PIECEWISE_BEZIER_KNOTS.);
#8226 = CARTESIAN_POINT('',(1.,2.5));
#8227 = CARTESIAN_POINT('',(1.,0.));
#8228 = ( GEOMETRIC_REPRESENTATION_CONTEXT(2) 
PARAMETRIC_REPRESENTATION_CONTEXT() REPRESENTATION_CONTEXT('2D SPACE',''
  ) );
#8229 = ORIENTED_EDGE('',*,*,#8230,.T.);
#8230 = EDGE_CURVE('',#8210,#8231,#8233,.T.);
#8231 = VERTEX_POINT('',#8232);
#8232 = CARTESIAN_POINT('',(35.75,22.5,68.));
#8233 = SURFACE_CURVE('',#8234,(#8238,#8244),.PCURVE_S1.);
#8234 = LINE('',#8235,#8236);
#8235 = CARTESIAN_POINT('',(35.75,17.75,68.));
#8236 = VECTOR('',#8237,1.);
#8237 = DIRECTION('',(-0.,1.,0.));
#8238 = PCURVE('',#4496,#8239);
#8239 = DEFINITIONAL_REPRESENTATION('',(#8240),#8243);
#8240 = B_SPLINE_CURVE_WITH_KNOTS('',1,(#8241,#8242),.UNSPECIFIED.,.F.,
  .F.,(2,2),(1.75,4.75),.PIECEWISE_BEZIER_KNOTS.);
#8241 = CARTESIAN_POINT('',(1.75,3.5));
#8242 = CARTESIAN_POINT('',(1.75,6.5));
#8243 = ( GEOMETRIC_REPRESENTATION_CONTEXT(2) 
PARAMETRIC_REPRESENTATION_CONTEXT() REPRESENTATION_CONTEXT('2D SPACE',''
  ) );
#8244 = PCURVE('',#7594,#8245);
#8245 = DEFINITIONAL_REPRESENTATION('',(#8246),#8249);
#8246 = B_SPLINE_CURVE_WITH_KNOTS('',1,(#8247,#8248),.UNSPECIFIED.,.F.,
  .F.,(2,2),(1.75,4.75),.PIECEWISE_BEZIER_KNOTS.);
#8247 = CARTESIAN_POINT('',(1.,0.));
#8248 = CARTESIAN_POINT('',(1.,-3.));
#8249 = ( GEOMETRIC_REPRESENTATION_CONTEXT(2) 
PARAMETRIC_REPRESENTATION_CONTEXT() REPRESENTATION_CONTEXT('2D SPACE',''
  ) );
#8250 = ORIENTED_EDGE('',*,*,#8251,.F.);
#8251 = EDGE_CURVE('',#8252,#8231,#8254,.T.);
#8252 = VERTEX_POINT('',#8253);
#8253 = CARTESIAN_POINT('',(38.25,22.5,68.));
#8254 = SURFACE_CURVE('',#8255,(#8259,#8265),.PCURVE_S1.);
#8255 = LINE('',#8256,#8257);
#8256 = CARTESIAN_POINT('',(34.875,22.5,68.));
#8257 = VECTOR('',#8258,1.);
#8258 = DIRECTION('',(-1.,-0.,0.));
#8259 = PCURVE('',#4496,#8260);
#8260 = DEFINITIONAL_REPRESENTATION('',(#8261),#8264);
#8261 = B_SPLINE_CURVE_WITH_KNOTS('',1,(#8262,#8263),.UNSPECIFIED.,.F.,
  .F.,(2,2),(-3.375,-0.875),.PIECEWISE_BEZIER_KNOTS.);
#8262 = CARTESIAN_POINT('',(4.25,6.5));
#8263 = CARTESIAN_POINT('',(1.75,6.5));
#8264 = ( GEOMETRIC_REPRESENTATION_CONTEXT(2) 
PARAMETRIC_REPRESENTATION_CONTEXT() REPRESENTATION_CONTEXT('2D SPACE',''
  ) );
#8265 = PCURVE('',#7620,#8266);
#8266 = DEFINITIONAL_REPRESENTATION('',(#8267),#8270);
#8267 = B_SPLINE_CURVE_WITH_KNOTS('',1,(#8268,#8269),.UNSPECIFIED.,.F.,
  .F.,(2,2),(-3.375,-0.875),.PIECEWISE_BEZIER_KNOTS.);
#8268 = CARTESIAN_POINT('',(1.,2.5));
#8269 = CARTESIAN_POINT('',(1.,0.));
#8270 = ( GEOMETRIC_REPRESENTATION_CONTEXT(2) 
PARAMETRIC_REPRESENTATION_CONTEXT() REPRESENTATION_CONTEXT('2D SPACE',''
  ) );
#8271 = ORIENTED_EDGE('',*,*,#8272,.F.);
#8272 = EDGE_CURVE('',#8208,#8252,#8273,.T.);
#8273 = SURFACE_CURVE('',#8274,(#8278,#8284),.PCURVE_S1.);
#8274 = LINE('',#8275,#8276);
#8275 = CARTESIAN_POINT('',(38.25,17.75,68.));
#8276 = VECTOR('',#8277,1.);
#8277 = DIRECTION('',(-0.,1.,0.));
#8278 = PCURVE('',#4496,#8279);
#8279 = DEFINITIONAL_REPRESENTATION('',(#8280),#8283);
#8280 = B_SPLINE_CURVE_WITH_KNOTS('',1,(#8281,#8282),.UNSPECIFIED.,.F.,
  .F.,(2,2),(1.75,4.75),.PIECEWISE_BEZIER_KNOTS.);
#8281 = CARTESIAN_POINT('',(4.25,3.5));
#8282 = CARTESIAN_POINT('',(4.25,6.5));
#8283 = ( GEOMETRIC_REPRESENTATION_CONTEXT(2) 
PARAMETRIC_REPRESENTATION_CONTEXT() REPRESENTATION_CONTEXT('2D SPACE',''
  ) );
#8284 = PCURVE('',#7646,#8285);
#8285 = DEFINITIONAL_REPRESENTATION('',(#8286),#8289);
#8286 = B_SPLINE_CURVE_WITH_KNOTS('',1,(#8287,#8288),.UNSPECIFIED.,.F.,
  .F.,(2,2),(1.75,4.75),.PIECEWISE_BEZIER_KNOTS.);
#8287 = CARTESIAN_POINT('',(1.,0.));
#8288 = CARTESIAN_POINT('',(1.,-3.));
#8289 = ( GEOMETRIC_REPRESENTATION_CONTEXT(2) 
PARAMETRIC_REPRESENTATION_CONTEXT() REPRESENTATION_CONTEXT('2D SPACE',''
  ) );
#8290 = ADVANCED_FACE('',(#8291,#8322),#4776,.T.);
#8291 = FACE_BOUND('',#8292,.T.);
#8292 = EDGE_LOOP('',(#8293));
#8293 = ORIENTED_EDGE('',*,*,#8294,.T.);
#8294 = EDGE_CURVE('',#8295,#8295,#8297,.T.);
#8295 = VERTEX_POINT('',#8296);
#8296 = CARTESIAN_POINT('',(43.7,10.,70.65));
#8297 = SURFACE_CURVE('',#8298,(#8303,#8310),.PCURVE_S1.);
#8298 = CIRCLE('',#8299,2.85);
#8299 = AXIS2_PLACEMENT_3D('',#8300,#8301,#8302);
#8300 = CARTESIAN_POINT('',(43.7,10.,73.5));
#8301 = DIRECTION('',(1.,-0.,2.22044604925E-16));
#8302 = DIRECTION('',(2.22044604925E-16,0.,-1.));
#8303 = PCURVE('',#4776,#8304);
#8304 = DEFINITIONAL_REPRESENTATION('',(#8305),#8309);
#8305 = CIRCLE('',#8306,2.85);
#8306 = AXIS2_PLACEMENT_2D('',#8307,#8308);
#8307 = CARTESIAN_POINT('',(0.,0.));
#8308 = DIRECTION('',(1.,0.));
#8309 = ( GEOMETRIC_REPRESENTATION_CONTEXT(2) 
PARAMETRIC_REPRESENTATION_CONTEXT() REPRESENTATION_CONTEXT('2D SPACE',''
  ) );
#8310 = PCURVE('',#8311,#8316);
#8311 = TOROIDAL_SURFACE('',#8312,2.85,0.4);
#8312 = AXIS2_PLACEMENT_3D('',#8313,#8314,#8315);
#8313 = CARTESIAN_POINT('',(43.3,10.,73.5));
#8314 = DIRECTION('',(1.,-0.,2.22044604925E-16));
#8315 = DIRECTION('',(2.22044604925E-16,0.,-1.));
#8316 = DEFINITIONAL_REPRESENTATION('',(#8317),#8321);
#8317 = LINE('',#8318,#8319);
#8318 = CARTESIAN_POINT('',(0.,1.570796326795));
#8319 = VECTOR('',#8320,1.);
#8320 = DIRECTION('',(1.,0.));
#8321 = ( GEOMETRIC_REPRESENTATION_CONTEXT(2) 
PARAMETRIC_REPRESENTATION_CONTEXT() REPRESENTATION_CONTEXT('2D SPACE',''
  ) );
#8322 = FACE_BOUND('',#8323,.T.);
#8323 = EDGE_LOOP('',(#8324));
#8324 = ORIENTED_EDGE('',*,*,#4761,.F.);
#8325 = ADVANCED_FACE('',(#8326),#4830,.F.);
#8326 = FACE_BOUND('',#8327,.F.);
#8327 = EDGE_LOOP('',(#8328));
#8328 = ORIENTED_EDGE('',*,*,#4815,.T.);
#8329 = ADVANCED_FACE('',(#8330,#8334),#4954,.F.);
#8330 = FACE_BOUND('',#8331,.F.);
#8331 = EDGE_LOOP('',(#8332,#8333));
#8332 = ORIENTED_EDGE('',*,*,#5146,.T.);
#8333 = ORIENTED_EDGE('',*,*,#4939,.F.);
#8334 = FACE_BOUND('',#8335,.F.);
#8335 = EDGE_LOOP('',(#8336));
#8336 = ORIENTED_EDGE('',*,*,#8337,.F.);
#8337 = EDGE_CURVE('',#8338,#8338,#8340,.T.);
#8338 = VERTEX_POINT('',#8339);
#8339 = CARTESIAN_POINT('',(35.8,-2.816687638039E-16,90.85));
#8340 = SURFACE_CURVE('',#8341,(#8346,#8353),.PCURVE_S1.);
#8341 = CIRCLE('',#8342,1.15);
#8342 = AXIS2_PLACEMENT_3D('',#8343,#8344,#8345);
#8343 = CARTESIAN_POINT('',(35.8,0.,92.));
#8344 = DIRECTION('',(1.,0.,2.22044604925E-16));
#8345 = DIRECTION('',(2.22044604925E-16,0.,-1.));
#8346 = PCURVE('',#4954,#8347);
#8347 = DEFINITIONAL_REPRESENTATION('',(#8348),#8352);
#8348 = CIRCLE('',#8349,1.15);
#8349 = AXIS2_PLACEMENT_2D('',#8350,#8351);
#8350 = CARTESIAN_POINT('',(0.,0.));
#8351 = DIRECTION('',(1.,0.));
#8352 = ( GEOMETRIC_REPRESENTATION_CONTEXT(2) 
PARAMETRIC_REPRESENTATION_CONTEXT() REPRESENTATION_CONTEXT('2D SPACE',''
  ) );
#8353 = PCURVE('',#6079,#8354);
#8354 = DEFINITIONAL_REPRESENTATION('',(#8355),#8359);
#8355 = LINE('',#8356,#8357);
#8356 = CARTESIAN_POINT('',(0.,3.8));
#8357 = VECTOR('',#8358,1.);
#8358 = DIRECTION('',(1.,0.));
#8359 = ( GEOMETRIC_REPRESENTATION_CONTEXT(2) 
PARAMETRIC_REPRESENTATION_CONTEXT() REPRESENTATION_CONTEXT('2D SPACE',''
  ) );
#8360 = ADVANCED_FACE('',(#8361,#8365),#5068,.F.);
#8361 = FACE_BOUND('',#8362,.F.);
#8362 = EDGE_LOOP('',(#8363,#8364));
#8363 = ORIENTED_EDGE('',*,*,#5053,.T.);
#8364 = ORIENTED_EDGE('',*,*,#5172,.T.);
#8365 = FACE_BOUND('',#8366,.F.);
#8366 = EDGE_LOOP('',(#8367));
#8367 = ORIENTED_EDGE('',*,*,#8368,.F.);
#8368 = EDGE_CURVE('',#8369,#8369,#8371,.T.);
#8369 = VERTEX_POINT('',#8370);
#8370 = CARTESIAN_POINT('',(35.8,-2.816687638039E-16,118.85));
#8371 = SURFACE_CURVE('',#8372,(#8377,#8384),.PCURVE_S1.);
#8372 = CIRCLE('',#8373,1.15);
#8373 = AXIS2_PLACEMENT_3D('',#8374,#8375,#8376);
#8374 = CARTESIAN_POINT('',(35.8,0.,120.));
#8375 = DIRECTION('',(1.,0.,2.22044604925E-16));
#8376 = DIRECTION('',(2.22044604925E-16,0.,-1.));
#8377 = PCURVE('',#5068,#8378);
#8378 = DEFINITIONAL_REPRESENTATION('',(#8379),#8383);
#8379 = CIRCLE('',#8380,1.15);
#8380 = AXIS2_PLACEMENT_2D('',#8381,#8382);
#8381 = CARTESIAN_POINT('',(0.,0.));
#8382 = DIRECTION('',(1.,0.));
#8383 = ( GEOMETRIC_REPRESENTATION_CONTEXT(2) 
PARAMETRIC_REPRESENTATION_CONTEXT() REPRESENTATION_CONTEXT('2D SPACE',''
  ) );
#8384 = PCURVE('',#6147,#8385);
#8385 = DEFINITIONAL_REPRESENTATION('',(#8386),#8390);
#8386 = LINE('',#8387,#8388);
#8387 = CARTESIAN_POINT('',(0.,3.8));
#8388 = VECTOR('',#8389,1.);
#8389 = DIRECTION('',(1.,0.));
#8390 = ( GEOMETRIC_REPRESENTATION_CONTEXT(2) 
PARAMETRIC_REPRESENTATION_CONTEXT() REPRESENTATION_CONTEXT('2D SPACE',''
  ) );
#8391 = ADVANCED_FACE('',(#8392,#8423),#5264,.T.);
#8392 = FACE_BOUND('',#8393,.T.);
#8393 = EDGE_LOOP('',(#8394));
#8394 = ORIENTED_EDGE('',*,*,#8395,.T.);
#8395 = EDGE_CURVE('',#8396,#8396,#8398,.T.);
#8396 = VERTEX_POINT('',#8397);
#8397 = CARTESIAN_POINT('',(43.7,-10.,70.65));
#8398 = SURFACE_CURVE('',#8399,(#8404,#8411),.PCURVE_S1.);
#8399 = CIRCLE('',#8400,2.85);
#8400 = AXIS2_PLACEMENT_3D('',#8401,#8402,#8403);
#8401 = CARTESIAN_POINT('',(43.7,-10.,73.5));
#8402 = DIRECTION('',(1.,-0.,2.22044604925E-16));
#8403 = DIRECTION('',(2.22044604925E-16,0.,-1.));
#8404 = PCURVE('',#5264,#8405);
#8405 = DEFINITIONAL_REPRESENTATION('',(#8406),#8410);
#8406 = CIRCLE('',#8407,2.85);
#8407 = AXIS2_PLACEMENT_2D('',#8408,#8409);
#8408 = CARTESIAN_POINT('',(0.,0.));
#8409 = DIRECTION('',(1.,0.));
#8410 = ( GEOMETRIC_REPRESENTATION_CONTEXT(2) 
PARAMETRIC_REPRESENTATION_CONTEXT() REPRESENTATION_CONTEXT('2D SPACE',''
  ) );
#8411 = PCURVE('',#8412,#8417);
#8412 = TOROIDAL_SURFACE('',#8413,2.85,0.4);
#8413 = AXIS2_PLACEMENT_3D('',#8414,#8415,#8416);
#8414 = CARTESIAN_POINT('',(43.3,-10.,73.5));
#8415 = DIRECTION('',(1.,-0.,2.22044604925E-16));
#8416 = DIRECTION('',(2.22044604925E-16,0.,-1.));
#8417 = DEFINITIONAL_REPRESENTATION('',(#8418),#8422);
#8418 = LINE('',#8419,#8420);
#8419 = CARTESIAN_POINT('',(0.,1.570796326795));
#8420 = VECTOR('',#8421,1.);
#8421 = DIRECTION('',(1.,0.));
#8422 = ( GEOMETRIC_REPRESENTATION_CONTEXT(2) 
PARAMETRIC_REPRESENTATION_CONTEXT() REPRESENTATION_CONTEXT('2D SPACE',''
  ) );
#8423 = FACE_BOUND('',#8424,.T.);
#8424 = EDGE_LOOP('',(#8425));
#8425 = ORIENTED_EDGE('',*,*,#5249,.F.);
#8426 = ADVANCED_FACE('',(#8427),#5318,.F.);
#8427 = FACE_BOUND('',#8428,.F.);
#8428 = EDGE_LOOP('',(#8429));
#8429 = ORIENTED_EDGE('',*,*,#5303,.T.);
#8430 = ADVANCED_FACE('',(#8431),#5430,.T.);
#8431 = FACE_BOUND('',#8432,.T.);
#8432 = EDGE_LOOP('',(#8433,#8434,#8435,#8455));
#8433 = ORIENTED_EDGE('',*,*,#5414,.T.);
#8434 = ORIENTED_EDGE('',*,*,#5731,.T.);
#8435 = ORIENTED_EDGE('',*,*,#8436,.F.);
#8436 = EDGE_CURVE('',#7306,#5703,#8437,.T.);
#8437 = SURFACE_CURVE('',#8438,(#8443,#8449),.PCURVE_S1.);
#8438 = CIRCLE('',#8439,0.8);
#8439 = AXIS2_PLACEMENT_3D('',#8440,#8441,#8442);
#8440 = CARTESIAN_POINT('',(39.2,-19.2,109.));
#8441 = DIRECTION('',(0.,0.,1.));
#8442 = DIRECTION('',(0.,-1.,0.));
#8443 = PCURVE('',#5430,#8444);
#8444 = DEFINITIONAL_REPRESENTATION('',(#8445),#8448);
#8445 = B_SPLINE_CURVE_WITH_KNOTS('',1,(#8446,#8447),.UNSPECIFIED.,.F.,
  .F.,(2,2),(0.,1.570796326795),.PIECEWISE_BEZIER_KNOTS.);
#8446 = CARTESIAN_POINT('',(0.,32.5));
#8447 = CARTESIAN_POINT('',(1.570796326795,32.5));
#8448 = ( GEOMETRIC_REPRESENTATION_CONTEXT(2) 
PARAMETRIC_REPRESENTATION_CONTEXT() REPRESENTATION_CONTEXT('2D SPACE',''
  ) );
#8449 = PCURVE('',#5719,#8450);
#8450 = DEFINITIONAL_REPRESENTATION('',(#8451),#8454);
#8451 = B_SPLINE_CURVE_WITH_KNOTS('',1,(#8452,#8453),.UNSPECIFIED.,.F.,
  .F.,(2,2),(0.,1.570796326795),.PIECEWISE_BEZIER_KNOTS.);
#8452 = CARTESIAN_POINT('',(0.,0.));
#8453 = CARTESIAN_POINT('',(0.,1.570796326795));
#8454 = ( GEOMETRIC_REPRESENTATION_CONTEXT(2) 
PARAMETRIC_REPRESENTATION_CONTEXT() REPRESENTATION_CONTEXT('2D SPACE',''
  ) );
#8455 = ORIENTED_EDGE('',*,*,#7530,.F.);
#8456 = ADVANCED_FACE('',(#8457),#5493,.T.);
#8457 = FACE_BOUND('',#8458,.F.);
#8458 = EDGE_LOOP('',(#8459,#8522,#8523,#8543,#8544));
#8459 = ORIENTED_EDGE('',*,*,#8460,.T.);
#8460 = EDGE_CURVE('',#7679,#5473,#8461,.T.);
#8461 = SURFACE_CURVE('',#8462,(#8480,#8501),.PCURVE_S1.);
#8462 = B_SPLINE_CURVE_WITH_KNOTS('',6,(#8463,#8464,#8465,#8466,#8467,
    #8468,#8469,#8470,#8471,#8472,#8473,#8474,#8475,#8476,#8477,#8478,
    #8479),.UNSPECIFIED.,.F.,.F.,(7,5,5,7),(0.,0.338149987309,
    0.661774675696,1.),.UNSPECIFIED.);
#8463 = CARTESIAN_POINT('',(39.5,19.5969236742,73.));
#8464 = CARTESIAN_POINT('',(39.552084635433,19.575441685155,
    72.999999998587));
#8465 = CARTESIAN_POINT('',(39.602963227833,19.547953166799,
    72.99348905154));
#8466 = CARTESIAN_POINT('',(39.651496295283,19.514818213977,
    72.981034087224));
#8467 = CARTESIAN_POINT('',(39.696919294913,19.476755519997,
    72.963485583859));
#8468 = CARTESIAN_POINT('',(39.73880849572,19.434512411482,
    72.941664861275));
#8469 = CARTESIAN_POINT('',(39.813431262085,19.34496485857,
    72.892022801952));
#8470 = CARTESIAN_POINT('',(39.846482625191,19.297953709958,
    72.864498188612));
#8471 = CARTESIAN_POINT('',(39.875917188965,19.24828189022,
    72.83434747263));
#8472 = CARTESIAN_POINT('',(39.901689273003,19.196459815249,
    72.802114596694));
#8473 = CARTESIAN_POINT('',(39.923814873128,19.142911906348,
    72.76824931602));
#8474 = CARTESIAN_POINT('',(39.961677434172,19.030572226465,
    72.696408174062));
#8475 = CARTESIAN_POINT('',(39.977076652664,18.971665983241,
    72.658324248252));
#8476 = CARTESIAN_POINT('',(39.988566626811,18.911661502033,
    72.619295920785));
#8477 = CARTESIAN_POINT('',(39.996194586471,18.850909631992,
    72.579686657647));
#8478 = CARTESIAN_POINT('',(39.999999994824,18.789728492407,
    72.539819549049));
#8479 = CARTESIAN_POINT('',(40.,18.728418933263,72.500000000843));
#8480 = PCURVE('',#5493,#8481);
#8481 = DEFINITIONAL_REPRESENTATION('',(#8482),#8500);
#8482 = B_SPLINE_CURVE_WITH_KNOTS('',6,(#8483,#8484,#8485,#8486,#8487,
    #8488,#8489,#8490,#8491,#8492,#8493,#8494,#8495,#8496,#8497,#8498,
    #8499),.UNSPECIFIED.,.F.,.F.,(7,5,5,7),(0.,0.338149987309,
    0.661774675696,1.),.UNSPECIFIED.);
#8483 = CARTESIAN_POINT('',(-0.196336113541,0.384396811074));
#8484 = CARTESIAN_POINT('',(-0.196569684795,0.454627720203));
#8485 = CARTESIAN_POINT('',(-0.197225117495,0.525626200967));
#8486 = CARTESIAN_POINT('',(-0.198270100274,0.596580263286));
#8487 = CARTESIAN_POINT('',(-0.199654037554,0.667022142922));
#8488 = CARTESIAN_POINT('',(-0.201327767281,0.736692807881));
#8489 = CARTESIAN_POINT('',(-0.205084370026,0.871341466319));
#8490 = CARTESIAN_POINT('',(-0.207146686039,0.936395434475));
#8491 = CARTESIAN_POINT('',(-0.20939686882,1.000609031973));
#8492 = CARTESIAN_POINT('',(-0.211801863261,1.064015520213));
#8493 = CARTESIAN_POINT('',(-0.214333950439,1.12669283438));
#8494 = CARTESIAN_POINT('',(-0.219725368363,1.25364526054));
#8495 = CARTESIAN_POINT('',(-0.222593675172,1.317849901108));
#8496 = CARTESIAN_POINT('',(-0.225548550344,1.381521723691));
#8497 = CARTESIAN_POINT('',(-0.228566669038,1.444800602153));
#8498 = CARTESIAN_POINT('',(-0.231626541836,1.507836096551));
#8499 = CARTESIAN_POINT('',(-0.234707113786,1.570796326795));
#8500 = ( GEOMETRIC_REPRESENTATION_CONTEXT(2) 
PARAMETRIC_REPRESENTATION_CONTEXT() REPRESENTATION_CONTEXT('2D SPACE',''
  ) );
#8501 = PCURVE('',#5986,#8502);
#8502 = DEFINITIONAL_REPRESENTATION('',(#8503),#8521);
#8503 = B_SPLINE_CURVE_WITH_KNOTS('',6,(#8504,#8505,#8506,#8507,#8508,
    #8509,#8510,#8511,#8512,#8513,#8514,#8515,#8516,#8517,#8518,#8519,
    #8520),.UNSPECIFIED.,.F.,.F.,(7,5,5,7),(0.,0.338149987309,
    0.661774675696,1.),.UNSPECIFIED.);
#8504 = CARTESIAN_POINT('',(1.570796326795,3.4030763258));
#8505 = CARTESIAN_POINT('',(1.46662705593,3.424558314845));
#8506 = CARTESIAN_POINT('',(1.364870763306,3.452046833201));
#8507 = CARTESIAN_POINT('',(1.265765373284,3.485181786023));
#8508 = CARTESIAN_POINT('',(1.169300461701,3.523244480003));
#8509 = CARTESIAN_POINT('',(1.075375580256,3.565487588518));
#8510 = CARTESIAN_POINT('',(0.896122783193,3.65503514143));
#8511 = CARTESIAN_POINT('',(0.810595255887,3.702046290042));
#8512 = CARTESIAN_POINT('',(0.726968788479,3.75171810978));
#8513 = CARTESIAN_POINT('',(0.645004889214,3.803540184751));
#8514 = CARTESIAN_POINT('',(0.564454826634,3.857088093652));
#8515 = CARTESIAN_POINT('',(0.402039024365,3.969427773535));
#8516 = CARTESIAN_POINT('',(0.320296834653,4.028334016759));
#8517 = CARTESIAN_POINT('',(0.239500954446,4.088338497967));
#8518 = CARTESIAN_POINT('',(0.159373159173,4.149090368008));
#8519 = CARTESIAN_POINT('',(7.963917888871E-02,4.210271507593));
#8520 = CARTESIAN_POINT('',(1.685350525804E-09,4.271581066737));
#8521 = ( GEOMETRIC_REPRESENTATION_CONTEXT(2) 
PARAMETRIC_REPRESENTATION_CONTEXT() REPRESENTATION_CONTEXT('2D SPACE',''
  ) );
#8522 = ORIENTED_EDGE('',*,*,#5470,.F.);
#8523 = ORIENTED_EDGE('',*,*,#8524,.F.);
#8524 = EDGE_CURVE('',#6613,#5471,#8525,.T.);
#8525 = SURFACE_CURVE('',#8526,(#8531,#8537),.PCURVE_S1.);
#8526 = CIRCLE('',#8527,0.8);
#8527 = AXIS2_PLACEMENT_3D('',#8528,#8529,#8530);
#8528 = CARTESIAN_POINT('',(39.2,19.2,76.5));
#8529 = DIRECTION('',(0.,-0.,-1.));
#8530 = DIRECTION('',(0.,1.,-0.));
#8531 = PCURVE('',#5493,#8532);
#8532 = DEFINITIONAL_REPRESENTATION('',(#8533),#8536);
#8533 = B_SPLINE_CURVE_WITH_KNOTS('',1,(#8534,#8535),.UNSPECIFIED.,.F.,
  .F.,(2,2),(0.,1.570796326795),.PIECEWISE_BEZIER_KNOTS.);
#8534 = CARTESIAN_POINT('',(0.,0.));
#8535 = CARTESIAN_POINT('',(0.,1.570796326795));
#8536 = ( GEOMETRIC_REPRESENTATION_CONTEXT(2) 
PARAMETRIC_REPRESENTATION_CONTEXT() REPRESENTATION_CONTEXT('2D SPACE',''
  ) );
#8537 = PCURVE('',#5521,#8538);
#8538 = DEFINITIONAL_REPRESENTATION('',(#8539),#8542);
#8539 = B_SPLINE_CURVE_WITH_KNOTS('',1,(#8540,#8541),.UNSPECIFIED.,.F.,
  .F.,(2,2),(0.,1.570796326795),.PIECEWISE_BEZIER_KNOTS.);
#8540 = CARTESIAN_POINT('',(0.,32.5));
#8541 = CARTESIAN_POINT('',(1.570796326795,32.5));
#8542 = ( GEOMETRIC_REPRESENTATION_CONTEXT(2) 
PARAMETRIC_REPRESENTATION_CONTEXT() REPRESENTATION_CONTEXT('2D SPACE',''
  ) );
#8543 = ORIENTED_EDGE('',*,*,#7861,.T.);
#8544 = ORIENTED_EDGE('',*,*,#7678,.T.);
#8545 = ADVANCED_FACE('',(#8546),#5986,.T.);
#8546 = FACE_BOUND('',#8547,.T.);
#8547 = EDGE_LOOP('',(#8548,#8549,#8569,#8570));
#8548 = ORIENTED_EDGE('',*,*,#5972,.F.);
#8549 = ORIENTED_EDGE('',*,*,#8550,.T.);
#8550 = EDGE_CURVE('',#5945,#7747,#8551,.T.);
#8551 = SURFACE_CURVE('',#8552,(#8557,#8563),.PCURVE_S1.);
#8552 = CIRCLE('',#8553,0.5);
#8553 = AXIS2_PLACEMENT_3D('',#8554,#8555,#8556);
#8554 = CARTESIAN_POINT('',(39.5,23.,72.5));
#8555 = DIRECTION('',(6.123233995737E-17,-1.,0.));
#8556 = DIRECTION('',(1.,6.123233995737E-17,0.));
#8557 = PCURVE('',#5986,#8558);
#8558 = DEFINITIONAL_REPRESENTATION('',(#8559),#8562);
#8559 = B_SPLINE_CURVE_WITH_KNOTS('',1,(#8560,#8561),.UNSPECIFIED.,.F.,
  .F.,(2,2),(0.,1.570796326795),.PIECEWISE_BEZIER_KNOTS.);
#8560 = CARTESIAN_POINT('',(0.,0.));
#8561 = CARTESIAN_POINT('',(1.570796326795,0.));
#8562 = ( GEOMETRIC_REPRESENTATION_CONTEXT(2) 
PARAMETRIC_REPRESENTATION_CONTEXT() REPRESENTATION_CONTEXT('2D SPACE',''
  ) );
#8563 = PCURVE('',#7790,#8564);
#8564 = DEFINITIONAL_REPRESENTATION('',(#8565),#8568);
#8565 = B_SPLINE_CURVE_WITH_KNOTS('',1,(#8566,#8567),.UNSPECIFIED.,.F.,
  .F.,(2,2),(0.,1.570796326795),.PIECEWISE_BEZIER_KNOTS.);
#8566 = CARTESIAN_POINT('',(-1.570796326795,0.));
#8567 = CARTESIAN_POINT('',(-1.570796326795,1.570796326795));
#8568 = ( GEOMETRIC_REPRESENTATION_CONTEXT(2) 
PARAMETRIC_REPRESENTATION_CONTEXT() REPRESENTATION_CONTEXT('2D SPACE',''
  ) );
#8569 = ORIENTED_EDGE('',*,*,#7746,.T.);
#8570 = ORIENTED_EDGE('',*,*,#8460,.T.);
#8571 = ADVANCED_FACE('',(#8572),#5960,.T.);
#8572 = FACE_BOUND('',#8573,.T.);
#8573 = EDGE_LOOP('',(#8574,#8575,#8597,#8598));
#8574 = ORIENTED_EDGE('',*,*,#5944,.F.);
#8575 = ORIENTED_EDGE('',*,*,#8576,.F.);
#8576 = EDGE_CURVE('',#8077,#5917,#8577,.T.);
#8577 = SURFACE_CURVE('',#8578,(#8583,#8590),.PCURVE_S1.);
#8578 = CIRCLE('',#8579,1.);
#8579 = AXIS2_PLACEMENT_3D('',#8580,#8581,#8582);
#8580 = CARTESIAN_POINT('',(39.,23.,68.5));
#8581 = DIRECTION('',(0.,-0.,-1.));
#8582 = DIRECTION('',(0.,1.,-0.));
#8583 = PCURVE('',#5960,#8584);
#8584 = DEFINITIONAL_REPRESENTATION('',(#8585),#8589);
#8585 = LINE('',#8586,#8587);
#8586 = CARTESIAN_POINT('',(1.570796326795,0.5));
#8587 = VECTOR('',#8588,1.);
#8588 = DIRECTION('',(-1.,-0.));
#8589 = ( GEOMETRIC_REPRESENTATION_CONTEXT(2) 
PARAMETRIC_REPRESENTATION_CONTEXT() REPRESENTATION_CONTEXT('2D SPACE',''
  ) );
#8590 = PCURVE('',#8171,#8591);
#8591 = DEFINITIONAL_REPRESENTATION('',(#8592),#8596);
#8592 = LINE('',#8593,#8594);
#8593 = CARTESIAN_POINT('',(0.,0.));
#8594 = VECTOR('',#8595,1.);
#8595 = DIRECTION('',(1.,0.));
#8596 = ( GEOMETRIC_REPRESENTATION_CONTEXT(2) 
PARAMETRIC_REPRESENTATION_CONTEXT() REPRESENTATION_CONTEXT('2D SPACE',''
  ) );
#8597 = ORIENTED_EDGE('',*,*,#8076,.T.);
#8598 = ORIENTED_EDGE('',*,*,#8599,.T.);
#8599 = EDGE_CURVE('',#8054,#5945,#8600,.T.);
#8600 = SURFACE_CURVE('',#8601,(#8606,#8613),.PCURVE_S1.);
#8601 = CIRCLE('',#8602,1.);
#8602 = AXIS2_PLACEMENT_3D('',#8603,#8604,#8605);
#8603 = CARTESIAN_POINT('',(39.,23.,72.5));
#8604 = DIRECTION('',(0.,-0.,-1.));
#8605 = DIRECTION('',(0.,1.,-0.));
#8606 = PCURVE('',#5960,#8607);
#8607 = DEFINITIONAL_REPRESENTATION('',(#8608),#8612);
#8608 = LINE('',#8609,#8610);
#8609 = CARTESIAN_POINT('',(1.570796326795,4.5));
#8610 = VECTOR('',#8611,1.);
#8611 = DIRECTION('',(-1.,-0.));
#8612 = ( GEOMETRIC_REPRESENTATION_CONTEXT(2) 
PARAMETRIC_REPRESENTATION_CONTEXT() REPRESENTATION_CONTEXT('2D SPACE',''
  ) );
#8613 = PCURVE('',#7790,#8614);
#8614 = DEFINITIONAL_REPRESENTATION('',(#8615),#8619);
#8615 = LINE('',#8616,#8617);
#8616 = CARTESIAN_POINT('',(-0.,0.));
#8617 = VECTOR('',#8618,1.);
#8618 = DIRECTION('',(-1.,0.));
#8619 = ( GEOMETRIC_REPRESENTATION_CONTEXT(2) 
PARAMETRIC_REPRESENTATION_CONTEXT() REPRESENTATION_CONTEXT('2D SPACE',''
  ) );
#8620 = ADVANCED_FACE('',(#8621),#5932,.T.);
#8621 = FACE_BOUND('',#8622,.F.);
#8622 = EDGE_LOOP('',(#8623,#8624,#8644,#8645));
#8623 = ORIENTED_EDGE('',*,*,#5916,.F.);
#8624 = ORIENTED_EDGE('',*,*,#8625,.T.);
#8625 = EDGE_CURVE('',#5917,#8128,#8626,.T.);
#8626 = SURFACE_CURVE('',#8627,(#8632,#8638),.PCURVE_S1.);
#8627 = CIRCLE('',#8628,0.5);
#8628 = AXIS2_PLACEMENT_3D('',#8629,#8630,#8631);
#8629 = CARTESIAN_POINT('',(39.5,23.,68.5));
#8630 = DIRECTION('',(-6.123233995737E-17,1.,0.));
#8631 = DIRECTION('',(1.,6.123233995737E-17,0.));
#8632 = PCURVE('',#5932,#8633);
#8633 = DEFINITIONAL_REPRESENTATION('',(#8634),#8637);
#8634 = B_SPLINE_CURVE_WITH_KNOTS('',1,(#8635,#8636),.UNSPECIFIED.,.F.,
  .F.,(2,2),(0.,1.570796326795),.PIECEWISE_BEZIER_KNOTS.);
#8635 = CARTESIAN_POINT('',(0.,0.));
#8636 = CARTESIAN_POINT('',(-1.570796326795,0.));
#8637 = ( GEOMETRIC_REPRESENTATION_CONTEXT(2) 
PARAMETRIC_REPRESENTATION_CONTEXT() REPRESENTATION_CONTEXT('2D SPACE',''
  ) );
#8638 = PCURVE('',#8171,#8639);
#8639 = DEFINITIONAL_REPRESENTATION('',(#8640),#8643);
#8640 = B_SPLINE_CURVE_WITH_KNOTS('',1,(#8641,#8642),.UNSPECIFIED.,.F.,
  .F.,(2,2),(0.,1.570796326795),.PIECEWISE_BEZIER_KNOTS.);
#8641 = CARTESIAN_POINT('',(1.570796326795,0.));
#8642 = CARTESIAN_POINT('',(1.570796326795,1.570796326795));
#8643 = ( GEOMETRIC_REPRESENTATION_CONTEXT(2) 
PARAMETRIC_REPRESENTATION_CONTEXT() REPRESENTATION_CONTEXT('2D SPACE',''
  ) );
#8644 = ORIENTED_EDGE('',*,*,#8127,.T.);
#8645 = ORIENTED_EDGE('',*,*,#6391,.T.);
#8646 = ADVANCED_FACE('',(#8647),#5857,.F.);
#8647 = FACE_BOUND('',#8648,.F.);
#8648 = EDGE_LOOP('',(#8649,#8650));
#8649 = ORIENTED_EDGE('',*,*,#5842,.F.);
#8650 = ORIENTED_EDGE('',*,*,#6245,.T.);
#8651 = ADVANCED_FACE('',(#8652),#5790,.F.);
#8652 = FACE_BOUND('',#8653,.F.);
#8653 = EDGE_LOOP('',(#8654,#8655));
#8654 = ORIENTED_EDGE('',*,*,#5775,.F.);
#8655 = ORIENTED_EDGE('',*,*,#6193,.T.);
#8656 = ADVANCED_FACE('',(#8657),#5719,.T.);
#8657 = FACE_BOUND('',#8658,.F.);
#8658 = EDGE_LOOP('',(#8659,#8660,#8661,#8681));
#8659 = ORIENTED_EDGE('',*,*,#8436,.F.);
#8660 = ORIENTED_EDGE('',*,*,#7328,.T.);
#8661 = ORIENTED_EDGE('',*,*,#8662,.T.);
#8662 = EDGE_CURVE('',#7128,#5675,#8663,.T.);
#8663 = SURFACE_CURVE('',#8664,(#8669,#8675),.PCURVE_S1.);
#8664 = CIRCLE('',#8665,0.8);
#8665 = AXIS2_PLACEMENT_3D('',#8666,#8667,#8668);
#8666 = CARTESIAN_POINT('',(39.2,-2.,126.2));
#8667 = DIRECTION('',(-0.,1.,6.123233995737E-17));
#8668 = DIRECTION('',(0.,-6.123233995737E-17,1.));
#8669 = PCURVE('',#5719,#8670);
#8670 = DEFINITIONAL_REPRESENTATION('',(#8671),#8674);
#8671 = B_SPLINE_CURVE_WITH_KNOTS('',1,(#8672,#8673),.UNSPECIFIED.,.F.,
  .F.,(2,2),(0.,1.570796326795),.PIECEWISE_BEZIER_KNOTS.);
#8672 = CARTESIAN_POINT('',(-1.570796326795,0.));
#8673 = CARTESIAN_POINT('',(-1.570796326795,1.570796326795));
#8674 = ( GEOMETRIC_REPRESENTATION_CONTEXT(2) 
PARAMETRIC_REPRESENTATION_CONTEXT() REPRESENTATION_CONTEXT('2D SPACE',''
  ) );
#8675 = PCURVE('',#5690,#8676);
#8676 = DEFINITIONAL_REPRESENTATION('',(#8677),#8680);
#8677 = B_SPLINE_CURVE_WITH_KNOTS('',1,(#8678,#8679),.UNSPECIFIED.,.F.,
  .F.,(2,2),(0.,1.570796326795),.PIECEWISE_BEZIER_KNOTS.);
#8678 = CARTESIAN_POINT('',(0.,0.));
#8679 = CARTESIAN_POINT('',(1.570796326795,0.));
#8680 = ( GEOMETRIC_REPRESENTATION_CONTEXT(2) 
PARAMETRIC_REPRESENTATION_CONTEXT() REPRESENTATION_CONTEXT('2D SPACE',''
  ) );
#8681 = ORIENTED_EDGE('',*,*,#5702,.T.);
#8682 = ADVANCED_FACE('',(#8683),#5690,.T.);
#8683 = FACE_BOUND('',#8684,.T.);
#8684 = EDGE_LOOP('',(#8685,#8686,#8687,#8707));
#8685 = ORIENTED_EDGE('',*,*,#8662,.T.);
#8686 = ORIENTED_EDGE('',*,*,#5674,.T.);
#8687 = ORIENTED_EDGE('',*,*,#8688,.F.);
#8688 = EDGE_CURVE('',#7052,#5646,#8689,.T.);
#8689 = SURFACE_CURVE('',#8690,(#8695,#8701),.PCURVE_S1.);
#8690 = CIRCLE('',#8691,0.8);
#8691 = AXIS2_PLACEMENT_3D('',#8692,#8693,#8694);
#8692 = CARTESIAN_POINT('',(39.2,2.,126.2));
#8693 = DIRECTION('',(0.,1.,0.));
#8694 = DIRECTION('',(0.,-0.,1.));
#8695 = PCURVE('',#5690,#8696);
#8696 = DEFINITIONAL_REPRESENTATION('',(#8697),#8700);
#8697 = B_SPLINE_CURVE_WITH_KNOTS('',1,(#8698,#8699),.UNSPECIFIED.,.F.,
  .F.,(2,2),(0.,1.570796326795),.PIECEWISE_BEZIER_KNOTS.);
#8698 = CARTESIAN_POINT('',(0.,4.));
#8699 = CARTESIAN_POINT('',(1.570796326795,4.));
#8700 = ( GEOMETRIC_REPRESENTATION_CONTEXT(2) 
PARAMETRIC_REPRESENTATION_CONTEXT() REPRESENTATION_CONTEXT('2D SPACE',''
  ) );
#8701 = PCURVE('',#5662,#8702);
#8702 = DEFINITIONAL_REPRESENTATION('',(#8703),#8706);
#8703 = B_SPLINE_CURVE_WITH_KNOTS('',1,(#8704,#8705),.UNSPECIFIED.,.F.,
  .F.,(2,2),(0.,1.570796326795),.PIECEWISE_BEZIER_KNOTS.);
#8704 = CARTESIAN_POINT('',(0.,0.));
#8705 = CARTESIAN_POINT('',(0.,1.570796326795));
#8706 = ( GEOMETRIC_REPRESENTATION_CONTEXT(2) 
PARAMETRIC_REPRESENTATION_CONTEXT() REPRESENTATION_CONTEXT('2D SPACE',''
  ) );
#8707 = ORIENTED_EDGE('',*,*,#7150,.F.);
#8708 = ADVANCED_FACE('',(#8709),#5662,.T.);
#8709 = FACE_BOUND('',#8710,.F.);
#8710 = EDGE_LOOP('',(#8711,#8712,#8713,#8733));
#8711 = ORIENTED_EDGE('',*,*,#8688,.F.);
#8712 = ORIENTED_EDGE('',*,*,#7074,.T.);
#8713 = ORIENTED_EDGE('',*,*,#8714,.T.);
#8714 = EDGE_CURVE('',#6727,#5618,#8715,.T.);
#8715 = SURFACE_CURVE('',#8716,(#8721,#8727),.PCURVE_S1.);
#8716 = CIRCLE('',#8717,0.8);
#8717 = AXIS2_PLACEMENT_3D('',#8718,#8719,#8720);
#8718 = CARTESIAN_POINT('',(39.2,19.2,109.));
#8719 = DIRECTION('',(0.,1.22911396881E-16,-1.));
#8720 = DIRECTION('',(0.,1.,1.22911396881E-16));
#8721 = PCURVE('',#5662,#8722);
#8722 = DEFINITIONAL_REPRESENTATION('',(#8723),#8726);
#8723 = B_SPLINE_CURVE_WITH_KNOTS('',1,(#8724,#8725),.UNSPECIFIED.,.F.,
  .F.,(2,2),(0.,1.570796326795),.PIECEWISE_BEZIER_KNOTS.);
#8724 = CARTESIAN_POINT('',(-1.570796326795,0.));
#8725 = CARTESIAN_POINT('',(-1.570796326795,1.570796326795));
#8726 = ( GEOMETRIC_REPRESENTATION_CONTEXT(2) 
PARAMETRIC_REPRESENTATION_CONTEXT() REPRESENTATION_CONTEXT('2D SPACE',''
  ) );
#8727 = PCURVE('',#5633,#8728);
#8728 = DEFINITIONAL_REPRESENTATION('',(#8729),#8732);
#8729 = B_SPLINE_CURVE_WITH_KNOTS('',1,(#8730,#8731),.UNSPECIFIED.,.F.,
  .F.,(2,2),(0.,1.570796326795),.PIECEWISE_BEZIER_KNOTS.);
#8730 = CARTESIAN_POINT('',(0.,0.));
#8731 = CARTESIAN_POINT('',(1.570796326795,0.));
#8732 = ( GEOMETRIC_REPRESENTATION_CONTEXT(2) 
PARAMETRIC_REPRESENTATION_CONTEXT() REPRESENTATION_CONTEXT('2D SPACE',''
  ) );
#8733 = ORIENTED_EDGE('',*,*,#5645,.T.);
#8734 = ADVANCED_FACE('',(#8735),#5633,.T.);
#8735 = FACE_BOUND('',#8736,.T.);
#8736 = EDGE_LOOP('',(#8737,#8738,#8739,#8740,#8956));
#8737 = ORIENTED_EDGE('',*,*,#6726,.F.);
#8738 = ORIENTED_EDGE('',*,*,#8714,.T.);
#8739 = ORIENTED_EDGE('',*,*,#5617,.F.);
#8740 = ORIENTED_EDGE('',*,*,#8741,.T.);
#8741 = EDGE_CURVE('',#5590,#6911,#8742,.T.);
#8742 = SURFACE_CURVE('',#8743,(#8812,#8884),.PCURVE_S1.);
#8743 = B_SPLINE_CURVE_WITH_KNOTS('',7,(#8744,#8745,#8746,#8747,#8748,
    #8749,#8750,#8751,#8752,#8753,#8754,#8755,#8756,#8757,#8758,#8759,
    #8760,#8761,#8762,#8763,#8764,#8765,#8766,#8767,#8768,#8769,#8770,
    #8771,#8772,#8773,#8774,#8775,#8776,#8777,#8778,#8779,#8780,#8781,
    #8782,#8783,#8784,#8785,#8786,#8787,#8788,#8789,#8790,#8791,#8792,
    #8793,#8794,#8795,#8796,#8797,#8798,#8799,#8800,#8801,#8802,#8803,
    #8804,#8805,#8806,#8807,#8808,#8809,#8810,#8811),.UNSPECIFIED.,.F.,
  .F.,(8,6,6,6,6,6,6,6,6,6,6,8),(0.,6.245936338662E-04,
    1.249187115183E-03,1.873780298398E-03,2.498373033614E-03,
    3.07988987382E-03,3.704481321264E-03,4.30753429371E-03,
    4.88904875209E-03,5.492099711121E-03,0.654262982467,1.),
  .UNSPECIFIED.);
#8744 = CARTESIAN_POINT('',(40.,19.2,84.));
#8745 = CARTESIAN_POINT('',(40.,19.200080385923,84.00006355061));
#8746 = CARTESIAN_POINT('',(39.999999990576,19.200160771811,
    84.000127101245));
#8747 = CARTESIAN_POINT('',(39.999999971729,19.200241157689,
    84.000190651887));
#8748 = CARTESIAN_POINT('',(39.999999943458,19.200321543572,
    84.000254202521));
#8749 = CARTESIAN_POINT('',(39.999999905764,19.200401929463,
    84.000317753144));
#8750 = CARTESIAN_POINT('',(39.999999858646,19.200482315357,
    84.000381303757));
#8751 = CARTESIAN_POINT('',(39.999999745563,19.200643087101,
    84.000508404967));
#8752 = CARTESIAN_POINT('',(39.999999679598,19.200723472959,
    84.000571955559));
#8753 = CARTESIAN_POINT('',(39.999999604209,19.200803858812,
    84.000635506143));
#8754 = CARTESIAN_POINT('',(39.999999519397,19.200884244658,
    84.00069905672));
#8755 = CARTESIAN_POINT('',(39.999999425161,19.200964630498,
    84.000762607286));
#8756 = CARTESIAN_POINT('',(39.999999321501,19.201045016329,
    84.000826157843));
#8757 = CARTESIAN_POINT('',(39.999999095335,19.201205787936,
    84.000953258902));
#8758 = CARTESIAN_POINT('',(39.999998972829,19.201286173712,
    84.001016809404));
#8759 = CARTESIAN_POINT('',(39.999998840899,19.201366559478,
    84.001080359894));
#8760 = CARTESIAN_POINT('',(39.999998699545,19.201446945233,
    84.00114391037));
#8761 = CARTESIAN_POINT('',(39.999998548767,19.201527330977,
    84.00120746083));
#8762 = CARTESIAN_POINT('',(39.999998388566,19.201607716708,
    84.001271011274));
#8763 = CARTESIAN_POINT('',(39.999998049317,19.201768488087,
    84.001398112082));
#8764 = CARTESIAN_POINT('',(39.999997870269,19.201848873734,
    84.001461662445));
#8765 = CARTESIAN_POINT('',(39.999997681798,19.201929259367,
    84.00152521279));
#8766 = CARTESIAN_POINT('',(39.999997483903,19.202009644985,
    84.001588763115));
#8767 = CARTESIAN_POINT('',(39.999997276584,19.202090030587,
    84.001652313418));
#8768 = CARTESIAN_POINT('',(39.999997059842,19.202170416172,
    84.0017158637));
#8769 = CARTESIAN_POINT('',(39.999996623108,19.202325643407,
    84.001838581385));
#8770 = CARTESIAN_POINT('',(39.999996404371,19.202400485058,
    84.001897748792));
#8771 = CARTESIAN_POINT('',(39.999996177466,19.202475326694,
    84.001956916178));
#8772 = CARTESIAN_POINT('',(39.999995942392,19.202550168312,
    84.002016083542));
#8773 = CARTESIAN_POINT('',(39.99999569915,19.202625009913,
    84.002075250882));
#8774 = CARTESIAN_POINT('',(39.999995447739,19.202699851496,
    84.002134418198));
#8775 = CARTESIAN_POINT('',(39.999994909352,19.202855078352,
    84.002257135471));
#8776 = CARTESIAN_POINT('',(39.999994621121,19.202935463622,
    84.002320685423));
#8777 = CARTESIAN_POINT('',(39.999994323467,19.203015848869,
    84.002384235345));
#8778 = CARTESIAN_POINT('',(39.999994016389,19.203096234093,
    84.002447785236));
#8779 = CARTESIAN_POINT('',(39.999993699887,19.203176619292,
    84.002511335095));
#8780 = CARTESIAN_POINT('',(39.999993373962,19.203257004466,
    84.00257488492));
#8781 = CARTESIAN_POINT('',(39.999992714829,19.203415002752,
    84.002699793043));
#8782 = CARTESIAN_POINT('',(39.99999238226,19.203492615866,
    84.002761151344));
#8783 = CARTESIAN_POINT('',(39.999992040906,19.203570228954,
    84.002822509611));
#8784 = CARTESIAN_POINT('',(39.999991690767,19.203647842016,
    84.002883867844));
#8785 = CARTESIAN_POINT('',(39.999991331843,19.203725455052,
    84.002945226041));
#8786 = CARTESIAN_POINT('',(39.999990964135,19.20380306806,
    84.003006584202));
#8787 = CARTESIAN_POINT('',(39.999990224595,19.20395552201,
    84.003127108994));
#8788 = CARTESIAN_POINT('',(39.999989853379,19.204030362954,
    84.003186275628));
#8789 = CARTESIAN_POINT('',(39.999989473996,19.204105203871,
    84.003245442226));
#8790 = CARTESIAN_POINT('',(39.999989086443,19.204180044761,
    84.003304608787));
#8791 = CARTESIAN_POINT('',(39.999988690722,19.204254885621,
    84.003363775311));
#8792 = CARTESIAN_POINT('',(39.999988286833,19.204329726453,
    84.003422941796));
#8793 = CARTESIAN_POINT('',(39.999987447457,19.204482179799,
    84.003543465926));
#8794 = CARTESIAN_POINT('',(39.999987011353,19.204559792312,
    84.00360482357));
#8795 = CARTESIAN_POINT('',(39.999986566465,19.204637404792,
    84.003666181169));
#8796 = CARTESIAN_POINT('',(39.999986112792,19.204715017238,
    84.003727538723));
#8797 = CARTESIAN_POINT('',(39.999985650334,19.204792629649,
    84.003788896232));
#8798 = CARTESIAN_POINT('',(39.999985179092,19.204870242025,
    84.003850253694));
#8799 = CARTESIAN_POINT('',(39.999468278723,19.288444323969,
    84.069920798102));
#8800 = CARTESIAN_POINT('',(39.988784297156,19.37191120952,
    84.135884385379));
#8801 = CARTESIAN_POINT('',(39.967924701617,19.45444875744,
    84.200561373014));
#8802 = CARTESIAN_POINT('',(39.936722489144,19.53496428227,
    84.262559517717));
#8803 = CARTESIAN_POINT('',(39.895086171485,19.612140759933,
    84.320186415503));
#8804 = CARTESIAN_POINT('',(39.84303389296,19.684397636727,
    84.371410428781));
#8805 = CARTESIAN_POINT('',(39.748005373175,19.784807678203,
    84.435991744138));
#8806 = CARTESIAN_POINT('',(39.712066321354,19.817881458386,
    84.455914906229));
#8807 = CARTESIAN_POINT('',(39.673459995309,19.848628485066,
    84.472751836974));
#8808 = CARTESIAN_POINT('',(39.63251564131,19.876642566724,
    84.486000539615));
#8809 = CARTESIAN_POINT('',(39.589635034196,19.901606668455,
    84.4952150334));
#8810 = CARTESIAN_POINT('',(39.545284468995,19.923301379049,84.5));
#8811 = CARTESIAN_POINT('',(39.5,19.94161984871,84.5));
#8812 = PCURVE('',#5633,#8813);
#8813 = DEFINITIONAL_REPRESENTATION('',(#8814),#8883);
#8814 = B_SPLINE_CURVE_WITH_KNOTS('',7,(#8815,#8816,#8817,#8818,#8819,
    #8820,#8821,#8822,#8823,#8824,#8825,#8826,#8827,#8828,#8829,#8830,
    #8831,#8832,#8833,#8834,#8835,#8836,#8837,#8838,#8839,#8840,#8841,
    #8842,#8843,#8844,#8845,#8846,#8847,#8848,#8849,#8850,#8851,#8852,
    #8853,#8854,#8855,#8856,#8857,#8858,#8859,#8860,#8861,#8862,#8863,
    #8864,#8865,#8866,#8867,#8868,#8869,#8870,#8871,#8872,#8873,#8874,
    #8875,#8876,#8877,#8878,#8879,#8880,#8881,#8882),.UNSPECIFIED.,.F.,
  .F.,(8,6,6,6,6,6,6,6,6,6,6,8),(0.,6.245936338662E-04,
    1.249187115183E-03,1.873780298398E-03,2.498373033614E-03,
    3.07988987382E-03,3.704481321264E-03,4.30753429371E-03,
    4.88904875209E-03,5.492099711121E-03,0.654262982467,1.),
  .UNSPECIFIED.);
#8815 = CARTESIAN_POINT('',(1.570796326795,25.));
#8816 = CARTESIAN_POINT('',(1.570695844392,24.99993644939));
#8817 = CARTESIAN_POINT('',(1.570595362031,24.999872898755));
#8818 = CARTESIAN_POINT('',(1.570494879681,24.999809348113));
#8819 = CARTESIAN_POINT('',(1.570394397323,24.999745797479));
#8820 = CARTESIAN_POINT('',(1.57029391495,24.999682246856));
#8821 = CARTESIAN_POINT('',(1.570193432565,24.999618696243));
#8822 = CARTESIAN_POINT('',(1.569992467835,24.999491595033));
#8823 = CARTESIAN_POINT('',(1.56989198548,24.999428044441));
#8824 = CARTESIAN_POINT('',(1.569791503121,24.999364493857));
#8825 = CARTESIAN_POINT('',(1.569691020758,24.99930094328));
#8826 = CARTESIAN_POINT('',(1.569590538391,24.999237392714));
#8827 = CARTESIAN_POINT('',(1.569490056019,24.999173842157));
#8828 = CARTESIAN_POINT('',(1.569289091311,24.999046741098));
#8829 = CARTESIAN_POINT('',(1.569188608976,24.998983190596));
#8830 = CARTESIAN_POINT('',(1.569088126634,24.998919640106));
#8831 = CARTESIAN_POINT('',(1.568987644286,24.99885608963));
#8832 = CARTESIAN_POINT('',(1.568887161931,24.99879253917));
#8833 = CARTESIAN_POINT('',(1.568786679568,24.998728988726));
#8834 = CARTESIAN_POINT('',(1.568585714897,24.998601887918));
#8835 = CARTESIAN_POINT('',(1.568485232589,24.998538337555));
#8836 = CARTESIAN_POINT('',(1.568384750273,24.99847478721));
#8837 = CARTESIAN_POINT('',(1.568284267947,24.998411236885));
#8838 = CARTESIAN_POINT('',(1.568183785611,24.998347686582));
#8839 = CARTESIAN_POINT('',(1.568083303265,24.9982841363));
#8840 = CARTESIAN_POINT('',(1.567889268454,24.998161418615));
#8841 = CARTESIAN_POINT('',(1.567795715991,24.998102251208));
#8842 = CARTESIAN_POINT('',(1.567702163518,24.998043083822));
#8843 = CARTESIAN_POINT('',(1.567608611034,24.997983916458));
#8844 = CARTESIAN_POINT('',(1.567515058539,24.997924749118));
#8845 = CARTESIAN_POINT('',(1.567421506033,24.997865581802));
#8846 = CARTESIAN_POINT('',(1.567227471297,24.997742864529));
#8847 = CARTESIAN_POINT('',(1.567126989064,24.997679314577));
#8848 = CARTESIAN_POINT('',(1.567026506817,24.997615764655));
#8849 = CARTESIAN_POINT('',(1.566926024556,24.997552214764));
#8850 = CARTESIAN_POINT('',(1.566825542279,24.997488664905));
#8851 = CARTESIAN_POINT('',(1.566725059986,24.99742511508));
#8852 = CARTESIAN_POINT('',(1.56652756041,24.997300206957));
#8853 = CARTESIAN_POINT('',(1.566430543128,24.997238848656));
#8854 = CARTESIAN_POINT('',(1.56633352583,24.997177490389));
#8855 = CARTESIAN_POINT('',(1.566236508516,24.997116132156));
#8856 = CARTESIAN_POINT('',(1.566139491185,24.997054773959));
#8857 = CARTESIAN_POINT('',(1.566042473837,24.996993415798));
#8858 = CARTESIAN_POINT('',(1.565851904157,24.996872891006));
#8859 = CARTESIAN_POINT('',(1.565758351827,24.996813724372));
#8860 = CARTESIAN_POINT('',(1.565664799479,24.996754557774));
#8861 = CARTESIAN_POINT('',(1.565571247115,24.996695391213));
#8862 = CARTESIAN_POINT('',(1.565477694732,24.996636224689));
#8863 = CARTESIAN_POINT('',(1.565384142331,24.996577058204));
#8864 = CARTESIAN_POINT('',(1.565193572759,24.996456534074));
#8865 = CARTESIAN_POINT('',(1.565096555588,24.99639517643));
#8866 = CARTESIAN_POINT('',(1.564999538395,24.996333818831));
#8867 = CARTESIAN_POINT('',(1.564902521182,24.996272461277));
#8868 = CARTESIAN_POINT('',(1.564805503946,24.996211103768));
#8869 = CARTESIAN_POINT('',(1.564708486689,24.996149746306));
#8870 = CARTESIAN_POINT('',(1.460238886155,24.930079201898));
#8871 = CARTESIAN_POINT('',(1.355824087977,24.864115614621));
#8872 = CARTESIAN_POINT('',(1.250638859927,24.799438626986));
#8873 = CARTESIAN_POINT('',(1.14416873538,24.737440482283));
#8874 = CARTESIAN_POINT('',(1.035984625852,24.679813584497));
#8875 = CARTESIAN_POINT('',(0.925660319476,24.628589571219));
#8876 = CARTESIAN_POINT('',(0.752849928433,24.564008255862));
#8877 = CARTESIAN_POINT('',(0.691943601951,24.544085093771));
#8878 = CARTESIAN_POINT('',(0.630503087408,24.527248163026));
#8879 = CARTESIAN_POINT('',(0.568783657209,24.513999460385));
#8880 = CARTESIAN_POINT('',(0.507020215078,24.5047849666));
#8881 = CARTESIAN_POINT('',(0.445458340032,24.5));
#8882 = CARTESIAN_POINT('',(0.384396774496,24.5));
#8883 = ( GEOMETRIC_REPRESENTATION_CONTEXT(2) 
PARAMETRIC_REPRESENTATION_CONTEXT() REPRESENTATION_CONTEXT('2D SPACE',''
  ) );
#8884 = PCURVE('',#5605,#8885);
#8885 = DEFINITIONAL_REPRESENTATION('',(#8886),#8955);
#8886 = B_SPLINE_CURVE_WITH_KNOTS('',7,(#8887,#8888,#8889,#8890,#8891,
    #8892,#8893,#8894,#8895,#8896,#8897,#8898,#8899,#8900,#8901,#8902,
    #8903,#8904,#8905,#8906,#8907,#8908,#8909,#8910,#8911,#8912,#8913,
    #8914,#8915,#8916,#8917,#8918,#8919,#8920,#8921,#8922,#8923,#8924,
    #8925,#8926,#8927,#8928,#8929,#8930,#8931,#8932,#8933,#8934,#8935,
    #8936,#8937,#8938,#8939,#8940,#8941,#8942,#8943,#8944,#8945,#8946,
    #8947,#8948,#8949,#8950,#8951,#8952,#8953,#8954),.UNSPECIFIED.,.F.,
  .F.,(8,6,6,6,6,6,6,6,6,6,6,8),(0.,6.245936338662E-04,
    1.249187115183E-03,1.873780298398E-03,2.498373033614E-03,
    3.07988987382E-03,3.704481321264E-03,4.30753429371E-03,
    4.88904875209E-03,5.492099711121E-03,0.654262982467,1.),
  .UNSPECIFIED.);
#8887 = CARTESIAN_POINT('',(0.,3.8));
#8888 = CARTESIAN_POINT('',(1.271012197748E-04,3.799919614077));
#8889 = CARTESIAN_POINT('',(2.542024909493E-04,3.799839228189));
#8890 = CARTESIAN_POINT('',(3.813037769464E-04,3.799758842311));
#8891 = CARTESIAN_POINT('',(5.084050560277E-04,3.799678456428));
#8892 = CARTESIAN_POINT('',(6.355063212937E-04,3.799598070537));
#8893 = CARTESIAN_POINT('',(7.626075806831E-04,3.799517684643));
#8894 = CARTESIAN_POINT('',(1.016810102217E-03,3.799356912899));
#8895 = CARTESIAN_POINT('',(1.143911352368E-03,3.799276527041));
#8896 = CARTESIAN_POINT('',(1.271012608517E-03,3.799196141188));
#8897 = CARTESIAN_POINT('',(1.398113871726E-03,3.799115755342));
#8898 = CARTESIAN_POINT('',(1.525215143032E-03,3.799035369502));
#8899 = CARTESIAN_POINT('',(1.652316423445E-03,3.798954983671));
#8900 = CARTESIAN_POINT('',(1.90651894381E-03,3.798794212064));
#8901 = CARTESIAN_POINT('',(2.033620183787E-03,3.798713826288));
#8902 = CARTESIAN_POINT('',(2.160721434892E-03,3.798633440522));
#8903 = CARTESIAN_POINT('',(2.287822698141E-03,3.798553054767));
#8904 = CARTESIAN_POINT('',(2.414923974551E-03,3.798472669023));
#8905 = CARTESIAN_POINT('',(2.542025265138E-03,3.798392283292));
#8906 = CARTESIAN_POINT('',(2.79622778556E-03,3.798231511913));
#8907 = CARTESIAN_POINT('',(2.923329015398E-03,3.798151126266));
#8908 = CARTESIAN_POINT('',(3.050430261439E-03,3.798070740633));
#8909 = CARTESIAN_POINT('',(3.177531524694E-03,3.797990355015));
#8910 = CARTESIAN_POINT('',(3.304632806175E-03,3.797909969413));
#8911 = CARTESIAN_POINT('',(3.431734106902E-03,3.797829583828));
#8912 = CARTESIAN_POINT('',(3.6771710319E-03,3.797674356593));
#8913 = CARTESIAN_POINT('',(3.795506653473E-03,3.797599514942));
#8914 = CARTESIAN_POINT('',(3.913842293424E-03,3.797524673306));
#8915 = CARTESIAN_POINT('',(4.032177952568E-03,3.797449831688));
#8916 = CARTESIAN_POINT('',(4.150513631723E-03,3.797374990087));
#8917 = CARTESIAN_POINT('',(4.26884933171E-03,3.797300148504));
#8918 = CARTESIAN_POINT('',(4.514286238636E-03,3.797144921648));
#8919 = CARTESIAN_POINT('',(4.641387448896E-03,3.797064536378));
#8920 = CARTESIAN_POINT('',(4.768488685147E-03,3.796984151131));
#8921 = CARTESIAN_POINT('',(4.895589948405E-03,3.796903765907));
#8922 = CARTESIAN_POINT('',(5.02269123968E-03,3.796823380708));
#8923 = CARTESIAN_POINT('',(5.149792559984E-03,3.796742995534));
#8924 = CARTESIAN_POINT('',(5.399612284781E-03,3.796584997248));
#8925 = CARTESIAN_POINT('',(5.522330687234E-03,3.796507384134));
#8926 = CARTESIAN_POINT('',(5.645049118605E-03,3.796429771046));
#8927 = CARTESIAN_POINT('',(5.76776757981E-03,3.796352157984));
#8928 = CARTESIAN_POINT('',(5.890486071763E-03,3.796274544948));
#8929 = CARTESIAN_POINT('',(6.013204595371E-03,3.79619693194));
#8930 = CARTESIAN_POINT('',(6.254258717391E-03,3.79604447799));
#8931 = CARTESIAN_POINT('',(6.372594313526E-03,3.795969637046));
#8932 = CARTESIAN_POINT('',(6.490929940759E-03,3.795894796129));
#8933 = CARTESIAN_POINT('',(6.609265599903E-03,3.795819955239));
#8934 = CARTESIAN_POINT('',(6.727601291777E-03,3.795745114379));
#8935 = CARTESIAN_POINT('',(6.845937017202E-03,3.795670273547));
#8936 = CARTESIAN_POINT('',(7.086991124585E-03,3.795517820201));
#8937 = CARTESIAN_POINT('',(7.209709509134E-03,3.795440207688));
#8938 = CARTESIAN_POINT('',(7.332427931557E-03,3.795362595208));
#8939 = CARTESIAN_POINT('',(7.455146392765E-03,3.795284982762));
#8940 = CARTESIAN_POINT('',(7.577864893668E-03,3.795207370351));
#8941 = CARTESIAN_POINT('',(7.70058343518E-03,3.795129757975));
#8942 = CARTESIAN_POINT('',(0.139845716139,3.711555676031));
#8943 = CARTESIAN_POINT('',(0.271935978951,3.62808879048));
#8944 = CARTESIAN_POINT('',(0.40537087926,3.54555124256));
#8945 = CARTESIAN_POINT('',(0.541145997491,3.46503571773));
#8946 = CARTESIAN_POINT('',(0.680299843614,3.387859240067));
#8947 = CARTESIAN_POINT('',(0.823987641,3.315602363273));
#8948 = CARTESIAN_POINT('',(1.053780294197,3.215192321797));
#8949 = CARTESIAN_POINT('',(1.135626336338,3.182118541614));
#8950 = CARTESIAN_POINT('',(1.219247296657,3.151371514934));
#8951 = CARTESIAN_POINT('',(1.304552085441,3.123357433276));
#8952 = CARTESIAN_POINT('',(1.391526082314,3.098393331545));
#8953 = CARTESIAN_POINT('',(1.480227388805,3.076698620951));
#8954 = CARTESIAN_POINT('',(1.570796326795,3.05838015129));
#8955 = ( GEOMETRIC_REPRESENTATION_CONTEXT(2) 
PARAMETRIC_REPRESENTATION_CONTEXT() REPRESENTATION_CONTEXT('2D SPACE',''
  ) );
#8956 = ORIENTED_EDGE('',*,*,#6910,.F.);
#8957 = ADVANCED_FACE('',(#8958),#5605,.T.);
#8958 = FACE_BOUND('',#8959,.T.);
#8959 = EDGE_LOOP('',(#8960,#8961,#8981,#8982));
#8960 = ORIENTED_EDGE('',*,*,#5589,.F.);
#8961 = ORIENTED_EDGE('',*,*,#8962,.T.);
#8962 = EDGE_CURVE('',#5562,#6939,#8963,.T.);
#8963 = SURFACE_CURVE('',#8964,(#8969,#8975),.PCURVE_S1.);
#8964 = CIRCLE('',#8965,0.5);
#8965 = AXIS2_PLACEMENT_3D('',#8966,#8967,#8968);
#8966 = CARTESIAN_POINT('',(39.5,23.,84.));
#8967 = DIRECTION('',(6.123233995737E-17,-1.,0.));
#8968 = DIRECTION('',(1.,6.123233995737E-17,0.));
#8969 = PCURVE('',#5605,#8970);
#8970 = DEFINITIONAL_REPRESENTATION('',(#8971),#8974);
#8971 = B_SPLINE_CURVE_WITH_KNOTS('',1,(#8972,#8973),.UNSPECIFIED.,.F.,
  .F.,(2,2),(0.,1.570796326795),.PIECEWISE_BEZIER_KNOTS.);
#8972 = CARTESIAN_POINT('',(0.,0.));
#8973 = CARTESIAN_POINT('',(1.570796326795,0.));
#8974 = ( GEOMETRIC_REPRESENTATION_CONTEXT(2) 
PARAMETRIC_REPRESENTATION_CONTEXT() REPRESENTATION_CONTEXT('2D SPACE',''
  ) );
#8975 = PCURVE('',#6982,#8976);
#8976 = DEFINITIONAL_REPRESENTATION('',(#8977),#8980);
#8977 = B_SPLINE_CURVE_WITH_KNOTS('',1,(#8978,#8979),.UNSPECIFIED.,.F.,
  .F.,(2,2),(0.,1.570796326795),.PIECEWISE_BEZIER_KNOTS.);
#8978 = CARTESIAN_POINT('',(-1.570796326795,0.));
#8979 = CARTESIAN_POINT('',(-1.570796326795,1.570796326795));
#8980 = ( GEOMETRIC_REPRESENTATION_CONTEXT(2) 
PARAMETRIC_REPRESENTATION_CONTEXT() REPRESENTATION_CONTEXT('2D SPACE',''
  ) );
#8981 = ORIENTED_EDGE('',*,*,#6938,.T.);
#8982 = ORIENTED_EDGE('',*,*,#8741,.F.);
#8983 = ADVANCED_FACE('',(#8984),#5577,.T.);
#8984 = FACE_BOUND('',#8985,.T.);
#8985 = EDGE_LOOP('',(#8986,#8987,#9009,#9010));
#8986 = ORIENTED_EDGE('',*,*,#5561,.F.);
#8987 = ORIENTED_EDGE('',*,*,#8988,.F.);
#8988 = EDGE_CURVE('',#7259,#5534,#8989,.T.);
#8989 = SURFACE_CURVE('',#8990,(#8995,#9002),.PCURVE_S1.);
#8990 = CIRCLE('',#8991,1.);
#8991 = AXIS2_PLACEMENT_3D('',#8992,#8993,#8994);
#8992 = CARTESIAN_POINT('',(39.,23.,80.));
#8993 = DIRECTION('',(0.,-0.,-1.));
#8994 = DIRECTION('',(0.,1.,-0.));
#8995 = PCURVE('',#5577,#8996);
#8996 = DEFINITIONAL_REPRESENTATION('',(#8997),#9001);
#8997 = LINE('',#8998,#8999);
#8998 = CARTESIAN_POINT('',(1.570796326795,0.5));
#8999 = VECTOR('',#9000,1.);
#9000 = DIRECTION('',(-1.,-0.));
#9001 = ( GEOMETRIC_REPRESENTATION_CONTEXT(2) 
PARAMETRIC_REPRESENTATION_CONTEXT() REPRESENTATION_CONTEXT('2D SPACE',''
  ) );
#9002 = PCURVE('',#7492,#9003);
#9003 = DEFINITIONAL_REPRESENTATION('',(#9004),#9008);
#9004 = LINE('',#9005,#9006);
#9005 = CARTESIAN_POINT('',(0.,0.));
#9006 = VECTOR('',#9007,1.);
#9007 = DIRECTION('',(1.,0.));
#9008 = ( GEOMETRIC_REPRESENTATION_CONTEXT(2) 
PARAMETRIC_REPRESENTATION_CONTEXT() REPRESENTATION_CONTEXT('2D SPACE',''
  ) );
#9009 = ORIENTED_EDGE('',*,*,#7258,.T.);
#9010 = ORIENTED_EDGE('',*,*,#9011,.T.);
#9011 = EDGE_CURVE('',#7236,#5562,#9012,.T.);
#9012 = SURFACE_CURVE('',#9013,(#9018,#9025),.PCURVE_S1.);
#9013 = CIRCLE('',#9014,1.);
#9014 = AXIS2_PLACEMENT_3D('',#9015,#9016,#9017);
#9015 = CARTESIAN_POINT('',(39.,23.,84.));
#9016 = DIRECTION('',(0.,-0.,-1.));
#9017 = DIRECTION('',(0.,1.,-0.));
#9018 = PCURVE('',#5577,#9019);
#9019 = DEFINITIONAL_REPRESENTATION('',(#9020),#9024);
#9020 = LINE('',#9021,#9022);
#9021 = CARTESIAN_POINT('',(1.570796326795,4.5));
#9022 = VECTOR('',#9023,1.);
#9023 = DIRECTION('',(-1.,-0.));
#9024 = ( GEOMETRIC_REPRESENTATION_CONTEXT(2) 
PARAMETRIC_REPRESENTATION_CONTEXT() REPRESENTATION_CONTEXT('2D SPACE',''
  ) );
#9025 = PCURVE('',#6982,#9026);
#9026 = DEFINITIONAL_REPRESENTATION('',(#9027),#9031);
#9027 = LINE('',#9028,#9029);
#9028 = CARTESIAN_POINT('',(-0.,0.));
#9029 = VECTOR('',#9030,1.);
#9030 = DIRECTION('',(-1.,0.));
#9031 = ( GEOMETRIC_REPRESENTATION_CONTEXT(2) 
PARAMETRIC_REPRESENTATION_CONTEXT() REPRESENTATION_CONTEXT('2D SPACE',''
  ) );
#9032 = ADVANCED_FACE('',(#9033),#5549,.T.);
#9033 = FACE_BOUND('',#9034,.F.);
#9034 = EDGE_LOOP('',(#9035,#9036,#9056,#9057));
#9035 = ORIENTED_EDGE('',*,*,#5533,.F.);
#9036 = ORIENTED_EDGE('',*,*,#9037,.T.);
#9037 = EDGE_CURVE('',#5534,#7449,#9038,.T.);
#9038 = SURFACE_CURVE('',#9039,(#9044,#9050),.PCURVE_S1.);
#9039 = CIRCLE('',#9040,0.5);
#9040 = AXIS2_PLACEMENT_3D('',#9041,#9042,#9043);
#9041 = CARTESIAN_POINT('',(39.5,23.,80.));
#9042 = DIRECTION('',(-6.123233995737E-17,1.,0.));
#9043 = DIRECTION('',(1.,6.123233995737E-17,0.));
#9044 = PCURVE('',#5549,#9045);
#9045 = DEFINITIONAL_REPRESENTATION('',(#9046),#9049);
#9046 = B_SPLINE_CURVE_WITH_KNOTS('',1,(#9047,#9048),.UNSPECIFIED.,.F.,
  .F.,(2,2),(0.,1.570796326795),.PIECEWISE_BEZIER_KNOTS.);
#9047 = CARTESIAN_POINT('',(0.,0.));
#9048 = CARTESIAN_POINT('',(-1.570796326795,0.));
#9049 = ( GEOMETRIC_REPRESENTATION_CONTEXT(2) 
PARAMETRIC_REPRESENTATION_CONTEXT() REPRESENTATION_CONTEXT('2D SPACE',''
  ) );
#9050 = PCURVE('',#7492,#9051);
#9051 = DEFINITIONAL_REPRESENTATION('',(#9052),#9055);
#9052 = B_SPLINE_CURVE_WITH_KNOTS('',1,(#9053,#9054),.UNSPECIFIED.,.F.,
  .F.,(2,2),(0.,1.570796326795),.PIECEWISE_BEZIER_KNOTS.);
#9053 = CARTESIAN_POINT('',(1.570796326795,0.));
#9054 = CARTESIAN_POINT('',(1.570796326795,1.570796326795));
#9055 = ( GEOMETRIC_REPRESENTATION_CONTEXT(2) 
PARAMETRIC_REPRESENTATION_CONTEXT() REPRESENTATION_CONTEXT('2D SPACE',''
  ) );
#9056 = ORIENTED_EDGE('',*,*,#7448,.T.);
#9057 = ORIENTED_EDGE('',*,*,#9058,.F.);
#9058 = EDGE_CURVE('',#5506,#7421,#9059,.T.);
#9059 = SURFACE_CURVE('',#9060,(#9129,#9201),.PCURVE_S1.);
#9060 = B_SPLINE_CURVE_WITH_KNOTS('',7,(#9061,#9062,#9063,#9064,#9065,
    #9066,#9067,#9068,#9069,#9070,#9071,#9072,#9073,#9074,#9075,#9076,
    #9077,#9078,#9079,#9080,#9081,#9082,#9083,#9084,#9085,#9086,#9087,
    #9088,#9089,#9090,#9091,#9092,#9093,#9094,#9095,#9096,#9097,#9098,
    #9099,#9100,#9101,#9102,#9103,#9104,#9105,#9106,#9107,#9108,#9109,
    #9110,#9111,#9112,#9113,#9114,#9115,#9116,#9117,#9118,#9119,#9120,
    #9121,#9122,#9123,#9124,#9125,#9126,#9127,#9128),.UNSPECIFIED.,.F.,
  .F.,(8,6,6,6,6,6,6,6,6,6,6,8),(0.,6.24593633866E-04,1.249187115183E-03
    ,1.873780298398E-03,2.498373033613E-03,3.079889873819E-03,
    3.704481321263E-03,4.307534293709E-03,4.889048752089E-03,
    5.492099711119E-03,0.654262982468,1.),.UNSPECIFIED.);
#9061 = CARTESIAN_POINT('',(40.,19.2,80.));
#9062 = CARTESIAN_POINT('',(40.,19.200080385923,79.99993644939));
#9063 = CARTESIAN_POINT('',(39.999999990576,19.200160771811,
    79.999872898755));
#9064 = CARTESIAN_POINT('',(39.999999971729,19.200241157689,
    79.999809348113));
#9065 = CARTESIAN_POINT('',(39.999999943458,19.200321543572,
    79.999745797479));
#9066 = CARTESIAN_POINT('',(39.999999905764,19.200401929463,
    79.999682246856));
#9067 = CARTESIAN_POINT('',(39.999999858646,19.200482315357,
    79.999618696243));
#9068 = CARTESIAN_POINT('',(39.999999745563,19.200643087101,
    79.999491595033));
#9069 = CARTESIAN_POINT('',(39.999999679598,19.200723472959,
    79.999428044441));
#9070 = CARTESIAN_POINT('',(39.999999604209,19.200803858812,
    79.999364493857));
#9071 = CARTESIAN_POINT('',(39.999999519397,19.200884244658,
    79.99930094328));
#9072 = CARTESIAN_POINT('',(39.999999425161,19.200964630498,
    79.999237392714));
#9073 = CARTESIAN_POINT('',(39.999999321501,19.201045016329,
    79.999173842157));
#9074 = CARTESIAN_POINT('',(39.999999095335,19.201205787936,
    79.999046741098));
#9075 = CARTESIAN_POINT('',(39.999998972829,19.201286173712,
    79.998983190596));
#9076 = CARTESIAN_POINT('',(39.999998840899,19.201366559478,
    79.998919640106));
#9077 = CARTESIAN_POINT('',(39.999998699545,19.201446945233,
    79.99885608963));
#9078 = CARTESIAN_POINT('',(39.999998548767,19.201527330977,
    79.99879253917));
#9079 = CARTESIAN_POINT('',(39.999998388566,19.201607716708,
    79.998728988726));
#9080 = CARTESIAN_POINT('',(39.999998049317,19.201768488087,
    79.998601887918));
#9081 = CARTESIAN_POINT('',(39.999997870269,19.201848873734,
    79.998538337555));
#9082 = CARTESIAN_POINT('',(39.999997681798,19.201929259367,
    79.99847478721));
#9083 = CARTESIAN_POINT('',(39.999997483903,19.202009644985,
    79.998411236885));
#9084 = CARTESIAN_POINT('',(39.999997276584,19.202090030587,
    79.998347686582));
#9085 = CARTESIAN_POINT('',(39.999997059842,19.202170416172,
    79.9982841363));
#9086 = CARTESIAN_POINT('',(39.999996623108,19.202325643407,
    79.998161418615));
#9087 = CARTESIAN_POINT('',(39.999996404371,19.202400485058,
    79.998102251208));
#9088 = CARTESIAN_POINT('',(39.999996177466,19.202475326694,
    79.998043083822));
#9089 = CARTESIAN_POINT('',(39.999995942392,19.202550168312,
    79.997983916458));
#9090 = CARTESIAN_POINT('',(39.99999569915,19.202625009913,
    79.997924749118));
#9091 = CARTESIAN_POINT('',(39.999995447739,19.202699851496,
    79.997865581802));
#9092 = CARTESIAN_POINT('',(39.999994909352,19.202855078352,
    79.997742864529));
#9093 = CARTESIAN_POINT('',(39.999994621121,19.202935463622,
    79.997679314577));
#9094 = CARTESIAN_POINT('',(39.999994323467,19.203015848869,
    79.997615764655));
#9095 = CARTESIAN_POINT('',(39.999994016389,19.203096234093,
    79.997552214764));
#9096 = CARTESIAN_POINT('',(39.999993699887,19.203176619292,
    79.997488664905));
#9097 = CARTESIAN_POINT('',(39.999993373962,19.203257004466,
    79.99742511508));
#9098 = CARTESIAN_POINT('',(39.999992714829,19.203415002752,
    79.997300206957));
#9099 = CARTESIAN_POINT('',(39.99999238226,19.203492615866,
    79.997238848656));
#9100 = CARTESIAN_POINT('',(39.999992040906,19.203570228954,
    79.997177490389));
#9101 = CARTESIAN_POINT('',(39.999991690767,19.203647842016,
    79.997116132156));
#9102 = CARTESIAN_POINT('',(39.999991331843,19.203725455052,
    79.997054773959));
#9103 = CARTESIAN_POINT('',(39.999990964135,19.20380306806,
    79.996993415798));
#9104 = CARTESIAN_POINT('',(39.999990224595,19.20395552201,
    79.996872891006));
#9105 = CARTESIAN_POINT('',(39.999989853379,19.204030362954,
    79.996813724372));
#9106 = CARTESIAN_POINT('',(39.999989473996,19.204105203871,
    79.996754557774));
#9107 = CARTESIAN_POINT('',(39.999989086443,19.204180044761,
    79.996695391213));
#9108 = CARTESIAN_POINT('',(39.999988690722,19.204254885621,
    79.996636224689));
#9109 = CARTESIAN_POINT('',(39.999988286833,19.204329726453,
    79.996577058204));
#9110 = CARTESIAN_POINT('',(39.999987447457,19.204482179799,
    79.996456534074));
#9111 = CARTESIAN_POINT('',(39.999987011353,19.204559792312,
    79.99639517643));
#9112 = CARTESIAN_POINT('',(39.999986566465,19.204637404792,
    79.996333818831));
#9113 = CARTESIAN_POINT('',(39.999986112792,19.204715017238,
    79.996272461277));
#9114 = CARTESIAN_POINT('',(39.999985650334,19.204792629649,
    79.996211103768));
#9115 = CARTESIAN_POINT('',(39.999985179092,19.204870242025,
    79.996149746306));
#9116 = CARTESIAN_POINT('',(39.999468278723,19.288444323969,
    79.930079201898));
#9117 = CARTESIAN_POINT('',(39.988784297156,19.37191120952,
    79.864115614621));
#9118 = CARTESIAN_POINT('',(39.967924701617,19.45444875744,
    79.799438626986));
#9119 = CARTESIAN_POINT('',(39.936722489144,19.53496428227,
    79.737440482283));
#9120 = CARTESIAN_POINT('',(39.895086171485,19.612140759934,
    79.679813584497));
#9121 = CARTESIAN_POINT('',(39.84303389296,19.684397636726,
    79.628589571219));
#9122 = CARTESIAN_POINT('',(39.748005373175,19.784807678203,
    79.564008255862));
#9123 = CARTESIAN_POINT('',(39.712066321354,19.817881458386,
    79.544085093771));
#9124 = CARTESIAN_POINT('',(39.673459995309,19.848628485066,
    79.527248163026));
#9125 = CARTESIAN_POINT('',(39.63251564131,19.876642566724,
    79.513999460385));
#9126 = CARTESIAN_POINT('',(39.589635034196,19.901606668455,
    79.5047849666));
#9127 = CARTESIAN_POINT('',(39.545284468995,19.923301379049,79.5));
#9128 = CARTESIAN_POINT('',(39.5,19.94161984871,79.5));
#9129 = PCURVE('',#5549,#9130);
#9130 = DEFINITIONAL_REPRESENTATION('',(#9131),#9200);
#9131 = B_SPLINE_CURVE_WITH_KNOTS('',7,(#9132,#9133,#9134,#9135,#9136,
    #9137,#9138,#9139,#9140,#9141,#9142,#9143,#9144,#9145,#9146,#9147,
    #9148,#9149,#9150,#9151,#9152,#9153,#9154,#9155,#9156,#9157,#9158,
    #9159,#9160,#9161,#9162,#9163,#9164,#9165,#9166,#9167,#9168,#9169,
    #9170,#9171,#9172,#9173,#9174,#9175,#9176,#9177,#9178,#9179,#9180,
    #9181,#9182,#9183,#9184,#9185,#9186,#9187,#9188,#9189,#9190,#9191,
    #9192,#9193,#9194,#9195,#9196,#9197,#9198,#9199),.UNSPECIFIED.,.F.,
  .F.,(8,6,6,6,6,6,6,6,6,6,6,8),(0.,6.24593633866E-04,1.249187115183E-03
    ,1.873780298398E-03,2.498373033613E-03,3.079889873819E-03,
    3.704481321263E-03,4.307534293709E-03,4.889048752089E-03,
    5.492099711119E-03,0.654262982468,1.),.UNSPECIFIED.);
#9132 = CARTESIAN_POINT('',(0.,3.8));
#9133 = CARTESIAN_POINT('',(-1.27101219775E-04,3.799919614077));
#9134 = CARTESIAN_POINT('',(-2.542024909492E-04,3.799839228189));
#9135 = CARTESIAN_POINT('',(-3.813037769462E-04,3.799758842311));
#9136 = CARTESIAN_POINT('',(-5.084050560276E-04,3.799678456428));
#9137 = CARTESIAN_POINT('',(-6.355063212938E-04,3.799598070537));
#9138 = CARTESIAN_POINT('',(-7.626075806834E-04,3.799517684643));
#9139 = CARTESIAN_POINT('',(-1.016810102217E-03,3.799356912899));
#9140 = CARTESIAN_POINT('',(-1.143911352368E-03,3.799276527041));
#9141 = CARTESIAN_POINT('',(-1.271012608517E-03,3.799196141188));
#9142 = CARTESIAN_POINT('',(-1.398113871726E-03,3.799115755342));
#9143 = CARTESIAN_POINT('',(-1.525215143032E-03,3.799035369502));
#9144 = CARTESIAN_POINT('',(-1.652316423445E-03,3.798954983671));
#9145 = CARTESIAN_POINT('',(-1.906518943808E-03,3.798794212064));
#9146 = CARTESIAN_POINT('',(-2.033620183786E-03,3.798713826288));
#9147 = CARTESIAN_POINT('',(-2.160721434893E-03,3.798633440522));
#9148 = CARTESIAN_POINT('',(-2.287822698143E-03,3.798553054767));
#9149 = CARTESIAN_POINT('',(-2.414923974551E-03,3.798472669023));
#9150 = CARTESIAN_POINT('',(-2.542025265137E-03,3.798392283292));
#9151 = CARTESIAN_POINT('',(-2.79622778556E-03,3.798231511913));
#9152 = CARTESIAN_POINT('',(-2.923329015398E-03,3.798151126266));
#9153 = CARTESIAN_POINT('',(-3.050430261439E-03,3.798070740633));
#9154 = CARTESIAN_POINT('',(-3.177531524694E-03,3.797990355015));
#9155 = CARTESIAN_POINT('',(-3.304632806176E-03,3.797909969413));
#9156 = CARTESIAN_POINT('',(-3.431734106902E-03,3.797829583828));
#9157 = CARTESIAN_POINT('',(-3.6771710319E-03,3.797674356593));
#9158 = CARTESIAN_POINT('',(-3.795506653472E-03,3.797599514942));
#9159 = CARTESIAN_POINT('',(-3.913842293424E-03,3.797524673306));
#9160 = CARTESIAN_POINT('',(-4.032177952568E-03,3.797449831688));
#9161 = CARTESIAN_POINT('',(-4.150513631723E-03,3.797374990087));
#9162 = CARTESIAN_POINT('',(-4.26884933171E-03,3.797300148504));
#9163 = CARTESIAN_POINT('',(-4.514286238636E-03,3.797144921648));
#9164 = CARTESIAN_POINT('',(-4.641387448896E-03,3.797064536378));
#9165 = CARTESIAN_POINT('',(-4.768488685147E-03,3.796984151131));
#9166 = CARTESIAN_POINT('',(-4.895589948404E-03,3.796903765907));
#9167 = CARTESIAN_POINT('',(-5.02269123968E-03,3.796823380708));
#9168 = CARTESIAN_POINT('',(-5.149792559985E-03,3.796742995534));
#9169 = CARTESIAN_POINT('',(-5.399612284781E-03,3.796584997248));
#9170 = CARTESIAN_POINT('',(-5.522330687234E-03,3.796507384134));
#9171 = CARTESIAN_POINT('',(-5.645049118605E-03,3.796429771046));
#9172 = CARTESIAN_POINT('',(-5.767767579811E-03,3.796352157984));
#9173 = CARTESIAN_POINT('',(-5.890486071763E-03,3.796274544948));
#9174 = CARTESIAN_POINT('',(-6.013204595371E-03,3.79619693194));
#9175 = CARTESIAN_POINT('',(-6.254258717391E-03,3.79604447799));
#9176 = CARTESIAN_POINT('',(-6.372594313526E-03,3.795969637046));
#9177 = CARTESIAN_POINT('',(-6.490929940759E-03,3.795894796129));
#9178 = CARTESIAN_POINT('',(-6.609265599904E-03,3.795819955239));
#9179 = CARTESIAN_POINT('',(-6.727601291777E-03,3.795745114379));
#9180 = CARTESIAN_POINT('',(-6.845937017201E-03,3.795670273547));
#9181 = CARTESIAN_POINT('',(-7.086991124584E-03,3.795517820201));
#9182 = CARTESIAN_POINT('',(-7.209709509134E-03,3.795440207688));
#9183 = CARTESIAN_POINT('',(-7.332427931558E-03,3.795362595208));
#9184 = CARTESIAN_POINT('',(-7.455146392765E-03,3.795284982762));
#9185 = CARTESIAN_POINT('',(-7.577864893668E-03,3.795207370351));
#9186 = CARTESIAN_POINT('',(-7.70058343518E-03,3.795129757975));
#9187 = CARTESIAN_POINT('',(-0.13984571614,3.711555676031));
#9188 = CARTESIAN_POINT('',(-0.271935978951,3.62808879048));
#9189 = CARTESIAN_POINT('',(-0.40537087926,3.54555124256));
#9190 = CARTESIAN_POINT('',(-0.541145997491,3.46503571773));
#9191 = CARTESIAN_POINT('',(-0.680299843615,3.387859240066));
#9192 = CARTESIAN_POINT('',(-0.823987641,3.315602363274));
#9193 = CARTESIAN_POINT('',(-1.053780294197,3.215192321797));
#9194 = CARTESIAN_POINT('',(-1.135626336338,3.182118541614));
#9195 = CARTESIAN_POINT('',(-1.219247296657,3.151371514934));
#9196 = CARTESIAN_POINT('',(-1.304552085441,3.123357433276));
#9197 = CARTESIAN_POINT('',(-1.391526082315,3.098393331545));
#9198 = CARTESIAN_POINT('',(-1.480227388805,3.076698620951));
#9199 = CARTESIAN_POINT('',(-1.570796326795,3.05838015129));
#9200 = ( GEOMETRIC_REPRESENTATION_CONTEXT(2) 
PARAMETRIC_REPRESENTATION_CONTEXT() REPRESENTATION_CONTEXT('2D SPACE',''
  ) );
#9201 = PCURVE('',#5521,#9202);
#9202 = DEFINITIONAL_REPRESENTATION('',(#9203),#9272);
#9203 = B_SPLINE_CURVE_WITH_KNOTS('',7,(#9204,#9205,#9206,#9207,#9208,
    #9209,#9210,#9211,#9212,#9213,#9214,#9215,#9216,#9217,#9218,#9219,
    #9220,#9221,#9222,#9223,#9224,#9225,#9226,#9227,#9228,#9229,#9230,
    #9231,#9232,#9233,#9234,#9235,#9236,#9237,#9238,#9239,#9240,#9241,
    #9242,#9243,#9244,#9245,#9246,#9247,#9248,#9249,#9250,#9251,#9252,
    #9253,#9254,#9255,#9256,#9257,#9258,#9259,#9260,#9261,#9262,#9263,
    #9264,#9265,#9266,#9267,#9268,#9269,#9270,#9271),.UNSPECIFIED.,.F.,
  .F.,(8,6,6,6,6,6,6,6,6,6,6,8),(0.,6.24593633866E-04,1.249187115183E-03
    ,1.873780298398E-03,2.498373033613E-03,3.079889873819E-03,
    3.704481321263E-03,4.307534293709E-03,4.889048752089E-03,
    5.492099711119E-03,0.654262982468,1.),.UNSPECIFIED.);
#9204 = CARTESIAN_POINT('',(1.570796326795,29.));
#9205 = CARTESIAN_POINT('',(1.570695844392,29.00006355061));
#9206 = CARTESIAN_POINT('',(1.570595362031,29.000127101245));
#9207 = CARTESIAN_POINT('',(1.570494879681,29.000190651887));
#9208 = CARTESIAN_POINT('',(1.570394397323,29.000254202521));
#9209 = CARTESIAN_POINT('',(1.57029391495,29.000317753144));
#9210 = CARTESIAN_POINT('',(1.570193432565,29.000381303757));
#9211 = CARTESIAN_POINT('',(1.569992467835,29.000508404967));
#9212 = CARTESIAN_POINT('',(1.56989198548,29.000571955559));
#9213 = CARTESIAN_POINT('',(1.569791503121,29.000635506143));
#9214 = CARTESIAN_POINT('',(1.569691020758,29.00069905672));
#9215 = CARTESIAN_POINT('',(1.569590538391,29.000762607286));
#9216 = CARTESIAN_POINT('',(1.569490056019,29.000826157843));
#9217 = CARTESIAN_POINT('',(1.569289091311,29.000953258902));
#9218 = CARTESIAN_POINT('',(1.569188608976,29.001016809404));
#9219 = CARTESIAN_POINT('',(1.569088126634,29.001080359894));
#9220 = CARTESIAN_POINT('',(1.568987644286,29.00114391037));
#9221 = CARTESIAN_POINT('',(1.568887161931,29.00120746083));
#9222 = CARTESIAN_POINT('',(1.568786679568,29.001271011274));
#9223 = CARTESIAN_POINT('',(1.568585714897,29.001398112082));
#9224 = CARTESIAN_POINT('',(1.568485232589,29.001461662445));
#9225 = CARTESIAN_POINT('',(1.568384750273,29.00152521279));
#9226 = CARTESIAN_POINT('',(1.568284267947,29.001588763115));
#9227 = CARTESIAN_POINT('',(1.568183785611,29.001652313418));
#9228 = CARTESIAN_POINT('',(1.568083303265,29.0017158637));
#9229 = CARTESIAN_POINT('',(1.567889268454,29.001838581385));
#9230 = CARTESIAN_POINT('',(1.567795715991,29.001897748792));
#9231 = CARTESIAN_POINT('',(1.567702163518,29.001956916178));
#9232 = CARTESIAN_POINT('',(1.567608611034,29.002016083542));
#9233 = CARTESIAN_POINT('',(1.567515058539,29.002075250882));
#9234 = CARTESIAN_POINT('',(1.567421506033,29.002134418198));
#9235 = CARTESIAN_POINT('',(1.567227471297,29.002257135471));
#9236 = CARTESIAN_POINT('',(1.567126989064,29.002320685423));
#9237 = CARTESIAN_POINT('',(1.567026506817,29.002384235345));
#9238 = CARTESIAN_POINT('',(1.566926024556,29.002447785236));
#9239 = CARTESIAN_POINT('',(1.566825542279,29.002511335095));
#9240 = CARTESIAN_POINT('',(1.566725059986,29.00257488492));
#9241 = CARTESIAN_POINT('',(1.56652756041,29.002699793043));
#9242 = CARTESIAN_POINT('',(1.566430543128,29.002761151344));
#9243 = CARTESIAN_POINT('',(1.56633352583,29.002822509611));
#9244 = CARTESIAN_POINT('',(1.566236508516,29.002883867844));
#9245 = CARTESIAN_POINT('',(1.566139491185,29.002945226041));
#9246 = CARTESIAN_POINT('',(1.566042473837,29.003006584202));
#9247 = CARTESIAN_POINT('',(1.565851904157,29.003127108994));
#9248 = CARTESIAN_POINT('',(1.565758351827,29.003186275628));
#9249 = CARTESIAN_POINT('',(1.565664799479,29.003245442226));
#9250 = CARTESIAN_POINT('',(1.565571247115,29.003304608787));
#9251 = CARTESIAN_POINT('',(1.565477694732,29.003363775311));
#9252 = CARTESIAN_POINT('',(1.565384142331,29.003422941796));
#9253 = CARTESIAN_POINT('',(1.565193572759,29.003543465926));
#9254 = CARTESIAN_POINT('',(1.565096555588,29.00360482357));
#9255 = CARTESIAN_POINT('',(1.564999538395,29.003666181169));
#9256 = CARTESIAN_POINT('',(1.564902521182,29.003727538723));
#9257 = CARTESIAN_POINT('',(1.564805503946,29.003788896232));
#9258 = CARTESIAN_POINT('',(1.564708486689,29.003850253694));
#9259 = CARTESIAN_POINT('',(1.460238886155,29.069920798102));
#9260 = CARTESIAN_POINT('',(1.355824087977,29.135884385379));
#9261 = CARTESIAN_POINT('',(1.250638859927,29.200561373014));
#9262 = CARTESIAN_POINT('',(1.14416873538,29.262559517717));
#9263 = CARTESIAN_POINT('',(1.035984625851,29.320186415503));
#9264 = CARTESIAN_POINT('',(0.925660319477,29.371410428781));
#9265 = CARTESIAN_POINT('',(0.752849928433,29.435991744138));
#9266 = CARTESIAN_POINT('',(0.691943601951,29.455914906229));
#9267 = CARTESIAN_POINT('',(0.630503087408,29.472751836974));
#9268 = CARTESIAN_POINT('',(0.568783657209,29.486000539615));
#9269 = CARTESIAN_POINT('',(0.507020215078,29.4952150334));
#9270 = CARTESIAN_POINT('',(0.445458340032,29.5));
#9271 = CARTESIAN_POINT('',(0.384396774496,29.5));
#9272 = ( GEOMETRIC_REPRESENTATION_CONTEXT(2) 
PARAMETRIC_REPRESENTATION_CONTEXT() REPRESENTATION_CONTEXT('2D SPACE',''
  ) );
#9273 = ADVANCED_FACE('',(#9274),#5521,.T.);
#9274 = FACE_BOUND('',#9275,.T.);
#9275 = EDGE_LOOP('',(#9276,#9277,#9278,#9279,#9280));
#9276 = ORIENTED_EDGE('',*,*,#6635,.F.);
#9277 = ORIENTED_EDGE('',*,*,#7420,.T.);
#9278 = ORIENTED_EDGE('',*,*,#9058,.F.);
#9279 = ORIENTED_EDGE('',*,*,#5505,.F.);
#9280 = ORIENTED_EDGE('',*,*,#8524,.F.);
#9281 = ADVANCED_FACE('',(#9282),#6017,.T.);
#9282 = FACE_BOUND('',#9283,.T.);
#9283 = EDGE_LOOP('',(#9284,#9285,#9308,#9330));
#9284 = ORIENTED_EDGE('',*,*,#6000,.T.);
#9285 = ORIENTED_EDGE('',*,*,#9286,.T.);
#9286 = EDGE_CURVE('',#6001,#9287,#9289,.T.);
#9287 = VERTEX_POINT('',#9288);
#9288 = CARTESIAN_POINT('',(43.3,10.,70.25));
#9289 = SEAM_CURVE('',#9290,(#9294,#9301),.PCURVE_S1.);
#9290 = LINE('',#9291,#9292);
#9291 = CARTESIAN_POINT('',(39.5,10.,70.25));
#9292 = VECTOR('',#9293,1.);
#9293 = DIRECTION('',(1.,0.,2.22044604925E-16));
#9294 = PCURVE('',#6017,#9295);
#9295 = DEFINITIONAL_REPRESENTATION('',(#9296),#9300);
#9296 = LINE('',#9297,#9298);
#9297 = CARTESIAN_POINT('',(0.,-0.));
#9298 = VECTOR('',#9299,1.);
#9299 = DIRECTION('',(0.,1.));
#9300 = ( GEOMETRIC_REPRESENTATION_CONTEXT(2) 
PARAMETRIC_REPRESENTATION_CONTEXT() REPRESENTATION_CONTEXT('2D SPACE',''
  ) );
#9301 = PCURVE('',#6017,#9302);
#9302 = DEFINITIONAL_REPRESENTATION('',(#9303),#9307);
#9303 = LINE('',#9304,#9305);
#9304 = CARTESIAN_POINT('',(6.28318530718,-0.));
#9305 = VECTOR('',#9306,1.);
#9306 = DIRECTION('',(0.,1.));
#9307 = ( GEOMETRIC_REPRESENTATION_CONTEXT(2) 
PARAMETRIC_REPRESENTATION_CONTEXT() REPRESENTATION_CONTEXT('2D SPACE',''
  ) );
#9308 = ORIENTED_EDGE('',*,*,#9309,.F.);
#9309 = EDGE_CURVE('',#9287,#9287,#9310,.T.);
#9310 = SURFACE_CURVE('',#9311,(#9316,#9323),.PCURVE_S1.);
#9311 = CIRCLE('',#9312,3.25);
#9312 = AXIS2_PLACEMENT_3D('',#9313,#9314,#9315);
#9313 = CARTESIAN_POINT('',(43.3,10.,73.5));
#9314 = DIRECTION('',(1.,-0.,2.22044604925E-16));
#9315 = DIRECTION('',(2.22044604925E-16,0.,-1.));
#9316 = PCURVE('',#6017,#9317);
#9317 = DEFINITIONAL_REPRESENTATION('',(#9318),#9322);
#9318 = LINE('',#9319,#9320);
#9319 = CARTESIAN_POINT('',(0.,3.8));
#9320 = VECTOR('',#9321,1.);
#9321 = DIRECTION('',(1.,0.));
#9322 = ( GEOMETRIC_REPRESENTATION_CONTEXT(2) 
PARAMETRIC_REPRESENTATION_CONTEXT() REPRESENTATION_CONTEXT('2D SPACE',''
  ) );
#9323 = PCURVE('',#8311,#9324);
#9324 = DEFINITIONAL_REPRESENTATION('',(#9325),#9329);
#9325 = LINE('',#9326,#9327);
#9326 = CARTESIAN_POINT('',(0.,0.));
#9327 = VECTOR('',#9328,1.);
#9328 = DIRECTION('',(1.,0.));
#9329 = ( GEOMETRIC_REPRESENTATION_CONTEXT(2) 
PARAMETRIC_REPRESENTATION_CONTEXT() REPRESENTATION_CONTEXT('2D SPACE',''
  ) );
#9330 = ORIENTED_EDGE('',*,*,#9286,.F.);
#9331 = ADVANCED_FACE('',(#9332),#6048,.T.);
#9332 = FACE_BOUND('',#9333,.T.);
#9333 = EDGE_LOOP('',(#9334,#9335,#9358,#9385));
#9334 = ORIENTED_EDGE('',*,*,#6031,.T.);
#9335 = ORIENTED_EDGE('',*,*,#9336,.T.);
#9336 = EDGE_CURVE('',#6032,#9337,#9339,.T.);
#9337 = VERTEX_POINT('',#9338);
#9338 = CARTESIAN_POINT('',(63.3,10.,109.75));
#9339 = SEAM_CURVE('',#9340,(#9344,#9351),.PCURVE_S1.);
#9340 = LINE('',#9341,#9342);
#9341 = CARTESIAN_POINT('',(39.5,10.,109.75));
#9342 = VECTOR('',#9343,1.);
#9343 = DIRECTION('',(1.,0.,2.22044604925E-16));
#9344 = PCURVE('',#6048,#9345);
#9345 = DEFINITIONAL_REPRESENTATION('',(#9346),#9350);
#9346 = LINE('',#9347,#9348);
#9347 = CARTESIAN_POINT('',(0.,-0.));
#9348 = VECTOR('',#9349,1.);
#9349 = DIRECTION('',(0.,1.));
#9350 = ( GEOMETRIC_REPRESENTATION_CONTEXT(2) 
PARAMETRIC_REPRESENTATION_CONTEXT() REPRESENTATION_CONTEXT('2D SPACE',''
  ) );
#9351 = PCURVE('',#6048,#9352);
#9352 = DEFINITIONAL_REPRESENTATION('',(#9353),#9357);
#9353 = LINE('',#9354,#9355);
#9354 = CARTESIAN_POINT('',(6.28318530718,-0.));
#9355 = VECTOR('',#9356,1.);
#9356 = DIRECTION('',(0.,1.));
#9357 = ( GEOMETRIC_REPRESENTATION_CONTEXT(2) 
PARAMETRIC_REPRESENTATION_CONTEXT() REPRESENTATION_CONTEXT('2D SPACE',''
  ) );
#9358 = ORIENTED_EDGE('',*,*,#9359,.F.);
#9359 = EDGE_CURVE('',#9337,#9337,#9360,.T.);
#9360 = SURFACE_CURVE('',#9361,(#9366,#9373),.PCURVE_S1.);
#9361 = CIRCLE('',#9362,3.25);
#9362 = AXIS2_PLACEMENT_3D('',#9363,#9364,#9365);
#9363 = CARTESIAN_POINT('',(63.3,10.,113.));
#9364 = DIRECTION('',(1.,-0.,2.22044604925E-16));
#9365 = DIRECTION('',(2.22044604925E-16,0.,-1.));
#9366 = PCURVE('',#6048,#9367);
#9367 = DEFINITIONAL_REPRESENTATION('',(#9368),#9372);
#9368 = LINE('',#9369,#9370);
#9369 = CARTESIAN_POINT('',(0.,23.8));
#9370 = VECTOR('',#9371,1.);
#9371 = DIRECTION('',(1.,0.));
#9372 = ( GEOMETRIC_REPRESENTATION_CONTEXT(2) 
PARAMETRIC_REPRESENTATION_CONTEXT() REPRESENTATION_CONTEXT('2D SPACE',''
  ) );
#9373 = PCURVE('',#9374,#9379);
#9374 = TOROIDAL_SURFACE('',#9375,2.85,0.4);
#9375 = AXIS2_PLACEMENT_3D('',#9376,#9377,#9378);
#9376 = CARTESIAN_POINT('',(63.3,10.,113.));
#9377 = DIRECTION('',(1.,-0.,2.22044604925E-16));
#9378 = DIRECTION('',(2.22044604925E-16,0.,-1.));
#9379 = DEFINITIONAL_REPRESENTATION('',(#9380),#9384);
#9380 = LINE('',#9381,#9382);
#9381 = CARTESIAN_POINT('',(0.,0.));
#9382 = VECTOR('',#9383,1.);
#9383 = DIRECTION('',(1.,0.));
#9384 = ( GEOMETRIC_REPRESENTATION_CONTEXT(2) 
PARAMETRIC_REPRESENTATION_CONTEXT() REPRESENTATION_CONTEXT('2D SPACE',''
  ) );
#9385 = ORIENTED_EDGE('',*,*,#9336,.F.);
#9386 = ADVANCED_FACE('',(#9387),#6079,.F.);
#9387 = FACE_BOUND('',#9388,.F.);
#9388 = EDGE_LOOP('',(#9389,#9410,#9411,#9412));
#9389 = ORIENTED_EDGE('',*,*,#9390,.T.);
#9390 = EDGE_CURVE('',#8338,#6063,#9391,.T.);
#9391 = SEAM_CURVE('',#9392,(#9396,#9403),.PCURVE_S1.);
#9392 = LINE('',#9393,#9394);
#9393 = CARTESIAN_POINT('',(32.,-2.816687638039E-16,90.85));
#9394 = VECTOR('',#9395,1.);
#9395 = DIRECTION('',(1.,0.,2.22044604925E-16));
#9396 = PCURVE('',#6079,#9397);
#9397 = DEFINITIONAL_REPRESENTATION('',(#9398),#9402);
#9398 = LINE('',#9399,#9400);
#9399 = CARTESIAN_POINT('',(6.28318530718,-0.));
#9400 = VECTOR('',#9401,1.);
#9401 = DIRECTION('',(0.,1.));
#9402 = ( GEOMETRIC_REPRESENTATION_CONTEXT(2) 
PARAMETRIC_REPRESENTATION_CONTEXT() REPRESENTATION_CONTEXT('2D SPACE',''
  ) );
#9403 = PCURVE('',#6079,#9404);
#9404 = DEFINITIONAL_REPRESENTATION('',(#9405),#9409);
#9405 = LINE('',#9406,#9407);
#9406 = CARTESIAN_POINT('',(0.,-0.));
#9407 = VECTOR('',#9408,1.);
#9408 = DIRECTION('',(0.,1.));
#9409 = ( GEOMETRIC_REPRESENTATION_CONTEXT(2) 
PARAMETRIC_REPRESENTATION_CONTEXT() REPRESENTATION_CONTEXT('2D SPACE',''
  ) );
#9410 = ORIENTED_EDGE('',*,*,#6062,.F.);
#9411 = ORIENTED_EDGE('',*,*,#9390,.F.);
#9412 = ORIENTED_EDGE('',*,*,#8337,.T.);
#9413 = ADVANCED_FACE('',(#9414),#6110,.T.);
#9414 = FACE_BOUND('',#9415,.T.);
#9415 = EDGE_LOOP('',(#9416,#9417,#9440,#9462));
#9416 = ORIENTED_EDGE('',*,*,#6093,.T.);
#9417 = ORIENTED_EDGE('',*,*,#9418,.T.);
#9418 = EDGE_CURVE('',#6094,#9419,#9421,.T.);
#9419 = VERTEX_POINT('',#9420);
#9420 = CARTESIAN_POINT('',(43.3,-10.,70.25));
#9421 = SEAM_CURVE('',#9422,(#9426,#9433),.PCURVE_S1.);
#9422 = LINE('',#9423,#9424);
#9423 = CARTESIAN_POINT('',(39.5,-10.,70.25));
#9424 = VECTOR('',#9425,1.);
#9425 = DIRECTION('',(1.,0.,2.22044604925E-16));
#9426 = PCURVE('',#6110,#9427);
#9427 = DEFINITIONAL_REPRESENTATION('',(#9428),#9432);
#9428 = LINE('',#9429,#9430);
#9429 = CARTESIAN_POINT('',(0.,-0.));
#9430 = VECTOR('',#9431,1.);
#9431 = DIRECTION('',(0.,1.));
#9432 = ( GEOMETRIC_REPRESENTATION_CONTEXT(2) 
PARAMETRIC_REPRESENTATION_CONTEXT() REPRESENTATION_CONTEXT('2D SPACE',''
  ) );
#9433 = PCURVE('',#6110,#9434);
#9434 = DEFINITIONAL_REPRESENTATION('',(#9435),#9439);
#9435 = LINE('',#9436,#9437);
#9436 = CARTESIAN_POINT('',(6.28318530718,-0.));
#9437 = VECTOR('',#9438,1.);
#9438 = DIRECTION('',(0.,1.));
#9439 = ( GEOMETRIC_REPRESENTATION_CONTEXT(2) 
PARAMETRIC_REPRESENTATION_CONTEXT() REPRESENTATION_CONTEXT('2D SPACE',''
  ) );
#9440 = ORIENTED_EDGE('',*,*,#9441,.F.);
#9441 = EDGE_CURVE('',#9419,#9419,#9442,.T.);
#9442 = SURFACE_CURVE('',#9443,(#9448,#9455),.PCURVE_S1.);
#9443 = CIRCLE('',#9444,3.25);
#9444 = AXIS2_PLACEMENT_3D('',#9445,#9446,#9447);
#9445 = CARTESIAN_POINT('',(43.3,-10.,73.5));
#9446 = DIRECTION('',(1.,-0.,2.22044604925E-16));
#9447 = DIRECTION('',(2.22044604925E-16,0.,-1.));
#9448 = PCURVE('',#6110,#9449);
#9449 = DEFINITIONAL_REPRESENTATION('',(#9450),#9454);
#9450 = LINE('',#9451,#9452);
#9451 = CARTESIAN_POINT('',(0.,3.8));
#9452 = VECTOR('',#9453,1.);
#9453 = DIRECTION('',(1.,0.));
#9454 = ( GEOMETRIC_REPRESENTATION_CONTEXT(2) 
PARAMETRIC_REPRESENTATION_CONTEXT() REPRESENTATION_CONTEXT('2D SPACE',''
  ) );
#9455 = PCURVE('',#8412,#9456);
#9456 = DEFINITIONAL_REPRESENTATION('',(#9457),#9461);
#9457 = LINE('',#9458,#9459);
#9458 = CARTESIAN_POINT('',(0.,0.));
#9459 = VECTOR('',#9460,1.);
#9460 = DIRECTION('',(1.,0.));
#9461 = ( GEOMETRIC_REPRESENTATION_CONTEXT(2) 
PARAMETRIC_REPRESENTATION_CONTEXT() REPRESENTATION_CONTEXT('2D SPACE',''
  ) );
#9462 = ORIENTED_EDGE('',*,*,#9418,.F.);
#9463 = ADVANCED_FACE('',(#9464),#6147,.F.);
#9464 = FACE_BOUND('',#9465,.F.);
#9465 = EDGE_LOOP('',(#9466,#9487,#9488,#9489));
#9466 = ORIENTED_EDGE('',*,*,#9467,.T.);
#9467 = EDGE_CURVE('',#8369,#6131,#9468,.T.);
#9468 = SEAM_CURVE('',#9469,(#9473,#9480),.PCURVE_S1.);
#9469 = LINE('',#9470,#9471);
#9470 = CARTESIAN_POINT('',(32.,-2.816687638039E-16,118.85));
#9471 = VECTOR('',#9472,1.);
#9472 = DIRECTION('',(1.,0.,2.22044604925E-16));
#9473 = PCURVE('',#6147,#9474);
#9474 = DEFINITIONAL_REPRESENTATION('',(#9475),#9479);
#9475 = LINE('',#9476,#9477);
#9476 = CARTESIAN_POINT('',(6.28318530718,-0.));
#9477 = VECTOR('',#9478,1.);
#9478 = DIRECTION('',(0.,1.));
#9479 = ( GEOMETRIC_REPRESENTATION_CONTEXT(2) 
PARAMETRIC_REPRESENTATION_CONTEXT() REPRESENTATION_CONTEXT('2D SPACE',''
  ) );
#9480 = PCURVE('',#6147,#9481);
#9481 = DEFINITIONAL_REPRESENTATION('',(#9482),#9486);
#9482 = LINE('',#9483,#9484);
#9483 = CARTESIAN_POINT('',(0.,-0.));
#9484 = VECTOR('',#9485,1.);
#9485 = DIRECTION('',(0.,1.));
#9486 = ( GEOMETRIC_REPRESENTATION_CONTEXT(2) 
PARAMETRIC_REPRESENTATION_CONTEXT() REPRESENTATION_CONTEXT('2D SPACE',''
  ) );
#9487 = ORIENTED_EDGE('',*,*,#6130,.F.);
#9488 = ORIENTED_EDGE('',*,*,#9467,.F.);
#9489 = ORIENTED_EDGE('',*,*,#8368,.T.);
#9490 = ADVANCED_FACE('',(#9491),#6178,.T.);
#9491 = FACE_BOUND('',#9492,.T.);
#9492 = EDGE_LOOP('',(#9493,#9494,#9517,#9544));
#9493 = ORIENTED_EDGE('',*,*,#6161,.T.);
#9494 = ORIENTED_EDGE('',*,*,#9495,.T.);
#9495 = EDGE_CURVE('',#6162,#9496,#9498,.T.);
#9496 = VERTEX_POINT('',#9497);
#9497 = CARTESIAN_POINT('',(63.3,-10.,109.75));
#9498 = SEAM_CURVE('',#9499,(#9503,#9510),.PCURVE_S1.);
#9499 = LINE('',#9500,#9501);
#9500 = CARTESIAN_POINT('',(39.5,-10.,109.75));
#9501 = VECTOR('',#9502,1.);
#9502 = DIRECTION('',(1.,0.,2.22044604925E-16));
#9503 = PCURVE('',#6178,#9504);
#9504 = DEFINITIONAL_REPRESENTATION('',(#9505),#9509);
#9505 = LINE('',#9506,#9507);
#9506 = CARTESIAN_POINT('',(0.,-0.));
#9507 = VECTOR('',#9508,1.);
#9508 = DIRECTION('',(0.,1.));
#9509 = ( GEOMETRIC_REPRESENTATION_CONTEXT(2) 
PARAMETRIC_REPRESENTATION_CONTEXT() REPRESENTATION_CONTEXT('2D SPACE',''
  ) );
#9510 = PCURVE('',#6178,#9511);
#9511 = DEFINITIONAL_REPRESENTATION('',(#9512),#9516);
#9512 = LINE('',#9513,#9514);
#9513 = CARTESIAN_POINT('',(6.28318530718,-0.));
#9514 = VECTOR('',#9515,1.);
#9515 = DIRECTION('',(0.,1.));
#9516 = ( GEOMETRIC_REPRESENTATION_CONTEXT(2) 
PARAMETRIC_REPRESENTATION_CONTEXT() REPRESENTATION_CONTEXT('2D SPACE',''
  ) );
#9517 = ORIENTED_EDGE('',*,*,#9518,.F.);
#9518 = EDGE_CURVE('',#9496,#9496,#9519,.T.);
#9519 = SURFACE_CURVE('',#9520,(#9525,#9532),.PCURVE_S1.);
#9520 = CIRCLE('',#9521,3.25);
#9521 = AXIS2_PLACEMENT_3D('',#9522,#9523,#9524);
#9522 = CARTESIAN_POINT('',(63.3,-10.,113.));
#9523 = DIRECTION('',(1.,-0.,2.22044604925E-16));
#9524 = DIRECTION('',(2.22044604925E-16,0.,-1.));
#9525 = PCURVE('',#6178,#9526);
#9526 = DEFINITIONAL_REPRESENTATION('',(#9527),#9531);
#9527 = LINE('',#9528,#9529);
#9528 = CARTESIAN_POINT('',(0.,23.8));
#9529 = VECTOR('',#9530,1.);
#9530 = DIRECTION('',(1.,0.));
#9531 = ( GEOMETRIC_REPRESENTATION_CONTEXT(2) 
PARAMETRIC_REPRESENTATION_CONTEXT() REPRESENTATION_CONTEXT('2D SPACE',''
  ) );
#9532 = PCURVE('',#9533,#9538);
#9533 = TOROIDAL_SURFACE('',#9534,2.85,0.4);
#9534 = AXIS2_PLACEMENT_3D('',#9535,#9536,#9537);
#9535 = CARTESIAN_POINT('',(63.3,-10.,113.));
#9536 = DIRECTION('',(1.,-0.,2.22044604925E-16));
#9537 = DIRECTION('',(2.22044604925E-16,0.,-1.));
#9538 = DEFINITIONAL_REPRESENTATION('',(#9539),#9543);
#9539 = LINE('',#9540,#9541);
#9540 = CARTESIAN_POINT('',(0.,0.));
#9541 = VECTOR('',#9542,1.);
#9542 = DIRECTION('',(1.,0.));
#9543 = ( GEOMETRIC_REPRESENTATION_CONTEXT(2) 
PARAMETRIC_REPRESENTATION_CONTEXT() REPRESENTATION_CONTEXT('2D SPACE',''
  ) );
#9544 = ORIENTED_EDGE('',*,*,#9495,.F.);
#9545 = ADVANCED_FACE('',(#9546),#6807,.T.);
#9546 = FACE_BOUND('',#9547,.T.);
#9547 = EDGE_LOOP('',(#9548,#9549,#9550,#9571));
#9548 = ORIENTED_EDGE('',*,*,#6792,.F.);
#9549 = ORIENTED_EDGE('',*,*,#7358,.T.);
#9550 = ORIENTED_EDGE('',*,*,#9551,.T.);
#9551 = EDGE_CURVE('',#7359,#6844,#9552,.T.);
#9552 = SURFACE_CURVE('',#9553,(#9557,#9564),.PCURVE_S1.);
#9553 = LINE('',#9554,#9555);
#9554 = CARTESIAN_POINT('',(35.75,22.5,78.5));
#9555 = VECTOR('',#9556,1.);
#9556 = DIRECTION('',(0.,0.,1.));
#9557 = PCURVE('',#6807,#9558);
#9558 = DEFINITIONAL_REPRESENTATION('',(#9559),#9563);
#9559 = LINE('',#9560,#9561);
#9560 = CARTESIAN_POINT('',(0.,-3.));
#9561 = VECTOR('',#9562,1.);
#9562 = DIRECTION('',(1.,0.));
#9563 = ( GEOMETRIC_REPRESENTATION_CONTEXT(2) 
PARAMETRIC_REPRESENTATION_CONTEXT() REPRESENTATION_CONTEXT('2D SPACE',''
  ) );
#9564 = PCURVE('',#6879,#9565);
#9565 = DEFINITIONAL_REPRESENTATION('',(#9566),#9570);
#9566 = LINE('',#9567,#9568);
#9567 = CARTESIAN_POINT('',(0.,0.));
#9568 = VECTOR('',#9569,1.);
#9569 = DIRECTION('',(1.,0.));
#9570 = ( GEOMETRIC_REPRESENTATION_CONTEXT(2) 
PARAMETRIC_REPRESENTATION_CONTEXT() REPRESENTATION_CONTEXT('2D SPACE',''
  ) );
#9571 = ORIENTED_EDGE('',*,*,#6843,.F.);
#9572 = ADVANCED_FACE('',(#9573),#6694,.F.);
#9573 = FACE_BOUND('',#9574,.F.);
#9574 = EDGE_LOOP('',(#9575,#9576,#9577,#9598));
#9575 = ORIENTED_EDGE('',*,*,#6679,.F.);
#9576 = ORIENTED_EDGE('',*,*,#7400,.T.);
#9577 = ORIENTED_EDGE('',*,*,#9578,.T.);
#9578 = EDGE_CURVE('',#7380,#6865,#9579,.T.);
#9579 = SURFACE_CURVE('',#9580,(#9584,#9591),.PCURVE_S1.);
#9580 = LINE('',#9581,#9582);
#9581 = CARTESIAN_POINT('',(38.25,22.5,78.5));
#9582 = VECTOR('',#9583,1.);
#9583 = DIRECTION('',(0.,0.,1.));
#9584 = PCURVE('',#6694,#9585);
#9585 = DEFINITIONAL_REPRESENTATION('',(#9586),#9590);
#9586 = LINE('',#9587,#9588);
#9587 = CARTESIAN_POINT('',(0.,-3.));
#9588 = VECTOR('',#9589,1.);
#9589 = DIRECTION('',(1.,0.));
#9590 = ( GEOMETRIC_REPRESENTATION_CONTEXT(2) 
PARAMETRIC_REPRESENTATION_CONTEXT() REPRESENTATION_CONTEXT('2D SPACE',''
  ) );
#9591 = PCURVE('',#6879,#9592);
#9592 = DEFINITIONAL_REPRESENTATION('',(#9593),#9597);
#9593 = LINE('',#9594,#9595);
#9594 = CARTESIAN_POINT('',(0.,2.5));
#9595 = VECTOR('',#9596,1.);
#9596 = DIRECTION('',(1.,0.));
#9597 = ( GEOMETRIC_REPRESENTATION_CONTEXT(2) 
PARAMETRIC_REPRESENTATION_CONTEXT() REPRESENTATION_CONTEXT('2D SPACE',''
  ) );
#9598 = ORIENTED_EDGE('',*,*,#6890,.F.);
#9599 = ADVANCED_FACE('',(#9600),#7010,.T.);
#9600 = FACE_BOUND('',#9601,.T.);
#9601 = EDGE_LOOP('',(#9602,#9603,#9604,#9624));
#9602 = ORIENTED_EDGE('',*,*,#7103,.T.);
#9603 = ORIENTED_EDGE('',*,*,#6994,.T.);
#9604 = ORIENTED_EDGE('',*,*,#9605,.F.);
#9605 = EDGE_CURVE('',#7236,#6962,#9606,.T.);
#9606 = SURFACE_CURVE('',#9607,(#9612,#9618),.PCURVE_S1.);
#9607 = CIRCLE('',#9608,0.5);
#9608 = AXIS2_PLACEMENT_3D('',#9609,#9610,#9611);
#9609 = CARTESIAN_POINT('',(39.,23.5,84.));
#9610 = DIRECTION('',(1.,0.,-0.));
#9611 = DIRECTION('',(0.,1.,0.));
#9612 = PCURVE('',#7010,#9613);
#9613 = DEFINITIONAL_REPRESENTATION('',(#9614),#9617);
#9614 = B_SPLINE_CURVE_WITH_KNOTS('',1,(#9615,#9616),.UNSPECIFIED.,.F.,
  .F.,(2,2),(0.,1.570796326795),.PIECEWISE_BEZIER_KNOTS.);
#9615 = CARTESIAN_POINT('',(0.,4.));
#9616 = CARTESIAN_POINT('',(1.570796326795,4.));
#9617 = ( GEOMETRIC_REPRESENTATION_CONTEXT(2) 
PARAMETRIC_REPRESENTATION_CONTEXT() REPRESENTATION_CONTEXT('2D SPACE',''
  ) );
#9618 = PCURVE('',#6982,#9619);
#9619 = DEFINITIONAL_REPRESENTATION('',(#9620),#9623);
#9620 = B_SPLINE_CURVE_WITH_KNOTS('',1,(#9621,#9622),.UNSPECIFIED.,.F.,
  .F.,(2,2),(0.,1.570796326795),.PIECEWISE_BEZIER_KNOTS.);
#9621 = CARTESIAN_POINT('',(0.,0.));
#9622 = CARTESIAN_POINT('',(0.,1.570796326795));
#9623 = ( GEOMETRIC_REPRESENTATION_CONTEXT(2) 
PARAMETRIC_REPRESENTATION_CONTEXT() REPRESENTATION_CONTEXT('2D SPACE',''
  ) );
#9624 = ORIENTED_EDGE('',*,*,#7235,.F.);
#9625 = ADVANCED_FACE('',(#9626),#6982,.T.);
#9626 = FACE_BOUND('',#9627,.F.);
#9627 = EDGE_LOOP('',(#9628,#9629,#9630,#9631));
#9628 = ORIENTED_EDGE('',*,*,#9605,.F.);
#9629 = ORIENTED_EDGE('',*,*,#9011,.T.);
#9630 = ORIENTED_EDGE('',*,*,#8962,.T.);
#9631 = ORIENTED_EDGE('',*,*,#6961,.F.);
#9632 = ADVANCED_FACE('',(#9633),#6879,.F.);
#9633 = FACE_BOUND('',#9634,.F.);
#9634 = EDGE_LOOP('',(#9635,#9636,#9637,#9638));
#9635 = ORIENTED_EDGE('',*,*,#9578,.F.);
#9636 = ORIENTED_EDGE('',*,*,#7379,.T.);
#9637 = ORIENTED_EDGE('',*,*,#9551,.T.);
#9638 = ORIENTED_EDGE('',*,*,#6864,.F.);
#9639 = ADVANCED_FACE('',(#9640),#7194,.T.);
#9640 = FACE_BOUND('',#9641,.F.);
#9641 = EDGE_LOOP('',(#9642,#9643,#9644,#9664));
#9642 = ORIENTED_EDGE('',*,*,#7178,.T.);
#9643 = ORIENTED_EDGE('',*,*,#7504,.T.);
#9644 = ORIENTED_EDGE('',*,*,#9645,.F.);
#9645 = EDGE_CURVE('',#7259,#7472,#9646,.T.);
#9646 = SURFACE_CURVE('',#9647,(#9652,#9658),.PCURVE_S1.);
#9647 = CIRCLE('',#9648,0.5);
#9648 = AXIS2_PLACEMENT_3D('',#9649,#9650,#9651);
#9649 = CARTESIAN_POINT('',(39.,23.5,80.));
#9650 = DIRECTION('',(-1.,0.,0.));
#9651 = DIRECTION('',(0.,1.,0.));
#9652 = PCURVE('',#7194,#9653);
#9653 = DEFINITIONAL_REPRESENTATION('',(#9654),#9657);
#9654 = B_SPLINE_CURVE_WITH_KNOTS('',1,(#9655,#9656),.UNSPECIFIED.,.F.,
  .F.,(2,2),(0.,1.570796326795),.PIECEWISE_BEZIER_KNOTS.);
#9655 = CARTESIAN_POINT('',(0.,4.));
#9656 = CARTESIAN_POINT('',(-1.570796326795,4.));
#9657 = ( GEOMETRIC_REPRESENTATION_CONTEXT(2) 
PARAMETRIC_REPRESENTATION_CONTEXT() REPRESENTATION_CONTEXT('2D SPACE',''
  ) );
#9658 = PCURVE('',#7492,#9659);
#9659 = DEFINITIONAL_REPRESENTATION('',(#9660),#9663);
#9660 = B_SPLINE_CURVE_WITH_KNOTS('',1,(#9661,#9662),.UNSPECIFIED.,.F.,
  .F.,(2,2),(0.,1.570796326795),.PIECEWISE_BEZIER_KNOTS.);
#9661 = CARTESIAN_POINT('',(0.,0.));
#9662 = CARTESIAN_POINT('',(0.,1.570796326795));
#9663 = ( GEOMETRIC_REPRESENTATION_CONTEXT(2) 
PARAMETRIC_REPRESENTATION_CONTEXT() REPRESENTATION_CONTEXT('2D SPACE',''
  ) );
#9664 = ORIENTED_EDGE('',*,*,#7281,.F.);
#9665 = ADVANCED_FACE('',(#9666),#7492,.T.);
#9666 = FACE_BOUND('',#9667,.T.);
#9667 = EDGE_LOOP('',(#9668,#9669,#9670,#9671));
#9668 = ORIENTED_EDGE('',*,*,#9645,.F.);
#9669 = ORIENTED_EDGE('',*,*,#8988,.T.);
#9670 = ORIENTED_EDGE('',*,*,#9037,.T.);
#9671 = ORIENTED_EDGE('',*,*,#7471,.F.);
#9672 = ADVANCED_FACE('',(#9673),#7818,.T.);
#9673 = FACE_BOUND('',#9674,.T.);
#9674 = EDGE_LOOP('',(#9675,#9676,#9677,#9697));
#9675 = ORIENTED_EDGE('',*,*,#7970,.T.);
#9676 = ORIENTED_EDGE('',*,*,#7802,.T.);
#9677 = ORIENTED_EDGE('',*,*,#9678,.F.);
#9678 = EDGE_CURVE('',#8054,#7770,#9679,.T.);
#9679 = SURFACE_CURVE('',#9680,(#9685,#9691),.PCURVE_S1.);
#9680 = CIRCLE('',#9681,0.5);
#9681 = AXIS2_PLACEMENT_3D('',#9682,#9683,#9684);
#9682 = CARTESIAN_POINT('',(39.,23.5,72.5));
#9683 = DIRECTION('',(1.,0.,-0.));
#9684 = DIRECTION('',(0.,1.,0.));
#9685 = PCURVE('',#7818,#9686);
#9686 = DEFINITIONAL_REPRESENTATION('',(#9687),#9690);
#9687 = B_SPLINE_CURVE_WITH_KNOTS('',1,(#9688,#9689),.UNSPECIFIED.,.F.,
  .F.,(2,2),(0.,1.570796326795),.PIECEWISE_BEZIER_KNOTS.);
#9688 = CARTESIAN_POINT('',(0.,4.));
#9689 = CARTESIAN_POINT('',(1.570796326795,4.));
#9690 = ( GEOMETRIC_REPRESENTATION_CONTEXT(2) 
PARAMETRIC_REPRESENTATION_CONTEXT() REPRESENTATION_CONTEXT('2D SPACE',''
  ) );
#9691 = PCURVE('',#7790,#9692);
#9692 = DEFINITIONAL_REPRESENTATION('',(#9693),#9696);
#9693 = B_SPLINE_CURVE_WITH_KNOTS('',1,(#9694,#9695),.UNSPECIFIED.,.F.,
  .F.,(2,2),(0.,1.570796326795),.PIECEWISE_BEZIER_KNOTS.);
#9694 = CARTESIAN_POINT('',(0.,0.));
#9695 = CARTESIAN_POINT('',(0.,1.570796326795));
#9696 = ( GEOMETRIC_REPRESENTATION_CONTEXT(2) 
PARAMETRIC_REPRESENTATION_CONTEXT() REPRESENTATION_CONTEXT('2D SPACE',''
  ) );
#9697 = ORIENTED_EDGE('',*,*,#8053,.F.);
#9698 = ADVANCED_FACE('',(#9699),#7790,.T.);
#9699 = FACE_BOUND('',#9700,.F.);
#9700 = EDGE_LOOP('',(#9701,#9702,#9703,#9704));
#9701 = ORIENTED_EDGE('',*,*,#9678,.F.);
#9702 = ORIENTED_EDGE('',*,*,#8599,.T.);
#9703 = ORIENTED_EDGE('',*,*,#8550,.T.);
#9704 = ORIENTED_EDGE('',*,*,#7769,.F.);
#9705 = ADVANCED_FACE('',(#9706),#7646,.F.);
#9706 = FACE_BOUND('',#9707,.F.);
#9707 = EDGE_LOOP('',(#9708,#9729,#9730,#9751,#9752));
#9708 = ORIENTED_EDGE('',*,*,#9709,.F.);
#9709 = EDGE_CURVE('',#8208,#7885,#9710,.T.);
#9710 = SURFACE_CURVE('',#9711,(#9715,#9722),.PCURVE_S1.);
#9711 = LINE('',#9712,#9713);
#9712 = CARTESIAN_POINT('',(38.25,19.5,67.));
#9713 = VECTOR('',#9714,1.);
#9714 = DIRECTION('',(0.,0.,1.));
#9715 = PCURVE('',#7646,#9716);
#9716 = DEFINITIONAL_REPRESENTATION('',(#9717),#9721);
#9717 = LINE('',#9718,#9719);
#9718 = CARTESIAN_POINT('',(0.,0.));
#9719 = VECTOR('',#9720,1.);
#9720 = DIRECTION('',(1.,0.));
#9721 = ( GEOMETRIC_REPRESENTATION_CONTEXT(2) 
PARAMETRIC_REPRESENTATION_CONTEXT() REPRESENTATION_CONTEXT('2D SPACE',''
  ) );
#9722 = PCURVE('',#7927,#9723);
#9723 = DEFINITIONAL_REPRESENTATION('',(#9724),#9728);
#9724 = LINE('',#9725,#9726);
#9725 = CARTESIAN_POINT('',(0.,2.5));
#9726 = VECTOR('',#9727,1.);
#9727 = DIRECTION('',(1.,0.));
#9728 = ( GEOMETRIC_REPRESENTATION_CONTEXT(2) 
PARAMETRIC_REPRESENTATION_CONTEXT() REPRESENTATION_CONTEXT('2D SPACE',''
  ) );
#9729 = ORIENTED_EDGE('',*,*,#8272,.T.);
#9730 = ORIENTED_EDGE('',*,*,#9731,.T.);
#9731 = EDGE_CURVE('',#8252,#7606,#9732,.T.);
#9732 = SURFACE_CURVE('',#9733,(#9737,#9744),.PCURVE_S1.);
#9733 = LINE('',#9734,#9735);
#9734 = CARTESIAN_POINT('',(38.25,22.5,67.));
#9735 = VECTOR('',#9736,1.);
#9736 = DIRECTION('',(0.,0.,1.));
#9737 = PCURVE('',#7646,#9738);
#9738 = DEFINITIONAL_REPRESENTATION('',(#9739),#9743);
#9739 = LINE('',#9740,#9741);
#9740 = CARTESIAN_POINT('',(0.,-3.));
#9741 = VECTOR('',#9742,1.);
#9742 = DIRECTION('',(1.,0.));
#9743 = ( GEOMETRIC_REPRESENTATION_CONTEXT(2) 
PARAMETRIC_REPRESENTATION_CONTEXT() REPRESENTATION_CONTEXT('2D SPACE',''
  ) );
#9744 = PCURVE('',#7620,#9745);
#9745 = DEFINITIONAL_REPRESENTATION('',(#9746),#9750);
#9746 = LINE('',#9747,#9748);
#9747 = CARTESIAN_POINT('',(0.,2.5));
#9748 = VECTOR('',#9749,1.);
#9749 = DIRECTION('',(1.,0.));
#9750 = ( GEOMETRIC_REPRESENTATION_CONTEXT(2) 
PARAMETRIC_REPRESENTATION_CONTEXT() REPRESENTATION_CONTEXT('2D SPACE',''
  ) );
#9751 = ORIENTED_EDGE('',*,*,#7631,.F.);
#9752 = ORIENTED_EDGE('',*,*,#7884,.T.);
#9753 = ADVANCED_FACE('',(#9754),#7620,.F.);
#9754 = FACE_BOUND('',#9755,.F.);
#9755 = EDGE_LOOP('',(#9756,#9757,#9758,#9779));
#9756 = ORIENTED_EDGE('',*,*,#9731,.F.);
#9757 = ORIENTED_EDGE('',*,*,#8251,.T.);
#9758 = ORIENTED_EDGE('',*,*,#9759,.T.);
#9759 = EDGE_CURVE('',#8231,#7580,#9760,.T.);
#9760 = SURFACE_CURVE('',#9761,(#9765,#9772),.PCURVE_S1.);
#9761 = LINE('',#9762,#9763);
#9762 = CARTESIAN_POINT('',(35.75,22.5,67.));
#9763 = VECTOR('',#9764,1.);
#9764 = DIRECTION('',(0.,0.,1.));
#9765 = PCURVE('',#7620,#9766);
#9766 = DEFINITIONAL_REPRESENTATION('',(#9767),#9771);
#9767 = LINE('',#9768,#9769);
#9768 = CARTESIAN_POINT('',(0.,0.));
#9769 = VECTOR('',#9770,1.);
#9770 = DIRECTION('',(1.,0.));
#9771 = ( GEOMETRIC_REPRESENTATION_CONTEXT(2) 
PARAMETRIC_REPRESENTATION_CONTEXT() REPRESENTATION_CONTEXT('2D SPACE',''
  ) );
#9772 = PCURVE('',#7594,#9773);
#9773 = DEFINITIONAL_REPRESENTATION('',(#9774),#9778);
#9774 = LINE('',#9775,#9776);
#9775 = CARTESIAN_POINT('',(0.,-3.));
#9776 = VECTOR('',#9777,1.);
#9777 = DIRECTION('',(1.,0.));
#9778 = ( GEOMETRIC_REPRESENTATION_CONTEXT(2) 
PARAMETRIC_REPRESENTATION_CONTEXT() REPRESENTATION_CONTEXT('2D SPACE',''
  ) );
#9779 = ORIENTED_EDGE('',*,*,#7605,.F.);
#9780 = ADVANCED_FACE('',(#9781),#7594,.T.);
#9781 = FACE_BOUND('',#9782,.T.);
#9782 = EDGE_LOOP('',(#9783,#9804,#9805,#9806,#9807));
#9783 = ORIENTED_EDGE('',*,*,#9784,.F.);
#9784 = EDGE_CURVE('',#8210,#7913,#9785,.T.);
#9785 = SURFACE_CURVE('',#9786,(#9790,#9797),.PCURVE_S1.);
#9786 = LINE('',#9787,#9788);
#9787 = CARTESIAN_POINT('',(35.75,19.5,67.));
#9788 = VECTOR('',#9789,1.);
#9789 = DIRECTION('',(0.,0.,1.));
#9790 = PCURVE('',#7594,#9791);
#9791 = DEFINITIONAL_REPRESENTATION('',(#9792),#9796);
#9792 = LINE('',#9793,#9794);
#9793 = CARTESIAN_POINT('',(0.,0.));
#9794 = VECTOR('',#9795,1.);
#9795 = DIRECTION('',(1.,0.));
#9796 = ( GEOMETRIC_REPRESENTATION_CONTEXT(2) 
PARAMETRIC_REPRESENTATION_CONTEXT() REPRESENTATION_CONTEXT('2D SPACE',''
  ) );
#9797 = PCURVE('',#7927,#9798);
#9798 = DEFINITIONAL_REPRESENTATION('',(#9799),#9803);
#9799 = LINE('',#9800,#9801);
#9800 = CARTESIAN_POINT('',(0.,0.));
#9801 = VECTOR('',#9802,1.);
#9802 = DIRECTION('',(1.,0.));
#9803 = ( GEOMETRIC_REPRESENTATION_CONTEXT(2) 
PARAMETRIC_REPRESENTATION_CONTEXT() REPRESENTATION_CONTEXT('2D SPACE',''
  ) );
#9804 = ORIENTED_EDGE('',*,*,#8230,.T.);
#9805 = ORIENTED_EDGE('',*,*,#9759,.T.);
#9806 = ORIENTED_EDGE('',*,*,#7579,.F.);
#9807 = ORIENTED_EDGE('',*,*,#7938,.T.);
#9808 = ADVANCED_FACE('',(#9809),#7927,.T.);
#9809 = FACE_BOUND('',#9810,.T.);
#9810 = EDGE_LOOP('',(#9811,#9812,#9813,#9814));
#9811 = ORIENTED_EDGE('',*,*,#9709,.F.);
#9812 = ORIENTED_EDGE('',*,*,#8207,.T.);
#9813 = ORIENTED_EDGE('',*,*,#9784,.T.);
#9814 = ORIENTED_EDGE('',*,*,#7912,.F.);
#9815 = ADVANCED_FACE('',(#9816),#8012,.T.);
#9816 = FACE_BOUND('',#9817,.F.);
#9817 = EDGE_LOOP('',(#9818,#9819,#9820,#9840));
#9818 = ORIENTED_EDGE('',*,*,#7996,.T.);
#9819 = ORIENTED_EDGE('',*,*,#8183,.T.);
#9820 = ORIENTED_EDGE('',*,*,#9821,.F.);
#9821 = EDGE_CURVE('',#8077,#8151,#9822,.T.);
#9822 = SURFACE_CURVE('',#9823,(#9828,#9834),.PCURVE_S1.);
#9823 = CIRCLE('',#9824,0.5);
#9824 = AXIS2_PLACEMENT_3D('',#9825,#9826,#9827);
#9825 = CARTESIAN_POINT('',(39.,23.5,68.5));
#9826 = DIRECTION('',(-1.,0.,0.));
#9827 = DIRECTION('',(0.,1.,0.));
#9828 = PCURVE('',#8012,#9829);
#9829 = DEFINITIONAL_REPRESENTATION('',(#9830),#9833);
#9830 = B_SPLINE_CURVE_WITH_KNOTS('',1,(#9831,#9832),.UNSPECIFIED.,.F.,
  .F.,(2,2),(0.,1.570796326795),.PIECEWISE_BEZIER_KNOTS.);
#9831 = CARTESIAN_POINT('',(0.,4.));
#9832 = CARTESIAN_POINT('',(-1.570796326795,4.));
#9833 = ( GEOMETRIC_REPRESENTATION_CONTEXT(2) 
PARAMETRIC_REPRESENTATION_CONTEXT() REPRESENTATION_CONTEXT('2D SPACE',''
  ) );
#9834 = PCURVE('',#8171,#9835);
#9835 = DEFINITIONAL_REPRESENTATION('',(#9836),#9839);
#9836 = B_SPLINE_CURVE_WITH_KNOTS('',1,(#9837,#9838),.UNSPECIFIED.,.F.,
  .F.,(2,2),(0.,1.570796326795),.PIECEWISE_BEZIER_KNOTS.);
#9837 = CARTESIAN_POINT('',(0.,0.));
#9838 = CARTESIAN_POINT('',(0.,1.570796326795));
#9839 = ( GEOMETRIC_REPRESENTATION_CONTEXT(2) 
PARAMETRIC_REPRESENTATION_CONTEXT() REPRESENTATION_CONTEXT('2D SPACE',''
  ) );
#9840 = ORIENTED_EDGE('',*,*,#8099,.F.);
#9841 = ADVANCED_FACE('',(#9842),#8171,.T.);
#9842 = FACE_BOUND('',#9843,.T.);
#9843 = EDGE_LOOP('',(#9844,#9845,#9846,#9847));
#9844 = ORIENTED_EDGE('',*,*,#9821,.F.);
#9845 = ORIENTED_EDGE('',*,*,#8576,.T.);
#9846 = ORIENTED_EDGE('',*,*,#8625,.T.);
#9847 = ORIENTED_EDGE('',*,*,#8150,.F.);
#9848 = ADVANCED_FACE('',(#9849),#8311,.T.);
#9849 = FACE_BOUND('',#9850,.T.);
#9850 = EDGE_LOOP('',(#9851,#9871,#9872,#9873));
#9851 = ORIENTED_EDGE('',*,*,#9852,.F.);
#9852 = EDGE_CURVE('',#9287,#8295,#9853,.T.);
#9853 = SEAM_CURVE('',#9854,(#9859,#9865),.PCURVE_S1.);
#9854 = CIRCLE('',#9855,0.4);
#9855 = AXIS2_PLACEMENT_3D('',#9856,#9857,#9858);
#9856 = CARTESIAN_POINT('',(43.3,10.,70.65));
#9857 = DIRECTION('',(0.,-1.,0.));
#9858 = DIRECTION('',(2.22044604925E-16,0.,-1.));
#9859 = PCURVE('',#8311,#9860);
#9860 = DEFINITIONAL_REPRESENTATION('',(#9861),#9864);
#9861 = B_SPLINE_CURVE_WITH_KNOTS('',1,(#9862,#9863),.UNSPECIFIED.,.F.,
  .F.,(2,2),(0.,1.570796326795),.PIECEWISE_BEZIER_KNOTS.);
#9862 = CARTESIAN_POINT('',(0.,0.));
#9863 = CARTESIAN_POINT('',(0.,1.570796326795));
#9864 = ( GEOMETRIC_REPRESENTATION_CONTEXT(2) 
PARAMETRIC_REPRESENTATION_CONTEXT() REPRESENTATION_CONTEXT('2D SPACE',''
  ) );
#9865 = PCURVE('',#8311,#9866);
#9866 = DEFINITIONAL_REPRESENTATION('',(#9867),#9870);
#9867 = B_SPLINE_CURVE_WITH_KNOTS('',1,(#9868,#9869),.UNSPECIFIED.,.F.,
  .F.,(2,2),(0.,1.570796326795),.PIECEWISE_BEZIER_KNOTS.);
#9868 = CARTESIAN_POINT('',(6.28318530718,0.));
#9869 = CARTESIAN_POINT('',(6.28318530718,1.570796326795));
#9870 = ( GEOMETRIC_REPRESENTATION_CONTEXT(2) 
PARAMETRIC_REPRESENTATION_CONTEXT() REPRESENTATION_CONTEXT('2D SPACE',''
  ) );
#9871 = ORIENTED_EDGE('',*,*,#9309,.T.);
#9872 = ORIENTED_EDGE('',*,*,#9852,.T.);
#9873 = ORIENTED_EDGE('',*,*,#8294,.F.);
#9874 = ADVANCED_FACE('',(#9875),#8412,.T.);
#9875 = FACE_BOUND('',#9876,.T.);
#9876 = EDGE_LOOP('',(#9877,#9897,#9898,#9899));
#9877 = ORIENTED_EDGE('',*,*,#9878,.F.);
#9878 = EDGE_CURVE('',#9419,#8396,#9879,.T.);
#9879 = SEAM_CURVE('',#9880,(#9885,#9891),.PCURVE_S1.);
#9880 = CIRCLE('',#9881,0.4);
#9881 = AXIS2_PLACEMENT_3D('',#9882,#9883,#9884);
#9882 = CARTESIAN_POINT('',(43.3,-10.,70.65));
#9883 = DIRECTION('',(0.,-1.,0.));
#9884 = DIRECTION('',(2.22044604925E-16,0.,-1.));
#9885 = PCURVE('',#8412,#9886);
#9886 = DEFINITIONAL_REPRESENTATION('',(#9887),#9890);
#9887 = B_SPLINE_CURVE_WITH_KNOTS('',1,(#9888,#9889),.UNSPECIFIED.,.F.,
  .F.,(2,2),(0.,1.570796326795),.PIECEWISE_BEZIER_KNOTS.);
#9888 = CARTESIAN_POINT('',(0.,0.));
#9889 = CARTESIAN_POINT('',(0.,1.570796326795));
#9890 = ( GEOMETRIC_REPRESENTATION_CONTEXT(2) 
PARAMETRIC_REPRESENTATION_CONTEXT() REPRESENTATION_CONTEXT('2D SPACE',''
  ) );
#9891 = PCURVE('',#8412,#9892);
#9892 = DEFINITIONAL_REPRESENTATION('',(#9893),#9896);
#9893 = B_SPLINE_CURVE_WITH_KNOTS('',1,(#9894,#9895),.UNSPECIFIED.,.F.,
  .F.,(2,2),(0.,1.570796326795),.PIECEWISE_BEZIER_KNOTS.);
#9894 = CARTESIAN_POINT('',(6.28318530718,0.));
#9895 = CARTESIAN_POINT('',(6.28318530718,1.570796326795));
#9896 = ( GEOMETRIC_REPRESENTATION_CONTEXT(2) 
PARAMETRIC_REPRESENTATION_CONTEXT() REPRESENTATION_CONTEXT('2D SPACE',''
  ) );
#9897 = ORIENTED_EDGE('',*,*,#9441,.T.);
#9898 = ORIENTED_EDGE('',*,*,#9878,.T.);
#9899 = ORIENTED_EDGE('',*,*,#8395,.F.);
#9900 = ADVANCED_FACE('',(#9901),#9374,.T.);
#9901 = FACE_BOUND('',#9902,.T.);
#9902 = EDGE_LOOP('',(#9903,#9925,#9926,#9927));
#9903 = ORIENTED_EDGE('',*,*,#9904,.F.);
#9904 = EDGE_CURVE('',#9337,#9905,#9907,.T.);
#9905 = VERTEX_POINT('',#9906);
#9906 = CARTESIAN_POINT('',(63.7,10.,110.15));
#9907 = SEAM_CURVE('',#9908,(#9913,#9919),.PCURVE_S1.);
#9908 = CIRCLE('',#9909,0.4);
#9909 = AXIS2_PLACEMENT_3D('',#9910,#9911,#9912);
#9910 = CARTESIAN_POINT('',(63.3,10.,110.15));
#9911 = DIRECTION('',(0.,-1.,0.));
#9912 = DIRECTION('',(2.22044604925E-16,0.,-1.));
#9913 = PCURVE('',#9374,#9914);
#9914 = DEFINITIONAL_REPRESENTATION('',(#9915),#9918);
#9915 = B_SPLINE_CURVE_WITH_KNOTS('',1,(#9916,#9917),.UNSPECIFIED.,.F.,
  .F.,(2,2),(0.,1.570796326795),.PIECEWISE_BEZIER_KNOTS.);
#9916 = CARTESIAN_POINT('',(0.,0.));
#9917 = CARTESIAN_POINT('',(0.,1.570796326795));
#9918 = ( GEOMETRIC_REPRESENTATION_CONTEXT(2) 
PARAMETRIC_REPRESENTATION_CONTEXT() REPRESENTATION_CONTEXT('2D SPACE',''
  ) );
#9919 = PCURVE('',#9374,#9920);
#9920 = DEFINITIONAL_REPRESENTATION('',(#9921),#9924);
#9921 = B_SPLINE_CURVE_WITH_KNOTS('',1,(#9922,#9923),.UNSPECIFIED.,.F.,
  .F.,(2,2),(0.,1.570796326795),.PIECEWISE_BEZIER_KNOTS.);
#9922 = CARTESIAN_POINT('',(6.28318530718,0.));
#9923 = CARTESIAN_POINT('',(6.28318530718,1.570796326795));
#9924 = ( GEOMETRIC_REPRESENTATION_CONTEXT(2) 
PARAMETRIC_REPRESENTATION_CONTEXT() REPRESENTATION_CONTEXT('2D SPACE',''
  ) );
#9925 = ORIENTED_EDGE('',*,*,#9359,.T.);
#9926 = ORIENTED_EDGE('',*,*,#9904,.T.);
#9927 = ORIENTED_EDGE('',*,*,#9928,.F.);
#9928 = EDGE_CURVE('',#9905,#9905,#9929,.T.);
#9929 = SURFACE_CURVE('',#9930,(#9935,#9942),.PCURVE_S1.);
#9930 = CIRCLE('',#9931,2.85);
#9931 = AXIS2_PLACEMENT_3D('',#9932,#9933,#9934);
#9932 = CARTESIAN_POINT('',(63.7,10.,113.));
#9933 = DIRECTION('',(1.,-0.,2.22044604925E-16));
#9934 = DIRECTION('',(2.22044604925E-16,0.,-1.));
#9935 = PCURVE('',#9374,#9936);
#9936 = DEFINITIONAL_REPRESENTATION('',(#9937),#9941);
#9937 = LINE('',#9938,#9939);
#9938 = CARTESIAN_POINT('',(0.,1.570796326795));
#9939 = VECTOR('',#9940,1.);
#9940 = DIRECTION('',(1.,0.));
#9941 = ( GEOMETRIC_REPRESENTATION_CONTEXT(2) 
PARAMETRIC_REPRESENTATION_CONTEXT() REPRESENTATION_CONTEXT('2D SPACE',''
  ) );
#9942 = PCURVE('',#9943,#9948);
#9943 = PLANE('',#9944);
#9944 = AXIS2_PLACEMENT_3D('',#9945,#9946,#9947);
#9945 = CARTESIAN_POINT('',(63.7,10.,113.));
#9946 = DIRECTION('',(1.,0.,2.22044604925E-16));
#9947 = DIRECTION('',(2.22044604925E-16,0.,-1.));
#9948 = DEFINITIONAL_REPRESENTATION('',(#9949),#9953);
#9949 = CIRCLE('',#9950,2.85);
#9950 = AXIS2_PLACEMENT_2D('',#9951,#9952);
#9951 = CARTESIAN_POINT('',(0.,0.));
#9952 = DIRECTION('',(1.,0.));
#9953 = ( GEOMETRIC_REPRESENTATION_CONTEXT(2) 
PARAMETRIC_REPRESENTATION_CONTEXT() REPRESENTATION_CONTEXT('2D SPACE',''
  ) );
#9954 = ADVANCED_FACE('',(#9955),#9533,.T.);
#9955 = FACE_BOUND('',#9956,.T.);
#9956 = EDGE_LOOP('',(#9957,#9979,#9980,#9981));
#9957 = ORIENTED_EDGE('',*,*,#9958,.F.);
#9958 = EDGE_CURVE('',#9496,#9959,#9961,.T.);
#9959 = VERTEX_POINT('',#9960);
#9960 = CARTESIAN_POINT('',(63.7,-10.,110.15));
#9961 = SEAM_CURVE('',#9962,(#9967,#9973),.PCURVE_S1.);
#9962 = CIRCLE('',#9963,0.4);
#9963 = AXIS2_PLACEMENT_3D('',#9964,#9965,#9966);
#9964 = CARTESIAN_POINT('',(63.3,-10.,110.15));
#9965 = DIRECTION('',(0.,-1.,0.));
#9966 = DIRECTION('',(2.22044604925E-16,0.,-1.));
#9967 = PCURVE('',#9533,#9968);
#9968 = DEFINITIONAL_REPRESENTATION('',(#9969),#9972);
#9969 = B_SPLINE_CURVE_WITH_KNOTS('',1,(#9970,#9971),.UNSPECIFIED.,.F.,
  .F.,(2,2),(0.,1.570796326795),.PIECEWISE_BEZIER_KNOTS.);
#9970 = CARTESIAN_POINT('',(0.,0.));
#9971 = CARTESIAN_POINT('',(0.,1.570796326795));
#9972 = ( GEOMETRIC_REPRESENTATION_CONTEXT(2) 
PARAMETRIC_REPRESENTATION_CONTEXT() REPRESENTATION_CONTEXT('2D SPACE',''
  ) );
#9973 = PCURVE('',#9533,#9974);
#9974 = DEFINITIONAL_REPRESENTATION('',(#9975),#9978);
#9975 = B_SPLINE_CURVE_WITH_KNOTS('',1,(#9976,#9977),.UNSPECIFIED.,.F.,
  .F.,(2,2),(0.,1.570796326795),.PIECEWISE_BEZIER_KNOTS.);
#9976 = CARTESIAN_POINT('',(6.28318530718,0.));
#9977 = CARTESIAN_POINT('',(6.28318530718,1.570796326795));
#9978 = ( GEOMETRIC_REPRESENTATION_CONTEXT(2) 
PARAMETRIC_REPRESENTATION_CONTEXT() REPRESENTATION_CONTEXT('2D SPACE',''
  ) );
#9979 = ORIENTED_EDGE('',*,*,#9518,.T.);
#9980 = ORIENTED_EDGE('',*,*,#9958,.T.);
#9981 = ORIENTED_EDGE('',*,*,#9982,.F.);
#9982 = EDGE_CURVE('',#9959,#9959,#9983,.T.);
#9983 = SURFACE_CURVE('',#9984,(#9989,#9996),.PCURVE_S1.);
#9984 = CIRCLE('',#9985,2.85);
#9985 = AXIS2_PLACEMENT_3D('',#9986,#9987,#9988);
#9986 = CARTESIAN_POINT('',(63.7,-10.,113.));
#9987 = DIRECTION('',(1.,-0.,2.22044604925E-16));
#9988 = DIRECTION('',(2.22044604925E-16,0.,-1.));
#9989 = PCURVE('',#9533,#9990);
#9990 = DEFINITIONAL_REPRESENTATION('',(#9991),#9995);
#9991 = LINE('',#9992,#9993);
#9992 = CARTESIAN_POINT('',(0.,1.570796326795));
#9993 = VECTOR('',#9994,1.);
#9994 = DIRECTION('',(1.,0.));
#9995 = ( GEOMETRIC_REPRESENTATION_CONTEXT(2) 
PARAMETRIC_REPRESENTATION_CONTEXT() REPRESENTATION_CONTEXT('2D SPACE',''
  ) );
#9996 = PCURVE('',#9997,#10002);
#9997 = PLANE('',#9998);
#9998 = AXIS2_PLACEMENT_3D('',#9999,#10000,#10001);
#9999 = CARTESIAN_POINT('',(63.7,-10.,113.));
#10000 = DIRECTION('',(1.,0.,2.22044604925E-16));
#10001 = DIRECTION('',(2.22044604925E-16,0.,-1.));
#10002 = DEFINITIONAL_REPRESENTATION('',(#10003),#10007);
#10003 = CIRCLE('',#10004,2.85);
#10004 = AXIS2_PLACEMENT_2D('',#10005,#10006);
#10005 = CARTESIAN_POINT('',(0.,0.));
#10006 = DIRECTION('',(1.,0.));
#10007 = ( GEOMETRIC_REPRESENTATION_CONTEXT(2) 
PARAMETRIC_REPRESENTATION_CONTEXT() REPRESENTATION_CONTEXT('2D SPACE',''
  ) );
#10008 = ADVANCED_FACE('',(#10009,#10012),#9943,.T.);
#10009 = FACE_BOUND('',#10010,.T.);
#10010 = EDGE_LOOP('',(#10011));
#10011 = ORIENTED_EDGE('',*,*,#9928,.T.);
#10012 = FACE_BOUND('',#10013,.T.);
#10013 = EDGE_LOOP('',(#10014));
#10014 = ORIENTED_EDGE('',*,*,#10015,.F.);
#10015 = EDGE_CURVE('',#10016,#10016,#10018,.T.);
#10016 = VERTEX_POINT('',#10017);
#10017 = CARTESIAN_POINT('',(63.7,10.,112.1));
#10018 = SURFACE_CURVE('',#10019,(#10024,#10031),.PCURVE_S1.);
#10019 = CIRCLE('',#10020,0.9);
#10020 = AXIS2_PLACEMENT_3D('',#10021,#10022,#10023);
#10021 = CARTESIAN_POINT('',(63.7,10.,113.));
#10022 = DIRECTION('',(1.,0.,2.22044604925E-16));
#10023 = DIRECTION('',(2.22044604925E-16,0.,-1.));
#10024 = PCURVE('',#9943,#10025);
#10025 = DEFINITIONAL_REPRESENTATION('',(#10026),#10030);
#10026 = CIRCLE('',#10027,0.9);
#10027 = AXIS2_PLACEMENT_2D('',#10028,#10029);
#10028 = CARTESIAN_POINT('',(0.,0.));
#10029 = DIRECTION('',(1.,0.));
#10030 = ( GEOMETRIC_REPRESENTATION_CONTEXT(2) 
PARAMETRIC_REPRESENTATION_CONTEXT() REPRESENTATION_CONTEXT('2D SPACE',''
  ) );
#10031 = PCURVE('',#10032,#10037);
#10032 = CYLINDRICAL_SURFACE('',#10033,0.9);
#10033 = AXIS2_PLACEMENT_3D('',#10034,#10035,#10036);
#10034 = CARTESIAN_POINT('',(56.7,10.,113.));
#10035 = DIRECTION('',(1.,0.,2.22044604925E-16));
#10036 = DIRECTION('',(2.22044604925E-16,0.,-1.));
#10037 = DEFINITIONAL_REPRESENTATION('',(#10038),#10042);
#10038 = LINE('',#10039,#10040);
#10039 = CARTESIAN_POINT('',(0.,7.));
#10040 = VECTOR('',#10041,1.);
#10041 = DIRECTION('',(1.,0.));
#10042 = ( GEOMETRIC_REPRESENTATION_CONTEXT(2) 
PARAMETRIC_REPRESENTATION_CONTEXT() REPRESENTATION_CONTEXT('2D SPACE',''
  ) );
#10043 = ADVANCED_FACE('',(#10044,#10047),#9997,.T.);
#10044 = FACE_BOUND('',#10045,.T.);
#10045 = EDGE_LOOP('',(#10046));
#10046 = ORIENTED_EDGE('',*,*,#9982,.T.);
#10047 = FACE_BOUND('',#10048,.T.);
#10048 = EDGE_LOOP('',(#10049));
#10049 = ORIENTED_EDGE('',*,*,#10050,.F.);
#10050 = EDGE_CURVE('',#10051,#10051,#10053,.T.);
#10051 = VERTEX_POINT('',#10052);
#10052 = CARTESIAN_POINT('',(63.7,-10.,112.1));
#10053 = SURFACE_CURVE('',#10054,(#10059,#10066),.PCURVE_S1.);
#10054 = CIRCLE('',#10055,0.9);
#10055 = AXIS2_PLACEMENT_3D('',#10056,#10057,#10058);
#10056 = CARTESIAN_POINT('',(63.7,-10.,113.));
#10057 = DIRECTION('',(1.,0.,2.22044604925E-16));
#10058 = DIRECTION('',(2.22044604925E-16,0.,-1.));
#10059 = PCURVE('',#9997,#10060);
#10060 = DEFINITIONAL_REPRESENTATION('',(#10061),#10065);
#10061 = CIRCLE('',#10062,0.9);
#10062 = AXIS2_PLACEMENT_2D('',#10063,#10064);
#10063 = CARTESIAN_POINT('',(0.,0.));
#10064 = DIRECTION('',(1.,0.));
#10065 = ( GEOMETRIC_REPRESENTATION_CONTEXT(2) 
PARAMETRIC_REPRESENTATION_CONTEXT() REPRESENTATION_CONTEXT('2D SPACE',''
  ) );
#10066 = PCURVE('',#10067,#10072);
#10067 = CYLINDRICAL_SURFACE('',#10068,0.9);
#10068 = AXIS2_PLACEMENT_3D('',#10069,#10070,#10071);
#10069 = CARTESIAN_POINT('',(56.7,-10.,113.));
#10070 = DIRECTION('',(1.,0.,2.22044604925E-16));
#10071 = DIRECTION('',(2.22044604925E-16,0.,-1.));
#10072 = DEFINITIONAL_REPRESENTATION('',(#10073),#10077);
#10073 = LINE('',#10074,#10075);
#10074 = CARTESIAN_POINT('',(0.,7.));
#10075 = VECTOR('',#10076,1.);
#10076 = DIRECTION('',(1.,0.));
#10077 = ( GEOMETRIC_REPRESENTATION_CONTEXT(2) 
PARAMETRIC_REPRESENTATION_CONTEXT() REPRESENTATION_CONTEXT('2D SPACE',''
  ) );
#10078 = ADVANCED_FACE('',(#10079),#10032,.F.);
#10079 = FACE_BOUND('',#10080,.F.);
#10080 = EDGE_LOOP('',(#10081,#10082,#10105,#10132));
#10081 = ORIENTED_EDGE('',*,*,#10015,.F.);
#10082 = ORIENTED_EDGE('',*,*,#10083,.F.);
#10083 = EDGE_CURVE('',#10084,#10016,#10086,.T.);
#10084 = VERTEX_POINT('',#10085);
#10085 = CARTESIAN_POINT('',(56.7,10.,112.1));
#10086 = SEAM_CURVE('',#10087,(#10091,#10098),.PCURVE_S1.);
#10087 = LINE('',#10088,#10089);
#10088 = CARTESIAN_POINT('',(56.7,10.,112.1));
#10089 = VECTOR('',#10090,1.);
#10090 = DIRECTION('',(1.,0.,2.22044604925E-16));
#10091 = PCURVE('',#10032,#10092);
#10092 = DEFINITIONAL_REPRESENTATION('',(#10093),#10097);
#10093 = LINE('',#10094,#10095);
#10094 = CARTESIAN_POINT('',(6.28318530718,-0.));
#10095 = VECTOR('',#10096,1.);
#10096 = DIRECTION('',(0.,1.));
#10097 = ( GEOMETRIC_REPRESENTATION_CONTEXT(2) 
PARAMETRIC_REPRESENTATION_CONTEXT() REPRESENTATION_CONTEXT('2D SPACE',''
  ) );
#10098 = PCURVE('',#10032,#10099);
#10099 = DEFINITIONAL_REPRESENTATION('',(#10100),#10104);
#10100 = LINE('',#10101,#10102);
#10101 = CARTESIAN_POINT('',(0.,-0.));
#10102 = VECTOR('',#10103,1.);
#10103 = DIRECTION('',(0.,1.));
#10104 = ( GEOMETRIC_REPRESENTATION_CONTEXT(2) 
PARAMETRIC_REPRESENTATION_CONTEXT() REPRESENTATION_CONTEXT('2D SPACE',''
  ) );
#10105 = ORIENTED_EDGE('',*,*,#10106,.T.);
#10106 = EDGE_CURVE('',#10084,#10084,#10107,.T.);
#10107 = SURFACE_CURVE('',#10108,(#10113,#10120),.PCURVE_S1.);
#10108 = CIRCLE('',#10109,0.9);
#10109 = AXIS2_PLACEMENT_3D('',#10110,#10111,#10112);
#10110 = CARTESIAN_POINT('',(56.7,10.,113.));
#10111 = DIRECTION('',(1.,-0.,2.22044604925E-16));
#10112 = DIRECTION('',(2.22044604925E-16,0.,-1.));
#10113 = PCURVE('',#10032,#10114);
#10114 = DEFINITIONAL_REPRESENTATION('',(#10115),#10119);
#10115 = LINE('',#10116,#10117);
#10116 = CARTESIAN_POINT('',(0.,0.));
#10117 = VECTOR('',#10118,1.);
#10118 = DIRECTION('',(1.,0.));
#10119 = ( GEOMETRIC_REPRESENTATION_CONTEXT(2) 
PARAMETRIC_REPRESENTATION_CONTEXT() REPRESENTATION_CONTEXT('2D SPACE',''
  ) );
#10120 = PCURVE('',#10121,#10126);
#10121 = PLANE('',#10122);
#10122 = AXIS2_PLACEMENT_3D('',#10123,#10124,#10125);
#10123 = CARTESIAN_POINT('',(56.7,10.,113.));
#10124 = DIRECTION('',(1.,0.,2.22044604925E-16));
#10125 = DIRECTION('',(2.22044604925E-16,0.,-1.));
#10126 = DEFINITIONAL_REPRESENTATION('',(#10127),#10131);
#10127 = CIRCLE('',#10128,0.9);
#10128 = AXIS2_PLACEMENT_2D('',#10129,#10130);
#10129 = CARTESIAN_POINT('',(0.,0.));
#10130 = DIRECTION('',(1.,0.));
#10131 = ( GEOMETRIC_REPRESENTATION_CONTEXT(2) 
PARAMETRIC_REPRESENTATION_CONTEXT() REPRESENTATION_CONTEXT('2D SPACE',''
  ) );
#10132 = ORIENTED_EDGE('',*,*,#10083,.T.);
#10133 = ADVANCED_FACE('',(#10134),#10067,.F.);
#10134 = FACE_BOUND('',#10135,.F.);
#10135 = EDGE_LOOP('',(#10136,#10137,#10160,#10187));
#10136 = ORIENTED_EDGE('',*,*,#10050,.F.);
#10137 = ORIENTED_EDGE('',*,*,#10138,.F.);
#10138 = EDGE_CURVE('',#10139,#10051,#10141,.T.);
#10139 = VERTEX_POINT('',#10140);
#10140 = CARTESIAN_POINT('',(56.7,-10.,112.1));
#10141 = SEAM_CURVE('',#10142,(#10146,#10153),.PCURVE_S1.);
#10142 = LINE('',#10143,#10144);
#10143 = CARTESIAN_POINT('',(56.7,-10.,112.1));
#10144 = VECTOR('',#10145,1.);
#10145 = DIRECTION('',(1.,0.,2.22044604925E-16));
#10146 = PCURVE('',#10067,#10147);
#10147 = DEFINITIONAL_REPRESENTATION('',(#10148),#10152);
#10148 = LINE('',#10149,#10150);
#10149 = CARTESIAN_POINT('',(6.28318530718,-0.));
#10150 = VECTOR('',#10151,1.);
#10151 = DIRECTION('',(0.,1.));
#10152 = ( GEOMETRIC_REPRESENTATION_CONTEXT(2) 
PARAMETRIC_REPRESENTATION_CONTEXT() REPRESENTATION_CONTEXT('2D SPACE',''
  ) );
#10153 = PCURVE('',#10067,#10154);
#10154 = DEFINITIONAL_REPRESENTATION('',(#10155),#10159);
#10155 = LINE('',#10156,#10157);
#10156 = CARTESIAN_POINT('',(0.,-0.));
#10157 = VECTOR('',#10158,1.);
#10158 = DIRECTION('',(0.,1.));
#10159 = ( GEOMETRIC_REPRESENTATION_CONTEXT(2) 
PARAMETRIC_REPRESENTATION_CONTEXT() REPRESENTATION_CONTEXT('2D SPACE',''
  ) );
#10160 = ORIENTED_EDGE('',*,*,#10161,.T.);
#10161 = EDGE_CURVE('',#10139,#10139,#10162,.T.);
#10162 = SURFACE_CURVE('',#10163,(#10168,#10175),.PCURVE_S1.);
#10163 = CIRCLE('',#10164,0.9);
#10164 = AXIS2_PLACEMENT_3D('',#10165,#10166,#10167);
#10165 = CARTESIAN_POINT('',(56.7,-10.,113.));
#10166 = DIRECTION('',(1.,-0.,2.22044604925E-16));
#10167 = DIRECTION('',(2.22044604925E-16,0.,-1.));
#10168 = PCURVE('',#10067,#10169);
#10169 = DEFINITIONAL_REPRESENTATION('',(#10170),#10174);
#10170 = LINE('',#10171,#10172);
#10171 = CARTESIAN_POINT('',(0.,0.));
#10172 = VECTOR('',#10173,1.);
#10173 = DIRECTION('',(1.,0.));
#10174 = ( GEOMETRIC_REPRESENTATION_CONTEXT(2) 
PARAMETRIC_REPRESENTATION_CONTEXT() REPRESENTATION_CONTEXT('2D SPACE',''
  ) );
#10175 = PCURVE('',#10176,#10181);
#10176 = PLANE('',#10177);
#10177 = AXIS2_PLACEMENT_3D('',#10178,#10179,#10180);
#10178 = CARTESIAN_POINT('',(56.7,-10.,113.));
#10179 = DIRECTION('',(1.,0.,2.22044604925E-16));
#10180 = DIRECTION('',(2.22044604925E-16,0.,-1.));
#10181 = DEFINITIONAL_REPRESENTATION('',(#10182),#10186);
#10182 = CIRCLE('',#10183,0.9);
#10183 = AXIS2_PLACEMENT_2D('',#10184,#10185);
#10184 = CARTESIAN_POINT('',(0.,0.));
#10185 = DIRECTION('',(1.,0.));
#10186 = ( GEOMETRIC_REPRESENTATION_CONTEXT(2) 
PARAMETRIC_REPRESENTATION_CONTEXT() REPRESENTATION_CONTEXT('2D SPACE',''
  ) );
#10187 = ORIENTED_EDGE('',*,*,#10138,.T.);
#10188 = ADVANCED_FACE('',(#10189),#10121,.T.);
#10189 = FACE_BOUND('',#10190,.F.);
#10190 = EDGE_LOOP('',(#10191));
#10191 = ORIENTED_EDGE('',*,*,#10106,.F.);
#10192 = ADVANCED_FACE('',(#10193),#10176,.T.);
#10193 = FACE_BOUND('',#10194,.F.);
#10194 = EDGE_LOOP('',(#10195));
#10195 = ORIENTED_EDGE('',*,*,#10161,.F.);
#10196 = ( GEOMETRIC_REPRESENTATION_CONTEXT(3) 
GLOBAL_UNCERTAINTY_ASSIGNED_CONTEXT((#10200)) 
GLOBAL_UNIT_ASSIGNED_CONTEXT((#10197,#10198,#10199)) 
REPRESENTATION_CONTEXT('Context #1',
  '3D Context with UNIT and UNCERTAINTY') );
#10197 = ( LENGTH_UNIT() NAMED_UNIT(*) SI_UNIT(.MILLI.,.METRE.) );
#10198 = ( NAMED_UNIT(*) PLANE_ANGLE_UNIT() SI_UNIT($,.RADIAN.) );
#10199 = ( NAMED_UNIT(*) SI_UNIT($,.STERADIAN.) SOLID_ANGLE_UNIT() );
#10200 = UNCERTAINTY_MEASURE_WITH_UNIT(LENGTH_MEASURE(5.E-07),#10197,
  'distance_accuracy_value','confusion accuracy');
#10201 = PRODUCT_RELATED_PRODUCT_CATEGORY('part',$,(#7));
#10202 = MECHANICAL_DESIGN_GEOMETRIC_PRESENTATION_REPRESENTATION('',(
    #10203),#10196);
#10203 = STYLED_ITEM('color',(#10204),#15);
#10204 = PRESENTATION_STYLE_ASSIGNMENT((#10205,#10211));
#10205 = SURFACE_STYLE_USAGE(.BOTH.,#10206);
#10206 = SURFACE_SIDE_STYLE('',(#10207));
#10207 = SURFACE_STYLE_FILL_AREA(#10208);
#10208 = FILL_AREA_STYLE('',(#10209));
#10209 = FILL_AREA_STYLE_COLOUR('',#10210);
#10210 = COLOUR_RGB('',0.258823530754,0.498039215105,0.549019611989);
#10211 = CURVE_STYLE('',#10212,POSITIVE_LENGTH_MEASURE(0.1),#10210);
#10212 = DRAUGHTING_PRE_DEFINED_CURVE_FONT('continuous');
ENDSEC;
END-ISO-10303-21;
