# https://github.com/mikedh/trimesh

o pan_arm.stl
v 45.87137604 -3.43758440 0.80000007
v 46.00000000 0.00000000 0.80000007
v 46.00000000 0.00000000 14.90000057
v 45.87137604 -3.43758440 14.90000057
v 45.48621750 -6.85594416 0.80000007
v 45.48621750 -6.85594416 14.90000057
v 44.84668350 -10.23596287 0.80000007
v 44.84668350 -10.23596287 14.90000057
v 43.95634842 -13.55873775 14.90000057
v 43.95634842 -13.55873775 0.80000007
v 42.82019424 -16.80568695 0.80000007
v 42.82019424 -16.80568695 14.90000057
v 41.44456863 -19.95865250 0.80000007
v 41.44456863 -19.95865250 14.90000057
v 39.83716965 -23.00000000 0.80000007
v 39.83716965 -23.00000000 14.90000057
v 38.00698471 -25.91272354 14.90000057
v 38.00698471 -25.91272354 0.80000007
v 35.96424866 -28.68053055 14.90000057
v 35.96424866 -28.68053055 0.80000007
v 33.72038651 -31.28794670 0.80000007
v 33.72038651 -31.28794670 14.90000057
v 31.28794670 -33.72038651 0.80000007
v 31.28794670 -33.72038651 14.90000057
v 28.68053055 -35.96424866 14.90000057
v 28.68053055 -35.96424866 0.80000007
v 25.91272354 -38.00698471 0.80000007
v 25.91272354 -38.00698471 14.90000057
v 23.00000000 -39.83716965 0.80000007
v 23.00000000 -39.83716965 14.90000057
v 19.95865250 -41.44456863 0.80000007
v 19.95865250 -41.44456863 14.90000057
v 16.80568695 -42.82019424 14.90000057
v 16.80568695 -42.82019424 0.80000007
v 13.55873775 -43.95634842 0.80000007
v 13.55873775 -43.95634842 14.90000057
v 10.23596287 -44.84668350 14.90000057
v 7.00000000 -45.46427155 12.50000000
v 6.85594416 -45.48621750 14.90000057
v 10.23596287 -44.84668350 0.80000007
v 4.21047974 -45.80689621 12.50000000
v 3.43758440 -45.87137604 14.90000057
v 7.00000000 -45.46427155 5.20000029
v 1.40524173 -45.97853088 12.50000000
v -0.00000000 -46.00000000 14.90000057
v 6.85594416 -45.48621750 0.80000007
v 4.21047974 -45.80689621 5.20000029
v -1.40524173 -45.97853088 12.50000000
v -3.43758440 -45.87137604 14.90000057
v 3.43758440 -45.87137604 0.80000007
v 1.40524173 -45.97853088 5.20000029
v -4.21047974 -45.80689621 12.50000000
v -6.85594416 -45.48621750 14.90000057
v -0.00000000 -46.00000000 0.80000007
v -1.40524173 -45.97853088 5.20000029
v -7.00000000 -45.46427155 12.50000000
v -10.23596287 -44.84668350 14.90000057
v -3.43758440 -45.87137604 0.80000007
v -4.21047974 -45.80689621 5.20000029
v -7.00000000 -45.46427155 5.20000029
v -6.85594416 -45.48621750 0.80000007
v -10.23596287 -44.84668350 0.80000007
v -13.55873775 -43.95634842 14.90000057
v -13.55873775 -43.95634842 0.80000007
v -16.80568695 -42.82019424 0.80000007
v -16.80568695 -42.82019424 14.90000057
v -19.95865250 -41.44456863 0.80000007
v -19.95865250 -41.44456863 14.90000057
v -23.00000000 -39.83716965 14.90000057
v -23.00000000 -39.83716965 0.80000007
v -25.91272354 -38.00698471 0.80000007
v -25.91272354 -38.00698471 14.90000057
v -28.68053055 -35.96424866 0.80000007
v -28.68053055 -35.96424866 14.90000057
v -31.28794670 -33.72038651 14.90000057
v -31.28794670 -33.72038651 0.80000007
v -33.72038651 -31.28794670 14.90000057
v -33.72038651 -31.28794670 0.80000007
v -35.96424866 -28.68053055 0.80000007
v -35.96424866 -28.68053055 14.90000057
v -38.00698471 -25.91272354 0.80000007
v -38.00698471 -25.91272354 14.90000057
v -39.83716965 -23.00000000 14.90000057
v -39.83716965 -23.00000000 0.80000007
v -41.44456863 -19.95865250 14.90000057
v -41.44456863 -19.95865250 0.80000007
v -42.82019424 -16.80568695 14.90000057
v -42.82019424 -16.80568695 0.80000007
v -43.95634842 -13.55873775 0.80000007
v -43.95634842 -13.55873775 14.90000057
v -44.84668350 -10.23596287 0.80000007
v -44.84668350 -10.23596287 14.90000057
v -45.48621750 -6.85594416 14.90000057
v -45.48621750 -6.85594416 0.80000007
v -45.87137604 -3.43758440 0.80000007
v -45.87137604 -3.43758440 14.90000057
v -46.00000000 -0.00000000 0.80000007
v -46.00000000 -0.00000000 14.90000057
v -45.87137604 3.43758440 14.90000057
v -45.87137604 3.43758440 0.80000007
v -45.48621750 6.85594416 0.80000007
v -45.48621750 6.85594416 14.90000057
v -44.84668350 10.23596287 14.90000057
v -44.84668350 10.23596287 0.80000007
v -43.95634842 13.55873775 0.80000007
v -43.95634842 13.55873775 14.90000057
v -42.82019424 16.80568695 0.80000007
v -42.82019424 16.80568695 14.90000057
v -41.44456863 19.95865250 14.90000057
v -41.44456863 19.95865250 0.80000007
v -39.83716965 23.00000000 0.80000007
v -39.83716965 23.00000000 14.90000057
v -38.00698471 25.91272354 14.90000057
v -38.00698471 25.91272354 0.80000007
v -35.96424866 28.68053055 0.80000007
v -35.96424866 28.68053055 14.90000057
v -33.72038651 31.28794670 0.80000007
v -33.72038651 31.28794670 14.90000057
v -31.28794670 33.72038651 14.90000057
v -31.28794670 33.72038651 0.80000007
v -28.68053055 35.96424866 0.80000007
v -28.68053055 35.96424866 14.90000057
v -25.91272354 38.00698471 0.80000007
v -25.91272354 38.00698471 14.90000057
v -23.00000000 39.83716965 0.80000007
v -23.00000000 39.83716965 14.90000057
v -19.95865250 41.44456863 0.80000007
v -19.95865250 41.44456863 14.90000057
v -16.80568695 42.82019424 14.90000057
v -16.80568695 42.82019424 0.80000007
v -13.55873775 43.95634842 0.80000007
v -13.55873775 43.95634842 14.90000057
v -10.23596287 44.84668350 0.80000007
v -10.23596287 44.84668350 14.90000057
v -6.85594416 45.48621750 14.90000057
v -6.85594416 45.48621750 0.80000007
v -3.43758440 45.87137604 0.80000007
v -3.43758440 45.87137604 14.90000057
v -0.00000000 46.00000000 0.80000007
v -0.00000000 46.00000000 14.90000057
v 3.43758440 45.87137604 0.80000007
v 3.43758440 45.87137604 14.90000057
v 6.85594416 45.48621750 0.80000007
v 6.85594416 45.48621750 14.90000057
v 10.23596287 44.84668350 0.80000007
v 10.23596287 44.84668350 14.90000057
v 13.55873775 43.95634842 14.90000057
v 13.55873775 43.95634842 0.80000007
v 16.80568695 42.82019424 0.80000007
v 16.80568695 42.82019424 14.90000057
v 19.95865250 41.44456863 0.80000007
v 19.95865250 41.44456863 14.90000057
v 23.00000000 39.83716965 0.80000007
v 23.00000000 39.83716965 14.90000057
v 25.91272354 38.00698471 14.90000057
v 25.91272354 38.00698471 0.80000007
v 28.68053055 35.96424866 0.80000007
v 28.68053055 35.96424866 14.90000057
v 31.28794670 33.72038651 0.80000007
v 31.28794670 33.72038651 14.90000057
v 33.72038651 31.28794670 14.90000057
v 33.72038651 31.28794670 0.80000007
v 35.96424866 28.68053055 0.80000007
v 35.96424866 28.68053055 14.90000057
v 38.00698471 25.91272354 0.80000007
v 38.00698471 25.91272354 14.90000057
v 39.83716965 23.00000000 0.80000007
v 39.83716965 23.00000000 14.90000057
v 41.44456863 19.95865250 0.80000007
v 41.44456863 19.95865250 14.90000057
v 42.82019424 16.80568695 0.80000007
v 42.82019424 16.80568695 14.90000057
v 43.95634842 13.55873775 0.80000007
v 43.95634842 13.55873775 14.90000057
v 44.84668350 10.23596287 0.80000007
v 44.84668350 10.23596287 14.90000057
v 45.48621750 6.85594416 14.90000057
v 45.48621750 6.85594416 0.80000007
v 45.87137604 3.43758440 0.80000007
v 45.87137604 3.43758440 14.90000057
v 43.68605423 -13.02806759 0.10000010
v 44.51456451 -9.83134556 0.10000010
v 42.62829590 -16.15642548 0.10000010
v 41.34684753 -19.20000076 0.10000010
v 41.13354492 -19.45289421 0.05897594
v 41.16231537 -19.43089676 0.06595498
v 41.10395432 -19.47324181 0.05189008
v 41.07363129 -19.49194145 0.04482915
v 41.04265594 -19.50899315 0.03791847
v 41.01110840 -19.52439880 0.03127675
v 40.97906113 -19.53816032 0.02501597
v 40.94659424 -19.55027199 0.01924268
v 40.91378784 -19.56072617 0.01405700
v 40.88071823 -19.56950378 0.00955383
v 40.84747696 -19.57658195 0.00582284
v 40.81786728 -19.58141518 0.00322282
v 40.79431152 -19.58425713 0.00167418
v 40.76479340 -19.58652687 0.00042610
v 40.73546219 -19.58729744 0.00000010
v 41.34684753 19.20000076 0.10000010
v 42.62829590 16.15642548 0.10000010
v 43.68605423 13.02806759 0.10000010
v 44.51456451 9.83134556 0.10000010
v 45.10948181 6.58303308 0.10000010
v 45.92844391 -0.00000000 0.46928781
v 45.46768570 3.30017543 0.10000010
v 45.95007706 0.00000000 0.52181882
v 45.90313721 -0.00000000 0.41842458
v 45.87428284 -0.00000000 0.36948562
v 45.84202957 -0.00000000 0.32271776
v 45.80653763 -0.00000000 0.27835682
v 45.76798630 -0.00000000 0.23662657
v 45.72657394 -0.00000000 0.19773738
v 45.68250275 -0.00000000 0.16188541
v 45.63600159 -0.00000000 0.12925147
v 45.58729935 -0.00000000 0.10000010
v 45.87729263 -3.32990575 0.74322462
v 45.99798203 0.00000000 0.74322462
v 45.87126923 -3.32946849 0.68673545
v 45.99193954 0.00000000 0.68673545
v 45.86125946 -3.32874203 0.63081753
v 45.98190689 0.00000000 0.63081753
v 45.84731674 -3.32772994 0.57575274
v 45.96792603 0.00000000 0.57575274
v 45.82951355 -3.32643771 0.52181882
v 45.80793762 -3.32487154 0.46928781
v 45.78269577 -3.32303953 0.41842458
v 45.75391769 -3.32095075 0.36948562
v 45.72174835 -3.31861591 0.32271776
v 45.68635178 -3.31604671 0.27835682
v 45.64790344 -3.31325603 0.23662657
v 45.60659790 -3.31025791 0.19773738
v 45.56264114 -3.30706739 0.16188541
v 45.51626205 -3.30370092 0.12925147
v 45.46768570 -3.30017543 0.10000010
v 45.49995422 -6.64001608 0.63081753
v 45.48612213 -6.63799763 0.57575274
v 45.46846008 -6.63541985 0.52181882
v 45.44705200 -6.63229609 0.46928781
v 45.42200851 -6.62864161 0.41842458
v 45.39345932 -6.62447500 0.36948562
v 45.36154556 -6.61981726 0.32271776
v 45.32642365 -6.61469221 0.27835682
v 45.28828049 -6.60912514 0.23662657
v 45.24729919 -6.60314512 0.19773738
v 45.20368958 -6.59678078 0.16188541
v 45.15767288 -6.59006548 0.12925147
v 45.10948181 -6.58303308 0.10000010
v 44.88623810 -9.91343212 0.57575274
v 44.86880493 -9.90958214 0.52181882
v 44.84768295 -9.90491676 0.46928781
v 44.82297134 -9.89945889 0.41842458
v 44.79479599 -9.89323616 0.36948562
v 44.76330185 -9.88628101 0.32271776
v 44.72864532 -9.87862682 0.27835682
v 44.69100189 -9.87031269 0.23662657
v 44.65056229 -9.86138153 0.19773738
v 44.60752869 -9.85187721 0.16188541
v 44.56211853 -9.84184837 0.12925147
v 44.03370285 -13.13174343 0.52181882
v 44.01296997 -13.12556076 0.46928781
v 43.98871994 -13.11832905 0.41842458
v 43.96106720 -13.11008358 0.36948562
v 43.93016052 -13.10086536 0.32271776
v 43.89614868 -13.09072304 0.27835682
v 43.85920715 -13.07970619 0.23662657
v 43.81951904 -13.06787014 0.19773738
v 43.77728653 -13.05527592 0.16188541
v 43.73272324 -13.04198647 0.12925147
v 42.94729996 -16.27732849 0.46928781
v 42.92363358 -16.26836014 0.41842458
v 42.89665222 -16.25813293 0.36948562
v 42.86649323 -16.24670219 0.32271776
v 42.83330536 -16.23412514 0.27835682
v 42.79725647 -16.22046280 0.23662657
v 42.75853348 -16.20578384 0.19773738
v 42.71732330 -16.19016647 0.16188541
v 42.67383957 -16.17368507 0.12925147
v 41.65625763 -19.34367943 0.46928781
v 41.63330460 -19.33302116 0.41842458
v 41.60713577 -19.32086945 0.36948562
v 41.57788467 -19.30728531 0.32271776
v 41.19017029 -19.40725136 0.07268807
v 41.54569244 -19.29233742 0.27835682
v 41.21699905 -19.38197327 0.07902896
v 41.51073074 -19.27610016 0.23662657
v 41.24267197 -19.35508156 0.08482488
v 41.26704407 -19.32661247 0.08991729
v 41.47316742 -19.25865936 0.19773738
v 41.28720093 -19.30040932 0.09367369
v 41.43319702 -19.24009705 0.16188541
v 41.30382156 -19.27652931 0.09633127
v 41.39101791 -19.22051239 0.12925147
v 41.31936264 -19.25184250 0.09831851
v 41.33369827 -19.22641945 0.09956371
v 41.34045410 -19.21328735 0.09988974
v 39.84872437 -22.97593117 0.74322462
v 39.84349060 -22.97291374 0.68673545
v 39.83479691 -22.96790123 0.63081753
v 39.82268906 -22.96092033 0.57575274
v 39.80722427 -22.95200348 0.52181882
v 39.78848267 -22.94119644 0.46928781
v 39.76655960 -22.92855644 0.41842458
v 39.74156189 -22.91414452 0.36948562
v 39.71362305 -22.89803314 0.32271776
v 39.68287277 -22.88030624 0.27835682
v 39.64947891 -22.86104965 0.23662657
v 39.61360168 -22.84036255 0.19773738
v 39.57542038 -22.81834984 0.16188541
v 39.53513718 -22.79512215 0.12925147
v 39.49294281 -22.77079582 0.10000010
v 39.45777130 -22.75051689 0.07902895
v 39.42050934 -22.72903061 0.05988180
v 39.38616180 -22.70922852 0.04482914
v 39.34931564 -22.68798256 0.03127676
v 39.30899429 -22.66473389 0.01936710
v 39.27056122 -22.64257431 0.01073224
v 39.22976685 -22.61905289 0.00437039
v 39.18692780 -22.59435463 0.00072552
v 39.15742111 -22.57734108 0.00000010
v 38.01987839 -25.89021492 0.74322462
v 38.01488495 -25.88681412 0.68673545
v 38.00659180 -25.88116455 0.63081753
v 37.99503708 -25.87329865 0.57575274
v 37.98028183 -25.86325073 0.52181882
v 37.96240234 -25.85107422 0.46928781
v 37.94148254 -25.83683014 0.41842458
v 37.91763306 -25.82058907 0.36948562
v 37.89097595 -25.80243492 0.32271776
v 37.86164093 -25.78245926 0.27835682
v 37.82977676 -25.76076126 0.23662657
v 37.79554367 -25.73744965 0.19773738
v 37.75911713 -25.71264458 0.16188541
v 37.72068024 -25.68647003 0.12925147
v 37.68042755 -25.65905762 0.10000010
v 37.64686966 -25.63620758 0.07902895
v 37.61131668 -25.61199570 0.05988180
v 37.57854462 -25.58968163 0.04482914
v 37.54338837 -25.56574059 0.03127676
v 37.50492096 -25.53954506 0.01936710
v 37.46825027 -25.51457405 0.01073224
v 37.42932510 -25.48806763 0.00437039
v 37.38845444 -25.46023750 0.00072552
v 37.36030197 -25.44106483 0.00000010
v 35.97831726 -28.65964317 0.74322462
v 35.97359085 -28.65587997 0.68673545
v 35.96574020 -28.64962769 0.63081753
v 35.95480728 -28.64091873 0.57575274
v 35.94084549 -28.62979507 0.52181882
v 35.92392349 -28.61631584 0.46928781
v 35.90412903 -28.60054779 0.41842458
v 35.88156128 -28.58257103 0.36948562
v 35.85633469 -28.56247520 0.32271776
v 35.82857513 -28.54036140 0.27835682
v 35.79841995 -28.51634216 0.23662657
v 35.76602554 -28.49053955 0.19773738
v 35.73155594 -28.46308136 0.16188541
v 35.69518280 -28.43410683 0.12925147
v 35.65708923 -28.40376091 0.10000010
v 35.62533569 -28.37846565 0.07902895
v 35.59169006 -28.35166550 0.05988180
v 35.56068039 -28.32696342 0.04482914
v 35.52741241 -28.30046272 0.03127676
v 35.49100876 -28.27146339 0.01936710
v 35.45630646 -28.24382210 0.01073224
v 35.41947174 -28.21448135 0.00437039
v 35.38079834 -28.18367195 0.00072552
v 35.35415649 -28.16245079 0.00000010
v 33.73545837 -31.26872635 0.74322462
v 33.73102570 -31.26461983 0.68673545
v 33.72366714 -31.25779724 0.63081753
v 33.71341705 -31.24829674 0.57575274
v 33.70032501 -31.23616028 0.52181882
v 33.68445587 -31.22145462 0.46928781
v 33.66589737 -31.20425034 0.41842458
v 33.64473343 -31.18463707 0.36948562
v 33.62107849 -31.16271210 0.32271776
v 33.59505081 -31.13858604 0.27835682
v 33.56677628 -31.11237907 0.23662657
v 33.53640366 -31.08422661 0.19773738
v 33.50408173 -31.05426788 0.16188541
v 33.46997452 -31.02265739 0.12925147
v 33.43425751 -30.98954964 0.10000010
v 33.40448380 -30.96195221 0.07902895
v 33.37293625 -30.93271065 0.05988180
v 33.34385681 -30.90575981 0.04482914
v 33.31266403 -30.87684631 0.03127676
v 33.27853012 -30.84520721 0.01936710
v 33.24599075 -30.81505013 0.01073224
v 33.21145248 -30.78303719 0.00437039
v 33.17518997 -30.74942398 0.00072552
v 33.15020752 -30.72627068 0.00000010
v 31.30385590 -33.70286560 0.74322462
v 31.29974365 -33.69843674 0.68673545
v 31.29291344 -33.69108582 0.63081753
v 31.28340149 -33.68084335 0.57575274
v 31.27125168 -33.66776276 0.52181882
v 31.25653076 -33.65191269 0.46928781
v 31.23930740 -33.63336945 0.41842458
v 31.21967125 -33.61222839 0.36948562
v 31.19772148 -33.58859634 0.32271776
v 31.17356682 -33.56259155 0.27835682
v 31.14733315 -33.53434753 0.23662657
v 31.11914825 -33.50400162 0.19773738
v 31.08915520 -33.47171021 0.16188541
v 31.05750847 -33.43763733 0.12925147
v 31.02436447 -33.40195465 0.10000010
v 30.99673462 -33.37220764 0.07902895
v 30.96746254 -33.34069061 0.05988180
v 30.94048119 -33.31164169 0.04482914
v 30.91153336 -33.28047562 0.03127676
v 30.87985992 -33.24637604 0.01936710
v 30.84966850 -33.21387100 0.01073224
v 30.81761932 -33.17936707 0.00437039
v 30.78396988 -33.14313507 0.00072552
v 30.76078987 -33.11817932 0.00000010
v 28.19926643 -35.32479858 0.00000010
v 28.69711113 -35.94844055 0.74322462
v 28.69334221 -35.94371796 0.68673545
v 28.68708038 -35.93587494 0.63081753
v 28.67835999 -35.92494965 0.57575274
v 28.66722298 -35.91099930 0.52181882
v 28.65372658 -35.89409256 0.46928781
v 28.63793755 -35.87431335 0.41842458
v 28.61993599 -35.85176468 0.36948562
v 28.59981537 -35.82655716 0.32271776
v 28.57767296 -35.79882050 0.27835682
v 28.55362129 -35.76869202 0.23662657
v 28.52778435 -35.73632812 0.19773738
v 28.50028992 -35.70188522 0.16188541
v 28.47127724 -35.66554260 0.12925147
v 28.44089317 -35.62747955 0.10000010
v 28.41556549 -35.59575272 0.07902895
v 28.38872910 -35.56213379 0.05988180
v 28.36399460 -35.53115082 0.04482914
v 28.33745956 -35.49790955 0.03127676
v 28.30842209 -35.46153641 0.01936710
v 28.28074455 -35.42686462 0.01073224
v 28.25136566 -35.39006042 0.00437039
v 28.22051620 -35.35141754 0.00072552
v 25.92980957 -37.99288559 0.74322462
v 25.92640305 -37.98789597 0.68673545
v 25.92074585 -37.97960663 0.63081753
v 25.91286659 -37.96806335 0.57575274
v 25.90280342 -37.95331955 0.52181882
v 25.89060783 -37.93544769 0.46928781
v 25.87634277 -37.91454697 0.41842458
v 25.86007690 -37.89071274 0.36948562
v 25.84189606 -37.86407471 0.32271776
v 25.82188797 -37.83475876 0.27835682
v 25.80015755 -37.80291748 0.23662657
v 25.77681160 -37.76871109 0.19773738
v 25.75196838 -37.73231125 0.16188541
v 25.72575378 -37.69390106 0.12925147
v 25.69829941 -37.65367508 0.10000010
v 25.67541313 -37.62014008 0.07902895
v 25.65116501 -37.58461380 0.05988180
v 25.62881660 -37.55186462 0.04482914
v 25.60483932 -37.51673508 0.03127676
v 25.57860184 -37.47829056 0.01936710
v 25.55359459 -37.44165039 0.01073224
v 25.52704811 -37.40275192 0.00437039
v 25.49917412 -37.36191177 0.00072552
v 25.47997284 -37.33377838 0.00000010
v 23.01743317 -39.82476807 0.74322462
v 23.01441002 -39.81953812 0.68673545
v 23.00938797 -39.81084824 0.63081753
v 23.00239372 -39.79874802 0.57575274
v 22.99346161 -39.78329086 0.52181882
v 22.98263550 -39.76456070 0.46928781
v 22.96997261 -39.74264908 0.41842458
v 22.95553398 -39.71767044 0.36948562
v 22.93939400 -39.68974304 0.32271776
v 22.92163467 -39.65901566 0.27835682
v 22.90234375 -39.62564087 0.23662657
v 22.88162041 -39.58978271 0.19773738
v 22.85956764 -39.55162811 0.16188541
v 22.83629799 -39.51136780 0.12925147
v 22.81192589 -39.46920013 0.10000010
v 22.79161072 -39.43405151 0.07902895
v 22.77008629 -39.39680862 0.05988180
v 22.75024796 -39.36248398 0.04482914
v 22.72896385 -39.32565689 0.03127676
v 22.70567322 -39.28536224 0.01936710
v 22.68347359 -39.24695206 0.01073224
v 22.65990829 -39.20618057 0.00437039
v 22.63516617 -39.16336823 0.00072552
v 22.61812210 -39.13388062 0.00000010
v 19.97627831 -41.43383408 0.74322462
v 19.97365379 -41.42839432 0.68673545
v 19.96929550 -41.41935349 0.63081753
v 19.96322632 -41.40676117 0.57575274
v 19.95547295 -41.39068222 0.52181882
v 19.94607735 -41.37119675 0.46928781
v 19.93508720 -41.34840012 0.41842458
v 19.92255783 -41.32241058 0.36948562
v 19.90855026 -41.29335785 0.32271776
v 19.89313698 -41.26138687 0.27835682
v 19.87639427 -41.22666168 0.23662657
v 19.85840797 -41.18935776 0.19773738
v 19.83926964 -41.14965820 0.16188541
v 19.81907463 -41.10776901 0.12925147
v 19.79792404 -41.06389999 0.10000010
v 19.78029251 -41.02733231 0.07902895
v 19.76161194 -40.98858643 0.05988180
v 19.74439430 -40.95287323 0.04482914
v 19.72592163 -40.91455841 0.03127676
v 19.70570946 -40.87263489 0.01936710
v 19.68644333 -40.83267212 0.01073224
v 19.66599083 -40.79025269 0.00437039
v 19.64451790 -40.74571228 0.00072552
v 19.62972450 -40.71503448 0.00000010
v 16.82335854 -42.81108475 0.74322462
v 16.82114792 -42.80546188 0.68673545
v 16.81747818 -42.79612350 0.63081753
v 16.81236649 -42.78311157 0.57575274
v 16.80583763 -42.76649857 0.52181882
v 16.79792404 -42.74636459 0.46928781
v 16.78866959 -42.72280884 0.41842458
v 16.77811623 -42.69595718 0.36948562
v 16.76631927 -42.66593552 0.32271776
v 16.75333977 -42.63290405 0.27835682
v 16.73923874 -42.59702682 0.23662657
v 16.72409248 -42.55847931 0.19773738
v 16.70797348 -42.51746368 0.16188541
v 16.69096565 -42.47418213 0.12925147
v 16.67315292 -42.42885590 0.10000010
v 16.65830612 -42.39106750 0.07902895
v 16.64257240 -42.35103607 0.05988180
v 16.62807274 -42.31413651 0.04482914
v 16.61251640 -42.27454758 0.03127676
v 16.59549332 -42.23123169 0.01936710
v 16.57926941 -42.18994141 0.01073224
v 16.56204414 -42.14611053 0.00437039
v 16.54396057 -42.10009003 0.00072552
v 16.53150368 -42.06838989 0.00000010
v 13.57631302 -43.94881439 0.74322462
v 13.57453060 -43.94303894 0.68673545
v 13.57156849 -43.93345261 0.63081753
v 13.56744289 -43.92009735 0.57575274
v 13.56217384 -43.90304184 0.52181882
v 13.55578899 -43.88237000 0.46928781
v 13.54831886 -43.85819244 0.41842458
v 13.53980350 -43.83062363 0.36948562
v 13.53028393 -43.79980850 0.32271776
v 13.51980877 -43.76589584 0.27835682
v 13.50843048 -43.72906494 0.23662657
v 13.49620724 -43.68949509 0.19773738
v 13.48320007 -43.64738846 0.16188541
v 13.46947384 -43.60295486 0.12925147
v 13.45510006 -43.55642319 0.10000010
v 13.44311714 -43.51763535 0.07902895
v 13.43042183 -43.47653580 0.05988180
v 13.41872025 -43.43865585 0.04482914
v 13.40616608 -43.39801788 0.03127676
v 13.39242935 -43.35354996 0.01936710
v 13.37933540 -43.31116104 0.01073224
v 13.36543560 -43.26616669 0.00437039
v 13.35084152 -43.21892166 0.00072552
v 13.34078884 -43.18637848 0.00000010
v 10.25331116 -44.84065247 0.74322462
v 10.25196457 -44.83476257 0.68673545
v 10.24972725 -44.82497787 0.63081753
v 10.24661160 -44.81135178 0.57575274
v 10.24263191 -44.79394913 0.52181882
v 10.23781013 -44.77286148 0.46928781
v 10.23216915 -44.74819183 0.41842458
v 10.22573757 -44.72006226 0.36948562
v 10.21854782 -44.68862152 0.32271776
v 10.21063614 -44.65402222 0.27835682
v 10.20204353 -44.61644363 0.23662657
v 10.19281197 -44.57607269 0.19773738
v 10.18298817 -44.53311157 0.16188541
v 10.17262173 -44.48777771 0.12925147
v 10.16176605 -44.44029999 0.10000010
v 10.15271664 -44.40072250 0.07902895
v 10.14312840 -44.35879135 0.05988180
v 10.13429070 -44.32014084 0.04482914
v 10.12480927 -44.27867889 0.03127676
v 10.11443520 -44.23330688 0.01936710
v 10.10454559 -44.19005966 0.01073224
v 10.09404850 -44.14415359 0.00437039
v 10.08302689 -44.09595108 0.00072552
v 10.07543468 -44.06274796 0.00000010
v 6.87294245 -45.48161316 0.74322462
v 6.87203979 -45.47563934 0.68673545
v 6.87054014 -45.46571732 0.63081753
v 6.86845160 -45.45189667 0.57575274
v 6.86578417 -45.43424606 0.52181882
v 6.86255169 -45.41285324 0.46928781
v 6.85877037 -45.38782883 0.41842458
v 6.85445929 -45.35930252 0.36948562
v 6.84963989 -45.32741165 0.32271776
v 6.84433699 -45.29231644 0.27835682
v 6.83857679 -45.25419998 0.23662657
v 6.83238888 -45.21324921 0.19773738
v 6.82580376 -45.16967392 0.16188541
v 6.81885576 -45.12369537 0.12925147
v 6.81157875 -45.07553864 0.10000010
v 6.80551243 -45.03539658 0.07902895
v 6.79908514 -44.99286270 0.05988180
v 6.79316139 -44.95366287 0.04482914
v 6.78680611 -44.91160583 0.03127676
v 6.77985191 -44.86558533 0.01936710
v 6.77322292 -44.82172012 0.01073224
v 6.76618671 -44.77515793 0.00437039
v 6.75879860 -44.72626495 0.00072552
v 6.75370932 -44.69258881 0.00000010
v 3.45412064 -45.86811066 0.74322462
v 3.45366693 -45.86208344 0.68673545
v 3.45291328 -45.85207748 0.63081753
v 3.45186377 -45.83813858 0.57575274
v 3.45052314 -45.82033920 0.52181882
v 3.44889855 -45.79876709 0.46928781
v 3.44699836 -45.77352905 0.41842458
v 3.44483161 -45.74475861 0.36948562
v 3.44240952 -45.71259689 0.32271776
v 3.43974447 -45.67720413 0.27835682
v 3.43684959 -45.63876343 0.23662657
v 3.43373966 -45.59746552 0.19773738
v 3.43043041 -45.55352020 0.16188541
v 3.42693830 -45.50714874 0.12925147
v 3.42328119 -45.45858383 0.10000010
v 3.42023253 -45.41810226 0.07902895
v 3.41700244 -45.37520599 0.05988180
v 3.41402531 -45.33567429 0.04482914
v 3.41083121 -45.29325867 0.03127676
v 3.40733624 -45.24684906 0.01936710
v 3.40400481 -45.20261002 0.01073224
v 3.40046859 -45.15565109 0.00437039
v 3.39675546 -45.10634613 0.00072552
v 3.39419770 -45.07238007 0.00000010
v 0.01597340 -45.99797821 0.74322462
v 0.01597130 -45.99193954 0.68673545
v 0.01596781 -45.98190308 0.63081753
v 0.01596296 -45.96792603 0.57575274
v 0.01595676 -45.95007324 0.52181882
v 0.01594925 -45.92844009 0.46928781
v 0.01594046 -45.90313339 0.41842458
v 0.01593044 -45.87427902 0.36948562
v 0.01591924 -45.84202576 0.32271776
v 0.01590692 -45.80653381 0.27835682
v 0.01589353 -45.76798630 0.23662657
v 0.01587915 -45.72657013 0.19773738
v 0.01586384 -45.68249893 0.16188541
v 0.01584769 -45.63599777 0.12925147
v 0.01583078 -45.58729553 0.10000010
v 0.01581668 -45.54669571 0.07902895
v 0.01580175 -45.50368118 0.05988180
v 0.01578798 -45.46403503 0.04482914
v 0.01577321 -45.42150116 0.03127676
v 0.01575704 -45.37496185 0.01936710
v 0.01574164 -45.33059692 0.01073224
v 0.01572529 -45.28350449 0.00437039
v 0.01570811 -45.23405838 0.00072552
v 0.01569629 -45.19999695 0.00000010
v -3.36289310 -45.07472610 0.00000010
v -3.42226315 -45.87049866 0.74322462
v -3.42181373 -45.86447144 0.68673545
v -3.42106700 -45.85446548 0.63081753
v -3.42002702 -45.84052658 0.57575274
v -3.41869903 -45.82272339 0.52181882
v -3.41708946 -45.80115128 0.46928781
v -3.41520643 -45.77591324 0.41842458
v -3.41305995 -45.74713898 0.36948562
v -3.41066027 -45.71497726 0.32271776
v -3.40801954 -45.67958450 0.27835682
v -3.40515137 -45.64113998 0.23662657
v -3.40207028 -45.59984207 0.19773738
v -3.39879131 -45.55589294 0.16188541
v -3.39533162 -45.50951767 0.12925147
v -3.39170814 -45.46095276 0.10000010
v -3.38868761 -45.42046356 0.07902895
v -3.38548732 -45.37757111 0.05988180
v -3.38253760 -45.33803558 0.04482914
v -3.37937307 -45.29561615 0.03127676
v -3.37591028 -45.24920273 0.01936710
v -3.37260962 -45.20496368 0.01073224
v -3.36910582 -45.15800095 0.00437039
v -3.36542726 -45.10869217 0.00072552
v -6.72266722 -44.69726944 0.00000010
v -6.84135246 -45.48637390 0.74322462
v -6.84045410 -45.48040009 0.68673545
v -6.83896160 -45.47047806 0.63081753
v -6.83688259 -45.45665359 0.57575274
v -6.83422756 -45.43900299 0.52181882
v -6.83100986 -45.41761017 0.46928781
v -6.82724571 -45.39258194 0.41842458
v -6.82295465 -45.36405182 0.36948562
v -6.81815720 -45.33215714 0.32271776
v -6.81287861 -45.29705811 0.27835682
v -6.80714512 -45.25893784 0.23662657
v -6.80098534 -45.21798325 0.19773738
v -6.79443073 -45.17440414 0.16188541
v -6.78751421 -45.12841797 0.12925147
v -6.78027058 -45.08025742 0.10000010
v -6.77423239 -45.04011154 0.07902895
v -6.76783514 -44.99757385 0.05988180
v -6.76193810 -44.95837021 0.04482914
v -6.75561190 -44.91630936 0.03127676
v -6.74868965 -44.87028503 0.01936710
v -6.74209166 -44.82641602 0.01073224
v -6.73508739 -44.77984619 0.00437039
v -6.72773314 -44.73094940 0.00072552
v -10.22216511 -44.84776306 0.74322462
v -10.22082329 -44.84187317 0.68673545
v -10.21859264 -44.83208847 0.63081753
v -10.21548653 -44.81845856 0.57575274
v -10.21151924 -44.80105209 0.52181882
v -10.20671177 -44.77996063 0.46928781
v -10.20108795 -44.75528717 0.41842458
v -10.19467545 -44.72715378 0.36948562
v -10.18750763 -44.69570923 0.32271776
v -10.17962074 -44.66110611 0.27835682
v -10.17105389 -44.62351990 0.23662657
v -10.16184998 -44.58314133 0.19773738
v -10.15205669 -44.54017258 0.16188541
v -10.14172173 -44.49483109 0.12925147
v -10.13089848 -44.44734573 0.10000010
v -10.12187672 -44.40776443 0.07902895
v -10.11231709 -44.36582565 0.05988180
v -10.10350704 -44.32717133 0.04482914
v -10.09405422 -44.28569794 0.03127676
v -10.08371162 -44.24032211 0.01936710
v -10.07385254 -44.19706726 0.01073224
v -10.06338692 -44.15115356 0.00437039
v -10.05239868 -44.10294342 0.00072552
v -10.04482937 -44.06973267 0.00000010
v -13.54578686 -43.95823288 0.74322462
v -13.54400730 -43.95245743 0.68673545
v -13.54105186 -43.94286728 0.63081753
v -13.53693581 -43.92950821 0.57575274
v -13.53167915 -43.91244888 0.52181882
v -13.52530766 -43.89177704 0.46928781
v -13.51785564 -43.86759186 0.41842458
v -13.50935841 -43.84001541 0.36948562
v -13.49986076 -43.80919266 0.32271776
v -13.48940849 -43.77527618 0.27835682
v -13.47805595 -43.73843384 0.23662657
v -13.46586037 -43.69885635 0.19773738
v -13.45288181 -43.65674210 0.16188541
v -13.43918800 -43.61230087 0.12925147
v -13.42484570 -43.56575775 0.10000010
v -13.41288948 -43.52695847 0.07902895
v -13.40022278 -43.48585510 0.05988180
v -13.38854694 -43.44796371 0.04482914
v -13.37602139 -43.40731812 0.03127676
v -13.36231613 -43.36283875 0.01936710
v -13.34925079 -43.32044220 0.01073224
v -13.33538342 -43.27543640 0.00437039
v -13.32082176 -43.22818375 0.00072552
v -13.31079102 -43.19563293 0.00000010
v -16.50228119 -42.07986069 0.00000010
v -16.79362106 -42.82275772 0.74322462
v -16.79141426 -42.81713486 0.68673545
v -16.78775024 -42.80779266 0.63081753
v -16.78264809 -42.79478073 0.57575274
v -16.77613068 -42.77816010 0.52181882
v -16.76823235 -42.75801849 0.46928781
v -16.75899315 -42.73445892 0.41842458
v -16.74845886 -42.70759964 0.36948562
v -16.73668289 -42.67757034 0.32271776
v -16.72372437 -42.64453125 0.27835682
v -16.70965004 -42.60864258 0.23662657
v -16.69453049 -42.57008362 0.19773738
v -16.67844009 -42.52905655 0.16188541
v -16.66146278 -42.48576355 0.12925147
v -16.64368248 -42.44042587 0.10000010
v -16.62886047 -42.40262985 0.07902895
v -16.61315536 -42.36258316 0.05988180
v -16.59868050 -42.32567215 0.04482914
v -16.58315086 -42.28607559 0.03127676
v -16.56616020 -42.24274826 0.01936710
v -16.54996300 -42.20144653 0.01073224
v -16.53276825 -42.15760422 0.00437039
v -16.51471710 -42.11157227 0.00072552
v -19.94749641 -41.44770050 0.74322462
v -19.94487572 -41.44225693 0.68673545
v -19.94052505 -41.43321228 0.63081753
v -19.93446350 -41.42061615 0.57575274
v -19.92672157 -41.40453339 0.52181882
v -19.91733932 -41.38504028 0.46928781
v -19.90636444 -41.36223602 0.41842458
v -19.89385223 -41.33623505 0.36948562
v -19.87986565 -41.30717468 0.32271776
v -19.86447525 -41.27519226 0.27835682
v -19.84775734 -41.24045563 0.23662657
v -19.82979774 -41.20314026 0.19773738
v -19.81068611 -41.16342926 0.16188541
v -19.79051971 -41.12152481 0.12925147
v -19.76939964 -41.07764053 0.10000010
v -19.75179291 -41.04105759 0.07902895
v -19.73313904 -41.00230026 0.05988180
v -19.71594620 -40.96657562 0.04482914
v -19.69750023 -40.92824936 0.03127676
v -19.67731857 -40.88631058 0.01936710
v -19.65807915 -40.84633636 0.01073224
v -19.63765717 -40.80390167 0.00437039
v -19.61621475 -40.75934601 0.00072552
v -19.60144234 -40.72865677 0.00000010
v -22.98976898 -39.84074402 0.74322462
v -22.98674965 -39.83551407 0.68673545
v -22.98173332 -39.82682037 0.63081753
v -22.97474670 -39.81471252 0.57575274
v -22.96582603 -39.79925156 0.52181882
v -22.95501328 -39.78051376 0.46928781
v -22.94236374 -39.75859451 0.41842458
v -22.92794418 -39.73360443 0.36948562
v -22.91182327 -39.70566559 0.32271776
v -22.89408493 -39.67492676 0.27835682
v -22.87481689 -39.64153671 0.23662657
v -22.85411835 -39.60566711 0.19773738
v -22.83209229 -39.56749725 0.16188541
v -22.80884933 -39.52721786 0.12925147
v -22.78450775 -39.48503494 0.10000010
v -22.76421738 -39.44987106 0.07902895
v -22.74271965 -39.41261292 0.05988180
v -22.72290421 -39.37827301 0.04482914
v -22.70164490 -39.34143448 0.03127676
v -22.67838287 -39.30112076 0.01936710
v -22.65620995 -39.26269531 0.01073224
v -22.63267326 -39.22190857 0.00437039
v -22.60796165 -39.17908096 0.00072552
v -22.59093666 -39.14957809 0.00000010
v -25.45403862 -37.35146713 0.00000010
v -25.90341568 -38.01088715 0.74322462
v -25.90001297 -38.00589371 0.68673545
v -25.89436150 -37.99760056 0.63081753
v -25.88648987 -37.98604965 0.57575274
v -25.87643814 -37.97129822 0.52181882
v -25.86425400 -37.95342255 0.46928781
v -25.85000420 -37.93251038 0.41842458
v -25.83375549 -37.90866470 0.36948562
v -25.81559181 -37.88201141 0.32271776
v -25.79560471 -37.85268402 0.27835682
v -25.77389526 -37.82082748 0.23662657
v -25.75057411 -37.78660583 0.19773738
v -25.72575569 -37.75018692 0.16188541
v -25.69956779 -37.71175766 0.12925147
v -25.67214203 -37.67151260 0.10000010
v -25.64927864 -37.63796234 0.07902895
v -25.62505531 -37.60242081 0.05988180
v -25.60272980 -37.56965637 0.04482914
v -25.57877731 -37.53450775 0.03127676
v -25.55256653 -37.49604797 0.01936710
v -25.52758408 -37.45938873 0.01073224
v -25.50106430 -37.42047119 0.00437039
v -25.47321892 -37.37961197 0.00072552
v -28.17472649 -35.34437561 0.00000010
v -28.67213631 -35.96836090 0.74322462
v -28.66837120 -35.96363831 0.68673545
v -28.66211510 -35.95579147 0.63081753
v -28.65340233 -35.94485855 0.57575274
v -28.64227486 -35.93090057 0.52181882
v -28.62878990 -35.91398621 0.46928781
v -28.61301422 -35.89419556 0.41842458
v -28.59502983 -35.87163162 0.36948562
v -28.57492447 -35.84641266 0.32271776
v -28.55280304 -35.81866074 0.27835682
v -28.52877235 -35.78851700 0.23662657
v -28.50295830 -35.75613022 0.19773738
v -28.47548676 -35.72167206 0.16188541
v -28.44650078 -35.68530655 0.12925147
v -28.41614342 -35.64722443 0.10000010
v -28.39083672 -35.61547852 0.07902895
v -28.36402321 -35.58184433 0.05988180
v -28.33931160 -35.55084229 0.04482914
v -28.31279755 -35.51758194 0.03127676
v -28.28378677 -35.48118973 0.01936710
v -28.25613403 -35.44649887 0.01073224
v -28.22677803 -35.40967178 0.00437039
v -28.19595718 -35.37100983 0.00072552
v -31.28043938 -33.72459793 0.74322462
v -31.27633095 -33.72016907 0.68673545
v -31.26950645 -33.71281052 0.63081753
v -31.26000214 -33.70256042 0.57575274
v -31.24786186 -33.68947601 0.52181882
v -31.23315048 -33.67361450 0.46928781
v -31.21594048 -33.65505981 0.41842458
v -31.19631958 -33.63390350 0.36948562
v -31.17438507 -33.61025620 0.32271776
v -31.15024948 -33.58423615 0.27835682
v -31.12403488 -33.55597305 0.23662657
v -31.09587097 -33.52560806 0.19773738
v -31.06590080 -33.49329758 0.16188541
v -31.03427696 -33.45920181 0.12925147
v -31.00115776 -33.42349243 0.10000010
v -30.97354889 -33.39372635 0.07902895
v -30.94429779 -33.36219025 0.05988180
v -30.91733742 -33.33312225 0.04482914
v -30.88841248 -33.30193710 0.03127676
v -30.85676193 -33.26781464 0.01936710
v -30.82659340 -33.23529053 0.01073224
v -30.79456711 -33.20075989 0.00437039
v -30.76094246 -33.16450882 0.00072552
v -30.73777962 -33.13953781 0.00000010
v -33.12886047 -30.74928665 0.00000010
v -33.71373367 -31.29214859 0.74322462
v -33.70930481 -31.28804016 0.68673545
v -33.70195007 -31.28121185 0.63081753
v -33.69170380 -31.27170372 0.57575274
v -33.67861938 -31.25955963 0.52181882
v -33.66276550 -31.24484253 0.46928781
v -33.64421463 -31.22762489 0.41842458
v -33.62306976 -31.20799637 0.36948562
v -33.59943008 -31.18605423 0.32271776
v -33.57341766 -31.16191101 0.27835682
v -33.54516220 -31.13568497 0.23662657
v -33.51480484 -31.10751152 0.19773738
v -33.48250580 -31.07752991 0.16188541
v -33.44842148 -31.04589462 0.12925147
v -33.41272736 -31.01276398 0.10000010
v -33.38296890 -30.98514366 0.07902895
v -33.35144424 -30.95588112 0.05988180
v -33.32238388 -30.92891121 0.04482914
v -33.29121017 -30.89997482 0.03127676
v -33.25709915 -30.86831284 0.01936710
v -33.22458267 -30.83813286 0.01073224
v -33.19006729 -30.80609512 0.00437039
v -33.15382385 -30.77245712 0.00072552
v -35.33458710 -28.18699837 0.00000010
v -35.95840073 -28.68462563 0.74322462
v -35.95367813 -28.68085670 0.68673545
v -35.94583511 -28.67459869 0.63081753
v -35.93490601 -28.66588211 0.57575274
v -35.92095184 -28.65475082 0.52181882
v -35.90404129 -28.64126015 0.46928781
v -35.88425827 -28.62547874 0.41842458
v -35.86170197 -28.60748482 0.36948562
v -35.83648682 -28.58737183 0.32271776
v -35.80874252 -28.56523895 0.27835682
v -35.77860641 -28.54119873 0.23662657
v -35.74623108 -28.51537323 0.19773738
v -35.71178055 -28.48789024 0.16188541
v -35.67542648 -28.45889091 0.12925147
v -35.63735580 -28.42852020 0.10000010
v -35.60561752 -28.40320206 0.07902895
v -35.57199097 -28.37637901 0.05988180
v -35.54099655 -28.35165405 0.04482914
v -35.50774765 -28.32513046 0.03127676
v -35.47136307 -28.29610634 0.01936710
v -35.43668365 -28.26844025 0.01073224
v -35.39986801 -28.23907280 0.00437039
v -35.36121368 -28.20823860 0.00072552
v -37.34262466 -25.46700668 0.00000010
v -38.00188828 -25.91661453 0.74322462
v -37.99689865 -25.91320992 0.68673545
v -37.98860550 -25.90755653 0.63081753
v -37.97705841 -25.89967918 0.57575274
v -37.96231079 -25.88962173 0.52181882
v -37.94443893 -25.87743378 0.46928781
v -37.92353058 -25.86317444 0.41842458
v -37.89969254 -25.84691811 0.36948562
v -37.87304688 -25.82874489 0.32271776
v -37.84372330 -25.80874825 0.27835682
v -37.81187439 -25.78702736 0.23662657
v -37.77766037 -25.76369476 0.19773738
v -37.74125290 -25.73886299 0.16188541
v -37.70283127 -25.71266174 0.12925147
v -37.66259766 -25.68522263 0.10000010
v -37.62905502 -25.66234779 0.07902895
v -37.59351730 -25.63811302 0.05988180
v -37.56076431 -25.61577415 0.04482914
v -37.52562332 -25.59181023 0.03127676
v -37.48717117 -25.56558609 0.01936710
v -37.45051956 -25.54059029 0.01073224
v -37.41161346 -25.51405716 0.00437039
v -37.37076569 -25.48619843 0.00072552
v -39.83275986 -23.00360298 0.74322462
v -39.82752609 -23.00058174 0.68673545
v -39.81883621 -22.99556160 0.63081753
v -39.80673218 -22.98857117 0.57575274
v -39.79127502 -22.97964478 0.52181882
v -39.77254105 -22.96882629 0.46928781
v -39.75062561 -22.95616913 0.41842458
v -39.72563934 -22.94174004 0.36948562
v -39.69770813 -22.92560959 0.32271776
v -39.66697311 -22.90786171 0.27835682
v -39.63359070 -22.88858223 0.23662657
v -39.59772873 -22.86787033 0.19773738
v -39.55956268 -22.84583092 0.16188541
v -39.51929474 -22.82257462 0.12925147
v -39.47711945 -22.79821968 0.10000010
v -39.44196320 -22.77791595 0.07902895
v -39.40471268 -22.75640488 0.05988180
v -39.37038040 -22.73657799 0.04482914
v -39.33354950 -22.71530533 0.03127676
v -39.29324341 -22.69202995 0.01936710
v -39.25482559 -22.66984367 0.01073224
v -39.21404648 -22.64629364 0.00437039
v -39.17122650 -22.62156487 0.00072552
v -39.14173126 -22.60453033 0.00000010
v -40.72184753 -19.61558533 0.00000010
v -41.44076920 -19.96188927 0.74322462
v -41.43532562 -19.95926666 0.68673545
v -41.42628479 -19.95491219 0.63081753
v -41.41369247 -19.94884491 0.57575274
v -41.39760971 -19.94109917 0.52181882
v -41.37812042 -19.93170929 0.46928781
v -41.35531998 -19.92072678 0.41842458
v -41.32932663 -19.90820694 0.36948562
v -41.30026627 -19.89420891 0.32271776
v -41.26829147 -19.87880707 0.27835682
v -41.23356247 -19.86207771 0.23662657
v -41.19625092 -19.84410477 0.19773738
v -41.15654755 -19.82497978 0.16188541
v -41.11465073 -19.80479813 0.12925147
v -41.07077408 -19.78366280 0.10000010
v -41.03419876 -19.76604462 0.07902895
v -40.99544525 -19.74737740 0.05988180
v -40.95972824 -19.73017120 0.04482914
v -40.92140579 -19.71171188 0.03127676
v -40.87947464 -19.69151497 0.01936710
v -40.83950806 -19.67226219 0.01073224
v -40.79708099 -19.65182495 0.00437039
v -40.75253296 -19.63036728 0.00072552
v -42.81692505 -16.80849075 0.74322462
v -42.81130219 -16.80628204 0.68673545
v -42.80195999 -16.80261612 0.63081753
v -42.78894806 -16.79750824 0.57575274
v -42.77233124 -16.79098511 0.52181882
v -42.75219345 -16.78307915 0.46928781
v -42.72863770 -16.77383232 0.41842458
v -42.70177841 -16.76328850 0.36948562
v -42.67175674 -16.75150299 0.32271776
v -42.63872147 -16.73853302 0.27835682
v -42.60283661 -16.72444534 0.23662657
v -42.56428528 -16.70931244 0.19773738
v -42.52326202 -16.69320869 0.16188541
v -42.47997665 -16.67621613 0.12925147
v -42.43464279 -16.65841866 0.10000010
v -42.39685059 -16.64358330 0.07902895
v -42.35681152 -16.62786484 0.05988180
v -42.31990814 -16.61337852 0.04482914
v -42.28031540 -16.59783554 0.03127676
v -42.23699188 -16.58082771 0.01936710
v -42.19569397 -16.56461716 0.01073224
v -42.15185928 -16.54740715 0.00437039
v -42.10583496 -16.52933884 0.00072552
v -42.07412720 -16.51689339 0.00000010
v -43.19100952 -13.32579041 0.00000010
v -43.95352554 -13.56105042 0.74322462
v -43.94775009 -13.55926991 0.68673545
v -43.93816376 -13.55631065 0.63081753
v -43.92480469 -13.55218983 0.57575274
v -43.90774918 -13.54692745 0.52181882
v -43.88707733 -13.54054928 0.46928781
v -43.86289215 -13.53308773 0.41842458
v -43.83532333 -13.52458191 0.36948562
v -43.80450439 -13.51507282 0.32271776
v -43.77058792 -13.50460911 0.27835682
v -43.73375320 -13.49324417 0.23662657
v -43.69417953 -13.48103428 0.19773738
v -43.65206909 -13.46804142 0.16188541
v -43.60763168 -13.45433140 0.12925147
v -43.56109238 -13.43997383 0.10000010
v -43.52230072 -13.42800426 0.07902895
v -43.48119736 -13.41532326 0.05988180
v -43.44331360 -13.40363407 0.04482914
v -43.40266800 -13.39109421 0.03127676
v -43.35819626 -13.37737274 0.01936710
v -43.31580353 -13.36429405 0.01073224
v -43.27080536 -13.35041046 0.00437039
v -43.22355652 -13.33583260 0.00072552
v -44.84420776 -10.23773861 0.74322462
v -44.83831787 -10.23639393 0.68673545
v -44.82853699 -10.23416042 0.63081753
v -44.81490707 -10.23104954 0.57575274
v -44.79750443 -10.22707653 0.52181882
v -44.77641296 -10.22226143 0.46928781
v -44.75174332 -10.21662903 0.41842458
v -44.72361374 -10.21020699 0.36948562
v -44.69216919 -10.20302868 0.32271776
v -44.65756607 -10.19512939 0.27835682
v -44.61998367 -10.18654919 0.23662657
v -44.57960892 -10.17733097 0.19773738
v -44.53664398 -10.16752243 0.16188541
v -44.49130630 -10.15717220 0.12925147
v -44.44382477 -10.14633274 0.10000010
v -44.40424728 -10.13729668 0.07902895
v -44.36231232 -10.12772369 0.05988180
v -44.32365799 -10.11889935 0.04482914
v -44.28219223 -10.10943222 0.03127676
v -44.23681641 -10.09907341 0.01936710
v -44.19356537 -10.08920002 0.01073224
v -44.14765549 -10.07871819 0.00437039
v -44.09944916 -10.06771278 0.00072552
v -44.06624222 -10.06013203 0.00000010
v -45.48399734 -6.85714769 0.74322462
v -45.47802353 -6.85624743 0.68673545
v -45.46809769 -6.85475111 0.63081753
v -45.45427704 -6.85266733 0.57575274
v -45.43662643 -6.85000610 0.52181882
v -45.41523361 -6.84678125 0.46928781
v -45.39020920 -6.84300852 0.41842458
v -45.36167908 -6.83870745 0.36948562
v -45.32978439 -6.83389902 0.32271776
v -45.29468918 -6.82860804 0.27835682
v -45.25657272 -6.82286119 0.23662657
v -45.21561813 -6.81668758 0.19773738
v -45.17204285 -6.81011772 0.16188541
v -45.12606049 -6.80318546 0.12925147
v -45.07789993 -6.79592514 0.10000010
v -45.03775787 -6.78987265 0.07902895
v -44.99522400 -6.78346062 0.05988180
v -44.95602036 -6.77755022 0.04482914
v -44.91395950 -6.77120924 0.03127676
v -44.86793900 -6.76427126 0.01936710
v -44.82406998 -6.75765753 0.01073224
v -44.77750397 -6.75063753 0.00437039
v -44.72861099 -6.74326611 0.00072552
v -44.69493103 -6.73818874 0.00000010
v -45.86930466 -3.43819213 0.74322462
v -45.86328125 -3.43774056 0.68673545
v -45.85327530 -3.43699050 0.63081753
v -45.83933640 -3.43594551 0.57575274
v -45.82153320 -3.43461132 0.52181882
v -45.79996109 -3.43299413 0.46928781
v -45.77472305 -3.43110251 0.41842458
v -45.74595261 -3.42894602 0.36948562
v -45.71379089 -3.42653513 0.32271776
v -45.67839813 -3.42388225 0.27835682
v -45.63995361 -3.42100072 0.23662657
v -45.59865570 -3.41790509 0.19773738
v -45.55471039 -3.41461110 0.16188541
v -45.50833511 -3.41113520 0.12925147
v -45.45977020 -3.40749478 0.10000010
v -45.41928482 -3.40446019 0.07902895
v -45.37639236 -3.40124512 0.05988180
v -45.33685684 -3.39828157 0.04482914
v -45.29444122 -3.39510226 0.03127676
v -45.24802780 -3.39162350 0.01936710
v -45.20378876 -3.38830733 0.01073224
v -45.15682983 -3.38478732 0.00437039
v -45.10752106 -3.38109159 0.00072552
v -45.07355499 -3.37854552 0.00000010
v -45.99798203 0.00000000 0.74322462
v -45.99193954 0.00000000 0.68673545
v -45.98190689 0.00000000 0.63081753
v -45.96792603 0.00000000 0.57575274
v -45.95007706 0.00000000 0.52181882
v -45.92844391 -0.00000000 0.46928781
v -45.90313721 -0.00000000 0.41842458
v -45.87428284 -0.00000000 0.36948562
v -45.84202957 -0.00000000 0.32271776
v -45.80653763 -0.00000000 0.27835682
v -45.76798630 -0.00000000 0.23662657
v -45.72657394 -0.00000000 0.19773738
v -45.68250275 -0.00000000 0.16188541
v -45.63600159 -0.00000000 0.12925147
v -45.58729935 -0.00000000 0.10000010
v -45.54669952 -0.00000000 0.07902895
v -45.50368500 -0.00000000 0.05988180
v -45.46403885 -0.00000000 0.04482914
v -45.42150497 -0.00000000 0.03127676
v -45.37496185 -0.00000000 0.01936710
v -45.33060074 -0.00000000 0.01073224
v -45.28350830 -0.00000000 0.00437039
v -45.23406219 -0.00000000 0.00072552
v -45.20000076 0.00000000 0.00000010
v -45.86936188 3.43743348 0.74322462
v -45.86333847 3.43698215 0.68673545
v -45.85333252 3.43623209 0.63081753
v -45.83939362 3.43518758 0.57575274
v -45.82159042 3.43385363 0.52181882
v -45.80001831 3.43223691 0.46928781
v -45.77478027 3.43034554 0.41842458
v -45.74600983 3.42818952 0.36948562
v -45.71384430 3.42577910 0.32271776
v -45.67845535 3.42312694 0.27835682
v -45.64001083 3.42024612 0.23662657
v -45.59871292 3.41715121 0.19773738
v -45.55476761 3.41385770 0.16188541
v -45.50839233 3.41038251 0.12925147
v -45.45982742 3.40674305 0.10000010
v -45.41934204 3.40370917 0.07902895
v -45.37644958 3.40049458 0.05988180
v -45.33691406 3.39753199 0.04482914
v -45.29449844 3.39435339 0.03127676
v -45.24808502 3.39087534 0.01936710
v -45.20384598 3.38755989 0.01073224
v -45.15688324 3.38404059 0.00437039
v -45.10757828 3.38034558 0.00072552
v -45.07355499 3.37854552 0.00000010
v -45.48422241 6.85564375 0.74322462
v -45.47824860 6.85474300 0.68673545
v -45.46832657 6.85324764 0.63081753
v -45.45450592 6.85116434 0.57575274
v -45.43685150 6.84850359 0.52181882
v -45.41545868 6.84527922 0.46928781
v -45.39043427 6.84150743 0.41842458
v -45.36190414 6.83720684 0.36948562
v -45.33001328 6.83239985 0.32271776
v -45.29491806 6.82711029 0.27835682
v -45.25679779 6.82136440 0.23662657
v -45.21584702 6.81519222 0.19773738
v -45.17226791 6.80862379 0.16188541
v -45.12628555 6.80169296 0.12925147
v -45.07812500 6.79443407 0.10000010
v -45.03797913 6.78838348 0.07902895
v -44.99544525 6.78197241 0.05988180
v -44.95624542 6.77606344 0.04482914
v -44.91418457 6.76972389 0.03127676
v -44.86816406 6.76278734 0.01936710
v -44.82429504 6.75617552 0.01073224
v -44.77772903 6.74915648 0.00437039
v -44.72883224 6.74178696 0.00072552
v -44.69493103 6.73818874 0.00000010
v -44.84471893 10.23551369 0.74322462
v -44.83882904 10.23416996 0.68673545
v -44.82904434 10.23193645 0.63081753
v -44.81541443 10.22882652 0.57575274
v -44.79801178 10.22485447 0.52181882
v -44.77692032 10.22004032 0.46928781
v -44.75224686 10.21440887 0.41842458
v -44.72411728 10.20798779 0.36948562
v -44.69267273 10.20081139 0.32271776
v -44.65807343 10.19291401 0.27835682
v -44.62048721 10.18433571 0.23662657
v -44.58011246 10.17511940 0.19773738
v -44.53714752 10.16531372 0.16188541
v -44.49180984 10.15496540 0.12925147
v -44.44432831 10.14412785 0.10000010
v -44.40474701 10.13509369 0.07902895
v -44.36281204 10.12552261 0.05988180
v -44.32416153 10.11670017 0.04482914
v -44.28269196 10.10723591 0.03127676
v -44.23731995 10.09687901 0.01936710
v -44.19406509 10.08700752 0.01073224
v -44.14815521 10.07652855 0.00437039
v -44.09994888 10.06552505 0.00072552
v -44.06624222 10.06013203 0.00000010
v -43.95442200 13.55814362 0.74322462
v -43.94864655 13.55636311 0.68673545
v -43.93906021 13.55340481 0.63081753
v -43.92570114 13.54928493 0.57575274
v -43.90864563 13.54402256 0.52181882
v -43.88796997 13.53764629 0.46928781
v -43.86378860 13.53018665 0.41842458
v -43.83621597 13.52168179 0.36948562
v -43.80539703 13.51217556 0.32271776
v -43.77148056 13.50171375 0.27835682
v -43.73464584 13.49035168 0.23662657
v -43.69506836 13.47814369 0.19773738
v -43.65295792 13.46515465 0.16188541
v -43.60852051 13.45144749 0.12925147
v -43.56198120 13.43709183 0.10000010
v -43.52318573 13.42512512 0.07902895
v -43.48208618 13.41244698 0.05988180
v -43.44419861 13.40076065 0.04482914
v -43.40355301 13.38822365 0.03127676
v -43.35908127 13.37450504 0.01936710
v -43.31668854 13.36142921 0.01073224
v -43.27168655 13.34754753 0.00437039
v -43.22443771 13.33297348 0.00072552
v -43.19100952 13.32579041 0.00000010
v -42.81831360 16.80495071 0.74322462
v -42.81269073 16.80274391 0.68673545
v -42.80334854 16.79907608 0.63081753
v -42.79033661 16.79397011 0.57575274
v -42.77371979 16.78744888 0.52181882
v -42.75358200 16.77954483 0.46928781
v -42.73002243 16.77029800 0.41842458
v -42.70316696 16.75975800 0.36948562
v -42.67314148 16.74797440 0.32271776
v -42.64010239 16.73500824 0.27835682
v -42.60421753 16.72092438 0.23662657
v -42.56566620 16.70579338 0.19773738
v -42.52464294 16.68969345 0.16188541
v -42.48135376 16.67270279 0.12925147
v -42.43601990 16.65491104 0.10000010
v -42.39822769 16.64007759 0.07902895
v -42.35818481 16.62436295 0.05988180
v -42.32128143 16.60987854 0.04482914
v -42.28168488 16.59433937 0.03127676
v -42.23836136 16.57733536 0.01936710
v -42.19706345 16.56112862 0.01073224
v -42.15322876 16.54392242 0.00437039
v -42.07412720 16.51689339 0.00000010
v -42.10720062 16.52585793 0.00072552
v -41.44274902 19.95777702 0.74322462
v -41.43730545 19.95515633 0.68673545
v -41.42826462 19.95080185 0.63081753
v -41.41567230 19.94473648 0.57575274
v -41.39958954 19.93699074 0.52181882
v -41.38009644 19.92760468 0.46928781
v -41.35729599 19.91662407 0.41842458
v -41.33129883 19.90410614 0.36948562
v -41.30224228 19.89011192 0.32271776
v -41.27026367 19.87471199 0.27835682
v -41.23553085 19.85798645 0.23662657
v -41.19821930 19.84001732 0.19773738
v -41.15851212 19.82089615 0.16188541
v -41.11661530 19.80071831 0.12925147
v -41.07273483 19.77958679 0.10000010
v -41.03615952 19.76197243 0.07902895
v -40.99740219 19.74330902 0.05988180
v -40.96168518 19.72610664 0.04482914
v -40.92336273 19.70765305 0.03127676
v -40.88142776 19.68745804 0.01936710
v -40.84145737 19.66820908 0.01073224
v -40.79903030 19.64777756 0.00437039
v -40.72184753 19.61558533 0.00000010
v -40.75448227 19.62632370 0.00072552
v -39.83542252 22.99899101 0.74322462
v -39.83018875 22.99596977 0.68673545
v -39.82149887 22.99095345 0.63081753
v -39.80939484 22.98396301 0.57575274
v -39.79393387 22.97503853 0.52181882
v -39.77519989 22.96422195 0.46928781
v -39.75328064 22.95156860 0.41842458
v -39.72829437 22.93714142 0.36948562
v -39.70036316 22.92101479 0.32271776
v -39.66962433 22.90326881 0.27835682
v -39.63624191 22.88399315 0.23662657
v -39.60037613 22.86328697 0.19773738
v -39.56221008 22.84125137 0.16188541
v -39.52193451 22.81800079 0.12925147
v -39.47975922 22.79364967 0.10000010
v -39.44459915 22.77334976 0.07902895
v -39.40734863 22.75184250 0.05988180
v -39.37301254 22.73201942 0.04482914
v -39.33617783 22.71075249 0.03127676
v -39.29587173 22.68748093 0.01936710
v -39.25745010 22.66530037 0.01073224
v -39.21666718 22.64175415 0.00437039
v -39.14173126 22.60453033 0.00000010
v -39.17384720 22.61703110 0.00072552
v -38.00531769 25.91158676 0.74322462
v -38.00032425 25.90818214 0.68673545
v -37.99203491 25.90253067 0.63081753
v -37.98048401 25.89465523 0.57575274
v -37.96573639 25.88459969 0.52181882
v -37.94786072 25.87241364 0.46928781
v -37.92695236 25.85815811 0.41842458
v -37.90311050 25.84190369 0.36948562
v -37.87646103 25.82373428 0.32271776
v -37.84713745 25.80374146 0.27835682
v -37.81528473 25.78202629 0.23662657
v -37.78106689 25.75869560 0.19773738
v -37.74465561 25.73387146 0.16188541
v -37.70623398 25.70767403 0.12925147
v -37.66599274 25.68023872 0.10000010
v -37.63245010 25.65736961 0.07902895
v -37.59690857 25.63313866 0.05988180
v -37.56415176 25.61080551 0.04482914
v -37.52900696 25.58684540 0.03127676
v -37.49055481 25.56062698 0.01936710
v -37.45389938 25.53563690 0.01073224
v -37.41498947 25.50910759 0.00437039
v -37.34262466 25.46700668 0.00000010
v -37.37413406 25.48125458 0.00072552
v -35.96266937 28.67927361 0.74322462
v -35.95794678 28.67550659 0.68673545
v -35.95010376 28.66925049 0.63081753
v -35.93917465 28.66053391 0.57575274
v -35.92521667 28.64940453 0.52181882
v -35.90830231 28.63591576 0.46928781
v -35.88851547 28.62013626 0.41842458
v -35.86595917 28.60214806 0.36948562
v -35.84074020 28.58203697 0.32271776
v -35.81299210 28.55990982 0.27835682
v -35.78285217 28.53587341 0.23662657
v -35.75047302 28.51005173 0.19773738
v -35.71601868 28.48257446 0.16188541
v -35.67966080 28.45358086 0.12925147
v -35.64158630 28.42321587 0.10000010
v -35.60984421 28.39790344 0.07902895
v -35.57621384 28.37108421 0.05988180
v -35.54521561 28.34636497 0.04482914
v -35.51196289 28.31984520 0.03127676
v -35.47557449 28.29082680 0.01936710
v -35.44089127 28.26316643 0.01073224
v -35.40407181 28.23380470 0.00437039
v -35.33458710 28.18699837 0.00000010
v -35.36541367 28.20297623 0.00072552
v -33.71890640 31.28657341 0.74322462
v -33.71447754 31.28246498 0.68673545
v -33.70712280 31.27563858 0.63081753
v -33.69687653 31.26613045 0.57575274
v -33.68378830 31.25399017 0.52181882
v -33.66793060 31.23927498 0.46928781
v -33.64937973 31.22206116 0.41842458
v -33.62822723 31.20243645 0.36948562
v -33.60458374 31.18049812 0.32271776
v -33.57856750 31.15635872 0.27835682
v -33.55030823 31.13013840 0.23662657
v -33.51995087 31.10196877 0.19773738
v -33.48764420 31.07199287 0.16188541
v -33.45355606 31.04036331 0.12925147
v -33.41785431 31.00723839 0.10000010
v -33.38809204 30.97962379 0.07902895
v -33.35656357 30.95036697 0.05988180
v -33.32749939 30.92340088 0.04482914
v -33.29631805 30.89447021 0.03127676
v -33.26220322 30.86281204 0.01936710
v -33.22967911 30.83263779 0.01073224
v -33.12886047 30.74928665 0.00000010
v -33.19515991 30.80060768 0.00437039
v -33.15891266 30.76697540 0.00072552
v -31.28657341 33.71890640 0.74322462
v -31.28246498 33.71447754 0.68673545
v -31.27563858 33.70712280 0.63081753
v -31.26613045 33.69687653 0.57575274
v -31.25399017 33.68378830 0.52181882
v -31.23927498 33.66793060 0.46928781
v -31.22206116 33.64937973 0.41842458
v -31.20243645 33.62822723 0.36948562
v -31.18049812 33.60458374 0.32271776
v -31.15635872 33.57856750 0.27835682
v -31.13013840 33.55030823 0.23662657
v -31.10196877 33.51995087 0.19773738
v -31.07199287 33.48764420 0.16188541
v -31.04036331 33.45355606 0.12925147
v -31.00723839 33.41785431 0.10000010
v -30.97962379 33.38809204 0.07902895
v -30.95036697 33.35656357 0.05988180
v -30.92340088 33.32749939 0.04482914
v -30.89447021 33.29631805 0.03127676
v -30.86281204 33.26220322 0.01936710
v -30.83263779 33.22967911 0.01073224
v -30.73777962 33.13953781 0.00000010
v -30.80060768 33.19515991 0.00437039
v -30.76697540 33.15891266 0.00072552
v -28.67927361 35.96266937 0.74322462
v -28.67550659 35.95794678 0.68673545
v -28.66925049 35.95010376 0.63081753
v -28.66053391 35.93917465 0.57575274
v -28.64940453 35.92521667 0.52181882
v -28.63591576 35.90830231 0.46928781
v -28.62013626 35.88851547 0.41842458
v -28.60214806 35.86595917 0.36948562
v -28.58203697 35.84074020 0.32271776
v -28.55990982 35.81299210 0.27835682
v -28.53587341 35.78285217 0.23662657
v -28.51005173 35.75047302 0.19773738
v -28.48257446 35.71601868 0.16188541
v -28.45358086 35.67966080 0.12925147
v -28.42321587 35.64158630 0.10000010
v -28.39790344 35.60984421 0.07902895
v -28.37108421 35.57621384 0.05988180
v -28.34636497 35.54521561 0.04482914
v -28.31984520 35.51196289 0.03127676
v -28.29082680 35.47557449 0.01936710
v -28.26316643 35.44089127 0.01073224
v -28.17472649 35.34437561 0.00000010
v -28.23380470 35.40407181 0.00437039
v -28.20297623 35.36541367 0.00072552
v -25.91158676 38.00531769 0.74322462
v -25.90818214 38.00032425 0.68673545
v -25.90253067 37.99203491 0.63081753
v -25.89465523 37.98048401 0.57575274
v -25.88459969 37.96573639 0.52181882
v -25.87241364 37.94786072 0.46928781
v -25.85815811 37.92695236 0.41842458
v -25.84190369 37.90311050 0.36948562
v -25.82373428 37.87646103 0.32271776
v -25.80374146 37.84713745 0.27835682
v -25.78202629 37.81528473 0.23662657
v -25.75869560 37.78106689 0.19773738
v -25.73387146 37.74465561 0.16188541
v -25.70767403 37.70623398 0.12925147
v -25.68023872 37.66599274 0.10000010
v -25.65736961 37.63245010 0.07902895
v -25.63313866 37.59690857 0.05988180
v -25.61080551 37.56415176 0.04482914
v -25.58684540 37.52900696 0.03127676
v -25.56062698 37.49055481 0.01936710
v -25.53563690 37.45389938 0.01073224
v -25.45403862 37.35146713 0.00000010
v -25.50910759 37.41498947 0.00437039
v -25.48125458 37.37413406 0.00072552
v -22.99899101 39.83542252 0.74322462
v -22.99596977 39.83018875 0.68673545
v -22.99095345 39.82149887 0.63081753
v -22.98396301 39.80939484 0.57575274
v -22.97503853 39.79393387 0.52181882
v -22.96422195 39.77519989 0.46928781
v -22.95156860 39.75328064 0.41842458
v -22.93714142 39.72829437 0.36948562
v -22.92101479 39.70036316 0.32271776
v -22.90326881 39.66962433 0.27835682
v -22.88399315 39.63624191 0.23662657
v -22.86328697 39.60037613 0.19773738
v -22.84125137 39.56221008 0.16188541
v -22.81800079 39.52193451 0.12925147
v -22.79364967 39.47975922 0.10000010
v -22.77334976 39.44459915 0.07902895
v -22.75184250 39.40734863 0.05988180
v -22.73201942 39.37301254 0.04482914
v -22.71075249 39.33617783 0.03127676
v -22.68748093 39.29587173 0.01936710
v -22.66530037 39.25745010 0.01073224
v -22.59093666 39.14957809 0.00000010
v -22.64175415 39.21666718 0.00437039
v -22.61703110 39.17384720 0.00072552
v -19.95777702 41.44274902 0.74322462
v -19.95515633 41.43730545 0.68673545
v -19.95080185 41.42826462 0.63081753
v -19.94473648 41.41567230 0.57575274
v -19.93699074 41.39958954 0.52181882
v -19.92760468 41.38009644 0.46928781
v -19.91662407 41.35729599 0.41842458
v -19.90410614 41.33129883 0.36948562
v -19.89011192 41.30224228 0.32271776
v -19.87471199 41.27026367 0.27835682
v -19.85798645 41.23553085 0.23662657
v -19.84001732 41.19821930 0.19773738
v -19.82089615 41.15851212 0.16188541
v -19.80071831 41.11661530 0.12925147
v -19.77958679 41.07273483 0.10000010
v -19.76197243 41.03615952 0.07902895
v -19.74330902 40.99740219 0.05988180
v -19.72610664 40.96168518 0.04482914
v -19.70765305 40.92336273 0.03127676
v -19.68745804 40.88142776 0.01936710
v -19.66820908 40.84145737 0.01073224
v -19.60144234 40.72865677 0.00000010
v -19.64777756 40.79903030 0.00437039
v -19.62632370 40.75448227 0.00072552
v -16.80495071 42.81831360 0.74322462
v -16.80274391 42.81269073 0.68673545
v -16.79907608 42.80334854 0.63081753
v -16.79397011 42.79033661 0.57575274
v -16.78744888 42.77371979 0.52181882
v -16.77954483 42.75358200 0.46928781
v -16.77029800 42.73002243 0.41842458
v -16.75975800 42.70316696 0.36948562
v -16.74797440 42.67314148 0.32271776
v -16.73500824 42.64010239 0.27835682
v -16.72092438 42.60421753 0.23662657
v -16.70579338 42.56566620 0.19773738
v -16.68969345 42.52464294 0.16188541
v -16.67270279 42.48135376 0.12925147
v -16.65491104 42.43601990 0.10000010
v -16.64007759 42.39822769 0.07902895
v -16.62436295 42.35818481 0.05988180
v -16.60987854 42.32128143 0.04482914
v -16.59433937 42.28168488 0.03127676
v -16.57733536 42.23836136 0.01936710
v -16.50228119 42.07986069 0.00000010
v -16.56112862 42.19706345 0.01073224
v -16.54392242 42.15322876 0.00437039
v -16.52585793 42.10720062 0.00072552
v -13.55814362 43.95442200 0.74322462
v -13.55636311 43.94864655 0.68673545
v -13.55340481 43.93906021 0.63081753
v -13.54928493 43.92570114 0.57575274
v -13.54402256 43.90864563 0.52181882
v -13.53764629 43.88796997 0.46928781
v -13.53018665 43.86378860 0.41842458
v -13.52168179 43.83621597 0.36948562
v -13.51217556 43.80539703 0.32271776
v -13.50171375 43.77148056 0.27835682
v -13.49035168 43.73464584 0.23662657
v -13.47814369 43.69506836 0.19773738
v -13.46515465 43.65295792 0.16188541
v -13.45144749 43.60852051 0.12925147
v -13.43709183 43.56198120 0.10000010
v -13.42512512 43.52318573 0.07902895
v -13.41244698 43.48208618 0.05988180
v -13.40076065 43.44419861 0.04482914
v -13.38822365 43.40355301 0.03127676
v -13.37450504 43.35908127 0.01936710
v -13.31079102 43.19563293 0.00000010
v -13.36142921 43.31668854 0.01073224
v -13.34754753 43.27168655 0.00437039
v -13.33297348 43.22443771 0.00072552
v -10.23551369 44.84471893 0.74322462
v -10.23416996 44.83882904 0.68673545
v -10.23193645 44.82904434 0.63081753
v -10.22882652 44.81541443 0.57575274
v -10.22485447 44.79801178 0.52181882
v -10.22004032 44.77692032 0.46928781
v -10.21440887 44.75224686 0.41842458
v -10.20798779 44.72411728 0.36948562
v -10.20081139 44.69267273 0.32271776
v -10.19291401 44.65807343 0.27835682
v -10.18433571 44.62048721 0.23662657
v -10.17511940 44.58011246 0.19773738
v -10.16531372 44.53714752 0.16188541
v -10.15496540 44.49180984 0.12925147
v -10.14412785 44.44432831 0.10000010
v -10.13509369 44.40474701 0.07902895
v -10.12552261 44.36281204 0.05988180
v -10.11670017 44.32416153 0.04482914
v -10.10723591 44.28269196 0.03127676
v -10.09687901 44.23731995 0.01936710
v -10.04482937 44.06973267 0.00000010
v -10.08700752 44.19406509 0.01073224
v -10.07652855 44.14815521 0.00437039
v -10.06552505 44.09994888 0.00072552
v -6.85564375 45.48422241 0.74322462
v -6.85474300 45.47824860 0.68673545
v -6.85324764 45.46832657 0.63081753
v -6.85116434 45.45450592 0.57575274
v -6.84850359 45.43685150 0.52181882
v -6.84527922 45.41545868 0.46928781
v -6.84150743 45.39043427 0.41842458
v -6.83720684 45.36190414 0.36948562
v -6.83239985 45.33001328 0.32271776
v -6.82711029 45.29491806 0.27835682
v -6.82136440 45.25679779 0.23662657
v -6.81519222 45.21584702 0.19773738
v -6.80862379 45.17226791 0.16188541
v -6.80169296 45.12628555 0.12925147
v -6.79443407 45.07812500 0.10000010
v -6.78838348 45.03797913 0.07902895
v -6.78197241 44.99544525 0.05988180
v -6.77606344 44.95624542 0.04482914
v -6.76972389 44.91418457 0.03127676
v -6.76278734 44.86816406 0.01936710
v -6.72266722 44.69726944 0.00000010
v -6.75617552 44.82429504 0.01073224
v -6.74915648 44.77772903 0.00437039
v -6.74178696 44.72883224 0.00072552
v -3.43743348 45.86936188 0.74322462
v -3.43698215 45.86333847 0.68673545
v -3.43623209 45.85333252 0.63081753
v -3.43518758 45.83939362 0.57575274
v -3.43385363 45.82159042 0.52181882
v -3.43223691 45.80001831 0.46928781
v -3.43034554 45.77478027 0.41842458
v -3.42818952 45.74600983 0.36948562
v -3.42577910 45.71384430 0.32271776
v -3.42312694 45.67845535 0.27835682
v -3.42024612 45.64001083 0.23662657
v -3.41715121 45.59871292 0.19773738
v -3.41385770 45.55476761 0.16188541
v -3.41038251 45.50839233 0.12925147
v -3.40674305 45.45982742 0.10000010
v -3.40370917 45.41934204 0.07902895
v -3.40049458 45.37644958 0.05988180
v -3.39753199 45.33691406 0.04482914
v -3.39435339 45.29449844 0.03127676
v -3.39087534 45.24808502 0.01936710
v -3.36289310 45.07472610 0.00000010
v -3.38755989 45.20384598 0.01073224
v -3.38404059 45.15688324 0.00437039
v -3.38034558 45.10757828 0.00072552
v 0.00000000 45.99798203 0.74322462
v 0.00000000 45.99193954 0.68673545
v 0.00000000 45.98190689 0.63081753
v 0.00000000 45.96792603 0.57575274
v 0.00000000 45.95007706 0.52181882
v 0.00000000 45.92844391 0.46928781
v 0.00000000 45.90313721 0.41842458
v 0.00000000 45.87428284 0.36948562
v 0.00000000 45.84202957 0.32271776
v 0.00000000 45.80653763 0.27835682
v 0.00000000 45.76798630 0.23662657
v 0.00000000 45.72657394 0.19773738
v 0.00000000 45.68250275 0.16188541
v 0.00000000 45.63600159 0.12925147
v 0.00000000 45.58729935 0.10000010
v 0.00000000 45.54669952 0.07902895
v 0.00000000 45.50368500 0.05988180
v 0.00000000 45.46403885 0.04482914
v 0.00000000 45.42150497 0.03127676
v 0.00000000 45.37496185 0.01936710
v 0.01569629 45.19999695 0.00000010
v 0.00000000 45.33060074 0.01073224
v 0.00000000 45.28350830 0.00437039
v 0.00000000 45.23406219 0.00072552
v 3.43743348 45.86936188 0.74322462
v 3.43698215 45.86333847 0.68673545
v 3.43623209 45.85333252 0.63081753
v 3.43518758 45.83939362 0.57575274
v 3.43385363 45.82159042 0.52181882
v 3.43223691 45.80001831 0.46928781
v 3.43034554 45.77478027 0.41842458
v 3.42818952 45.74600983 0.36948562
v 3.42577910 45.71384430 0.32271776
v 3.42312694 45.67845535 0.27835682
v 3.42024612 45.64001083 0.23662657
v 3.41715121 45.59871292 0.19773738
v 3.41385770 45.55476761 0.16188541
v 3.41038251 45.50839233 0.12925147
v 3.40674305 45.45982742 0.10000010
v 3.40370917 45.41934204 0.07902895
v 3.40049458 45.37644958 0.05988180
v 3.39753199 45.33691406 0.04482914
v 3.39435339 45.29449844 0.03127676
v 3.39087534 45.24808502 0.01936710
v 3.39419770 45.07238007 0.00000010
v 3.38755989 45.20384598 0.01073224
v 3.38404059 45.15688324 0.00437039
v 3.38034558 45.10757828 0.00072552
v 6.85564375 45.48422241 0.74322462
v 6.85474300 45.47824860 0.68673545
v 6.85324764 45.46832657 0.63081753
v 6.85116434 45.45450592 0.57575274
v 6.84850359 45.43685150 0.52181882
v 6.84527922 45.41545868 0.46928781
v 6.84150743 45.39043427 0.41842458
v 6.83720684 45.36190414 0.36948562
v 6.83239985 45.33001328 0.32271776
v 6.82711029 45.29491806 0.27835682
v 6.82136440 45.25679779 0.23662657
v 6.81519222 45.21584702 0.19773738
v 6.80862379 45.17226791 0.16188541
v 6.80169296 45.12628555 0.12925147
v 6.79443407 45.07812500 0.10000010
v 6.78838348 45.03797913 0.07902895
v 6.78197241 44.99544525 0.05988180
v 6.77606344 44.95624542 0.04482914
v 6.76972389 44.91418457 0.03127676
v 6.76278734 44.86816406 0.01936710
v 6.75370932 44.69258881 0.00000010
v 6.75617552 44.82429504 0.01073224
v 6.74915648 44.77772903 0.00437039
v 6.74178696 44.72883224 0.00072552
v 10.23551369 44.84471893 0.74322462
v 10.23416996 44.83882904 0.68673545
v 10.23193645 44.82904434 0.63081753
v 10.22882652 44.81541443 0.57575274
v 10.22485447 44.79801178 0.52181882
v 10.22004032 44.77692032 0.46928781
v 10.21440887 44.75224686 0.41842458
v 10.20798779 44.72411728 0.36948562
v 10.20081139 44.69267273 0.32271776
v 10.19291401 44.65807343 0.27835682
v 10.18433571 44.62048721 0.23662657
v 10.17511940 44.58011246 0.19773738
v 10.16531372 44.53714752 0.16188541
v 10.15496540 44.49180984 0.12925147
v 10.14412785 44.44432831 0.10000010
v 10.13509369 44.40474701 0.07902895
v 10.12552261 44.36281204 0.05988180
v 10.11670017 44.32416153 0.04482914
v 10.10723591 44.28269196 0.03127676
v 10.07543468 44.06274796 0.00000010
v 10.09687901 44.23731995 0.01936710
v 10.08700752 44.19406509 0.01073224
v 10.07652855 44.14815521 0.00437039
v 10.06552505 44.09994888 0.00072552
v 13.55814362 43.95442200 0.74322462
v 13.55636311 43.94864655 0.68673545
v 13.55340481 43.93906021 0.63081753
v 13.54928493 43.92570114 0.57575274
v 13.54402256 43.90864563 0.52181882
v 13.53764629 43.88796997 0.46928781
v 13.53018665 43.86378860 0.41842458
v 13.52168179 43.83621597 0.36948562
v 13.51217556 43.80539703 0.32271776
v 13.50171375 43.77148056 0.27835682
v 13.49035168 43.73464584 0.23662657
v 13.47814369 43.69506836 0.19773738
v 13.46515465 43.65295792 0.16188541
v 13.45144749 43.60852051 0.12925147
v 13.43709183 43.56198120 0.10000010
v 13.42512512 43.52318573 0.07902895
v 13.41244698 43.48208618 0.05988180
v 13.40076065 43.44419861 0.04482914
v 13.38822365 43.40355301 0.03127676
v 13.34078884 43.18637848 0.00000010
v 13.37450504 43.35908127 0.01936710
v 13.36142921 43.31668854 0.01073224
v 13.34754753 43.27168655 0.00437039
v 13.33297348 43.22443771 0.00072552
v 16.80495071 42.81831360 0.74322462
v 16.80274391 42.81269073 0.68673545
v 16.79907608 42.80334854 0.63081753
v 16.79397011 42.79033661 0.57575274
v 16.78744888 42.77371979 0.52181882
v 16.77954483 42.75358200 0.46928781
v 16.77029800 42.73002243 0.41842458
v 16.75975800 42.70316696 0.36948562
v 16.74797440 42.67314148 0.32271776
v 16.73500824 42.64010239 0.27835682
v 16.72092438 42.60421753 0.23662657
v 16.70579338 42.56566620 0.19773738
v 16.68969345 42.52464294 0.16188541
v 16.67270279 42.48135376 0.12925147
v 16.65491104 42.43601990 0.10000010
v 16.64007759 42.39822769 0.07902895
v 16.62436295 42.35818481 0.05988180
v 16.60987854 42.32128143 0.04482914
v 16.59433937 42.28168488 0.03127676
v 16.53150368 42.06838989 0.00000010
v 16.57733536 42.23836136 0.01936710
v 16.56112862 42.19706345 0.01073224
v 16.54392242 42.15322876 0.00437039
v 16.52585793 42.10720062 0.00072552
v 19.95777702 41.44274902 0.74322462
v 19.95515633 41.43730545 0.68673545
v 19.95080185 41.42826462 0.63081753
v 19.94473648 41.41567230 0.57575274
v 19.93699074 41.39958954 0.52181882
v 19.92760468 41.38009644 0.46928781
v 19.91662407 41.35729599 0.41842458
v 19.90410614 41.33129883 0.36948562
v 19.89011192 41.30224228 0.32271776
v 19.87471199 41.27026367 0.27835682
v 19.85798645 41.23553085 0.23662657
v 19.84001732 41.19821930 0.19773738
v 19.82089615 41.15851212 0.16188541
v 19.80071831 41.11661530 0.12925147
v 19.77958679 41.07273483 0.10000010
v 19.76197243 41.03615952 0.07902895
v 19.74330902 40.99740219 0.05988180
v 19.72610664 40.96168518 0.04482914
v 19.70765305 40.92336273 0.03127676
v 19.62972450 40.71503448 0.00000010
v 19.68745804 40.88142776 0.01936710
v 19.66820908 40.84145737 0.01073224
v 19.64777756 40.79903030 0.00437039
v 19.62632370 40.75448227 0.00072552
v 22.99899101 39.83542252 0.74322462
v 22.99596977 39.83018875 0.68673545
v 22.99095345 39.82149887 0.63081753
v 22.98396301 39.80939484 0.57575274
v 22.97503853 39.79393387 0.52181882
v 22.96422195 39.77519989 0.46928781
v 22.95156860 39.75328064 0.41842458
v 22.93714142 39.72829437 0.36948562
v 22.92101479 39.70036316 0.32271776
v 22.90326881 39.66962433 0.27835682
v 22.88399315 39.63624191 0.23662657
v 22.86328697 39.60037613 0.19773738
v 22.84125137 39.56221008 0.16188541
v 22.81800079 39.52193451 0.12925147
v 22.79364967 39.47975922 0.10000010
v 22.77334976 39.44459915 0.07902895
v 22.75184250 39.40734863 0.05988180
v 22.73201942 39.37301254 0.04482914
v 22.71075249 39.33617783 0.03127676
v 22.61812210 39.13388062 0.00000010
v 22.68748093 39.29587173 0.01936710
v 22.66530037 39.25745010 0.01073224
v 22.64175415 39.21666718 0.00437039
v 22.61703110 39.17384720 0.00072552
v 25.91158676 38.00531769 0.74322462
v 25.90818214 38.00032425 0.68673545
v 25.90253067 37.99203491 0.63081753
v 25.89465523 37.98048401 0.57575274
v 25.88459969 37.96573639 0.52181882
v 25.87241364 37.94786072 0.46928781
v 25.85815811 37.92695236 0.41842458
v 25.84190369 37.90311050 0.36948562
v 25.82373428 37.87646103 0.32271776
v 25.80374146 37.84713745 0.27835682
v 25.78202629 37.81528473 0.23662657
v 25.75869560 37.78106689 0.19773738
v 25.73387146 37.74465561 0.16188541
v 25.70767403 37.70623398 0.12925147
v 25.68023872 37.66599274 0.10000010
v 25.65736961 37.63245010 0.07902895
v 25.63313866 37.59690857 0.05988180
v 25.61080551 37.56415176 0.04482914
v 25.58684540 37.52900696 0.03127676
v 25.47997284 37.33377838 0.00000010
v 25.56062698 37.49055481 0.01936710
v 25.53563690 37.45389938 0.01073224
v 25.50910759 37.41498947 0.00437039
v 25.48125458 37.37413406 0.00072552
v 28.67927361 35.96266937 0.74322462
v 28.67550659 35.95794678 0.68673545
v 28.66925049 35.95010376 0.63081753
v 28.66053391 35.93917465 0.57575274
v 28.64940453 35.92521667 0.52181882
v 28.63591576 35.90830231 0.46928781
v 28.62013626 35.88851547 0.41842458
v 28.60214806 35.86595917 0.36948562
v 28.58203697 35.84074020 0.32271776
v 28.55990982 35.81299210 0.27835682
v 28.53587341 35.78285217 0.23662657
v 28.51005173 35.75047302 0.19773738
v 28.48257446 35.71601868 0.16188541
v 28.45358086 35.67966080 0.12925147
v 28.42321587 35.64158630 0.10000010
v 28.39790344 35.60984421 0.07902895
v 28.37108421 35.57621384 0.05988180
v 28.34636497 35.54521561 0.04482914
v 28.31984520 35.51196289 0.03127676
v 28.19926643 35.32479858 0.00000010
v 28.29082680 35.47557449 0.01936710
v 28.26316643 35.44089127 0.01073224
v 28.23380470 35.40407181 0.00437039
v 28.20297623 35.36541367 0.00072552
v 31.28657341 33.71890640 0.74322462
v 31.28246498 33.71447754 0.68673545
v 31.27563858 33.70712280 0.63081753
v 31.26613045 33.69687653 0.57575274
v 31.25399017 33.68378830 0.52181882
v 31.23927498 33.66793060 0.46928781
v 31.22206116 33.64937973 0.41842458
v 31.20243645 33.62822723 0.36948562
v 31.18049812 33.60458374 0.32271776
v 31.15635872 33.57856750 0.27835682
v 31.13013840 33.55030823 0.23662657
v 31.10196877 33.51995087 0.19773738
v 31.07199287 33.48764420 0.16188541
v 31.04036331 33.45355606 0.12925147
v 31.00723839 33.41785431 0.10000010
v 30.97962379 33.38809204 0.07902895
v 30.95036697 33.35656357 0.05988180
v 30.92340088 33.32749939 0.04482914
v 30.89447021 33.29631805 0.03127676
v 30.76078987 33.11817932 0.00000010
v 30.86281204 33.26220322 0.01936710
v 30.83263779 33.22967911 0.01073224
v 30.80060768 33.19515991 0.00437039
v 30.76697540 33.15891266 0.00072552
v 33.71890640 31.28657341 0.74322462
v 33.71447754 31.28246498 0.68673545
v 33.70712280 31.27563858 0.63081753
v 33.69687653 31.26613045 0.57575274
v 33.68378830 31.25399017 0.52181882
v 33.66793060 31.23927498 0.46928781
v 33.64937973 31.22206116 0.41842458
v 33.62822723 31.20243645 0.36948562
v 33.60458374 31.18049812 0.32271776
v 33.57856750 31.15635872 0.27835682
v 33.55030823 31.13013840 0.23662657
v 33.51995087 31.10196877 0.19773738
v 33.48764420 31.07199287 0.16188541
v 33.45355606 31.04036331 0.12925147
v 33.41785431 31.00723839 0.10000010
v 33.38809204 30.97962379 0.07902895
v 33.35656357 30.95036697 0.05988180
v 33.32749939 30.92340088 0.04482914
v 33.29631805 30.89447021 0.03127676
v 33.15020752 30.72627068 0.00000010
v 33.26220322 30.86281204 0.01936710
v 33.22967911 30.83263779 0.01073224
v 33.19515991 30.80060768 0.00437039
v 33.15891266 30.76697540 0.00072552
v 35.96266937 28.67927361 0.74322462
v 35.95794678 28.67550659 0.68673545
v 35.95010376 28.66925049 0.63081753
v 35.93917465 28.66053391 0.57575274
v 35.92521667 28.64940453 0.52181882
v 35.90830231 28.63591576 0.46928781
v 35.88851547 28.62013626 0.41842458
v 35.86595917 28.60214806 0.36948562
v 35.84074020 28.58203697 0.32271776
v 35.81299210 28.55990982 0.27835682
v 35.78285217 28.53587341 0.23662657
v 35.75047302 28.51005173 0.19773738
v 35.71601868 28.48257446 0.16188541
v 35.67966080 28.45358086 0.12925147
v 35.64158630 28.42321587 0.10000010
v 35.60984421 28.39790344 0.07902895
v 35.57621384 28.37108421 0.05988180
v 35.54521561 28.34636497 0.04482914
v 35.51196289 28.31984520 0.03127676
v 35.35415649 28.16245079 0.00000010
v 35.47557449 28.29082680 0.01936710
v 35.44089127 28.26316643 0.01073224
v 35.40407181 28.23380470 0.00437039
v 35.36541367 28.20297623 0.00072552
v 38.00531769 25.91158676 0.74322462
v 38.00032425 25.90818214 0.68673545
v 37.99203491 25.90253067 0.63081753
v 37.98048401 25.89465523 0.57575274
v 37.96573639 25.88459969 0.52181882
v 37.94786072 25.87241364 0.46928781
v 37.92695236 25.85815811 0.41842458
v 37.90311050 25.84190369 0.36948562
v 37.87646103 25.82373428 0.32271776
v 37.84713745 25.80374146 0.27835682
v 37.81528473 25.78202629 0.23662657
v 37.78106689 25.75869560 0.19773738
v 37.74465561 25.73387146 0.16188541
v 37.70623398 25.70767403 0.12925147
v 37.66599274 25.68023872 0.10000010
v 37.63245010 25.65736961 0.07902895
v 37.59690857 25.63313866 0.05988180
v 37.56415176 25.61080551 0.04482914
v 37.36030197 25.44106483 0.00000010
v 37.52900696 25.58684540 0.03127676
v 37.49055481 25.56062698 0.01936710
v 37.45389938 25.53563690 0.01073224
v 37.41498947 25.50910759 0.00437039
v 37.37413406 25.48125458 0.00072552
v 39.83542252 22.99899101 0.74322462
v 39.83018875 22.99596977 0.68673545
v 39.82149887 22.99095345 0.63081753
v 39.80939484 22.98396301 0.57575274
v 39.79393387 22.97503853 0.52181882
v 39.77519989 22.96422195 0.46928781
v 39.75328064 22.95156860 0.41842458
v 39.72829437 22.93714142 0.36948562
v 39.70036316 22.92101479 0.32271776
v 39.66962433 22.90326881 0.27835682
v 39.63624191 22.88399315 0.23662657
v 39.60037613 22.86328697 0.19773738
v 39.56221008 22.84125137 0.16188541
v 39.52193451 22.81800079 0.12925147
v 39.47975922 22.79364967 0.10000010
v 39.44459915 22.77334976 0.07902895
v 39.40734863 22.75184250 0.05988180
v 39.37301254 22.73201942 0.04482914
v 39.15742111 22.57734108 0.00000010
v 39.33617783 22.71075249 0.03127676
v 39.29587173 22.68748093 0.01936710
v 39.25745010 22.66530037 0.01073224
v 39.21666718 22.64175415 0.00437039
v 39.17384720 22.61703110 0.00072552
v 41.44274902 19.95777702 0.74322462
v 41.43730545 19.95515633 0.68673545
v 41.42826462 19.95080185 0.63081753
v 41.41567230 19.94473648 0.57575274
v 41.33171082 19.23012352 0.09943272
v 41.39958954 19.93699074 0.52181882
v 41.38009644 19.92760468 0.46928781
v 41.31480408 19.25935936 0.09779491
v 41.35729599 19.91662407 0.41842458
v 41.29633331 19.28757668 0.09519203
v 41.33129883 19.90410614 0.36948562
v 41.27647781 19.31468582 0.09173678
v 41.30224228 19.89011192 0.32271776
v 41.25539017 19.34062004 0.08754440
v 41.27026367 19.87471199 0.27835682
v 41.23321152 19.36532784 0.08273036
v 41.23553085 19.85798645 0.23662657
v 41.21026993 19.38856316 0.07745980
v 41.18669128 19.41034317 0.07185212
v 41.19821930 19.84001732 0.19773738
v 41.16233826 19.43087769 0.06596050
v 41.15851212 19.82089615 0.16188541
v 41.13729095 19.45015907 0.05988178
v 41.11661530 19.80071831 0.12925147
v 41.11161041 19.46818542 0.05370865
v 41.08535385 19.48495674 0.04752935
v 41.07273483 19.77958679 0.10000010
v 41.05858231 19.50047302 0.04142845
v 41.03615952 19.76197243 0.07902895
v 41.03134155 19.51473618 0.03548671
v 40.99740219 19.74330902 0.05988180
v 41.00368881 19.52775002 0.02978101
v 40.97566605 19.53951073 0.02438442
v 40.96168518 19.72610664 0.04482914
v 40.94733429 19.55001640 0.01936710
v 40.92336273 19.70765305 0.03127676
v 40.91873932 19.55925941 0.01479529
v 40.88142776 19.68745804 0.01936710
v 40.88993454 19.56723213 0.01073224
v 40.86098099 19.57391739 0.00723822
v 40.84145737 19.66820908 0.01073224
v 40.83193970 19.57929230 0.00437039
v 40.79903030 19.64777756 0.00437039
v 40.80288315 19.58332634 0.00218261
v 40.77388382 19.58598518 0.00072552
v 40.75448227 19.62632370 0.00072552
v 40.73546219 19.58729744 0.00000010
v 40.75462341 19.58696747 0.00018349
v 42.81831360 16.80495071 0.74322462
v 42.81269073 16.80274391 0.68673545
v 42.80334854 16.79907608 0.63081753
v 42.79033661 16.79397011 0.57575274
v 42.77371979 16.78744888 0.52181882
v 42.75358200 16.77954483 0.46928781
v 42.73002243 16.77029800 0.41842458
v 42.70316696 16.75975800 0.36948562
v 42.67314148 16.74797440 0.32271776
v 42.64010239 16.73500824 0.27835682
v 42.60421753 16.72092438 0.23662657
v 42.56566620 16.70579338 0.19773738
v 42.52464294 16.68969345 0.16188541
v 42.48135376 16.67270279 0.12925147
v 43.95442200 13.55814362 0.74322462
v 43.94864655 13.55636311 0.68673545
v 43.93906021 13.55340481 0.63081753
v 43.92570114 13.54928493 0.57575274
v 43.90864563 13.54402256 0.52181882
v 43.88796997 13.53764629 0.46928781
v 43.86378860 13.53018665 0.41842458
v 43.83621597 13.52168179 0.36948562
v 43.80539703 13.51217556 0.32271776
v 43.77148056 13.50171375 0.27835682
v 43.73464584 13.49035168 0.23662657
v 43.69506836 13.47814369 0.19773738
v 43.65295792 13.46515465 0.16188541
v 43.60852051 13.45144749 0.12925147
v 44.84471893 10.23551369 0.74322462
v 44.83882904 10.23416996 0.68673545
v 44.82904434 10.23193645 0.63081753
v 44.81541443 10.22882652 0.57575274
v 44.79801178 10.22485447 0.52181882
v 44.77692032 10.22004032 0.46928781
v 44.75224686 10.21440887 0.41842458
v 44.72411728 10.20798779 0.36948562
v 44.69267273 10.20081139 0.32271776
v 44.65807343 10.19291401 0.27835682
v 44.62048721 10.18433571 0.23662657
v 44.58011246 10.17511940 0.19773738
v 44.53714752 10.16531372 0.16188541
v 44.49180984 10.15496540 0.12925147
v 45.48422241 6.85564375 0.74322462
v 45.47824860 6.85474300 0.68673545
v 45.46832657 6.85324764 0.63081753
v 45.45450592 6.85116434 0.57575274
v 45.43685150 6.84850359 0.52181882
v 45.41545868 6.84527922 0.46928781
v 45.39043427 6.84150743 0.41842458
v 45.36190414 6.83720684 0.36948562
v 45.33001328 6.83239985 0.32271776
v 45.29491806 6.82711029 0.27835682
v 45.25679779 6.82136440 0.23662657
v 45.21584702 6.81519222 0.19773738
v 45.17226791 6.80862379 0.16188541
v 45.12628555 6.80169296 0.12925147
v 45.86936188 3.43743348 0.74322462
v 45.86333847 3.43698215 0.68673545
v 45.85333252 3.43623209 0.63081753
v 45.83939362 3.43518758 0.57575274
v 45.82159042 3.43385363 0.52181882
v 45.80001831 3.43223691 0.46928781
v 45.77478027 3.43034554 0.41842458
v 45.74600983 3.42818952 0.36948562
v 45.71384430 3.42577910 0.32271776
v 45.67845535 3.42312694 0.27835682
v 45.64001083 3.42024612 0.23662657
v 45.59871292 3.41715121 0.19773738
v 45.55476761 3.41385770 0.16188541
v 45.50839233 3.41038251 0.12925147
v 45.86914444 -3.43741703 14.95978451
v 45.99776459 0.00000000 14.95978451
v 45.86246490 -3.43691659 15.01923370
v 45.99106598 0.00000000 15.01923370
v 45.85137177 -3.43608546 15.07801723
v 45.97994232 0.00000000 15.07801723
v 45.83593369 -3.43492818 15.13580418
v 45.96445847 0.00000000 15.13580418
v 45.81622696 -3.43345165 15.19227314
v 45.94469833 0.00000000 15.19227314
v 45.79236984 -3.43166375 15.24710751
v 45.92077637 0.00000000 15.24710751
v 45.76449585 -3.42957473 15.30000019
v 45.89281845 0.00000000 15.30000019
v 45.73275375 -3.42719626 15.35065651
v 45.86099243 0.00000000 15.35065651
v 45.69732666 -3.42454123 15.39879227
v 45.82546616 0.00000000 15.39879227
v 45.65841293 -3.42162514 15.44413853
v 45.78644180 0.00000000 15.44413853
v 45.61623001 -3.41846371 15.48644161
v 45.74413681 0.00000000 15.48644161
v 45.57101059 -3.41507506 15.52546501
v 45.69879150 0.00000000 15.52546501
v 45.52300644 -3.41147780 15.56099129
v 45.65065765 0.00000000 15.56099129
v 45.47249222 -3.40769219 15.59282017
v 45.59999847 0.00000000 15.59282017
v 45.41974640 -3.40373945 15.62077522
v 45.54710770 0.00000000 15.62077522
v 45.36506653 -3.39964175 15.64469910
v 45.49227142 0.00000000 15.64469910
v 45.30875778 -3.39542198 15.66445827
v 45.43580246 0.00000000 15.66445827
v 45.25112915 -3.39110351 15.67994213
v 45.37801743 0.00000000 15.67994213
v 45.19251251 -3.38671064 15.69106483
v 45.31923294 0.00000000 15.69106483
v 45.13322830 -3.38226795 15.69776344
v 45.25978470 0.00000000 15.69776344
v 45.20000076 0.00000000 15.69999981
v 45.07361221 -3.37780023 15.69999981
v 45.48400497 -6.85561085 14.95978451
v 45.47738266 -6.85461235 15.01923370
v 45.46638489 -6.85295486 15.07801723
v 45.45107269 -6.85064697 15.13580418
v 45.43153381 -6.84770203 15.19227314
v 45.40787888 -6.84413624 15.24710751
v 45.38023376 -6.83997011 15.30000019
v 45.34876251 -6.83522606 15.35065651
v 45.31363297 -6.82993126 15.39879227
v 45.27504349 -6.82411480 15.44413853
v 45.23321533 -6.81781006 15.48644161
v 45.18837357 -6.81105137 15.52546501
v 45.14077759 -6.80387735 15.56099129
v 45.09068680 -6.79632711 15.59282017
v 45.03838348 -6.78844404 15.62077522
v 44.98416138 -6.78027153 15.64469910
v 44.92832565 -6.77185535 15.66445827
v 44.87118149 -6.76324224 15.67994213
v 44.81305695 -6.75448132 15.69106483
v 44.75426865 -6.74562073 15.69776344
v 44.69515228 -6.73671055 15.69999981
v 44.06674194 -10.05794621 15.69999981
v 44.84450150 -10.23546505 14.95978451
v 44.83797455 -10.23397446 15.01923370
v 44.82712936 -10.23149967 15.07801723
v 44.81203461 -10.22805405 15.13580418
v 44.79277039 -10.22365761 15.19227314
v 44.76944351 -10.21833420 15.24710751
v 44.74219131 -10.21211338 15.30000019
v 44.71115875 -10.20503044 15.35065651
v 44.67652512 -10.19712543 15.39879227
v 44.63848114 -10.18844128 15.44413853
v 44.59723663 -10.17902851 15.48644161
v 44.55302811 -10.16893768 15.52546501
v 44.50609970 -10.15822697 15.56099129
v 44.45671463 -10.14695454 15.59282017
v 44.40514755 -10.13518524 15.62077522
v 44.35168839 -10.12298298 15.64469910
v 44.29663467 -10.11041737 15.66445827
v 44.24029541 -10.09755898 15.67994213
v 44.18298721 -10.08447838 15.69106483
v 44.12502670 -10.07124901 15.69776344
v 43.95421219 -13.55807877 14.95978451
v 43.94781113 -13.55610466 15.01923370
v 43.93718338 -13.55282593 15.07801723
v 43.92238617 -13.54826164 15.13580418
v 43.90350342 -13.54243755 15.19227314
v 43.88064575 -13.53538609 15.24710751
v 43.85393143 -13.52714634 15.30000019
v 43.82351685 -13.51776409 15.35065651
v 43.78956985 -13.50729275 15.39879227
v 43.75227737 -13.49579048 15.44413853
v 43.71185303 -13.48332119 15.48644161
v 43.66852188 -13.46995544 15.52546501
v 43.62252426 -13.45576668 15.56099129
v 43.57411957 -13.44083595 15.59282017
v 43.52357864 -13.42524529 15.62077522
v 43.47117996 -13.40908241 15.64469910
v 43.41721725 -13.39243793 15.66445827
v 43.36199951 -13.37540531 15.67994213
v 43.30582809 -13.35807896 15.69106483
v 43.24901962 -13.34055519 15.69776344
v 43.19189072 -13.32293415 15.69999981
v 42.07549286 -16.51341438 15.69999981
v 42.81811142 -16.80487061 14.95978451
v 42.81187439 -16.80242348 15.01923370
v 42.80152130 -16.79835892 15.07801723
v 42.78710938 -16.79270172 15.13580418
v 42.76871490 -16.78548431 15.19227314
v 42.74644470 -16.77674294 15.24710751
v 42.72042084 -16.76652908 15.30000019
v 42.69079208 -16.75490189 15.35065651
v 42.65772247 -16.74192238 15.39879227
v 42.62139511 -16.72766495 15.44413853
v 42.58201599 -16.71220970 15.48644161
v 42.53980637 -16.69564247 15.52546501
v 42.49499893 -16.67805672 15.56099129
v 42.44784164 -16.65955162 15.59282017
v 42.39860535 -16.64022636 15.62077522
v 42.34756088 -16.62019348 15.64469910
v 42.29499817 -16.59956360 15.66445827
v 42.24120331 -16.57845116 15.67994213
v 42.18648529 -16.55697441 15.69106483
v 42.13114548 -16.53525543 15.69776344
v 41.44255066 -19.95768166 14.95978451
v 41.43651581 -19.95477486 15.01923370
v 41.42649841 -19.94994926 15.07801723
v 41.41254425 -19.94323158 15.13580418
v 41.39474487 -19.93465805 15.19227314
v 41.37318802 -19.92427826 15.24710751
v 41.34800339 -19.91214943 15.30000019
v 41.31932449 -19.89833832 15.35065651
v 41.28731918 -19.88292503 15.39879227
v 41.25215912 -19.86599159 15.44413853
v 41.21404266 -19.84763718 15.48644161
v 41.17318726 -19.82796288 15.52546501
v 41.12982178 -19.80707741 15.56099129
v 41.08417892 -19.78509903 15.59282017
v 41.03652573 -19.76214981 15.62077522
v 40.98712158 -19.73835754 15.64469910
v 40.93624496 -19.71385574 15.66445827
v 40.88418198 -19.68878365 15.67994213
v 40.83121872 -19.66327858 15.69106483
v 40.77765656 -19.63748360 15.69776344
v 40.72379303 -19.61154556 15.69999981
v 39.83523178 -22.99888229 14.95978451
v 39.82942963 -22.99553299 15.01923370
v 39.81979752 -22.98997116 15.07801723
v 39.80638885 -22.98222923 15.13580418
v 39.78927612 -22.97234917 15.19227314
v 39.76855850 -22.96038818 15.24710751
v 39.74434662 -22.94640923 15.30000019
v 39.71678162 -22.93049622 15.35065651
v 39.68601608 -22.91273308 15.39879227
v 39.65222168 -22.89322090 15.44413853
v 39.61558533 -22.87206841 15.48644161
v 39.57631302 -22.84939575 15.52546501
v 39.53462601 -22.82532883 15.56099129
v 39.49075699 -22.79999924 15.59282017
v 39.44495010 -22.77355385 15.62077522
v 39.39746475 -22.74613571 15.64469910
v 39.34856033 -22.71790123 15.66445827
v 39.29851532 -22.68900871 15.67994213
v 39.24760818 -22.65961647 15.69106483
v 39.19612122 -22.62989235 15.69776344
v 39.14434814 -22.60000038 15.69999981
v 38.00513458 -25.91146278 14.95978451
v 37.99959946 -25.90769005 15.01923370
v 37.99040985 -25.90142441 15.07801723
v 37.97761917 -25.89270210 15.13580418
v 37.96129227 -25.88157082 15.19227314
v 37.94152451 -25.86809349 15.24710751
v 37.91842651 -25.85234642 15.30000019
v 37.89212799 -25.83441544 15.35065651
v 37.86277771 -25.81440353 15.39879227
v 37.83053207 -25.79242134 15.44413853
v 37.79558182 -25.76859093 15.48644161
v 37.75811386 -25.74304581 15.52546501
v 37.71834183 -25.71593094 15.56099129
v 37.67648697 -25.68739510 15.59282017
v 37.63278580 -25.65759850 15.62077522
v 37.58747864 -25.62670898 15.64469910
v 37.54082489 -25.59490013 15.66445827
v 37.49307632 -25.56234741 15.67994213
v 37.44450760 -25.52923393 15.69106483
v 37.39538956 -25.49574471 15.69776344
v 37.34599304 -25.46206665 15.69999981
v 35.96249771 -28.67913628 14.95978451
v 35.95726395 -28.67495918 15.01923370
v 35.94856644 -28.66802597 15.07801723
v 35.93646240 -28.65837097 15.13580418
v 35.92101288 -28.64605141 15.19227314
v 35.90230942 -28.63113403 15.24710751
v 35.88045120 -28.61370468 15.30000019
v 35.85556793 -28.59386063 15.35065651
v 35.82779312 -28.57171059 15.39879227
v 35.79728317 -28.54737854 15.44413853
v 35.76420593 -28.52100372 15.48644161
v 35.72875595 -28.49273109 15.52546501
v 35.69112015 -28.46271896 15.56099129
v 35.65151596 -28.43113518 15.59282017
v 35.61016083 -28.39815712 15.62077522
v 35.56729126 -28.36396790 15.64469910
v 35.52314377 -28.32876015 15.66445827
v 35.47796249 -28.29273033 15.67994213
v 35.43200302 -28.25608063 15.69106483
v 35.38552475 -28.21901321 15.69776344
v 35.33878326 -28.18173981 15.69999981
v 33.71874619 -31.28642464 14.95978451
v 33.71383667 -31.28186798 15.01923370
v 33.70568466 -31.27430344 15.07801723
v 33.69433212 -31.26377106 15.13580418
v 33.67984772 -31.25033188 15.19227314
v 33.66231155 -31.23405838 15.24710751
v 33.64181900 -31.21504593 15.30000019
v 33.61848450 -31.19339561 15.35065651
v 33.59244156 -31.16923141 15.39879227
v 33.56383514 -31.14268875 15.44413853
v 33.53282547 -31.11391640 15.48644161
v 33.49958420 -31.08307266 15.52546501
v 33.46429825 -31.05033112 15.56099129
v 33.42716599 -31.01587677 15.59282017
v 33.38839340 -30.97990036 15.62077522
v 33.34819412 -30.94260406 15.64469910
v 33.30680084 -30.90419579 15.66445827
v 33.26443863 -30.86488914 15.67994213
v 33.22134781 -30.82490730 15.69106483
v 33.17776871 -30.78447151 15.69776344
v 33.13394547 -30.74380684 15.69999981
v 31.28642464 -33.71874619 14.95978451
v 31.28186798 -33.71383667 15.01923370
v 31.27430344 -33.70568466 15.07801723
v 31.26377106 -33.69433212 15.13580418
v 31.25033188 -33.67984772 15.19227314
v 31.23405838 -33.66231155 15.24710751
v 31.21504593 -33.64181900 15.30000019
v 31.19339561 -33.61848450 15.35065651
v 31.16923141 -33.59244156 15.39879227
v 31.14268875 -33.56383514 15.44413853
v 31.11391640 -33.53282547 15.48644161
v 31.08307266 -33.49958420 15.52546501
v 31.05033112 -33.46429825 15.56099129
v 31.01587677 -33.42716599 15.59282017
v 30.97990036 -33.38839340 15.62077522
v 30.94260406 -33.34819412 15.64469910
v 30.90419579 -33.30680084 15.66445827
v 30.86488914 -33.26443863 15.67994213
v 30.82490730 -33.22134781 15.69106483
v 30.78447151 -33.17776871 15.69776344
v 30.74380684 -33.13394547 15.69999981
v 28.18173981 -35.33878326 15.69999981
v 28.67913628 -35.96249771 14.95978451
v 28.67495918 -35.95726395 15.01923370
v 28.66802597 -35.94856644 15.07801723
v 28.65837097 -35.93646240 15.13580418
v 28.64605141 -35.92101288 15.19227314
v 28.63113403 -35.90230942 15.24710751
v 28.61370468 -35.88045120 15.30000019
v 28.59386063 -35.85556793 15.35065651
v 28.57171059 -35.82779312 15.39879227
v 28.54737854 -35.79728317 15.44413853
v 28.52100372 -35.76420593 15.48644161
v 28.49273109 -35.72875595 15.52546501
v 28.46271896 -35.69112015 15.56099129
v 28.43113518 -35.65151596 15.59282017
v 28.39815712 -35.61016083 15.62077522
v 28.36396790 -35.56729126 15.64469910
v 28.32876015 -35.52314377 15.66445827
v 28.29273033 -35.47796249 15.67994213
v 28.25608063 -35.43200302 15.69106483
v 28.21901321 -35.38552475 15.69776344
v 25.91146278 -38.00513458 14.95978451
v 25.90769005 -37.99959946 15.01923370
v 25.90142441 -37.99040985 15.07801723
v 25.89270210 -37.97761917 15.13580418
v 25.88157082 -37.96129227 15.19227314
v 25.86809349 -37.94152451 15.24710751
v 25.85234642 -37.91842651 15.30000019
v 25.83441544 -37.89212799 15.35065651
v 25.81440353 -37.86277771 15.39879227
v 25.79242134 -37.83053207 15.44413853
v 25.76859093 -37.79558182 15.48644161
v 25.74304581 -37.75811386 15.52546501
v 25.71593094 -37.71834183 15.56099129
v 25.68739510 -37.67648697 15.59282017
v 25.65759850 -37.63278580 15.62077522
v 25.62670898 -37.58747864 15.64469910
v 25.59490013 -37.54082489 15.66445827
v 25.56234741 -37.49307632 15.67994213
v 25.52923393 -37.44450760 15.69106483
v 25.49574471 -37.39538956 15.69776344
v 25.46206665 -37.34599304 15.69999981
v 22.99888229 -39.83523178 14.95978451
v 22.99553299 -39.82942963 15.01923370
v 22.98997116 -39.81979752 15.07801723
v 22.98222923 -39.80638885 15.13580418
v 22.97234917 -39.78927612 15.19227314
v 22.96038818 -39.76855850 15.24710751
v 22.94640923 -39.74434662 15.30000019
v 22.93049622 -39.71678162 15.35065651
v 22.91273308 -39.68601608 15.39879227
v 22.89322090 -39.65222168 15.44413853
v 22.87206841 -39.61558533 15.48644161
v 22.84939575 -39.57631302 15.52546501
v 22.82532883 -39.53462601 15.56099129
v 22.79999924 -39.49075699 15.59282017
v 22.77355385 -39.44495010 15.62077522
v 22.74613571 -39.39746475 15.64469910
v 22.71790123 -39.34856033 15.66445827
v 22.68900871 -39.29851532 15.67994213
v 22.65961647 -39.24760818 15.69106483
v 22.62989235 -39.19612122 15.69776344
v 22.60000038 -39.14434814 15.69999981
v 19.95768166 -41.44255066 14.95978451
v 19.95477486 -41.43651581 15.01923370
v 19.94994926 -41.42649841 15.07801723
v 19.94323158 -41.41254425 15.13580418
v 19.93465805 -41.39474487 15.19227314
v 19.92427826 -41.37318802 15.24710751
v 19.91214943 -41.34800339 15.30000019
v 19.89833832 -41.31932449 15.35065651
v 19.88292503 -41.28731918 15.39879227
v 19.86599159 -41.25215912 15.44413853
v 19.84763718 -41.21404266 15.48644161
v 19.82796288 -41.17318726 15.52546501
v 19.80707741 -41.12982178 15.56099129
v 19.78509903 -41.08417892 15.59282017
v 19.76214981 -41.03652573 15.62077522
v 19.73835754 -40.98712158 15.64469910
v 19.71385574 -40.93624496 15.66445827
v 19.68878365 -40.88418198 15.67994213
v 19.66327858 -40.83121872 15.69106483
v 19.63748360 -40.77765656 15.69776344
v 19.61154556 -40.72379303 15.69999981
v 16.80487061 -42.81811142 14.95978451
v 16.80242348 -42.81187439 15.01923370
v 16.79835892 -42.80152130 15.07801723
v 16.79270172 -42.78710938 15.13580418
v 16.78548431 -42.76871490 15.19227314
v 16.77674294 -42.74644470 15.24710751
v 16.76652908 -42.72042084 15.30000019
v 16.75490189 -42.69079208 15.35065651
v 16.74192238 -42.65772247 15.39879227
v 16.72766495 -42.62139511 15.44413853
v 16.71220970 -42.58201599 15.48644161
v 16.69564247 -42.53980637 15.52546501
v 16.67805672 -42.49499893 15.56099129
v 16.65955162 -42.44784164 15.59282017
v 16.64022636 -42.39860535 15.62077522
v 16.62019348 -42.34756088 15.64469910
v 16.59956360 -42.29499817 15.66445827
v 16.57845116 -42.24120331 15.67994213
v 16.55697441 -42.18648529 15.69106483
v 16.53525543 -42.13114548 15.69776344
v 16.51341438 -42.07549286 15.69999981
v 13.55807877 -43.95421219 14.95978451
v 13.55610466 -43.94781113 15.01923370
v 13.55282593 -43.93718338 15.07801723
v 13.54826164 -43.92238617 15.13580418
v 13.54243755 -43.90350342 15.19227314
v 13.53538609 -43.88064575 15.24710751
v 13.52714634 -43.85393143 15.30000019
v 13.51776409 -43.82351685 15.35065651
v 13.50729275 -43.78956985 15.39879227
v 13.49579048 -43.75227737 15.44413853
v 13.48332119 -43.71185303 15.48644161
v 13.46995544 -43.66852188 15.52546501
v 13.45576668 -43.62252426 15.56099129
v 13.44083595 -43.57411957 15.59282017
v 13.42524529 -43.52357864 15.62077522
v 13.40908241 -43.47117996 15.64469910
v 13.39243793 -43.41721725 15.66445827
v 13.37540531 -43.36199951 15.67994213
v 13.35807896 -43.30582809 15.69106483
v 13.34055519 -43.24901962 15.69776344
v 13.32293415 -43.19189072 15.69999981
v 10.23546505 -44.84450150 14.95978451
v 10.23397446 -44.83797455 15.01923370
v 10.23149967 -44.82712936 15.07801723
v 10.22805405 -44.81203461 15.13580418
v 10.22365761 -44.79277039 15.19227314
v 10.21833420 -44.76944351 15.24710751
v 10.21211338 -44.74219131 15.30000019
v 10.20503044 -44.71115875 15.35065651
v 10.19712543 -44.67652512 15.39879227
v 10.18844128 -44.63848114 15.44413853
v 10.17902851 -44.59723663 15.48644161
v 10.16893768 -44.55302811 15.52546501
v 10.15822697 -44.50609970 15.56099129
v 10.14695454 -44.45671463 15.59282017
v 10.13518524 -44.40514755 15.62077522
v 10.12298298 -44.35168839 15.64469910
v 10.11041737 -44.29663467 15.66445827
v 10.09755898 -44.24029541 15.67994213
v 10.08447838 -44.18298721 15.69106483
v 10.07124901 -44.12502670 15.69776344
v 10.05794621 -44.06674194 15.69999981
v 6.85561085 -45.48400497 14.95978451
v 6.85461235 -45.47738266 15.01923370
v 6.85295486 -45.46638489 15.07801723
v 6.85064697 -45.45107269 15.13580418
v 6.84770203 -45.43153381 15.19227314
v 6.84413624 -45.40787888 15.24710751
v 6.83997011 -45.38023376 15.30000019
v 6.83522606 -45.34876251 15.35065651
v 6.82993126 -45.31363297 15.39879227
v 6.82411480 -45.27504349 15.44413853
v 6.81781006 -45.23321533 15.48644161
v 6.81105137 -45.18837357 15.52546501
v 6.80387735 -45.14077759 15.56099129
v 6.79632711 -45.09068680 15.59282017
v 6.78844404 -45.03838348 15.62077522
v 6.78027153 -44.98416138 15.64469910
v 6.77185535 -44.92832565 15.66445827
v 6.76324224 -44.87118149 15.67994213
v 6.75448132 -44.81305695 15.69106483
v 6.74562073 -44.75426865 15.69776344
v 6.73671055 -44.69515228 15.69999981
v 3.43741703 -45.86914444 14.95978451
v 3.43691659 -45.86246490 15.01923370
v 3.43608546 -45.85137177 15.07801723
v 3.43492818 -45.83593369 15.13580418
v 3.43345165 -45.81622696 15.19227314
v 3.43166375 -45.79236984 15.24710751
v 3.42957473 -45.76449585 15.30000019
v 3.42719626 -45.73275375 15.35065651
v 3.42454123 -45.69732666 15.39879227
v 3.42162514 -45.65841293 15.44413853
v 3.41846371 -45.61623001 15.48644161
v 3.41507506 -45.57101059 15.52546501
v 3.41147780 -45.52300644 15.56099129
v 3.40769219 -45.47249222 15.59282017
v 3.40373945 -45.41974640 15.62077522
v 3.39964175 -45.36506653 15.64469910
v 3.39542198 -45.30875778 15.66445827
v 3.39110351 -45.25112915 15.67994213
v 3.38671064 -45.19251251 15.69106483
v 3.38226795 -45.13322830 15.69776344
v 3.37780023 -45.07361221 15.69999981
v 0.00000000 -45.99776459 14.95978451
v 0.00000000 -45.99106598 15.01923370
v 0.00000000 -45.97994232 15.07801723
v 0.00000000 -45.96445847 15.13580418
v 0.00000000 -45.94469833 15.19227314
v 0.00000000 -45.92077637 15.24710751
v 0.00000000 -45.89281845 15.30000019
v 0.00000000 -45.86099243 15.35065651
v 0.00000000 -45.82546616 15.39879227
v 0.00000000 -45.78644180 15.44413853
v 0.00000000 -45.74413681 15.48644161
v 0.00000000 -45.69879150 15.52546501
v 0.00000000 -45.65065765 15.56099129
v 0.00000000 -45.59999847 15.59282017
v 0.00000000 -45.54710770 15.62077522
v 0.00000000 -45.49227142 15.64469910
v 0.00000000 -45.43580246 15.66445827
v 0.00000000 -45.37801743 15.67994213
v 0.00000000 -45.31923294 15.69106483
v 0.00000000 -45.25978470 15.69776344
v -0.00000000 -45.20000076 15.69999981
v -3.43741703 -45.86914444 14.95978451
v -3.43691659 -45.86246490 15.01923370
v -3.43608546 -45.85137177 15.07801723
v -3.43492818 -45.83593369 15.13580418
v -3.43345165 -45.81622696 15.19227314
v -3.43166375 -45.79236984 15.24710751
v -3.42957473 -45.76449585 15.30000019
v -3.42719626 -45.73275375 15.35065651
v -3.42454123 -45.69732666 15.39879227
v -3.42162514 -45.65841293 15.44413853
v -3.41846371 -45.61623001 15.48644161
v -3.41507506 -45.57101059 15.52546501
v -3.41147780 -45.52300644 15.56099129
v -3.40769219 -45.47249222 15.59282017
v -3.40373945 -45.41974640 15.62077522
v -3.39964175 -45.36506653 15.64469910
v -3.39542198 -45.30875778 15.66445827
v -3.39110351 -45.25112915 15.67994213
v -3.38671064 -45.19251251 15.69106483
v -3.38226795 -45.13322830 15.69776344
v -3.37780023 -45.07361221 15.69999981
v -6.73671055 -44.69515228 15.69999981
v -6.85561085 -45.48400497 14.95978451
v -6.85461235 -45.47738266 15.01923370
v -6.85295486 -45.46638489 15.07801723
v -6.85064697 -45.45107269 15.13580418
v -6.84770203 -45.43153381 15.19227314
v -6.84413624 -45.40787888 15.24710751
v -6.83997011 -45.38023376 15.30000019
v -6.83522606 -45.34876251 15.35065651
v -6.82993126 -45.31363297 15.39879227
v -6.82411480 -45.27504349 15.44413853
v -6.81781006 -45.23321533 15.48644161
v -6.81105137 -45.18837357 15.52546501
v -6.80387735 -45.14077759 15.56099129
v -6.79632711 -45.09068680 15.59282017
v -6.78844404 -45.03838348 15.62077522
v -6.78027153 -44.98416138 15.64469910
v -6.77185535 -44.92832565 15.66445827
v -6.76324224 -44.87118149 15.67994213
v -6.75448132 -44.81305695 15.69106483
v -6.74562073 -44.75426865 15.69776344
v -10.23546505 -44.84450150 14.95978451
v -10.23397446 -44.83797455 15.01923370
v -10.23149967 -44.82712936 15.07801723
v -10.22805405 -44.81203461 15.13580418
v -10.22365761 -44.79277039 15.19227314
v -10.21833420 -44.76944351 15.24710751
v -10.21211338 -44.74219131 15.30000019
v -10.20503044 -44.71115875 15.35065651
v -10.19712543 -44.67652512 15.39879227
v -10.18844128 -44.63848114 15.44413853
v -10.17902851 -44.59723663 15.48644161
v -10.16893768 -44.55302811 15.52546501
v -10.15822697 -44.50609970 15.56099129
v -10.14695454 -44.45671463 15.59282017
v -10.13518524 -44.40514755 15.62077522
v -10.12298298 -44.35168839 15.64469910
v -10.11041737 -44.29663467 15.66445827
v -10.09755898 -44.24029541 15.67994213
v -10.08447838 -44.18298721 15.69106483
v -10.07124901 -44.12502670 15.69776344
v -10.05794621 -44.06674194 15.69999981
v -13.55807877 -43.95421219 14.95978451
v -13.55610466 -43.94781113 15.01923370
v -13.55282593 -43.93718338 15.07801723
v -13.54826164 -43.92238617 15.13580418
v -13.54243755 -43.90350342 15.19227314
v -13.53538609 -43.88064575 15.24710751
v -13.52714634 -43.85393143 15.30000019
v -13.51776409 -43.82351685 15.35065651
v -13.50729275 -43.78956985 15.39879227
v -13.49579048 -43.75227737 15.44413853
v -13.48332119 -43.71185303 15.48644161
v -13.46995544 -43.66852188 15.52546501
v -13.45576668 -43.62252426 15.56099129
v -13.44083595 -43.57411957 15.59282017
v -13.42524529 -43.52357864 15.62077522
v -13.40908241 -43.47117996 15.64469910
v -13.39243793 -43.41721725 15.66445827
v -13.37540531 -43.36199951 15.67994213
v -13.35807896 -43.30582809 15.69106483
v -13.34055519 -43.24901962 15.69776344
v -13.32293415 -43.19189072 15.69999981
v -16.80487061 -42.81811142 14.95978451
v -16.80242348 -42.81187439 15.01923370
v -16.79835892 -42.80152130 15.07801723
v -16.79270172 -42.78710938 15.13580418
v -16.78548431 -42.76871490 15.19227314
v -16.77674294 -42.74644470 15.24710751
v -16.76652908 -42.72042084 15.30000019
v -16.75490189 -42.69079208 15.35065651
v -16.74192238 -42.65772247 15.39879227
v -16.72766495 -42.62139511 15.44413853
v -16.71220970 -42.58201599 15.48644161
v -16.69564247 -42.53980637 15.52546501
v -16.67805672 -42.49499893 15.56099129
v -16.65955162 -42.44784164 15.59282017
v -16.64022636 -42.39860535 15.62077522
v -16.62019348 -42.34756088 15.64469910
v -16.59956360 -42.29499817 15.66445827
v -16.57845116 -42.24120331 15.67994213
v -16.55697441 -42.18648529 15.69106483
v -16.53525543 -42.13114548 15.69776344
v -16.51341438 -42.07549286 15.69999981
v -19.95768166 -41.44255066 14.95978451
v -19.95477486 -41.43651581 15.01923370
v -19.94994926 -41.42649841 15.07801723
v -19.94323158 -41.41254425 15.13580418
v -19.93465805 -41.39474487 15.19227314
v -19.92427826 -41.37318802 15.24710751
v -19.91214943 -41.34800339 15.30000019
v -19.89833832 -41.31932449 15.35065651
v -19.88292503 -41.28731918 15.39879227
v -19.86599159 -41.25215912 15.44413853
v -19.84763718 -41.21404266 15.48644161
v -19.82796288 -41.17318726 15.52546501
v -19.80707741 -41.12982178 15.56099129
v -19.78509903 -41.08417892 15.59282017
v -19.76214981 -41.03652573 15.62077522
v -19.73835754 -40.98712158 15.64469910
v -19.71385574 -40.93624496 15.66445827
v -19.68878365 -40.88418198 15.67994213
v -19.66327858 -40.83121872 15.69106483
v -19.63748360 -40.77765656 15.69776344
v -19.61154556 -40.72379303 15.69999981
v -22.99888229 -39.83523178 14.95978451
v -22.99553299 -39.82942963 15.01923370
v -22.98997116 -39.81979752 15.07801723
v -22.98222923 -39.80638885 15.13580418
v -22.97234917 -39.78927612 15.19227314
v -22.96038818 -39.76855850 15.24710751
v -22.94640923 -39.74434662 15.30000019
v -22.93049622 -39.71678162 15.35065651
v -22.91273308 -39.68601608 15.39879227
v -22.89322090 -39.65222168 15.44413853
v -22.87206841 -39.61558533 15.48644161
v -22.84939575 -39.57631302 15.52546501
v -22.82532883 -39.53462601 15.56099129
v -22.79999924 -39.49075699 15.59282017
v -22.77355385 -39.44495010 15.62077522
v -22.74613571 -39.39746475 15.64469910
v -22.71790123 -39.34856033 15.66445827
v -22.68900871 -39.29851532 15.67994213
v -22.65961647 -39.24760818 15.69106483
v -22.62989235 -39.19612122 15.69776344
v -22.60000038 -39.14434814 15.69999981
v -25.91146278 -38.00513458 14.95978451
v -25.90769005 -37.99959946 15.01923370
v -25.90142441 -37.99040985 15.07801723
v -25.89270210 -37.97761917 15.13580418
v -25.88157082 -37.96129227 15.19227314
v -25.86809349 -37.94152451 15.24710751
v -25.85234642 -37.91842651 15.30000019
v -25.83441544 -37.89212799 15.35065651
v -25.81440353 -37.86277771 15.39879227
v -25.79242134 -37.83053207 15.44413853
v -25.76859093 -37.79558182 15.48644161
v -25.74304581 -37.75811386 15.52546501
v -25.71593094 -37.71834183 15.56099129
v -25.68739510 -37.67648697 15.59282017
v -25.65759850 -37.63278580 15.62077522
v -25.62670898 -37.58747864 15.64469910
v -25.59490013 -37.54082489 15.66445827
v -25.56234741 -37.49307632 15.67994213
v -25.52923393 -37.44450760 15.69106483
v -25.49574471 -37.39538956 15.69776344
v -25.46206665 -37.34599304 15.69999981
v -28.67913628 -35.96249771 14.95978451
v -28.67495918 -35.95726395 15.01923370
v -28.66802597 -35.94856644 15.07801723
v -28.65837097 -35.93646240 15.13580418
v -28.64605141 -35.92101288 15.19227314
v -28.63113403 -35.90230942 15.24710751
v -28.61370468 -35.88045120 15.30000019
v -28.59386063 -35.85556793 15.35065651
v -28.57171059 -35.82779312 15.39879227
v -28.54737854 -35.79728317 15.44413853
v -28.52100372 -35.76420593 15.48644161
v -28.49273109 -35.72875595 15.52546501
v -28.46271896 -35.69112015 15.56099129
v -28.43113518 -35.65151596 15.59282017
v -28.39815712 -35.61016083 15.62077522
v -28.36396790 -35.56729126 15.64469910
v -28.32876015 -35.52314377 15.66445827
v -28.29273033 -35.47796249 15.67994213
v -28.25608063 -35.43200302 15.69106483
v -28.21901321 -35.38552475 15.69776344
v -28.18173981 -35.33878326 15.69999981
v -31.28642464 -33.71874619 14.95978451
v -31.28186798 -33.71383667 15.01923370
v -31.27430344 -33.70568466 15.07801723
v -31.26377106 -33.69433212 15.13580418
v -31.25033188 -33.67984772 15.19227314
v -31.23405838 -33.66231155 15.24710751
v -31.21504593 -33.64181900 15.30000019
v -31.19339561 -33.61848450 15.35065651
v -31.16923141 -33.59244156 15.39879227
v -31.14268875 -33.56383514 15.44413853
v -31.11391640 -33.53282547 15.48644161
v -31.08307266 -33.49958420 15.52546501
v -31.05033112 -33.46429825 15.56099129
v -31.01587677 -33.42716599 15.59282017
v -30.97990036 -33.38839340 15.62077522
v -30.94260406 -33.34819412 15.64469910
v -30.90419579 -33.30680084 15.66445827
v -30.86488914 -33.26443863 15.67994213
v -30.82490730 -33.22134781 15.69106483
v -30.78447151 -33.17776871 15.69776344
v -30.74380684 -33.13394547 15.69999981
v -33.71874619 -31.28642464 14.95978451
v -33.71383667 -31.28186798 15.01923370
v -33.70568466 -31.27430344 15.07801723
v -33.69433212 -31.26377106 15.13580418
v -33.67984772 -31.25033188 15.19227314
v -33.66231155 -31.23405838 15.24710751
v -33.64181900 -31.21504593 15.30000019
v -33.61848450 -31.19339561 15.35065651
v -33.59244156 -31.16923141 15.39879227
v -33.56383514 -31.14268875 15.44413853
v -33.53282547 -31.11391640 15.48644161
v -33.49958420 -31.08307266 15.52546501
v -33.46429825 -31.05033112 15.56099129
v -33.42716599 -31.01587677 15.59282017
v -33.38839340 -30.97990036 15.62077522
v -33.34819412 -30.94260406 15.64469910
v -33.30680084 -30.90419579 15.66445827
v -33.26443863 -30.86488914 15.67994213
v -33.22134781 -30.82490730 15.69106483
v -33.17776871 -30.78447151 15.69776344
v -33.13394547 -30.74380684 15.69999981
v -35.96249771 -28.67913628 14.95978451
v -35.95726395 -28.67495918 15.01923370
v -35.94856644 -28.66802597 15.07801723
v -35.93646240 -28.65837097 15.13580418
v -35.92101288 -28.64605141 15.19227314
v -35.90230942 -28.63113403 15.24710751
v -35.88045120 -28.61370468 15.30000019
v -35.85556793 -28.59386063 15.35065651
v -35.82779312 -28.57171059 15.39879227
v -35.79728317 -28.54737854 15.44413853
v -35.76420593 -28.52100372 15.48644161
v -35.72875595 -28.49273109 15.52546501
v -35.69112015 -28.46271896 15.56099129
v -35.65151596 -28.43113518 15.59282017
v -35.61016083 -28.39815712 15.62077522
v -35.56729126 -28.36396790 15.64469910
v -35.52314377 -28.32876015 15.66445827
v -35.47796249 -28.29273033 15.67994213
v -35.43200302 -28.25608063 15.69106483
v -35.38552475 -28.21901321 15.69776344
v -35.33878326 -28.18173981 15.69999981
v -38.00513458 -25.91146278 14.95978451
v -37.99959946 -25.90769005 15.01923370
v -37.99040985 -25.90142441 15.07801723
v -37.97761917 -25.89270210 15.13580418
v -37.96129227 -25.88157082 15.19227314
v -37.94152451 -25.86809349 15.24710751
v -37.91842651 -25.85234642 15.30000019
v -37.89212799 -25.83441544 15.35065651
v -37.86277771 -25.81440353 15.39879227
v -37.83053207 -25.79242134 15.44413853
v -37.79558182 -25.76859093 15.48644161
v -37.75811386 -25.74304581 15.52546501
v -37.71834183 -25.71593094 15.56099129
v -37.67648697 -25.68739510 15.59282017
v -37.63278580 -25.65759850 15.62077522
v -37.58747864 -25.62670898 15.64469910
v -37.54082489 -25.59490013 15.66445827
v -37.49307632 -25.56234741 15.67994213
v -37.44450760 -25.52923393 15.69106483
v -37.39538956 -25.49574471 15.69776344
v -37.34599304 -25.46206665 15.69999981
v -39.83523178 -22.99888229 14.95978451
v -39.82942963 -22.99553299 15.01923370
v -39.81979752 -22.98997116 15.07801723
v -39.80638885 -22.98222923 15.13580418
v -39.78927612 -22.97234917 15.19227314
v -39.76855850 -22.96038818 15.24710751
v -39.74434662 -22.94640923 15.30000019
v -39.71678162 -22.93049622 15.35065651
v -39.68601608 -22.91273308 15.39879227
v -39.65222168 -22.89322090 15.44413853
v -39.61558533 -22.87206841 15.48644161
v -39.57631302 -22.84939575 15.52546501
v -39.53462601 -22.82532883 15.56099129
v -39.49075699 -22.79999924 15.59282017
v -39.44495010 -22.77355385 15.62077522
v -39.39746475 -22.74613571 15.64469910
v -39.34856033 -22.71790123 15.66445827
v -39.29851532 -22.68900871 15.67994213
v -39.24760818 -22.65961647 15.69106483
v -39.19612122 -22.62989235 15.69776344
v -39.14434814 -22.60000038 15.69999981
v -41.44255066 -19.95768166 14.95978451
v -41.43651581 -19.95477486 15.01923370
v -41.42649841 -19.94994926 15.07801723
v -41.41254425 -19.94323158 15.13580418
v -41.39474487 -19.93465805 15.19227314
v -41.37318802 -19.92427826 15.24710751
v -41.34800339 -19.91214943 15.30000019
v -41.31932449 -19.89833832 15.35065651
v -41.28731918 -19.88292503 15.39879227
v -41.25215912 -19.86599159 15.44413853
v -41.21404266 -19.84763718 15.48644161
v -41.17318726 -19.82796288 15.52546501
v -41.12982178 -19.80707741 15.56099129
v -41.08417892 -19.78509903 15.59282017
v -41.03652573 -19.76214981 15.62077522
v -40.98712158 -19.73835754 15.64469910
v -40.93624496 -19.71385574 15.66445827
v -40.88418198 -19.68878365 15.67994213
v -40.83121872 -19.66327858 15.69106483
v -40.77765656 -19.63748360 15.69776344
v -40.72379303 -19.61154556 15.69999981
v -42.81811142 -16.80487061 14.95978451
v -42.81187439 -16.80242348 15.01923370
v -42.80152130 -16.79835892 15.07801723
v -42.78710938 -16.79270172 15.13580418
v -42.76871490 -16.78548431 15.19227314
v -42.74644470 -16.77674294 15.24710751
v -42.72042084 -16.76652908 15.30000019
v -42.69079208 -16.75490189 15.35065651
v -42.65772247 -16.74192238 15.39879227
v -42.62139511 -16.72766495 15.44413853
v -42.58201599 -16.71220970 15.48644161
v -42.53980637 -16.69564247 15.52546501
v -42.49499893 -16.67805672 15.56099129
v -42.44784164 -16.65955162 15.59282017
v -42.39860535 -16.64022636 15.62077522
v -42.34756088 -16.62019348 15.64469910
v -42.29499817 -16.59956360 15.66445827
v -42.24120331 -16.57845116 15.67994213
v -42.18648529 -16.55697441 15.69106483
v -42.13114548 -16.53525543 15.69776344
v -42.07549286 -16.51341438 15.69999981
v -43.19189072 -13.32293415 15.69999981
v -43.95421219 -13.55807877 14.95978451
v -43.94781113 -13.55610466 15.01923370
v -43.93718338 -13.55282593 15.07801723
v -43.92238617 -13.54826164 15.13580418
v -43.90350342 -13.54243755 15.19227314
v -43.88064575 -13.53538609 15.24710751
v -43.85393143 -13.52714634 15.30000019
v -43.82351685 -13.51776409 15.35065651
v -43.78956985 -13.50729275 15.39879227
v -43.75227737 -13.49579048 15.44413853
v -43.71185303 -13.48332119 15.48644161
v -43.66852188 -13.46995544 15.52546501
v -43.62252426 -13.45576668 15.56099129
v -43.57411957 -13.44083595 15.59282017
v -43.52357864 -13.42524529 15.62077522
v -43.47117996 -13.40908241 15.64469910
v -43.41721725 -13.39243793 15.66445827
v -43.36199951 -13.37540531 15.67994213
v -43.30582809 -13.35807896 15.69106483
v -43.24901962 -13.34055519 15.69776344
v -44.84450150 -10.23546505 14.95978451
v -44.83797455 -10.23397446 15.01923370
v -44.82712936 -10.23149967 15.07801723
v -44.81203461 -10.22805405 15.13580418
v -44.79277039 -10.22365761 15.19227314
v -44.76944351 -10.21833420 15.24710751
v -44.74219131 -10.21211338 15.30000019
v -44.71115875 -10.20503044 15.35065651
v -44.67652512 -10.19712543 15.39879227
v -44.63848114 -10.18844128 15.44413853
v -44.59723663 -10.17902851 15.48644161
v -44.55302811 -10.16893768 15.52546501
v -44.50609970 -10.15822697 15.56099129
v -44.45671463 -10.14695454 15.59282017
v -44.40514755 -10.13518524 15.62077522
v -44.35168839 -10.12298298 15.64469910
v -44.29663467 -10.11041737 15.66445827
v -44.24029541 -10.09755898 15.67994213
v -44.18298721 -10.08447838 15.69106483
v -44.12502670 -10.07124901 15.69776344
v -44.06674194 -10.05794621 15.69999981
v -45.48400497 -6.85561085 14.95978451
v -45.47738266 -6.85461235 15.01923370
v -45.46638489 -6.85295486 15.07801723
v -45.45107269 -6.85064697 15.13580418
v -45.43153381 -6.84770203 15.19227314
v -45.40787888 -6.84413624 15.24710751
v -45.38023376 -6.83997011 15.30000019
v -45.34876251 -6.83522606 15.35065651
v -45.31363297 -6.82993126 15.39879227
v -45.27504349 -6.82411480 15.44413853
v -45.23321533 -6.81781006 15.48644161
v -45.18837357 -6.81105137 15.52546501
v -45.14077759 -6.80387735 15.56099129
v -45.09068680 -6.79632711 15.59282017
v -45.03838348 -6.78844404 15.62077522
v -44.98416138 -6.78027153 15.64469910
v -44.92832565 -6.77185535 15.66445827
v -44.87118149 -6.76324224 15.67994213
v -44.81305695 -6.75448132 15.69106483
v -44.75426865 -6.74562073 15.69776344
v -44.69515228 -6.73671055 15.69999981
v -45.86914444 -3.43741703 14.95978451
v -45.86246490 -3.43691659 15.01923370
v -45.85137177 -3.43608546 15.07801723
v -45.83593369 -3.43492818 15.13580418
v -45.81622696 -3.43345165 15.19227314
v -45.79236984 -3.43166375 15.24710751
v -45.76449585 -3.42957473 15.30000019
v -45.73275375 -3.42719626 15.35065651
v -45.69732666 -3.42454123 15.39879227
v -45.65841293 -3.42162514 15.44413853
v -45.61623001 -3.41846371 15.48644161
v -45.57101059 -3.41507506 15.52546501
v -45.52300644 -3.41147780 15.56099129
v -45.47249222 -3.40769219 15.59282017
v -45.41974640 -3.40373945 15.62077522
v -45.36506653 -3.39964175 15.64469910
v -45.30875778 -3.39542198 15.66445827
v -45.25112915 -3.39110351 15.67994213
v -45.19251251 -3.38671064 15.69106483
v -45.13322830 -3.38226795 15.69776344
v -45.07361221 -3.37780023 15.69999981
v -45.99776459 0.00000000 14.95978451
v -45.99106598 0.00000000 15.01923370
v -45.97994232 0.00000000 15.07801723
v -45.96445847 0.00000000 15.13580418
v -45.94469833 0.00000000 15.19227314
v -45.92077637 0.00000000 15.24710751
v -45.89281845 0.00000000 15.30000019
v -45.86099243 0.00000000 15.35065651
v -45.82546616 0.00000000 15.39879227
v -45.78644180 0.00000000 15.44413853
v -45.74413681 0.00000000 15.48644161
v -45.69879150 0.00000000 15.52546501
v -45.65065765 0.00000000 15.56099129
v -45.59999847 0.00000000 15.59282017
v -45.54710770 0.00000000 15.62077522
v -45.49227142 0.00000000 15.64469910
v -45.43580246 0.00000000 15.66445827
v -45.37801743 0.00000000 15.67994213
v -45.31923294 0.00000000 15.69106483
v -45.25978470 0.00000000 15.69776344
v -45.20000076 -0.00000000 15.69999981
v -45.86914444 3.43741703 14.95978451
v -45.86246490 3.43691659 15.01923370
v -45.85137177 3.43608546 15.07801723
v -45.83593369 3.43492818 15.13580418
v -45.81622696 3.43345165 15.19227314
v -45.79236984 3.43166375 15.24710751
v -45.76449585 3.42957473 15.30000019
v -45.73275375 3.42719626 15.35065651
v -45.69732666 3.42454123 15.39879227
v -45.65841293 3.42162514 15.44413853
v -45.61623001 3.41846371 15.48644161
v -45.57101059 3.41507506 15.52546501
v -45.52300644 3.41147780 15.56099129
v -45.47249222 3.40769219 15.59282017
v -45.41974640 3.40373945 15.62077522
v -45.36506653 3.39964175 15.64469910
v -45.30875778 3.39542198 15.66445827
v -45.25112915 3.39110351 15.67994213
v -45.19251251 3.38671064 15.69106483
v -45.13322830 3.38226795 15.69776344
v -45.07361221 3.37780023 15.69999981
v -44.69515228 6.73671055 15.69999981
v -45.48400497 6.85561085 14.95978451
v -45.47738266 6.85461235 15.01923370
v -45.46638489 6.85295486 15.07801723
v -45.45107269 6.85064697 15.13580418
v -45.43153381 6.84770203 15.19227314
v -45.40787888 6.84413624 15.24710751
v -45.38023376 6.83997011 15.30000019
v -45.34876251 6.83522606 15.35065651
v -45.31363297 6.82993126 15.39879227
v -45.27504349 6.82411480 15.44413853
v -45.23321533 6.81781006 15.48644161
v -45.18837357 6.81105137 15.52546501
v -45.14077759 6.80387735 15.56099129
v -45.09068680 6.79632711 15.59282017
v -45.03838348 6.78844404 15.62077522
v -44.98416138 6.78027153 15.64469910
v -44.92832565 6.77185535 15.66445827
v -44.87118149 6.76324224 15.67994213
v -44.81305695 6.75448132 15.69106483
v -44.75426865 6.74562073 15.69776344
v -44.84450150 10.23546505 14.95978451
v -44.83797455 10.23397446 15.01923370
v -44.82712936 10.23149967 15.07801723
v -44.81203461 10.22805405 15.13580418
v -44.79277039 10.22365761 15.19227314
v -44.76944351 10.21833420 15.24710751
v -44.74219131 10.21211338 15.30000019
v -44.71115875 10.20503044 15.35065651
v -44.67652512 10.19712543 15.39879227
v -44.63848114 10.18844128 15.44413853
v -44.59723663 10.17902851 15.48644161
v -44.55302811 10.16893768 15.52546501
v -44.50609970 10.15822697 15.56099129
v -44.45671463 10.14695454 15.59282017
v -44.40514755 10.13518524 15.62077522
v -44.35168839 10.12298298 15.64469910
v -44.29663467 10.11041737 15.66445827
v -44.24029541 10.09755898 15.67994213
v -44.18298721 10.08447838 15.69106483
v -44.12502670 10.07124901 15.69776344
v -44.06674194 10.05794621 15.69999981
v -43.95421219 13.55807877 14.95978451
v -43.94781113 13.55610466 15.01923370
v -43.93718338 13.55282593 15.07801723
v -43.92238617 13.54826164 15.13580418
v -43.90350342 13.54243755 15.19227314
v -43.88064575 13.53538609 15.24710751
v -43.85393143 13.52714634 15.30000019
v -43.82351685 13.51776409 15.35065651
v -43.78956985 13.50729275 15.39879227
v -43.75227737 13.49579048 15.44413853
v -43.71185303 13.48332119 15.48644161
v -43.66852188 13.46995544 15.52546501
v -43.62252426 13.45576668 15.56099129
v -43.57411957 13.44083595 15.59282017
v -43.52357864 13.42524529 15.62077522
v -43.47117996 13.40908241 15.64469910
v -43.41721725 13.39243793 15.66445827
v -43.36199951 13.37540531 15.67994213
v -43.30582809 13.35807896 15.69106483
v -43.24901962 13.34055519 15.69776344
v -43.19189072 13.32293415 15.69999981
v -42.81811142 16.80487061 14.95978451
v -42.81187439 16.80242348 15.01923370
v -42.80152130 16.79835892 15.07801723
v -42.78710938 16.79270172 15.13580418
v -42.76871490 16.78548431 15.19227314
v -42.74644470 16.77674294 15.24710751
v -42.72042084 16.76652908 15.30000019
v -42.69079208 16.75490189 15.35065651
v -42.65772247 16.74192238 15.39879227
v -42.62139511 16.72766495 15.44413853
v -42.58201599 16.71220970 15.48644161
v -42.53980637 16.69564247 15.52546501
v -42.49499893 16.67805672 15.56099129
v -42.44784164 16.65955162 15.59282017
v -42.39860535 16.64022636 15.62077522
v -42.34756088 16.62019348 15.64469910
v -42.29499817 16.59956360 15.66445827
v -42.24120331 16.57845116 15.67994213
v -42.18648529 16.55697441 15.69106483
v -42.13114548 16.53525543 15.69776344
v -42.07549286 16.51341438 15.69999981
v -41.44255066 19.95768166 14.95978451
v -41.43651581 19.95477486 15.01923370
v -41.42649841 19.94994926 15.07801723
v -41.41254425 19.94323158 15.13580418
v -41.39474487 19.93465805 15.19227314
v -41.37318802 19.92427826 15.24710751
v -41.34800339 19.91214943 15.30000019
v -41.31932449 19.89833832 15.35065651
v -41.28731918 19.88292503 15.39879227
v -41.25215912 19.86599159 15.44413853
v -41.21404266 19.84763718 15.48644161
v -41.17318726 19.82796288 15.52546501
v -41.12982178 19.80707741 15.56099129
v -41.08417892 19.78509903 15.59282017
v -41.03652573 19.76214981 15.62077522
v -40.98712158 19.73835754 15.64469910
v -40.93624496 19.71385574 15.66445827
v -40.88418198 19.68878365 15.67994213
v -40.83121872 19.66327858 15.69106483
v -40.77765656 19.63748360 15.69776344
v -40.72379303 19.61154556 15.69999981
v -39.83523178 22.99888229 14.95978451
v -39.82942963 22.99553299 15.01923370
v -39.81979752 22.98997116 15.07801723
v -39.80638885 22.98222923 15.13580418
v -39.78927612 22.97234917 15.19227314
v -39.76855850 22.96038818 15.24710751
v -39.74434662 22.94640923 15.30000019
v -39.71678162 22.93049622 15.35065651
v -39.68601608 22.91273308 15.39879227
v -39.65222168 22.89322090 15.44413853
v -39.61558533 22.87206841 15.48644161
v -39.57631302 22.84939575 15.52546501
v -39.53462601 22.82532883 15.56099129
v -39.49075699 22.79999924 15.59282017
v -39.44495010 22.77355385 15.62077522
v -39.39746475 22.74613571 15.64469910
v -39.34856033 22.71790123 15.66445827
v -39.29851532 22.68900871 15.67994213
v -39.24760818 22.65961647 15.69106483
v -39.19612122 22.62989235 15.69776344
v -39.14434814 22.60000038 15.69999981
v -37.34599304 25.46206665 15.69999981
v -38.00513458 25.91146278 14.95978451
v -37.99959946 25.90769005 15.01923370
v -37.99040985 25.90142441 15.07801723
v -37.97761917 25.89270210 15.13580418
v -37.96129227 25.88157082 15.19227314
v -37.94152451 25.86809349 15.24710751
v -37.91842651 25.85234642 15.30000019
v -37.89212799 25.83441544 15.35065651
v -37.86277771 25.81440353 15.39879227
v -37.83053207 25.79242134 15.44413853
v -37.79558182 25.76859093 15.48644161
v -37.75811386 25.74304581 15.52546501
v -37.71834183 25.71593094 15.56099129
v -37.67648697 25.68739510 15.59282017
v -37.63278580 25.65759850 15.62077522
v -37.58747864 25.62670898 15.64469910
v -37.54082489 25.59490013 15.66445827
v -37.49307632 25.56234741 15.67994213
v -37.44450760 25.52923393 15.69106483
v -37.39538956 25.49574471 15.69776344
v -35.96249771 28.67913628 14.95978451
v -35.95726395 28.67495918 15.01923370
v -35.94856644 28.66802597 15.07801723
v -35.93646240 28.65837097 15.13580418
v -35.92101288 28.64605141 15.19227314
v -35.90230942 28.63113403 15.24710751
v -35.88045120 28.61370468 15.30000019
v -35.85556793 28.59386063 15.35065651
v -35.82779312 28.57171059 15.39879227
v -35.79728317 28.54737854 15.44413853
v -35.76420593 28.52100372 15.48644161
v -35.72875595 28.49273109 15.52546501
v -35.69112015 28.46271896 15.56099129
v -35.65151596 28.43113518 15.59282017
v -35.61016083 28.39815712 15.62077522
v -35.56729126 28.36396790 15.64469910
v -35.52314377 28.32876015 15.66445827
v -35.47796249 28.29273033 15.67994213
v -35.43200302 28.25608063 15.69106483
v -35.38552475 28.21901321 15.69776344
v -35.33878326 28.18173981 15.69999981
v -33.71874619 31.28642464 14.95978451
v -33.71383667 31.28186798 15.01923370
v -33.70568466 31.27430344 15.07801723
v -33.69433212 31.26377106 15.13580418
v -33.67984772 31.25033188 15.19227314
v -33.66231155 31.23405838 15.24710751
v -33.64181900 31.21504593 15.30000019
v -33.61848450 31.19339561 15.35065651
v -33.59244156 31.16923141 15.39879227
v -33.56383514 31.14268875 15.44413853
v -33.53282547 31.11391640 15.48644161
v -33.49958420 31.08307266 15.52546501
v -33.46429825 31.05033112 15.56099129
v -33.42716599 31.01587677 15.59282017
v -33.38839340 30.97990036 15.62077522
v -33.34819412 30.94260406 15.64469910
v -33.30680084 30.90419579 15.66445827
v -33.26443863 30.86488914 15.67994213
v -33.22134781 30.82490730 15.69106483
v -33.17776871 30.78447151 15.69776344
v -33.13394547 30.74380684 15.69999981
v -30.74380684 33.13394547 15.69999981
v -31.28642464 33.71874619 14.95978451
v -31.28186798 33.71383667 15.01923370
v -31.27430344 33.70568466 15.07801723
v -31.26377106 33.69433212 15.13580418
v -31.25033188 33.67984772 15.19227314
v -31.23405838 33.66231155 15.24710751
v -31.21504593 33.64181900 15.30000019
v -31.19339561 33.61848450 15.35065651
v -31.16923141 33.59244156 15.39879227
v -31.14268875 33.56383514 15.44413853
v -31.11391640 33.53282547 15.48644161
v -31.08307266 33.49958420 15.52546501
v -31.05033112 33.46429825 15.56099129
v -31.01587677 33.42716599 15.59282017
v -30.97990036 33.38839340 15.62077522
v -30.94260406 33.34819412 15.64469910
v -30.90419579 33.30680084 15.66445827
v -30.86488914 33.26443863 15.67994213
v -30.82490730 33.22134781 15.69106483
v -30.78447151 33.17776871 15.69776344
v -28.67913628 35.96249771 14.95978451
v -28.67495918 35.95726395 15.01923370
v -28.66802597 35.94856644 15.07801723
v -28.65837097 35.93646240 15.13580418
v -28.64605141 35.92101288 15.19227314
v -28.63113403 35.90230942 15.24710751
v -28.61370468 35.88045120 15.30000019
v -28.59386063 35.85556793 15.35065651
v -28.57171059 35.82779312 15.39879227
v -28.54737854 35.79728317 15.44413853
v -28.52100372 35.76420593 15.48644161
v -28.49273109 35.72875595 15.52546501
v -28.46271896 35.69112015 15.56099129
v -28.43113518 35.65151596 15.59282017
v -28.39815712 35.61016083 15.62077522
v -28.36396790 35.56729126 15.64469910
v -28.32876015 35.52314377 15.66445827
v -28.29273033 35.47796249 15.67994213
v -28.25608063 35.43200302 15.69106483
v -28.21901321 35.38552475 15.69776344
v -28.18173981 35.33878326 15.69999981
v -25.91146278 38.00513458 14.95978451
v -25.90769005 37.99959946 15.01923370
v -25.90142441 37.99040985 15.07801723
v -25.89270210 37.97761917 15.13580418
v -25.88157082 37.96129227 15.19227314
v -25.86809349 37.94152451 15.24710751
v -25.85234642 37.91842651 15.30000019
v -25.83441544 37.89212799 15.35065651
v -25.81440353 37.86277771 15.39879227
v -25.79242134 37.83053207 15.44413853
v -25.76859093 37.79558182 15.48644161
v -25.74304581 37.75811386 15.52546501
v -25.71593094 37.71834183 15.56099129
v -25.68739510 37.67648697 15.59282017
v -25.65759850 37.63278580 15.62077522
v -25.62670898 37.58747864 15.64469910
v -25.59490013 37.54082489 15.66445827
v -25.56234741 37.49307632 15.67994213
v -25.52923393 37.44450760 15.69106483
v -25.49574471 37.39538956 15.69776344
v -25.46206665 37.34599304 15.69999981
v -22.99888229 39.83523178 14.95978451
v -22.99553299 39.82942963 15.01923370
v -22.98997116 39.81979752 15.07801723
v -22.98222923 39.80638885 15.13580418
v -22.97234917 39.78927612 15.19227314
v -22.96038818 39.76855850 15.24710751
v -22.94640923 39.74434662 15.30000019
v -22.93049622 39.71678162 15.35065651
v -22.91273308 39.68601608 15.39879227
v -22.89322090 39.65222168 15.44413853
v -22.87206841 39.61558533 15.48644161
v -22.84939575 39.57631302 15.52546501
v -22.82532883 39.53462601 15.56099129
v -22.79999924 39.49075699 15.59282017
v -22.77355385 39.44495010 15.62077522
v -22.74613571 39.39746475 15.64469910
v -22.71790123 39.34856033 15.66445827
v -22.68900871 39.29851532 15.67994213
v -22.65961647 39.24760818 15.69106483
v -22.62989235 39.19612122 15.69776344
v -22.60000038 39.14434814 15.69999981
v -19.61154556 40.72379303 15.69999981
v -19.95768166 41.44255066 14.95978451
v -19.95477486 41.43651581 15.01923370
v -19.94994926 41.42649841 15.07801723
v -19.94323158 41.41254425 15.13580418
v -19.93465805 41.39474487 15.19227314
v -19.92427826 41.37318802 15.24710751
v -19.91214943 41.34800339 15.30000019
v -19.89833832 41.31932449 15.35065651
v -19.88292503 41.28731918 15.39879227
v -19.86599159 41.25215912 15.44413853
v -19.84763718 41.21404266 15.48644161
v -19.82796288 41.17318726 15.52546501
v -19.80707741 41.12982178 15.56099129
v -19.78509903 41.08417892 15.59282017
v -19.76214981 41.03652573 15.62077522
v -19.73835754 40.98712158 15.64469910
v -19.71385574 40.93624496 15.66445827
v -19.68878365 40.88418198 15.67994213
v -19.66327858 40.83121872 15.69106483
v -19.63748360 40.77765656 15.69776344
v -16.51341438 42.07549286 15.69999981
v -16.80487061 42.81811142 14.95978451
v -16.80242348 42.81187439 15.01923370
v -16.79835892 42.80152130 15.07801723
v -16.79270172 42.78710938 15.13580418
v -16.78548431 42.76871490 15.19227314
v -16.77674294 42.74644470 15.24710751
v -16.76652908 42.72042084 15.30000019
v -16.75490189 42.69079208 15.35065651
v -16.74192238 42.65772247 15.39879227
v -16.72766495 42.62139511 15.44413853
v -16.71220970 42.58201599 15.48644161
v -16.69564247 42.53980637 15.52546501
v -16.67805672 42.49499893 15.56099129
v -16.65955162 42.44784164 15.59282017
v -16.64022636 42.39860535 15.62077522
v -16.62019348 42.34756088 15.64469910
v -16.59956360 42.29499817 15.66445827
v -16.57845116 42.24120331 15.67994213
v -16.55697441 42.18648529 15.69106483
v -16.53525543 42.13114548 15.69776344
v -13.55807877 43.95421219 14.95978451
v -13.55610466 43.94781113 15.01923370
v -13.55282593 43.93718338 15.07801723
v -13.54826164 43.92238617 15.13580418
v -13.54243755 43.90350342 15.19227314
v -13.53538609 43.88064575 15.24710751
v -13.52714634 43.85393143 15.30000019
v -13.51776409 43.82351685 15.35065651
v -13.50729275 43.78956985 15.39879227
v -13.49579048 43.75227737 15.44413853
v -13.48332119 43.71185303 15.48644161
v -13.46995544 43.66852188 15.52546501
v -13.45576668 43.62252426 15.56099129
v -13.44083595 43.57411957 15.59282017
v -13.42524529 43.52357864 15.62077522
v -13.40908241 43.47117996 15.64469910
v -13.39243793 43.41721725 15.66445827
v -13.37540531 43.36199951 15.67994213
v -13.35807896 43.30582809 15.69106483
v -13.34055519 43.24901962 15.69776344
v -13.32293415 43.19189072 15.69999981
v -10.23546505 44.84450150 14.95978451
v -10.23397446 44.83797455 15.01923370
v -10.23149967 44.82712936 15.07801723
v -10.22805405 44.81203461 15.13580418
v -10.22365761 44.79277039 15.19227314
v -10.21833420 44.76944351 15.24710751
v -10.21211338 44.74219131 15.30000019
v -10.20503044 44.71115875 15.35065651
v -10.19712543 44.67652512 15.39879227
v -10.18844128 44.63848114 15.44413853
v -10.17902851 44.59723663 15.48644161
v -10.16893768 44.55302811 15.52546501
v -10.15822697 44.50609970 15.56099129
v -10.14695454 44.45671463 15.59282017
v -10.13518524 44.40514755 15.62077522
v -10.12298298 44.35168839 15.64469910
v -10.11041737 44.29663467 15.66445827
v -10.09755898 44.24029541 15.67994213
v -10.08447838 44.18298721 15.69106483
v -10.07124901 44.12502670 15.69776344
v -10.05794621 44.06674194 15.69999981
v -6.85561085 45.48400497 14.95978451
v -6.85461235 45.47738266 15.01923370
v -6.85295486 45.46638489 15.07801723
v -6.85064697 45.45107269 15.13580418
v -6.84770203 45.43153381 15.19227314
v -6.84413624 45.40787888 15.24710751
v -6.83997011 45.38023376 15.30000019
v -6.83522606 45.34876251 15.35065651
v -6.82993126 45.31363297 15.39879227
v -6.82411480 45.27504349 15.44413853
v -6.81781006 45.23321533 15.48644161
v -6.81105137 45.18837357 15.52546501
v -6.80387735 45.14077759 15.56099129
v -6.79632711 45.09068680 15.59282017
v -6.78844404 45.03838348 15.62077522
v -6.78027153 44.98416138 15.64469910
v -6.77185535 44.92832565 15.66445827
v -6.76324224 44.87118149 15.67994213
v -6.75448132 44.81305695 15.69106483
v -6.74562073 44.75426865 15.69776344
v -6.73671055 44.69515228 15.69999981
v -3.37780023 45.07361221 15.69999981
v -3.43741703 45.86914444 14.95978451
v -3.43691659 45.86246490 15.01923370
v -3.43608546 45.85137177 15.07801723
v -3.43492818 45.83593369 15.13580418
v -3.43345165 45.81622696 15.19227314
v -3.43166375 45.79236984 15.24710751
v -3.42957473 45.76449585 15.30000019
v -3.42719626 45.73275375 15.35065651
v -3.42454123 45.69732666 15.39879227
v -3.42162514 45.65841293 15.44413853
v -3.41846371 45.61623001 15.48644161
v -3.41507506 45.57101059 15.52546501
v -3.41147780 45.52300644 15.56099129
v -3.40769219 45.47249222 15.59282017
v -3.40373945 45.41974640 15.62077522
v -3.39964175 45.36506653 15.64469910
v -3.39542198 45.30875778 15.66445827
v -3.39110351 45.25112915 15.67994213
v -3.38671064 45.19251251 15.69106483
v -3.38226795 45.13322830 15.69776344
v -0.00000000 45.20000076 15.69999981
v 0.00000000 45.99776459 14.95978451
v 0.00000000 45.99106598 15.01923370
v 0.00000000 45.97994232 15.07801723
v 0.00000000 45.96445847 15.13580418
v 0.00000000 45.94469833 15.19227314
v 0.00000000 45.92077637 15.24710751
v 0.00000000 45.89281845 15.30000019
v 0.00000000 45.86099243 15.35065651
v 0.00000000 45.82546616 15.39879227
v 0.00000000 45.78644180 15.44413853
v 0.00000000 45.74413681 15.48644161
v 0.00000000 45.69879150 15.52546501
v 0.00000000 45.65065765 15.56099129
v 0.00000000 45.59999847 15.59282017
v 0.00000000 45.54710770 15.62077522
v 0.00000000 45.49227142 15.64469910
v 0.00000000 45.43580246 15.66445827
v 0.00000000 45.37801743 15.67994213
v 0.00000000 45.31923294 15.69106483
v 0.00000000 45.25978470 15.69776344
v 3.43741703 45.86914444 14.95978451
v 3.43691659 45.86246490 15.01923370
v 3.43608546 45.85137177 15.07801723
v 3.43492818 45.83593369 15.13580418
v 3.43345165 45.81622696 15.19227314
v 3.43166375 45.79236984 15.24710751
v 3.42957473 45.76449585 15.30000019
v 3.42719626 45.73275375 15.35065651
v 3.42454123 45.69732666 15.39879227
v 3.42162514 45.65841293 15.44413853
v 3.41846371 45.61623001 15.48644161
v 3.41507506 45.57101059 15.52546501
v 3.41147780 45.52300644 15.56099129
v 3.40769219 45.47249222 15.59282017
v 3.40373945 45.41974640 15.62077522
v 3.39964175 45.36506653 15.64469910
v 3.39542198 45.30875778 15.66445827
v 3.39110351 45.25112915 15.67994213
v 3.38671064 45.19251251 15.69106483
v 3.38226795 45.13322830 15.69776344
v 3.37780023 45.07361221 15.69999981
v 6.73671055 44.69515228 15.69999981
v 6.85561085 45.48400497 14.95978451
v 6.85461235 45.47738266 15.01923370
v 6.85295486 45.46638489 15.07801723
v 6.85064697 45.45107269 15.13580418
v 6.84770203 45.43153381 15.19227314
v 6.84413624 45.40787888 15.24710751
v 6.83997011 45.38023376 15.30000019
v 6.83522606 45.34876251 15.35065651
v 6.82993126 45.31363297 15.39879227
v 6.82411480 45.27504349 15.44413853
v 6.81781006 45.23321533 15.48644161
v 6.81105137 45.18837357 15.52546501
v 6.80387735 45.14077759 15.56099129
v 6.79632711 45.09068680 15.59282017
v 6.78844404 45.03838348 15.62077522
v 6.78027153 44.98416138 15.64469910
v 6.77185535 44.92832565 15.66445827
v 6.76324224 44.87118149 15.67994213
v 6.75448132 44.81305695 15.69106483
v 6.74562073 44.75426865 15.69776344
v 10.23546505 44.84450150 14.95978451
v 10.23397446 44.83797455 15.01923370
v 10.23149967 44.82712936 15.07801723
v 10.22805405 44.81203461 15.13580418
v 10.22365761 44.79277039 15.19227314
v 10.21833420 44.76944351 15.24710751
v 10.21211338 44.74219131 15.30000019
v 10.20503044 44.71115875 15.35065651
v 10.19712543 44.67652512 15.39879227
v 10.18844128 44.63848114 15.44413853
v 10.17902851 44.59723663 15.48644161
v 10.16893768 44.55302811 15.52546501
v 10.15822697 44.50609970 15.56099129
v 10.14695454 44.45671463 15.59282017
v 10.13518524 44.40514755 15.62077522
v 10.12298298 44.35168839 15.64469910
v 10.11041737 44.29663467 15.66445827
v 10.09755898 44.24029541 15.67994213
v 10.08447838 44.18298721 15.69106483
v 10.07124901 44.12502670 15.69776344
v 10.05794621 44.06674194 15.69999981
v 13.32293415 43.19189072 15.69999981
v 13.55807877 43.95421219 14.95978451
v 13.55610466 43.94781113 15.01923370
v 13.55282593 43.93718338 15.07801723
v 13.54826164 43.92238617 15.13580418
v 13.54243755 43.90350342 15.19227314
v 13.53538609 43.88064575 15.24710751
v 13.52714634 43.85393143 15.30000019
v 13.51776409 43.82351685 15.35065651
v 13.50729275 43.78956985 15.39879227
v 13.49579048 43.75227737 15.44413853
v 13.48332119 43.71185303 15.48644161
v 13.46995544 43.66852188 15.52546501
v 13.45576668 43.62252426 15.56099129
v 13.44083595 43.57411957 15.59282017
v 13.42524529 43.52357864 15.62077522
v 13.40908241 43.47117996 15.64469910
v 13.39243793 43.41721725 15.66445827
v 13.37540531 43.36199951 15.67994213
v 13.35807896 43.30582809 15.69106483
v 13.34055519 43.24901962 15.69776344
v 16.80487061 42.81811142 14.95978451
v 16.80242348 42.81187439 15.01923370
v 16.79835892 42.80152130 15.07801723
v 16.79270172 42.78710938 15.13580418
v 16.78548431 42.76871490 15.19227314
v 16.77674294 42.74644470 15.24710751
v 16.76652908 42.72042084 15.30000019
v 16.75490189 42.69079208 15.35065651
v 16.74192238 42.65772247 15.39879227
v 16.72766495 42.62139511 15.44413853
v 16.71220970 42.58201599 15.48644161
v 16.69564247 42.53980637 15.52546501
v 16.67805672 42.49499893 15.56099129
v 16.65955162 42.44784164 15.59282017
v 16.64022636 42.39860535 15.62077522
v 16.62019348 42.34756088 15.64469910
v 16.59956360 42.29499817 15.66445827
v 16.57845116 42.24120331 15.67994213
v 16.55697441 42.18648529 15.69106483
v 16.53525543 42.13114548 15.69776344
v 16.51341438 42.07549286 15.69999981
v 19.61154556 40.72379303 15.69999981
v 19.95768166 41.44255066 14.95978451
v 19.95477486 41.43651581 15.01923370
v 19.94994926 41.42649841 15.07801723
v 19.94323158 41.41254425 15.13580418
v 19.93465805 41.39474487 15.19227314
v 19.92427826 41.37318802 15.24710751
v 19.91214943 41.34800339 15.30000019
v 19.89833832 41.31932449 15.35065651
v 19.88292503 41.28731918 15.39879227
v 19.86599159 41.25215912 15.44413853
v 19.84763718 41.21404266 15.48644161
v 19.82796288 41.17318726 15.52546501
v 19.80707741 41.12982178 15.56099129
v 19.78509903 41.08417892 15.59282017
v 19.76214981 41.03652573 15.62077522
v 19.73835754 40.98712158 15.64469910
v 19.71385574 40.93624496 15.66445827
v 19.68878365 40.88418198 15.67994213
v 19.66327858 40.83121872 15.69106483
v 19.63748360 40.77765656 15.69776344
v 22.99888229 39.83523178 14.95978451
v 22.99553299 39.82942963 15.01923370
v 22.98997116 39.81979752 15.07801723
v 22.98222923 39.80638885 15.13580418
v 22.97234917 39.78927612 15.19227314
v 22.96038818 39.76855850 15.24710751
v 22.94640923 39.74434662 15.30000019
v 22.93049622 39.71678162 15.35065651
v 22.91273308 39.68601608 15.39879227
v 22.89322090 39.65222168 15.44413853
v 22.87206841 39.61558533 15.48644161
v 22.84939575 39.57631302 15.52546501
v 22.82532883 39.53462601 15.56099129
v 22.79999924 39.49075699 15.59282017
v 22.77355385 39.44495010 15.62077522
v 22.74613571 39.39746475 15.64469910
v 22.71790123 39.34856033 15.66445827
v 22.68900871 39.29851532 15.67994213
v 22.65961647 39.24760818 15.69106483
v 22.62989235 39.19612122 15.69776344
v 22.60000038 39.14434814 15.69999981
v 25.46206665 37.34599304 15.69999981
v 25.91146278 38.00513458 14.95978451
v 25.90769005 37.99959946 15.01923370
v 25.90142441 37.99040985 15.07801723
v 25.89270210 37.97761917 15.13580418
v 25.88157082 37.96129227 15.19227314
v 25.86809349 37.94152451 15.24710751
v 25.85234642 37.91842651 15.30000019
v 25.83441544 37.89212799 15.35065651
v 25.81440353 37.86277771 15.39879227
v 25.79242134 37.83053207 15.44413853
v 25.76859093 37.79558182 15.48644161
v 25.74304581 37.75811386 15.52546501
v 25.71593094 37.71834183 15.56099129
v 25.68739510 37.67648697 15.59282017
v 25.65759850 37.63278580 15.62077522
v 25.62670898 37.58747864 15.64469910
v 25.59490013 37.54082489 15.66445827
v 25.56234741 37.49307632 15.67994213
v 25.52923393 37.44450760 15.69106483
v 25.49574471 37.39538956 15.69776344
v 28.67913628 35.96249771 14.95978451
v 28.67495918 35.95726395 15.01923370
v 28.66802597 35.94856644 15.07801723
v 28.65837097 35.93646240 15.13580418
v 28.64605141 35.92101288 15.19227314
v 28.63113403 35.90230942 15.24710751
v 28.61370468 35.88045120 15.30000019
v 28.59386063 35.85556793 15.35065651
v 28.57171059 35.82779312 15.39879227
v 28.54737854 35.79728317 15.44413853
v 28.52100372 35.76420593 15.48644161
v 28.49273109 35.72875595 15.52546501
v 28.46271896 35.69112015 15.56099129
v 28.43113518 35.65151596 15.59282017
v 28.39815712 35.61016083 15.62077522
v 28.36396790 35.56729126 15.64469910
v 28.32876015 35.52314377 15.66445827
v 28.29273033 35.47796249 15.67994213
v 28.25608063 35.43200302 15.69106483
v 28.21901321 35.38552475 15.69776344
v 28.18173981 35.33878326 15.69999981
v 31.28642464 33.71874619 14.95978451
v 31.28186798 33.71383667 15.01923370
v 31.27430344 33.70568466 15.07801723
v 31.26377106 33.69433212 15.13580418
v 31.25033188 33.67984772 15.19227314
v 31.23405838 33.66231155 15.24710751
v 31.21504593 33.64181900 15.30000019
v 31.19339561 33.61848450 15.35065651
v 31.16923141 33.59244156 15.39879227
v 31.14268875 33.56383514 15.44413853
v 31.11391640 33.53282547 15.48644161
v 31.08307266 33.49958420 15.52546501
v 31.05033112 33.46429825 15.56099129
v 31.01587677 33.42716599 15.59282017
v 30.97990036 33.38839340 15.62077522
v 30.94260406 33.34819412 15.64469910
v 30.90419579 33.30680084 15.66445827
v 30.86488914 33.26443863 15.67994213
v 30.82490730 33.22134781 15.69106483
v 30.78447151 33.17776871 15.69776344
v 30.74380684 33.13394547 15.69999981
v 33.71874619 31.28642464 14.95978451
v 33.71383667 31.28186798 15.01923370
v 33.70568466 31.27430344 15.07801723
v 33.69433212 31.26377106 15.13580418
v 33.67984772 31.25033188 15.19227314
v 33.66231155 31.23405838 15.24710751
v 33.64181900 31.21504593 15.30000019
v 33.61848450 31.19339561 15.35065651
v 33.59244156 31.16923141 15.39879227
v 33.56383514 31.14268875 15.44413853
v 33.53282547 31.11391640 15.48644161
v 33.49958420 31.08307266 15.52546501
v 33.46429825 31.05033112 15.56099129
v 33.42716599 31.01587677 15.59282017
v 33.38839340 30.97990036 15.62077522
v 33.34819412 30.94260406 15.64469910
v 33.30680084 30.90419579 15.66445827
v 33.26443863 30.86488914 15.67994213
v 33.22134781 30.82490730 15.69106483
v 33.17776871 30.78447151 15.69776344
v 33.13394547 30.74380684 15.69999981
v 35.33878326 28.18173981 15.69999981
v 35.96249771 28.67913628 14.95978451
v 35.95726395 28.67495918 15.01923370
v 35.94856644 28.66802597 15.07801723
v 35.93646240 28.65837097 15.13580418
v 35.92101288 28.64605141 15.19227314
v 35.90230942 28.63113403 15.24710751
v 35.88045120 28.61370468 15.30000019
v 35.85556793 28.59386063 15.35065651
v 35.82779312 28.57171059 15.39879227
v 35.79728317 28.54737854 15.44413853
v 35.76420593 28.52100372 15.48644161
v 35.72875595 28.49273109 15.52546501
v 35.69112015 28.46271896 15.56099129
v 35.65151596 28.43113518 15.59282017
v 35.61016083 28.39815712 15.62077522
v 35.56729126 28.36396790 15.64469910
v 35.52314377 28.32876015 15.66445827
v 35.47796249 28.29273033 15.67994213
v 35.43200302 28.25608063 15.69106483
v 35.38552475 28.21901321 15.69776344
v 37.34599304 25.46206665 15.69999981
v 38.00513458 25.91146278 14.95978451
v 37.99959946 25.90769005 15.01923370
v 37.99040985 25.90142441 15.07801723
v 37.97761917 25.89270210 15.13580418
v 37.96129227 25.88157082 15.19227314
v 37.94152451 25.86809349 15.24710751
v 37.91842651 25.85234642 15.30000019
v 37.89212799 25.83441544 15.35065651
v 37.86277771 25.81440353 15.39879227
v 37.83053207 25.79242134 15.44413853
v 37.79558182 25.76859093 15.48644161
v 37.75811386 25.74304581 15.52546501
v 37.71834183 25.71593094 15.56099129
v 37.67648697 25.68739510 15.59282017
v 37.63278580 25.65759850 15.62077522
v 37.58747864 25.62670898 15.64469910
v 37.54082489 25.59490013 15.66445827
v 37.49307632 25.56234741 15.67994213
v 37.44450760 25.52923393 15.69106483
v 37.39538956 25.49574471 15.69776344
v 39.83523178 22.99888229 14.95978451
v 39.82942963 22.99553299 15.01923370
v 39.81979752 22.98997116 15.07801723
v 39.80638885 22.98222923 15.13580418
v 39.78927612 22.97234917 15.19227314
v 39.76855850 22.96038818 15.24710751
v 39.74434662 22.94640923 15.30000019
v 39.71678162 22.93049622 15.35065651
v 39.68601608 22.91273308 15.39879227
v 39.65222168 22.89322090 15.44413853
v 39.61558533 22.87206841 15.48644161
v 39.57631302 22.84939575 15.52546501
v 39.53462601 22.82532883 15.56099129
v 39.49075699 22.79999924 15.59282017
v 39.44495010 22.77355385 15.62077522
v 39.39746475 22.74613571 15.64469910
v 39.34856033 22.71790123 15.66445827
v 39.29851532 22.68900871 15.67994213
v 39.24760818 22.65961647 15.69106483
v 39.19612122 22.62989235 15.69776344
v 39.14434814 22.60000038 15.69999981
v 41.44255066 19.95768166 14.95978451
v 41.43651581 19.95477486 15.01923370
v 41.42649841 19.94994926 15.07801723
v 41.41254425 19.94323158 15.13580418
v 41.39474487 19.93465805 15.19227314
v 41.37318802 19.92427826 15.24710751
v 41.34800339 19.91214943 15.30000019
v 41.31932449 19.89833832 15.35065651
v 41.28731918 19.88292503 15.39879227
v 41.25215912 19.86599159 15.44413853
v 41.21404266 19.84763718 15.48644161
v 41.17318726 19.82796288 15.52546501
v 41.12982178 19.80707741 15.56099129
v 41.08417892 19.78509903 15.59282017
v 41.03652573 19.76214981 15.62077522
v 40.98712158 19.73835754 15.64469910
v 40.93624496 19.71385574 15.66445827
v 40.88418198 19.68878365 15.67994213
v 40.83121872 19.66327858 15.69106483
v 40.77765656 19.63748360 15.69776344
v 40.72379303 19.61154556 15.69999981
v 42.81811142 16.80487061 14.95978451
v 42.81187439 16.80242348 15.01923370
v 42.80152130 16.79835892 15.07801723
v 42.78710938 16.79270172 15.13580418
v 42.76871490 16.78548431 15.19227314
v 42.74644470 16.77674294 15.24710751
v 42.72042084 16.76652908 15.30000019
v 42.69079208 16.75490189 15.35065651
v 42.65772247 16.74192238 15.39879227
v 42.62139511 16.72766495 15.44413853
v 42.58201599 16.71220970 15.48644161
v 42.53980637 16.69564247 15.52546501
v 42.49499893 16.67805672 15.56099129
v 42.44784164 16.65955162 15.59282017
v 42.39860535 16.64022636 15.62077522
v 42.34756088 16.62019348 15.64469910
v 42.29499817 16.59956360 15.66445827
v 42.24120331 16.57845116 15.67994213
v 42.18648529 16.55697441 15.69106483
v 42.13114548 16.53525543 15.69776344
v 42.07549286 16.51341438 15.69999981
v 43.95421219 13.55807877 14.95978451
v 43.94781113 13.55610466 15.01923370
v 43.93718338 13.55282593 15.07801723
v 43.92238617 13.54826164 15.13580418
v 43.90350342 13.54243755 15.19227314
v 43.88064575 13.53538609 15.24710751
v 43.85393143 13.52714634 15.30000019
v 43.82351685 13.51776409 15.35065651
v 43.78956985 13.50729275 15.39879227
v 43.75227737 13.49579048 15.44413853
v 43.71185303 13.48332119 15.48644161
v 43.66852188 13.46995544 15.52546501
v 43.62252426 13.45576668 15.56099129
v 43.57411957 13.44083595 15.59282017
v 43.52357864 13.42524529 15.62077522
v 43.47117996 13.40908241 15.64469910
v 43.41721725 13.39243793 15.66445827
v 43.36199951 13.37540531 15.67994213
v 43.30582809 13.35807896 15.69106483
v 43.24901962 13.34055519 15.69776344
v 43.19189072 13.32293415 15.69999981
v 44.84450150 10.23546505 14.95978451
v 44.83797455 10.23397446 15.01923370
v 44.82712936 10.23149967 15.07801723
v 44.81203461 10.22805405 15.13580418
v 44.79277039 10.22365761 15.19227314
v 44.76944351 10.21833420 15.24710751
v 44.74219131 10.21211338 15.30000019
v 44.71115875 10.20503044 15.35065651
v 44.67652512 10.19712543 15.39879227
v 44.63848114 10.18844128 15.44413853
v 44.59723663 10.17902851 15.48644161
v 44.55302811 10.16893768 15.52546501
v 44.50609970 10.15822697 15.56099129
v 44.45671463 10.14695454 15.59282017
v 44.40514755 10.13518524 15.62077522
v 44.35168839 10.12298298 15.64469910
v 44.29663467 10.11041737 15.66445827
v 44.24029541 10.09755898 15.67994213
v 44.18298721 10.08447838 15.69106483
v 44.12502670 10.07124901 15.69776344
v 44.06674194 10.05794621 15.69999981
v 45.48400497 6.85561085 14.95978451
v 45.47738266 6.85461235 15.01923370
v 45.46638489 6.85295486 15.07801723
v 45.45107269 6.85064697 15.13580418
v 45.43153381 6.84770203 15.19227314
v 45.40787888 6.84413624 15.24710751
v 45.38023376 6.83997011 15.30000019
v 45.34876251 6.83522606 15.35065651
v 45.31363297 6.82993126 15.39879227
v 45.27504349 6.82411480 15.44413853
v 45.23321533 6.81781006 15.48644161
v 45.18837357 6.81105137 15.52546501
v 45.14077759 6.80387735 15.56099129
v 45.09068680 6.79632711 15.59282017
v 45.03838348 6.78844404 15.62077522
v 44.98416138 6.78027153 15.64469910
v 44.92832565 6.77185535 15.66445827
v 44.87118149 6.76324224 15.67994213
v 44.81305695 6.75448132 15.69106483
v 44.75426865 6.74562073 15.69776344
v 44.69515228 6.73671055 15.69999981
v 45.86914444 3.43741703 14.95978451
v 45.86246490 3.43691659 15.01923370
v 45.85137177 3.43608546 15.07801723
v 45.83593369 3.43492818 15.13580418
v 45.81622696 3.43345165 15.19227314
v 45.79236984 3.43166375 15.24710751
v 45.76449585 3.42957473 15.30000019
v 45.73275375 3.42719626 15.35065651
v 45.69732666 3.42454123 15.39879227
v 45.65841293 3.42162514 15.44413853
v 45.61623001 3.41846371 15.48644161
v 45.57101059 3.41507506 15.52546501
v 45.52300644 3.41147780 15.56099129
v 45.47249222 3.40769219 15.59282017
v 45.41974640 3.40373945 15.62077522
v 45.36506653 3.39964175 15.64469910
v 45.30875778 3.39542198 15.66445827
v 45.25112915 3.39110351 15.67994213
v 45.19251251 3.38671064 15.69106483
v 45.13322830 3.38226795 15.69776344
v 45.07361221 3.37780023 15.69999981
v -7.00000000 -45.26276779 5.72818327
v -7.00000000 -45.22650146 5.76635647
v -7.00000000 -45.18780136 5.80209255
v -7.00000000 -45.29643631 5.68773508
v -7.00000000 -45.14682770 5.83524179
v -7.00000000 -45.32736206 5.64518356
v -7.00000000 -45.10376358 5.86566401
v -7.00000000 -45.35541153 5.60070992
v -7.00000000 -45.05879211 5.89323282
v -7.00000000 -45.38045883 5.55450392
v -7.00000000 -45.01210403 5.91783285
v -7.00000000 -45.40239716 5.50676441
v -7.00000000 -44.96390152 5.93936205
v -7.00000000 -45.42112732 5.45769644
v -7.00000000 -44.91439056 5.95773125
v -7.00000000 -45.43656540 5.40751171
v -7.00000000 -44.86377716 5.97286463
v -7.00000000 -45.44864655 5.35642672
v -7.00000000 -44.81228256 5.98470020
v -7.00000000 -45.45731354 5.30466366
v -7.00000000 -44.76011658 5.99318838
v -7.00000000 -44.70750809 5.99829531
v -7.00000000 -44.65467453 6.00000000
v -7.00000000 -42.42640686 12.50000000
v -7.00000000 -42.42640686 6.00000000
v -7.00000000 -45.46253204 5.25244570
v -4.21201038 -42.79321289 12.50000000
v -1.40600777 -42.97700882 12.50000000
v 1.40600777 -42.97700882 12.50000000
v 4.21201038 -42.79321289 12.50000000
v 7.00000000 -42.42640686 12.50000000
v 7.00000000 -45.26276779 5.72818327
v 7.00000000 -45.22650146 5.76635647
v 7.00000000 -45.18780136 5.80209255
v 7.00000000 -45.29643631 5.68773508
v 7.00000000 -45.14682770 5.83524179
v 7.00000000 -45.32736206 5.64518356
v 7.00000000 -45.10376358 5.86566401
v 7.00000000 -45.35541153 5.60070992
v 7.00000000 -45.05879211 5.89323282
v 7.00000000 -45.38045883 5.55450392
v 7.00000000 -45.01210403 5.91783285
v 7.00000000 -45.40239716 5.50676441
v 7.00000000 -44.96390152 5.93936205
v 7.00000000 -45.42112732 5.45769644
v 7.00000000 -44.91439056 5.95773125
v 7.00000000 -45.43656540 5.40751171
v 7.00000000 -44.86377716 5.97286463
v 7.00000000 -45.44864655 5.35642672
v 7.00000000 -44.81228256 5.98470020
v 7.00000000 -45.45731354 5.30466366
v 7.00000000 -44.76011658 5.99318838
v 7.00000000 -44.70750809 5.99829531
v 7.00000000 -44.65467453 6.00000000
v 7.00000000 -42.42640686 6.00000000
v 7.00000000 -45.46253204 5.25244570
v 4.21085787 -45.00342941 6.00000000
v 4.28522587 -45.79823685 5.25244570
v 4.28474569 -45.79310608 5.30466366
v 4.28394747 -45.78457642 5.35642672
v 4.28283548 -45.77268600 5.40751171
v 4.28141356 -45.75749588 5.45769644
v 4.27968931 -45.73906326 5.50676441
v 4.27766943 -45.71747589 5.55450392
v 4.27536297 -45.69282913 5.60070992
v 4.27278042 -45.66522980 5.64518356
v 4.26993322 -45.63479614 5.68773508
v 4.26683331 -45.60166931 5.72818327
v 4.26349449 -45.56598663 5.76635647
v 4.25993156 -45.52790833 5.80209255
v 4.25615978 -45.48759460 5.83524179
v 4.25219536 -45.44522476 5.86566401
v 4.24805546 -45.40097809 5.89323282
v 4.24375725 -45.35504532 5.91783285
v 4.23932028 -45.30762100 5.93936205
v 4.23476267 -45.25891113 5.95773125
v 4.23010397 -45.20912170 5.97286463
v 4.22536373 -45.15846252 5.98470020
v 4.22056246 -45.10715103 5.99318838
v 4.21572018 -45.05540085 5.99829531
v 1.43025231 -45.97603607 5.25244570
v 1.43009198 -45.97088623 5.30466366
v 1.42982566 -45.96232224 5.35642672
v 1.42945445 -45.95038986 5.40751171
v 1.42897999 -45.93513870 5.45769644
v 1.42840433 -45.91663361 5.50676441
v 1.42773020 -45.89496231 5.55450392
v 1.42696047 -45.87022018 5.60070992
v 1.42609859 -45.84251404 5.64518356
v 1.42514813 -45.81196213 5.68773508
v 1.42411363 -45.77870560 5.72818327
v 1.42299926 -45.74288559 5.76635647
v 1.42181003 -45.70465851 5.80209255
v 1.42055118 -45.66418839 5.83524179
v 1.41922796 -45.62165451 5.86566401
v 1.41784620 -45.57723618 5.89323282
v 1.41641164 -45.53112411 5.91783285
v 1.41493070 -45.48352051 5.93936205
v 1.41340959 -45.43461990 5.95773125
v 1.41185462 -45.38463593 5.97286463
v 1.41027260 -45.33378220 5.98470020
v 1.40867007 -45.28226852 5.99318838
v 1.40705395 -45.23031616 5.99829531
v 1.40543091 -45.17814636 6.00000000
v -1.40518916 -45.97681046 5.25244570
v -1.40503168 -45.97165680 5.30466366
v -1.40477002 -45.96309662 5.35642672
v -1.40440524 -45.95116043 5.40751171
v -1.40393913 -45.93590927 5.45769644
v -1.40337360 -45.91740799 5.50676441
v -1.40271127 -45.89573669 5.55450392
v -1.40195501 -45.87099075 5.60070992
v -1.40110815 -45.84328461 5.64518356
v -1.40017450 -45.81273270 5.68773508
v -1.39915800 -45.77947617 5.72818327
v -1.39806318 -45.74365234 5.76635647
v -1.39689481 -45.70542526 5.80209255
v -1.39565802 -45.66495895 5.83524179
v -1.39435792 -45.62242126 5.86566401
v -1.39300036 -45.57800293 5.89323282
v -1.39159107 -45.53189087 5.91783285
v -1.39013600 -45.48428345 5.93936205
v -1.38864148 -45.43538284 5.95773125
v -1.38711381 -45.38539886 5.97286463
v -1.40543091 -45.17814636 6.00000000
v -1.38555956 -45.33454132 5.98470020
v -1.38398516 -45.28302765 5.99318838
v -1.38239729 -45.23107529 5.99829531
v -4.21032190 -45.80518341 5.25244570
v -4.20985031 -45.80004883 5.30466366
v -4.20906591 -45.79151917 5.35642672
v -4.20797300 -45.77963257 5.40751171
v -4.20657635 -45.76443481 5.45769644
v -4.20488214 -45.74600220 5.50676441
v -4.20289755 -45.72441101 5.55450392
v -4.20063162 -45.69976044 5.60070992
v -4.19809437 -45.67215347 5.64518356
v -4.19529676 -45.64171982 5.68773508
v -4.19225121 -45.60858536 5.72818327
v -4.18897057 -45.57289886 5.76635647
v -4.18547010 -45.53481293 5.80209255
v -4.18176413 -45.49449539 5.83524179
v -4.17786884 -45.45211792 5.86566401
v -4.17380095 -45.40786362 5.89323282
v -4.21085787 -45.00342941 6.00000000
v -4.16957855 -45.36192322 5.91783285
v -4.16521883 -45.31449509 5.93936205
v -4.16074085 -45.26577759 5.95773125
v -4.15616369 -45.21598053 5.97286463
v -4.15150642 -45.16531372 5.98470020
v -4.14678907 -45.11399078 5.99318838
v -4.14203167 -45.06223297 5.99829531
v -6.99973822 -45.46257019 5.25244570
v -6.99895382 -45.45747757 5.30466366
v -6.99765015 -45.44900894 5.35642672
v -6.99583340 -45.43721008 5.40751171
v -6.99351120 -45.42212677 5.45769644
v -6.99069405 -45.40383148 5.50676441
v -6.98739481 -45.38240051 5.55450392
v -6.98362780 -45.35793304 5.60070992
v -6.97940922 -45.33053589 5.64518356
v -6.97475815 -45.30032730 5.68773508
v -6.96969461 -45.26744080 5.72818327
v -6.96424103 -45.23202133 5.76635647
v -6.95842123 -45.19422150 5.80209255
v -6.95226002 -45.15420532 5.83524179
v -6.94578409 -45.11214447 5.86566401
v -6.93902159 -45.06822205 5.89323282
v -6.93200111 -45.02262878 5.91783285
v -6.92475319 -44.97555161 5.93936205
v -6.91730881 -44.92720032 5.95773125
v -6.90969896 -44.87777328 5.97286463
v -6.90195608 -44.82748795 5.98470020
v -6.89411354 -44.77655029 5.99318838
v -6.88620377 -44.72517776 5.99829531
v 38.68613434 19.18825531 0.10000010
v 39.00000000 19.20000076 0.10000010
v 38.37402344 19.15308952 0.10000010
v 38.06541061 19.09469795 0.10000010
v 37.76202774 19.01340485 0.10000010
v 37.46556854 18.90966988 0.10000010
v 37.17768860 18.78406906 0.10000010
v 36.90000153 18.63730621 0.10000010
v 36.63405609 18.47020340 0.10000010
v 36.38134384 18.28369141 0.10000010
v 36.14327621 18.07881737 0.10000010
v 35.92118073 17.85672569 0.10000010
v 35.71630859 17.61865807 0.10000010
v 35.52979660 17.36594391 0.10000010
v 35.36269379 17.10000038 0.10000010
v 35.21593094 16.82231140 0.10000010
v 35.09033203 16.53443146 0.10000010
v 34.98659515 16.23797226 0.10000010
v 34.90530396 15.93458748 0.10000010
v 34.84691238 15.62597752 0.10000010
v 34.81174469 15.31386662 0.10000010
v 34.79999924 15.00000000 0.10000010
v 41.04703140 10.88422489 0.10000010
v 41.11577606 10.95296764 0.10000010
v 41.18946457 11.01638126 0.10000010
v 40.98361969 10.81053638 0.10000010
v 41.26768494 11.07411003 0.10000010
v 40.92588806 10.73231602 0.10000010
v 41.34999847 11.12583256 0.10000010
v 40.87416840 10.64999962 0.10000010
v 41.43595123 11.17125988 0.10000010
v 40.82873917 10.56404877 0.10000010
v 41.52505493 11.21013546 0.10000010
v 40.78986359 10.47494316 0.10000010
v 41.61681747 11.24224472 0.10000010
v 40.75775528 10.38318157 0.10000010
v 41.71072388 11.26740646 0.10000010
v 40.73259354 10.28927708 0.10000010
v 40.71451950 10.19375515 0.10000010
v 40.70363617 10.09714890 0.10000010
v 41.80624390 11.28548050 0.10000010
v 41.90285110 11.29636478 0.10000010
v 42.00000000 11.30000019 0.10000010
v 40.70000076 10.00000000 0.10000010
v 42.09714890 11.29636478 0.10000010
v 40.70363617 9.90285110 0.10000010
v 42.19375610 11.28548050 0.10000010
v 40.71451950 9.80624485 0.10000010
v 42.28927612 11.26740646 0.10000010
v 40.73259354 9.71072292 0.10000010
v 42.38318253 11.24224472 0.10000010
v 40.75775528 9.61681843 0.10000010
v 42.47494507 11.21013546 0.10000010
v 40.78986359 9.52505684 0.10000010
v 40.82873917 9.43595123 0.10000010
v 42.56404877 11.17125988 0.10000010
v 40.87416840 9.35000038 0.10000010
v 42.65000153 11.12583256 0.10000010
v 40.92588806 9.26768398 0.10000010
v 42.73231506 11.07411003 0.10000010
v 42.81053543 11.01638126 0.10000010
v 42.88422394 10.95296764 0.10000010
v 42.95296860 10.88422489 0.10000010
v 43.01638031 10.81053638 0.10000010
v 43.07411194 10.73231602 0.10000010
v 43.12583160 10.64999962 0.10000010
v 43.17126083 10.56404877 0.10000010
v 43.21013641 10.47494316 0.10000010
v 43.24224472 10.38318157 0.10000010
v 43.26740646 10.28927708 0.10000010
v 43.28548050 10.19375515 0.10000010
v 43.29636383 10.09714890 0.10000010
v 43.29999924 10.00000000 0.10000010
v 43.29636383 9.90285110 0.10000010
v 43.28548050 9.80624485 0.10000010
v 43.26740646 9.71072292 0.10000010
v 43.24224472 9.61681843 0.10000010
v 43.21013641 9.52505684 0.10000010
v 43.17126083 9.43595123 0.10000010
v 43.12583160 9.35000038 0.10000010
v 43.07411194 9.26768398 0.10000010
v 43.01638031 9.18946362 0.10000010
v 42.95296860 9.11577511 0.10000010
v 42.88422394 9.04703236 0.10000010
v 42.81053543 8.98361874 0.10000010
v 42.73231506 8.92588997 0.10000010
v 42.65000153 8.87416744 0.10000010
v 42.56404877 8.82874012 0.10000010
v 42.47494507 8.78986454 0.10000010
v 42.38318253 8.75775528 0.10000010
v 42.28927612 8.73259354 0.10000010
v 42.19375610 8.71451950 0.10000010
v 42.09714890 8.70363522 0.10000010
v 42.00000000 8.69999981 0.10000010
v 41.90285110 8.70363522 0.10000010
v 41.80624390 8.71451950 0.10000010
v 41.71072388 8.73259354 0.10000010
v 41.61681747 8.75775528 0.10000010
v 41.52505493 8.78986454 0.10000010
v 41.43595123 8.82874012 0.10000010
v 41.34999847 8.87416744 0.10000010
v 41.26768494 8.92588997 0.10000010
v 41.18946457 8.98361874 0.10000010
v 41.04703140 -9.11577511 0.10000010
v 40.98361969 9.18946362 0.10000010
v 41.04703140 9.11577511 0.10000010
v 41.11577606 -9.04703236 0.10000010
v 41.11577606 9.04703236 0.10000010
v 41.18946457 -8.98361874 0.10000010
v 40.98361969 -9.18946362 0.10000010
v 40.92588806 -9.26768398 0.10000010
v 34.79999924 -15.00000000 0.10000010
v 41.26768494 -8.92588997 0.10000010
v 40.87416840 -9.35000038 0.10000010
v 41.34999847 -8.87416744 0.10000010
v 41.43595123 -8.82874012 0.10000010
v 40.82873917 -9.43595123 0.10000010
v 41.52505493 -8.78986454 0.10000010
v 40.78986359 -9.52505684 0.10000010
v 40.75775528 -9.61681843 0.10000010
v 41.61681747 -8.75775528 0.10000010
v 41.71072388 -8.73259354 0.10000010
v 40.73259354 -9.71072292 0.10000010
v 41.80624390 -8.71451950 0.10000010
v 40.71451950 -9.80624485 0.10000010
v 41.90285110 -8.70363522 0.10000010
v 40.70363617 -9.90285110 0.10000010
v 40.70000076 -10.00000000 0.10000010
v 40.70363617 -10.09714890 0.10000010
v 40.71451950 -10.19375515 0.10000010
v 40.73259354 -10.28927708 0.10000010
v 40.75775528 -10.38318157 0.10000010
v 40.78986359 -10.47494316 0.10000010
v 40.82873917 -10.56404877 0.10000010
v 40.87416840 -10.64999962 0.10000010
v 40.92588806 -10.73231602 0.10000010
v 42.00000000 -8.69999981 0.10000010
v 42.09714890 -8.70363522 0.10000010
v 42.19375610 -8.71451950 0.10000010
v 42.28927612 -8.73259354 0.10000010
v 42.38318253 -8.75775528 0.10000010
v 42.47494507 -8.78986454 0.10000010
v 42.56404877 -8.82874012 0.10000010
v 42.65000153 -8.87416744 0.10000010
v 42.73231506 -8.92588997 0.10000010
v 40.98361969 -10.81053638 0.10000010
v 42.81053543 -8.98361874 0.10000010
v 41.04703140 -10.88422489 0.10000010
v 42.88422394 -9.04703236 0.10000010
v 41.11577606 -10.95296764 0.10000010
v 42.95296860 -9.11577511 0.10000010
v 41.18946457 -11.01638126 0.10000010
v 43.01638031 -9.18946362 0.10000010
v 41.26768494 -11.07411003 0.10000010
v 43.07411194 -9.26768398 0.10000010
v 43.12583160 -9.35000038 0.10000010
v 43.17126083 -9.43595123 0.10000010
v 43.21013641 -9.52505684 0.10000010
v 43.24224472 -9.61681843 0.10000010
v 43.26740646 -9.71072292 0.10000010
v 43.28548050 -9.80624485 0.10000010
v 43.29636383 -9.90285110 0.10000010
v 43.29999924 -10.00000000 0.10000010
v 43.29636383 -10.09714890 0.10000010
v 43.28548050 -10.19375515 0.10000010
v 43.26740646 -10.28927708 0.10000010
v 43.24224472 -10.38318157 0.10000010
v 43.21013641 -10.47494316 0.10000010
v 43.17126083 -10.56404877 0.10000010
v 43.12583160 -10.64999962 0.10000010
v 43.07411194 -10.73231602 0.10000010
v 43.01638031 -10.81053638 0.10000010
v 42.95296860 -10.88422489 0.10000010
v 42.88422394 -10.95296764 0.10000010
v 42.81053543 -11.01638126 0.10000010
v 42.73231506 -11.07411003 0.10000010
v 42.65000153 -11.12583256 0.10000010
v 42.56404877 -11.17125988 0.10000010
v 42.47494507 -11.21013546 0.10000010
v 42.38318253 -11.24224472 0.10000010
v 42.28927612 -11.26740646 0.10000010
v 42.19375610 -11.28548050 0.10000010
v 42.09714890 -11.29636478 0.10000010
v 42.00000000 -11.30000019 0.10000010
v 41.90285110 -11.29636478 0.10000010
v 41.80624390 -11.28548050 0.10000010
v 41.71072388 -11.26740646 0.10000010
v 34.81174469 -15.31386662 0.10000010
v 34.84691238 -15.62597752 0.10000010
v 34.90530396 -15.93458748 0.10000010
v 34.98659515 -16.23797226 0.10000010
v 35.09033203 -16.53443146 0.10000010
v 35.21593094 -16.82231140 0.10000010
v 35.36269379 -17.10000038 0.10000010
v 35.52979660 -17.36594391 0.10000010
v 35.71630859 -17.61865807 0.10000010
v 35.92118073 -17.85672569 0.10000010
v 36.14327621 -18.07881737 0.10000010
v 36.38134384 -18.28369141 0.10000010
v 36.63405609 -18.47020340 0.10000010
v 36.90000153 -18.63730621 0.10000010
v 37.17768860 -18.78406906 0.10000010
v 37.46556854 -18.90966988 0.10000010
v 37.76202774 -19.01340485 0.10000010
v 38.06541061 -19.09469795 0.10000010
v 38.37402344 -19.15308952 0.10000010
v 38.68613434 -19.18825531 0.10000010
v 39.00000000 -19.20000076 0.10000010
v 41.61681747 -11.24224472 0.10000010
v 41.52505493 -11.21013546 0.10000010
v 41.43595123 -11.17125988 0.10000010
v 41.34999847 -11.12583256 0.10000010
v 39.00000000 -19.58729744 0.00000010
v 39.00000000 -19.53579712 0.02611316
v 39.00000000 -19.48254776 0.04844334
v 39.00000000 -19.42782402 0.06687430
v 39.00000000 -19.37191582 0.08131004
v 39.00000000 -19.31510925 0.09167533
v 39.00000000 -19.25770569 0.09791619
v -42.95296860 10.88422489 0.00000010
v -42.88422394 10.95296764 0.00000010
v -43.01638031 10.81053638 0.00000010
v -42.81053543 11.01638126 0.00000010
v -42.73231506 11.07411003 0.00000010
v -43.07411194 10.73231602 0.00000010
v -42.65000153 11.12583256 0.00000010
v -43.12583160 10.64999962 0.00000010
v -42.56404877 11.17125988 0.00000010
v -43.17126083 10.56404877 0.00000010
v -42.47494507 11.21013546 0.00000010
v -43.21013641 10.47494316 0.00000010
v -42.38318253 11.24224472 0.00000010
v -43.24224472 10.38318157 0.00000010
v -42.28927612 11.26740646 0.00000010
v -43.26740646 10.28927708 0.00000010
v -42.19375610 11.28548050 0.00000010
v -43.28548050 10.19375515 0.00000010
v -42.09714890 11.29636478 0.00000010
v -43.29636383 10.09714890 0.00000010
v -42.00000000 11.30000019 0.00000010
v -43.29999924 10.00000000 0.00000010
v -43.29636383 9.90285110 0.00000010
v -41.90285110 11.29636478 0.00000010
v -43.28548050 9.80624485 0.00000010
v -41.80624390 11.28548050 0.00000010
v -43.26740646 9.71072292 0.00000010
v -41.71072388 11.26740646 0.00000010
v -43.24224472 9.61681843 0.00000010
v -41.61681747 11.24224472 0.00000010
v -41.52505493 11.21013546 0.00000010
v -43.21013641 9.52505684 0.00000010
v -41.43595123 11.17125988 0.00000010
v -43.17126083 9.43595123 0.00000010
v -43.12583160 9.35000038 0.00000010
v -41.34999847 11.12583256 0.00000010
v -41.26768494 11.07411003 0.00000010
v -41.18946457 11.01638126 0.00000010
v -41.11577606 10.95296764 0.00000010
v -41.04703140 10.88422489 0.00000010
v -40.98361969 10.81053638 0.00000010
v -40.92588806 10.73231602 0.00000010
v -40.87416840 10.64999962 0.00000010
v -42.73231506 8.92588997 0.00000010
v -42.65000153 8.87416744 0.00000010
v -42.81053543 8.98361874 0.00000010
v -42.88422394 9.04703236 0.00000010
v -42.95296860 9.11577511 0.00000010
v -43.01638031 9.18946362 0.00000010
v -43.07411194 9.26768398 0.00000010
v -42.56404877 8.82874012 0.00000010
v -40.82873917 10.56404877 0.00000010
v -42.47494507 8.78986454 0.00000010
v -40.78986359 10.47494316 0.00000010
v -42.38318253 8.75775528 0.00000010
v -40.75775528 10.38318157 0.00000010
v -42.28927612 8.73259354 0.00000010
v -40.73259354 10.28927708 0.00000010
v -40.71451950 10.19375515 0.00000010
v -42.19375610 8.71451950 0.00000010
v -42.09714890 8.70363522 0.00000010
v -42.00000000 8.69999981 0.00000010
v -41.90285110 8.70363522 0.00000010
v -41.80624390 8.71451950 0.00000010
v -41.34999847 8.87416744 0.00000010
v -41.26768494 8.92588997 0.00000010
v -41.43595123 8.82874012 0.00000010
v -41.52505493 8.78986454 0.00000010
v -41.61681747 8.75775528 0.00000010
v -41.71072388 8.73259354 0.00000010
v -41.18946457 8.98361874 0.00000010
v -41.11577606 9.04703236 0.00000010
v -42.95296860 -9.11577511 0.00000010
v -42.88422394 -9.04703236 0.00000010
v -43.01638031 -9.18946362 0.00000010
v -42.81053543 -8.98361874 0.00000010
v -42.73231506 -8.92588997 0.00000010
v -43.07411194 -9.26768398 0.00000010
v -42.65000153 -8.87416744 0.00000010
v -43.12583160 -9.35000038 0.00000010
v -42.56404877 -8.82874012 0.00000010
v -43.17126083 -9.43595123 0.00000010
v -42.47494507 -8.78986454 0.00000010
v -43.21013641 -9.52505684 0.00000010
v -43.24224472 -9.61681843 0.00000010
v -42.38318253 -8.75775528 0.00000010
v -42.28927612 -8.73259354 0.00000010
v -43.26740646 -9.71072292 0.00000010
v -42.19375610 -8.71451950 0.00000010
v -43.28548050 -9.80624485 0.00000010
v -42.09714890 -8.70363522 0.00000010
v -43.29636383 -9.90285110 0.00000010
v -42.00000000 -8.69999981 0.00000010
v -43.29999924 -10.00000000 0.00000010
v -41.90285110 -8.70363522 0.00000010
v -43.29636383 -10.09714890 0.00000010
v -43.28548050 -10.19375515 0.00000010
v -41.80624390 -8.71451950 0.00000010
v -43.26740646 -10.28927708 0.00000010
v -41.71072388 -8.73259354 0.00000010
v -43.24224472 -10.38318157 0.00000010
v -41.61681747 -8.75775528 0.00000010
v -41.52505493 -8.78986454 0.00000010
v -43.21013641 -10.47494316 0.00000010
v -43.17126083 -10.56404877 0.00000010
v -41.43595123 -8.82874012 0.00000010
v -43.12583160 -10.64999962 0.00000010
v -41.34999847 -8.87416744 0.00000010
v -43.07411194 -10.73231602 0.00000010
v -41.26768494 -8.92588997 0.00000010
v -41.18946457 -8.98361874 0.00000010
v -43.01638031 -10.81053638 0.00000010
v -41.11577606 -9.04703236 0.00000010
v -41.04703140 9.11577511 0.00000010
v -41.04703140 -9.11577511 0.00000010
v -40.98361969 -9.18946362 0.00000010
v -40.98361969 9.18946362 0.00000010
v -40.92588806 -9.26768398 0.00000010
v -40.92588806 9.26768398 0.00000010
v -40.87416840 -9.35000038 0.00000010
v -40.87416840 9.35000038 0.00000010
v -40.82873917 -9.43595123 0.00000010
v -40.82873917 9.43595123 0.00000010
v -41.71072388 -11.26740646 0.00000010
v -41.61681747 -11.24224472 0.00000010
v -41.80624390 -11.28548050 0.00000010
v -41.90285110 -11.29636478 0.00000010
v -42.00000000 -11.30000019 0.00000010
v -42.09714890 -11.29636478 0.00000010
v -42.19375610 -11.28548050 0.00000010
v -42.28927612 -11.26740646 0.00000010
v -42.38318253 -11.24224472 0.00000010
v -42.47494507 -11.21013546 0.00000010
v -42.56404877 -11.17125988 0.00000010
v -42.65000153 -11.12583256 0.00000010
v -42.73231506 -11.07411003 0.00000010
v -42.81053543 -11.01638126 0.00000010
v -42.88422394 -10.95296764 0.00000010
v -42.95296860 -10.88422489 0.00000010
v -41.52505493 -11.21013546 0.00000010
v -41.43595123 -11.17125988 0.00000010
v -40.98361969 -10.81053638 0.00000010
v -40.92588806 -10.73231602 0.00000010
v -41.04703140 -10.88422489 0.00000010
v -41.11577606 -10.95296764 0.00000010
v -41.18946457 -11.01638126 0.00000010
v -41.26768494 -11.07411003 0.00000010
v -41.34999847 -11.12583256 0.00000010
v -40.82873917 -10.56404877 0.00000010
v -40.78986359 -10.47494316 0.00000010
v -40.87416840 -10.64999962 0.00000010
v -40.75775528 -10.38318157 0.00000010
v -40.73259354 -10.28927708 0.00000010
v -40.71451950 -10.19375515 0.00000010
v -1.53038871 9.64936638 0.00000010
v -1.64936674 9.53038883 0.00000010
v -1.40285206 9.75912094 0.00000010
v -1.75912082 9.40285206 0.00000010
v -1.85903728 9.26747036 0.00000010
v -1.26747012 9.85903740 0.00000010
v -1.94855714 9.12500000 0.00000010
v -1.12500000 9.94855690 0.00000010
v -0.97623843 10.02717972 0.00000010
v -2.02717996 8.97623825 0.00000010
v -2.09446597 8.82201767 0.00000010
v -0.82201731 10.09446621 0.00000010
v -0.66319913 10.15003872 0.00000010
v -2.15003872 8.66319942 0.00000010
v -2.19358778 8.50067234 0.00000010
v -40.70363617 10.09714890 0.00000010
v -0.50067210 10.19358826 0.00000010
v -0.33534509 10.22486973 0.00000010
v -2.22486925 8.33534527 0.00000010
v -40.70000076 10.00000000 0.00000010
v -0.16814271 10.24370861 0.00000010
v -2.24370861 8.16814232 0.00000010
v -40.70363617 9.90285110 0.00000010
v -0.00000000 10.25000000 0.00000010
v -2.25000000 8.00000000 0.00000010
v -40.71451950 9.80624485 0.00000010
v -2.24370861 7.83185720 0.00000010
v -40.73259354 9.71072292 0.00000010
v 0.16814271 10.24370861 0.00000010
v 0.33534509 10.22486973 0.00000010
v -2.22486925 7.66465473 0.00000010
v 0.50067210 10.19358826 0.00000010
v 0.66319913 10.15003872 0.00000010
v 0.82201731 10.09446621 0.00000010
v 0.97623843 10.02717972 0.00000010
v 1.12500000 9.94855690 0.00000010
v 1.26747012 9.85903740 0.00000010
v 1.40285206 9.75912094 0.00000010
v 1.53038871 9.64936638 0.00000010
v 1.64936674 9.53038883 0.00000010
v 1.75912082 9.40285206 0.00000010
v -1.83262968 1.70043182 0.00000010
v -1.75912082 6.59714794 0.00000010
v -1.64936674 6.46961117 0.00000010
v -1.70043182 1.83262968 0.00000010
v -1.53038871 6.35063314 0.00000010
v -1.95457876 1.55872452 0.00000010
v -1.85903728 6.73252964 0.00000010
v -1.55872452 1.95457876 0.00000010
v -1.40285206 6.24087906 0.00000010
v -2.06559682 1.40830016 0.00000010
v -1.94855714 6.87500000 0.00000010
v -1.40830016 2.06559682 0.00000010
v -1.26747012 6.14096260 0.00000010
v -1.25000000 2.16506362 0.00000010
v -1.12500000 6.05144262 0.00000010
v -2.16506362 1.25000000 0.00000010
v -2.02717996 7.02376175 0.00000010
v -2.25242209 1.08470941 0.00000010
v -2.09446597 7.17798281 0.00000010
v -1.08470941 2.25242209 0.00000010
v -0.97623843 5.97282028 0.00000010
v -2.32718444 0.91335255 0.00000010
v -2.15003872 7.33680105 0.00000010
v -0.91335255 2.32718444 0.00000010
v -0.82201731 5.90553427 0.00000010
v -0.73688793 2.38893199 0.00000010
v -0.66319913 5.84996128 0.00000010
v -2.38893199 0.73688793 0.00000010
v -2.19358778 7.49932814 0.00000010
v -0.55630231 2.43731976 0.00000010
v -0.50067210 5.80641222 0.00000010
v -2.43731976 0.55630231 0.00000010
v -40.75775528 9.61681843 0.00000010
v -2.47207713 0.37260565 0.00000010
v -40.78986359 9.52505684 0.00000010
v -0.37260565 2.47207713 0.00000010
v -0.33534509 5.77513075 0.00000010
v -0.18682523 2.49300957 0.00000010
v -0.16814271 5.75629139 0.00000010
v -2.49300957 0.18682523 0.00000010
v -0.00000000 2.50000000 0.00000010
v -0.00000000 5.75000000 0.00000010
v 0.16814271 5.75629139 0.00000010
v -2.50000000 -0.00000000 0.00000010
v 0.18682523 2.49300957 0.00000010
v 0.33534509 5.77513075 0.00000010
v -2.49300957 -0.18682523 0.00000010
v -40.78986359 -9.52505684 0.00000010
v -2.47207713 -0.37260565 0.00000010
v -40.75775528 -9.61681843 0.00000010
v 0.37260565 2.47207713 0.00000010
v 0.50067210 5.80641222 0.00000010
v 0.55630231 2.43731976 0.00000010
v 0.66319913 5.84996128 0.00000010
v -2.43731976 -0.55630231 0.00000010
v -40.73259354 -9.71072292 0.00000010
v 0.73688793 2.38893199 0.00000010
v 0.82201731 5.90553427 0.00000010
v 0.91335255 2.32718444 0.00000010
v 0.97623843 5.97282028 0.00000010
v 1.08470941 2.25242209 0.00000010
v 1.12500000 6.05144262 0.00000010
v 1.25000000 2.16506362 0.00000010
v 1.26747012 6.14096260 0.00000010
v 1.40830016 2.06559682 0.00000010
v 1.40285206 6.24087906 0.00000010
v 1.55872452 1.95457876 0.00000010
v 1.53038871 6.35063314 0.00000010
v 1.70043182 1.83262968 0.00000010
v 1.64936674 6.46961117 0.00000010
v 1.83262968 1.70043182 0.00000010
v 1.75912082 6.59714794 0.00000010
v 1.95457876 1.55872452 0.00000010
v 1.85903728 6.73252964 0.00000010
v 2.06559682 1.40830016 0.00000010
v 1.94855714 6.87500000 0.00000010
v 2.16506362 1.25000000 0.00000010
v 2.02717996 7.02376175 0.00000010
v 2.25242209 1.08470941 0.00000010
v 2.09446597 7.17798281 0.00000010
v 2.32718444 0.91335255 0.00000010
v 2.15003872 7.33680105 0.00000010
v 2.38893199 0.73688793 0.00000010
v 2.19358778 7.49932814 0.00000010
v 2.43731976 0.55630231 0.00000010
v 2.22486925 7.66465473 0.00000010
v -1.53038871 -6.35063314 0.00000010
v -1.70043182 -1.83262968 0.00000010
v -1.55872452 -1.95457876 0.00000010
v -1.64936674 -6.46961117 0.00000010
v -1.83262968 -1.70043182 0.00000010
v -1.40285206 -6.24087906 0.00000010
v -1.40830016 -2.06559682 0.00000010
v -1.75912082 -6.59714794 0.00000010
v -1.95457876 -1.55872452 0.00000010
v -1.85903728 -6.73252964 0.00000010
v -2.06559682 -1.40830016 0.00000010
v -1.26747012 -6.14096260 0.00000010
v -1.25000000 -2.16506362 0.00000010
v -1.12500000 -6.05144262 0.00000010
v -1.08470941 -2.25242209 0.00000010
v -1.94855714 -6.87500000 0.00000010
v -2.16506362 -1.25000000 0.00000010
v -2.02717996 -7.02376175 0.00000010
v -2.25242209 -1.08470941 0.00000010
v -0.97623843 -5.97282028 0.00000010
v -0.91335255 -2.32718444 0.00000010
v -0.82201731 -5.90553427 0.00000010
v -0.73688793 -2.38893199 0.00000010
v -2.09446597 -7.17798281 0.00000010
v -2.32718444 -0.91335255 0.00000010
v -0.66319913 -5.84996128 0.00000010
v -0.55630231 -2.43731976 0.00000010
v -2.15003872 -7.33680105 0.00000010
v -2.38893199 -0.73688793 0.00000010
v -0.50067210 -5.80641222 0.00000010
v -0.37260565 -2.47207713 0.00000010
v -2.19358778 -7.49932814 0.00000010
v -0.33534509 -5.77513075 0.00000010
v -0.18682523 -2.49300957 0.00000010
v -2.22486925 -7.66465473 0.00000010
v -0.16814271 -5.75629139 0.00000010
v -0.00000000 -2.50000000 0.00000010
v -2.24370861 -7.83185720 0.00000010
v -40.71451950 -9.80624485 0.00000010
v -0.00000000 -5.75000000 0.00000010
v -2.25000000 -8.00000000 0.00000010
v -40.70363617 -9.90285110 0.00000010
v 0.16814271 -5.75629139 0.00000010
v 0.18682523 -2.49300957 0.00000010
v -2.24370861 -8.16814232 0.00000010
v -40.70000076 -10.00000000 0.00000010
v 0.33534509 -5.77513075 0.00000010
v 0.37260565 -2.47207713 0.00000010
v -2.22486925 -8.33534527 0.00000010
v -40.70363617 -10.09714890 0.00000010
v 0.50067210 -5.80641222 0.00000010
v 0.55630231 -2.43731976 0.00000010
v -2.19358778 -8.50067234 0.00000010
v 0.66319913 -5.84996128 0.00000010
v 0.73688793 -2.38893199 0.00000010
v -2.15003872 -8.66319942 0.00000010
v 0.82201731 -5.90553427 0.00000010
v 0.91335255 -2.32718444 0.00000010
v -2.09446597 -8.82201767 0.00000010
v 0.97623843 -5.97282028 0.00000010
v 1.08470941 -2.25242209 0.00000010
v -2.02717996 -8.97623825 0.00000010
v -1.94855714 -9.12500000 0.00000010
v 1.12500000 -6.05144262 0.00000010
v 1.25000000 -2.16506362 0.00000010
v 1.26747012 -6.14096260 0.00000010
v 1.40830016 -2.06559682 0.00000010
v -1.85903728 -9.26747036 0.00000010
v 1.40285206 -6.24087906 0.00000010
v 1.55872452 -1.95457876 0.00000010
v -1.75912082 -9.40285206 0.00000010
v 1.53038871 -6.35063314 0.00000010
v 1.70043182 -1.83262968 0.00000010
v 1.64936674 -6.46961117 0.00000010
v 1.83262968 -1.70043182 0.00000010
v 1.75912082 -6.59714794 0.00000010
v 1.95457876 -1.55872452 0.00000010
v 1.85903728 -6.73252964 0.00000010
v 2.06559682 -1.40830016 0.00000010
v 1.94855714 -6.87500000 0.00000010
v 2.16506362 -1.25000000 0.00000010
v 2.02717996 -7.02376175 0.00000010
v 2.25242209 -1.08470941 0.00000010
v 2.09446597 -7.17798281 0.00000010
v 2.32718444 -0.91335255 0.00000010
v 2.15003872 -7.33680105 0.00000010
v 2.38893199 -0.73688793 0.00000010
v 2.19358778 -7.49932814 0.00000010
v 2.43731976 -0.55630231 0.00000010
v 2.22486925 -7.66465473 0.00000010
v -1.64936674 -9.53038883 0.00000010
v -1.53038871 -9.64936638 0.00000010
v -1.40285206 -9.75912094 0.00000010
v 35.87984467 18.36272812 0.00000010
v 35.63727188 18.12015533 0.00000010
v 36.13986588 18.58649445 0.00000010
v 35.41350555 17.86013412 0.00000010
v 36.41588211 18.79020309 0.00000010
v 35.20979691 17.58411789 0.00000010
v 36.70635223 18.97271729 0.00000010
v 35.02728271 17.29364967 0.00000010
v 34.86698532 16.99035454 0.00000010
v 37.00964737 19.13301277 0.00000010
v 37.32406998 19.27019501 0.00000010
v 34.72980499 16.67592812 0.00000010
v 34.61650085 16.35212898 0.00000010
v 37.64786911 19.38349724 0.00000010
v 34.52771378 16.02076912 0.00000010
v 1.85903728 9.26747036 0.00000010
v 37.97922897 19.47228432 0.00000010
v 38.31629944 19.53606224 0.00000010
v 34.46393967 15.68370152 0.00000010
v 1.94855714 9.12500000 0.00000010
v 34.42552948 15.34280968 0.00000010
v 2.02717996 8.97623825 0.00000010
v 38.65719223 19.57447052 0.00000010
v 34.41270065 15.00000000 0.00000010
v 2.24370861 7.83185720 0.00000010
v 2.25000000 8.00000000 0.00000010
v 2.47207713 0.37260565 0.00000010
v 2.49300957 0.18682523 0.00000010
v 2.50000000 0.00000000 0.00000010
v 2.09446597 8.82201767 0.00000010
v 2.15003872 8.66319942 0.00000010
v 2.19358778 8.50067234 0.00000010
v 2.22486925 8.33534527 0.00000010
v 2.24370861 8.16814232 0.00000010
v 39.00000000 19.58729744 0.00000010
v -1.26747012 -9.85903740 0.00000010
v -1.12500000 -9.94855690 0.00000010
v -0.97623843 -10.02717972 0.00000010
v -0.82201731 -10.09446621 0.00000010
v -0.66319913 -10.15003872 0.00000010
v -0.50067210 -10.19358826 0.00000010
v -0.33534509 -10.22486973 0.00000010
v -0.16814271 -10.24370861 0.00000010
v -0.00000000 -10.25000000 0.00000010
v 0.16814271 -10.24370861 0.00000010
v 0.33534509 -10.22486973 0.00000010
v 34.41270065 -15.00000000 0.00000010
v 2.24370861 -7.83185720 0.00000010
v 2.25000000 -8.00000000 0.00000010
v 2.24370861 -8.16814232 0.00000010
v 2.22486925 -8.33534527 0.00000010
v 2.19358778 -8.50067234 0.00000010
v 2.15003872 -8.66319942 0.00000010
v 2.09446597 -8.82201767 0.00000010
v 2.02717996 -8.97623825 0.00000010
v 2.49300957 -0.18682523 0.00000010
v 2.47207713 -0.37260565 0.00000010
v 34.42552948 -15.34280968 0.00000010
v 1.94855714 -9.12500000 0.00000010
v 34.46393967 -15.68370152 0.00000010
v 1.85903728 -9.26747036 0.00000010
v 34.52771378 -16.02076912 0.00000010
v 1.75912082 -9.40285206 0.00000010
v 0.50067210 -10.19358826 0.00000010
v 0.66319913 -10.15003872 0.00000010
v 0.82201731 -10.09446621 0.00000010
v 0.97623843 -10.02717972 0.00000010
v 1.12500000 -9.94855690 0.00000010
v 1.26747012 -9.85903740 0.00000010
v 1.40285206 -9.75912094 0.00000010
v 37.00964737 -19.13301277 0.00000010
v 37.32406998 -19.27019501 0.00000010
v 37.64786911 -19.38349724 0.00000010
v 37.97922897 -19.47228432 0.00000010
v 38.31629944 -19.53606224 0.00000010
v 38.65719223 -19.57447052 0.00000010
v 1.53038871 -9.64936638 0.00000010
v 35.87984467 -18.36272812 0.00000010
v 36.13986588 -18.58649445 0.00000010
v 36.41588211 -18.79020309 0.00000010
v 36.70635223 -18.97271729 0.00000010
v 1.64936674 -9.53038883 0.00000010
v 35.20979691 -17.58411789 0.00000010
v 35.41350555 -17.86013412 0.00000010
v 35.63727188 -18.12015533 0.00000010
v 34.61650085 -16.35212898 0.00000010
v 34.86698532 -16.99035454 0.00000010
v 35.02728271 -17.29364967 0.00000010
v 34.72980499 -16.67592812 0.00000010
v 39.00000000 19.53579712 0.02611316
v 39.00000000 19.48254776 0.04844334
v 39.00000000 19.42782402 0.06687430
v 39.00000000 19.37191582 0.08131004
v 39.00000000 19.31510925 0.09167533
v 39.00000000 19.25770569 0.09791619
v -29.79156685 32.10767365 15.69999981
v -32.10767365 29.79156685 15.69999981
v -27.30885315 34.24422073 15.69999981
v -34.24422073 27.30885315 15.69999981
v -24.67341805 36.18925858 15.69999981
v -36.18925858 24.67341805 15.69999981
v -21.89999962 37.93191147 15.69999981
v -37.93191147 21.89999962 15.69999981
v -19.00410843 39.46243668 15.69999981
v -39.46243668 19.00410843 15.69999981
v -16.00193596 40.77227020 15.69999981
v -40.77227020 16.00193596 15.69999981
v -12.91027641 41.85408783 15.69999981
v -41.85408783 12.91027641 15.69999981
v -9.74641705 42.70184326 15.69999981
v -42.70184326 9.74641705 15.69999981
v -6.52805138 43.31079102 15.69999981
v -43.31079102 6.52805138 15.69999981
v -3.27317810 43.67752457 15.69999981
v -43.67752457 3.27317810 15.69999981
v -0.00000000 43.79999924 15.69999981
v -43.79999924 -0.00000000 15.69999981
v 3.27317810 43.67752457 15.69999981
v -43.67752457 -3.27317810 15.69999981
v 6.52805138 43.31079102 15.69999981
v -43.31079102 -6.52805138 15.69999981
v 9.74641705 42.70184326 15.69999981
v -42.70184326 -9.74641705 15.69999981
v 12.91027641 41.85408783 15.69999981
v -41.85408783 -12.91027641 15.69999981
v -40.77227020 -16.00193596 15.69999981
v 16.00193596 40.77227020 15.69999981
v -39.46243668 -19.00410843 15.69999981
v 19.00410843 39.46243668 15.69999981
v -37.93191147 -21.89999962 15.69999981
v 21.89999962 37.93191147 15.69999981
v -36.18925858 -24.67341805 15.69999981
v 24.67341805 36.18925858 15.69999981
v -34.24422073 -27.30885315 15.69999981
v 27.30885315 34.24422073 15.69999981
v -32.10767365 -29.79156685 15.69999981
v 29.79156685 32.10767365 15.69999981
v -29.79156685 -32.10767365 15.69999981
v 32.10767365 29.79156685 15.69999981
v -27.30885315 -34.24422073 15.69999981
v 34.24422073 27.30885315 15.69999981
v -24.67341805 -36.18925858 15.69999981
v 36.18925858 24.67341805 15.69999981
v -21.89999962 -37.93191147 15.69999981
v 37.93191147 21.89999962 15.69999981
v 39.46243668 19.00410843 15.69999981
v -19.00410843 -39.46243668 15.69999981
v -16.00193596 -40.77227020 15.69999981
v 40.77227020 16.00193596 15.69999981
v -12.91027641 -41.85408783 15.69999981
v 41.85408783 12.91027641 15.69999981
v -9.74641705 -42.70184326 15.69999981
v 42.70184326 9.74641705 15.69999981
v -6.52805138 -43.31079102 15.69999981
v 43.31079102 6.52805138 15.69999981
v -3.27317810 -43.67752457 15.69999981
v 43.67752457 3.27317810 15.69999981
v 43.79999924 0.00000000 15.69999981
v -0.00000000 -43.79999924 15.69999981
v 43.67752457 -3.27317810 15.69999981
v 3.27317810 -43.67752457 15.69999981
v 6.52805138 -43.31079102 15.69999981
v 43.31079102 -6.52805138 15.69999981
v 9.74641705 -42.70184326 15.69999981
v 42.70184326 -9.74641705 15.69999981
v 12.91027641 -41.85408783 15.69999981
v 41.85408783 -12.91027641 15.69999981
v 40.77227020 -16.00193596 15.69999981
v 16.00193596 -40.77227020 15.69999981
v 19.00410843 -39.46243668 15.69999981
v 39.46243668 -19.00410843 15.69999981
v 37.93191147 -21.89999962 15.69999981
v 24.67341805 -36.18925858 15.69999981
v 21.89999962 -37.93191147 15.69999981
v 36.18925858 -24.67341805 15.69999981
v 34.24422073 -27.30885315 15.69999981
v 32.10767365 -29.79156685 15.69999981
v 29.79156685 -32.10767365 15.69999981
v 27.30885315 -34.24422073 15.69999981
v -41.42610931 11.16646957 6.00000000
v -40.56221771 14.27257347 6.00000000
v -41.51420975 11.20582199 6.00000000
v -41.34117508 11.12069130 6.00000000
v -41.25986481 11.06873894 6.00000000
v -41.18263626 11.01089859 6.00000000
v -41.10990906 10.94749069 6.00000000
v -41.04208374 10.87886238 6.00000000
v -40.97953796 10.80539227 6.00000000
v -40.92261124 10.72748566 6.00000000
v -40.87162018 10.64557171 6.00000000
v -40.82684708 10.56010151 6.00000000
v -40.78853607 10.47154522 6.00000000
v -40.75689697 10.38039207 6.00000000
v -40.73210907 10.28714275 6.00000000
v -40.71430206 10.19231224 6.00000000
v -39.38402939 17.25973129 6.00000000
v -40.70357895 10.09642124 6.00000000
v -42.60356140 5.82550764 6.00000000
v -40.96330643 9.21561146 6.00000000
v -41.02239227 9.14309597 6.00000000
v -41.08654022 9.07501698 6.00000000
v -41.15541840 9.01172638 6.00000000
v -41.22867203 8.95355320 6.00000000
v -41.30591583 8.90079784 6.00000000
v -41.38675308 8.85373306 6.00000000
v -41.47076416 8.81260300 6.00000000
v -41.55751801 8.77762127 6.00000000
v -41.64656067 8.74896812 6.00000000
v -41.73743439 8.72679138 6.00000000
v -41.82966995 8.71120739 6.00000000
v -41.92278290 8.70229530 6.00000000
v -42.01630020 8.70010185 6.00000000
v -42.10972977 8.70463943 6.00000000
v -42.90077591 2.91949058 6.00000000
v -40.90958786 9.29218864 6.00000000
v -42.01630020 -8.70010185 6.00000000
v -42.60356140 -5.82550764 6.00000000
v -42.10972977 -8.70463943 6.00000000
v -41.92278290 -8.70229530 6.00000000
v -41.82966995 -8.71120739 6.00000000
v -41.73743439 -8.72679138 6.00000000
v -41.64656067 -8.74896812 6.00000000
v -41.55751801 -8.77762127 6.00000000
v -41.47076416 -8.81260300 6.00000000
v -41.38675308 -8.85373306 6.00000000
v -41.30591583 -8.90079784 6.00000000
v -41.22867203 -8.95355320 6.00000000
v -41.15541840 -9.01172638 6.00000000
v -41.08654022 -9.07501698 6.00000000
v -41.02239227 -9.14309597 6.00000000
v -40.96330643 -9.21561146 6.00000000
v -42.90077591 -2.91949058 6.00000000
v -40.90958786 -9.29218864 6.00000000
v -40.60792923 -14.14199924 6.00000000
v -40.71430206 -10.19231224 6.00000000
v -40.73210907 -10.28714275 6.00000000
v -40.75689697 -10.38039207 6.00000000
v -40.78853607 -10.47154522 6.00000000
v -40.82684708 -10.56010151 6.00000000
v -40.87162018 -10.64557171 6.00000000
v -40.92261124 -10.72748566 6.00000000
v -40.97953796 -10.80539227 6.00000000
v -41.04208374 -10.87886238 6.00000000
v -41.10990906 -10.94749069 6.00000000
v -41.18263626 -11.01089859 6.00000000
v -41.25986481 -11.06873894 6.00000000
v -41.34117508 -11.12069130 6.00000000
v -41.42610931 -11.16646957 6.00000000
v -41.51420975 -11.20582199 6.00000000
v -39.49427032 -17.00595474 6.00000000
v -40.70357895 -10.09642124 6.00000000
v -10.54267788 11.36230373 6.00000000
v -28.01570511 32.62085724 6.00000000
v -30.37191772 30.43922806 6.00000000
v -11.36230373 10.54267788 6.00000000
v -32.55875778 28.08784866 6.00000000
v -9.66409206 12.11838818 6.00000000
v -25.50325775 34.62057114 6.00000000
v -12.11838818 9.66409206 6.00000000
v -34.56402969 25.57983589 6.00000000
v -8.73146057 12.80670071 6.00000000
v -22.84858704 36.42721558 6.00000000
v -12.80670071 8.73146057 6.00000000
v -36.37654495 22.92917061 6.00000000
v -7.75000000 13.42339420 6.00000000
v -20.06649780 38.03071976 6.00000000
v -13.42339420 7.75000000 6.00000000
v -37.98620605 20.15063667 6.00000000
v -6.72519779 13.96501732 6.00000000
v -17.17250443 39.42213821 6.00000000
v -13.96501732 6.72519779 6.00000000
v -5.66278601 14.42854309 6.00000000
v -14.18274498 40.59371567 6.00000000
v -14.42854309 5.66278601 6.00000000
v -40.70000076 10.00000000 6.00000000
v -4.56870508 14.81137848 6.00000000
v -11.11389351 41.53891373 6.00000000
v -14.81137848 4.56870508 6.00000000
v -40.70336533 9.90651989 6.00000000
v -40.71344376 9.81352425 6.00000000
v -3.44907451 15.11138248 6.00000000
v -7.98306417 42.25246429 6.00000000
v -15.11138248 3.44907451 6.00000000
v -40.73018265 9.72149372 6.00000000
v -40.75349808 9.63090515 6.00000000
v -40.78326416 9.54222775 6.00000000
v -2.31015515 15.32687759 6.00000000
v -4.80771589 42.73038483 6.00000000
v -15.32687759 2.31015515 6.00000000
v -40.81933212 9.45592022 6.00000000
v -40.86151123 9.37242985 6.00000000
v -1.15831649 15.45665932 6.00000000
v -1.60555649 42.97001648 6.00000000
v -15.45665932 1.15831649 6.00000000
v -0.00000000 15.50000000 6.00000000
v 1.60555649 42.97001648 6.00000000
v -15.50000000 -0.00000000 6.00000000
v -43.00000000 -0.00000000 6.00000000
v 1.15831649 15.45665932 6.00000000
v 4.80771589 42.73038483 6.00000000
v -15.45665932 -1.15831649 6.00000000
v -40.86151123 -9.37242985 6.00000000
v 2.31015515 15.32687759 6.00000000
v 7.98306417 42.25246429 6.00000000
v -15.32687759 -2.31015515 6.00000000
v -40.81933212 -9.45592022 6.00000000
v -40.78326416 -9.54222775 6.00000000
v 3.44907451 15.11138248 6.00000000
v 11.11389351 41.53891373 6.00000000
v -15.11138248 -3.44907451 6.00000000
v -40.75349808 -9.63090515 6.00000000
v -40.73018265 -9.72149372 6.00000000
v -40.71344376 -9.81352425 6.00000000
v 4.56870508 14.81137848 6.00000000
v 14.18274498 40.59371567 6.00000000
v -14.81137848 -4.56870508 6.00000000
v -40.70336533 -9.90651989 6.00000000
v -40.70000076 -10.00000000 6.00000000
v 5.66278601 14.42854309 6.00000000
v 17.17250443 39.42213821 6.00000000
v -14.42854309 -5.66278601 6.00000000
v -13.96501732 -6.72519779 6.00000000
v -38.17892456 -19.78306580 6.00000000
v 6.72519779 13.96501732 6.00000000
v 20.06649780 38.03071976 6.00000000
v -13.42339420 -7.75000000 6.00000000
v -36.66860580 -22.45914650 6.00000000
v 7.75000000 13.42339420 6.00000000
v 22.84858704 36.42721558 6.00000000
v -12.80670071 -8.73146057 6.00000000
v -34.97102737 -25.02053452 6.00000000
v 8.73146057 12.80670071 6.00000000
v 25.50325775 34.62057114 6.00000000
v -12.11838818 -9.66409206 6.00000000
v -33.09486008 -27.45414734 6.00000000
v 9.66409206 12.11838818 6.00000000
v 28.01570511 32.62085724 6.00000000
v -11.36230373 -10.54267788 6.00000000
v -31.04968262 -29.74755669 6.00000000
v 10.54267788 11.36230373 6.00000000
v 30.37191772 30.43922806 6.00000000
v -10.54267788 -11.36230373 6.00000000
v 11.36230373 10.54267788 6.00000000
v -28.84594154 -31.88905144 6.00000000
v -9.66409206 -12.11838818 6.00000000
v 32.55875778 28.08784866 6.00000000
v 12.11838818 9.66409206 6.00000000
v -26.49489021 -33.86769485 6.00000000
v -8.73146057 -12.80670071 6.00000000
v 34.56402969 25.57983589 6.00000000
v 12.80670071 8.73146057 6.00000000
v -24.00853348 -35.67338562 6.00000000
v -7.75000000 -13.42339420 6.00000000
v 36.37654495 22.92917061 6.00000000
v 13.42339420 7.75000000 6.00000000
v -21.39957047 -37.29689407 6.00000000
v -6.72519779 -13.96501732 6.00000000
v 37.98620605 20.15063667 6.00000000
v 13.96501732 6.72519779 6.00000000
v -18.68132401 -38.72993851 6.00000000
v 39.38402939 17.25973129 6.00000000
v 14.42854309 5.66278601 6.00000000
v -15.86767483 -39.96519470 6.00000000
v -5.66278601 -14.42854309 6.00000000
v -12.97299385 -40.99635696 6.00000000
v -4.56870508 -14.81137848 6.00000000
v 41.03903198 10.87552071 6.00000000
v 41.10716248 10.94490337 6.00000000
v 40.56221771 14.27257347 6.00000000
v 41.18029022 11.00899887 6.00000000
v 40.97627258 10.80123997 6.00000000
v 41.25800705 11.06744862 6.00000000
v 40.91924667 10.72247601 6.00000000
v 41.33987427 11.11992550 6.00000000
v 40.86826706 10.63966942 6.00000000
v 41.42543411 11.16613579 6.00000000
v 40.82361603 10.55328274 6.00000000
v 41.51420975 11.20582199 6.00000000
v 40.78554916 10.46380138 6.00000000
v 40.75428009 10.37172508 6.00000000
v 40.72997665 10.27756882 6.00000000
v 40.71278381 10.18185902 6.00000000
v 40.70278931 10.08513165 6.00000000
v 40.70005417 9.98792839 6.00000000
v 14.81137848 4.56870508 6.00000000
v 40.70459366 9.89079189 6.00000000
v 40.71638107 9.79426670 6.00000000
v 15.11138248 3.44907451 6.00000000
v 40.73535156 9.69889355 6.00000000
v 40.76139832 9.60520458 6.00000000
v 15.32687759 2.31015515 6.00000000
v 40.79437256 9.51372433 6.00000000
v 40.83409500 9.42496490 6.00000000
v 15.45665932 1.15831649 6.00000000
v 40.88034058 9.33942318 6.00000000
v -10.01206112 -41.81816101 6.00000000
v -3.44907451 -15.11138248 6.00000000
v -0.00000000 -15.50000000 6.00000000
v -1.15831649 -15.45665932 6.00000000
v -2.31015515 -15.32687759 6.00000000
v 42.60356140 5.82550764 6.00000000
v 42.10972977 8.70463943 6.00000000
v 42.01259613 8.70006084 6.00000000
v 41.91539001 8.70275593 6.00000000
v 41.81865692 8.71271038 6.00000000
v 41.72294235 8.72986698 6.00000000
v 41.62877655 8.75412941 6.00000000
v 41.53668594 8.78536415 6.00000000
v 41.44718933 8.82339478 6.00000000
v 41.36078644 8.86800861 6.00000000
v 41.27795792 8.91895580 6.00000000
v 41.19917297 8.97595215 6.00000000
v 41.12486649 9.03867817 6.00000000
v 41.05545425 9.10678291 6.00000000
v 40.99132919 9.17988586 6.00000000
v 42.90077591 2.91949058 6.00000000
v 15.50000000 0.00000000 6.00000000
v 40.93284988 9.25757790 6.00000000
v 43.00000000 0.00000000 6.00000000
v 42.90077591 -2.91949058 6.00000000
v 15.45665932 -1.15831649 6.00000000
v 3.44907451 -15.11138248 6.00000000
v 2.31015515 -15.32687759 6.00000000
v 1.15831649 -15.45665932 6.00000000
v 41.12486649 -9.03867817 6.00000000
v 42.60356140 -5.82550764 6.00000000
v 41.05545425 -9.10678291 6.00000000
v 40.99132919 -9.17988586 6.00000000
v 41.19917297 -8.97595215 6.00000000
v 40.93284988 -9.25757790 6.00000000
v 41.27795792 -8.91895580 6.00000000
v 40.88034058 -9.33942318 6.00000000
v 41.36078644 -8.86800861 6.00000000
v 40.83409500 -9.42496490 6.00000000
v 15.32687759 -2.31015515 6.00000000
v 41.44718933 -8.82339478 6.00000000
v 40.79437256 -9.51372433 6.00000000
v 41.53668594 -8.78536415 6.00000000
v 40.76139832 -9.60520458 6.00000000
v 15.11138248 -3.44907451 6.00000000
v 41.62877655 -8.75412941 6.00000000
v 40.73535156 -9.69889355 6.00000000
v 41.72294235 -8.72986698 6.00000000
v 40.71638107 -9.79426670 6.00000000
v 14.81137848 -4.56870508 6.00000000
v 41.81865692 -8.71271038 6.00000000
v 40.70459366 -9.89079189 6.00000000
v 41.91539001 -8.70275593 6.00000000
v 40.70005417 -9.98792839 6.00000000
v 14.42854309 -5.66278601 6.00000000
v 42.01259613 -8.70006084 6.00000000
v 40.70278931 -10.08513165 6.00000000
v 42.10972977 -8.70463943 6.00000000
v 10.01206112 -41.81816101 6.00000000
v 4.56870508 -14.81137848 6.00000000
v 12.97299385 -40.99635696 6.00000000
v 5.66278601 -14.42854309 6.00000000
v 40.60792923 -14.14199924 6.00000000
v 41.51420975 -11.20582199 6.00000000
v 41.42543411 -11.16613579 6.00000000
v 41.33987427 -11.11992550 6.00000000
v 41.25800705 -11.06744862 6.00000000
v 41.18029022 -11.00899887 6.00000000
v 41.10716248 -10.94490337 6.00000000
v 41.03903198 -10.87552071 6.00000000
v 40.97627258 -10.80123997 6.00000000
v 40.91924667 -10.72247601 6.00000000
v 40.86826706 -10.63966942 6.00000000
v 40.82361603 -10.55328274 6.00000000
v 40.78554916 -10.46380138 6.00000000
v 40.75428009 -10.37172508 6.00000000
v 40.72997665 -10.27756882 6.00000000
v 40.71278381 -10.18185902 6.00000000
v 15.86767483 -39.96519470 6.00000000
v 6.72519779 -13.96501732 6.00000000
v 39.49427032 -17.00595474 6.00000000
v 13.96501732 -6.72519779 6.00000000
v 18.68132401 -38.72993851 6.00000000
v 38.17892456 -19.78306580 6.00000000
v 13.42339420 -7.75000000 6.00000000
v 21.39957047 -37.29689407 6.00000000
v 7.75000000 -13.42339420 6.00000000
v 36.66860580 -22.45914650 6.00000000
v 12.80670071 -8.73146057 6.00000000
v 24.00853348 -35.67338562 6.00000000
v 8.73146057 -12.80670071 6.00000000
v 34.97102737 -25.02053452 6.00000000
v 12.11838818 -9.66409206 6.00000000
v 26.49489021 -33.86769485 6.00000000
v 9.66409206 -12.11838818 6.00000000
v 33.09486008 -27.45414734 6.00000000
v 11.36230373 -10.54267788 6.00000000
v 28.84594154 -31.88905144 6.00000000
v 10.54267788 -11.36230373 6.00000000
v 31.04968262 -29.74755669 6.00000000
v 43.00000000 0.00000000 14.90000057
v 42.87976456 -3.21339393 14.90000057
v 42.51972580 -6.40881729 14.90000057
v 42.10972977 -8.70463943 7.00000000
v 41.92190170 -9.56840038 14.90000057
v 41.92785645 -9.54226875 7.00000000
v 41.72932434 -10.37610722 7.00000000
v 41.51420975 -11.20582199 7.00000000
v 41.08963013 -12.67447281 14.90000057
v 40.02757263 -15.70966434 14.90000057
v 38.74166107 -18.65700150 14.90000057
v 37.23909378 -21.50000000 14.90000057
v 35.52826691 -24.22276306 14.90000057
v 33.61875534 -26.81006241 14.90000057
v 31.52123070 -29.24742699 14.90000057
v 29.24742699 -31.52123070 14.90000057
v 26.81006241 -33.61875534 14.90000057
v 24.22276306 -35.52826691 14.90000057
v 21.50000000 -37.23909378 14.90000057
v 18.65700150 -38.74166107 14.90000057
v 15.70966434 -40.02757263 14.90000057
v 12.67447281 -41.08963013 14.90000057
v 6.40881729 -42.51972580 14.90000057
v 9.56840038 -41.92190170 14.90000057
v 3.21339393 -42.87976456 14.90000057
v -0.00000000 -43.00000000 14.90000057
v -3.21339393 -42.87976456 14.90000057
v -6.40881729 -42.51972580 14.90000057
v -9.56840038 -41.92190170 14.90000057
v -12.67447281 -41.08963013 14.90000057
v -15.70966434 -40.02757263 14.90000057
v -18.65700150 -38.74166107 14.90000057
v -21.50000000 -37.23909378 14.90000057
v -24.22276306 -35.52826691 14.90000057
v -26.81006241 -33.61875534 14.90000057
v -29.24742699 -31.52123070 14.90000057
v -31.52123070 -29.24742699 14.90000057
v -33.61875534 -26.81006241 14.90000057
v -35.52826691 -24.22276306 14.90000057
v -37.23909378 -21.50000000 14.90000057
v -38.74166107 -18.65700150 14.90000057
v -40.02757263 -15.70966434 14.90000057
v -41.08963013 -12.67447281 14.90000057
v -41.51420975 -11.20582199 7.00000000
v -41.92190170 -9.56840038 14.90000057
v -41.72932434 -10.37610722 7.00000000
v -41.92785645 -9.54226875 7.00000000
v -42.10972977 -8.70463943 7.00000000
v -42.51972580 -6.40881729 14.90000057
v -42.87976456 -3.21339393 14.90000057
v -43.00000000 -0.00000000 14.90000057
v -42.87976456 3.21339393 14.90000057
v -42.51972580 6.40881729 14.90000057
v -42.10972977 8.70463943 7.00000000
v -41.92190170 9.56840038 14.90000057
v -41.92785645 9.54226875 7.00000000
v -41.72932434 10.37610722 7.00000000
v -41.51420975 11.20582199 7.00000000
v -41.08963013 12.67447281 14.90000057
v -40.02757263 15.70966434 14.90000057
v -38.74166107 18.65700150 14.90000057
v -37.23909378 21.50000000 14.90000057
v -35.52826691 24.22276306 14.90000057
v -33.61875534 26.81006241 14.90000057
v -31.52123070 29.24742699 14.90000057
v -29.24742699 31.52123070 14.90000057
v -26.81006241 33.61875534 14.90000057
v -24.22276306 35.52826691 14.90000057
v -21.50000000 37.23909378 14.90000057
v -18.65700150 38.74166107 14.90000057
v -15.70966434 40.02757263 14.90000057
v -12.67447281 41.08963013 14.90000057
v -9.56840038 41.92190170 14.90000057
v -6.40881729 42.51972580 14.90000057
v -3.21339393 42.87976456 14.90000057
v -0.00000000 43.00000000 14.90000057
v 3.21339393 42.87976456 14.90000057
v 6.40881729 42.51972580 14.90000057
v 9.56840038 41.92190170 14.90000057
v 12.67447281 41.08963013 14.90000057
v 15.70966434 40.02757263 14.90000057
v 18.65700150 38.74166107 14.90000057
v 21.50000000 37.23909378 14.90000057
v 24.22276306 35.52826691 14.90000057
v 26.81006241 33.61875534 14.90000057
v 29.24742699 31.52123070 14.90000057
v 31.52123070 29.24742699 14.90000057
v 33.61875534 26.81006241 14.90000057
v 35.52826691 24.22276306 14.90000057
v 37.23909378 21.50000000 14.90000057
v 38.74166107 18.65700150 14.90000057
v 40.02757263 15.70966434 14.90000057
v 41.08963013 12.67447281 14.90000057
v 41.51420975 11.20582199 7.00000000
v 41.92190170 9.56840038 14.90000057
v 41.72932434 10.37610722 7.00000000
v 41.92785645 9.54226875 7.00000000
v 42.10972977 8.70463943 7.00000000
v 42.51972580 6.40881729 14.90000057
v 42.87976456 3.21339393 14.90000057
v 34.46420288 -15.00000000 0.02611316
v 34.46420288 15.00000000 0.02611316
v 34.51745224 -15.00000000 0.04844334
v 34.51745224 15.00000000 0.04844334
v 34.57217407 -15.00000000 0.06687430
v 34.57217407 15.00000000 0.06687430
v 34.62808609 -15.00000000 0.08131004
v 34.62808609 15.00000000 0.08131004
v 34.68489075 -15.00000000 0.09167533
v 34.68489075 15.00000000 0.09167533
v 34.74229431 -15.00000000 0.09791619
v 34.74229431 15.00000000 0.09791619
v 38.66104126 19.52311516 0.02611316
v 38.66501999 19.47001266 0.04844334
v 38.66910934 19.41544342 0.06687430
v 38.67328644 19.35968971 0.08131004
v 38.67753220 19.30304337 0.09167533
v 38.68181992 19.24580002 0.09791619
v 38.32397461 19.48513603 0.02611316
v 38.33190918 19.43247986 0.04844334
v 38.34006882 19.37836838 0.06687430
v 38.34840012 19.32308388 0.08131004
v 38.35686493 19.26691437 0.09167533
v 38.36542130 19.21014977 0.09791619
v 37.99068832 19.42207527 0.02611316
v 38.00254059 19.37015915 0.04844334
v 38.01471710 19.31680870 0.06687430
v 38.02715683 19.26230240 0.08131004
v 38.03979874 19.20692062 0.09167533
v 38.05257034 19.15095520 0.09791619
v 37.66305161 19.33428383 0.02611316
v 37.67874527 19.28339958 0.04844334
v 37.69487762 19.23110771 0.06687430
v 37.71135712 19.17768288 0.08131004
v 37.72809982 19.12340164 0.09167533
v 37.74501801 19.06854820 0.09791619
v 37.34288788 19.22225380 0.02611316
v 37.36234283 19.17268562 0.04844334
v 37.38233566 19.12174606 0.06687430
v 37.40275955 19.06970024 0.08131004
v 37.42351151 19.01682281 0.09167533
v 37.44448471 18.96338654 0.09791619
v 37.03199005 19.08661270 0.02611316
v 37.05509567 19.03863525 0.04844334
v 37.07883835 18.98933220 0.06687430
v 37.10309601 18.93895912 0.08131004
v 37.12774277 18.88777924 0.09167533
v 37.15265274 18.83605957 0.09791619
v 36.73210144 18.92811584 0.02611316
v 36.75872803 18.88199997 0.04844334
v 36.78608704 18.83460808 0.06687430
v 36.81404114 18.78619003 0.08131004
v 36.84244537 18.73699570 0.09167533
v 36.87114716 18.68728065 0.09791619
v 36.44489288 18.74765205 0.02611316
v 36.47489166 18.70365334 0.04844334
v 36.50571823 18.65843964 0.06687430
v 36.53721237 18.61224556 0.08131004
v 36.56921387 18.56531143 0.09167533
v 36.60155106 18.51788139 0.09791619
v 36.17197800 18.54622841 0.02611316
v 36.20517731 18.50459671 0.04844334
v 36.23929596 18.46181297 0.06687430
v 36.27415466 18.41810036 0.08131004
v 36.30957413 18.37368965 0.09167533
v 36.34536362 18.32880783 0.09791619
v 35.91487503 18.32497406 0.02611316
v 35.95109558 18.28594017 0.04844334
v 35.98831558 18.24582481 0.06687430
v 36.02634430 18.20483971 0.08131004
v 36.06497955 18.16320038 0.09167533
v 36.10402679 18.12111855 0.09791619
v 35.67502594 18.08512497 0.02611316
v 35.71406174 18.04890633 0.04844334
v 35.75417328 18.01168633 0.06687430
v 35.79515839 17.97365761 0.08131004
v 35.83679962 17.93502045 0.09167533
v 35.87887955 17.89597511 0.09791619
v 35.45376968 17.82802391 0.02611316
v 35.49540329 17.79482269 0.04844334
v 35.53818893 17.76070404 0.06687430
v 35.58189774 17.72584534 0.08131004
v 35.62631226 17.69042778 0.09167533
v 35.67119217 17.65463638 0.09791619
v 35.25234985 17.55510521 0.02611316
v 35.29634476 17.52510834 0.04844334
v 35.34156036 17.49428177 0.06687430
v 35.38775253 17.46278763 0.08131004
v 35.43468857 17.43078804 0.09167533
v 35.48212051 17.39845085 0.09791619
v 35.07188416 17.26789856 0.02611316
v 35.11800003 17.24127388 0.04844334
v 35.16539001 17.21391296 0.06687430
v 35.21380997 17.18595695 0.08131004
v 35.26300430 17.15755463 0.09167533
v 35.31271744 17.12885284 0.09791619
v 34.91338730 16.96800804 0.02611316
v 34.96136475 16.94490433 0.04844334
v 35.01066971 16.92116165 0.06687430
v 35.06103897 16.89690208 0.08131004
v 35.11222076 16.87225533 0.09167533
v 35.16394043 16.84734917 0.09791619
v 34.77774429 16.65711212 0.02611316
v 34.82731628 16.63765907 0.04844334
v 34.87825394 16.61766624 0.06687430
v 34.93029785 16.59724045 0.08131004
v 34.98317719 16.57648659 0.09167533
v 35.03661346 16.55551529 0.09791619
v 34.66571426 16.33695030 0.02611316
v 34.71659851 16.32125473 0.04844334
v 34.76889038 16.30512428 0.06687430
v 34.82231522 16.28864479 0.08131004
v 34.87659836 16.27190018 0.09167533
v 34.93145370 16.25498009 0.09791619
v 34.57792282 16.00930977 0.02611316
v 34.62984085 15.99746037 0.04844334
v 34.68318939 15.98528385 0.06687430
v 34.73769760 15.97284222 0.08131004
v 34.79307938 15.96020222 0.09167533
v 34.84904480 15.94742870 0.09791619
v 34.51486206 15.67602539 0.02611316
v 34.56752014 15.66808891 0.04844334
v 34.62163162 15.65993309 0.06687430
v 34.67691422 15.65159988 0.08131004
v 34.73308563 15.64313412 0.09167533
v 34.78984833 15.63457775 0.09791619
v 34.47688675 15.33896065 0.02611316
v 34.52998734 15.33498096 0.04844334
v 34.58455658 15.33089161 0.06687430
v 34.64030838 15.32671356 0.08131004
v 34.69695663 15.32246876 0.09167533
v 34.75419998 15.31817913 0.09791619
v 34.47688675 -15.33896065 0.02611316
v 34.52998734 -15.33498096 0.04844334
v 34.58455658 -15.33089161 0.06687430
v 34.64030838 -15.32671356 0.08131004
v 34.69695663 -15.32246876 0.09167533
v 34.75419998 -15.31817913 0.09791619
v 34.51486206 -15.67602539 0.02611316
v 34.56752014 -15.66808891 0.04844334
v 34.62163162 -15.65993309 0.06687430
v 34.67691422 -15.65159988 0.08131004
v 34.73308563 -15.64313412 0.09167533
v 34.78984833 -15.63457775 0.09791619
v 34.57792282 -16.00930977 0.02611316
v 34.62984085 -15.99746037 0.04844334
v 34.68318939 -15.98528385 0.06687430
v 34.73769760 -15.97284222 0.08131004
v 34.79307938 -15.96020222 0.09167533
v 34.84904480 -15.94742870 0.09791619
v 34.66571426 -16.33695030 0.02611316
v 34.71659851 -16.32125473 0.04844334
v 34.76889038 -16.30512428 0.06687430
v 34.82231522 -16.28864479 0.08131004
v 34.87659836 -16.27190018 0.09167533
v 34.93145370 -16.25498009 0.09791619
v 34.77774429 -16.65711212 0.02611316
v 34.82731628 -16.63765907 0.04844334
v 34.87825394 -16.61766624 0.06687430
v 34.93029785 -16.59724045 0.08131004
v 34.98317719 -16.57648659 0.09167533
v 35.03661346 -16.55551529 0.09791619
v 34.91338730 -16.96800804 0.02611316
v 34.96136475 -16.94490433 0.04844334
v 35.01066971 -16.92116165 0.06687430
v 35.06103897 -16.89690208 0.08131004
v 35.11222076 -16.87225533 0.09167533
v 35.16394043 -16.84734917 0.09791619
v 35.07188416 -17.26789856 0.02611316
v 35.11800003 -17.24127388 0.04844334
v 35.16539001 -17.21391296 0.06687430
v 35.21380997 -17.18595695 0.08131004
v 35.26300430 -17.15755463 0.09167533
v 35.31271744 -17.12885284 0.09791619
v 35.25234985 -17.55510521 0.02611316
v 35.29634476 -17.52510834 0.04844334
v 35.34156036 -17.49428177 0.06687430
v 35.38775253 -17.46278763 0.08131004
v 35.43468857 -17.43078804 0.09167533
v 35.48212051 -17.39845085 0.09791619
v 35.45376968 -17.82802391 0.02611316
v 35.49540329 -17.79482269 0.04844334
v 35.53818893 -17.76070404 0.06687430
v 35.58189774 -17.72584534 0.08131004
v 35.62631226 -17.69042778 0.09167533
v 35.67119217 -17.65463638 0.09791619
v 35.67502594 -18.08512497 0.02611316
v 35.71406174 -18.04890633 0.04844334
v 35.75417328 -18.01168633 0.06687430
v 35.79515839 -17.97365761 0.08131004
v 35.83679962 -17.93502045 0.09167533
v 35.87887955 -17.89597511 0.09791619
v 35.91487503 -18.32497406 0.02611316
v 35.95109558 -18.28594017 0.04844334
v 35.98831558 -18.24582481 0.06687430
v 36.02634430 -18.20483971 0.08131004
v 36.06497955 -18.16320038 0.09167533
v 36.10402679 -18.12111855 0.09791619
v 36.17197800 -18.54622841 0.02611316
v 36.20517731 -18.50459671 0.04844334
v 36.23929596 -18.46181297 0.06687430
v 36.27415466 -18.41810036 0.08131004
v 36.30957413 -18.37368965 0.09167533
v 36.34536362 -18.32880783 0.09791619
v 36.44489288 -18.74765205 0.02611316
v 36.47489166 -18.70365334 0.04844334
v 36.50571823 -18.65843964 0.06687430
v 36.53721237 -18.61224556 0.08131004
v 36.56921387 -18.56531143 0.09167533
v 36.60155106 -18.51788139 0.09791619
v 36.73210144 -18.92811584 0.02611316
v 36.75872803 -18.88199997 0.04844334
v 36.78608704 -18.83460808 0.06687430
v 36.81404114 -18.78619003 0.08131004
v 36.84244537 -18.73699570 0.09167533
v 36.87114716 -18.68728065 0.09791619
v 37.03199005 -19.08661270 0.02611316
v 37.05509567 -19.03863525 0.04844334
v 37.07883835 -18.98933220 0.06687430
v 37.10309601 -18.93895912 0.08131004
v 37.12774277 -18.88777924 0.09167533
v 37.15265274 -18.83605957 0.09791619
v 37.34288788 -19.22225380 0.02611316
v 37.36234283 -19.17268562 0.04844334
v 37.38233566 -19.12174606 0.06687430
v 37.40275955 -19.06970024 0.08131004
v 37.42351151 -19.01682281 0.09167533
v 37.44448471 -18.96338654 0.09791619
v 37.66305161 -19.33428383 0.02611316
v 37.67874527 -19.28339958 0.04844334
v 37.69487762 -19.23110771 0.06687430
v 37.71135712 -19.17768288 0.08131004
v 37.72809982 -19.12340164 0.09167533
v 37.74501801 -19.06854820 0.09791619
v 37.99068832 -19.42207527 0.02611316
v 38.00254059 -19.37015915 0.04844334
v 38.01471710 -19.31680870 0.06687430
v 38.02715683 -19.26230240 0.08131004
v 38.03979874 -19.20692062 0.09167533
v 38.05257034 -19.15095520 0.09791619
v 38.32397461 -19.48513603 0.02611316
v 38.33190918 -19.43247986 0.04844334
v 38.34006882 -19.37836838 0.06687430
v 38.34840012 -19.32308388 0.08131004
v 38.35686493 -19.26691437 0.09167533
v 38.36542130 -19.21014977 0.09791619
v 38.66104126 -19.52311516 0.02611316
v 38.66501999 -19.47001266 0.04844334
v 38.66910934 -19.41544342 0.06687430
v 38.67328644 -19.35968971 0.08131004
v 38.67753220 -19.30304337 0.09167533
v 38.68181992 -19.24580002 0.09791619
v 43.29641342 9.90348053 7.00000000
v 43.29999924 10.00000000 7.00000000
v 43.28566742 9.80749321 7.00000000
v 43.26782608 9.71256828 7.00000000
v 43.24298477 9.61923122 7.00000000
v 43.21128464 9.52799511 7.00000000
v 43.17289734 9.43936443 7.00000000
v 43.12803650 9.35382843 7.00000000
v 43.07694626 9.27186012 7.00000000
v 43.01991272 9.19391060 7.00000000
v 42.95724869 9.12041092 7.00000000
v 42.88930130 9.05176735 7.00000000
v 42.81644440 8.98835754 7.00000000
v 42.73907852 8.93053150 7.00000000
v 42.65763474 8.87860966 7.00000000
v 42.57256317 8.83287811 7.00000000
v 42.48432541 8.79358864 7.00000000
v 42.39341736 8.76095963 7.00000000
v 42.30033875 8.73516941 7.00000000
v 42.20560074 8.71636105 7.00000000
v 41.60266113 11.23778915 7.00000000
v 41.69319153 11.26327705 7.00000000
v 41.78532791 11.28215313 7.00000000
v 41.87858582 11.29431820 7.00000000
v 41.97248077 11.29970837 7.00000000
v 42.06652069 11.29829693 7.00000000
v 42.16021347 11.29008961 7.00000000
v 42.25306702 11.27513027 7.00000000
v 42.34459305 11.25349712 7.00000000
v 42.43431854 11.22530270 7.00000000
v 42.52177048 11.19069576 7.00000000
v 42.60649109 11.14985561 7.00000000
v 42.68803787 11.10299778 7.00000000
v 42.76598358 11.05036736 7.00000000
v 42.83992004 10.99223900 7.00000000
v 42.90945816 10.92891693 7.00000000
v 42.97423935 10.86073303 7.00000000
v 43.03391647 10.78804398 7.00000000
v 43.08818817 10.71123028 7.00000000
v 43.13676071 10.63069439 7.00000000
v 43.17938232 10.54685783 7.00000000
v 43.21583557 10.46015835 7.00000000
v 43.24592209 10.37105083 7.00000000
v 43.26948929 10.28000069 7.00000000
v 43.28641129 10.18748569 7.00000000
v 43.29659653 10.09398842 7.00000000
v 43.29659653 -10.09398842 7.00000000
v 43.29999924 -10.00000000 7.00000000
v 43.28641129 -10.18748569 7.00000000
v 43.26948929 -10.28000069 7.00000000
v 43.24592209 -10.37105083 7.00000000
v 43.21583557 -10.46015835 7.00000000
v 43.17938232 -10.54685783 7.00000000
v 43.13676071 -10.63069439 7.00000000
v 43.08818817 -10.71123028 7.00000000
v 43.03391647 -10.78804398 7.00000000
v 42.97423935 -10.86073303 7.00000000
v 42.90945816 -10.92891693 7.00000000
v 42.83992004 -10.99223900 7.00000000
v 42.76598358 -11.05036736 7.00000000
v 42.68803787 -11.10299778 7.00000000
v 42.60649109 -11.14985561 7.00000000
v 42.52177048 -11.19069576 7.00000000
v 42.43431854 -11.22530270 7.00000000
v 42.34459305 -11.25349712 7.00000000
v 42.25306702 -11.27513027 7.00000000
v 42.16021347 -11.29008961 7.00000000
v 42.06652069 -11.29829693 7.00000000
v 41.97248077 -11.29970837 7.00000000
v 41.87858582 -11.29431820 7.00000000
v 41.78532791 -11.28215313 7.00000000
v 41.69319153 -11.26327705 7.00000000
v 41.60266113 -11.23778915 7.00000000
v 42.20560074 -8.71636105 7.00000000
v 42.30033875 -8.73516941 7.00000000
v 42.39341736 -8.76095963 7.00000000
v 42.48432541 -8.79358864 7.00000000
v 42.57256317 -8.83287811 7.00000000
v 42.65763474 -8.87860966 7.00000000
v 42.73907852 -8.93053150 7.00000000
v 42.81644440 -8.98835754 7.00000000
v 42.88930130 -9.05176735 7.00000000
v 42.95724869 -9.12041092 7.00000000
v 43.01991272 -9.19391060 7.00000000
v 43.07694626 -9.27186012 7.00000000
v 43.12803650 -9.35382843 7.00000000
v 43.17289734 -9.43936443 7.00000000
v 43.21128464 -9.52799511 7.00000000
v 43.24298477 -9.61923122 7.00000000
v 43.26782608 -9.71256828 7.00000000
v 43.28566742 -9.80749321 7.00000000
v 43.29641342 -9.90348053 7.00000000
v -42.20620346 8.71645832 7.00000000
v -42.30152512 8.73545170 7.00000000
v -42.39516449 8.76151466 7.00000000
v -42.48659134 8.79450035 7.00000000
v -42.57529831 8.83422565 7.00000000
v -42.66079330 8.88046741 7.00000000
v -42.74259186 8.93296719 7.00000000
v -42.82023621 8.99143124 7.00000000
v -42.89329910 9.05553341 7.00000000
v -42.96136856 9.12491608 7.00000000
v -43.02406311 9.19918919 7.00000000
v -43.08103180 9.27793980 7.00000000
v -43.13195801 9.36072636 7.00000000
v -43.17655563 9.44708729 7.00000000
v -43.21458054 9.53653812 7.00000000
v -43.24581146 9.62858009 7.00000000
v -43.27008057 9.72269821 7.00000000
v -43.28725052 9.81836605 7.00000000
v -43.29722214 9.91504955 7.00000000
v -43.29994202 10.01220798 7.00000000
v -43.29539871 10.10929871 7.00000000
v -43.28361130 10.20577812 7.00000000
v -43.26464844 10.30110645 7.00000000
v -43.23861694 10.39475250 7.00000000
v -43.20566177 10.48619175 7.00000000
v -43.16596603 10.57491302 7.00000000
v -43.11975098 10.66042042 7.00000000
v -43.06727982 10.74223614 7.00000000
v -43.00884247 10.81990242 7.00000000
v -42.94476318 10.89298534 7.00000000
v -42.87540436 10.96107674 7.00000000
v -42.80115128 11.02379608 7.00000000
v -42.72241974 11.08079147 7.00000000
v -42.63964844 11.13174629 7.00000000
v -42.55330276 11.17637348 7.00000000
v -42.46386719 11.21442509 7.00000000
v -42.37183380 11.24568844 7.00000000
v -42.27772522 11.26998806 7.00000000
v -42.18206024 11.28718853 7.00000000
v -42.08538055 11.29719353 7.00000000
v -41.98822403 11.29994678 7.00000000
v -41.89113235 11.29543304 7.00000000
v -41.79464722 11.28367901 7.00000000
v -41.69931412 11.26474762 7.00000000
v -41.60565948 11.23874760 7.00000000
v 2.25000000 8.00000000 2.90000010
v 2.24370861 7.83185720 2.90000010
v 2.22486925 7.66465473 2.90000010
v 2.19358778 7.49932814 2.90000010
v 2.15003872 7.33680105 2.90000010
v 2.09446597 7.17798281 2.90000010
v 2.02717996 7.02376175 2.90000010
v 1.94855714 6.87500000 2.90000010
v 1.85903728 6.73252964 2.90000010
v 1.75912082 6.59714794 2.90000010
v 1.64936674 6.46961117 2.90000010
v 1.53038871 6.35063314 2.90000010
v 1.40285206 6.24087906 2.90000010
v 1.26747012 6.14096260 2.90000010
v 1.12500000 6.05144262 2.90000010
v 0.97623843 5.97282028 2.90000010
v 0.82201731 5.90553427 2.90000010
v 0.66319913 5.84996128 2.90000010
v 0.50067210 5.80641222 2.90000010
v 0.33534509 5.77513075 2.90000010
v 0.16814271 5.75629139 2.90000010
v -0.00000000 5.75000000 2.90000010
v -0.16814271 5.75629139 2.90000010
v -0.33534509 5.77513075 2.90000010
v -0.50067210 5.80641222 2.90000010
v -0.66319913 5.84996128 2.90000010
v -0.82201731 5.90553427 2.90000010
v -0.97623843 5.97282028 2.90000010
v -1.12500000 6.05144262 2.90000010
v -1.26747012 6.14096260 2.90000010
v -1.40285206 6.24087906 2.90000010
v -1.53038871 6.35063314 2.90000010
v -1.64936674 6.46961117 2.90000010
v -1.75912082 6.59714794 2.90000010
v -1.85903728 6.73252964 2.90000010
v -1.94855714 6.87500000 2.90000010
v -2.02717996 7.02376175 2.90000010
v -2.09446597 7.17798281 2.90000010
v -2.15003872 7.33680105 2.90000010
v -2.19358778 7.49932814 2.90000010
v -2.22486925 7.66465473 2.90000010
v -2.24370861 7.83185720 2.90000010
v -2.25000000 8.00000000 2.90000010
v -2.24370861 8.16814232 2.90000010
v -2.22486925 8.33534527 2.90000010
v -2.19358778 8.50067234 2.90000010
v -2.15003872 8.66319942 2.90000010
v -2.09446597 8.82201767 2.90000010
v -2.02717996 8.97623825 2.90000010
v -1.94855714 9.12500000 2.90000010
v -1.85903728 9.26747036 2.90000010
v -1.75912082 9.40285206 2.90000010
v -1.64936674 9.53038883 2.90000010
v -1.53038871 9.64936638 2.90000010
v -1.40285206 9.75912094 2.90000010
v -1.26747012 9.85903740 2.90000010
v -1.12500000 9.94855690 2.90000010
v -0.97623843 10.02717972 2.90000010
v -0.82201731 10.09446621 2.90000010
v -0.66319913 10.15003872 2.90000010
v -0.50067210 10.19358826 2.90000010
v -0.33534509 10.22486973 2.90000010
v -0.16814271 10.24370861 2.90000010
v -0.00000000 10.25000000 2.90000010
v 0.16814271 10.24370861 2.90000010
v 0.33534509 10.22486973 2.90000010
v 0.50067210 10.19358826 2.90000010
v 0.66319913 10.15003872 2.90000010
v 0.82201731 10.09446621 2.90000010
v 0.97623843 10.02717972 2.90000010
v 1.12500000 9.94855690 2.90000010
v 1.26747012 9.85903740 2.90000010
v 1.40285206 9.75912094 2.90000010
v 1.53038871 9.64936638 2.90000010
v 1.64936674 9.53038883 2.90000010
v 1.75912082 9.40285206 2.90000010
v 1.85903728 9.26747036 2.90000010
v 1.94855714 9.12500000 2.90000010
v 2.02717996 8.97623825 2.90000010
v 2.09446597 8.82201767 2.90000010
v 2.15003872 8.66319942 2.90000010
v 2.19358778 8.50067234 2.90000010
v 2.22486925 8.33534527 2.90000010
v 2.24370861 8.16814232 2.90000010
v -41.60565948 -11.23874760 7.00000000
v -41.69931412 -11.26474762 7.00000000
v -41.79464722 -11.28367901 7.00000000
v -41.89113235 -11.29543304 7.00000000
v -41.98822403 -11.29994678 7.00000000
v -42.08538055 -11.29719353 7.00000000
v -42.18206024 -11.28718853 7.00000000
v -42.27772522 -11.26998806 7.00000000
v -42.37183380 -11.24568844 7.00000000
v -42.46386719 -11.21442509 7.00000000
v -42.55330276 -11.17637348 7.00000000
v -42.63964844 -11.13174629 7.00000000
v -42.72241974 -11.08079147 7.00000000
v -42.80115128 -11.02379608 7.00000000
v -42.87540436 -10.96107674 7.00000000
v -42.94476318 -10.89298534 7.00000000
v -43.00884247 -10.81990242 7.00000000
v -43.06727982 -10.74223614 7.00000000
v -43.11975098 -10.66042042 7.00000000
v -43.16596603 -10.57491302 7.00000000
v -43.20566177 -10.48619175 7.00000000
v -43.23861694 -10.39475250 7.00000000
v -43.26464844 -10.30110645 7.00000000
v -43.28361130 -10.20577812 7.00000000
v -43.29539871 -10.10929871 7.00000000
v -43.29994202 -10.01220798 7.00000000
v -43.29722214 -9.91504955 7.00000000
v -43.28725052 -9.81836605 7.00000000
v -43.27008057 -9.72269821 7.00000000
v -43.24581146 -9.62858009 7.00000000
v -43.21458054 -9.53653812 7.00000000
v -43.17655563 -9.44708729 7.00000000
v -43.13195801 -9.36072636 7.00000000
v -43.08103180 -9.27793980 7.00000000
v -43.02406311 -9.19918919 7.00000000
v -42.96136856 -9.12491608 7.00000000
v -42.89329910 -9.05553341 7.00000000
v -42.82023621 -8.99143124 7.00000000
v -42.74259186 -8.93296719 7.00000000
v -42.66079330 -8.88046741 7.00000000
v -42.57529831 -8.83422565 7.00000000
v -42.48659134 -8.79450035 7.00000000
v -42.39516449 -8.76151466 7.00000000
v -42.30152512 -8.73545170 7.00000000
v -42.20620346 -8.71645832 7.00000000
v 2.50000000 0.00000000 13.90000057
v 2.49300957 -0.18682523 13.90000057
v 2.47207713 -0.37260565 13.90000057
v 2.43731976 -0.55630231 13.90000057
v 2.38893199 -0.73688793 13.90000057
v 2.32718444 -0.91335255 13.90000057
v 2.25242209 -1.08470941 13.90000057
v 2.16506362 -1.25000000 13.90000057
v 2.06559682 -1.40830016 13.90000057
v 1.95457876 -1.55872452 13.90000057
v 1.83262968 -1.70043182 13.90000057
v 1.70043182 -1.83262968 13.90000057
v 1.55872452 -1.95457876 13.90000057
v 1.40830016 -2.06559682 13.90000057
v 1.25000000 -2.16506362 13.90000057
v 0.91335255 -2.32718444 13.90000057
v 1.08470941 -2.25242209 13.90000057
v 0.73688793 -2.38893199 13.90000057
v 0.55630231 -2.43731976 13.90000057
v 0.37260565 -2.47207713 13.90000057
v 0.18682523 -2.49300957 13.90000057
v -0.00000000 -2.50000000 13.90000057
v -0.18682523 -2.49300957 13.90000057
v -0.37260565 -2.47207713 13.90000057
v -0.55630231 -2.43731976 13.90000057
v -0.73688793 -2.38893199 13.90000057
v -0.91335255 -2.32718444 13.90000057
v -1.08470941 -2.25242209 13.90000057
v -1.25000000 -2.16506362 13.90000057
v -1.40830016 -2.06559682 13.90000057
v -1.55872452 -1.95457876 13.90000057
v -1.70043182 -1.83262968 13.90000057
v -1.83262968 -1.70043182 13.90000057
v -1.95457876 -1.55872452 13.90000057
v -2.06559682 -1.40830016 13.90000057
v -2.16506362 -1.25000000 13.90000057
v -2.25242209 -1.08470941 13.90000057
v -2.32718444 -0.91335255 13.90000057
v -2.38893199 -0.73688793 13.90000057
v -2.43731976 -0.55630231 13.90000057
v -2.47207713 -0.37260565 13.90000057
v -2.49300957 -0.18682523 13.90000057
v -2.50000000 -0.00000000 13.90000057
v -2.49300957 0.18682523 13.90000057
v -2.47207713 0.37260565 13.90000057
v -2.43731976 0.55630231 13.90000057
v -2.38893199 0.73688793 13.90000057
v -2.32718444 0.91335255 13.90000057
v -2.25242209 1.08470941 13.90000057
v -2.16506362 1.25000000 13.90000057
v -2.06559682 1.40830016 13.90000057
v -1.95457876 1.55872452 13.90000057
v -1.83262968 1.70043182 13.90000057
v -1.70043182 1.83262968 13.90000057
v -1.55872452 1.95457876 13.90000057
v -1.40830016 2.06559682 13.90000057
v -1.25000000 2.16506362 13.90000057
v -1.08470941 2.25242209 13.90000057
v -0.91335255 2.32718444 13.90000057
v -0.73688793 2.38893199 13.90000057
v -0.55630231 2.43731976 13.90000057
v -0.37260565 2.47207713 13.90000057
v -0.18682523 2.49300957 13.90000057
v -0.00000000 2.50000000 13.90000057
v 0.18682523 2.49300957 13.90000057
v 0.37260565 2.47207713 13.90000057
v 0.55630231 2.43731976 13.90000057
v 0.73688793 2.38893199 13.90000057
v 0.91335255 2.32718444 13.90000057
v 1.08470941 2.25242209 13.90000057
v 1.25000000 2.16506362 13.90000057
v 1.40830016 2.06559682 13.90000057
v 1.55872452 1.95457876 13.90000057
v 1.70043182 1.83262968 13.90000057
v 1.83262968 1.70043182 13.90000057
v 1.95457876 1.55872452 13.90000057
v 2.06559682 1.40830016 13.90000057
v 2.16506362 1.25000000 13.90000057
v 2.25242209 1.08470941 13.90000057
v 2.32718444 0.91335255 13.90000057
v 2.38893199 0.73688793 13.90000057
v 2.43731976 0.55630231 13.90000057
v 2.47207713 0.37260565 13.90000057
v 2.49300957 0.18682523 13.90000057
v 2.25000000 -8.00000000 2.90000010
v 2.24370861 -8.16814232 2.90000010
v 2.22486925 -8.33534527 2.90000010
v 2.19358778 -8.50067234 2.90000010
v 2.15003872 -8.66319942 2.90000010
v 2.09446597 -8.82201767 2.90000010
v 2.02717996 -8.97623825 2.90000010
v 1.94855714 -9.12500000 2.90000010
v 1.85903728 -9.26747036 2.90000010
v 1.75912082 -9.40285206 2.90000010
v 1.64936674 -9.53038883 2.90000010
v 1.53038871 -9.64936638 2.90000010
v 1.40285206 -9.75912094 2.90000010
v 1.26747012 -9.85903740 2.90000010
v 1.12500000 -9.94855690 2.90000010
v 0.97623843 -10.02717972 2.90000010
v 0.82201731 -10.09446621 2.90000010
v 0.66319913 -10.15003872 2.90000010
v 0.50067210 -10.19358826 2.90000010
v 0.33534509 -10.22486973 2.90000010
v 0.16814271 -10.24370861 2.90000010
v -0.00000000 -10.25000000 2.90000010
v -0.16814271 -10.24370861 2.90000010
v -0.33534509 -10.22486973 2.90000010
v -0.50067210 -10.19358826 2.90000010
v -0.66319913 -10.15003872 2.90000010
v -0.82201731 -10.09446621 2.90000010
v -0.97623843 -10.02717972 2.90000010
v -1.12500000 -9.94855690 2.90000010
v -1.26747012 -9.85903740 2.90000010
v -1.40285206 -9.75912094 2.90000010
v -1.53038871 -9.64936638 2.90000010
v -1.64936674 -9.53038883 2.90000010
v -1.75912082 -9.40285206 2.90000010
v -1.85903728 -9.26747036 2.90000010
v -1.94855714 -9.12500000 2.90000010
v -2.02717996 -8.97623825 2.90000010
v -2.09446597 -8.82201767 2.90000010
v -2.15003872 -8.66319942 2.90000010
v -2.19358778 -8.50067234 2.90000010
v -2.22486925 -8.33534527 2.90000010
v -2.24370861 -8.16814232 2.90000010
v -2.25000000 -8.00000000 2.90000010
v -2.24370861 -7.83185720 2.90000010
v -2.22486925 -7.66465473 2.90000010
v -2.19358778 -7.49932814 2.90000010
v -2.15003872 -7.33680105 2.90000010
v -2.09446597 -7.17798281 2.90000010
v -2.02717996 -7.02376175 2.90000010
v -1.94855714 -6.87500000 2.90000010
v -1.85903728 -6.73252964 2.90000010
v -1.75912082 -6.59714794 2.90000010
v -1.64936674 -6.46961117 2.90000010
v -1.53038871 -6.35063314 2.90000010
v -1.40285206 -6.24087906 2.90000010
v -1.26747012 -6.14096260 2.90000010
v -1.12500000 -6.05144262 2.90000010
v -0.97623843 -5.97282028 2.90000010
v -0.82201731 -5.90553427 2.90000010
v -0.66319913 -5.84996128 2.90000010
v -0.50067210 -5.80641222 2.90000010
v -0.33534509 -5.77513075 2.90000010
v -0.16814271 -5.75629139 2.90000010
v -0.00000000 -5.75000000 2.90000010
v 0.16814271 -5.75629139 2.90000010
v 0.33534509 -5.77513075 2.90000010
v 0.50067210 -5.80641222 2.90000010
v 0.66319913 -5.84996128 2.90000010
v 0.82201731 -5.90553427 2.90000010
v 0.97623843 -5.97282028 2.90000010
v 1.12500000 -6.05144262 2.90000010
v 1.26747012 -6.14096260 2.90000010
v 1.40285206 -6.24087906 2.90000010
v 1.53038871 -6.35063314 2.90000010
v 1.64936674 -6.46961117 2.90000010
v 1.75912082 -6.59714794 2.90000010
v 1.85903728 -6.73252964 2.90000010
v 1.94855714 -6.87500000 2.90000010
v 2.02717996 -7.02376175 2.90000010
v 2.09446597 -7.17798281 2.90000010
v 2.15003872 -7.33680105 2.90000010
v 2.19358778 -7.49932814 2.90000010
v 2.22486925 -7.66465473 2.90000010
v 2.24370861 -7.83185720 2.90000010
v 43.74021530 0.00000000 15.69776344
v 43.61790848 -3.26871037 15.69776344
v 43.55862427 -3.26426768 15.69106483
v 43.68076706 0.00000000 15.69106483
v 43.50000763 -3.25987482 15.67994213
v 43.62198257 0.00000000 15.67994213
v 43.44238281 -3.25555634 15.66445827
v 43.56419754 0.00000000 15.66445827
v 43.38607025 -3.25133657 15.64469910
v 43.50772858 0.00000000 15.64469910
v 43.33139038 -3.24723887 15.62077522
v 43.45289230 0.00000000 15.62077522
v 43.27864456 -3.24328613 15.59282017
v 43.40000153 0.00000000 15.59282017
v 43.22813034 -3.23950052 15.56099129
v 43.34934235 0.00000000 15.56099129
v 43.18013000 -3.23590326 15.52546501
v 43.30120850 0.00000000 15.52546501
v 43.13491058 -3.23251462 15.48644161
v 43.25586319 0.00000000 15.48644161
v 43.09272385 -3.22935319 15.44413853
v 43.21355820 0.00000000 15.44413853
v 43.05381012 -3.22643709 15.39879227
v 43.17453384 0.00000000 15.39879227
v 43.01838303 -3.22378206 15.35065651
v 43.13900757 0.00000000 15.35065651
v 42.98664474 -3.22140360 15.30000019
v 43.10718155 0.00000000 15.30000019
v 42.95876694 -3.21931458 15.24710751
v 43.07922363 0.00000000 15.24710751
v 42.93490982 -3.21752667 15.19227314
v 43.05530167 0.00000000 15.19227314
v 42.91520691 -3.21605015 15.13580418
v 43.03554153 0.00000000 15.13580418
v 42.89976501 -3.21489286 15.07801723
v 43.02005768 0.00000000 15.07801723
v 42.88867188 -3.21406174 15.01923370
v 43.00893402 0.00000000 15.01923370
v 42.88199234 -3.21356130 14.95978451
v 43.00223541 0.00000000 14.95978451
v 43.25167465 -6.51914072 15.69776344
v 43.19288635 -6.51028061 15.69106483
v 43.13476181 -6.50151920 15.67994213
v 43.07762146 -6.49290657 15.66445827
v 43.02178192 -6.48449039 15.64469910
v 42.96755981 -6.47631788 15.62077522
v 42.91525650 -6.46843433 15.59282017
v 42.86516571 -6.46088457 15.56099129
v 42.81756973 -6.45371008 15.52546501
v 42.77272797 -6.44695187 15.48644161
v 42.73089981 -6.44064665 15.44413853
v 42.69231033 -6.43483067 15.39879227
v 42.65718079 -6.42953587 15.35065651
v 42.62570953 -6.42479181 15.30000019
v 42.59806442 -6.42062521 15.24710751
v 42.57440948 -6.41705942 15.19227314
v 42.55487061 -6.41411448 15.13580418
v 42.53955841 -6.41180706 15.07801723
v 42.52856064 -6.41014910 15.01923370
v 42.52193832 -6.40915108 14.95978451
v 42.64355850 -9.73311329 15.69776344
v 42.58559799 -9.71988487 15.69106483
v 42.52828979 -9.70680428 15.67994213
v 42.47195053 -9.69394588 15.66445827
v 42.41689682 -9.68138027 15.64469910
v 42.36343765 -9.66917801 15.62077522
v 42.31187057 -9.65740871 15.59282017
v 42.26248550 -9.64613628 15.56099129
v 42.21555710 -9.63542557 15.52546501
v 42.17134857 -9.62533474 15.48644161
v 42.13010406 -9.61592102 15.44413853
v 42.09206009 -9.60723782 15.39879227
v 42.05742264 -9.59933281 15.35065651
v 42.02639389 -9.59224987 15.30000019
v 41.99913788 -9.58602905 15.24710751
v 41.97581482 -9.58070564 15.19227314
v 41.95655060 -9.57630920 15.13580418
v 41.94145584 -9.57286358 15.07801723
v 41.93061066 -9.57038879 15.01923370
v 41.92407990 -9.56889820 14.95978451
v 41.79696274 -12.89265537 15.69776344
v 41.74015045 -12.87513161 15.69106483
v 41.68397903 -12.85780525 15.67994213
v 41.62876129 -12.84077168 15.66445827
v 41.57480240 -12.82412815 15.64469910
v 41.52240372 -12.80796528 15.62077522
v 41.47185898 -12.79237461 15.59282017
v 41.42345428 -12.77744389 15.56099129
v 41.37745667 -12.76325512 15.52546501
v 41.33412552 -12.74988937 15.48644161
v 41.29370117 -12.73742008 15.44413853
v 41.25641251 -12.72591782 15.39879227
v 41.22246552 -12.71544647 15.35065651
v 41.19204712 -12.70606422 15.30000019
v 41.16533661 -12.69782448 15.24710751
v 41.14247513 -12.69077301 15.19227314
v 41.12359238 -12.68494892 15.13580418
v 41.10879898 -12.68038464 15.07801723
v 41.09816742 -12.67710590 15.01923370
v 41.09176636 -12.67513180 14.95978451
v 40.71661758 -15.98009491 15.69776344
v 40.66127777 -15.95837593 15.69106483
v 40.60655975 -15.93690014 15.67994213
v 40.55276489 -15.91578770 15.66445827
v 40.50020218 -15.89515781 15.64469910
v 40.44915771 -15.87512398 15.62077522
v 40.39992142 -15.85580063 15.59282017
v 40.35276794 -15.83729362 15.56099129
v 40.30795670 -15.81970787 15.52546501
v 40.26574707 -15.80314064 15.48644161
v 40.22636795 -15.78768539 15.44413853
v 40.19004059 -15.77342892 15.39879227
v 40.15697098 -15.76044941 15.35065651
v 40.12734222 -15.74882126 15.30000019
v 40.10131836 -15.73860836 15.24710751
v 40.07904816 -15.72986794 15.19227314
v 40.06065750 -15.72264862 15.13580418
v 40.04624176 -15.71699238 15.07801723
v 40.03588867 -15.71292877 15.01923370
v 40.02965164 -15.71048164 14.95978451
v 39.40857315 -18.97816849 15.69776344
v 39.35501099 -18.95237350 15.69106483
v 39.30204773 -18.92686844 15.67994213
v 39.24998474 -18.90179634 15.66445827
v 39.19910812 -18.87729454 15.64469910
v 39.14970398 -18.85350418 15.62077522
v 39.10204697 -18.83055496 15.59282017
v 39.05640793 -18.80857468 15.56099129
v 39.01303864 -18.78768921 15.52546501
v 38.97218323 -18.76801491 15.48644161
v 38.93407059 -18.74966049 15.44413853
v 38.89891052 -18.73272896 15.39879227
v 38.86690521 -18.71731377 15.35065651
v 38.83822632 -18.70350456 15.30000019
v 38.81304169 -18.69137573 15.24710751
v 38.79148483 -18.68099403 15.19227314
v 38.77368164 -18.67242241 15.13580418
v 38.75973129 -18.66570282 15.07801723
v 38.74971008 -18.66087723 15.01923370
v 38.74367523 -18.65797043 14.95978451
v 37.88013840 -21.87010765 15.69776344
v 37.82865143 -21.84038353 15.69106483
v 37.77774429 -21.81099129 15.67994213
v 37.72769928 -21.78209877 15.66445827
v 37.67879868 -21.75386429 15.64469910
v 37.63130951 -21.72644615 15.62077522
v 37.58550262 -21.70000076 15.59282017
v 37.54163361 -21.67467117 15.56099129
v 37.49994659 -21.65060425 15.52546501
v 37.46067429 -21.62793159 15.48644161
v 37.42403793 -21.60677910 15.44413853
v 37.39024353 -21.58726692 15.39879227
v 37.35947800 -21.56950378 15.35065651
v 37.33191299 -21.55359077 15.30000019
v 37.30770493 -21.53961182 15.24710751
v 37.28698349 -21.52765083 15.19227314
v 37.26987076 -21.51777077 15.13580418
v 37.25646210 -21.51002884 15.07801723
v 37.24682999 -21.50446701 15.01923370
v 37.24102783 -21.50111771 14.95978451
v 36.13986206 -24.63974190 15.69776344
v 36.09074402 -24.60625267 15.69106483
v 36.04217529 -24.57313728 15.67994213
v 35.99442673 -24.54058456 15.66445827
v 35.94777298 -24.50877571 15.64469910
v 35.90246582 -24.47788620 15.62077522
v 35.85876465 -24.44808960 15.59282017
v 35.81690979 -24.41955566 15.56099129
v 35.77713776 -24.39243889 15.52546501
v 35.73966980 -24.36689377 15.48644161
v 35.70471573 -24.34306335 15.44413853
v 35.67247391 -24.32108116 15.39879227
v 35.64312363 -24.30106926 15.35065651
v 35.61682510 -24.28313828 15.30000019
v 35.59372711 -24.26739120 15.24710751
v 35.57395935 -24.25391388 15.19227314
v 35.55763245 -24.24278450 15.13580418
v 35.54483795 -24.23406219 15.07801723
v 35.53564835 -24.22779655 15.01923370
v 35.53011703 -24.22402191 14.95978451
v 34.19747925 -27.27157784 15.69776344
v 34.15099716 -27.23451233 15.69106483
v 34.10504150 -27.19786263 15.67994213
v 34.05986023 -27.16183090 15.66445827
v 34.01571274 -27.12662506 15.64469910
v 33.97283936 -27.09243584 15.62077522
v 33.93148804 -27.05945778 15.59282017
v 33.89188004 -27.02787399 15.56099129
v 33.85424805 -26.99786186 15.52546501
v 33.81879425 -26.96958923 15.48644161
v 33.78572083 -26.94321251 15.44413853
v 33.75521088 -26.91888237 15.39879227
v 33.72743607 -26.89673233 15.35065651
v 33.70254898 -26.87688637 15.30000019
v 33.68069458 -26.85945702 15.24710751
v 33.66199112 -26.84454155 15.19227314
v 33.64654160 -26.83222198 15.13580418
v 33.63443375 -26.82256699 15.07801723
v 33.62574005 -26.81563187 15.01923370
v 33.62050247 -26.81145668 14.95978451
v 32.06384659 -29.75090218 15.69776344
v 32.02026749 -29.71046638 15.69106483
v 31.97717667 -29.67048454 15.67994213
v 31.93481445 -29.63117790 15.66445827
v 31.89342117 -29.59276962 15.64469910
v 31.85322380 -29.55547333 15.62077522
v 31.81445122 -29.51949692 15.59282017
v 31.77731705 -29.48504257 15.56099129
v 31.74203110 -29.45230103 15.52546501
v 31.70878983 -29.42145729 15.48644161
v 31.67778015 -29.39268494 15.44413853
v 31.64917374 -29.36614227 15.39879227
v 31.62313080 -29.34197807 15.35065651
v 31.59979820 -29.32032776 15.30000019
v 31.57930565 -29.30131340 15.24710751
v 31.56176949 -29.28504181 15.19227314
v 31.54728508 -29.27160263 15.13580418
v 31.53593445 -29.26107025 15.07801723
v 31.52778053 -29.25350571 15.01923370
v 31.52287102 -29.24894905 14.95978451
v 29.75090218 -32.06384659 15.69776344
v 29.71046638 -32.02026749 15.69106483
v 29.67048454 -31.97717667 15.67994213
v 29.63117790 -31.93481445 15.66445827
v 29.59276962 -31.89342117 15.64469910
v 29.55547333 -31.85322380 15.62077522
v 29.51949692 -31.81445122 15.59282017
v 29.48504257 -31.77731705 15.56099129
v 29.45230103 -31.74203110 15.52546501
v 29.42145729 -31.70878983 15.48644161
v 29.39268494 -31.67778015 15.44413853
v 29.36614227 -31.64917374 15.39879227
v 29.34197807 -31.62313080 15.35065651
v 29.32032776 -31.59979820 15.30000019
v 29.30131340 -31.57930565 15.24710751
v 29.28504181 -31.56176949 15.19227314
v 29.27160263 -31.54728508 15.13580418
v 29.26107025 -31.53593445 15.07801723
v 29.25350571 -31.52778053 15.01923370
v 29.24894905 -31.52287102 14.95978451
v 27.27157784 -34.19747925 15.69776344
v 27.23451233 -34.15099716 15.69106483
v 27.19786263 -34.10504150 15.67994213
v 27.16183090 -34.05986023 15.66445827
v 27.12662506 -34.01571274 15.64469910
v 27.09243584 -33.97283936 15.62077522
v 27.05945778 -33.93148804 15.59282017
v 27.02787399 -33.89188004 15.56099129
v 26.99786186 -33.85424805 15.52546501
v 26.96958923 -33.81879425 15.48644161
v 26.94321251 -33.78572083 15.44413853
v 26.91888237 -33.75521088 15.39879227
v 26.89673233 -33.72743607 15.35065651
v 26.87688637 -33.70254898 15.30000019
v 26.85945702 -33.68069458 15.24710751
v 26.84454155 -33.66199112 15.19227314
v 26.83222198 -33.64654160 15.13580418
v 26.82256699 -33.63443375 15.07801723
v 26.81563187 -33.62574005 15.01923370
v 26.81145668 -33.62050247 14.95978451
v 24.63974190 -36.13986206 15.69776344
v 24.60625267 -36.09074402 15.69106483
v 24.57313728 -36.04217529 15.67994213
v 24.54058456 -35.99442673 15.66445827
v 24.50877571 -35.94777298 15.64469910
v 24.47788620 -35.90246582 15.62077522
v 24.44808960 -35.85876465 15.59282017
v 24.41955566 -35.81690979 15.56099129
v 24.39243889 -35.77713776 15.52546501
v 24.36689377 -35.73966980 15.48644161
v 24.34306335 -35.70471573 15.44413853
v 24.32108116 -35.67247391 15.39879227
v 24.30106926 -35.64312363 15.35065651
v 24.28313828 -35.61682510 15.30000019
v 24.26739120 -35.59372711 15.24710751
v 24.25391388 -35.57395935 15.19227314
v 24.24278450 -35.55763245 15.13580418
v 24.23406219 -35.54483795 15.07801723
v 24.22779655 -35.53564835 15.01923370
v 24.22402191 -35.53011703 14.95978451
v 21.87010765 -37.88013840 15.69776344
v 21.84038353 -37.82865143 15.69106483
v 21.81099129 -37.77774429 15.67994213
v 21.78209877 -37.72769928 15.66445827
v 21.75386429 -37.67879868 15.64469910
v 21.72644615 -37.63130951 15.62077522
v 21.70000076 -37.58550262 15.59282017
v 21.67467117 -37.54163361 15.56099129
v 21.65060425 -37.49994659 15.52546501
v 21.62793159 -37.46067429 15.48644161
v 21.60677910 -37.42403793 15.44413853
v 21.58726692 -37.39024353 15.39879227
v 21.56950378 -37.35947800 15.35065651
v 21.55359077 -37.33191299 15.30000019
v 21.53961182 -37.30770493 15.24710751
v 21.52765083 -37.28698349 15.19227314
v 21.51777077 -37.26987076 15.13580418
v 21.51002884 -37.25646210 15.07801723
v 21.50446701 -37.24682999 15.01923370
v 21.50111771 -37.24102783 14.95978451
v 18.97816849 -39.40857315 15.69776344
v 18.95237350 -39.35501099 15.69106483
v 18.92686844 -39.30204773 15.67994213
v 18.90179634 -39.24998474 15.66445827
v 18.87729454 -39.19910812 15.64469910
v 18.85350418 -39.14970398 15.62077522
v 18.83055496 -39.10204697 15.59282017
v 18.80857468 -39.05640793 15.56099129
v 18.78768921 -39.01303864 15.52546501
v 18.76801491 -38.97218323 15.48644161
v 18.74966049 -38.93407059 15.44413853
v 18.73272896 -38.89891052 15.39879227
v 18.71731377 -38.86690521 15.35065651
v 18.70350456 -38.83822632 15.30000019
v 18.69137573 -38.81304169 15.24710751
v 18.68099403 -38.79148483 15.19227314
v 18.67242241 -38.77368164 15.13580418
v 18.66570282 -38.75973129 15.07801723
v 18.66087723 -38.74971008 15.01923370
v 18.65797043 -38.74367523 14.95978451
v 15.98009491 -40.71661758 15.69776344
v 15.95837593 -40.66127777 15.69106483
v 15.93690014 -40.60655975 15.67994213
v 15.91578770 -40.55276489 15.66445827
v 15.89515781 -40.50020218 15.64469910
v 15.87512398 -40.44915771 15.62077522
v 15.85580063 -40.39992142 15.59282017
v 15.83729362 -40.35276794 15.56099129
v 15.81970787 -40.30795670 15.52546501
v 15.80314064 -40.26574707 15.48644161
v 15.78768539 -40.22636795 15.44413853
v 15.77342892 -40.19004059 15.39879227
v 15.76044941 -40.15697098 15.35065651
v 15.74882126 -40.12734222 15.30000019
v 15.73860836 -40.10131836 15.24710751
v 15.72986794 -40.07904816 15.19227314
v 15.72264862 -40.06065750 15.13580418
v 15.71699238 -40.04624176 15.07801723
v 15.71292877 -40.03588867 15.01923370
v 15.71048164 -40.02965164 14.95978451
v 12.89265537 -41.79696274 15.69776344
v 12.87513161 -41.74015045 15.69106483
v 12.85780525 -41.68397903 15.67994213
v 12.84077168 -41.62876129 15.66445827
v 12.82412815 -41.57480240 15.64469910
v 12.80796528 -41.52240372 15.62077522
v 12.79237461 -41.47185898 15.59282017
v 12.77744389 -41.42345428 15.56099129
v 12.76325512 -41.37745667 15.52546501
v 12.74988937 -41.33412552 15.48644161
v 12.73742008 -41.29370117 15.44413853
v 12.72591782 -41.25641251 15.39879227
v 12.71544647 -41.22246552 15.35065651
v 12.70606422 -41.19204712 15.30000019
v 12.69782448 -41.16533661 15.24710751
v 12.69077301 -41.14247513 15.19227314
v 12.68494892 -41.12359238 15.13580418
v 12.68038464 -41.10879898 15.07801723
v 12.67710590 -41.09816742 15.01923370
v 12.67513180 -41.09176636 14.95978451
v 9.73311329 -42.64355850 15.69776344
v 9.71988487 -42.58559799 15.69106483
v 9.70680428 -42.52828979 15.67994213
v 9.69394588 -42.47195053 15.66445827
v 9.68138027 -42.41689682 15.64469910
v 9.66917801 -42.36343765 15.62077522
v 9.65740871 -42.31187057 15.59282017
v 9.64613628 -42.26248550 15.56099129
v 9.63542557 -42.21555710 15.52546501
v 9.62533474 -42.17134857 15.48644161
v 9.61592102 -42.13010406 15.44413853
v 9.60723782 -42.09206009 15.39879227
v 9.59933281 -42.05742264 15.35065651
v 9.59224987 -42.02639389 15.30000019
v 9.58602905 -41.99913788 15.24710751
v 9.58070564 -41.97581482 15.19227314
v 9.57630920 -41.95655060 15.13580418
v 9.57286358 -41.94145584 15.07801723
v 9.57038879 -41.93061066 15.01923370
v 9.56889820 -41.92407990 14.95978451
v 6.51914072 -43.25167465 15.69776344
v 6.51028061 -43.19288635 15.69106483
v 6.50151920 -43.13476181 15.67994213
v 6.49290657 -43.07762146 15.66445827
v 6.48449039 -43.02178192 15.64469910
v 6.47631788 -42.96755981 15.62077522
v 6.46843433 -42.91525650 15.59282017
v 6.46088457 -42.86516571 15.56099129
v 6.45371008 -42.81756973 15.52546501
v 6.44695187 -42.77272797 15.48644161
v 6.44064665 -42.73089981 15.44413853
v 6.43483067 -42.69231033 15.39879227
v 6.42953587 -42.65718079 15.35065651
v 6.42479181 -42.62570953 15.30000019
v 6.42062521 -42.59806442 15.24710751
v 6.41705942 -42.57440948 15.19227314
v 6.41411448 -42.55487061 15.13580418
v 6.41180706 -42.53955841 15.07801723
v 6.41014910 -42.52856064 15.01923370
v 6.40915108 -42.52193832 14.95978451
v 3.26871037 -43.61790848 15.69776344
v 3.26426768 -43.55862427 15.69106483
v 3.25987482 -43.50000763 15.67994213
v 3.25555634 -43.44238281 15.66445827
v 3.25133657 -43.38607025 15.64469910
v 3.24723887 -43.33139038 15.62077522
v 3.24328613 -43.27864456 15.59282017
v 3.23950052 -43.22813034 15.56099129
v 3.23590326 -43.18013000 15.52546501
v 3.23251462 -43.13491058 15.48644161
v 3.22935319 -43.09272385 15.44413853
v 3.22643709 -43.05381012 15.39879227
v 3.22378206 -43.01838303 15.35065651
v 3.22140360 -42.98664474 15.30000019
v 3.21931458 -42.95876694 15.24710751
v 3.21752667 -42.93490982 15.19227314
v 3.21605015 -42.91520691 15.13580418
v 3.21489286 -42.89976501 15.07801723
v 3.21406174 -42.88867188 15.01923370
v 3.21356130 -42.88199234 14.95978451
v 0.00000000 -43.74021530 15.69776344
v 0.00000000 -43.68076706 15.69106483
v 0.00000000 -43.62198257 15.67994213
v 0.00000000 -43.56419754 15.66445827
v 0.00000000 -43.50772858 15.64469910
v 0.00000000 -43.45289230 15.62077522
v 0.00000000 -43.40000153 15.59282017
v 0.00000000 -43.34934235 15.56099129
v 0.00000000 -43.30120850 15.52546501
v 0.00000000 -43.25586319 15.48644161
v 0.00000000 -43.21355820 15.44413853
v 0.00000000 -43.17453384 15.39879227
v 0.00000000 -43.13900757 15.35065651
v 0.00000000 -43.10718155 15.30000019
v 0.00000000 -43.07922363 15.24710751
v 0.00000000 -43.05530167 15.19227314
v 0.00000000 -43.03554153 15.13580418
v 0.00000000 -43.02005768 15.07801723
v 0.00000000 -43.00893402 15.01923370
v 0.00000000 -43.00223541 14.95978451
v -3.26871037 -43.61790848 15.69776344
v -3.26426768 -43.55862427 15.69106483
v -3.25987482 -43.50000763 15.67994213
v -3.25555634 -43.44238281 15.66445827
v -3.25133657 -43.38607025 15.64469910
v -3.24723887 -43.33139038 15.62077522
v -3.24328613 -43.27864456 15.59282017
v -3.23950052 -43.22813034 15.56099129
v -3.23590326 -43.18013000 15.52546501
v -3.23251462 -43.13491058 15.48644161
v -3.22935319 -43.09272385 15.44413853
v -3.22643709 -43.05381012 15.39879227
v -3.22378206 -43.01838303 15.35065651
v -3.22140360 -42.98664474 15.30000019
v -3.21931458 -42.95876694 15.24710751
v -3.21752667 -42.93490982 15.19227314
v -3.21605015 -42.91520691 15.13580418
v -3.21489286 -42.89976501 15.07801723
v -3.21406174 -42.88867188 15.01923370
v -3.21356130 -42.88199234 14.95978451
v -6.51914072 -43.25167465 15.69776344
v -6.51028061 -43.19288635 15.69106483
v -6.50151920 -43.13476181 15.67994213
v -6.49290657 -43.07762146 15.66445827
v -6.48449039 -43.02178192 15.64469910
v -6.47631788 -42.96755981 15.62077522
v -6.46843433 -42.91525650 15.59282017
v -6.46088457 -42.86516571 15.56099129
v -6.45371008 -42.81756973 15.52546501
v -6.44695187 -42.77272797 15.48644161
v -6.44064665 -42.73089981 15.44413853
v -6.43483067 -42.69231033 15.39879227
v -6.42953587 -42.65718079 15.35065651
v -6.42479181 -42.62570953 15.30000019
v -6.42062521 -42.59806442 15.24710751
v -6.41705942 -42.57440948 15.19227314
v -6.41411448 -42.55487061 15.13580418
v -6.41180706 -42.53955841 15.07801723
v -6.41014910 -42.52856064 15.01923370
v -6.40915108 -42.52193832 14.95978451
v -9.73311329 -42.64355850 15.69776344
v -9.71988487 -42.58559799 15.69106483
v -9.70680428 -42.52828979 15.67994213
v -9.69394588 -42.47195053 15.66445827
v -9.68138027 -42.41689682 15.64469910
v -9.66917801 -42.36343765 15.62077522
v -9.65740871 -42.31187057 15.59282017
v -9.64613628 -42.26248550 15.56099129
v -9.63542557 -42.21555710 15.52546501
v -9.62533474 -42.17134857 15.48644161
v -9.61592102 -42.13010406 15.44413853
v -9.60723782 -42.09206009 15.39879227
v -9.59933281 -42.05742264 15.35065651
v -9.59224987 -42.02639389 15.30000019
v -9.58602905 -41.99913788 15.24710751
v -9.58070564 -41.97581482 15.19227314
v -9.57630920 -41.95655060 15.13580418
v -9.57286358 -41.94145584 15.07801723
v -9.57038879 -41.93061066 15.01923370
v -9.56889820 -41.92407990 14.95978451
v -12.89265537 -41.79696274 15.69776344
v -12.87513161 -41.74015045 15.69106483
v -12.85780525 -41.68397903 15.67994213
v -12.84077168 -41.62876129 15.66445827
v -12.82412815 -41.57480240 15.64469910
v -12.80796528 -41.52240372 15.62077522
v -12.79237461 -41.47185898 15.59282017
v -12.77744389 -41.42345428 15.56099129
v -12.76325512 -41.37745667 15.52546501
v -12.74988937 -41.33412552 15.48644161
v -12.73742008 -41.29370117 15.44413853
v -12.72591782 -41.25641251 15.39879227
v -12.71544647 -41.22246552 15.35065651
v -12.70606422 -41.19204712 15.30000019
v -12.69782448 -41.16533661 15.24710751
v -12.69077301 -41.14247513 15.19227314
v -12.68494892 -41.12359238 15.13580418
v -12.68038464 -41.10879898 15.07801723
v -12.67710590 -41.09816742 15.01923370
v -12.67513180 -41.09176636 14.95978451
v -15.98009491 -40.71661758 15.69776344
v -15.95837593 -40.66127777 15.69106483
v -15.93690014 -40.60655975 15.67994213
v -15.91578770 -40.55276489 15.66445827
v -15.89515781 -40.50020218 15.64469910
v -15.87512398 -40.44915771 15.62077522
v -15.85580063 -40.39992142 15.59282017
v -15.83729362 -40.35276794 15.56099129
v -15.81970787 -40.30795670 15.52546501
v -15.80314064 -40.26574707 15.48644161
v -15.78768539 -40.22636795 15.44413853
v -15.77342892 -40.19004059 15.39879227
v -15.76044941 -40.15697098 15.35065651
v -15.74882126 -40.12734222 15.30000019
v -15.73860836 -40.10131836 15.24710751
v -15.72986794 -40.07904816 15.19227314
v -15.72264862 -40.06065750 15.13580418
v -15.71699238 -40.04624176 15.07801723
v -15.71292877 -40.03588867 15.01923370
v -15.71048164 -40.02965164 14.95978451
v -18.97816849 -39.40857315 15.69776344
v -18.95237350 -39.35501099 15.69106483
v -18.92686844 -39.30204773 15.67994213
v -18.90179634 -39.24998474 15.66445827
v -18.87729454 -39.19910812 15.64469910
v -18.85350418 -39.14970398 15.62077522
v -18.83055496 -39.10204697 15.59282017
v -18.80857468 -39.05640793 15.56099129
v -18.78768921 -39.01303864 15.52546501
v -18.76801491 -38.97218323 15.48644161
v -18.74966049 -38.93407059 15.44413853
v -18.73272896 -38.89891052 15.39879227
v -18.71731377 -38.86690521 15.35065651
v -18.70350456 -38.83822632 15.30000019
v -18.69137573 -38.81304169 15.24710751
v -18.68099403 -38.79148483 15.19227314
v -18.67242241 -38.77368164 15.13580418
v -18.66570282 -38.75973129 15.07801723
v -18.66087723 -38.74971008 15.01923370
v -18.65797043 -38.74367523 14.95978451
v -21.87010765 -37.88013840 15.69776344
v -21.84038353 -37.82865143 15.69106483
v -21.81099129 -37.77774429 15.67994213
v -21.78209877 -37.72769928 15.66445827
v -21.75386429 -37.67879868 15.64469910
v -21.72644615 -37.63130951 15.62077522
v -21.70000076 -37.58550262 15.59282017
v -21.67467117 -37.54163361 15.56099129
v -21.65060425 -37.49994659 15.52546501
v -21.62793159 -37.46067429 15.48644161
v -21.60677910 -37.42403793 15.44413853
v -21.58726692 -37.39024353 15.39879227
v -21.56950378 -37.35947800 15.35065651
v -21.55359077 -37.33191299 15.30000019
v -21.53961182 -37.30770493 15.24710751
v -21.52765083 -37.28698349 15.19227314
v -21.51777077 -37.26987076 15.13580418
v -21.51002884 -37.25646210 15.07801723
v -21.50446701 -37.24682999 15.01923370
v -21.50111771 -37.24102783 14.95978451
v -24.63974190 -36.13986206 15.69776344
v -24.60625267 -36.09074402 15.69106483
v -24.57313728 -36.04217529 15.67994213
v -24.54058456 -35.99442673 15.66445827
v -24.50877571 -35.94777298 15.64469910
v -24.47788620 -35.90246582 15.62077522
v -24.44808960 -35.85876465 15.59282017
v -24.41955566 -35.81690979 15.56099129
v -24.39243889 -35.77713776 15.52546501
v -24.36689377 -35.73966980 15.48644161
v -24.34306335 -35.70471573 15.44413853
v -24.32108116 -35.67247391 15.39879227
v -24.30106926 -35.64312363 15.35065651
v -24.28313828 -35.61682510 15.30000019
v -24.26739120 -35.59372711 15.24710751
v -24.25391388 -35.57395935 15.19227314
v -24.24278450 -35.55763245 15.13580418
v -24.23406219 -35.54483795 15.07801723
v -24.22779655 -35.53564835 15.01923370
v -24.22402191 -35.53011703 14.95978451
v -27.27157784 -34.19747925 15.69776344
v -27.23451233 -34.15099716 15.69106483
v -27.19786263 -34.10504150 15.67994213
v -27.16183090 -34.05986023 15.66445827
v -27.12662506 -34.01571274 15.64469910
v -27.09243584 -33.97283936 15.62077522
v -27.05945778 -33.93148804 15.59282017
v -27.02787399 -33.89188004 15.56099129
v -26.99786186 -33.85424805 15.52546501
v -26.96958923 -33.81879425 15.48644161
v -26.94321251 -33.78572083 15.44413853
v -26.91888237 -33.75521088 15.39879227
v -26.89673233 -33.72743607 15.35065651
v -26.87688637 -33.70254898 15.30000019
v -26.85945702 -33.68069458 15.24710751
v -26.84454155 -33.66199112 15.19227314
v -26.83222198 -33.64654160 15.13580418
v -26.82256699 -33.63443375 15.07801723
v -26.81563187 -33.62574005 15.01923370
v -26.81145668 -33.62050247 14.95978451
v -29.75090218 -32.06384659 15.69776344
v -29.71046638 -32.02026749 15.69106483
v -29.67048454 -31.97717667 15.67994213
v -29.63117790 -31.93481445 15.66445827
v -29.59276962 -31.89342117 15.64469910
v -29.55547333 -31.85322380 15.62077522
v -29.51949692 -31.81445122 15.59282017
v -29.48504257 -31.77731705 15.56099129
v -29.45230103 -31.74203110 15.52546501
v -29.42145729 -31.70878983 15.48644161
v -29.39268494 -31.67778015 15.44413853
v -29.36614227 -31.64917374 15.39879227
v -29.34197807 -31.62313080 15.35065651
v -29.32032776 -31.59979820 15.30000019
v -29.30131340 -31.57930565 15.24710751
v -29.28504181 -31.56176949 15.19227314
v -29.27160263 -31.54728508 15.13580418
v -29.26107025 -31.53593445 15.07801723
v -29.25350571 -31.52778053 15.01923370
v -29.24894905 -31.52287102 14.95978451
v -32.06384659 -29.75090218 15.69776344
v -32.02026749 -29.71046638 15.69106483
v -31.97717667 -29.67048454 15.67994213
v -31.93481445 -29.63117790 15.66445827
v -31.89342117 -29.59276962 15.64469910
v -31.85322380 -29.55547333 15.62077522
v -31.81445122 -29.51949692 15.59282017
v -31.77731705 -29.48504257 15.56099129
v -31.74203110 -29.45230103 15.52546501
v -31.70878983 -29.42145729 15.48644161
v -31.67778015 -29.39268494 15.44413853
v -31.64917374 -29.36614227 15.39879227
v -31.62313080 -29.34197807 15.35065651
v -31.59979820 -29.32032776 15.30000019
v -31.57930565 -29.30131340 15.24710751
v -31.56176949 -29.28504181 15.19227314
v -31.54728508 -29.27160263 15.13580418
v -31.53593445 -29.26107025 15.07801723
v -31.52778053 -29.25350571 15.01923370
v -31.52287102 -29.24894905 14.95978451
v -34.19747925 -27.27157784 15.69776344
v -34.15099716 -27.23451233 15.69106483
v -34.10504150 -27.19786263 15.67994213
v -34.05986023 -27.16183090 15.66445827
v -34.01571274 -27.12662506 15.64469910
v -33.97283936 -27.09243584 15.62077522
v -33.93148804 -27.05945778 15.59282017
v -33.89188004 -27.02787399 15.56099129
v -33.85424805 -26.99786186 15.52546501
v -33.81879425 -26.96958923 15.48644161
v -33.78572083 -26.94321251 15.44413853
v -33.75521088 -26.91888237 15.39879227
v -33.72743607 -26.89673233 15.35065651
v -33.70254898 -26.87688637 15.30000019
v -33.68069458 -26.85945702 15.24710751
v -33.66199112 -26.84454155 15.19227314
v -33.64654160 -26.83222198 15.13580418
v -33.63443375 -26.82256699 15.07801723
v -33.62574005 -26.81563187 15.01923370
v -33.62050247 -26.81145668 14.95978451
v -36.13986206 -24.63974190 15.69776344
v -36.09074402 -24.60625267 15.69106483
v -36.04217529 -24.57313728 15.67994213
v -35.99442673 -24.54058456 15.66445827
v -35.94777298 -24.50877571 15.64469910
v -35.90246582 -24.47788620 15.62077522
v -35.85876465 -24.44808960 15.59282017
v -35.81690979 -24.41955566 15.56099129
v -35.77713776 -24.39243889 15.52546501
v -35.73966980 -24.36689377 15.48644161
v -35.70471573 -24.34306335 15.44413853
v -35.67247391 -24.32108116 15.39879227
v -35.64312363 -24.30106926 15.35065651
v -35.61682510 -24.28313828 15.30000019
v -35.59372711 -24.26739120 15.24710751
v -35.57395935 -24.25391388 15.19227314
v -35.55763245 -24.24278450 15.13580418
v -35.54483795 -24.23406219 15.07801723
v -35.53564835 -24.22779655 15.01923370
v -35.53011703 -24.22402191 14.95978451
v -37.88013840 -21.87010765 15.69776344
v -37.82865143 -21.84038353 15.69106483
v -37.77774429 -21.81099129 15.67994213
v -37.72769928 -21.78209877 15.66445827
v -37.67879868 -21.75386429 15.64469910
v -37.63130951 -21.72644615 15.62077522
v -37.58550262 -21.70000076 15.59282017
v -37.54163361 -21.67467117 15.56099129
v -37.49994659 -21.65060425 15.52546501
v -37.46067429 -21.62793159 15.48644161
v -37.42403793 -21.60677910 15.44413853
v -37.39024353 -21.58726692 15.39879227
v -37.35947800 -21.56950378 15.35065651
v -37.33191299 -21.55359077 15.30000019
v -37.30770493 -21.53961182 15.24710751
v -37.28698349 -21.52765083 15.19227314
v -37.26987076 -21.51777077 15.13580418
v -37.25646210 -21.51002884 15.07801723
v -37.24682999 -21.50446701 15.01923370
v -37.24102783 -21.50111771 14.95978451
v -39.40857315 -18.97816849 15.69776344
v -39.35501099 -18.95237350 15.69106483
v -39.30204773 -18.92686844 15.67994213
v -39.24998474 -18.90179634 15.66445827
v -39.19910812 -18.87729454 15.64469910
v -39.14970398 -18.85350418 15.62077522
v -39.10204697 -18.83055496 15.59282017
v -39.05640793 -18.80857468 15.56099129
v -39.01303864 -18.78768921 15.52546501
v -38.97218323 -18.76801491 15.48644161
v -38.93407059 -18.74966049 15.44413853
v -38.89891052 -18.73272896 15.39879227
v -38.86690521 -18.71731377 15.35065651
v -38.83822632 -18.70350456 15.30000019
v -38.81304169 -18.69137573 15.24710751
v -38.79148483 -18.68099403 15.19227314
v -38.77368164 -18.67242241 15.13580418
v -38.75973129 -18.66570282 15.07801723
v -38.74971008 -18.66087723 15.01923370
v -38.74367523 -18.65797043 14.95978451
v -40.71661758 -15.98009491 15.69776344
v -40.66127777 -15.95837593 15.69106483
v -40.60655975 -15.93690014 15.67994213
v -40.55276489 -15.91578770 15.66445827
v -40.50020218 -15.89515781 15.64469910
v -40.44915771 -15.87512398 15.62077522
v -40.39992142 -15.85580063 15.59282017
v -40.35276794 -15.83729362 15.56099129
v -40.30795670 -15.81970787 15.52546501
v -40.26574707 -15.80314064 15.48644161
v -40.22636795 -15.78768539 15.44413853
v -40.19004059 -15.77342892 15.39879227
v -40.15697098 -15.76044941 15.35065651
v -40.12734222 -15.74882126 15.30000019
v -40.10131836 -15.73860836 15.24710751
v -40.07904816 -15.72986794 15.19227314
v -40.06065750 -15.72264862 15.13580418
v -40.04624176 -15.71699238 15.07801723
v -40.03588867 -15.71292877 15.01923370
v -40.02965164 -15.71048164 14.95978451
v -41.79696274 -12.89265537 15.69776344
v -41.74015045 -12.87513161 15.69106483
v -41.68397903 -12.85780525 15.67994213
v -41.62876129 -12.84077168 15.66445827
v -41.57480240 -12.82412815 15.64469910
v -41.52240372 -12.80796528 15.62077522
v -41.47185898 -12.79237461 15.59282017
v -41.42345428 -12.77744389 15.56099129
v -41.37745667 -12.76325512 15.52546501
v -41.33412552 -12.74988937 15.48644161
v -41.29370117 -12.73742008 15.44413853
v -41.25641251 -12.72591782 15.39879227
v -41.22246552 -12.71544647 15.35065651
v -41.19204712 -12.70606422 15.30000019
v -41.16533661 -12.69782448 15.24710751
v -41.14247513 -12.69077301 15.19227314
v -41.12359238 -12.68494892 15.13580418
v -41.10879898 -12.68038464 15.07801723
v -41.09816742 -12.67710590 15.01923370
v -41.09176636 -12.67513180 14.95978451
v -42.64355850 -9.73311329 15.69776344
v -42.58559799 -9.71988487 15.69106483
v -42.52828979 -9.70680428 15.67994213
v -42.47195053 -9.69394588 15.66445827
v -42.41689682 -9.68138027 15.64469910
v -42.36343765 -9.66917801 15.62077522
v -42.31187057 -9.65740871 15.59282017
v -42.26248550 -9.64613628 15.56099129
v -42.21555710 -9.63542557 15.52546501
v -42.17134857 -9.62533474 15.48644161
v -42.13010406 -9.61592102 15.44413853
v -42.09206009 -9.60723782 15.39879227
v -42.05742264 -9.59933281 15.35065651
v -42.02639389 -9.59224987 15.30000019
v -41.99913788 -9.58602905 15.24710751
v -41.97581482 -9.58070564 15.19227314
v -41.95655060 -9.57630920 15.13580418
v -41.94145584 -9.57286358 15.07801723
v -41.93061066 -9.57038879 15.01923370
v -41.92407990 -9.56889820 14.95978451
v -43.25167465 -6.51914072 15.69776344
v -43.19288635 -6.51028061 15.69106483
v -43.13476181 -6.50151920 15.67994213
v -43.07762146 -6.49290657 15.66445827
v -43.02178192 -6.48449039 15.64469910
v -42.96755981 -6.47631788 15.62077522
v -42.91525650 -6.46843433 15.59282017
v -42.86516571 -6.46088457 15.56099129
v -42.81756973 -6.45371008 15.52546501
v -42.77272797 -6.44695187 15.48644161
v -42.73089981 -6.44064665 15.44413853
v -42.69231033 -6.43483067 15.39879227
v -42.65718079 -6.42953587 15.35065651
v -42.62570953 -6.42479181 15.30000019
v -42.59806442 -6.42062521 15.24710751
v -42.57440948 -6.41705942 15.19227314
v -42.55487061 -6.41411448 15.13580418
v -42.53955841 -6.41180706 15.07801723
v -42.52856064 -6.41014910 15.01923370
v -42.52193832 -6.40915108 14.95978451
v -43.61790848 -3.26871037 15.69776344
v -43.55862427 -3.26426768 15.69106483
v -43.50000763 -3.25987482 15.67994213
v -43.44238281 -3.25555634 15.66445827
v -43.38607025 -3.25133657 15.64469910
v -43.33139038 -3.24723887 15.62077522
v -43.27864456 -3.24328613 15.59282017
v -43.22813034 -3.23950052 15.56099129
v -43.18013000 -3.23590326 15.52546501
v -43.13491058 -3.23251462 15.48644161
v -43.09272385 -3.22935319 15.44413853
v -43.05381012 -3.22643709 15.39879227
v -43.01838303 -3.22378206 15.35065651
v -42.98664474 -3.22140360 15.30000019
v -42.95876694 -3.21931458 15.24710751
v -42.93490982 -3.21752667 15.19227314
v -42.91520691 -3.21605015 15.13580418
v -42.89976501 -3.21489286 15.07801723
v -42.88867188 -3.21406174 15.01923370
v -42.88199234 -3.21356130 14.95978451
v -43.74021530 0.00000000 15.69776344
v -43.68076706 0.00000000 15.69106483
v -43.62198257 0.00000000 15.67994213
v -43.56419754 0.00000000 15.66445827
v -43.50772858 0.00000000 15.64469910
v -43.45289230 0.00000000 15.62077522
v -43.40000153 0.00000000 15.59282017
v -43.34934235 0.00000000 15.56099129
v -43.30120850 0.00000000 15.52546501
v -43.25586319 0.00000000 15.48644161
v -43.21355820 0.00000000 15.44413853
v -43.17453384 0.00000000 15.39879227
v -43.13900757 0.00000000 15.35065651
v -43.10718155 0.00000000 15.30000019
v -43.07922363 0.00000000 15.24710751
v -43.05530167 0.00000000 15.19227314
v -43.03554153 0.00000000 15.13580418
v -43.02005768 0.00000000 15.07801723
v -43.00893402 0.00000000 15.01923370
v -43.00223541 0.00000000 14.95978451
v -43.61790848 3.26871037 15.69776344
v -43.55862427 3.26426768 15.69106483
v -43.50000763 3.25987482 15.67994213
v -43.44238281 3.25555634 15.66445827
v -43.38607025 3.25133657 15.64469910
v -43.33139038 3.24723887 15.62077522
v -43.27864456 3.24328613 15.59282017
v -43.22813034 3.23950052 15.56099129
v -43.18013000 3.23590326 15.52546501
v -43.13491058 3.23251462 15.48644161
v -43.09272385 3.22935319 15.44413853
v -43.05381012 3.22643709 15.39879227
v -43.01838303 3.22378206 15.35065651
v -42.98664474 3.22140360 15.30000019
v -42.95876694 3.21931458 15.24710751
v -42.93490982 3.21752667 15.19227314
v -42.91520691 3.21605015 15.13580418
v -42.89976501 3.21489286 15.07801723
v -42.88867188 3.21406174 15.01923370
v -42.88199234 3.21356130 14.95978451
v -43.25167465 6.51914072 15.69776344
v -43.19288635 6.51028061 15.69106483
v -43.13476181 6.50151920 15.67994213
v -43.07762146 6.49290657 15.66445827
v -43.02178192 6.48449039 15.64469910
v -42.96755981 6.47631788 15.62077522
v -42.91525650 6.46843433 15.59282017
v -42.86516571 6.46088457 15.56099129
v -42.81756973 6.45371008 15.52546501
v -42.77272797 6.44695187 15.48644161
v -42.73089981 6.44064665 15.44413853
v -42.69231033 6.43483067 15.39879227
v -42.65718079 6.42953587 15.35065651
v -42.62570953 6.42479181 15.30000019
v -42.59806442 6.42062521 15.24710751
v -42.57440948 6.41705942 15.19227314
v -42.55487061 6.41411448 15.13580418
v -42.53955841 6.41180706 15.07801723
v -42.52856064 6.41014910 15.01923370
v -42.52193832 6.40915108 14.95978451
v -42.64355850 9.73311329 15.69776344
v -42.58559799 9.71988487 15.69106483
v -42.52828979 9.70680428 15.67994213
v -42.47195053 9.69394588 15.66445827
v -42.41689682 9.68138027 15.64469910
v -42.36343765 9.66917801 15.62077522
v -42.31187057 9.65740871 15.59282017
v -42.26248550 9.64613628 15.56099129
v -42.21555710 9.63542557 15.52546501
v -42.17134857 9.62533474 15.48644161
v -42.13010406 9.61592102 15.44413853
v -42.09206009 9.60723782 15.39879227
v -42.05742264 9.59933281 15.35065651
v -42.02639389 9.59224987 15.30000019
v -41.99913788 9.58602905 15.24710751
v -41.97581482 9.58070564 15.19227314
v -41.95655060 9.57630920 15.13580418
v -41.94145584 9.57286358 15.07801723
v -41.93061066 9.57038879 15.01923370
v -41.92407990 9.56889820 14.95978451
v -41.79696274 12.89265537 15.69776344
v -41.74015045 12.87513161 15.69106483
v -41.68397903 12.85780525 15.67994213
v -41.62876129 12.84077168 15.66445827
v -41.57480240 12.82412815 15.64469910
v -41.52240372 12.80796528 15.62077522
v -41.47185898 12.79237461 15.59282017
v -41.42345428 12.77744389 15.56099129
v -41.37745667 12.76325512 15.52546501
v -41.33412552 12.74988937 15.48644161
v -41.29370117 12.73742008 15.44413853
v -41.25641251 12.72591782 15.39879227
v -41.22246552 12.71544647 15.35065651
v -41.19204712 12.70606422 15.30000019
v -41.16533661 12.69782448 15.24710751
v -41.14247513 12.69077301 15.19227314
v -41.12359238 12.68494892 15.13580418
v -41.10879898 12.68038464 15.07801723
v -41.09816742 12.67710590 15.01923370
v -41.09176636 12.67513180 14.95978451
v -40.71661758 15.98009491 15.69776344
v -40.66127777 15.95837593 15.69106483
v -40.60655975 15.93690014 15.67994213
v -40.55276489 15.91578770 15.66445827
v -40.50020218 15.89515781 15.64469910
v -40.44915771 15.87512398 15.62077522
v -40.39992142 15.85580063 15.59282017
v -40.35276794 15.83729362 15.56099129
v -40.30795670 15.81970787 15.52546501
v -40.26574707 15.80314064 15.48644161
v -40.22636795 15.78768539 15.44413853
v -40.19004059 15.77342892 15.39879227
v -40.15697098 15.76044941 15.35065651
v -40.12734222 15.74882126 15.30000019
v -40.10131836 15.73860836 15.24710751
v -40.07904816 15.72986794 15.19227314
v -40.06065750 15.72264862 15.13580418
v -40.04624176 15.71699238 15.07801723
v -40.03588867 15.71292877 15.01923370
v -40.02965164 15.71048164 14.95978451
v -39.40857315 18.97816849 15.69776344
v -39.35501099 18.95237350 15.69106483
v -39.30204773 18.92686844 15.67994213
v -39.24998474 18.90179634 15.66445827
v -39.19910812 18.87729454 15.64469910
v -39.14970398 18.85350418 15.62077522
v -39.10204697 18.83055496 15.59282017
v -39.05640793 18.80857468 15.56099129
v -39.01303864 18.78768921 15.52546501
v -38.97218323 18.76801491 15.48644161
v -38.93407059 18.74966049 15.44413853
v -38.89891052 18.73272896 15.39879227
v -38.86690521 18.71731377 15.35065651
v -38.83822632 18.70350456 15.30000019
v -38.81304169 18.69137573 15.24710751
v -38.79148483 18.68099403 15.19227314
v -38.77368164 18.67242241 15.13580418
v -38.75973129 18.66570282 15.07801723
v -38.74971008 18.66087723 15.01923370
v -38.74367523 18.65797043 14.95978451
v -37.88013840 21.87010765 15.69776344
v -37.82865143 21.84038353 15.69106483
v -37.77774429 21.81099129 15.67994213
v -37.72769928 21.78209877 15.66445827
v -37.67879868 21.75386429 15.64469910
v -37.63130951 21.72644615 15.62077522
v -37.58550262 21.70000076 15.59282017
v -37.54163361 21.67467117 15.56099129
v -37.49994659 21.65060425 15.52546501
v -37.46067429 21.62793159 15.48644161
v -37.42403793 21.60677910 15.44413853
v -37.39024353 21.58726692 15.39879227
v -37.35947800 21.56950378 15.35065651
v -37.33191299 21.55359077 15.30000019
v -37.30770493 21.53961182 15.24710751
v -37.28698349 21.52765083 15.19227314
v -37.26987076 21.51777077 15.13580418
v -37.25646210 21.51002884 15.07801723
v -37.24682999 21.50446701 15.01923370
v -37.24102783 21.50111771 14.95978451
v -36.13986206 24.63974190 15.69776344
v -36.09074402 24.60625267 15.69106483
v -36.04217529 24.57313728 15.67994213
v -35.99442673 24.54058456 15.66445827
v -35.94777298 24.50877571 15.64469910
v -35.90246582 24.47788620 15.62077522
v -35.85876465 24.44808960 15.59282017
v -35.81690979 24.41955566 15.56099129
v -35.77713776 24.39243889 15.52546501
v -35.73966980 24.36689377 15.48644161
v -35.70471573 24.34306335 15.44413853
v -35.67247391 24.32108116 15.39879227
v -35.64312363 24.30106926 15.35065651
v -35.61682510 24.28313828 15.30000019
v -35.59372711 24.26739120 15.24710751
v -35.57395935 24.25391388 15.19227314
v -35.55763245 24.24278450 15.13580418
v -35.54483795 24.23406219 15.07801723
v -35.53564835 24.22779655 15.01923370
v -35.53011703 24.22402191 14.95978451
v -34.19747925 27.27157784 15.69776344
v -34.15099716 27.23451233 15.69106483
v -34.10504150 27.19786263 15.67994213
v -34.05986023 27.16183090 15.66445827
v -34.01571274 27.12662506 15.64469910
v -33.97283936 27.09243584 15.62077522
v -33.93148804 27.05945778 15.59282017
v -33.89188004 27.02787399 15.56099129
v -33.85424805 26.99786186 15.52546501
v -33.81879425 26.96958923 15.48644161
v -33.78572083 26.94321251 15.44413853
v -33.75521088 26.91888237 15.39879227
v -33.72743607 26.89673233 15.35065651
v -33.70254898 26.87688637 15.30000019
v -33.68069458 26.85945702 15.24710751
v -33.66199112 26.84454155 15.19227314
v -33.64654160 26.83222198 15.13580418
v -33.63443375 26.82256699 15.07801723
v -33.62574005 26.81563187 15.01923370
v -33.62050247 26.81145668 14.95978451
v -32.06384659 29.75090218 15.69776344
v -32.02026749 29.71046638 15.69106483
v -31.97717667 29.67048454 15.67994213
v -31.93481445 29.63117790 15.66445827
v -31.89342117 29.59276962 15.64469910
v -31.85322380 29.55547333 15.62077522
v -31.81445122 29.51949692 15.59282017
v -31.77731705 29.48504257 15.56099129
v -31.74203110 29.45230103 15.52546501
v -31.70878983 29.42145729 15.48644161
v -31.67778015 29.39268494 15.44413853
v -31.64917374 29.36614227 15.39879227
v -31.62313080 29.34197807 15.35065651
v -31.59979820 29.32032776 15.30000019
v -31.57930565 29.30131340 15.24710751
v -31.56176949 29.28504181 15.19227314
v -31.54728508 29.27160263 15.13580418
v -31.53593445 29.26107025 15.07801723
v -31.52778053 29.25350571 15.01923370
v -31.52287102 29.24894905 14.95978451
v -29.75090218 32.06384659 15.69776344
v -29.71046638 32.02026749 15.69106483
v -29.67048454 31.97717667 15.67994213
v -29.63117790 31.93481445 15.66445827
v -29.59276962 31.89342117 15.64469910
v -29.55547333 31.85322380 15.62077522
v -29.51949692 31.81445122 15.59282017
v -29.48504257 31.77731705 15.56099129
v -29.45230103 31.74203110 15.52546501
v -29.42145729 31.70878983 15.48644161
v -29.39268494 31.67778015 15.44413853
v -29.36614227 31.64917374 15.39879227
v -29.34197807 31.62313080 15.35065651
v -29.32032776 31.59979820 15.30000019
v -29.30131340 31.57930565 15.24710751
v -29.28504181 31.56176949 15.19227314
v -29.27160263 31.54728508 15.13580418
v -29.26107025 31.53593445 15.07801723
v -29.25350571 31.52778053 15.01923370
v -29.24894905 31.52287102 14.95978451
v -27.27157784 34.19747925 15.69776344
v -27.23451233 34.15099716 15.69106483
v -27.19786263 34.10504150 15.67994213
v -27.16183090 34.05986023 15.66445827
v -27.12662506 34.01571274 15.64469910
v -27.09243584 33.97283936 15.62077522
v -27.05945778 33.93148804 15.59282017
v -27.02787399 33.89188004 15.56099129
v -26.99786186 33.85424805 15.52546501
v -26.96958923 33.81879425 15.48644161
v -26.94321251 33.78572083 15.44413853
v -26.91888237 33.75521088 15.39879227
v -26.89673233 33.72743607 15.35065651
v -26.87688637 33.70254898 15.30000019
v -26.85945702 33.68069458 15.24710751
v -26.84454155 33.66199112 15.19227314
v -26.83222198 33.64654160 15.13580418
v -26.82256699 33.63443375 15.07801723
v -26.81563187 33.62574005 15.01923370
v -26.81145668 33.62050247 14.95978451
v -24.63974190 36.13986206 15.69776344
v -24.60625267 36.09074402 15.69106483
v -24.57313728 36.04217529 15.67994213
v -24.54058456 35.99442673 15.66445827
v -24.50877571 35.94777298 15.64469910
v -24.47788620 35.90246582 15.62077522
v -24.44808960 35.85876465 15.59282017
v -24.41955566 35.81690979 15.56099129
v -24.39243889 35.77713776 15.52546501
v -24.36689377 35.73966980 15.48644161
v -24.34306335 35.70471573 15.44413853
v -24.32108116 35.67247391 15.39879227
v -24.30106926 35.64312363 15.35065651
v -24.28313828 35.61682510 15.30000019
v -24.26739120 35.59372711 15.24710751
v -24.25391388 35.57395935 15.19227314
v -24.24278450 35.55763245 15.13580418
v -24.23406219 35.54483795 15.07801723
v -24.22779655 35.53564835 15.01923370
v -24.22402191 35.53011703 14.95978451
v -21.87010765 37.88013840 15.69776344
v -21.84038353 37.82865143 15.69106483
v -21.81099129 37.77774429 15.67994213
v -21.78209877 37.72769928 15.66445827
v -21.75386429 37.67879868 15.64469910
v -21.72644615 37.63130951 15.62077522
v -21.70000076 37.58550262 15.59282017
v -21.67467117 37.54163361 15.56099129
v -21.65060425 37.49994659 15.52546501
v -21.62793159 37.46067429 15.48644161
v -21.60677910 37.42403793 15.44413853
v -21.58726692 37.39024353 15.39879227
v -21.56950378 37.35947800 15.35065651
v -21.55359077 37.33191299 15.30000019
v -21.53961182 37.30770493 15.24710751
v -21.52765083 37.28698349 15.19227314
v -21.51777077 37.26987076 15.13580418
v -21.51002884 37.25646210 15.07801723
v -21.50446701 37.24682999 15.01923370
v -21.50111771 37.24102783 14.95978451
v -18.97816849 39.40857315 15.69776344
v -18.95237350 39.35501099 15.69106483
v -18.92686844 39.30204773 15.67994213
v -18.90179634 39.24998474 15.66445827
v -18.87729454 39.19910812 15.64469910
v -18.85350418 39.14970398 15.62077522
v -18.83055496 39.10204697 15.59282017
v -18.80857468 39.05640793 15.56099129
v -18.78768921 39.01303864 15.52546501
v -18.76801491 38.97218323 15.48644161
v -18.74966049 38.93407059 15.44413853
v -18.73272896 38.89891052 15.39879227
v -18.71731377 38.86690521 15.35065651
v -18.70350456 38.83822632 15.30000019
v -18.69137573 38.81304169 15.24710751
v -18.68099403 38.79148483 15.19227314
v -18.67242241 38.77368164 15.13580418
v -18.66570282 38.75973129 15.07801723
v -18.66087723 38.74971008 15.01923370
v -18.65797043 38.74367523 14.95978451
v -15.98009491 40.71661758 15.69776344
v -15.95837593 40.66127777 15.69106483
v -15.93690014 40.60655975 15.67994213
v -15.91578770 40.55276489 15.66445827
v -15.89515781 40.50020218 15.64469910
v -15.87512398 40.44915771 15.62077522
v -15.85580063 40.39992142 15.59282017
v -15.83729362 40.35276794 15.56099129
v -15.81970787 40.30795670 15.52546501
v -15.80314064 40.26574707 15.48644161
v -15.78768539 40.22636795 15.44413853
v -15.77342892 40.19004059 15.39879227
v -15.76044941 40.15697098 15.35065651
v -15.74882126 40.12734222 15.30000019
v -15.73860836 40.10131836 15.24710751
v -15.72986794 40.07904816 15.19227314
v -15.72264862 40.06065750 15.13580418
v -15.71699238 40.04624176 15.07801723
v -15.71292877 40.03588867 15.01923370
v -15.71048164 40.02965164 14.95978451
v -12.89265537 41.79696274 15.69776344
v -12.87513161 41.74015045 15.69106483
v -12.85780525 41.68397903 15.67994213
v -12.84077168 41.62876129 15.66445827
v -12.82412815 41.57480240 15.64469910
v -12.80796528 41.52240372 15.62077522
v -12.79237461 41.47185898 15.59282017
v -12.77744389 41.42345428 15.56099129
v -12.76325512 41.37745667 15.52546501
v -12.74988937 41.33412552 15.48644161
v -12.73742008 41.29370117 15.44413853
v -12.72591782 41.25641251 15.39879227
v -12.71544647 41.22246552 15.35065651
v -12.70606422 41.19204712 15.30000019
v -12.69782448 41.16533661 15.24710751
v -12.69077301 41.14247513 15.19227314
v -12.68494892 41.12359238 15.13580418
v -12.68038464 41.10879898 15.07801723
v -12.67710590 41.09816742 15.01923370
v -12.67513180 41.09176636 14.95978451
v -9.73311329 42.64355850 15.69776344
v -9.71988487 42.58559799 15.69106483
v -9.70680428 42.52828979 15.67994213
v -9.69394588 42.47195053 15.66445827
v -9.68138027 42.41689682 15.64469910
v -9.66917801 42.36343765 15.62077522
v -9.65740871 42.31187057 15.59282017
v -9.64613628 42.26248550 15.56099129
v -9.63542557 42.21555710 15.52546501
v -9.62533474 42.17134857 15.48644161
v -9.61592102 42.13010406 15.44413853
v -9.60723782 42.09206009 15.39879227
v -9.59933281 42.05742264 15.35065651
v -9.59224987 42.02639389 15.30000019
v -9.58602905 41.99913788 15.24710751
v -9.58070564 41.97581482 15.19227314
v -9.57630920 41.95655060 15.13580418
v -9.57286358 41.94145584 15.07801723
v -9.57038879 41.93061066 15.01923370
v -9.56889820 41.92407990 14.95978451
v -6.51914072 43.25167465 15.69776344
v -6.51028061 43.19288635 15.69106483
v -6.50151920 43.13476181 15.67994213
v -6.49290657 43.07762146 15.66445827
v -6.48449039 43.02178192 15.64469910
v -6.47631788 42.96755981 15.62077522
v -6.46843433 42.91525650 15.59282017
v -6.46088457 42.86516571 15.56099129
v -6.45371008 42.81756973 15.52546501
v -6.44695187 42.77272797 15.48644161
v -6.44064665 42.73089981 15.44413853
v -6.43483067 42.69231033 15.39879227
v -6.42953587 42.65718079 15.35065651
v -6.42479181 42.62570953 15.30000019
v -6.42062521 42.59806442 15.24710751
v -6.41705942 42.57440948 15.19227314
v -6.41411448 42.55487061 15.13580418
v -6.41180706 42.53955841 15.07801723
v -6.41014910 42.52856064 15.01923370
v -6.40915108 42.52193832 14.95978451
v -3.26871037 43.61790848 15.69776344
v -3.26426768 43.55862427 15.69106483
v -3.25987482 43.50000763 15.67994213
v -3.25555634 43.44238281 15.66445827
v -3.25133657 43.38607025 15.64469910
v -3.24723887 43.33139038 15.62077522
v -3.24328613 43.27864456 15.59282017
v -3.23950052 43.22813034 15.56099129
v -3.23590326 43.18013000 15.52546501
v -3.23251462 43.13491058 15.48644161
v -3.22935319 43.09272385 15.44413853
v -3.22643709 43.05381012 15.39879227
v -3.22378206 43.01838303 15.35065651
v -3.22140360 42.98664474 15.30000019
v -3.21931458 42.95876694 15.24710751
v -3.21752667 42.93490982 15.19227314
v -3.21605015 42.91520691 15.13580418
v -3.21489286 42.89976501 15.07801723
v -3.21406174 42.88867188 15.01923370
v -3.21356130 42.88199234 14.95978451
v 0.00000000 43.74021530 15.69776344
v 0.00000000 43.68076706 15.69106483
v 0.00000000 43.62198257 15.67994213
v 0.00000000 43.56419754 15.66445827
v 0.00000000 43.50772858 15.64469910
v 0.00000000 43.45289230 15.62077522
v 0.00000000 43.40000153 15.59282017
v 0.00000000 43.34934235 15.56099129
v 0.00000000 43.30120850 15.52546501
v 0.00000000 43.25586319 15.48644161
v 0.00000000 43.21355820 15.44413853
v 0.00000000 43.17453384 15.39879227
v 0.00000000 43.13900757 15.35065651
v 0.00000000 43.10718155 15.30000019
v 0.00000000 43.07922363 15.24710751
v 0.00000000 43.05530167 15.19227314
v 0.00000000 43.03554153 15.13580418
v 0.00000000 43.02005768 15.07801723
v 0.00000000 43.00893402 15.01923370
v 0.00000000 43.00223541 14.95978451
v 3.26871037 43.61790848 15.69776344
v 3.26426768 43.55862427 15.69106483
v 3.25987482 43.50000763 15.67994213
v 3.25555634 43.44238281 15.66445827
v 3.25133657 43.38607025 15.64469910
v 3.24723887 43.33139038 15.62077522
v 3.24328613 43.27864456 15.59282017
v 3.23950052 43.22813034 15.56099129
v 3.23590326 43.18013000 15.52546501
v 3.23251462 43.13491058 15.48644161
v 3.22935319 43.09272385 15.44413853
v 3.22643709 43.05381012 15.39879227
v 3.22378206 43.01838303 15.35065651
v 3.22140360 42.98664474 15.30000019
v 3.21931458 42.95876694 15.24710751
v 3.21752667 42.93490982 15.19227314
v 3.21605015 42.91520691 15.13580418
v 3.21489286 42.89976501 15.07801723
v 3.21406174 42.88867188 15.01923370
v 3.21356130 42.88199234 14.95978451
v 6.51914072 43.25167465 15.69776344
v 6.51028061 43.19288635 15.69106483
v 6.50151920 43.13476181 15.67994213
v 6.49290657 43.07762146 15.66445827
v 6.48449039 43.02178192 15.64469910
v 6.47631788 42.96755981 15.62077522
v 6.46843433 42.91525650 15.59282017
v 6.46088457 42.86516571 15.56099129
v 6.45371008 42.81756973 15.52546501
v 6.44695187 42.77272797 15.48644161
v 6.44064665 42.73089981 15.44413853
v 6.43483067 42.69231033 15.39879227
v 6.42953587 42.65718079 15.35065651
v 6.42479181 42.62570953 15.30000019
v 6.42062521 42.59806442 15.24710751
v 6.41705942 42.57440948 15.19227314
v 6.41411448 42.55487061 15.13580418
v 6.41180706 42.53955841 15.07801723
v 6.41014910 42.52856064 15.01923370
v 6.40915108 42.52193832 14.95978451
v 9.73311329 42.64355850 15.69776344
v 9.71988487 42.58559799 15.69106483
v 9.70680428 42.52828979 15.67994213
v 9.69394588 42.47195053 15.66445827
v 9.68138027 42.41689682 15.64469910
v 9.66917801 42.36343765 15.62077522
v 9.65740871 42.31187057 15.59282017
v 9.64613628 42.26248550 15.56099129
v 9.63542557 42.21555710 15.52546501
v 9.62533474 42.17134857 15.48644161
v 9.61592102 42.13010406 15.44413853
v 9.60723782 42.09206009 15.39879227
v 9.59933281 42.05742264 15.35065651
v 9.59224987 42.02639389 15.30000019
v 9.58602905 41.99913788 15.24710751
v 9.58070564 41.97581482 15.19227314
v 9.57630920 41.95655060 15.13580418
v 9.57286358 41.94145584 15.07801723
v 9.57038879 41.93061066 15.01923370
v 9.56889820 41.92407990 14.95978451
v 12.89265537 41.79696274 15.69776344
v 12.87513161 41.74015045 15.69106483
v 12.85780525 41.68397903 15.67994213
v 12.84077168 41.62876129 15.66445827
v 12.82412815 41.57480240 15.64469910
v 12.80796528 41.52240372 15.62077522
v 12.79237461 41.47185898 15.59282017
v 12.77744389 41.42345428 15.56099129
v 12.76325512 41.37745667 15.52546501
v 12.74988937 41.33412552 15.48644161
v 12.73742008 41.29370117 15.44413853
v 12.72591782 41.25641251 15.39879227
v 12.71544647 41.22246552 15.35065651
v 12.70606422 41.19204712 15.30000019
v 12.69782448 41.16533661 15.24710751
v 12.69077301 41.14247513 15.19227314
v 12.68494892 41.12359238 15.13580418
v 12.68038464 41.10879898 15.07801723
v 12.67710590 41.09816742 15.01923370
v 12.67513180 41.09176636 14.95978451
v 15.98009491 40.71661758 15.69776344
v 15.95837593 40.66127777 15.69106483
v 15.93690014 40.60655975 15.67994213
v 15.91578770 40.55276489 15.66445827
v 15.89515781 40.50020218 15.64469910
v 15.87512398 40.44915771 15.62077522
v 15.85580063 40.39992142 15.59282017
v 15.83729362 40.35276794 15.56099129
v 15.81970787 40.30795670 15.52546501
v 15.80314064 40.26574707 15.48644161
v 15.78768539 40.22636795 15.44413853
v 15.77342892 40.19004059 15.39879227
v 15.76044941 40.15697098 15.35065651
v 15.74882126 40.12734222 15.30000019
v 15.73860836 40.10131836 15.24710751
v 15.72986794 40.07904816 15.19227314
v 15.72264862 40.06065750 15.13580418
v 15.71699238 40.04624176 15.07801723
v 15.71292877 40.03588867 15.01923370
v 15.71048164 40.02965164 14.95978451
v 18.97816849 39.40857315 15.69776344
v 18.95237350 39.35501099 15.69106483
v 18.92686844 39.30204773 15.67994213
v 18.90179634 39.24998474 15.66445827
v 18.87729454 39.19910812 15.64469910
v 18.85350418 39.14970398 15.62077522
v 18.83055496 39.10204697 15.59282017
v 18.80857468 39.05640793 15.56099129
v 18.78768921 39.01303864 15.52546501
v 18.76801491 38.97218323 15.48644161
v 18.74966049 38.93407059 15.44413853
v 18.73272896 38.89891052 15.39879227
v 18.71731377 38.86690521 15.35065651
v 18.70350456 38.83822632 15.30000019
v 18.69137573 38.81304169 15.24710751
v 18.68099403 38.79148483 15.19227314
v 18.67242241 38.77368164 15.13580418
v 18.66570282 38.75973129 15.07801723
v 18.66087723 38.74971008 15.01923370
v 18.65797043 38.74367523 14.95978451
v 21.87010765 37.88013840 15.69776344
v 21.84038353 37.82865143 15.69106483
v 21.81099129 37.77774429 15.67994213
v 21.78209877 37.72769928 15.66445827
v 21.75386429 37.67879868 15.64469910
v 21.72644615 37.63130951 15.62077522
v 21.70000076 37.58550262 15.59282017
v 21.67467117 37.54163361 15.56099129
v 21.65060425 37.49994659 15.52546501
v 21.62793159 37.46067429 15.48644161
v 21.60677910 37.42403793 15.44413853
v 21.58726692 37.39024353 15.39879227
v 21.56950378 37.35947800 15.35065651
v 21.55359077 37.33191299 15.30000019
v 21.53961182 37.30770493 15.24710751
v 21.52765083 37.28698349 15.19227314
v 21.51777077 37.26987076 15.13580418
v 21.51002884 37.25646210 15.07801723
v 21.50446701 37.24682999 15.01923370
v 21.50111771 37.24102783 14.95978451
v 24.63974190 36.13986206 15.69776344
v 24.60625267 36.09074402 15.69106483
v 24.57313728 36.04217529 15.67994213
v 24.54058456 35.99442673 15.66445827
v 24.50877571 35.94777298 15.64469910
v 24.47788620 35.90246582 15.62077522
v 24.44808960 35.85876465 15.59282017
v 24.41955566 35.81690979 15.56099129
v 24.39243889 35.77713776 15.52546501
v 24.36689377 35.73966980 15.48644161
v 24.34306335 35.70471573 15.44413853
v 24.32108116 35.67247391 15.39879227
v 24.30106926 35.64312363 15.35065651
v 24.28313828 35.61682510 15.30000019
v 24.26739120 35.59372711 15.24710751
v 24.25391388 35.57395935 15.19227314
v 24.24278450 35.55763245 15.13580418
v 24.23406219 35.54483795 15.07801723
v 24.22779655 35.53564835 15.01923370
v 24.22402191 35.53011703 14.95978451
v 27.27157784 34.19747925 15.69776344
v 27.23451233 34.15099716 15.69106483
v 27.19786263 34.10504150 15.67994213
v 27.16183090 34.05986023 15.66445827
v 27.12662506 34.01571274 15.64469910
v 27.09243584 33.97283936 15.62077522
v 27.05945778 33.93148804 15.59282017
v 27.02787399 33.89188004 15.56099129
v 26.99786186 33.85424805 15.52546501
v 26.96958923 33.81879425 15.48644161
v 26.94321251 33.78572083 15.44413853
v 26.91888237 33.75521088 15.39879227
v 26.89673233 33.72743607 15.35065651
v 26.87688637 33.70254898 15.30000019
v 26.85945702 33.68069458 15.24710751
v 26.84454155 33.66199112 15.19227314
v 26.83222198 33.64654160 15.13580418
v 26.82256699 33.63443375 15.07801723
v 26.81563187 33.62574005 15.01923370
v 26.81145668 33.62050247 14.95978451
v 29.75090218 32.06384659 15.69776344
v 29.71046638 32.02026749 15.69106483
v 29.67048454 31.97717667 15.67994213
v 29.63117790 31.93481445 15.66445827
v 29.59276962 31.89342117 15.64469910
v 29.55547333 31.85322380 15.62077522
v 29.51949692 31.81445122 15.59282017
v 29.48504257 31.77731705 15.56099129
v 29.45230103 31.74203110 15.52546501
v 29.42145729 31.70878983 15.48644161
v 29.39268494 31.67778015 15.44413853
v 29.36614227 31.64917374 15.39879227
v 29.34197807 31.62313080 15.35065651
v 29.32032776 31.59979820 15.30000019
v 29.30131340 31.57930565 15.24710751
v 29.28504181 31.56176949 15.19227314
v 29.27160263 31.54728508 15.13580418
v 29.26107025 31.53593445 15.07801723
v 29.25350571 31.52778053 15.01923370
v 29.24894905 31.52287102 14.95978451
v 32.06384659 29.75090218 15.69776344
v 32.02026749 29.71046638 15.69106483
v 31.97717667 29.67048454 15.67994213
v 31.93481445 29.63117790 15.66445827
v 31.89342117 29.59276962 15.64469910
v 31.85322380 29.55547333 15.62077522
v 31.81445122 29.51949692 15.59282017
v 31.77731705 29.48504257 15.56099129
v 31.74203110 29.45230103 15.52546501
v 31.70878983 29.42145729 15.48644161
v 31.67778015 29.39268494 15.44413853
v 31.64917374 29.36614227 15.39879227
v 31.62313080 29.34197807 15.35065651
v 31.59979820 29.32032776 15.30000019
v 31.57930565 29.30131340 15.24710751
v 31.56176949 29.28504181 15.19227314
v 31.54728508 29.27160263 15.13580418
v 31.53593445 29.26107025 15.07801723
v 31.52778053 29.25350571 15.01923370
v 31.52287102 29.24894905 14.95978451
v 34.19747925 27.27157784 15.69776344
v 34.15099716 27.23451233 15.69106483
v 34.10504150 27.19786263 15.67994213
v 34.05986023 27.16183090 15.66445827
v 34.01571274 27.12662506 15.64469910
v 33.97283936 27.09243584 15.62077522
v 33.93148804 27.05945778 15.59282017
v 33.89188004 27.02787399 15.56099129
v 33.85424805 26.99786186 15.52546501
v 33.81879425 26.96958923 15.48644161
v 33.78572083 26.94321251 15.44413853
v 33.75521088 26.91888237 15.39879227
v 33.72743607 26.89673233 15.35065651
v 33.70254898 26.87688637 15.30000019
v 33.68069458 26.85945702 15.24710751
v 33.66199112 26.84454155 15.19227314
v 33.64654160 26.83222198 15.13580418
v 33.63443375 26.82256699 15.07801723
v 33.62574005 26.81563187 15.01923370
v 33.62050247 26.81145668 14.95978451
v 36.13986206 24.63974190 15.69776344
v 36.09074402 24.60625267 15.69106483
v 36.04217529 24.57313728 15.67994213
v 35.99442673 24.54058456 15.66445827
v 35.94777298 24.50877571 15.64469910
v 35.90246582 24.47788620 15.62077522
v 35.85876465 24.44808960 15.59282017
v 35.81690979 24.41955566 15.56099129
v 35.77713776 24.39243889 15.52546501
v 35.73966980 24.36689377 15.48644161
v 35.70471573 24.34306335 15.44413853
v 35.67247391 24.32108116 15.39879227
v 35.64312363 24.30106926 15.35065651
v 35.61682510 24.28313828 15.30000019
v 35.59372711 24.26739120 15.24710751
v 35.57395935 24.25391388 15.19227314
v 35.55763245 24.24278450 15.13580418
v 35.54483795 24.23406219 15.07801723
v 35.53564835 24.22779655 15.01923370
v 35.53011703 24.22402191 14.95978451
v 37.88013840 21.87010765 15.69776344
v 37.82865143 21.84038353 15.69106483
v 37.77774429 21.81099129 15.67994213
v 37.72769928 21.78209877 15.66445827
v 37.67879868 21.75386429 15.64469910
v 37.63130951 21.72644615 15.62077522
v 37.58550262 21.70000076 15.59282017
v 37.54163361 21.67467117 15.56099129
v 37.49994659 21.65060425 15.52546501
v 37.46067429 21.62793159 15.48644161
v 37.42403793 21.60677910 15.44413853
v 37.39024353 21.58726692 15.39879227
v 37.35947800 21.56950378 15.35065651
v 37.33191299 21.55359077 15.30000019
v 37.30770493 21.53961182 15.24710751
v 37.28698349 21.52765083 15.19227314
v 37.26987076 21.51777077 15.13580418
v 37.25646210 21.51002884 15.07801723
v 37.24682999 21.50446701 15.01923370
v 37.24102783 21.50111771 14.95978451
v 39.40857315 18.97816849 15.69776344
v 39.35501099 18.95237350 15.69106483
v 39.30204773 18.92686844 15.67994213
v 39.24998474 18.90179634 15.66445827
v 39.19910812 18.87729454 15.64469910
v 39.14970398 18.85350418 15.62077522
v 39.10204697 18.83055496 15.59282017
v 39.05640793 18.80857468 15.56099129
v 39.01303864 18.78768921 15.52546501
v 38.97218323 18.76801491 15.48644161
v 38.93407059 18.74966049 15.44413853
v 38.89891052 18.73272896 15.39879227
v 38.86690521 18.71731377 15.35065651
v 38.83822632 18.70350456 15.30000019
v 38.81304169 18.69137573 15.24710751
v 38.79148483 18.68099403 15.19227314
v 38.77368164 18.67242241 15.13580418
v 38.75973129 18.66570282 15.07801723
v 38.74971008 18.66087723 15.01923370
v 38.74367523 18.65797043 14.95978451
v 40.71661758 15.98009491 15.69776344
v 40.66127777 15.95837593 15.69106483
v 40.60655975 15.93690014 15.67994213
v 40.55276489 15.91578770 15.66445827
v 40.50020218 15.89515781 15.64469910
v 40.44915771 15.87512398 15.62077522
v 40.39992142 15.85580063 15.59282017
v 40.35276794 15.83729362 15.56099129
v 40.30795670 15.81970787 15.52546501
v 40.26574707 15.80314064 15.48644161
v 40.22636795 15.78768539 15.44413853
v 40.19004059 15.77342892 15.39879227
v 40.15697098 15.76044941 15.35065651
v 40.12734222 15.74882126 15.30000019
v 40.10131836 15.73860836 15.24710751
v 40.07904816 15.72986794 15.19227314
v 40.06065750 15.72264862 15.13580418
v 40.04624176 15.71699238 15.07801723
v 40.03588867 15.71292877 15.01923370
v 40.02965164 15.71048164 14.95978451
v 41.79696274 12.89265537 15.69776344
v 41.74015045 12.87513161 15.69106483
v 41.68397903 12.85780525 15.67994213
v 41.62876129 12.84077168 15.66445827
v 41.57480240 12.82412815 15.64469910
v 41.52240372 12.80796528 15.62077522
v 41.47185898 12.79237461 15.59282017
v 41.42345428 12.77744389 15.56099129
v 41.37745667 12.76325512 15.52546501
v 41.33412552 12.74988937 15.48644161
v 41.29370117 12.73742008 15.44413853
v 41.25641251 12.72591782 15.39879227
v 41.22246552 12.71544647 15.35065651
v 41.19204712 12.70606422 15.30000019
v 41.16533661 12.69782448 15.24710751
v 41.14247513 12.69077301 15.19227314
v 41.12359238 12.68494892 15.13580418
v 41.10879898 12.68038464 15.07801723
v 41.09816742 12.67710590 15.01923370
v 41.09176636 12.67513180 14.95978451
v 42.64355850 9.73311329 15.69776344
v 42.58559799 9.71988487 15.69106483
v 42.52828979 9.70680428 15.67994213
v 42.47195053 9.69394588 15.66445827
v 42.41689682 9.68138027 15.64469910
v 42.36343765 9.66917801 15.62077522
v 42.31187057 9.65740871 15.59282017
v 42.26248550 9.64613628 15.56099129
v 42.21555710 9.63542557 15.52546501
v 42.17134857 9.62533474 15.48644161
v 42.13010406 9.61592102 15.44413853
v 42.09206009 9.60723782 15.39879227
v 42.05742264 9.59933281 15.35065651
v 42.02639389 9.59224987 15.30000019
v 41.99913788 9.58602905 15.24710751
v 41.97581482 9.58070564 15.19227314
v 41.95655060 9.57630920 15.13580418
v 41.94145584 9.57286358 15.07801723
v 41.93061066 9.57038879 15.01923370
v 41.92407990 9.56889820 14.95978451
v 43.25167465 6.51914072 15.69776344
v 43.19288635 6.51028061 15.69106483
v 43.13476181 6.50151920 15.67994213
v 43.07762146 6.49290657 15.66445827
v 43.02178192 6.48449039 15.64469910
v 42.96755981 6.47631788 15.62077522
v 42.91525650 6.46843433 15.59282017
v 42.86516571 6.46088457 15.56099129
v 42.81756973 6.45371008 15.52546501
v 42.77272797 6.44695187 15.48644161
v 42.73089981 6.44064665 15.44413853
v 42.69231033 6.43483067 15.39879227
v 42.65718079 6.42953587 15.35065651
v 42.62570953 6.42479181 15.30000019
v 42.59806442 6.42062521 15.24710751
v 42.57440948 6.41705942 15.19227314
v 42.55487061 6.41411448 15.13580418
v 42.53955841 6.41180706 15.07801723
v 42.52856064 6.41014910 15.01923370
v 42.52193832 6.40915108 14.95978451
v 43.61790848 3.26871037 15.69776344
v 43.55862427 3.26426768 15.69106483
v 43.50000763 3.25987482 15.67994213
v 43.44238281 3.25555634 15.66445827
v 43.38607025 3.25133657 15.64469910
v 43.33139038 3.24723887 15.62077522
v 43.27864456 3.24328613 15.59282017
v 43.22813034 3.23950052 15.56099129
v 43.18013000 3.23590326 15.52546501
v 43.13491058 3.23251462 15.48644161
v 43.09272385 3.22935319 15.44413853
v 43.05381012 3.22643709 15.39879227
v 43.01838303 3.22378206 15.35065651
v 42.98664474 3.22140360 15.30000019
v 42.95876694 3.21931458 15.24710751
v 42.93490982 3.21752667 15.19227314
v 42.91520691 3.21605015 15.13580418
v 42.89976501 3.21489286 15.07801723
v 42.88867188 3.21406174 15.01923370
v 42.88199234 3.21356130 14.95978451
v 15.50000000 0.00000000 8.80000019
v 15.45665932 -1.15831649 8.80000019
v 15.32687759 -2.31015515 8.80000019
v 15.11138248 -3.44907451 8.80000019
v 14.81137848 -4.56870508 8.80000019
v 14.42854309 -5.66278601 8.80000019
v 13.96501732 -6.72519779 8.80000019
v 13.42339420 -7.75000000 8.80000019
v 12.80670071 -8.73146057 8.80000019
v 12.11838818 -9.66409206 8.80000019
v 11.36230373 -10.54267788 8.80000019
v 10.54267788 -11.36230373 8.80000019
v 9.66409206 -12.11838818 8.80000019
v 8.73146057 -12.80670071 8.80000019
v 7.75000000 -13.42339420 8.80000019
v 6.72519779 -13.96501732 8.80000019
v 5.66278601 -14.42854309 8.80000019
v 4.56870508 -14.81137848 8.80000019
v 3.44907451 -15.11138248 8.80000019
v 2.31015515 -15.32687759 8.80000019
v 1.15831649 -15.45665932 8.80000019
v -0.00000000 -15.50000000 8.80000019
v -1.15831649 -15.45665932 8.80000019
v -2.31015515 -15.32687759 8.80000019
v -3.44907451 -15.11138248 8.80000019
v -4.56870508 -14.81137848 8.80000019
v -5.66278601 -14.42854309 8.80000019
v -6.72519779 -13.96501732 8.80000019
v -7.75000000 -13.42339420 8.80000019
v -8.73146057 -12.80670071 8.80000019
v -9.66409206 -12.11838818 8.80000019
v -10.54267788 -11.36230373 8.80000019
v -11.36230373 -10.54267788 8.80000019
v -12.11838818 -9.66409206 8.80000019
v -12.80670071 -8.73146057 8.80000019
v -13.42339420 -7.75000000 8.80000019
v -13.96501732 -6.72519779 8.80000019
v -14.42854309 -5.66278601 8.80000019
v -14.81137848 -4.56870508 8.80000019
v -15.11138248 -3.44907451 8.80000019
v -15.32687759 -2.31015515 8.80000019
v -15.45665932 -1.15831649 8.80000019
v -15.50000000 -0.00000000 8.80000019
v -15.45665932 1.15831649 8.80000019
v -15.32687759 2.31015515 8.80000019
v -15.11138248 3.44907451 8.80000019
v -14.81137848 4.56870508 8.80000019
v -14.42854309 5.66278601 8.80000019
v -13.96501732 6.72519779 8.80000019
v -13.42339420 7.75000000 8.80000019
v -12.80670071 8.73146057 8.80000019
v -12.11838818 9.66409206 8.80000019
v -11.36230373 10.54267788 8.80000019
v -10.54267788 11.36230373 8.80000019
v -9.66409206 12.11838818 8.80000019
v -8.73146057 12.80670071 8.80000019
v -7.75000000 13.42339420 8.80000019
v -6.72519779 13.96501732 8.80000019
v -5.66278601 14.42854309 8.80000019
v -4.56870508 14.81137848 8.80000019
v -3.44907451 15.11138248 8.80000019
v -2.31015515 15.32687759 8.80000019
v -1.15831649 15.45665932 8.80000019
v -0.00000000 15.50000000 8.80000019
v 1.15831649 15.45665932 8.80000019
v 2.31015515 15.32687759 8.80000019
v 3.44907451 15.11138248 8.80000019
v 4.56870508 14.81137848 8.80000019
v 5.66278601 14.42854309 8.80000019
v 6.72519779 13.96501732 8.80000019
v 7.75000000 13.42339420 8.80000019
v 8.73146057 12.80670071 8.80000019
v 9.66409206 12.11838818 8.80000019
v 10.54267788 11.36230373 8.80000019
v 11.36230373 10.54267788 8.80000019
v 12.11838818 9.66409206 8.80000019
v 12.80670071 8.73146057 8.80000019
v 13.42339420 7.75000000 8.80000019
v 13.96501732 6.72519779 8.80000019
v 14.42854309 5.66278601 8.80000019
v 14.81137848 4.56870508 8.80000019
v 15.11138248 3.44907451 8.80000019
v 15.32687759 2.31015515 8.80000019
v 15.45665932 1.15831649 8.80000019
v -0.80635709 8.74818993 2.90000010
v -0.74818999 8.80635738 2.90000010
v -0.68583876 8.86001492 2.90000010
v -0.86001462 8.68583870 2.90000010
v -0.61965209 8.90886307 2.90000010
v -0.90886265 8.61965179 2.90000010
v -0.55000001 8.95262814 2.90000010
v -0.95262796 8.55000019 2.90000010
v -0.47727212 8.99106598 2.90000010
v -0.99106574 8.47727203 2.90000010
v -0.40187514 9.02396107 2.90000010
v -1.02396107 8.40187550 2.90000010
v -0.32423070 9.05113029 2.90000010
v -1.05113006 8.32423115 2.90000010
v -0.24477303 9.07242107 2.90000010
v -1.07242072 8.24477291 2.90000010
v -0.16394649 9.08771420 2.90000010
v -1.08771396 8.16394615 2.90000010
v -0.08220311 9.09692383 2.90000010
v -1.09692419 8.08220291 2.90000010
v -0.00000000 9.10000038 2.90000010
v -1.10000002 8.00000000 2.90000010
v 0.08220311 9.09692383 2.90000010
v -1.09692419 7.91779709 2.90000010
v 0.16394649 9.08771420 2.90000010
v -1.08771396 7.83605337 2.90000010
v -1.07242072 7.75522709 2.90000010
v 0.24477303 9.07242107 2.90000010
v -1.05113006 7.67576933 2.90000010
v 0.32423070 9.05113029 2.90000010
v -1.02396107 7.59812498 2.90000010
v 0.40187514 9.02396107 2.90000010
v -0.99106574 7.52272797 2.90000010
v 0.47727212 8.99106598 2.90000010
v -0.95262796 7.44999981 2.90000010
v 0.55000001 8.95262814 2.90000010
v -0.90886265 7.38034773 2.90000010
v 0.61965209 8.90886307 2.90000010
v -0.86001462 7.31416130 2.90000010
v 0.68583876 8.86001492 2.90000010
v -0.80635709 7.25181007 2.90000010
v 0.74818999 8.80635738 2.90000010
v -0.74818999 7.19364309 2.90000010
v 0.80635709 8.74818993 2.90000010
v -0.68583876 7.13998556 2.90000010
v -0.61965209 7.09113741 2.90000010
v 0.86001462 8.68583870 2.90000010
v 0.90886265 8.61965179 2.90000010
v -0.55000001 7.04737186 2.90000010
v -0.47727212 7.00893402 2.90000010
v 0.95262796 8.55000019 2.90000010
v 0.99106574 8.47727203 2.90000010
v 1.02396107 8.40187550 2.90000010
v -0.40187514 6.97603893 2.90000010
v -0.32423070 6.94886971 2.90000010
v 1.05113006 8.32423115 2.90000010
v 1.07242072 8.24477291 2.90000010
v -0.24477303 6.92757940 2.90000010
v -0.16394649 6.91228628 2.90000010
v -0.08220311 6.90307570 2.90000010
v 1.08771396 8.16394615 2.90000010
v 1.09692419 8.08220291 2.90000010
v -0.00000000 6.90000010 2.90000010
v 1.10000002 8.00000000 2.90000010
v 0.08220311 6.90307570 2.90000010
v 0.16394649 6.91228628 2.90000010
v 1.09692419 7.91779709 2.90000010
v 1.08771396 7.83605337 2.90000010
v 0.24477303 6.92757940 2.90000010
v 1.07242072 7.75522709 2.90000010
v 0.32423070 6.94886971 2.90000010
v 1.05113006 7.67576933 2.90000010
v 1.02396107 7.59812498 2.90000010
v 0.40187514 6.97603893 2.90000010
v 0.99106574 7.52272797 2.90000010
v 0.47727212 7.00893402 2.90000010
v 0.55000001 7.04737186 2.90000010
v 0.95262796 7.44999981 2.90000010
v 0.61965209 7.09113741 2.90000010
v 0.90886265 7.38034773 2.90000010
v 0.68583876 7.13998556 2.90000010
v 0.86001462 7.31416130 2.90000010
v 0.74818999 7.19364309 2.90000010
v 0.80635709 7.25181007 2.90000010
v -0.74818999 8.80635738 13.90000057
v -2.21810722 12.19999981 13.90000057
v -2.71692705 12.09869003 13.90000057
v -0.80635709 8.74818993 13.90000057
v -0.68583876 8.86001492 13.90000057
v -0.86001462 8.68583870 13.90000057
v -3.21116900 11.97699451 13.90000057
v -0.61965209 8.90886307 13.90000057
v -0.90886265 8.61965179 13.90000057
v -0.55000001 8.95262814 13.90000057
v -0.95262796 8.55000019 13.90000057
v -3.70000005 11.83511734 13.90000057
v -0.47727212 8.99106598 13.90000057
v -0.99106574 8.47727203 13.90000057
v -0.40187514 9.02396107 13.90000057
v -1.02396107 8.40187550 13.90000057
v -0.32423070 9.05113029 13.90000057
v -1.05113006 8.32423115 13.90000057
v -0.24477303 9.07242107 13.90000057
v -1.07242072 8.24477291 13.90000057
v -0.16394649 9.08771420 13.90000057
v -1.08771396 8.16394615 13.90000057
v -0.08220311 9.09692383 13.90000057
v -1.09692419 8.08220291 13.90000057
v -0.00000000 9.10000038 13.90000057
v 2.21810722 12.19999981 13.90000057
v -1.10000002 8.00000000 13.90000057
v 0.08220311 9.09692383 13.90000057
v -1.09692419 7.91779709 13.90000057
v 0.16394649 9.08771420 13.90000057
v -1.08771396 7.83605337 13.90000057
v 0.24477303 9.07242107 13.90000057
v -1.07242072 7.75522709 13.90000057
v 0.32423070 9.05113029 13.90000057
v 0.40187514 9.02396107 13.90000057
v 0.47727212 8.99106598 13.90000057
v 0.55000001 8.95262814 13.90000057
v 0.61965209 8.90886307 13.90000057
v 0.68583876 8.86001492 13.90000057
v 0.74818999 8.80635738 13.90000057
v 2.71692705 12.09869003 13.90000057
v 0.80635709 8.74818993 13.90000057
v 0.86001462 8.68583870 13.90000057
v 3.21116900 11.97699451 13.90000057
v 0.90886265 8.61965179 13.90000057
v 0.95262796 8.55000019 13.90000057
v 3.70000005 11.83511734 13.90000057
v 0.99106574 8.47727203 13.90000057
v 1.02396107 8.40187550 13.90000057
v 1.05113006 8.32423115 13.90000057
v 1.07242072 8.24477291 13.90000057
v 1.08771396 8.16394615 13.90000057
v 1.09692419 8.08220291 13.90000057
v 1.10000002 8.00000000 13.90000057
v 1.09692419 7.91779709 13.90000057
v 1.08771396 7.83605337 13.90000057
v 1.07242072 7.75522709 13.90000057
v -0.90886265 7.38034773 13.90000057
v -0.95262796 7.44999981 13.90000057
v -0.99106574 7.52272797 13.90000057
v -1.02396107 7.59812498 13.90000057
v -1.05113006 7.67576933 13.90000057
v -0.86001462 7.31416130 13.90000057
v -0.74818999 7.19364309 13.90000057
v -0.80635709 7.25181007 13.90000057
v -0.68583876 7.13998556 13.90000057
v -0.61965209 7.09113741 13.90000057
v -0.47727212 7.00893402 13.90000057
v -0.55000001 7.04737186 13.90000057
v -0.40187514 6.97603893 13.90000057
v -0.32423070 6.94886971 13.90000057
v -0.16394649 6.91228628 13.90000057
v -0.24477303 6.92757940 13.90000057
v -0.08220311 6.90307570 13.90000057
v 0.08220311 6.90307570 13.90000057
v -0.00000000 6.90000010 13.90000057
v 0.16394649 6.91228628 13.90000057
v 0.32423070 6.94886971 13.90000057
v 0.24477303 6.92757940 13.90000057
v 0.40187514 6.97603893 13.90000057
v 0.47727212 7.00893402 13.90000057
v 0.61965209 7.09113741 13.90000057
v 0.55000001 7.04737186 13.90000057
v 0.68583876 7.13998556 13.90000057
v 0.74818999 7.19364309 13.90000057
v 0.86001462 7.31416130 13.90000057
v 0.80635709 7.25181007 13.90000057
v 0.90886265 7.38034773 13.90000057
v 0.95262796 7.44999981 13.90000057
v 0.99106574 7.52272797 13.90000057
v 1.05113006 7.67576933 13.90000057
v 1.02396107 7.59812498 13.90000057
v -0.74818999 -7.19364309 13.90000057
v -0.80635709 -7.25181007 13.90000057
v -0.86001462 -7.31416130 13.90000057
v -0.68583876 -7.13998556 13.90000057
v -0.90886265 -7.38034773 13.90000057
v -0.61965209 -7.09113741 13.90000057
v -0.95262796 -7.44999981 13.90000057
v -0.55000001 -7.04737186 13.90000057
v -0.99106574 -7.52272797 13.90000057
v -0.47727212 -7.00893402 13.90000057
v -0.40187514 -6.97603893 13.90000057
v -1.02396107 -7.59812498 13.90000057
v -0.32423070 -6.94886971 13.90000057
v -1.05113006 -7.67576933 13.90000057
v -0.24477303 -6.92757940 13.90000057
v -1.07242072 -7.75522709 13.90000057
v -0.16394649 -6.91228628 13.90000057
v -0.08220311 -6.90307570 13.90000057
v -0.00000000 -6.90000010 13.90000057
v 0.08220311 -6.90307570 13.90000057
v 0.16394649 -6.91228628 13.90000057
v 0.24477303 -6.92757940 13.90000057
v 0.32423070 -6.94886971 13.90000057
v 0.40187514 -6.97603893 13.90000057
v 0.47727212 -7.00893402 13.90000057
v 0.55000001 -7.04737186 13.90000057
v 0.61965209 -7.09113741 13.90000057
v 0.68583876 -7.13998556 13.90000057
v 0.74818999 -7.19364309 13.90000057
v 0.80635709 -7.25181007 13.90000057
v -3.70000005 -11.83511734 13.90000057
v -0.95262796 -8.55000019 13.90000057
v -0.99106574 -8.47727203 13.90000057
v -1.02396107 -8.40187550 13.90000057
v -1.05113006 -8.32423115 13.90000057
v -1.07242072 -8.24477291 13.90000057
v -1.08771396 -8.16394615 13.90000057
v -1.09692419 -8.08220291 13.90000057
v -1.10000002 -8.00000000 13.90000057
v -1.09692419 -7.91779709 13.90000057
v -1.08771396 -7.83605337 13.90000057
v 0.86001462 -7.31416130 13.90000057
v 0.90886265 -7.38034773 13.90000057
v 0.95262796 -7.44999981 13.90000057
v 0.99106574 -7.52272797 13.90000057
v 1.02396107 -7.59812498 13.90000057
v 1.05113006 -7.67576933 13.90000057
v -3.21116900 -11.97699451 13.90000057
v -0.86001462 -8.68583870 13.90000057
v -0.90886265 -8.61965179 13.90000057
v 1.07242072 -7.75522709 13.90000057
v -2.71692705 -12.09869003 13.90000057
v -0.74818999 -8.80635738 13.90000057
v -0.80635709 -8.74818993 13.90000057
v -2.21810722 -12.19999981 13.90000057
v -0.00000000 -9.10000038 13.90000057
v -0.08220311 -9.09692383 13.90000057
v -0.16394649 -9.08771420 13.90000057
v -0.24477303 -9.07242107 13.90000057
v -0.32423070 -9.05113029 13.90000057
v -0.40187514 -9.02396107 13.90000057
v -0.47727212 -8.99106598 13.90000057
v -0.55000001 -8.95262814 13.90000057
v -0.61965209 -8.90886307 13.90000057
v -0.68583876 -8.86001492 13.90000057
v 2.21810722 -12.19999981 13.90000057
v 0.32423070 -9.05113029 13.90000057
v 0.24477303 -9.07242107 13.90000057
v 0.16394649 -9.08771420 13.90000057
v 0.08220311 -9.09692383 13.90000057
v 0.74818999 -8.80635738 13.90000057
v 0.68583876 -8.86001492 13.90000057
v 0.61965209 -8.90886307 13.90000057
v 0.55000001 -8.95262814 13.90000057
v 0.47727212 -8.99106598 13.90000057
v 0.40187514 -9.02396107 13.90000057
v 2.71692705 -12.09869003 13.90000057
v 0.86001462 -8.68583870 13.90000057
v 0.80635709 -8.74818993 13.90000057
v 3.21116900 -11.97699451 13.90000057
v 0.95262796 -8.55000019 13.90000057
v 0.90886265 -8.61965179 13.90000057
v 3.70000005 -11.83511734 13.90000057
v 1.08771396 -7.83605337 13.90000057
v 1.09692419 -7.91779709 13.90000057
v 1.10000002 -8.00000000 13.90000057
v 1.09692419 -8.08220291 13.90000057
v 1.08771396 -8.16394615 13.90000057
v 1.07242072 -8.24477291 13.90000057
v 1.05113006 -8.32423115 13.90000057
v 1.02396107 -8.40187550 13.90000057
v 0.99106574 -8.47727203 13.90000057
v -0.80635709 -7.25181007 2.90000010
v -0.74818999 -7.19364309 2.90000010
v -0.68583876 -7.13998556 2.90000010
v -0.86001462 -7.31416130 2.90000010
v -0.61965209 -7.09113741 2.90000010
v -0.90886265 -7.38034773 2.90000010
v -0.55000001 -7.04737186 2.90000010
v -0.95262796 -7.44999981 2.90000010
v -0.47727212 -7.00893402 2.90000010
v -0.99106574 -7.52272797 2.90000010
v -0.40187514 -6.97603893 2.90000010
v -1.02396107 -7.59812498 2.90000010
v -0.32423070 -6.94886971 2.90000010
v -1.05113006 -7.67576933 2.90000010
v -0.24477303 -6.92757940 2.90000010
v -1.07242072 -7.75522709 2.90000010
v -0.16394649 -6.91228628 2.90000010
v -1.08771396 -7.83605337 2.90000010
v -0.08220311 -6.90307570 2.90000010
v -1.09692419 -7.91779709 2.90000010
v -0.00000000 -6.90000010 2.90000010
v -1.10000002 -8.00000000 2.90000010
v 0.08220311 -6.90307570 2.90000010
v -1.09692419 -8.08220291 2.90000010
v 0.16394649 -6.91228628 2.90000010
v -1.08771396 -8.16394615 2.90000010
v -1.07242072 -8.24477291 2.90000010
v 0.24477303 -6.92757940 2.90000010
v -1.05113006 -8.32423115 2.90000010
v 0.32423070 -6.94886971 2.90000010
v -1.02396107 -8.40187550 2.90000010
v 0.40187514 -6.97603893 2.90000010
v -0.99106574 -8.47727203 2.90000010
v 0.47727212 -7.00893402 2.90000010
v -0.95262796 -8.55000019 2.90000010
v 0.55000001 -7.04737186 2.90000010
v -0.90886265 -8.61965179 2.90000010
v 0.61965209 -7.09113741 2.90000010
v -0.86001462 -8.68583870 2.90000010
v 0.68583876 -7.13998556 2.90000010
v -0.80635709 -8.74818993 2.90000010
v 0.74818999 -7.19364309 2.90000010
v -0.74818999 -8.80635738 2.90000010
v 0.80635709 -7.25181007 2.90000010
v -0.68583876 -8.86001492 2.90000010
v -0.61965209 -8.90886307 2.90000010
v 0.86001462 -7.31416130 2.90000010
v 0.90886265 -7.38034773 2.90000010
v -0.55000001 -8.95262814 2.90000010
v -0.47727212 -8.99106598 2.90000010
v 0.95262796 -7.44999981 2.90000010
v 0.99106574 -7.52272797 2.90000010
v 1.02396107 -7.59812498 2.90000010
v -0.40187514 -9.02396107 2.90000010
v -0.32423070 -9.05113029 2.90000010
v 1.05113006 -7.67576933 2.90000010
v 1.07242072 -7.75522709 2.90000010
v -0.24477303 -9.07242107 2.90000010
v -0.16394649 -9.08771420 2.90000010
v -0.08220311 -9.09692383 2.90000010
v 1.08771396 -7.83605337 2.90000010
v 1.09692419 -7.91779709 2.90000010
v -0.00000000 -9.10000038 2.90000010
v 1.10000002 -8.00000000 2.90000010
v 0.08220311 -9.09692383 2.90000010
v 0.16394649 -9.08771420 2.90000010
v 1.09692419 -8.08220291 2.90000010
v 1.08771396 -8.16394615 2.90000010
v 0.24477303 -9.07242107 2.90000010
v 1.07242072 -8.24477291 2.90000010
v 0.32423070 -9.05113029 2.90000010
v 1.05113006 -8.32423115 2.90000010
v 1.02396107 -8.40187550 2.90000010
v 0.40187514 -9.02396107 2.90000010
v 0.99106574 -8.47727203 2.90000010
v 0.47727212 -8.99106598 2.90000010
v 0.55000001 -8.95262814 2.90000010
v 0.95262796 -8.55000019 2.90000010
v 0.61965209 -8.90886307 2.90000010
v 0.90886265 -8.61965179 2.90000010
v 0.68583876 -8.86001492 2.90000010
v 0.86001462 -8.68583870 2.90000010
v 0.74818999 -8.80635738 2.90000010
v 0.80635709 -8.74818993 2.90000010
v -9.08984280 8.43414211 8.80000019
v -8.43414211 9.08984280 8.80000019
v -7.73127365 9.69471073 8.80000019
v -9.69471073 7.73127365 8.80000019
v -6.98516893 10.24536037 8.80000019
v -10.24536037 6.98516893 8.80000019
v -6.19999981 10.73871517 8.80000019
v -10.73871517 6.19999981 8.80000019
v -5.38015842 11.17201424 8.80000019
v -11.17201424 5.38015842 8.80000019
v -4.53022861 11.54283428 8.80000019
v -11.54283428 4.53022861 8.80000019
v -3.65496421 11.84910297 8.80000019
v -11.84910297 3.65496421 8.80000019
v -2.75925946 12.08910656 8.80000019
v -12.08910656 2.75925946 8.80000019
v -1.84812415 12.26150227 8.80000019
v -12.26150227 1.84812415 8.80000019
v -0.92665315 12.36532688 8.80000019
v -12.36532688 0.92665315 8.80000019
v -0.00000000 12.39999962 8.80000019
v -12.39999962 -0.00000000 8.80000019
v 0.92665315 12.36532688 8.80000019
v -12.36532688 -0.92665315 8.80000019
v 1.84812415 12.26150227 8.80000019
v -12.26150227 -1.84812415 8.80000019
v 2.75925946 12.08910656 8.80000019
v -12.08910656 -2.75925946 8.80000019
v -11.84910297 -3.65496421 8.80000019
v 3.65496421 11.84910297 8.80000019
v -11.54283428 -4.53022861 8.80000019
v 4.53022861 11.54283428 8.80000019
v -11.17201424 -5.38015842 8.80000019
v 5.38015842 11.17201424 8.80000019
v -10.73871517 -6.19999981 8.80000019
v 6.19999981 10.73871517 8.80000019
v -10.24536037 -6.98516893 8.80000019
v 6.98516893 10.24536037 8.80000019
v -9.69471073 -7.73127365 8.80000019
v 7.73127365 9.69471073 8.80000019
v -9.08984280 -8.43414211 8.80000019
v 8.43414211 9.08984280 8.80000019
v 9.08984280 8.43414211 8.80000019
v -8.43414211 -9.08984280 8.80000019
v -7.73127365 -9.69471073 8.80000019
v 9.69471073 7.73127365 8.80000019
v -6.98516893 -10.24536037 8.80000019
v 10.24536037 6.98516893 8.80000019
v 10.73871517 6.19999981 8.80000019
v -6.19999981 -10.73871517 8.80000019
v -5.38015842 -11.17201424 8.80000019
v 11.17201424 5.38015842 8.80000019
v -3.65496421 -11.84910297 8.80000019
v -4.53022861 -11.54283428 8.80000019
v 11.54283428 4.53022861 8.80000019
v 11.84910297 3.65496421 8.80000019
v 12.08910656 2.75925946 8.80000019
v -2.75925946 -12.08910656 8.80000019
v -1.84812415 -12.26150227 8.80000019
v 12.26150227 1.84812415 8.80000019
v -0.92665315 -12.36532688 8.80000019
v 12.36532688 0.92665315 8.80000019
v -0.00000000 -12.39999962 8.80000019
v 12.39999962 0.00000000 8.80000019
v 12.36532688 -0.92665315 8.80000019
v 1.84812415 -12.26150227 8.80000019
v 0.92665315 -12.36532688 8.80000019
v 12.26150227 -1.84812415 8.80000019
v 12.08910656 -2.75925946 8.80000019
v 11.84910297 -3.65496421 8.80000019
v 2.75925946 -12.08910656 8.80000019
v 3.65496421 -11.84910297 8.80000019
v 11.54283428 -4.53022861 8.80000019
v 4.53022861 -11.54283428 8.80000019
v 5.38015842 -11.17201424 8.80000019
v 11.17201424 -5.38015842 8.80000019
v 10.73871517 -6.19999981 8.80000019
v 10.24536037 -6.98516893 8.80000019
v 6.19999981 -10.73871517 8.80000019
v 9.69471073 -7.73127365 8.80000019
v 7.73127365 -9.69471073 8.80000019
v 6.98516893 -10.24536037 8.80000019
v 9.08984280 -8.43414211 8.80000019
v 8.43414211 -9.08984280 8.80000019
v -3.70000005 11.83511734 16.20000076
v -3.70000005 -11.83511734 16.20000076
v 12.39999962 0.00000000 16.20000076
v 12.36553383 -0.92388695 16.20000076
v 12.26232815 -1.84263790 16.20000076
v 12.09095478 -2.75114560 16.20000076
v 11.85236835 -3.64435983 16.20000076
v 11.54789448 -4.51731491 16.20000076
v 11.17922497 -5.36515808 16.20000076
v 10.74841118 -6.18317604 16.20000076
v 10.25784588 -6.96682167 16.20000076
v 9.71025658 -7.71173906 16.20000076
v 9.10868835 -8.41378593 16.20000076
v 8.45648479 -9.06906128 16.20000076
v 7.75727081 -9.67392063 16.20000076
v 7.01493454 -10.22500324 16.20000076
v 6.23360205 -10.71924496 16.20000076
v 5.41761684 -11.15389729 16.20000076
v 4.57151508 -11.52654552 16.20000076
v 3.70000005 -11.83511734 16.20000076
v 1.33547080 -12.32787609 16.20000076
v 2.21810722 -12.19999981 16.20000076
v 0.44592583 -12.39197922 16.20000076
v -0.44592583 -12.39197922 16.20000076
v -1.33547080 -12.32787609 16.20000076
v -2.21810722 -12.19999981 16.20000076
v -4.57151508 -11.52654552 16.20000076
v -5.41761684 -11.15389729 16.20000076
v -6.23360205 -10.71924496 16.20000076
v -7.01493454 -10.22500324 16.20000076
v -7.75727081 -9.67392063 16.20000076
v -8.45648479 -9.06906128 16.20000076
v -9.10868835 -8.41378593 16.20000076
v -9.71025658 -7.71173906 16.20000076
v -10.25784588 -6.96682167 16.20000076
v -10.74841118 -6.18317604 16.20000076
v -11.17922497 -5.36515808 16.20000076
v -11.54789448 -4.51731491 16.20000076
v -11.85236835 -3.64435983 16.20000076
v -12.09095478 -2.75114560 16.20000076
v -12.26232815 -1.84263790 16.20000076
v -12.36553383 -0.92388695 16.20000076
v -12.39999962 -0.00000000 16.20000076
v -12.36553383 0.92388695 16.20000076
v -12.26232815 1.84263790 16.20000076
v -12.09095478 2.75114560 16.20000076
v -11.85236835 3.64435983 16.20000076
v -11.54789448 4.51731491 16.20000076
v -11.17922497 5.36515808 16.20000076
v -10.74841118 6.18317604 16.20000076
v -10.25784588 6.96682167 16.20000076
v -9.71025658 7.71173906 16.20000076
v -9.10868835 8.41378593 16.20000076
v -8.45648479 9.06906128 16.20000076
v -7.75727081 9.67392063 16.20000076
v -7.01493454 10.22500324 16.20000076
v -6.23360205 10.71924496 16.20000076
v -5.41761684 11.15389729 16.20000076
v -4.57151508 11.52654552 16.20000076
v -1.33547080 12.32787609 16.20000076
v -2.21810722 12.19999981 16.20000076
v -0.44592583 12.39197922 16.20000076
v 0.44592583 12.39197922 16.20000076
v 1.33547080 12.32787609 16.20000076
v 2.21810722 12.19999981 16.20000076
v 4.57151508 11.52654552 16.20000076
v 3.70000005 11.83511734 16.20000076
v 5.41761684 11.15389729 16.20000076
v 6.23360205 10.71924496 16.20000076
v 7.01493454 10.22500324 16.20000076
v 7.75727081 9.67392063 16.20000076
v 8.45648479 9.06906128 16.20000076
v 9.10868835 8.41378593 16.20000076
v 9.71025658 7.71173906 16.20000076
v 10.25784588 6.96682167 16.20000076
v 10.74841118 6.18317604 16.20000076
v 11.17922497 5.36515808 16.20000076
v 11.54789448 4.51731491 16.20000076
v 11.85236835 3.64435983 16.20000076
v 12.09095478 2.75114560 16.20000076
v 12.26232815 1.84263790 16.20000076
v 12.36553383 0.92388695 16.20000076
v -11.11215591 0.65974671 16.20000076
v -11.15974712 0.61215544 16.20000076
v -11.06114101 0.70364833 16.20000076
v -11.20364857 0.56114084 16.20000076
v -11.24361515 0.50698805 16.20000076
v -11.00698853 0.74361491 16.20000076
v -11.27942276 0.44999999 16.20000076
v -10.94999981 0.77942288 16.20000076
v -11.31087208 0.39049536 16.20000076
v -10.89049530 0.81087196 16.20000076
v -10.82880688 0.83778638 16.20000076
v -11.33778667 0.32880694 16.20000076
v -11.36001587 0.26527965 16.20000076
v -10.76527977 0.86001551 16.20000076
v -11.37743473 0.20026883 16.20000076
v -10.70026875 0.87743515 16.20000076
v -11.38994789 0.13413803 16.20000076
v -10.63413811 0.88994777 16.20000076
v -11.39748383 0.06725708 16.20000076
v -10.56725693 0.89748341 16.20000076
v -11.39999962 0.00000000 16.20000076
v -10.50000000 0.89999998 16.20000076
v -11.39748383 -0.06725708 16.20000076
v -10.43274307 0.89748341 16.20000076
v -11.38994789 -0.13413803 16.20000076
v -10.36586189 0.88994777 16.20000076
v -11.37743473 -0.20026883 16.20000076
v -10.29973125 0.87743515 16.20000076
v -11.36001587 -0.26527965 16.20000076
v -10.23472023 0.86001551 16.20000076
v -11.33778667 -0.32880694 16.20000076
v -10.17119312 0.83778638 16.20000076
v -11.31087208 -0.39049536 16.20000076
v -10.10950470 0.81087196 16.20000076
v -11.27942276 -0.44999999 16.20000076
v -10.05000019 0.77942288 16.20000076
v -11.24361515 -0.50698805 16.20000076
v -9.99301147 0.74361491 16.20000076
v -11.20364857 -0.56114084 16.20000076
v -9.93885899 0.70364833 16.20000076
v -11.15974712 -0.61215544 16.20000076
v -9.88784409 0.65974671 16.20000076
v -11.11215591 -0.65974671 16.20000076
v -9.84025288 0.61215544 16.20000076
v -11.06114101 -0.70364833 16.20000076
v -9.79635143 0.56114084 16.20000076
v -11.00698853 -0.74361491 16.20000076
v -9.75638485 0.50698805 16.20000076
v -10.94999981 -0.77942288 16.20000076
v -9.72057724 0.44999999 16.20000076
v -10.89049530 -0.81087196 16.20000076
v -9.68912792 0.39049536 16.20000076
v -10.82880688 -0.83778638 16.20000076
v -9.66221333 0.32880694 16.20000076
v -10.76527977 -0.86001551 16.20000076
v -9.63998413 0.26527965 16.20000076
v -10.70026875 -0.87743515 16.20000076
v -9.62256527 0.20026883 16.20000076
v -9.61005211 0.13413803 16.20000076
v -9.60251617 0.06725708 16.20000076
v -9.60000038 0.00000000 16.20000076
v -10.43274307 -0.89748341 16.20000076
v -10.50000000 -0.89999998 16.20000076
v -10.56725693 -0.89748341 16.20000076
v -10.63413811 -0.88994777 16.20000076
v -10.17119312 -0.83778638 16.20000076
v -10.23472023 -0.86001551 16.20000076
v -10.29973125 -0.87743515 16.20000076
v -10.36586189 -0.88994777 16.20000076
v -10.05000019 -0.77942288 16.20000076
v -10.10950470 -0.81087196 16.20000076
v -9.93885899 -0.70364833 16.20000076
v -9.99301147 -0.74361491 16.20000076
v -9.84025288 -0.61215544 16.20000076
v -9.88784409 -0.65974671 16.20000076
v -9.79635143 -0.56114084 16.20000076
v -9.75638485 -0.50698805 16.20000076
v -9.72057724 -0.44999999 16.20000076
v -9.68912792 -0.39049536 16.20000076
v -9.66221333 -0.32880694 16.20000076
v -9.63998413 -0.26527965 16.20000076
v -9.60251617 -0.06725708 16.20000076
v -9.61005211 -0.13413803 16.20000076
v -9.62256527 -0.20026883 16.20000076
v 9.84025288 0.61215544 16.20000076
v 9.88784409 0.65974671 16.20000076
v 9.79635143 0.56114084 16.20000076
v 9.93885899 0.70364833 16.20000076
v 9.75638485 0.50698805 16.20000076
v 9.99301147 0.74361491 16.20000076
v 9.72057724 0.44999999 16.20000076
v 10.05000019 0.77942288 16.20000076
v 9.68912792 0.39049536 16.20000076
v 10.10950470 0.81087196 16.20000076
v 9.66221333 0.32880694 16.20000076
v 10.17119312 0.83778638 16.20000076
v 9.63998413 0.26527965 16.20000076
v 10.23472023 0.86001551 16.20000076
v 10.29973125 0.87743515 16.20000076
v 9.62256527 0.20026883 16.20000076
v 10.36586189 0.88994777 16.20000076
v 9.61005211 0.13413803 16.20000076
v 10.43274307 0.89748341 16.20000076
v 9.60251617 0.06725708 16.20000076
v 9.60000038 0.00000000 16.20000076
v 10.50000000 0.89999998 16.20000076
v 10.56725693 0.89748341 16.20000076
v 10.63413811 0.88994777 16.20000076
v 10.70026875 0.87743515 16.20000076
v 10.76527977 0.86001551 16.20000076
v 10.82880688 0.83778638 16.20000076
v 10.89049530 0.81087196 16.20000076
v 10.94999981 0.77942288 16.20000076
v 11.00698853 0.74361491 16.20000076
v 11.06114101 0.70364833 16.20000076
v 11.11215591 0.65974671 16.20000076
v 11.15974712 0.61215544 16.20000076
v 11.20364857 0.56114084 16.20000076
v 11.24361515 0.50698805 16.20000076
v 11.27942276 0.44999999 16.20000076
v 11.31087208 0.39049536 16.20000076
v 11.33778667 0.32880694 16.20000076
v 11.36001587 0.26527965 16.20000076
v 11.37743473 0.20026883 16.20000076
v 11.38994789 0.13413803 16.20000076
v 11.39748383 0.06725708 16.20000076
v 11.39999962 0.00000000 16.20000076
v 11.39748383 -0.06725708 16.20000076
v 11.38994789 -0.13413803 16.20000076
v 11.37743473 -0.20026883 16.20000076
v 11.36001587 -0.26527965 16.20000076
v 11.33778667 -0.32880694 16.20000076
v 11.31087208 -0.39049536 16.20000076
v 11.27942276 -0.44999999 16.20000076
v 11.24361515 -0.50698805 16.20000076
v 11.20364857 -0.56114084 16.20000076
v 11.15974712 -0.61215544 16.20000076
v 11.11215591 -0.65974671 16.20000076
v 11.06114101 -0.70364833 16.20000076
v 11.00698853 -0.74361491 16.20000076
v 10.94999981 -0.77942288 16.20000076
v 10.89049530 -0.81087196 16.20000076
v 10.82880688 -0.83778638 16.20000076
v 10.76527977 -0.86001551 16.20000076
v 10.70026875 -0.87743515 16.20000076
v 10.63413811 -0.88994777 16.20000076
v 10.56725693 -0.89748341 16.20000076
v 10.50000000 -0.89999998 16.20000076
v 10.43274307 -0.89748341 16.20000076
v 10.36586189 -0.88994777 16.20000076
v 10.29973125 -0.87743515 16.20000076
v 10.23472023 -0.86001551 16.20000076
v 10.17119312 -0.83778638 16.20000076
v 9.63998413 -0.26527965 16.20000076
v 9.62256527 -0.20026883 16.20000076
v 9.61005211 -0.13413803 16.20000076
v 9.60251617 -0.06725708 16.20000076
v 10.10950470 -0.81087196 16.20000076
v 10.05000019 -0.77942288 16.20000076
v 9.66221333 -0.32880694 16.20000076
v 9.99301147 -0.74361491 16.20000076
v 9.93885899 -0.70364833 16.20000076
v 9.88784409 -0.65974671 16.20000076
v 9.84025288 -0.61215544 16.20000076
v 9.68912792 -0.39049536 16.20000076
v 9.79635143 -0.56114084 16.20000076
v 9.75638485 -0.50698805 16.20000076
v 9.72057724 -0.44999999 16.20000076
v -9.60251617 -0.06725708 6.30000019
v -9.60000038 0.00000000 6.30000019
v -9.61005211 -0.13413803 6.30000019
v -9.62256527 -0.20026883 6.30000019
v -9.63998413 -0.26527965 6.30000019
v -9.66221333 -0.32880694 6.30000019
v -9.68912792 -0.39049536 6.30000019
v -9.72057724 -0.44999999 6.30000019
v -9.75638485 -0.50698805 6.30000019
v -9.79635143 -0.56114084 6.30000019
v -9.84025288 -0.61215544 6.30000019
v -9.88784409 -0.65974671 6.30000019
v -9.93885899 -0.70364833 6.30000019
v -9.99301147 -0.74361491 6.30000019
v -10.05000019 -0.77942288 6.30000019
v -10.10950470 -0.81087196 6.30000019
v -10.17119312 -0.83778638 6.30000019
v -10.23472023 -0.86001551 6.30000019
v -10.29973125 -0.87743515 6.30000019
v -10.36586189 -0.88994777 6.30000019
v -10.43274307 -0.89748341 6.30000019
v -10.50000000 -0.89999998 6.30000019
v -10.56725693 -0.89748341 6.30000019
v -10.63413811 -0.88994777 6.30000019
v -10.70026875 -0.87743515 6.30000019
v -10.76527977 -0.86001551 6.30000019
v -10.82880688 -0.83778638 6.30000019
v -10.89049530 -0.81087196 6.30000019
v -10.94999981 -0.77942288 6.30000019
v -11.00698853 -0.74361491 6.30000019
v -11.06114101 -0.70364833 6.30000019
v -11.11215591 -0.65974671 6.30000019
v -11.15974712 -0.61215544 6.30000019
v -11.20364857 -0.56114084 6.30000019
v -11.24361515 -0.50698805 6.30000019
v -11.27942276 -0.44999999 6.30000019
v -11.31087208 -0.39049536 6.30000019
v -11.33778667 -0.32880694 6.30000019
v -11.36001587 -0.26527965 6.30000019
v -11.37743473 -0.20026883 6.30000019
v -11.38994789 -0.13413803 6.30000019
v -11.39748383 -0.06725708 6.30000019
v -11.39999962 -0.00000000 6.30000019
v -11.39748383 0.06725708 6.30000019
v -11.38994789 0.13413803 6.30000019
v -11.37743473 0.20026883 6.30000019
v -11.36001587 0.26527965 6.30000019
v -11.33778667 0.32880694 6.30000019
v -11.31087208 0.39049536 6.30000019
v -11.27942276 0.44999999 6.30000019
v -11.24361515 0.50698805 6.30000019
v -11.20364857 0.56114084 6.30000019
v -11.15974712 0.61215544 6.30000019
v -11.11215591 0.65974671 6.30000019
v -11.06114101 0.70364833 6.30000019
v -11.00698853 0.74361491 6.30000019
v -10.94999981 0.77942288 6.30000019
v -10.89049530 0.81087196 6.30000019
v -10.82880688 0.83778638 6.30000019
v -10.76527977 0.86001551 6.30000019
v -10.70026875 0.87743515 6.30000019
v -10.63413811 0.88994777 6.30000019
v -10.56725693 0.89748341 6.30000019
v -10.50000000 0.89999998 6.30000019
v -10.43274307 0.89748341 6.30000019
v -10.36586189 0.88994777 6.30000019
v -10.29973125 0.87743515 6.30000019
v -10.23472023 0.86001551 6.30000019
v -10.17119312 0.83778638 6.30000019
v -10.10950470 0.81087196 6.30000019
v -10.05000019 0.77942288 6.30000019
v -9.99301147 0.74361491 6.30000019
v -9.93885899 0.70364833 6.30000019
v -9.88784409 0.65974671 6.30000019
v -9.84025288 0.61215544 6.30000019
v -9.79635143 0.56114084 6.30000019
v -9.75638485 0.50698805 6.30000019
v -9.72057724 0.44999999 6.30000019
v -9.68912792 0.39049536 6.30000019
v -9.66221333 0.32880694 6.30000019
v -9.63998413 0.26527965 6.30000019
v -9.62256527 0.20026883 6.30000019
v -9.61005211 0.13413803 6.30000019
v -9.60251617 0.06725708 6.30000019
v 11.39748383 -0.06725708 6.30000019
v 11.39999962 0.00000000 6.30000019
v 11.38994789 -0.13413803 6.30000019
v 11.37743473 -0.20026883 6.30000019
v 11.36001587 -0.26527965 6.30000019
v 11.33778667 -0.32880694 6.30000019
v 11.31087208 -0.39049536 6.30000019
v 11.27942276 -0.44999999 6.30000019
v 11.24361515 -0.50698805 6.30000019
v 11.20364857 -0.56114084 6.30000019
v 11.15974712 -0.61215544 6.30000019
v 11.11215591 -0.65974671 6.30000019
v 11.06114101 -0.70364833 6.30000019
v 11.00698853 -0.74361491 6.30000019
v 10.94999981 -0.77942288 6.30000019
v 10.89049530 -0.81087196 6.30000019
v 10.82880688 -0.83778638 6.30000019
v 10.76527977 -0.86001551 6.30000019
v 10.70026875 -0.87743515 6.30000019
v 10.63413811 -0.88994777 6.30000019
v 10.56725693 -0.89748341 6.30000019
v 10.50000000 -0.89999998 6.30000019
v 10.43274307 -0.89748341 6.30000019
v 10.36586189 -0.88994777 6.30000019
v 10.29973125 -0.87743515 6.30000019
v 10.23472023 -0.86001551 6.30000019
v 10.17119312 -0.83778638 6.30000019
v 10.10950470 -0.81087196 6.30000019
v 10.05000019 -0.77942288 6.30000019
v 9.99301147 -0.74361491 6.30000019
v 9.93885899 -0.70364833 6.30000019
v 9.88784409 -0.65974671 6.30000019
v 9.84025288 -0.61215544 6.30000019
v 9.79635143 -0.56114084 6.30000019
v 9.75638485 -0.50698805 6.30000019
v 9.72057724 -0.44999999 6.30000019
v 9.68912792 -0.39049536 6.30000019
v 9.66221333 -0.32880694 6.30000019
v 9.63998413 -0.26527965 6.30000019
v 9.62256527 -0.20026883 6.30000019
v 9.61005211 -0.13413803 6.30000019
v 9.60251617 -0.06725708 6.30000019
v 9.60000038 -0.00000000 6.30000019
v 9.60251617 0.06725708 6.30000019
v 9.61005211 0.13413803 6.30000019
v 9.62256527 0.20026883 6.30000019
v 9.63998413 0.26527965 6.30000019
v 9.66221333 0.32880694 6.30000019
v 9.68912792 0.39049536 6.30000019
v 9.72057724 0.44999999 6.30000019
v 9.75638485 0.50698805 6.30000019
v 9.79635143 0.56114084 6.30000019
v 9.84025288 0.61215544 6.30000019
v 9.88784409 0.65974671 6.30000019
v 9.93885899 0.70364833 6.30000019
v 9.99301147 0.74361491 6.30000019
v 10.05000019 0.77942288 6.30000019
v 10.10950470 0.81087196 6.30000019
v 10.17119312 0.83778638 6.30000019
v 10.23472023 0.86001551 6.30000019
v 10.29973125 0.87743515 6.30000019
v 10.36586189 0.88994777 6.30000019
v 10.43274307 0.89748341 6.30000019
v 10.50000000 0.89999998 6.30000019
v 10.56725693 0.89748341 6.30000019
v 10.63413811 0.88994777 6.30000019
v 10.70026875 0.87743515 6.30000019
v 10.76527977 0.86001551 6.30000019
v 10.82880688 0.83778638 6.30000019
v 10.89049530 0.81087196 6.30000019
v 10.94999981 0.77942288 6.30000019
v 11.00698853 0.74361491 6.30000019
v 11.06114101 0.70364833 6.30000019
v 11.11215591 0.65974671 6.30000019
v 11.15974712 0.61215544 6.30000019
v 11.20364857 0.56114084 6.30000019
v 11.24361515 0.50698805 6.30000019
v 11.27942276 0.44999999 6.30000019
v 11.31087208 0.39049536 6.30000019
v 11.33778667 0.32880694 6.30000019
v 11.36001587 0.26527965 6.30000019
v 11.37743473 0.20026883 6.30000019
v 11.38994789 0.13413803 6.30000019
v 11.39748383 0.06725708 6.30000019
f 1 2 3
f 1 3 4
f 5 4 6
f 5 1 4
f 7 6 8
f 7 8 9
f 7 5 6
f 10 7 9
f 11 10 9
f 11 9 12
f 13 11 12
f 13 12 14
f 15 13 14
f 15 14 16
f 15 16 17
f 18 15 17
f 18 17 19
f 20 18 19
f 21 20 19
f 21 19 22
f 23 21 22
f 23 22 24
f 23 24 25
f 26 23 25
f 27 26 25
f 27 25 28
f 29 27 28
f 29 28 30
f 31 32 33
f 31 29 30
f 31 30 32
f 34 31 33
f 35 33 36
f 35 36 37
f 35 34 33
f 38 37 39
f 40 35 37
f 41 39 42
f 41 38 39
f 43 37 38
f 43 40 37
f 44 41 42
f 45 44 42
f 46 40 43
f 47 46 43
f 48 44 45
f 49 48 45
f 50 46 47
f 50 47 51
f 52 48 49
f 53 52 49
f 54 51 55
f 54 50 51
f 56 52 53
f 57 56 53
f 58 55 59
f 58 54 55
f 60 56 57
f 61 58 59
f 61 59 60
f 62 61 60
f 62 57 63
f 62 60 57
f 64 62 63
f 65 63 66
f 65 64 63
f 67 66 68
f 67 65 66
f 67 68 69
f 70 67 69
f 71 69 72
f 71 70 69
f 73 72 74
f 73 74 75
f 73 71 72
f 76 75 77
f 76 73 75
f 78 76 77
f 79 77 80
f 79 78 77
f 81 80 82
f 81 82 83
f 81 79 80
f 84 83 85
f 84 81 83
f 86 85 87
f 86 84 85
f 88 86 87
f 89 87 90
f 89 88 87
f 91 90 92
f 91 92 93
f 91 89 90
f 94 91 93
f 95 93 96
f 95 94 93
f 97 96 98
f 97 98 99
f 97 95 96
f 100 97 99
f 101 99 102
f 101 102 103
f 101 100 99
f 104 101 103
f 105 103 106
f 105 104 103
f 107 106 108
f 107 108 109
f 107 105 106
f 110 107 109
f 111 110 109
f 111 109 112
f 111 112 113
f 114 111 113
f 115 114 113
f 115 113 116
f 117 115 116
f 117 116 118
f 117 118 119
f 120 117 119
f 121 120 119
f 121 119 122
f 123 121 122
f 123 122 124
f 125 123 124
f 125 124 126
f 127 125 126
f 127 126 128
f 127 128 129
f 130 127 129
f 131 129 132
f 131 130 129
f 133 132 134
f 133 134 135
f 133 131 132
f 136 133 135
f 137 135 138
f 137 136 135
f 139 138 140
f 139 137 138
f 141 140 142
f 141 139 140
f 143 142 144
f 143 141 142
f 145 144 146
f 145 146 147
f 145 143 144
f 148 145 147
f 149 147 150
f 149 148 147
f 151 150 152
f 151 149 150
f 153 152 154
f 153 154 155
f 153 151 152
f 156 153 155
f 157 155 158
f 157 156 155
f 159 158 160
f 159 160 161
f 159 157 158
f 162 159 161
f 163 161 164
f 163 162 161
f 165 163 164
f 165 164 166
f 167 165 166
f 167 166 168
f 169 167 168
f 169 168 170
f 171 169 170
f 171 170 172
f 173 171 172
f 173 172 174
f 175 173 174
f 175 174 176
f 175 176 177
f 178 175 177
f 179 178 177
f 179 177 180
f 2 179 180
f 2 180 3
f 181 182 7
f 183 181 10
f 184 183 11
f 185 186 13
f 187 185 13
f 188 187 13
f 189 188 13
f 190 189 13
f 191 190 13
f 192 191 13
f 193 192 13
f 194 193 13
f 195 194 13
f 196 195 13
f 197 196 13
f 198 197 13
f 199 198 13
f 171 200 169
f 173 201 171
f 175 202 173
f 178 203 175
f 179 204 178
f 205 206 207
f 208 206 205
f 209 206 208
f 210 206 209
f 211 206 210
f 212 206 211
f 213 206 212
f 214 206 213
f 215 206 214
f 216 206 215
f 217 218 2
f 217 2 1
f 219 220 218
f 219 218 217
f 219 217 1
f 221 222 220
f 221 220 219
f 221 219 1
f 223 224 222
f 223 222 221
f 223 221 1
f 225 224 223
f 225 207 224
f 225 223 1
f 226 205 207
f 226 207 225
f 226 225 1
f 227 208 205
f 227 226 1
f 227 205 226
f 228 209 208
f 228 208 227
f 228 227 1
f 229 228 1
f 229 210 209
f 229 209 228
f 230 229 1
f 230 211 210
f 230 210 229
f 231 212 211
f 231 211 230
f 232 213 212
f 232 212 231
f 233 214 213
f 233 213 232
f 234 215 214
f 234 216 215
f 234 235 216
f 234 214 233
f 236 1 5
f 237 236 5
f 237 1 236
f 238 1 237
f 238 237 5
f 239 238 5
f 239 1 238
f 240 239 5
f 240 1 239
f 241 1 240
f 241 240 5
f 242 1 241
f 242 241 5
f 243 1 242
f 243 242 5
f 243 230 1
f 244 231 230
f 244 230 243
f 244 243 5
f 245 244 5
f 245 231 244
f 245 232 231
f 246 245 5
f 246 232 245
f 246 233 232
f 247 248 235
f 247 246 5
f 247 234 233
f 247 233 246
f 247 235 234
f 249 5 7
f 250 5 249
f 250 249 7
f 251 5 250
f 251 250 7
f 252 5 251
f 252 251 7
f 253 252 7
f 253 5 252
f 254 5 253
f 254 253 7
f 255 254 7
f 255 5 254
f 256 5 255
f 256 255 7
f 257 5 256
f 257 256 7
f 258 257 7
f 258 5 257
f 259 5 258
f 259 258 7
f 259 182 248
f 259 248 247
f 259 247 5
f 259 7 182
f 260 7 10
f 261 7 260
f 261 260 10
f 262 7 261
f 262 261 10
f 263 262 10
f 263 7 262
f 264 7 263
f 264 263 10
f 265 7 264
f 265 264 10
f 266 265 10
f 266 7 265
f 267 266 10
f 267 7 266
f 268 7 267
f 268 267 10
f 269 7 268
f 269 268 10
f 269 181 7
f 269 10 181
f 270 10 11
f 271 270 11
f 271 10 270
f 272 10 271
f 272 271 11
f 273 272 11
f 273 10 272
f 274 10 273
f 274 273 11
f 275 274 11
f 275 10 274
f 276 10 275
f 276 275 11
f 277 276 11
f 277 10 276
f 278 10 277
f 278 277 11
f 278 183 10
f 278 11 183
f 279 11 13
f 280 279 13
f 280 11 279
f 281 11 280
f 281 280 13
f 281 13 186
f 282 186 283
f 282 11 281
f 282 281 186
f 284 11 282
f 284 283 285
f 284 282 283
f 286 284 285
f 286 285 287
f 286 287 288
f 286 11 284
f 289 288 290
f 289 11 286
f 289 286 288
f 291 289 290
f 291 290 292
f 291 11 289
f 293 184 11
f 293 11 291
f 293 291 292
f 293 292 294
f 293 294 295
f 293 295 296
f 293 296 184
f 297 13 15
f 298 297 15
f 298 13 297
f 299 13 298
f 299 298 15
f 300 13 299
f 300 299 15
f 301 300 15
f 301 13 300
f 302 13 301
f 303 13 302
f 304 13 303
f 305 13 304
f 306 13 305
f 307 13 306
f 308 199 13
f 308 13 307
f 309 199 308
f 310 199 309
f 311 199 310
f 312 199 311
f 313 199 312
f 314 199 313
f 315 199 314
f 316 199 315
f 317 199 316
f 318 199 317
f 319 199 318
f 319 320 199
f 321 15 18
f 322 15 321
f 322 321 18
f 323 15 322
f 323 322 18
f 324 323 18
f 324 15 323
f 325 15 324
f 325 324 18
f 325 301 15
f 326 302 301
f 326 301 325
f 326 303 302
f 327 303 326
f 328 303 327
f 328 304 303
f 329 305 304
f 329 304 328
f 330 306 305
f 330 305 329
f 330 307 306
f 331 307 330
f 331 308 307
f 332 309 308
f 332 308 331
f 333 309 332
f 334 310 309
f 334 309 333
f 335 310 334
f 335 311 310
f 336 312 311
f 336 311 335
f 337 314 313
f 337 313 312
f 337 312 336
f 338 314 337
f 339 314 338
f 339 315 314
f 340 315 339
f 340 317 316
f 340 316 315
f 341 317 340
f 342 317 341
f 342 318 317
f 342 319 318
f 343 319 342
f 343 344 320
f 343 320 319
f 345 18 20
f 346 18 345
f 346 345 20
f 347 346 20
f 347 18 346
f 348 347 20
f 348 18 347
f 349 348 20
f 349 325 18
f 349 18 348
f 350 325 349
f 350 326 325
f 351 327 326
f 351 326 350
f 352 328 327
f 352 327 351
f 353 329 328
f 353 328 352
f 354 329 353
f 354 330 329
f 354 331 330
f 355 331 354
f 356 331 355
f 356 332 331
f 357 332 356
f 357 333 332
f 358 333 357
f 358 334 333
f 359 334 358
f 359 335 334
f 360 335 359
f 360 336 335
f 361 338 337
f 361 336 360
f 361 337 336
f 362 338 361
f 363 338 362
f 363 339 338
f 364 340 339
f 364 341 340
f 364 339 363
f 365 341 364
f 366 342 341
f 366 341 365
f 367 344 343
f 367 368 344
f 367 343 342
f 367 342 366
f 369 20 21
f 370 20 369
f 370 369 21
f 371 20 370
f 371 370 21
f 372 20 371
f 372 371 21
f 373 349 20
f 373 20 372
f 373 372 21
f 374 350 349
f 374 349 373
f 375 351 350
f 375 350 374
f 376 352 351
f 376 351 375
f 376 353 352
f 377 353 376
f 378 353 377
f 378 354 353
f 379 354 378
f 379 355 354
f 379 356 355
f 380 357 356
f 380 356 379
f 381 357 380
f 382 357 381
f 382 358 357
f 382 359 358
f 383 359 382
f 384 360 359
f 384 361 360
f 384 359 383
f 385 361 384
f 385 362 361
f 386 362 385
f 387 362 386
f 387 363 362
f 388 363 387
f 388 364 363
f 389 364 388
f 389 365 364
f 390 366 365
f 390 365 389
f 391 368 367
f 391 366 390
f 391 392 368
f 391 367 366
f 393 21 23
f 394 21 393
f 394 393 23
f 395 21 394
f 395 394 23
f 396 395 23
f 396 21 395
f 397 21 396
f 397 396 23
f 397 373 21
f 398 374 373
f 398 373 397
f 399 375 374
f 399 374 398
f 400 376 375
f 400 375 399
f 401 376 400
f 401 377 376
f 402 378 377
f 402 377 401
f 403 379 378
f 403 378 402
f 404 380 379
f 404 379 403
f 405 381 380
f 405 380 404
f 406 382 381
f 406 381 405
f 407 383 382
f 407 382 406
f 408 384 383
f 408 383 407
f 409 385 384
f 409 384 408
f 410 386 385
f 410 385 409
f 411 386 410
f 411 387 386
f 412 388 387
f 412 389 388
f 412 387 411
f 413 389 412
f 414 389 413
f 414 390 389
f 415 390 414
f 415 416 392
f 415 417 416
f 415 391 390
f 415 392 391
f 418 23 26
f 419 418 26
f 419 23 418
f 420 23 419
f 420 419 26
f 421 420 26
f 421 23 420
f 422 397 23
f 422 398 397
f 422 23 421
f 422 421 26
f 423 398 422
f 423 399 398
f 424 399 423
f 425 399 424
f 425 400 399
f 425 401 400
f 426 401 425
f 427 401 426
f 427 402 401
f 428 402 427
f 428 403 402
f 429 403 428
f 429 404 403
f 430 404 429
f 430 405 404
f 431 405 430
f 431 407 406
f 431 406 405
f 432 407 431
f 433 408 407
f 433 407 432
f 434 410 409
f 434 408 433
f 434 409 408
f 435 410 434
f 436 411 410
f 436 410 435
f 437 412 411
f 437 411 436
f 438 413 412
f 438 412 437
f 439 414 413
f 439 413 438
f 440 417 415
f 440 415 414
f 440 414 439
f 441 26 27
f 442 441 27
f 442 26 441
f 443 442 27
f 443 26 442
f 444 443 27
f 444 26 443
f 445 26 444
f 445 444 27
f 445 422 26
f 446 422 445
f 446 423 422
f 446 424 423
f 447 424 446
f 448 424 447
f 448 425 424
f 449 427 426
f 449 426 425
f 449 425 448
f 450 427 449
f 451 427 450
f 451 428 427
f 451 429 428
f 452 429 451
f 453 429 452
f 453 430 429
f 453 431 430
f 454 431 453
f 455 431 454
f 455 432 431
f 456 432 455
f 456 433 432
f 457 433 456
f 457 434 433
f 458 434 457
f 458 435 434
f 459 436 435
f 459 435 458
f 460 436 459
f 460 437 436
f 461 437 460
f 461 438 437
f 462 438 461
f 462 439 438
f 462 440 439
f 463 417 440
f 463 464 417
f 463 440 462
f 465 27 29
f 466 465 29
f 466 27 465
f 467 466 29
f 467 27 466
f 468 467 29
f 468 27 467
f 469 27 468
f 469 445 27
f 469 468 29
f 469 446 445
f 470 447 446
f 470 446 469
f 471 447 470
f 472 447 471
f 472 448 447
f 472 449 448
f 473 450 449
f 473 449 472
f 474 450 473
f 475 451 450
f 475 452 451
f 475 450 474
f 476 452 475
f 477 453 452
f 477 452 476
f 478 454 453
f 478 455 454
f 478 453 477
f 479 455 478
f 480 456 455
f 480 455 479
f 481 456 480
f 481 457 456
f 481 458 457
f 482 458 481
f 483 459 458
f 483 458 482
f 484 459 483
f 484 460 459
f 485 460 484
f 485 461 460
f 486 461 485
f 486 462 461
f 486 463 462
f 487 463 486
f 487 488 464
f 487 464 463
f 489 29 31
f 490 489 31
f 490 29 489
f 491 29 490
f 491 490 31
f 492 491 31
f 492 29 491
f 493 469 29
f 493 29 492
f 493 492 31
f 494 469 493
f 494 471 470
f 494 470 469
f 495 471 494
f 496 472 471
f 496 471 495
f 497 472 496
f 497 473 472
f 497 474 473
f 498 474 497
f 499 474 498
f 499 475 474
f 500 475 499
f 500 476 475
f 501 477 476
f 501 476 500
f 502 479 478
f 502 478 477
f 502 477 501
f 503 479 502
f 504 480 479
f 504 479 503
f 505 481 480
f 505 482 481
f 505 480 504
f 506 482 505
f 507 483 482
f 507 484 483
f 507 482 506
f 508 484 507
f 509 485 484
f 509 484 508
f 510 486 485
f 510 485 509
f 511 487 486
f 511 488 487
f 511 512 488
f 511 486 510
f 513 31 34
f 514 513 34
f 514 31 513
f 515 31 514
f 515 514 34
f 516 31 515
f 516 515 34
f 517 31 516
f 517 493 31
f 517 516 34
f 518 494 493
f 518 493 517
f 519 494 518
f 519 495 494
f 519 496 495
f 520 496 519
f 521 496 520
f 521 497 496
f 522 498 497
f 522 497 521
f 523 499 498
f 523 498 522
f 524 500 499
f 524 499 523
f 525 500 524
f 525 501 500
f 526 502 501
f 526 501 525
f 527 502 526
f 527 503 502
f 528 503 527
f 528 504 503
f 529 504 528
f 529 505 504
f 530 505 529
f 530 506 505
f 531 506 530
f 531 507 506
f 532 508 507
f 532 507 531
f 533 508 532
f 533 509 508
f 534 509 533
f 534 510 509
f 535 536 512
f 535 510 534
f 535 512 511
f 535 511 510
f 537 34 35
f 538 537 35
f 538 34 537
f 539 34 538
f 539 538 35
f 540 539 35
f 540 34 539
f 541 518 517
f 541 34 540
f 541 517 34
f 542 519 518
f 542 518 541
f 543 519 542
f 544 519 543
f 544 520 519
f 545 520 544
f 545 521 520
f 545 522 521
f 546 523 522
f 546 522 545
f 547 523 546
f 548 523 547
f 548 524 523
f 549 526 525
f 549 525 524
f 549 524 548
f 550 526 549
f 551 526 550
f 551 527 526
f 552 527 551
f 552 528 527
f 553 529 528
f 553 530 529
f 553 528 552
f 554 530 553
f 555 530 554
f 555 531 530
f 556 532 531
f 556 531 555
f 557 532 556
f 557 533 532
f 558 533 557
f 558 534 533
f 559 534 558
f 559 560 536
f 559 536 535
f 559 535 534
f 561 35 40
f 562 561 40
f 562 35 561
f 563 35 562
f 563 562 40
f 564 540 35
f 564 35 563
f 564 563 40
f 565 540 564
f 565 541 540
f 566 541 565
f 566 542 541
f 566 543 542
f 567 543 566
f 568 544 543
f 568 545 544
f 568 543 567
f 569 545 568
f 570 545 569
f 570 546 545
f 571 546 570
f 571 547 546
f 572 548 547
f 572 547 571
f 573 549 548
f 573 548 572
f 573 550 549
f 574 550 573
f 575 551 550
f 575 550 574
f 576 552 551
f 576 551 575
f 577 553 552
f 577 552 576
f 578 554 553
f 578 553 577
f 579 555 554
f 579 554 578
f 580 556 555
f 580 555 579
f 581 557 556
f 581 558 557
f 581 556 580
f 582 558 581
f 583 559 558
f 583 560 559
f 583 584 560
f 583 558 582
f 585 40 46
f 586 585 46
f 586 40 585
f 587 586 46
f 587 40 586
f 588 40 587
f 588 587 46
f 588 564 40
f 589 566 565
f 589 564 588
f 589 565 564
f 590 566 589
f 590 567 566
f 591 567 590
f 592 568 567
f 592 567 591
f 593 568 592
f 593 569 568
f 594 569 593
f 594 570 569
f 595 570 594
f 595 571 570
f 596 571 595
f 596 572 571
f 597 572 596
f 597 573 572
f 598 574 573
f 598 573 597
f 599 575 574
f 599 574 598
f 600 576 575
f 600 575 599
f 601 577 576
f 601 576 600
f 602 577 601
f 602 578 577
f 603 578 602
f 603 579 578
f 604 580 579
f 604 579 603
f 605 580 604
f 605 581 580
f 606 582 581
f 606 581 605
f 607 608 584
f 607 582 606
f 607 584 583
f 607 583 582
f 609 46 50
f 610 46 609
f 610 609 50
f 611 46 610
f 611 610 50
f 612 588 46
f 612 46 611
f 612 611 50
f 612 589 588
f 613 590 589
f 613 589 612
f 614 590 613
f 615 591 590
f 615 590 614
f 616 592 591
f 616 593 592
f 616 591 615
f 617 593 616
f 618 593 617
f 618 594 593
f 618 595 594
f 619 595 618
f 620 596 595
f 620 595 619
f 621 596 620
f 621 597 596
f 621 598 597
f 622 598 621
f 623 598 622
f 623 599 598
f 624 599 623
f 624 600 599
f 625 600 624
f 625 601 600
f 626 601 625
f 626 602 601
f 626 603 602
f 627 603 626
f 628 603 627
f 628 604 603
f 628 605 604
f 629 605 628
f 629 606 605
f 630 606 629
f 631 606 630
f 631 632 608
f 631 608 607
f 631 607 606
f 633 50 54
f 634 633 54
f 634 50 633
f 635 50 634
f 635 634 54
f 636 635 54
f 636 612 50
f 636 50 635
f 637 613 612
f 637 612 636
f 638 613 637
f 638 614 613
f 639 615 614
f 639 614 638
f 640 615 639
f 640 616 615
f 641 616 640
f 641 617 616
f 642 617 641
f 642 618 617
f 643 619 618
f 643 618 642
f 644 620 619
f 644 619 643
f 645 621 620
f 645 620 644
f 646 621 645
f 646 622 621
f 647 623 622
f 647 622 646
f 648 624 623
f 648 623 647
f 649 625 624
f 649 624 648
f 650 626 625
f 650 625 649
f 651 627 626
f 651 626 650
f 652 628 627
f 652 627 651
f 653 629 628
f 653 628 652
f 654 630 629
f 654 629 653
f 655 631 630
f 655 656 632
f 655 657 656
f 655 630 654
f 655 632 631
f 658 54 58
f 659 658 58
f 659 54 658
f 660 54 659
f 660 659 58
f 661 54 660
f 661 660 58
f 661 636 54
f 662 636 661
f 662 637 636
f 663 637 662
f 663 638 637
f 664 638 663
f 664 640 639
f 664 639 638
f 665 640 664
f 666 640 665
f 666 641 640
f 666 642 641
f 667 642 666
f 668 643 642
f 668 642 667
f 669 643 668
f 669 644 643
f 669 645 644
f 670 645 669
f 671 645 670
f 671 646 645
f 671 647 646
f 672 647 671
f 672 648 647
f 673 648 672
f 674 648 673
f 674 649 648
f 675 650 649
f 675 649 674
f 675 651 650
f 676 651 675
f 677 651 676
f 677 652 651
f 677 653 652
f 678 653 677
f 679 654 653
f 679 653 678
f 680 681 657
f 680 654 679
f 680 657 655
f 680 655 654
f 682 58 61
f 683 58 682
f 683 682 61
f 684 683 61
f 684 58 683
f 685 662 661
f 685 684 61
f 685 661 58
f 685 58 684
f 686 662 685
f 687 663 662
f 687 662 686
f 688 664 663
f 688 665 664
f 688 663 687
f 689 665 688
f 690 666 665
f 690 665 689
f 691 666 690
f 691 667 666
f 692 667 691
f 692 668 667
f 693 669 668
f 693 670 669
f 693 668 692
f 694 670 693
f 695 670 694
f 695 671 670
f 696 672 671
f 696 671 695
f 697 673 672
f 697 672 696
f 698 673 697
f 698 674 673
f 699 675 674
f 699 674 698
f 699 676 675
f 700 676 699
f 701 676 700
f 701 677 676
f 702 677 701
f 702 678 677
f 702 679 678
f 703 679 702
f 704 679 703
f 704 681 680
f 704 680 679
f 705 61 62
f 706 61 705
f 706 705 62
f 707 61 706
f 707 706 62
f 708 707 62
f 708 61 707
f 708 685 61
f 709 686 685
f 709 685 708
f 710 687 686
f 710 686 709
f 711 687 710
f 711 688 687
f 712 688 711
f 712 689 688
f 713 689 712
f 713 690 689
f 714 691 690
f 714 690 713
f 715 692 691
f 715 691 714
f 716 693 692
f 716 692 715
f 717 694 693
f 717 695 694
f 717 693 716
f 718 696 695
f 718 695 717
f 719 696 718
f 720 697 696
f 720 696 719
f 721 698 697
f 721 697 720
f 722 699 698
f 722 698 721
f 723 700 699
f 723 699 722
f 724 701 700
f 724 702 701
f 724 700 723
f 725 702 724
f 726 703 702
f 726 704 703
f 726 702 725
f 727 704 726
f 727 681 704
f 727 728 681
f 729 62 64
f 730 62 729
f 730 729 64
f 731 730 64
f 731 62 730
f 732 62 731
f 732 731 64
f 732 708 62
f 733 709 708
f 733 708 732
f 734 710 709
f 734 709 733
f 735 710 734
f 735 711 710
f 736 711 735
f 736 712 711
f 737 712 736
f 737 713 712
f 738 714 713
f 738 715 714
f 738 713 737
f 739 715 738
f 740 715 739
f 740 716 715
f 741 716 740
f 741 717 716
f 742 717 741
f 742 718 717
f 743 719 718
f 743 718 742
f 744 719 743
f 744 720 719
f 745 720 744
f 745 721 720
f 746 721 745
f 746 722 721
f 747 722 746
f 747 723 722
f 748 724 723
f 748 723 747
f 749 725 724
f 749 724 748
f 750 725 749
f 750 726 725
f 751 727 726
f 751 728 727
f 751 752 728
f 751 753 752
f 751 726 750
f 754 64 65
f 755 754 65
f 755 64 754
f 756 64 755
f 756 755 65
f 757 732 64
f 757 64 756
f 757 756 65
f 758 733 732
f 758 734 733
f 758 732 757
f 759 734 758
f 760 735 734
f 760 734 759
f 761 736 735
f 761 735 760
f 762 737 736
f 762 736 761
f 763 738 737
f 763 737 762
f 764 739 738
f 764 738 763
f 765 740 739
f 765 741 740
f 765 739 764
f 766 741 765
f 767 742 741
f 767 741 766
f 768 742 767
f 768 744 743
f 768 743 742
f 769 744 768
f 770 744 769
f 770 745 744
f 771 745 770
f 771 746 745
f 772 746 771
f 772 747 746
f 773 747 772
f 773 748 747
f 774 748 773
f 774 749 748
f 775 749 774
f 775 750 749
f 776 750 775
f 776 753 751
f 776 751 750
f 777 65 67
f 778 65 777
f 778 777 67
f 779 778 67
f 779 65 778
f 780 65 779
f 780 757 65
f 781 758 757
f 781 757 780
f 782 759 758
f 782 758 781
f 783 759 782
f 783 760 759
f 784 761 760
f 784 762 761
f 784 760 783
f 785 762 784
f 786 763 762
f 786 762 785
f 787 764 763
f 787 763 786
f 788 765 764
f 788 764 787
f 789 766 765
f 789 767 766
f 789 765 788
f 790 767 789
f 791 768 767
f 791 767 790
f 792 769 768
f 792 768 791
f 793 770 769
f 793 769 792
f 794 770 793
f 794 771 770
f 795 772 771
f 795 771 794
f 796 773 772
f 796 774 773
f 796 772 795
f 797 774 796
f 797 775 774
f 798 775 797
f 799 775 798
f 799 776 775
f 799 753 776
f 799 800 753
f 801 67 70
f 802 801 70
f 802 67 801
f 803 802 70
f 803 67 802
f 803 779 67
f 804 779 803
f 804 780 779
f 804 781 780
f 805 781 804
f 805 782 781
f 806 782 805
f 807 782 806
f 807 783 782
f 808 783 807
f 808 784 783
f 809 785 784
f 809 784 808
f 810 785 809
f 810 786 785
f 811 786 810
f 811 787 786
f 812 787 811
f 812 788 787
f 812 789 788
f 813 789 812
f 814 790 789
f 814 789 813
f 815 790 814
f 815 791 790
f 816 791 815
f 816 792 791
f 817 792 816
f 817 793 792
f 818 793 817
f 818 794 793
f 819 795 794
f 819 794 818
f 820 796 795
f 820 795 819
f 821 797 796
f 821 796 820
f 822 797 821
f 822 799 798
f 822 798 797
f 823 799 822
f 823 800 799
f 823 824 800
f 823 825 824
f 826 70 71
f 827 70 826
f 827 826 71
f 828 803 70
f 828 827 71
f 828 70 827
f 829 804 803
f 829 805 804
f 829 803 828
f 830 806 805
f 830 805 829
f 831 807 806
f 831 806 830
f 832 807 831
f 833 808 807
f 833 807 832
f 834 808 833
f 834 809 808
f 834 810 809
f 835 810 834
f 836 810 835
f 836 811 810
f 837 811 836
f 837 812 811
f 837 813 812
f 838 813 837
f 839 813 838
f 839 815 814
f 839 814 813
f 840 815 839
f 841 815 840
f 841 817 816
f 841 816 815
f 842 817 841
f 842 818 817
f 843 818 842
f 844 818 843
f 844 819 818
f 845 819 844
f 845 820 819
f 846 820 845
f 846 821 820
f 847 821 846
f 847 822 821
f 848 823 822
f 848 822 847
f 848 849 825
f 848 825 823
f 850 71 73
f 851 850 73
f 851 71 850
f 852 828 71
f 852 851 73
f 852 71 851
f 852 829 828
f 853 829 852
f 854 830 829
f 854 829 853
f 855 830 854
f 855 831 830
f 855 832 831
f 856 832 855
f 857 833 832
f 857 832 856
f 858 834 833
f 858 833 857
f 859 835 834
f 859 834 858
f 860 836 835
f 860 835 859
f 861 837 836
f 861 836 860
f 862 838 837
f 862 837 861
f 863 839 838
f 863 838 862
f 864 840 839
f 864 839 863
f 865 841 840
f 865 842 841
f 865 840 864
f 866 842 865
f 867 843 842
f 867 842 866
f 868 843 867
f 868 844 843
f 869 844 868
f 869 845 844
f 870 846 845
f 870 845 869
f 871 846 870
f 871 847 846
f 872 847 871
f 872 848 847
f 872 849 848
f 873 73 76
f 874 873 76
f 874 73 873
f 875 874 76
f 875 73 874
f 875 852 73
f 876 852 875
f 876 853 852
f 877 855 854
f 877 853 876
f 877 854 853
f 878 855 877
f 879 856 855
f 879 855 878
f 880 856 879
f 880 857 856
f 881 858 857
f 881 859 858
f 881 857 880
f 882 859 881
f 882 860 859
f 883 860 882
f 884 860 883
f 884 861 860
f 884 862 861
f 885 862 884
f 886 863 862
f 886 862 885
f 887 863 886
f 887 864 863
f 888 864 887
f 888 865 864
f 889 866 865
f 889 865 888
f 890 866 889
f 890 867 866
f 891 868 867
f 891 867 890
f 892 869 868
f 892 868 891
f 893 870 869
f 893 869 892
f 894 871 870
f 894 872 871
f 894 870 893
f 895 849 872
f 895 872 894
f 895 896 849
f 895 897 896
f 898 76 78
f 899 76 898
f 899 898 78
f 900 875 76
f 900 899 78
f 900 76 899
f 901 876 875
f 901 877 876
f 901 875 900
f 902 877 901
f 903 878 877
f 903 877 902
f 904 878 903
f 904 880 879
f 904 879 878
f 905 880 904
f 906 881 880
f 906 880 905
f 907 881 906
f 907 882 881
f 908 882 907
f 908 883 882
f 909 883 908
f 909 884 883
f 909 885 884
f 910 885 909
f 911 885 910
f 911 886 885
f 912 886 911
f 912 887 886
f 913 887 912
f 913 889 888
f 913 888 887
f 914 889 913
f 915 889 914
f 915 890 889
f 916 890 915
f 916 891 890
f 917 891 916
f 917 892 891
f 918 892 917
f 918 893 892
f 919 893 918
f 919 894 893
f 920 894 919
f 920 921 897
f 920 895 894
f 920 897 895
f 922 78 79
f 923 922 79
f 923 78 922
f 924 923 79
f 924 78 923
f 924 900 78
f 925 900 924
f 925 901 900
f 926 903 902
f 926 902 901
f 926 901 925
f 927 904 903
f 927 903 926
f 928 904 927
f 929 905 904
f 929 906 905
f 929 904 928
f 930 906 929
f 931 907 906
f 931 906 930
f 932 908 907
f 932 907 931
f 933 909 908
f 933 908 932
f 934 910 909
f 934 909 933
f 934 911 910
f 935 911 934
f 936 912 911
f 936 911 935
f 937 913 912
f 937 914 913
f 937 912 936
f 938 914 937
f 939 915 914
f 939 914 938
f 940 915 939
f 940 916 915
f 941 916 940
f 941 917 916
f 941 918 917
f 942 918 941
f 943 918 942
f 943 919 918
f 943 920 919
f 944 920 943
f 944 921 920
f 944 945 921
f 946 79 81
f 947 946 81
f 947 79 946
f 948 947 81
f 948 79 947
f 948 924 79
f 949 925 924
f 949 924 948
f 950 925 949
f 950 926 925
f 950 927 926
f 951 927 950
f 951 928 927
f 952 928 951
f 953 928 952
f 953 930 929
f 953 929 928
f 954 930 953
f 955 930 954
f 955 931 930
f 955 932 931
f 956 932 955
f 957 932 956
f 957 933 932
f 957 934 933
f 958 934 957
f 958 935 934
f 959 935 958
f 960 936 935
f 960 935 959
f 961 936 960
f 961 937 936
f 962 938 937
f 962 939 938
f 962 937 961
f 963 939 962
f 964 940 939
f 964 939 963
f 965 941 940
f 965 942 941
f 965 940 964
f 966 942 965
f 967 943 942
f 967 944 943
f 967 942 966
f 968 944 967
f 968 945 944
f 969 81 84
f 970 81 969
f 970 969 84
f 971 948 81
f 971 81 970
f 972 949 948
f 972 948 971
f 973 950 949
f 973 949 972
f 974 951 950
f 974 950 973
f 975 952 951
f 975 951 974
f 976 952 975
f 976 953 952
f 977 953 976
f 977 954 953
f 978 954 977
f 978 955 954
f 979 956 955
f 979 955 978
f 980 956 979
f 980 957 956
f 981 957 980
f 981 958 957
f 982 959 958
f 982 958 981
f 983 959 982
f 983 960 959
f 984 960 983
f 984 961 960
f 985 961 984
f 985 962 961
f 986 963 962
f 986 962 985
f 987 963 986
f 987 964 963
f 987 965 964
f 988 965 987
f 989 966 965
f 989 965 988
f 990 966 989
f 990 967 966
f 991 967 990
f 991 992 945
f 991 993 992
f 991 968 967
f 991 945 968
f 994 84 86
f 995 84 994
f 995 970 84
f 995 994 86
f 995 971 970
f 996 971 995
f 997 971 996
f 997 972 971
f 998 973 972
f 998 974 973
f 998 972 997
f 999 975 974
f 999 974 998
f 1000 975 999
f 1001 976 975
f 1001 975 1000
f 1002 977 976
f 1002 978 977
f 1002 976 1001
f 1003 979 978
f 1003 978 1002
f 1004 979 1003
f 1005 979 1004
f 1005 980 979
f 1005 981 980
f 1006 981 1005
f 1007 982 981
f 1007 981 1006
f 1008 982 1007
f 1008 983 982
f 1009 984 983
f 1009 983 1008
f 1010 984 1009
f 1010 985 984
f 1010 986 985
f 1011 986 1010
f 1012 986 1011
f 1012 987 986
f 1013 987 1012
f 1013 988 987
f 1014 988 1013
f 1014 989 988
f 1015 989 1014
f 1015 990 989
f 1015 991 990
f 1016 991 1015
f 1016 993 991
f 1017 86 88
f 1018 995 86
f 1018 996 995
f 1018 1017 88
f 1018 86 1017
f 1019 996 1018
f 1020 996 1019
f 1020 997 996
f 1021 997 1020
f 1021 998 997
f 1022 998 1021
f 1022 999 998
f 1022 1000 999
f 1023 1000 1022
f 1024 1000 1023
f 1024 1001 1000
f 1024 1002 1001
f 1025 1002 1024
f 1026 1002 1025
f 1026 1003 1002
f 1026 1004 1003
f 1027 1004 1026
f 1028 1005 1004
f 1028 1004 1027
f 1028 1006 1005
f 1029 1007 1006
f 1029 1006 1028
f 1030 1007 1029
f 1031 1008 1007
f 1031 1007 1030
f 1032 1009 1008
f 1032 1008 1031
f 1033 1009 1032
f 1033 1010 1009
f 1034 1011 1010
f 1034 1010 1033
f 1035 1012 1011
f 1035 1011 1034
f 1036 1013 1012
f 1036 1014 1013
f 1036 1012 1035
f 1037 1014 1036
f 1038 1014 1037
f 1038 1015 1014
f 1039 1015 1038
f 1039 1016 1015
f 1039 993 1016
f 1039 1040 993
f 1039 1041 1040
f 1042 88 89
f 1043 1042 89
f 1043 88 1042
f 1043 1018 88
f 1044 1018 1043
f 1044 1019 1018
f 1045 1019 1044
f 1045 1020 1019
f 1046 1021 1020
f 1046 1020 1045
f 1047 1021 1046
f 1047 1022 1021
f 1047 1023 1022
f 1048 1023 1047
f 1049 1023 1048
f 1049 1024 1023
f 1050 1026 1025
f 1050 1025 1024
f 1050 1024 1049
f 1051 1026 1050
f 1052 1026 1051
f 1052 1027 1026
f 1053 1027 1052
f 1053 1028 1027
f 1053 1029 1028
f 1054 1029 1053
f 1055 1030 1029
f 1055 1029 1054
f 1056 1030 1055
f 1056 1031 1030
f 1057 1033 1032
f 1057 1032 1031
f 1057 1031 1056
f 1058 1033 1057
f 1059 1033 1058
f 1059 1034 1033
f 1060 1034 1059
f 1060 1035 1034
f 1060 1036 1035
f 1061 1036 1060
f 1062 1037 1036
f 1062 1036 1061
f 1063 1037 1062
f 1063 1038 1037
f 1063 1039 1038
f 1064 1039 1063
f 1064 1041 1039
f 1065 89 91
f 1066 1065 91
f 1066 1043 89
f 1066 89 1065
f 1067 1044 1043
f 1067 1043 1066
f 1068 1045 1044
f 1068 1044 1067
f 1069 1046 1045
f 1069 1045 1068
f 1070 1047 1046
f 1070 1046 1069
f 1071 1048 1047
f 1071 1049 1048
f 1071 1047 1070
f 1072 1049 1071
f 1072 1050 1049
f 1073 1050 1072
f 1074 1051 1050
f 1074 1052 1051
f 1074 1050 1073
f 1075 1052 1074
f 1076 1052 1075
f 1076 1053 1052
f 1077 1053 1076
f 1077 1054 1053
f 1077 1055 1054
f 1078 1055 1077
f 1079 1055 1078
f 1079 1056 1055
f 1080 1057 1056
f 1080 1058 1057
f 1080 1056 1079
f 1081 1059 1058
f 1081 1058 1080
f 1082 1059 1081
f 1083 1059 1082
f 1083 1060 1059
f 1083 1061 1060
f 1084 1061 1083
f 1085 1063 1062
f 1085 1061 1084
f 1085 1062 1061
f 1086 1063 1085
f 1087 1063 1086
f 1087 1064 1063
f 1087 1041 1064
f 1087 1088 1041
f 1089 91 94
f 1090 1066 91
f 1090 91 1089
f 1091 1066 1090
f 1091 1068 1067
f 1091 1067 1066
f 1092 1068 1091
f 1093 1069 1068
f 1093 1068 1092
f 1093 1070 1069
f 1094 1070 1093
f 1095 1070 1094
f 1095 1072 1071
f 1095 1071 1070
f 1096 1072 1095
f 1097 1073 1072
f 1097 1072 1096
f 1098 1073 1097
f 1098 1074 1073
f 1098 1075 1074
f 1099 1075 1098
f 1100 1075 1099
f 1100 1076 1075
f 1101 1076 1100
f 1101 1077 1076
f 1102 1078 1077
f 1102 1077 1101
f 1103 1078 1102
f 1103 1079 1078
f 1104 1080 1079
f 1104 1079 1103
f 1105 1081 1080
f 1105 1080 1104
f 1106 1082 1081
f 1106 1081 1105
f 1107 1083 1082
f 1107 1082 1106
f 1108 1084 1083
f 1108 1083 1107
f 1109 1085 1084
f 1109 1084 1108
f 1110 1086 1085
f 1110 1085 1109
f 1111 1087 1086
f 1111 1088 1087
f 1111 1112 1088
f 1111 1086 1110
f 1113 94 95
f 1113 1089 94
f 1114 1089 1113
f 1114 1090 1089
f 1115 1090 1114
f 1115 1091 1090
f 1116 1091 1115
f 1116 1092 1091
f 1117 1092 1116
f 1117 1093 1092
f 1118 1093 1117
f 1118 1094 1093
f 1119 1094 1118
f 1119 1095 1094
f 1120 1095 1119
f 1120 1096 1095
f 1120 1097 1096
f 1121 1097 1120
f 1122 1097 1121
f 1122 1098 1097
f 1123 1098 1122
f 1123 1099 1098
f 1124 1099 1123
f 1124 1100 1099
f 1125 1100 1124
f 1125 1101 1100
f 1126 1101 1125
f 1126 1102 1101
f 1127 1103 1102
f 1127 1102 1126
f 1127 1104 1103
f 1128 1104 1127
f 1129 1104 1128
f 1129 1105 1104
f 1129 1106 1105
f 1130 1106 1129
f 1131 1106 1130
f 1131 1107 1106
f 1132 1107 1131
f 1132 1108 1107
f 1133 1109 1108
f 1133 1108 1132
f 1133 1110 1109
f 1134 1110 1133
f 1135 1112 1111
f 1135 1111 1110
f 1135 1110 1134
f 1135 1136 1112
f 1137 1113 95
f 1137 95 97
f 1138 1115 1114
f 1138 1113 1137
f 1138 1114 1113
f 1139 1115 1138
f 1139 1116 1115
f 1140 1116 1139
f 1141 1117 1116
f 1141 1118 1117
f 1141 1116 1140
f 1142 1118 1141
f 1143 1119 1118
f 1143 1118 1142
f 1144 1120 1119
f 1144 1121 1120
f 1144 1119 1143
f 1145 1121 1144
f 1146 1122 1121
f 1146 1121 1145
f 1147 1123 1122
f 1147 1122 1146
f 1148 1124 1123
f 1148 1123 1147
f 1149 1124 1148
f 1149 1125 1124
f 1150 1125 1149
f 1150 1126 1125
f 1151 1127 1126
f 1151 1128 1127
f 1151 1126 1150
f 1152 1129 1128
f 1152 1128 1151
f 1153 1129 1152
f 1154 1129 1153
f 1154 1130 1129
f 1155 1131 1130
f 1155 1130 1154
f 1156 1131 1155
f 1156 1132 1131
f 1157 1133 1132
f 1157 1132 1156
f 1158 1133 1157
f 1158 1134 1133
f 1159 1134 1158
f 1159 1135 1134
f 1159 1136 1135
f 1159 1160 1136
f 1161 97 100
f 1161 100 101
f 1161 1137 97
f 1162 1138 1137
f 1162 1137 1161
f 1163 1139 1138
f 1163 1138 1162
f 1164 1139 1163
f 1164 1140 1139
f 1165 1141 1140
f 1165 1140 1164
f 1166 1141 1165
f 1166 1142 1141
f 1167 1143 1142
f 1167 1142 1166
f 1168 1143 1167
f 1168 1144 1143
f 1169 1145 1144
f 1169 1144 1168
f 1169 1146 1145
f 1170 1146 1169
f 1171 1146 1170
f 1171 1147 1146
f 1172 1148 1147
f 1172 1147 1171
f 1173 1149 1148
f 1173 1150 1149
f 1173 1148 1172
f 1174 1150 1173
f 1175 1151 1150
f 1175 1150 1174
f 1176 1152 1151
f 1176 1151 1175
f 1177 1153 1152
f 1177 1154 1153
f 1177 1152 1176
f 1178 1154 1177
f 1179 1155 1154
f 1179 1156 1155
f 1179 1154 1178
f 1180 1156 1179
f 1181 1156 1180
f 1181 1157 1156
f 1181 1158 1157
f 1182 1158 1181
f 1183 1158 1182
f 1183 1159 1158
f 1183 1160 1159
f 1183 1184 1160
f 1185 1161 101
f 1185 1162 1161
f 1186 1162 1185
f 1187 1163 1162
f 1187 1164 1163
f 1187 1162 1186
f 1188 1164 1187
f 1189 1165 1164
f 1189 1164 1188
f 1190 1165 1189
f 1190 1166 1165
f 1191 1167 1166
f 1191 1166 1190
f 1192 1168 1167
f 1192 1169 1168
f 1192 1167 1191
f 1193 1169 1192
f 1194 1169 1193
f 1194 1170 1169
f 1195 1171 1170
f 1195 1170 1194
f 1196 1171 1195
f 1196 1172 1171
f 1197 1173 1172
f 1197 1174 1173
f 1197 1172 1196
f 1198 1174 1197
f 1199 1174 1198
f 1199 1175 1174
f 1200 1177 1176
f 1200 1175 1199
f 1200 1176 1175
f 1201 1177 1200
f 1202 1177 1201
f 1202 1178 1177
f 1202 1179 1178
f 1203 1179 1202
f 1203 1180 1179
f 1204 1180 1203
f 1205 1182 1181
f 1205 1181 1180
f 1205 1180 1204
f 1206 1182 1205
f 1207 1183 1182
f 1207 1184 1183
f 1207 1206 1208
f 1207 1208 1184
f 1207 1182 1206
f 1209 1185 101
f 1209 101 104
f 1210 1186 1185
f 1210 1185 1209
f 1211 1186 1210
f 1211 1187 1186
f 1212 1188 1187
f 1212 1187 1211
f 1213 1189 1188
f 1213 1188 1212
f 1214 1190 1189
f 1214 1189 1213
f 1215 1191 1190
f 1215 1190 1214
f 1216 1192 1191
f 1216 1191 1215
f 1217 1193 1192
f 1217 1192 1216
f 1218 1194 1193
f 1218 1193 1217
f 1219 1195 1194
f 1219 1194 1218
f 1220 1196 1195
f 1220 1195 1219
f 1220 1197 1196
f 1221 1197 1220
f 1222 1198 1197
f 1222 1197 1221
f 1223 1198 1222
f 1223 1199 1198
f 1224 1199 1223
f 1224 1200 1199
f 1225 1200 1224
f 1225 1201 1200
f 1226 1202 1201
f 1226 1201 1225
f 1227 1203 1202
f 1227 1202 1226
f 1228 1203 1227
f 1228 1204 1203
f 1229 1205 1204
f 1229 1204 1228
f 1230 1205 1229
f 1230 1206 1205
f 1230 1208 1206
f 1231 1208 1230
f 1231 1230 1232
f 1231 1232 1208
f 1233 104 105
f 1233 1209 104
f 1234 1209 1233
f 1234 1210 1209
f 1235 1211 1210
f 1235 1212 1211
f 1235 1210 1234
f 1236 1212 1235
f 1237 1212 1236
f 1237 1213 1212
f 1237 1214 1213
f 1238 1214 1237
f 1239 1214 1238
f 1239 1215 1214
f 1239 1216 1215
f 1240 1216 1239
f 1241 1217 1216
f 1241 1216 1240
f 1242 1218 1217
f 1242 1217 1241
f 1243 1219 1218
f 1243 1218 1242
f 1244 1220 1219
f 1244 1219 1243
f 1245 1221 1220
f 1245 1222 1221
f 1245 1220 1244
f 1246 1222 1245
f 1247 1223 1222
f 1247 1222 1246
f 1248 1224 1223
f 1248 1223 1247
f 1249 1225 1224
f 1249 1226 1225
f 1249 1224 1248
f 1250 1226 1249
f 1251 1227 1226
f 1251 1228 1227
f 1251 1226 1250
f 1252 1228 1251
f 1253 1228 1252
f 1253 1229 1228
f 1253 1230 1229
f 1254 1230 1253
f 1254 1232 1230
f 1255 1232 1254
f 1255 1254 1256
f 1255 1256 1232
f 1257 1233 105
f 1257 105 107
f 1257 1234 1233
f 1258 1234 1257
f 1259 1235 1234
f 1259 1234 1258
f 1259 1236 1235
f 1260 1236 1259
f 1261 1237 1236
f 1261 1236 1260
f 1261 1238 1237
f 1262 1238 1261
f 1263 1240 1239
f 1263 1238 1262
f 1263 1239 1238
f 1264 1240 1263
f 1264 1241 1240
f 1265 1241 1264
f 1265 1242 1241
f 1266 1242 1265
f 1267 1243 1242
f 1267 1242 1266
f 1268 1243 1267
f 1268 1244 1243
f 1268 1245 1244
f 1269 1245 1268
f 1270 1245 1269
f 1270 1246 1245
f 1271 1246 1270
f 1271 1247 1246
f 1272 1247 1271
f 1272 1249 1248
f 1272 1248 1247
f 1273 1249 1272
f 1273 1250 1249
f 1274 1250 1273
f 1275 1251 1250
f 1275 1250 1274
f 1275 1252 1251
f 1276 1252 1275
f 1277 1253 1252
f 1277 1252 1276
f 1278 1254 1253
f 1278 1256 1254
f 1278 1253 1277
f 1278 1277 1279
f 1280 1256 1278
f 1280 1278 1279
f 1280 1279 1256
f 1281 107 110
f 1281 1257 107
f 1282 1257 1281
f 1282 1258 1257
f 1283 1258 1282
f 1283 1259 1258
f 1284 1259 1283
f 1284 1260 1259
f 1285 1261 1260
f 1285 1260 1284
f 1286 1262 1261
f 1286 1261 1285
f 1287 1262 1286
f 1287 1263 1262
f 1288 1264 1263
f 1288 1263 1287
f 1289 1264 1288
f 1289 1265 1264
f 1290 1265 1289
f 1290 1266 1265
f 1291 1266 1290
f 1291 1267 1266
f 1292 1268 1267
f 1292 1267 1291
f 1293 1268 1292
f 1293 1269 1268
f 1294 1269 1293
f 1294 1270 1269
f 1295 1271 1270
f 1295 1270 1294
f 1296 1271 1295
f 1296 1272 1271
f 1297 1272 1296
f 1297 1273 1272
f 1297 1274 1273
f 1298 1274 1297
f 1299 1274 1298
f 1299 1275 1274
f 1300 1275 1299
f 1300 1276 1275
f 1301 1277 1276
f 1301 1276 1300
f 1301 1279 1277
f 1302 1279 1301
f 1302 1301 1303
f 1304 1279 1302
f 1304 1302 1303
f 1304 1303 1279
f 1305 110 111
f 1305 1281 110
f 1306 1281 1305
f 1306 1282 1281
f 1307 1283 1282
f 1307 1282 1306
f 1308 1283 1307
f 1308 1284 1283
f 1309 1285 1284
f 1309 1284 1308
f 1310 1285 1309
f 1310 1286 1285
f 1311 1287 1286
f 1311 1286 1310
f 1312 1288 1287
f 1312 1287 1311
f 1313 1289 1288
f 1313 1288 1312
f 1314 1290 1289
f 1314 1289 1313
f 1315 1291 1290
f 1315 1290 1314
f 1316 1292 1291
f 1316 1291 1315
f 1317 1293 1292
f 1317 1292 1316
f 1318 1294 1293
f 1318 1293 1317
f 1319 1295 1294
f 1319 1294 1318
f 1320 1296 1295
f 1320 1297 1296
f 1320 1295 1319
f 1321 1297 1320
f 1322 1299 1298
f 1322 1298 1297
f 1322 1297 1321
f 1323 1299 1322
f 1324 1300 1299
f 1324 1299 1323
f 1325 1300 1324
f 1325 1301 1300
f 1325 1303 1301
f 1326 1303 1325
f 1326 1325 1327
f 1328 1303 1326
f 1328 1326 1327
f 1328 1327 1303
f 1329 1305 111
f 1329 111 114
f 1329 114 115
f 1330 1306 1305
f 1330 1305 1329
f 1331 1306 1330
f 1331 1307 1306
f 1332 1308 1307
f 1332 1307 1331
f 1333 1308 1332
f 1333 1309 1308
f 1334 1309 1333
f 1334 1310 1309
f 1335 1310 1334
f 1335 1312 1311
f 1335 1311 1310
f 1336 1312 1335
f 1337 1312 1336
f 1337 1313 1312
f 1338 1313 1337
f 1338 1314 1313
f 1339 1314 1338
f 1339 1315 1314
f 1340 1316 1315
f 1340 1315 1339
f 1340 1317 1316
f 1341 1317 1340
f 1342 1317 1341
f 1342 1318 1317
f 1343 1318 1342
f 1343 1319 1318
f 1343 1320 1319
f 1344 1320 1343
f 1345 1320 1344
f 1345 1321 1320
f 1346 1322 1321
f 1346 1321 1345
f 1347 1323 1322
f 1347 1324 1323
f 1347 1322 1346
f 1348 1325 1324
f 1348 1324 1347
f 1349 1327 1325
f 1349 1325 1348
f 1350 1327 1349
f 1350 1349 1351
f 1352 1327 1350
f 1352 1350 1351
f 1352 1351 1327
f 1353 1329 115
f 1353 1330 1329
f 1354 1330 1353
f 1355 1331 1330
f 1355 1332 1331
f 1355 1330 1354
f 1356 1332 1355
f 1357 1334 1333
f 1357 1333 1332
f 1357 1332 1356
f 1358 1334 1357
f 1359 1335 1334
f 1359 1334 1358
f 1360 1337 1336
f 1360 1336 1335
f 1360 1335 1359
f 1361 1337 1360
f 1361 1338 1337
f 1362 1338 1361
f 1363 1338 1362
f 1363 1339 1338
f 1364 1339 1363
f 1364 1340 1339
f 1365 1340 1364
f 1365 1342 1341
f 1365 1341 1340
f 1366 1342 1365
f 1367 1342 1366
f 1367 1343 1342
f 1368 1345 1344
f 1368 1343 1367
f 1368 1344 1343
f 1369 1345 1368
f 1370 1345 1369
f 1370 1346 1345
f 1371 1347 1346
f 1371 1346 1370
f 1372 1347 1371
f 1372 1348 1347
f 1373 1348 1372
f 1373 1349 1348
f 1373 1351 1349
f 1374 1351 1373
f 1374 1373 1375
f 1376 1351 1374
f 1376 1374 1375
f 1376 1375 1351
f 1377 1353 115
f 1377 115 117
f 1377 117 120
f 1378 1353 1377
f 1378 1354 1353
f 1379 1354 1378
f 1379 1355 1354
f 1380 1355 1379
f 1380 1356 1355
f 1381 1357 1356
f 1381 1356 1380
f 1382 1358 1357
f 1382 1357 1381
f 1383 1359 1358
f 1383 1358 1382
f 1384 1360 1359
f 1384 1359 1383
f 1385 1362 1361
f 1385 1361 1360
f 1385 1360 1384
f 1386 1362 1385
f 1387 1363 1362
f 1387 1364 1363
f 1387 1362 1386
f 1388 1364 1387
f 1389 1365 1364
f 1389 1366 1365
f 1389 1364 1388
f 1390 1366 1389
f 1391 1367 1366
f 1391 1366 1390
f 1392 1367 1391
f 1392 1368 1367
f 1393 1369 1368
f 1393 1368 1392
f 1394 1370 1369
f 1394 1369 1393
f 1395 1370 1394
f 1395 1371 1370
f 1395 1372 1371
f 1396 1372 1395
f 1397 1372 1396
f 1397 1396 1398
f 1397 1373 1372
f 1397 1375 1373
f 1399 1397 1398
f 1399 1375 1397
f 1400 1399 1398
f 1400 1375 1399
f 1400 1398 1375
f 1401 1377 120
f 1402 1378 1377
f 1402 1377 1401
f 1403 1378 1402
f 1403 1379 1378
f 1404 1380 1379
f 1404 1379 1403
f 1405 1380 1404
f 1405 1381 1380
f 1406 1382 1381
f 1406 1381 1405
f 1407 1382 1406
f 1407 1383 1382
f 1408 1383 1407
f 1408 1384 1383
f 1409 1384 1408
f 1409 1385 1384
f 1410 1386 1385
f 1410 1385 1409
f 1411 1386 1410
f 1411 1387 1386
f 1412 1387 1411
f 1412 1388 1387
f 1413 1389 1388
f 1413 1388 1412
f 1414 1389 1413
f 1414 1390 1389
f 1415 1390 1414
f 1415 1391 1390
f 1416 1393 1392
f 1416 1391 1415
f 1416 1392 1391
f 1417 1393 1416
f 1418 1393 1417
f 1418 1394 1393
f 1419 1395 1394
f 1419 1394 1418
f 1420 1396 1395
f 1420 1398 1396
f 1420 1395 1419
f 1421 1398 1420
f 1421 1420 1422
f 1423 1398 1421
f 1423 1421 1422
f 1424 1398 1423
f 1424 1423 1422
f 1424 1422 1398
f 1425 120 121
f 1425 1401 120
f 1426 1402 1401
f 1426 1401 1425
f 1427 1402 1426
f 1427 1403 1402
f 1428 1404 1403
f 1428 1403 1427
f 1429 1405 1404
f 1429 1406 1405
f 1429 1404 1428
f 1430 1406 1429
f 1431 1406 1430
f 1431 1407 1406
f 1432 1407 1431
f 1432 1408 1407
f 1433 1409 1408
f 1433 1408 1432
f 1434 1409 1433
f 1434 1410 1409
f 1435 1411 1410
f 1435 1410 1434
f 1436 1411 1435
f 1436 1412 1411
f 1437 1412 1436
f 1437 1413 1412
f 1438 1414 1413
f 1438 1413 1437
f 1439 1414 1438
f 1439 1415 1414
f 1440 1416 1415
f 1440 1415 1439
f 1441 1416 1440
f 1441 1417 1416
f 1442 1417 1441
f 1442 1418 1417
f 1443 1418 1442
f 1443 1419 1418
f 1444 1419 1443
f 1444 1420 1419
f 1444 1422 1420
f 1445 1422 1444
f 1445 1444 1446
f 1447 1422 1445
f 1447 1445 1446
f 1448 1422 1447
f 1448 1447 1446
f 1448 1446 1422
f 1449 121 123
f 1449 123 125
f 1449 1425 121
f 1450 1425 1449
f 1450 1426 1425
f 1451 1427 1426
f 1451 1426 1450
f 1452 1427 1451
f 1452 1428 1427
f 1453 1428 1452
f 1453 1429 1428
f 1454 1430 1429
f 1454 1429 1453
f 1455 1431 1430
f 1455 1430 1454
f 1456 1432 1431
f 1456 1431 1455
f 1457 1433 1432
f 1457 1432 1456
f 1458 1434 1433
f 1458 1433 1457
f 1459 1435 1434
f 1459 1434 1458
f 1460 1436 1435
f 1460 1435 1459
f 1461 1437 1436
f 1461 1436 1460
f 1462 1438 1437
f 1462 1437 1461
f 1463 1438 1462
f 1463 1440 1439
f 1463 1439 1438
f 1464 1440 1463
f 1465 1440 1464
f 1465 1441 1440
f 1466 1442 1441
f 1466 1441 1465
f 1467 1442 1466
f 1467 1443 1442
f 1468 1443 1467
f 1468 1444 1443
f 1468 1446 1444
f 1469 1446 1468
f 1469 1468 1470
f 1471 1446 1469
f 1471 1469 1470
f 1472 1446 1471
f 1472 1471 1470
f 1472 1470 1446
f 1473 1449 125
f 1474 1450 1449
f 1474 1449 1473
f 1475 1450 1474
f 1475 1451 1450
f 1476 1451 1475
f 1476 1452 1451
f 1476 1453 1452
f 1477 1453 1476
f 1477 1454 1453
f 1478 1454 1477
f 1479 1454 1478
f 1479 1455 1454
f 1480 1455 1479
f 1480 1456 1455
f 1481 1457 1456
f 1481 1456 1480
f 1482 1457 1481
f 1482 1458 1457
f 1483 1458 1482
f 1483 1459 1458
f 1484 1459 1483
f 1484 1460 1459
f 1485 1460 1484
f 1485 1461 1460
f 1486 1461 1485
f 1486 1462 1461
f 1487 1462 1486
f 1487 1463 1462
f 1488 1464 1463
f 1488 1465 1464
f 1488 1463 1487
f 1489 1465 1488
f 1490 1466 1465
f 1490 1465 1489
f 1491 1467 1466
f 1491 1466 1490
f 1492 1468 1467
f 1492 1470 1468
f 1492 1467 1491
f 1493 1470 1492
f 1493 1492 1494
f 1495 1470 1493
f 1495 1493 1494
f 1496 1470 1495
f 1496 1495 1494
f 1496 1494 1470
f 1497 1473 125
f 1497 125 127
f 1497 127 130
f 1497 1474 1473
f 1498 1474 1497
f 1499 1475 1474
f 1499 1474 1498
f 1500 1477 1476
f 1500 1476 1475
f 1500 1475 1499
f 1501 1477 1500
f 1501 1478 1477
f 1502 1478 1501
f 1503 1478 1502
f 1503 1479 1478
f 1504 1480 1479
f 1504 1479 1503
f 1504 1481 1480
f 1505 1481 1504
f 1506 1481 1505
f 1506 1482 1481
f 1507 1482 1506
f 1507 1483 1482
f 1508 1485 1484
f 1508 1483 1507
f 1508 1484 1483
f 1509 1485 1508
f 1509 1486 1485
f 1510 1486 1509
f 1511 1486 1510
f 1511 1487 1486
f 1511 1488 1487
f 1512 1488 1511
f 1513 1488 1512
f 1513 1489 1488
f 1514 1490 1489
f 1514 1491 1490
f 1514 1489 1513
f 1515 1491 1514
f 1516 1491 1515
f 1516 1492 1491
f 1516 1494 1492
f 1517 1494 1516
f 1517 1516 1518
f 1519 1494 1517
f 1519 1517 1518
f 1520 1494 1519
f 1520 1519 1518
f 1520 1518 1494
f 1521 1497 130
f 1521 1498 1497
f 1522 1498 1521
f 1523 1498 1522
f 1523 1499 1498
f 1524 1500 1499
f 1524 1499 1523
f 1524 1501 1500
f 1525 1501 1524
f 1526 1502 1501
f 1526 1501 1525
f 1527 1503 1502
f 1527 1502 1526
f 1528 1504 1503
f 1528 1503 1527
f 1529 1505 1504
f 1529 1504 1528
f 1530 1506 1505
f 1530 1507 1506
f 1530 1505 1529
f 1531 1507 1530
f 1532 1508 1507
f 1532 1509 1508
f 1532 1507 1531
f 1533 1509 1532
f 1533 1510 1509
f 1534 1510 1533
f 1535 1511 1510
f 1535 1510 1534
f 1536 1511 1535
f 1536 1512 1511
f 1537 1513 1512
f 1537 1512 1536
f 1538 1513 1537
f 1538 1514 1513
f 1538 1515 1514
f 1539 1515 1538
f 1540 1515 1539
f 1540 1539 1541
f 1540 1516 1515
f 1540 1518 1516
f 1542 1540 1541
f 1542 1518 1540
f 1543 1542 1541
f 1543 1518 1542
f 1544 1543 1541
f 1544 1518 1543
f 1544 1541 1518
f 1545 1521 130
f 1545 130 131
f 1546 1522 1521
f 1546 1521 1545
f 1547 1523 1522
f 1547 1522 1546
f 1548 1523 1547
f 1548 1524 1523
f 1549 1524 1548
f 1549 1525 1524
f 1550 1526 1525
f 1550 1525 1549
f 1551 1526 1550
f 1551 1527 1526
f 1552 1527 1551
f 1552 1528 1527
f 1553 1529 1528
f 1553 1528 1552
f 1554 1529 1553
f 1554 1530 1529
f 1555 1530 1554
f 1555 1531 1530
f 1556 1531 1555
f 1556 1532 1531
f 1557 1532 1556
f 1557 1533 1532
f 1558 1534 1533
f 1558 1533 1557
f 1559 1535 1534
f 1559 1534 1558
f 1560 1536 1535
f 1560 1535 1559
f 1561 1537 1536
f 1561 1536 1560
f 1562 1538 1537
f 1562 1537 1561
f 1563 1539 1538
f 1563 1541 1539
f 1563 1538 1562
f 1564 1541 1563
f 1564 1563 1565
f 1566 1541 1564
f 1566 1564 1565
f 1567 1541 1566
f 1567 1566 1565
f 1568 1541 1567
f 1568 1565 1541
f 1568 1567 1565
f 1569 1545 131
f 1569 131 133
f 1569 1546 1545
f 1570 1546 1569
f 1571 1546 1570
f 1571 1547 1546
f 1572 1548 1547
f 1572 1547 1571
f 1573 1548 1572
f 1573 1549 1548
f 1574 1550 1549
f 1574 1549 1573
f 1575 1550 1574
f 1575 1551 1550
f 1575 1552 1551
f 1576 1552 1575
f 1577 1552 1576
f 1577 1554 1553
f 1577 1553 1552
f 1578 1554 1577
f 1578 1555 1554
f 1579 1555 1578
f 1580 1555 1579
f 1580 1556 1555
f 1581 1557 1556
f 1581 1556 1580
f 1582 1558 1557
f 1582 1557 1581
f 1583 1558 1582
f 1583 1559 1558
f 1584 1560 1559
f 1584 1561 1560
f 1584 1559 1583
f 1585 1561 1584
f 1586 1561 1585
f 1586 1562 1561
f 1587 1562 1586
f 1587 1563 1562
f 1587 1565 1563
f 1588 1565 1587
f 1588 1587 1589
f 1590 1565 1588
f 1590 1588 1589
f 1591 1565 1590
f 1591 1590 1589
f 1592 1565 1591
f 1592 1591 1589
f 1592 1589 1565
f 1593 1569 133
f 1593 133 136
f 1594 1571 1570
f 1594 1569 1593
f 1594 1570 1569
f 1595 1571 1594
f 1596 1572 1571
f 1596 1571 1595
f 1597 1573 1572
f 1597 1572 1596
f 1598 1574 1573
f 1598 1573 1597
f 1599 1575 1574
f 1599 1574 1598
f 1600 1576 1575
f 1600 1575 1599
f 1601 1576 1600
f 1601 1577 1576
f 1602 1578 1577
f 1602 1577 1601
f 1603 1578 1602
f 1603 1579 1578
f 1604 1580 1579
f 1604 1581 1580
f 1604 1579 1603
f 1605 1581 1604
f 1606 1581 1605
f 1606 1582 1581
f 1607 1582 1606
f 1607 1583 1582
f 1607 1584 1583
f 1608 1584 1607
f 1609 1584 1608
f 1609 1585 1584
f 1610 1585 1609
f 1610 1586 1585
f 1611 1586 1610
f 1611 1587 1586
f 1611 1589 1587
f 1612 1589 1611
f 1612 1611 1613
f 1614 1589 1612
f 1614 1612 1613
f 1615 1589 1614
f 1615 1614 1613
f 1616 1589 1615
f 1616 1615 1613
f 1616 1613 1589
f 1617 1594 1593
f 1617 1593 136
f 1617 136 137
f 1617 137 139
f 1618 1594 1617
f 1619 1594 1618
f 1619 1595 1594
f 1620 1596 1595
f 1620 1597 1596
f 1620 1595 1619
f 1621 1597 1620
f 1622 1597 1621
f 1622 1598 1597
f 1623 1599 1598
f 1623 1598 1622
f 1624 1601 1600
f 1624 1599 1623
f 1624 1600 1599
f 1625 1601 1624
f 1626 1601 1625
f 1626 1603 1602
f 1626 1602 1601
f 1627 1603 1626
f 1628 1605 1604
f 1628 1604 1603
f 1628 1603 1627
f 1629 1605 1628
f 1630 1606 1605
f 1630 1605 1629
f 1631 1607 1606
f 1631 1606 1630
f 1632 1608 1607
f 1632 1607 1631
f 1633 1609 1608
f 1633 1608 1632
f 1634 1610 1609
f 1634 1611 1610
f 1634 1609 1633
f 1635 1613 1611
f 1635 1611 1634
f 1636 1635 1637
f 1636 1613 1635
f 1638 1636 1637
f 1638 1613 1636
f 1639 1638 1637
f 1639 1613 1638
f 1640 1639 1637
f 1640 1613 1639
f 1640 1637 1613
f 1641 1618 1617
f 1641 1617 139
f 1642 1618 1641
f 1643 1619 1618
f 1643 1618 1642
f 1644 1619 1643
f 1644 1620 1619
f 1645 1620 1644
f 1645 1621 1620
f 1646 1621 1645
f 1646 1622 1621
f 1647 1623 1622
f 1647 1622 1646
f 1648 1623 1647
f 1648 1624 1623
f 1649 1624 1648
f 1649 1625 1624
f 1650 1626 1625
f 1650 1627 1626
f 1650 1625 1649
f 1651 1627 1650
f 1652 1627 1651
f 1652 1628 1627
f 1652 1629 1628
f 1653 1629 1652
f 1653 1630 1629
f 1654 1630 1653
f 1655 1630 1654
f 1655 1631 1630
f 1656 1631 1655
f 1656 1632 1631
f 1656 1633 1632
f 1657 1633 1656
f 1658 1633 1657
f 1658 1634 1633
f 1658 1635 1634
f 1659 1635 1658
f 1659 1637 1635
f 1660 1637 1659
f 1660 1659 1661
f 1662 1660 1661
f 1662 1637 1660
f 1663 1662 1661
f 1663 1637 1662
f 1664 1661 1637
f 1664 1663 1661
f 1664 1637 1663
f 1665 1641 139
f 1665 139 141
f 1666 1641 1665
f 1666 1642 1641
f 1667 1643 1642
f 1667 1644 1643
f 1667 1642 1666
f 1668 1644 1667
f 1669 1645 1644
f 1669 1644 1668
f 1670 1646 1645
f 1670 1645 1669
f 1671 1647 1646
f 1671 1646 1670
f 1672 1648 1647
f 1672 1649 1648
f 1672 1647 1671
f 1673 1649 1672
f 1674 1650 1649
f 1674 1649 1673
f 1675 1651 1650
f 1675 1650 1674
f 1676 1651 1675
f 1676 1652 1651
f 1677 1652 1676
f 1677 1653 1652
f 1678 1654 1653
f 1678 1653 1677
f 1679 1655 1654
f 1679 1654 1678
f 1680 1655 1679
f 1680 1656 1655
f 1681 1656 1680
f 1681 1657 1656
f 1682 1657 1681
f 1682 1658 1657
f 1683 1658 1682
f 1683 1661 1659
f 1683 1659 1658
f 1684 1683 1685
f 1684 1661 1683
f 1686 1684 1685
f 1686 1661 1684
f 1687 1686 1685
f 1687 1661 1686
f 1688 1685 1661
f 1688 1687 1685
f 1688 1661 1687
f 1689 1665 141
f 1689 141 143
f 1690 1667 1666
f 1690 1666 1665
f 1690 1665 1689
f 1691 1667 1690
f 1692 1668 1667
f 1692 1669 1668
f 1692 1667 1691
f 1693 1669 1692
f 1694 1669 1693
f 1694 1670 1669
f 1695 1670 1694
f 1695 1671 1670
f 1695 1672 1671
f 1696 1672 1695
f 1697 1673 1672
f 1697 1672 1696
f 1698 1674 1673
f 1698 1675 1674
f 1698 1673 1697
f 1699 1675 1698
f 1700 1675 1699
f 1700 1676 1675
f 1701 1677 1676
f 1701 1676 1700
f 1702 1678 1677
f 1702 1677 1701
f 1703 1678 1702
f 1703 1679 1678
f 1703 1680 1679
f 1704 1680 1703
f 1705 1681 1680
f 1705 1680 1704
f 1706 1682 1681
f 1706 1681 1705
f 1707 1685 1683
f 1707 1683 1682
f 1707 1682 1706
f 1708 1707 1709
f 1708 1685 1707
f 1710 1685 1708
f 1710 1708 1709
f 1711 1685 1710
f 1711 1710 1709
f 1712 1709 1685
f 1712 1685 1711
f 1712 1711 1709
f 1713 1689 143
f 1713 143 145
f 1713 1690 1689
f 1714 1690 1713
f 1715 1690 1714
f 1715 1691 1690
f 1716 1692 1691
f 1716 1691 1715
f 1717 1692 1716
f 1717 1693 1692
f 1718 1694 1693
f 1718 1693 1717
f 1719 1694 1718
f 1719 1695 1694
f 1720 1695 1719
f 1720 1696 1695
f 1720 1697 1696
f 1721 1697 1720
f 1722 1697 1721
f 1722 1698 1697
f 1722 1699 1698
f 1723 1699 1722
f 1724 1699 1723
f 1724 1700 1699
f 1724 1701 1700
f 1725 1701 1724
f 1726 1701 1725
f 1726 1702 1701
f 1727 1703 1702
f 1727 1702 1726
f 1728 1703 1727
f 1728 1704 1703
f 1728 1705 1704
f 1729 1705 1728
f 1730 1705 1729
f 1730 1706 1705
f 1730 1707 1706
f 1731 1730 1732
f 1731 1707 1730
f 1731 1709 1707
f 1733 1731 1732
f 1733 1709 1731
f 1734 1733 1732
f 1734 1709 1733
f 1735 1734 1732
f 1735 1709 1734
f 1736 1732 1709
f 1736 1735 1732
f 1736 1709 1735
f 1737 1713 145
f 1737 1714 1713
f 1737 145 148
f 1738 1714 1737
f 1739 1715 1714
f 1739 1714 1738
f 1740 1715 1739
f 1740 1717 1716
f 1740 1716 1715
f 1741 1717 1740
f 1742 1718 1717
f 1742 1717 1741
f 1743 1719 1718
f 1743 1718 1742
f 1744 1720 1719
f 1744 1719 1743
f 1745 1722 1721
f 1745 1721 1720
f 1745 1720 1744
f 1746 1723 1722
f 1746 1722 1745
f 1747 1723 1746
f 1748 1724 1723
f 1748 1725 1724
f 1748 1723 1747
f 1749 1725 1748
f 1750 1726 1725
f 1750 1725 1749
f 1751 1726 1750
f 1751 1728 1727
f 1751 1727 1726
f 1752 1728 1751
f 1752 1729 1728
f 1753 1729 1752
f 1754 1729 1753
f 1754 1730 1729
f 1754 1732 1730
f 1755 1754 1756
f 1755 1732 1754
f 1757 1755 1756
f 1757 1732 1755
f 1758 1757 1756
f 1758 1732 1757
f 1759 1758 1756
f 1759 1732 1758
f 1760 1756 1732
f 1760 1759 1756
f 1760 1732 1759
f 1761 1737 148
f 1761 148 149
f 1761 1738 1737
f 1762 1738 1761
f 1762 1739 1738
f 1763 1739 1762
f 1764 1741 1740
f 1764 1740 1739
f 1764 1739 1763
f 1765 1741 1764
f 1766 1741 1765
f 1766 1742 1741
f 1767 1744 1743
f 1767 1742 1766
f 1767 1743 1742
f 1768 1744 1767
f 1769 1746 1745
f 1769 1745 1744
f 1769 1744 1768
f 1770 1747 1746
f 1770 1746 1769
f 1771 1747 1770
f 1772 1748 1747
f 1772 1749 1748
f 1772 1747 1771
f 1773 1750 1749
f 1773 1749 1772
f 1774 1750 1773
f 1775 1751 1750
f 1775 1750 1774
f 1776 1752 1751
f 1776 1753 1752
f 1776 1751 1775
f 1777 1753 1776
f 1778 1756 1754
f 1778 1754 1753
f 1778 1753 1777
f 1779 1778 1780
f 1779 1756 1778
f 1781 1779 1780
f 1781 1756 1779
f 1782 1781 1780
f 1782 1756 1781
f 1783 1782 1780
f 1783 1756 1782
f 1784 1780 1756
f 1784 1783 1780
f 1784 1756 1783
f 1785 1761 149
f 1785 149 151
f 1786 1762 1761
f 1786 1761 1785
f 1787 1763 1762
f 1787 1762 1786
f 1788 1764 1763
f 1788 1763 1787
f 1789 1764 1788
f 1789 1765 1764
f 1790 1766 1765
f 1790 1765 1789
f 1791 1766 1790
f 1791 1767 1766
f 1792 1768 1767
f 1792 1767 1791
f 1792 1769 1768
f 1793 1770 1769
f 1793 1769 1792
f 1794 1770 1793
f 1795 1771 1770
f 1795 1770 1794
f 1796 1771 1795
f 1796 1772 1771
f 1797 1772 1796
f 1797 1773 1772
f 1798 1774 1773
f 1798 1773 1797
f 1799 1774 1798
f 1799 1775 1774
f 1799 1776 1775
f 1800 1776 1799
f 1801 1776 1800
f 1801 1777 1776
f 1802 1778 1777
f 1802 1777 1801
f 1802 1780 1778
f 1803 1802 1804
f 1803 1780 1802
f 1805 1803 1804
f 1805 1780 1803
f 1806 1805 1804
f 1806 1780 1805
f 1807 1806 1804
f 1807 1780 1806
f 1808 1804 1780
f 1808 1807 1804
f 1808 1780 1807
f 1809 1785 151
f 1809 1786 1785
f 1809 151 153
f 1809 153 156
f 1810 1786 1809
f 1811 1786 1810
f 1811 1787 1786
f 1812 1788 1787
f 1812 1789 1788
f 1812 1787 1811
f 1813 1789 1812
f 1814 1790 1789
f 1814 1789 1813
f 1815 1791 1790
f 1815 1790 1814
f 1816 1791 1815
f 1816 1792 1791
f 1817 1792 1816
f 1817 1793 1792
f 1818 1793 1817
f 1818 1795 1794
f 1818 1794 1793
f 1819 1795 1818
f 1820 1795 1819
f 1820 1797 1796
f 1820 1796 1795
f 1821 1797 1820
f 1822 1798 1797
f 1822 1797 1821
f 1823 1798 1822
f 1823 1799 1798
f 1824 1799 1823
f 1824 1800 1799
f 1824 1801 1800
f 1825 1801 1824
f 1826 1801 1825
f 1826 1804 1802
f 1826 1802 1801
f 1827 1826 1828
f 1827 1804 1826
f 1829 1827 1828
f 1829 1804 1827
f 1830 1829 1828
f 1830 1804 1829
f 1831 1830 1828
f 1831 1804 1830
f 1832 1828 1804
f 1832 1831 1828
f 1832 1804 1831
f 1833 1809 156
f 1834 1810 1809
f 1834 1809 1833
f 1835 1811 1810
f 1835 1810 1834
f 1836 1812 1811
f 1836 1811 1835
f 1837 1812 1836
f 1837 1813 1812
f 1838 1813 1837
f 1838 1814 1813
f 1839 1814 1838
f 1839 1815 1814
f 1840 1815 1839
f 1840 1816 1815
f 1841 1817 1816
f 1841 1816 1840
f 1842 1818 1817
f 1842 1817 1841
f 1843 1819 1818
f 1843 1818 1842
f 1844 1820 1819
f 1844 1819 1843
f 1845 1821 1820
f 1845 1820 1844
f 1846 1822 1821
f 1846 1821 1845
f 1847 1823 1822
f 1847 1822 1846
f 1848 1824 1823
f 1848 1823 1847
f 1849 1825 1824
f 1849 1824 1848
f 1850 1825 1849
f 1850 1828 1826
f 1850 1826 1825
f 1851 1828 1850
f 1851 1850 1852
f 1853 1828 1851
f 1853 1851 1852
f 1854 1828 1853
f 1854 1853 1852
f 1855 1854 1852
f 1855 1828 1854
f 1856 1852 1828
f 1856 1855 1852
f 1856 1828 1855
f 1857 1834 1833
f 1857 156 157
f 1857 1833 156
f 1858 1834 1857
f 1859 1834 1858
f 1859 1835 1834
f 1859 1836 1835
f 1860 1836 1859
f 1860 1837 1836
f 1861 1837 1860
f 1862 1838 1837
f 1862 1837 1861
f 1863 1838 1862
f 1863 1839 1838
f 1864 1839 1863
f 1864 1840 1839
f 1864 1841 1840
f 1865 1842 1841
f 1865 1841 1864
f 1866 1843 1842
f 1866 1842 1865
f 1867 1843 1866
f 1868 1843 1867
f 1868 1845 1844
f 1868 1844 1843
f 1869 1845 1868
f 1869 1846 1845
f 1870 1846 1869
f 1871 1846 1870
f 1871 1847 1846
f 1871 1848 1847
f 1872 1848 1871
f 1873 1849 1848
f 1873 1848 1872
f 1874 1849 1873
f 1874 1850 1849
f 1874 1852 1850
f 1875 1874 1876
f 1875 1852 1874
f 1877 1875 1876
f 1877 1852 1875
f 1878 1877 1876
f 1878 1852 1877
f 1879 1878 1876
f 1879 1852 1878
f 1880 1876 1852
f 1880 1879 1876
f 1880 1852 1879
f 1881 1857 157
f 1881 157 159
f 1882 1858 1857
f 1882 1857 1881
f 1883 1859 1858
f 1883 1858 1882
f 1884 1860 1859
f 1884 1859 1883
f 1885 1861 1860
f 1885 1860 1884
f 1886 1862 1861
f 1886 1861 1885
f 1887 1862 1886
f 1887 1863 1862
f 1888 1863 1887
f 1888 1864 1863
f 1889 1864 1888
f 1889 1865 1864
f 1890 1866 1865
f 1890 1865 1889
f 1890 1867 1866
f 1891 1867 1890
f 1892 1868 1867
f 1892 1867 1891
f 1893 1868 1892
f 1893 1869 1868
f 1894 1869 1893
f 1894 1870 1869
f 1895 1870 1894
f 1895 1871 1870
f 1896 1871 1895
f 1896 1872 1871
f 1896 1873 1872
f 1897 1873 1896
f 1898 1876 1874
f 1898 1873 1897
f 1898 1874 1873
f 1899 1898 1900
f 1899 1876 1898
f 1901 1899 1900
f 1901 1876 1899
f 1902 1901 1900
f 1902 1876 1901
f 1903 1902 1900
f 1903 1876 1902
f 1904 1900 1876
f 1904 1903 1900
f 1904 1876 1903
f 1905 159 162
f 1905 1881 159
f 1906 1881 1905
f 1906 1882 1881
f 1907 1882 1906
f 1907 1883 1882
f 1908 1885 1884
f 1908 1883 1907
f 1908 1884 1883
f 1909 1885 1908
f 1910 1886 1885
f 1910 1885 1909
f 1911 1887 1886
f 1911 1886 1910
f 1912 1888 1887
f 1912 1889 1888
f 1912 1887 1911
f 1913 1890 1889
f 1913 1889 1912
f 1914 1890 1913
f 1915 1891 1890
f 1915 1890 1914
f 1916 1892 1891
f 1916 1893 1892
f 1916 1891 1915
f 1917 1893 1916
f 1918 1894 1893
f 1918 1893 1917
f 1919 1895 1894
f 1919 1896 1895
f 1919 1894 1918
f 1920 1896 1919
f 1921 1896 1920
f 1921 1897 1896
f 1922 1897 1921
f 1922 1900 1898
f 1922 1898 1897
f 1923 1900 1922
f 1923 1922 1924
f 1925 1900 1923
f 1925 1923 1924
f 1926 1900 1925
f 1926 1925 1924
f 1927 1926 1924
f 1927 1900 1926
f 1928 1924 1900
f 1928 1927 1924
f 1928 1900 1927
f 1929 1906 1905
f 1929 1905 162
f 1929 162 163
f 1930 1907 1906
f 1930 1906 1929
f 1931 1907 1930
f 1932 1907 1931
f 1932 1908 1907
f 1933 1908 1932
f 1933 1909 1908
f 1933 1910 1909
f 1934 1910 1933
f 1935 1910 1934
f 1935 1911 1910
f 1935 1912 1911
f 1936 1913 1912
f 1936 1912 1935
f 1937 1913 1936
f 1938 1913 1937
f 1938 1914 1913
f 1938 1915 1914
f 1939 1915 1938
f 1940 1915 1939
f 1940 1916 1915
f 1940 1917 1916
f 1941 1917 1940
f 1941 1918 1917
f 1942 1918 1941
f 1943 1919 1918
f 1943 1918 1942
f 1944 1920 1919
f 1944 1919 1943
f 1944 1921 1920
f 1945 1921 1944
f 1946 1922 1921
f 1946 1921 1945
f 1946 1924 1922
f 1947 1946 1948
f 1947 1924 1946
f 1949 1947 1948
f 1949 1924 1947
f 1950 1949 1948
f 1950 1924 1949
f 1951 1950 1948
f 1951 1924 1950
f 1952 1948 1924
f 1952 1951 1948
f 1952 1924 1951
f 1953 1930 1929
f 1953 1929 163
f 1953 163 165
f 1953 165 167
f 1954 1930 1953
f 1955 1931 1930
f 1955 1930 1954
f 1956 1932 1931
f 1956 1931 1955
f 1957 1932 1956
f 1957 1933 1932
f 1958 1934 1933
f 1958 1933 1957
f 1959 1934 1958
f 1959 1935 1934
f 1960 1935 1959
f 1960 1937 1936
f 1960 1936 1935
f 1961 1937 1960
f 1962 1937 1961
f 1962 1939 1938
f 1962 1938 1937
f 1963 1939 1962
f 1964 1939 1963
f 1964 1940 1939
f 1964 1941 1940
f 1965 1941 1964
f 1966 1941 1965
f 1966 1942 1941
f 1967 1942 1966
f 1967 1943 1942
f 1967 1944 1943
f 1968 1944 1967
f 1969 1944 1968
f 1969 1945 1944
f 1970 1969 1971
f 1970 1945 1969
f 1970 1948 1946
f 1970 1946 1945
f 1972 1970 1971
f 1972 1948 1970
f 1973 1972 1971
f 1973 1948 1972
f 1974 1973 1971
f 1974 1948 1973
f 1975 1974 1971
f 1975 1948 1974
f 1976 1971 1948
f 1976 1975 1971
f 1976 1948 1975
f 1977 1953 167
f 1978 1955 1954
f 1978 1953 1977
f 1978 1954 1953
f 1979 1955 1978
f 1980 1957 1956
f 1980 1955 1979
f 1980 1956 1955
f 1981 1957 1980
f 1982 1958 1957
f 1982 1959 1958
f 1982 1957 1981
f 1983 1960 1959
f 1983 1959 1982
f 1984 1960 1983
f 1985 1961 1960
f 1985 1960 1984
f 1986 1963 1962
f 1986 1962 1961
f 1986 1961 1985
f 1987 1963 1986
f 1988 1964 1963
f 1988 1963 1987
f 1989 1964 1988
f 1989 1965 1964
f 1990 1966 1965
f 1990 1965 1989
f 1991 1967 1966
f 1991 1968 1967
f 1991 1966 1990
f 1992 1968 1991
f 1993 1968 1992
f 1993 1971 1969
f 1993 1969 1968
f 1994 1993 1995
f 1994 1971 1993
f 1996 1994 1995
f 1996 1971 1994
f 1997 1996 1995
f 1997 1971 1996
f 1998 1997 1995
f 1998 1971 1997
f 1999 1998 1995
f 1999 1971 1998
f 2000 1995 1971
f 2000 1999 1995
f 2000 1971 1999
f 2001 1977 167
f 2001 169 200
f 2001 167 169
f 2002 1977 2001
f 2002 1978 1977
f 2002 2001 200
f 2003 1979 1978
f 2003 2002 200
f 2003 1978 2002
f 2004 200 2005
f 2004 1979 2003
f 2004 1980 1979
f 2004 2003 200
f 2006 1981 1980
f 2006 1980 2004
f 2006 2004 2005
f 2007 2005 2008
f 2007 1982 1981
f 2007 2006 2005
f 2007 1981 2006
f 2009 2008 2010
f 2009 2007 2008
f 2009 1982 2007
f 2009 1983 1982
f 2011 1983 2009
f 2011 2010 2012
f 2011 2009 2010
f 2011 1984 1983
f 2013 2012 2014
f 2013 1984 2011
f 2013 2011 2012
f 2013 1985 1984
f 2015 2014 2016
f 2015 2013 2014
f 2015 1985 2013
f 2015 1986 1985
f 2017 2016 2018
f 2017 2018 2019
f 2017 2015 2016
f 2017 1986 2015
f 2017 1987 1986
f 2020 2019 2021
f 2020 2017 2019
f 2020 1987 2017
f 2020 1988 1987
f 2022 2021 2023
f 2022 2020 2021
f 2022 1988 2020
f 2022 1989 1988
f 2024 1990 1989
f 2024 2023 2025
f 2024 2025 2026
f 2024 2022 2023
f 2024 1989 2022
f 2027 2026 2028
f 2027 2024 2026
f 2027 1990 2024
f 2027 1991 1990
f 2029 2028 2030
f 2029 2027 2028
f 2029 1991 2027
f 2029 1992 1991
f 2031 1993 1992
f 2031 1995 1993
f 2031 2030 2032
f 2031 2032 2033
f 2031 2029 2030
f 2031 1992 2029
f 2034 2033 2035
f 2034 2031 2033
f 2034 1995 2031
f 2036 2035 2037
f 2036 2034 2035
f 2036 1995 2034
f 2038 2037 2039
f 2038 2039 2040
f 2038 2036 2037
f 2038 1995 2036
f 2041 2040 2042
f 2041 2038 2040
f 2041 1995 2038
f 2043 2042 2044
f 2043 2044 2045
f 2043 2041 2042
f 2043 1995 2041
f 2046 2047 1995
f 2046 2045 2048
f 2046 2048 2047
f 2046 1995 2043
f 2046 2043 2045
f 2049 200 171
f 2049 171 201
f 2050 200 2049
f 2050 2049 201
f 2051 200 2050
f 2051 2050 201
f 2052 200 2051
f 2052 2051 201
f 2053 200 2052
f 2053 2052 201
f 2054 200 2053
f 2054 2053 201
f 2055 200 2054
f 2055 2054 201
f 2056 200 2055
f 2056 2055 201
f 2057 2056 201
f 2057 200 2056
f 2058 2057 201
f 2058 200 2057
f 2059 2058 201
f 2059 200 2058
f 2060 2059 201
f 2060 200 2059
f 2061 2060 201
f 2061 200 2060
f 2062 201 200
f 2062 2061 201
f 2062 200 2061
f 2063 201 173
f 2063 173 202
f 2064 2063 202
f 2064 201 2063
f 2065 2064 202
f 2065 201 2064
f 2066 2065 202
f 2066 201 2065
f 2067 2066 202
f 2067 201 2066
f 2068 2067 202
f 2068 201 2067
f 2069 2068 202
f 2069 201 2068
f 2070 2069 202
f 2070 201 2069
f 2071 2070 202
f 2071 201 2070
f 2072 2071 202
f 2072 201 2071
f 2073 2072 202
f 2073 201 2072
f 2074 2073 202
f 2074 201 2073
f 2075 2074 202
f 2075 201 2074
f 2076 202 201
f 2076 2075 202
f 2076 201 2075
f 2077 202 175
f 2077 175 203
f 2078 2077 203
f 2078 202 2077
f 2079 2078 203
f 2079 202 2078
f 2080 2079 203
f 2080 202 2079
f 2081 2080 203
f 2081 202 2080
f 2082 2081 203
f 2082 202 2081
f 2083 2082 203
f 2083 202 2082
f 2084 2083 203
f 2084 202 2083
f 2085 2084 203
f 2085 202 2084
f 2086 2085 203
f 2086 202 2085
f 2087 2086 203
f 2087 202 2086
f 2088 2087 203
f 2088 202 2087
f 2089 2088 203
f 2089 202 2088
f 2090 203 202
f 2090 2089 203
f 2090 202 2089
f 2091 203 178
f 2091 178 204
f 2092 203 2091
f 2092 2091 204
f 2093 2092 204
f 2093 203 2092
f 2094 2093 204
f 2094 203 2093
f 2095 2094 204
f 2095 203 2094
f 2096 2095 204
f 2096 203 2095
f 2097 2096 204
f 2097 203 2096
f 2098 2097 204
f 2098 203 2097
f 2099 2098 204
f 2099 203 2098
f 2100 2099 204
f 2100 203 2099
f 2101 2100 204
f 2101 203 2100
f 2102 2101 204
f 2102 203 2101
f 2103 2102 204
f 2103 203 2102
f 2104 204 203
f 2104 2103 204
f 2104 203 2103
f 2105 204 179
f 2105 179 2
f 2105 2 218
f 2106 218 220
f 2106 2105 218
f 2106 204 2105
f 2107 220 222
f 2107 2106 220
f 2107 204 2106
f 2108 222 224
f 2108 2107 222
f 2108 204 2107
f 2109 224 207
f 2109 2108 224
f 2109 207 206
f 2109 204 2108
f 2110 2109 206
f 2110 204 2109
f 2111 2110 206
f 2111 204 2110
f 2112 2111 206
f 2112 204 2111
f 2113 2112 206
f 2113 204 2112
f 2114 2113 206
f 2114 204 2113
f 2115 2114 206
f 2115 204 2114
f 2116 2115 206
f 2116 204 2115
f 2117 2116 206
f 2117 204 2116
f 2118 2117 206
f 2118 204 2117
f 2118 206 204
f 2119 3 2120
f 2119 4 3
f 2121 2120 2122
f 2121 2119 2120
f 2123 2122 2124
f 2123 2121 2122
f 2125 2124 2126
f 2125 2123 2124
f 2127 2126 2128
f 2127 2125 2126
f 2129 2128 2130
f 2129 2127 2128
f 2131 2130 2132
f 2131 2129 2130
f 2133 2132 2134
f 2133 2131 2132
f 2135 2134 2136
f 2135 2133 2134
f 2137 2136 2138
f 2137 2135 2136
f 2139 2138 2140
f 2139 2137 2138
f 2141 2140 2142
f 2141 2139 2140
f 2143 2142 2144
f 2143 2141 2142
f 2145 2143 2144
f 2145 2144 2146
f 2147 2146 2148
f 2147 2145 2146
f 2149 2148 2150
f 2149 2147 2148
f 2151 2149 2150
f 2151 2150 2152
f 2153 2152 2154
f 2153 2151 2152
f 2155 2154 2156
f 2155 2153 2154
f 2157 2155 2156
f 2157 2156 2158
f 2157 2158 2159
f 2157 2159 2160
f 2161 6 4
f 2161 4 2119
f 2162 2161 2119
f 2162 2119 2121
f 2163 2162 2121
f 2163 2121 2123
f 2164 2123 2125
f 2164 2163 2123
f 2165 2125 2127
f 2165 2164 2125
f 2166 2127 2129
f 2166 2165 2127
f 2167 2166 2129
f 2167 2129 2131
f 2168 2131 2133
f 2168 2167 2131
f 2169 2133 2135
f 2169 2168 2133
f 2170 2169 2135
f 2170 2135 2137
f 2171 2137 2139
f 2171 2170 2137
f 2172 2171 2139
f 2172 2139 2141
f 2173 2141 2143
f 2173 2172 2141
f 2174 2173 2143
f 2174 2143 2145
f 2175 2145 2147
f 2175 2174 2145
f 2176 2175 2147
f 2176 2147 2149
f 2177 2149 2151
f 2177 2176 2149
f 2178 2151 2153
f 2178 2177 2151
f 2179 2153 2155
f 2179 2178 2153
f 2180 2160 2181
f 2180 2181 2182
f 2180 2157 2160
f 2180 2155 2157
f 2180 2179 2155
f 2183 8 6
f 2183 6 2161
f 2184 2183 2161
f 2184 2161 2162
f 2185 2162 2163
f 2185 2184 2162
f 2186 2185 2163
f 2186 2163 2164
f 2187 2164 2165
f 2187 2186 2164
f 2187 2165 2166
f 2188 2187 2166
f 2189 2188 2166
f 2189 2166 2167
f 2190 2189 2167
f 2190 2167 2168
f 2191 2190 2168
f 2191 2168 2169
f 2192 2191 2169
f 2192 2169 2170
f 2193 2192 2170
f 2193 2170 2171
f 2194 2193 2171
f 2194 2171 2172
f 2195 2194 2172
f 2195 2173 2174
f 2195 2172 2173
f 2196 2195 2174
f 2197 2174 2175
f 2197 2196 2174
f 2198 2175 2176
f 2198 2197 2175
f 2198 2176 2177
f 2199 2198 2177
f 2200 2177 2178
f 2200 2199 2177
f 2200 2178 2179
f 2201 2179 2180
f 2201 2200 2179
f 2202 2201 2180
f 2202 2180 2182
f 2203 9 8
f 2203 12 9
f 2203 8 2183
f 2203 2183 2184
f 2204 2203 2184
f 2205 2185 2186
f 2205 2204 2184
f 2205 2184 2185
f 2206 2205 2186
f 2207 2186 2187
f 2207 2206 2186
f 2208 2207 2187
f 2208 2188 2189
f 2208 2187 2188
f 2209 2208 2189
f 2210 2209 2189
f 2210 2189 2190
f 2211 2190 2191
f 2211 2210 2190
f 2211 2191 2192
f 2212 2211 2192
f 2213 2192 2193
f 2213 2212 2192
f 2214 2213 2193
f 2214 2193 2194
f 2215 2195 2196
f 2215 2194 2195
f 2215 2214 2194
f 2216 2215 2196
f 2217 2216 2196
f 2217 2196 2197
f 2218 2217 2197
f 2218 2197 2198
f 2219 2218 2198
f 2219 2198 2199
f 2220 2199 2200
f 2220 2219 2199
f 2221 2200 2201
f 2221 2220 2200
f 2222 2182 2223
f 2222 2223 2224
f 2222 2221 2201
f 2222 2201 2202
f 2222 2202 2182
f 2225 12 2203
f 2226 2203 2204
f 2226 2225 2203
f 2227 2204 2205
f 2227 2226 2204
f 2228 2205 2206
f 2228 2227 2205
f 2229 2206 2207
f 2229 2228 2206
f 2229 2207 2208
f 2230 2208 2209
f 2230 2229 2208
f 2231 2230 2209
f 2232 2209 2210
f 2232 2231 2209
f 2232 2210 2211
f 2233 2232 2211
f 2234 2233 2211
f 2234 2211 2212
f 2234 2212 2213
f 2235 2234 2213
f 2236 2213 2214
f 2236 2235 2213
f 2237 2214 2215
f 2237 2236 2214
f 2238 2215 2216
f 2238 2237 2215
f 2239 2216 2217
f 2239 2238 2216
f 2239 2217 2218
f 2240 2239 2218
f 2241 2219 2220
f 2241 2218 2219
f 2241 2240 2218
f 2242 2241 2220
f 2243 2242 2220
f 2243 2220 2221
f 2244 2243 2221
f 2244 2221 2222
f 2244 2222 2224
f 2245 14 12
f 2245 12 2225
f 2246 2245 2225
f 2246 2225 2226
f 2247 2226 2227
f 2247 2246 2226
f 2248 2227 2228
f 2248 2247 2227
f 2249 2248 2228
f 2249 2228 2229
f 2250 2249 2229
f 2250 2229 2230
f 2251 2250 2230
f 2251 2230 2231
f 2252 2251 2231
f 2252 2231 2232
f 2253 2252 2232
f 2253 2232 2233
f 2254 2253 2233
f 2254 2233 2234
f 2255 2254 2234
f 2255 2234 2235
f 2256 2255 2235
f 2256 2235 2236
f 2257 2236 2237
f 2257 2256 2236
f 2257 2237 2238
f 2258 2257 2238
f 2259 2258 2238
f 2259 2238 2239
f 2260 2240 2241
f 2260 2259 2239
f 2260 2239 2240
f 2261 2260 2241
f 2262 2242 2243
f 2262 2241 2242
f 2262 2261 2241
f 2263 2262 2243
f 2264 2243 2244
f 2264 2244 2224
f 2264 2224 2265
f 2264 2263 2243
f 2266 16 14
f 2266 17 16
f 2266 14 2245
f 2267 2246 2247
f 2267 2245 2246
f 2267 2266 2245
f 2268 2267 2247
f 2269 2247 2248
f 2269 2268 2247
f 2270 2248 2249
f 2270 2269 2248
f 2271 2249 2250
f 2271 2270 2249
f 2272 2271 2250
f 2272 2250 2251
f 2272 2251 2252
f 2273 2272 2252
f 2274 2273 2252
f 2274 2252 2253
f 2275 2253 2254
f 2275 2274 2253
f 2276 2254 2255
f 2276 2255 2256
f 2276 2275 2254
f 2277 2276 2256
f 2278 2277 2256
f 2278 2256 2257
f 2279 2278 2257
f 2279 2257 2258
f 2279 2258 2259
f 2280 2279 2259
f 2281 2280 2259
f 2281 2259 2260
f 2282 2281 2260
f 2282 2260 2261
f 2283 2282 2261
f 2283 2261 2262
f 2284 2283 2262
f 2284 2262 2263
f 2285 2284 2263
f 2285 2265 2286
f 2285 2264 2265
f 2285 2263 2264
f 2287 17 2266
f 2288 2266 2267
f 2288 2267 2268
f 2288 2287 2266
f 2289 2288 2268
f 2290 2268 2269
f 2290 2289 2268
f 2291 2290 2269
f 2291 2269 2270
f 2291 2270 2271
f 2292 2291 2271
f 2293 2292 2271
f 2293 2271 2272
f 2294 2272 2273
f 2294 2293 2272
f 2295 2294 2273
f 2295 2273 2274
f 2295 2274 2275
f 2296 2295 2275
f 2297 2275 2276
f 2297 2296 2275
f 2298 2297 2276
f 2298 2276 2277
f 2299 2277 2278
f 2299 2278 2279
f 2299 2298 2277
f 2300 2299 2279
f 2301 2279 2280
f 2301 2280 2281
f 2301 2300 2279
f 2302 2281 2282
f 2302 2301 2281
f 2303 2302 2282
f 2304 2303 2282
f 2304 2282 2283
f 2305 2283 2284
f 2305 2304 2283
f 2306 2284 2285
f 2306 2285 2286
f 2306 2286 2307
f 2306 2305 2284
f 2308 19 17
f 2308 22 19
f 2308 17 2287
f 2309 2287 2288
f 2309 2308 2287
f 2310 2288 2289
f 2310 2309 2288
f 2311 2289 2290
f 2311 2290 2291
f 2311 2310 2289
f 2312 2291 2292
f 2312 2311 2291
f 2313 2312 2292
f 2314 2292 2293
f 2314 2313 2292
f 2315 2314 2293
f 2315 2293 2294
f 2316 2315 2294
f 2316 2294 2295
f 2316 2295 2296
f 2317 2316 2296
f 2318 2317 2296
f 2318 2296 2297
f 2318 2297 2298
f 2319 2318 2298
f 2320 2319 2298
f 2320 2298 2299
f 2321 2320 2299
f 2321 2299 2300
f 2322 2321 2300
f 2322 2300 2301
f 2323 2322 2301
f 2323 2301 2302
f 2324 2323 2302
f 2324 2302 2303
f 2325 2324 2303
f 2325 2303 2304
f 2326 2325 2304
f 2326 2304 2305
f 2327 2307 2328
f 2327 2326 2305
f 2327 2306 2307
f 2327 2305 2306
f 2329 22 2308
f 2330 2308 2309
f 2330 2309 2310
f 2330 2329 2308
f 2331 2330 2310
f 2332 2331 2310
f 2332 2310 2311
f 2333 2332 2311
f 2333 2311 2312
f 2333 2312 2313
f 2334 2313 2314
f 2334 2333 2313
f 2335 2334 2314
f 2336 2314 2315
f 2336 2335 2314
f 2337 2315 2316
f 2337 2316 2317
f 2337 2336 2315
f 2338 2317 2318
f 2338 2337 2317
f 2339 2338 2318
f 2340 2339 2318
f 2340 2318 2319
f 2341 2340 2319
f 2341 2319 2320
f 2342 2320 2321
f 2342 2341 2320
f 2343 2342 2321
f 2343 2321 2322
f 2344 2322 2323
f 2344 2323 2324
f 2344 2343 2322
f 2345 2344 2324
f 2346 2324 2325
f 2346 2345 2324
f 2347 2346 2325
f 2347 2325 2326
f 2348 2347 2326
f 2348 2328 2349
f 2348 2327 2328
f 2348 2326 2327
f 2350 22 2329
f 2350 24 22
f 2351 2329 2330
f 2351 2350 2329
f 2352 2330 2331
f 2352 2351 2330
f 2353 2352 2331
f 2353 2331 2332
f 2354 2353 2332
f 2354 2332 2333
f 2355 2354 2333
f 2355 2333 2334
f 2356 2355 2334
f 2356 2334 2335
f 2357 2356 2335
f 2357 2335 2336
f 2358 2357 2336
f 2358 2336 2337
f 2359 2337 2338
f 2359 2358 2337
f 2360 2359 2338
f 2360 2338 2339
f 2361 2339 2340
f 2361 2360 2339
f 2362 2340 2341
f 2362 2361 2340
f 2363 2362 2341
f 2363 2341 2342
f 2364 2363 2342
f 2364 2342 2343
f 2365 2364 2343
f 2365 2343 2344
f 2366 2365 2344
f 2366 2344 2345
f 2367 2366 2345
f 2367 2345 2346
f 2368 2367 2346
f 2368 2346 2347
f 2369 2347 2348
f 2369 2348 2349
f 2369 2349 2370
f 2369 2370 2371
f 2369 2368 2347
f 2372 2350 2351
f 2372 25 24
f 2372 24 2350
f 2373 2372 2351
f 2374 2373 2351
f 2374 2351 2352
f 2375 2353 2354
f 2375 2352 2353
f 2375 2374 2352
f 2376 2375 2354
f 2377 2354 2355
f 2377 2376 2354
f 2378 2355 2356
f 2378 2377 2355
f 2379 2356 2357
f 2379 2378 2356
f 2380 2357 2358
f 2380 2379 2357
f 2381 2358 2359
f 2381 2380 2358
f 2382 2359 2360
f 2382 2381 2359
f 2383 2360 2361
f 2383 2382 2360
f 2384 2361 2362
f 2384 2362 2363
f 2384 2383 2361
f 2385 2384 2363
f 2386 2385 2363
f 2386 2363 2364
f 2387 2386 2364
f 2387 2364 2365
f 2388 2365 2366
f 2388 2387 2365
f 2388 2366 2367
f 2389 2388 2367
f 2389 2367 2368
f 2390 2389 2368
f 2391 2390 2368
f 2391 2369 2371
f 2391 2368 2369
f 2392 28 25
f 2392 25 2372
f 2393 2372 2373
f 2393 2392 2372
f 2394 2393 2373
f 2394 2373 2374
f 2395 2394 2374
f 2395 2374 2375
f 2396 2395 2375
f 2396 2375 2376
f 2397 2376 2377
f 2397 2396 2376
f 2398 2397 2377
f 2398 2377 2378
f 2399 2398 2378
f 2399 2378 2379
f 2400 2399 2379
f 2400 2379 2380
f 2401 2400 2380
f 2401 2380 2381
f 2402 2401 2381
f 2402 2381 2382
f 2403 2382 2383
f 2403 2383 2384
f 2403 2402 2382
f 2404 2403 2384
f 2405 2384 2385
f 2405 2404 2384
f 2406 2385 2386
f 2406 2405 2385
f 2407 2386 2387
f 2407 2406 2386
f 2408 2387 2388
f 2408 2407 2387
f 2409 2388 2389
f 2409 2408 2388
f 2410 2389 2390
f 2410 2409 2389
f 2411 2390 2391
f 2411 2391 2371
f 2411 2371 2412
f 2411 2410 2390
f 2413 30 28
f 2413 28 2392
f 2414 2392 2393
f 2414 2413 2392
f 2415 2393 2394
f 2415 2414 2393
f 2416 2394 2395
f 2416 2415 2394
f 2417 2416 2395
f 2417 2395 2396
f 2418 2396 2397
f 2418 2397 2398
f 2418 2417 2396
f 2419 2418 2398
f 2420 2398 2399
f 2420 2419 2398
f 2421 2399 2400
f 2421 2400 2401
f 2421 2420 2399
f 2422 2421 2401
f 2423 2422 2401
f 2423 2401 2402
f 2424 2402 2403
f 2424 2403 2404
f 2424 2423 2402
f 2425 2424 2404
f 2425 2404 2405
f 2426 2425 2405
f 2426 2405 2406
f 2427 2426 2406
f 2428 2427 2406
f 2428 2406 2407
f 2429 2407 2408
f 2429 2428 2407
f 2430 2429 2408
f 2430 2408 2409
f 2431 2430 2409
f 2431 2409 2410
f 2432 2412 2433
f 2432 2431 2410
f 2432 2411 2412
f 2432 2410 2411
f 2434 2413 2414
f 2434 30 2413
f 2434 32 30
f 2435 2434 2414
f 2435 2414 2415
f 2436 2435 2415
f 2437 2436 2415
f 2437 2415 2416
f 2437 2416 2417
f 2438 2437 2417
f 2438 2417 2418
f 2439 2438 2418
f 2440 2418 2419
f 2440 2419 2420
f 2440 2439 2418
f 2441 2420 2421
f 2441 2440 2420
f 2442 2441 2421
f 2443 2421 2422
f 2443 2442 2421
f 2444 2422 2423
f 2444 2423 2424
f 2444 2443 2422
f 2445 2444 2424
f 2445 2424 2425
f 2446 2425 2426
f 2446 2445 2425
f 2447 2446 2426
f 2448 2426 2427
f 2448 2427 2428
f 2448 2447 2426
f 2449 2428 2429
f 2449 2448 2428
f 2450 2449 2429
f 2451 2450 2429
f 2451 2429 2430
f 2451 2430 2431
f 2452 2451 2431
f 2453 2452 2431
f 2453 2433 2454
f 2453 2431 2432
f 2453 2432 2433
f 2455 32 2434
f 2455 33 32
f 2455 2434 2435
f 2456 2455 2435
f 2457 2435 2436
f 2457 2456 2435
f 2457 2436 2437
f 2458 2457 2437
f 2459 2458 2437
f 2459 2437 2438
f 2460 2438 2439
f 2460 2459 2438
f 2461 2460 2439
f 2461 2439 2440
f 2462 2461 2440
f 2462 2440 2441
f 2463 2462 2441
f 2463 2441 2442
f 2464 2442 2443
f 2464 2463 2442
f 2465 2464 2443
f 2465 2443 2444
f 2466 2465 2444
f 2466 2444 2445
f 2466 2445 2446
f 2467 2466 2446
f 2468 2467 2446
f 2468 2446 2447
f 2469 2447 2448
f 2469 2468 2447
f 2469 2448 2449
f 2470 2469 2449
f 2470 2449 2450
f 2471 2470 2450
f 2472 2471 2450
f 2472 2450 2451
f 2473 2451 2452
f 2473 2472 2451
f 2474 2452 2453
f 2474 2453 2454
f 2474 2454 2475
f 2474 2473 2452
f 2476 2455 2456
f 2476 36 33
f 2476 33 2455
f 2477 2476 2456
f 2478 2457 2458
f 2478 2477 2456
f 2478 2456 2457
f 2479 2478 2458
f 2480 2458 2459
f 2480 2459 2460
f 2480 2479 2458
f 2481 2480 2460
f 2482 2481 2460
f 2482 2460 2461
f 2482 2461 2462
f 2483 2462 2463
f 2483 2482 2462
f 2484 2483 2463
f 2485 2463 2464
f 2485 2484 2463
f 2485 2464 2465
f 2486 2485 2465
f 2487 2465 2466
f 2487 2466 2467
f 2487 2486 2465
f 2488 2487 2467
f 2489 2467 2468
f 2489 2488 2467
f 2490 2489 2468
f 2490 2468 2469
f 2491 2490 2469
f 2491 2469 2470
f 2491 2470 2471
f 2492 2491 2471
f 2493 2492 2471
f 2493 2471 2472
f 2493 2472 2473
f 2494 2493 2473
f 2495 2494 2473
f 2495 2475 2496
f 2495 2474 2475
f 2495 2473 2474
f 2497 37 36
f 2497 36 2476
f 2498 2476 2477
f 2498 2497 2476
f 2499 2498 2477
f 2499 2477 2478
f 2500 2478 2479
f 2500 2499 2478
f 2500 2479 2480
f 2501 2480 2481
f 2501 2500 2480
f 2502 2501 2481
f 2503 2481 2482
f 2503 2502 2481
f 2504 2503 2482
f 2504 2482 2483
f 2505 2504 2483
f 2505 2483 2484
f 2506 2505 2484
f 2506 2484 2485
f 2507 2506 2485
f 2507 2485 2486
f 2508 2487 2488
f 2508 2507 2486
f 2508 2486 2487
f 2509 2508 2488
f 2510 2488 2489
f 2510 2509 2488
f 2511 2489 2490
f 2511 2510 2489
f 2512 2511 2490
f 2512 2490 2491
f 2513 2491 2492
f 2513 2512 2491
f 2514 2492 2493
f 2514 2513 2492
f 2515 2493 2494
f 2515 2514 2493
f 2516 2494 2495
f 2516 2496 2517
f 2516 2495 2496
f 2516 2515 2494
f 2518 37 2497
f 2518 39 37
f 2518 42 39
f 2519 2518 2497
f 2519 2497 2498
f 2520 2498 2499
f 2520 2519 2498
f 2521 2499 2500
f 2521 2520 2499
f 2522 2500 2501
f 2522 2521 2500
f 2523 2501 2502
f 2523 2522 2501
f 2524 2502 2503
f 2524 2523 2502
f 2525 2503 2504
f 2525 2524 2503
f 2526 2525 2504
f 2526 2504 2505
f 2527 2506 2507
f 2527 2526 2505
f 2527 2505 2506
f 2528 2527 2507
f 2529 2528 2507
f 2529 2507 2508
f 2530 2508 2509
f 2530 2529 2508
f 2531 2530 2509
f 2531 2509 2510
f 2532 2531 2510
f 2532 2510 2511
f 2533 2532 2511
f 2533 2511 2512
f 2533 2512 2513
f 2534 2533 2513
f 2535 2534 2513
f 2535 2513 2514
f 2536 2535 2514
f 2536 2514 2515
f 2537 2516 2517
f 2537 2536 2515
f 2537 2517 2538
f 2537 2515 2516
f 2539 42 2518
f 2540 2518 2519
f 2540 2539 2518
f 2540 2519 2520
f 2541 2540 2520
f 2541 2520 2521
f 2542 2541 2521
f 2543 2542 2521
f 2543 2521 2522
f 2544 2522 2523
f 2544 2543 2522
f 2545 2523 2524
f 2545 2544 2523
f 2546 2524 2525
f 2546 2545 2524
f 2547 2546 2525
f 2547 2525 2526
f 2548 2526 2527
f 2548 2547 2526
f 2549 2527 2528
f 2549 2548 2527
f 2550 2528 2529
f 2550 2549 2528
f 2551 2529 2530
f 2551 2550 2529
f 2552 2530 2531
f 2552 2551 2530
f 2553 2531 2532
f 2553 2532 2533
f 2553 2552 2531
f 2554 2553 2533
f 2555 2554 2533
f 2555 2533 2534
f 2556 2534 2535
f 2556 2555 2534
f 2557 2535 2536
f 2557 2536 2537
f 2557 2556 2535
f 2558 2537 2538
f 2558 2538 2559
f 2558 2557 2537
f 2560 42 2539
f 2560 45 42
f 2561 2539 2540
f 2561 2560 2539
f 2562 2561 2540
f 2562 2540 2541
f 2563 2562 2541
f 2563 2541 2542
f 2564 2563 2542
f 2564 2542 2543
f 2565 2543 2544
f 2565 2564 2543
f 2566 2565 2544
f 2566 2544 2545
f 2566 2545 2546
f 2567 2566 2546
f 2568 2567 2546
f 2568 2546 2547
f 2569 2568 2547
f 2569 2547 2548
f 2570 2548 2549
f 2570 2569 2548
f 2571 2570 2549
f 2571 2549 2550
f 2571 2550 2551
f 2572 2571 2551
f 2573 2551 2552
f 2573 2572 2551
f 2574 2573 2552
f 2574 2552 2553
f 2575 2553 2554
f 2575 2574 2553
f 2576 2575 2554
f 2576 2554 2555
f 2577 2576 2555
f 2577 2555 2556
f 2578 2577 2556
f 2578 2556 2557
f 2579 2557 2558
f 2579 2559 2580
f 2579 2578 2557
f 2579 2558 2559
f 2581 45 2560
f 2581 49 45
f 2582 2581 2560
f 2582 2560 2561
f 2583 2561 2562
f 2583 2562 2563
f 2583 2582 2561
f 2584 2583 2563
f 2585 2563 2564
f 2585 2584 2563
f 2586 2564 2565
f 2586 2585 2564
f 2587 2565 2566
f 2587 2586 2565
f 2588 2567 2568
f 2588 2566 2567
f 2588 2587 2566
f 2589 2568 2569
f 2589 2588 2568
f 2590 2589 2569
f 2591 2569 2570
f 2591 2590 2569
f 2592 2570 2571
f 2592 2591 2570
f 2593 2571 2572
f 2593 2572 2573
f 2593 2592 2571
f 2594 2593 2573
f 2595 2594 2573
f 2595 2573 2574
f 2595 2574 2575
f 2596 2595 2575
f 2597 2575 2576
f 2597 2596 2575
f 2597 2576 2577
f 2598 2597 2577
f 2598 2577 2578
f 2599 2598 2578
f 2599 2578 2579
f 2600 2579 2580
f 2600 2599 2579
f 2600 2580 2601
f 2600 2601 2602
f 2603 53 49
f 2603 49 2581
f 2604 2581 2582
f 2604 2603 2581
f 2605 2604 2582
f 2605 2582 2583
f 2606 2583 2584
f 2606 2605 2583
f 2607 2606 2584
f 2607 2584 2585
f 2608 2607 2585
f 2608 2585 2586
f 2609 2608 2586
f 2609 2586 2587
f 2609 2587 2588
f 2610 2609 2588
f 2610 2588 2589
f 2611 2610 2589
f 2611 2589 2590
f 2612 2611 2590
f 2612 2590 2591
f 2613 2612 2591
f 2614 2613 2591
f 2614 2591 2592
f 2615 2614 2592
f 2615 2592 2593
f 2616 2615 2593
f 2616 2593 2594
f 2617 2594 2595
f 2617 2616 2594
f 2618 2595 2596
f 2618 2617 2595
f 2619 2596 2597
f 2619 2618 2596
f 2620 2597 2598
f 2620 2619 2597
f 2621 2620 2598
f 2621 2598 2599
f 2621 2599 2600
f 2622 2600 2602
f 2622 2621 2600
f 2623 57 53
f 2623 53 2603
f 2624 2604 2605
f 2624 2623 2603
f 2624 2603 2604
f 2625 2605 2606
f 2625 2624 2605
f 2626 2625 2606
f 2627 2606 2607
f 2627 2626 2606
f 2628 2607 2608
f 2628 2627 2607
f 2629 2628 2608
f 2629 2608 2609
f 2630 2609 2610
f 2630 2629 2609
f 2631 2610 2611
f 2631 2630 2610
f 2632 2611 2612
f 2632 2631 2611
f 2633 2632 2612
f 2633 2612 2613
f 2634 2633 2613
f 2634 2613 2614
f 2635 2615 2616
f 2635 2634 2614
f 2635 2614 2615
f 2636 2635 2616
f 2637 2636 2616
f 2637 2616 2617
f 2638 2617 2618
f 2638 2637 2617
f 2639 2638 2618
f 2639 2618 2619
f 2639 2619 2620
f 2640 2620 2621
f 2640 2639 2620
f 2641 2640 2621
f 2641 2621 2622
f 2642 2641 2622
f 2642 2602 2643
f 2642 2622 2602
f 2644 57 2623
f 2644 63 57
f 2644 66 63
f 2645 2644 2623
f 2645 2623 2624
f 2646 2645 2624
f 2646 2624 2625
f 2647 2646 2625
f 2647 2625 2626
f 2648 2647 2626
f 2648 2626 2627
f 2649 2648 2627
f 2649 2628 2629
f 2649 2627 2628
f 2650 2649 2629
f 2651 2650 2629
f 2651 2629 2630
f 2651 2630 2631
f 2652 2631 2632
f 2652 2651 2631
f 2653 2632 2633
f 2653 2652 2632
f 2654 2653 2633
f 2655 2633 2634
f 2655 2654 2633
f 2656 2634 2635
f 2656 2655 2634
f 2657 2635 2636
f 2657 2636 2637
f 2657 2656 2635
f 2658 2657 2637
f 2659 2637 2638
f 2659 2658 2637
f 2660 2638 2639
f 2660 2659 2638
f 2661 2639 2640
f 2661 2660 2639
f 2662 2661 2640
f 2662 2640 2641
f 2663 2641 2642
f 2663 2642 2643
f 2663 2643 2664
f 2663 2662 2641
f 2665 66 2644
f 2665 68 66
f 2666 2645 2646
f 2666 2644 2645
f 2666 2665 2644
f 2667 2666 2646
f 2667 2646 2647
f 2668 2667 2647
f 2669 2647 2648
f 2669 2668 2647
f 2670 2648 2649
f 2670 2669 2648
f 2671 2649 2650
f 2671 2670 2649
f 2672 2671 2650
f 2672 2650 2651
f 2673 2672 2651
f 2673 2651 2652
f 2674 2652 2653
f 2674 2673 2652
f 2675 2674 2653
f 2675 2653 2654
f 2676 2675 2654
f 2676 2654 2655
f 2677 2676 2655
f 2677 2655 2656
f 2678 2677 2656
f 2678 2656 2657
f 2679 2657 2658
f 2679 2658 2659
f 2679 2678 2657
f 2680 2679 2659
f 2681 2680 2659
f 2681 2659 2660
f 2681 2660 2661
f 2682 2681 2661
f 2682 2661 2662
f 2683 2682 2662
f 2683 2662 2663
f 2684 2664 2685
f 2684 2683 2663
f 2684 2663 2664
f 2686 68 2665
f 2687 2666 2667
f 2687 2686 2665
f 2687 2665 2666
f 2688 2667 2668
f 2688 2687 2667
f 2689 2688 2668
f 2690 2668 2669
f 2690 2689 2668
f 2691 2669 2670
f 2691 2670 2671
f 2691 2690 2669
f 2692 2691 2671
f 2693 2671 2672
f 2693 2692 2671
f 2693 2672 2673
f 2694 2693 2673
f 2694 2673 2674
f 2695 2674 2675
f 2695 2694 2674
f 2696 2695 2675
f 2697 2675 2676
f 2697 2696 2675
f 2698 2676 2677
f 2698 2697 2676
f 2699 2677 2678
f 2699 2698 2677
f 2700 2679 2680
f 2700 2678 2679
f 2700 2699 2678
f 2701 2700 2680
f 2702 2701 2680
f 2702 2680 2681
f 2702 2681 2682
f 2703 2702 2682
f 2703 2682 2683
f 2704 2703 2683
f 2704 2683 2684
f 2705 2704 2684
f 2705 2685 2706
f 2705 2684 2685
f 2707 69 68
f 2707 68 2686
f 2708 2686 2687
f 2708 2707 2686
f 2709 2687 2688
f 2709 2708 2687
f 2710 2709 2688
f 2710 2688 2689
f 2711 2689 2690
f 2711 2690 2691
f 2711 2710 2689
f 2712 2711 2691
f 2713 2712 2691
f 2713 2691 2692
f 2714 2713 2692
f 2714 2692 2693
f 2715 2714 2693
f 2715 2693 2694
f 2716 2715 2694
f 2716 2694 2695
f 2717 2716 2695
f 2717 2695 2696
f 2718 2717 2696
f 2718 2696 2697
f 2719 2718 2697
f 2719 2697 2698
f 2720 2719 2698
f 2720 2698 2699
f 2721 2699 2700
f 2721 2720 2699
f 2722 2701 2702
f 2722 2721 2700
f 2722 2700 2701
f 2723 2702 2703
f 2723 2722 2702
f 2724 2723 2703
f 2725 2703 2704
f 2725 2724 2703
f 2726 2704 2705
f 2726 2705 2706
f 2726 2706 2727
f 2726 2725 2704
f 2728 72 69
f 2728 69 2707
f 2729 2707 2708
f 2729 2728 2707
f 2730 2708 2709
f 2730 2729 2708
f 2731 2709 2710
f 2731 2730 2709
f 2732 2711 2712
f 2732 2710 2711
f 2732 2731 2710
f 2733 2712 2713
f 2733 2732 2712
f 2734 2733 2713
f 2735 2713 2714
f 2735 2734 2713
f 2736 2714 2715
f 2736 2715 2716
f 2736 2735 2714
f 2737 2736 2716
f 2738 2716 2717
f 2738 2717 2718
f 2738 2737 2716
f 2739 2738 2718
f 2740 2739 2718
f 2740 2718 2719
f 2741 2719 2720
f 2741 2740 2719
f 2742 2720 2721
f 2742 2741 2720
f 2743 2721 2722
f 2743 2742 2721
f 2744 2743 2722
f 2744 2722 2723
f 2745 2744 2723
f 2745 2723 2724
f 2746 2745 2724
f 2746 2724 2725
f 2747 2746 2725
f 2747 2727 2748
f 2747 2726 2727
f 2747 2725 2726
f 2749 74 72
f 2749 72 2728
f 2750 2728 2729
f 2750 2749 2728
f 2751 2750 2729
f 2751 2729 2730
f 2752 2751 2730
f 2752 2730 2731
f 2753 2731 2732
f 2753 2752 2731
f 2754 2753 2732
f 2754 2732 2733
f 2755 2754 2733
f 2755 2733 2734
f 2756 2734 2735
f 2756 2755 2734
f 2757 2735 2736
f 2757 2756 2735
f 2758 2736 2737
f 2758 2757 2736
f 2759 2737 2738
f 2759 2758 2737
f 2760 2738 2739
f 2760 2759 2738
f 2761 2739 2740
f 2761 2760 2739
f 2762 2761 2740
f 2762 2740 2741
f 2763 2762 2741
f 2763 2741 2742
f 2763 2742 2743
f 2764 2763 2743
f 2765 2743 2744
f 2765 2764 2743
f 2766 2744 2745
f 2766 2745 2746
f 2766 2765 2744
f 2767 2766 2746
f 2768 2746 2747
f 2768 2747 2748
f 2768 2748 2769
f 2768 2767 2746
f 2770 2749 2750
f 2770 75 74
f 2770 74 2749
f 2771 2770 2750
f 2772 2750 2751
f 2772 2771 2750
f 2773 2772 2751
f 2773 2751 2752
f 2774 2752 2753
f 2774 2773 2752
f 2775 2774 2753
f 2775 2753 2754
f 2776 2754 2755
f 2776 2775 2754
f 2777 2776 2755
f 2777 2755 2756
f 2778 2756 2757
f 2778 2757 2758
f 2778 2777 2756
f 2779 2778 2758
f 2780 2779 2758
f 2780 2758 2759
f 2780 2759 2760
f 2781 2780 2760
f 2782 2761 2762
f 2782 2760 2761
f 2782 2781 2760
f 2783 2782 2762
f 2783 2762 2763
f 2784 2783 2763
f 2785 2784 2763
f 2785 2763 2764
f 2785 2764 2765
f 2786 2785 2765
f 2786 2765 2766
f 2787 2786 2766
f 2788 2787 2766
f 2788 2766 2767
f 2789 2788 2767
f 2789 2769 2790
f 2789 2768 2769
f 2789 2767 2768
f 2791 77 75
f 2791 75 2770
f 2791 2770 2771
f 2792 2791 2771
f 2793 2792 2771
f 2793 2771 2772
f 2794 2793 2772
f 2794 2772 2773
f 2795 2774 2775
f 2795 2794 2773
f 2795 2773 2774
f 2796 2795 2775
f 2797 2775 2776
f 2797 2796 2775
f 2798 2776 2777
f 2798 2797 2776
f 2799 2777 2778
f 2799 2798 2777
f 2800 2778 2779
f 2800 2799 2778
f 2801 2779 2780
f 2801 2800 2779
f 2802 2780 2781
f 2802 2801 2780
f 2803 2802 2781
f 2803 2781 2782
f 2803 2782 2783
f 2804 2803 2783
f 2805 2783 2784
f 2805 2804 2783
f 2806 2784 2785
f 2806 2785 2786
f 2806 2805 2784
f 2807 2786 2787
f 2807 2806 2786
f 2808 2807 2787
f 2808 2787 2788
f 2809 2808 2788
f 2810 2809 2788
f 2810 2788 2789
f 2810 2789 2790
f 2810 2790 2811
f 2812 80 77
f 2812 77 2791
f 2813 2791 2792
f 2813 2812 2791
f 2814 2792 2793
f 2814 2813 2792
f 2815 2814 2793
f 2815 2793 2794
f 2816 2815 2794
f 2816 2794 2795
f 2817 2795 2796
f 2817 2796 2797
f 2817 2816 2795
f 2818 2817 2797
f 2819 2818 2797
f 2819 2797 2798
f 2820 2819 2798
f 2820 2798 2799
f 2820 2799 2800
f 2821 2820 2800
f 2822 2800 2801
f 2822 2801 2802
f 2822 2821 2800
f 2823 2822 2802
f 2824 2823 2802
f 2824 2802 2803
f 2825 2824 2803
f 2825 2803 2804
f 2825 2804 2805
f 2826 2805 2806
f 2826 2825 2805
f 2827 2806 2807
f 2827 2826 2806
f 2828 2807 2808
f 2828 2827 2807
f 2829 2808 2809
f 2829 2828 2808
f 2830 2829 2809
f 2831 2809 2810
f 2831 2810 2811
f 2831 2830 2809
f 2831 2811 2832
f 2833 82 80
f 2833 80 2812
f 2834 2813 2814
f 2834 2812 2813
f 2834 2833 2812
f 2835 2834 2814
f 2836 2814 2815
f 2836 2835 2814
f 2837 2815 2816
f 2837 2836 2815
f 2838 2816 2817
f 2838 2837 2816
f 2839 2817 2818
f 2839 2838 2817
f 2840 2839 2818
f 2840 2818 2819
f 2841 2819 2820
f 2841 2840 2819
f 2842 2820 2821
f 2842 2841 2820
f 2843 2821 2822
f 2843 2842 2821
f 2844 2822 2823
f 2844 2843 2822
f 2845 2823 2824
f 2845 2844 2823
f 2846 2824 2825
f 2846 2845 2824
f 2847 2846 2825
f 2847 2825 2826
f 2848 2826 2827
f 2848 2847 2826
f 2849 2848 2827
f 2849 2827 2828
f 2850 2849 2828
f 2850 2828 2829
f 2851 2850 2829
f 2851 2829 2830
f 2852 2851 2830
f 2852 2832 2853
f 2852 2830 2831
f 2852 2831 2832
f 2854 83 82
f 2854 82 2833
f 2855 2833 2834
f 2855 2854 2833
f 2856 2855 2834
f 2856 2834 2835
f 2857 2856 2835
f 2857 2835 2836
f 2858 2857 2836
f 2858 2836 2837
f 2858 2837 2838
f 2859 2858 2838
f 2860 2838 2839
f 2860 2859 2838
f 2861 2860 2839
f 2861 2840 2841
f 2861 2839 2840
f 2862 2861 2841
f 2863 2842 2843
f 2863 2862 2841
f 2863 2841 2842
f 2864 2863 2843
f 2865 2843 2844
f 2865 2864 2843
f 2866 2844 2845
f 2866 2865 2844
f 2867 2845 2846
f 2867 2846 2847
f 2867 2866 2845
f 2868 2867 2847
f 2869 2847 2848
f 2869 2848 2849
f 2869 2868 2847
f 2870 2869 2849
f 2870 2849 2850
f 2871 2870 2850
f 2872 2850 2851
f 2872 2851 2852
f 2872 2871 2850
f 2873 2852 2853
f 2873 2853 2874
f 2873 2872 2852
f 2875 85 83
f 2875 83 2854
f 2876 2854 2855
f 2876 2875 2854
f 2877 2876 2855
f 2877 2855 2856
f 2878 2877 2856
f 2878 2856 2857
f 2879 2857 2858
f 2879 2878 2857
f 2879 2858 2859
f 2880 2879 2859
f 2881 2859 2860
f 2881 2880 2859
f 2882 2881 2860
f 2882 2860 2861
f 2883 2882 2861
f 2883 2861 2862
f 2884 2862 2863
f 2884 2883 2862
f 2885 2884 2863
f 2885 2863 2864
f 2886 2885 2864
f 2886 2864 2865
f 2887 2865 2866
f 2887 2866 2867
f 2887 2886 2865
f 2888 2887 2867
f 2889 2888 2867
f 2889 2867 2868
f 2890 2889 2868
f 2890 2868 2869
f 2891 2890 2869
f 2891 2869 2870
f 2892 2891 2870
f 2892 2870 2871
f 2893 2892 2871
f 2893 2871 2872
f 2894 2893 2872
f 2894 2874 2895
f 2894 2873 2874
f 2894 2872 2873
f 2896 85 2875
f 2896 87 85
f 2897 2875 2876
f 2897 2876 2877
f 2897 2896 2875
f 2898 2897 2877
f 2899 2898 2877
f 2899 2877 2878
f 2900 2878 2879
f 2900 2879 2880
f 2900 2899 2878
f 2901 2900 2880
f 2902 2901 2880
f 2902 2880 2881
f 2903 2881 2882
f 2903 2882 2883
f 2903 2902 2881
f 2904 2903 2883
f 2905 2883 2884
f 2905 2884 2885
f 2905 2904 2883
f 2906 2905 2885
f 2907 2886 2887
f 2907 2906 2885
f 2907 2885 2886
f 2908 2907 2887
f 2909 2887 2888
f 2909 2888 2889
f 2909 2908 2887
f 2910 2909 2889
f 2911 2889 2890
f 2911 2910 2889
f 2912 2890 2891
f 2912 2911 2890
f 2913 2912 2891
f 2913 2891 2892
f 2914 2913 2892
f 2914 2892 2893
f 2915 2914 2893
f 2915 2893 2894
f 2915 2894 2895
f 2915 2895 2916
f 2915 2916 2917
f 2918 87 2896
f 2918 90 87
f 2919 2896 2897
f 2919 2918 2896
f 2920 2919 2897
f 2920 2897 2898
f 2921 2898 2899
f 2921 2920 2898
f 2922 2921 2899
f 2922 2899 2900
f 2922 2900 2901
f 2923 2922 2901
f 2924 2901 2902
f 2924 2923 2901
f 2925 2924 2902
f 2925 2902 2903
f 2926 2925 2903
f 2926 2903 2904
f 2927 2926 2904
f 2927 2904 2905
f 2928 2927 2905
f 2928 2905 2906
f 2929 2928 2906
f 2929 2906 2907
f 2930 2907 2908
f 2930 2908 2909
f 2930 2929 2907
f 2931 2930 2909
f 2932 2931 2909
f 2932 2909 2910
f 2933 2911 2912
f 2933 2932 2910
f 2933 2910 2911
f 2934 2912 2913
f 2934 2933 2912
f 2935 2934 2913
f 2936 2935 2913
f 2936 2913 2914
f 2936 2914 2915
f 2937 2915 2917
f 2937 2936 2915
f 2938 92 90
f 2938 90 2918
f 2939 2918 2919
f 2939 2938 2918
f 2940 2939 2919
f 2940 2919 2920
f 2941 2920 2921
f 2941 2921 2922
f 2941 2940 2920
f 2942 2941 2922
f 2943 2922 2923
f 2943 2942 2922
f 2944 2923 2924
f 2944 2924 2925
f 2944 2943 2923
f 2945 2944 2925
f 2946 2926 2927
f 2946 2945 2925
f 2946 2925 2926
f 2947 2946 2927
f 2948 2947 2927
f 2948 2927 2928
f 2949 2928 2929
f 2949 2948 2928
f 2950 2949 2929
f 2950 2929 2930
f 2951 2930 2931
f 2951 2950 2930
f 2952 2951 2931
f 2952 2931 2932
f 2953 2952 2932
f 2953 2932 2933
f 2954 2953 2933
f 2954 2933 2934
f 2955 2954 2934
f 2955 2934 2935
f 2956 2935 2936
f 2956 2955 2935
f 2956 2936 2937
f 2957 2956 2937
f 2957 2917 2958
f 2957 2937 2917
f 2959 93 92
f 2959 92 2938
f 2959 2938 2939
f 2960 2959 2939
f 2961 2939 2940
f 2961 2960 2939
f 2962 2940 2941
f 2962 2961 2940
f 2963 2962 2941
f 2963 2941 2942
f 2964 2963 2942
f 2964 2943 2944
f 2964 2942 2943
f 2965 2964 2944
f 2965 2944 2945
f 2966 2965 2945
f 2967 2966 2945
f 2967 2945 2946
f 2968 2946 2947
f 2968 2967 2946
f 2969 2947 2948
f 2969 2968 2947
f 2970 2948 2949
f 2970 2969 2948
f 2970 2949 2950
f 2971 2970 2950
f 2972 2950 2951
f 2972 2951 2952
f 2972 2971 2950
f 2973 2972 2952
f 2974 2952 2953
f 2974 2973 2952
f 2975 2953 2954
f 2975 2974 2953
f 2976 2954 2955
f 2976 2975 2954
f 2977 2955 2956
f 2977 2976 2955
f 2978 2956 2957
f 2978 2957 2958
f 2978 2958 2979
f 2978 2977 2956
f 2980 93 2959
f 2980 2959 2960
f 2980 96 93
f 2981 2980 2960
f 2982 2960 2961
f 2982 2981 2960
f 2983 2961 2962
f 2983 2982 2961
f 2983 2962 2963
f 2984 2983 2963
f 2985 2963 2964
f 2985 2984 2963
f 2986 2964 2965
f 2986 2985 2964
f 2987 2986 2965
f 2987 2965 2966
f 2988 2987 2966
f 2988 2966 2967
f 2989 2988 2967
f 2989 2967 2968
f 2990 2968 2969
f 2990 2989 2968
f 2991 2969 2970
f 2991 2990 2969
f 2992 2991 2970
f 2992 2970 2971
f 2993 2992 2971
f 2993 2971 2972
f 2994 2993 2972
f 2994 2972 2973
f 2995 2974 2975
f 2995 2994 2973
f 2995 2973 2974
f 2996 2995 2975
f 2997 2996 2975
f 2997 2976 2977
f 2997 2975 2976
f 2998 2997 2977
f 2998 2977 2978
f 2999 2998 2978
f 2999 2979 3000
f 2999 2978 2979
f 3001 98 96
f 3001 96 2980
f 3002 2980 2981
f 3002 3001 2980
f 3003 3002 2981
f 3003 2981 2982
f 3004 3003 2982
f 3004 2982 2983
f 3005 3004 2983
f 3005 2983 2984
f 3006 3005 2984
f 3006 2984 2985
f 3007 2985 2986
f 3007 3006 2985
f 3008 3007 2986
f 3008 2986 2987
f 3009 2987 2988
f 3009 2988 2989
f 3009 3008 2987
f 3010 3009 2989
f 3011 2989 2990
f 3011 3010 2989
f 3012 2990 2991
f 3012 3011 2990
f 3013 3012 2991
f 3013 2991 2992
f 3014 3013 2992
f 3014 2992 2993
f 3014 2993 2994
f 3015 3014 2994
f 3016 2994 2995
f 3016 3015 2994
f 3017 2995 2996
f 3017 3016 2995
f 3018 2996 2997
f 3018 3017 2996
f 3019 2997 2998
f 3019 3018 2997
f 3020 2999 3000
f 3020 3000 3021
f 3020 3019 2998
f 3020 2998 2999
f 3022 98 3001
f 3022 99 98
f 3023 3001 3002
f 3023 3022 3001
f 3024 3002 3003
f 3024 3023 3002
f 3025 3024 3003
f 3025 3003 3004
f 3026 3025 3004
f 3026 3004 3005
f 3027 3005 3006
f 3027 3026 3005
f 3028 3027 3006
f 3028 3007 3008
f 3028 3006 3007
f 3029 3028 3008
f 3030 3029 3008
f 3030 3009 3010
f 3030 3008 3009
f 3031 3030 3010
f 3032 3031 3010
f 3032 3010 3011
f 3033 3011 3012
f 3033 3032 3011
f 3034 3033 3012
f 3034 3013 3014
f 3034 3012 3013
f 3035 3034 3014
f 3036 3035 3014
f 3036 3014 3015
f 3037 3036 3015
f 3037 3016 3017
f 3037 3015 3016
f 3038 3037 3017
f 3039 3017 3018
f 3039 3038 3017
f 3040 3039 3018
f 3040 3018 3019
f 3041 3019 3020
f 3041 3020 3021
f 3041 3040 3019
f 3041 3021 3042
f 3041 3042 3043
f 3044 3022 3023
f 3044 99 3022
f 3044 102 99
f 3045 3044 3023
f 3046 3045 3023
f 3046 3023 3024
f 3047 3024 3025
f 3047 3025 3026
f 3047 3046 3024
f 3048 3047 3026
f 3049 3026 3027
f 3049 3027 3028
f 3049 3048 3026
f 3050 3049 3028
f 3051 3028 3029
f 3051 3050 3028
f 3052 3029 3030
f 3052 3051 3029
f 3053 3031 3032
f 3053 3052 3030
f 3053 3030 3031
f 3054 3053 3032
f 3055 3032 3033
f 3055 3033 3034
f 3055 3054 3032
f 3056 3055 3034
f 3057 3056 3034
f 3057 3034 3035
f 3057 3035 3036
f 3058 3057 3036
f 3059 3036 3037
f 3059 3058 3036
f 3060 3059 3037
f 3060 3037 3038
f 3061 3038 3039
f 3061 3060 3038
f 3062 3061 3039
f 3062 3039 3040
f 3062 3040 3041
f 3063 3062 3041
f 3063 3041 3043
f 3064 103 102
f 3064 102 3044
f 3065 3064 3044
f 3065 3044 3045
f 3066 3065 3045
f 3066 3045 3046
f 3067 3046 3047
f 3067 3066 3046
f 3068 3067 3047
f 3068 3047 3048
f 3069 3048 3049
f 3069 3068 3048
f 3070 3069 3049
f 3070 3049 3050
f 3071 3070 3050
f 3071 3050 3051
f 3072 3071 3051
f 3072 3051 3052
f 3073 3072 3052
f 3073 3052 3053
f 3074 3073 3053
f 3074 3053 3054
f 3075 3054 3055
f 3075 3074 3054
f 3076 3075 3055
f 3076 3055 3056
f 3077 3056 3057
f 3077 3076 3056
f 3078 3057 3058
f 3078 3077 3057
f 3079 3058 3059
f 3079 3078 3058
f 3080 3059 3060
f 3080 3079 3059
f 3081 3060 3061
f 3081 3061 3062
f 3081 3080 3060
f 3082 3081 3062
f 3083 3062 3063
f 3083 3063 3043
f 3083 3043 3084
f 3083 3082 3062
f 3085 3064 3065
f 3085 103 3064
f 3085 106 103
f 3086 3085 3065
f 3087 3086 3065
f 3087 3065 3066
f 3088 3067 3068
f 3088 3066 3067
f 3088 3087 3066
f 3089 3088 3068
f 3090 3068 3069
f 3090 3089 3068
f 3091 3090 3069
f 3091 3070 3071
f 3091 3069 3070
f 3092 3091 3071
f 3093 3092 3071
f 3093 3071 3072
f 3093 3072 3073
f 3094 3093 3073
f 3095 3094 3073
f 3095 3073 3074
f 3096 3095 3074
f 3096 3074 3075
f 3097 3096 3075
f 3097 3075 3076
f 3097 3076 3077
f 3098 3097 3077
f 3099 3098 3077
f 3099 3077 3078
f 3100 3078 3079
f 3100 3099 3078
f 3101 3079 3080
f 3101 3100 3079
f 3102 3101 3080
f 3102 3080 3081
f 3103 3081 3082
f 3103 3102 3081
f 3104 3103 3082
f 3104 3084 3105
f 3104 3083 3084
f 3104 3082 3083
f 3106 108 106
f 3106 106 3085
f 3107 3106 3085
f 3107 3085 3086
f 3108 3107 3086
f 3108 3086 3087
f 3109 3088 3089
f 3109 3108 3087
f 3109 3087 3088
f 3110 3109 3089
f 3111 3089 3090
f 3111 3110 3089
f 3112 3090 3091
f 3112 3111 3090
f 3112 3091 3092
f 3113 3112 3092
f 3114 3092 3093
f 3114 3093 3094
f 3114 3113 3092
f 3115 3114 3094
f 3116 3094 3095
f 3116 3115 3094
f 3117 3116 3095
f 3117 3095 3096
f 3118 3117 3096
f 3118 3096 3097
f 3118 3097 3098
f 3119 3098 3099
f 3119 3118 3098
f 3120 3119 3099
f 3121 3099 3100
f 3121 3100 3101
f 3121 3120 3099
f 3122 3121 3101
f 3123 3101 3102
f 3123 3102 3103
f 3123 3122 3101
f 3124 3123 3103
f 3125 3124 3103
f 3125 3103 3104
f 3125 3104 3105
f 3125 3105 3126
f 3127 3106 3107
f 3127 108 3106
f 3127 109 108
f 3128 3127 3107
f 3129 3128 3107
f 3129 3107 3108
f 3130 3129 3108
f 3130 3108 3109
f 3130 3109 3110
f 3131 3130 3110
f 3132 3131 3110
f 3132 3110 3111
f 3132 3111 3112
f 3133 3132 3112
f 3134 3112 3113
f 3134 3133 3112
f 3135 3134 3113
f 3135 3114 3115
f 3135 3113 3114
f 3136 3135 3115
f 3137 3136 3115
f 3137 3115 3116
f 3138 3116 3117
f 3138 3137 3116
f 3139 3117 3118
f 3139 3138 3117
f 3140 3139 3118
f 3140 3118 3119
f 3140 3119 3120
f 3141 3140 3120
f 3142 3141 3120
f 3142 3120 3121
f 3142 3121 3122
f 3143 3142 3122
f 3144 3123 3124
f 3144 3143 3122
f 3144 3122 3123
f 3145 3144 3124
f 3146 3145 3124
f 3146 3124 3125
f 3146 3125 3126
f 3146 3126 3147
f 3148 109 3127
f 3148 112 109
f 3148 3127 3128
f 3149 3148 3128
f 3150 3128 3129
f 3150 3149 3128
f 3151 3129 3130
f 3151 3130 3131
f 3151 3150 3129
f 3152 3151 3131
f 3153 3131 3132
f 3153 3152 3131
f 3154 3132 3133
f 3154 3153 3132
f 3155 3133 3134
f 3155 3154 3133
f 3156 3134 3135
f 3156 3155 3134
f 3157 3135 3136
f 3157 3156 3135
f 3158 3136 3137
f 3158 3157 3136
f 3159 3137 3138
f 3159 3158 3137
f 3160 3138 3139
f 3160 3159 3138
f 3161 3139 3140
f 3161 3160 3139
f 3162 3161 3140
f 3162 3140 3141
f 3163 3162 3141
f 3163 3141 3142
f 3164 3163 3142
f 3164 3142 3143
f 3164 3143 3144
f 3165 3164 3144
f 3165 3144 3145
f 3166 3165 3145
f 3167 3166 3145
f 3167 3145 3146
f 3167 3146 3147
f 3167 3147 3168
f 3167 3168 3169
f 3170 112 3148
f 3170 113 112
f 3171 3148 3149
f 3171 3170 3148
f 3172 3171 3149
f 3172 3149 3150
f 3173 3172 3150
f 3173 3150 3151
f 3174 3151 3152
f 3174 3173 3151
f 3175 3174 3152
f 3175 3152 3153
f 3176 3153 3154
f 3176 3154 3155
f 3176 3175 3153
f 3177 3176 3155
f 3178 3177 3155
f 3178 3155 3156
f 3179 3178 3156
f 3179 3156 3157
f 3180 3179 3157
f 3180 3157 3158
f 3181 3180 3158
f 3181 3158 3159
f 3181 3159 3160
f 3182 3181 3160
f 3183 3160 3161
f 3183 3182 3160
f 3183 3161 3162
f 3184 3183 3162
f 3185 3162 3163
f 3185 3184 3162
f 3186 3163 3164
f 3186 3185 3163
f 3187 3164 3165
f 3187 3165 3166
f 3187 3186 3164
f 3188 3166 3167
f 3188 3187 3166
f 3189 3167 3169
f 3189 3188 3167
f 3190 113 3170
f 3190 116 113
f 3190 3170 3171
f 3191 3190 3171
f 3192 3171 3172
f 3192 3191 3171
f 3193 3172 3173
f 3193 3192 3172
f 3193 3173 3174
f 3194 3193 3174
f 3195 3174 3175
f 3195 3175 3176
f 3195 3194 3174
f 3196 3195 3176
f 3197 3196 3176
f 3197 3176 3177
f 3198 3197 3177
f 3198 3178 3179
f 3198 3177 3178
f 3199 3198 3179
f 3200 3199 3179
f 3200 3179 3180
f 3201 3200 3180
f 3201 3180 3181
f 3202 3201 3181
f 3202 3181 3182
f 3203 3202 3182
f 3203 3182 3183
f 3203 3183 3184
f 3204 3203 3184
f 3205 3204 3184
f 3205 3184 3185
f 3205 3185 3186
f 3206 3205 3186
f 3207 3206 3186
f 3207 3186 3187
f 3207 3187 3188
f 3208 3207 3188
f 3209 3208 3188
f 3209 3169 3210
f 3209 3189 3169
f 3209 3188 3189
f 3211 118 116
f 3211 116 3190
f 3212 3190 3191
f 3212 3211 3190
f 3213 3212 3191
f 3213 3191 3192
f 3214 3213 3192
f 3214 3192 3193
f 3214 3193 3194
f 3215 3214 3194
f 3216 3215 3194
f 3216 3195 3196
f 3216 3194 3195
f 3217 3216 3196
f 3218 3196 3197
f 3218 3217 3196
f 3219 3197 3198
f 3219 3218 3197
f 3220 3199 3200
f 3220 3198 3199
f 3220 3219 3198
f 3221 3220 3200
f 3222 3200 3201
f 3222 3201 3202
f 3222 3221 3200
f 3223 3222 3202
f 3224 3202 3203
f 3224 3203 3204
f 3224 3223 3202
f 3225 3224 3204
f 3226 3204 3205
f 3226 3225 3204
f 3227 3205 3206
f 3227 3206 3207
f 3227 3226 3205
f 3228 3227 3207
f 3229 3207 3208
f 3229 3208 3209
f 3229 3228 3207
f 3230 3210 3231
f 3230 3231 3232
f 3230 3229 3209
f 3230 3209 3210
f 3233 118 3211
f 3233 119 118
f 3234 3211 3212
f 3234 3233 3211
f 3235 3234 3212
f 3235 3212 3213
f 3236 3213 3214
f 3236 3235 3213
f 3237 3236 3214
f 3237 3214 3215
f 3238 3215 3216
f 3238 3237 3215
f 3239 3238 3216
f 3239 3216 3217
f 3240 3239 3217
f 3240 3217 3218
f 3241 3240 3218
f 3241 3218 3219
f 3242 3219 3220
f 3242 3241 3219
f 3243 3242 3220
f 3243 3220 3221
f 3244 3221 3222
f 3244 3243 3221
f 3245 3244 3222
f 3245 3222 3223
f 3246 3245 3223
f 3246 3223 3224
f 3247 3246 3224
f 3247 3224 3225
f 3248 3247 3225
f 3248 3225 3226
f 3249 3248 3226
f 3249 3226 3227
f 3250 3249 3227
f 3250 3227 3228
f 3251 3229 3230
f 3251 3250 3228
f 3251 3228 3229
f 3252 3230 3232
f 3252 3251 3230
f 3253 119 3233
f 3253 3233 3234
f 3253 122 119
f 3254 3253 3234
f 3255 3234 3235
f 3255 3254 3234
f 3256 3235 3236
f 3256 3236 3237
f 3256 3255 3235
f 3257 3256 3237
f 3258 3237 3238
f 3258 3238 3239
f 3258 3257 3237
f 3259 3258 3239
f 3260 3239 3240
f 3260 3259 3239
f 3261 3240 3241
f 3261 3241 3242
f 3261 3260 3240
f 3262 3261 3242
f 3263 3242 3243
f 3263 3262 3242
f 3264 3243 3244
f 3264 3263 3243
f 3265 3244 3245
f 3265 3264 3244
f 3266 3245 3246
f 3266 3246 3247
f 3266 3265 3245
f 3267 3266 3247
f 3268 3247 3248
f 3268 3267 3247
f 3269 3268 3248
f 3269 3248 3249
f 3270 3249 3250
f 3270 3269 3249
f 3271 3270 3250
f 3271 3250 3251
f 3272 3271 3251
f 3272 3252 3232
f 3272 3251 3252
f 3272 3232 3273
f 3274 122 3253
f 3274 124 122
f 3275 3253 3254
f 3275 3274 3253
f 3276 3275 3254
f 3276 3254 3255
f 3277 3255 3256
f 3277 3276 3255
f 3278 3277 3256
f 3278 3256 3257
f 3278 3257 3258
f 3279 3278 3258
f 3280 3258 3259
f 3280 3259 3260
f 3280 3279 3258
f 3281 3280 3260
f 3281 3260 3261
f 3282 3281 3261
f 3283 3261 3262
f 3283 3262 3263
f 3283 3282 3261
f 3284 3283 3263
f 3285 3284 3263
f 3285 3263 3264
f 3286 3264 3265
f 3286 3285 3264
f 3287 3265 3266
f 3287 3286 3265
f 3288 3266 3267
f 3288 3287 3266
f 3289 3267 3268
f 3289 3288 3267
f 3290 3289 3268
f 3290 3268 3269
f 3291 3290 3269
f 3291 3269 3270
f 3292 3291 3270
f 3292 3270 3271
f 3293 3271 3272
f 3293 3272 3273
f 3293 3292 3271
f 3293 3273 3294
f 3295 124 3274
f 3295 126 124
f 3295 128 126
f 3296 3274 3275
f 3296 3295 3274
f 3297 3296 3275
f 3297 3275 3276
f 3298 3276 3277
f 3298 3297 3276
f 3299 3298 3277
f 3299 3277 3278
f 3300 3278 3279
f 3300 3299 3278
f 3301 3279 3280
f 3301 3300 3279
f 3302 3280 3281
f 3302 3301 3280
f 3303 3281 3282
f 3303 3302 3281
f 3304 3303 3282
f 3304 3282 3283
f 3305 3304 3283
f 3305 3283 3284
f 3306 3284 3285
f 3306 3305 3284
f 3307 3306 3285
f 3307 3285 3286
f 3308 3307 3286
f 3308 3286 3287
f 3309 3287 3288
f 3309 3308 3287
f 3310 3288 3289
f 3310 3309 3288
f 3311 3310 3289
f 3311 3289 3290
f 3312 3290 3291
f 3312 3311 3290
f 3313 3312 3291
f 3313 3291 3292
f 3314 3313 3292
f 3314 3292 3293
f 3314 3293 3294
f 3314 3294 3315
f 3314 3315 3316
f 3317 129 128
f 3317 128 3295
f 3318 3296 3297
f 3318 3295 3296
f 3318 3317 3295
f 3319 3318 3297
f 3320 3319 3297
f 3320 3297 3298
f 3321 3320 3298
f 3321 3298 3299
f 3321 3299 3300
f 3322 3321 3300
f 3323 3300 3301
f 3323 3322 3300
f 3323 3301 3302
f 3324 3323 3302
f 3324 3302 3303
f 3325 3324 3303
f 3326 3303 3304
f 3326 3304 3305
f 3326 3325 3303
f 3327 3326 3305
f 3328 3305 3306
f 3328 3327 3305
f 3329 3306 3307
f 3329 3307 3308
f 3329 3328 3306
f 3330 3329 3308
f 3331 3308 3309
f 3331 3309 3310
f 3331 3330 3308
f 3332 3331 3310
f 3333 3310 3311
f 3333 3332 3310
f 3334 3333 3311
f 3334 3311 3312
f 3335 3312 3313
f 3335 3334 3312
f 3335 3313 3314
f 3336 3314 3316
f 3336 3316 3337
f 3336 3335 3314
f 3338 132 129
f 3338 129 3317
f 3339 3338 3317
f 3339 3317 3318
f 3340 3339 3318
f 3340 3318 3319
f 3341 3340 3319
f 3341 3319 3320
f 3342 3341 3320
f 3342 3321 3322
f 3342 3320 3321
f 3343 3342 3322
f 3344 3343 3322
f 3344 3322 3323
f 3345 3323 3324
f 3345 3324 3325
f 3345 3344 3323
f 3346 3345 3325
f 3347 3346 3325
f 3347 3326 3327
f 3347 3325 3326
f 3348 3347 3327
f 3349 3348 3327
f 3349 3327 3328
f 3350 3349 3328
f 3350 3329 3330
f 3350 3328 3329
f 3351 3350 3330
f 3352 3351 3330
f 3352 3330 3331
f 3352 3331 3332
f 3353 3352 3332
f 3353 3332 3333
f 3354 3353 3333
f 3355 3333 3334
f 3355 3354 3333
f 3356 3334 3335
f 3356 3355 3334
f 3356 3335 3336
f 3357 3356 3336
f 3357 3336 3337
f 3358 132 3338
f 3359 3338 3339
f 3359 3358 3338
f 3360 3359 3339
f 3360 3339 3340
f 3361 3360 3340
f 3361 3340 3341
f 3362 3342 3343
f 3362 3341 3342
f 3362 3361 3341
f 3363 3362 3343
f 3364 3343 3344
f 3364 3363 3343
f 3365 3344 3345
f 3365 3364 3344
f 3366 3345 3346
f 3366 3365 3345
f 3367 3346 3347
f 3367 3366 3346
f 3368 3347 3348
f 3368 3367 3347
f 3369 3348 3349
f 3369 3368 3348
f 3370 3349 3350
f 3370 3350 3351
f 3370 3369 3349
f 3371 3370 3351
f 3372 3351 3352
f 3372 3371 3351
f 3373 3352 3353
f 3373 3372 3352
f 3374 3373 3353
f 3374 3353 3354
f 3375 3374 3354
f 3375 3354 3355
f 3376 3375 3355
f 3376 3355 3356
f 3377 3376 3356
f 3377 3356 3357
f 3377 3357 3337
f 3377 3337 3378
f 3379 132 3358
f 3379 134 132
f 3380 3358 3359
f 3380 3379 3358
f 3381 3380 3359
f 3381 3359 3360
f 3382 3381 3360
f 3382 3360 3361
f 3383 3382 3361
f 3383 3361 3362
f 3384 3362 3363
f 3384 3383 3362
f 3385 3384 3363
f 3385 3363 3364
f 3386 3385 3364
f 3386 3364 3365
f 3387 3386 3365
f 3387 3365 3366
f 3388 3387 3366
f 3388 3366 3367
f 3389 3367 3368
f 3389 3388 3367
f 3390 3389 3368
f 3390 3368 3369
f 3391 3390 3369
f 3391 3369 3370
f 3392 3391 3370
f 3392 3370 3371
f 3393 3392 3371
f 3393 3371 3372
f 3394 3393 3372
f 3394 3372 3373
f 3395 3373 3374
f 3395 3394 3373
f 3396 3374 3375
f 3396 3395 3374
f 3397 3375 3376
f 3397 3396 3375
f 3398 3397 3376
f 3398 3376 3377
f 3398 3377 3378
f 3398 3378 3399
f 3400 134 3379
f 3400 135 134
f 3401 3400 3379
f 3401 3379 3380
f 3402 3380 3381
f 3402 3401 3380
f 3403 3402 3381
f 3403 3381 3382
f 3404 3382 3383
f 3404 3383 3384
f 3404 3403 3382
f 3405 3404 3384
f 3406 3384 3385
f 3406 3385 3386
f 3406 3405 3384
f 3407 3406 3386
f 3408 3386 3387
f 3408 3407 3386
f 3409 3387 3388
f 3409 3388 3389
f 3409 3408 3387
f 3410 3409 3389
f 3411 3410 3389
f 3411 3389 3390
f 3412 3390 3391
f 3412 3411 3390
f 3412 3391 3392
f 3413 3412 3392
f 3414 3413 3392
f 3414 3393 3394
f 3414 3392 3393
f 3415 3414 3394
f 3416 3415 3394
f 3416 3394 3395
f 3417 3395 3396
f 3417 3416 3395
f 3418 3417 3396
f 3418 3397 3398
f 3418 3396 3397
f 3419 3418 3398
f 3419 3398 3399
f 3419 3399 3420
f 3419 3420 3421
f 3422 135 3400
f 3422 138 135
f 3422 140 138
f 3423 3422 3400
f 3423 3400 3401
f 3424 3423 3401
f 3424 3401 3402
f 3425 3402 3403
f 3425 3424 3402
f 3426 3425 3403
f 3426 3403 3404
f 3427 3426 3404
f 3427 3404 3405
f 3428 3427 3405
f 3428 3405 3406
f 3429 3407 3408
f 3429 3428 3406
f 3429 3406 3407
f 3430 3429 3408
f 3431 3409 3410
f 3431 3430 3408
f 3431 3408 3409
f 3432 3431 3410
f 3433 3410 3411
f 3433 3432 3410
f 3434 3433 3411
f 3434 3411 3412
f 3435 3412 3413
f 3435 3434 3412
f 3436 3435 3413
f 3436 3413 3414
f 3437 3414 3415
f 3437 3436 3414
f 3438 3415 3416
f 3438 3437 3415
f 3439 3416 3417
f 3439 3438 3416
f 3440 3417 3418
f 3440 3418 3419
f 3440 3439 3417
f 3441 3440 3419
f 3441 3419 3421
f 3441 3421 3442
f 3443 140 3422
f 3444 3443 3422
f 3444 3422 3423
f 3445 3444 3423
f 3445 3423 3424
f 3446 3424 3425
f 3446 3445 3424
f 3447 3426 3427
f 3447 3425 3426
f 3447 3446 3425
f 3448 3447 3427
f 3449 3448 3427
f 3449 3427 3428
f 3450 3449 3428
f 3450 3428 3429
f 3451 3429 3430
f 3451 3450 3429
f 3452 3451 3430
f 3452 3430 3431
f 3453 3452 3431
f 3453 3431 3432
f 3454 3453 3432
f 3454 3432 3433
f 3455 3454 3433
f 3455 3433 3434
f 3455 3434 3435
f 3456 3455 3435
f 3457 3456 3435
f 3457 3435 3436
f 3457 3436 3437
f 3458 3457 3437
f 3459 3458 3437
f 3459 3437 3438
f 3460 3438 3439
f 3460 3459 3438
f 3461 3439 3440
f 3461 3460 3439
f 3461 3440 3441
f 3462 3461 3441
f 3462 3441 3442
f 3463 140 3443
f 3463 142 140
f 3464 3443 3444
f 3464 3463 3443
f 3465 3444 3445
f 3465 3464 3444
f 3466 3445 3446
f 3466 3465 3445
f 3467 3446 3447
f 3467 3466 3446
f 3468 3447 3448
f 3468 3467 3447
f 3469 3468 3448
f 3469 3448 3449
f 3470 3449 3450
f 3470 3469 3449
f 3471 3450 3451
f 3471 3470 3450
f 3472 3471 3451
f 3472 3451 3452
f 3473 3452 3453
f 3473 3472 3452
f 3474 3453 3454
f 3474 3473 3453
f 3475 3454 3455
f 3475 3474 3454
f 3476 3455 3456
f 3476 3475 3455
f 3477 3456 3457
f 3477 3476 3456
f 3478 3457 3458
f 3478 3477 3457
f 3479 3458 3459
f 3479 3478 3458
f 3480 3479 3459
f 3480 3459 3460
f 3481 3480 3460
f 3481 3460 3461
f 3482 3481 3461
f 3482 3461 3462
f 3482 3462 3442
f 3482 3442 3483
f 3482 3483 3484
f 3485 142 3463
f 3485 144 142
f 3486 3463 3464
f 3486 3485 3463
f 3487 3486 3464
f 3487 3464 3465
f 3488 3487 3465
f 3488 3465 3466
f 3489 3488 3466
f 3489 3466 3467
f 3489 3467 3468
f 3490 3489 3468
f 3491 3468 3469
f 3491 3469 3470
f 3491 3490 3468
f 3492 3491 3470
f 3493 3492 3470
f 3493 3470 3471
f 3494 3493 3471
f 3494 3471 3472
f 3494 3472 3473
f 3495 3494 3473
f 3496 3495 3473
f 3496 3473 3474
f 3497 3496 3474
f 3497 3474 3475
f 3498 3497 3475
f 3498 3475 3476
f 3499 3476 3477
f 3499 3498 3476
f 3499 3477 3478
f 3500 3499 3478
f 3501 3478 3479
f 3501 3500 3478
f 3502 3501 3479
f 3502 3479 3480
f 3503 3480 3481
f 3503 3481 3482
f 3503 3502 3480
f 3504 3482 3484
f 3504 3503 3482
f 3505 144 3485
f 3505 146 144
f 3506 3486 3487
f 3506 3505 3485
f 3506 3485 3486
f 3507 3506 3487
f 3508 3507 3487
f 3508 3487 3488
f 3509 3488 3489
f 3509 3508 3488
f 3510 3509 3489
f 3510 3489 3490
f 3511 3510 3490
f 3511 3490 3491
f 3512 3491 3492
f 3512 3511 3491
f 3512 3492 3493
f 3513 3512 3493
f 3514 3493 3494
f 3514 3513 3493
f 3515 3494 3495
f 3515 3514 3494
f 3516 3495 3496
f 3516 3515 3495
f 3517 3516 3496
f 3517 3496 3497
f 3518 3497 3498
f 3518 3517 3497
f 3519 3518 3498
f 3519 3498 3499
f 3520 3499 3500
f 3520 3519 3499
f 3521 3520 3500
f 3521 3500 3501
f 3522 3521 3501
f 3522 3501 3502
f 3523 3502 3503
f 3523 3522 3502
f 3524 3523 3503
f 3524 3504 3484
f 3524 3503 3504
f 3524 3484 3525
f 3524 3525 3526
f 3527 146 3505
f 3527 147 146
f 3528 3505 3506
f 3528 3527 3505
f 3528 3506 3507
f 3529 3528 3507
f 3530 3529 3507
f 3530 3507 3508
f 3531 3530 3508
f 3531 3508 3509
f 3532 3509 3510
f 3532 3531 3509
f 3533 3510 3511
f 3533 3532 3510
f 3534 3533 3511
f 3534 3511 3512
f 3535 3512 3513
f 3535 3534 3512
f 3536 3513 3514
f 3536 3535 3513
f 3537 3514 3515
f 3537 3536 3514
f 3538 3537 3515
f 3538 3515 3516
f 3539 3516 3517
f 3539 3538 3516
f 3540 3517 3518
f 3540 3539 3517
f 3541 3518 3519
f 3541 3540 3518
f 3542 3541 3519
f 3542 3519 3520
f 3543 3520 3521
f 3543 3542 3520
f 3544 3521 3522
f 3544 3543 3521
f 3545 3544 3522
f 3545 3522 3523
f 3545 3523 3524
f 3546 3524 3526
f 3546 3545 3524
f 3547 147 3527
f 3547 150 147
f 3548 3527 3528
f 3548 3547 3527
f 3549 3548 3528
f 3549 3528 3529
f 3550 3529 3530
f 3550 3549 3529
f 3551 3550 3530
f 3551 3530 3531
f 3552 3531 3532
f 3552 3551 3531
f 3553 3552 3532
f 3553 3532 3533
f 3554 3533 3534
f 3554 3534 3535
f 3554 3553 3533
f 3555 3554 3535
f 3556 3555 3535
f 3556 3535 3536
f 3556 3536 3537
f 3557 3556 3537
f 3558 3557 3537
f 3558 3537 3538
f 3559 3538 3539
f 3559 3558 3538
f 3560 3559 3539
f 3560 3539 3540
f 3561 3540 3541
f 3561 3560 3540
f 3562 3561 3541
f 3562 3541 3542
f 3563 3562 3542
f 3563 3542 3543
f 3563 3543 3544
f 3564 3563 3544
f 3565 3544 3545
f 3565 3564 3544
f 3566 3565 3545
f 3566 3546 3526
f 3566 3526 3567
f 3566 3545 3546
f 3566 3567 3568
f 3569 152 150
f 3569 150 3547
f 3570 3548 3549
f 3570 3547 3548
f 3570 3569 3547
f 3571 3570 3549
f 3572 3571 3549
f 3572 3549 3550
f 3573 3550 3551
f 3573 3572 3550
f 3574 3551 3552
f 3574 3573 3551
f 3575 3552 3553
f 3575 3574 3552
f 3576 3553 3554
f 3576 3575 3553
f 3577 3554 3555
f 3577 3576 3554
f 3578 3555 3556
f 3578 3577 3555
f 3578 3556 3557
f 3579 3578 3557
f 3580 3557 3558
f 3580 3579 3557
f 3581 3558 3559
f 3581 3580 3558
f 3582 3559 3560
f 3582 3581 3559
f 3583 3560 3561
f 3583 3582 3560
f 3584 3561 3562
f 3584 3583 3561
f 3585 3562 3563
f 3585 3584 3562
f 3586 3563 3564
f 3586 3585 3563
f 3587 3565 3566
f 3587 3586 3564
f 3587 3564 3565
f 3588 3587 3566
f 3588 3566 3568
f 3589 152 3569
f 3589 154 152
f 3590 3569 3570
f 3590 3589 3569
f 3591 3570 3571
f 3591 3590 3570
f 3592 3591 3571
f 3592 3571 3572
f 3593 3592 3572
f 3593 3572 3573
f 3593 3573 3574
f 3594 3593 3574
f 3595 3594 3574
f 3595 3574 3575
f 3596 3575 3576
f 3596 3595 3575
f 3597 3596 3576
f 3597 3576 3577
f 3598 3597 3577
f 3598 3577 3578
f 3599 3598 3578
f 3599 3578 3579
f 3600 3599 3579
f 3600 3579 3580
f 3601 3600 3580
f 3601 3580 3581
f 3602 3601 3581
f 3602 3581 3582
f 3603 3602 3582
f 3603 3582 3583
f 3604 3603 3583
f 3604 3583 3584
f 3605 3604 3584
f 3605 3584 3585
f 3606 3585 3586
f 3606 3605 3585
f 3607 3586 3587
f 3607 3606 3586
f 3608 3587 3588
f 3608 3588 3568
f 3608 3607 3587
f 3608 3568 3609
f 3608 3609 3610
f 3611 154 3589
f 3611 155 154
f 3612 3589 3590
f 3612 3611 3589
f 3613 3590 3591
f 3613 3612 3590
f 3614 3591 3592
f 3614 3613 3591
f 3615 3592 3593
f 3615 3614 3592
f 3616 3593 3594
f 3616 3615 3593
f 3617 3594 3595
f 3617 3616 3594
f 3618 3595 3596
f 3618 3617 3595
f 3619 3618 3596
f 3619 3596 3597
f 3620 3597 3598
f 3620 3619 3597
f 3621 3598 3599
f 3621 3620 3598
f 3622 3599 3600
f 3622 3621 3599
f 3623 3622 3600
f 3623 3600 3601
f 3624 3601 3602
f 3624 3623 3601
f 3625 3624 3602
f 3625 3602 3603
f 3626 3603 3604
f 3626 3625 3603
f 3627 3626 3604
f 3627 3604 3605
f 3628 3605 3606
f 3628 3627 3605
f 3629 3628 3606
f 3629 3606 3607
f 3630 3629 3607
f 3630 3607 3608
f 3630 3608 3610
f 3631 155 3611
f 3631 158 155
f 3632 3611 3612
f 3632 3631 3611
f 3633 3632 3612
f 3633 3612 3613
f 3634 3633 3613
f 3634 3613 3614
f 3635 3634 3614
f 3635 3614 3615
f 3636 3635 3615
f 3636 3615 3616
f 3637 3636 3616
f 3637 3616 3617
f 3638 3637 3617
f 3638 3618 3619
f 3638 3617 3618
f 3639 3638 3619
f 3640 3619 3620
f 3640 3620 3621
f 3640 3639 3619
f 3641 3640 3621
f 3642 3621 3622
f 3642 3641 3621
f 3643 3642 3622
f 3643 3622 3623
f 3644 3623 3624
f 3644 3643 3623
f 3645 3624 3625
f 3645 3644 3624
f 3646 3625 3626
f 3646 3645 3625
f 3647 3626 3627
f 3647 3627 3628
f 3647 3646 3626
f 3648 3647 3628
f 3649 3648 3628
f 3649 3628 3629
f 3650 3649 3629
f 3650 3629 3630
f 3650 3630 3610
f 3650 3610 3651
f 3652 158 3631
f 3652 160 158
f 3653 3631 3632
f 3653 3652 3631
f 3654 3632 3633
f 3654 3653 3632
f 3655 3633 3634
f 3655 3654 3633
f 3656 3655 3634
f 3656 3634 3635
f 3657 3635 3636
f 3657 3656 3635
f 3658 3657 3636
f 3658 3636 3637
f 3659 3637 3638
f 3659 3658 3637
f 3660 3659 3638
f 3660 3638 3639
f 3661 3639 3640
f 3661 3660 3639
f 3662 3640 3641
f 3662 3661 3640
f 3663 3662 3641
f 3663 3641 3642
f 3664 3642 3643
f 3664 3663 3642
f 3665 3664 3643
f 3665 3643 3644
f 3666 3644 3645
f 3666 3665 3644
f 3667 3666 3645
f 3667 3645 3646
f 3668 3667 3646
f 3668 3646 3647
f 3669 3668 3647
f 3669 3647 3648
f 3670 3648 3649
f 3670 3649 3650
f 3670 3669 3648
f 3671 3670 3650
f 3671 3650 3651
f 3671 3651 3672
f 3673 160 3652
f 3673 161 160
f 3674 3673 3652
f 3674 3652 3653
f 3675 3674 3653
f 3675 3653 3654
f 3676 3675 3654
f 3676 3654 3655
f 3677 3655 3656
f 3677 3676 3655
f 3678 3677 3656
f 3678 3656 3657
f 3679 3657 3658
f 3679 3678 3657
f 3680 3658 3659
f 3680 3679 3658
f 3681 3659 3660
f 3681 3680 3659
f 3682 3660 3661
f 3682 3681 3660
f 3683 3661 3662
f 3683 3682 3661
f 3684 3662 3663
f 3684 3683 3662
f 3685 3663 3664
f 3685 3684 3663
f 3686 3664 3665
f 3686 3685 3664
f 3687 3665 3666
f 3687 3686 3665
f 3688 3666 3667
f 3688 3687 3666
f 3689 3667 3668
f 3689 3688 3667
f 3690 3668 3669
f 3690 3689 3668
f 3691 3690 3669
f 3691 3669 3670
f 3692 3691 3670
f 3692 3670 3671
f 3692 3671 3672
f 3692 3672 3693
f 3692 3693 3694
f 3695 161 3673
f 3695 164 161
f 3696 3695 3673
f 3696 3673 3674
f 3697 3674 3675
f 3697 3696 3674
f 3698 3675 3676
f 3698 3697 3675
f 3699 3698 3676
f 3699 3677 3678
f 3699 3676 3677
f 3700 3699 3678
f 3701 3700 3678
f 3701 3678 3679
f 3701 3679 3680
f 3702 3701 3680
f 3703 3702 3680
f 3703 3680 3681
f 3704 3703 3681
f 3704 3681 3682
f 3704 3682 3683
f 3705 3704 3683
f 3706 3705 3683
f 3706 3683 3684
f 3707 3706 3684
f 3707 3684 3685
f 3707 3685 3686
f 3708 3707 3686
f 3709 3708 3686
f 3709 3686 3687
f 3710 3709 3687
f 3710 3687 3688
f 3710 3688 3689
f 3711 3710 3689
f 3712 3689 3690
f 3712 3711 3689
f 3713 3690 3691
f 3713 3712 3690
f 3714 3694 3715
f 3714 3691 3692
f 3714 3713 3691
f 3714 3692 3694
f 3716 164 3695
f 3716 166 164
f 3717 3716 3695
f 3717 3695 3696
f 3718 3696 3697
f 3718 3717 3696
f 3719 3718 3697
f 3719 3697 3698
f 3720 3719 3698
f 3720 3698 3699
f 3721 3699 3700
f 3721 3720 3699
f 3722 3700 3701
f 3722 3721 3700
f 3723 3701 3702
f 3723 3722 3701
f 3724 3702 3703
f 3724 3723 3702
f 3725 3704 3705
f 3725 3724 3703
f 3725 3703 3704
f 3726 3725 3705
f 3727 3705 3706
f 3727 3726 3705
f 3728 3727 3706
f 3728 3706 3707
f 3729 3728 3707
f 3729 3707 3708
f 3730 3729 3708
f 3730 3708 3709
f 3731 3730 3709
f 3731 3709 3710
f 3732 3710 3711
f 3732 3731 3710
f 3733 3732 3711
f 3733 3711 3712
f 3734 3733 3712
f 3734 3712 3713
f 3734 3713 3714
f 3735 3734 3714
f 3735 3714 3715
f 3736 166 3716
f 3736 168 166
f 3737 3716 3717
f 3737 3717 3718
f 3737 3736 3716
f 3738 3737 3718
f 3739 3718 3719
f 3739 3738 3718
f 3740 3719 3720
f 3740 3739 3719
f 3741 3740 3720
f 3741 3720 3721
f 3741 3721 3722
f 3742 3741 3722
f 3743 3742 3722
f 3743 3722 3723
f 3744 3743 3723
f 3744 3723 3724
f 3744 3724 3725
f 3745 3744 3725
f 3746 3745 3725
f 3746 3725 3726
f 3747 3727 3728
f 3747 3726 3727
f 3747 3746 3726
f 3748 3747 3728
f 3749 3729 3730
f 3749 3748 3728
f 3749 3728 3729
f 3750 3749 3730
f 3751 3730 3731
f 3751 3750 3730
f 3752 3751 3731
f 3752 3731 3732
f 3752 3732 3733
f 3753 3752 3733
f 3754 3733 3734
f 3754 3753 3733
f 3755 3715 3756
f 3755 3735 3715
f 3755 3734 3735
f 3755 3754 3734
f 3757 168 3736
f 3757 170 168
f 3758 3757 3736
f 3758 3736 3737
f 3759 3737 3738
f 3759 3758 3737
f 3760 3759 3738
f 3760 3738 3739
f 3761 3760 3739
f 3761 3739 3740
f 3762 3761 3740
f 3762 3740 3741
f 3763 3741 3742
f 3763 3762 3741
f 3764 3742 3743
f 3764 3763 3742
f 3765 3764 3743
f 3765 3743 3744
f 3766 3765 3744
f 3766 3744 3745
f 3767 3766 3745
f 3767 3745 3746
f 3768 3767 3746
f 3768 3746 3747
f 3769 3768 3747
f 3769 3747 3748
f 3770 3769 3748
f 3770 3748 3749
f 3771 3770 3749
f 3771 3749 3750
f 3772 3771 3750
f 3772 3750 3751
f 3773 3751 3752
f 3773 3772 3751
f 3774 3773 3752
f 3774 3752 3753
f 3775 3774 3753
f 3775 3753 3754
f 3776 3756 3777
f 3776 3775 3754
f 3776 3755 3756
f 3776 3754 3755
f 3778 170 3757
f 3778 172 170
f 3779 3778 3757
f 3779 3757 3758
f 3779 3758 3759
f 3780 3779 3759
f 3781 3780 3759
f 3781 3759 3760
f 3782 3781 3760
f 3782 3760 3761
f 3783 3761 3762
f 3783 3762 3763
f 3783 3782 3761
f 3784 3783 3763
f 3785 3763 3764
f 3785 3784 3763
f 3786 3765 3766
f 3786 3764 3765
f 3786 3785 3764
f 3787 3786 3766
f 3788 3787 3766
f 3788 3766 3767
f 3789 3788 3767
f 3789 3767 3768
f 3789 3768 3769
f 3790 3789 3769
f 3791 3790 3769
f 3791 3769 3770
f 3791 3770 3771
f 3792 3771 3772
f 3792 3791 3771
f 3793 3792 3772
f 3794 3772 3773
f 3794 3793 3772
f 3795 3773 3774
f 3795 3774 3775
f 3795 3794 3773
f 3796 3795 3775
f 3797 3796 3775
f 3797 3777 3798
f 3797 3775 3776
f 3797 3776 3777
f 3799 174 172
f 3799 172 3778
f 3800 3778 3779
f 3800 3799 3778
f 3801 3800 3779
f 3801 3779 3780
f 3802 3801 3780
f 3802 3780 3781
f 3803 3802 3781
f 3803 3781 3782
f 3804 3803 3782
f 3804 3782 3783
f 3805 3804 3783
f 3805 3783 3784
f 3806 3805 3784
f 3806 3784 3785
f 3807 3806 3785
f 3807 3785 3786
f 3808 3807 3786
f 3808 3786 3787
f 3809 3808 3787
f 3809 3787 3788
f 3810 3788 3789
f 3810 3809 3788
f 3811 3810 3789
f 3811 3789 3790
f 3812 3811 3790
f 3812 3790 3791
f 3813 3812 3791
f 3813 3791 3792
f 3814 3792 3793
f 3814 3813 3792
f 3815 3814 3793
f 3815 3793 3794
f 3816 3794 3795
f 3816 3815 3794
f 3817 3795 3796
f 3817 3816 3795
f 3818 3798 3819
f 3818 3797 3798
f 3818 3796 3797
f 3818 3817 3796
f 3820 176 174
f 3820 174 3799
f 3821 3800 3801
f 3821 3799 3800
f 3821 3820 3799
f 3822 3821 3801
f 3823 3801 3802
f 3823 3822 3801
f 3824 3823 3802
f 3824 3802 3803
f 3825 3824 3803
f 3825 3803 3804
f 3825 3804 3805
f 3826 3825 3805
f 3827 3805 3806
f 3827 3806 3807
f 3827 3826 3805
f 3828 3807 3808
f 3828 3827 3807
f 3829 3828 3808
f 3830 3808 3809
f 3830 3829 3808
f 3831 3809 3810
f 3831 3810 3811
f 3831 3830 3809
f 3832 3831 3811
f 3833 3832 3811
f 3833 3811 3812
f 3833 3812 3813
f 3834 3833 3813
f 3834 3813 3814
f 3835 3834 3814
f 3836 3814 3815
f 3836 3835 3814
f 3837 3836 3815
f 3837 3815 3816
f 3837 3816 3817
f 3838 3837 3817
f 3839 3819 3840
f 3839 3838 3817
f 3839 3817 3818
f 3839 3818 3819
f 3841 177 176
f 3841 180 177
f 3841 176 3820
f 3842 3820 3821
f 3842 3841 3820
f 3842 3821 3822
f 3843 3842 3822
f 3844 3843 3822
f 3844 3822 3823
f 3845 3823 3824
f 3845 3844 3823
f 3846 3824 3825
f 3846 3845 3824
f 3847 3846 3825
f 3847 3825 3826
f 3848 3847 3826
f 3848 3826 3827
f 3849 3827 3828
f 3849 3848 3827
f 3850 3849 3828
f 3850 3828 3829
f 3851 3850 3829
f 3851 3829 3830
f 3852 3830 3831
f 3852 3851 3830
f 3852 3831 3832
f 3853 3852 3832
f 3854 3853 3832
f 3854 3832 3833
f 3855 3854 3833
f 3855 3833 3834
f 3856 3834 3835
f 3856 3855 3834
f 3857 3835 3836
f 3857 3856 3835
f 3858 3836 3837
f 3858 3857 3836
f 3859 3858 3837
f 3859 3837 3838
f 3860 3840 3861
f 3860 3839 3840
f 3860 3838 3839
f 3860 3859 3838
f 3862 3 180
f 3862 2120 3
f 3862 2122 2120
f 3862 180 3841
f 3863 2122 3862
f 3863 3841 3842
f 3863 3862 3841
f 3864 2124 2122
f 3864 3843 3844
f 3864 3842 3843
f 3864 2122 3863
f 3864 3863 3842
f 3865 2126 2124
f 3865 2124 3864
f 3865 3864 3844
f 3866 2128 2126
f 3866 2130 2128
f 3866 3844 3845
f 3866 2126 3865
f 3866 3865 3844
f 3867 3845 3846
f 3867 3846 3847
f 3867 2130 3866
f 3867 3866 3845
f 3868 2132 2130
f 3868 2130 3867
f 3868 3867 3847
f 3869 2132 3868
f 3869 2134 2132
f 3869 3847 3848
f 3869 3848 3849
f 3869 3868 3847
f 3870 2136 2134
f 3870 2138 2136
f 3870 3849 3850
f 3870 2134 3869
f 3870 3869 3849
f 3871 3870 3850
f 3871 2140 2138
f 3871 2138 3870
f 3872 3871 3850
f 3872 3850 3851
f 3872 3851 3852
f 3872 2140 3871
f 3873 2140 3872
f 3873 3872 3852
f 3873 2142 2140
f 3874 3873 3852
f 3874 2144 2142
f 3874 3852 3853
f 3874 2142 3873
f 3875 2146 2144
f 3875 3874 3853
f 3875 3853 3854
f 3875 3854 3855
f 3875 2144 3874
f 3876 2146 3875
f 3876 2148 2146
f 3876 3875 3855
f 3877 3855 3856
f 3877 2150 2148
f 3877 3876 3855
f 3877 2148 3876
f 3878 2152 2150
f 3878 2154 2152
f 3878 3877 3856
f 3878 2150 3877
f 3878 3856 3857
f 3879 2156 2154
f 3879 2154 3878
f 3879 3878 3857
f 3879 3857 3858
f 3879 3858 3859
f 3880 3879 3859
f 3880 2156 3879
f 3880 3859 3860
f 3881 3861 3882
f 3881 3882 2159
f 3881 2158 2156
f 3881 2156 3880
f 3881 2159 2158
f 3881 3880 3860
f 3881 3860 3861
f 3883 3884 56
f 3885 56 3884
f 3886 3883 56
f 3887 56 3885
f 3888 3886 56
f 3889 56 3887
f 3890 3888 56
f 3891 56 3889
f 3892 3890 56
f 3893 56 3891
f 3894 3892 56
f 3895 56 3893
f 3896 3894 56
f 3897 56 3895
f 3898 3896 56
f 3899 56 3897
f 3900 3898 56
f 3901 56 3899
f 3902 3900 56
f 3903 56 3901
f 3904 56 3903
f 3905 3906 56
f 3905 56 3904
f 3907 3906 3905
f 56 60 3908
f 56 3908 3902
f 3909 56 3906
f 52 3909 3910
f 52 56 3909
f 48 52 3910
f 44 3910 3911
f 44 48 3910
f 41 3911 3912
f 41 44 3911
f 38 3912 3913
f 38 41 3912
f 3914 38 3915
f 3916 3915 38
f 3917 38 3914
f 3918 3916 38
f 3919 38 3917
f 3920 3918 38
f 3921 38 3919
f 3922 3920 38
f 3923 38 3921
f 3924 3922 38
f 3925 38 3923
f 3926 3924 38
f 3927 38 3925
f 3928 3926 38
f 3929 38 3927
f 3930 3928 38
f 3931 38 3929
f 3932 3930 38
f 3933 38 3931
f 3934 3932 38
f 3935 3934 38
f 3936 38 3913
f 3936 3935 38
f 3937 3936 3913
f 38 3938 43
f 38 3933 3938
f 3939 3928 3930
f 3939 3930 3932
f 3939 3932 3934
f 3939 3934 3935
f 3939 3935 3936
f 3940 43 3938
f 3940 47 43
f 3941 3938 3933
f 3941 3940 3938
f 3941 47 3940
f 3942 3933 3931
f 3942 47 3941
f 3942 3941 3933
f 3943 3931 3929
f 3943 3942 3931
f 3943 47 3942
f 3944 47 3943
f 3944 3943 3929
f 3945 3929 3927
f 3945 3944 3929
f 3945 47 3944
f 3946 3927 3925
f 3946 3945 3927
f 3946 47 3945
f 3947 3925 3923
f 3947 3946 3925
f 3947 47 3946
f 3948 3923 3921
f 3948 47 3947
f 3948 3947 3923
f 3949 3948 3921
f 3950 3921 3919
f 3950 3949 3921
f 3951 3919 3917
f 3951 3950 3919
f 3952 3917 3914
f 3952 3951 3917
f 3953 3914 3915
f 3953 3952 3914
f 3954 3915 3916
f 3954 3953 3915
f 3955 3954 3916
f 3956 3916 3918
f 3956 3955 3916
f 3957 3918 3920
f 3957 3956 3918
f 3958 3920 3922
f 3958 3957 3920
f 3959 3958 3922
f 3959 3922 3924
f 3960 3924 3926
f 3960 3959 3924
f 3961 3926 3928
f 3961 3960 3926
f 3962 3928 3939
f 3962 3961 3928
f 3963 51 47
f 3964 51 3963
f 3964 3963 47
f 3965 3964 47
f 3965 51 3964
f 3966 51 3965
f 3966 3965 47
f 3967 51 3966
f 3967 3966 47
f 3968 3967 47
f 3969 3968 47
f 3970 3969 47
f 3971 47 3948
f 3971 3970 47
f 3972 3971 3948
f 3972 3948 3949
f 3973 3949 3950
f 3973 3972 3949
f 3974 3973 3950
f 3974 3950 3951
f 3975 3974 3951
f 3975 3951 3952
f 3976 3975 3952
f 3976 3952 3953
f 3977 3976 3953
f 3977 3953 3954
f 3978 3954 3955
f 3978 3977 3954
f 3979 3955 3956
f 3979 3978 3955
f 3980 3956 3957
f 3980 3979 3956
f 3981 3980 3957
f 3981 3957 3958
f 3982 3981 3958
f 3982 3958 3959
f 3983 3959 3960
f 3983 3982 3959
f 3984 3960 3961
f 3984 3983 3960
f 3985 3984 3961
f 3985 3939 3986
f 3985 3961 3962
f 3985 3962 3939
f 3987 55 51
f 3988 3987 51
f 3989 3988 51
f 3990 3989 51
f 3991 3990 51
f 3991 51 3967
f 3992 3991 3967
f 3992 3967 3968
f 3993 3968 3969
f 3993 3992 3968
f 3993 3969 3970
f 3994 3993 3970
f 3995 3970 3971
f 3995 3994 3970
f 3996 3995 3971
f 3996 3971 3972
f 3997 3973 3974
f 3997 3972 3973
f 3997 3996 3972
f 3998 3997 3974
f 3999 3974 3975
f 3999 3998 3974
f 4000 3975 3976
f 4000 3976 3977
f 4000 3999 3975
f 4001 4000 3977
f 4002 3977 3978
f 4002 3978 3979
f 4002 4001 3977
f 4003 4002 3979
f 4004 3979 3980
f 4004 4003 3979
f 4005 3980 3981
f 4005 4004 3980
f 4006 4005 3981
f 4006 4007 4005
f 4006 3981 3982
f 4006 3982 3983
f 4008 4006 3983
f 4008 4007 4006
f 4009 4008 3983
f 4009 4007 4008
f 4009 3983 3984
f 4010 4009 3984
f 4010 3984 3985
f 4010 3985 3986
f 4010 3986 4007
f 4010 4007 4009
f 4011 59 55
f 4011 55 3987
f 4012 3988 3989
f 4012 4011 3987
f 4012 3987 3988
f 4013 4012 3989
f 4013 3989 3990
f 4014 4013 3990
f 4015 4014 3990
f 4015 3990 3991
f 4016 4015 3991
f 4016 3991 3992
f 4016 3992 3993
f 4017 4016 3993
f 4018 4017 3993
f 4018 3993 3994
f 4019 4018 3994
f 4019 3994 3995
f 4019 3995 3996
f 4020 4019 3996
f 4020 3996 3997
f 4021 4020 3997
f 4022 4021 3997
f 4022 3998 3999
f 4022 3997 3998
f 4023 4022 3999
f 4024 4023 3999
f 4024 3999 4000
f 4025 4024 4000
f 4025 4000 4001
f 4026 4027 4025
f 4026 4025 4001
f 4026 4001 4002
f 4028 4027 4026
f 4028 4026 4002
f 4028 4002 4003
f 4029 4003 4004
f 4029 4027 4028
f 4029 4028 4003
f 4030 4005 4007
f 4030 4029 4004
f 4030 4027 4029
f 4030 4004 4005
f 4031 4030 4007
f 4031 4027 4030
f 4032 4031 4007
f 4032 4027 4031
f 4033 4027 4032
f 4033 4032 4007
f 4034 4007 4027
f 4034 4027 4033
f 4034 4033 4007
f 4035 60 59
f 4035 3908 60
f 4035 59 4011
f 4036 4011 4012
f 4036 3902 3908
f 4036 4035 4011
f 4036 3908 4035
f 4037 4012 4013
f 4037 4013 4014
f 4037 3900 3902
f 4037 4036 4012
f 4037 3902 4036
f 4038 4037 4014
f 4038 3898 3900
f 4038 3900 4037
f 4039 4038 4014
f 4039 3896 3898
f 4039 4014 4015
f 4039 3898 4038
f 4040 4015 4016
f 4040 3894 3896
f 4040 4039 4015
f 4040 3896 4039
f 4041 4016 4017
f 4041 4040 4016
f 4041 3892 3894
f 4041 3894 4040
f 4042 4041 4017
f 4042 3892 4041
f 4042 3890 3892
f 4042 4017 4018
f 4043 4042 4018
f 4043 3890 4042
f 4043 4018 4019
f 4043 3888 3890
f 4044 4043 4019
f 4044 4019 4020
f 4044 3886 3888
f 4044 3888 4043
f 4045 3883 3886
f 4045 4020 4021
f 4045 4044 4020
f 4045 3886 4044
f 4046 3883 4045
f 4046 4045 4021
f 4046 3884 3883
f 4046 4021 4022
f 4047 3884 4046
f 4047 3885 3884
f 4047 4023 4024
f 4047 4022 4023
f 4047 4046 4022
f 4048 3887 3885
f 4048 4047 4024
f 4048 3885 4047
f 4049 3887 4048
f 4049 4048 4024
f 4049 3889 3887
f 4049 4024 4025
f 4049 4025 4027
f 4050 4049 4027
f 4050 3891 3889
f 4050 3889 4049
f 4051 3891 4050
f 4051 4050 4027
f 4051 3893 3891
f 4052 4051 4027
f 4052 3895 3893
f 4052 3893 4051
f 4053 4052 4027
f 4053 3897 3895
f 4053 3895 4052
f 4054 4053 4027
f 4054 3899 3897
f 4054 3897 4053
f 4055 4054 4027
f 4055 3901 3899
f 4055 3899 4054
f 4056 3901 4055
f 4056 4055 4027
f 4056 3903 3901
f 4057 4056 4027
f 4057 3903 4056
f 4057 3904 3903
f 4057 3905 3904
f 4057 4027 3905
f 201 4058 4059
f 201 4060 4058
f 201 4061 4060
f 201 4062 4061
f 201 4063 4062
f 201 4064 4063
f 201 4065 4064
f 201 4066 4065
f 201 4067 4066
f 201 4068 4067
f 201 4069 4068
f 201 4070 4069
f 201 4071 4070
f 201 4072 4071
f 201 4073 4072
f 201 4074 4073
f 201 4075 4074
f 201 4076 4075
f 201 4077 4076
f 201 4078 4077
f 201 4079 4078
f 201 4059 200
f 4080 4079 4081
f 4082 4081 4079
f 4083 4079 4080
f 4084 4079 201
f 4084 4082 4079
f 4085 4079 4083
f 4086 4084 201
f 4087 4079 4085
f 4088 4086 201
f 4089 4079 4087
f 4090 4088 201
f 4091 4079 4089
f 4092 4090 201
f 4093 4079 4091
f 4094 4092 201
f 4095 4079 4093
f 4096 4079 4095
f 4097 4079 4096
f 202 4094 201
f 202 4098 4094
f 202 4099 4098
f 4100 4099 202
f 4101 4079 4097
f 4102 4100 202
f 4103 4079 4101
f 4104 4102 202
f 4105 4079 4103
f 4106 4104 202
f 4107 4079 4105
f 4108 4106 202
f 4109 4079 4107
f 4110 4108 202
f 4111 4079 4109
f 4112 4079 4111
f 4113 4110 202
f 4114 4079 4112
f 4115 4113 202
f 4116 4079 4114
f 4117 4115 202
f 4118 4117 202
f 4119 4118 202
f 4120 4119 202
f 4121 4120 202
f 4122 4121 202
f 4123 4122 202
f 203 4124 4123
f 203 4125 4124
f 203 4126 4125
f 203 4127 4126
f 203 4128 4127
f 203 4129 4128
f 203 4130 4129
f 203 4131 4130
f 203 4132 4131
f 203 4133 4132
f 203 4134 4133
f 203 4135 4134
f 203 4136 4135
f 203 4137 4136
f 203 4138 4137
f 203 4139 4138
f 203 4123 202
f 204 4140 4139
f 204 4141 4140
f 204 4142 4141
f 204 4143 4142
f 204 4144 4143
f 204 4145 4144
f 204 4146 4145
f 204 4147 4146
f 204 4148 4147
f 204 4149 4148
f 204 4150 4149
f 204 4151 4150
f 204 4152 4151
f 204 4139 203
f 206 4153 4152
f 206 4154 4153
f 206 4155 4154
f 206 4156 4155
f 206 4157 4156
f 206 4158 4157
f 206 4152 204
f 216 4158 206
f 216 4159 4158
f 216 4160 4159
f 4161 4162 4163
f 4164 4161 4163
f 4164 4163 4165
f 4166 4164 4165
f 4166 4160 216
f 4166 4165 4160
f 4167 4162 4161
f 4168 4169 4079
f 4168 4079 4116
f 4168 4162 4167
f 4168 4116 4162
f 4170 4166 216
f 4171 4169 4168
f 4172 216 235
f 4172 4170 216
f 4173 4172 235
f 4174 4169 4171
f 4175 4173 235
f 4176 4169 4174
f 4177 4169 4176
f 4178 4175 235
f 4179 4178 235
f 4180 4169 4177
f 4181 4179 235
f 4182 4169 4180
f 4183 4181 235
f 4184 4169 4182
f 4185 4169 4184
f 4186 4169 4185
f 4187 4169 4186
f 4188 4169 4187
f 4189 4169 4188
f 4190 4169 4189
f 4191 4169 4190
f 4192 4169 4191
f 4193 4169 4192
f 248 4194 4183
f 248 4195 4194
f 248 4196 4195
f 248 4197 4196
f 248 4198 4197
f 248 4199 4198
f 248 4200 4199
f 248 4201 4200
f 248 4202 4201
f 248 4183 235
f 4203 4169 4193
f 4204 4202 248
f 4205 4169 4203
f 4206 4204 248
f 4207 4169 4205
f 4208 4206 248
f 4209 4169 4207
f 4210 4208 248
f 4211 4169 4209
f 182 4212 4210
f 182 4213 4212
f 182 4214 4213
f 182 4215 4214
f 182 4216 4215
f 182 4217 4216
f 182 4218 4217
f 182 4219 4218
f 182 4220 4219
f 182 4221 4220
f 182 4222 4221
f 182 4223 4222
f 182 4224 4223
f 182 4225 4224
f 182 4226 4225
f 182 4227 4226
f 182 4210 248
f 181 4228 4227
f 181 4229 4228
f 181 4230 4229
f 181 4231 4230
f 181 4232 4231
f 181 4233 4232
f 181 4234 4233
f 181 4235 4234
f 181 4236 4235
f 181 4237 4236
f 181 4238 4237
f 181 4239 4238
f 181 4240 4239
f 181 4241 4240
f 181 4227 182
f 181 4242 4241
f 181 4243 4242
f 181 4244 4243
f 183 4245 4169
f 183 4246 4245
f 183 4247 4246
f 183 4248 4247
f 183 4249 4248
f 183 4250 4249
f 183 4251 4250
f 183 4252 4251
f 183 4253 4252
f 183 4254 4253
f 183 4255 4254
f 183 4256 4255
f 183 4257 4256
f 183 4258 4257
f 183 4259 4258
f 183 4260 4259
f 183 4261 4260
f 183 4262 4261
f 183 4263 4262
f 183 4264 4263
f 183 4265 4264
f 183 4244 181
f 183 4169 4211
f 183 4266 4244
f 183 4267 4266
f 183 4268 4267
f 183 4269 4268
f 183 4211 4269
f 184 4265 183
f 197 198 199
f 196 197 199
f 195 196 199
f 194 199 4270
f 194 4270 4271
f 194 195 199
f 193 194 4271
f 192 193 4271
f 191 192 4271
f 190 191 4271
f 189 4271 4272
f 189 190 4271
f 188 189 4272
f 187 188 4272
f 185 4272 4273
f 185 187 4272
f 186 185 4273
f 283 4273 4274
f 283 186 4273
f 285 283 4274
f 287 4274 4275
f 287 285 4274
f 288 287 4275
f 290 4275 4276
f 290 288 4275
f 292 290 4276
f 294 292 4276
f 295 4276 4265
f 295 294 4276
f 296 295 4265
f 184 296 4265
f 4277 1256 4278
f 4279 1232 1256
f 4279 1256 4277
f 4280 4278 1256
f 4281 4280 1256
f 4282 1232 4279
f 4283 4281 1256
f 4284 1232 4282
f 4285 4283 1256
f 4286 1232 4284
f 4287 4285 1256
f 4288 1232 4286
f 4289 4287 1256
f 4290 1232 4288
f 4291 4289 1256
f 4292 1232 4290
f 4293 4291 1256
f 4294 1232 4292
f 4295 4293 1256
f 4296 1232 4294
f 4297 4295 1256
f 4298 1232 4296
f 4299 1232 4298
f 4300 4297 1256
f 4301 1232 4299
f 4302 4300 1256
f 4303 1232 4301
f 4304 4302 1256
f 4305 1232 4303
f 4306 4304 1256
f 4307 4306 1256
f 4308 1232 4305
f 4309 4307 1256
f 4309 1256 1279
f 4310 1232 4308
f 4311 1232 4310
f 4312 4309 1279
f 4313 4312 1279
f 4314 4313 1279
f 4315 4314 1279
f 4316 4315 1279
f 4317 4316 1279
f 4318 1279 1303
f 4318 4317 1279
f 4319 4318 1303
f 1208 1232 4311
f 1208 4320 4321
f 1208 4322 4320
f 1208 4323 4322
f 1208 4324 4323
f 1208 4325 4324
f 1208 4326 4325
f 1208 4311 4326
f 4327 1208 4321
f 4328 4319 1303
f 4329 1208 4327
f 4330 1303 1327
f 4330 4328 1303
f 4331 1208 4329
f 4332 4330 1327
f 4333 1208 4331
f 4334 1327 1351
f 4334 4332 1327
f 4335 4334 1351
f 4336 1208 4333
f 4337 1208 4336
f 4338 1208 4337
f 4339 1208 4338
f 4340 1208 4339
f 1184 4341 4342
f 1184 4343 4341
f 1184 4344 4343
f 1184 4345 4344
f 1184 4346 4345
f 1184 4340 4346
f 1184 1208 4340
f 1160 4347 4348
f 1160 4342 4347
f 1160 1184 4342
f 4349 1112 4350
f 4351 1112 4349
f 4352 4350 1112
f 4353 4352 1112
f 4354 1112 4351
f 4355 4353 1112
f 4356 1088 1112
f 4356 1112 4354
f 4357 4355 1112
f 4358 1088 4356
f 4359 4357 1112
f 4360 1088 4358
f 4361 1088 4360
f 4362 4359 1112
f 4363 4362 1112
f 4364 1088 4361
f 4365 4363 1112
f 4366 1088 4364
f 4367 4365 1112
f 4368 1088 4366
f 4369 4367 1112
f 4370 1088 4368
f 4371 4369 1112
f 4372 1088 4370
f 4373 1088 4372
f 4374 1112 1136
f 4374 4371 1112
f 4375 1088 4373
f 4376 4374 1136
f 4377 1088 4375
f 4378 4376 1136
f 4379 4378 1136
f 4380 1088 4377
f 4381 1088 4380
f 4382 4379 1136
f 4383 1088 4381
f 4384 4382 1136
f 4385 1088 4383
f 4386 4384 1136
f 4386 1136 1160
f 4387 4386 1160
f 4388 1088 4385
f 4389 4348 4390
f 4389 1160 4348
f 4389 4387 1160
f 4391 4389 4390
f 4392 4391 4390
f 4392 4390 4393
f 4394 4393 4395
f 4394 4392 4393
f 4396 4395 4397
f 4396 4394 4395
f 4398 4397 4399
f 4398 4396 4397
f 1041 4400 4401
f 1041 4402 4400
f 1041 4403 4402
f 1041 4404 4403
f 1041 4405 4404
f 1041 4406 4405
f 1041 4407 4406
f 1041 4408 4407
f 1041 4409 4408
f 1041 4410 4409
f 1041 4411 4410
f 1041 4412 4411
f 1041 4413 4412
f 1041 4414 4413
f 1041 4415 4414
f 1041 4388 4415
f 1041 1088 4388
f 1041 4416 4417
f 1041 4401 4416
f 1040 1041 4417
f 1040 4418 4419
f 1040 4420 4418
f 1040 4421 4420
f 1040 4422 4421
f 1040 4423 4422
f 1040 4424 4423
f 1040 4417 4424
f 993 1040 4419
f 993 4425 4426
f 993 4427 4425
f 993 4419 4427
f 992 993 4426
f 992 4428 4429
f 992 4426 4428
f 945 992 4429
f 945 4429 4430
f 4431 1470 1494
f 4432 1470 4431
f 4433 1494 1518
f 4433 4431 1494
f 4434 1446 1470
f 4434 1470 4432
f 4435 1446 4434
f 4435 1422 1446
f 4436 1518 1541
f 4436 4433 1518
f 4437 1422 4435
f 4437 1398 1422
f 4438 4436 1541
f 4439 1541 1565
f 4439 4438 1541
f 4440 1398 4437
f 4440 1375 1398
f 4441 1351 1375
f 4441 1375 4440
f 4442 4439 1565
f 4442 1565 1589
f 4443 4442 1589
f 4444 4335 1351
f 4444 1351 4441
f 4445 4335 4444
f 4445 4446 4335
f 4447 4443 1589
f 4447 1589 1613
f 4448 1613 1637
f 4448 4447 1613
f 4449 4446 4445
f 4449 4450 4446
f 4451 1637 1661
f 4451 4448 1637
f 4452 4453 4450
f 4452 4450 4449
f 4454 4451 1661
f 4455 4456 4453
f 4455 4453 4452
f 4457 4458 4456
f 4457 4456 4455
f 4459 4454 1661
f 4459 1661 1685
f 4460 4459 1685
f 4460 1685 1709
f 4461 4458 4457
f 4462 4460 1709
f 4463 1709 1732
f 4463 4462 1709
f 4464 1732 1756
f 4464 4463 1732
f 4465 1756 1780
f 4465 4464 1756
f 4466 4465 1780
f 4467 4466 1780
f 4467 1780 1804
f 4468 4467 1804
f 4468 1804 1828
f 4469 4468 1828
f 4469 1828 1852
f 4470 4469 1852
f 4471 4470 1852
f 1876 4471 1852
f 4472 4473 4474
f 4475 4472 4474
f 4475 4474 4476
f 4477 4473 4472
f 4477 4478 4473
f 4479 4475 4476
f 4479 4476 4480
f 4481 4482 4478
f 4481 4478 4477
f 4483 4479 4480
f 4483 4480 4484
f 4485 4483 4484
f 4485 4484 4486
f 4487 4482 4481
f 4487 4488 4482
f 4489 4490 4488
f 4489 4488 4487
f 4491 4486 4492
f 4491 4485 4486
f 4493 4490 4489
f 4493 4494 4490
f 4495 4491 4492
f 4495 4492 4496
f 4497 4495 4496
f 4497 4496 4498
f 4499 4494 4493
f 4499 4500 4494
f 4501 4497 4498
f 4501 4498 4502
f 4503 4504 4458
f 4503 4461 4500
f 4503 4458 4461
f 4503 4500 4499
f 4505 4506 4504
f 4505 4504 4503
f 4507 4502 4508
f 4507 4501 4502
f 4509 4508 4510
f 4509 4507 4508
f 4511 4399 4506
f 4511 4506 4505
f 4512 4513 4514
f 4512 4510 4513
f 4512 4509 4510
f 4515 4399 4511
f 4515 4398 4399
f 4516 4514 4517
f 4516 4512 4514
f 4518 4398 4515
f 4518 4519 4398
f 4520 4519 4518
f 4520 4521 4519
f 4522 4516 4517
f 4522 4517 4523
f 4524 4523 4525
f 4524 4522 4523
f 4526 4521 4520
f 4526 4527 4521
f 4528 4525 4529
f 4528 4524 4525
f 4530 4529 4531
f 4530 4528 4529
f 4532 4530 4531
f 4532 4531 4533
f 4534 4533 4535
f 4534 4532 4533
f 4536 4535 4537
f 4536 4534 4535
f 4538 4537 4539
f 4538 4536 4537
f 4540 4539 4541
f 4540 4538 4539
f 4542 4541 4543
f 4542 4540 4541
f 4544 4543 4545
f 4544 4542 4543
f 4546 4545 4547
f 4546 4544 4545
f 4548 4546 4547
f 4548 4547 4549
f 4550 4549 4551
f 4550 4548 4549
f 4552 4551 4553
f 4552 4550 4551
f 4554 4553 4555
f 4554 4552 4553
f 4556 4555 4557
f 4556 4554 4555
f 4558 4559 4560
f 4561 4559 4558
f 4561 4562 4559
f 4563 4558 4560
f 4563 4560 4564
f 4565 4562 4561
f 4565 4566 4562
f 4567 4566 4565
f 4567 4568 4566
f 4569 4564 4570
f 4569 4563 4564
f 4571 4569 4570
f 4571 4570 4572
f 4573 4574 4568
f 4573 4568 4567
f 4575 4576 4574
f 4575 4574 4573
f 4577 4571 4572
f 4577 4572 4578
f 4579 4577 4578
f 4579 4578 4580
f 4581 4582 4576
f 4581 4576 4575
f 4583 4579 4580
f 4583 4580 4584
f 4585 4586 4582
f 4585 4582 4581
f 4587 4583 4584
f 4587 4584 4588
f 4589 4526 4586
f 4589 4586 4585
f 4590 4587 4588
f 4590 4588 4591
f 4592 4526 4589
f 4592 4527 4526
f 4593 4590 4591
f 4593 4591 4594
f 4595 4527 4592
f 4595 4596 4527
f 4597 4593 4594
f 4598 4596 4595
f 4598 4599 4596
f 4600 4597 4594
f 4600 4594 4601
f 4602 4599 4598
f 4602 4603 4599
f 4604 4600 4601
f 4604 4601 4605
f 4606 4603 4602
f 4606 4607 4603
f 4608 4604 4605
f 4608 4605 4609
f 4610 4607 4606
f 4610 4430 4607
f 4611 4608 4609
f 4611 4609 4612
f 4613 945 4430
f 4613 4430 4610
f 4614 4611 4612
f 4614 4612 4615
f 4616 921 945
f 4616 945 4613
f 4617 4614 4615
f 4617 4615 4618
f 4619 897 921
f 4619 921 4616
f 4620 896 897
f 4620 897 4619
f 4621 4617 4618
f 4621 4618 4622
f 4623 4621 4622
f 4623 4622 4624
f 4625 849 896
f 4625 896 4620
f 4626 4623 4624
f 4626 4624 4627
f 4628 849 4625
f 4629 4626 4627
f 4629 4627 4630
f 4631 4630 4632
f 4631 4629 4630
f 4633 4632 4634
f 4633 4631 4632
f 4635 4633 4634
f 4635 4634 4636
f 4637 4635 4636
f 4637 4636 4638
f 4639 4637 4638
f 4639 4638 4640
f 4641 4639 4640
f 4641 4640 4642
f 4643 4642 4644
f 4643 4641 4642
f 4645 4643 4644
f 4645 4644 4646
f 4647 4645 4646
f 825 849 4628
f 825 4648 4649
f 825 4628 4648
f 824 825 4649
f 824 4649 4650
f 4651 1948 1971
f 4652 1948 4651
f 4653 4651 1971
f 4654 1948 4652
f 4655 4653 1971
f 4656 1924 1948
f 4656 1948 4654
f 4657 4655 1971
f 4658 1924 4656
f 4659 1924 4658
f 4659 1900 1924
f 4660 1971 1995
f 4660 4657 1971
f 4661 4660 1995
f 4662 1900 4659
f 4663 1900 4662
f 4663 1876 1900
f 4664 4661 1995
f 4665 4471 1876
f 4665 1876 4663
f 4665 4666 4471
f 4667 4664 1995
f 4668 4667 1995
f 4669 4670 4666
f 4669 4666 4665
f 4671 4672 4670
f 4671 4670 4669
f 4673 4668 1995
f 4674 4675 4676
f 4674 4557 4675
f 4674 4556 4557
f 4674 4677 4556
f 4674 4678 4677
f 4674 4679 4678
f 4674 4680 4672
f 4674 4681 4680
f 4674 4682 4681
f 4674 4683 4682
f 4674 4684 4683
f 4674 4676 4684
f 4674 4672 4671
f 4685 4673 1995
f 800 824 4650
f 800 4650 4686
f 2047 4685 1995
f 753 800 4686
f 753 4687 4688
f 753 4686 4687
f 752 753 4688
f 752 4688 4689
f 728 752 4689
f 728 4690 4691
f 728 4689 4690
f 681 728 4691
f 681 4691 4692
f 657 681 4692
f 657 4692 4693
f 656 657 4693
f 656 4694 4695
f 656 4693 4694
f 632 656 4695
f 632 4695 4696
f 4697 4679 4674
f 4697 4698 4647
f 4697 4699 4698
f 4697 4700 4699
f 4697 4701 4700
f 4697 4702 4701
f 4697 4703 4702
f 4697 4704 4703
f 4697 4705 4704
f 4697 4706 4679
f 4697 4707 4706
f 4697 4646 4707
f 4697 4647 4646
f 4708 4709 4705
f 4708 4705 4697
f 4710 4709 4708
f 4710 4711 4709
f 4712 4713 4711
f 4712 4711 4710
f 608 632 4696
f 608 4714 4715
f 608 4696 4714
f 584 608 4715
f 584 4715 4716
f 560 584 4716
f 560 4716 4717
f 536 4718 4719
f 536 4717 4718
f 536 560 4717
f 512 4719 4720
f 512 536 4719
f 320 4270 199
f 320 4721 4722
f 320 4722 4723
f 320 4723 4724
f 320 4724 4725
f 320 4725 4726
f 320 4726 4270
f 488 4720 4727
f 488 512 4720
f 344 4728 4729
f 344 4729 4730
f 344 4730 4731
f 344 4731 4721
f 344 4721 320
f 464 488 4727
f 464 4732 4713
f 464 4727 4732
f 368 4733 4734
f 368 4734 4735
f 368 4735 4728
f 368 4728 344
f 417 4713 4712
f 417 464 4713
f 417 4712 4736
f 392 4737 4738
f 392 4738 4733
f 392 4733 368
f 416 4736 4739
f 416 4739 4737
f 416 4737 392
f 416 417 4736
f 2047 2048 2045
f 2044 2047 2045
f 2042 2047 2044
f 2040 2047 2042
f 4685 2047 2040
f 4740 2032 2030
f 4740 2033 2032
f 4740 2035 2033
f 4740 2037 2035
f 4740 2039 2037
f 4740 2040 2039
f 4740 4685 2040
f 4741 2025 2023
f 4741 2026 2025
f 4741 2028 2026
f 4741 2030 2028
f 4741 4740 2030
f 4742 2021 2019
f 4742 2023 2021
f 4742 4741 2023
f 4743 2016 2014
f 4743 2018 2016
f 4743 2019 2018
f 4743 4742 2019
f 4744 2012 2010
f 4744 2014 2012
f 4744 4743 2014
f 4745 2008 2005
f 4745 2010 2008
f 4745 4744 2010
f 4059 2005 200
f 4059 4745 2005
f 4746 3232 3231
f 4746 3273 3232
f 4747 4746 3231
f 4748 3273 4746
f 4749 3231 3210
f 4749 4747 3231
f 4750 3294 3273
f 4750 3273 4748
f 4751 3169 3168
f 4751 3210 3169
f 4751 4749 3210
f 4752 3315 3294
f 4752 3294 4750
f 4753 4751 3168
f 4754 3315 4752
f 4754 3316 3315
f 4754 3337 3316
f 4755 4753 3168
f 4755 3147 3126
f 4755 3168 3147
f 4756 3337 4754
f 4757 4755 3126
f 3105 4757 3126
f 4758 3337 4756
f 4758 3378 3337
f 4759 4757 3105
f 4760 3378 4758
f 4760 3399 3378
f 4761 4759 3105
f 4761 3105 3084
f 3043 4761 3084
f 4762 3399 4760
f 4762 3420 3399
f 4763 4761 3043
f 4764 3420 4762
f 4764 3421 3420
f 4765 4763 3043
f 4765 3043 3042
f 4766 3421 4764
f 4766 3442 3421
f 4767 3042 3021
f 4767 4765 3042
f 4768 3442 4766
f 4768 3483 3442
f 4769 3021 3000
f 4769 4767 3021
f 3484 3483 4768
f 4770 3484 4768
f 4771 3000 2979
f 4771 4769 3000
f 2958 4771 2979
f 4772 3525 3484
f 4772 3484 4770
f 4773 4771 2958
f 3526 3525 4772
f 4774 3526 4772
f 4775 2958 2917
f 4775 4773 2958
f 2916 4775 2917
f 4776 4775 2916
f 4777 3567 3526
f 4777 3526 4774
f 4778 2916 2895
f 4778 4776 2916
f 4779 3568 3567
f 4779 3567 4777
f 3609 3568 4779
f 4780 2895 2874
f 4780 4778 2895
f 4781 3609 4779
f 3610 3609 4781
f 4782 2874 2853
f 4782 4780 2874
f 4783 3610 4781
f 4784 4782 2853
f 4784 2853 2832
f 4785 3610 4783
f 4785 3651 3610
f 4786 4784 2832
f 4786 2832 2811
f 4787 3651 4785
f 4787 3672 3651
f 2790 4788 4786
f 2790 4786 2811
f 3693 3672 4787
f 3693 4787 4789
f 4790 4788 2790
f 2769 4790 2790
f 3694 3693 4789
f 3694 4789 4791
f 4792 4790 2769
f 2748 4792 2769
f 3715 3694 4791
f 3715 4791 4793
f 2727 4794 4792
f 2727 4792 2748
f 3756 4793 4795
f 3756 3715 4793
f 4796 3756 4795
f 2706 4797 4794
f 2706 4794 2727
f 3777 3756 4796
f 2685 4798 4797
f 2685 4797 2706
f 3798 4796 4799
f 3798 3777 4796
f 2664 4800 4798
f 2664 4798 2685
f 3819 4799 4801
f 3819 3798 4799
f 2643 4802 4800
f 2643 4800 2664
f 3840 4801 4803
f 3840 3819 4801
f 4804 4802 2643
f 2602 4804 2643
f 3861 4803 4805
f 3861 3840 4803
f 2601 4804 2602
f 2601 4806 4804
f 3882 3861 4805
f 3882 4805 4807
f 4808 3882 4807
f 2580 4809 4806
f 2580 4806 2601
f 2159 3882 4808
f 2160 2159 4808
f 2160 4808 4810
f 2559 4811 4809
f 2559 4809 2580
f 2538 4812 4811
f 2538 4811 2559
f 2181 2160 4810
f 2181 4810 4813
f 2517 4814 4812
f 2517 4812 2538
f 2182 2181 4813
f 2182 4813 4815
f 4816 4814 2517
f 2496 4816 2517
f 2223 2182 4815
f 2223 4815 4817
f 4818 2223 4817
f 2475 4819 4816
f 2475 4816 2496
f 2224 2223 4818
f 2454 4819 2475
f 2454 4820 4819
f 2265 2224 4818
f 2265 4818 4821
f 2286 2265 4821
f 2286 4821 4822
f 2433 4820 2454
f 2433 4823 4824
f 2433 4824 4820
f 2307 2286 4822
f 2307 4822 4825
f 2307 4825 4826
f 2412 4823 2433
f 2328 2307 4826
f 2328 4826 4827
f 2371 4823 2412
f 2371 4828 4829
f 2371 4829 4823
f 2349 2328 4827
f 2370 2349 4827
f 2370 4827 4828
f 2370 4828 2371
f 4830 4831 4832
f 4833 4831 4830
f 4834 4831 4833
f 4835 4831 4834
f 4836 4831 4835
f 4837 4831 4836
f 4838 4831 4837
f 4839 4831 4838
f 4840 4831 4839
f 4841 4831 4840
f 4842 4831 4841
f 4843 4831 4842
f 4844 4831 4843
f 4845 4831 4844
f 4845 4846 4831
f 4847 4846 4845
f 4848 4849 4850
f 4848 4850 4851
f 4848 4851 4852
f 4848 4852 4853
f 4848 4853 4854
f 4848 4854 4855
f 4848 4855 4856
f 4848 4856 4857
f 4848 4857 4858
f 4848 4858 4859
f 4848 4859 4860
f 4848 4860 4861
f 4848 4861 4862
f 4848 4862 4863
f 4864 4865 4849
f 4864 4849 4848
f 4866 4867 4868
f 4869 4867 4866
f 4870 4867 4869
f 4871 4867 4870
f 4872 4867 4871
f 4873 4867 4872
f 4874 4867 4873
f 4875 4867 4874
f 4876 4867 4875
f 4877 4867 4876
f 4878 4867 4877
f 4879 4867 4878
f 4880 4867 4879
f 4881 4882 4867
f 4881 4867 4880
f 4883 4882 4881
f 4884 4885 4886
f 4884 4886 4887
f 4884 4887 4888
f 4884 4888 4889
f 4884 4889 4890
f 4884 4890 4891
f 4884 4891 4892
f 4884 4892 4893
f 4884 4893 4894
f 4884 4894 4895
f 4884 4895 4896
f 4884 4896 4897
f 4884 4897 4898
f 4884 4898 4899
f 4900 4901 4885
f 4900 4885 4884
f 4902 4903 4904
f 4905 4902 4904
f 4905 4904 4906
f 4907 4903 4902
f 4907 4908 4903
f 4909 4905 4906
f 4909 4906 4910
f 4911 4908 4907
f 4911 4912 4908
f 4913 4909 4910
f 4913 4910 4914
f 4915 4912 4911
f 4915 4916 4912
f 4917 4913 4914
f 4917 4914 4918
f 4919 4916 4915
f 4919 4920 4916
f 4921 4917 4918
f 4921 4918 4846
f 4922 4920 4919
f 4922 4923 4920
f 4924 4846 4847
f 4924 4847 4925
f 4924 4921 4846
f 4926 4927 4923
f 4926 4923 4922
f 4928 4924 4925
f 4928 4925 4929
f 4928 4929 4930
f 4931 4932 4927
f 4931 4927 4926
f 4933 4928 4930
f 4933 4930 4934
f 4933 4934 4935
f 4933 4935 4936
f 4937 4938 4932
f 4937 4932 4931
f 4939 4936 4940
f 4939 4940 4941
f 4939 4933 4936
f 4942 4943 4938
f 4942 4938 4937
f 4944 4865 4864
f 4944 4941 4865
f 4944 4939 4941
f 4945 4946 4943
f 4945 4943 4942
f 4947 4948 4882
f 4947 4864 4948
f 4947 4944 4864
f 4949 4950 4946
f 4949 4946 4945
f 4951 4883 4952
f 4951 4882 4883
f 4951 4947 4882
f 4953 4954 4950
f 4953 4950 4949
f 4955 4952 4956
f 4955 4956 4957
f 4955 4951 4952
f 4958 4959 4954
f 4958 4954 4953
f 4960 4957 4961
f 4960 4961 4962
f 4960 4962 4963
f 4960 4955 4957
f 4964 4965 4959
f 4964 4959 4958
f 4966 4960 4963
f 4966 4963 4967
f 4966 4967 4968
f 4969 4965 4964
f 4969 4970 4965
f 4971 4968 4901
f 4971 4901 4900
f 4971 4966 4968
f 4972 4971 4900
f 4972 4900 4973
f 4974 4975 4970
f 4974 4970 4969
f 4976 4973 4977
f 4976 4972 4973
f 4978 4979 4975
f 4978 4975 4974
f 4980 4976 4977
f 4980 4977 4981
f 4982 4983 4979
f 4982 4979 4978
f 4984 4980 4981
f 4984 4981 4985
f 4986 4987 4983
f 4986 4983 4982
f 4988 4984 4985
f 4988 4985 4989
f 4990 4987 4986
f 4991 4987 4990
f 4992 4988 4989
f 4993 4991 4990
f 4994 4995 4992
f 4994 4992 4989
f 4996 4991 4993
f 4996 4993 4997
f 4998 4999 4995
f 4998 4995 4994
f 5000 4996 4997
f 5000 4997 5001
f 5002 5003 4999
f 5002 4999 4998
f 5004 5000 5001
f 5004 5001 5005
f 5006 5007 5003
f 5006 5003 5002
f 5008 5004 5005
f 5008 5005 5009
f 5010 5007 5006
f 5011 5009 5012
f 5011 5008 5009
f 5013 5007 5010
f 5013 5014 5007
f 5015 5016 5014
f 5015 5014 5013
f 5017 5018 5019
f 5020 5019 5018
f 5021 5017 5019
f 5022 5019 5020
f 5023 5021 5019
f 5024 5019 5022
f 5025 5023 5019
f 5026 5019 5024
f 5027 5025 5019
f 5028 5019 5026
f 5029 5027 5019
f 5030 5029 5019
f 5031 5030 5019
f 5032 5019 5011
f 5032 5031 5019
f 5033 5011 5012
f 5033 5032 5011
f 5034 5033 5012
f 5034 5012 5035
f 5036 5034 5035
f 5037 5036 5035
f 5037 5035 5038
f 5039 5037 5038
f 5040 5038 5041
f 5040 5039 5038
f 5042 5040 5041
f 5043 5041 5044
f 5043 5042 5041
f 5045 5043 5044
f 5046 5047 5016
f 5046 5016 5015
f 3907 5048 5049
f 3907 5049 5050
f 3907 5050 5047
f 3907 5047 5046
f 5051 5052 5053
f 5051 5053 5054
f 5051 5054 5055
f 5051 5055 5056
f 5051 5056 5057
f 5051 5057 5058
f 5051 5058 5059
f 5051 5059 5060
f 5051 5060 5061
f 5051 5061 5062
f 5051 5062 5063
f 5051 5063 5064
f 5051 5064 5065
f 5066 5045 5044
f 5066 5051 5065
f 5066 5044 5067
f 5066 5065 5068
f 5066 5068 5045
f 4027 3907 3905
f 5069 5066 5067
f 4007 3907 4027
f 5070 5067 5071
f 5070 5069 5067
f 3937 5072 5073
f 3937 5073 5074
f 3937 5074 5048
f 3937 5048 3907
f 3937 3907 4007
f 3937 3986 3939
f 3937 4007 3986
f 5075 5076 5077
f 5078 5076 5070
f 5078 5077 5076
f 5079 5076 5075
f 5080 5078 5070
f 5081 5076 5079
f 5082 5070 5071
f 5082 5080 5070
f 5083 5076 5081
f 5084 5071 5085
f 5084 5082 5071
f 5086 5076 5083
f 5087 5084 5085
f 5088 5076 5086
f 5089 5085 5090
f 5089 5087 5085
f 5091 5076 5088
f 5092 5089 5090
f 5093 5076 5091
f 5094 5090 5095
f 5094 5092 5090
f 5096 5076 5093
f 5097 5094 5095
f 5098 5076 5096
f 5099 5095 5100
f 5099 5097 5095
f 5101 5076 5098
f 5102 5099 5100
f 5103 5076 5101
f 3936 3937 3939
f 5104 5105 5072
f 5104 5072 3937
f 5106 5105 5104
f 5106 5107 5105
f 5108 5109 5110
f 5108 5110 5111
f 5108 5111 5112
f 5108 5112 5113
f 5108 5113 5114
f 5108 5114 5115
f 5108 5115 5116
f 5108 5116 5117
f 5108 5117 5118
f 5108 5118 5119
f 5108 5119 5120
f 5108 5120 5121
f 5108 5121 5122
f 5108 5122 5123
f 5124 5125 5107
f 5124 5107 5106
f 5126 5102 5100
f 5126 5100 5127
f 5126 5123 5102
f 5126 5108 5123
f 5128 5125 5124
f 5129 5127 5130
f 5129 5126 5127
f 5131 5132 5125
f 5131 5125 5128
f 5133 5130 5134
f 5133 5129 5130
f 5135 5136 5132
f 5135 5132 5131
f 5137 5134 5138
f 5137 5133 5134
f 5139 5140 5136
f 5139 5136 5135
f 5141 5138 5142
f 5141 5137 5138
f 5143 5144 5140
f 5143 5140 5139
f 5145 5142 5144
f 5145 5141 5142
f 5145 5144 5143
f 5070 5146 5069
f 5070 5147 5146
f 5076 5148 5147
f 5076 5147 5070
f 5149 5150 5148
f 5149 5148 5076
f 5103 5149 5076
f 5151 5150 5149
f 5152 5150 5151
f 5153 5154 5150
f 5153 5150 5152
f 5108 5155 5154
f 5108 5154 5153
f 5108 5153 5109
f 5126 5156 5155
f 5126 5155 5108
f 5129 5157 5156
f 5129 5156 5126
f 5133 5158 5157
f 5133 5157 5129
f 5137 5159 5158
f 5137 5158 5133
f 5141 5160 5159
f 5141 5159 5137
f 5145 5161 5160
f 5145 5160 5141
f 5143 5162 5161
f 5143 5161 5145
f 5139 5163 5162
f 5139 5162 5143
f 5135 5164 5163
f 5135 5163 5139
f 5131 5165 5164
f 5131 5164 5135
f 5128 5165 5131
f 5124 5166 5165
f 5124 5165 5128
f 5106 5167 5166
f 5106 5166 5124
f 3913 5168 5169
f 5104 5169 5167
f 5104 5167 5106
f 5104 3913 5169
f 3912 5170 5168
f 3912 5168 3913
f 3937 3913 5104
f 3911 5171 5170
f 3911 5170 3912
f 3910 5171 3911
f 5172 5171 3910
f 3909 5172 3910
f 5173 5172 3909
f 3906 5173 3909
f 5174 5173 3906
f 5046 5174 3906
f 5046 5175 5174
f 5046 3906 3907
f 5015 5175 5046
f 5015 5176 5175
f 5013 5176 5015
f 5013 5177 5176
f 5010 5177 5013
f 5006 5177 5010
f 5006 5178 5177
f 5002 5178 5006
f 5002 5179 5178
f 4998 5180 5179
f 4998 5179 5002
f 4994 5181 5180
f 4994 5180 4998
f 4989 5182 5181
f 4989 5181 4994
f 4985 5183 5182
f 4985 5182 4989
f 4981 5184 5183
f 4981 5183 4985
f 4977 5185 5184
f 4977 5184 4981
f 4973 5186 5185
f 4973 5185 4977
f 4900 5187 5186
f 4900 5186 4973
f 4884 5188 5187
f 4884 5187 4900
f 5189 5190 5188
f 5189 5188 4884
f 4899 5189 4884
f 5191 5190 5189
f 5192 5190 5191
f 5193 5194 5190
f 5193 5190 5192
f 4867 5193 4868
f 4867 5195 5194
f 4867 5194 5193
f 4882 5196 5195
f 4882 5195 4867
f 4948 5196 4882
f 4864 5197 5196
f 4864 5196 4948
f 4848 5198 5197
f 4848 5197 4864
f 5199 5200 5198
f 5199 5198 4848
f 4863 5199 4848
f 5201 5200 5199
f 5202 5200 5201
f 5203 5200 5202
f 5203 5204 5200
f 4831 5204 5203
f 4831 5203 4832
f 4831 5205 5204
f 4846 5205 4831
f 4846 5206 5205
f 4918 5206 4846
f 4918 5207 5206
f 4914 5207 4918
f 4914 5208 5207
f 4910 5208 4914
f 4910 5209 5208
f 4906 5209 4910
f 4906 5210 5209
f 4904 5210 4906
f 4904 5211 5210
f 4903 5211 4904
f 4903 5212 5211
f 4908 5212 4903
f 4908 5213 5212
f 4912 5213 4908
f 4912 5214 5213
f 4916 5214 4912
f 4916 5215 5214
f 4920 5216 5215
f 4920 5215 4916
f 4923 5216 4920
f 4923 5217 5216
f 4927 5218 5217
f 4927 5217 4923
f 4932 5219 5218
f 4932 5218 4927
f 4938 5220 5219
f 4938 5219 4932
f 4943 5221 5220
f 4943 5220 4938
f 4946 5222 5221
f 4946 5221 4943
f 4950 5223 5222
f 4950 5222 4946
f 4954 5224 5223
f 4954 5223 4950
f 4959 5225 5224
f 4959 5224 4954
f 4965 5226 5225
f 4965 5225 4959
f 4970 5226 4965
f 4970 5227 5226
f 4975 5227 4970
f 4975 5228 5227
f 4979 5228 4975
f 4979 5229 5228
f 4983 5229 4979
f 4983 5230 5229
f 4987 5230 4983
f 4987 5231 5230
f 4991 5231 4987
f 4991 5232 5231
f 4996 5232 4991
f 4996 5233 5232
f 5000 5233 4996
f 5000 5234 5233
f 5004 5234 5000
f 5004 5235 5234
f 5008 5235 5004
f 5008 5236 5235
f 5011 5236 5008
f 5011 5237 5236
f 5019 5237 5011
f 5019 5238 5237
f 5239 5238 5019
f 5239 5240 5238
f 5028 5239 5019
f 5241 5240 5239
f 5242 5240 5241
f 5243 5240 5242
f 5243 5244 5240
f 5051 5244 5243
f 5051 5245 5244
f 5051 5243 5052
f 5066 5245 5051
f 5066 5146 5245
f 5069 5146 5066
f 5246 4697 4674
f 5246 4674 5247
f 5248 5247 5249
f 5248 5246 5247
f 5250 5249 5251
f 5250 5248 5249
f 5252 5251 5253
f 5252 5250 5251
f 5254 5253 5255
f 5254 5252 5253
f 5256 5255 5257
f 5256 5254 5255
f 4169 5257 4079
f 4169 5256 5257
f 5247 4674 4671
f 5258 4685 4740
f 5258 4673 4685
f 5259 4740 4741
f 5259 5258 4740
f 5260 4741 4742
f 5260 5259 4741
f 5261 4742 4743
f 5261 5260 4742
f 5262 4743 4744
f 5262 5261 4743
f 5263 4744 4745
f 5263 4745 4059
f 5263 4059 4058
f 5263 5262 4744
f 5264 4668 4673
f 5264 4673 5258
f 5265 5264 5258
f 5265 5258 5259
f 5266 5259 5260
f 5266 5265 5259
f 5267 5260 5261
f 5267 5266 5260
f 5268 5267 5261
f 5268 5261 5262
f 5269 5263 4058
f 5269 5262 5263
f 5269 5268 5262
f 5269 4058 4060
f 5270 4667 4668
f 5270 4668 5264
f 5271 5264 5265
f 5271 5270 5264
f 5272 5271 5265
f 5272 5265 5266
f 5273 5272 5266
f 5273 5266 5267
f 5274 5273 5267
f 5274 5267 5268
f 5275 4060 4061
f 5275 5274 5268
f 5275 5269 4060
f 5275 5268 5269
f 5276 4664 4667
f 5276 4667 5270
f 5277 5276 5270
f 5277 5270 5271
f 5278 5277 5271
f 5278 5271 5272
f 5279 5278 5272
f 5279 5272 5273
f 5280 5273 5274
f 5280 5279 5273
f 5281 4061 4062
f 5281 5275 4061
f 5281 5274 5275
f 5281 5280 5274
f 5282 4661 4664
f 5282 4664 5276
f 5283 5276 5277
f 5283 5282 5276
f 5284 5283 5277
f 5284 5277 5278
f 5285 5278 5279
f 5285 5284 5278
f 5286 5279 5280
f 5286 5285 5279
f 5287 4062 4063
f 5287 5281 4062
f 5287 5280 5281
f 5287 5286 5280
f 5288 4660 4661
f 5288 4661 5282
f 5289 5282 5283
f 5289 5283 5284
f 5289 5288 5282
f 5290 5289 5284
f 5291 5290 5284
f 5291 5284 5285
f 5292 5291 5285
f 5292 5285 5286
f 5293 5292 5286
f 5293 4063 4064
f 5293 5287 4063
f 5293 5286 5287
f 5294 4657 4660
f 5294 4660 5288
f 5295 5294 5288
f 5295 5288 5289
f 5295 5289 5290
f 5296 5295 5290
f 5297 5290 5291
f 5297 5296 5290
f 5298 5291 5292
f 5298 5297 5291
f 5299 5292 5293
f 5299 5298 5292
f 5299 4064 4065
f 5299 5293 4064
f 5300 5294 5295
f 5300 4655 4657
f 5300 4657 5294
f 5301 5300 5295
f 5302 5295 5296
f 5302 5301 5295
f 5303 5302 5296
f 5303 5296 5297
f 5304 5297 5298
f 5304 5303 5297
f 5305 5298 5299
f 5305 5299 4065
f 5305 4065 4066
f 5305 5304 5298
f 5306 4655 5300
f 5306 4653 4655
f 5307 5306 5300
f 5307 5300 5301
f 5308 5307 5301
f 5308 5301 5302
f 5309 5302 5303
f 5309 5308 5302
f 5310 5303 5304
f 5310 5309 5303
f 5311 4066 4067
f 5311 5310 5304
f 5311 5305 4066
f 5311 5304 5305
f 5312 4651 4653
f 5312 4653 5306
f 5313 5306 5307
f 5313 5312 5306
f 5314 5307 5308
f 5314 5313 5307
f 5315 5314 5308
f 5315 5308 5309
f 5316 5309 5310
f 5316 5310 5311
f 5316 5315 5309
f 5317 4067 4068
f 5317 4068 4069
f 5317 5316 5311
f 5317 5311 4067
f 5318 4652 4651
f 5318 4651 5312
f 5319 5312 5313
f 5319 5313 5314
f 5319 5318 5312
f 5320 5319 5314
f 5321 5314 5315
f 5321 5320 5314
f 5322 5315 5316
f 5322 5316 5317
f 5322 5321 5315
f 5323 5322 5317
f 5323 5317 4069
f 5324 4654 4652
f 5324 4652 5318
f 5325 5324 5318
f 5325 5318 5319
f 5326 5325 5319
f 5326 5319 5320
f 5327 5321 5322
f 5327 5326 5320
f 5327 5320 5321
f 5328 5327 5322
f 5329 5322 5323
f 5329 5323 4069
f 5329 5328 5322
f 5329 4069 4070
f 5330 4654 5324
f 5330 4656 4654
f 5331 5330 5324
f 5331 5325 5326
f 5331 5324 5325
f 5332 5331 5326
f 5333 5327 5328
f 5333 5332 5326
f 5333 5326 5327
f 5334 5333 5328
f 5335 5328 5329
f 5335 5329 4070
f 5335 5334 5328
f 5335 4070 4071
f 5336 4658 4656
f 5336 4656 5330
f 5337 5330 5331
f 5337 5336 5330
f 5338 5331 5332
f 5338 5337 5331
f 5339 5332 5333
f 5339 5338 5332
f 5340 5333 5334
f 5340 5339 5333
f 5341 5334 5335
f 5341 5335 4071
f 5341 4071 4072
f 5341 5340 5334
f 5342 4659 4658
f 5342 4662 4659
f 5342 4658 5336
f 5343 5336 5337
f 5343 5342 5336
f 5344 5337 5338
f 5344 5338 5339
f 5344 5343 5337
f 5345 5339 5340
f 5345 5344 5339
f 5346 5345 5340
f 5347 4072 4073
f 5347 5341 4072
f 5347 5340 5341
f 5347 5346 5340
f 5348 4662 5342
f 5349 5348 5342
f 5349 5342 5343
f 5349 5343 5344
f 5350 5344 5345
f 5350 5349 5344
f 5351 5350 5345
f 5352 5345 5346
f 5352 5351 5345
f 5353 4073 4074
f 5353 5347 4073
f 5353 5346 5347
f 5353 5352 5346
f 5354 4663 4662
f 5354 4662 5348
f 5355 5348 5349
f 5355 5354 5348
f 5356 5349 5350
f 5356 5350 5351
f 5356 5355 5349
f 5357 5356 5351
f 5357 5351 5352
f 5358 5357 5352
f 5358 5352 5353
f 5359 5358 5353
f 5359 4074 4075
f 5359 5353 4074
f 5360 4665 4663
f 5360 4663 5354
f 5361 5360 5354
f 5361 5354 5355
f 5362 5361 5355
f 5362 5355 5356
f 5363 5362 5356
f 5363 5356 5357
f 5364 5357 5358
f 5364 5363 5357
f 5365 5358 5359
f 5365 5359 4075
f 5365 5364 5358
f 5365 4075 4076
f 5366 4669 4665
f 5366 4671 4669
f 5366 4665 5360
f 5367 5360 5361
f 5367 5366 5360
f 5368 5367 5361
f 5368 5361 5362
f 5369 5362 5363
f 5369 5368 5362
f 5370 5369 5363
f 5370 5363 5364
f 5371 5370 5364
f 5371 5364 5365
f 5371 5365 4076
f 5371 4076 4077
f 5372 4671 5366
f 5372 5247 4671
f 5373 5249 5247
f 5373 5366 5367
f 5373 5367 5368
f 5373 5247 5372
f 5373 5372 5366
f 5374 5251 5249
f 5374 5249 5373
f 5374 5373 5368
f 5375 5253 5251
f 5375 5255 5253
f 5375 5368 5369
f 5375 5369 5370
f 5375 5374 5368
f 5375 5251 5374
f 5376 5370 5371
f 5376 5255 5375
f 5376 5375 5370
f 5377 5257 5255
f 5377 4079 5257
f 5377 5371 4077
f 5377 4077 4078
f 5377 4078 4079
f 5377 5255 5376
f 5377 5376 5371
f 5378 4697 5246
f 5378 4708 4697
f 5379 5246 5248
f 5379 5378 5246
f 5380 5248 5250
f 5380 5379 5248
f 5381 5250 5252
f 5381 5380 5250
f 5382 5252 5254
f 5382 5381 5252
f 5383 5254 5256
f 5383 5256 4169
f 5383 4169 4245
f 5383 5382 5254
f 5384 4710 4708
f 5384 4708 5378
f 5385 5378 5379
f 5385 5384 5378
f 5386 5379 5380
f 5386 5385 5379
f 5387 5380 5381
f 5387 5386 5380
f 5388 5387 5381
f 5388 5381 5382
f 5389 5383 4245
f 5389 5382 5383
f 5389 4245 4246
f 5389 5388 5382
f 5390 4712 4710
f 5390 4710 5384
f 5391 5390 5384
f 5391 5384 5385
f 5392 5391 5385
f 5392 5385 5386
f 5393 5392 5386
f 5393 5386 5387
f 5394 5387 5388
f 5394 5393 5387
f 5395 4246 4247
f 5395 5389 4246
f 5395 5394 5388
f 5395 5388 5389
f 5396 4736 4712
f 5396 4739 4736
f 5396 4712 5390
f 5397 5396 5390
f 5397 5390 5391
f 5398 5391 5392
f 5398 5397 5391
f 5399 5398 5392
f 5399 5392 5393
f 5400 5393 5394
f 5400 5399 5393
f 5401 4247 4248
f 5401 5395 4247
f 5401 5400 5394
f 5401 5394 5395
f 5402 4739 5396
f 5403 5396 5397
f 5403 5402 5396
f 5404 5397 5398
f 5404 5398 5399
f 5404 5403 5397
f 5405 5404 5399
f 5406 5399 5400
f 5406 5405 5399
f 5407 4248 4249
f 5407 5401 4248
f 5407 5400 5401
f 5407 5406 5400
f 5408 4737 4739
f 5408 4739 5402
f 5409 5408 5402
f 5409 5402 5403
f 5410 5409 5403
f 5410 5403 5404
f 5411 5410 5404
f 5411 5404 5405
f 5412 5411 5405
f 5412 5405 5406
f 5413 5412 5406
f 5413 4249 4250
f 5413 5407 4249
f 5413 5406 5407
f 5414 4738 4737
f 5414 4737 5408
f 5415 5408 5409
f 5415 5414 5408
f 5416 5415 5409
f 5416 5409 5410
f 5417 5410 5411
f 5417 5416 5410
f 5418 5411 5412
f 5418 5417 5411
f 5419 5412 5413
f 5419 5413 4250
f 5419 5418 5412
f 5419 4250 4251
f 5420 4733 4738
f 5420 4738 5414
f 5420 5414 5415
f 5421 5420 5415
f 5422 5415 5416
f 5422 5421 5415
f 5423 5416 5417
f 5423 5422 5416
f 5424 5417 5418
f 5424 5423 5417
f 5425 5418 5419
f 5425 5419 4251
f 5425 4251 4252
f 5425 4252 4253
f 5425 5424 5418
f 5426 4733 5420
f 5426 4734 4733
f 5427 5421 5422
f 5427 5420 5421
f 5427 5426 5420
f 5428 5427 5422
f 5429 5422 5423
f 5429 5428 5422
f 5430 5423 5424
f 5430 5424 5425
f 5430 5429 5423
f 5431 5425 4253
f 5431 5430 5425
f 5432 4734 5426
f 5432 4735 4734
f 5433 5426 5427
f 5433 5432 5426
f 5434 5427 5428
f 5434 5433 5427
f 5435 5428 5429
f 5435 5434 5428
f 5436 5435 5429
f 5436 5429 5430
f 5437 4253 4254
f 5437 5431 4253
f 5437 5430 5431
f 5437 5436 5430
f 5438 4728 4735
f 5438 4735 5432
f 5438 5432 5433
f 5439 5438 5433
f 5440 5433 5434
f 5440 5439 5433
f 5441 5434 5435
f 5441 5440 5434
f 5442 5435 5436
f 5442 5441 5435
f 5443 4254 4255
f 5443 5437 4254
f 5443 5436 5437
f 5443 5442 5436
f 5444 4729 4728
f 5444 4728 5438
f 5445 5438 5439
f 5445 5444 5438
f 5446 5439 5440
f 5446 5445 5439
f 5447 5446 5440
f 5447 5440 5441
f 5448 5441 5442
f 5448 5447 5441
f 5449 5442 5443
f 5449 5448 5442
f 5449 4255 4256
f 5449 5443 4255
f 5450 4730 4729
f 5450 4729 5444
f 5451 5450 5444
f 5451 5444 5445
f 5452 5445 5446
f 5452 5446 5447
f 5452 5451 5445
f 5453 5452 5447
f 5454 5447 5448
f 5454 5453 5447
f 5455 5449 4256
f 5455 5454 5448
f 5455 4256 4257
f 5455 5448 5449
f 5456 4730 5450
f 5456 4731 4730
f 5457 5450 5451
f 5457 5451 5452
f 5457 5456 5450
f 5458 5457 5452
f 5459 5452 5453
f 5459 5458 5452
f 5460 5453 5454
f 5460 5459 5453
f 5461 5454 5455
f 5461 5455 4257
f 5461 4257 4258
f 5461 5460 5454
f 5462 4721 4731
f 5462 4731 5456
f 5463 5462 5456
f 5463 5456 5457
f 5463 5457 5458
f 5464 5463 5458
f 5465 5458 5459
f 5465 5459 5460
f 5465 5464 5458
f 5466 5465 5460
f 5467 4258 4259
f 5467 4259 4260
f 5467 5461 4258
f 5467 5460 5461
f 5467 5466 5460
f 5468 4722 4721
f 5468 4723 4722
f 5468 4721 5462
f 5469 5463 5464
f 5469 5462 5463
f 5469 5468 5462
f 5470 5469 5464
f 5471 5464 5465
f 5471 5465 5466
f 5471 5470 5464
f 5472 5471 5466
f 5473 5467 4260
f 5473 5466 5467
f 5473 5472 5466
f 5474 4723 5468
f 5475 5468 5469
f 5475 5474 5468
f 5476 5469 5470
f 5476 5475 5469
f 5477 5476 5470
f 5477 5470 5471
f 5478 5477 5471
f 5478 5471 5472
f 5479 5478 5472
f 5479 4260 4261
f 5479 5473 4260
f 5479 5472 5473
f 5480 4724 4723
f 5480 4725 4724
f 5480 4723 5474
f 5481 5480 5474
f 5481 5474 5475
f 5482 5475 5476
f 5482 5481 5475
f 5483 5476 5477
f 5483 5482 5476
f 5484 5477 5478
f 5484 5483 5477
f 5485 5478 5479
f 5485 5484 5478
f 5485 4261 4262
f 5485 4262 4263
f 5485 5479 4261
f 5486 4726 4725
f 5486 4725 5480
f 5487 5481 5482
f 5487 5486 5480
f 5487 5480 5481
f 5488 5482 5483
f 5488 5487 5482
f 5489 5488 5483
f 5490 5489 5483
f 5490 5483 5484
f 5491 5484 5485
f 5491 5485 4263
f 5491 5490 5484
f 5491 4263 4264
f 5492 4270 4726
f 5492 4271 4270
f 5492 4726 5486
f 5493 5486 5487
f 5493 4272 4271
f 5493 4273 4272
f 5493 5492 5486
f 5493 4271 5492
f 5494 5487 5488
f 5494 5493 5487
f 5494 4273 5493
f 5495 4274 4273
f 5495 5488 5489
f 5495 4273 5494
f 5495 5494 5488
f 5496 4275 4274
f 5496 5489 5490
f 5496 5495 5489
f 5496 4274 5495
f 5497 4276 4275
f 5497 4265 4276
f 5497 5496 5490
f 5497 5490 5491
f 5497 5491 4264
f 5497 4264 4265
f 5497 4275 5496
f 4130 5498 5499
f 4131 5498 4130
f 4131 5500 5498
f 4132 5501 5500
f 4132 5500 4131
f 4133 5502 5501
f 4133 5501 4132
f 4134 5503 5502
f 4134 5502 4133
f 4135 5504 5503
f 4135 5503 4134
f 4136 5504 4135
f 4136 5505 5504
f 4137 5505 4136
f 4137 5506 5505
f 4138 5506 4137
f 4138 5507 5506
f 4139 5507 4138
f 4139 5508 5507
f 4140 5508 4139
f 4140 5509 5508
f 4141 5509 4140
f 4141 5510 5509
f 4142 5510 4141
f 4142 5511 5510
f 4143 5511 4142
f 4143 5512 5511
f 4144 5512 4143
f 4144 5513 5512
f 4145 5514 5513
f 4145 5513 4144
f 4146 5515 5514
f 4146 5514 4145
f 4147 5516 5515
f 4147 5515 4146
f 4148 5517 5516
f 4148 5516 4147
f 5052 5243 5517
f 4149 5517 4148
f 4149 5052 5517
f 4150 5053 5052
f 4150 5052 4149
f 4151 5054 5053
f 4151 5053 4150
f 4152 5055 5054
f 4152 5054 4151
f 4153 5056 5055
f 4153 5055 4152
f 4154 5057 5056
f 4154 5056 4153
f 4155 5058 5057
f 4155 5057 4154
f 4156 5059 5058
f 4156 5058 4155
f 4157 5060 5059
f 4157 5059 4156
f 4158 5061 5060
f 4158 5060 4157
f 4159 5062 5061
f 4159 5061 4158
f 4160 5063 5062
f 4160 5062 4159
f 4165 5063 4160
f 4165 5064 5063
f 4163 5064 4165
f 4163 5065 5064
f 4162 5065 4163
f 4162 5068 5065
f 4116 5068 4162
f 4116 5045 5068
f 4114 5045 4116
f 4114 5043 5045
f 4112 5043 4114
f 4112 5042 5043
f 4111 5040 5042
f 4111 5042 4112
f 4109 5039 5040
f 4109 5040 4111
f 4107 5037 5039
f 4107 5039 4109
f 4105 5036 5037
f 4105 5037 4107
f 4103 5034 5036
f 4103 5036 4105
f 4101 5033 5034
f 4101 5034 4103
f 4097 5032 5033
f 4097 5033 4101
f 4096 5031 5032
f 4096 5032 4097
f 4095 5030 5031
f 4095 5031 4096
f 4093 5029 5030
f 4093 5030 4095
f 4091 5027 5029
f 4091 5029 4093
f 4089 5025 5027
f 4089 5027 4091
f 4087 5023 5025
f 4087 5025 4089
f 4085 5021 5023
f 4085 5023 4087
f 4083 5017 5021
f 4083 5021 4085
f 4080 5018 5017
f 4080 5017 4083
f 4081 5020 5018
f 4081 5018 4080
f 4082 5022 5020
f 4082 5020 4081
f 4084 5024 5022
f 4084 5022 4082
f 4086 5026 5024
f 4086 5024 4084
f 5518 5239 5028
f 4088 5026 4086
f 4088 5028 5026
f 4090 5028 4088
f 4092 5518 5028
f 4092 5028 4090
f 4092 5519 5518
f 4094 5519 4092
f 4094 5520 5519
f 4098 5520 4094
f 4098 5521 5520
f 4099 5521 4098
f 4099 5522 5521
f 4100 5522 4099
f 4100 5523 5522
f 4102 5523 4100
f 4102 5524 5523
f 4104 5524 4102
f 4104 5525 5524
f 4106 5525 4104
f 4106 5526 5525
f 4108 5526 4106
f 4108 5527 5526
f 4110 5527 4108
f 4110 5528 5527
f 4113 5529 5528
f 4113 5528 4110
f 4115 5529 4113
f 4115 5530 5529
f 4117 5531 5530
f 4117 5530 4115
f 4118 5532 5531
f 4118 5531 4117
f 4119 5533 5532
f 4119 5532 4118
f 4120 5534 5533
f 4120 5533 4119
f 4121 5535 5534
f 4121 5534 4120
f 4122 5536 5535
f 4122 5535 4121
f 4123 5537 5536
f 4123 5536 4122
f 4124 5538 5537
f 4124 5537 4123
f 4125 5539 5538
f 4125 5538 4124
f 4126 5540 5539
f 4126 5539 4125
f 4127 5540 4126
f 4127 5541 5540
f 4128 5541 4127
f 4128 5542 5541
f 4129 5542 4128
f 4129 5543 5542
f 4130 5543 4129
f 4130 5499 5543
f 4220 5544 5545
f 4221 5544 4220
f 4221 5546 5544
f 4222 5547 5546
f 4222 5546 4221
f 4223 5548 5547
f 4223 5547 4222
f 4224 5549 5548
f 4224 5548 4223
f 4225 5550 5549
f 4225 5549 4224
f 4226 5550 4225
f 4226 5551 5550
f 4227 5551 4226
f 4227 5552 5551
f 4228 5552 4227
f 4228 5553 5552
f 4229 5553 4228
f 4229 5554 5553
f 4230 5554 4229
f 4230 5555 5554
f 4231 5555 4230
f 4231 5556 5555
f 4232 5556 4231
f 4232 5557 5556
f 4233 5557 4232
f 4233 5558 5557
f 4234 5558 4233
f 4234 5559 5558
f 4235 5560 5559
f 4235 5559 4234
f 4236 5561 5560
f 4236 5560 4235
f 4237 5562 5561
f 4237 5561 4236
f 4238 5563 5562
f 4238 5562 4237
f 4239 5564 5563
f 4239 5563 4238
f 4240 5565 5564
f 4240 5564 4239
f 4241 5566 5565
f 4241 5565 4240
f 4242 5567 5566
f 4242 5566 4241
f 4243 5568 5567
f 4243 5567 4242
f 4244 5569 5568
f 4244 5568 4243
f 5109 5153 5570
f 4266 5570 5569
f 4266 5569 4244
f 4266 5109 5570
f 4267 5109 4266
f 4268 5110 5109
f 4268 5109 4267
f 4269 5111 5110
f 4269 5110 4268
f 4211 5112 5111
f 4211 5111 4269
f 4209 5113 5112
f 4209 5112 4211
f 4207 5113 4209
f 4207 5114 5113
f 4205 5114 4207
f 4205 5115 5114
f 4203 5115 4205
f 4203 5116 5115
f 4193 5116 4203
f 4193 5117 5116
f 4192 5117 4193
f 4192 5118 5117
f 4191 5119 5118
f 4191 5118 4192
f 4190 5120 5119
f 4190 5119 4191
f 4189 5121 5120
f 4189 5120 4190
f 4188 5122 5121
f 4188 5121 4189
f 4187 5123 5122
f 4187 5122 4188
f 4186 5102 5123
f 4186 5123 4187
f 4185 5099 5102
f 4185 5102 4186
f 4184 5097 5099
f 4184 5099 4185
f 4182 5094 5097
f 4182 5097 4184
f 4180 5092 5094
f 4180 5094 4182
f 4177 5089 5092
f 4177 5092 4180
f 4176 5087 5089
f 4176 5089 4177
f 4174 5084 5087
f 4174 5087 4176
f 4171 5082 5084
f 4171 5084 4174
f 4168 5080 5082
f 4168 5082 4171
f 4167 5078 5080
f 4167 5080 4168
f 4161 5077 5078
f 4161 5078 4167
f 4164 5075 5077
f 4164 5077 4161
f 4166 5079 5075
f 4166 5075 4164
f 4170 5081 5079
f 4170 5079 4166
f 4172 5081 4170
f 4172 5083 5081
f 4173 5083 4172
f 4173 5086 5083
f 4175 5086 4173
f 4175 5088 5086
f 4178 5088 4175
f 4178 5091 5088
f 4179 5091 4178
f 4179 5093 5091
f 4181 5093 4179
f 4181 5096 5093
f 4183 5096 4181
f 4183 5098 5096
f 4194 5098 4183
f 4194 5101 5098
f 5571 5149 5103
f 4195 5101 4194
f 4195 5103 5101
f 4196 5571 5103
f 4196 5103 4195
f 4197 5571 4196
f 4197 5572 5571
f 4198 5572 4197
f 4198 5573 5572
f 4199 5573 4198
f 4199 5574 5573
f 4200 5574 4199
f 4200 5575 5574
f 4201 5575 4200
f 4201 5576 5575
f 4202 5577 5576
f 4202 5576 4201
f 4204 5578 5577
f 4204 5577 4202
f 4206 5579 5578
f 4206 5578 4204
f 4208 5580 5579
f 4208 5579 4206
f 4210 5581 5580
f 4210 5580 4208
f 4212 5582 5581
f 4212 5581 4210
f 4213 5583 5582
f 4213 5582 4212
f 4214 5584 5583
f 4214 5583 4213
f 4215 5585 5584
f 4215 5584 4214
f 4216 5586 5585
f 4216 5585 4215
f 4217 5586 4216
f 4217 5587 5586
f 4218 5587 4217
f 4218 5588 5587
f 4219 5588 4218
f 4219 5589 5588
f 4220 5589 4219
f 4220 5545 5589
f 4450 4929 4925
f 4453 4929 4450
f 4453 4930 4929
f 4456 4930 4453
f 4456 4934 4930
f 4458 4935 4934
f 4458 4934 4456
f 4504 4936 4935
f 4504 4935 4458
f 4506 4940 4936
f 4506 4936 4504
f 4399 4940 4506
f 4399 4941 4940
f 4397 4941 4399
f 4397 4865 4941
f 4395 4865 4397
f 4395 4849 4865
f 4393 4849 4395
f 4393 4850 4849
f 4390 4850 4393
f 4390 4851 4850
f 4348 4851 4390
f 4348 4852 4851
f 4347 4852 4348
f 4347 4853 4852
f 4342 4853 4347
f 4342 4854 4853
f 4341 4854 4342
f 4341 4855 4854
f 4343 4856 4855
f 4343 4855 4341
f 4344 4857 4856
f 4344 4856 4343
f 4345 4858 4857
f 4345 4857 4344
f 4346 4859 4858
f 4346 4858 4345
f 4340 4860 4859
f 4340 4859 4346
f 4339 4861 4860
f 4339 4860 4340
f 4338 4862 4861
f 4338 4861 4339
f 5590 5199 4863
f 4337 4863 4862
f 4337 4862 4338
f 4336 5590 4863
f 4336 4863 4337
f 4333 5591 5590
f 4333 5590 4336
f 4331 5592 5591
f 4331 5591 4333
f 4329 5593 5592
f 4329 5592 4331
f 4327 5594 5593
f 4327 5593 4329
f 4321 5595 5594
f 4321 5594 4327
f 4320 5596 5595
f 4320 5595 4321
f 4322 5597 5596
f 4322 5596 4320
f 4323 5597 4322
f 4323 5598 5597
f 4324 5598 4323
f 4324 5599 5598
f 4325 5599 4324
f 4325 5600 5599
f 4326 5600 4325
f 4326 5601 5600
f 4311 5601 4326
f 4311 5602 5601
f 4310 5603 5602
f 4310 5602 4311
f 4308 5603 4310
f 4308 5604 5603
f 4305 5605 5604
f 4305 5604 4308
f 4303 5606 5605
f 4303 5605 4305
f 4301 5607 5606
f 4301 5606 4303
f 4299 5608 5607
f 4299 5607 4301
f 4298 5609 5608
f 4298 5608 4299
f 4296 5610 5609
f 4296 5609 4298
f 4294 5611 5610
f 4294 5610 4296
f 4292 5612 5611
f 4292 5611 4294
f 4290 5613 5612
f 4290 5612 4292
f 4288 5614 5613
f 4288 5613 4290
f 4286 5615 5614
f 4286 5614 4288
f 4284 5616 5615
f 4284 5615 4286
f 4282 5617 5616
f 4282 5616 4284
f 4279 5618 5617
f 4279 5617 4282
f 4277 5619 5618
f 4277 5618 4279
f 4278 5620 5619
f 4278 5619 4277
f 4280 5621 5620
f 4280 5620 4278
f 4281 5622 5621
f 4281 5621 4280
f 4283 5622 4281
f 4283 5623 5622
f 4285 5623 4283
f 4285 5624 5623
f 4287 5624 4285
f 4287 5625 5624
f 4289 5625 4287
f 4289 5626 5625
f 4291 5626 4289
f 4291 5627 5626
f 4293 5627 4291
f 4293 5628 5627
f 4295 5628 4293
f 4295 5629 5628
f 4297 5629 4295
f 4297 5630 5629
f 4300 5630 4297
f 4300 5631 5630
f 4302 5631 4300
f 4302 5632 5631
f 4304 5632 4302
f 4304 5633 5632
f 4832 5203 5634
f 4306 4832 5634
f 4306 5633 4304
f 4306 5634 5633
f 4307 4832 4306
f 4309 4832 4307
f 4309 4830 4832
f 4312 4833 4830
f 4312 4830 4309
f 4313 4834 4833
f 4313 4833 4312
f 4314 4835 4834
f 4314 4834 4313
f 4315 4836 4835
f 4315 4835 4314
f 4316 4837 4836
f 4316 4836 4315
f 4317 4838 4837
f 4317 4837 4316
f 4318 4839 4838
f 4318 4838 4317
f 4319 4840 4839
f 4319 4839 4318
f 4328 4841 4840
f 4328 4840 4319
f 4330 4842 4841
f 4330 4841 4328
f 4332 4843 4842
f 4332 4842 4330
f 4334 4843 4332
f 4334 4844 4843
f 4335 4844 4334
f 4335 4845 4844
f 4446 4845 4335
f 4446 4847 4845
f 4450 4847 4446
f 4450 4925 4847
f 4675 5635 4676
f 4675 5636 5635
f 4557 5636 4675
f 4557 5637 5636
f 4557 5638 5637
f 4555 5638 4557
f 4553 5638 4555
f 4553 5639 5638
f 4551 5640 5639
f 4551 5641 5640
f 4551 5639 4553
f 4549 5641 4551
f 4547 5642 5641
f 4547 5641 4549
f 4545 5642 4547
f 4545 5643 5642
f 4543 5643 4545
f 4543 5644 5643
f 4541 5644 4543
f 4541 5645 5644
f 4541 5646 5645
f 4539 5646 4541
f 4539 5647 5646
f 4537 5647 4539
f 4535 5647 4537
f 4535 5648 5647
f 4535 5649 5648
f 4533 5649 4535
f 4531 5649 4533
f 4531 5650 5649
f 4529 5651 5650
f 4529 5652 5651
f 4529 5650 4531
f 4525 5652 4529
f 4523 5653 5652
f 4523 5652 4525
f 4517 5654 5653
f 4517 5655 5654
f 4517 5653 4523
f 4514 5655 4517
f 4513 5656 5655
f 4513 5657 5656
f 4513 5655 4514
f 4510 5657 4513
f 4508 5658 5657
f 4508 5657 4510
f 4502 5659 5658
f 4502 5658 4508
f 4498 5660 5659
f 4498 5659 4502
f 4496 5661 5660
f 4496 5660 4498
f 4492 5662 5661
f 4492 5661 4496
f 4486 5663 5662
f 4486 5662 4492
f 4484 5664 5663
f 4484 5663 4486
f 4480 5665 5664
f 4480 5666 5665
f 4480 5664 4484
f 4476 5666 4480
f 4474 5666 4476
f 4474 5667 5666
f 4474 5668 5667
f 4473 5668 4474
f 4478 5668 4473
f 4478 5669 5668
f 4482 5669 4478
f 4482 5670 5669
f 4482 5671 5670
f 4488 5671 4482
f 4490 5672 5671
f 4490 5671 4488
f 4494 5673 5672
f 4494 5672 4490
f 4494 5674 5673
f 4500 5674 4494
f 4461 5675 5674
f 4461 5674 4500
f 4457 5676 5675
f 4457 5675 4461
f 4455 5677 5676
f 4455 5676 4457
f 4452 5678 5677
f 4452 5677 4455
f 4449 5679 5678
f 4449 5680 5679
f 4449 5678 4452
f 4445 5680 4449
f 4444 5681 5680
f 4444 5680 4445
f 4441 5682 5681
f 4441 5681 4444
f 4440 5683 5682
f 4440 5684 5683
f 4440 5682 4441
f 4437 5685 5684
f 4437 5684 4440
f 4435 5685 4437
f 4434 5686 5685
f 4434 5685 4435
f 4432 5687 5686
f 4432 5686 4434
f 4431 5688 5687
f 4431 5689 5688
f 4431 5687 4432
f 4433 5689 4431
f 4436 5690 5689
f 4436 5689 4433
f 4438 5691 5690
f 4438 5690 4436
f 4439 5692 5691
f 4439 5693 5692
f 4439 5691 4438
f 4442 5693 4439
f 4443 5693 4442
f 4443 5694 5693
f 4443 5695 5694
f 4447 5695 4443
f 4448 5695 4447
f 4448 5696 5695
f 4451 5696 4448
f 4451 5697 5696
f 4451 5698 5697
f 4454 5698 4451
f 4459 5698 4454
f 4459 5699 5698
f 4460 5699 4459
f 4460 5700 5699
f 4462 5700 4460
f 4462 5701 5700
f 4462 5702 5701
f 4463 5702 4462
f 4464 5702 4463
f 4464 5703 5702
f 4464 5704 5703
f 4465 5704 4464
f 4466 5704 4465
f 4466 5705 5704
f 4466 5706 5705
f 4467 5706 4466
f 4468 5707 5706
f 4468 5708 5707
f 4468 5706 4467
f 4469 5708 4468
f 4470 5709 5708
f 4470 5708 4469
f 4471 5710 5709
f 4471 5711 5710
f 4471 5709 4470
f 4666 5711 4471
f 4670 5712 5711
f 4670 5711 4666
f 4672 5713 5712
f 4672 5712 4670
f 4680 5714 5713
f 4680 5713 4672
f 4681 5715 5714
f 4681 5714 4680
f 4682 5716 5715
f 4682 5715 4681
f 4683 5717 5716
f 4683 5718 5717
f 4683 5716 4682
f 4684 5718 4683
f 4684 5635 5718
f 4676 5635 4684
f 4603 4901 4968
f 4607 4901 4603
f 4607 4885 4901
f 4430 4885 4607
f 4430 4886 4885
f 4429 4887 4886
f 4429 4886 4430
f 4428 4888 4887
f 4428 4887 4429
f 4426 4889 4888
f 4426 4888 4428
f 4425 4889 4426
f 4425 4890 4889
f 4427 4890 4425
f 4427 4891 4890
f 4419 4891 4427
f 4419 4892 4891
f 4418 4892 4419
f 4418 4893 4892
f 4420 4893 4418
f 4420 4894 4893
f 4421 4894 4420
f 4421 4895 4894
f 4422 4895 4421
f 4422 4896 4895
f 4423 4896 4422
f 4423 4897 4896
f 4424 4897 4423
f 4424 4898 4897
f 5719 5189 4899
f 4417 4899 4898
f 4417 4898 4424
f 4416 4899 4417
f 4401 5720 5719
f 4401 5719 4899
f 4401 4899 4416
f 4400 5721 5720
f 4400 5720 4401
f 4402 5722 5721
f 4402 5721 4400
f 4403 5723 5722
f 4403 5722 4402
f 4404 5724 5723
f 4404 5723 4403
f 4405 5725 5724
f 4405 5724 4404
f 4406 5726 5725
f 4406 5725 4405
f 4407 5727 5726
f 4407 5726 4406
f 4408 5728 5727
f 4408 5727 4407
f 4409 5729 5728
f 4409 5728 4408
f 4410 5730 5729
f 4410 5729 4409
f 4411 5731 5730
f 4411 5730 4410
f 4412 5732 5731
f 4412 5731 4411
f 4413 5733 5732
f 4413 5732 4412
f 4414 5733 4413
f 4414 5734 5733
f 4415 5734 4414
f 4415 5735 5734
f 4388 5735 4415
f 4388 5736 5735
f 4385 5736 4388
f 4385 5737 5736
f 4383 5737 4385
f 4383 5738 5737
f 4381 5739 5738
f 4381 5738 4383
f 4380 5740 5739
f 4380 5739 4381
f 4377 5741 5740
f 4377 5740 4380
f 4375 5742 5741
f 4375 5741 4377
f 4373 5743 5742
f 4373 5742 4375
f 4372 5744 5743
f 4372 5743 4373
f 4370 5745 5744
f 4370 5744 4372
f 4368 5746 5745
f 4368 5745 4370
f 4366 5747 5746
f 4366 5746 4368
f 4364 5748 5747
f 4364 5747 4366
f 4361 5749 5748
f 4361 5748 4364
f 4360 5750 5749
f 4360 5749 4361
f 4358 5751 5750
f 4358 5750 4360
f 4356 5752 5751
f 4356 5751 4358
f 4354 5753 5752
f 4354 5752 4356
f 4351 5754 5753
f 4351 5753 4354
f 4349 5755 5754
f 4349 5754 4351
f 4350 5756 5755
f 4350 5755 4349
f 4352 5757 5756
f 4352 5756 4350
f 4353 5758 5757
f 4353 5757 4352
f 4355 5758 4353
f 4355 5759 5758
f 4357 5759 4355
f 4357 5760 5759
f 4359 5760 4357
f 4359 5761 5760
f 4362 5761 4359
f 4362 5762 5761
f 4363 5762 4362
f 4363 5763 5762
f 4868 5193 5763
f 4365 5763 4363
f 4365 4868 5763
f 4367 4868 4365
f 4367 4866 4868
f 4369 4866 4367
f 4369 4869 4866
f 4371 4869 4369
f 4371 4870 4869
f 4374 4870 4371
f 4374 4871 4870
f 4376 4871 4374
f 4376 4872 4871
f 4378 4872 4376
f 4378 4873 4872
f 4379 4873 4378
f 4379 4874 4873
f 4382 4875 4874
f 4382 4874 4379
f 4384 4876 4875
f 4384 4875 4382
f 4386 4877 4876
f 4386 4876 4384
f 4387 4878 4877
f 4387 4877 4386
f 4389 4879 4878
f 4389 4878 4387
f 4391 4880 4879
f 4391 4879 4389
f 4392 4881 4880
f 4392 4880 4391
f 4394 4883 4881
f 4394 4881 4392
f 4396 4952 4883
f 4396 4883 4394
f 4398 4956 4952
f 4398 4952 4396
f 4519 4957 4956
f 4519 4956 4398
f 4521 4961 4957
f 4521 4957 4519
f 4527 4961 4521
f 4527 4962 4961
f 4596 4962 4527
f 4596 4963 4962
f 4599 4963 4596
f 4599 4967 4963
f 4603 4967 4599
f 4603 4968 4967
f 4706 5764 4679
f 4706 5765 5764
f 4707 5765 4706
f 4707 5766 5765
f 4646 5767 5766
f 4646 5766 4707
f 4644 5768 5767
f 4644 5767 4646
f 4644 5769 5768
f 4642 5769 4644
f 4640 5770 5769
f 4640 5769 4642
f 4638 5771 5770
f 4638 5770 4640
f 4636 5771 4638
f 4636 5772 5771
f 4634 5772 4636
f 4634 5773 5772
f 4632 5773 4634
f 4632 5774 5773
f 4630 5774 4632
f 4630 5775 5774
f 4627 5775 4630
f 4627 5776 5775
f 4627 5777 5776
f 4624 5777 4627
f 4624 5778 5777
f 4622 5778 4624
f 4618 5779 5780
f 4618 5778 4622
f 4618 5780 5778
f 4615 5781 5779
f 4615 5779 4618
f 4612 5781 4615
f 4609 5782 5781
f 4609 5783 5782
f 4609 5781 4612
f 4605 5783 4609
f 4601 5784 5783
f 4601 5783 4605
f 4594 5785 5784
f 4594 5786 5785
f 4594 5784 4601
f 4591 5787 5786
f 4591 5786 4594
f 4588 5787 4591
f 4584 5788 5787
f 4584 5789 5788
f 4584 5787 4588
f 4580 5789 4584
f 4578 5790 5789
f 4578 5789 4580
f 4572 5791 5790
f 4572 5792 5791
f 4572 5790 4578
f 4570 5792 4572
f 4564 5793 5792
f 4564 5794 5793
f 4564 5792 4570
f 4560 5794 4564
f 4559 5795 5794
f 4559 5794 4560
f 4562 5795 4559
f 4562 5796 5795
f 4562 5797 5796
f 4566 5797 4562
f 4568 5797 4566
f 4568 5798 5797
f 4574 5798 4568
f 4574 5799 5798
f 4574 5800 5799
f 4576 5800 4574
f 4582 5801 5800
f 4582 5800 4576
f 4586 5802 5801
f 4586 5801 4582
f 4526 5803 5802
f 4526 5802 4586
f 4520 5804 5803
f 4520 5803 4526
f 4518 5805 5804
f 4518 5804 4520
f 4515 5806 5805
f 4515 5805 4518
f 4511 5807 5806
f 4511 5806 4515
f 4505 5808 5807
f 4505 5807 4511
f 4503 5809 5808
f 4503 5808 4505
f 4499 5810 5809
f 4499 5811 5810
f 4499 5809 4503
f 4493 5811 4499
f 4489 5812 5811
f 4489 5813 5812
f 4489 5811 4493
f 4487 5814 5813
f 4487 5813 4489
f 4481 5814 4487
f 4477 5815 5814
f 4477 5816 5815
f 4477 5814 4481
f 4472 5816 4477
f 4475 5817 5816
f 4475 5816 4472
f 4479 5818 5817
f 4479 5819 5818
f 4479 5817 4475
f 4483 5820 5819
f 4483 5819 4479
f 4485 5820 4483
f 4491 5820 4485
f 4491 5821 5820
f 4491 5822 5821
f 4495 5822 4491
f 4497 5822 4495
f 4497 5823 5822
f 4497 5824 5823
f 4501 5824 4497
f 4507 5824 4501
f 4507 5825 5824
f 4509 5825 4507
f 4509 5826 5825
f 4512 5826 4509
f 4512 5827 5826
f 4516 5827 4512
f 4516 5828 5827
f 4516 5829 5828
f 4522 5829 4516
f 4524 5829 4522
f 4524 5830 5829
f 4524 5831 5830
f 4528 5831 4524
f 4530 5831 4528
f 4530 5832 5831
f 4532 5832 4530
f 4532 5833 5832
f 4534 5833 4532
f 4534 5834 5833
f 4536 5834 4534
f 4536 5835 5834
f 4538 5836 5835
f 4538 5835 4536
f 4540 5837 5836
f 4540 5836 4538
f 4542 5838 5837
f 4542 5837 4540
f 4544 5839 5838
f 4544 5838 4542
f 4546 5840 5839
f 4546 5839 4544
f 4548 5841 5840
f 4548 5840 4546
f 4550 5842 5841
f 4550 5841 4548
f 4552 5843 5842
f 4552 5842 4550
f 4554 5844 5843
f 4554 5843 4552
f 4556 5845 5844
f 4556 5846 5845
f 4556 5844 4554
f 4677 5846 4556
f 4678 5846 4677
f 4678 5847 5846
f 4678 5764 5847
f 4679 5764 4678
f 4700 5848 4699
f 4700 5849 5848
f 4701 5849 4700
f 4701 5850 5849
f 4701 5851 5850
f 4702 5851 4701
f 4703 5851 4702
f 4703 5852 5851
f 4704 5853 5852
f 4704 5854 5853
f 4704 5852 4703
f 4705 5854 4704
f 4709 5855 5854
f 4709 5854 4705
f 4711 5855 4709
f 4711 5856 5855
f 4713 5856 4711
f 4713 5857 5856
f 4732 5857 4713
f 4732 5858 5857
f 4732 5859 5858
f 4727 5859 4732
f 4727 5860 5859
f 4720 5860 4727
f 4719 5860 4720
f 4719 5861 5860
f 4719 5862 5861
f 4718 5862 4719
f 4717 5862 4718
f 4717 5863 5862
f 4716 5864 5863
f 4716 5865 5864
f 4716 5863 4717
f 4715 5865 4716
f 4714 5866 5865
f 4714 5865 4715
f 4696 5867 5866
f 4696 5868 5867
f 4696 5866 4714
f 4695 5868 4696
f 4694 5869 5868
f 4694 5870 5869
f 4694 5868 4695
f 4693 5870 4694
f 4692 5871 5870
f 4692 5870 4693
f 4691 5872 5871
f 4691 5871 4692
f 4690 5873 5872
f 4690 5872 4691
f 4689 5874 5873
f 4689 5873 4690
f 4688 5875 5874
f 4688 5874 4689
f 4687 5876 5875
f 4687 5875 4688
f 4686 5877 5876
f 4686 5876 4687
f 4650 5878 5877
f 4650 5879 5878
f 4650 5877 4686
f 4649 5879 4650
f 4648 5879 4649
f 4648 5880 5879
f 4648 5881 5880
f 4628 5881 4648
f 4625 5881 4628
f 4625 5882 5881
f 4620 5882 4625
f 4620 5883 5882
f 4620 5884 5883
f 4619 5884 4620
f 4616 5885 5884
f 4616 5884 4619
f 4613 5886 5885
f 4613 5885 4616
f 4613 5887 5886
f 4610 5887 4613
f 4606 5888 5887
f 4606 5887 4610
f 4602 5889 5888
f 4602 5888 4606
f 4598 5890 5889
f 4598 5889 4602
f 4595 5891 5890
f 4595 5890 4598
f 4592 5892 5891
f 4592 5893 5892
f 4592 5891 4595
f 4589 5893 4592
f 4585 5894 5893
f 4585 5893 4589
f 4581 5895 5894
f 4581 5894 4585
f 4575 5896 5895
f 4575 5897 5896
f 4575 5895 4581
f 4573 5898 5897
f 4573 5897 4575
f 4567 5898 4573
f 4565 5899 5898
f 4565 5898 4567
f 4561 5900 5899
f 4561 5899 4565
f 4558 5901 5900
f 4558 5902 5901
f 4558 5900 4561
f 4563 5902 4558
f 4569 5903 5902
f 4569 5902 4563
f 4571 5904 5903
f 4571 5903 4569
f 4577 5905 5904
f 4577 5906 5905
f 4577 5904 4571
f 4579 5906 4577
f 4583 5906 4579
f 4583 5907 5906
f 4583 5908 5907
f 4587 5908 4583
f 4590 5908 4587
f 4590 5909 5908
f 4593 5909 4590
f 4593 5910 5909
f 4593 5911 5910
f 4597 5911 4593
f 4600 5911 4597
f 4600 5912 5911
f 4604 5912 4600
f 4604 5913 5912
f 4608 5913 4604
f 4608 5914 5913
f 4608 5915 5914
f 4611 5915 4608
f 4614 5915 4611
f 4614 5916 5915
f 4614 5917 5916
f 4617 5917 4614
f 4621 5917 4617
f 4621 5918 5917
f 4621 5919 5918
f 4623 5919 4621
f 4626 5920 5919
f 4626 5921 5920
f 4626 5919 4623
f 4629 5921 4626
f 4631 5922 5921
f 4631 5921 4629
f 4633 5923 5922
f 4633 5924 5923
f 4633 5922 4631
f 4635 5924 4633
f 4637 5925 5924
f 4637 5924 4635
f 4639 5926 5925
f 4639 5925 4637
f 4641 5927 5926
f 4641 5926 4639
f 4643 5928 5927
f 4643 5927 4641
f 4645 5929 5928
f 4645 5928 4643
f 4647 5930 5929
f 4647 5931 5930
f 4647 5929 4645
f 4698 5931 4647
f 4698 5848 5931
f 4699 5848 4698
f 5932 4808 4807
f 5933 4808 5932
f 5933 4810 4808
f 5934 5932 5935
f 5934 5933 5932
f 5936 5935 5937
f 5936 5934 5935
f 5938 5937 5939
f 5938 5936 5937
f 5940 5939 5941
f 5940 5938 5939
f 5942 5941 5943
f 5942 5940 5941
f 5944 5943 5945
f 5944 5942 5943
f 5946 5945 5947
f 5946 5944 5945
f 5948 5947 5949
f 5948 5946 5947
f 5950 5949 5951
f 5950 5948 5949
f 5952 5951 5953
f 5952 5950 5951
f 5954 5953 5955
f 5954 5952 5953
f 5956 5955 5957
f 5956 5954 5955
f 5958 5956 5957
f 5958 5957 5959
f 5960 5959 5961
f 5960 5958 5959
f 5962 5961 5963
f 5962 5960 5961
f 5964 5962 5963
f 5964 5963 5965
f 5966 5965 5967
f 5966 5964 5965
f 5968 5967 5969
f 5968 5966 5967
f 5970 5968 5969
f 5970 5969 5971
f 5970 5971 5146
f 5970 5146 5147
f 5972 4813 4810
f 5972 4810 5933
f 5973 5972 5933
f 5973 5933 5934
f 5974 5973 5934
f 5974 5934 5936
f 5975 5936 5938
f 5975 5974 5936
f 5976 5938 5940
f 5976 5975 5938
f 5977 5940 5942
f 5977 5976 5940
f 5978 5977 5942
f 5978 5942 5944
f 5979 5944 5946
f 5979 5978 5944
f 5980 5946 5948
f 5980 5979 5946
f 5981 5980 5948
f 5981 5948 5950
f 5982 5950 5952
f 5982 5981 5950
f 5983 5982 5952
f 5983 5952 5954
f 5984 5954 5956
f 5984 5983 5954
f 5985 5984 5956
f 5985 5956 5958
f 5986 5958 5960
f 5986 5985 5958
f 5987 5986 5960
f 5987 5960 5962
f 5988 5987 5962
f 5988 5962 5964
f 5989 5964 5966
f 5989 5988 5964
f 5990 5966 5968
f 5990 5989 5966
f 5991 5147 5148
f 5991 5970 5147
f 5991 5968 5970
f 5991 5990 5968
f 5992 4815 4813
f 5992 4813 5972
f 5992 5972 5973
f 5993 5992 5973
f 5994 5973 5974
f 5994 5993 5973
f 5995 5994 5974
f 5995 5974 5975
f 5996 5995 5975
f 5996 5975 5976
f 5997 5976 5977
f 5997 5996 5976
f 5998 5978 5979
f 5998 5977 5978
f 5998 5997 5977
f 5999 5998 5979
f 6000 5999 5979
f 6000 5979 5980
f 6000 5980 5981
f 6001 6000 5981
f 6002 5981 5982
f 6002 6001 5981
f 6003 6002 5982
f 6003 5982 5983
f 6004 6003 5983
f 6004 5983 5984
f 6005 5984 5985
f 6005 5985 5986
f 6005 6004 5984
f 6006 6005 5986
f 6007 5986 5987
f 6007 6006 5986
f 6008 5987 5988
f 6008 5988 5989
f 6008 6007 5987
f 6009 6008 5989
f 6010 5990 5991
f 6010 5989 5990
f 6010 6009 5989
f 6011 5148 5150
f 6011 6010 5991
f 6011 5991 5148
f 6012 4817 4815
f 6012 4815 5992
f 6013 6012 5992
f 6013 5992 5993
f 6014 6013 5993
f 6014 5993 5994
f 6015 5994 5995
f 6015 6014 5994
f 6016 5995 5996
f 6016 5996 5997
f 6016 6015 5995
f 6017 6016 5997
f 6018 5997 5998
f 6018 6017 5997
f 6019 5998 5999
f 6019 6018 5998
f 6020 5999 6000
f 6020 6019 5999
f 6021 6000 6001
f 6021 6020 6000
f 6022 6021 6001
f 6022 6001 6002
f 6023 6022 6002
f 6023 6002 6003
f 6024 6003 6004
f 6024 6023 6003
f 6025 6024 6004
f 6025 6004 6005
f 6026 6025 6005
f 6026 6005 6006
f 6027 6026 6006
f 6027 6006 6007
f 6028 6027 6007
f 6028 6007 6008
f 6029 6008 6009
f 6029 6028 6008
f 6030 6029 6009
f 6030 6009 6010
f 6031 5150 5154
f 6031 6010 6011
f 6031 6030 6010
f 6031 6011 5150
f 6032 4818 4817
f 6032 4821 4818
f 6032 4817 6012
f 6033 6012 6013
f 6033 6032 6012
f 6034 6033 6013
f 6034 6013 6014
f 6035 6014 6015
f 6035 6034 6014
f 6036 6015 6016
f 6036 6035 6015
f 6037 6036 6016
f 6037 6016 6017
f 6038 6037 6017
f 6038 6017 6018
f 6039 6019 6020
f 6039 6018 6019
f 6039 6038 6018
f 6040 6039 6020
f 6041 6040 6020
f 6041 6020 6021
f 6042 6021 6022
f 6042 6041 6021
f 6043 6023 6024
f 6043 6042 6022
f 6043 6022 6023
f 6044 6043 6024
f 6045 6044 6024
f 6045 6024 6025
f 6046 6026 6027
f 6046 6025 6026
f 6046 6045 6025
f 6047 6046 6027
f 6048 6027 6028
f 6048 6028 6029
f 6048 6047 6027
f 6049 6029 6030
f 6049 6048 6029
f 6050 6049 6030
f 6051 6050 6030
f 6051 5154 5155
f 6051 6030 6031
f 6051 6031 5154
f 6052 4821 6032
f 6053 6032 6033
f 6053 6052 6032
f 6054 6034 6035
f 6054 6053 6033
f 6054 6033 6034
f 6055 6054 6035
f 6056 6055 6035
f 6056 6035 6036
f 6057 6056 6036
f 6057 6036 6037
f 6058 6037 6038
f 6058 6057 6037
f 6058 6038 6039
f 6059 6058 6039
f 6060 6059 6039
f 6060 6039 6040
f 6061 6060 6040
f 6061 6040 6041
f 6062 6061 6041
f 6062 6041 6042
f 6063 6042 6043
f 6063 6062 6042
f 6064 6063 6043
f 6064 6043 6044
f 6064 6044 6045
f 6065 6064 6045
f 6065 6045 6046
f 6066 6065 6046
f 6067 6047 6048
f 6067 6046 6047
f 6067 6066 6046
f 6068 6048 6049
f 6068 6067 6048
f 6069 6049 6050
f 6069 6068 6049
f 6070 6069 6050
f 6071 6050 6051
f 6071 5155 5156
f 6071 6051 5155
f 6071 6070 6050
f 6072 4822 4821
f 6072 4821 6052
f 6073 6052 6053
f 6073 6072 6052
f 6074 6053 6054
f 6074 6073 6053
f 6075 6054 6055
f 6075 6055 6056
f 6075 6074 6054
f 6076 6075 6056
f 6077 6056 6057
f 6077 6076 6056
f 6078 6057 6058
f 6078 6077 6057
f 6079 6058 6059
f 6079 6078 6058
f 6080 6059 6060
f 6080 6079 6059
f 6081 6060 6061
f 6081 6080 6060
f 6082 6061 6062
f 6082 6081 6061
f 6083 6062 6063
f 6083 6082 6062
f 6084 6083 6063
f 6084 6063 6064
f 6085 6084 6064
f 6085 6064 6065
f 6086 6085 6065
f 6086 6065 6066
f 6087 6086 6066
f 6087 6066 6067
f 6088 6087 6067
f 6088 6067 6068
f 6089 6088 6068
f 6089 6068 6069
f 6090 6089 6069
f 6090 6069 6070
f 6091 6071 5156
f 6091 6090 6070
f 6091 5156 5157
f 6091 6070 6071
f 6092 4822 6072
f 6092 4825 4822
f 6093 6072 6073
f 6093 6092 6072
f 6094 6093 6073
f 6094 6073 6074
f 6095 6074 6075
f 6095 6094 6074
f 6096 6075 6076
f 6096 6095 6075
f 6097 6096 6076
f 6097 6076 6077
f 6098 6078 6079
f 6098 6097 6077
f 6098 6077 6078
f 6099 6098 6079
f 6100 6099 6079
f 6100 6079 6080
f 6101 6100 6080
f 6101 6080 6081
f 6102 6101 6081
f 6102 6081 6082
f 6103 6082 6083
f 6103 6102 6082
f 6104 6084 6085
f 6104 6103 6083
f 6104 6083 6084
f 6105 6104 6085
f 6106 6085 6086
f 6106 6105 6085
f 6107 6086 6087
f 6107 6106 6086
f 6108 6087 6088
f 6108 6107 6087
f 6109 6108 6088
f 6109 6088 6089
f 6110 6089 6090
f 6110 6109 6089
f 6111 6091 5157
f 6111 5157 5158
f 6111 6090 6091
f 6111 6110 6090
f 6112 4826 4825
f 6112 4825 6092
f 6113 6092 6093
f 6113 6112 6092
f 6114 6093 6094
f 6114 6113 6093
f 6115 6094 6095
f 6115 6114 6094
f 6116 6095 6096
f 6116 6115 6095
f 6117 6096 6097
f 6117 6116 6096
f 6118 6097 6098
f 6118 6117 6097
f 6119 6098 6099
f 6119 6099 6100
f 6119 6118 6098
f 6120 6100 6101
f 6120 6119 6100
f 6121 6120 6101
f 6122 6121 6101
f 6122 6101 6102
f 6123 6122 6102
f 6123 6102 6103
f 6123 6103 6104
f 6124 6123 6104
f 6125 6124 6104
f 6125 6104 6105
f 6126 6105 6106
f 6126 6106 6107
f 6126 6125 6105
f 6127 6126 6107
f 6127 6107 6108
f 6128 6127 6108
f 6129 6128 6108
f 6129 6108 6109
f 6130 6129 6109
f 6130 6109 6110
f 6130 6110 6111
f 6131 6111 5158
f 6131 5158 5159
f 6131 6130 6111
f 6132 4827 4826
f 6132 4826 6112
f 6133 6112 6113
f 6133 6132 6112
f 6134 6133 6113
f 6134 6113 6114
f 6135 6134 6114
f 6135 6114 6115
f 6136 6116 6117
f 6136 6135 6115
f 6136 6115 6116
f 6137 6136 6117
f 6138 6117 6118
f 6138 6137 6117
f 6139 6119 6120
f 6139 6118 6119
f 6139 6138 6118
f 6140 6139 6120
f 6141 6120 6121
f 6141 6140 6120
f 6142 6121 6122
f 6142 6141 6121
f 6143 6122 6123
f 6143 6142 6122
f 6144 6123 6124
f 6144 6143 6123
f 6145 6124 6125
f 6145 6144 6124
f 6146 6125 6126
f 6146 6126 6127
f 6146 6145 6125
f 6147 6127 6128
f 6147 6146 6127
f 6148 6147 6128
f 6149 6128 6129
f 6149 6148 6128
f 6150 6129 6130
f 6150 6149 6129
f 6151 6150 6130
f 6151 5159 5160
f 6151 6131 5159
f 6151 6130 6131
f 6152 4828 4827
f 6152 6132 6133
f 6152 4827 6132
f 6153 6152 6133
f 6154 6134 6135
f 6154 6153 6133
f 6154 6133 6134
f 6155 6154 6135
f 6155 6135 6136
f 6156 6155 6136
f 6157 6156 6136
f 6157 6137 6138
f 6157 6136 6137
f 6158 6157 6138
f 6159 6158 6138
f 6159 6138 6139
f 6160 6159 6139
f 6160 6139 6140
f 6160 6140 6141
f 6161 6160 6141
f 6162 6141 6142
f 6162 6161 6141
f 6163 6162 6142
f 6163 6142 6143
f 6163 6143 6144
f 6164 6163 6144
f 6165 6144 6145
f 6165 6164 6144
f 6165 6145 6146
f 6166 6165 6146
f 6167 6166 6146
f 6167 6146 6147
f 6168 6167 6147
f 6168 6147 6148
f 6169 6148 6149
f 6169 6168 6148
f 6170 6149 6150
f 6170 6150 6151
f 6170 6169 6149
f 6171 6151 5160
f 6171 5160 5161
f 6171 6170 6151
f 6172 4829 4828
f 6172 4828 6152
f 6173 6152 6153
f 6173 6172 6152
f 6174 6153 6154
f 6174 6173 6153
f 6175 6154 6155
f 6175 6174 6154
f 6176 6155 6156
f 6176 6175 6155
f 6177 6176 6156
f 6177 6156 6157
f 6178 6177 6157
f 6178 6157 6158
f 6178 6158 6159
f 6179 6178 6159
f 6180 6159 6160
f 6180 6160 6161
f 6180 6179 6159
f 6181 6180 6161
f 6182 6161 6162
f 6182 6181 6161
f 6183 6162 6163
f 6183 6163 6164
f 6183 6182 6162
f 6184 6183 6164
f 6185 6184 6164
f 6185 6164 6165
f 6185 6165 6166
f 6186 6185 6166
f 6187 6186 6166
f 6187 6166 6167
f 6188 6187 6167
f 6188 6167 6168
f 6188 6168 6169
f 6189 6188 6169
f 6190 6189 6169
f 6190 6169 6170
f 6190 6170 6171
f 6191 6190 6171
f 6191 5161 5162
f 6191 5162 5163
f 6191 6171 5161
f 6192 4823 4829
f 6192 4829 6172
f 6193 6172 6173
f 6193 6192 6172
f 6194 6173 6174
f 6194 6193 6173
f 6195 6194 6174
f 6195 6174 6175
f 6196 6195 6175
f 6196 6175 6176
f 6197 6196 6176
f 6197 6176 6177
f 6198 6197 6177
f 6198 6177 6178
f 6199 6198 6178
f 6199 6178 6179
f 6200 6199 6179
f 6200 6179 6180
f 6201 6200 6180
f 6201 6180 6181
f 6202 6201 6181
f 6202 6181 6182
f 6203 6202 6182
f 6203 6182 6183
f 6204 6203 6183
f 6204 6183 6184
f 6205 6184 6185
f 6205 6204 6184
f 6206 6185 6186
f 6206 6205 6185
f 6207 6186 6187
f 6207 6206 6186
f 6208 6207 6187
f 6208 6187 6188
f 6209 6188 6189
f 6209 6208 6188
f 6210 6189 6190
f 6210 6209 6189
f 6211 6210 6190
f 6211 6190 6191
f 6211 6191 5163
f 6212 4824 4823
f 6212 4823 6192
f 6213 6192 6193
f 6213 6212 6192
f 6214 6213 6193
f 6214 6193 6194
f 6215 6194 6195
f 6215 6195 6196
f 6215 6214 6194
f 6216 6215 6196
f 6217 6196 6197
f 6217 6197 6198
f 6217 6216 6196
f 6218 6217 6198
f 6219 6218 6198
f 6219 6198 6199
f 6220 6199 6200
f 6220 6200 6201
f 6220 6219 6199
f 6221 6220 6201
f 6222 6221 6201
f 6222 6201 6202
f 6223 6202 6203
f 6223 6203 6204
f 6223 6222 6202
f 6224 6223 6204
f 6225 6224 6204
f 6225 6204 6205
f 6225 6205 6206
f 6226 6225 6206
f 6226 6206 6207
f 6227 6226 6207
f 6228 6227 6207
f 6228 6207 6208
f 6228 6208 6209
f 6229 6228 6209
f 6229 6209 6210
f 6230 6229 6210
f 6231 6230 6210
f 6231 5163 5164
f 6231 6210 6211
f 6231 6211 5163
f 6232 4824 6212
f 6232 4820 4824
f 6232 4819 4820
f 6232 6212 6213
f 6233 6232 6213
f 6234 6214 6215
f 6234 6233 6213
f 6234 6213 6214
f 6235 6234 6215
f 6236 6215 6216
f 6236 6235 6215
f 6237 6216 6217
f 6237 6236 6216
f 6237 6217 6218
f 6238 6237 6218
f 6239 6218 6219
f 6239 6238 6218
f 6240 6219 6220
f 6240 6220 6221
f 6240 6239 6219
f 6241 6240 6221
f 6242 6221 6222
f 6242 6241 6221
f 6243 6222 6223
f 6243 6223 6224
f 6243 6242 6222
f 6244 6243 6224
f 6245 6225 6226
f 6245 6224 6225
f 6245 6244 6224
f 6246 6245 6226
f 6247 6226 6227
f 6247 6246 6226
f 6248 6227 6228
f 6248 6228 6229
f 6248 6247 6227
f 6249 6229 6230
f 6249 6248 6229
f 6250 6249 6230
f 6251 5164 5165
f 6251 6250 6230
f 6251 6230 6231
f 6251 6231 5164
f 6252 4819 6232
f 6253 6252 6232
f 6253 6232 6233
f 6253 6233 6234
f 6254 6253 6234
f 6255 6254 6234
f 6255 6235 6236
f 6255 6234 6235
f 6256 6255 6236
f 6257 6236 6237
f 6257 6256 6236
f 6258 6257 6237
f 6258 6237 6238
f 6259 6258 6238
f 6259 6238 6239
f 6260 6259 6239
f 6260 6239 6240
f 6261 6260 6240
f 6261 6241 6242
f 6261 6240 6241
f 6262 6261 6242
f 6263 6242 6243
f 6263 6243 6244
f 6263 6262 6242
f 6264 6263 6244
f 6265 6264 6244
f 6265 6244 6245
f 6266 6245 6246
f 6266 6265 6245
f 6267 6266 6246
f 6267 6246 6247
f 6267 6247 6248
f 6268 6267 6248
f 6269 6268 6248
f 6269 6248 6249
f 6270 6249 6250
f 6270 6269 6249
f 6271 6251 5165
f 6271 6250 6251
f 6271 5165 5166
f 6271 6270 6250
f 6272 4819 6252
f 6272 4816 4819
f 6273 6252 6253
f 6273 6272 6252
f 6274 6253 6254
f 6274 6273 6253
f 6275 6254 6255
f 6275 6274 6254
f 6276 6255 6256
f 6276 6275 6255
f 6277 6256 6257
f 6277 6276 6256
f 6278 6257 6258
f 6278 6258 6259
f 6278 6277 6257
f 6279 6259 6260
f 6279 6278 6259
f 6280 6279 6260
f 6281 6260 6261
f 6281 6280 6260
f 6282 6281 6261
f 6282 6261 6262
f 6282 6262 6263
f 6283 6263 6264
f 6283 6282 6263
f 6284 6264 6265
f 6284 6283 6264
f 6285 6284 6265
f 6286 6285 6265
f 6286 6265 6266
f 6286 6266 6267
f 6287 6286 6267
f 6287 6267 6268
f 6288 6287 6268
f 6289 6288 6268
f 6289 6268 6269
f 6289 6269 6270
f 6290 6289 6270
f 6291 6290 6270
f 6291 5166 5167
f 6291 6271 5166
f 6291 6270 6271
f 6292 4814 4816
f 6292 4812 4814
f 6292 4816 6272
f 6293 6272 6273
f 6293 6292 6272
f 6294 6293 6273
f 6294 6273 6274
f 6295 6274 6275
f 6295 6275 6276
f 6295 6294 6274
f 6296 6295 6276
f 6297 6296 6276
f 6297 6276 6277
f 6298 6297 6277
f 6298 6277 6278
f 6299 6298 6278
f 6299 6278 6279
f 6300 6299 6279
f 6300 6279 6280
f 6301 6300 6280
f 6301 6280 6281
f 6302 6301 6281
f 6302 6281 6282
f 6303 6302 6282
f 6303 6282 6283
f 6304 6283 6284
f 6304 6303 6283
f 6305 6284 6285
f 6305 6304 6284
f 6306 6285 6286
f 6306 6305 6285
f 6307 6286 6287
f 6307 6306 6286
f 6308 6307 6287
f 6308 6287 6288
f 6309 6308 6288
f 6309 6288 6289
f 6310 6289 6290
f 6310 6309 6289
f 6311 6290 6291
f 6311 5167 5169
f 6311 5169 5168
f 6311 6291 5167
f 6311 6310 6290
f 6312 4812 6292
f 6313 6312 6292
f 6313 6292 6293
f 6314 6293 6294
f 6314 6313 6293
f 6315 6314 6294
f 6315 6294 6295
f 6316 6295 6296
f 6316 6315 6295
f 6317 6316 6296
f 6317 6296 6297
f 6318 6297 6298
f 6318 6317 6297
f 6319 6298 6299
f 6319 6318 6298
f 6320 6299 6300
f 6320 6319 6299
f 6321 6300 6301
f 6321 6320 6300
f 6322 6321 6301
f 6322 6301 6302
f 6322 6302 6303
f 6323 6322 6303
f 6324 6323 6303
f 6324 6303 6304
f 6325 6324 6304
f 6325 6304 6305
f 6326 6325 6305
f 6326 6305 6306
f 6327 6326 6306
f 6327 6306 6307
f 6328 6327 6307
f 6328 6307 6308
f 6329 6328 6308
f 6329 6308 6309
f 6330 6329 6309
f 6330 6309 6310
f 6331 6330 6310
f 6331 6311 5168
f 6331 6310 6311
f 6332 4812 6312
f 6332 4811 4812
f 6332 4809 4811
f 6332 6312 6313
f 6333 6332 6313
f 6334 6333 6313
f 6334 6313 6314
f 6335 6334 6314
f 6335 6314 6315
f 6335 6315 6316
f 6336 6335 6316
f 6337 6336 6316
f 6337 6316 6317
f 6338 6337 6317
f 6338 6317 6318
f 6339 6338 6318
f 6339 6318 6319
f 6340 6319 6320
f 6340 6339 6319
f 6341 6320 6321
f 6341 6321 6322
f 6341 6340 6320
f 6342 6341 6322
f 6343 6342 6322
f 6343 6322 6323
f 6344 6343 6323
f 6344 6323 6324
f 6345 6324 6325
f 6345 6344 6324
f 6346 6325 6326
f 6346 6345 6325
f 6347 6326 6327
f 6347 6327 6328
f 6347 6346 6326
f 6348 6347 6328
f 6349 6328 6329
f 6349 6329 6330
f 6349 6348 6328
f 6350 6349 6330
f 6351 6350 6330
f 6351 6330 6331
f 6351 6331 5168
f 6351 5168 5170
f 6352 4809 6332
f 6353 6333 6334
f 6353 6332 6333
f 6353 6352 6332
f 6354 6334 6335
f 6354 6353 6334
f 6355 6354 6335
f 6356 6355 6335
f 6356 6335 6336
f 6357 6356 6336
f 6357 6337 6338
f 6357 6336 6337
f 6358 6357 6338
f 6358 6338 6339
f 6359 6358 6339
f 6360 6359 6339
f 6360 6339 6340
f 6360 6340 6341
f 6361 6360 6341
f 6362 6361 6341
f 6362 6341 6342
f 6363 6342 6343
f 6363 6343 6344
f 6363 6362 6342
f 6364 6363 6344
f 6365 6364 6344
f 6365 6344 6345
f 6366 6365 6345
f 6366 6345 6346
f 6366 6346 6347
f 6367 6366 6347
f 6368 6367 6347
f 6368 6347 6348
f 6368 6348 6349
f 6369 6368 6349
f 6370 6369 6349
f 6370 6349 6350
f 6370 6350 6351
f 6371 6351 5170
f 6371 5170 5171
f 6371 6370 6351
f 6372 4809 6352
f 6372 4806 4809
f 6372 4804 4806
f 6373 6352 6353
f 6373 6372 6352
f 6374 6353 6354
f 6374 6373 6353
f 6375 6354 6355
f 6375 6374 6354
f 6376 6375 6355
f 6376 6355 6356
f 6377 6356 6357
f 6377 6376 6356
f 6378 6357 6358
f 6378 6377 6357
f 6379 6358 6359
f 6379 6378 6358
f 6380 6359 6360
f 6380 6379 6359
f 6381 6360 6361
f 6381 6380 6360
f 6382 6361 6362
f 6382 6381 6361
f 6383 6362 6363
f 6383 6382 6362
f 6384 6363 6364
f 6384 6383 6363
f 6385 6364 6365
f 6385 6384 6364
f 6386 6365 6366
f 6386 6385 6365
f 6387 6386 6366
f 6387 6366 6367
f 6388 6387 6367
f 6388 6367 6368
f 6389 6388 6368
f 6389 6368 6369
f 6390 6389 6369
f 6390 6369 6370
f 6391 6390 6370
f 6391 5171 5172
f 6391 5172 5173
f 6391 6371 5171
f 6391 6370 6371
f 6392 4804 6372
f 6393 6372 6373
f 6393 6392 6372
f 6394 6393 6373
f 6394 6373 6374
f 6395 6394 6374
f 6395 6374 6375
f 6396 6375 6376
f 6396 6395 6375
f 6397 6396 6376
f 6397 6376 6377
f 6397 6377 6378
f 6398 6397 6378
f 6399 6398 6378
f 6399 6378 6379
f 6400 6399 6379
f 6400 6379 6380
f 6401 6400 6380
f 6401 6380 6381
f 6402 6401 6381
f 6402 6382 6383
f 6402 6381 6382
f 6403 6402 6383
f 6404 6403 6383
f 6404 6383 6384
f 6405 6384 6385
f 6405 6404 6384
f 6406 6405 6385
f 6406 6385 6386
f 6407 6386 6387
f 6407 6406 6386
f 6408 6387 6388
f 6408 6407 6387
f 6409 6408 6388
f 6409 6388 6389
f 6410 6409 6389
f 6410 6389 6390
f 6411 6410 6390
f 6411 6391 5173
f 6411 6390 6391
f 6412 4802 4804
f 6412 4804 6392
f 6413 6412 6392
f 6413 6392 6393
f 6414 6393 6394
f 6414 6394 6395
f 6414 6413 6393
f 6415 6414 6395
f 6416 6395 6396
f 6416 6415 6395
f 6417 6397 6398
f 6417 6396 6397
f 6417 6416 6396
f 6418 6398 6399
f 6418 6417 6398
f 6419 6418 6399
f 6420 6419 6399
f 6420 6399 6400
f 6420 6400 6401
f 6421 6420 6401
f 6422 6421 6401
f 6422 6401 6402
f 6423 6422 6402
f 6423 6402 6403
f 6423 6403 6404
f 6424 6423 6404
f 6425 6404 6405
f 6425 6405 6406
f 6425 6424 6404
f 6426 6406 6407
f 6426 6425 6406
f 6427 6426 6407
f 6428 6427 6407
f 6428 6407 6408
f 6429 6428 6408
f 6429 6408 6409
f 6429 6409 6410
f 6430 6429 6410
f 6430 6410 6411
f 6431 6430 6411
f 6431 5173 5174
f 6431 5174 5175
f 6431 6411 5173
f 6432 4800 4802
f 6432 4802 6412
f 6433 6412 6413
f 6433 6432 6412
f 6434 6433 6413
f 6434 6413 6414
f 6435 6434 6414
f 6435 6414 6415
f 6436 6435 6415
f 6436 6415 6416
f 6437 6436 6416
f 6437 6416 6417
f 6438 6437 6417
f 6438 6417 6418
f 6439 6418 6419
f 6439 6438 6418
f 6440 6419 6420
f 6440 6439 6419
f 6441 6420 6421
f 6441 6440 6420
f 6442 6421 6422
f 6442 6422 6423
f 6442 6441 6421
f 6443 6442 6423
f 6444 6423 6424
f 6444 6443 6423
f 6445 6424 6425
f 6445 6444 6424
f 6446 6445 6425
f 6446 6425 6426
f 6447 6426 6427
f 6447 6446 6426
f 6448 6427 6428
f 6448 6447 6427
f 6449 6428 6429
f 6449 6448 6428
f 6450 6429 6430
f 6450 6449 6429
f 6451 6431 5175
f 6451 6450 6430
f 6451 6430 6431
f 6452 4798 4800
f 6452 4797 4798
f 6452 4800 6432
f 6453 6432 6433
f 6453 6452 6432
f 6454 6433 6434
f 6454 6434 6435
f 6454 6453 6433
f 6455 6454 6435
f 6456 6455 6435
f 6456 6435 6436
f 6457 6456 6436
f 6457 6436 6437
f 6457 6437 6438
f 6458 6457 6438
f 6459 6458 6438
f 6459 6438 6439
f 6460 6439 6440
f 6460 6459 6439
f 6461 6460 6440
f 6461 6440 6441
f 6462 6441 6442
f 6462 6461 6441
f 6463 6462 6442
f 6463 6442 6443
f 6464 6463 6443
f 6464 6443 6444
f 6465 6464 6444
f 6465 6444 6445
f 6466 6445 6446
f 6466 6465 6445
f 6467 6466 6446
f 6467 6446 6447
f 6468 6467 6447
f 6468 6447 6448
f 6469 6468 6448
f 6469 6448 6449
f 6470 6469 6449
f 6470 6449 6450
f 6471 5175 5176
f 6471 5176 5177
f 6471 6470 6450
f 6471 6451 5175
f 6471 6450 6451
f 6472 4797 6452
f 6473 6452 6453
f 6473 6453 6454
f 6473 6472 6452
f 6474 6473 6454
f 6475 6454 6455
f 6475 6474 6454
f 6476 6455 6456
f 6476 6475 6455
f 6477 6456 6457
f 6477 6476 6456
f 6478 6457 6458
f 6478 6477 6457
f 6479 6458 6459
f 6479 6459 6460
f 6479 6478 6458
f 6480 6460 6461
f 6480 6479 6460
f 6481 6480 6461
f 6482 6481 6461
f 6482 6461 6462
f 6483 6462 6463
f 6483 6463 6464
f 6483 6482 6462
f 6484 6483 6464
f 6484 6464 6465
f 6485 6484 6465
f 6486 6465 6466
f 6486 6466 6467
f 6486 6485 6465
f 6487 6486 6467
f 6488 6487 6467
f 6488 6467 6468
f 6489 6488 6468
f 6489 6468 6469
f 6489 6469 6470
f 6490 6489 6470
f 6490 6470 6471
f 6491 6490 6471
f 6491 6471 5177
f 6492 4797 6472
f 6492 4794 4797
f 6492 4792 4794
f 6493 6472 6473
f 6493 6492 6472
f 6494 6473 6474
f 6494 6493 6473
f 6495 6474 6475
f 6495 6494 6474
f 6496 6495 6475
f 6496 6475 6476
f 6497 6476 6477
f 6497 6477 6478
f 6497 6496 6476
f 6498 6497 6478
f 6499 6498 6478
f 6499 6478 6479
f 6500 6499 6479
f 6500 6479 6480
f 6501 6500 6480
f 6501 6480 6481
f 6502 6501 6481
f 6502 6482 6483
f 6502 6481 6482
f 6503 6502 6483
f 6504 6503 6483
f 6504 6483 6484
f 6505 6504 6484
f 6505 6484 6485
f 6506 6485 6486
f 6506 6505 6485
f 6507 6506 6486
f 6507 6486 6487
f 6508 6487 6488
f 6508 6507 6487
f 6509 6488 6489
f 6509 6508 6488
f 6510 6489 6490
f 6510 6509 6489
f 6511 6490 6491
f 6511 6491 5177
f 6511 5177 5178
f 6511 6510 6490
f 6512 4792 6492
f 6513 6512 6492
f 6513 6492 6493
f 6514 6493 6494
f 6514 6494 6495
f 6514 6513 6493
f 6515 6514 6495
f 6516 6495 6496
f 6516 6515 6495
f 6517 6496 6497
f 6517 6516 6496
f 6518 6497 6498
f 6518 6517 6497
f 6519 6498 6499
f 6519 6518 6498
f 6520 6499 6500
f 6520 6519 6499
f 6521 6500 6501
f 6521 6520 6500
f 6522 6521 6501
f 6522 6501 6502
f 6522 6502 6503
f 6523 6522 6503
f 6524 6523 6503
f 6524 6503 6504
f 6525 6504 6505
f 6525 6524 6504
f 6526 6525 6505
f 6526 6505 6506
f 6527 6526 6506
f 6527 6506 6507
f 6528 6527 6507
f 6528 6507 6508
f 6529 6528 6508
f 6529 6508 6509
f 6530 6529 6509
f 6530 6509 6510
f 6530 6510 6511
f 6531 6530 6511
f 6531 5178 5179
f 6531 6511 5178
f 6532 4790 4792
f 6532 4792 6512
f 6533 6532 6512
f 6533 6512 6513
f 6533 6513 6514
f 6534 6533 6514
f 6535 6514 6515
f 6535 6534 6514
f 6536 6535 6515
f 6536 6515 6516
f 6536 6516 6517
f 6537 6536 6517
f 6537 6517 6518
f 6538 6537 6518
f 6539 6518 6519
f 6539 6519 6520
f 6539 6538 6518
f 6540 6520 6521
f 6540 6539 6520
f 6541 6540 6521
f 6542 6521 6522
f 6542 6522 6523
f 6542 6541 6521
f 6543 6542 6523
f 6544 6523 6524
f 6544 6524 6525
f 6544 6543 6523
f 6545 6525 6526
f 6545 6544 6525
f 6546 6545 6526
f 6547 6526 6527
f 6547 6527 6528
f 6547 6546 6526
f 6548 6547 6528
f 6548 6528 6529
f 6549 6529 6530
f 6549 6548 6529
f 6550 6549 6530
f 6551 6550 6530
f 6551 6530 6531
f 6551 6531 5179
f 6551 5179 5180
f 6551 5180 5181
f 6552 6532 6533
f 6552 4788 4790
f 6552 4790 6532
f 6553 6552 6533
f 6554 6533 6534
f 6554 6553 6533
f 6555 6554 6534
f 6555 6534 6535
f 6556 6555 6535
f 6556 6535 6536
f 6557 6556 6536
f 6557 6536 6537
f 6558 6537 6538
f 6558 6557 6537
f 6559 6538 6539
f 6559 6558 6538
f 6560 6559 6539
f 6560 6539 6540
f 6561 6560 6540
f 6561 6540 6541
f 6562 6561 6541
f 6562 6541 6542
f 6563 6562 6542
f 6563 6542 6543
f 6564 6563 6543
f 6564 6543 6544
f 6565 6564 6544
f 6565 6544 6545
f 6566 6565 6545
f 6566 6545 6546
f 6567 6566 6546
f 6567 6546 6547
f 6568 6567 6547
f 6568 6547 6548
f 6569 6568 6548
f 6569 6548 6549
f 6570 6569 6549
f 6570 6549 6550
f 6571 6570 6550
f 6571 6550 6551
f 6571 6551 5181
f 6572 4788 6552
f 6572 4786 4788
f 6573 6553 6554
f 6573 6572 6552
f 6573 6552 6553
f 6574 6573 6554
f 6575 6574 6554
f 6575 6554 6555
f 6576 6555 6556
f 6576 6556 6557
f 6576 6575 6555
f 6577 6576 6557
f 6577 6557 6558
f 6578 6577 6558
f 6579 6558 6559
f 6579 6578 6558
f 6580 6559 6560
f 6580 6579 6559
f 6581 6560 6561
f 6581 6580 6560
f 6582 6561 6562
f 6582 6581 6561
f 6583 6562 6563
f 6583 6582 6562
f 6584 6563 6564
f 6584 6583 6563
f 6585 6584 6564
f 6585 6564 6565
f 6586 6565 6566
f 6586 6585 6565
f 6587 6566 6567
f 6587 6586 6566
f 6588 6567 6568
f 6588 6587 6567
f 6589 6588 6568
f 6589 6568 6569
f 6590 6589 6569
f 6590 6569 6570
f 6591 6590 6570
f 6591 6570 6571
f 6591 6571 5181
f 6591 5181 5182
f 6592 4784 4786
f 6592 4786 6572
f 6593 6572 6573
f 6593 6592 6572
f 6594 6593 6573
f 6594 6573 6574
f 6595 6594 6574
f 6595 6574 6575
f 6596 6575 6576
f 6596 6595 6575
f 6597 6576 6577
f 6597 6596 6576
f 6598 6597 6577
f 6598 6577 6578
f 6599 6578 6579
f 6599 6598 6578
f 6600 6599 6579
f 6600 6579 6580
f 6600 6580 6581
f 6601 6600 6581
f 6602 6601 6581
f 6602 6581 6582
f 6603 6602 6582
f 6603 6582 6583
f 6604 6603 6583
f 6604 6583 6584
f 6605 6604 6584
f 6605 6584 6585
f 6606 6605 6585
f 6606 6585 6586
f 6607 6586 6587
f 6607 6606 6586
f 6608 6588 6589
f 6608 6587 6588
f 6608 6607 6587
f 6609 6589 6590
f 6609 6608 6589
f 6610 6609 6590
f 6611 6610 6590
f 6611 6590 6591
f 6611 6591 5182
f 6611 5182 5183
f 6611 5183 5184
f 6612 4782 4784
f 6612 4784 6592
f 6613 6612 6592
f 6613 6592 6593
f 6614 6593 6594
f 6614 6594 6595
f 6614 6613 6593
f 6615 6614 6595
f 6616 6615 6595
f 6616 6595 6596
f 6617 6616 6596
f 6617 6596 6597
f 6617 6597 6598
f 6618 6617 6598
f 6619 6598 6599
f 6619 6618 6598
f 6620 6599 6600
f 6620 6619 6599
f 6621 6600 6601
f 6621 6620 6600
f 6622 6621 6601
f 6622 6601 6602
f 6623 6602 6603
f 6623 6622 6602
f 6624 6623 6603
f 6624 6603 6604
f 6625 6604 6605
f 6625 6624 6604
f 6626 6625 6605
f 6626 6605 6606
f 6627 6606 6607
f 6627 6626 6606
f 6628 6627 6607
f 6628 6607 6608
f 6629 6628 6608
f 6629 6608 6609
f 6630 6629 6609
f 6630 6609 6610
f 6631 6630 6610
f 6631 6610 6611
f 6631 6611 5184
f 6632 4780 4782
f 6632 4782 6612
f 6633 6612 6613
f 6633 6632 6612
f 6634 6633 6613
f 6634 6613 6614
f 6635 6614 6615
f 6635 6634 6614
f 6636 6615 6616
f 6636 6635 6615
f 6636 6616 6617
f 6637 6636 6617
f 6638 6637 6617
f 6638 6617 6618
f 6639 6638 6618
f 6639 6618 6619
f 6640 6639 6619
f 6640 6619 6620
f 6641 6640 6620
f 6641 6620 6621
f 6642 6621 6622
f 6642 6641 6621
f 6643 6622 6623
f 6643 6642 6622
f 6644 6623 6624
f 6644 6643 6623
f 6645 6624 6625
f 6645 6644 6624
f 6646 6625 6626
f 6646 6645 6625
f 6647 6626 6627
f 6647 6646 6626
f 6648 6627 6628
f 6648 6647 6627
f 6649 6628 6629
f 6649 6648 6628
f 6650 6629 6630
f 6650 6649 6629
f 6651 6630 6631
f 6651 6631 5184
f 6651 5184 5185
f 6651 6650 6630
f 6652 4778 4780
f 6652 4780 6632
f 6653 6632 6633
f 6653 6652 6632
f 6654 6633 6634
f 6654 6653 6633
f 6655 6634 6635
f 6655 6654 6634
f 6656 6655 6635
f 6656 6635 6636
f 6657 6637 6638
f 6657 6636 6637
f 6657 6656 6636
f 6658 6657 6638
f 6658 6638 6639
f 6659 6658 6639
f 6660 6659 6639
f 6660 6640 6641
f 6660 6639 6640
f 6661 6641 6642
f 6661 6660 6641
f 6662 6661 6642
f 6662 6642 6643
f 6663 6662 6643
f 6664 6663 6643
f 6664 6643 6644
f 6665 6664 6644
f 6665 6645 6646
f 6665 6644 6645
f 6666 6665 6646
f 6667 6666 6646
f 6667 6646 6647
f 6668 6667 6647
f 6668 6647 6648
f 6668 6648 6649
f 6669 6668 6649
f 6670 6669 6649
f 6670 6649 6650
f 6670 6650 6651
f 6671 6670 6651
f 6671 5185 5186
f 6671 6651 5185
f 6672 4776 4778
f 6672 4778 6652
f 6673 6672 6652
f 6673 6652 6653
f 6674 6653 6654
f 6674 6673 6653
f 6675 6654 6655
f 6675 6674 6654
f 6676 6675 6655
f 6676 6655 6656
f 6677 6656 6657
f 6677 6676 6656
f 6678 6657 6658
f 6678 6677 6657
f 6679 6678 6658
f 6679 6658 6659
f 6680 6659 6660
f 6680 6679 6659
f 6681 6660 6661
f 6681 6680 6660
f 6682 6661 6662
f 6682 6681 6661
f 6683 6662 6663
f 6683 6682 6662
f 6684 6663 6664
f 6684 6683 6663
f 6685 6664 6665
f 6685 6684 6664
f 6686 6665 6666
f 6686 6685 6665
f 6687 6666 6667
f 6687 6686 6666
f 6688 6667 6668
f 6688 6687 6667
f 6689 6668 6669
f 6689 6688 6668
f 6690 6669 6670
f 6690 6689 6669
f 6691 6670 6671
f 6691 6690 6670
f 6691 6671 5186
f 6691 5186 5187
f 6692 6672 6673
f 6692 4776 6672
f 6692 4775 4776
f 6693 6692 6673
f 6694 6693 6673
f 6694 6673 6674
f 6695 6674 6675
f 6695 6694 6674
f 6696 6695 6675
f 6696 6675 6676
f 6696 6676 6677
f 6697 6696 6677
f 6697 6677 6678
f 6698 6697 6678
f 6699 6698 6678
f 6699 6678 6679
f 6700 6699 6679
f 6700 6679 6680
f 6700 6680 6681
f 6701 6700 6681
f 6702 6701 6681
f 6702 6681 6682
f 6702 6682 6683
f 6703 6702 6683
f 6704 6703 6683
f 6704 6683 6684
f 6704 6684 6685
f 6705 6704 6685
f 6706 6705 6685
f 6706 6685 6686
f 6707 6706 6686
f 6707 6686 6687
f 6708 6687 6688
f 6708 6707 6687
f 6709 6688 6689
f 6709 6689 6690
f 6709 6708 6688
f 6710 6709 6690
f 6711 6690 6691
f 6711 6691 5187
f 6711 5187 5188
f 6711 6710 6690
f 6712 4775 6692
f 6712 4773 4775
f 6712 6692 6693
f 6713 6712 6693
f 6714 6693 6694
f 6714 6713 6693
f 6715 6694 6695
f 6715 6714 6694
f 6716 6695 6696
f 6716 6715 6695
f 6716 6696 6697
f 6717 6697 6698
f 6717 6716 6697
f 6718 6717 6698
f 6719 6698 6699
f 6719 6699 6700
f 6719 6718 6698
f 6720 6700 6701
f 6720 6719 6700
f 6721 6720 6701
f 6722 6701 6702
f 6722 6721 6701
f 6723 6702 6703
f 6723 6722 6702
f 6724 6703 6704
f 6724 6704 6705
f 6724 6723 6703
f 6725 6724 6705
f 6726 6705 6706
f 6726 6725 6705
f 6727 6726 6706
f 6727 6706 6707
f 6727 6707 6708
f 6728 6727 6708
f 6729 6728 6708
f 6729 6708 6709
f 6729 6709 6710
f 6730 6729 6710
f 6731 6730 6710
f 6731 5188 5190
f 6731 6711 5188
f 6731 6710 6711
f 6732 4771 4773
f 6732 4773 6712
f 6733 6712 6713
f 6733 6732 6712
f 6734 6713 6714
f 6734 6733 6713
f 6735 6734 6714
f 6735 6714 6715
f 6736 6715 6716
f 6736 6735 6715
f 6737 6716 6717
f 6737 6736 6716
f 6738 6737 6717
f 6738 6717 6718
f 6739 6738 6718
f 6739 6718 6719
f 6740 6739 6719
f 6740 6719 6720
f 6741 6720 6721
f 6741 6740 6720
f 6742 6721 6722
f 6742 6741 6721
f 6743 6742 6722
f 6743 6722 6723
f 6744 6723 6724
f 6744 6743 6723
f 6745 6724 6725
f 6745 6744 6724
f 6746 6725 6726
f 6746 6745 6725
f 6747 6726 6727
f 6747 6746 6726
f 6748 6727 6728
f 6748 6747 6727
f 6749 6728 6729
f 6749 6748 6728
f 6750 6729 6730
f 6750 6749 6729
f 6751 6730 6731
f 6751 5190 5194
f 6751 6731 5190
f 6751 6750 6730
f 6752 4771 6732
f 6752 4769 4771
f 6752 6732 6733
f 6753 6752 6733
f 6754 6753 6733
f 6754 6733 6734
f 6755 6734 6735
f 6755 6754 6734
f 6755 6735 6736
f 6756 6755 6736
f 6757 6736 6737
f 6757 6737 6738
f 6757 6756 6736
f 6758 6757 6738
f 6759 6738 6739
f 6759 6758 6738
f 6760 6739 6740
f 6760 6740 6741
f 6760 6759 6739
f 6761 6760 6741
f 6762 6761 6741
f 6762 6741 6742
f 6763 6762 6742
f 6763 6742 6743
f 6763 6743 6744
f 6764 6763 6744
f 6765 6764 6744
f 6765 6744 6745
f 6765 6745 6746
f 6766 6765 6746
f 6767 6766 6746
f 6767 6746 6747
f 6768 6747 6748
f 6768 6767 6747
f 6769 6768 6748
f 6769 6748 6749
f 6769 6749 6750
f 6770 6769 6750
f 6770 6750 6751
f 6771 6751 5194
f 6771 6770 6751
f 6771 5194 5195
f 6772 4769 6752
f 6772 4767 4769
f 6772 6752 6753
f 6773 6772 6753
f 6774 6773 6753
f 6774 6753 6754
f 6775 6755 6756
f 6775 6774 6754
f 6775 6754 6755
f 6776 6775 6756
f 6777 6776 6756
f 6777 6756 6757
f 6778 6757 6758
f 6778 6758 6759
f 6778 6777 6757
f 6779 6778 6759
f 6780 6759 6760
f 6780 6760 6761
f 6780 6779 6759
f 6781 6780 6761
f 6782 6761 6762
f 6782 6781 6761
f 6783 6762 6763
f 6783 6763 6764
f 6783 6782 6762
f 6784 6764 6765
f 6784 6783 6764
f 6785 6765 6766
f 6785 6784 6765
f 6786 6785 6766
f 6787 6766 6767
f 6787 6767 6768
f 6787 6786 6766
f 6788 6787 6768
f 6789 6788 6768
f 6789 6768 6769
f 6789 6769 6770
f 6790 6770 6771
f 6790 6789 6770
f 6791 6790 6771
f 6791 6771 5195
f 6791 5195 5196
f 6791 5196 5197
f 6792 4767 6772
f 6792 4765 4767
f 6792 4763 4765
f 6793 6772 6773
f 6793 6792 6772
f 6794 6793 6773
f 6794 6773 6774
f 6795 6794 6774
f 6795 6774 6775
f 6796 6775 6776
f 6796 6795 6775
f 6797 6776 6777
f 6797 6796 6776
f 6798 6797 6777
f 6798 6777 6778
f 6799 6798 6778
f 6799 6778 6779
f 6800 6799 6779
f 6800 6779 6780
f 6801 6780 6781
f 6801 6800 6780
f 6802 6801 6781
f 6802 6781 6782
f 6803 6782 6783
f 6803 6802 6782
f 6804 6803 6783
f 6804 6783 6784
f 6805 6784 6785
f 6805 6804 6784
f 6806 6785 6786
f 6806 6805 6785
f 6807 6806 6786
f 6807 6786 6787
f 6808 6807 6787
f 6808 6787 6788
f 6809 6808 6788
f 6809 6788 6789
f 6810 6789 6790
f 6810 6809 6789
f 6811 6810 6790
f 6811 6790 6791
f 6811 6791 5197
f 6812 6792 6793
f 6812 4763 6792
f 6813 6812 6793
f 6814 6793 6794
f 6814 6813 6793
f 6815 6794 6795
f 6815 6795 6796
f 6815 6814 6794
f 6816 6815 6796
f 6817 6796 6797
f 6817 6797 6798
f 6817 6816 6796
f 6818 6817 6798
f 6819 6798 6799
f 6819 6818 6798
f 6820 6799 6800
f 6820 6819 6799
f 6821 6800 6801
f 6821 6801 6802
f 6821 6820 6800
f 6822 6821 6802
f 6823 6802 6803
f 6823 6822 6802
f 6824 6803 6804
f 6824 6823 6803
f 6825 6804 6805
f 6825 6824 6804
f 6826 6805 6806
f 6826 6825 6805
f 6827 6826 6806
f 6827 6806 6807
f 6828 6807 6808
f 6828 6827 6807
f 6829 6828 6808
f 6829 6808 6809
f 6830 6829 6809
f 6830 6809 6810
f 6831 6830 6810
f 6831 6810 6811
f 6831 6811 5197
f 6831 5197 5198
f 6831 5198 5200
f 6832 4763 6812
f 6832 4761 4763
f 6833 6832 6812
f 6833 6812 6813
f 6834 6833 6813
f 6834 6813 6814
f 6835 6815 6816
f 6835 6834 6814
f 6835 6814 6815
f 6836 6835 6816
f 6837 6836 6816
f 6837 6816 6817
f 6837 6817 6818
f 6838 6818 6819
f 6838 6837 6818
f 6839 6838 6819
f 6840 6839 6819
f 6840 6819 6820
f 6840 6820 6821
f 6841 6840 6821
f 6842 6821 6822
f 6842 6841 6821
f 6843 6823 6824
f 6843 6822 6823
f 6843 6842 6822
f 6844 6843 6824
f 6845 6824 6825
f 6845 6825 6826
f 6845 6844 6824
f 6846 6845 6826
f 6847 6846 6826
f 6847 6826 6827
f 6848 6847 6827
f 6848 6827 6828
f 6849 6848 6828
f 6849 6828 6829
f 6849 6829 6830
f 6850 6830 6831
f 6850 6849 6830
f 6851 6831 5200
f 6851 6850 6831
f 6852 4759 4761
f 6852 4761 6832
f 6852 6832 6833
f 6853 6852 6833
f 6854 6833 6834
f 6854 6853 6833
f 6855 6834 6835
f 6855 6854 6834
f 6856 6835 6836
f 6856 6855 6835
f 6857 6836 6837
f 6857 6856 6836
f 6858 6837 6838
f 6858 6838 6839
f 6858 6857 6837
f 6859 6839 6840
f 6859 6858 6839
f 6860 6859 6840
f 6861 6840 6841
f 6861 6841 6842
f 6861 6860 6840
f 6862 6861 6842
f 6863 6862 6842
f 6863 6842 6843
f 6863 6843 6844
f 6864 6863 6844
f 6865 6864 6844
f 6865 6845 6846
f 6865 6844 6845
f 6866 6865 6846
f 6867 6866 6846
f 6867 6846 6847
f 6867 6847 6848
f 6868 6867 6848
f 6869 6848 6849
f 6869 6868 6848
f 6869 6849 6850
f 6870 6869 6850
f 6870 6850 6851
f 6871 6870 6851
f 6871 5200 5204
f 6871 6851 5200
f 6872 4757 4759
f 6872 4759 6852
f 6873 6872 6852
f 6873 6852 6853
f 6874 6853 6854
f 6874 6873 6853
f 6875 6874 6854
f 6875 6854 6855
f 6876 6875 6855
f 6876 6855 6856
f 6877 6856 6857
f 6877 6876 6856
f 6878 6857 6858
f 6878 6877 6857
f 6879 6858 6859
f 6879 6878 6858
f 6880 6859 6860
f 6880 6879 6859
f 6881 6860 6861
f 6881 6880 6860
f 6882 6861 6862
f 6882 6881 6861
f 6883 6862 6863
f 6883 6882 6862
f 6884 6863 6864
f 6884 6883 6863
f 6885 6864 6865
f 6885 6884 6864
f 6886 6865 6866
f 6886 6885 6865
f 6887 6866 6867
f 6887 6886 6866
f 6888 6887 6867
f 6888 6867 6868
f 6889 6868 6869
f 6889 6888 6868
f 6890 6889 6869
f 6890 6869 6870
f 6891 6870 6871
f 6891 6871 5204
f 6891 5204 5205
f 6891 6890 6870
f 6892 6872 6873
f 6892 4757 6872
f 6892 4755 4757
f 6893 6892 6873
f 6894 6893 6873
f 6894 6873 6874
f 6895 6874 6875
f 6895 6894 6874
f 6896 6895 6875
f 6896 6875 6876
f 6897 6876 6877
f 6897 6877 6878
f 6897 6896 6876
f 6898 6897 6878
f 6899 6898 6878
f 6899 6878 6879
f 6899 6879 6880
f 6900 6899 6880
f 6901 6900 6880
f 6901 6880 6881
f 6901 6881 6882
f 6902 6901 6882
f 6903 6882 6883
f 6903 6902 6882
f 6904 6903 6883
f 6904 6883 6884
f 6905 6884 6885
f 6905 6904 6884
f 6905 6885 6886
f 6906 6905 6886
f 6907 6906 6886
f 6907 6886 6887
f 6908 6887 6888
f 6908 6907 6887
f 6909 6889 6890
f 6909 6908 6888
f 6909 6888 6889
f 6910 6909 6890
f 6911 6890 6891
f 6911 6891 5205
f 6911 6910 6890
f 6911 5205 5206
f 6911 5206 5207
f 6912 4755 6892
f 6912 4753 4755
f 6913 6912 6892
f 6913 6892 6893
f 6914 6893 6894
f 6914 6913 6893
f 6915 6895 6896
f 6915 6894 6895
f 6915 6914 6894
f 6916 6915 6896
f 6917 6896 6897
f 6917 6916 6896
f 6918 6917 6897
f 6918 6897 6898
f 6919 6898 6899
f 6919 6918 6898
f 6920 6899 6900
f 6920 6919 6899
f 6921 6900 6901
f 6921 6920 6900
f 6922 6901 6902
f 6922 6921 6901
f 6923 6922 6902
f 6923 6902 6903
f 6924 6903 6904
f 6924 6923 6903
f 6925 6904 6905
f 6925 6924 6904
f 6926 6925 6905
f 6926 6905 6906
f 6927 6926 6906
f 6927 6906 6907
f 6928 6927 6907
f 6928 6907 6908
f 6929 6928 6908
f 6929 6908 6909
f 6930 6929 6909
f 6930 6909 6910
f 6931 6930 6910
f 6931 6910 6911
f 6931 6911 5207
f 6932 6912 6913
f 6932 4753 6912
f 6932 4751 4753
f 6933 6932 6913
f 6934 6933 6913
f 6934 6913 6914
f 6935 6934 6914
f 6935 6914 6915
f 6936 6915 6916
f 6936 6935 6915
f 6937 6936 6916
f 6937 6916 6917
f 6938 6937 6917
f 6938 6917 6918
f 6939 6938 6918
f 6939 6918 6919
f 6940 6939 6919
f 6940 6919 6920
f 6941 6940 6920
f 6941 6920 6921
f 6942 6941 6921
f 6942 6921 6922
f 6943 6942 6922
f 6943 6922 6923
f 6944 6943 6923
f 6944 6923 6924
f 6945 6924 6925
f 6945 6944 6924
f 6946 6925 6926
f 6946 6945 6925
f 6947 6926 6927
f 6947 6946 6926
f 6948 6927 6928
f 6948 6947 6927
f 6949 6928 6929
f 6949 6948 6928
f 6950 6929 6930
f 6950 6949 6929
f 6951 6930 6931
f 6951 6931 5207
f 6951 5207 5208
f 6951 6950 6930
f 6952 4751 6932
f 6952 4749 4751
f 6953 6952 6932
f 6953 6932 6933
f 6954 6953 6933
f 6954 6933 6934
f 6955 6954 6934
f 6955 6934 6935
f 6956 6935 6936
f 6956 6955 6935
f 6957 6936 6937
f 6957 6937 6938
f 6957 6956 6936
f 6958 6938 6939
f 6958 6957 6938
f 6959 6958 6939
f 6959 6939 6940
f 6960 6959 6940
f 6961 6960 6940
f 6961 6940 6941
f 6961 6941 6942
f 6962 6961 6942
f 6963 6962 6942
f 6963 6942 6943
f 6964 6943 6944
f 6964 6963 6943
f 6965 6964 6944
f 6965 6944 6945
f 6966 6965 6945
f 6966 6945 6946
f 6967 6966 6946
f 6967 6946 6947
f 6968 6967 6947
f 6968 6947 6948
f 6969 6948 6949
f 6969 6968 6948
f 6969 6949 6950
f 6970 6969 6950
f 6971 6970 6950
f 6971 5208 5209
f 6971 6951 5208
f 6971 6950 6951
f 6972 4747 4749
f 6972 6952 6953
f 6972 4749 6952
f 6973 6972 6953
f 6974 6973 6953
f 6974 6953 6954
f 6974 6954 6955
f 6975 6974 6955
f 6976 6955 6956
f 6976 6975 6955
f 6977 6956 6957
f 6977 6976 6956
f 6978 6957 6958
f 6978 6958 6959
f 6978 6977 6957
f 6979 6978 6959
f 6980 6960 6961
f 6980 6979 6959
f 6980 6959 6960
f 6981 6980 6961
f 6982 6961 6962
f 6982 6981 6961
f 6983 6962 6963
f 6983 6963 6964
f 6983 6982 6962
f 6984 6983 6964
f 6985 6964 6965
f 6985 6965 6966
f 6985 6984 6964
f 6986 6985 6966
f 6987 6966 6967
f 6987 6967 6968
f 6987 6986 6966
f 6988 6987 6968
f 6989 6968 6969
f 6989 6969 6970
f 6989 6988 6968
f 6990 6989 6970
f 6990 6970 6971
f 6991 6971 5209
f 6991 5209 5210
f 6991 6990 6971
f 6992 4747 6972
f 6992 4746 4747
f 6993 6972 6973
f 6993 6992 6972
f 6994 6973 6974
f 6994 6993 6973
f 6995 6994 6974
f 6995 6974 6975
f 6996 6995 6975
f 6996 6975 6976
f 6997 6996 6976
f 6997 6976 6977
f 6998 6977 6978
f 6998 6997 6977
f 6999 6998 6978
f 6999 6978 6979
f 7000 6979 6980
f 7000 6999 6979
f 7001 7000 6980
f 7001 6980 6981
f 7002 7001 6981
f 7002 6981 6982
f 7003 7002 6982
f 7003 6982 6983
f 7004 6983 6984
f 7004 7003 6983
f 7005 7004 6984
f 7005 6984 6985
f 7006 7005 6985
f 7006 6985 6986
f 7007 6986 6987
f 7007 7006 6986
f 7008 7007 6987
f 7008 6987 6988
f 7009 7008 6988
f 7009 6988 6989
f 7010 7009 6989
f 7010 6989 6990
f 7011 6991 5210
f 7011 6990 6991
f 7011 7010 6990
f 7011 5210 5211
f 7012 6992 6993
f 7012 4746 6992
f 7012 4748 4746
f 7013 7012 6993
f 7014 7013 6993
f 7014 6993 6994
f 7014 6994 6995
f 7015 7014 6995
f 7016 7015 6995
f 7016 6995 6996
f 7017 6996 6997
f 7017 7016 6996
f 7018 6997 6998
f 7018 7017 6997
f 7019 6998 6999
f 7019 7018 6998
f 7020 6999 7000
f 7020 7019 6999
f 7021 7000 7001
f 7021 7020 7000
f 7022 7001 7002
f 7022 7021 7001
f 7023 7002 7003
f 7023 7022 7002
f 7024 7023 7003
f 7024 7003 7004
f 7025 7024 7004
f 7025 7004 7005
f 7026 7005 7006
f 7026 7025 7005
f 7027 7026 7006
f 7027 7006 7007
f 7028 7027 7007
f 7028 7007 7008
f 7029 7028 7008
f 7029 7008 7009
f 7030 7029 7009
f 7030 7009 7010
f 7031 7030 7010
f 7031 7010 7011
f 7031 7011 5211
f 7031 5211 5212
f 7031 5212 5213
f 7032 4748 7012
f 7032 4750 4748
f 7033 7012 7013
f 7033 7032 7012
f 7034 7013 7014
f 7034 7033 7013
f 7035 7034 7014
f 7035 7014 7015
f 7036 7015 7016
f 7036 7035 7015
f 7037 7036 7016
f 7037 7016 7017
f 7037 7017 7018
f 7038 7037 7018
f 7039 7038 7018
f 7039 7018 7019
f 7040 7019 7020
f 7040 7039 7019
f 7041 7040 7020
f 7041 7020 7021
f 7042 7041 7021
f 7042 7021 7022
f 7043 7042 7022
f 7043 7022 7023
f 7044 7043 7023
f 7044 7023 7024
f 7045 7044 7024
f 7045 7024 7025
f 7046 7025 7026
f 7046 7045 7025
f 7047 7026 7027
f 7047 7046 7026
f 7048 7027 7028
f 7048 7047 7027
f 7049 7048 7028
f 7049 7028 7029
f 7050 7029 7030
f 7050 7049 7029
f 7051 7031 5213
f 7051 7030 7031
f 7051 7050 7030
f 7052 7032 7033
f 7052 4750 7032
f 7052 4752 4750
f 7053 7052 7033
f 7054 7033 7034
f 7054 7053 7033
f 7054 7034 7035
f 7055 7054 7035
f 7056 7055 7035
f 7056 7035 7036
f 7057 7037 7038
f 7057 7056 7036
f 7057 7036 7037
f 7058 7057 7038
f 7059 7038 7039
f 7059 7058 7038
f 7060 7059 7039
f 7060 7039 7040
f 7061 7060 7040
f 7061 7040 7041
f 7061 7041 7042
f 7062 7061 7042
f 7063 7062 7042
f 7063 7042 7043
f 7064 7043 7044
f 7064 7063 7043
f 7065 7064 7044
f 7065 7044 7045
f 7066 7065 7045
f 7066 7045 7046
f 7067 7066 7046
f 7067 7047 7048
f 7067 7046 7047
f 7068 7067 7048
f 7069 7068 7048
f 7069 7048 7049
f 7069 7049 7050
f 7070 7069 7050
f 7071 7070 7050
f 7071 7051 5213
f 7071 7050 7051
f 7071 5213 5214
f 7072 4754 4752
f 7072 4756 4754
f 7072 4752 7052
f 7073 7052 7053
f 7073 7072 7052
f 7074 7073 7053
f 7074 7053 7054
f 7075 7074 7054
f 7075 7054 7055
f 7076 7075 7055
f 7076 7055 7056
f 7077 7056 7057
f 7077 7076 7056
f 7078 7057 7058
f 7078 7077 7057
f 7079 7058 7059
f 7079 7078 7058
f 7080 7060 7061
f 7080 7079 7059
f 7080 7059 7060
f 7081 7080 7061
f 7082 7061 7062
f 7082 7081 7061
f 7083 7062 7063
f 7083 7063 7064
f 7083 7082 7062
f 7084 7083 7064
f 7085 7064 7065
f 7085 7065 7066
f 7085 7084 7064
f 7086 7085 7066
f 7087 7066 7067
f 7087 7086 7066
f 7088 7067 7068
f 7088 7087 7067
f 7089 7068 7069
f 7089 7088 7068
f 7090 7089 7069
f 7090 7069 7070
f 7091 7090 7070
f 7091 7070 7071
f 7091 7071 5214
f 7091 5214 5215
f 7091 5215 5216
f 7092 4756 7072
f 7093 7073 7074
f 7093 7072 7073
f 7093 7092 7072
f 7094 7093 7074
f 7095 7074 7075
f 7095 7094 7074
f 7096 7075 7076
f 7096 7095 7075
f 7097 7096 7076
f 7097 7076 7077
f 7098 7097 7077
f 7098 7077 7078
f 7098 7078 7079
f 7099 7079 7080
f 7099 7098 7079
f 7100 7099 7080
f 7101 7100 7080
f 7101 7080 7081
f 7101 7081 7082
f 7102 7101 7082
f 7103 7102 7082
f 7103 7082 7083
f 7104 7103 7083
f 7104 7083 7084
f 7105 7084 7085
f 7105 7104 7084
f 7106 7105 7085
f 7106 7085 7086
f 7107 7086 7087
f 7107 7106 7086
f 7107 7087 7088
f 7108 7107 7088
f 7109 7108 7088
f 7109 7088 7089
f 7110 7109 7089
f 7110 7089 7090
f 7110 7090 7091
f 7111 7110 7091
f 7111 7091 5216
f 7112 4756 7092
f 7112 4758 4756
f 7113 7092 7093
f 7113 7112 7092
f 7114 7093 7094
f 7114 7113 7093
f 7115 7094 7095
f 7115 7114 7094
f 7116 7095 7096
f 7116 7115 7095
f 7117 7096 7097
f 7117 7116 7096
f 7118 7097 7098
f 7118 7098 7099
f 7118 7117 7097
f 7119 7118 7099
f 7119 7099 7100
f 7120 7119 7100
f 7121 7100 7101
f 7121 7101 7102
f 7121 7120 7100
f 7122 7121 7102
f 7123 7102 7103
f 7123 7103 7104
f 7123 7122 7102
f 7124 7123 7104
f 7125 7104 7105
f 7125 7124 7104
f 7126 7105 7106
f 7126 7106 7107
f 7126 7125 7105
f 7127 7126 7107
f 7128 7107 7108
f 7128 7127 7107
f 7129 7128 7108
f 7129 7108 7109
f 7130 7129 7109
f 7130 7109 7110
f 7130 7110 7111
f 7131 7130 7111
f 7131 7111 5216
f 7131 5216 5217
f 7132 4758 7112
f 7132 4760 4758
f 7133 7112 7113
f 7133 7132 7112
f 7134 7113 7114
f 7134 7114 7115
f 7134 7133 7113
f 7135 7134 7115
f 7136 7135 7115
f 7136 7115 7116
f 7136 7116 7117
f 7137 7136 7117
f 7138 7137 7117
f 7138 7117 7118
f 7139 7118 7119
f 7139 7119 7120
f 7139 7138 7118
f 7140 7139 7120
f 7141 7140 7120
f 7141 7120 7121
f 7142 7141 7121
f 7142 7121 7122
f 7143 7142 7122
f 7143 7122 7123
f 7144 7123 7124
f 7144 7143 7123
f 7145 7124 7125
f 7145 7144 7124
f 7146 7125 7126
f 7146 7145 7125
f 7147 7126 7127
f 7147 7146 7126
f 7148 7127 7128
f 7148 7147 7127
f 7149 7128 7129
f 7149 7148 7128
f 7150 7129 7130
f 7150 7130 7131
f 7150 7149 7129
f 7151 7131 5217
f 7151 7150 7131
f 7151 5217 5218
f 7151 5218 5219
f 7152 4760 7132
f 7152 4762 4760
f 7153 7132 7133
f 7153 7152 7132
f 7154 7153 7133
f 7154 7133 7134
f 7155 7154 7134
f 7155 7134 7135
f 7156 7155 7135
f 7156 7135 7136
f 7157 7156 7136
f 7157 7136 7137
f 7158 7137 7138
f 7158 7138 7139
f 7158 7157 7137
f 7159 7139 7140
f 7159 7158 7139
f 7160 7159 7140
f 7161 7141 7142
f 7161 7160 7140
f 7161 7140 7141
f 7162 7161 7142
f 7163 7142 7143
f 7163 7143 7144
f 7163 7162 7142
f 7164 7144 7145
f 7164 7163 7144
f 7165 7164 7145
f 7166 7165 7145
f 7166 7145 7146
f 7166 7146 7147
f 7167 7166 7147
f 7168 7167 7147
f 7168 7147 7148
f 7169 7148 7149
f 7169 7168 7148
f 7170 7169 7149
f 7170 7149 7150
f 7170 7150 7151
f 7171 7170 7151
f 7171 7151 5219
f 7172 4762 7152
f 7172 4764 4762
f 7173 7172 7152
f 7173 7152 7153
f 7174 7154 7155
f 7174 7173 7153
f 7174 7153 7154
f 7175 7174 7155
f 7176 7155 7156
f 7176 7175 7155
f 7176 7156 7157
f 7177 7176 7157
f 7178 7158 7159
f 7178 7177 7157
f 7178 7157 7158
f 7179 7178 7159
f 7180 7179 7159
f 7180 7159 7160
f 7181 7160 7161
f 7181 7161 7162
f 7181 7180 7160
f 7182 7181 7162
f 7183 7182 7162
f 7183 7162 7163
f 7184 7163 7164
f 7184 7164 7165
f 7184 7183 7163
f 7185 7184 7165
f 7186 7165 7166
f 7186 7185 7165
f 7187 7166 7167
f 7187 7167 7168
f 7187 7186 7166
f 7188 7187 7168
f 7189 7168 7169
f 7189 7188 7168
f 7190 7189 7169
f 7190 7169 7170
f 7191 7190 7170
f 7191 7170 7171
f 7191 7171 5219
f 7191 5219 5220
f 7192 4764 7172
f 7192 4766 4764
f 7192 4768 4766
f 7193 7172 7173
f 7193 7192 7172
f 7194 7193 7173
f 7194 7173 7174
f 7195 7174 7175
f 7195 7194 7174
f 7196 7175 7176
f 7196 7195 7175
f 7197 7176 7177
f 7197 7196 7176
f 7198 7177 7178
f 7198 7197 7177
f 7199 7198 7178
f 7199 7178 7179
f 7200 7179 7180
f 7200 7199 7179
f 7201 7200 7180
f 7201 7180 7181
f 7202 7201 7181
f 7202 7181 7182
f 7203 7182 7183
f 7203 7202 7182
f 7204 7203 7183
f 7204 7183 7184
f 7205 7204 7184
f 7205 7184 7185
f 7206 7205 7185
f 7206 7185 7186
f 7207 7186 7187
f 7207 7206 7186
f 7208 7187 7188
f 7208 7207 7187
f 7209 7208 7188
f 7209 7188 7189
f 7210 7189 7190
f 7210 7209 7189
f 7211 7210 7190
f 7211 5220 5221
f 7211 5221 5222
f 7211 7190 7191
f 7211 7191 5220
f 7212 4768 7192
f 7213 7192 7193
f 7213 7193 7194
f 7213 7212 7192
f 7214 7213 7194
f 7215 7194 7195
f 7215 7214 7194
f 7216 7196 7197
f 7216 7215 7195
f 7216 7195 7196
f 7217 7216 7197
f 7218 7197 7198
f 7218 7217 7197
f 7219 7198 7199
f 7219 7218 7198
f 7220 7199 7200
f 7220 7219 7199
f 7221 7201 7202
f 7221 7200 7201
f 7221 7220 7200
f 7222 7221 7202
f 7223 7202 7203
f 7223 7222 7202
f 7224 7203 7204
f 7224 7223 7203
f 7225 7204 7205
f 7225 7224 7204
f 7226 7205 7206
f 7226 7225 7205
f 7227 7206 7207
f 7227 7226 7206
f 7228 7207 7208
f 7228 7227 7207
f 7229 7208 7209
f 7229 7228 7208
f 7230 7229 7209
f 7230 7209 7210
f 7231 7230 7210
f 7231 7210 7211
f 7231 7211 5222
f 7232 4768 7212
f 7232 4770 4768
f 7232 4772 4770
f 7233 7212 7213
f 7233 7232 7212
f 7234 7233 7213
f 7234 7213 7214
f 7235 7214 7215
f 7235 7234 7214
f 7236 7235 7215
f 7236 7215 7216
f 7237 7236 7216
f 7237 7216 7217
f 7238 7217 7218
f 7238 7237 7217
f 7239 7218 7219
f 7239 7238 7218
f 7240 7239 7219
f 7240 7219 7220
f 7241 7220 7221
f 7241 7240 7220
f 7242 7241 7221
f 7242 7221 7222
f 7243 7242 7222
f 7243 7222 7223
f 7244 7243 7223
f 7244 7223 7224
f 7245 7244 7224
f 7245 7224 7225
f 7246 7225 7226
f 7246 7245 7225
f 7247 7226 7227
f 7247 7246 7226
f 7248 7227 7228
f 7248 7247 7227
f 7249 7228 7229
f 7249 7248 7228
f 7250 7229 7230
f 7250 7249 7229
f 7251 7230 7231
f 7251 7231 5222
f 7251 7250 7230
f 7251 5222 5223
f 7251 5223 5224
f 7252 7232 7233
f 7252 4772 7232
f 7253 7252 7233
f 7254 7253 7233
f 7254 7233 7234
f 7255 7254 7234
f 7255 7234 7235
f 7256 7235 7236
f 7256 7236 7237
f 7256 7255 7235
f 7257 7256 7237
f 7258 7237 7238
f 7258 7238 7239
f 7258 7257 7237
f 7259 7239 7240
f 7259 7258 7239
f 7260 7259 7240
f 7261 7241 7242
f 7261 7260 7240
f 7261 7240 7241
f 7262 7261 7242
f 7263 7262 7242
f 7263 7242 7243
f 7264 7243 7244
f 7264 7244 7245
f 7264 7263 7243
f 7265 7245 7246
f 7265 7264 7245
f 7266 7265 7246
f 7267 7266 7246
f 7267 7246 7247
f 7268 7247 7248
f 7268 7267 7247
f 7269 7268 7248
f 7269 7248 7249
f 7269 7249 7250
f 7270 7269 7250
f 7270 7250 7251
f 7271 7270 7251
f 7271 7251 5224
f 7272 4772 7252
f 7272 4774 4772
f 7272 4777 4774
f 7273 7272 7252
f 7273 7252 7253
f 7274 7273 7253
f 7274 7253 7254
f 7275 7274 7254
f 7275 7254 7255
f 7276 7275 7255
f 7276 7255 7256
f 7277 7276 7256
f 7277 7256 7257
f 7278 7277 7257
f 7278 7257 7258
f 7279 7278 7258
f 7279 7258 7259
f 7280 7279 7259
f 7280 7259 7260
f 7281 7260 7261
f 7281 7280 7260
f 7282 7261 7262
f 7282 7281 7261
f 7283 7262 7263
f 7283 7282 7262
f 7284 7263 7264
f 7284 7283 7263
f 7285 7264 7265
f 7285 7284 7264
f 7286 7265 7266
f 7286 7285 7265
f 7287 7266 7267
f 7287 7286 7266
f 7288 7287 7267
f 7288 7267 7268
f 7289 7268 7269
f 7289 7288 7268
f 7290 7269 7270
f 7290 7289 7269
f 7291 7270 7271
f 7291 7271 5224
f 7291 7290 7270
f 7291 5224 5225
f 7291 5225 5226
f 7292 4777 7272
f 7293 7272 7273
f 7293 7292 7272
f 7294 7293 7273
f 7294 7274 7275
f 7294 7273 7274
f 7295 7294 7275
f 7296 7275 7276
f 7296 7295 7275
f 7297 7276 7277
f 7297 7296 7276
f 7298 7297 7277
f 7298 7277 7278
f 7299 7298 7278
f 7299 7278 7279
f 7300 7279 7280
f 7300 7299 7279
f 7301 7280 7281
f 7301 7300 7280
f 7302 7301 7281
f 7302 7281 7282
f 7303 7302 7282
f 7303 7282 7283
f 7304 7284 7285
f 7304 7283 7284
f 7304 7303 7283
f 7305 7304 7285
f 7306 7305 7285
f 7306 7285 7286
f 7307 7306 7286
f 7307 7286 7287
f 7308 7287 7288
f 7308 7307 7287
f 7309 7308 7288
f 7309 7288 7289
f 7309 7289 7290
f 7310 7309 7290
f 7311 7310 7290
f 7311 7290 7291
f 7311 7291 5226
f 7312 4779 4777
f 7312 4781 4779
f 7312 4777 7292
f 7313 7312 7292
f 7313 7292 7293
f 7314 7313 7293
f 7314 7293 7294
f 7315 7314 7294
f 7315 7294 7295
f 7316 7295 7296
f 7316 7296 7297
f 7316 7315 7295
f 7317 7316 7297
f 7318 7297 7298
f 7318 7317 7297
f 7319 7298 7299
f 7319 7318 7298
f 7320 7299 7300
f 7320 7319 7299
f 7321 7300 7301
f 7321 7320 7300
f 7322 7301 7302
f 7322 7321 7301
f 7323 7322 7302
f 7323 7302 7303
f 7324 7303 7304
f 7324 7323 7303
f 7325 7304 7305
f 7325 7324 7304
f 7326 7305 7306
f 7326 7325 7305
f 7327 7326 7306
f 7327 7306 7307
f 7328 7307 7308
f 7328 7327 7307
f 7329 7308 7309
f 7329 7328 7308
f 7330 7329 7309
f 7330 7309 7310
f 7331 7330 7310
f 7331 7310 7311
f 7331 7311 5226
f 7331 5226 5227
f 7331 5227 5228
f 7332 4781 7312
f 7333 7312 7313
f 7333 7332 7312
f 7334 7313 7314
f 7334 7333 7313
f 7334 7314 7315
f 7335 7334 7315
f 7336 7335 7315
f 7336 7315 7316
f 7337 7316 7317
f 7337 7317 7318
f 7337 7336 7316
f 7338 7337 7318
f 7338 7318 7319
f 7339 7338 7319
f 7340 7339 7319
f 7340 7319 7320
f 7341 7320 7321
f 7341 7321 7322
f 7341 7340 7320
f 7342 7341 7322
f 7343 7322 7323
f 7343 7342 7322
f 7344 7343 7323
f 7344 7323 7324
f 7344 7324 7325
f 7345 7344 7325
f 7346 7345 7325
f 7346 7325 7326
f 7347 7346 7326
f 7347 7326 7327
f 7347 7327 7328
f 7348 7347 7328
f 7349 7328 7329
f 7349 7348 7328
f 7350 7329 7330
f 7350 7330 7331
f 7350 7349 7329
f 7351 7331 5228
f 7351 7350 7331
f 7352 4781 7332
f 7352 4783 4781
f 7352 4785 4783
f 7353 7332 7333
f 7353 7352 7332
f 7354 7333 7334
f 7354 7353 7333
f 7355 7334 7335
f 7355 7335 7336
f 7355 7354 7334
f 7356 7355 7336
f 7356 7336 7337
f 7357 7356 7337
f 7358 7337 7338
f 7358 7357 7337
f 7359 7338 7339
f 7359 7358 7338
f 7360 7339 7340
f 7360 7359 7339
f 7361 7360 7340
f 7361 7340 7341
f 7362 7341 7342
f 7362 7361 7341
f 7363 7342 7343
f 7363 7362 7342
f 7364 7363 7343
f 7364 7343 7344
f 7365 7364 7344
f 7365 7344 7345
f 7366 7365 7345
f 7366 7345 7346
f 7367 7346 7347
f 7367 7366 7346
f 7368 7367 7347
f 7368 7347 7348
f 7369 7348 7349
f 7369 7368 7348
f 7370 7369 7349
f 7370 7349 7350
f 7371 7370 7350
f 7371 7351 5228
f 7371 7350 7351
f 7371 5228 5229
f 7371 5229 5230
f 7372 4785 7352
f 7373 7353 7354
f 7373 7352 7353
f 7373 7372 7352
f 7374 7373 7354
f 7375 7374 7354
f 7375 7354 7355
f 7376 7375 7355
f 7376 7355 7356
f 7376 7356 7357
f 7377 7376 7357
f 7378 7357 7358
f 7378 7377 7357
f 7378 7358 7359
f 7379 7378 7359
f 7380 7379 7359
f 7380 7359 7360
f 7381 7360 7361
f 7381 7361 7362
f 7381 7380 7360
f 7382 7381 7362
f 7383 7382 7362
f 7383 7362 7363
f 7384 7363 7364
f 7384 7383 7363
f 7384 7364 7365
f 7385 7384 7365
f 7386 7366 7367
f 7386 7385 7365
f 7386 7365 7366
f 7387 7386 7367
f 7388 7387 7367
f 7388 7367 7368
f 7389 7368 7369
f 7389 7369 7370
f 7389 7388 7368
f 7390 7370 7371
f 7390 7389 7370
f 7391 7371 5230
f 7391 7390 7371
f 7391 5230 5231
f 7392 4785 7372
f 7392 4787 4785
f 7392 4789 4787
f 7393 7372 7373
f 7393 7392 7372
f 7394 7373 7374
f 7394 7393 7373
f 7395 7374 7375
f 7395 7394 7374
f 7396 7376 7377
f 7396 7375 7376
f 7396 7395 7375
f 7397 7396 7377
f 7398 7397 7377
f 7398 7377 7378
f 7398 7378 7379
f 7399 7398 7379
f 7400 7399 7379
f 7400 7379 7380
f 7401 7400 7380
f 7401 7380 7381
f 7401 7381 7382
f 7402 7401 7382
f 7403 7402 7382
f 7403 7382 7383
f 7404 7383 7384
f 7404 7384 7385
f 7404 7403 7383
f 7405 7404 7385
f 7406 7405 7385
f 7406 7385 7386
f 7407 7406 7386
f 7407 7387 7388
f 7407 7386 7387
f 7408 7407 7388
f 7409 7408 7388
f 7409 7388 7389
f 7409 7389 7390
f 7410 7409 7390
f 7410 7390 7391
f 7411 7410 7391
f 7411 7391 5231
f 7412 4789 7392
f 7413 7392 7393
f 7413 7412 7392
f 7414 7394 7395
f 7414 7393 7394
f 7414 7413 7393
f 7415 7414 7395
f 7416 7415 7395
f 7416 7395 7396
f 7417 7416 7396
f 7417 7396 7397
f 7418 7397 7398
f 7418 7417 7397
f 7419 7398 7399
f 7419 7418 7398
f 7420 7399 7400
f 7420 7419 7399
f 7421 7400 7401
f 7421 7420 7400
f 7422 7401 7402
f 7422 7421 7401
f 7423 7402 7403
f 7423 7422 7402
f 7424 7403 7404
f 7424 7423 7403
f 7425 7404 7405
f 7425 7424 7404
f 7426 7405 7406
f 7426 7425 7405
f 7427 7406 7407
f 7427 7426 7406
f 7428 7427 7407
f 7428 7407 7408
f 7429 7428 7408
f 7429 7408 7409
f 7430 7429 7409
f 7430 7409 7410
f 7431 7430 7410
f 7431 7410 7411
f 7431 7411 5231
f 7431 5231 5232
f 7431 5232 5233
f 7432 4789 7412
f 7432 4791 4789
f 7432 4793 4791
f 7433 7412 7413
f 7433 7432 7412
f 7434 7433 7413
f 7434 7413 7414
f 7435 7414 7415
f 7435 7434 7414
f 7436 7435 7415
f 7436 7415 7416
f 7436 7416 7417
f 7437 7436 7417
f 7438 7437 7417
f 7438 7417 7418
f 7439 7438 7418
f 7439 7418 7419
f 7440 7439 7419
f 7440 7419 7420
f 7441 7440 7420
f 7441 7421 7422
f 7441 7420 7421
f 7442 7441 7422
f 7443 7442 7422
f 7443 7422 7423
f 7444 7443 7423
f 7444 7423 7424
f 7444 7424 7425
f 7445 7444 7425
f 7446 7445 7425
f 7446 7425 7426
f 7447 7426 7427
f 7447 7446 7426
f 7448 7427 7428
f 7448 7428 7429
f 7448 7447 7427
f 7449 7448 7429
f 7450 7429 7430
f 7450 7449 7429
f 7451 5233 5234
f 7451 7430 7431
f 7451 7431 5233
f 7451 7450 7430
f 7452 4793 7432
f 7453 7452 7432
f 7453 7432 7433
f 7454 7433 7434
f 7454 7453 7433
f 7455 7435 7436
f 7455 7454 7434
f 7455 7434 7435
f 7456 7455 7436
f 7457 7436 7437
f 7457 7456 7436
f 7457 7437 7438
f 7458 7457 7438
f 7459 7438 7439
f 7459 7458 7438
f 7460 7459 7439
f 7460 7439 7440
f 7461 7440 7441
f 7461 7460 7440
f 7462 7461 7441
f 7462 7441 7442
f 7463 7442 7443
f 7463 7462 7442
f 7464 7463 7443
f 7464 7443 7444
f 7465 7444 7445
f 7465 7464 7444
f 7466 7465 7445
f 7466 7445 7446
f 7467 7466 7446
f 7467 7446 7447
f 7468 7467 7447
f 7468 7447 7448
f 7469 7468 7448
f 7469 7448 7449
f 7470 7469 7449
f 7470 7449 7450
f 7471 7470 7450
f 7471 7451 5234
f 7471 7450 7451
f 7472 4793 7452
f 7472 4795 4793
f 7473 7452 7453
f 7473 7472 7452
f 7474 7473 7453
f 7474 7453 7454
f 7475 7454 7455
f 7475 7474 7454
f 7476 7475 7455
f 7476 7455 7456
f 7477 7476 7456
f 7477 7456 7457
f 7478 7457 7458
f 7478 7477 7457
f 7479 7478 7458
f 7479 7458 7459
f 7480 7479 7459
f 7480 7459 7460
f 7481 7480 7460
f 7481 7460 7461
f 7482 7481 7461
f 7482 7461 7462
f 7483 7462 7463
f 7483 7482 7462
f 7484 7483 7463
f 7484 7463 7464
f 7485 7464 7465
f 7485 7484 7464
f 7486 7465 7466
f 7486 7485 7465
f 7487 7466 7467
f 7487 7486 7466
f 7488 7467 7468
f 7488 7487 7467
f 7489 7488 7468
f 7489 7468 7469
f 7490 7469 7470
f 7490 7489 7469
f 7491 5234 5235
f 7491 7471 5234
f 7491 7470 7471
f 7491 7490 7470
f 7492 4795 7472
f 7492 7472 7473
f 7492 4796 4795
f 7493 7492 7473
f 7494 7473 7474
f 7494 7493 7473
f 7495 7475 7476
f 7495 7494 7474
f 7495 7474 7475
f 7496 7476 7477
f 7496 7495 7476
f 7497 7477 7478
f 7497 7496 7477
f 7498 7497 7478
f 7499 7478 7479
f 7499 7498 7478
f 7500 7499 7479
f 7500 7479 7480
f 7501 7500 7480
f 7501 7481 7482
f 7501 7480 7481
f 7502 7501 7482
f 7503 7502 7482
f 7503 7482 7483
f 7504 7503 7483
f 7504 7483 7484
f 7504 7484 7485
f 7505 7504 7485
f 7505 7485 7486
f 7506 7505 7486
f 7507 7506 7486
f 7507 7486 7487
f 7508 7488 7489
f 7508 7507 7487
f 7508 7487 7488
f 7509 7508 7489
f 7510 7509 7489
f 7510 7489 7490
f 7510 7490 7491
f 7511 5235 5236
f 7511 5236 5237
f 7511 7510 7491
f 7511 7491 5235
f 7512 4801 4799
f 7512 4796 7492
f 7512 4799 4796
f 7513 7512 7492
f 7513 7492 7493
f 7514 7513 7493
f 7514 7493 7494
f 7515 7514 7494
f 7515 7494 7495
f 7516 7495 7496
f 7516 7515 7495
f 7517 7496 7497
f 7517 7516 7496
f 7518 7497 7498
f 7518 7498 7499
f 7518 7517 7497
f 7519 7518 7499
f 7520 7499 7500
f 7520 7519 7499
f 7521 7520 7500
f 7521 7500 7501
f 7522 7501 7502
f 7522 7521 7501
f 7523 7502 7503
f 7523 7522 7502
f 7524 7503 7504
f 7524 7523 7503
f 7525 7524 7504
f 7525 7504 7505
f 7526 7505 7506
f 7526 7506 7507
f 7526 7525 7505
f 7527 7526 7507
f 7528 7507 7508
f 7528 7527 7507
f 7529 7508 7509
f 7529 7509 7510
f 7529 7528 7508
f 7530 7510 7511
f 7530 7529 7510
f 7531 7530 7511
f 7531 5237 5238
f 7531 7511 5237
f 7532 4801 7512
f 7533 7512 7513
f 7533 7532 7512
f 7534 7533 7513
f 7534 7513 7514
f 7535 7514 7515
f 7535 7515 7516
f 7535 7534 7514
f 7536 7535 7516
f 7537 7536 7516
f 7537 7516 7517
f 7538 7537 7517
f 7538 7517 7518
f 7539 7538 7518
f 7539 7518 7519
f 7540 7539 7519
f 7540 7519 7520
f 7541 7540 7520
f 7541 7520 7521
f 7541 7521 7522
f 7542 7541 7522
f 7543 7542 7522
f 7543 7522 7523
f 7544 7543 7523
f 7544 7523 7524
f 7544 7524 7525
f 7545 7544 7525
f 7546 7525 7526
f 7546 7545 7525
f 7547 7546 7526
f 7547 7526 7527
f 7548 7528 7529
f 7548 7547 7527
f 7548 7527 7528
f 7549 7548 7529
f 7550 7529 7530
f 7550 7530 7531
f 7550 7549 7529
f 7551 7531 5238
f 7551 5238 5240
f 7551 7550 7531
f 7552 4803 4801
f 7552 4801 7532
f 7553 7552 7532
f 7553 7532 7533
f 7554 7533 7534
f 7554 7553 7533
f 7555 7554 7534
f 7555 7534 7535
f 7556 7555 7535
f 7556 7535 7536
f 7557 7536 7537
f 7557 7556 7536
f 7557 7537 7538
f 7558 7557 7538
f 7559 7538 7539
f 7559 7539 7540
f 7559 7558 7538
f 7560 7540 7541
f 7560 7559 7540
f 7561 7560 7541
f 7562 7541 7542
f 7562 7561 7541
f 7563 7542 7543
f 7563 7543 7544
f 7563 7562 7542
f 7564 7563 7544
f 7565 7544 7545
f 7565 7545 7546
f 7565 7564 7544
f 7566 7565 7546
f 7567 7566 7546
f 7567 7546 7547
f 7568 7547 7548
f 7568 7567 7547
f 7568 7548 7549
f 7569 7568 7549
f 7569 7549 7550
f 7570 7569 7550
f 7570 7550 7551
f 7571 7570 7551
f 7571 7551 5240
f 7572 4805 4803
f 7572 7552 7553
f 7572 4803 7552
f 7573 7572 7553
f 7573 7553 7554
f 7574 7573 7554
f 7575 7574 7554
f 7575 7554 7555
f 7576 7555 7556
f 7576 7556 7557
f 7576 7575 7555
f 7577 7576 7557
f 7578 7577 7557
f 7578 7557 7558
f 7579 7578 7558
f 7579 7558 7559
f 7580 7579 7559
f 7580 7559 7560
f 7581 7580 7560
f 7581 7560 7561
f 7582 7581 7561
f 7582 7561 7562
f 7583 7562 7563
f 7583 7582 7562
f 7584 7563 7564
f 7584 7583 7563
f 7585 7564 7565
f 7585 7584 7564
f 7586 7565 7566
f 7586 7585 7565
f 7587 7566 7567
f 7587 7586 7566
f 7588 7567 7568
f 7588 7587 7567
f 7589 7588 7568
f 7589 7568 7569
f 7590 7569 7570
f 7590 7589 7569
f 7591 5240 5244
f 7591 7571 5240
f 7591 7570 7571
f 7591 7590 7570
f 7592 4807 4805
f 7592 5935 5932
f 7592 7572 7573
f 7592 5932 4807
f 7592 4805 7572
f 7593 5937 5935
f 7593 5935 7592
f 7593 7573 7574
f 7593 7592 7573
f 7594 7574 7575
f 7594 7593 7574
f 7594 5937 7593
f 7595 5937 7594
f 7595 5939 5937
f 7595 7594 7575
f 7596 5941 5939
f 7596 7576 7577
f 7596 7575 7576
f 7596 5939 7595
f 7596 7595 7575
f 7597 5941 7596
f 7597 5943 5941
f 7597 5945 5943
f 7597 7596 7577
f 7598 5945 7597
f 7598 7577 7578
f 7598 7597 7577
f 7599 7598 7578
f 7599 5947 5945
f 7599 7578 7579
f 7599 5945 7598
f 7600 7599 7579
f 7600 5949 5947
f 7600 7579 7580
f 7600 5947 7599
f 7601 7580 7581
f 7601 7600 7580
f 7601 5951 5949
f 7601 5949 7600
f 7602 5951 7601
f 7602 7601 7581
f 7602 5953 5951
f 7602 7581 7582
f 7603 7602 7582
f 7603 5955 5953
f 7603 5957 5955
f 7603 7582 7583
f 7603 7583 7584
f 7603 5953 7602
f 7604 5957 7603
f 7604 7603 7584
f 7605 7604 7584
f 7605 5959 5957
f 7605 5957 7604
f 7605 7584 7585
f 7606 5959 7605
f 7606 5961 5959
f 7606 7605 7585
f 7606 7585 7586
f 7607 5963 5961
f 7607 5961 7606
f 7607 7606 7586
f 7607 7586 7587
f 7608 5965 5963
f 7608 5963 7607
f 7608 7607 7587
f 7608 7587 7588
f 7609 5967 5965
f 7609 5969 5967
f 7609 5965 7608
f 7609 7608 7588
f 7609 7588 7589
f 7609 7589 7590
f 7610 5971 5969
f 7610 5969 7609
f 7610 7609 7590
f 7610 7590 7591
f 7611 5244 5245
f 7611 5245 5146
f 7611 5146 5971
f 7611 7610 7591
f 7611 5971 7610
f 7611 7591 5244
f 5071 5067 7612
f 5071 7612 7613
f 5085 5071 7613
f 5085 7613 7614
f 5090 7614 7615
f 5090 5085 7614
f 5095 7615 7616
f 5095 5090 7615
f 5100 7616 7617
f 5100 5095 7616
f 5127 7617 7618
f 5127 5100 7617
f 5130 7618 7619
f 5130 5127 7618
f 5134 5130 7619
f 5134 7619 7620
f 5134 7620 7621
f 5138 5134 7621
f 5142 5138 7621
f 5142 7621 7622
f 5144 5142 7622
f 5144 7622 7623
f 5140 5144 7623
f 5140 7623 7624
f 5140 7624 7625
f 5136 5140 7625
f 5136 7625 7626
f 5132 5136 7626
f 5132 7626 7627
f 5125 5132 7627
f 5107 7627 7628
f 5107 7628 7629
f 5107 5125 7627
f 5105 5107 7629
f 5072 7629 7630
f 5072 5105 7629
f 5073 7630 7631
f 5073 5072 7630
f 5074 7631 7632
f 5074 5073 7631
f 5048 7632 7633
f 5048 7633 7634
f 5048 5074 7632
f 5049 5048 7634
f 5050 7634 7635
f 5050 7635 7636
f 5050 5049 7634
f 5047 5050 7636
f 5016 7636 7637
f 5016 7637 7638
f 5016 5047 7636
f 5014 5016 7638
f 5007 7638 7639
f 5007 5014 7638
f 5003 7639 7640
f 5003 5007 7639
f 4999 7640 7641
f 4999 5003 7640
f 4995 7641 7642
f 4995 4999 7641
f 4992 7642 7643
f 4992 7643 7644
f 4992 4995 7642
f 4988 4992 7644
f 4984 4988 7644
f 4984 7644 7645
f 4980 4984 7645
f 4980 7645 7646
f 4976 4980 7646
f 4976 7646 7647
f 4972 4976 7647
f 4972 7647 7648
f 4971 7648 7649
f 4971 4972 7648
f 4966 7649 7650
f 4966 4971 7649
f 4960 7650 7651
f 4960 4966 7650
f 4955 7651 7652
f 4955 7652 7653
f 4955 4960 7651
f 4951 4955 7653
f 4947 7653 7654
f 4947 4951 7653
f 4944 7654 7655
f 4944 4947 7654
f 4939 7655 7656
f 4939 4944 7655
f 4933 7656 7657
f 4933 4939 7656
f 4928 7657 7658
f 4928 4933 7657
f 4924 7658 7659
f 4924 4928 7658
f 4921 7659 7660
f 4921 4924 7659
f 4917 7660 7661
f 4917 4921 7660
f 4913 7661 7662
f 4913 4917 7661
f 4909 7662 7663
f 4909 4913 7662
f 4905 7663 7664
f 4905 4909 7663
f 4902 7664 7665
f 4902 4905 7664
f 4907 7665 7666
f 4907 4902 7665
f 4911 7666 7667
f 4911 4907 7666
f 4915 7667 7668
f 4915 4911 7667
f 4919 7668 7669
f 4919 4915 7668
f 4922 4919 7669
f 4922 7669 7670
f 4926 4922 7670
f 4926 7670 7671
f 4931 4926 7671
f 4931 7671 7672
f 4937 4931 7672
f 4937 7672 7673
f 4937 7673 7674
f 4942 4937 7674
f 4945 4942 7674
f 4945 7674 7675
f 4949 4945 7675
f 4949 7675 7676
f 4953 4949 7676
f 4953 7676 7677
f 4958 4953 7677
f 4958 7677 7678
f 4964 4958 7678
f 4964 7678 7679
f 4969 4964 7679
f 4969 7679 7680
f 4974 4969 7680
f 4974 7680 7681
f 4978 4974 7681
f 4978 7681 7682
f 4982 4978 7682
f 4982 7682 7683
f 4986 7683 7684
f 4986 4982 7683
f 4990 7684 7685
f 4990 4986 7684
f 4993 7685 7686
f 4993 4990 7685
f 4997 7686 7687
f 4997 4993 7686
f 5001 7687 7688
f 5001 4997 7687
f 5005 7688 7689
f 5005 5001 7688
f 5009 7689 7690
f 5009 5005 7689
f 5012 7690 7691
f 5012 5009 7690
f 5035 7691 7692
f 5035 5012 7691
f 5038 7692 7693
f 5038 5035 7692
f 5041 7693 7694
f 5041 5038 7693
f 5044 5041 7694
f 5044 7694 7695
f 5067 5044 7695
f 5067 7695 7612
f 5151 5149 5571
f 5151 5571 5572
f 5151 5572 5573
f 5151 5573 5574
f 5151 5574 5575
f 5576 5151 5575
f 5577 5151 5576
f 5578 5151 5577
f 5579 5151 5578
f 5580 5151 5579
f 5581 5151 5580
f 5582 5151 5581
f 5583 5151 5582
f 5584 5151 5583
f 5585 5151 5584
f 5570 5153 5152
f 5586 5151 5585
f 5569 5570 5152
f 5587 5151 5586
f 5568 5569 5152
f 5588 5151 5587
f 5567 5568 5152
f 5589 5151 5588
f 5566 5567 5152
f 5545 5151 5589
f 5565 5566 5152
f 5544 5151 5545
f 5564 5565 5152
f 5546 5151 5544
f 5563 5564 5152
f 5547 5151 5546
f 5547 5152 5151
f 5562 5563 5152
f 5548 5152 5547
f 5561 5562 5152
f 5549 5152 5548
f 5560 5561 5152
f 5550 5152 5549
f 5559 5560 5152
f 5551 5152 5550
f 5558 5559 5152
f 5552 5152 5551
f 5557 5558 5152
f 5553 5152 5552
f 5556 5557 5152
f 5554 5152 5553
f 5555 5556 5152
f 5555 5152 5554
f 5192 5741 5742
f 5192 5742 5743
f 5192 5743 5744
f 5192 5744 5745
f 5192 5745 5746
f 5192 5746 5747
f 5192 5747 5748
f 5192 5748 5749
f 5192 5749 5750
f 5192 5750 5751
f 5192 5751 5752
f 5192 5752 5753
f 5192 5753 5754
f 5192 5754 5755
f 5192 5755 5756
f 5192 5756 5757
f 5192 5757 5758
f 5192 5758 5759
f 5192 5759 5760
f 5192 5760 5761
f 5192 5761 5762
f 5192 5762 5763
f 5192 5763 5193
f 5191 5729 5730
f 5191 5730 5731
f 5191 5731 5732
f 5191 5732 5733
f 5191 5733 5734
f 5191 5734 5735
f 5191 5735 5736
f 5191 5736 5737
f 5191 5737 5738
f 5191 5738 5739
f 5191 5739 5740
f 5191 5740 5741
f 5191 5741 5192
f 5728 5729 5191
f 5727 5728 5191
f 5726 5727 5191
f 5725 5726 5191
f 5724 5725 5191
f 5723 5724 5191
f 5722 5723 5191
f 5721 5722 5191
f 5720 5721 5191
f 5719 5720 5191
f 5189 5719 5191
f 5202 5612 5613
f 5202 5613 5614
f 5202 5614 5615
f 5202 5615 5616
f 5202 5616 5617
f 5202 5617 5618
f 5202 5618 5619
f 5202 5619 5620
f 5202 5620 5621
f 5202 5621 5622
f 5202 5622 5623
f 5202 5623 5624
f 5202 5624 5625
f 5202 5625 5626
f 5202 5626 5627
f 5202 5627 5628
f 5202 5628 5629
f 5202 5629 5630
f 5202 5630 5631
f 5202 5631 5632
f 5202 5632 5633
f 5202 5633 5634
f 5202 5634 5203
f 5201 5595 5596
f 5201 5596 5597
f 5201 5597 5598
f 5201 5598 5599
f 5201 5599 5600
f 5201 5600 5601
f 5201 5601 5602
f 5201 5602 5603
f 5201 5603 5604
f 5201 5604 5605
f 5201 5605 5606
f 5201 5606 5607
f 5201 5607 5608
f 5201 5608 5609
f 5201 5609 5610
f 5201 5610 5611
f 5201 5611 5612
f 5201 5612 5202
f 5594 5595 5201
f 5593 5594 5201
f 5592 5593 5201
f 5591 5592 5201
f 5590 5591 5201
f 5199 5590 5201
f 5241 5239 5518
f 5241 5518 5519
f 5241 5519 5520
f 5241 5520 5521
f 5241 5521 5522
f 5241 5522 5523
f 5241 5523 5524
f 5241 5524 5525
f 5241 5525 5526
f 5241 5526 5527
f 5241 5527 5528
f 5529 5241 5528
f 5530 5241 5529
f 5531 5241 5530
f 5532 5241 5531
f 5533 5241 5532
f 5534 5241 5533
f 5535 5241 5534
f 5536 5241 5535
f 5537 5241 5536
f 5538 5241 5537
f 5539 5241 5538
f 5540 5241 5539
f 5541 5242 5241
f 5541 5241 5540
f 5542 5242 5541
f 5543 5242 5542
f 5499 5242 5543
f 5498 5242 5499
f 5500 5242 5498
f 5517 5243 5242
f 5501 5242 5500
f 5516 5517 5242
f 5502 5242 5501
f 5515 5516 5242
f 5503 5242 5502
f 5514 5515 5242
f 5504 5242 5503
f 5513 5514 5242
f 5505 5242 5504
f 5512 5513 5242
f 5506 5242 5505
f 5511 5512 5242
f 5507 5242 5506
f 5510 5511 5242
f 5508 5242 5507
f 5509 5510 5242
f 5509 5242 5508
f 7696 5688 7697
f 7696 5687 5688
f 7698 7697 5688
f 7698 5688 5689
f 7699 5687 7696
f 7699 5686 5687
f 7700 7698 5689
f 7700 5689 5690
f 7701 5686 7699
f 7701 5685 5686
f 7702 7700 5690
f 7702 5690 5691
f 7703 5685 7701
f 7703 5684 5685
f 7704 5691 5692
f 7704 7702 5691
f 7705 5684 7703
f 7705 5683 5684
f 7706 7704 5692
f 7706 5692 5693
f 7707 5682 5683
f 7707 5683 7705
f 7708 5693 5694
f 7708 7706 5693
f 7709 5682 7707
f 7709 5681 5682
f 7710 7708 5694
f 7710 5694 5695
f 7711 5680 5681
f 7711 5681 7709
f 7712 5695 5696
f 7712 7710 5695
f 7713 5680 7711
f 7713 5679 5680
f 7714 7712 5696
f 7714 5696 5697
f 7715 5679 7713
f 7715 5678 5679
f 7716 5697 5698
f 7716 7714 5697
f 7717 5677 5678
f 7717 5678 7715
f 7718 7716 5698
f 7718 5698 5699
f 7719 5676 5677
f 7719 5677 7717
f 7720 5699 5700
f 7720 7718 5699
f 7721 5675 5676
f 7721 5676 7719
f 7722 5674 5675
f 7722 5675 7721
f 7723 5700 5701
f 7723 7720 5700
f 7724 5673 5674
f 7724 5674 7722
f 7725 7723 5701
f 7725 5701 5702
f 7726 5672 5673
f 7726 5673 7724
f 7727 5702 5703
f 7727 7725 5702
f 7728 5672 7726
f 7728 5671 5672
f 7729 5703 5704
f 7729 7727 5703
f 7730 5671 7728
f 7730 5670 5671
f 7731 7729 5704
f 7731 5704 5705
f 7732 5669 5670
f 7732 5670 7730
f 7733 7731 5705
f 7733 5705 5706
f 7734 5669 7732
f 7734 5668 5669
f 7735 7733 5706
f 7735 5706 5707
f 5708 7735 5707
f 7736 5667 5668
f 7736 5668 7734
f 7737 7735 5708
f 5666 7736 7738
f 5666 5667 7736
f 5709 7737 5708
f 5709 7739 7737
f 5665 7740 7741
f 5665 7738 7740
f 5665 5666 7738
f 5710 7739 5709
f 5710 7742 7739
f 5710 7743 7742
f 5664 5665 7741
f 5711 7743 5710
f 5663 7744 7745
f 5663 7741 7744
f 5663 5664 7741
f 5712 7743 5711
f 5712 7746 7743
f 5662 5663 7745
f 5713 7746 5712
f 5713 7747 7746
f 5713 7748 7747
f 5661 7749 7750
f 5661 7745 7749
f 5661 5662 7745
f 5714 7748 5713
f 5660 5661 7750
f 5715 7748 5714
f 5715 7751 7748
f 5715 7752 7751
f 5659 7750 7753
f 5659 5660 7750
f 5716 7752 5715
f 5658 5659 7753
f 5658 7754 7755
f 5658 7753 7754
f 5717 7752 5716
f 5717 7756 7752
f 5717 7757 7756
f 5657 5658 7755
f 5718 7757 5717
f 5656 7755 7758
f 5656 5657 7755
f 5635 7757 5718
f 5635 7759 7757
f 5655 7760 7761
f 5655 7758 7760
f 5655 5656 7758
f 5636 7759 5635
f 5636 7762 7759
f 5654 5655 7761
f 5637 7762 5636
f 5637 7763 7762
f 5653 7761 7764
f 5653 5654 7761
f 5638 7763 5637
f 5638 7765 7763
f 5652 7764 7766
f 5652 5653 7764
f 5639 7765 5638
f 5639 7767 7765
f 5639 7768 7767
f 5651 7766 7769
f 5651 5652 7766
f 5640 7768 5639
f 5640 7770 7768
f 5650 5651 7769
f 5650 7769 7771
f 5641 7770 5640
f 5649 5650 7771
f 5649 7771 7772
f 5642 7770 5641
f 5642 7773 7770
f 5648 5649 7772
f 5648 7772 7774
f 5643 7773 5642
f 5643 7775 7773
f 5647 5648 7774
f 5647 7774 7776
f 5644 7775 5643
f 5644 7777 7775
f 5646 7776 7778
f 5646 5647 7776
f 5645 5646 7778
f 5645 7779 7777
f 5645 7777 5644
f 5645 7778 7779
f 7780 7781 7782
f 7780 7782 7783
f 7784 7781 7780
f 7785 7782 7786
f 7785 7783 7782
f 7787 7781 7784
f 7788 7785 7786
f 7789 7781 7787
f 7790 7786 7791
f 7790 7788 7786
f 7792 7781 7789
f 7793 7790 7791
f 7794 7781 7792
f 7795 7793 7791
f 7796 7781 7794
f 7797 7795 7791
f 7798 7781 7796
f 7799 7797 7791
f 7800 7781 7798
f 7801 7799 7791
f 7802 7781 7800
f 7803 7801 7791
f 7804 7805 7781
f 7804 7781 7802
f 7806 7803 7791
f 7807 7805 7804
f 7808 7806 7791
f 7809 7805 7807
f 7810 7808 7791
f 7811 7805 7809
f 7812 7810 7791
f 7813 7805 7811
f 7814 7805 7813
f 7815 7805 7814
f 7816 7805 7815
f 7817 7805 7816
f 7818 7805 7817
f 7819 7820 7805
f 7819 7805 7818
f 7821 7820 7819
f 7822 7823 7820
f 7822 7820 7821
f 7824 7823 7822
f 7825 7826 7823
f 7825 7823 7824
f 7827 7826 7825
f 7828 7826 7827
f 7829 7826 7828
f 7830 7826 7829
f 7831 7826 7830
f 7832 7826 7831
f 7833 7826 7832
f 7834 7826 7833
f 7835 7826 7834
f 7836 7826 7835
f 5817 7837 7838
f 5816 5817 7838
f 5816 7838 7839
f 5815 5816 7839
f 5815 7839 7840
f 5815 7840 7841
f 5818 7842 7837
f 5818 7837 5817
f 5819 7843 7844
f 5819 7844 7842
f 5819 7842 5818
f 5814 7812 7791
f 5814 5815 7841
f 5814 7841 7812
f 5820 7845 7843
f 5820 7843 5819
f 5813 5814 7791
f 5821 7845 5820
f 5821 7846 7845
f 5812 5813 7791
f 5822 7846 5821
f 5822 7847 7848
f 5822 7848 7846
f 5811 5812 7791
f 5823 7847 5822
f 5823 7849 7847
f 5810 5811 7791
f 5824 7850 7849
f 5824 7849 5823
f 5809 5810 7791
f 5825 7851 7852
f 5825 7852 7850
f 5825 7850 5824
f 5808 5809 7791
f 5826 7853 7851
f 5826 7851 5825
f 5827 7854 7855
f 5827 7855 7853
f 5827 7853 5826
f 5828 7856 7854
f 5828 7854 5827
f 5829 7857 7858
f 5829 7858 7856
f 5829 7856 5828
f 5830 7859 7857
f 5830 7857 5829
f 5831 7860 7859
f 5831 7859 5830
f 5832 7861 7862
f 5832 7862 7860
f 5832 7860 5831
f 5833 7863 7861
f 5833 7861 5832
f 5834 7864 7863
f 5834 7863 5833
f 5835 7865 7866
f 5835 7866 7864
f 5835 7864 5834
f 5836 7867 7865
f 5836 7865 5835
f 5837 7868 7867
f 5837 7867 5836
f 5838 7868 5837
f 5838 7869 7868
f 5839 7870 7871
f 5839 7871 7869
f 5839 7869 5838
f 5840 7826 7836
f 5840 7836 7870
f 5840 7870 5839
f 5841 7826 5840
f 5842 7826 5841
f 5843 7826 5842
f 5844 7826 5843
f 5845 7826 5844
f 5846 7826 5845
f 7872 5792 5793
f 7872 5793 7873
f 7874 7873 5793
f 7874 5793 5794
f 7875 5792 7872
f 7875 5791 5792
f 7876 5794 5795
f 7876 7874 5794
f 7877 5790 5791
f 7877 5791 7875
f 7878 7876 5795
f 7878 5795 5796
f 7879 5790 7877
f 7880 7878 5796
f 7880 5796 5797
f 7881 5789 5790
f 7881 5790 7879
f 7882 5788 5789
f 7882 5789 7881
f 7883 7880 5797
f 7884 5787 5788
f 7884 5788 7882
f 7885 7883 5797
f 7885 5797 5798
f 7886 5787 7884
f 7887 7885 5798
f 7888 5787 7886
f 7888 5786 5787
f 7889 5785 5786
f 7889 5786 7888
f 7890 5785 7889
f 7891 5784 5785
f 7891 5785 7890
f 7892 5783 5784
f 7892 5784 7891
f 7893 5783 7892
f 7894 5782 5783
f 7894 5783 7893
f 7895 5781 5782
f 7895 5782 7894
f 7896 5779 5781
f 7896 5781 7895
f 7897 5779 7896
f 7898 5780 5779
f 7898 5779 7897
f 7899 5778 5780
f 7899 5780 7898
f 7900 5777 5778
f 7900 5778 7899
f 7901 5777 7900
f 7902 7903 7904
f 7902 7904 7905
f 7902 7905 7906
f 7902 7906 7907
f 7902 7907 7908
f 7902 7908 7909
f 7902 7909 7910
f 7902 7910 7911
f 7902 7911 7912
f 7902 7912 7887
f 7902 5798 5799
f 7902 5799 5800
f 7902 5800 5801
f 7902 5801 5802
f 7902 5802 5803
f 7902 5803 5804
f 7902 7887 5798
f 7913 5777 7901
f 7913 5776 5777
f 7914 5775 5776
f 7914 5776 7913
f 7915 5774 5775
f 7915 5775 7914
f 7916 5773 5774
f 7916 5774 7915
f 7917 5773 7916
f 7918 5772 5773
f 7918 5773 7917
f 7919 7903 7902
f 7919 7920 7921
f 7919 7921 7903
f 7922 5772 7918
f 7923 7924 7925
f 7923 7925 7920
f 7923 7920 7919
f 7926 7927 7928
f 7926 7928 7929
f 7926 7929 7930
f 7926 7930 7931
f 7926 7931 7932
f 7926 7932 7933
f 7926 7933 7934
f 7926 7934 7935
f 7926 7935 7936
f 7926 7936 7924
f 7926 7924 7923
f 7937 7938 7939
f 7937 7939 7940
f 7937 7940 7941
f 7937 7941 7927
f 7937 7927 7926
f 7937 7942 7943
f 7937 7943 7944
f 7937 7944 7945
f 7937 7945 7946
f 7937 7946 7947
f 7937 7947 7938
f 7948 7942 7937
f 7948 7949 7950
f 7948 7950 7942
f 7951 7952 7953
f 7951 7953 7949
f 7951 7949 7948
f 7954 5766 5767
f 7954 5767 5768
f 7954 5768 5769
f 7954 5769 5770
f 7954 5770 5771
f 7954 5771 5772
f 7954 5772 7922
f 7954 7922 7955
f 7954 7955 7956
f 7954 7956 7957
f 7954 7957 7958
f 7954 7958 7959
f 7954 7959 7960
f 7954 7960 7961
f 7954 7961 7962
f 7954 7962 7963
f 7954 7963 7952
f 7954 7952 7951
f 7902 5806 7791
f 5806 5807 7791
f 5807 5808 7791
f 7902 5805 5806
f 7902 5804 5805
f 7826 5764 7954
f 5764 5765 7954
f 5765 5766 7954
f 7826 5847 5764
f 7826 5846 5847
f 7964 5901 7965
f 7964 5900 5901
f 7966 7965 5901
f 7966 5901 5902
f 7967 5900 7964
f 7967 5899 5900
f 7968 7966 5902
f 7968 5902 5903
f 7969 5899 7967
f 7969 5898 5899
f 7970 7968 5903
f 7970 5903 5904
f 7971 5898 7969
f 7971 5897 5898
f 7972 5904 5905
f 7972 7970 5904
f 7973 5897 7971
f 7973 5896 5897
f 7974 7972 5905
f 7974 5905 5906
f 7975 5895 5896
f 7975 5896 7973
f 7976 5906 5907
f 7976 7974 5906
f 7977 5895 7975
f 7977 5894 5895
f 7978 7976 5907
f 7978 5907 5908
f 7979 5893 5894
f 7979 5894 7977
f 7980 5908 5909
f 7980 7978 5908
f 7981 5893 7979
f 7981 5892 5893
f 7982 7980 5909
f 7982 5909 5910
f 7983 5892 7981
f 7983 5891 5892
f 7984 5910 5911
f 7984 7982 5910
f 7985 5890 5891
f 7985 5891 7983
f 7986 7984 5911
f 7986 5911 5912
f 7987 5889 5890
f 7987 5890 7985
f 7988 5912 5913
f 7988 7986 5912
f 7989 5888 5889
f 7989 5889 7987
f 7990 5887 5888
f 7990 5888 7989
f 7991 5913 5914
f 7991 7988 5913
f 7992 5886 5887
f 7992 5887 7990
f 7993 7991 5914
f 7993 5914 5915
f 7994 5885 5886
f 7994 5886 7992
f 7995 5915 5916
f 7995 7993 5915
f 7996 5885 7994
f 7996 5884 5885
f 7997 5916 5917
f 7997 7995 5916
f 7998 5884 7996
f 7998 5883 5884
f 7999 7997 5917
f 7999 5917 5918
f 8000 5882 5883
f 8000 5883 7998
f 8001 7999 5918
f 8001 5918 5919
f 8002 5882 8000
f 8002 5881 5882
f 8003 8001 5919
f 8003 5919 5920
f 5921 8003 5920
f 8004 5880 5881
f 8004 5881 8002
f 8005 8003 5921
f 5879 8004 8006
f 5879 5880 8004
f 5922 8005 5921
f 5922 8007 8005
f 5878 8008 8009
f 5878 8006 8008
f 5878 5879 8006
f 5923 8007 5922
f 5923 8010 8007
f 5923 8011 8010
f 5877 5878 8009
f 5924 8011 5923
f 5876 8012 8013
f 5876 8009 8012
f 5876 5877 8009
f 5925 8011 5924
f 5925 8014 8011
f 5875 5876 8013
f 5926 8014 5925
f 5926 8015 8014
f 5926 8016 8015
f 5874 8017 8018
f 5874 8013 8017
f 5874 5875 8013
f 5927 8016 5926
f 5873 5874 8018
f 5928 8016 5927
f 5928 8019 8016
f 5928 8020 8019
f 5872 8018 8021
f 5872 5873 8018
f 5929 8020 5928
f 5871 5872 8021
f 5871 8022 8023
f 5871 8021 8022
f 5930 8020 5929
f 5930 8024 8020
f 5930 8025 8024
f 5870 5871 8023
f 5931 8025 5930
f 5869 8023 8026
f 5869 5870 8023
f 5848 8025 5931
f 5848 8027 8025
f 5868 8028 8029
f 5868 8026 8028
f 5868 5869 8026
f 5849 8027 5848
f 5849 8030 8027
f 5867 5868 8029
f 5850 8030 5849
f 5850 8031 8030
f 5866 8029 8032
f 5866 5867 8029
f 5851 8031 5850
f 5851 8033 8031
f 5865 8032 8034
f 5865 5866 8032
f 5852 8033 5851
f 5852 8035 8033
f 5852 8036 8035
f 5864 8034 8037
f 5864 5865 8034
f 5853 8036 5852
f 5853 8038 8036
f 5863 5864 8037
f 5863 8037 8039
f 5854 8038 5853
f 5862 5863 8039
f 5862 8039 8040
f 5855 8038 5854
f 5855 8041 8038
f 5861 5862 8040
f 5861 8040 8042
f 5856 8041 5855
f 5856 8043 8041
f 5860 5861 8042
f 5860 8042 8044
f 5857 8043 5856
f 5857 8045 8043
f 5859 8044 8046
f 5859 5860 8044
f 5858 5859 8046
f 5858 8047 8045
f 5858 8045 5857
f 5858 8046 8047
f 8048 7665 7664
f 8048 8049 7665
f 8050 7666 7665
f 8050 7667 7666
f 8050 7665 8049
f 8051 8048 7664
f 8051 7663 7662
f 8051 7664 7663
f 8052 7667 8050
f 8053 8051 7662
f 8054 7668 7667
f 8054 7669 7668
f 8054 7667 8052
f 8055 7661 7660
f 8055 7662 7661
f 8055 8053 7662
f 8056 7669 8054
f 8057 8055 7660
f 8058 7669 8056
f 8058 7670 7669
f 8058 7671 7670
f 8059 7660 7659
f 8059 8057 7660
f 8060 7671 8058
f 8061 8059 7659
f 8061 7658 7657
f 8061 7659 7658
f 8062 7671 8060
f 8062 7672 7671
f 8062 7673 7672
f 8063 8061 7657
f 8064 7673 8062
f 8065 8063 7657
f 8065 7657 7656
f 8066 7673 8064
f 8066 7674 7673
f 8067 7656 7655
f 8067 8065 7656
f 8068 7674 8066
f 8068 7675 7674
f 8068 7676 7675
f 8069 7655 7654
f 8069 8067 7655
f 8070 7676 8068
f 8071 7653 7652
f 8071 7654 7653
f 8071 8069 7654
f 8072 7676 8070
f 8072 7677 7676
f 8073 8071 7652
f 8074 7677 8072
f 8074 7678 7677
f 8075 7652 7651
f 8075 8073 7652
f 8076 7651 7650
f 8076 8075 7651
f 8077 7678 8074
f 8077 7679 7678
f 8078 7650 7649
f 8078 8076 7650
f 8079 7680 7679
f 8079 7679 8077
f 8080 7649 7648
f 8080 8078 7649
f 8081 7681 7680
f 8081 7680 8079
f 7682 7681 8081
f 8082 8080 7648
f 8082 7648 7647
f 8083 7682 8081
f 8084 8082 7647
f 8084 7647 7646
f 8085 7682 8083
f 8085 7683 7682
f 8086 8084 7646
f 8086 7646 7645
f 8087 7683 8085
f 8087 7684 7683
f 7685 7684 8087
f 8088 8086 7645
f 8088 7645 7644
f 8089 7685 8087
f 8090 7685 8089
f 7643 8091 8088
f 7643 8088 7644
f 7686 7685 8090
f 7642 8092 8091
f 7642 8091 7643
f 7687 7686 8090
f 7687 8090 8093
f 7641 8094 8092
f 7641 8092 7642
f 7688 7687 8093
f 7688 8093 8095
f 8096 7688 8095
f 7640 8097 8094
f 7640 8094 7641
f 7689 7688 8096
f 7639 8098 8097
f 7639 8097 7640
f 7690 7689 8096
f 7690 8096 8099
f 7638 8100 8101
f 7638 8101 8098
f 7638 8098 7639
f 7691 7690 8099
f 7691 8099 8102
f 7637 8100 7638
f 7692 8102 8103
f 7692 8103 8104
f 7692 7691 8102
f 7636 8105 8100
f 7636 8100 7637
f 7693 7692 8104
f 7635 8106 8105
f 7635 8105 7636
f 7694 7693 8104
f 7694 8104 8107
f 7634 8108 8106
f 7634 8106 7635
f 7695 7694 8107
f 7695 8107 8109
f 7633 8108 7634
f 7633 8110 8108
f 7612 7695 8109
f 7612 8109 8111
f 7612 8111 8112
f 7613 7612 8112
f 7632 8113 8114
f 7632 8114 8110
f 7632 8110 7633
f 7614 7613 8112
f 7614 8112 8115
f 7631 8113 7632
f 7615 7614 8115
f 7615 8115 8116
f 7615 8116 8117
f 7630 8118 8113
f 7630 8113 7631
f 7629 8119 8118
f 7629 8118 7630
f 7616 7615 8117
f 7616 8117 8120
f 7628 8121 8119
f 7628 8119 7629
f 7617 7616 8120
f 7627 8121 7628
f 7627 8122 8121
f 7618 7617 8120
f 7618 8120 8123
f 7618 8123 8124
f 7619 7618 8124
f 7619 8124 8125
f 7626 8122 7627
f 7626 8126 8122
f 7620 7619 8125
f 7620 8125 8127
f 7625 8126 7626
f 7625 8128 8129
f 7625 8129 8126
f 7621 7620 8127
f 7624 8128 7625
f 7623 8130 8131
f 7623 8131 8128
f 7623 8128 7624
f 7622 8130 7623
f 7622 8127 8130
f 7622 7621 8127
f 7762 7833 7759
f 7762 7834 7833
f 7763 7834 7762
f 7763 7835 7834
f 7765 7836 7835
f 7765 7835 7763
f 7767 7870 7836
f 7767 7836 7765
f 7768 7871 7870
f 7768 7870 7767
f 7770 7869 7871
f 7770 7871 7768
f 7773 7868 7869
f 7773 7869 7770
f 7773 7867 7868
f 7775 7867 7773
f 7777 7867 7775
f 7777 7865 7867
f 7779 7865 7777
f 7779 7866 7865
f 7778 7866 7779
f 7778 7864 7866
f 7778 7863 7864
f 7776 7863 7778
f 7776 7861 7863
f 7774 7861 7776
f 7772 7861 7774
f 7772 7862 7861
f 7771 7862 7772
f 7771 7860 7862
f 7769 7859 7860
f 7769 7860 7771
f 7766 7857 7859
f 7766 7859 7769
f 7764 7858 7857
f 7764 7856 7858
f 7764 7857 7766
f 7761 7856 7764
f 7761 7854 7856
f 7760 7854 7761
f 7758 7855 7854
f 7758 7854 7760
f 7755 7853 7855
f 7755 7855 7758
f 7754 7851 7853
f 7754 7853 7755
f 7753 7852 7851
f 7753 7851 7754
f 7750 7850 7852
f 7750 7852 7753
f 7749 7849 7850
f 7749 7850 7750
f 7745 7847 7849
f 7745 7849 7749
f 7744 7848 7847
f 7744 7846 7848
f 7744 7847 7745
f 7741 7846 7744
f 7740 7845 7846
f 7740 7846 7741
f 7738 7843 7845
f 7738 7845 7740
f 7736 7843 7738
f 7736 7844 7843
f 7734 7844 7736
f 7734 7842 7844
f 7732 7842 7734
f 7732 7837 7842
f 7732 7838 7837
f 7730 7838 7732
f 7728 7838 7730
f 7728 7839 7838
f 7726 7840 7839
f 7726 7839 7728
f 7724 7841 7840
f 7724 7840 7726
f 7722 7812 7841
f 7722 7841 7724
f 7721 7810 7812
f 7721 7812 7722
f 7719 7808 7810
f 7719 7806 7808
f 7719 7810 7721
f 7717 7806 7719
f 7715 7803 7806
f 7715 7806 7717
f 7713 7801 7803
f 7713 7799 7801
f 7713 7803 7715
f 7711 7797 7799
f 7711 7799 7713
f 7709 7797 7711
f 7707 7795 7797
f 7707 7797 7709
f 7705 7793 7795
f 7705 7795 7707
f 7703 7790 7793
f 7703 7793 7705
f 7701 7788 7790
f 7701 7790 7703
f 7699 7785 7788
f 7699 7783 7785
f 7699 7788 7701
f 7696 7780 7783
f 7696 7783 7699
f 7697 7780 7696
f 7698 7784 7780
f 7698 7780 7697
f 7700 7787 7784
f 7700 7784 7698
f 7702 7789 7787
f 7702 7787 7700
f 7704 7792 7789
f 7704 7789 7702
f 7706 7792 7704
f 7706 7794 7792
f 7708 7794 7706
f 7708 7796 7794
f 7710 7796 7708
f 7710 7798 7796
f 7712 7798 7710
f 7712 7800 7798
f 7714 7800 7712
f 7714 7802 7800
f 7716 7802 7714
f 7716 7804 7802
f 7716 7807 7804
f 7718 7807 7716
f 7720 7807 7718
f 7720 7809 7807
f 7723 7809 7720
f 7723 7811 7809
f 7725 7811 7723
f 7725 7813 7811
f 7725 7814 7813
f 7727 7814 7725
f 7729 7814 7727
f 7729 7815 7814
f 7731 7815 7729
f 7731 7816 7815
f 7731 7817 7816
f 7733 7817 7731
f 7735 7818 7817
f 7735 7819 7818
f 7735 7817 7733
f 7737 7819 7735
f 7739 7821 7819
f 7739 7822 7821
f 7739 7819 7737
f 7742 7822 7739
f 7742 7824 7822
f 7743 7824 7742
f 7746 7825 7824
f 7746 7824 7743
f 7747 7827 7825
f 7747 7825 7746
f 7748 7828 7827
f 7748 7827 7747
f 7751 7829 7828
f 7751 7830 7829
f 7751 7828 7748
f 7752 7830 7751
f 7756 7831 7830
f 7756 7830 7752
f 7757 7831 7756
f 7757 7832 7831
f 7759 7832 7757
f 7759 7833 7832
f 7791 8132 8133
f 7791 8133 7902
f 8111 8134 8135
f 8112 8135 8136
f 8112 8111 8135
f 8115 8136 8137
f 8115 8112 8136
f 8116 8137 8138
f 8116 8115 8137
f 8117 8116 8138
f 8117 8138 8139
f 8120 8117 8139
f 8120 8139 8140
f 8123 8120 8140
f 8123 8140 8141
f 8124 8123 8141
f 8124 8141 8142
f 8125 8124 8142
f 8125 8142 8143
f 8127 8125 8143
f 8127 8143 8144
f 8130 8127 8144
f 8130 8144 8145
f 8131 8130 8145
f 8131 8145 8146
f 8128 8131 8146
f 8128 8146 8147
f 8129 8128 8147
f 8129 8147 8148
f 8126 8148 8149
f 8126 8129 8148
f 8122 8149 8150
f 8122 8126 8149
f 7954 8150 8151
f 8121 8122 8150
f 8121 8150 7954
f 8119 7954 7951
f 8119 8121 7954
f 8152 7937 8153
f 8118 7951 7948
f 8118 7948 7937
f 8118 8119 7951
f 8113 8118 7937
f 8114 8152 8154
f 8114 7937 8152
f 8114 8113 7937
f 8110 8154 8155
f 8110 8114 8154
f 8108 8155 8156
f 8108 8110 8155
f 7926 8156 8157
f 7926 8108 8156
f 8106 8108 7926
f 8105 7926 7923
f 8105 7923 7919
f 8105 8106 7926
f 8158 7902 8133
f 8100 7919 7902
f 8100 8105 7919
f 8101 8100 7902
f 8101 7902 8158
f 8098 8101 8158
f 8098 8158 8159
f 8097 8098 8159
f 8097 8159 8160
f 8094 8097 8160
f 8094 8160 8161
f 8092 8094 8161
f 8092 8161 8162
f 8091 8162 8163
f 8091 8092 8162
f 8088 8163 8164
f 8088 8091 8163
f 8086 8164 8165
f 8086 8088 8164
f 8084 8165 8166
f 8084 8086 8165
f 8082 8166 8167
f 8082 8084 8166
f 8080 8167 8168
f 8080 8082 8167
f 8078 8168 8169
f 8078 8080 8168
f 8076 8169 8170
f 8076 8078 8169
f 8075 8170 8171
f 8075 8076 8170
f 8073 8171 8172
f 8073 8075 8171
f 8071 8172 8173
f 8071 8073 8172
f 8069 8173 8174
f 8069 8174 8175
f 8069 8071 8173
f 8067 8069 8175
f 8067 8175 8176
f 8065 8176 8177
f 8065 8067 8176
f 8063 8177 8178
f 8063 8065 8177
f 8061 8178 8179
f 8061 8063 8178
f 8059 8179 8180
f 8059 8061 8179
f 8057 8180 8181
f 8057 8059 8180
f 8055 8181 8182
f 8055 8057 8181
f 8053 8182 8183
f 8053 8055 8182
f 8051 8053 8183
f 8051 8183 8184
f 8048 8051 8184
f 8048 8184 8185
f 8049 8048 8185
f 8049 8185 8186
f 8050 8049 8186
f 8050 8186 8187
f 8052 8050 8187
f 8052 8187 8188
f 8054 8052 8188
f 8054 8188 8189
f 8056 8054 8189
f 8056 8189 8190
f 7791 8190 8132
f 8058 8056 8190
f 8058 8190 7791
f 8060 8058 7791
f 8060 7791 7786
f 8191 7781 8192
f 8062 8060 7786
f 8062 7786 7782
f 8062 7782 7781
f 8064 8062 7781
f 8066 7781 8191
f 8066 8064 7781
f 8066 8191 8193
f 8068 8066 8193
f 8068 8193 8194
f 8070 8068 8194
f 8070 8194 8195
f 7805 8195 8196
f 7805 8070 8195
f 8072 8070 7805
f 8074 7805 7820
f 8074 7820 7823
f 8074 8072 7805
f 8197 7826 8198
f 8077 7823 7826
f 8077 8074 7823
f 8079 7826 8197
f 8079 8077 7826
f 8081 8197 8199
f 8081 8079 8197
f 8083 8199 8200
f 8083 8081 8199
f 8085 8200 8201
f 8085 8083 8200
f 8087 8201 8202
f 8087 8085 8201
f 8089 8087 8202
f 8089 8202 8203
f 8090 8089 8203
f 8090 8203 8204
f 8093 8090 8204
f 8093 8204 8205
f 8095 8093 8205
f 8095 8205 8206
f 8096 8095 8206
f 8096 8206 8207
f 8099 8096 8207
f 8099 8207 8208
f 8102 8099 8208
f 8102 8208 8209
f 8103 8102 8209
f 8103 8209 8210
f 8104 8103 8210
f 8104 8210 8211
f 8107 8104 8211
f 8107 8211 8212
f 8109 8107 8212
f 8109 8212 8213
f 8111 8109 8213
f 8111 8213 8134
f 8196 8192 7781
f 7805 8196 7781
f 8153 7926 8157
f 7937 7926 8153
f 7826 8151 8198
f 7826 7954 8151
f 8030 7957 8027
f 8030 7958 7957
f 8031 7958 8030
f 8031 7959 7958
f 8033 7960 7959
f 8033 7959 8031
f 8035 7961 7960
f 8035 7960 8033
f 8036 7962 7961
f 8036 7961 8035
f 8038 7963 7962
f 8038 7962 8036
f 8041 7952 7963
f 8041 7963 8038
f 8041 7953 7952
f 8043 7953 8041
f 8045 7953 8043
f 8045 7949 7953
f 8047 7949 8045
f 8047 7950 7949
f 8046 7950 8047
f 8046 7942 7950
f 8046 7943 7942
f 8044 7943 8046
f 8044 7944 7943
f 8042 7944 8044
f 8040 7944 8042
f 8040 7945 7944
f 8039 7945 8040
f 8039 7946 7945
f 8037 7947 7946
f 8037 7946 8039
f 8034 7938 7947
f 8034 7947 8037
f 8032 7939 7938
f 8032 7940 7939
f 8032 7938 8034
f 8029 7940 8032
f 8029 7941 7940
f 8028 7941 8029
f 8026 7927 7941
f 8026 7941 8028
f 8023 7928 7927
f 8023 7927 8026
f 8022 7929 7928
f 8022 7928 8023
f 8021 7930 7929
f 8021 7929 8022
f 8018 7931 7930
f 8018 7930 8021
f 8017 7932 7931
f 8017 7931 8018
f 8013 7933 7932
f 8013 7932 8017
f 8012 7934 7933
f 8012 7935 7934
f 8012 7933 8013
f 8009 7935 8012
f 8008 7936 7935
f 8008 7935 8009
f 8006 7924 7936
f 8006 7936 8008
f 8004 7924 8006
f 8004 7925 7924
f 8002 7925 8004
f 8002 7920 7925
f 8000 7920 8002
f 8000 7921 7920
f 8000 7903 7921
f 7998 7903 8000
f 7996 7903 7998
f 7996 7904 7903
f 7994 7905 7904
f 7994 7904 7996
f 7992 7906 7905
f 7992 7905 7994
f 7990 7907 7906
f 7990 7906 7992
f 7989 7908 7907
f 7989 7907 7990
f 7987 7909 7908
f 7987 7910 7909
f 7987 7908 7989
f 7985 7910 7987
f 7983 7911 7910
f 7983 7910 7985
f 7981 7912 7911
f 7981 7887 7912
f 7981 7911 7983
f 7979 7885 7887
f 7979 7887 7981
f 7977 7885 7979
f 7975 7883 7885
f 7975 7885 7977
f 7973 7880 7883
f 7973 7883 7975
f 7971 7878 7880
f 7971 7880 7973
f 7969 7876 7878
f 7969 7878 7971
f 7967 7874 7876
f 7967 7873 7874
f 7967 7876 7969
f 7964 7872 7873
f 7964 7873 7967
f 7965 7872 7964
f 7966 7875 7872
f 7966 7872 7965
f 7968 7877 7875
f 7968 7875 7966
f 7970 7879 7877
f 7970 7877 7968
f 7972 7881 7879
f 7972 7879 7970
f 7974 7881 7972
f 7974 7882 7881
f 7976 7882 7974
f 7976 7884 7882
f 7978 7884 7976
f 7978 7886 7884
f 7980 7886 7978
f 7980 7888 7886
f 7982 7888 7980
f 7982 7889 7888
f 7984 7889 7982
f 7984 7890 7889
f 7984 7891 7890
f 7986 7891 7984
f 7988 7891 7986
f 7988 7892 7891
f 7991 7892 7988
f 7991 7893 7892
f 7993 7893 7991
f 7993 7894 7893
f 7993 7895 7894
f 7995 7895 7993
f 7997 7895 7995
f 7997 7896 7895
f 7999 7896 7997
f 7999 7897 7896
f 7999 7898 7897
f 8001 7898 7999
f 8003 7899 7898
f 8003 7900 7899
f 8003 7898 8001
f 8005 7900 8003
f 8007 7901 7900
f 8007 7913 7901
f 8007 7900 8005
f 8010 7913 8007
f 8010 7914 7913
f 8011 7914 8010
f 8014 7915 7914
f 8014 7914 8011
f 8015 7916 7915
f 8015 7915 8014
f 8016 7917 7916
f 8016 7916 8015
f 8019 7918 7917
f 8019 7922 7918
f 8019 7917 8016
f 8020 7922 8019
f 8024 7955 7922
f 8024 7922 8020
f 8025 7955 8024
f 8025 7956 7955
f 8027 7956 8025
f 8027 7957 7956
f 8214 8176 8175
f 8215 8214 8175
f 8216 8176 8214
f 8217 8215 8175
f 8218 8217 8175
f 8219 8176 8216
f 8220 8218 8175
f 8221 8176 8219
f 8222 8220 8175
f 8223 8176 8221
f 8224 8176 8223
f 8225 8222 8175
f 8226 8175 8174
f 8226 8225 8175
f 8227 8176 8224
f 8228 8226 8174
f 8229 8177 8176
f 8229 8176 8227
f 8230 8228 8174
f 8231 8177 8229
f 8232 8230 8174
f 8233 8177 8231
f 8234 8232 8174
f 8235 8177 8233
f 8236 8234 8174
f 8237 8178 8177
f 8237 8177 8235
f 8238 8236 8174
f 8239 8178 8237
f 8240 8238 8174
f 8241 8178 8239
f 8242 8174 8173
f 8242 8240 8174
f 8243 8178 8241
f 8244 8242 8173
f 8245 8179 8178
f 8245 8178 8243
f 8246 8244 8173
f 8247 8179 8245
f 8248 8246 8173
f 8249 8180 8179
f 8249 8179 8247
f 8250 8248 8173
f 8251 8180 8249
f 8252 8250 8173
f 8253 8181 8180
f 8253 8180 8251
f 8254 8252 8173
f 8255 8181 8253
f 8256 8254 8173
f 8257 8182 8181
f 8257 8181 8255
f 8172 8256 8173
f 8258 8256 8172
f 8259 8183 8182
f 8259 8182 8257
f 8260 8258 8172
f 8261 8184 8183
f 8261 8183 8259
f 8262 8260 8172
f 8263 8185 8184
f 8263 8186 8185
f 8263 8184 8261
f 8264 8262 8172
f 8265 8187 8186
f 8265 8188 8187
f 8265 8186 8263
f 8266 8264 8172
f 8267 8189 8188
f 8267 8188 8265
f 8267 8190 8189
f 8268 8266 8172
f 8269 8132 8190
f 8269 8190 8267
f 8270 8268 8172
f 8271 8132 8269
f 8272 8132 8271
f 8273 8132 8272
f 8274 8132 8273
f 8171 8275 8276
f 8171 8276 8277
f 8171 8277 8278
f 8171 8278 8270
f 8171 8270 8172
f 8170 8279 8280
f 8170 8280 8281
f 8170 8281 8282
f 8170 8282 8275
f 8170 8275 8171
f 8169 8283 8284
f 8169 8284 8279
f 8169 8279 8170
f 8168 8283 8169
f 8168 8285 8286
f 8168 8286 8283
f 8167 8285 8168
f 8167 8287 8288
f 8167 8288 8285
f 8166 8287 8167
f 8166 8289 8287
f 8165 8289 8166
f 8165 8290 8289
f 8164 8290 8165
f 8164 8291 8290
f 8163 8291 8164
f 8162 8292 8291
f 8162 8291 8163
f 8161 8292 8162
f 8160 8293 8292
f 8160 8292 8161
f 8159 8293 8160
f 8158 8294 8293
f 8158 8293 8159
f 8133 8274 8295
f 8133 8295 8296
f 8133 8296 8297
f 8133 8297 8294
f 8133 8132 8274
f 8133 8294 8158
f 8298 8207 8206
f 8299 8207 8298
f 8300 8206 8205
f 8300 8298 8206
f 8301 8208 8207
f 8301 8207 8299
f 8302 8205 8204
f 8302 8300 8205
f 8303 8208 8301
f 8304 8203 8202
f 8304 8204 8203
f 8304 8302 8204
f 8305 8209 8208
f 8305 8208 8303
f 8306 8201 8200
f 8306 8202 8201
f 8306 8304 8202
f 8307 8209 8305
f 8308 8199 8197
f 8308 8200 8199
f 8308 8306 8200
f 8309 8210 8209
f 8309 8209 8307
f 8310 8197 8198
f 8310 8308 8197
f 8311 8210 8309
f 8312 8210 8311
f 8313 8310 8198
f 8314 8210 8312
f 8315 8313 8198
f 8316 8211 8210
f 8316 8210 8314
f 8317 8315 8198
f 8318 8317 8198
f 8319 8211 8316
f 8320 8211 8319
f 8321 8211 8320
f 8322 8211 8321
f 8212 8322 8323
f 8212 8323 8324
f 8212 8324 8325
f 8212 8211 8322
f 8212 8325 8326
f 8212 8326 8327
f 8212 8327 8328
f 8329 8212 8328
f 8213 8329 8330
f 8213 8330 8331
f 8213 8331 8332
f 8213 8332 8333
f 8213 8333 8334
f 8213 8334 8335
f 8213 8335 8336
f 8213 8212 8329
f 8134 8336 8337
f 8134 8337 8338
f 8134 8338 8339
f 8134 8339 8340
f 8134 8340 8341
f 8134 8341 8342
f 8134 8342 8343
f 8134 8343 8344
f 8134 8213 8336
f 8135 8344 8345
f 8135 8345 8346
f 8135 8346 8347
f 8135 8347 8348
f 8135 8348 8349
f 8135 8349 8350
f 8135 8350 8351
f 8135 8134 8344
f 8136 8351 8352
f 8136 8352 8353
f 8136 8353 8354
f 8136 8354 8355
f 8136 8355 8356
f 8136 8356 8357
f 8136 8357 8358
f 8136 8135 8351
f 8137 8358 8359
f 8137 8359 8360
f 8137 8360 8361
f 8137 8361 8362
f 8137 8136 8358
f 8138 8362 8363
f 8138 8363 8364
f 8138 8364 8365
f 8138 8365 8366
f 8138 8137 8362
f 8151 8318 8198
f 8151 8367 8368
f 8151 8368 8369
f 8151 8369 8370
f 8151 8370 8318
f 8139 8138 8366
f 8139 8366 8371
f 8139 8371 8372
f 8150 8373 8367
f 8150 8367 8151
f 8140 8139 8372
f 8140 8372 8374
f 8140 8374 8375
f 8149 8373 8150
f 8141 8140 8375
f 8141 8375 8376
f 8141 8376 8377
f 8148 8373 8149
f 8148 8378 8373
f 8142 8141 8377
f 8142 8377 8379
f 8147 8378 8148
f 8143 8142 8379
f 8143 8379 8380
f 8146 8378 8147
f 8146 8381 8378
f 8144 8143 8380
f 8144 8380 8381
f 8145 8381 8146
f 8145 8144 8381
f 8196 8195 8192
f 8195 8194 8192
f 8194 8193 8192
f 8193 8191 8192
f 8152 8155 8154
f 8153 8156 8155
f 8153 8157 8156
f 8153 8155 8152
f 8382 8274 8383
f 8382 8295 8274
f 8384 8295 8382
f 8384 8296 8295
f 8385 8296 8384
f 8385 8297 8296
f 8386 8297 8385
f 8386 8294 8297
f 8386 8293 8294
f 8387 8293 8386
f 8388 8292 8293
f 8388 8291 8292
f 8388 8293 8387
f 8389 8291 8388
f 8390 8291 8389
f 8390 8290 8291
f 8391 8290 8390
f 8391 8289 8290
f 8392 8289 8391
f 8392 8287 8289
f 8392 8288 8287
f 8393 8288 8392
f 8394 8288 8393
f 8394 8285 8288
f 8395 8285 8394
f 8395 8286 8285
f 8396 8286 8395
f 8396 8283 8286
f 8397 8284 8283
f 8397 8283 8396
f 8398 8279 8284
f 8398 8280 8279
f 8398 8284 8397
f 8399 8281 8280
f 8399 8280 8398
f 8400 8281 8399
f 8401 8282 8281
f 8401 8281 8400
f 8402 8275 8282
f 8402 8282 8401
f 8403 8276 8275
f 8403 8275 8402
f 8404 8277 8276
f 8404 8276 8403
f 8405 8278 8277
f 8405 8277 8404
f 8406 8270 8278
f 8406 8278 8405
f 8407 8268 8270
f 8407 8266 8268
f 8407 8270 8406
f 8408 8264 8266
f 8408 8266 8407
f 8409 8264 8408
f 8410 8262 8264
f 8410 8260 8262
f 8410 8264 8409
f 8411 8260 8410
f 8412 8258 8260
f 8412 8256 8258
f 8412 8260 8411
f 8413 8256 8412
f 8414 8256 8413
f 8414 8254 8256
f 8414 8252 8254
f 8415 8252 8414
f 8416 8252 8415
f 8416 8250 8252
f 8416 8248 8250
f 8417 8248 8416
f 8418 8248 8417
f 8418 8246 8248
f 8418 8244 8246
f 8419 8244 8418
f 8420 8242 8244
f 8420 8244 8419
f 8421 8240 8242
f 8421 8242 8420
f 8422 8238 8240
f 8422 8236 8238
f 8422 8240 8421
f 8423 8236 8422
f 8424 8236 8423
f 8424 8234 8236
f 8425 8232 8234
f 8425 8234 8424
f 8426 8230 8232
f 8426 8228 8230
f 8426 8232 8425
f 8427 8228 8426
f 8428 8226 8228
f 8428 8228 8427
f 8429 8225 8226
f 8429 8226 8428
f 8430 8222 8225
f 8430 8225 8429
f 8431 8220 8222
f 8431 8222 8430
f 8432 8218 8220
f 8432 8220 8431
f 8433 8217 8218
f 8433 8218 8432
f 8434 8215 8217
f 8434 8217 8433
f 8435 8214 8215
f 8435 8215 8434
f 8436 8216 8214
f 8436 8219 8216
f 8436 8214 8435
f 8437 8219 8436
f 8438 8221 8219
f 8438 8219 8437
f 8439 8223 8221
f 8439 8224 8223
f 8439 8221 8438
f 8440 8224 8439
f 8441 8224 8440
f 8441 8227 8224
f 8441 8229 8227
f 8442 8229 8441
f 8443 8229 8442
f 8443 8231 8229
f 8444 8231 8443
f 8444 8233 8231
f 8444 8235 8233
f 8445 8235 8444
f 8446 8235 8445
f 8446 8237 8235
f 8447 8237 8446
f 8447 8239 8237
f 8447 8241 8239
f 8448 8241 8447
f 8449 8241 8448
f 8449 8243 8241
f 8449 8245 8243
f 8450 8245 8449
f 8450 8247 8245
f 8451 8247 8450
f 8452 8247 8451
f 8452 8249 8247
f 8452 8251 8249
f 8453 8251 8452
f 8454 8253 8251
f 8454 8251 8453
f 8455 8255 8253
f 8455 8257 8255
f 8455 8253 8454
f 8456 8257 8455
f 8457 8259 8257
f 8457 8257 8456
f 8458 8261 8259
f 8458 8259 8457
f 8459 8263 8261
f 8459 8265 8263
f 8459 8261 8458
f 8460 8265 8459
f 8461 8267 8265
f 8461 8265 8460
f 8462 8269 8267
f 8462 8271 8269
f 8462 8267 8461
f 8463 8272 8271
f 8463 8271 8462
f 8464 8272 8463
f 8465 8272 8464
f 8465 8273 8272
f 8383 8273 8465
f 8383 8274 8273
f 8466 8340 8467
f 8466 8341 8340
f 8468 8341 8466
f 8468 8342 8341
f 8469 8342 8468
f 8469 8343 8342
f 8470 8343 8469
f 8470 8344 8343
f 8470 8345 8344
f 8471 8345 8470
f 8472 8346 8345
f 8472 8347 8346
f 8472 8345 8471
f 8473 8347 8472
f 8474 8347 8473
f 8474 8348 8347
f 8475 8348 8474
f 8475 8349 8348
f 8476 8349 8475
f 8476 8350 8349
f 8476 8351 8350
f 8477 8351 8476
f 8478 8351 8477
f 8478 8352 8351
f 8479 8352 8478
f 8479 8353 8352
f 8480 8353 8479
f 8480 8354 8353
f 8481 8355 8354
f 8481 8354 8480
f 8482 8356 8355
f 8482 8357 8356
f 8482 8355 8481
f 8483 8358 8357
f 8483 8357 8482
f 8484 8358 8483
f 8485 8359 8358
f 8485 8358 8484
f 8486 8360 8359
f 8486 8359 8485
f 8487 8361 8360
f 8487 8360 8486
f 8488 8362 8361
f 8488 8361 8487
f 8489 8363 8362
f 8489 8362 8488
f 8490 8364 8363
f 8490 8363 8489
f 8491 8365 8364
f 8491 8366 8365
f 8491 8364 8490
f 8492 8371 8366
f 8492 8366 8491
f 8493 8371 8492
f 8494 8372 8371
f 8494 8374 8372
f 8494 8371 8493
f 8495 8374 8494
f 8496 8375 8374
f 8496 8376 8375
f 8496 8374 8495
f 8497 8376 8496
f 8498 8376 8497
f 8498 8377 8376
f 8498 8379 8377
f 8499 8379 8498
f 8500 8379 8499
f 8500 8380 8379
f 8500 8381 8380
f 8501 8381 8500
f 8502 8381 8501
f 8502 8378 8381
f 8502 8373 8378
f 8503 8373 8502
f 8504 8367 8373
f 8504 8373 8503
f 8505 8368 8367
f 8505 8367 8504
f 8506 8369 8368
f 8506 8370 8369
f 8506 8368 8505
f 8507 8370 8506
f 8508 8370 8507
f 8508 8318 8370
f 8509 8317 8318
f 8509 8318 8508
f 8510 8315 8317
f 8510 8313 8315
f 8510 8317 8509
f 8511 8313 8510
f 8512 8310 8313
f 8512 8313 8511
f 8513 8308 8310
f 8513 8310 8512
f 8514 8306 8308
f 8514 8308 8513
f 8515 8304 8306
f 8515 8306 8514
f 8516 8302 8304
f 8516 8304 8515
f 8517 8300 8302
f 8517 8302 8516
f 8518 8298 8300
f 8518 8300 8517
f 8519 8299 8298
f 8519 8298 8518
f 8520 8301 8299
f 8520 8303 8301
f 8520 8299 8519
f 8521 8303 8520
f 8522 8305 8303
f 8522 8303 8521
f 8523 8307 8305
f 8523 8309 8307
f 8523 8305 8522
f 8524 8309 8523
f 8525 8309 8524
f 8525 8311 8309
f 8525 8312 8311
f 8526 8312 8525
f 8527 8312 8526
f 8527 8314 8312
f 8528 8314 8527
f 8528 8316 8314
f 8528 8319 8316
f 8529 8319 8528
f 8530 8319 8529
f 8530 8320 8319
f 8531 8320 8530
f 8531 8321 8320
f 8531 8322 8321
f 8532 8322 8531
f 8533 8322 8532
f 8533 8323 8322
f 8533 8324 8323
f 8534 8324 8533
f 8534 8325 8324
f 8535 8325 8534
f 8536 8325 8535
f 8536 8326 8325
f 8536 8327 8326
f 8537 8327 8536
f 8538 8328 8327
f 8538 8327 8537
f 8539 8329 8328
f 8539 8330 8329
f 8539 8328 8538
f 8540 8330 8539
f 8541 8331 8330
f 8541 8330 8540
f 8542 8332 8331
f 8542 8331 8541
f 8543 8333 8332
f 8543 8334 8333
f 8543 8332 8542
f 8544 8334 8543
f 8545 8335 8334
f 8545 8334 8544
f 8546 8336 8335
f 8546 8337 8336
f 8546 8335 8545
f 8547 8338 8337
f 8547 8337 8546
f 8548 8338 8547
f 8549 8338 8548
f 8549 8339 8338
f 8467 8339 8549
f 8467 8340 8339
f 8451 8450 8449
f 8416 8418 8417
f 8416 8419 8418
f 8453 8452 8451
f 8454 8453 8451
f 8414 8416 8415
f 8414 8420 8419
f 8414 8419 8416
f 8456 8454 8451
f 8456 8451 8449
f 8456 8449 8448
f 8456 8455 8454
f 8458 8447 8446
f 8458 8448 8447
f 8458 8456 8448
f 8458 8457 8456
f 8407 8409 8408
f 8463 8461 8460
f 8463 8462 8461
f 8464 8463 8460
f 8464 8459 8458
f 8464 8460 8459
f 8465 8464 8458
f 8402 8404 8403
f 8384 8382 8383
f 8384 8383 8465
f 8386 8385 8384
f 8397 8399 8398
f 8397 8400 8399
f 8397 8401 8400
f 8396 8401 8397
f 8390 8387 8386
f 8390 8388 8387
f 8390 8389 8388
f 8390 8386 8384
f 8395 8404 8402
f 8395 8402 8401
f 8395 8405 8404
f 8395 8406 8405
f 8395 8407 8406
f 8395 8410 8409
f 8395 8411 8410
f 8395 8409 8407
f 8395 8401 8396
f 8394 8411 8395
f 8394 8412 8411
f 8394 8413 8412
f 8394 8414 8413
f 8392 8391 8390
f 8393 8465 8458
f 8393 8421 8420
f 8393 8422 8421
f 8393 8423 8422
f 8393 8424 8423
f 8393 8420 8414
f 8393 8390 8384
f 8393 8425 8424
f 8393 8426 8425
f 8393 8427 8426
f 8393 8428 8427
f 8393 8429 8428
f 8393 8414 8394
f 8393 8430 8429
f 8393 8431 8430
f 8393 8458 8446
f 8393 8432 8431
f 8393 8433 8432
f 8393 8434 8433
f 8393 8435 8434
f 8393 8436 8435
f 8393 8437 8436
f 8393 8438 8437
f 8393 8439 8438
f 8393 8440 8439
f 8393 8441 8440
f 8393 8442 8441
f 8393 8443 8442
f 8393 8444 8443
f 8393 8445 8444
f 8393 8446 8445
f 8393 8384 8465
f 8393 8392 8390
f 8535 8534 8533
f 8500 8502 8501
f 8500 8503 8502
f 8537 8536 8535
f 8538 8537 8535
f 8498 8500 8499
f 8498 8504 8503
f 8498 8503 8500
f 8540 8538 8535
f 8540 8535 8533
f 8540 8533 8532
f 8540 8539 8538
f 8542 8531 8530
f 8542 8532 8531
f 8542 8540 8532
f 8542 8541 8540
f 8491 8493 8492
f 8547 8545 8544
f 8547 8546 8545
f 8548 8547 8544
f 8548 8543 8542
f 8548 8544 8543
f 8549 8548 8542
f 8486 8488 8487
f 8468 8466 8467
f 8468 8467 8549
f 8470 8469 8468
f 8481 8483 8482
f 8481 8484 8483
f 8481 8485 8484
f 8480 8485 8481
f 8474 8471 8470
f 8474 8472 8471
f 8474 8473 8472
f 8474 8470 8468
f 8479 8488 8486
f 8479 8486 8485
f 8479 8489 8488
f 8479 8490 8489
f 8479 8491 8490
f 8479 8494 8493
f 8479 8495 8494
f 8479 8493 8491
f 8479 8485 8480
f 8478 8495 8479
f 8478 8496 8495
f 8478 8497 8496
f 8478 8498 8497
f 8476 8475 8474
f 8477 8549 8542
f 8477 8505 8504
f 8477 8506 8505
f 8477 8507 8506
f 8477 8508 8507
f 8477 8504 8498
f 8477 8474 8468
f 8477 8509 8508
f 8477 8510 8509
f 8477 8511 8510
f 8477 8512 8511
f 8477 8513 8512
f 8477 8498 8478
f 8477 8514 8513
f 8477 8515 8514
f 8477 8542 8530
f 8477 8516 8515
f 8477 8517 8516
f 8477 8518 8517
f 8477 8519 8518
f 8477 8520 8519
f 8477 8521 8520
f 8477 8522 8521
f 8477 8523 8522
f 8477 8524 8523
f 8477 8525 8524
f 8477 8526 8525
f 8477 8527 8526
f 8477 8528 8527
f 8477 8529 8528
f 8477 8530 8529
f 8477 8468 8549
f 8477 8476 8474

