DBRep_DrawableShape

CASCADE Topology V3, (c) Open Cascade
Locations 16
1
              1               0               0              -0 
              0               1               0              -0 
              0               0               1              -0 
1
              1               0               0               0 
              0               1               0               0 
              0               0               1            40.3 
2  1 1 2 1 0
2  2 -1 1 -1 0
1
              1               0               0              -0 
              0               1               0              -0 
              0               0               1              -0 
1
              1               0               0           -10.5 
              0               1               0               0 
              0               0               1            39.5 
2  5 1 6 1 0
1
              1               0               0              -0 
              0               1               0              -0 
              0               0               1              -0 
1
              1               0               0               0 
              0               1               0               0 
              0               0               1            39.5 
2  8 1 9 1 0
1
              1               0               0              -0 
              0               1               0              -0 
              0               0               1              -0 
1
              1               0               0            10.5 
              0               1               0               0 
              0               0               1            39.5 
2  11 1 12 1 0
2  6 -1 5 -1 0
2  9 -1 8 -1 0
2  12 -1 11 -1 0
Curve2ds 24
1 0 2 1 0 
2 0 0 1 0 -0 1 15.5
1 6.2831853071795862 -0 0 1 
1 0 -0 0 1 
1 0 0 1 0 
2 0 0 1 0 -0 1 15.5
2 -10.5 0 1 0 -0 1 1.1499999999999999
1 0 2.7999999999999972 1 0 
2 0 0 1 0 -0 1 9
1 0 2.7999999999999972 1 0 
2 10.5 0 1 0 -0 1 1.1499999999999999
1 0 2.7999999999999972 1 0 
2 -10.5 0 1 0 -0 1 1.1499999999999999
1 0 0.79999999999999716 1 0 
2 0 0 1 0 -0 1 9
1 0 0.79999999999999716 1 0 
2 10.5 0 1 0 -0 1 1.1499999999999999
1 0 0.79999999999999716 1 0 
1 6.2831853071795862 -0 0 1 
1 0 -0 0 1 
1 6.2831853071795862 -0 0 1 
1 0 -0 0 1 
1 6.2831853071795862 -0 0 1 
1 0 -0 0 1 
Curves 12
2 0 0 2 0 0 1 1 0 -0 -0 1 0 15.5
1 15.5 -3.7964050773567951e-15 0 0 0 1 
2 0 0 0 0 0 1 1 0 -0 -0 1 0 15.5
2 -10.5 0 42.299999999999997 0 0 1 1 0 -0 -0 1 0 1.1499999999999999
2 0 0 42.299999999999997 0 0 1 1 0 -0 -0 1 0 9
2 10.5 0 42.299999999999997 0 0 1 1 0 -0 -0 1 0 1.1499999999999999
2 -10.5 0 40.299999999999997 0 0 1 1 0 -0 -0 1 0 1.1499999999999999
2 0 0 40.299999999999997 0 0 1 1 0 -0 -0 1 0 9
2 10.5 0 40.299999999999997 0 0 1 1 0 -0 -0 1 0 1.1499999999999999
1 1.1499999999999999 -2.8166876380389121e-16 0 0 0 1 
1 9 -2.2043642384652358e-15 0 0 0 1 
1 1.1499999999999999 -2.8166876380389121e-16 0 0 0 1 
Polygon3D 0
PolygonOnTriangulations 24
85 1 2 3 4 5 6 7 8 9 10 11 12 13 14 15 16 17 18 19 20 21 22 23 24 25 26 27 28 29 30 31 32 33 34 35 36 37 38 39 40 41 42 43 44 45 46 47 48 49 50 51 52 53 54 55 56 57 58 59 60 61 62 63 64 65 66 67 68 69 70 71 72 73 74 75 76 77 78 79 80 81 82 83 84 85 
p 1.240000008 1 0 0.0747998250854713 0.149599650170943 0.224399475256414 0.299199300341885 0.373999125427356 0.448798950512828 0.523598775598299 0.59839860068377 0.673198425769241 0.747998250854713 0.822798075940184 0.897597901025655 0.972397726111126 1.0471975511966 1.12199737628207 1.19679720136754 1.27159702645301 1.34639685153848 1.42119667662395 1.49599650170943 1.5707963267949 1.64559615188037 1.72039597696584 1.79519580205131 1.86999562713678 1.94479545222225 2.01959527730773 2.0943951023932 2.16919492747867 2.24399475256414 2.31879457764961 2.39359440273508 2.46839422782055 2.54319405290602 2.61799387799149 2.69279370307697 2.76759352816244 2.84239335324791 2.91719317833338 2.99199300341885 3.06679282850432 3.14159265358979 3.21639247867526 3.29119230376073 3.36599212884621 3.44079195393168 3.51559177901715 3.59039160410262 3.66519142918809 3.73999125427356 3.81479107935903 3.8895909044445 3.96439072952997 4.03919055461545 4.11399037970092 4.18879020478639 4.26359002987186 4.33838985495733 4.4131896800428 4.48798950512827 4.56278933021375 4.63758915529922 4.71238898038469 4.78718880547016 4.86198863055563 4.9367884556411 5.01158828072658 5.08638810581205 5.16118793089752 5.23598775598299 5.31078758106846 5.38558740615393 5.46038723123941 5.53518705632488 5.60998688141035 5.68478670649582 5.75958653158129 5.83438635666676 5.90918618175223 5.98398600683771 6.05878583192318 6.13358565700865 6.20838548209412 6.28318530717959 
85 1 2 3 4 5 6 7 8 9 10 11 12 13 14 15 16 17 18 19 20 21 22 23 24 25 26 27 28 29 30 31 32 33 34 35 36 37 38 39 40 41 42 43 44 45 46 47 48 49 50 51 52 53 54 55 56 57 58 59 60 61 62 63 64 65 66 67 68 69 70 71 72 73 74 75 76 77 78 79 80 81 82 83 84 1 
p 1.240000008 1 0 0.0747998250854713 0.149599650170943 0.224399475256414 0.299199300341885 0.373999125427356 0.448798950512828 0.523598775598299 0.59839860068377 0.673198425769241 0.747998250854713 0.822798075940184 0.897597901025655 0.972397726111126 1.0471975511966 1.12199737628207 1.19679720136754 1.27159702645301 1.34639685153848 1.42119667662395 1.49599650170943 1.5707963267949 1.64559615188037 1.72039597696584 1.79519580205131 1.86999562713678 1.94479545222225 2.01959527730773 2.0943951023932 2.16919492747867 2.24399475256414 2.31879457764961 2.39359440273508 2.46839422782055 2.54319405290602 2.61799387799149 2.69279370307697 2.76759352816244 2.84239335324791 2.91719317833338 2.99199300341885 3.06679282850432 3.14159265358979 3.21639247867526 3.29119230376073 3.36599212884621 3.44079195393168 3.51559177901715 3.59039160410262 3.66519142918809 3.73999125427356 3.81479107935903 3.8895909044445 3.96439072952997 4.03919055461545 4.11399037970092 4.18879020478639 4.26359002987186 4.33838985495733 4.4131896800428 4.48798950512827 4.56278933021375 4.63758915529922 4.71238898038469 4.78718880547016 4.86198863055563 4.9367884556411 5.01158828072658 5.08638810581205 5.16118793089752 5.23598775598299 5.31078758106846 5.38558740615393 5.46038723123941 5.53518705632488 5.60998688141035 5.68478670649582 5.75958653158129 5.83438635666676 5.90918618175223 5.98398600683771 6.05878583192318 6.13358565700865 6.20838548209412 6.28318530717959 
2 86 1 
p 0.320000032 1 0 2 
2 87 85 
p 0.320000032 1 0 2 
85 86 88 89 90 91 92 93 94 95 96 97 98 99 100 101 102 103 104 105 106 107 108 109 110 111 112 113 114 115 116 117 118 119 120 121 122 123 124 125 126 127 128 129 130 131 132 133 134 135 136 137 138 139 140 141 142 143 144 145 146 147 148 149 150 151 152 153 154 155 156 157 158 159 160 161 162 163 164 165 166 167 168 169 170 87 
p 1.240000008 1 0 0.0747998250854713 0.149599650170943 0.224399475256414 0.299199300341885 0.373999125427356 0.448798950512828 0.523598775598299 0.59839860068377 0.673198425769241 0.747998250854713 0.822798075940184 0.897597901025655 0.972397726111126 1.0471975511966 1.12199737628207 1.19679720136754 1.27159702645301 1.34639685153848 1.42119667662395 1.49599650170943 1.5707963267949 1.64559615188037 1.72039597696584 1.79519580205131 1.86999562713678 1.94479545222225 2.01959527730773 2.0943951023932 2.16919492747867 2.24399475256414 2.31879457764961 2.39359440273508 2.46839422782055 2.54319405290602 2.61799387799149 2.69279370307697 2.76759352816244 2.84239335324791 2.91719317833338 2.99199300341885 3.06679282850432 3.14159265358979 3.21639247867526 3.29119230376073 3.36599212884621 3.44079195393168 3.51559177901715 3.59039160410262 3.66519142918809 3.73999125427356 3.81479107935903 3.8895909044445 3.96439072952997 4.03919055461545 4.11399037970092 4.18879020478639 4.26359002987186 4.33838985495733 4.4131896800428 4.48798950512827 4.56278933021375 4.63758915529922 4.71238898038469 4.78718880547016 4.86198863055563 4.9367884556411 5.01158828072658 5.08638810581205 5.16118793089752 5.23598775598299 5.31078758106846 5.38558740615393 5.46038723123941 5.53518705632488 5.60998688141035 5.68478670649582 5.75958653158129 5.83438635666676 5.90918618175223 5.98398600683771 6.05878583192318 6.13358565700865 6.20838548209412 6.28318530717959 
85 1 2 3 4 5 6 7 8 9 10 11 12 13 14 15 16 17 18 19 20 21 22 23 24 25 26 27 28 29 30 31 32 33 34 35 36 37 38 39 40 41 42 43 44 45 46 47 48 49 50 51 52 53 54 55 56 57 58 59 60 61 62 63 64 65 66 67 68 69 70 71 72 73 74 75 76 77 78 79 80 81 82 83 84 1 
p 1.240000008 1 0 0.0747998250854713 0.149599650170943 0.224399475256414 0.299199300341885 0.373999125427356 0.448798950512828 0.523598775598299 0.59839860068377 0.673198425769241 0.747998250854713 0.822798075940184 0.897597901025655 0.972397726111126 1.0471975511966 1.12199737628207 1.19679720136754 1.27159702645301 1.34639685153848 1.42119667662395 1.49599650170943 1.5707963267949 1.64559615188037 1.72039597696584 1.79519580205131 1.86999562713678 1.94479545222225 2.01959527730773 2.0943951023932 2.16919492747867 2.24399475256414 2.31879457764961 2.39359440273508 2.46839422782055 2.54319405290602 2.61799387799149 2.69279370307697 2.76759352816244 2.84239335324791 2.91719317833338 2.99199300341885 3.06679282850432 3.14159265358979 3.21639247867526 3.29119230376073 3.36599212884621 3.44079195393168 3.51559177901715 3.59039160410262 3.66519142918809 3.73999125427356 3.81479107935903 3.8895909044445 3.96439072952997 4.03919055461545 4.11399037970092 4.18879020478639 4.26359002987186 4.33838985495733 4.4131896800428 4.48798950512827 4.56278933021375 4.63758915529922 4.71238898038469 4.78718880547016 4.86198863055563 4.9367884556411 5.01158828072658 5.08638810581205 5.16118793089752 5.23598775598299 5.31078758106846 5.38558740615393 5.46038723123941 5.53518705632488 5.60998688141035 5.68478670649582 5.75958653158129 5.83438635666676 5.90918618175223 5.98398600683771 6.05878583192318 6.13358565700865 6.20838548209412 6.28318530717959 
85 1 2 3 4 5 6 7 8 9 10 11 12 13 14 15 16 17 18 19 20 21 22 23 24 25 26 27 28 29 30 31 32 33 34 35 36 37 38 39 40 41 42 43 44 45 46 47 48 49 50 51 52 53 54 55 56 57 58 59 60 61 62 63 64 65 66 67 68 69 70 71 72 73 74 75 76 77 78 79 80 81 82 83 84 85 
p 0.368000032 1 0 0.0747998250854713 0.149599650170943 0.224399475256414 0.299199300341885 0.373999125427356 0.448798950512828 0.523598775598299 0.59839860068377 0.673198425769241 0.747998250854713 0.822798075940184 0.897597901025655 0.972397726111126 1.0471975511966 1.12199737628207 1.19679720136754 1.27159702645301 1.34639685153848 1.42119667662395 1.49599650170943 1.5707963267949 1.64559615188037 1.72039597696584 1.79519580205131 1.86999562713678 1.94479545222225 2.01959527730773 2.0943951023932 2.16919492747867 2.24399475256414 2.31879457764961 2.39359440273508 2.46839422782055 2.54319405290602 2.61799387799149 2.69279370307697 2.76759352816244 2.84239335324791 2.91719317833338 2.99199300341885 3.06679282850432 3.14159265358979 3.21639247867526 3.29119230376073 3.36599212884621 3.44079195393168 3.51559177901715 3.59039160410262 3.66519142918809 3.73999125427356 3.81479107935903 3.8895909044445 3.96439072952997 4.03919055461545 4.11399037970092 4.18879020478639 4.26359002987186 4.33838985495733 4.4131896800428 4.48798950512827 4.56278933021375 4.63758915529922 4.71238898038469 4.78718880547016 4.86198863055563 4.9367884556411 5.01158828072658 5.08638810581205 5.16118793089752 5.23598775598299 5.31078758106846 5.38558740615393 5.46038723123941 5.53518705632488 5.60998688141035 5.68478670649582 5.75958653158129 5.83438635666676 5.90918618175223 5.98398600683771 6.05878583192318 6.13358565700865 6.20838548209412 6.28318530717959 
85 85 86 87 88 89 90 91 92 93 94 95 96 97 98 99 100 101 102 103 104 105 106 107 108 109 110 111 112 113 114 115 116 117 118 119 120 121 122 123 124 125 126 127 128 129 130 131 132 133 134 135 136 137 138 139 140 141 142 143 144 145 146 147 148 149 150 151 152 153 154 155 156 157 158 159 160 161 162 163 164 165 166 167 168 85 
p 0.368000032 1 0 0.0747998250854713 0.149599650170943 0.224399475256414 0.299199300341885 0.373999125427356 0.448798950512828 0.523598775598299 0.59839860068377 0.673198425769241 0.747998250854713 0.822798075940184 0.897597901025655 0.972397726111126 1.0471975511966 1.12199737628207 1.19679720136754 1.27159702645301 1.34639685153848 1.42119667662395 1.49599650170943 1.5707963267949 1.64559615188037 1.72039597696584 1.79519580205131 1.86999562713678 1.94479545222225 2.01959527730773 2.0943951023932 2.16919492747867 2.24399475256414 2.31879457764961 2.39359440273508 2.46839422782055 2.54319405290602 2.61799387799149 2.69279370307697 2.76759352816244 2.84239335324791 2.91719317833338 2.99199300341885 3.06679282850432 3.14159265358979 3.21639247867526 3.29119230376073 3.36599212884621 3.44079195393168 3.51559177901715 3.59039160410262 3.66519142918809 3.73999125427356 3.81479107935903 3.8895909044445 3.96439072952997 4.03919055461545 4.11399037970092 4.18879020478639 4.26359002987186 4.33838985495733 4.4131896800428 4.48798950512827 4.56278933021375 4.63758915529922 4.71238898038469 4.78718880547016 4.86198863055563 4.9367884556411 5.01158828072658 5.08638810581205 5.16118793089752 5.23598775598299 5.31078758106846 5.38558740615393 5.46038723123941 5.53518705632488 5.60998688141035 5.68478670649582 5.75958653158129 5.83438635666676 5.90918618175223 5.98398600683771 6.05878583192318 6.13358565700865 6.20838548209412 6.28318530717959 
85 1 2 3 4 5 6 7 8 9 10 11 12 13 14 15 16 17 18 19 20 21 22 23 24 25 26 27 28 29 30 31 32 33 34 35 36 37 38 39 40 41 42 43 44 45 46 47 48 49 50 51 52 53 54 55 56 57 58 59 60 61 62 63 64 65 66 67 68 69 70 71 72 73 74 75 76 77 78 79 80 81 82 83 84 85 
p 1.240000008 1 0 0.0747998250854713 0.149599650170943 0.224399475256414 0.299199300341885 0.373999125427356 0.448798950512828 0.523598775598299 0.59839860068377 0.673198425769241 0.747998250854713 0.822798075940184 0.897597901025655 0.972397726111126 1.0471975511966 1.12199737628207 1.19679720136754 1.27159702645301 1.34639685153848 1.42119667662395 1.49599650170943 1.5707963267949 1.64559615188037 1.72039597696584 1.79519580205131 1.86999562713678 1.94479545222225 2.01959527730773 2.0943951023932 2.16919492747867 2.24399475256414 2.31879457764961 2.39359440273508 2.46839422782055 2.54319405290602 2.61799387799149 2.69279370307697 2.76759352816244 2.84239335324791 2.91719317833338 2.99199300341885 3.06679282850432 3.14159265358979 3.21639247867526 3.29119230376073 3.36599212884621 3.44079195393168 3.51559177901715 3.59039160410262 3.66519142918809 3.73999125427356 3.81479107935903 3.8895909044445 3.96439072952997 4.03919055461545 4.11399037970092 4.18879020478639 4.26359002987186 4.33838985495733 4.4131896800428 4.48798950512827 4.56278933021375 4.63758915529922 4.71238898038469 4.78718880547016 4.86198863055563 4.9367884556411 5.01158828072658 5.08638810581205 5.16118793089752 5.23598775598299 5.31078758106846 5.38558740615393 5.46038723123941 5.53518705632488 5.60998688141035 5.68478670649582 5.75958653158129 5.83438635666676 5.90918618175223 5.98398600683771 6.05878583192318 6.13358565700865 6.20838548209412 6.28318530717959 
85 169 170 171 172 173 174 175 176 177 178 179 180 181 182 183 184 185 186 187 188 189 190 191 192 193 194 195 196 197 198 199 200 201 202 203 204 205 206 207 208 209 210 211 212 213 214 215 216 217 218 219 220 221 222 223 224 225 226 227 228 229 230 231 232 233 234 235 236 237 238 239 240 241 242 243 244 245 246 247 248 249 250 251 252 169 
p 1.240000008 1 0 0.0747998250854713 0.149599650170943 0.224399475256414 0.299199300341885 0.373999125427356 0.448798950512828 0.523598775598299 0.59839860068377 0.673198425769241 0.747998250854713 0.822798075940184 0.897597901025655 0.972397726111126 1.0471975511966 1.12199737628207 1.19679720136754 1.27159702645301 1.34639685153848 1.42119667662395 1.49599650170943 1.5707963267949 1.64559615188037 1.72039597696584 1.79519580205131 1.86999562713678 1.94479545222225 2.01959527730773 2.0943951023932 2.16919492747867 2.24399475256414 2.31879457764961 2.39359440273508 2.46839422782055 2.54319405290602 2.61799387799149 2.69279370307697 2.76759352816244 2.84239335324791 2.91719317833338 2.99199300341885 3.06679282850432 3.14159265358979 3.21639247867526 3.29119230376073 3.36599212884621 3.44079195393168 3.51559177901715 3.59039160410262 3.66519142918809 3.73999125427356 3.81479107935903 3.8895909044445 3.96439072952997 4.03919055461545 4.11399037970092 4.18879020478639 4.26359002987186 4.33838985495733 4.4131896800428 4.48798950512827 4.56278933021375 4.63758915529922 4.71238898038469 4.78718880547016 4.86198863055563 4.9367884556411 5.01158828072658 5.08638810581205 5.16118793089752 5.23598775598299 5.31078758106846 5.38558740615393 5.46038723123941 5.53518705632488 5.60998688141035 5.68478670649582 5.75958653158129 5.83438635666676 5.90918618175223 5.98398600683771 6.05878583192318 6.13358565700865 6.20838548209412 6.28318530717959 
85 1 2 3 4 5 6 7 8 9 10 11 12 13 14 15 16 17 18 19 20 21 22 23 24 25 26 27 28 29 30 31 32 33 34 35 36 37 38 39 40 41 42 43 44 45 46 47 48 49 50 51 52 53 54 55 56 57 58 59 60 61 62 63 64 65 66 67 68 69 70 71 72 73 74 75 76 77 78 79 80 81 82 83 84 85 
p 0.368000032 1 0 0.0747998250854713 0.149599650170943 0.224399475256414 0.299199300341885 0.373999125427356 0.448798950512828 0.523598775598299 0.59839860068377 0.673198425769241 0.747998250854713 0.822798075940184 0.897597901025655 0.972397726111126 1.0471975511966 1.12199737628207 1.19679720136754 1.27159702645301 1.34639685153848 1.42119667662395 1.49599650170943 1.5707963267949 1.64559615188037 1.72039597696584 1.79519580205131 1.86999562713678 1.94479545222225 2.01959527730773 2.0943951023932 2.16919492747867 2.24399475256414 2.31879457764961 2.39359440273508 2.46839422782055 2.54319405290602 2.61799387799149 2.69279370307697 2.76759352816244 2.84239335324791 2.91719317833338 2.99199300341885 3.06679282850432 3.14159265358979 3.21639247867526 3.29119230376073 3.36599212884621 3.44079195393168 3.51559177901715 3.59039160410262 3.66519142918809 3.73999125427356 3.81479107935903 3.8895909044445 3.96439072952997 4.03919055461545 4.11399037970092 4.18879020478639 4.26359002987186 4.33838985495733 4.4131896800428 4.48798950512827 4.56278933021375 4.63758915529922 4.71238898038469 4.78718880547016 4.86198863055563 4.9367884556411 5.01158828072658 5.08638810581205 5.16118793089752 5.23598775598299 5.31078758106846 5.38558740615393 5.46038723123941 5.53518705632488 5.60998688141035 5.68478670649582 5.75958653158129 5.83438635666676 5.90918618175223 5.98398600683771 6.05878583192318 6.13358565700865 6.20838548209412 6.28318530717959 
85 253 254 255 256 257 258 259 260 261 262 263 264 265 266 267 268 269 270 271 272 273 274 275 276 277 278 279 280 281 282 283 284 285 286 287 288 289 290 291 292 293 294 295 296 297 298 299 300 301 302 303 304 305 306 307 308 309 310 311 312 313 314 315 316 317 318 319 320 321 322 323 324 325 326 327 328 329 330 331 332 333 334 335 336 253 
p 0.368000032 1 0 0.0747998250854713 0.149599650170943 0.224399475256414 0.299199300341885 0.373999125427356 0.448798950512828 0.523598775598299 0.59839860068377 0.673198425769241 0.747998250854713 0.822798075940184 0.897597901025655 0.972397726111126 1.0471975511966 1.12199737628207 1.19679720136754 1.27159702645301 1.34639685153848 1.42119667662395 1.49599650170943 1.5707963267949 1.64559615188037 1.72039597696584 1.79519580205131 1.86999562713678 1.94479545222225 2.01959527730773 2.0943951023932 2.16919492747867 2.24399475256414 2.31879457764961 2.39359440273508 2.46839422782055 2.54319405290602 2.61799387799149 2.69279370307697 2.76759352816244 2.84239335324791 2.91719317833338 2.99199300341885 3.06679282850432 3.14159265358979 3.21639247867526 3.29119230376073 3.36599212884621 3.44079195393168 3.51559177901715 3.59039160410262 3.66519142918809 3.73999125427356 3.81479107935903 3.8895909044445 3.96439072952997 4.03919055461545 4.11399037970092 4.18879020478639 4.26359002987186 4.33838985495733 4.4131896800428 4.48798950512827 4.56278933021375 4.63758915529922 4.71238898038469 4.78718880547016 4.86198863055563 4.9367884556411 5.01158828072658 5.08638810581205 5.16118793089752 5.23598775598299 5.31078758106846 5.38558740615393 5.46038723123941 5.53518705632488 5.60998688141035 5.68478670649582 5.75958653158129 5.83438635666676 5.90918618175223 5.98398600683771 6.05878583192318 6.13358565700865 6.20838548209412 6.28318530717959 
85 86 88 89 90 91 92 93 94 95 96 97 98 99 100 101 102 103 104 105 106 107 108 109 110 111 112 113 114 115 116 117 118 119 120 121 122 123 124 125 126 127 128 129 130 131 132 133 134 135 136 137 138 139 140 141 142 143 144 145 146 147 148 149 150 151 152 153 154 155 156 157 158 159 160 161 162 163 164 165 166 167 168 169 170 87 
p 0.368000032 1 0 0.0747998250854713 0.149599650170943 0.224399475256414 0.299199300341885 0.373999125427356 0.448798950512828 0.523598775598299 0.59839860068377 0.673198425769241 0.747998250854713 0.822798075940184 0.897597901025655 0.972397726111126 1.0471975511966 1.12199737628207 1.19679720136754 1.27159702645301 1.34639685153848 1.42119667662395 1.49599650170943 1.5707963267949 1.64559615188037 1.72039597696584 1.79519580205131 1.86999562713678 1.94479545222225 2.01959527730773 2.0943951023932 2.16919492747867 2.24399475256414 2.31879457764961 2.39359440273508 2.46839422782055 2.54319405290602 2.61799387799149 2.69279370307697 2.76759352816244 2.84239335324791 2.91719317833338 2.99199300341885 3.06679282850432 3.14159265358979 3.21639247867526 3.29119230376073 3.36599212884621 3.44079195393168 3.51559177901715 3.59039160410262 3.66519142918809 3.73999125427356 3.81479107935903 3.8895909044445 3.96439072952997 4.03919055461545 4.11399037970092 4.18879020478639 4.26359002987186 4.33838985495733 4.4131896800428 4.48798950512827 4.56278933021375 4.63758915529922 4.71238898038469 4.78718880547016 4.86198863055563 4.9367884556411 5.01158828072658 5.08638810581205 5.16118793089752 5.23598775598299 5.31078758106846 5.38558740615393 5.46038723123941 5.53518705632488 5.60998688141035 5.68478670649582 5.75958653158129 5.83438635666676 5.90918618175223 5.98398600683771 6.05878583192318 6.13358565700865 6.20838548209412 6.28318530717959 
85 85 86 87 88 89 90 91 92 93 94 95 96 97 98 99 100 101 102 103 104 105 106 107 108 109 110 111 112 113 114 115 116 117 118 119 120 121 122 123 124 125 126 127 128 129 130 131 132 133 134 135 136 137 138 139 140 141 142 143 144 145 146 147 148 149 150 151 152 153 154 155 156 157 158 159 160 161 162 163 164 165 166 167 168 85 
p 0.368000032 1 0 0.0747998250854713 0.149599650170943 0.224399475256414 0.299199300341885 0.373999125427356 0.448798950512828 0.523598775598299 0.59839860068377 0.673198425769241 0.747998250854713 0.822798075940184 0.897597901025655 0.972397726111126 1.0471975511966 1.12199737628207 1.19679720136754 1.27159702645301 1.34639685153848 1.42119667662395 1.49599650170943 1.5707963267949 1.64559615188037 1.72039597696584 1.79519580205131 1.86999562713678 1.94479545222225 2.01959527730773 2.0943951023932 2.16919492747867 2.24399475256414 2.31879457764961 2.39359440273508 2.46839422782055 2.54319405290602 2.61799387799149 2.69279370307697 2.76759352816244 2.84239335324791 2.91719317833338 2.99199300341885 3.06679282850432 3.14159265358979 3.21639247867526 3.29119230376073 3.36599212884621 3.44079195393168 3.51559177901715 3.59039160410262 3.66519142918809 3.73999125427356 3.81479107935903 3.8895909044445 3.96439072952997 4.03919055461545 4.11399037970092 4.18879020478639 4.26359002987186 4.33838985495733 4.4131896800428 4.48798950512827 4.56278933021375 4.63758915529922 4.71238898038469 4.78718880547016 4.86198863055563 4.9367884556411 5.01158828072658 5.08638810581205 5.16118793089752 5.23598775598299 5.31078758106846 5.38558740615393 5.46038723123941 5.53518705632488 5.60998688141035 5.68478670649582 5.75958653158129 5.83438635666676 5.90918618175223 5.98398600683771 6.05878583192318 6.13358565700865 6.20838548209412 6.28318530717959 
85 86 88 89 90 91 92 93 94 95 96 97 98 99 100 101 102 103 104 105 106 107 108 109 110 111 112 113 114 115 116 117 118 119 120 121 122 123 124 125 126 127 128 129 130 131 132 133 134 135 136 137 138 139 140 141 142 143 144 145 146 147 148 149 150 151 152 153 154 155 156 157 158 159 160 161 162 163 164 165 166 167 168 169 170 87 
p 1.240000008 1 0 0.0747998250854713 0.149599650170943 0.224399475256414 0.299199300341885 0.373999125427356 0.448798950512828 0.523598775598299 0.59839860068377 0.673198425769241 0.747998250854713 0.822798075940184 0.897597901025655 0.972397726111126 1.0471975511966 1.12199737628207 1.19679720136754 1.27159702645301 1.34639685153848 1.42119667662395 1.49599650170943 1.5707963267949 1.64559615188037 1.72039597696584 1.79519580205131 1.86999562713678 1.94479545222225 2.01959527730773 2.0943951023932 2.16919492747867 2.24399475256414 2.31879457764961 2.39359440273508 2.46839422782055 2.54319405290602 2.61799387799149 2.69279370307697 2.76759352816244 2.84239335324791 2.91719317833338 2.99199300341885 3.06679282850432 3.14159265358979 3.21639247867526 3.29119230376073 3.36599212884621 3.44079195393168 3.51559177901715 3.59039160410262 3.66519142918809 3.73999125427356 3.81479107935903 3.8895909044445 3.96439072952997 4.03919055461545 4.11399037970092 4.18879020478639 4.26359002987186 4.33838985495733 4.4131896800428 4.48798950512827 4.56278933021375 4.63758915529922 4.71238898038469 4.78718880547016 4.86198863055563 4.9367884556411 5.01158828072658 5.08638810581205 5.16118793089752 5.23598775598299 5.31078758106846 5.38558740615393 5.46038723123941 5.53518705632488 5.60998688141035 5.68478670649582 5.75958653158129 5.83438635666676 5.90918618175223 5.98398600683771 6.05878583192318 6.13358565700865 6.20838548209412 6.28318530717959 
85 169 170 171 172 173 174 175 176 177 178 179 180 181 182 183 184 185 186 187 188 189 190 191 192 193 194 195 196 197 198 199 200 201 202 203 204 205 206 207 208 209 210 211 212 213 214 215 216 217 218 219 220 221 222 223 224 225 226 227 228 229 230 231 232 233 234 235 236 237 238 239 240 241 242 243 244 245 246 247 248 249 250 251 252 169 
p 1.240000008 1 0 0.0747998250854713 0.149599650170943 0.224399475256414 0.299199300341885 0.373999125427356 0.448798950512828 0.523598775598299 0.59839860068377 0.673198425769241 0.747998250854713 0.822798075940184 0.897597901025655 0.972397726111126 1.0471975511966 1.12199737628207 1.19679720136754 1.27159702645301 1.34639685153848 1.42119667662395 1.49599650170943 1.5707963267949 1.64559615188037 1.72039597696584 1.79519580205131 1.86999562713678 1.94479545222225 2.01959527730773 2.0943951023932 2.16919492747867 2.24399475256414 2.31879457764961 2.39359440273508 2.46839422782055 2.54319405290602 2.61799387799149 2.69279370307697 2.76759352816244 2.84239335324791 2.91719317833338 2.99199300341885 3.06679282850432 3.14159265358979 3.21639247867526 3.29119230376073 3.36599212884621 3.44079195393168 3.51559177901715 3.59039160410262 3.66519142918809 3.73999125427356 3.81479107935903 3.8895909044445 3.96439072952997 4.03919055461545 4.11399037970092 4.18879020478639 4.26359002987186 4.33838985495733 4.4131896800428 4.48798950512827 4.56278933021375 4.63758915529922 4.71238898038469 4.78718880547016 4.86198863055563 4.9367884556411 5.01158828072658 5.08638810581205 5.16118793089752 5.23598775598299 5.31078758106846 5.38558740615393 5.46038723123941 5.53518705632488 5.60998688141035 5.68478670649582 5.75958653158129 5.83438635666676 5.90918618175223 5.98398600683771 6.05878583192318 6.13358565700865 6.20838548209412 6.28318530717959 
85 86 88 89 90 91 92 93 94 95 96 97 98 99 100 101 102 103 104 105 106 107 108 109 110 111 112 113 114 115 116 117 118 119 120 121 122 123 124 125 126 127 128 129 130 131 132 133 134 135 136 137 138 139 140 141 142 143 144 145 146 147 148 149 150 151 152 153 154 155 156 157 158 159 160 161 162 163 164 165 166 167 168 169 170 87 
p 0.368000032 1 0 0.0747998250854713 0.149599650170943 0.224399475256414 0.299199300341885 0.373999125427356 0.448798950512828 0.523598775598299 0.59839860068377 0.673198425769241 0.747998250854713 0.822798075940184 0.897597901025655 0.972397726111126 1.0471975511966 1.12199737628207 1.19679720136754 1.27159702645301 1.34639685153848 1.42119667662395 1.49599650170943 1.5707963267949 1.64559615188037 1.72039597696584 1.79519580205131 1.86999562713678 1.94479545222225 2.01959527730773 2.0943951023932 2.16919492747867 2.24399475256414 2.31879457764961 2.39359440273508 2.46839422782055 2.54319405290602 2.61799387799149 2.69279370307697 2.76759352816244 2.84239335324791 2.91719317833338 2.99199300341885 3.06679282850432 3.14159265358979 3.21639247867526 3.29119230376073 3.36599212884621 3.44079195393168 3.51559177901715 3.59039160410262 3.66519142918809 3.73999125427356 3.81479107935903 3.8895909044445 3.96439072952997 4.03919055461545 4.11399037970092 4.18879020478639 4.26359002987186 4.33838985495733 4.4131896800428 4.48798950512827 4.56278933021375 4.63758915529922 4.71238898038469 4.78718880547016 4.86198863055563 4.9367884556411 5.01158828072658 5.08638810581205 5.16118793089752 5.23598775598299 5.31078758106846 5.38558740615393 5.46038723123941 5.53518705632488 5.60998688141035 5.68478670649582 5.75958653158129 5.83438635666676 5.90918618175223 5.98398600683771 6.05878583192318 6.13358565700865 6.20838548209412 6.28318530717959 
85 253 254 255 256 257 258 259 260 261 262 263 264 265 266 267 268 269 270 271 272 273 274 275 276 277 278 279 280 281 282 283 284 285 286 287 288 289 290 291 292 293 294 295 296 297 298 299 300 301 302 303 304 305 306 307 308 309 310 311 312 313 314 315 316 317 318 319 320 321 322 323 324 325 326 327 328 329 330 331 332 333 334 335 336 253 
p 0.368000032 1 0 0.0747998250854713 0.149599650170943 0.224399475256414 0.299199300341885 0.373999125427356 0.448798950512828 0.523598775598299 0.59839860068377 0.673198425769241 0.747998250854713 0.822798075940184 0.897597901025655 0.972397726111126 1.0471975511966 1.12199737628207 1.19679720136754 1.27159702645301 1.34639685153848 1.42119667662395 1.49599650170943 1.5707963267949 1.64559615188037 1.72039597696584 1.79519580205131 1.86999562713678 1.94479545222225 2.01959527730773 2.0943951023932 2.16919492747867 2.24399475256414 2.31879457764961 2.39359440273508 2.46839422782055 2.54319405290602 2.61799387799149 2.69279370307697 2.76759352816244 2.84239335324791 2.91719317833338 2.99199300341885 3.06679282850432 3.14159265358979 3.21639247867526 3.29119230376073 3.36599212884621 3.44079195393168 3.51559177901715 3.59039160410262 3.66519142918809 3.73999125427356 3.81479107935903 3.8895909044445 3.96439072952997 4.03919055461545 4.11399037970092 4.18879020478639 4.26359002987186 4.33838985495733 4.4131896800428 4.48798950512827 4.56278933021375 4.63758915529922 4.71238898038469 4.78718880547016 4.86198863055563 4.9367884556411 5.01158828072658 5.08638810581205 5.16118793089752 5.23598775598299 5.31078758106846 5.38558740615393 5.46038723123941 5.53518705632488 5.60998688141035 5.68478670649582 5.75958653158129 5.83438635666676 5.90918618175223 5.98398600683771 6.05878583192318 6.13358565700865 6.20838548209412 6.28318530717959 
2 86 1 
p 0.320000032 1 0.799999999999997 2.8 
2 87 85 
p 0.320000032 1 0.799999999999997 2.8 
2 86 1 
p 0.320000032 1 0.799999999999997 2.8 
2 87 85 
p 0.320000032 1 0.799999999999997 2.8 
2 86 1 
p 0.320000032 1 0.799999999999997 2.8 
2 87 85 
p 0.320000032 1 0.799999999999997 2.8 
Surfaces 6
2 0 0 0 0 0 1 1 0 -0 -0 1 0 15.5
1 0 0 2 0 0 1 1 0 -0 -0 1 0 
1 0 0 0 0 0 1 1 0 -0 -0 1 0 
2 0 0 0 0 0 1 1 0 -0 -0 1 0 1.1499999999999999
2 0 0 0 0 0 1 1 0 -0 -0 1 0 9
2 0 0 0 0 0 1 1 0 -0 -0 1 0 1.1499999999999999
Triangulations 6
170 168 1 0 0.010839075779825
15.5 -3.7964050773568e-15 2 15.4566588563083 1.15831645058958 2 15.3268778064895 2.3101551257307 2 15.1113826388183 3.44907447632287 2 14.8113784896852 4.56870520336902 2 14.4285431039852 5.66278587767912 2 13.9650174524875 6.72519795632215 2 13.4233937586588 7.75 2 12.8067010018979 8.73146089998614 2 12.1183879782545 9.66409192881037 2 11.3623040133623 10.5426774354492 2 10.5426774354493 11.3623040133623 2 9.66409192881037 12.1183879782545 2 8.73146089998614 12.8067010018979 2 7.75 13.4233937586588 2 6.72519795632215 13.9650174524875 2 5.66278587767912 14.4285431039852 2 4.56870520336901 14.8113784896852 2 3.44907447632287 15.1113826388183 2 2.3101551257307 15.3268778064895 2 1.15831645058957 15.4566588563083 2 -5.93428148333677e-15 15.5 2 -1.15831645058958 15.4566588563083 2 -2.31015512573071 15.3268778064895 2 -3.44907447632288 15.1113826388183 2 -4.56870520336903 14.8113784896852 2 -5.66278587767913 14.4285431039852 2 -6.72519795632216 13.9650174524875 2 -7.75000000000001 13.4233937586588 2 -8.73146089998615 12.8067010018979 2 -9.66409192881037 12.1183879782545 2 -10.5426774354493 11.3623040133623 2 -11.3623040133623 10.5426774354492 2 -12.1183879782545 9.66409192881037 2 -12.8067010018979 8.73146089998615 2 -13.4233937586588 7.75000000000001 2 -13.9650174524875 6.72519795632216 2 -14.4285431039852 5.66278587767913 2 -14.8113784896852 4.56870520336903 2 -15.1113826388183 3.44907447632289 2 -15.3268778064895 2.31015512573072 2 -15.4566588563083 1.1583164505896 2 -15.5 2.25483507967063e-14 2 -15.4566588563083 -1.15831645058955 2 -15.3268778064895 -2.31015512573068 2 -15.1113826388183 -3.44907447632284 2 -14.8113784896852 -4.56870520336899 2 -14.4285431039852 -5.66278587767909 2 -13.9650174524875 -6.72519795632212 2 -13.4233937586588 -7.74999999999997 2 -12.8067010018979 -8.73146089998611 2 -12.1183879782545 -9.66409192881034 2 -11.3623040133623 -10.5426774354492 2 -10.5426774354493 -11.3623040133623 2 -9.6640919288104 -12.1183879782544 2 -8.73146089998617 -12.8067010018979 2 -7.75000000000003 -13.4233937586588 2 -6.72519795632218 -13.9650174524875 2 -5.66278587767915 -14.4285431039852 2 -4.56870520336903 -14.8113784896852 2 -3.44907447632289 -15.1113826388183 2 -2.31015512573072 -15.3268778064895 2 -1.15831645058958 -15.4566588563083 2 -2.8473038080176e-15 -15.5 2 1.15831645058958 -15.4566588563083 2 2.31015512573071 -15.3268778064895 2 3.44907447632288 -15.1113826388183 2 4.56870520336903 -14.8113784896852 2 5.66278587767914 -14.4285431039852 2 6.72519795632217 -13.9650174524875 2 7.75000000000003 -13.4233937586588 2 8.73146089998617 -12.8067010018979 2 9.6640919288104 -12.1183879782544 2 10.5426774354493 -11.3623040133623 2 11.3623040133623 -10.5426774354492 2 12.1183879782545 -9.66409192881033 2 12.806701001898 -8.73146089998609 2 13.4233937586588 -7.74999999999995 2 13.9650174524875 -6.72519795632209 2 14.4285431039852 -5.66278587767906 2 14.8113784896852 -4.56870520336894 2 15.1113826388183 -3.4490744763228 2 15.3268778064895 -2.31015512573062 2 15.4566588563083 -1.15831645058949 2 15.5 -3.7964050773568e-15 2 15.5 -3.7964050773568e-15 0 15.5 -3.7964050773568e-15 0 15.4566588563083 1.15831645058958 0 15.3268778064895 2.3101551257307 0 15.1113826388183 3.44907447632287 0 14.8113784896852 4.56870520336902 0 14.4285431039852 5.66278587767912 0 13.9650174524875 6.72519795632215 0 13.4233937586588 7.75 0 12.8067010018979 8.73146089998614 0 12.1183879782545 9.66409192881037 0 11.3623040133623 10.5426774354492 0 10.5426774354493 11.3623040133623 0 9.66409192881037 12.1183879782545 0 8.73146089998614 12.8067010018979 0 7.75 13.4233937586588 0 6.72519795632215 13.9650174524875 0 5.66278587767912 14.4285431039852 0 4.56870520336901 14.8113784896852 0 3.44907447632287 15.1113826388183 0 2.3101551257307 15.3268778064895 0 1.15831645058957 15.4566588563083 0 -5.93428148333677e-15 15.5 0 -1.15831645058958 15.4566588563083 0 -2.31015512573071 15.3268778064895 0 -3.44907447632288 15.1113826388183 0 -4.56870520336903 14.8113784896852 0 -5.66278587767913 14.4285431039852 0 -6.72519795632216 13.9650174524875 0 -7.75000000000001 13.4233937586588 0 -8.73146089998615 12.8067010018979 0 -9.66409192881037 12.1183879782545 0 -10.5426774354493 11.3623040133623 0 -11.3623040133623 10.5426774354492 0 -12.1183879782545 9.66409192881037 0 -12.8067010018979 8.73146089998615 0 -13.4233937586588 7.75000000000001 0 -13.9650174524875 6.72519795632216 0 -14.4285431039852 5.66278587767913 0 -14.8113784896852 4.56870520336903 0 -15.1113826388183 3.44907447632289 0 -15.3268778064895 2.31015512573072 0 -15.4566588563083 1.1583164505896 0 -15.5 2.25483507967063e-14 0 -15.4566588563083 -1.15831645058955 0 -15.3268778064895 -2.31015512573068 0 -15.1113826388183 -3.44907447632284 0 -14.8113784896852 -4.56870520336899 0 -14.4285431039852 -5.66278587767909 0 -13.9650174524875 -6.72519795632212 0 -13.4233937586588 -7.74999999999997 0 -12.8067010018979 -8.73146089998611 0 -12.1183879782545 -9.66409192881034 0 -11.3623040133623 -10.5426774354492 0 -10.5426774354493 -11.3623040133623 0 -9.6640919288104 -12.1183879782544 0 -8.73146089998617 -12.8067010018979 0 -7.75000000000003 -13.4233937586588 0 -6.72519795632218 -13.9650174524875 0 -5.66278587767915 -14.4285431039852 0 -4.56870520336903 -14.8113784896852 0 -3.44907447632289 -15.1113826388183 0 -2.31015512573072 -15.3268778064895 0 -1.15831645058958 -15.4566588563083 0 -2.8473038080176e-15 -15.5 0 1.15831645058958 -15.4566588563083 0 2.31015512573071 -15.3268778064895 0 3.44907447632288 -15.1113826388183 0 4.56870520336903 -14.8113784896852 0 5.66278587767914 -14.4285431039852 0 6.72519795632217 -13.9650174524875 0 7.75000000000003 -13.4233937586588 0 8.73146089998617 -12.8067010018979 0 9.6640919288104 -12.1183879782544 0 10.5426774354493 -11.3623040133623 0 11.3623040133623 -10.5426774354492 0 12.1183879782545 -9.66409192881033 0 12.806701001898 -8.73146089998609 0 13.4233937586588 -7.74999999999995 0 13.9650174524875 -6.72519795632209 0 14.4285431039852 -5.66278587767906 0 14.8113784896852 -4.56870520336894 0 15.1113826388183 -3.4490744763228 0 15.3268778064895 -2.31015512573062 0 15.4566588563083 -1.15831645058949 0 0 2 0.0747998250854713 2 0.149599650170943 2 0.224399475256414 2 0.299199300341885 2 0.373999125427356 2 0.448798950512828 2 0.523598775598299 2 0.59839860068377 2 0.673198425769241 2 0.747998250854713 2 0.822798075940184 2 0.897597901025655 2 0.972397726111126 2 1.0471975511966 2 1.12199737628207 2 1.19679720136754 2 1.27159702645301 2 1.34639685153848 2 1.42119667662395 2 1.49599650170943 2 1.5707963267949 2 1.64559615188037 2 1.72039597696584 2 1.79519580205131 2 1.86999562713678 2 1.94479545222225 2 2.01959527730773 2 2.0943951023932 2 2.16919492747867 2 2.24399475256414 2 2.31879457764961 2 2.39359440273508 2 2.46839422782055 2 2.54319405290602 2 2.61799387799149 2 2.69279370307697 2 2.76759352816244 2 2.84239335324791 2 2.91719317833338 2 2.99199300341885 2 3.06679282850432 2 3.14159265358979 2 3.21639247867526 2 3.29119230376073 2 3.36599212884621 2 3.44079195393168 2 3.51559177901715 2 3.59039160410262 2 3.66519142918809 2 3.73999125427356 2 3.81479107935903 2 3.8895909044445 2 3.96439072952997 2 4.03919055461545 2 4.11399037970092 2 4.18879020478639 2 4.26359002987186 2 4.33838985495733 2 4.4131896800428 2 4.48798950512827 2 4.56278933021375 2 4.63758915529922 2 4.71238898038469 2 4.78718880547016 2 4.86198863055563 2 4.9367884556411 2 5.01158828072658 2 5.08638810581205 2 5.16118793089752 2 5.23598775598299 2 5.31078758106846 2 5.38558740615393 2 5.46038723123941 2 5.53518705632488 2 5.60998688141035 2 5.68478670649582 2 5.75958653158129 2 5.83438635666676 2 5.90918618175223 2 5.98398600683771 2 6.05878583192318 2 6.13358565700865 2 6.20838548209412 2 6.28318530717959 2 0 0 6.28318530717959 0 0.0747998250854713 0 0.149599650170943 0 0.224399475256414 0 0.299199300341885 0 0.373999125427356 0 0.448798950512828 0 0.523598775598299 0 0.59839860068377 0 0.673198425769241 0 0.747998250854713 0 0.822798075940184 0 0.897597901025655 0 0.972397726111126 0 1.0471975511966 0 1.12199737628207 0 1.19679720136754 0 1.27159702645301 0 1.34639685153848 0 1.42119667662395 0 1.49599650170943 0 1.5707963267949 0 1.64559615188037 0 1.72039597696584 0 1.79519580205131 0 1.86999562713678 0 1.94479545222225 0 2.01959527730773 0 2.0943951023932 0 2.16919492747867 0 2.24399475256414 0 2.31879457764961 0 2.39359440273508 0 2.46839422782055 0 2.54319405290602 0 2.61799387799149 0 2.69279370307697 0 2.76759352816244 0 2.84239335324791 0 2.91719317833338 0 2.99199300341885 0 3.06679282850432 0 3.14159265358979 0 3.21639247867526 0 3.29119230376073 0 3.36599212884621 0 3.44079195393168 0 3.51559177901715 0 3.59039160410262 0 3.66519142918809 0 3.73999125427356 0 3.81479107935903 0 3.8895909044445 0 3.96439072952997 0 4.03919055461545 0 4.11399037970092 0 4.18879020478639 0 4.26359002987186 0 4.33838985495733 0 4.4131896800428 0 4.48798950512827 0 4.56278933021375 0 4.63758915529922 0 4.71238898038469 0 4.78718880547016 0 4.86198863055563 0 4.9367884556411 0 5.01158828072658 0 5.08638810581205 0 5.16118793089752 0 5.23598775598299 0 5.31078758106846 0 5.38558740615393 0 5.46038723123941 0 5.53518705632488 0 5.60998688141035 0 5.68478670649582 0 5.75958653158129 0 5.83438635666676 0 5.90918618175223 0 5.98398600683771 0 6.05878583192318 0 6.13358565700865 0 6.20838548209412 0 2 1 86 2 86 88 3 2 88 3 88 89 4 89 90 4 3 89 5 90 91 5 4 90 6 91 92 6 5 91 7 92 93 7 6 92 8 93 94 8 7 93 9 8 94 9 94 95 10 9 95 10 95 96 11 10 96 11 96 97 12 11 97 12 97 98 13 12 98 13 98 99 14 13 99 14 99 100 15 14 100 15 100 101 16 15 101 16 101 102 17 102 103 17 16 102 18 103 104 18 17 103 19 104 105 19 18 104 20 105 106 20 19 105 21 106 107 21 107 108 21 20 106 22 21 108 22 108 109 23 22 109 24 109 110 24 23 109 25 110 111 25 24 110 26 111 112 26 112 113 26 25 111 27 113 114 27 26 113 28 27 114 29 114 115 29 28 114 30 115 116 30 29 115 31 116 117 31 30 116 32 117 118 32 31 117 33 32 118 33 118 119 34 33 119 34 119 120 35 34 120 35 120 121 36 35 121 36 121 122 37 36 122 37 122 123 38 123 124 38 37 123 39 124 125 39 38 124 40 125 126 40 39 125 41 126 127 41 40 126 42 127 128 42 41 127 43 128 129 43 129 130 43 42 128 44 43 130 45 130 131 45 44 130 46 131 132 46 45 131 47 132 133 47 46 132 48 133 134 48 47 133 49 134 135 49 48 134 50 135 136 50 49 135 51 136 137 51 50 136 52 137 138 52 51 137 53 138 139 53 139 140 53 52 138 54 53 140 55 140 141 55 54 140 56 141 142 56 55 141 57 142 143 57 56 142 58 143 144 58 57 143 59 58 144 59 144 145 60 59 145 60 145 146 61 60 146 61 146 147 62 61 147 62 147 148 63 62 148 63 148 149 64 63 149 64 149 150 64 150 151 65 64 151 66 65 151 66 151 152 67 66 152 67 152 153 68 67 153 68 153 154 69 68 154 69 154 155 70 69 155 70 155 156 71 70 156 71 156 157 72 71 157 72 157 158 73 158 159 73 72 158 74 159 160 74 73 159 75 160 161 75 74 160 76 161 162 76 75 161 77 162 163 77 76 162 78 163 164 78 77 163 79 164 165 79 78 164 80 165 166 80 79 165 81 166 167 81 80 166 82 167 168 82 81 167 83 168 169 83 82 168 84 83 169 84 169 170 85 84 170 85 170 87 
336 340 1 0 3.79429987221404e-15
15.5 -3.7964050773568e-15 42.3 15.4566588563083 1.15831645058958 42.3 15.3268778064895 2.3101551257307 42.3 15.1113826388183 3.44907447632287 42.3 14.8113784896852 4.56870520336902 42.3 14.4285431039852 5.66278587767912 42.3 13.9650174524875 6.72519795632215 42.3 13.4233937586588 7.75 42.3 12.8067010018979 8.73146089998614 42.3 12.1183879782545 9.66409192881037 42.3 11.3623040133623 10.5426774354492 42.3 10.5426774354493 11.3623040133623 42.3 9.66409192881037 12.1183879782545 42.3 8.73146089998614 12.8067010018979 42.3 7.75 13.4233937586588 42.3 6.72519795632215 13.9650174524875 42.3 5.66278587767912 14.4285431039852 42.3 4.56870520336901 14.8113784896852 42.3 3.44907447632287 15.1113826388183 42.3 2.3101551257307 15.3268778064895 42.3 1.15831645058957 15.4566588563083 42.3 -5.93428148333677e-15 15.5 42.3 -1.15831645058958 15.4566588563083 42.3 -2.31015512573071 15.3268778064895 42.3 -3.44907447632288 15.1113826388183 42.3 -4.56870520336903 14.8113784896852 42.3 -5.66278587767913 14.4285431039852 42.3 -6.72519795632216 13.9650174524875 42.3 -7.75000000000001 13.4233937586588 42.3 -8.73146089998615 12.8067010018979 42.3 -9.66409192881037 12.1183879782545 42.3 -10.5426774354493 11.3623040133623 42.3 -11.3623040133623 10.5426774354492 42.3 -12.1183879782545 9.66409192881037 42.3 -12.8067010018979 8.73146089998615 42.3 -13.4233937586588 7.75000000000001 42.3 -13.9650174524875 6.72519795632216 42.3 -14.4285431039852 5.66278587767913 42.3 -14.8113784896852 4.56870520336903 42.3 -15.1113826388183 3.44907447632289 42.3 -15.3268778064895 2.31015512573072 42.3 -15.4566588563083 1.1583164505896 42.3 -15.5 2.25483507967063e-14 42.3 -15.4566588563083 -1.15831645058955 42.3 -15.3268778064895 -2.31015512573068 42.3 -15.1113826388183 -3.44907447632284 42.3 -14.8113784896852 -4.56870520336899 42.3 -14.4285431039852 -5.66278587767909 42.3 -13.9650174524875 -6.72519795632212 42.3 -13.4233937586588 -7.74999999999997 42.3 -12.8067010018979 -8.73146089998611 42.3 -12.1183879782545 -9.66409192881034 42.3 -11.3623040133623 -10.5426774354492 42.3 -10.5426774354493 -11.3623040133623 42.3 -9.6640919288104 -12.1183879782544 42.3 -8.73146089998617 -12.8067010018979 42.3 -7.75000000000003 -13.4233937586588 42.3 -6.72519795632218 -13.9650174524875 42.3 -5.66278587767915 -14.4285431039852 42.3 -4.56870520336903 -14.8113784896852 42.3 -3.44907447632289 -15.1113826388183 42.3 -2.31015512573072 -15.3268778064895 42.3 -1.15831645058958 -15.4566588563083 42.3 -2.8473038080176e-15 -15.5 42.3 1.15831645058958 -15.4566588563083 42.3 2.31015512573071 -15.3268778064895 42.3 3.44907447632288 -15.1113826388183 42.3 4.56870520336903 -14.8113784896852 42.3 5.66278587767914 -14.4285431039852 42.3 6.72519795632217 -13.9650174524875 42.3 7.75000000000003 -13.4233937586588 42.3 8.73146089998617 -12.8067010018979 42.3 9.6640919288104 -12.1183879782544 42.3 10.5426774354493 -11.3623040133623 42.3 11.3623040133623 -10.5426774354492 42.3 12.1183879782545 -9.66409192881033 42.3 12.806701001898 -8.73146089998609 42.3 13.4233937586588 -7.74999999999995 42.3 13.9650174524875 -6.72519795632209 42.3 14.4285431039852 -5.66278587767906 42.3 14.8113784896852 -4.56870520336894 42.3 15.1113826388183 -3.4490744763228 42.3 15.3268778064895 -2.31015512573062 42.3 15.4566588563083 -1.15831645058949 42.3 -9.35 -2.81668763803891e-16 42.3 -9.35321563324164 0.0859396076243879 42.3 -9.3628445498411 0.171398606102601 42.3 -9.3788329009909 0.255899074049762 42.3 -9.40109127334594 0.33896845057254 42.3 -9.42949518905917 0.420142178021354 42.3 -9.46388580191222 0.498966299985192 42.3 -9.5040707856479 0.575 42.3 -9.54982540953661 0.647818066773165 42.3 -9.60089379516176 0.717013272137543 42.3 -9.6569903473957 0.782198648436557 42.3 -9.71780135156344 0.8430096526043 42.3 -9.78298672786246 0.899106204838234 42.3 -9.85218193322683 0.950174590463394 42.3 -9.925 0.995929214352104 42.3 -10.0010337000148 1.03611419808778 42.3 -10.0798578219786 1.07050481094083 42.3 -10.1610315494275 1.09890872665406 42.3 -10.2441009259502 1.1211670990091 42.3 -10.3286013938974 1.1371554501589 42.3 -10.4140603923756 1.14678436675836 42.3 -10.5 1.15 42.3 -10.5859396076244 1.14678436675836 42.3 -10.6713986061026 1.1371554501589 42.3 -10.7558990740498 1.1211670990091 42.3 -10.8389684505725 1.09890872665406 42.3 -10.9201421780214 1.07050481094083 42.3 -10.9989662999852 1.03611419808778 42.3 -11.075 0.995929214352104 42.3 -11.1478180667732 0.950174590463394 42.3 -11.2170132721375 0.899106204838234 42.3 -11.2821986484366 0.8430096526043 42.3 -11.3430096526043 0.782198648436557 42.3 -11.3991062048382 0.717013272137544 42.3 -11.4501745904634 0.647818066773166 42.3 -11.4959292143521 0.575 42.3 -11.5361141980878 0.498966299985192 42.3 -11.5705048109408 0.420142178021355 42.3 -11.5989087266541 0.338968450572541 42.3 -11.6211670990091 0.255899074049763 42.3 -11.6371554501589 0.171398606102602 42.3 -11.6467843667584 0.0859396076243894 42.3 -11.65 1.67294215588466e-15 42.3 -11.6467843667584 -0.085939607624386 42.3 -11.6371554501589 -0.171398606102599 42.3 -11.6211670990091 -0.255899074049759 42.3 -11.5989087266541 -0.338968450572538 42.3 -11.5705048109408 -0.420142178021352 42.3 -11.5361141980878 -0.498966299985189 42.3 -11.4959292143521 -0.574999999999998 42.3 -11.4501745904634 -0.647818066773163 42.3 -11.3991062048382 -0.717013272137541 42.3 -11.3430096526043 -0.782198648436555 42.3 -11.2821986484366 -0.843009652604298 42.3 -11.2170132721375 -0.899106204838232 42.3 -11.1478180667732 -0.950174590463392 42.3 -11.075 -0.995929214352103 42.3 -10.9989662999852 -1.03611419808778 42.3 -10.9201421780214 -1.07050481094083 42.3 -10.8389684505725 -1.09890872665406 42.3 -10.7558990740498 -1.1211670990091 42.3 -10.6713986061026 -1.1371554501589 42.3 -10.5859396076244 -1.14678436675836 42.3 -10.5 -1.15 42.3 -10.4140603923756 -1.14678436675836 42.3 -10.3286013938974 -1.1371554501589 42.3 -10.2441009259502 -1.1211670990091 42.3 -10.1610315494275 -1.09890872665406 42.3 -10.0798578219786 -1.07050481094083 42.3 -10.0010337000148 -1.03611419808778 42.3 -9.925 -0.995929214352103 42.3 -9.85218193322683 -0.950174590463393 42.3 -9.78298672786245 -0.899106204838232 42.3 -9.71780135156344 -0.843009652604298 42.3 -9.6569903473957 -0.782198648436555 42.3 -9.60089379516176 -0.717013272137541 42.3 -9.5498254095366 -0.647818066773162 42.3 -9.50407078564789 -0.574999999999996 42.3 -9.46388580191222 -0.498966299985187 42.3 -9.42949518905916 -0.420142178021349 42.3 -9.40109127334594 -0.338968450572535 42.3 -9.3788329009909 -0.255899074049756 42.3 -9.3628445498411 -0.171398606102594 42.3 -9.35321563324164 -0.0859396076243814 42.3 9 -2.20436423846524e-15 42.3 8.97483417463062 0.672570842277818 42.3 8.89947743602616 1.34138039558557 42.3 8.77435120963641 2.00268840560683 42.3 8.60015525207527 2.65279656969814 42.3 8.37786373779784 3.28806921929756 42.3 8.10871981112177 3.90495365205802 42.3 7.79422863405995 4.5 42.3 7.43614896884395 5.0698805225726 42.3 7.03648334221227 5.6114082167286 42.3 6.59746684646844 6.12155463993827 42.3 6.12155463993828 6.59746684646844 42.3 5.6114082167286 7.03648334221227 42.3 5.0698805225726 7.43614896884395 42.3 4.5 7.79422863405995 42.3 3.90495365205802 8.10871981112177 42.3 3.28806921929755 8.37786373779784 42.3 2.65279656969814 8.60015525207527 42.3 2.00268840560683 8.77435120963641 42.3 1.34138039558557 8.89947743602616 42.3 0.672570842277815 8.97483417463062 42.3 -3.44571182903425e-15 9 42.3 -0.672570842277822 8.97483417463062 42.3 -1.34138039558557 8.89947743602616 42.3 -2.00268840560683 8.77435120963641 42.3 -2.65279656969814 8.60015525207526 42.3 -3.28806921929756 8.37786373779784 42.3 -3.90495365205803 8.10871981112177 42.3 -4.50000000000001 7.79422863405994 42.3 -5.0698805225726 7.43614896884395 42.3 -5.6114082167286 7.03648334221227 42.3 -6.12155463993828 6.59746684646844 42.3 -6.59746684646844 6.12155463993827 42.3 -7.03648334221227 5.6114082167286 42.3 -7.43614896884395 5.0698805225726 42.3 -7.79422863405995 4.5 42.3 -8.10871981112177 3.90495365205803 42.3 -8.37786373779784 3.28806921929756 42.3 -8.60015525207526 2.65279656969815 42.3 -8.77435120963641 2.00268840560684 42.3 -8.89947743602616 1.34138039558558 42.3 -8.97483417463062 0.67257084227783 42.3 -9 1.30925907851843e-14 42.3 -8.97483417463062 -0.672570842277804 42.3 -8.89947743602616 -1.34138039558555 42.3 -8.77435120963642 -2.00268840560681 42.3 -8.60015525207527 -2.65279656969812 42.3 -8.37786373779785 -3.28806921929754 42.3 -8.10871981112178 -3.904953652058 42.3 -7.79422863405996 -4.49999999999998 42.3 -7.43614896884397 -5.06988052257258 42.3 -7.03648334221228 -5.61140821672858 42.3 -6.59746684646846 -6.12155463993825 42.3 -6.12155463993829 -6.59746684646842 42.3 -5.61140821672862 -7.03648334221225 42.3 -5.06988052257262 -7.43614896884394 42.3 -4.50000000000002 -7.79422863405994 42.3 -3.90495365205804 -8.10871981112176 42.3 -3.28806921929757 -8.37786373779783 42.3 -2.65279656969815 -8.60015525207526 42.3 -2.00268840560684 -8.77435120963641 42.3 -1.34138039558558 -8.89947743602616 42.3 -0.672570842277822 -8.97483417463062 42.3 -1.65327317884893e-15 -9 42.3 0.672570842277819 -8.97483417463062 42.3 1.34138039558557 -8.89947743602616 42.3 2.00268840560684 -8.77435120963641 42.3 2.65279656969815 -8.60015525207526 42.3 3.28806921929757 -8.37786373779783 42.3 3.90495365205804 -8.10871981112177 42.3 4.50000000000002 -7.79422863405994 42.3 5.06988052257261 -7.43614896884394 42.3 5.61140821672862 -7.03648334221225 42.3 6.12155463993829 -6.59746684646842 42.3 6.59746684646846 -6.12155463993825 42.3 7.03648334221229 -5.61140821672858 42.3 7.43614896884397 -5.06988052257257 42.3 7.79422863405997 -4.49999999999997 42.3 8.10871981112179 -3.90495365205799 42.3 8.37786373779785 -3.28806921929752 42.3 8.60015525207528 -2.6527965696981 42.3 8.77435120963642 -2.00268840560679 42.3 8.89947743602616 -1.34138039558552 42.3 8.97483417463063 -0.672570842277767 42.3 11.65 -2.81668763803891e-16 42.3 11.6467843667584 0.0859396076243879 42.3 11.6371554501589 0.171398606102601 42.3 11.6211670990091 0.255899074049762 42.3 11.5989087266541 0.33896845057254 42.3 11.5705048109408 0.420142178021354 42.3 11.5361141980878 0.498966299985192 42.3 11.4959292143521 0.575 42.3 11.4501745904634 0.647818066773165 42.3 11.3991062048382 0.717013272137543 42.3 11.3430096526043 0.782198648436557 42.3 11.2821986484366 0.8430096526043 42.3 11.2170132721375 0.899106204838234 42.3 11.1478180667732 0.950174590463394 42.3 11.075 0.995929214352104 42.3 10.9989662999852 1.03611419808778 42.3 10.9201421780214 1.07050481094083 42.3 10.8389684505725 1.09890872665406 42.3 10.7558990740498 1.1211670990091 42.3 10.6713986061026 1.1371554501589 42.3 10.5859396076244 1.14678436675836 42.3 10.5 1.15 42.3 10.4140603923756 1.14678436675836 42.3 10.3286013938974 1.1371554501589 42.3 10.2441009259502 1.1211670990091 42.3 10.1610315494275 1.09890872665406 42.3 10.0798578219786 1.07050481094083 42.3 10.0010337000148 1.03611419808778 42.3 9.925 0.995929214352104 42.3 9.85218193322683 0.950174590463394 42.3 9.78298672786246 0.899106204838234 42.3 9.71780135156344 0.8430096526043 42.3 9.6569903473957 0.782198648436557 42.3 9.60089379516176 0.717013272137544 42.3 9.54982540953661 0.647818066773166 42.3 9.5040707856479 0.575 42.3 9.46388580191222 0.498966299985192 42.3 9.42949518905917 0.420142178021355 42.3 9.40109127334594 0.338968450572541 42.3 9.3788329009909 0.255899074049763 42.3 9.3628445498411 0.171398606102602 42.3 9.35321563324164 0.0859396076243894 42.3 9.35 1.67294215588466e-15 42.3 9.35321563324164 -0.085939607624386 42.3 9.3628445498411 -0.171398606102599 42.3 9.3788329009909 -0.255899074049759 42.3 9.40109127334594 -0.338968450572538 42.3 9.42949518905916 -0.420142178021352 42.3 9.46388580191222 -0.498966299985189 42.3 9.50407078564789 -0.574999999999998 42.3 9.5498254095366 -0.647818066773163 42.3 9.60089379516176 -0.717013272137541 42.3 9.6569903473957 -0.782198648436555 42.3 9.71780135156344 -0.843009652604298 42.3 9.78298672786245 -0.899106204838232 42.3 9.85218193322683 -0.950174590463392 42.3 9.925 -0.995929214352103 42.3 10.0010337000148 -1.03611419808778 42.3 10.0798578219786 -1.07050481094083 42.3 10.1610315494275 -1.09890872665406 42.3 10.2441009259502 -1.1211670990091 42.3 10.3286013938974 -1.1371554501589 42.3 10.4140603923756 -1.14678436675836 42.3 10.5 -1.15 42.3 10.5859396076244 -1.14678436675836 42.3 10.6713986061026 -1.1371554501589 42.3 10.7558990740498 -1.1211670990091 42.3 10.8389684505725 -1.09890872665406 42.3 10.9201421780214 -1.07050481094083 42.3 10.9989662999852 -1.03611419808778 42.3 11.075 -0.995929214352103 42.3 11.1478180667732 -0.950174590463393 42.3 11.2170132721375 -0.899106204838232 42.3 11.2821986484366 -0.843009652604298 42.3 11.3430096526043 -0.782198648436555 42.3 11.3991062048382 -0.717013272137541 42.3 11.4501745904634 -0.647818066773162 42.3 11.4959292143521 -0.574999999999996 42.3 11.5361141980878 -0.498966299985187 42.3 11.5705048109408 -0.420142178021349 42.3 11.5989087266541 -0.338968450572535 42.3 11.6211670990091 -0.255899074049756 42.3 11.6371554501589 -0.171398606102594 42.3 11.6467843667584 -0.0859396076243814 42.3 15.5 -3.5527136788005e-15 15.4566588563083 1.15831645058958 15.3268778064895 2.3101551257307 15.1113826388183 3.44907447632287 14.8113784896852 4.56870520336901 14.4285431039852 5.66278587767912 13.9650174524875 6.72519795632215 13.4233937586588 7.75 12.8067010018979 8.73146089998614 12.1183879782545 9.66409192881037 11.3623040133623 10.5426774354492 10.5426774354492 11.3623040133623 9.66409192881037 12.1183879782545 8.73146089998615 12.8067010018979 7.75 13.4233937586588 6.72519795632215 13.9650174524875 5.66278587767912 14.4285431039852 4.56870520336901 14.8113784896852 3.44907447632287 15.1113826388183 2.3101551257307 15.3268778064895 1.15831645058957 15.4566588563083 -5.32907051820075e-15 15.5 -1.15831645058958 15.4566588563083 -2.31015512573071 15.3268778064895 -3.44907447632288 15.1113826388183 -4.56870520336902 14.8113784896852 -5.66278587767913 14.4285431039852 -6.72519795632216 13.9650174524875 -7.75000000000001 13.4233937586588 -8.73146089998615 12.8067010018979 -9.66409192881037 12.1183879782545 -10.5426774354493 11.3623040133623 -11.3623040133623 10.5426774354492 -12.1183879782545 9.66409192881037 -12.8067010018979 8.73146089998615 -13.4233937586588 7.75000000000001 -13.9650174524875 6.72519795632216 -14.4285431039852 5.66278587767913 -14.8113784896852 4.56870520336903 -15.1113826388183 3.44907447632289 -15.3268778064895 2.31015512573072 -15.4566588563083 1.1583164505896 -15.5 2.30926389122033e-14 -15.4566588563083 -1.15831645058955 -15.3268778064895 -2.31015512573068 -15.1113826388183 -3.44907447632284 -14.8113784896852 -4.56870520336899 -14.4285431039852 -5.66278587767909 -13.9650174524875 -6.72519795632212 -13.4233937586588 -7.74999999999997 -12.8067010018979 -8.73146089998611 -12.1183879782545 -9.66409192881034 -11.3623040133623 -10.5426774354492 -10.5426774354493 -11.3623040133623 -9.6640919288104 -12.1183879782544 -8.73146089998617 -12.8067010018979 -7.75000000000003 -13.4233937586588 -6.72519795632218 -13.9650174524875 -5.66278587767915 -14.4285431039852 -4.56870520336903 -14.8113784896852 -3.44907447632289 -15.1113826388183 -2.31015512573072 -15.3268778064895 -1.15831645058958 -15.4566588563083 -3.5527136788005e-15 -15.5 1.15831645058958 -15.4566588563083 2.31015512573071 -15.3268778064895 3.44907447632288 -15.1113826388183 4.56870520336903 -14.8113784896852 5.66278587767914 -14.4285431039852 6.72519795632217 -13.9650174524875 7.75000000000002 -13.4233937586588 8.73146089998617 -12.8067010018979 9.6640919288104 -12.1183879782544 10.5426774354493 -11.3623040133623 11.3623040133623 -10.5426774354492 12.1183879782545 -9.66409192881033 12.806701001898 -8.73146089998609 13.4233937586588 -7.74999999999995 13.9650174524875 -6.72519795632209 14.4285431039852 -5.66278587767906 14.8113784896852 -4.56870520336894 15.1113826388183 -3.4490744763228 15.3268778064895 -2.31015512573062 15.4566588563083 -1.15831645058949 -9.35 0 -9.35321563324164 0.0859396076243879 -9.3628445498411 0.171398606102601 -9.3788329009909 0.255899074049761 -9.40109127334594 0.338968450572541 -9.42949518905917 0.420142178021354 -9.46388580191222 0.498966299985192 -9.5040707856479 0.574999999999999 -9.54982540953661 0.647818066773166 -9.60089379516176 0.717013272137542 -9.6569903473957 0.782198648436559 -9.71780135156344 0.843009652604302 -9.78298672786246 0.899106204838233 -9.85218193322683 0.950174590463394 -9.925 0.995929214352103 -10.0010337000148 1.03611419808778 -10.0798578219786 1.07050481094084 -10.1610315494275 1.09890872665406 -10.2441009259502 1.1211670990091 -10.3286013938974 1.1371554501589 -10.4140603923756 1.14678436675836 -10.5 1.15 -10.5859396076244 1.14678436675836 -10.6713986061026 1.1371554501589 -10.7558990740498 1.1211670990091 -10.8389684505725 1.09890872665406 -10.9201421780214 1.07050481094084 -10.9989662999852 1.03611419808778 -11.075 0.995929214352103 -11.1478180667732 0.950174590463394 -11.2170132721375 0.899106204838233 -11.2821986484366 0.843009652604302 -11.3430096526043 0.782198648436559 -11.3991062048382 0.717013272137542 -11.4501745904634 0.647818066773166 -11.4959292143521 0.574999999999999 -11.5361141980878 0.498966299985192 -11.5705048109408 0.420142178021354 -11.5989087266541 0.338968450572541 -11.6211670990091 0.255899074049763 -11.6371554501589 0.171398606102603 -11.6467843667584 0.0859396076243897 -11.65 1.77635683940025e-15 -11.6467843667584 -0.0859396076243861 -11.6371554501589 -0.171398606102599 -11.6211670990091 -0.25589907404976 -11.5989087266541 -0.338968450572537 -11.5705048109408 -0.420142178021353 -11.5361141980878 -0.49896629998519 -11.4959292143521 -0.574999999999998 -11.4501745904634 -0.647818066773162 -11.3991062048382 -0.717013272137541 -11.3430096526043 -0.782198648436555 -11.2821986484366 -0.843009652604298 -11.2170132721375 -0.899106204838231 -11.1478180667732 -0.950174590463392 -11.075 -0.995929214352103 -10.9989662999852 -1.03611419808778 -10.9201421780214 -1.07050481094083 -10.8389684505725 -1.09890872665406 -10.7558990740498 -1.1211670990091 -10.6713986061026 -1.1371554501589 -10.5859396076244 -1.14678436675836 -10.5 -1.15 -10.4140603923756 -1.14678436675836 -10.3286013938974 -1.1371554501589 -10.2441009259502 -1.1211670990091 -10.1610315494275 -1.09890872665406 -10.0798578219786 -1.07050481094083 -10.0010337000148 -1.03611419808778 -9.925 -0.995929214352103 -9.85218193322683 -0.950174590463392 -9.78298672786245 -0.899106204838233 -9.71780135156344 -0.843009652604298 -9.6569903473957 -0.782198648436555 -9.60089379516176 -0.717013272137541 -9.5498254095366 -0.647818066773162 -9.50407078564789 -0.574999999999996 -9.46388580191222 -0.498966299985188 -9.42949518905916 -0.420142178021349 -9.40109127334594 -0.338968450572535 -9.3788329009909 -0.255899074049756 -9.3628445498411 -0.171398606102594 -9.35321563324164 -0.0859396076243808 9 -1.77635683940025e-15 8.97483417463062 0.672570842277818 8.89947743602616 1.34138039558557 8.77435120963641 2.00268840560683 8.60015525207527 2.65279656969814 8.37786373779784 3.28806921929755 8.10871981112177 3.90495365205802 7.79422863405995 4.5 7.43614896884395 5.0698805225726 7.03648334221227 5.6114082167286 6.59746684646844 6.12155463993827 6.12155463993827 6.59746684646844 5.6114082167286 7.03648334221227 5.0698805225726 7.43614896884395 4.5 7.79422863405995 3.90495365205802 8.10871981112177 3.28806921929755 8.37786373779784 2.65279656969814 8.60015525207527 2.00268840560683 8.77435120963641 1.34138039558557 8.89947743602616 0.672570842277814 8.97483417463062 -3.5527136788005e-15 9 -0.672570842277823 8.97483417463062 -1.34138039558557 8.89947743602616 -2.00268840560683 8.77435120963641 -2.65279656969814 8.60015525207526 -3.28806921929756 8.37786373779784 -3.90495365205803 8.10871981112177 -4.50000000000001 7.79422863405994 -5.0698805225726 7.43614896884395 -5.6114082167286 7.03648334221226 -6.12155463993828 6.59746684646844 -6.59746684646844 6.12155463993827 -7.03648334221227 5.6114082167286 -7.43614896884395 5.0698805225726 -7.79422863405995 4.5 -8.10871981112177 3.90495365205803 -8.37786373779784 3.28806921929756 -8.60015525207526 2.65279656969815 -8.77435120963641 2.00268840560684 -8.89947743602616 1.34138039558558 -8.97483417463062 0.672570842277828 -9 1.24344978758018e-14 -8.97483417463062 -0.672570842277803 -8.89947743602616 -1.34138039558555 -8.77435120963642 -2.00268840560681 -8.60015525207527 -2.65279656969812 -8.37786373779785 -3.28806921929754 -8.10871981112178 -3.904953652058 -7.79422863405996 -4.49999999999998 -7.43614896884397 -5.06988052257258 -7.03648334221228 -5.61140821672858 -6.59746684646846 -6.12155463993825 -6.1215546399383 -6.59746684646842 -5.61140821672862 -7.03648334221225 -5.06988052257262 -7.43614896884394 -4.50000000000002 -7.79422863405994 -3.90495365205804 -8.10871981112176 -3.28806921929757 -8.37786373779783 -2.65279656969815 -8.60015525207526 -2.00268840560684 -8.77435120963641 -1.34138039558558 -8.89947743602616 -0.672570842277823 -8.97483417463062 -1.77635683940025e-15 -9 0.672570842277818 -8.97483417463062 1.34138039558557 -8.89947743602616 2.00268840560684 -8.77435120963641 2.65279656969815 -8.60015525207526 3.28806921929757 -8.37786373779783 3.90495365205804 -8.10871981112177 4.50000000000001 -7.79422863405994 5.06988052257261 -7.43614896884394 5.61140821672862 -7.03648334221225 6.12155463993829 -6.59746684646842 6.59746684646846 -6.12155463993825 7.03648334221229 -5.61140821672858 7.43614896884397 -5.06988052257257 7.79422863405997 -4.49999999999997 8.10871981112179 -3.90495365205799 8.37786373779785 -3.28806921929752 8.60015525207528 -2.6527965696981 8.77435120963642 -2.00268840560678 8.89947743602616 -1.34138039558552 8.97483417463063 -0.672570842277768 11.65 0 11.6467843667584 0.0859396076243879 11.6371554501589 0.171398606102601 11.6211670990091 0.255899074049761 11.5989087266541 0.338968450572541 11.5705048109408 0.420142178021354 11.5361141980878 0.498966299985192 11.4959292143521 0.574999999999999 11.4501745904634 0.647818066773166 11.3991062048382 0.717013272137542 11.3430096526043 0.782198648436559 11.2821986484366 0.843009652604302 11.2170132721375 0.899106204838233 11.1478180667732 0.950174590463394 11.075 0.995929214352103 10.9989662999852 1.03611419808778 10.9201421780214 1.07050481094084 10.8389684505725 1.09890872665406 10.7558990740498 1.1211670990091 10.6713986061026 1.1371554501589 10.5859396076244 1.14678436675836 10.5 1.15 10.4140603923756 1.14678436675836 10.3286013938974 1.1371554501589 10.2441009259502 1.1211670990091 10.1610315494275 1.09890872665406 10.0798578219786 1.07050481094084 10.0010337000148 1.03611419808778 9.925 0.995929214352103 9.85218193322683 0.950174590463394 9.78298672786246 0.899106204838233 9.71780135156344 0.843009652604302 9.6569903473957 0.782198648436559 9.60089379516177 0.717013272137542 9.54982540953661 0.647818066773166 9.5040707856479 0.574999999999999 9.46388580191222 0.498966299985192 9.42949518905917 0.420142178021354 9.40109127334594 0.338968450572541 9.3788329009909 0.255899074049763 9.3628445498411 0.171398606102603 9.35321563324164 0.0859396076243897 9.35 1.77635683940025e-15 9.35321563324164 -0.0859396076243861 9.3628445498411 -0.171398606102599 9.3788329009909 -0.25589907404976 9.40109127334594 -0.338968450572537 9.42949518905916 -0.420142178021353 9.46388580191222 -0.49896629998519 9.50407078564789 -0.574999999999998 9.5498254095366 -0.647818066773162 9.60089379516176 -0.717013272137541 9.6569903473957 -0.782198648436555 9.71780135156344 -0.843009652604298 9.78298672786245 -0.899106204838231 9.85218193322683 -0.950174590463392 9.925 -0.995929214352103 10.0010337000148 -1.03611419808778 10.0798578219786 -1.07050481094083 10.1610315494275 -1.09890872665406 10.2441009259502 -1.1211670990091 10.3286013938974 -1.1371554501589 10.4140603923756 -1.14678436675836 10.5 -1.15 10.5859396076244 -1.14678436675836 10.6713986061026 -1.1371554501589 10.7558990740498 -1.1211670990091 10.8389684505725 -1.09890872665406 10.9201421780214 -1.07050481094083 10.9989662999852 -1.03611419808778 11.075 -0.995929214352103 11.1478180667732 -0.950174590463392 11.2170132721375 -0.899106204838233 11.2821986484366 -0.843009652604298 11.3430096526043 -0.782198648436555 11.3991062048382 -0.717013272137541 11.4501745904634 -0.647818066773162 11.4959292143521 -0.574999999999996 11.5361141980878 -0.498966299985188 11.5705048109408 -0.420142178021349 11.5989087266541 -0.338968450572535 11.6211670990091 -0.255899074049756 11.6371554501589 -0.171398606102594 11.6467843667584 -0.0859396076243808 221 53 54 221 54 222 223 54 55 223 222 54 220 52 53 220 53 221 224 55 56 224 223 55 219 51 52 219 52 220 225 56 57 225 57 58 225 224 56 218 51 219 218 50 51 137 45 46 138 137 46 136 45 137 139 138 46 140 139 46 135 45 136 141 140 46 141 46 47 134 45 135 133 45 134 133 44 45 142 141 47 226 225 58 226 58 59 217 50 218 217 48 49 217 49 50 132 44 133 143 142 47 144 143 47 144 47 48 131 44 132 130 44 131 145 144 48 129 44 130 129 43 44 128 43 129 227 226 59 216 48 217 216 145 48 216 146 145 127 43 128 126 43 127 125 42 43 125 43 126 124 42 125 123 42 124 228 227 59 228 59 60 215 146 216 215 147 146 215 148 147 215 149 148 122 42 123 121 41 42 121 42 122 120 41 121 119 41 120 229 228 60 229 60 61 214 149 215 214 150 149 214 151 150 214 152 151 214 153 152 214 154 153 118 41 119 117 40 41 117 41 118 116 40 117 115 40 116 230 229 61 230 61 62 213 154 214 213 155 154 213 156 155 213 157 156 213 158 157 213 159 158 213 160 159 114 40 115 113 39 40 113 40 114 112 39 113 111 39 112 110 39 111 231 230 62 231 62 63 212 160 213 212 161 160 212 162 161 212 163 162 212 164 163 212 165 164 166 165 212 232 231 63 232 63 64 232 64 65 211 166 212 211 167 166 211 168 167 211 85 168 211 86 85 211 87 86 211 88 87 38 39 110 38 110 109 233 232 65 210 88 211 210 89 88 210 90 89 210 91 90 210 92 91 210 93 92 210 94 93 234 65 66 234 233 65 209 94 210 209 95 94 209 96 95 209 97 96 209 98 97 209 99 98 209 100 99 235 234 66 235 66 67 208 102 101 208 103 102 208 104 103 208 105 104 208 100 209 208 101 100 207 106 105 207 107 106 207 108 107 207 105 208 236 67 68 236 68 69 236 235 67 206 109 108 206 108 207 206 37 38 206 38 109 237 236 69 205 37 206 238 237 69 238 69 70 204 36 37 204 37 205 239 238 70 239 70 71 203 36 204 203 34 35 203 35 36 240 239 71 240 71 72 202 34 203 241 240 72 241 72 73 33 34 202 201 33 202 242 241 73 242 73 74 200 33 201 32 33 200 75 243 242 75 242 74 244 243 75 31 32 200 31 200 199 76 244 75 30 31 199 30 198 197 30 199 198 77 245 244 77 246 245 77 244 76 29 30 197 78 246 77 28 29 197 28 196 195 28 197 196 79 246 78 79 247 246 79 248 247 27 28 195 27 195 194 80 248 79 305 251 306 304 251 305 304 252 251 307 306 251 303 252 304 308 307 251 302 252 303 309 308 251 301 252 302 310 251 250 310 309 251 311 310 250 300 252 301 299 252 300 312 311 250 298 169 252 298 252 299 313 312 250 297 169 298 314 313 250 315 250 249 315 314 250 296 169 297 316 315 249 295 169 296 294 169 295 317 316 249 318 317 249 318 249 248 293 169 294 292 169 293 319 248 80 319 318 248 170 169 292 291 170 292 320 319 80 290 170 291 289 170 290 288 170 289 287 170 288 26 27 194 81 321 320 81 322 321 81 323 322 81 320 80 286 170 287 286 171 170 285 171 286 284 171 285 283 171 284 282 171 283 281 171 282 280 171 281 280 172 171 279 172 280 278 172 279 277 172 278 276 172 277 275 173 172 275 172 276 274 173 275 25 26 194 25 194 193 82 324 323 82 325 324 82 326 325 82 327 326 82 323 81 273 173 274 272 174 173 272 173 273 271 174 272 24 25 193 24 193 192 83 328 327 83 329 328 83 330 329 83 331 330 83 327 82 23 24 192 23 192 191 84 331 83 84 332 331 84 333 332 84 334 333 84 335 334 1 335 84 1 336 335 1 253 336 1 254 253 1 255 254 22 23 191 22 191 190 21 22 190 21 190 189 2 256 255 2 257 256 2 258 257 2 259 258 2 255 1 20 21 189 20 188 187 20 189 188 3 260 259 3 261 260 3 262 261 3 263 262 3 259 2 19 20 187 19 187 186 4 264 263 4 265 264 4 266 265 4 267 266 4 263 3 18 19 186 5 267 4 5 268 267 5 269 268 5 270 269 17 18 186 17 185 184 17 186 185 6 174 271 6 271 270 6 175 174 6 270 5 16 17 184 16 184 183 7 175 6 7 176 175 8 176 7 15 16 183 9 177 176 9 176 8 14 183 182 14 15 183 10 177 9 10 178 177 13 14 182 13 182 181 12 180 179 12 181 180 12 13 181 11 179 178 11 178 10 11 12 179 
336 340 1 0 3.79429987221404e-15
15.5 -3.7964050773568e-15 40.3 15.4566588563083 1.15831645058958 40.3 15.3268778064895 2.3101551257307 40.3 15.1113826388183 3.44907447632287 40.3 14.8113784896852 4.56870520336902 40.3 14.4285431039852 5.66278587767912 40.3 13.9650174524875 6.72519795632215 40.3 13.4233937586588 7.75 40.3 12.8067010018979 8.73146089998614 40.3 12.1183879782545 9.66409192881037 40.3 11.3623040133623 10.5426774354492 40.3 10.5426774354493 11.3623040133623 40.3 9.66409192881037 12.1183879782545 40.3 8.73146089998614 12.8067010018979 40.3 7.75 13.4233937586588 40.3 6.72519795632215 13.9650174524875 40.3 5.66278587767912 14.4285431039852 40.3 4.56870520336901 14.8113784896852 40.3 3.44907447632287 15.1113826388183 40.3 2.3101551257307 15.3268778064895 40.3 1.15831645058957 15.4566588563083 40.3 -5.93428148333677e-15 15.5 40.3 -1.15831645058958 15.4566588563083 40.3 -2.31015512573071 15.3268778064895 40.3 -3.44907447632288 15.1113826388183 40.3 -4.56870520336903 14.8113784896852 40.3 -5.66278587767913 14.4285431039852 40.3 -6.72519795632216 13.9650174524875 40.3 -7.75000000000001 13.4233937586588 40.3 -8.73146089998615 12.8067010018979 40.3 -9.66409192881037 12.1183879782545 40.3 -10.5426774354493 11.3623040133623 40.3 -11.3623040133623 10.5426774354492 40.3 -12.1183879782545 9.66409192881037 40.3 -12.8067010018979 8.73146089998615 40.3 -13.4233937586588 7.75000000000001 40.3 -13.9650174524875 6.72519795632216 40.3 -14.4285431039852 5.66278587767913 40.3 -14.8113784896852 4.56870520336903 40.3 -15.1113826388183 3.44907447632289 40.3 -15.3268778064895 2.31015512573072 40.3 -15.4566588563083 1.1583164505896 40.3 -15.5 2.25483507967063e-14 40.3 -15.4566588563083 -1.15831645058955 40.3 -15.3268778064895 -2.31015512573068 40.3 -15.1113826388183 -3.44907447632284 40.3 -14.8113784896852 -4.56870520336899 40.3 -14.4285431039852 -5.66278587767909 40.3 -13.9650174524875 -6.72519795632212 40.3 -13.4233937586588 -7.74999999999997 40.3 -12.8067010018979 -8.73146089998611 40.3 -12.1183879782545 -9.66409192881034 40.3 -11.3623040133623 -10.5426774354492 40.3 -10.5426774354493 -11.3623040133623 40.3 -9.6640919288104 -12.1183879782544 40.3 -8.73146089998617 -12.8067010018979 40.3 -7.75000000000003 -13.4233937586588 40.3 -6.72519795632218 -13.9650174524875 40.3 -5.66278587767915 -14.4285431039852 40.3 -4.56870520336903 -14.8113784896852 40.3 -3.44907447632289 -15.1113826388183 40.3 -2.31015512573072 -15.3268778064895 40.3 -1.15831645058958 -15.4566588563083 40.3 -2.8473038080176e-15 -15.5 40.3 1.15831645058958 -15.4566588563083 40.3 2.31015512573071 -15.3268778064895 40.3 3.44907447632288 -15.1113826388183 40.3 4.56870520336903 -14.8113784896852 40.3 5.66278587767914 -14.4285431039852 40.3 6.72519795632217 -13.9650174524875 40.3 7.75000000000003 -13.4233937586588 40.3 8.73146089998617 -12.8067010018979 40.3 9.6640919288104 -12.1183879782544 40.3 10.5426774354493 -11.3623040133623 40.3 11.3623040133623 -10.5426774354492 40.3 12.1183879782545 -9.66409192881033 40.3 12.806701001898 -8.73146089998609 40.3 13.4233937586588 -7.74999999999995 40.3 13.9650174524875 -6.72519795632209 40.3 14.4285431039852 -5.66278587767906 40.3 14.8113784896852 -4.56870520336894 40.3 15.1113826388183 -3.4490744763228 40.3 15.3268778064895 -2.31015512573062 40.3 15.4566588563083 -1.15831645058949 40.3 -9.35 -2.81668763803891e-16 40.3 -9.35321563324164 0.0859396076243879 40.3 -9.3628445498411 0.171398606102601 40.3 -9.3788329009909 0.255899074049762 40.3 -9.40109127334594 0.33896845057254 40.3 -9.42949518905917 0.420142178021354 40.3 -9.46388580191222 0.498966299985192 40.3 -9.5040707856479 0.575 40.3 -9.54982540953661 0.647818066773165 40.3 -9.60089379516176 0.717013272137543 40.3 -9.6569903473957 0.782198648436557 40.3 -9.71780135156344 0.8430096526043 40.3 -9.78298672786246 0.899106204838234 40.3 -9.85218193322683 0.950174590463394 40.3 -9.925 0.995929214352104 40.3 -10.0010337000148 1.03611419808778 40.3 -10.0798578219786 1.07050481094083 40.3 -10.1610315494275 1.09890872665406 40.3 -10.2441009259502 1.1211670990091 40.3 -10.3286013938974 1.1371554501589 40.3 -10.4140603923756 1.14678436675836 40.3 -10.5 1.15 40.3 -10.5859396076244 1.14678436675836 40.3 -10.6713986061026 1.1371554501589 40.3 -10.7558990740498 1.1211670990091 40.3 -10.8389684505725 1.09890872665406 40.3 -10.9201421780214 1.07050481094083 40.3 -10.9989662999852 1.03611419808778 40.3 -11.075 0.995929214352104 40.3 -11.1478180667732 0.950174590463394 40.3 -11.2170132721375 0.899106204838234 40.3 -11.2821986484366 0.8430096526043 40.3 -11.3430096526043 0.782198648436557 40.3 -11.3991062048382 0.717013272137544 40.3 -11.4501745904634 0.647818066773166 40.3 -11.4959292143521 0.575 40.3 -11.5361141980878 0.498966299985192 40.3 -11.5705048109408 0.420142178021355 40.3 -11.5989087266541 0.338968450572541 40.3 -11.6211670990091 0.255899074049763 40.3 -11.6371554501589 0.171398606102602 40.3 -11.6467843667584 0.0859396076243894 40.3 -11.65 1.67294215588466e-15 40.3 -11.6467843667584 -0.085939607624386 40.3 -11.6371554501589 -0.171398606102599 40.3 -11.6211670990091 -0.255899074049759 40.3 -11.5989087266541 -0.338968450572538 40.3 -11.5705048109408 -0.420142178021352 40.3 -11.5361141980878 -0.498966299985189 40.3 -11.4959292143521 -0.574999999999998 40.3 -11.4501745904634 -0.647818066773163 40.3 -11.3991062048382 -0.717013272137541 40.3 -11.3430096526043 -0.782198648436555 40.3 -11.2821986484366 -0.843009652604298 40.3 -11.2170132721375 -0.899106204838232 40.3 -11.1478180667732 -0.950174590463392 40.3 -11.075 -0.995929214352103 40.3 -10.9989662999852 -1.03611419808778 40.3 -10.9201421780214 -1.07050481094083 40.3 -10.8389684505725 -1.09890872665406 40.3 -10.7558990740498 -1.1211670990091 40.3 -10.6713986061026 -1.1371554501589 40.3 -10.5859396076244 -1.14678436675836 40.3 -10.5 -1.15 40.3 -10.4140603923756 -1.14678436675836 40.3 -10.3286013938974 -1.1371554501589 40.3 -10.2441009259502 -1.1211670990091 40.3 -10.1610315494275 -1.09890872665406 40.3 -10.0798578219786 -1.07050481094083 40.3 -10.0010337000148 -1.03611419808778 40.3 -9.925 -0.995929214352103 40.3 -9.85218193322683 -0.950174590463393 40.3 -9.78298672786245 -0.899106204838232 40.3 -9.71780135156344 -0.843009652604298 40.3 -9.6569903473957 -0.782198648436555 40.3 -9.60089379516176 -0.717013272137541 40.3 -9.5498254095366 -0.647818066773162 40.3 -9.50407078564789 -0.574999999999996 40.3 -9.46388580191222 -0.498966299985187 40.3 -9.42949518905916 -0.420142178021349 40.3 -9.40109127334594 -0.338968450572535 40.3 -9.3788329009909 -0.255899074049756 40.3 -9.3628445498411 -0.171398606102594 40.3 -9.35321563324164 -0.0859396076243814 40.3 9 -2.20436423846524e-15 40.3 8.97483417463062 0.672570842277818 40.3 8.89947743602616 1.34138039558557 40.3 8.77435120963641 2.00268840560683 40.3 8.60015525207527 2.65279656969814 40.3 8.37786373779784 3.28806921929756 40.3 8.10871981112177 3.90495365205802 40.3 7.79422863405995 4.5 40.3 7.43614896884395 5.0698805225726 40.3 7.03648334221227 5.6114082167286 40.3 6.59746684646844 6.12155463993827 40.3 6.12155463993828 6.59746684646844 40.3 5.6114082167286 7.03648334221227 40.3 5.0698805225726 7.43614896884395 40.3 4.5 7.79422863405995 40.3 3.90495365205802 8.10871981112177 40.3 3.28806921929755 8.37786373779784 40.3 2.65279656969814 8.60015525207527 40.3 2.00268840560683 8.77435120963641 40.3 1.34138039558557 8.89947743602616 40.3 0.672570842277815 8.97483417463062 40.3 -3.44571182903425e-15 9 40.3 -0.672570842277822 8.97483417463062 40.3 -1.34138039558557 8.89947743602616 40.3 -2.00268840560683 8.77435120963641 40.3 -2.65279656969814 8.60015525207526 40.3 -3.28806921929756 8.37786373779784 40.3 -3.90495365205803 8.10871981112177 40.3 -4.50000000000001 7.79422863405994 40.3 -5.0698805225726 7.43614896884395 40.3 -5.6114082167286 7.03648334221227 40.3 -6.12155463993828 6.59746684646844 40.3 -6.59746684646844 6.12155463993827 40.3 -7.03648334221227 5.6114082167286 40.3 -7.43614896884395 5.0698805225726 40.3 -7.79422863405995 4.5 40.3 -8.10871981112177 3.90495365205803 40.3 -8.37786373779784 3.28806921929756 40.3 -8.60015525207526 2.65279656969815 40.3 -8.77435120963641 2.00268840560684 40.3 -8.89947743602616 1.34138039558558 40.3 -8.97483417463062 0.67257084227783 40.3 -9 1.30925907851843e-14 40.3 -8.97483417463062 -0.672570842277804 40.3 -8.89947743602616 -1.34138039558555 40.3 -8.77435120963642 -2.00268840560681 40.3 -8.60015525207527 -2.65279656969812 40.3 -8.37786373779785 -3.28806921929754 40.3 -8.10871981112178 -3.904953652058 40.3 -7.79422863405996 -4.49999999999998 40.3 -7.43614896884397 -5.06988052257258 40.3 -7.03648334221228 -5.61140821672858 40.3 -6.59746684646846 -6.12155463993825 40.3 -6.12155463993829 -6.59746684646842 40.3 -5.61140821672862 -7.03648334221225 40.3 -5.06988052257262 -7.43614896884394 40.3 -4.50000000000002 -7.79422863405994 40.3 -3.90495365205804 -8.10871981112176 40.3 -3.28806921929757 -8.37786373779783 40.3 -2.65279656969815 -8.60015525207526 40.3 -2.00268840560684 -8.77435120963641 40.3 -1.34138039558558 -8.89947743602616 40.3 -0.672570842277822 -8.97483417463062 40.3 -1.65327317884893e-15 -9 40.3 0.672570842277819 -8.97483417463062 40.3 1.34138039558557 -8.89947743602616 40.3 2.00268840560684 -8.77435120963641 40.3 2.65279656969815 -8.60015525207526 40.3 3.28806921929757 -8.37786373779783 40.3 3.90495365205804 -8.10871981112177 40.3 4.50000000000002 -7.79422863405994 40.3 5.06988052257261 -7.43614896884394 40.3 5.61140821672862 -7.03648334221225 40.3 6.12155463993829 -6.59746684646842 40.3 6.59746684646846 -6.12155463993825 40.3 7.03648334221229 -5.61140821672858 40.3 7.43614896884397 -5.06988052257257 40.3 7.79422863405997 -4.49999999999997 40.3 8.10871981112179 -3.90495365205799 40.3 8.37786373779785 -3.28806921929752 40.3 8.60015525207528 -2.6527965696981 40.3 8.77435120963642 -2.00268840560679 40.3 8.89947743602616 -1.34138039558552 40.3 8.97483417463063 -0.672570842277767 40.3 11.65 -2.81668763803891e-16 40.3 11.6467843667584 0.0859396076243879 40.3 11.6371554501589 0.171398606102601 40.3 11.6211670990091 0.255899074049762 40.3 11.5989087266541 0.33896845057254 40.3 11.5705048109408 0.420142178021354 40.3 11.5361141980878 0.498966299985192 40.3 11.4959292143521 0.575 40.3 11.4501745904634 0.647818066773165 40.3 11.3991062048382 0.717013272137543 40.3 11.3430096526043 0.782198648436557 40.3 11.2821986484366 0.8430096526043 40.3 11.2170132721375 0.899106204838234 40.3 11.1478180667732 0.950174590463394 40.3 11.075 0.995929214352104 40.3 10.9989662999852 1.03611419808778 40.3 10.9201421780214 1.07050481094083 40.3 10.8389684505725 1.09890872665406 40.3 10.7558990740498 1.1211670990091 40.3 10.6713986061026 1.1371554501589 40.3 10.5859396076244 1.14678436675836 40.3 10.5 1.15 40.3 10.4140603923756 1.14678436675836 40.3 10.3286013938974 1.1371554501589 40.3 10.2441009259502 1.1211670990091 40.3 10.1610315494275 1.09890872665406 40.3 10.0798578219786 1.07050481094083 40.3 10.0010337000148 1.03611419808778 40.3 9.925 0.995929214352104 40.3 9.85218193322683 0.950174590463394 40.3 9.78298672786246 0.899106204838234 40.3 9.71780135156344 0.8430096526043 40.3 9.6569903473957 0.782198648436557 40.3 9.60089379516176 0.717013272137544 40.3 9.54982540953661 0.647818066773166 40.3 9.5040707856479 0.575 40.3 9.46388580191222 0.498966299985192 40.3 9.42949518905917 0.420142178021355 40.3 9.40109127334594 0.338968450572541 40.3 9.3788329009909 0.255899074049763 40.3 9.3628445498411 0.171398606102602 40.3 9.35321563324164 0.0859396076243894 40.3 9.35 1.67294215588466e-15 40.3 9.35321563324164 -0.085939607624386 40.3 9.3628445498411 -0.171398606102599 40.3 9.3788329009909 -0.255899074049759 40.3 9.40109127334594 -0.338968450572538 40.3 9.42949518905916 -0.420142178021352 40.3 9.46388580191222 -0.498966299985189 40.3 9.50407078564789 -0.574999999999998 40.3 9.5498254095366 -0.647818066773163 40.3 9.60089379516176 -0.717013272137541 40.3 9.6569903473957 -0.782198648436555 40.3 9.71780135156344 -0.843009652604298 40.3 9.78298672786245 -0.899106204838232 40.3 9.85218193322683 -0.950174590463392 40.3 9.925 -0.995929214352103 40.3 10.0010337000148 -1.03611419808778 40.3 10.0798578219786 -1.07050481094083 40.3 10.1610315494275 -1.09890872665406 40.3 10.2441009259502 -1.1211670990091 40.3 10.3286013938974 -1.1371554501589 40.3 10.4140603923756 -1.14678436675836 40.3 10.5 -1.15 40.3 10.5859396076244 -1.14678436675836 40.3 10.6713986061026 -1.1371554501589 40.3 10.7558990740498 -1.1211670990091 40.3 10.8389684505725 -1.09890872665406 40.3 10.9201421780214 -1.07050481094083 40.3 10.9989662999852 -1.03611419808778 40.3 11.075 -0.995929214352103 40.3 11.1478180667732 -0.950174590463393 40.3 11.2170132721375 -0.899106204838232 40.3 11.2821986484366 -0.843009652604298 40.3 11.3430096526043 -0.782198648436555 40.3 11.3991062048382 -0.717013272137541 40.3 11.4501745904634 -0.647818066773162 40.3 11.4959292143521 -0.574999999999996 40.3 11.5361141980878 -0.498966299985187 40.3 11.5705048109408 -0.420142178021349 40.3 11.5989087266541 -0.338968450572535 40.3 11.6211670990091 -0.255899074049756 40.3 11.6371554501589 -0.171398606102594 40.3 11.6467843667584 -0.0859396076243814 40.3 15.5 -3.5527136788005e-15 15.4566588563083 1.15831645058958 15.3268778064895 2.3101551257307 15.1113826388183 3.44907447632287 14.8113784896852 4.56870520336901 14.4285431039852 5.66278587767912 13.9650174524875 6.72519795632215 13.4233937586588 7.75 12.8067010018979 8.73146089998614 12.1183879782545 9.66409192881037 11.3623040133623 10.5426774354492 10.5426774354492 11.3623040133623 9.66409192881037 12.1183879782545 8.73146089998615 12.8067010018979 7.75 13.4233937586588 6.72519795632215 13.9650174524875 5.66278587767912 14.4285431039852 4.56870520336901 14.8113784896852 3.44907447632287 15.1113826388183 2.3101551257307 15.3268778064895 1.15831645058957 15.4566588563083 -5.32907051820075e-15 15.5 -1.15831645058958 15.4566588563083 -2.31015512573071 15.3268778064895 -3.44907447632288 15.1113826388183 -4.56870520336902 14.8113784896852 -5.66278587767913 14.4285431039852 -6.72519795632216 13.9650174524875 -7.75000000000001 13.4233937586588 -8.73146089998615 12.8067010018979 -9.66409192881037 12.1183879782545 -10.5426774354493 11.3623040133623 -11.3623040133623 10.5426774354492 -12.1183879782545 9.66409192881037 -12.8067010018979 8.73146089998615 -13.4233937586588 7.75000000000001 -13.9650174524875 6.72519795632216 -14.4285431039852 5.66278587767913 -14.8113784896852 4.56870520336903 -15.1113826388183 3.44907447632289 -15.3268778064895 2.31015512573072 -15.4566588563083 1.1583164505896 -15.5 2.30926389122033e-14 -15.4566588563083 -1.15831645058955 -15.3268778064895 -2.31015512573068 -15.1113826388183 -3.44907447632284 -14.8113784896852 -4.56870520336899 -14.4285431039852 -5.66278587767909 -13.9650174524875 -6.72519795632212 -13.4233937586588 -7.74999999999997 -12.8067010018979 -8.73146089998611 -12.1183879782545 -9.66409192881034 -11.3623040133623 -10.5426774354492 -10.5426774354493 -11.3623040133623 -9.6640919288104 -12.1183879782544 -8.73146089998617 -12.8067010018979 -7.75000000000003 -13.4233937586588 -6.72519795632218 -13.9650174524875 -5.66278587767915 -14.4285431039852 -4.56870520336903 -14.8113784896852 -3.44907447632289 -15.1113826388183 -2.31015512573072 -15.3268778064895 -1.15831645058958 -15.4566588563083 -3.5527136788005e-15 -15.5 1.15831645058958 -15.4566588563083 2.31015512573071 -15.3268778064895 3.44907447632288 -15.1113826388183 4.56870520336903 -14.8113784896852 5.66278587767914 -14.4285431039852 6.72519795632217 -13.9650174524875 7.75000000000002 -13.4233937586588 8.73146089998617 -12.8067010018979 9.6640919288104 -12.1183879782544 10.5426774354493 -11.3623040133623 11.3623040133623 -10.5426774354492 12.1183879782545 -9.66409192881033 12.806701001898 -8.73146089998609 13.4233937586588 -7.74999999999995 13.9650174524875 -6.72519795632209 14.4285431039852 -5.66278587767906 14.8113784896852 -4.56870520336894 15.1113826388183 -3.4490744763228 15.3268778064895 -2.31015512573062 15.4566588563083 -1.15831645058949 -9.35 0 -9.35321563324164 0.0859396076243879 -9.3628445498411 0.171398606102601 -9.3788329009909 0.255899074049761 -9.40109127334594 0.338968450572541 -9.42949518905917 0.420142178021354 -9.46388580191222 0.498966299985192 -9.5040707856479 0.574999999999999 -9.54982540953661 0.647818066773166 -9.60089379516176 0.717013272137542 -9.6569903473957 0.782198648436559 -9.71780135156344 0.843009652604302 -9.78298672786246 0.899106204838233 -9.85218193322683 0.950174590463394 -9.925 0.995929214352103 -10.0010337000148 1.03611419808778 -10.0798578219786 1.07050481094084 -10.1610315494275 1.09890872665406 -10.2441009259502 1.1211670990091 -10.3286013938974 1.1371554501589 -10.4140603923756 1.14678436675836 -10.5 1.15 -10.5859396076244 1.14678436675836 -10.6713986061026 1.1371554501589 -10.7558990740498 1.1211670990091 -10.8389684505725 1.09890872665406 -10.9201421780214 1.07050481094084 -10.9989662999852 1.03611419808778 -11.075 0.995929214352103 -11.1478180667732 0.950174590463394 -11.2170132721375 0.899106204838233 -11.2821986484366 0.843009652604302 -11.3430096526043 0.782198648436559 -11.3991062048382 0.717013272137542 -11.4501745904634 0.647818066773166 -11.4959292143521 0.574999999999999 -11.5361141980878 0.498966299985192 -11.5705048109408 0.420142178021354 -11.5989087266541 0.338968450572541 -11.6211670990091 0.255899074049763 -11.6371554501589 0.171398606102603 -11.6467843667584 0.0859396076243897 -11.65 1.77635683940025e-15 -11.6467843667584 -0.0859396076243861 -11.6371554501589 -0.171398606102599 -11.6211670990091 -0.25589907404976 -11.5989087266541 -0.338968450572537 -11.5705048109408 -0.420142178021353 -11.5361141980878 -0.49896629998519 -11.4959292143521 -0.574999999999998 -11.4501745904634 -0.647818066773162 -11.3991062048382 -0.717013272137541 -11.3430096526043 -0.782198648436555 -11.2821986484366 -0.843009652604298 -11.2170132721375 -0.899106204838231 -11.1478180667732 -0.950174590463392 -11.075 -0.995929214352103 -10.9989662999852 -1.03611419808778 -10.9201421780214 -1.07050481094083 -10.8389684505725 -1.09890872665406 -10.7558990740498 -1.1211670990091 -10.6713986061026 -1.1371554501589 -10.5859396076244 -1.14678436675836 -10.5 -1.15 -10.4140603923756 -1.14678436675836 -10.3286013938974 -1.1371554501589 -10.2441009259502 -1.1211670990091 -10.1610315494275 -1.09890872665406 -10.0798578219786 -1.07050481094083 -10.0010337000148 -1.03611419808778 -9.925 -0.995929214352103 -9.85218193322683 -0.950174590463392 -9.78298672786245 -0.899106204838233 -9.71780135156344 -0.843009652604298 -9.6569903473957 -0.782198648436555 -9.60089379516176 -0.717013272137541 -9.5498254095366 -0.647818066773162 -9.50407078564789 -0.574999999999996 -9.46388580191222 -0.498966299985188 -9.42949518905916 -0.420142178021349 -9.40109127334594 -0.338968450572535 -9.3788329009909 -0.255899074049756 -9.3628445498411 -0.171398606102594 -9.35321563324164 -0.0859396076243808 9 -1.77635683940025e-15 8.97483417463062 0.672570842277818 8.89947743602616 1.34138039558557 8.77435120963641 2.00268840560683 8.60015525207527 2.65279656969814 8.37786373779784 3.28806921929755 8.10871981112177 3.90495365205802 7.79422863405995 4.5 7.43614896884395 5.0698805225726 7.03648334221227 5.6114082167286 6.59746684646844 6.12155463993827 6.12155463993827 6.59746684646844 5.6114082167286 7.03648334221227 5.0698805225726 7.43614896884395 4.5 7.79422863405995 3.90495365205802 8.10871981112177 3.28806921929755 8.37786373779784 2.65279656969814 8.60015525207527 2.00268840560683 8.77435120963641 1.34138039558557 8.89947743602616 0.672570842277814 8.97483417463062 -3.5527136788005e-15 9 -0.672570842277823 8.97483417463062 -1.34138039558557 8.89947743602616 -2.00268840560683 8.77435120963641 -2.65279656969814 8.60015525207526 -3.28806921929756 8.37786373779784 -3.90495365205803 8.10871981112177 -4.50000000000001 7.79422863405994 -5.0698805225726 7.43614896884395 -5.6114082167286 7.03648334221226 -6.12155463993828 6.59746684646844 -6.59746684646844 6.12155463993827 -7.03648334221227 5.6114082167286 -7.43614896884395 5.0698805225726 -7.79422863405995 4.5 -8.10871981112177 3.90495365205803 -8.37786373779784 3.28806921929756 -8.60015525207526 2.65279656969815 -8.77435120963641 2.00268840560684 -8.89947743602616 1.34138039558558 -8.97483417463062 0.672570842277828 -9 1.24344978758018e-14 -8.97483417463062 -0.672570842277803 -8.89947743602616 -1.34138039558555 -8.77435120963642 -2.00268840560681 -8.60015525207527 -2.65279656969812 -8.37786373779785 -3.28806921929754 -8.10871981112178 -3.904953652058 -7.79422863405996 -4.49999999999998 -7.43614896884397 -5.06988052257258 -7.03648334221228 -5.61140821672858 -6.59746684646846 -6.12155463993825 -6.1215546399383 -6.59746684646842 -5.61140821672862 -7.03648334221225 -5.06988052257262 -7.43614896884394 -4.50000000000002 -7.79422863405994 -3.90495365205804 -8.10871981112176 -3.28806921929757 -8.37786373779783 -2.65279656969815 -8.60015525207526 -2.00268840560684 -8.77435120963641 -1.34138039558558 -8.89947743602616 -0.672570842277823 -8.97483417463062 -1.77635683940025e-15 -9 0.672570842277818 -8.97483417463062 1.34138039558557 -8.89947743602616 2.00268840560684 -8.77435120963641 2.65279656969815 -8.60015525207526 3.28806921929757 -8.37786373779783 3.90495365205804 -8.10871981112177 4.50000000000001 -7.79422863405994 5.06988052257261 -7.43614896884394 5.61140821672862 -7.03648334221225 6.12155463993829 -6.59746684646842 6.59746684646846 -6.12155463993825 7.03648334221229 -5.61140821672858 7.43614896884397 -5.06988052257257 7.79422863405997 -4.49999999999997 8.10871981112179 -3.90495365205799 8.37786373779785 -3.28806921929752 8.60015525207528 -2.6527965696981 8.77435120963642 -2.00268840560678 8.89947743602616 -1.34138039558552 8.97483417463063 -0.672570842277768 11.65 0 11.6467843667584 0.0859396076243879 11.6371554501589 0.171398606102601 11.6211670990091 0.255899074049761 11.5989087266541 0.338968450572541 11.5705048109408 0.420142178021354 11.5361141980878 0.498966299985192 11.4959292143521 0.574999999999999 11.4501745904634 0.647818066773166 11.3991062048382 0.717013272137542 11.3430096526043 0.782198648436559 11.2821986484366 0.843009652604302 11.2170132721375 0.899106204838233 11.1478180667732 0.950174590463394 11.075 0.995929214352103 10.9989662999852 1.03611419808778 10.9201421780214 1.07050481094084 10.8389684505725 1.09890872665406 10.7558990740498 1.1211670990091 10.6713986061026 1.1371554501589 10.5859396076244 1.14678436675836 10.5 1.15 10.4140603923756 1.14678436675836 10.3286013938974 1.1371554501589 10.2441009259502 1.1211670990091 10.1610315494275 1.09890872665406 10.0798578219786 1.07050481094084 10.0010337000148 1.03611419808778 9.925 0.995929214352103 9.85218193322683 0.950174590463394 9.78298672786246 0.899106204838233 9.71780135156344 0.843009652604302 9.6569903473957 0.782198648436559 9.60089379516177 0.717013272137542 9.54982540953661 0.647818066773166 9.5040707856479 0.574999999999999 9.46388580191222 0.498966299985192 9.42949518905917 0.420142178021354 9.40109127334594 0.338968450572541 9.3788329009909 0.255899074049763 9.3628445498411 0.171398606102603 9.35321563324164 0.0859396076243897 9.35 1.77635683940025e-15 9.35321563324164 -0.0859396076243861 9.3628445498411 -0.171398606102599 9.3788329009909 -0.25589907404976 9.40109127334594 -0.338968450572537 9.42949518905916 -0.420142178021353 9.46388580191222 -0.49896629998519 9.50407078564789 -0.574999999999998 9.5498254095366 -0.647818066773162 9.60089379516176 -0.717013272137541 9.6569903473957 -0.782198648436555 9.71780135156344 -0.843009652604298 9.78298672786245 -0.899106204838231 9.85218193322683 -0.950174590463392 9.925 -0.995929214352103 10.0010337000148 -1.03611419808778 10.0798578219786 -1.07050481094083 10.1610315494275 -1.09890872665406 10.2441009259502 -1.1211670990091 10.3286013938974 -1.1371554501589 10.4140603923756 -1.14678436675836 10.5 -1.15 10.5859396076244 -1.14678436675836 10.6713986061026 -1.1371554501589 10.7558990740498 -1.1211670990091 10.8389684505725 -1.09890872665406 10.9201421780214 -1.07050481094083 10.9989662999852 -1.03611419808778 11.075 -0.995929214352103 11.1478180667732 -0.950174590463392 11.2170132721375 -0.899106204838233 11.2821986484366 -0.843009652604298 11.3430096526043 -0.782198648436555 11.3991062048382 -0.717013272137541 11.4501745904634 -0.647818066773162 11.4959292143521 -0.574999999999996 11.5361141980878 -0.498966299985188 11.5705048109408 -0.420142178021349 11.5989087266541 -0.338968450572535 11.6211670990091 -0.255899074049756 11.6371554501589 -0.171398606102594 11.6467843667584 -0.0859396076243808 221 53 54 221 54 222 223 54 55 223 222 54 220 52 53 220 53 221 224 55 56 224 223 55 219 51 52 219 52 220 225 56 57 225 57 58 225 224 56 218 51 219 218 50 51 137 45 46 138 137 46 136 45 137 139 138 46 140 139 46 135 45 136 141 140 46 141 46 47 134 45 135 133 45 134 133 44 45 142 141 47 226 225 58 226 58 59 217 50 218 217 48 49 217 49 50 132 44 133 143 142 47 144 143 47 144 47 48 131 44 132 130 44 131 145 144 48 129 44 130 129 43 44 128 43 129 227 226 59 216 48 217 216 145 48 216 146 145 127 43 128 126 43 127 125 42 43 125 43 126 124 42 125 123 42 124 228 227 59 228 59 60 215 146 216 215 147 146 215 148 147 215 149 148 122 42 123 121 41 42 121 42 122 120 41 121 119 41 120 229 228 60 229 60 61 214 149 215 214 150 149 214 151 150 214 152 151 214 153 152 214 154 153 118 41 119 117 40 41 117 41 118 116 40 117 115 40 116 230 229 61 230 61 62 213 154 214 213 155 154 213 156 155 213 157 156 213 158 157 213 159 158 213 160 159 114 40 115 113 39 40 113 40 114 112 39 113 111 39 112 110 39 111 231 230 62 231 62 63 212 160 213 212 161 160 212 162 161 212 163 162 212 164 163 212 165 164 166 165 212 232 231 63 232 63 64 232 64 65 211 166 212 211 167 166 211 168 167 211 85 168 211 86 85 211 87 86 211 88 87 38 39 110 38 110 109 233 232 65 210 88 211 210 89 88 210 90 89 210 91 90 210 92 91 210 93 92 210 94 93 234 65 66 234 233 65 209 94 210 209 95 94 209 96 95 209 97 96 209 98 97 209 99 98 209 100 99 235 234 66 235 66 67 208 102 101 208 103 102 208 104 103 208 105 104 208 100 209 208 101 100 207 106 105 207 107 106 207 108 107 207 105 208 236 67 68 236 68 69 236 235 67 206 109 108 206 108 207 206 37 38 206 38 109 237 236 69 205 37 206 238 237 69 238 69 70 204 36 37 204 37 205 239 238 70 239 70 71 203 36 204 203 34 35 203 35 36 240 239 71 240 71 72 202 34 203 241 240 72 241 72 73 33 34 202 201 33 202 242 241 73 242 73 74 200 33 201 32 33 200 75 243 242 75 242 74 244 243 75 31 32 200 31 200 199 76 244 75 30 31 199 30 198 197 30 199 198 77 245 244 77 246 245 77 244 76 29 30 197 78 246 77 28 29 197 28 196 195 28 197 196 79 246 78 79 247 246 79 248 247 27 28 195 27 195 194 80 248 79 305 251 306 304 251 305 304 252 251 307 306 251 303 252 304 308 307 251 302 252 303 309 308 251 301 252 302 310 251 250 310 309 251 311 310 250 300 252 301 299 252 300 312 311 250 298 169 252 298 252 299 313 312 250 297 169 298 314 313 250 315 250 249 315 314 250 296 169 297 316 315 249 295 169 296 294 169 295 317 316 249 318 317 249 318 249 248 293 169 294 292 169 293 319 248 80 319 318 248 170 169 292 291 170 292 320 319 80 290 170 291 289 170 290 288 170 289 287 170 288 26 27 194 81 321 320 81 322 321 81 323 322 81 320 80 286 170 287 286 171 170 285 171 286 284 171 285 283 171 284 282 171 283 281 171 282 280 171 281 280 172 171 279 172 280 278 172 279 277 172 278 276 172 277 275 173 172 275 172 276 274 173 275 25 26 194 25 194 193 82 324 323 82 325 324 82 326 325 82 327 326 82 323 81 273 173 274 272 174 173 272 173 273 271 174 272 24 25 193 24 193 192 83 328 327 83 329 328 83 330 329 83 331 330 83 327 82 23 24 192 23 192 191 84 331 83 84 332 331 84 333 332 84 334 333 84 335 334 1 335 84 1 336 335 1 253 336 1 254 253 1 255 254 22 23 191 22 191 190 21 22 190 21 190 189 2 256 255 2 257 256 2 258 257 2 259 258 2 255 1 20 21 189 20 188 187 20 189 188 3 260 259 3 261 260 3 262 261 3 263 262 3 259 2 19 20 187 19 187 186 4 264 263 4 265 264 4 266 265 4 267 266 4 263 3 18 19 186 5 267 4 5 268 267 5 269 268 5 270 269 17 18 186 17 185 184 17 186 185 6 174 271 6 271 270 6 175 174 6 270 5 16 17 184 16 184 183 7 175 6 7 176 175 8 176 7 15 16 183 9 177 176 9 176 8 14 183 182 14 15 183 10 177 9 10 178 177 13 14 182 13 182 181 12 180 179 12 181 180 12 13 181 11 179 178 11 178 10 11 12 179 
170 168 1 0 0.000804189493343275
-9.35 -2.81668763803891e-16 42.3 -9.35321563324164 0.0859396076243879 42.3 -9.3628445498411 0.171398606102601 42.3 -9.3788329009909 0.255899074049762 42.3 -9.40109127334594 0.33896845057254 42.3 -9.42949518905917 0.420142178021354 42.3 -9.46388580191222 0.498966299985192 42.3 -9.5040707856479 0.575 42.3 -9.54982540953661 0.647818066773165 42.3 -9.60089379516176 0.717013272137543 42.3 -9.6569903473957 0.782198648436557 42.3 -9.71780135156344 0.8430096526043 42.3 -9.78298672786246 0.899106204838234 42.3 -9.85218193322683 0.950174590463394 42.3 -9.925 0.995929214352104 42.3 -10.0010337000148 1.03611419808778 42.3 -10.0798578219786 1.07050481094083 42.3 -10.1610315494275 1.09890872665406 42.3 -10.2441009259502 1.1211670990091 42.3 -10.3286013938974 1.1371554501589 42.3 -10.4140603923756 1.14678436675836 42.3 -10.5 1.15 42.3 -10.5859396076244 1.14678436675836 42.3 -10.6713986061026 1.1371554501589 42.3 -10.7558990740498 1.1211670990091 42.3 -10.8389684505725 1.09890872665406 42.3 -10.9201421780214 1.07050481094083 42.3 -10.9989662999852 1.03611419808778 42.3 -11.075 0.995929214352104 42.3 -11.1478180667732 0.950174590463394 42.3 -11.2170132721375 0.899106204838234 42.3 -11.2821986484366 0.8430096526043 42.3 -11.3430096526043 0.782198648436557 42.3 -11.3991062048382 0.717013272137544 42.3 -11.4501745904634 0.647818066773166 42.3 -11.4959292143521 0.575 42.3 -11.5361141980878 0.498966299985192 42.3 -11.5705048109408 0.420142178021355 42.3 -11.5989087266541 0.338968450572541 42.3 -11.6211670990091 0.255899074049763 42.3 -11.6371554501589 0.171398606102602 42.3 -11.6467843667584 0.0859396076243894 42.3 -11.65 1.67294215588466e-15 42.3 -11.6467843667584 -0.085939607624386 42.3 -11.6371554501589 -0.171398606102599 42.3 -11.6211670990091 -0.255899074049759 42.3 -11.5989087266541 -0.338968450572538 42.3 -11.5705048109408 -0.420142178021352 42.3 -11.5361141980878 -0.498966299985189 42.3 -11.4959292143521 -0.574999999999998 42.3 -11.4501745904634 -0.647818066773163 42.3 -11.3991062048382 -0.717013272137541 42.3 -11.3430096526043 -0.782198648436555 42.3 -11.2821986484366 -0.843009652604298 42.3 -11.2170132721375 -0.899106204838232 42.3 -11.1478180667732 -0.950174590463392 42.3 -11.075 -0.995929214352103 42.3 -10.9989662999852 -1.03611419808778 42.3 -10.9201421780214 -1.07050481094083 42.3 -10.8389684505725 -1.09890872665406 42.3 -10.7558990740498 -1.1211670990091 42.3 -10.6713986061026 -1.1371554501589 42.3 -10.5859396076244 -1.14678436675836 42.3 -10.5 -1.15 42.3 -10.4140603923756 -1.14678436675836 42.3 -10.3286013938974 -1.1371554501589 42.3 -10.2441009259502 -1.1211670990091 42.3 -10.1610315494275 -1.09890872665406 42.3 -10.0798578219786 -1.07050481094083 42.3 -10.0010337000148 -1.03611419808778 42.3 -9.925 -0.995929214352103 42.3 -9.85218193322683 -0.950174590463393 42.3 -9.78298672786245 -0.899106204838232 42.3 -9.71780135156344 -0.843009652604298 42.3 -9.6569903473957 -0.782198648436555 42.3 -9.60089379516176 -0.717013272137541 42.3 -9.5498254095366 -0.647818066773162 42.3 -9.50407078564789 -0.574999999999996 42.3 -9.46388580191222 -0.498966299985187 42.3 -9.42949518905916 -0.420142178021349 42.3 -9.40109127334594 -0.338968450572535 42.3 -9.3788329009909 -0.255899074049756 42.3 -9.3628445498411 -0.171398606102594 42.3 -9.35321563324164 -0.0859396076243814 42.3 -9.35 -2.81668763803891e-16 42.3 -9.35 -2.81668763803891e-16 40.3 -9.35 -2.81668763803891e-16 40.3 -9.35321563324164 0.0859396076243879 40.3 -9.3628445498411 0.171398606102601 40.3 -9.3788329009909 0.255899074049762 40.3 -9.40109127334594 0.33896845057254 40.3 -9.42949518905917 0.420142178021354 40.3 -9.46388580191222 0.498966299985192 40.3 -9.5040707856479 0.575 40.3 -9.54982540953661 0.647818066773165 40.3 -9.60089379516176 0.717013272137543 40.3 -9.6569903473957 0.782198648436557 40.3 -9.71780135156344 0.8430096526043 40.3 -9.78298672786246 0.899106204838234 40.3 -9.85218193322683 0.950174590463394 40.3 -9.925 0.995929214352104 40.3 -10.0010337000148 1.03611419808778 40.3 -10.0798578219786 1.07050481094083 40.3 -10.1610315494275 1.09890872665406 40.3 -10.2441009259502 1.1211670990091 40.3 -10.3286013938974 1.1371554501589 40.3 -10.4140603923756 1.14678436675836 40.3 -10.5 1.15 40.3 -10.5859396076244 1.14678436675836 40.3 -10.6713986061026 1.1371554501589 40.3 -10.7558990740498 1.1211670990091 40.3 -10.8389684505725 1.09890872665406 40.3 -10.9201421780214 1.07050481094083 40.3 -10.9989662999852 1.03611419808778 40.3 -11.075 0.995929214352104 40.3 -11.1478180667732 0.950174590463394 40.3 -11.2170132721375 0.899106204838234 40.3 -11.2821986484366 0.8430096526043 40.3 -11.3430096526043 0.782198648436557 40.3 -11.3991062048382 0.717013272137544 40.3 -11.4501745904634 0.647818066773166 40.3 -11.4959292143521 0.575 40.3 -11.5361141980878 0.498966299985192 40.3 -11.5705048109408 0.420142178021355 40.3 -11.5989087266541 0.338968450572541 40.3 -11.6211670990091 0.255899074049763 40.3 -11.6371554501589 0.171398606102602 40.3 -11.6467843667584 0.0859396076243894 40.3 -11.65 1.67294215588466e-15 40.3 -11.6467843667584 -0.085939607624386 40.3 -11.6371554501589 -0.171398606102599 40.3 -11.6211670990091 -0.255899074049759 40.3 -11.5989087266541 -0.338968450572538 40.3 -11.5705048109408 -0.420142178021352 40.3 -11.5361141980878 -0.498966299985189 40.3 -11.4959292143521 -0.574999999999998 40.3 -11.4501745904634 -0.647818066773163 40.3 -11.3991062048382 -0.717013272137541 40.3 -11.3430096526043 -0.782198648436555 40.3 -11.2821986484366 -0.843009652604298 40.3 -11.2170132721375 -0.899106204838232 40.3 -11.1478180667732 -0.950174590463392 40.3 -11.075 -0.995929214352103 40.3 -10.9989662999852 -1.03611419808778 40.3 -10.9201421780214 -1.07050481094083 40.3 -10.8389684505725 -1.09890872665406 40.3 -10.7558990740498 -1.1211670990091 40.3 -10.6713986061026 -1.1371554501589 40.3 -10.5859396076244 -1.14678436675836 40.3 -10.5 -1.15 40.3 -10.4140603923756 -1.14678436675836 40.3 -10.3286013938974 -1.1371554501589 40.3 -10.2441009259502 -1.1211670990091 40.3 -10.1610315494275 -1.09890872665406 40.3 -10.0798578219786 -1.07050481094083 40.3 -10.0010337000148 -1.03611419808778 40.3 -9.925 -0.995929214352103 40.3 -9.85218193322683 -0.950174590463393 40.3 -9.78298672786245 -0.899106204838232 40.3 -9.71780135156344 -0.843009652604298 40.3 -9.6569903473957 -0.782198648436555 40.3 -9.60089379516176 -0.717013272137541 40.3 -9.5498254095366 -0.647818066773162 40.3 -9.50407078564789 -0.574999999999996 40.3 -9.46388580191222 -0.498966299985187 40.3 -9.42949518905916 -0.420142178021349 40.3 -9.40109127334594 -0.338968450572535 40.3 -9.3788329009909 -0.255899074049756 40.3 -9.3628445498411 -0.171398606102594 40.3 -9.35321563324164 -0.0859396076243814 40.3 0 2.8 0.0747998250854713 2.8 0.149599650170943 2.8 0.224399475256414 2.8 0.299199300341885 2.8 0.373999125427356 2.8 0.448798950512828 2.8 0.523598775598299 2.8 0.59839860068377 2.8 0.673198425769241 2.8 0.747998250854713 2.8 0.822798075940184 2.8 0.897597901025655 2.8 0.972397726111126 2.8 1.0471975511966 2.8 1.12199737628207 2.8 1.19679720136754 2.8 1.27159702645301 2.8 1.34639685153848 2.8 1.42119667662395 2.8 1.49599650170943 2.8 1.5707963267949 2.8 1.64559615188037 2.8 1.72039597696584 2.8 1.79519580205131 2.8 1.86999562713678 2.8 1.94479545222225 2.8 2.01959527730773 2.8 2.0943951023932 2.8 2.16919492747867 2.8 2.24399475256414 2.8 2.31879457764961 2.8 2.39359440273508 2.8 2.46839422782055 2.8 2.54319405290602 2.8 2.61799387799149 2.8 2.69279370307697 2.8 2.76759352816244 2.8 2.84239335324791 2.8 2.91719317833338 2.8 2.99199300341885 2.8 3.06679282850432 2.8 3.14159265358979 2.8 3.21639247867526 2.8 3.29119230376073 2.8 3.36599212884621 2.8 3.44079195393168 2.8 3.51559177901715 2.8 3.59039160410262 2.8 3.66519142918809 2.8 3.73999125427356 2.8 3.81479107935903 2.8 3.8895909044445 2.8 3.96439072952997 2.8 4.03919055461545 2.8 4.11399037970092 2.8 4.18879020478639 2.8 4.26359002987186 2.8 4.33838985495733 2.8 4.4131896800428 2.8 4.48798950512827 2.8 4.56278933021375 2.8 4.63758915529922 2.8 4.71238898038469 2.8 4.78718880547016 2.8 4.86198863055563 2.8 4.9367884556411 2.8 5.01158828072658 2.8 5.08638810581205 2.8 5.16118793089752 2.8 5.23598775598299 2.8 5.31078758106846 2.8 5.38558740615393 2.8 5.46038723123941 2.8 5.53518705632488 2.8 5.60998688141035 2.8 5.68478670649582 2.8 5.75958653158129 2.8 5.83438635666676 2.8 5.90918618175223 2.8 5.98398600683771 2.8 6.05878583192318 2.8 6.13358565700865 2.8 6.20838548209412 2.8 6.28318530717959 2.8 0 0.799999999999997 6.28318530717959 0.799999999999997 0.0747998250854713 0.799999999999997 0.149599650170943 0.799999999999997 0.224399475256414 0.799999999999997 0.299199300341885 0.799999999999997 0.373999125427356 0.799999999999997 0.448798950512828 0.799999999999997 0.523598775598299 0.799999999999997 0.59839860068377 0.799999999999997 0.673198425769241 0.799999999999997 0.747998250854713 0.799999999999997 0.822798075940184 0.799999999999997 0.897597901025655 0.799999999999997 0.972397726111126 0.799999999999997 1.0471975511966 0.799999999999997 1.12199737628207 0.799999999999997 1.19679720136754 0.799999999999997 1.27159702645301 0.799999999999997 1.34639685153848 0.799999999999997 1.42119667662395 0.799999999999997 1.49599650170943 0.799999999999997 1.5707963267949 0.799999999999997 1.64559615188037 0.799999999999997 1.72039597696584 0.799999999999997 1.79519580205131 0.799999999999997 1.86999562713678 0.799999999999997 1.94479545222225 0.799999999999997 2.01959527730773 0.799999999999997 2.0943951023932 0.799999999999997 2.16919492747867 0.799999999999997 2.24399475256414 0.799999999999997 2.31879457764961 0.799999999999997 2.39359440273508 0.799999999999997 2.46839422782055 0.799999999999997 2.54319405290602 0.799999999999997 2.61799387799149 0.799999999999997 2.69279370307697 0.799999999999997 2.76759352816244 0.799999999999997 2.84239335324791 0.799999999999997 2.91719317833338 0.799999999999997 2.99199300341885 0.799999999999997 3.06679282850432 0.799999999999997 3.14159265358979 0.799999999999997 3.21639247867526 0.799999999999997 3.29119230376073 0.799999999999997 3.36599212884621 0.799999999999997 3.44079195393168 0.799999999999997 3.51559177901715 0.799999999999997 3.59039160410262 0.799999999999997 3.66519142918809 0.799999999999997 3.73999125427356 0.799999999999997 3.81479107935903 0.799999999999997 3.8895909044445 0.799999999999997 3.96439072952997 0.799999999999997 4.03919055461545 0.799999999999997 4.11399037970092 0.799999999999997 4.18879020478639 0.799999999999997 4.26359002987186 0.799999999999997 4.33838985495733 0.799999999999997 4.4131896800428 0.799999999999997 4.48798950512827 0.799999999999997 4.56278933021375 0.799999999999997 4.63758915529922 0.799999999999997 4.71238898038469 0.799999999999997 4.78718880547016 0.799999999999997 4.86198863055563 0.799999999999997 4.9367884556411 0.799999999999997 5.01158828072658 0.799999999999997 5.08638810581205 0.799999999999997 5.16118793089752 0.799999999999997 5.23598775598299 0.799999999999997 5.31078758106846 0.799999999999997 5.38558740615393 0.799999999999997 5.46038723123941 0.799999999999997 5.53518705632488 0.799999999999997 5.60998688141035 0.799999999999997 5.68478670649582 0.799999999999997 5.75958653158129 0.799999999999997 5.83438635666676 0.799999999999997 5.90918618175223 0.799999999999997 5.98398600683771 0.799999999999997 6.05878583192318 0.799999999999997 6.13358565700865 0.799999999999997 6.20838548209412 0.799999999999997 2 1 86 2 86 88 3 2 88 3 88 89 4 89 90 4 3 89 5 90 91 5 4 90 6 91 92 6 5 91 7 92 93 7 6 92 8 93 94 8 7 93 9 8 94 9 94 95 10 9 95 10 95 96 11 10 96 11 96 97 12 11 97 12 97 98 13 12 98 13 98 99 14 13 99 14 99 100 15 14 100 15 100 101 16 15 101 16 101 102 17 102 103 17 16 102 18 103 104 18 104 105 18 17 103 19 18 105 20 105 106 20 19 105 21 106 107 21 107 108 21 20 106 22 21 108 23 108 109 23 22 108 24 109 110 24 23 109 25 110 111 25 24 110 26 111 112 26 25 111 27 112 113 27 113 114 27 26 112 28 27 114 29 114 115 29 115 116 29 28 114 30 29 116 31 116 117 31 30 116 32 117 118 32 31 117 33 32 118 33 118 119 34 33 119 34 119 120 35 34 120 35 120 121 36 35 121 36 121 122 37 36 122 37 122 123 38 123 124 38 37 123 39 124 125 39 38 124 40 125 126 40 39 125 41 126 127 41 40 126 42 127 128 42 41 127 43 128 129 43 42 128 44 129 130 44 43 129 45 130 131 45 44 130 46 131 132 46 45 131 47 132 133 47 46 132 48 133 134 48 47 133 49 134 135 49 48 134 50 135 136 50 49 135 51 136 137 51 50 136 52 137 138 52 51 137 53 138 139 53 52 138 54 139 140 54 53 139 55 140 141 55 54 140 56 141 142 56 55 141 57 142 143 57 56 142 58 143 144 58 57 143 59 58 144 59 144 145 60 59 145 60 145 146 61 60 146 61 146 147 62 61 147 62 147 148 63 62 148 63 148 149 64 63 149 64 149 150 65 64 150 65 150 151 66 65 151 66 151 152 67 66 152 67 152 153 68 67 153 68 153 154 69 68 154 69 154 155 70 69 155 70 155 156 71 70 156 71 156 157 72 71 157 72 157 158 73 158 159 73 72 158 74 159 160 74 160 161 74 73 159 75 74 161 76 161 162 76 75 161 77 162 163 77 76 162 78 163 164 78 77 163 79 164 165 79 78 164 80 165 166 80 79 165 81 166 167 81 80 166 82 167 168 82 81 167 83 168 169 83 82 168 84 83 169 84 169 170 85 84 170 85 170 87 
170 168 1 0 0.00629365690441453
9 -2.20436423846524e-15 42.3 8.97483417463062 0.672570842277818 42.3 8.89947743602616 1.34138039558557 42.3 8.77435120963641 2.00268840560683 42.3 8.60015525207527 2.65279656969814 42.3 8.37786373779784 3.28806921929756 42.3 8.10871981112177 3.90495365205802 42.3 7.79422863405995 4.5 42.3 7.43614896884395 5.0698805225726 42.3 7.03648334221227 5.6114082167286 42.3 6.59746684646844 6.12155463993827 42.3 6.12155463993828 6.59746684646844 42.3 5.6114082167286 7.03648334221227 42.3 5.0698805225726 7.43614896884395 42.3 4.5 7.79422863405995 42.3 3.90495365205802 8.10871981112177 42.3 3.28806921929755 8.37786373779784 42.3 2.65279656969814 8.60015525207527 42.3 2.00268840560683 8.77435120963641 42.3 1.34138039558557 8.89947743602616 42.3 0.672570842277815 8.97483417463062 42.3 -3.44571182903425e-15 9 42.3 -0.672570842277822 8.97483417463062 42.3 -1.34138039558557 8.89947743602616 42.3 -2.00268840560683 8.77435120963641 42.3 -2.65279656969814 8.60015525207526 42.3 -3.28806921929756 8.37786373779784 42.3 -3.90495365205803 8.10871981112177 42.3 -4.50000000000001 7.79422863405994 42.3 -5.0698805225726 7.43614896884395 42.3 -5.6114082167286 7.03648334221227 42.3 -6.12155463993828 6.59746684646844 42.3 -6.59746684646844 6.12155463993827 42.3 -7.03648334221227 5.6114082167286 42.3 -7.43614896884395 5.0698805225726 42.3 -7.79422863405995 4.5 42.3 -8.10871981112177 3.90495365205803 42.3 -8.37786373779784 3.28806921929756 42.3 -8.60015525207526 2.65279656969815 42.3 -8.77435120963641 2.00268840560684 42.3 -8.89947743602616 1.34138039558558 42.3 -8.97483417463062 0.67257084227783 42.3 -9 1.30925907851843e-14 42.3 -8.97483417463062 -0.672570842277804 42.3 -8.89947743602616 -1.34138039558555 42.3 -8.77435120963642 -2.00268840560681 42.3 -8.60015525207527 -2.65279656969812 42.3 -8.37786373779785 -3.28806921929754 42.3 -8.10871981112178 -3.904953652058 42.3 -7.79422863405996 -4.49999999999998 42.3 -7.43614896884397 -5.06988052257258 42.3 -7.03648334221228 -5.61140821672858 42.3 -6.59746684646846 -6.12155463993825 42.3 -6.12155463993829 -6.59746684646842 42.3 -5.61140821672862 -7.03648334221225 42.3 -5.06988052257262 -7.43614896884394 42.3 -4.50000000000002 -7.79422863405994 42.3 -3.90495365205804 -8.10871981112176 42.3 -3.28806921929757 -8.37786373779783 42.3 -2.65279656969815 -8.60015525207526 42.3 -2.00268840560684 -8.77435120963641 42.3 -1.34138039558558 -8.89947743602616 42.3 -0.672570842277822 -8.97483417463062 42.3 -1.65327317884893e-15 -9 42.3 0.672570842277819 -8.97483417463062 42.3 1.34138039558557 -8.89947743602616 42.3 2.00268840560684 -8.77435120963641 42.3 2.65279656969815 -8.60015525207526 42.3 3.28806921929757 -8.37786373779783 42.3 3.90495365205804 -8.10871981112177 42.3 4.50000000000002 -7.79422863405994 42.3 5.06988052257261 -7.43614896884394 42.3 5.61140821672862 -7.03648334221225 42.3 6.12155463993829 -6.59746684646842 42.3 6.59746684646846 -6.12155463993825 42.3 7.03648334221229 -5.61140821672858 42.3 7.43614896884397 -5.06988052257257 42.3 7.79422863405997 -4.49999999999997 42.3 8.10871981112179 -3.90495365205799 42.3 8.37786373779785 -3.28806921929752 42.3 8.60015525207528 -2.6527965696981 42.3 8.77435120963642 -2.00268840560679 42.3 8.89947743602616 -1.34138039558552 42.3 8.97483417463063 -0.672570842277767 42.3 9 -2.20436423846524e-15 42.3 9 -2.20436423846524e-15 40.3 9 -2.20436423846524e-15 40.3 8.97483417463062 0.672570842277818 40.3 8.89947743602616 1.34138039558557 40.3 8.77435120963641 2.00268840560683 40.3 8.60015525207527 2.65279656969814 40.3 8.37786373779784 3.28806921929756 40.3 8.10871981112177 3.90495365205802 40.3 7.79422863405995 4.5 40.3 7.43614896884395 5.0698805225726 40.3 7.03648334221227 5.6114082167286 40.3 6.59746684646844 6.12155463993827 40.3 6.12155463993828 6.59746684646844 40.3 5.6114082167286 7.03648334221227 40.3 5.0698805225726 7.43614896884395 40.3 4.5 7.79422863405995 40.3 3.90495365205802 8.10871981112177 40.3 3.28806921929755 8.37786373779784 40.3 2.65279656969814 8.60015525207527 40.3 2.00268840560683 8.77435120963641 40.3 1.34138039558557 8.89947743602616 40.3 0.672570842277815 8.97483417463062 40.3 -3.44571182903425e-15 9 40.3 -0.672570842277822 8.97483417463062 40.3 -1.34138039558557 8.89947743602616 40.3 -2.00268840560683 8.77435120963641 40.3 -2.65279656969814 8.60015525207526 40.3 -3.28806921929756 8.37786373779784 40.3 -3.90495365205803 8.10871981112177 40.3 -4.50000000000001 7.79422863405994 40.3 -5.0698805225726 7.43614896884395 40.3 -5.6114082167286 7.03648334221227 40.3 -6.12155463993828 6.59746684646844 40.3 -6.59746684646844 6.12155463993827 40.3 -7.03648334221227 5.6114082167286 40.3 -7.43614896884395 5.0698805225726 40.3 -7.79422863405995 4.5 40.3 -8.10871981112177 3.90495365205803 40.3 -8.37786373779784 3.28806921929756 40.3 -8.60015525207526 2.65279656969815 40.3 -8.77435120963641 2.00268840560684 40.3 -8.89947743602616 1.34138039558558 40.3 -8.97483417463062 0.67257084227783 40.3 -9 1.30925907851843e-14 40.3 -8.97483417463062 -0.672570842277804 40.3 -8.89947743602616 -1.34138039558555 40.3 -8.77435120963642 -2.00268840560681 40.3 -8.60015525207527 -2.65279656969812 40.3 -8.37786373779785 -3.28806921929754 40.3 -8.10871981112178 -3.904953652058 40.3 -7.79422863405996 -4.49999999999998 40.3 -7.43614896884397 -5.06988052257258 40.3 -7.03648334221228 -5.61140821672858 40.3 -6.59746684646846 -6.12155463993825 40.3 -6.12155463993829 -6.59746684646842 40.3 -5.61140821672862 -7.03648334221225 40.3 -5.06988052257262 -7.43614896884394 40.3 -4.50000000000002 -7.79422863405994 40.3 -3.90495365205804 -8.10871981112176 40.3 -3.28806921929757 -8.37786373779783 40.3 -2.65279656969815 -8.60015525207526 40.3 -2.00268840560684 -8.77435120963641 40.3 -1.34138039558558 -8.89947743602616 40.3 -0.672570842277822 -8.97483417463062 40.3 -1.65327317884893e-15 -9 40.3 0.672570842277819 -8.97483417463062 40.3 1.34138039558557 -8.89947743602616 40.3 2.00268840560684 -8.77435120963641 40.3 2.65279656969815 -8.60015525207526 40.3 3.28806921929757 -8.37786373779783 40.3 3.90495365205804 -8.10871981112177 40.3 4.50000000000002 -7.79422863405994 40.3 5.06988052257261 -7.43614896884394 40.3 5.61140821672862 -7.03648334221225 40.3 6.12155463993829 -6.59746684646842 40.3 6.59746684646846 -6.12155463993825 40.3 7.03648334221229 -5.61140821672858 40.3 7.43614896884397 -5.06988052257257 40.3 7.79422863405997 -4.49999999999997 40.3 8.10871981112179 -3.90495365205799 40.3 8.37786373779785 -3.28806921929752 40.3 8.60015525207528 -2.6527965696981 40.3 8.77435120963642 -2.00268840560679 40.3 8.89947743602616 -1.34138039558552 40.3 8.97483417463063 -0.672570842277767 40.3 0 2.8 0.0747998250854713 2.8 0.149599650170943 2.8 0.224399475256414 2.8 0.299199300341885 2.8 0.373999125427356 2.8 0.448798950512828 2.8 0.523598775598299 2.8 0.59839860068377 2.8 0.673198425769241 2.8 0.747998250854713 2.8 0.822798075940184 2.8 0.897597901025655 2.8 0.972397726111126 2.8 1.0471975511966 2.8 1.12199737628207 2.8 1.19679720136754 2.8 1.27159702645301 2.8 1.34639685153848 2.8 1.42119667662395 2.8 1.49599650170943 2.8 1.5707963267949 2.8 1.64559615188037 2.8 1.72039597696584 2.8 1.79519580205131 2.8 1.86999562713678 2.8 1.94479545222225 2.8 2.01959527730773 2.8 2.0943951023932 2.8 2.16919492747867 2.8 2.24399475256414 2.8 2.31879457764961 2.8 2.39359440273508 2.8 2.46839422782055 2.8 2.54319405290602 2.8 2.61799387799149 2.8 2.69279370307697 2.8 2.76759352816244 2.8 2.84239335324791 2.8 2.91719317833338 2.8 2.99199300341885 2.8 3.06679282850432 2.8 3.14159265358979 2.8 3.21639247867526 2.8 3.29119230376073 2.8 3.36599212884621 2.8 3.44079195393168 2.8 3.51559177901715 2.8 3.59039160410262 2.8 3.66519142918809 2.8 3.73999125427356 2.8 3.81479107935903 2.8 3.8895909044445 2.8 3.96439072952997 2.8 4.03919055461545 2.8 4.11399037970092 2.8 4.18879020478639 2.8 4.26359002987186 2.8 4.33838985495733 2.8 4.4131896800428 2.8 4.48798950512827 2.8 4.56278933021375 2.8 4.63758915529922 2.8 4.71238898038469 2.8 4.78718880547016 2.8 4.86198863055563 2.8 4.9367884556411 2.8 5.01158828072658 2.8 5.08638810581205 2.8 5.16118793089752 2.8 5.23598775598299 2.8 5.31078758106846 2.8 5.38558740615393 2.8 5.46038723123941 2.8 5.53518705632488 2.8 5.60998688141035 2.8 5.68478670649582 2.8 5.75958653158129 2.8 5.83438635666676 2.8 5.90918618175223 2.8 5.98398600683771 2.8 6.05878583192318 2.8 6.13358565700865 2.8 6.20838548209412 2.8 6.28318530717959 2.8 0 0.799999999999997 6.28318530717959 0.799999999999997 0.0747998250854713 0.799999999999997 0.149599650170943 0.799999999999997 0.224399475256414 0.799999999999997 0.299199300341885 0.799999999999997 0.373999125427356 0.799999999999997 0.448798950512828 0.799999999999997 0.523598775598299 0.799999999999997 0.59839860068377 0.799999999999997 0.673198425769241 0.799999999999997 0.747998250854713 0.799999999999997 0.822798075940184 0.799999999999997 0.897597901025655 0.799999999999997 0.972397726111126 0.799999999999997 1.0471975511966 0.799999999999997 1.12199737628207 0.799999999999997 1.19679720136754 0.799999999999997 1.27159702645301 0.799999999999997 1.34639685153848 0.799999999999997 1.42119667662395 0.799999999999997 1.49599650170943 0.799999999999997 1.5707963267949 0.799999999999997 1.64559615188037 0.799999999999997 1.72039597696584 0.799999999999997 1.79519580205131 0.799999999999997 1.86999562713678 0.799999999999997 1.94479545222225 0.799999999999997 2.01959527730773 0.799999999999997 2.0943951023932 0.799999999999997 2.16919492747867 0.799999999999997 2.24399475256414 0.799999999999997 2.31879457764961 0.799999999999997 2.39359440273508 0.799999999999997 2.46839422782055 0.799999999999997 2.54319405290602 0.799999999999997 2.61799387799149 0.799999999999997 2.69279370307697 0.799999999999997 2.76759352816244 0.799999999999997 2.84239335324791 0.799999999999997 2.91719317833338 0.799999999999997 2.99199300341885 0.799999999999997 3.06679282850432 0.799999999999997 3.14159265358979 0.799999999999997 3.21639247867526 0.799999999999997 3.29119230376073 0.799999999999997 3.36599212884621 0.799999999999997 3.44079195393168 0.799999999999997 3.51559177901715 0.799999999999997 3.59039160410262 0.799999999999997 3.66519142918809 0.799999999999997 3.73999125427356 0.799999999999997 3.81479107935903 0.799999999999997 3.8895909044445 0.799999999999997 3.96439072952997 0.799999999999997 4.03919055461545 0.799999999999997 4.11399037970092 0.799999999999997 4.18879020478639 0.799999999999997 4.26359002987186 0.799999999999997 4.33838985495733 0.799999999999997 4.4131896800428 0.799999999999997 4.48798950512827 0.799999999999997 4.56278933021375 0.799999999999997 4.63758915529922 0.799999999999997 4.71238898038469 0.799999999999997 4.78718880547016 0.799999999999997 4.86198863055563 0.799999999999997 4.9367884556411 0.799999999999997 5.01158828072658 0.799999999999997 5.08638810581205 0.799999999999997 5.16118793089752 0.799999999999997 5.23598775598299 0.799999999999997 5.31078758106846 0.799999999999997 5.38558740615393 0.799999999999997 5.46038723123941 0.799999999999997 5.53518705632488 0.799999999999997 5.60998688141035 0.799999999999997 5.68478670649582 0.799999999999997 5.75958653158129 0.799999999999997 5.83438635666676 0.799999999999997 5.90918618175223 0.799999999999997 5.98398600683771 0.799999999999997 6.05878583192318 0.799999999999997 6.13358565700865 0.799999999999997 6.20838548209412 0.799999999999997 2 1 86 2 86 88 3 2 88 3 88 89 4 89 90 4 3 89 5 90 91 5 4 90 6 91 92 6 5 91 7 92 93 7 6 92 8 93 94 8 7 93 9 8 94 9 94 95 10 9 95 10 95 96 11 10 96 11 96 97 12 11 97 12 97 98 13 12 98 13 98 99 14 13 99 14 99 100 15 14 100 15 100 101 16 15 101 16 101 102 17 102 103 17 16 102 18 103 104 18 104 105 18 17 103 19 18 105 20 105 106 20 19 105 21 106 107 21 107 108 21 20 106 22 21 108 23 108 109 23 22 108 24 109 110 24 23 109 25 110 111 25 24 110 26 111 112 26 25 111 27 112 113 27 113 114 27 26 112 28 27 114 29 114 115 29 115 116 29 28 114 30 29 116 31 116 117 31 30 116 32 117 118 32 31 117 33 32 118 33 118 119 34 33 119 34 119 120 35 34 120 35 120 121 36 35 121 36 121 122 37 36 122 37 122 123 38 123 124 38 37 123 39 124 125 39 38 124 40 125 126 40 39 125 41 126 127 41 40 126 42 127 128 42 41 127 43 128 129 43 42 128 44 129 130 44 43 129 45 130 131 45 44 130 46 131 132 46 45 131 47 132 133 47 46 132 48 133 134 48 47 133 49 134 135 49 48 134 50 135 136 50 49 135 51 136 137 51 50 136 52 137 138 52 51 137 53 138 139 53 52 138 54 139 140 54 53 139 55 140 141 55 54 140 56 141 142 56 55 141 57 142 143 57 56 142 58 143 144 58 57 143 59 58 144 59 144 145 60 59 145 60 145 146 61 60 146 61 146 147 62 61 147 62 147 148 63 62 148 63 148 149 64 63 149 64 149 150 65 64 150 65 150 151 66 65 151 66 151 152 67 66 152 67 152 153 68 67 153 68 153 154 69 68 154 69 154 155 70 69 155 70 155 156 71 70 156 71 156 157 72 71 157 72 157 158 73 158 159 73 72 158 74 159 160 74 160 161 74 73 159 75 74 161 76 161 162 76 75 161 77 162 163 77 76 162 78 163 164 78 77 163 79 164 165 79 78 164 80 165 166 80 79 165 81 166 167 81 80 166 82 167 168 82 81 167 83 168 169 83 82 168 84 83 169 84 169 170 85 84 170 85 170 87 
170 168 1 0 0.000804189493343275
11.65 -2.81668763803891e-16 42.3 11.6467843667584 0.0859396076243879 42.3 11.6371554501589 0.171398606102601 42.3 11.6211670990091 0.255899074049762 42.3 11.5989087266541 0.33896845057254 42.3 11.5705048109408 0.420142178021354 42.3 11.5361141980878 0.498966299985192 42.3 11.4959292143521 0.575 42.3 11.4501745904634 0.647818066773165 42.3 11.3991062048382 0.717013272137543 42.3 11.3430096526043 0.782198648436557 42.3 11.2821986484366 0.8430096526043 42.3 11.2170132721375 0.899106204838234 42.3 11.1478180667732 0.950174590463394 42.3 11.075 0.995929214352104 42.3 10.9989662999852 1.03611419808778 42.3 10.9201421780214 1.07050481094083 42.3 10.8389684505725 1.09890872665406 42.3 10.7558990740498 1.1211670990091 42.3 10.6713986061026 1.1371554501589 42.3 10.5859396076244 1.14678436675836 42.3 10.5 1.15 42.3 10.4140603923756 1.14678436675836 42.3 10.3286013938974 1.1371554501589 42.3 10.2441009259502 1.1211670990091 42.3 10.1610315494275 1.09890872665406 42.3 10.0798578219786 1.07050481094083 42.3 10.0010337000148 1.03611419808778 42.3 9.925 0.995929214352104 42.3 9.85218193322683 0.950174590463394 42.3 9.78298672786246 0.899106204838234 42.3 9.71780135156344 0.8430096526043 42.3 9.6569903473957 0.782198648436557 42.3 9.60089379516176 0.717013272137544 42.3 9.54982540953661 0.647818066773166 42.3 9.5040707856479 0.575 42.3 9.46388580191222 0.498966299985192 42.3 9.42949518905917 0.420142178021355 42.3 9.40109127334594 0.338968450572541 42.3 9.3788329009909 0.255899074049763 42.3 9.3628445498411 0.171398606102602 42.3 9.35321563324164 0.0859396076243894 42.3 9.35 1.67294215588466e-15 42.3 9.35321563324164 -0.085939607624386 42.3 9.3628445498411 -0.171398606102599 42.3 9.3788329009909 -0.255899074049759 42.3 9.40109127334594 -0.338968450572538 42.3 9.42949518905916 -0.420142178021352 42.3 9.46388580191222 -0.498966299985189 42.3 9.50407078564789 -0.574999999999998 42.3 9.5498254095366 -0.647818066773163 42.3 9.60089379516176 -0.717013272137541 42.3 9.6569903473957 -0.782198648436555 42.3 9.71780135156344 -0.843009652604298 42.3 9.78298672786245 -0.899106204838232 42.3 9.85218193322683 -0.950174590463392 42.3 9.925 -0.995929214352103 42.3 10.0010337000148 -1.03611419808778 42.3 10.0798578219786 -1.07050481094083 42.3 10.1610315494275 -1.09890872665406 42.3 10.2441009259502 -1.1211670990091 42.3 10.3286013938974 -1.1371554501589 42.3 10.4140603923756 -1.14678436675836 42.3 10.5 -1.15 42.3 10.5859396076244 -1.14678436675836 42.3 10.6713986061026 -1.1371554501589 42.3 10.7558990740498 -1.1211670990091 42.3 10.8389684505725 -1.09890872665406 42.3 10.9201421780214 -1.07050481094083 42.3 10.9989662999852 -1.03611419808778 42.3 11.075 -0.995929214352103 42.3 11.1478180667732 -0.950174590463393 42.3 11.2170132721375 -0.899106204838232 42.3 11.2821986484366 -0.843009652604298 42.3 11.3430096526043 -0.782198648436555 42.3 11.3991062048382 -0.717013272137541 42.3 11.4501745904634 -0.647818066773162 42.3 11.4959292143521 -0.574999999999996 42.3 11.5361141980878 -0.498966299985187 42.3 11.5705048109408 -0.420142178021349 42.3 11.5989087266541 -0.338968450572535 42.3 11.6211670990091 -0.255899074049756 42.3 11.6371554501589 -0.171398606102594 42.3 11.6467843667584 -0.0859396076243814 42.3 11.65 -2.81668763803891e-16 42.3 11.65 -2.81668763803891e-16 40.3 11.65 -2.81668763803891e-16 40.3 11.6467843667584 0.0859396076243879 40.3 11.6371554501589 0.171398606102601 40.3 11.6211670990091 0.255899074049762 40.3 11.5989087266541 0.33896845057254 40.3 11.5705048109408 0.420142178021354 40.3 11.5361141980878 0.498966299985192 40.3 11.4959292143521 0.575 40.3 11.4501745904634 0.647818066773165 40.3 11.3991062048382 0.717013272137543 40.3 11.3430096526043 0.782198648436557 40.3 11.2821986484366 0.8430096526043 40.3 11.2170132721375 0.899106204838234 40.3 11.1478180667732 0.950174590463394 40.3 11.075 0.995929214352104 40.3 10.9989662999852 1.03611419808778 40.3 10.9201421780214 1.07050481094083 40.3 10.8389684505725 1.09890872665406 40.3 10.7558990740498 1.1211670990091 40.3 10.6713986061026 1.1371554501589 40.3 10.5859396076244 1.14678436675836 40.3 10.5 1.15 40.3 10.4140603923756 1.14678436675836 40.3 10.3286013938974 1.1371554501589 40.3 10.2441009259502 1.1211670990091 40.3 10.1610315494275 1.09890872665406 40.3 10.0798578219786 1.07050481094083 40.3 10.0010337000148 1.03611419808778 40.3 9.925 0.995929214352104 40.3 9.85218193322683 0.950174590463394 40.3 9.78298672786246 0.899106204838234 40.3 9.71780135156344 0.8430096526043 40.3 9.6569903473957 0.782198648436557 40.3 9.60089379516176 0.717013272137544 40.3 9.54982540953661 0.647818066773166 40.3 9.5040707856479 0.575 40.3 9.46388580191222 0.498966299985192 40.3 9.42949518905917 0.420142178021355 40.3 9.40109127334594 0.338968450572541 40.3 9.3788329009909 0.255899074049763 40.3 9.3628445498411 0.171398606102602 40.3 9.35321563324164 0.0859396076243894 40.3 9.35 1.67294215588466e-15 40.3 9.35321563324164 -0.085939607624386 40.3 9.3628445498411 -0.171398606102599 40.3 9.3788329009909 -0.255899074049759 40.3 9.40109127334594 -0.338968450572538 40.3 9.42949518905916 -0.420142178021352 40.3 9.46388580191222 -0.498966299985189 40.3 9.50407078564789 -0.574999999999998 40.3 9.5498254095366 -0.647818066773163 40.3 9.60089379516176 -0.717013272137541 40.3 9.6569903473957 -0.782198648436555 40.3 9.71780135156344 -0.843009652604298 40.3 9.78298672786245 -0.899106204838232 40.3 9.85218193322683 -0.950174590463392 40.3 9.925 -0.995929214352103 40.3 10.0010337000148 -1.03611419808778 40.3 10.0798578219786 -1.07050481094083 40.3 10.1610315494275 -1.09890872665406 40.3 10.2441009259502 -1.1211670990091 40.3 10.3286013938974 -1.1371554501589 40.3 10.4140603923756 -1.14678436675836 40.3 10.5 -1.15 40.3 10.5859396076244 -1.14678436675836 40.3 10.6713986061026 -1.1371554501589 40.3 10.7558990740498 -1.1211670990091 40.3 10.8389684505725 -1.09890872665406 40.3 10.9201421780214 -1.07050481094083 40.3 10.9989662999852 -1.03611419808778 40.3 11.075 -0.995929214352103 40.3 11.1478180667732 -0.950174590463393 40.3 11.2170132721375 -0.899106204838232 40.3 11.2821986484366 -0.843009652604298 40.3 11.3430096526043 -0.782198648436555 40.3 11.3991062048382 -0.717013272137541 40.3 11.4501745904634 -0.647818066773162 40.3 11.4959292143521 -0.574999999999996 40.3 11.5361141980878 -0.498966299985187 40.3 11.5705048109408 -0.420142178021349 40.3 11.5989087266541 -0.338968450572535 40.3 11.6211670990091 -0.255899074049756 40.3 11.6371554501589 -0.171398606102594 40.3 11.6467843667584 -0.0859396076243814 40.3 0 2.8 0.0747998250854713 2.8 0.149599650170943 2.8 0.224399475256414 2.8 0.299199300341885 2.8 0.373999125427356 2.8 0.448798950512828 2.8 0.523598775598299 2.8 0.59839860068377 2.8 0.673198425769241 2.8 0.747998250854713 2.8 0.822798075940184 2.8 0.897597901025655 2.8 0.972397726111126 2.8 1.0471975511966 2.8 1.12199737628207 2.8 1.19679720136754 2.8 1.27159702645301 2.8 1.34639685153848 2.8 1.42119667662395 2.8 1.49599650170943 2.8 1.5707963267949 2.8 1.64559615188037 2.8 1.72039597696584 2.8 1.79519580205131 2.8 1.86999562713678 2.8 1.94479545222225 2.8 2.01959527730773 2.8 2.0943951023932 2.8 2.16919492747867 2.8 2.24399475256414 2.8 2.31879457764961 2.8 2.39359440273508 2.8 2.46839422782055 2.8 2.54319405290602 2.8 2.61799387799149 2.8 2.69279370307697 2.8 2.76759352816244 2.8 2.84239335324791 2.8 2.91719317833338 2.8 2.99199300341885 2.8 3.06679282850432 2.8 3.14159265358979 2.8 3.21639247867526 2.8 3.29119230376073 2.8 3.36599212884621 2.8 3.44079195393168 2.8 3.51559177901715 2.8 3.59039160410262 2.8 3.66519142918809 2.8 3.73999125427356 2.8 3.81479107935903 2.8 3.8895909044445 2.8 3.96439072952997 2.8 4.03919055461545 2.8 4.11399037970092 2.8 4.18879020478639 2.8 4.26359002987186 2.8 4.33838985495733 2.8 4.4131896800428 2.8 4.48798950512827 2.8 4.56278933021375 2.8 4.63758915529922 2.8 4.71238898038469 2.8 4.78718880547016 2.8 4.86198863055563 2.8 4.9367884556411 2.8 5.01158828072658 2.8 5.08638810581205 2.8 5.16118793089752 2.8 5.23598775598299 2.8 5.31078758106846 2.8 5.38558740615393 2.8 5.46038723123941 2.8 5.53518705632488 2.8 5.60998688141035 2.8 5.68478670649582 2.8 5.75958653158129 2.8 5.83438635666676 2.8 5.90918618175223 2.8 5.98398600683771 2.8 6.05878583192318 2.8 6.13358565700865 2.8 6.20838548209412 2.8 6.28318530717959 2.8 0 0.799999999999997 6.28318530717959 0.799999999999997 0.0747998250854713 0.799999999999997 0.149599650170943 0.799999999999997 0.224399475256414 0.799999999999997 0.299199300341885 0.799999999999997 0.373999125427356 0.799999999999997 0.448798950512828 0.799999999999997 0.523598775598299 0.799999999999997 0.59839860068377 0.799999999999997 0.673198425769241 0.799999999999997 0.747998250854713 0.799999999999997 0.822798075940184 0.799999999999997 0.897597901025655 0.799999999999997 0.972397726111126 0.799999999999997 1.0471975511966 0.799999999999997 1.12199737628207 0.799999999999997 1.19679720136754 0.799999999999997 1.27159702645301 0.799999999999997 1.34639685153848 0.799999999999997 1.42119667662395 0.799999999999997 1.49599650170943 0.799999999999997 1.5707963267949 0.799999999999997 1.64559615188037 0.799999999999997 1.72039597696584 0.799999999999997 1.79519580205131 0.799999999999997 1.86999562713678 0.799999999999997 1.94479545222225 0.799999999999997 2.01959527730773 0.799999999999997 2.0943951023932 0.799999999999997 2.16919492747867 0.799999999999997 2.24399475256414 0.799999999999997 2.31879457764961 0.799999999999997 2.39359440273508 0.799999999999997 2.46839422782055 0.799999999999997 2.54319405290602 0.799999999999997 2.61799387799149 0.799999999999997 2.69279370307697 0.799999999999997 2.76759352816244 0.799999999999997 2.84239335324791 0.799999999999997 2.91719317833338 0.799999999999997 2.99199300341885 0.799999999999997 3.06679282850432 0.799999999999997 3.14159265358979 0.799999999999997 3.21639247867526 0.799999999999997 3.29119230376073 0.799999999999997 3.36599212884621 0.799999999999997 3.44079195393168 0.799999999999997 3.51559177901715 0.799999999999997 3.59039160410262 0.799999999999997 3.66519142918809 0.799999999999997 3.73999125427356 0.799999999999997 3.81479107935903 0.799999999999997 3.8895909044445 0.799999999999997 3.96439072952997 0.799999999999997 4.03919055461545 0.799999999999997 4.11399037970092 0.799999999999997 4.18879020478639 0.799999999999997 4.26359002987186 0.799999999999997 4.33838985495733 0.799999999999997 4.4131896800428 0.799999999999997 4.48798950512827 0.799999999999997 4.56278933021375 0.799999999999997 4.63758915529922 0.799999999999997 4.71238898038469 0.799999999999997 4.78718880547016 0.799999999999997 4.86198863055563 0.799999999999997 4.9367884556411 0.799999999999997 5.01158828072658 0.799999999999997 5.08638810581205 0.799999999999997 5.16118793089752 0.799999999999997 5.23598775598299 0.799999999999997 5.31078758106846 0.799999999999997 5.38558740615393 0.799999999999997 5.46038723123941 0.799999999999997 5.53518705632488 0.799999999999997 5.60998688141035 0.799999999999997 5.68478670649582 0.799999999999997 5.75958653158129 0.799999999999997 5.83438635666676 0.799999999999997 5.90918618175223 0.799999999999997 5.98398600683771 0.799999999999997 6.05878583192318 0.799999999999997 6.13358565700865 0.799999999999997 6.20838548209412 0.799999999999997 2 1 86 2 86 88 3 2 88 3 88 89 4 89 90 4 3 89 5 90 91 5 4 90 6 91 92 6 5 91 7 92 93 7 6 92 8 93 94 8 7 93 9 8 94 9 94 95 10 9 95 10 95 96 11 10 96 11 96 97 12 11 97 12 97 98 13 12 98 13 98 99 14 13 99 14 99 100 15 14 100 15 100 101 16 15 101 16 101 102 17 102 103 17 16 102 18 103 104 18 104 105 18 17 103 19 18 105 20 105 106 20 19 105 21 106 107 21 107 108 21 20 106 22 21 108 23 108 109 23 22 108 24 109 110 24 23 109 25 110 111 25 24 110 26 111 112 26 25 111 27 112 113 27 113 114 27 26 112 28 27 114 29 114 115 29 115 116 29 28 114 30 29 116 31 116 117 31 30 116 32 117 118 32 31 117 33 32 118 33 118 119 34 33 119 34 119 120 35 34 120 35 120 121 36 35 121 36 121 122 37 36 122 37 122 123 38 123 124 38 37 123 39 124 125 39 38 124 40 125 126 40 39 125 41 126 127 41 40 126 42 127 128 42 41 127 43 128 129 43 42 128 44 129 130 44 43 129 45 130 131 45 44 130 46 131 132 46 45 131 47 132 133 47 46 132 48 133 134 48 47 133 49 134 135 49 48 134 50 135 136 50 49 135 51 136 137 51 50 136 52 137 138 52 51 137 53 138 139 53 52 138 54 139 140 54 53 139 55 140 141 55 54 140 56 141 142 56 55 141 57 142 143 57 56 142 58 143 144 58 57 143 59 58 144 59 144 145 60 59 145 60 145 146 61 60 146 61 146 147 62 61 147 62 147 148 63 62 148 63 148 149 64 63 149 64 149 150 65 64 150 65 150 151 66 65 151 66 151 152 67 66 152 67 152 153 68 67 153 68 153 154 69 68 154 69 154 155 70 69 155 70 155 156 71 70 156 71 156 157 72 71 157 72 157 158 73 158 159 73 72 158 74 159 160 74 160 161 74 73 159 75 74 161 76 161 162 76 75 161 77 162 163 77 76 162 78 163 164 78 77 163 79 164 165 79 78 164 80 165 166 80 79 165 81 166 167 81 80 166 82 167 168 82 81 167 83 168 169 83 82 168 84 83 169 84 169 170 85 84 170 85 170 87 

TShapes 41
Ve
1e-07
15.5 -3.7964050773568e-15 2
0 0

0101101
*
Ed
 1e-07 1 1 0
1  1 0 0 6.28318530717959
2  1 1 0 0 6.28318530717959
2  2 2 0 0 6.28318530717959
6  1 1 0
6  2 2 4
0

0101000
+41 0 -41 0 *
Ve
1e-07
15.5 -3.7964050773568e-15 0
0 0

0101101
*
Ed
 1e-07 1 1 0
1  2 0 0 2
3  3 4CN 1 0 0 2
7  3 4 1 0
0

0101000
-41 0 +39 0 *
Ed
 1e-07 1 1 0
1  3 0 0 6.28318530717959
2  5 1 0 0 6.28318530717959
2  6 3 0 0 6.28318530717959
6  5 1 0
6  6 3 4
0

0101000
+39 0 -39 0 *
Wi

0101100
-40 0 +38 0 +37 0 -38 0 *
Fa
0  1e-07 1 0
2  1
0101000
+36 0 *
Wi

0101100
+40 3 *
Ve
1.00000000281669e-07
-9.35 -2.81668763803891e-16 42.3
0 0

0101101
*
Ed
 1e-07 1 1 0
1  4 0 0 6.28318530717959
2  7 2 3 0 6.28318530717959
2  8 4 7 0 6.28318530717959
6  7 4 0
6  8 2 0
0

0101100
+33 0 -33 0 *
Wi

0101100
-32 0 *
Ve
1.00000002204364e-07
9 -2.20436423846524e-15 42.3
0 0

0101101
*
Ed
 1e-07 1 1 0
1  5 0 0 6.28318530717959
2  9 2 3 0 6.28318530717959
2  10 5 10 0 6.28318530717959
6  9 5 0
6  10 2 0
0

0101100
+30 0 -30 0 *
Wi

0101100
-29 0 *
Ve
1.00000000281669e-07
11.65 -2.81668763803891e-16 42.3
0 0

0101101
*
Ed
 1e-07 1 1 0
1  6 0 0 6.28318530717959
2  11 2 3 0 6.28318530717959
2  12 6 13 0 6.28318530717959
6  11 6 0
6  12 2 0
0

0101100
+27 0 -27 0 *
Wi

0101100
-26 0 *
Fa
0  1e-07 2 3
2  2
0101000
+34 0 +31 0 +28 0 +25 0 *
Wi

0101100
+37 3 *
Ve
1.00000000281669e-07
-9.35 -2.81668763803891e-16 40.3
0 0

0101101
*
Ed
 1e-07 1 1 0
1  7 0 0 6.28318530717959
2  13 3 3 0 6.28318530717959
2  14 4 7 0 6.28318530717959
6  13 4 0
6  14 3 0
0

0101100
+22 0 -22 0 *
Wi

0101100
-21 0 *
Ve
1.00000002204364e-07
9 -2.20436423846524e-15 40.3
0 0

0101101
*
Ed
 1e-07 1 1 0
1  8 0 0 6.28318530717959
2  15 3 3 0 6.28318530717959
2  16 5 10 0 6.28318530717959
6  15 5 0
6  16 3 0
0

0101100
+19 0 -19 0 *
Wi

0101100
-18 0 *
Ve
1.00000000281669e-07
11.65 -2.81668763803891e-16 40.3
0 0

0101101
*
Ed
 1e-07 1 1 0
1  9 0 0 6.28318530717959
2  17 3 3 0 6.28318530717959
2  18 6 13 0 6.28318530717959
6  17 6 0
6  18 3 0
0

0101100
+16 0 -16 0 *
Wi

0101100
-15 0 *
Fa
0  1e-07 3 3
2  3
0101000
+23 0 +20 0 +17 0 +14 0 *
Ed
 1e-07 1 1 0
1  10 0 0.799999999999997 2.8
3  19 20CN 4 0 0.799999999999997 2.8
7  19 20 4 14
0

0101000
+22 14 -33 14 *
Wi

0101100
-32 0 +12 7 +21 0 -12 7 *
Fa
0  1e-07 4 7
2  4
0101000
+11 0 *
Ed
 1e-07 1 1 0
1  11 0 0.799999999999997 2.8
3  21 22CN 5 0 0.799999999999997 2.8
7  21 22 5 15
0

0101000
+19 15 -30 15 *
Wi

0101100
-29 0 +9 10 +18 0 -9 10 *
Fa
0  1e-07 5 10
2  5
0101000
+8 0 *
Ed
 1e-07 1 1 0
1  12 0 0.799999999999997 2.8
3  23 24CN 6 0 0.799999999999997 2.8
7  23 24 6 16
0

0101000
+16 16 -27 16 *
Wi

0101100
-26 0 +6 13 +15 0 -6 13 *
Fa
0  1e-07 6 13
2  6
0101000
+5 0 *
Sh

0101100
+35 3 +24 0 -13 0 -10 0 -7 0 -4 0 *
So

0100000
+3 0 *
Co

1100000
+2 0 *

+1 0 