ISO-10303-21;
HEADER;
FILE_DESCRIPTION(('Open CASCADE Model'),'2;1');
FILE_NAME('tilt_cover','2026-10-01T22:08:21',('Author'),('Open CASCADE')
  ,'Open CASCADE STEP processor 8.0','build123d','Unknown');
FILE_SCHEMA(('AUTOMOTIVE_DESIGN { 1 0 10303 214 1 1 1 1 }'));
ENDSEC;
DATA;
#1 = APPLICATION_PROTOCOL_DEFINITION('international standard',
  'automotive_design',2000,#2);
#2 = APPLICATION_CONTEXT(
  'core data for automotive mechanical design processes');
#3 = SHAPE_DEFINITION_REPRESENTATION(#4,#10);
#4 = PRODUCT_DEFINITION_SHAPE('','',#5);
#5 = PRODUCT_DEFINITION('design','',#6,#9);
#6 = PRODUCT_DEFINITION_FORMATION('','',#7);
#7 = PRODUCT('tilt_cover','tilt_cover','',(#8));
#8 = PRODUCT_CONTEXT('',#2,'mechanical');
#9 = PRODUCT_DEFINITION_CONTEXT('part definition',#2,'design');
#10 = ADVANCED_BREP_SHAPE_REPRESENTATION('',(#11,#15),#11768);
#11 = AXIS2_PLACEMENT_3D('',#12,#13,#14);
#12 = CARTESIAN_POINT('',(0.,0.,0.));
#13 = DIRECTION('',(0.,0.,1.));
#14 = DIRECTION('',(1.,0.,-0.));
#15 = MANIFOLD_SOLID_BREP('',#16);
#16 = CLOSED_SHELL('',(#17,#299,#1249,#1381,#2329,#2840,#2888,#3394,
    #3492,#3518,#3774,#3844,#3927,#4538,#4657,#4806,#4867,#4920,#5003,
    #5030,#5083,#5216,#5289,#5438,#5500,#5556,#5666,#5756,#5971,#6062,
    #6766,#7048,#7125,#7157,#7241,#7293,#7532,#7538,#8214,#8490,#8522,
    #8601,#8653,#8892,#8898,#9113,#9161,#9188,#9233,#9302,#9371,#9418,
    #9465,#9490,#9559,#9606,#9653,#9678,#9747,#9794,#9841,#9866,#10025,
    #10078,#10104,#10310,#10317,#10364,#10391,#10418,#10425,#10478,
    #10504,#10664,#10689,#10716,#10768,#10846,#10901,#10934,#10959,
    #11055,#11135,#11162,#11208,#11235,#11242,#11269,#11300,#11307,
    #11367,#11392,#11470,#11497,#11522,#11600,#11655,#11701,#11708,
    #11715,#11722,#11728,#11755,#11761));
#17 = ADVANCED_FACE('',(#18),#33,.F.);
#18 = FACE_BOUND('',#19,.F.);
#19 = EDGE_LOOP('',(#20,#56,#80,#108,#136,#164,#192,#220,#249,#273));
#20 = ORIENTED_EDGE('',*,*,#21,.F.);
#21 = EDGE_CURVE('',#22,#24,#26,.T.);
#22 = VERTEX_POINT('',#23);
#23 = CARTESIAN_POINT('',(43.,-9.,84.85));
#24 = VERTEX_POINT('',#25);
#25 = CARTESIAN_POINT('',(43.,-8.018929156483,85.4));
#26 = SURFACE_CURVE('',#27,(#32,#44),.PCURVE_S1.);
#27 = CIRCLE('',#28,1.15);
#28 = AXIS2_PLACEMENT_3D('',#29,#30,#31);
#29 = CARTESIAN_POINT('',(43.,-9.,86.));
#30 = DIRECTION('',(1.,0.,2.22044604925E-16));
#31 = DIRECTION('',(2.22044604925E-16,0.,-1.));
#32 = PCURVE('',#33,#38);
#33 = PLANE('',#34);
#34 = AXIS2_PLACEMENT_3D('',#35,#36,#37);
#35 = CARTESIAN_POINT('',(43.,-14.,83.));
#36 = DIRECTION('',(1.,0.,-0.));
#37 = DIRECTION('',(0.,0.,1.));
#38 = DEFINITIONAL_REPRESENTATION('',(#39),#43);
#39 = CIRCLE('',#40,1.15);
#40 = AXIS2_PLACEMENT_2D('',#41,#42);
#41 = CARTESIAN_POINT('',(3.,-5.));
#42 = DIRECTION('',(-1.,0.));
#43 = ( GEOMETRIC_REPRESENTATION_CONTEXT(2) 
PARAMETRIC_REPRESENTATION_CONTEXT() REPRESENTATION_CONTEXT('2D SPACE',''
  ) );
#44 = PCURVE('',#45,#50);
#45 = CYLINDRICAL_SURFACE('',#46,1.15);
#46 = AXIS2_PLACEMENT_3D('',#47,#48,#49);
#47 = CARTESIAN_POINT('',(42.,-9.,86.));
#48 = DIRECTION('',(1.,0.,2.22044604925E-16));
#49 = DIRECTION('',(2.22044604925E-16,0.,-1.));
#50 = DEFINITIONAL_REPRESENTATION('',(#51),#55);
#51 = LINE('',#52,#53);
#52 = CARTESIAN_POINT('',(0.,1.));
#53 = VECTOR('',#54,1.);
#54 = DIRECTION('',(1.,0.));
#55 = ( GEOMETRIC_REPRESENTATION_CONTEXT(2) 
PARAMETRIC_REPRESENTATION_CONTEXT() REPRESENTATION_CONTEXT('2D SPACE',''
  ) );
#56 = ORIENTED_EDGE('',*,*,#57,.F.);
#57 = EDGE_CURVE('',#58,#22,#60,.T.);
#58 = VERTEX_POINT('',#59);
#59 = CARTESIAN_POINT('',(43.,-10.,85.43210916542));
#60 = SURFACE_CURVE('',#61,(#66,#73),.PCURVE_S1.);
#61 = CIRCLE('',#62,1.15);
#62 = AXIS2_PLACEMENT_3D('',#63,#64,#65);
#63 = CARTESIAN_POINT('',(43.,-9.,86.));
#64 = DIRECTION('',(1.,0.,2.22044604925E-16));
#65 = DIRECTION('',(2.22044604925E-16,0.,-1.));
#66 = PCURVE('',#33,#67);
#67 = DEFINITIONAL_REPRESENTATION('',(#68),#72);
#68 = CIRCLE('',#69,1.15);
#69 = AXIS2_PLACEMENT_2D('',#70,#71);
#70 = CARTESIAN_POINT('',(3.,-5.));
#71 = DIRECTION('',(-1.,0.));
#72 = ( GEOMETRIC_REPRESENTATION_CONTEXT(2) 
PARAMETRIC_REPRESENTATION_CONTEXT() REPRESENTATION_CONTEXT('2D SPACE',''
  ) );
#73 = PCURVE('',#45,#74);
#74 = DEFINITIONAL_REPRESENTATION('',(#75),#79);
#75 = LINE('',#76,#77);
#76 = CARTESIAN_POINT('',(0.,1.));
#77 = VECTOR('',#78,1.);
#78 = DIRECTION('',(1.,0.));
#79 = ( GEOMETRIC_REPRESENTATION_CONTEXT(2) 
PARAMETRIC_REPRESENTATION_CONTEXT() REPRESENTATION_CONTEXT('2D SPACE',''
  ) );
#80 = ORIENTED_EDGE('',*,*,#81,.F.);
#81 = EDGE_CURVE('',#82,#58,#84,.T.);
#82 = VERTEX_POINT('',#83);
#83 = CARTESIAN_POINT('',(43.,-10.,84.826086956522));
#84 = SURFACE_CURVE('',#85,(#89,#96),.PCURVE_S1.);
#85 = LINE('',#86,#87);
#86 = CARTESIAN_POINT('',(43.,-10.,83.));
#87 = VECTOR('',#88,1.);
#88 = DIRECTION('',(0.,0.,1.));
#89 = PCURVE('',#33,#90);
#90 = DEFINITIONAL_REPRESENTATION('',(#91),#95);
#91 = LINE('',#92,#93);
#92 = CARTESIAN_POINT('',(0.,-4.));
#93 = VECTOR('',#94,1.);
#94 = DIRECTION('',(1.,0.));
#95 = ( GEOMETRIC_REPRESENTATION_CONTEXT(2) 
PARAMETRIC_REPRESENTATION_CONTEXT() REPRESENTATION_CONTEXT('2D SPACE',''
  ) );
#96 = PCURVE('',#97,#102);
#97 = CYLINDRICAL_SURFACE('',#98,4.);
#98 = AXIS2_PLACEMENT_3D('',#99,#100,#101);
#99 = CARTESIAN_POINT('',(47.,-10.,83.));
#100 = DIRECTION('',(0.,0.,1.));
#101 = DIRECTION('',(-1.,-0.,0.));
#102 = DEFINITIONAL_REPRESENTATION('',(#103),#107);
#103 = LINE('',#104,#105);
#104 = CARTESIAN_POINT('',(0.,0.));
#105 = VECTOR('',#106,1.);
#106 = DIRECTION('',(0.,1.));
#107 = ( GEOMETRIC_REPRESENTATION_CONTEXT(2) 
PARAMETRIC_REPRESENTATION_CONTEXT() REPRESENTATION_CONTEXT('2D SPACE',''
  ) );
#108 = ORIENTED_EDGE('',*,*,#109,.F.);
#109 = EDGE_CURVE('',#110,#82,#112,.T.);
#110 = VERTEX_POINT('',#111);
#111 = CARTESIAN_POINT('',(43.,-10.,83.8));
#112 = SURFACE_CURVE('',#113,(#117,#124),.PCURVE_S1.);
#113 = LINE('',#114,#115);
#114 = CARTESIAN_POINT('',(43.,-10.,83.));
#115 = VECTOR('',#116,1.);
#116 = DIRECTION('',(0.,0.,1.));
#117 = PCURVE('',#33,#118);
#118 = DEFINITIONAL_REPRESENTATION('',(#119),#123);
#119 = LINE('',#120,#121);
#120 = CARTESIAN_POINT('',(0.,-4.));
#121 = VECTOR('',#122,1.);
#122 = DIRECTION('',(1.,0.));
#123 = ( GEOMETRIC_REPRESENTATION_CONTEXT(2) 
PARAMETRIC_REPRESENTATION_CONTEXT() REPRESENTATION_CONTEXT('2D SPACE',''
  ) );
#124 = PCURVE('',#125,#130);
#125 = PLANE('',#126);
#126 = AXIS2_PLACEMENT_3D('',#127,#128,#129);
#127 = CARTESIAN_POINT('',(45.434089311728,-10.,68.034089311728));
#128 = DIRECTION('',(0.,-1.,0.));
#129 = DIRECTION('',(1.,0.,0.));
#130 = DEFINITIONAL_REPRESENTATION('',(#131),#135);
#131 = LINE('',#132,#133);
#132 = CARTESIAN_POINT('',(-2.434089311728,14.965910688272));
#133 = VECTOR('',#134,1.);
#134 = DIRECTION('',(0.,1.));
#135 = ( GEOMETRIC_REPRESENTATION_CONTEXT(2) 
PARAMETRIC_REPRESENTATION_CONTEXT() REPRESENTATION_CONTEXT('2D SPACE',''
  ) );
#136 = ORIENTED_EDGE('',*,*,#137,.T.);
#137 = EDGE_CURVE('',#110,#138,#140,.T.);
#138 = VERTEX_POINT('',#139);
#139 = CARTESIAN_POINT('',(43.,10.,83.8));
#140 = SURFACE_CURVE('',#141,(#145,#152),.PCURVE_S1.);
#141 = LINE('',#142,#143);
#142 = CARTESIAN_POINT('',(43.,-10.,83.8));
#143 = VECTOR('',#144,1.);
#144 = DIRECTION('',(-0.,1.,0.));
#145 = PCURVE('',#33,#146);
#146 = DEFINITIONAL_REPRESENTATION('',(#147),#151);
#147 = LINE('',#148,#149);
#148 = CARTESIAN_POINT('',(0.8,-4.));
#149 = VECTOR('',#150,1.);
#150 = DIRECTION('',(0.,-1.));
#151 = ( GEOMETRIC_REPRESENTATION_CONTEXT(2) 
PARAMETRIC_REPRESENTATION_CONTEXT() REPRESENTATION_CONTEXT('2D SPACE',''
  ) );
#152 = PCURVE('',#153,#158);
#153 = CYLINDRICAL_SURFACE('',#154,0.8);
#154 = AXIS2_PLACEMENT_3D('',#155,#156,#157);
#155 = CARTESIAN_POINT('',(43.8,-10.,83.8));
#156 = DIRECTION('',(-0.,1.,0.));
#157 = DIRECTION('',(-1.,-0.,0.));
#158 = DEFINITIONAL_REPRESENTATION('',(#159),#163);
#159 = LINE('',#160,#161);
#160 = CARTESIAN_POINT('',(-0.,0.));
#161 = VECTOR('',#162,1.);
#162 = DIRECTION('',(-0.,1.));
#163 = ( GEOMETRIC_REPRESENTATION_CONTEXT(2) 
PARAMETRIC_REPRESENTATION_CONTEXT() REPRESENTATION_CONTEXT('2D SPACE',''
  ) );
#164 = ORIENTED_EDGE('',*,*,#165,.T.);
#165 = EDGE_CURVE('',#138,#166,#168,.T.);
#166 = VERTEX_POINT('',#167);
#167 = CARTESIAN_POINT('',(43.,10.,84.826086956522));
#168 = SURFACE_CURVE('',#169,(#173,#180),.PCURVE_S1.);
#169 = LINE('',#170,#171);
#170 = CARTESIAN_POINT('',(43.,10.,83.));
#171 = VECTOR('',#172,1.);
#172 = DIRECTION('',(0.,0.,1.));
#173 = PCURVE('',#33,#174);
#174 = DEFINITIONAL_REPRESENTATION('',(#175),#179);
#175 = LINE('',#176,#177);
#176 = CARTESIAN_POINT('',(0.,-24.));
#177 = VECTOR('',#178,1.);
#178 = DIRECTION('',(1.,0.));
#179 = ( GEOMETRIC_REPRESENTATION_CONTEXT(2) 
PARAMETRIC_REPRESENTATION_CONTEXT() REPRESENTATION_CONTEXT('2D SPACE',''
  ) );
#180 = PCURVE('',#181,#186);
#181 = PLANE('',#182);
#182 = AXIS2_PLACEMENT_3D('',#183,#184,#185);
#183 = CARTESIAN_POINT('',(45.434089311728,10.,68.034089311728));
#184 = DIRECTION('',(0.,-1.,0.));
#185 = DIRECTION('',(1.,0.,0.));
#186 = DEFINITIONAL_REPRESENTATION('',(#187),#191);
#187 = LINE('',#188,#189);
#188 = CARTESIAN_POINT('',(-2.434089311728,14.965910688272));
#189 = VECTOR('',#190,1.);
#190 = DIRECTION('',(0.,1.));
#191 = ( GEOMETRIC_REPRESENTATION_CONTEXT(2) 
PARAMETRIC_REPRESENTATION_CONTEXT() REPRESENTATION_CONTEXT('2D SPACE',''
  ) );
#192 = ORIENTED_EDGE('',*,*,#193,.T.);
#193 = EDGE_CURVE('',#166,#194,#196,.T.);
#194 = VERTEX_POINT('',#195);
#195 = CARTESIAN_POINT('',(43.,10.,85.43210916542));
#196 = SURFACE_CURVE('',#197,(#201,#208),.PCURVE_S1.);
#197 = LINE('',#198,#199);
#198 = CARTESIAN_POINT('',(43.,10.,83.));
#199 = VECTOR('',#200,1.);
#200 = DIRECTION('',(0.,0.,1.));
#201 = PCURVE('',#33,#202);
#202 = DEFINITIONAL_REPRESENTATION('',(#203),#207);
#203 = LINE('',#204,#205);
#204 = CARTESIAN_POINT('',(0.,-24.));
#205 = VECTOR('',#206,1.);
#206 = DIRECTION('',(1.,0.));
#207 = ( GEOMETRIC_REPRESENTATION_CONTEXT(2) 
PARAMETRIC_REPRESENTATION_CONTEXT() REPRESENTATION_CONTEXT('2D SPACE',''
  ) );
#208 = PCURVE('',#209,#214);
#209 = CYLINDRICAL_SURFACE('',#210,4.);
#210 = AXIS2_PLACEMENT_3D('',#211,#212,#213);
#211 = CARTESIAN_POINT('',(47.,10.,83.));
#212 = DIRECTION('',(0.,0.,1.));
#213 = DIRECTION('',(-1.,-0.,0.));
#214 = DEFINITIONAL_REPRESENTATION('',(#215),#219);
#215 = LINE('',#216,#217);
#216 = CARTESIAN_POINT('',(-0.,0.));
#217 = VECTOR('',#218,1.);
#218 = DIRECTION('',(-0.,1.));
#219 = ( GEOMETRIC_REPRESENTATION_CONTEXT(2) 
PARAMETRIC_REPRESENTATION_CONTEXT() REPRESENTATION_CONTEXT('2D SPACE',''
  ) );
#220 = ORIENTED_EDGE('',*,*,#221,.F.);
#221 = EDGE_CURVE('',#222,#194,#224,.T.);
#222 = VERTEX_POINT('',#223);
#223 = CARTESIAN_POINT('',(43.,9.,84.85));
#224 = SURFACE_CURVE('',#225,(#230,#237),.PCURVE_S1.);
#225 = CIRCLE('',#226,1.15);
#226 = AXIS2_PLACEMENT_3D('',#227,#228,#229);
#227 = CARTESIAN_POINT('',(43.,9.,86.));
#228 = DIRECTION('',(1.,0.,2.22044604925E-16));
#229 = DIRECTION('',(2.22044604925E-16,0.,-1.));
#230 = PCURVE('',#33,#231);
#231 = DEFINITIONAL_REPRESENTATION('',(#232),#236);
#232 = CIRCLE('',#233,1.15);
#233 = AXIS2_PLACEMENT_2D('',#234,#235);
#234 = CARTESIAN_POINT('',(3.,-23.));
#235 = DIRECTION('',(-1.,0.));
#236 = ( GEOMETRIC_REPRESENTATION_CONTEXT(2) 
PARAMETRIC_REPRESENTATION_CONTEXT() REPRESENTATION_CONTEXT('2D SPACE',''
  ) );
#237 = PCURVE('',#238,#243);
#238 = CYLINDRICAL_SURFACE('',#239,1.15);
#239 = AXIS2_PLACEMENT_3D('',#240,#241,#242);
#240 = CARTESIAN_POINT('',(42.,9.,86.));
#241 = DIRECTION('',(1.,0.,2.22044604925E-16));
#242 = DIRECTION('',(2.22044604925E-16,0.,-1.));
#243 = DEFINITIONAL_REPRESENTATION('',(#244),#248);
#244 = LINE('',#245,#246);
#245 = CARTESIAN_POINT('',(0.,1.));
#246 = VECTOR('',#247,1.);
#247 = DIRECTION('',(1.,0.));
#248 = ( GEOMETRIC_REPRESENTATION_CONTEXT(2) 
PARAMETRIC_REPRESENTATION_CONTEXT() REPRESENTATION_CONTEXT('2D SPACE',''
  ) );
#249 = ORIENTED_EDGE('',*,*,#250,.F.);
#250 = EDGE_CURVE('',#251,#222,#253,.T.);
#251 = VERTEX_POINT('',#252);
#252 = CARTESIAN_POINT('',(43.,8.018929156483,85.4));
#253 = SURFACE_CURVE('',#254,(#259,#266),.PCURVE_S1.);
#254 = CIRCLE('',#255,1.15);
#255 = AXIS2_PLACEMENT_3D('',#256,#257,#258);
#256 = CARTESIAN_POINT('',(43.,9.,86.));
#257 = DIRECTION('',(1.,0.,2.22044604925E-16));
#258 = DIRECTION('',(2.22044604925E-16,0.,-1.));
#259 = PCURVE('',#33,#260);
#260 = DEFINITIONAL_REPRESENTATION('',(#261),#265);
#261 = CIRCLE('',#262,1.15);
#262 = AXIS2_PLACEMENT_2D('',#263,#264);
#263 = CARTESIAN_POINT('',(3.,-23.));
#264 = DIRECTION('',(-1.,0.));
#265 = ( GEOMETRIC_REPRESENTATION_CONTEXT(2) 
PARAMETRIC_REPRESENTATION_CONTEXT() REPRESENTATION_CONTEXT('2D SPACE',''
  ) );
#266 = PCURVE('',#238,#267);
#267 = DEFINITIONAL_REPRESENTATION('',(#268),#272);
#268 = LINE('',#269,#270);
#269 = CARTESIAN_POINT('',(0.,1.));
#270 = VECTOR('',#271,1.);
#271 = DIRECTION('',(1.,0.));
#272 = ( GEOMETRIC_REPRESENTATION_CONTEXT(2) 
PARAMETRIC_REPRESENTATION_CONTEXT() REPRESENTATION_CONTEXT('2D SPACE',''
  ) );
#273 = ORIENTED_EDGE('',*,*,#274,.T.);
#274 = EDGE_CURVE('',#251,#24,#275,.T.);
#275 = SURFACE_CURVE('',#276,(#280,#287),.PCURVE_S1.);
#276 = LINE('',#277,#278);
#277 = CARTESIAN_POINT('',(43.,7.85,85.4));
#278 = VECTOR('',#279,1.);
#279 = DIRECTION('',(0.,-1.,0.));
#280 = PCURVE('',#33,#281);
#281 = DEFINITIONAL_REPRESENTATION('',(#282),#286);
#282 = LINE('',#283,#284);
#283 = CARTESIAN_POINT('',(2.4,-21.85));
#284 = VECTOR('',#285,1.);
#285 = DIRECTION('',(0.,1.));
#286 = ( GEOMETRIC_REPRESENTATION_CONTEXT(2) 
PARAMETRIC_REPRESENTATION_CONTEXT() REPRESENTATION_CONTEXT('2D SPACE',''
  ) );
#287 = PCURVE('',#288,#293);
#288 = CYLINDRICAL_SURFACE('',#289,0.6);
#289 = AXIS2_PLACEMENT_3D('',#290,#291,#292);
#290 = CARTESIAN_POINT('',(43.6,7.85,85.4));
#291 = DIRECTION('',(0.,-1.,0.));
#292 = DIRECTION('',(-1.,0.,0.));
#293 = DEFINITIONAL_REPRESENTATION('',(#294),#298);
#294 = LINE('',#295,#296);
#295 = CARTESIAN_POINT('',(-0.,0.));
#296 = VECTOR('',#297,1.);
#297 = DIRECTION('',(-0.,1.));
#298 = ( GEOMETRIC_REPRESENTATION_CONTEXT(2) 
PARAMETRIC_REPRESENTATION_CONTEXT() REPRESENTATION_CONTEXT('2D SPACE',''
  ) );
#299 = ADVANCED_FACE('',(#300),#45,.F.);
#300 = FACE_BOUND('',#301,.F.);
#301 = EDGE_LOOP('',(#302,#367,#368,#391,#420,#490,#512,#513,#514,#546,
    #574,#677,#725,#754,#882,#982,#1080));
#302 = ORIENTED_EDGE('',*,*,#303,.T.);
#303 = EDGE_CURVE('',#304,#58,#306,.T.);
#304 = VERTEX_POINT('',#305);
#305 = CARTESIAN_POINT('',(43.000007183488,-10.0075807552,
    85.445670659509));
#306 = SURFACE_CURVE('',#307,(#325,#346),.PCURVE_S1.);
#307 = B_SPLINE_CURVE_WITH_KNOTS('',6,(#308,#309,#310,#311,#312,#313,
    #314,#315,#316,#317,#318,#319,#320,#321,#322,#323,#324),
  .UNSPECIFIED.,.F.,.F.,(7,5,5,7),(0.,0.499987831601,0.859884476566,1.),
  .UNSPECIFIED.);
#308 = CARTESIAN_POINT('',(43.,-10.,86.56789083458));
#309 = CARTESIAN_POINT('',(43.,-10.05031243992,86.479295567921));
#310 = CARTESIAN_POINT('',(43.000759422952,-10.09033375408,
    86.386887336657));
#311 = CARTESIAN_POINT('',(43.001695639892,-10.12020896602,
    86.291835679441));
#312 = CARTESIAN_POINT('',(43.002440845196,-10.14007046377,
    86.195104374305));
#313 = CARTESIAN_POINT('',(43.002813489465,-10.15,86.097548893816));
#314 = CARTESIAN_POINT('',(43.002813489465,-10.15,85.92978325194));
#315 = CARTESIAN_POINT('',(43.002620365137,-10.1448555728,
    85.859568825535));
#316 = CARTESIAN_POINT('',(43.002234429351,-10.13456579088,
    85.789660489993));
#317 = CARTESIAN_POINT('',(43.001703953423,-10.119110069,85.720376214611
    ));
#318 = CARTESIAN_POINT('',(43.00112774361,-10.09845061431,
    85.652055640036));
#319 = CARTESIAN_POINT('',(43.000474726361,-10.06244532117,
    85.558987641612));
#320 = CARTESIAN_POINT('',(43.000307853253,-10.05155955036,
    85.533111004846));
#321 = CARTESIAN_POINT('',(43.000166069677,-10.03987468813,
    85.507460137053));
#322 = CARTESIAN_POINT('',(43.000059615687,-10.02738807226,
    85.482059005364));
#323 = CARTESIAN_POINT('',(43.,-10.01409725439,85.45693304623));
#324 = CARTESIAN_POINT('',(43.,-10.,85.43210916542));
#325 = PCURVE('',#45,#326);
#326 = DEFINITIONAL_REPRESENTATION('',(#327),#345);
#327 = B_SPLINE_CURVE_WITH_KNOTS('',6,(#328,#329,#330,#331,#332,#333,
    #334,#335,#336,#337,#338,#339,#340,#341,#342,#343,#344),
  .UNSPECIFIED.,.F.,.F.,(7,5,5,7),(0.,0.499987831601,0.859884476566,1.),
  .UNSPECIFIED.);
#328 = CARTESIAN_POINT('',(4.195913839538,1.));
#329 = CARTESIAN_POINT('',(4.284509106196,1.));
#330 = CARTESIAN_POINT('',(4.371568602246,1.000759422952));
#331 = CARTESIAN_POINT('',(4.457520820591,1.001695639892));
#332 = CARTESIAN_POINT('',(4.542732840048,1.002440845196));
#333 = CARTESIAN_POINT('',(4.627563855327,1.002813489465));
#334 = CARTESIAN_POINT('',(4.773447022176,1.002813489465));
#335 = CARTESIAN_POINT('',(4.834502963235,1.002620365137));
#336 = CARTESIAN_POINT('',(4.895702701585,1.002234429351));
#337 = CARTESIAN_POINT('',(4.957179130659,1.001703953423));
#338 = CARTESIAN_POINT('',(5.019068390204,1.00112774361));
#339 = CARTESIAN_POINT('',(5.105842256913,1.000474726361));
#340 = CARTESIAN_POINT('',(5.130243400971,1.000307853253));
#341 = CARTESIAN_POINT('',(5.154737953674,1.000166069677));
#342 = CARTESIAN_POINT('',(5.179334186968,1.000059615687));
#343 = CARTESIAN_POINT('',(5.204040240421,1.));
#344 = CARTESIAN_POINT('',(5.228864121232,1.));
#345 = ( GEOMETRIC_REPRESENTATION_CONTEXT(2) 
PARAMETRIC_REPRESENTATION_CONTEXT() REPRESENTATION_CONTEXT('2D SPACE',''
  ) );
#346 = PCURVE('',#97,#347);
#347 = DEFINITIONAL_REPRESENTATION('',(#348),#366);
#348 = B_SPLINE_CURVE_WITH_KNOTS('',6,(#349,#350,#351,#352,#353,#354,
    #355,#356,#357,#358,#359,#360,#361,#362,#363,#364,#365),
  .UNSPECIFIED.,.F.,.F.,(7,5,5,7),(0.,0.499987831601,0.859884476566,1.),
  .UNSPECIFIED.);
#349 = CARTESIAN_POINT('',(0.,3.56789083458));
#350 = CARTESIAN_POINT('',(1.257810998064E-02,3.479295567921));
#351 = CARTESIAN_POINT('',(2.258344256639E-02,3.386887336657));
#352 = CARTESIAN_POINT('',(3.005580701786E-02,3.291835679441));
#353 = CARTESIAN_POINT('',(3.502465975823E-02,3.195104374305));
#354 = CARTESIAN_POINT('',(3.750879462899E-02,3.097548893816));
#355 = CARTESIAN_POINT('',(3.750879462899E-02,2.92978325194));
#356 = CARTESIAN_POINT('',(3.622180123835E-02,2.859568825535));
#357 = CARTESIAN_POINT('',(3.36474934249E-02,2.789660489993));
#358 = CARTESIAN_POINT('',(2.978135921751E-02,2.720376214611));
#359 = CARTESIAN_POINT('',(2.461471305329E-02,2.652055640036));
#360 = CARTESIAN_POINT('',(1.56119094403E-02,2.558987641612));
#361 = CARTESIAN_POINT('',(1.289015498247E-02,2.533111004846));
#362 = CARTESIAN_POINT('',(9.96875068166E-03,2.507460137053));
#363 = CARTESIAN_POINT('',(6.847020933298E-03,2.482059005364));
#364 = CARTESIAN_POINT('',(3.524313597691E-03,2.45693304623));
#365 = CARTESIAN_POINT('',(0.,2.43210916542));
#366 = ( GEOMETRIC_REPRESENTATION_CONTEXT(2) 
PARAMETRIC_REPRESENTATION_CONTEXT() REPRESENTATION_CONTEXT('2D SPACE',''
  ) );
#367 = ORIENTED_EDGE('',*,*,#57,.T.);
#368 = ORIENTED_EDGE('',*,*,#369,.T.);
#369 = EDGE_CURVE('',#22,#370,#372,.T.);
#370 = VERTEX_POINT('',#371);
#371 = CARTESIAN_POINT('',(68.,-9.,84.85));
#372 = SEAM_CURVE('',#373,(#377,#384),.PCURVE_S1.);
#373 = LINE('',#374,#375);
#374 = CARTESIAN_POINT('',(42.,-9.,84.85));
#375 = VECTOR('',#376,1.);
#376 = DIRECTION('',(1.,0.,2.22044604925E-16));
#377 = PCURVE('',#45,#378);
#378 = DEFINITIONAL_REPRESENTATION('',(#379),#383);
#379 = LINE('',#380,#381);
#380 = CARTESIAN_POINT('',(6.28318530718,-0.));
#381 = VECTOR('',#382,1.);
#382 = DIRECTION('',(0.,1.));
#383 = ( GEOMETRIC_REPRESENTATION_CONTEXT(2) 
PARAMETRIC_REPRESENTATION_CONTEXT() REPRESENTATION_CONTEXT('2D SPACE',''
  ) );
#384 = PCURVE('',#45,#385);
#385 = DEFINITIONAL_REPRESENTATION('',(#386),#390);
#386 = LINE('',#387,#388);
#387 = CARTESIAN_POINT('',(0.,-0.));
#388 = VECTOR('',#389,1.);
#389 = DIRECTION('',(0.,1.));
#390 = ( GEOMETRIC_REPRESENTATION_CONTEXT(2) 
PARAMETRIC_REPRESENTATION_CONTEXT() REPRESENTATION_CONTEXT('2D SPACE',''
  ) );
#391 = ORIENTED_EDGE('',*,*,#392,.F.);
#392 = EDGE_CURVE('',#393,#370,#395,.T.);
#393 = VERTEX_POINT('',#394);
#394 = CARTESIAN_POINT('',(68.,-10.,85.43210916542));
#395 = SURFACE_CURVE('',#396,(#401,#408),.PCURVE_S1.);
#396 = CIRCLE('',#397,1.15);
#397 = AXIS2_PLACEMENT_3D('',#398,#399,#400);
#398 = CARTESIAN_POINT('',(68.,-9.,86.));
#399 = DIRECTION('',(1.,0.,2.22044604925E-16));
#400 = DIRECTION('',(2.22044604925E-16,0.,-1.));
#401 = PCURVE('',#45,#402);
#402 = DEFINITIONAL_REPRESENTATION('',(#403),#407);
#403 = LINE('',#404,#405);
#404 = CARTESIAN_POINT('',(0.,26.));
#405 = VECTOR('',#406,1.);
#406 = DIRECTION('',(1.,0.));
#407 = ( GEOMETRIC_REPRESENTATION_CONTEXT(2) 
PARAMETRIC_REPRESENTATION_CONTEXT() REPRESENTATION_CONTEXT('2D SPACE',''
  ) );
#408 = PCURVE('',#409,#414);
#409 = PLANE('',#410);
#410 = AXIS2_PLACEMENT_3D('',#411,#412,#413);
#411 = CARTESIAN_POINT('',(68.,-14.,83.));
#412 = DIRECTION('',(1.,0.,-0.));
#413 = DIRECTION('',(0.,0.,1.));
#414 = DEFINITIONAL_REPRESENTATION('',(#415),#419);
#415 = CIRCLE('',#416,1.15);
#416 = AXIS2_PLACEMENT_2D('',#417,#418);
#417 = CARTESIAN_POINT('',(3.,-5.));
#418 = DIRECTION('',(-1.,0.));
#419 = ( GEOMETRIC_REPRESENTATION_CONTEXT(2) 
PARAMETRIC_REPRESENTATION_CONTEXT() REPRESENTATION_CONTEXT('2D SPACE',''
  ) );
#420 = ORIENTED_EDGE('',*,*,#421,.F.);
#421 = EDGE_CURVE('',#422,#393,#424,.T.);
#422 = VERTEX_POINT('',#423);
#423 = CARTESIAN_POINT('',(68.,-10.,86.56789083458));
#424 = SURFACE_CURVE('',#425,(#443,#464),.PCURVE_S1.);
#425 = B_SPLINE_CURVE_WITH_KNOTS('',6,(#426,#427,#428,#429,#430,#431,
    #432,#433,#434,#435,#436,#437,#438,#439,#440,#441,#442),
  .UNSPECIFIED.,.F.,.F.,(7,5,5,7),(0.,0.499987831622,0.859884476572,1.),
  .UNSPECIFIED.);
#426 = CARTESIAN_POINT('',(68.,-10.,86.56789083458));
#427 = CARTESIAN_POINT('',(68.,-10.05031243992,86.479295567914));
#428 = CARTESIAN_POINT('',(67.999240577048,-10.09033375407,
    86.386887336669));
#429 = CARTESIAN_POINT('',(67.998304360108,-10.12020896602,
    86.291835679442));
#430 = CARTESIAN_POINT('',(67.997559154804,-10.14007046377,
    86.195104374291));
#431 = CARTESIAN_POINT('',(67.997186510535,-10.15,86.097548893825));
#432 = CARTESIAN_POINT('',(67.997186510535,-10.15,85.92978325194));
#433 = CARTESIAN_POINT('',(67.997379634863,-10.1448555728,
    85.859568825535));
#434 = CARTESIAN_POINT('',(67.997765570649,-10.13456579088,
    85.789660489993));
#435 = CARTESIAN_POINT('',(67.998296046577,-10.119110069,85.720376214611
    ));
#436 = CARTESIAN_POINT('',(67.99887225639,-10.09845061431,
    85.652055640036));
#437 = CARTESIAN_POINT('',(67.999525273639,-10.06244532117,
    85.558987641612));
#438 = CARTESIAN_POINT('',(67.999692146747,-10.05155955036,
    85.533111004846));
#439 = CARTESIAN_POINT('',(67.999833930323,-10.03987468813,
    85.507460137053));
#440 = CARTESIAN_POINT('',(67.999940384313,-10.02738807226,
    85.482059005364));
#441 = CARTESIAN_POINT('',(68.,-10.01409725439,85.45693304623));
#442 = CARTESIAN_POINT('',(68.,-10.,85.43210916542));
#443 = PCURVE('',#45,#444);
#444 = DEFINITIONAL_REPRESENTATION('',(#445),#463);
#445 = B_SPLINE_CURVE_WITH_KNOTS('',6,(#446,#447,#448,#449,#450,#451,
    #452,#453,#454,#455,#456,#457,#458,#459,#460,#461,#462),
  .UNSPECIFIED.,.F.,.F.,(7,5,5,7),(0.,0.499987831622,0.859884476572,1.),
  .UNSPECIFIED.);
#446 = CARTESIAN_POINT('',(4.195913839538,26.));
#447 = CARTESIAN_POINT('',(4.284509106204,26.));
#448 = CARTESIAN_POINT('',(4.371568602234,25.999240577048));
#449 = CARTESIAN_POINT('',(4.457520820591,25.998304360108));
#450 = CARTESIAN_POINT('',(4.542732840059,25.997559154804));
#451 = CARTESIAN_POINT('',(4.62756385532,25.997186510535));
#452 = CARTESIAN_POINT('',(4.773447022176,25.997186510535));
#453 = CARTESIAN_POINT('',(4.834502963235,25.997379634863));
#454 = CARTESIAN_POINT('',(4.895702701585,25.997765570649));
#455 = CARTESIAN_POINT('',(4.957179130659,25.998296046577));
#456 = CARTESIAN_POINT('',(5.019068390204,25.99887225639));
#457 = CARTESIAN_POINT('',(5.105842256913,25.999525273639));
#458 = CARTESIAN_POINT('',(5.130243400971,25.999692146747));
#459 = CARTESIAN_POINT('',(5.154737953674,25.999833930323));
#460 = CARTESIAN_POINT('',(5.179334186968,25.999940384313));
#461 = CARTESIAN_POINT('',(5.204040240421,26.));
#462 = CARTESIAN_POINT('',(5.228864121232,26.));
#463 = ( GEOMETRIC_REPRESENTATION_CONTEXT(2) 
PARAMETRIC_REPRESENTATION_CONTEXT() REPRESENTATION_CONTEXT('2D SPACE',''
  ) );
#464 = PCURVE('',#465,#470);
#465 = CYLINDRICAL_SURFACE('',#466,4.);
#466 = AXIS2_PLACEMENT_3D('',#467,#468,#469);
#467 = CARTESIAN_POINT('',(64.,-10.,83.));
#468 = DIRECTION('',(0.,0.,1.));
#469 = DIRECTION('',(1.,0.,-0.));
#470 = DEFINITIONAL_REPRESENTATION('',(#471),#489);
#471 = B_SPLINE_CURVE_WITH_KNOTS('',6,(#472,#473,#474,#475,#476,#477,
    #478,#479,#480,#481,#482,#483,#484,#485,#486,#487,#488),
  .UNSPECIFIED.,.F.,.F.,(7,5,5,7),(0.,0.499987831622,0.859884476572,1.),
  .UNSPECIFIED.);
#472 = CARTESIAN_POINT('',(0.,3.56789083458));
#473 = CARTESIAN_POINT('',(-1.257810998173E-02,3.479295567914));
#474 = CARTESIAN_POINT('',(-2.258344256424E-02,3.386887336669));
#475 = CARTESIAN_POINT('',(-3.005580701947E-02,3.291835679442));
#476 = CARTESIAN_POINT('',(-3.50246597578E-02,3.195104374291));
#477 = CARTESIAN_POINT('',(-3.750879462899E-02,3.097548893825));
#478 = CARTESIAN_POINT('',(-3.750879462899E-02,2.92978325194));
#479 = CARTESIAN_POINT('',(-3.622180123835E-02,2.859568825535));
#480 = CARTESIAN_POINT('',(-3.36474934249E-02,2.789660489993));
#481 = CARTESIAN_POINT('',(-2.978135921751E-02,2.720376214611));
#482 = CARTESIAN_POINT('',(-2.461471305329E-02,2.652055640036));
#483 = CARTESIAN_POINT('',(-1.56119094403E-02,2.558987641612));
#484 = CARTESIAN_POINT('',(-1.289015498247E-02,2.533111004846));
#485 = CARTESIAN_POINT('',(-9.96875068166E-03,2.507460137053));
#486 = CARTESIAN_POINT('',(-6.847020933298E-03,2.482059005364));
#487 = CARTESIAN_POINT('',(-3.524313597691E-03,2.45693304623));
#488 = CARTESIAN_POINT('',(0.,2.43210916542));
#489 = ( GEOMETRIC_REPRESENTATION_CONTEXT(2) 
PARAMETRIC_REPRESENTATION_CONTEXT() REPRESENTATION_CONTEXT('2D SPACE',''
  ) );
#490 = ORIENTED_EDGE('',*,*,#491,.F.);
#491 = EDGE_CURVE('',#370,#422,#492,.T.);
#492 = SURFACE_CURVE('',#493,(#498,#505),.PCURVE_S1.);
#493 = CIRCLE('',#494,1.15);
#494 = AXIS2_PLACEMENT_3D('',#495,#496,#497);
#495 = CARTESIAN_POINT('',(68.,-9.,86.));
#496 = DIRECTION('',(1.,0.,2.22044604925E-16));
#497 = DIRECTION('',(2.22044604925E-16,0.,-1.));
#498 = PCURVE('',#45,#499);
#499 = DEFINITIONAL_REPRESENTATION('',(#500),#504);
#500 = LINE('',#501,#502);
#501 = CARTESIAN_POINT('',(0.,26.));
#502 = VECTOR('',#503,1.);
#503 = DIRECTION('',(1.,0.));
#504 = ( GEOMETRIC_REPRESENTATION_CONTEXT(2) 
PARAMETRIC_REPRESENTATION_CONTEXT() REPRESENTATION_CONTEXT('2D SPACE',''
  ) );
#505 = PCURVE('',#409,#506);
#506 = DEFINITIONAL_REPRESENTATION('',(#507),#511);
#507 = CIRCLE('',#508,1.15);
#508 = AXIS2_PLACEMENT_2D('',#509,#510);
#509 = CARTESIAN_POINT('',(3.,-5.));
#510 = DIRECTION('',(-1.,0.));
#511 = ( GEOMETRIC_REPRESENTATION_CONTEXT(2) 
PARAMETRIC_REPRESENTATION_CONTEXT() REPRESENTATION_CONTEXT('2D SPACE',''
  ) );
#512 = ORIENTED_EDGE('',*,*,#369,.F.);
#513 = ORIENTED_EDGE('',*,*,#21,.T.);
#514 = ORIENTED_EDGE('',*,*,#515,.F.);
#515 = EDGE_CURVE('',#516,#24,#518,.T.);
#516 = VERTEX_POINT('',#517);
#517 = CARTESIAN_POINT('',(43.036367466646,-7.919704311075,
    85.605714285714));
#518 = SURFACE_CURVE('',#519,(#526,#536),.PCURVE_S1.);
#519 = B_SPLINE_CURVE_WITH_KNOTS('',5,(#520,#521,#522,#523,#524,#525),
  .UNSPECIFIED.,.F.,.F.,(6,6),(0.,1.),.PIECEWISE_BEZIER_KNOTS.);
#520 = CARTESIAN_POINT('',(43.036367466647,-7.919704311075,
    85.605714285714));
#521 = CARTESIAN_POINT('',(43.021552248766,-7.934519528955,
    85.565122361059));
#522 = CARTESIAN_POINT('',(43.010543650894,-7.951829346229,
    85.523613920525));
#523 = CARTESIAN_POINT('',(43.003415727866,-7.971734454871,
    85.481861252297));
#524 = CARTESIAN_POINT('',(43.,-7.99416574593,85.440491100132));
#525 = CARTESIAN_POINT('',(43.,-8.018929156483,85.4));
#526 = PCURVE('',#45,#527);
#527 = DEFINITIONAL_REPRESENTATION('',(#528),#535);
#528 = B_SPLINE_CURVE_WITH_KNOTS('',5,(#529,#530,#531,#532,#533,#534),
  .UNSPECIFIED.,.F.,.F.,(6,6),(0.,1.),.PIECEWISE_BEZIER_KNOTS.);
#529 = CARTESIAN_POINT('',(1.220839615552,1.036367466646));
#530 = CARTESIAN_POINT('',(1.183264787594,1.021552248765));
#531 = CARTESIAN_POINT('',(1.144197530841,1.010543650896));
#532 = CARTESIAN_POINT('',(1.104046738256,1.003415727864));
#533 = CARTESIAN_POINT('',(1.063180406073,1.));
#534 = CARTESIAN_POINT('',(1.021908055152,1.));
#535 = ( GEOMETRIC_REPRESENTATION_CONTEXT(2) 
PARAMETRIC_REPRESENTATION_CONTEXT() REPRESENTATION_CONTEXT('2D SPACE',''
  ) );
#536 = PCURVE('',#288,#537);
#537 = DEFINITIONAL_REPRESENTATION('',(#538),#545);
#538 = B_SPLINE_CURVE_WITH_KNOTS('',5,(#539,#540,#541,#542,#543,#544),
  .UNSPECIFIED.,.F.,.F.,(6,6),(0.,1.),.PIECEWISE_BEZIER_KNOTS.);
#539 = CARTESIAN_POINT('',(-0.349956711242,15.769704311075));
#540 = CARTESIAN_POINT('',(-0.27793829099,15.784519528955));
#541 = CARTESIAN_POINT('',(-0.206660863619,15.801829346229));
#542 = CARTESIAN_POINT('',(-0.136436290352,15.821734454871));
#543 = CARTESIAN_POINT('',(-6.748516688744E-02,15.84416574593));
#544 = CARTESIAN_POINT('',(0.,15.868929156482));
#545 = ( GEOMETRIC_REPRESENTATION_CONTEXT(2) 
PARAMETRIC_REPRESENTATION_CONTEXT() REPRESENTATION_CONTEXT('2D SPACE',''
  ) );
#546 = ORIENTED_EDGE('',*,*,#547,.T.);
#547 = EDGE_CURVE('',#516,#548,#550,.T.);
#548 = VERTEX_POINT('',#549);
#549 = CARTESIAN_POINT('',(65.25,-7.919704311075,85.605714285714));
#550 = SURFACE_CURVE('',#551,(#555,#562),.PCURVE_S1.);
#551 = LINE('',#552,#553);
#552 = CARTESIAN_POINT('',(43.,-7.919704311075,85.605714285714));
#553 = VECTOR('',#554,1.);
#554 = DIRECTION('',(1.,0.,2.22044604925E-16));
#555 = PCURVE('',#45,#556);
#556 = DEFINITIONAL_REPRESENTATION('',(#557),#561);
#557 = LINE('',#558,#559);
#558 = CARTESIAN_POINT('',(1.220839615552,1.));
#559 = VECTOR('',#560,1.);
#560 = DIRECTION('',(0.,1.));
#561 = ( GEOMETRIC_REPRESENTATION_CONTEXT(2) 
PARAMETRIC_REPRESENTATION_CONTEXT() REPRESENTATION_CONTEXT('2D SPACE',''
  ) );
#562 = PCURVE('',#563,#568);
#563 = CYLINDRICAL_SURFACE('',#564,0.6);
#564 = AXIS2_PLACEMENT_3D('',#565,#566,#567);
#565 = CARTESIAN_POINT('',(43.,-7.356071777723,85.4));
#566 = DIRECTION('',(1.,0.,2.22044604925E-16));
#567 = DIRECTION('',(-2.22044604925E-16,0.,1.));
#568 = DEFINITIONAL_REPRESENTATION('',(#569),#573);
#569 = LINE('',#570,#571);
#570 = CARTESIAN_POINT('',(1.220839615552,0.));
#571 = VECTOR('',#572,1.);
#572 = DIRECTION('',(0.,1.));
#573 = ( GEOMETRIC_REPRESENTATION_CONTEXT(2) 
PARAMETRIC_REPRESENTATION_CONTEXT() REPRESENTATION_CONTEXT('2D SPACE',''
  ) );
#574 = ORIENTED_EDGE('',*,*,#575,.T.);
#575 = EDGE_CURVE('',#548,#576,#578,.T.);
#576 = VERTEX_POINT('',#577);
#577 = CARTESIAN_POINT('',(66.545675449935,-7.899732459288,
    86.334531521468));
#578 = SURFACE_CURVE('',#579,(#594,#627),.PCURVE_S1.);
#579 = ( BOUNDED_CURVE() B_SPLINE_CURVE(7,(#580,#581,#582,#583,#584,#585
    ,#586,#587,#588,#589,#590,#591,#592,#593),.UNSPECIFIED.,.F.,.F.) 
B_SPLINE_CURVE_WITH_KNOTS((8,6,8),(22.25,22.822192363589,23.204911161418
),.UNSPECIFIED.) CURVE() GEOMETRIC_REPRESENTATION_ITEM() 
RATIONAL_B_SPLINE_CURVE((1.,1.,1.,1.,1.,1.,1.,1.,1.,1.,1.,1.,1.,1.)) 
REPRESENTATION_ITEM('') );
#580 = CARTESIAN_POINT('',(65.25,-7.919704311075,85.605714285714));
#581 = CARTESIAN_POINT('',(65.371089580345,-7.919704311075,
    85.605714285714));
#582 = CARTESIAN_POINT('',(65.492305163413,-7.91672014851,
    85.613937939508));
#583 = CARTESIAN_POINT('',(65.614416842463,-7.910564824928,
    85.630635176229));
#584 = CARTESIAN_POINT('',(65.737371996159,-7.901762214945,
    85.65621587107));
#585 = CARTESIAN_POINT('',(65.862260479793,-7.890331742531,
    85.692470732133));
#586 = CARTESIAN_POINT('',(65.989515787957,-7.876759732929,
    85.743150330248));
#587 = CARTESIAN_POINT('',(66.196181882716,-7.8573970858,85.86122568903)
  );
#588 = CARTESIAN_POINT('',(66.277306159201,-7.850522385127,
    85.917420503436));
#589 = CARTESIAN_POINT('',(66.354475435466,-7.846032033042,
    85.983698241445));
#590 = CARTESIAN_POINT('',(66.425271599778,-7.845358619398,
    86.061517467178));
#591 = CARTESIAN_POINT('',(66.481840264199,-7.853404336199,
    86.15031914351));
#592 = CARTESIAN_POINT('',(66.521667872959,-7.871903116887,
    86.243001366136));
#593 = CARTESIAN_POINT('',(66.545675449935,-7.899732459288,
    86.334531521468));
#594 = PCURVE('',#45,#595);
#595 = DEFINITIONAL_REPRESENTATION('',(#596),#626);
#596 = B_SPLINE_CURVE_WITH_KNOTS('',10,(#597,#598,#599,#600,#601,#602,
    #603,#604,#605,#606,#607,#608,#609,#610,#611,#612,#613,#614,#615,
    #616,#617,#618,#619,#620,#621,#622,#623,#624,#625),.UNSPECIFIED.,.F.
  ,.F.,(11,9,9,11),(22.25,22.727455580709,22.966183371063,
    23.204911161418),.UNSPECIFIED.);
#597 = CARTESIAN_POINT('',(1.220839615552,23.25));
#598 = CARTESIAN_POINT('',(1.220839615552,23.320728708921));
#599 = CARTESIAN_POINT('',(1.223315670811,23.391497821169));
#600 = CARTESIAN_POINT('',(1.228300473339,23.462439269832));
#601 = CARTESIAN_POINT('',(1.235836525386,23.533616552212));
#602 = CARTESIAN_POINT('',(1.246007026211,23.605092578156));
#603 = CARTESIAN_POINT('',(1.258962176364,23.67695450448));
#604 = CARTESIAN_POINT('',(1.274940899468,23.749295555596));
#605 = CARTESIAN_POINT('',(1.294287981498,23.822153830213));
#606 = CARTESIAN_POINT('',(1.31746662757,23.895408094238));
#607 = CARTESIAN_POINT('',(1.358866340554,24.005241792542));
#608 = CARTESIAN_POINT('',(1.373762531688,24.041830277256));
#609 = CARTESIAN_POINT('',(1.389909213335,24.078480661177));
#610 = CARTESIAN_POINT('',(1.407055258801,24.114525282916));
#611 = CARTESIAN_POINT('',(1.426091704446,24.151375823504));
#612 = CARTESIAN_POINT('',(1.445960844747,24.186587988442));
#613 = CARTESIAN_POINT('',(1.467720633047,24.222068054676));
#614 = CARTESIAN_POINT('',(1.490876771767,24.256352334744));
#615 = CARTESIAN_POINT('',(1.515674531945,24.289655765187));
#616 = CARTESIAN_POINT('',(1.568431324139,24.353479288385));
#617 = CARTESIAN_POINT('',(1.596396939235,24.38401073897));
#618 = CARTESIAN_POINT('',(1.62593609409,24.412876481869));
#619 = CARTESIAN_POINT('',(1.656998844689,24.43975581107));
#620 = CARTESIAN_POINT('',(1.68948210808,24.464333433636));
#621 = CARTESIAN_POINT('',(1.723223303483,24.486333072041));
#622 = CARTESIAN_POINT('',(1.758004508662,24.505543947004));
#623 = CARTESIAN_POINT('',(1.793567131558,24.521840140102));
#624 = CARTESIAN_POINT('',(1.829637097201,24.535192836892));
#625 = CARTESIAN_POINT('',(1.865960549867,24.545675449935));
#626 = ( GEOMETRIC_REPRESENTATION_CONTEXT(2) 
PARAMETRIC_REPRESENTATION_CONTEXT() REPRESENTATION_CONTEXT('2D SPACE',''
  ) );
#627 = PCURVE('',#628,#671);
#628 = ( BOUNDED_SURFACE() B_SPLINE_SURFACE(2,7,(
    (#629,#630,#631,#632,#633,#634,#635,#636,#637,#638,#639,#640,#641
      ,#642)
    ,(#643,#644,#645,#646,#647,#648,#649,#650,#651,#652,#653,#654,#655
      ,#656)
    ,(#657,#658,#659,#660,#661,#662,#663,#664,#665,#666,#667,#668,#669
,#670
    )),.UNSPECIFIED.,.F.,.F.,.F.) B_SPLINE_SURFACE_WITH_KNOTS((3,3),(8,6
    ,8),(0.,0.954911161418),(22.25,22.822192363589,23.204911161418),
.UNSPECIFIED.) GEOMETRIC_REPRESENTATION_ITEM() RATIONAL_B_SPLINE_SURFACE
((
    (1.,1.,1.,1.,1.,1.,1.,1.,1.,1.,1.,1.,1.,1.)
    ,(0.819407451411,0.819407451411,0.816018015324,0.809168494578
      ,0.799005500595,0.785428079198,0.76891985057,0.74181460454
      ,0.731092365983,0.721565872863,0.714408553338,0.712599323766
      ,0.716068992306,0.723749755849)
,(1.,1.,1.,1.,1.,1.,1.,1.,1.,1.,1.,1.,1.,1.
))) REPRESENTATION_ITEM('') SURFACE() );
#629 = CARTESIAN_POINT('',(65.25,-7.356071777723,86.));
#630 = CARTESIAN_POINT('',(65.329365489045,-7.356071777723,86.));
#631 = CARTESIAN_POINT('',(65.408854474633,-7.350598381386,
    86.009714005996));
#632 = CARTESIAN_POINT('',(65.488874232524,-7.339700427007,
    86.029632550856));
#633 = CARTESIAN_POINT('',(65.569817068051,-7.324072841347,
    86.060017385989));
#634 = CARTESIAN_POINT('',(65.651986353232,-7.305323202067,
    86.103967196626));
#635 = CARTESIAN_POINT('',(65.733681106385,-7.287570207912,
    86.16629846173));
#636 = CARTESIAN_POINT('',(65.856773180709,-7.275560811093,
    86.303050168406));
#637 = CARTESIAN_POINT('',(65.902515196319,-7.275458608062,
    86.366547166148));
#638 = CARTESIAN_POINT('',(65.94230515406,-7.282851767608,
    86.438346181107));
#639 = CARTESIAN_POINT('',(65.973580895582,-7.300880900985,86.518288649)
  );
#640 = CARTESIAN_POINT('',(65.991985033582,-7.334133169835,
    86.600272291005));
#641 = CARTESIAN_POINT('',(66.,-7.380177772505,86.678345811258));
#642 = CARTESIAN_POINT('',(66.,-7.435693123033,86.75));
#643 = CARTESIAN_POINT('',(65.25,-7.775798132347,86.));
#644 = CARTESIAN_POINT('',(65.329365750035,-7.775798132347,86.));
#645 = CARTESIAN_POINT('',(65.409538196692,-7.775615598265,
    86.009875588483));
#646 = CARTESIAN_POINT('',(65.488805173469,-7.775372261451,
    86.029743322457));
#647 = CARTESIAN_POINT('',(65.565881510173,-7.77559423715,
    86.059945209215));
#648 = CARTESIAN_POINT('',(65.638679779003,-7.778164950516,
    86.09990494124));
#649 = CARTESIAN_POINT('',(65.705174097771,-7.7860466329,86.148005288972
    ));
#650 = CARTESIAN_POINT('',(65.807882329568,-7.812235303435,
    86.239459340022));
#651 = CARTESIAN_POINT('',(65.847094529839,-7.826576447444,
    86.279730468052));
#652 = CARTESIAN_POINT('',(65.883166502136,-7.844992323466,
    86.321839840845));
#653 = CARTESIAN_POINT('',(65.915942752346,-7.867911492925,
    86.364185814263));
#654 = CARTESIAN_POINT('',(65.947203157715,-7.893062537536,
    86.406654610568));
#655 = CARTESIAN_POINT('',(65.975750433101,-7.920252889228,
    86.451671983338));
#656 = CARTESIAN_POINT('',(66.,-7.94970034618,86.498874910647));
#657 = CARTESIAN_POINT('',(65.25,-7.919704311075,85.605714285714));
#658 = CARTESIAN_POINT('',(65.371089580345,-7.919704311075,
    85.605714285714));
#659 = CARTESIAN_POINT('',(65.492305163413,-7.91672014851,
    85.613937939508));
#660 = CARTESIAN_POINT('',(65.614416842463,-7.910564824928,
    85.630635176229));
#661 = CARTESIAN_POINT('',(65.737371996159,-7.901762214945,
    85.65621587107));
#662 = CARTESIAN_POINT('',(65.862260479793,-7.890331742531,
    85.692470732133));
#663 = CARTESIAN_POINT('',(65.989515787957,-7.876759732929,
    85.743150330248));
#664 = CARTESIAN_POINT('',(66.196181882716,-7.8573970858,85.86122568903)
  );
#665 = CARTESIAN_POINT('',(66.277306159201,-7.850522385127,
    85.917420503436));
#666 = CARTESIAN_POINT('',(66.354475435466,-7.846032033042,
    85.983698241445));
#667 = CARTESIAN_POINT('',(66.425271599778,-7.845358619398,
    86.061517467178));
#668 = CARTESIAN_POINT('',(66.481840264199,-7.853404336199,
    86.15031914351));
#669 = CARTESIAN_POINT('',(66.521667872959,-7.871903116887,
    86.243001366136));
#670 = CARTESIAN_POINT('',(66.545675449935,-7.899732459288,
    86.334531521468));
#671 = DEFINITIONAL_REPRESENTATION('',(#672),#676);
#672 = LINE('',#673,#674);
#673 = CARTESIAN_POINT('',(0.954911161418,0.));
#674 = VECTOR('',#675,1.);
#675 = DIRECTION('',(0.,1.));
#676 = ( GEOMETRIC_REPRESENTATION_CONTEXT(2) 
PARAMETRIC_REPRESENTATION_CONTEXT() REPRESENTATION_CONTEXT('2D SPACE',''
  ) );
#677 = ORIENTED_EDGE('',*,*,#678,.T.);
#678 = EDGE_CURVE('',#576,#679,#681,.T.);
#679 = VERTEX_POINT('',#680);
#680 = CARTESIAN_POINT('',(66.6,-8.128220211292,86.75));
#681 = SURFACE_CURVE('',#682,(#689,#699),.PCURVE_S1.);
#682 = ( BOUNDED_CURVE() B_SPLINE_CURVE(5,(#683,#684,#685,#686,#687,#688
),.UNSPECIFIED.,.F.,.F.) B_SPLINE_CURVE_WITH_KNOTS((6,6),(
23.204911161418,23.492084813712),.PIECEWISE_BEZIER_KNOTS.) CURVE() 
GEOMETRIC_REPRESENTATION_ITEM() RATIONAL_B_SPLINE_CURVE((1.,1.,1.,1.,1.,
1.)) REPRESENTATION_ITEM('') );
#683 = CARTESIAN_POINT('',(66.545675449935,-7.899732459288,
    86.334531521468));
#684 = CARTESIAN_POINT('',(66.570895222372,-7.928966966506,
    86.43068323602));
#685 = CARTESIAN_POINT('',(66.587924941514,-7.96832718216,
    86.522438027134));
#686 = CARTESIAN_POINT('',(66.596696437883,-8.016503128449,
    86.607130517273));
#687 = CARTESIAN_POINT('',(66.6,-8.070544109621,86.682958853696));
#688 = CARTESIAN_POINT('',(66.6,-8.128220211292,86.75));
#689 = PCURVE('',#45,#690);
#690 = DEFINITIONAL_REPRESENTATION('',(#691),#698);
#691 = B_SPLINE_CURVE_WITH_KNOTS('',5,(#692,#693,#694,#695,#696,#697),
  .UNSPECIFIED.,.F.,.F.,(6,6),(23.204911161418,23.492084813712),
  .PIECEWISE_BEZIER_KNOTS.);
#692 = CARTESIAN_POINT('',(1.865960549867,24.545675449935));
#693 = CARTESIAN_POINT('',(1.953349944713,24.570895222372));
#694 = CARTESIAN_POINT('',(2.039634759295,24.587925136036));
#695 = CARTESIAN_POINT('',(2.123705562044,24.596696253944));
#696 = CARTESIAN_POINT('',(2.204343466454,24.6));
#697 = CARTESIAN_POINT('',(2.281244935348,24.6));
#698 = ( GEOMETRIC_REPRESENTATION_CONTEXT(2) 
PARAMETRIC_REPRESENTATION_CONTEXT() REPRESENTATION_CONTEXT('2D SPACE',''
  ) );
#699 = PCURVE('',#700,#719);
#700 = ( BOUNDED_SURFACE() B_SPLINE_SURFACE(2,5,(
    (#701,#702,#703,#704,#705,#706)
    ,(#707,#708,#709,#710,#711,#712)
    ,(#713,#714,#715,#716,#717,#718
)),.UNSPECIFIED.,.F.,.F.,.F.) B_SPLINE_SURFACE_WITH_KNOTS((3,3),(6,6),(
    0.,0.287173652294),(23.204911161418,23.492084813712),
.PIECEWISE_BEZIER_KNOTS.) GEOMETRIC_REPRESENTATION_ITEM() 
RATIONAL_B_SPLINE_SURFACE((
    (1.,1.,1.,1.,1.,1.)
    ,(0.723749755849,0.715900130592,0.710741014756,0.70810051362
      ,0.707106781187,0.707106781187)
,(1.,1.,1.,1.,1.,1.))) REPRESENTATION_ITEM('') SURFACE() );
#701 = CARTESIAN_POINT('',(66.,-7.435693123033,86.75));
#702 = CARTESIAN_POINT('',(66.,-7.46913989743,86.837423552224));
#703 = CARTESIAN_POINT('',(66.,-7.510455162269,86.919442108376));
#704 = CARTESIAN_POINT('',(66.,-7.558648008638,86.997342750485));
#705 = CARTESIAN_POINT('',(66.,-7.613251619202,87.071414386129));
#706 = CARTESIAN_POINT('',(66.,-7.673378582401,87.141304347826));
#707 = CARTESIAN_POINT('',(66.,-7.94970034618,86.498874910647));
#708 = CARTESIAN_POINT('',(66.,-7.982975187367,86.556146830362));
#709 = CARTESIAN_POINT('',(66.,-8.017187731247,86.60750596097));
#710 = CARTESIAN_POINT('',(66.,-8.051863513138,86.656423617979));
#711 = CARTESIAN_POINT('',(66.,-8.088708493447,86.704072643954));
#712 = CARTESIAN_POINT('',(66.,-8.128220211292,86.75));
#713 = CARTESIAN_POINT('',(66.545675449935,-7.899732459288,
    86.334531521468));
#714 = CARTESIAN_POINT('',(66.570895222372,-7.928966966506,
    86.43068323602));
#715 = CARTESIAN_POINT('',(66.587924941514,-7.96832718216,
    86.522438027134));
#716 = CARTESIAN_POINT('',(66.596696437883,-8.016503128449,
    86.607130517273));
#717 = CARTESIAN_POINT('',(66.6,-8.070544109621,86.682958853696));
#718 = CARTESIAN_POINT('',(66.6,-8.128220211292,86.75));
#719 = DEFINITIONAL_REPRESENTATION('',(#720),#724);
#720 = LINE('',#721,#722);
#721 = CARTESIAN_POINT('',(0.287173652294,0.));
#722 = VECTOR('',#723,1.);
#723 = DIRECTION('',(0.,1.));
#724 = ( GEOMETRIC_REPRESENTATION_CONTEXT(2) 
PARAMETRIC_REPRESENTATION_CONTEXT() REPRESENTATION_CONTEXT('2D SPACE',''
  ) );
#725 = ORIENTED_EDGE('',*,*,#726,.T.);
#726 = EDGE_CURVE('',#679,#727,#729,.T.);
#727 = VERTEX_POINT('',#728);
#728 = CARTESIAN_POINT('',(66.6,-9.,87.15));
#729 = SURFACE_CURVE('',#730,(#735,#742),.PCURVE_S1.);
#730 = CIRCLE('',#731,1.15);
#731 = AXIS2_PLACEMENT_3D('',#732,#733,#734);
#732 = CARTESIAN_POINT('',(66.6,-9.,86.));
#733 = DIRECTION('',(1.,0.,-0.));
#734 = DIRECTION('',(0.,0.758069381485,0.652173913043));
#735 = PCURVE('',#45,#736);
#736 = DEFINITIONAL_REPRESENTATION('',(#737),#741);
#737 = LINE('',#738,#739);
#738 = CARTESIAN_POINT('',(2.281244935348,24.6));
#739 = VECTOR('',#740,1.);
#740 = DIRECTION('',(1.,0.));
#741 = ( GEOMETRIC_REPRESENTATION_CONTEXT(2) 
PARAMETRIC_REPRESENTATION_CONTEXT() REPRESENTATION_CONTEXT('2D SPACE',''
  ) );
#742 = PCURVE('',#743,#748);
#743 = TOROIDAL_SURFACE('',#744,1.75,0.6);
#744 = AXIS2_PLACEMENT_3D('',#745,#746,#747);
#745 = CARTESIAN_POINT('',(66.6,-9.,86.));
#746 = DIRECTION('',(-1.,-0.,0.));
#747 = DIRECTION('',(0.,0.758069381485,0.652173913043));
#748 = DEFINITIONAL_REPRESENTATION('',(#749),#753);
#749 = LINE('',#750,#751);
#750 = CARTESIAN_POINT('',(-0.,3.14159265359));
#751 = VECTOR('',#752,1.);
#752 = DIRECTION('',(-1.,0.));
#753 = ( GEOMETRIC_REPRESENTATION_CONTEXT(2) 
PARAMETRIC_REPRESENTATION_CONTEXT() REPRESENTATION_CONTEXT('2D SPACE',''
  ) );
#754 = ORIENTED_EDGE('',*,*,#755,.T.);
#755 = EDGE_CURVE('',#727,#756,#758,.T.);
#756 = VERTEX_POINT('',#757);
#757 = CARTESIAN_POINT('',(65.825794051243,-10.06307981941,
    86.438590124788));
#758 = SURFACE_CURVE('',#759,(#777,#823),.PCURVE_S1.);
#759 = ( BOUNDED_CURVE() B_SPLINE_CURVE(6,(#760,#761,#762,#763,#764,#765
    ,#766,#767,#768,#769,#770,#771,#772,#773,#774,#775,#776),
.UNSPECIFIED.,.F.,.F.) B_SPLINE_CURVE_WITH_KNOTS((7,5,5,7),(
    24.48148468969,24.972521055626,25.49728699011,25.741990586019),
.UNSPECIFIED.) CURVE() GEOMETRIC_REPRESENTATION_ITEM() 
RATIONAL_B_SPLINE_CURVE((1.,1.,1.,1.,1.,1.,1.,1.,1.,1.,1.,1.,1.,1.,1.,1.
,1.)) REPRESENTATION_ITEM('') );
#760 = CARTESIAN_POINT('',(66.6,-9.,87.15));
#761 = CARTESIAN_POINT('',(66.6,-9.120856406457,87.15));
#762 = CARTESIAN_POINT('',(66.581385687117,-9.241056559849,
    87.134810311095));
#763 = CARTESIAN_POINT('',(66.544089744451,-9.353524080437,
    87.104377429294));
#764 = CARTESIAN_POINT('',(66.495510282284,-9.452096555366,
    87.064741173141));
#765 = CARTESIAN_POINT('',(66.441151763509,-9.538732710934,
    87.019947624536));
#766 = CARTESIAN_POINT('',(66.323057058293,-9.695390292982,
    86.920922871265));
#767 = CARTESIAN_POINT('',(66.258929339816,-9.763936022178,
    86.866290100861));
#768 = CARTESIAN_POINT('',(66.195821347632,-9.821906734424,
    86.810770085269));
#769 = CARTESIAN_POINT('',(66.135058544205,-9.87143233098,
    86.755770268529));
#770 = CARTESIAN_POINT('',(66.075672824317,-9.916163199098,
    86.699159099565));
#771 = CARTESIAN_POINT('',(65.984905074238,-9.977309305253,
    86.60712541809));
#772 = CARTESIAN_POINT('',(65.953535353419,-9.997394662799,
    86.574540533021));
#773 = CARTESIAN_POINT('',(65.921432553358,-10.01617524848,
    86.540903674914));
#774 = CARTESIAN_POINT('',(65.889330300677,-10.03325076316,
    86.507054877165));
#775 = CARTESIAN_POINT('',(65.857411336341,-10.04887737914,
    86.47301481149));
#776 = CARTESIAN_POINT('',(65.825794051243,-10.06307981941,
    86.438590124788));
#777 = PCURVE('',#45,#778);
#778 = DEFINITIONAL_REPRESENTATION('',(#779),#822);
#779 = B_SPLINE_CURVE_WITH_KNOTS('',9,(#780,#781,#782,#783,#784,#785,
    #786,#787,#788,#789,#790,#791,#792,#793,#794,#795,#796,#797,#798,
    #799,#800,#801,#802,#803,#804,#805,#806,#807,#808,#809,#810,#811,
    #812,#813,#814,#815,#816,#817,#818,#819,#820,#821),.UNSPECIFIED.,.F.
  ,.F.,(10,8,8,8,8,10),(24.48148468969,25.111737637854,25.426864111936,
    25.505645730457,25.584427348977,25.741990586019),.UNSPECIFIED.);
#780 = CARTESIAN_POINT('',(3.14159265359,24.6));
#781 = CARTESIAN_POINT('',(3.23151793515,24.6));
#782 = CARTESIAN_POINT('',(3.321060143301,24.587237173112));
#783 = CARTESIAN_POINT('',(3.408093265691,24.561559696536));
#784 = CARTESIAN_POINT('',(3.491126229824,24.525793905526));
#785 = CARTESIAN_POINT('',(3.568314254661,24.482141832948));
#786 = CARTESIAN_POINT('',(3.640524992993,24.435199021558));
#787 = CARTESIAN_POINT('',(3.707873259033,24.385545896273));
#788 = CARTESIAN_POINT('',(3.770955011247,24.33524222425));
#789 = CARTESIAN_POINT('',(3.860046350878,24.259882030796));
#790 = CARTESIAN_POINT('',(3.888826377107,24.234779221058));
#791 = CARTESIAN_POINT('',(3.916763509342,24.209796657069));
#792 = CARTESIAN_POINT('',(3.943955390247,24.184996965505));
#793 = CARTESIAN_POINT('',(3.970523112162,24.160402408707));
#794 = CARTESIAN_POINT('',(3.996611217108,24.135994884686));
#795 = CARTESIAN_POINT('',(4.022387696779,24.111715927126));
#796 = CARTESIAN_POINT('',(4.048043992551,24.087466705375));
#797 = CARTESIAN_POINT('',(4.080232746204,24.057018354228));
#798 = CARTESIAN_POINT('',(4.086687644577,24.050911157279));
#799 = CARTESIAN_POINT('',(4.093079221604,24.044863530547));
#800 = CARTESIAN_POINT('',(4.099700496438,24.038599403561));
#801 = CARTESIAN_POINT('',(4.105951407736,24.032685581061));
#802 = CARTESIAN_POINT('',(4.112658743593,24.026345292122));
#803 = CARTESIAN_POINT('',(4.119096852565,24.020256788342));
#804 = CARTESIAN_POINT('',(4.125621884596,24.014095077497));
#805 = CARTESIAN_POINT('',(4.138924571159,24.001529197444));
#806 = CARTESIAN_POINT('',(4.145678338303,23.995148356367));
#807 = CARTESIAN_POINT('',(4.152516401892,23.988682648479));
#808 = CARTESIAN_POINT('',(4.159422479576,23.982144013586));
#809 = CARTESIAN_POINT('',(4.16638213408,23.97554329706));
#810 = CARTESIAN_POINT('',(4.173382773191,23.968890249845));
#811 = CARTESIAN_POINT('',(4.180413649771,23.96219352845));
#812 = CARTESIAN_POINT('',(4.187465861748,23.955460694953));
#813 = CARTESIAN_POINT('',(4.208665332859,23.935173261093));
#814 = CARTESIAN_POINT('',(4.222854299921,23.921530411141));
#815 = CARTESIAN_POINT('',(4.237039465559,23.907823221428));
#816 = CARTESIAN_POINT('',(4.251184311742,23.894091453767));
#817 = CARTESIAN_POINT('',(4.265271168509,23.880363489515));
#818 = CARTESIAN_POINT('',(4.279296792333,23.866658741607));
#819 = CARTESIAN_POINT('',(4.293267944471,23.852990066562));
#820 = CARTESIAN_POINT('',(4.30719696933,23.83936617652));
#821 = CARTESIAN_POINT('',(4.321097372817,23.825794051253));
#822 = ( GEOMETRIC_REPRESENTATION_CONTEXT(2) 
PARAMETRIC_REPRESENTATION_CONTEXT() REPRESENTATION_CONTEXT('2D SPACE',''
  ) );
#823 = PCURVE('',#824,#876);
#824 = ( BOUNDED_SURFACE() B_SPLINE_SURFACE(2,6,(
    (#825,#826,#827,#828,#829,#830,#831,#832,#833,#834,#835,#836,#837
      ,#838,#839,#840,#841)
    ,(#842,#843,#844,#845,#846,#847,#848,#849,#850,#851,#852,#853,#854
      ,#855,#856,#857,#858)
    ,(#859,#860,#861,#862,#863,#864,#865,#866,#867,#868,#869,#870,#871
      ,#872,#873,#874,#875
)),.UNSPECIFIED.,.F.,.F.,.F.) B_SPLINE_SURFACE_WITH_KNOTS((3,3),(7,5,5,7
    ),(0.,1.260505896329),(24.48148468969,24.972521055626,25.49728699011
,25.741990586019),.UNSPECIFIED.) GEOMETRIC_REPRESENTATION_ITEM() 
RATIONAL_B_SPLINE_SURFACE((
    (1.,1.,1.,1.,1.,1.,1.,1.,1.,1.,1.,1.,1.,1.,1.,1.,1.)
    ,(0.707106781187,0.707106781187,0.714116499117,0.728237857814
      ,0.745872942857,0.764584263619,0.803102595799,0.822896982045
      ,0.840912156342,0.857395594871,0.872412871032,0.892969012094
      ,0.899484292552,0.905851925044,0.912052744948,0.918115234054
      ,0.924056584227)
    ,(1.,1.,1.,1.,1.,1.,1.,1.,1.,1.,1.,1.,1.,1.,1.,1.,1.
))) REPRESENTATION_ITEM('') SURFACE() );
#825 = CARTESIAN_POINT('',(66.,-9.,87.75));
#826 = CARTESIAN_POINT('',(66.,-9.131364170716,87.75));
#827 = CARTESIAN_POINT('',(65.986249539036,-9.262021462169,
    87.727532221628));
#828 = CARTESIAN_POINT('',(65.958638986727,-9.384309697854,
    87.682526580887));
#829 = CARTESIAN_POINT('',(65.923259950774,-9.491378581083,
    87.623252368144));
#830 = CARTESIAN_POINT('',(65.884053343297,-9.585521328879,
    87.555722381941));
#831 = CARTESIAN_POINT('',(65.799451518044,-9.755687632149,
    87.405742840232));
#832 = CARTESIAN_POINT('',(65.753830967327,-9.830073007614,
    87.322571339241));
#833 = CARTESIAN_POINT('',(65.709151749846,-9.893035741652,
    87.238359596763));
#834 = CARTESIAN_POINT('',(65.664990190336,-9.948561983489,
    87.152077434999));
#835 = CARTESIAN_POINT('',(65.622487798485,-9.996550340916,
    87.064549249436));
#836 = CARTESIAN_POINT('',(65.566139347769,-10.05547103667,
    86.939646483487));
#837 = CARTESIAN_POINT('',(65.549901593255,-10.07167733702,
    86.901703772147));
#838 = CARTESIAN_POINT('',(65.534785661806,-10.08624723578,
    86.864430634286));
#839 = CARTESIAN_POINT('',(65.520527100101,-10.09958175611,
    86.827071604657));
#840 = CARTESIAN_POINT('',(65.507052070719,-10.11181515986,
    86.789084437109));
#841 = CARTESIAN_POINT('',(65.494372291953,-10.12304218308,86.75));
#842 = CARTESIAN_POINT('',(66.,-9.,87.15));
#843 = CARTESIAN_POINT('',(66.,-9.086325096945,87.15));
#844 = CARTESIAN_POINT('',(65.995667102456,-9.170405174654,
    87.143493362475));
#845 = CARTESIAN_POINT('',(65.987616029703,-9.253567162101,
    87.131283774752));
#846 = CARTESIAN_POINT('',(65.973507276147,-9.337428756345,
    87.110917245278));
#847 = CARTESIAN_POINT('',(65.953779357402,-9.417923637619,
    87.082855301681));
#848 = CARTESIAN_POINT('',(65.90493744174,-9.571344639448,
    87.013024813907));
#849 = CARTESIAN_POINT('',(65.875575014691,-9.644304766197,
    86.970896405403));
#850 = CARTESIAN_POINT('',(65.842294743711,-9.711998081328,
    86.922573674752));
#851 = CARTESIAN_POINT('',(65.80695575605,-9.773910628693,
    86.869194525168));
#852 = CARTESIAN_POINT('',(65.770245994154,-9.830356695606,
    86.81174881975));
#853 = CARTESIAN_POINT('',(65.715063530835,-9.905074510748,
    86.723394140809));
#854 = CARTESIAN_POINT('',(65.697121191946,-9.927612134221,
    86.695258226096));
#855 = CARTESIAN_POINT('',(65.678977600416,-9.949100666831,
    86.666403725951));
#856 = CARTESIAN_POINT('',(65.66083510977,-9.969540707905,
    86.636625443656));
#857 = CARTESIAN_POINT('',(65.642767326202,-9.989004150303,
    86.60568926422));
#858 = CARTESIAN_POINT('',(65.624844945852,-10.00751812366,
    86.573263739499));
#859 = CARTESIAN_POINT('',(66.6,-9.,87.15));
#860 = CARTESIAN_POINT('',(66.6,-9.120856406457,87.15));
#861 = CARTESIAN_POINT('',(66.581385687117,-9.241056559849,
    87.134810311095));
#862 = CARTESIAN_POINT('',(66.544089744451,-9.353524080437,
    87.104377429294));
#863 = CARTESIAN_POINT('',(66.495510282284,-9.452096555366,
    87.064741173141));
#864 = CARTESIAN_POINT('',(66.441151763509,-9.538732710934,
    87.019947624536));
#865 = CARTESIAN_POINT('',(66.323057058293,-9.695390292982,
    86.920922871265));
#866 = CARTESIAN_POINT('',(66.258929339816,-9.763936022178,
    86.866290100861));
#867 = CARTESIAN_POINT('',(66.195821347632,-9.821906734424,
    86.810770085269));
#868 = CARTESIAN_POINT('',(66.135058544205,-9.87143233098,
    86.755770268529));
#869 = CARTESIAN_POINT('',(66.075672824317,-9.916163199098,
    86.699159099565));
#870 = CARTESIAN_POINT('',(65.984905074238,-9.977309305253,
    86.60712541809));
#871 = CARTESIAN_POINT('',(65.953535353419,-9.997394662799,
    86.574540533021));
#872 = CARTESIAN_POINT('',(65.921432553358,-10.01617524848,
    86.540903674914));
#873 = CARTESIAN_POINT('',(65.889330300677,-10.03325076316,
    86.507054877165));
#874 = CARTESIAN_POINT('',(65.857411336341,-10.04887737914,
    86.47301481149));
#875 = CARTESIAN_POINT('',(65.825794051243,-10.06307981941,
    86.438590124788));
#876 = DEFINITIONAL_REPRESENTATION('',(#877),#881);
#877 = LINE('',#878,#879);
#878 = CARTESIAN_POINT('',(1.260505896329,0.));
#879 = VECTOR('',#880,1.);
#880 = DIRECTION('',(0.,1.));
#881 = ( GEOMETRIC_REPRESENTATION_CONTEXT(2) 
PARAMETRIC_REPRESENTATION_CONTEXT() REPRESENTATION_CONTEXT('2D SPACE',''
  ) );
#882 = ORIENTED_EDGE('',*,*,#883,.T.);
#883 = EDGE_CURVE('',#756,#884,#886,.T.);
#884 = VERTEX_POINT('',#885);
#885 = CARTESIAN_POINT('',(64.504098621184,-10.14484776357,
    85.891263629617));
#886 = SURFACE_CURVE('',#887,(#903,#929),.PCURVE_S1.);
#887 = ( BOUNDED_CURVE() B_SPLINE_CURVE(14,(#888,#889,#890,#891,#892,
    #893,#894,#895,#896,#897,#898,#899,#900,#901,#902),.UNSPECIFIED.,.F.
,.F.) B_SPLINE_CURVE_WITH_KNOTS((15,15),(25.741990586023,27.02724771851)
,.PIECEWISE_BEZIER_KNOTS.) CURVE() GEOMETRIC_REPRESENTATION_ITEM() 
RATIONAL_B_SPLINE_CURVE((1.,1.,0.999999999999,1.000000000002,
    0.999999999996,1.000000000007,0.999999999991,1.00000000001,
    0.999999999991,1.000000000007,0.999999999996,1.000000000002,
0.999999999999,1.,1.)) REPRESENTATION_ITEM('') );
#888 = CARTESIAN_POINT('',(65.82579405125,-10.06307981941,
    86.438590124785));
#889 = CARTESIAN_POINT('',(65.754623970066,-10.0950493204,
    86.361100620531));
#890 = CARTESIAN_POINT('',(65.676688650348,-10.11838054874,
    86.287322350439));
#891 = CARTESIAN_POINT('',(65.593272598714,-10.13427669844,
    86.218536527429));
#892 = CARTESIAN_POINT('',(65.502988600092,-10.14445182115,
    86.156684376911));
#893 = CARTESIAN_POINT('',(65.414947679214,-10.14951185151,
    86.098615419287));
#894 = CARTESIAN_POINT('',(65.30633200737,-10.15251347001,
    86.054810028415));
#895 = CARTESIAN_POINT('',(65.231900367602,-10.1516553478,86.00486150533
    ));
#896 = CARTESIAN_POINT('',(65.092306900085,-10.15166345693,
    85.979571243211));
#897 = CARTESIAN_POINT('',(65.036630010902,-10.14913155367,
    85.942337173411));
#898 = CARTESIAN_POINT('',(64.893701621296,-10.14806828997,
    85.926245908357));
#899 = CARTESIAN_POINT('',(64.814972428364,-10.14631725402,
    85.90675218285));
#900 = CARTESIAN_POINT('',(64.708184387807,-10.14538871385,
    85.896958315311));
#901 = CARTESIAN_POINT('',(64.596324515735,-10.14484812692,
    85.891267455218));
#902 = CARTESIAN_POINT('',(64.504098621184,-10.14484776357,
    85.891263629617));
#903 = PCURVE('',#45,#904);
#904 = DEFINITIONAL_REPRESENTATION('',(#905),#928);
#905 = B_SPLINE_CURVE_WITH_KNOTS('',11,(#906,#907,#908,#909,#910,#911,
    #912,#913,#914,#915,#916,#917,#918,#919,#920,#921,#922,#923,#924,
    #925,#926,#927),.UNSPECIFIED.,.F.,.F.,(12,10,12),(25.741990586023,
    26.384619152266,27.02724771851),.UNSPECIFIED.);
#906 = CARTESIAN_POINT('',(4.321097372821,23.825794051249));
#907 = CARTESIAN_POINT('',(4.36748288575,23.780503999589));
#908 = CARTESIAN_POINT('',(4.411449492595,23.732417357228));
#909 = CARTESIAN_POINT('',(4.452955416959,23.681869555376));
#910 = CARTESIAN_POINT('',(4.491856859955,23.628807986221));
#911 = CARTESIAN_POINT('',(4.528356058836,23.57400247188));
#912 = CARTESIAN_POINT('',(4.562141852813,23.516973050684));
#913 = CARTESIAN_POINT('',(4.593475112691,23.458624753359));
#914 = CARTESIAN_POINT('',(4.622239769227,23.398684398513));
#915 = CARTESIAN_POINT('',(4.648519625319,23.337585296129));
#916 = CARTESIAN_POINT('',(4.672337492601,23.27548115254));
#917 = CARTESIAN_POINT('',(4.715162325783,23.149690717055));
#918 = CARTESIAN_POINT('',(4.734169682788,23.086007626327));
#919 = CARTESIAN_POINT('',(4.750816860524,23.021689478474));
#920 = CARTESIAN_POINT('',(4.76520391162,22.957126942073));
#921 = CARTESIAN_POINT('',(4.7772897975,22.891772284956));
#922 = CARTESIAN_POINT('',(4.787397665468,22.827250937012));
#923 = CARTESIAN_POINT('',(4.795111538971,22.760804241024));
#924 = CARTESIAN_POINT('',(4.801287631983,22.697677630842));
#925 = CARTESIAN_POINT('',(4.805025867081,22.629604131112));
#926 = CARTESIAN_POINT('',(4.807081679187,22.562787826808));
#927 = CARTESIAN_POINT('',(4.807083805647,22.504098621184));
#928 = ( GEOMETRIC_REPRESENTATION_CONTEXT(2) 
PARAMETRIC_REPRESENTATION_CONTEXT() REPRESENTATION_CONTEXT('2D SPACE',''
  ) );
#929 = PCURVE('',#930,#976);
#930 = ( BOUNDED_SURFACE() B_SPLINE_SURFACE(2,14,(
    (#931,#932,#933,#934,#935,#936,#937,#938,#939,#940,#941,#942,#943
      ,#944,#945)
    ,(#946,#947,#948,#949,#950,#951,#952,#953,#954,#955,#956,#957,#958
      ,#959,#960)
    ,(#961,#962,#963,#964,#965,#966,#967,#968,#969,#970,#971,#972,#973
      ,#974,#975
)),.UNSPECIFIED.,.F.,.F.,.F.) B_SPLINE_SURFACE_WITH_KNOTS((3,3),(15,15),
  (0.,1.285257132487),(25.741990586023,27.02724771851),
.PIECEWISE_BEZIER_KNOTS.) GEOMETRIC_REPRESENTATION_ITEM() 
RATIONAL_B_SPLINE_SURFACE((
    (1.,1.,0.999999999999,1.000000000002,0.999999999996,1.000000000007
      ,0.999999999991,1.00000000001,0.999999999991,1.000000000007
      ,0.999999999996,1.000000000002,0.999999999999,1.,1.)
    ,(0.924056584228,0.927451211325,0.931130408022,0.934870868298
      ,0.938142404842,0.941871007581,0.942840705423,0.946908063783
      ,0.945778211585,0.947756969762,0.947684006631,0.947303041305
      ,0.947841485873,0.947529527728,0.947567145378)
    ,(1.,1.,0.999999999999,1.000000000002,0.999999999996,1.000000000007
      ,0.999999999991,1.00000000001,0.999999999991,1.000000000007
      ,0.999999999996,1.000000000002,0.999999999999,1.,1.
))) REPRESENTATION_ITEM('') SURFACE() );
#931 = CARTESIAN_POINT('',(65.49437229196,-10.12304218308,86.75));
#932 = CARTESIAN_POINT('',(65.449362354089,-10.16289521421,
    86.684328663001));
#933 = CARTESIAN_POINT('',(65.399566464809,-10.19524198455,
    86.619849720402));
#934 = CARTESIAN_POINT('',(65.345133300872,-10.22076880343,
    86.558143292474));
#935 = CARTESIAN_POINT('',(65.285752727386,-10.24055880415,
    86.499844779424));
#936 = CARTESIAN_POINT('',(65.222984852964,-10.25501708201,
    86.448553258617));
#937 = CARTESIAN_POINT('',(65.154678746528,-10.26758288382,
    86.397759181839));
#938 = CARTESIAN_POINT('',(65.080592077201,-10.27471180375,
    86.362743326585));
#939 = CARTESIAN_POINT('',(65.013034290547,-10.28311353099,
    86.320655183192));
#940 = CARTESIAN_POINT('',(64.918176071782,-10.28940921706,
    86.298763172498));
#941 = CARTESIAN_POINT('',(64.85196455008,-10.29257469413,
    86.272631688907));
#942 = CARTESIAN_POINT('',(64.7569858451,-10.2984151008,86.258165575331)
  );
#943 = CARTESIAN_POINT('',(64.673313139357,-10.29926903822,
    86.246862123984));
#944 = CARTESIAN_POINT('',(64.591693473193,-10.3012874629,
    86.241490263025));
#945 = CARTESIAN_POINT('',(64.5,-10.30119312755,86.241388029889));
#946 = CARTESIAN_POINT('',(65.62484494585,-10.00751812366,
    86.573263739496));
#947 = CARTESIAN_POINT('',(65.570110597871,-10.0446818867,
    86.510926099271));
#948 = CARTESIAN_POINT('',(65.510012208136,-10.07521520137,
    86.450123823139));
#949 = CARTESIAN_POINT('',(65.444833242586,-10.09967306116,
    86.391854237646));
#950 = CARTESIAN_POINT('',(65.374185378377,-10.1184507108,
    86.337337710139));
#951 = CARTESIAN_POINT('',(65.300721944042,-10.13313080265,
    86.286886562654));
#952 = CARTESIAN_POINT('',(65.218082550325,-10.14236675665,
    86.242389182124));
#953 = CARTESIAN_POINT('',(65.141388855161,-10.15120272608,
    86.203163980014));
#954 = CARTESIAN_POINT('',(65.046213807794,-10.1542756707,
    86.170024169417));
#955 = CARTESIAN_POINT('',(64.966163943037,-10.15935843903,
    86.143985662218));
#956 = CARTESIAN_POINT('',(64.868763894586,-10.16054142466,
    86.122810363746));
#957 = CARTESIAN_POINT('',(64.780553232763,-10.16267893498,
    86.107978239406));
#958 = CARTESIAN_POINT('',(64.687348310335,-10.16344905197,
    86.097749645353));
#959 = CARTESIAN_POINT('',(64.593567085507,-10.16398539244,
    86.092764278202));
#960 = CARTESIAN_POINT('',(64.501655081707,-10.16397862603,
    86.092685886244));
#961 = CARTESIAN_POINT('',(65.82579405125,-10.06307981941,
    86.438590124785));
#962 = CARTESIAN_POINT('',(65.754623970066,-10.0950493204,
    86.361100620531));
#963 = CARTESIAN_POINT('',(65.676688650348,-10.11838054874,
    86.287322350439));
#964 = CARTESIAN_POINT('',(65.593272598714,-10.13427669844,
    86.218536527429));
#965 = CARTESIAN_POINT('',(65.502988600092,-10.14445182115,
    86.156684376911));
#966 = CARTESIAN_POINT('',(65.414947679214,-10.14951185151,
    86.098615419287));
#967 = CARTESIAN_POINT('',(65.30633200737,-10.15251347001,
    86.054810028415));
#968 = CARTESIAN_POINT('',(65.231900367602,-10.1516553478,86.00486150533
    ));
#969 = CARTESIAN_POINT('',(65.092306900085,-10.15166345693,
    85.979571243211));
#970 = CARTESIAN_POINT('',(65.036630010902,-10.14913155367,
    85.942337173411));
#971 = CARTESIAN_POINT('',(64.893701621296,-10.14806828997,
    85.926245908357));
#972 = CARTESIAN_POINT('',(64.814972428364,-10.14631725402,
    85.90675218285));
#973 = CARTESIAN_POINT('',(64.708184387807,-10.14538871385,
    85.896958315311));
#974 = CARTESIAN_POINT('',(64.596324515735,-10.14484812692,
    85.891267455218));
#975 = CARTESIAN_POINT('',(64.504098621184,-10.14484776357,
    85.891263629617));
#976 = DEFINITIONAL_REPRESENTATION('',(#977),#981);
#977 = LINE('',#978,#979);
#978 = CARTESIAN_POINT('',(1.285257132487,0.));
#979 = VECTOR('',#980,1.);
#980 = DIRECTION('',(0.,1.));
#981 = ( GEOMETRIC_REPRESENTATION_CONTEXT(2) 
PARAMETRIC_REPRESENTATION_CONTEXT() REPRESENTATION_CONTEXT('2D SPACE',''
  ) );
#982 = ORIENTED_EDGE('',*,*,#983,.T.);
#983 = EDGE_CURVE('',#884,#984,#986,.T.);
#984 = VERTEX_POINT('',#985);
#985 = CARTESIAN_POINT('',(43.170126772481,-10.14484636915,
    85.891248949301));
#986 = SURFACE_CURVE('',#987,(#1005,#1021),.PCURVE_S1.);
#987 = B_SPLINE_CURVE_WITH_KNOTS('',6,(#988,#989,#990,#991,#992,#993,
    #994,#995,#996,#997,#998,#999,#1000,#1001,#1002,#1003,#1004),
  .UNSPECIFIED.,.F.,.F.,(7,5,5,7),(27.02724771851,27.028633055842,
    48.511877994573,49.679906378525),.UNSPECIFIED.);
#988 = CARTESIAN_POINT('',(64.504098621184,-10.14484776357,
    85.891263629617));
#989 = CARTESIAN_POINT('',(64.503866670757,-10.14484776265,
    85.891263619995));
#990 = CARTESIAN_POINT('',(64.503634861353,-10.14484776189,
    85.891263611912));
#991 = CARTESIAN_POINT('',(64.503403193619,-10.14484776126,
    85.89126360537));
#992 = CARTESIAN_POINT('',(64.503171668204,-10.14484776079,
    85.891263600379));
#993 = CARTESIAN_POINT('',(64.502940285755,-10.14484776046,
    85.891263596941));
#994 = CARTESIAN_POINT('',(60.916751733681,-10.14484499536,
    85.891234484158));
#995 = CARTESIAN_POINT('',(57.334319759761,-10.14484731258,
    85.891258885451));
#996 = CARTESIAN_POINT('',(53.750459636141,-10.14484601986,
    85.891245268656));
#997 = CARTESIAN_POINT('',(50.168162713313,-10.14484652284,
    85.891250568468));
#998 = CARTESIAN_POINT('',(46.585366346958,-10.14484637823,
    85.891249044835));
#999 = CARTESIAN_POINT('',(42.807832289323,-10.14484636806,
    85.891248937819));
#1000 = CARTESIAN_POINT('',(42.613036629402,-10.14484636754,
    85.8912489323));
#1001 = CARTESIAN_POINT('',(42.418236434007,-10.14484636701,
    85.891248926781));
#1002 = CARTESIAN_POINT('',(42.223431703137,-10.14484636649,
    85.891248921263));
#1003 = CARTESIAN_POINT('',(42.028622436792,-10.14484636596,
    85.891248915744));
#1004 = CARTESIAN_POINT('',(41.833808634973,-10.14484636544,
    85.891248910225));
#1005 = PCURVE('',#45,#1006);
#1006 = DEFINITIONAL_REPRESENTATION('',(#1007),#1020);
#1007 = B_SPLINE_CURVE_WITH_KNOTS('',6,(#1008,#1009,#1010,#1011,#1012,
    #1013,#1014,#1015,#1016,#1017,#1018,#1019),.UNSPECIFIED.,.F.,.F.,(7,
    5,7),(27.02724771851,27.028633055842,48.511877994573),
  .UNSPECIFIED.);
#1008 = CARTESIAN_POINT('',(4.807083805647,22.504098621184));
#1009 = CARTESIAN_POINT('',(4.807083814051,22.503866670757));
#1010 = CARTESIAN_POINT('',(4.807083821113,22.503634861353));
#1011 = CARTESIAN_POINT('',(4.807083826826,22.503403193619));
#1012 = CARTESIAN_POINT('',(4.807083831187,22.503171668204));
#1013 = CARTESIAN_POINT('',(4.807083834189,22.502940285755));
#1014 = CARTESIAN_POINT('',(4.807109263582,18.916751733681));
#1015 = CARTESIAN_POINT('',(4.807087949607,15.334319759761));
#1016 = CARTESIAN_POINT('',(4.807099843537,11.750459636141));
#1017 = CARTESIAN_POINT('',(4.807095214297,8.168162713313));
#1018 = CARTESIAN_POINT('',(4.80709654515,4.585366346958));
#1019 = CARTESIAN_POINT('',(4.807096633806,1.002623413769));
#1020 = ( GEOMETRIC_REPRESENTATION_CONTEXT(2) 
PARAMETRIC_REPRESENTATION_CONTEXT() REPRESENTATION_CONTEXT('2D SPACE',''
  ) );
#1021 = PCURVE('',#1022,#1074);
#1022 = ( BOUNDED_SURFACE() B_SPLINE_SURFACE(2,6,(
    (#1023,#1024,#1025,#1026,#1027,#1028,#1029,#1030,#1031,#1032,#1033
      ,#1034,#1035,#1036,#1037,#1038,#1039)
    ,(#1040,#1041,#1042,#1043,#1044,#1045,#1046,#1047,#1048,#1049,#1050
      ,#1051,#1052,#1053,#1054,#1055,#1056)
    ,(#1057,#1058,#1059,#1060,#1061,#1062,#1063,#1064,#1065,#1066,#1067
      ,#1068,#1069,#1070,#1071,#1072,#1073
)),.UNSPECIFIED.,.F.,.F.,.F.) B_SPLINE_SURFACE_WITH_KNOTS((3,3),(7,5,5,7
    ),(0.,21.484630276063),(27.02724771851,27.028633055842,
    48.511877994573,49.679906378525),.UNSPECIFIED.) 
GEOMETRIC_REPRESENTATION_ITEM() RATIONAL_B_SPLINE_SURFACE((
    (1.,1.,1.,1.,1.,1.,1.,1.,1.,1.,1.,1.,1.,1.,1.,1.,1.)
    ,(0.947567145378,0.947567145412,0.94756714544,0.947567145463
      ,0.94756714548,0.947567145493,0.947567252288,0.947567163488
      ,0.947567212369,0.947567193631,0.947567199043,0.947567199438
      ,0.94756719945,0.947567199454,0.94756719945,0.947567199438
      ,0.947567199417)
    ,(1.,1.,1.,1.,1.,1.,1.,1.,1.,1.,1.,1.,1.,1.,1.,1.,1.
))) REPRESENTATION_ITEM('') SURFACE() );
#1023 = CARTESIAN_POINT('',(64.5,-10.30119312755,86.241388029889));
#1024 = CARTESIAN_POINT('',(64.499769385721,-10.30119313113,
    86.241388033771));
#1025 = CARTESIAN_POINT('',(64.499538699414,-10.30119313414,
    86.241388037033));
#1026 = CARTESIAN_POINT('',(64.49930794074,-10.30119313657,
    86.24138803967));
#1027 = CARTESIAN_POINT('',(64.499077109365,-10.30119313843,
    86.241388041685));
#1028 = CARTESIAN_POINT('',(64.498846204947,-10.30119313971,
    86.241388043071));
#1029 = CARTESIAN_POINT('',(60.916705993263,-10.30120396882,
    86.241399778798));
#1030 = CARTESIAN_POINT('',(57.335431239396,-10.30119489168,
    86.241389941982));
#1031 = CARTESIAN_POINT('',(53.751557545757,-10.30119995758,
    86.241395431608));
#1032 = CARTESIAN_POINT('',(50.168946882203,-10.30119798565,
    86.241393294842));
#1033 = CARTESIAN_POINT('',(46.585851983461,-10.30119855254,
    86.241393909125));
#1034 = CARTESIAN_POINT('',(42.808098037603,-10.30119859234,
    86.241393952263));
#1035 = CARTESIAN_POINT('',(42.613295574471,-10.3011985944,
    86.241393954487));
#1036 = CARTESIAN_POINT('',(42.418493111338,-10.30119859645,
    86.241393956712));
#1037 = CARTESIAN_POINT('',(42.223690648205,-10.3011985985,
    86.241393958936));
#1038 = CARTESIAN_POINT('',(42.028888185073,-10.30119860055,
    86.241393961161));
#1039 = CARTESIAN_POINT('',(41.83408572194,-10.30119860261,
    86.241393963385));
#1040 = CARTESIAN_POINT('',(64.501655081707,-10.16397862603,
    86.092685886244));
#1041 = CARTESIAN_POINT('',(64.501423927512,-10.16397862771,
    86.092685885965));
#1042 = CARTESIAN_POINT('',(64.50119278739,-10.16397862912,
    86.092685885731));
#1043 = CARTESIAN_POINT('',(64.500961661402,-10.16397863026,
    86.092685885541));
#1044 = CARTESIAN_POINT('',(64.500730549612,-10.16397863114,
    86.092685885397));
#1045 = CARTESIAN_POINT('',(64.500499452081,-10.16397863174,
    86.092685885297));
#1046 = CARTESIAN_POINT('',(60.916724819472,-10.1639837204,
    86.092685047325));
#1047 = CARTESIAN_POINT('',(57.334981814513,-10.16397945571,
    86.09268575025));
#1048 = CARTESIAN_POINT('',(53.751114644655,-10.16398183514,
    86.092685357458));
#1049 = CARTESIAN_POINT('',(50.168630089664,-10.16398090922,
    86.092685510566));
#1050 = CARTESIAN_POINT('',(46.585655880931,-10.16398117542,
    86.092685466568));
#1051 = CARTESIAN_POINT('',(42.80799072631,-10.16398119413,
    86.09268546349));
#1052 = CARTESIAN_POINT('',(42.613191010379,-10.1639811951,
    86.092685463331));
#1053 = CARTESIAN_POINT('',(42.418389462986,-10.16398119606,
    86.092685463173));
#1054 = CARTESIAN_POINT('',(42.223586084127,-10.16398119702,
    86.092685463014));
#1055 = CARTESIAN_POINT('',(42.028780873796,-10.16398119799,
    86.092685462855));
#1056 = CARTESIAN_POINT('',(41.833973831989,-10.16398119895,
    86.092685462696));
#1057 = CARTESIAN_POINT('',(64.504098621184,-10.14484776357,
    85.891263629617));
#1058 = CARTESIAN_POINT('',(64.503866670757,-10.14484776265,
    85.891263619995));
#1059 = CARTESIAN_POINT('',(64.503634861353,-10.14484776189,
    85.891263611912));
#1060 = CARTESIAN_POINT('',(64.503403193619,-10.14484776126,
    85.89126360537));
#1061 = CARTESIAN_POINT('',(64.503171668204,-10.14484776079,
    85.891263600379));
#1062 = CARTESIAN_POINT('',(64.502940285755,-10.14484776046,
    85.891263596941));
#1063 = CARTESIAN_POINT('',(60.916751733681,-10.14484499536,
    85.891234484158));
#1064 = CARTESIAN_POINT('',(57.334319759761,-10.14484731258,
    85.891258885451));
#1065 = CARTESIAN_POINT('',(53.750459636141,-10.14484601986,
    85.891245268656));
#1066 = CARTESIAN_POINT('',(50.168162713313,-10.14484652284,
    85.891250568468));
#1067 = CARTESIAN_POINT('',(46.585366346958,-10.14484637823,
    85.891249044835));
#1068 = CARTESIAN_POINT('',(42.807832289323,-10.14484636806,
    85.891248937819));
#1069 = CARTESIAN_POINT('',(42.613036629402,-10.14484636754,
    85.8912489323));
#1070 = CARTESIAN_POINT('',(42.418236434007,-10.14484636701,
    85.891248926781));
#1071 = CARTESIAN_POINT('',(42.223431703137,-10.14484636649,
    85.891248921263));
#1072 = CARTESIAN_POINT('',(42.028622436792,-10.14484636596,
    85.891248915744));
#1073 = CARTESIAN_POINT('',(41.833808634973,-10.14484636544,
    85.891248910225));
#1074 = DEFINITIONAL_REPRESENTATION('',(#1075),#1079);
#1075 = LINE('',#1076,#1077);
#1076 = CARTESIAN_POINT('',(21.484630276063,0.));
#1077 = VECTOR('',#1078,1.);
#1078 = DIRECTION('',(0.,1.));
#1079 = ( GEOMETRIC_REPRESENTATION_CONTEXT(2) 
PARAMETRIC_REPRESENTATION_CONTEXT() REPRESENTATION_CONTEXT('2D SPACE',''
  ) );
#1080 = ORIENTED_EDGE('',*,*,#1081,.T.);
#1081 = EDGE_CURVE('',#984,#304,#1082,.T.);
#1082 = SURFACE_CURVE('',#1083,(#1098,#1116),.PCURVE_S1.);
#1083 = B_SPLINE_CURVE_WITH_KNOTS('',7,(#1084,#1085,#1086,#1087,#1088,
    #1089,#1090,#1091,#1092,#1093,#1094,#1095,#1096,#1097),
  .UNSPECIFIED.,.F.,.F.,(8,6,8),(0.,0.536394597063,1.),.UNSPECIFIED.);
#1084 = CARTESIAN_POINT('',(43.17012677248,-10.14484636915,
    85.891248949301));
#1085 = CARTESIAN_POINT('',(43.144661288443,-10.14199682611,
    85.861251179274));
#1086 = CARTESIAN_POINT('',(43.121209831612,-10.13805133088,
    85.829456222099));
#1087 = CARTESIAN_POINT('',(43.099941742214,-10.13282651021,
    85.796140728531));
#1088 = CARTESIAN_POINT('',(43.080954866285,-10.12616804175,
    85.761623651753));
#1089 = CARTESIAN_POINT('',(43.064296115831,-10.11796500028,
    85.726249021367));
#1090 = CARTESIAN_POINT('',(43.04991367462,-10.1081848209,
    85.690418509764));
#1091 = CARTESIAN_POINT('',(43.027286587843,-10.08712399543,
    85.623545598513));
#1092 = CARTESIAN_POINT('',(43.018474090844,-10.07622761205,
    85.592515255372));
#1093 = CARTESIAN_POINT('',(43.011310434538,-10.06422616594,
    85.561688126466));
#1094 = CARTESIAN_POINT('',(43.005780872973,-10.05119776256,
    85.531333846566));
#1095 = CARTESIAN_POINT('',(43.001990461945,-10.03728430648,
    85.501722003316));
#1096 = CARTESIAN_POINT('',(43.000035766431,-10.02266256901,
    85.473084224437));
#1097 = CARTESIAN_POINT('',(43.000007183491,-10.00758075713,
    85.445670659401));
#1098 = PCURVE('',#45,#1099);
#1099 = DEFINITIONAL_REPRESENTATION('',(#1100),#1115);
#1100 = B_SPLINE_CURVE_WITH_KNOTS('',7,(#1101,#1102,#1103,#1104,#1105,
    #1106,#1107,#1108,#1109,#1110,#1111,#1112,#1113,#1114),
  .UNSPECIFIED.,.F.,.F.,(8,6,8),(0.,0.536394597063,1.),.UNSPECIFIED.);
#1101 = CARTESIAN_POINT('',(4.807096628596,1.17012677248));
#1102 = CARTESIAN_POINT('',(4.833299070108,1.144661288443));
#1103 = CARTESIAN_POINT('',(4.86114739432,1.121209831612));
#1104 = CARTESIAN_POINT('',(4.890446622775,1.099941742214));
#1105 = CARTESIAN_POINT('',(4.920979189273,1.080954866285));
#1106 = CARTESIAN_POINT('',(4.952518915375,1.064296115831));
#1107 = CARTESIAN_POINT('',(4.984791608418,1.04991367462));
#1108 = CARTESIAN_POINT('',(5.045757647672,1.027286587843));
#1109 = CARTESIAN_POINT('',(5.07434063281,1.018474090844));
#1110 = CARTESIAN_POINT('',(5.103080535132,1.011310434538));
#1111 = CARTESIAN_POINT('',(5.131774221413,1.005780872973));
#1112 = CARTESIAN_POINT('',(5.160199564943,1.001990461945));
#1113 = CARTESIAN_POINT('',(5.188146728836,1.000035766431));
#1114 = CARTESIAN_POINT('',(5.21535404184,1.000007183491));
#1115 = ( GEOMETRIC_REPRESENTATION_CONTEXT(2) 
PARAMETRIC_REPRESENTATION_CONTEXT() REPRESENTATION_CONTEXT('2D SPACE',''
  ) );
#1116 = PCURVE('',#1117,#1214);
#1117 = ( BOUNDED_SURFACE() B_SPLINE_SURFACE(2,11,(
    (#1118,#1119,#1120,#1121,#1122,#1123,#1124,#1125,#1126,#1127,#1128
      ,#1129,#1130,#1131,#1132,#1133,#1134,#1135,#1136,#1137,#1138,#1139
      ,#1140,#1141,#1142,#1143,#1144,#1145,#1146,#1147,#1148,#1149)
    ,(#1150,#1151,#1152,#1153,#1154,#1155,#1156,#1157,#1158,#1159,#1160
      ,#1161,#1162,#1163,#1164,#1165,#1166,#1167,#1168,#1169,#1170,#1171
      ,#1172,#1173,#1174,#1175,#1176,#1177,#1178,#1179,#1180,#1181)
    ,(#1182,#1183,#1184,#1185,#1186,#1187,#1188,#1189,#1190,#1191,#1192
      ,#1193,#1194,#1195,#1196,#1197,#1198,#1199,#1200,#1201,#1202,#1203
      ,#1204,#1205,#1206,#1207,#1208,#1209,#1210,#1211,#1212,#1213
)),.UNSPECIFIED.,.F.,.F.,.F.) B_SPLINE_SURFACE_WITH_KNOTS((3,3),(12,10,
    10,12),(0.,1.027709804655),(-0.28339506815,-0.264427635042,
    0.14283082406,0.763282169613),.UNSPECIFIED.) 
GEOMETRIC_REPRESENTATION_ITEM() RATIONAL_B_SPLINE_SURFACE((
    (1.,1.,1.,1.,1.,1.,1.,1.,1.,1.,1.,1.,1.,1.,1.,1.,1.,1.,1.,1.,1.,1.
      ,1.,1.,1.,1.,1.,1.,1.,1.,1.,1.)
    ,(0.70746236634,0.707628429684,0.707761280359,0.707860918365
      ,0.707927343703,0.707960556372,0.707960556372,0.707927343703
      ,0.707860918365,0.707761280359,0.707628429684,0.703896744085
      ,0.702084439023,0.700808717435,0.699013479703,0.697062011591
      ,0.689037466924,0.686930160679,0.680387752721,0.674961567481
      ,0.668845921941,0.652892493693,0.642695993345,0.632186647135
      ,0.621690467139,0.61159606469,0.602333246658,0.594341407052
      ,0.588027713918,0.583715091556,0.581579998038,0.581579998038)
    ,(1.,1.,1.,1.,1.,1.,1.,1.,1.,1.,1.,1.,1.,1.,1.,1.,1.,1.,1.,1.,1.,1.
,1.,1.,1.,1.,1.,1.,1.,1.,1.,1.))) REPRESENTATION_ITEM('') SURFACE() );
#1118 = CARTESIAN_POINT('',(43.598427360454,-9.727080490342,
    85.998613085941));
#1119 = CARTESIAN_POINT('',(43.598476430911,-9.731719469737,
    85.998787072575));
#1120 = CARTESIAN_POINT('',(43.598525501368,-9.736358449132,
    85.998961059208));
#1121 = CARTESIAN_POINT('',(43.598574571825,-9.740997428528,
    85.999135045842));
#1122 = CARTESIAN_POINT('',(43.598623642283,-9.745636407923,
    85.999309032476));
#1123 = CARTESIAN_POINT('',(43.59867271274,-9.750275387318,
    85.99948301911));
#1124 = CARTESIAN_POINT('',(43.598721783197,-9.754914366714,
    85.999657005744));
#1125 = CARTESIAN_POINT('',(43.598770853654,-9.759553346109,
    85.999830992378));
#1126 = CARTESIAN_POINT('',(43.598819924111,-9.764192325504,
    86.000004979012));
#1127 = CARTESIAN_POINT('',(43.598868994568,-9.7688313049,
    86.000178965646));
#1128 = CARTESIAN_POINT('',(43.598918065025,-9.773470284295,
    86.000352952279));
#1129 = CARTESIAN_POINT('',(43.600020749781,-9.877714918796,
    86.004262685759));
#1130 = CARTESIAN_POINT('',(43.602437969181,-9.944378329959,
    86.02127890933));
#1131 = CARTESIAN_POINT('',(43.604581536312,-9.994681095274,
    86.037064734829));
#1132 = CARTESIAN_POINT('',(43.606387590278,-10.03152541029,
    86.051777638483));
#1133 = CARTESIAN_POINT('',(43.611445433241,-10.06782440213,
    86.069282648624));
#1134 = CARTESIAN_POINT('',(43.618922799798,-10.08653062112,
    86.076619267491));
#1135 = CARTESIAN_POINT('',(43.624171833438,-10.12856557884,
    86.099502888089));
#1136 = CARTESIAN_POINT('',(43.632675405908,-10.15381889099,
    86.115809700237));
#1137 = CARTESIAN_POINT('',(43.640828300921,-10.18456584521,
    86.136780711291));
#1138 = CARTESIAN_POINT('',(43.649854890688,-10.21281541237,
    86.158725337196));
#1139 = CARTESIAN_POINT('',(43.673669139024,-10.2817839653,
    86.218274496714));
#1140 = CARTESIAN_POINT('',(43.689072007326,-10.32088575482,
    86.257918878131));
#1141 = CARTESIAN_POINT('',(43.705055474536,-10.35721837431,
    86.30117450904));
#1142 = CARTESIAN_POINT('',(43.721090077645,-10.39045475223,
    86.348007600972));
#1143 = CARTESIAN_POINT('',(43.736564158696,-10.42018333209,
    86.398329284244));
#1144 = CARTESIAN_POINT('',(43.750806138539,-10.4459314327,
    86.451923553682));
#1145 = CARTESIAN_POINT('',(43.763126872182,-10.46720248656,
    86.508406427563));
#1146 = CARTESIAN_POINT('',(43.772882086012,-10.48352715671,
    86.567216320335));
#1147 = CARTESIAN_POINT('',(43.779554896638,-10.49452833188,
    86.62763562858));
#1148 = CARTESIAN_POINT('',(43.782858411571,-10.5,86.688843530713));
#1149 = CARTESIAN_POINT('',(43.782858411571,-10.5,86.75));
#1150 = CARTESIAN_POINT('',(43.002170696789,-9.73016009973,
    85.998521012269));
#1151 = CARTESIAN_POINT('',(43.001931658162,-9.734858220769,
    85.998716354801));
#1152 = CARTESIAN_POINT('',(43.001693387856,-9.739541241061,
    85.998911069462));
#1153 = CARTESIAN_POINT('',(43.001455851899,-9.744209828288,
    85.999105184012));
#1154 = CARTESIAN_POINT('',(43.001219016549,-9.748864645629,
    85.999298726025));
#1155 = CARTESIAN_POINT('',(43.000982848275,-9.753506352077,
    85.999491722903));
#1156 = CARTESIAN_POINT('',(43.000747313747,-9.758135602748,
    85.999684201884));
#1157 = CARTESIAN_POINT('',(43.000512379814,-9.762753049192,
    85.999876190058));
#1158 = CARTESIAN_POINT('',(43.00027801349,-9.767359339694,
    86.000067714381));
#1159 = CARTESIAN_POINT('',(43.000044181943,-9.771955119585,
    86.000258801684));
#1160 = CARTESIAN_POINT('',(42.999810852473,-9.776541031534,
    86.00044947869));
#1161 = CARTESIAN_POINT('',(42.99455164269,-9.879906769945,
    86.004747308593));
#1162 = CARTESIAN_POINT('',(42.993903067559,-9.945639791114,
    86.021721000873));
#1163 = CARTESIAN_POINT('',(42.993818793385,-9.996573321768,
    86.037472838409));
#1164 = CARTESIAN_POINT('',(42.992675993258,-10.03521417853,
    86.052829519554));
#1165 = CARTESIAN_POINT('',(42.994135200697,-10.07655700254,
    86.071973989664));
#1166 = CARTESIAN_POINT('',(42.988176889401,-10.10347138777,
    86.084708882476));
#1167 = CARTESIAN_POINT('',(42.989695646822,-10.14518012125,
    86.108517033835));
#1168 = CARTESIAN_POINT('',(42.986920987397,-10.17509743002,
    86.12890236627));
#1169 = CARTESIAN_POINT('',(42.985546351574,-10.20734035867,
    86.152657167564));
#1170 = CARTESIAN_POINT('',(42.983700867395,-10.23693773555,
    86.177497523809));
#1171 = CARTESIAN_POINT('',(42.978641129838,-10.30838861979,
    86.244453849467));
#1172 = CARTESIAN_POINT('',(42.975153147545,-10.34772767256,
    86.288494846569));
#1173 = CARTESIAN_POINT('',(42.971149356949,-10.38258930892,
    86.335291095426));
#1174 = CARTESIAN_POINT('',(42.966624126706,-10.41280884093,
    86.38422531602));
#1175 = CARTESIAN_POINT('',(42.961706706104,-10.43833509461,
    86.434676302011));
#1176 = CARTESIAN_POINT('',(42.956668930272,-10.45922861125,
    86.486114620375));
#1177 = CARTESIAN_POINT('',(42.951904980028,-10.47564466779,
    86.538160108986));
#1178 = CARTESIAN_POINT('',(42.947876160644,-10.48779510877,
    86.590600940968));
#1179 = CARTESIAN_POINT('',(42.945016773728,-10.49588227394,
    86.643372941723));
#1180 = CARTESIAN_POINT('',(42.943604084155,-10.5,86.696499804529));
#1181 = CARTESIAN_POINT('',(42.943604084155,-10.5,86.75));
#1182 = CARTESIAN_POINT('',(42.999910554204,-9.956594220083,
    85.448543601981));
#1183 = CARTESIAN_POINT('',(42.999920036057,-9.961597329365,
    85.448261691372));
#1184 = CARTESIAN_POINT('',(42.999929378436,-9.966526844701,
    85.447983927568));
#1185 = CARTESIAN_POINT('',(42.999938581341,-9.971382766093,
    85.447710310567));
#1186 = CARTESIAN_POINT('',(42.999947644771,-9.976165093539,
    85.447440840371));
#1187 = CARTESIAN_POINT('',(42.999956568726,-9.980873827041,
    85.447175516979));
#1188 = CARTESIAN_POINT('',(42.999965353206,-9.985508966598,
    85.44691434039));
#1189 = CARTESIAN_POINT('',(42.999973998212,-9.99007051221,
    85.446657310606));
#1190 = CARTESIAN_POINT('',(42.999982503743,-9.994558463877,
    85.446404427626));
#1191 = CARTESIAN_POINT('',(42.999990869799,-9.998972821599,
    85.44615569145));
#1192 = CARTESIAN_POINT('',(42.999999096381,-10.00331358537,
    85.445911102077));
#1193 = CARTESIAN_POINT('',(43.000180825472,-10.09920311658,
    85.440508006806));
#1194 = CARTESIAN_POINT('',(43.002639700155,-10.15950792857,
    85.452170277841));
#1195 = CARTESIAN_POINT('',(43.004445357669,-10.20982786969,
    85.46386468047));
#1196 = CARTESIAN_POINT('',(43.008440651645,-10.25928942104,
    85.486600676311));
#1197 = CARTESIAN_POINT('',(43.009238417939,-10.32153198269,
    85.495522767305));
#1198 = CARTESIAN_POINT('',(43.021181480303,-10.42243190336,
    85.538726761802));
#1199 = CARTESIAN_POINT('',(43.025288403439,-10.4619759633,
    85.557997397067));
#1200 = CARTESIAN_POINT('',(43.035273347483,-10.54049670278,
    85.59444411369));
#1201 = CARTESIAN_POINT('',(43.044505412935,-10.60075876706,
    85.629351199234));
#1202 = CARTESIAN_POINT('',(43.054875111973,-10.66306937307,
    85.668301868735));
#1203 = CARTESIAN_POINT('',(43.082499415393,-10.81345585886,
    85.774034759472));
#1204 = CARTESIAN_POINT('',(43.100589211144,-10.89901799732,
    85.844946957664));
#1205 = CARTESIAN_POINT('',(43.119595566783,-10.97880153188,
    85.922869244489));
#1206 = CARTESIAN_POINT('',(43.138894549287,-11.0520049009,
    86.007814780636));
#1207 = CARTESIAN_POINT('',(43.157729433435,-11.11762623656,
    86.099667394405));
#1208 = CARTESIAN_POINT('',(43.175237236798,-11.17453758431,
    86.198035688981));
#1209 = CARTESIAN_POINT('',(43.190506475994,-11.22158115069,
    86.302172553135));
#1210 = CARTESIAN_POINT('',(43.202666144467,-11.25768757972,
    86.410960075925));
#1211 = CARTESIAN_POINT('',(43.211005911548,-11.28201625782,
    86.522959864877));
#1212 = CARTESIAN_POINT('',(43.215127543025,-11.29411764705,
    86.636528768106));
#1213 = CARTESIAN_POINT('',(43.215127543025,-11.29411764705,86.75));
#1214 = DEFINITIONAL_REPRESENTATION('',(#1215),#1248);
#1215 = B_SPLINE_CURVE_WITH_KNOTS('',11,(#1216,#1217,#1218,#1219,#1220,
    #1221,#1222,#1223,#1224,#1225,#1226,#1227,#1228,#1229,#1230,#1231,
    #1232,#1233,#1234,#1235,#1236,#1237,#1238,#1239,#1240,#1241,#1242,
    #1243,#1244,#1245,#1246,#1247),.UNSPECIFIED.,.F.,.F.,(12,10,10,12),(
    0.,0.5,0.75,1.),.UNSPECIFIED.);
#1216 = CARTESIAN_POINT('',(0.530492937497,-8.395678767101E-02));
#1217 = CARTESIAN_POINT('',(0.552253456601,-9.094961451867E-02));
#1218 = CARTESIAN_POINT('',(0.573999018056,-9.810535696679E-02));
#1219 = CARTESIAN_POINT('',(0.595729909088,-0.105424529854));
#1220 = CARTESIAN_POINT('',(0.617448366808,-0.112909609752));
#1221 = CARTESIAN_POINT('',(0.639157141662,-0.120567576063));
#1222 = CARTESIAN_POINT('',(0.660859891132,-0.128408937104));
#1223 = CARTESIAN_POINT('',(0.682562934169,-0.136444244877));
#1224 = CARTESIAN_POINT('',(0.704277896806,-0.144679102197));
#1225 = CARTESIAN_POINT('',(0.726024779412,-0.153108665884));
#1226 = CARTESIAN_POINT('',(0.747834976055,-0.161712649685));
#1227 = CARTESIAN_POINT('',(0.780713176599,-0.174821421087));
#1228 = CARTESIAN_POINT('',(0.791699653334,-0.179224731612));
#1229 = CARTESIAN_POINT('',(0.802720203022,-0.183658034447));
#1230 = CARTESIAN_POINT('',(0.813774503214,-0.188109012046));
#1231 = CARTESIAN_POINT('',(0.824887305264,-0.192586625314));
#1232 = CARTESIAN_POINT('',(0.836045947814,-0.19706196269));
#1233 = CARTESIAN_POINT('',(0.847280526768,-0.201546575894));
#1234 = CARTESIAN_POINT('',(0.858586806697,-0.206017360729));
#1235 = CARTESIAN_POINT('',(0.8699805567,-0.210471932818));
#1236 = CARTESIAN_POINT('',(0.881469952058,-0.214899136029));
#1237 = CARTESIAN_POINT('',(0.904658146488,-0.223682235883));
#1238 = CARTESIAN_POINT('',(0.916357009463,-0.228038116619));
#1239 = CARTESIAN_POINT('',(0.928169943523,-0.23234976653));
#1240 = CARTESIAN_POINT('',(0.94010555753,-0.236608902209));
#1241 = CARTESIAN_POINT('',(0.952172183699,-0.240807972949));
#1242 = CARTESIAN_POINT('',(0.964377651784,-0.244940297508));
#1243 = CARTESIAN_POINT('',(0.976728986736,-0.249000082736));
#1244 = CARTESIAN_POINT('',(0.989232353807,-0.25298242373));
#1245 = CARTESIAN_POINT('',(1.001893329719,-0.25688328528));
#1246 = CARTESIAN_POINT('',(1.01471733343,-0.260699364456));
#1247 = CARTESIAN_POINT('',(1.027709804655,-0.264427634263));
#1248 = ( GEOMETRIC_REPRESENTATION_CONTEXT(2) 
PARAMETRIC_REPRESENTATION_CONTEXT() REPRESENTATION_CONTEXT('2D SPACE',''
  ) );
#1249 = ADVANCED_FACE('',(#1250),#288,.T.);
#1250 = FACE_BOUND('',#1251,.F.);
#1251 = EDGE_LOOP('',(#1252,#1291,#1319,#1349,#1350,#1351));
#1252 = ORIENTED_EDGE('',*,*,#1253,.F.);
#1253 = EDGE_CURVE('',#1254,#1256,#1258,.T.);
#1254 = VERTEX_POINT('',#1255);
#1255 = CARTESIAN_POINT('',(43.6,7.356071777723,86.));
#1256 = VERTEX_POINT('',#1257);
#1257 = CARTESIAN_POINT('',(43.036367466645,7.919704311075,
    85.605714285714));
#1258 = SURFACE_CURVE('',#1259,(#1264,#1275),.PCURVE_S1.);
#1259 = ELLIPSE('',#1260,0.848528137424,0.6);
#1260 = AXIS2_PLACEMENT_3D('',#1261,#1262,#1263);
#1261 = CARTESIAN_POINT('',(43.6,7.356071777723,85.4));
#1262 = DIRECTION('',(-0.707106781187,-0.707106781187,
    -1.570092458684E-16));
#1263 = DIRECTION('',(-0.707106781187,0.707106781187,-1.570092458684E-16
    ));
#1264 = PCURVE('',#288,#1265);
#1265 = DEFINITIONAL_REPRESENTATION('',(#1266),#1274);
#1266 = B_SPLINE_CURVE_WITH_KNOTS('',6,(#1267,#1268,#1269,#1270,#1271,
    #1272,#1273),.UNSPECIFIED.,.F.,.F.,(7,7),(4.712388980385,
    5.933228595937),.PIECEWISE_BEZIER_KNOTS.);
#1267 = CARTESIAN_POINT('',(-1.570796326795,0.493928222277));
#1268 = CARTESIAN_POINT('',(-1.367323057536,0.371844260722));
#1269 = CARTESIAN_POINT('',(-1.163849964547,0.249762687499));
#1270 = CARTESIAN_POINT('',(-0.960376557837,0.136764137483));
#1271 = CARTESIAN_POINT('',(-0.756903024435,4.201029346542E-02));
#1272 = CARTESIAN_POINT('',(-0.553429980501,-2.784695282768E-02));
#1273 = CARTESIAN_POINT('',(-0.349956711242,-6.970431107512E-02));
#1274 = ( GEOMETRIC_REPRESENTATION_CONTEXT(2) 
PARAMETRIC_REPRESENTATION_CONTEXT() REPRESENTATION_CONTEXT('2D SPACE',''
  ) );
#1275 = PCURVE('',#1276,#1281);
#1276 = CYLINDRICAL_SURFACE('',#1277,0.6);
#1277 = AXIS2_PLACEMENT_3D('',#1278,#1279,#1280);
#1278 = CARTESIAN_POINT('',(65.25,7.356071777723,85.4));
#1279 = DIRECTION('',(-1.,-0.,-2.22044604925E-16));
#1280 = DIRECTION('',(-2.22044604925E-16,0.,1.));
#1281 = DEFINITIONAL_REPRESENTATION('',(#1282),#1290);
#1282 = B_SPLINE_CURVE_WITH_KNOTS('',6,(#1283,#1284,#1285,#1286,#1287,
    #1288,#1289),.UNSPECIFIED.,.F.,.F.,(7,7),(4.712388980385,
    5.933228595937),.PIECEWISE_BEZIER_KNOTS.);
#1283 = CARTESIAN_POINT('',(3.155443620884E-30,21.65));
#1284 = CARTESIAN_POINT('',(0.203473269259,21.772083961555));
#1285 = CARTESIAN_POINT('',(0.406946362248,21.894165534778));
#1286 = CARTESIAN_POINT('',(0.610419768958,22.007164084795));
#1287 = CARTESIAN_POINT('',(0.81389330236,22.101917928811));
#1288 = CARTESIAN_POINT('',(1.017366346294,22.171775175105));
#1289 = CARTESIAN_POINT('',(1.220839615553,22.213632533352));
#1290 = ( GEOMETRIC_REPRESENTATION_CONTEXT(2) 
PARAMETRIC_REPRESENTATION_CONTEXT() REPRESENTATION_CONTEXT('2D SPACE',''
  ) );
#1291 = ORIENTED_EDGE('',*,*,#1292,.T.);
#1292 = EDGE_CURVE('',#1254,#1293,#1295,.T.);
#1293 = VERTEX_POINT('',#1294);
#1294 = CARTESIAN_POINT('',(43.6,-7.356071777723,86.));
#1295 = SURFACE_CURVE('',#1296,(#1300,#1307),.PCURVE_S1.);
#1296 = LINE('',#1297,#1298);
#1297 = CARTESIAN_POINT('',(43.6,7.85,86.));
#1298 = VECTOR('',#1299,1.);
#1299 = DIRECTION('',(0.,-1.,0.));
#1300 = PCURVE('',#288,#1301);
#1301 = DEFINITIONAL_REPRESENTATION('',(#1302),#1306);
#1302 = LINE('',#1303,#1304);
#1303 = CARTESIAN_POINT('',(-1.570796326795,0.));
#1304 = VECTOR('',#1305,1.);
#1305 = DIRECTION('',(-0.,1.));
#1306 = ( GEOMETRIC_REPRESENTATION_CONTEXT(2) 
PARAMETRIC_REPRESENTATION_CONTEXT() REPRESENTATION_CONTEXT('2D SPACE',''
  ) );
#1307 = PCURVE('',#1308,#1313);
#1308 = PLANE('',#1309);
#1309 = AXIS2_PLACEMENT_3D('',#1310,#1311,#1312);
#1310 = CARTESIAN_POINT('',(41.,-10.5,86.));
#1311 = DIRECTION('',(0.,0.,1.));
#1312 = DIRECTION('',(1.,0.,-0.));
#1313 = DEFINITIONAL_REPRESENTATION('',(#1314),#1318);
#1314 = LINE('',#1315,#1316);
#1315 = CARTESIAN_POINT('',(2.6,18.35));
#1316 = VECTOR('',#1317,1.);
#1317 = DIRECTION('',(0.,-1.));
#1318 = ( GEOMETRIC_REPRESENTATION_CONTEXT(2) 
PARAMETRIC_REPRESENTATION_CONTEXT() REPRESENTATION_CONTEXT('2D SPACE',''
  ) );
#1319 = ORIENTED_EDGE('',*,*,#1320,.T.);
#1320 = EDGE_CURVE('',#1293,#516,#1321,.T.);
#1321 = SURFACE_CURVE('',#1322,(#1327,#1338),.PCURVE_S1.);
#1322 = ELLIPSE('',#1323,0.848528137424,0.6);
#1323 = AXIS2_PLACEMENT_3D('',#1324,#1325,#1326);
#1324 = CARTESIAN_POINT('',(43.6,-7.356071777723,85.4));
#1325 = DIRECTION('',(0.707106781187,-0.707106781187,1.570092458684E-16)
  );
#1326 = DIRECTION('',(0.707106781187,0.707106781187,1.570092458684E-16)
  );
#1327 = PCURVE('',#288,#1328);
#1328 = DEFINITIONAL_REPRESENTATION('',(#1329),#1337);
#1329 = B_SPLINE_CURVE_WITH_KNOTS('',6,(#1330,#1331,#1332,#1333,#1334,
    #1335,#1336),.UNSPECIFIED.,.F.,.F.,(7,7),(1.570797029242,
    2.791635942347),.PIECEWISE_BEZIER_KNOTS.);
#1330 = CARTESIAN_POINT('',(-1.570795624347,15.206072199191));
#1331 = CARTESIAN_POINT('',(-1.367322472163,15.328156090502));
#1332 = CARTESIAN_POINT('',(-1.163849496248,15.450237572551));
#1333 = CARTESIAN_POINT('',(-0.960376206613,15.563236026095));
#1334 = CARTESIAN_POINT('',(-0.756902790287,15.657989786916));
#1335 = CARTESIAN_POINT('',(-0.553429863427,15.727846976911));
#1336 = CARTESIAN_POINT('',(-0.349956711242,15.769704311075));
#1337 = ( GEOMETRIC_REPRESENTATION_CONTEXT(2) 
PARAMETRIC_REPRESENTATION_CONTEXT() REPRESENTATION_CONTEXT('2D SPACE',''
  ) );
#1338 = PCURVE('',#563,#1339);
#1339 = DEFINITIONAL_REPRESENTATION('',(#1340),#1348);
#1340 = B_SPLINE_CURVE_WITH_KNOTS('',6,(#1341,#1342,#1343,#1344,#1345,
    #1346,#1347),.UNSPECIFIED.,.F.,.F.,(7,7),(1.570797029242,
    2.791635942347),.PIECEWISE_BEZIER_KNOTS.);
#1341 = CARTESIAN_POINT('',(7.024474749651E-07,0.599999578532));
#1342 = CARTESIAN_POINT('',(0.203473854632,0.477915687221));
#1343 = CARTESIAN_POINT('',(0.406946830547,0.355834205172));
#1344 = CARTESIAN_POINT('',(0.610420120182,0.242835751628));
#1345 = CARTESIAN_POINT('',(0.813893536508,0.148081990806));
#1346 = CARTESIAN_POINT('',(1.017366463368,7.822480081118E-02));
#1347 = CARTESIAN_POINT('',(1.220839615552,3.636746664765E-02));
#1348 = ( GEOMETRIC_REPRESENTATION_CONTEXT(2) 
PARAMETRIC_REPRESENTATION_CONTEXT() REPRESENTATION_CONTEXT('2D SPACE',''
  ) );
#1349 = ORIENTED_EDGE('',*,*,#515,.T.);
#1350 = ORIENTED_EDGE('',*,*,#274,.F.);
#1351 = ORIENTED_EDGE('',*,*,#1352,.F.);
#1352 = EDGE_CURVE('',#1256,#251,#1353,.T.);
#1353 = SURFACE_CURVE('',#1354,(#1361,#1371),.PCURVE_S1.);
#1354 = B_SPLINE_CURVE_WITH_KNOTS('',5,(#1355,#1356,#1357,#1358,#1359,
    #1360),.UNSPECIFIED.,.F.,.F.,(6,6),(0.,1.),
  .PIECEWISE_BEZIER_KNOTS.);
#1355 = CARTESIAN_POINT('',(43.036367466646,7.919704311075,
    85.605714285714));
#1356 = CARTESIAN_POINT('',(43.021552499256,7.934519278466,
    85.565123047371));
#1357 = CARTESIAN_POINT('',(43.01054314753,7.951829613116,
    85.523612847787));
#1358 = CARTESIAN_POINT('',(43.00341572552,7.971735360452,
    85.481859846741));
#1359 = CARTESIAN_POINT('',(43.,7.9941657645,85.440491069767));
#1360 = CARTESIAN_POINT('',(43.,8.018929156483,85.4));
#1361 = PCURVE('',#288,#1362);
#1362 = DEFINITIONAL_REPRESENTATION('',(#1363),#1370);
#1363 = B_SPLINE_CURVE_WITH_KNOTS('',5,(#1364,#1365,#1366,#1367,#1368,
    #1369),.UNSPECIFIED.,.F.,.F.,(6,6),(0.,1.),
  .PIECEWISE_BEZIER_KNOTS.);
#1364 = CARTESIAN_POINT('',(-0.349956711242,-6.970431107497E-02));
#1365 = CARTESIAN_POINT('',(-0.277939508647,-8.451927846579E-02));
#1366 = CARTESIAN_POINT('',(-0.206659001078,-0.101829613116));
#1367 = CARTESIAN_POINT('',(-0.1364338842,-0.121735360452));
#1368 = CARTESIAN_POINT('',(-6.748511627898E-02,-0.1441657645));
#1369 = CARTESIAN_POINT('',(0.,-0.168929156483));
#1370 = ( GEOMETRIC_REPRESENTATION_CONTEXT(2) 
PARAMETRIC_REPRESENTATION_CONTEXT() REPRESENTATION_CONTEXT('2D SPACE',''
  ) );
#1371 = PCURVE('',#238,#1372);
#1372 = DEFINITIONAL_REPRESENTATION('',(#1373),#1380);
#1373 = B_SPLINE_CURVE_WITH_KNOTS('',5,(#1374,#1375,#1376,#1377,#1378,
    #1379),.UNSPECIFIED.,.F.,.F.,(6,6),(0.,1.),
  .PIECEWISE_BEZIER_KNOTS.);
#1374 = CARTESIAN_POINT('',(5.062345691628,1.036367466645));
#1375 = CARTESIAN_POINT('',(5.099919884286,1.021552499254));
#1376 = CARTESIAN_POINT('',(5.138988724722,1.010543147533));
#1377 = CARTESIAN_POINT('',(5.179140005375,1.003415725518));
#1378 = CARTESIAN_POINT('',(5.220004932057,1.));
#1379 = CARTESIAN_POINT('',(5.261277252028,1.));
#1380 = ( GEOMETRIC_REPRESENTATION_CONTEXT(2) 
PARAMETRIC_REPRESENTATION_CONTEXT() REPRESENTATION_CONTEXT('2D SPACE',''
  ) );
#1381 = ADVANCED_FACE('',(#1382),#238,.F.);
#1382 = FACE_BOUND('',#1383,.F.);
#1383 = EDGE_LOOP('',(#1384,#1385,#1408,#1432,#1502,#1524,#1525,#1526,
    #1591,#1762,#1860,#1994,#2127,#2156,#2204,#2307,#2328));
#1384 = ORIENTED_EDGE('',*,*,#250,.T.);
#1385 = ORIENTED_EDGE('',*,*,#1386,.T.);
#1386 = EDGE_CURVE('',#222,#1387,#1389,.T.);
#1387 = VERTEX_POINT('',#1388);
#1388 = CARTESIAN_POINT('',(68.,9.,84.85));
#1389 = SEAM_CURVE('',#1390,(#1394,#1401),.PCURVE_S1.);
#1390 = LINE('',#1391,#1392);
#1391 = CARTESIAN_POINT('',(42.,9.,84.85));
#1392 = VECTOR('',#1393,1.);
#1393 = DIRECTION('',(1.,0.,2.22044604925E-16));
#1394 = PCURVE('',#238,#1395);
#1395 = DEFINITIONAL_REPRESENTATION('',(#1396),#1400);
#1396 = LINE('',#1397,#1398);
#1397 = CARTESIAN_POINT('',(6.28318530718,-0.));
#1398 = VECTOR('',#1399,1.);
#1399 = DIRECTION('',(0.,1.));
#1400 = ( GEOMETRIC_REPRESENTATION_CONTEXT(2) 
PARAMETRIC_REPRESENTATION_CONTEXT() REPRESENTATION_CONTEXT('2D SPACE',''
  ) );
#1401 = PCURVE('',#238,#1402);
#1402 = DEFINITIONAL_REPRESENTATION('',(#1403),#1407);
#1403 = LINE('',#1404,#1405);
#1404 = CARTESIAN_POINT('',(0.,-0.));
#1405 = VECTOR('',#1406,1.);
#1406 = DIRECTION('',(0.,1.));
#1407 = ( GEOMETRIC_REPRESENTATION_CONTEXT(2) 
PARAMETRIC_REPRESENTATION_CONTEXT() REPRESENTATION_CONTEXT('2D SPACE',''
  ) );
#1408 = ORIENTED_EDGE('',*,*,#1409,.F.);
#1409 = EDGE_CURVE('',#1410,#1387,#1412,.T.);
#1410 = VERTEX_POINT('',#1411);
#1411 = CARTESIAN_POINT('',(68.,10.,86.56789083458));
#1412 = SURFACE_CURVE('',#1413,(#1418,#1425),.PCURVE_S1.);
#1413 = CIRCLE('',#1414,1.15);
#1414 = AXIS2_PLACEMENT_3D('',#1415,#1416,#1417);
#1415 = CARTESIAN_POINT('',(68.,9.,86.));
#1416 = DIRECTION('',(1.,0.,2.22044604925E-16));
#1417 = DIRECTION('',(2.22044604925E-16,0.,-1.));
#1418 = PCURVE('',#238,#1419);
#1419 = DEFINITIONAL_REPRESENTATION('',(#1420),#1424);
#1420 = LINE('',#1421,#1422);
#1421 = CARTESIAN_POINT('',(0.,26.));
#1422 = VECTOR('',#1423,1.);
#1423 = DIRECTION('',(1.,0.));
#1424 = ( GEOMETRIC_REPRESENTATION_CONTEXT(2) 
PARAMETRIC_REPRESENTATION_CONTEXT() REPRESENTATION_CONTEXT('2D SPACE',''
  ) );
#1425 = PCURVE('',#409,#1426);
#1426 = DEFINITIONAL_REPRESENTATION('',(#1427),#1431);
#1427 = CIRCLE('',#1428,1.15);
#1428 = AXIS2_PLACEMENT_2D('',#1429,#1430);
#1429 = CARTESIAN_POINT('',(3.,-23.));
#1430 = DIRECTION('',(-1.,0.));
#1431 = ( GEOMETRIC_REPRESENTATION_CONTEXT(2) 
PARAMETRIC_REPRESENTATION_CONTEXT() REPRESENTATION_CONTEXT('2D SPACE',''
  ) );
#1432 = ORIENTED_EDGE('',*,*,#1433,.F.);
#1433 = EDGE_CURVE('',#1434,#1410,#1436,.T.);
#1434 = VERTEX_POINT('',#1435);
#1435 = CARTESIAN_POINT('',(68.,10.,85.43210916542));
#1436 = SURFACE_CURVE('',#1437,(#1455,#1476),.PCURVE_S1.);
#1437 = B_SPLINE_CURVE_WITH_KNOTS('',6,(#1438,#1439,#1440,#1441,#1442,
    #1443,#1444,#1445,#1446,#1447,#1448,#1449,#1450,#1451,#1452,#1453,
    #1454),.UNSPECIFIED.,.F.,.F.,(7,5,5,7),(0.,0.499987831601,
    0.859884476566,1.),.UNSPECIFIED.);
#1438 = CARTESIAN_POINT('',(68.,10.,85.43210916542));
#1439 = CARTESIAN_POINT('',(68.,10.050312439923,85.520704432078));
#1440 = CARTESIAN_POINT('',(67.999240577048,10.090333754086,
    85.613112663343));
#1441 = CARTESIAN_POINT('',(67.998304360108,10.120208966023,
    85.708164320559));
#1442 = CARTESIAN_POINT('',(67.997559154804,10.140070463776,
    85.804895625695));
#1443 = CARTESIAN_POINT('',(67.997186510535,10.15,85.902451106184));
#1444 = CARTESIAN_POINT('',(67.997186510535,10.15,86.07021674806));
#1445 = CARTESIAN_POINT('',(67.997379634863,10.144855572802,
    86.140431174465));
#1446 = CARTESIAN_POINT('',(67.997765570649,10.134565790888,
    86.210339510007));
#1447 = CARTESIAN_POINT('',(67.998296046577,10.119110069003,
    86.279623785389));
#1448 = CARTESIAN_POINT('',(67.99887225639,10.098450614319,
    86.347944359964));
#1449 = CARTESIAN_POINT('',(67.999525273639,10.06244532117,
    86.441012358388));
#1450 = CARTESIAN_POINT('',(67.999692146747,10.051559550365,
    86.466888995154));
#1451 = CARTESIAN_POINT('',(67.999833930323,10.039874688135,
    86.492539862947));
#1452 = CARTESIAN_POINT('',(67.999940384313,10.027388072265,
    86.517940994636));
#1453 = CARTESIAN_POINT('',(68.,10.014097254391,86.54306695377));
#1454 = CARTESIAN_POINT('',(68.,10.,86.56789083458));
#1455 = PCURVE('',#238,#1456);
#1456 = DEFINITIONAL_REPRESENTATION('',(#1457),#1475);
#1457 = B_SPLINE_CURVE_WITH_KNOTS('',6,(#1458,#1459,#1460,#1461,#1462,
    #1463,#1464,#1465,#1466,#1467,#1468,#1469,#1470,#1471,#1472,#1473,
    #1474),.UNSPECIFIED.,.F.,.F.,(7,5,5,7),(0.,0.499987831601,
    0.859884476566,1.),.UNSPECIFIED.);
#1458 = CARTESIAN_POINT('',(1.054321185948,26.));
#1459 = CARTESIAN_POINT('',(1.142916452607,26.));
#1460 = CARTESIAN_POINT('',(1.229975948656,25.999240577048));
#1461 = CARTESIAN_POINT('',(1.315928167001,25.998304360108));
#1462 = CARTESIAN_POINT('',(1.401140186458,25.997559154804));
#1463 = CARTESIAN_POINT('',(1.485971201737,25.997186510535));
#1464 = CARTESIAN_POINT('',(1.631854368586,25.997186510535));
#1465 = CARTESIAN_POINT('',(1.692910309645,25.997379634863));
#1466 = CARTESIAN_POINT('',(1.754110047995,25.997765570649));
#1467 = CARTESIAN_POINT('',(1.815586477069,25.998296046577));
#1468 = CARTESIAN_POINT('',(1.877475736615,25.99887225639));
#1469 = CARTESIAN_POINT('',(1.964249603323,25.999525273639));
#1470 = CARTESIAN_POINT('',(1.988650747381,25.999692146747));
#1471 = CARTESIAN_POINT('',(2.013145300084,25.999833930323));
#1472 = CARTESIAN_POINT('',(2.037741533378,25.999940384313));
#1473 = CARTESIAN_POINT('',(2.062447586832,26.));
#1474 = CARTESIAN_POINT('',(2.087271467642,26.));
#1475 = ( GEOMETRIC_REPRESENTATION_CONTEXT(2) 
PARAMETRIC_REPRESENTATION_CONTEXT() REPRESENTATION_CONTEXT('2D SPACE',''
  ) );
#1476 = PCURVE('',#1477,#1482);
#1477 = CYLINDRICAL_SURFACE('',#1478,4.);
#1478 = AXIS2_PLACEMENT_3D('',#1479,#1480,#1481);
#1479 = CARTESIAN_POINT('',(64.,10.,83.));
#1480 = DIRECTION('',(0.,0.,1.));
#1481 = DIRECTION('',(1.,0.,-0.));
#1482 = DEFINITIONAL_REPRESENTATION('',(#1483),#1501);
#1483 = B_SPLINE_CURVE_WITH_KNOTS('',6,(#1484,#1485,#1486,#1487,#1488,
    #1489,#1490,#1491,#1492,#1493,#1494,#1495,#1496,#1497,#1498,#1499,
    #1500),.UNSPECIFIED.,.F.,.F.,(7,5,5,7),(0.,0.499987831601,
    0.859884476566,1.),.UNSPECIFIED.);
#1484 = CARTESIAN_POINT('',(0.,2.43210916542));
#1485 = CARTESIAN_POINT('',(1.257810998064E-02,2.520704432078));
#1486 = CARTESIAN_POINT('',(2.25834425664E-02,2.613112663343));
#1487 = CARTESIAN_POINT('',(3.005580701785E-02,2.708164320559));
#1488 = CARTESIAN_POINT('',(3.502465975823E-02,2.804895625695));
#1489 = CARTESIAN_POINT('',(3.750879462899E-02,2.902451106184));
#1490 = CARTESIAN_POINT('',(3.750879462899E-02,3.07021674806));
#1491 = CARTESIAN_POINT('',(3.622180123835E-02,3.140431174465));
#1492 = CARTESIAN_POINT('',(3.36474934249E-02,3.210339510007));
#1493 = CARTESIAN_POINT('',(2.978135921751E-02,3.279623785389));
#1494 = CARTESIAN_POINT('',(2.461471305329E-02,3.347944359964));
#1495 = CARTESIAN_POINT('',(1.56119094403E-02,3.441012358388));
#1496 = CARTESIAN_POINT('',(1.289015498247E-02,3.466888995154));
#1497 = CARTESIAN_POINT('',(9.96875068166E-03,3.492539862947));
#1498 = CARTESIAN_POINT('',(6.847020933298E-03,3.517940994636));
#1499 = CARTESIAN_POINT('',(3.524313597691E-03,3.54306695377));
#1500 = CARTESIAN_POINT('',(0.,3.56789083458));
#1501 = ( GEOMETRIC_REPRESENTATION_CONTEXT(2) 
PARAMETRIC_REPRESENTATION_CONTEXT() REPRESENTATION_CONTEXT('2D SPACE',''
  ) );
#1502 = ORIENTED_EDGE('',*,*,#1503,.F.);
#1503 = EDGE_CURVE('',#1387,#1434,#1504,.T.);
#1504 = SURFACE_CURVE('',#1505,(#1510,#1517),.PCURVE_S1.);
#1505 = CIRCLE('',#1506,1.15);
#1506 = AXIS2_PLACEMENT_3D('',#1507,#1508,#1509);
#1507 = CARTESIAN_POINT('',(68.,9.,86.));
#1508 = DIRECTION('',(1.,0.,2.22044604925E-16));
#1509 = DIRECTION('',(2.22044604925E-16,0.,-1.));
#1510 = PCURVE('',#238,#1511);
#1511 = DEFINITIONAL_REPRESENTATION('',(#1512),#1516);
#1512 = LINE('',#1513,#1514);
#1513 = CARTESIAN_POINT('',(0.,26.));
#1514 = VECTOR('',#1515,1.);
#1515 = DIRECTION('',(1.,0.));
#1516 = ( GEOMETRIC_REPRESENTATION_CONTEXT(2) 
PARAMETRIC_REPRESENTATION_CONTEXT() REPRESENTATION_CONTEXT('2D SPACE',''
  ) );
#1517 = PCURVE('',#409,#1518);
#1518 = DEFINITIONAL_REPRESENTATION('',(#1519),#1523);
#1519 = CIRCLE('',#1520,1.15);
#1520 = AXIS2_PLACEMENT_2D('',#1521,#1522);
#1521 = CARTESIAN_POINT('',(3.,-23.));
#1522 = DIRECTION('',(-1.,0.));
#1523 = ( GEOMETRIC_REPRESENTATION_CONTEXT(2) 
PARAMETRIC_REPRESENTATION_CONTEXT() REPRESENTATION_CONTEXT('2D SPACE',''
  ) );
#1524 = ORIENTED_EDGE('',*,*,#1386,.F.);
#1525 = ORIENTED_EDGE('',*,*,#221,.T.);
#1526 = ORIENTED_EDGE('',*,*,#1527,.T.);
#1527 = EDGE_CURVE('',#194,#1528,#1530,.T.);
#1528 = VERTEX_POINT('',#1529);
#1529 = CARTESIAN_POINT('',(43.000007183493,10.007580757838,
    85.445670659355));
#1530 = SURFACE_CURVE('',#1531,(#1549,#1570),.PCURVE_S1.);
#1531 = B_SPLINE_CURVE_WITH_KNOTS('',6,(#1532,#1533,#1534,#1535,#1536,
    #1537,#1538,#1539,#1540,#1541,#1542,#1543,#1544,#1545,#1546,#1547,
    #1548),.UNSPECIFIED.,.F.,.F.,(7,5,5,7),(0.,0.499987831622,
    0.859884476572,1.),.UNSPECIFIED.);
#1532 = CARTESIAN_POINT('',(43.,10.,85.43210916542));
#1533 = CARTESIAN_POINT('',(43.,10.050312439927,85.520704432086));
#1534 = CARTESIAN_POINT('',(43.000759422952,10.090333754078,
    85.613112663331));
#1535 = CARTESIAN_POINT('',(43.001695639892,10.120208966029,
    85.708164320558));
#1536 = CARTESIAN_POINT('',(43.002440845196,10.140070463774,
    85.804895625709));
#1537 = CARTESIAN_POINT('',(43.002813489465,10.15,85.902451106175));
#1538 = CARTESIAN_POINT('',(43.002813489465,10.15,86.07021674806));
#1539 = CARTESIAN_POINT('',(43.002620365137,10.144855572802,
    86.140431174465));
#1540 = CARTESIAN_POINT('',(43.002234429351,10.134565790888,
    86.210339510007));
#1541 = CARTESIAN_POINT('',(43.001703953423,10.119110069003,
    86.279623785389));
#1542 = CARTESIAN_POINT('',(43.00112774361,10.098450614319,
    86.347944359964));
#1543 = CARTESIAN_POINT('',(43.000474726361,10.06244532117,
    86.441012358388));
#1544 = CARTESIAN_POINT('',(43.000307853253,10.051559550365,
    86.466888995154));
#1545 = CARTESIAN_POINT('',(43.000166069677,10.039874688135,
    86.492539862947));
#1546 = CARTESIAN_POINT('',(43.000059615687,10.027388072265,
    86.517940994636));
#1547 = CARTESIAN_POINT('',(43.,10.014097254391,86.54306695377));
#1548 = CARTESIAN_POINT('',(43.,10.,86.56789083458));
#1549 = PCURVE('',#238,#1550);
#1550 = DEFINITIONAL_REPRESENTATION('',(#1551),#1569);
#1551 = B_SPLINE_CURVE_WITH_KNOTS('',6,(#1552,#1553,#1554,#1555,#1556,
    #1557,#1558,#1559,#1560,#1561,#1562,#1563,#1564,#1565,#1566,#1567,
    #1568),.UNSPECIFIED.,.F.,.F.,(7,5,5,7),(0.,0.499987831622,
    0.859884476572,1.),.UNSPECIFIED.);
#1552 = CARTESIAN_POINT('',(1.054321185948,1.));
#1553 = CARTESIAN_POINT('',(1.142916452614,1.));
#1554 = CARTESIAN_POINT('',(1.229975948644,1.000759422952));
#1555 = CARTESIAN_POINT('',(1.315928167001,1.001695639892));
#1556 = CARTESIAN_POINT('',(1.401140186469,1.002440845196));
#1557 = CARTESIAN_POINT('',(1.48597120173,1.002813489465));
#1558 = CARTESIAN_POINT('',(1.631854368586,1.002813489465));
#1559 = CARTESIAN_POINT('',(1.692910309645,1.002620365137));
#1560 = CARTESIAN_POINT('',(1.754110047995,1.002234429351));
#1561 = CARTESIAN_POINT('',(1.815586477069,1.001703953423));
#1562 = CARTESIAN_POINT('',(1.877475736615,1.00112774361));
#1563 = CARTESIAN_POINT('',(1.964249603323,1.000474726361));
#1564 = CARTESIAN_POINT('',(1.988650747381,1.000307853253));
#1565 = CARTESIAN_POINT('',(2.013145300084,1.000166069677));
#1566 = CARTESIAN_POINT('',(2.037741533378,1.000059615687));
#1567 = CARTESIAN_POINT('',(2.062447586832,1.));
#1568 = CARTESIAN_POINT('',(2.087271467642,1.));
#1569 = ( GEOMETRIC_REPRESENTATION_CONTEXT(2) 
PARAMETRIC_REPRESENTATION_CONTEXT() REPRESENTATION_CONTEXT('2D SPACE',''
  ) );
#1570 = PCURVE('',#209,#1571);
#1571 = DEFINITIONAL_REPRESENTATION('',(#1572),#1590);
#1572 = B_SPLINE_CURVE_WITH_KNOTS('',6,(#1573,#1574,#1575,#1576,#1577,
    #1578,#1579,#1580,#1581,#1582,#1583,#1584,#1585,#1586,#1587,#1588,
    #1589),.UNSPECIFIED.,.F.,.F.,(7,5,5,7),(0.,0.499987831622,
    0.859884476572,1.),.UNSPECIFIED.);
#1573 = CARTESIAN_POINT('',(0.,2.43210916542));
#1574 = CARTESIAN_POINT('',(-1.257810998172E-02,2.520704432086));
#1575 = CARTESIAN_POINT('',(-2.258344256425E-02,2.613112663331));
#1576 = CARTESIAN_POINT('',(-3.005580701946E-02,2.708164320558));
#1577 = CARTESIAN_POINT('',(-3.50246597578E-02,2.804895625709));
#1578 = CARTESIAN_POINT('',(-3.750879462899E-02,2.902451106175));
#1579 = CARTESIAN_POINT('',(-3.750879462899E-02,3.07021674806));
#1580 = CARTESIAN_POINT('',(-3.622180123835E-02,3.140431174465));
#1581 = CARTESIAN_POINT('',(-3.36474934249E-02,3.210339510007));
#1582 = CARTESIAN_POINT('',(-2.978135921751E-02,3.279623785389));
#1583 = CARTESIAN_POINT('',(-2.461471305329E-02,3.347944359964));
#1584 = CARTESIAN_POINT('',(-1.56119094403E-02,3.441012358388));
#1585 = CARTESIAN_POINT('',(-1.289015498247E-02,3.466888995154));
#1586 = CARTESIAN_POINT('',(-9.96875068166E-03,3.492539862947));
#1587 = CARTESIAN_POINT('',(-6.847020933299E-03,3.517940994636));
#1588 = CARTESIAN_POINT('',(-3.524313597691E-03,3.54306695377));
#1589 = CARTESIAN_POINT('',(0.,3.56789083458));
#1590 = ( GEOMETRIC_REPRESENTATION_CONTEXT(2) 
PARAMETRIC_REPRESENTATION_CONTEXT() REPRESENTATION_CONTEXT('2D SPACE',''
  ) );
#1591 = ORIENTED_EDGE('',*,*,#1592,.F.);
#1592 = EDGE_CURVE('',#1593,#1528,#1595,.T.);
#1593 = VERTEX_POINT('',#1594);
#1594 = CARTESIAN_POINT('',(43.170126773044,10.14484636922,
    85.891248949965));
#1595 = SURFACE_CURVE('',#1596,(#1611,#1629),.PCURVE_S1.);
#1596 = B_SPLINE_CURVE_WITH_KNOTS('',7,(#1597,#1598,#1599,#1600,#1601,
    #1602,#1603,#1604,#1605,#1606,#1607,#1608,#1609,#1610),
  .UNSPECIFIED.,.F.,.F.,(8,6,8),(0.,0.536394600483,1.),.UNSPECIFIED.);
#1597 = CARTESIAN_POINT('',(43.170126773044,10.14484636922,
    85.891248949965));
#1598 = CARTESIAN_POINT('',(43.144661288762,10.141996826173,
    85.861251179729));
#1599 = CARTESIAN_POINT('',(43.121209831718,10.138051330925,
    85.829456222313));
#1600 = CARTESIAN_POINT('',(43.099941742141,10.132826510219,
    85.796140728478));
#1601 = CARTESIAN_POINT('',(43.080954866071,10.126168041705,
    85.761623651411));
#1602 = CARTESIAN_POINT('',(43.064296115514,10.117965000142,
    85.726249020727));
#1603 = CARTESIAN_POINT('',(43.049913674236,10.108184820657,
    85.690418508824));
#1604 = CARTESIAN_POINT('',(43.027286587544,10.087123995068,
    85.623545597457));
#1605 = CARTESIAN_POINT('',(43.018474090641,10.076227611712,
    85.592515254499));
#1606 = CARTESIAN_POINT('',(43.011310434413,10.064226165647,
    85.56168812578));
#1607 = CARTESIAN_POINT('',(43.00578087291,10.051197762332,
    85.531333846064));
#1608 = CARTESIAN_POINT('',(43.001990461923,10.037284306324,
    85.501722002991));
#1609 = CARTESIAN_POINT('',(43.000035766429,10.022662568925,
    85.473084224277));
#1610 = CARTESIAN_POINT('',(43.000007183491,10.007580757133,
    85.445670659395));
#1611 = PCURVE('',#238,#1612);
#1612 = DEFINITIONAL_REPRESENTATION('',(#1613),#1628);
#1613 = B_SPLINE_CURVE_WITH_KNOTS('',7,(#1614,#1615,#1616,#1617,#1618,
    #1619,#1620,#1621,#1622,#1623,#1624,#1625,#1626,#1627),
  .UNSPECIFIED.,.F.,.F.,(8,6,8),(0.,0.536394600483,1.),.UNSPECIFIED.);
#1614 = CARTESIAN_POINT('',(1.476088679163,1.170126773044));
#1615 = CARTESIAN_POINT('',(1.449886237471,1.144661288762));
#1616 = CARTESIAN_POINT('',(1.42203791305,1.121209831718));
#1617 = CARTESIAN_POINT('',(1.39273868436,1.099941742141));
#1618 = CARTESIAN_POINT('',(1.362206117607,1.080954866071));
#1619 = CARTESIAN_POINT('',(1.330666391236,1.064296115514));
#1620 = CARTESIAN_POINT('',(1.298393697916,1.049913674236));
#1621 = CARTESIAN_POINT('',(1.237427658535,1.027286587544));
#1622 = CARTESIAN_POINT('',(1.208844673556,1.018474090641));
#1623 = CARTESIAN_POINT('',(1.180104771398,1.011310434413));
#1624 = CARTESIAN_POINT('',(1.151411085284,1.00578087291));
#1625 = CARTESIAN_POINT('',(1.12298574192,1.001990461923));
#1626 = CARTESIAN_POINT('',(1.095038578185,1.000035766429));
#1627 = CARTESIAN_POINT('',(1.067831265334,1.000007183491));
#1628 = ( GEOMETRIC_REPRESENTATION_CONTEXT(2) 
PARAMETRIC_REPRESENTATION_CONTEXT() REPRESENTATION_CONTEXT('2D SPACE',''
  ) );
#1629 = PCURVE('',#1630,#1727);
#1630 = ( BOUNDED_SURFACE() B_SPLINE_SURFACE(2,11,(
    (#1631,#1632,#1633,#1634,#1635,#1636,#1637,#1638,#1639,#1640,#1641
      ,#1642,#1643,#1644,#1645,#1646,#1647,#1648,#1649,#1650,#1651,#1652
      ,#1653,#1654,#1655,#1656,#1657,#1658,#1659,#1660,#1661,#1662)
    ,(#1663,#1664,#1665,#1666,#1667,#1668,#1669,#1670,#1671,#1672,#1673
      ,#1674,#1675,#1676,#1677,#1678,#1679,#1680,#1681,#1682,#1683,#1684
      ,#1685,#1686,#1687,#1688,#1689,#1690,#1691,#1692,#1693,#1694)
    ,(#1695,#1696,#1697,#1698,#1699,#1700,#1701,#1702,#1703,#1704,#1705
      ,#1706,#1707,#1708,#1709,#1710,#1711,#1712,#1713,#1714,#1715,#1716
      ,#1717,#1718,#1719,#1720,#1721,#1722,#1723,#1724,#1725,#1726
)),.UNSPECIFIED.,.F.,.F.,.F.) B_SPLINE_SURFACE_WITH_KNOTS((3,3),(12,10,
    10,12),(0.,1.027709803601),(-0.28339506726,-0.264427633988,
    0.14283082406,0.763282169613),.UNSPECIFIED.) 
GEOMETRIC_REPRESENTATION_ITEM() RATIONAL_B_SPLINE_SURFACE((
    (1.,1.,1.,1.,1.,1.,1.,1.,1.,1.,1.,1.,1.,1.,1.,1.,1.,1.,1.,1.,1.,1.
      ,1.,1.,1.,1.,1.,1.,1.,1.,1.,1.)
    ,(0.707462366237,0.70762842958,0.707761280254,0.70786091826
      ,0.707927343598,0.707960556266,0.707960556266,0.707927343598
      ,0.70786091826,0.707761280254,0.70762842958,0.703896744038
      ,0.702084438994,0.700808717398,0.699013479668,0.697062011465
      ,0.689037466898,0.68693016061,0.680387752679,0.674961567449
      ,0.668845921925,0.652892493693,0.642695993345,0.632186647134
      ,0.621690467139,0.611596064689,0.602333246658,0.594341407051
      ,0.588027713918,0.583715091556,0.581579998038,0.581579998038)
    ,(1.,1.,1.,1.,1.,1.,1.,1.,1.,1.,1.,1.,1.,1.,1.,1.,1.,1.,1.,1.,1.,1.
,1.,1.,1.,1.,1.,1.,1.,1.,1.,1.))) REPRESENTATION_ITEM('') SURFACE() );
#1631 = CARTESIAN_POINT('',(43.598427360463,9.72708049322,
    85.998613085853));
#1632 = CARTESIAN_POINT('',(43.598476430922,9.731719472615,
    85.998787072505));
#1633 = CARTESIAN_POINT('',(43.598525501381,9.73635845201,
    85.998961059157));
#1634 = CARTESIAN_POINT('',(43.598574571841,9.740997431405,
    85.999135045809));
#1635 = CARTESIAN_POINT('',(43.5986236423,9.7456364108,85.99930903246));
#1636 = CARTESIAN_POINT('',(43.598672712759,9.750275390195,
    85.999483019112));
#1637 = CARTESIAN_POINT('',(43.598721783218,9.75491436959,
    85.999657005764));
#1638 = CARTESIAN_POINT('',(43.598770853678,9.759553348985,
    85.999830992415));
#1639 = CARTESIAN_POINT('',(43.598819924137,9.76419232838,
    86.000004979067));
#1640 = CARTESIAN_POINT('',(43.598868994596,9.768831307774,
    86.000178965718));
#1641 = CARTESIAN_POINT('',(43.598918065055,9.773470287169,
    86.00035295237));
#1642 = CARTESIAN_POINT('',(43.600020749842,9.877714920536,
    86.004262686199));
#1643 = CARTESIAN_POINT('',(43.602437969243,9.944378331137,
    86.021278909724));
#1644 = CARTESIAN_POINT('',(43.604581536322,9.994681096037,
    86.037064735079));
#1645 = CARTESIAN_POINT('',(43.606387590413,10.031525410956,
    86.051777638892));
#1646 = CARTESIAN_POINT('',(43.611445433304,10.067824402421,
    86.069282648621));
#1647 = CARTESIAN_POINT('',(43.618922799919,10.08653062168,
    86.076619267903));
#1648 = CARTESIAN_POINT('',(43.624171833484,10.128565579096,
    86.099502888167));
#1649 = CARTESIAN_POINT('',(43.632675405997,10.153818891236,
    86.115809700453));
#1650 = CARTESIAN_POINT('',(43.640828300957,10.184565845358,
    86.136780711383));
#1651 = CARTESIAN_POINT('',(43.649854890714,10.212815412448,
    86.158725337261));
#1652 = CARTESIAN_POINT('',(43.673669139021,10.281783965308,
    86.218274496709));
#1653 = CARTESIAN_POINT('',(43.689072007336,10.320885754825,
    86.257918878151));
#1654 = CARTESIAN_POINT('',(43.705055474513,10.357218374313,
    86.301174508994));
#1655 = CARTESIAN_POINT('',(43.721090077682,10.39045475224,
    86.348007601045));
#1656 = CARTESIAN_POINT('',(43.736564158654,10.420183332086,
    86.398329284161));
#1657 = CARTESIAN_POINT('',(43.750806138574,10.445931432714,
    86.451923553752));
#1658 = CARTESIAN_POINT('',(43.76312687216,10.467202486556,
    86.50840642752));
#1659 = CARTESIAN_POINT('',(43.772882086022,10.483527156712,
    86.567216320354));
#1660 = CARTESIAN_POINT('',(43.779554896635,10.494528331882,
    86.627635628574));
#1661 = CARTESIAN_POINT('',(43.782858411572,10.5,86.688843530714));
#1662 = CARTESIAN_POINT('',(43.782858411571,10.5,86.75));
#1663 = CARTESIAN_POINT('',(43.002170696608,9.730160102567,
    85.998521012194));
#1664 = CARTESIAN_POINT('',(43.001931657985,9.734858223605,
    85.998716354744));
#1665 = CARTESIAN_POINT('',(43.001693387683,9.739541243896,
    85.998911069422));
#1666 = CARTESIAN_POINT('',(43.001455851729,9.744209831123,
    85.99910518399));
#1667 = CARTESIAN_POINT('',(43.001219016382,9.748864648464,
    85.999298726021));
#1668 = CARTESIAN_POINT('',(43.000982848112,9.753506354911,
    85.999491722916));
#1669 = CARTESIAN_POINT('',(43.000747313587,9.758135605582,
    85.999684201914));
#1670 = CARTESIAN_POINT('',(43.000512379657,9.762753052025,
    85.999876190106));
#1671 = CARTESIAN_POINT('',(43.000278013337,9.767359342528,
    86.000067714446));
#1672 = CARTESIAN_POINT('',(43.000044181793,9.771955122418,
    86.000258801767));
#1673 = CARTESIAN_POINT('',(42.999810852326,9.776541034367,
    86.000449478791));
#1674 = CARTESIAN_POINT('',(42.994551642675,9.879906771655,
    86.004747309038));
#1675 = CARTESIAN_POINT('',(42.993903067553,9.945639792296,
    86.02172100123));
#1676 = CARTESIAN_POINT('',(42.993818793377,9.996573322583,
    86.037472838758));
#1677 = CARTESIAN_POINT('',(42.992675993257,10.035214179251,
    86.052829519845));
#1678 = CARTESIAN_POINT('',(42.994135200637,10.076557002991,
    86.071973989925));
#1679 = CARTESIAN_POINT('',(42.988176889394,10.103471388283,
    86.084708882729));
#1680 = CARTESIAN_POINT('',(42.989695646808,10.145180121576,
    86.108517034075));
#1681 = CARTESIAN_POINT('',(42.986920987381,10.175097430265,
    86.128902366442));
#1682 = CARTESIAN_POINT('',(42.985546351566,10.207340358828,
    86.152657167694));
#1683 = CARTESIAN_POINT('',(42.98370086739,10.236937735626,
    86.177497523876));
#1684 = CARTESIAN_POINT('',(42.978641129838,10.308388619794,
    86.244453849467));
#1685 = CARTESIAN_POINT('',(42.975153147545,10.347727672567,
    86.288494846569));
#1686 = CARTESIAN_POINT('',(42.971149356949,10.38258930892,
    86.335291095426));
#1687 = CARTESIAN_POINT('',(42.966624126706,10.412808840939,
    86.38422531602));
#1688 = CARTESIAN_POINT('',(42.961706706104,10.438335094613,
    86.434676302011));
#1689 = CARTESIAN_POINT('',(42.956668930272,10.459228611255,
    86.486114620375));
#1690 = CARTESIAN_POINT('',(42.951904980028,10.475644667796,
    86.538160108986));
#1691 = CARTESIAN_POINT('',(42.947876160644,10.487795108778,
    86.590600940968));
#1692 = CARTESIAN_POINT('',(42.945016773728,10.495882273941,
    86.643372941723));
#1693 = CARTESIAN_POINT('',(42.943604084155,10.5,86.696499804529));
#1694 = CARTESIAN_POINT('',(42.943604084155,10.5,86.75));
#1695 = CARTESIAN_POINT('',(42.999910554175,9.956594222698,
    85.44854360161));
#1696 = CARTESIAN_POINT('',(42.999920036032,9.961597331983,
    85.448261691023));
#1697 = CARTESIAN_POINT('',(42.999929378415,9.966526847324,
    85.447983927239));
#1698 = CARTESIAN_POINT('',(42.999938581322,9.971382768718,
    85.44771031026));
#1699 = CARTESIAN_POINT('',(42.999947644755,9.976165096168,
    85.447440840084));
#1700 = CARTESIAN_POINT('',(42.999956568714,9.980873829671,
    85.447175516712));
#1701 = CARTESIAN_POINT('',(42.999965353197,9.985508969229,
    85.446914340143));
#1702 = CARTESIAN_POINT('',(42.999973998206,9.990070514842,
    85.446657310378));
#1703 = CARTESIAN_POINT('',(42.99998250374,9.994558466509,
    85.446404427417));
#1704 = CARTESIAN_POINT('',(42.999990869799,9.998972824231,
    85.446155691259));
#1705 = CARTESIAN_POINT('',(42.999999096383,10.003313588007,
    85.445911101905));
#1706 = CARTESIAN_POINT('',(43.000180825532,10.09920311815,
    85.440508007096));
#1707 = CARTESIAN_POINT('',(43.002639700219,10.159507929729,
    85.452170278168));
#1708 = CARTESIAN_POINT('',(43.004445357696,10.209827870747,
    85.463864680796));
#1709 = CARTESIAN_POINT('',(43.008440651753,10.259289422111,
    85.48660067672));
#1710 = CARTESIAN_POINT('',(43.00923841801,10.321531984363,
    85.495522767678));
#1711 = CARTESIAN_POINT('',(43.021181480461,10.422431903795,
    85.538726762317));
#1712 = CARTESIAN_POINT('',(43.025288403471,10.461975964162,
    85.55799739727));
#1713 = CARTESIAN_POINT('',(43.03527334759,10.540496703237,
    85.594444114043));
#1714 = CARTESIAN_POINT('',(43.044505412976,10.600758767392,
    85.629351199409));
#1715 = CARTESIAN_POINT('',(43.054875112004,10.663069373233,
    85.668301868847));
#1716 = CARTESIAN_POINT('',(43.082499415391,10.813455858866,
    85.774034759466));
#1717 = CARTESIAN_POINT('',(43.100589211154,10.89901799733,
    85.844946957683));
#1718 = CARTESIAN_POINT('',(43.11959556676,10.978801531878,
    85.922869244444));
#1719 = CARTESIAN_POINT('',(43.138894549324,11.05200490091,
    86.007814780709));
#1720 = CARTESIAN_POINT('',(43.157729433393,11.117626236558,
    86.099667394322));
#1721 = CARTESIAN_POINT('',(43.175237236833,11.174537584326,
    86.19803568905));
#1722 = CARTESIAN_POINT('',(43.190506475973,11.221581150684,
    86.302172553092));
#1723 = CARTESIAN_POINT('',(43.202666144476,11.25768757973,
    86.410960075944));
#1724 = CARTESIAN_POINT('',(43.211005911545,11.28201625782,
    86.522959864871));
#1725 = CARTESIAN_POINT('',(43.215127543025,11.294117647059,
    86.636528768107));
#1726 = CARTESIAN_POINT('',(43.215127543025,11.294117647059,86.75));
#1727 = DEFINITIONAL_REPRESENTATION('',(#1728),#1761);
#1728 = B_SPLINE_CURVE_WITH_KNOTS('',11,(#1729,#1730,#1731,#1732,#1733,
    #1734,#1735,#1736,#1737,#1738,#1739,#1740,#1741,#1742,#1743,#1744,
    #1745,#1746,#1747,#1748,#1749,#1750,#1751,#1752,#1753,#1754,#1755,
    #1756,#1757,#1758,#1759,#1760),.UNSPECIFIED.,.F.,.F.,(12,10,10,12),(
    0.,0.5,0.75,1.),.UNSPECIFIED.);
#1729 = CARTESIAN_POINT('',(0.530492936142,-8.395678741083E-02));
#1730 = CARTESIAN_POINT('',(0.55225345526,-9.094961426482E-02));
#1731 = CARTESIAN_POINT('',(0.573999016731,-9.810535671979E-02));
#1732 = CARTESIAN_POINT('',(0.595729907777,-0.105424529614));
#1733 = CARTESIAN_POINT('',(0.617448365512,-0.11290960952));
#1734 = CARTESIAN_POINT('',(0.63915714038,-0.120567575839));
#1735 = CARTESIAN_POINT('',(0.660859889865,-0.128408936888));
#1736 = CARTESIAN_POINT('',(0.682562932915,-0.13644424467));
#1737 = CARTESIAN_POINT('',(0.704277895566,-0.144679102));
#1738 = CARTESIAN_POINT('',(0.726024778185,-0.153108665697));
#1739 = CARTESIAN_POINT('',(0.747834974842,-0.161712649509));
#1740 = CARTESIAN_POINT('',(0.780713175404,-0.17482142093));
#1741 = CARTESIAN_POINT('',(0.791699652145,-0.179224731462));
#1742 = CARTESIAN_POINT('',(0.802720201838,-0.183658034304));
#1743 = CARTESIAN_POINT('',(0.813774502039,-0.188109011911));
#1744 = CARTESIAN_POINT('',(0.824887304091,-0.192586625185));
#1745 = CARTESIAN_POINT('',(0.83604594665,-0.197061962569));
#1746 = CARTESIAN_POINT('',(0.847280525608,-0.201546575781));
#1747 = CARTESIAN_POINT('',(0.858586805542,-0.206017360624));
#1748 = CARTESIAN_POINT('',(0.869980555552,-0.210471932721));
#1749 = CARTESIAN_POINT('',(0.881469950915,-0.21489913594));
#1750 = CARTESIAN_POINT('',(0.904658145358,-0.223682235811));
#1751 = CARTESIAN_POINT('',(0.916357008338,-0.228038116556));
#1752 = CARTESIAN_POINT('',(0.928169942404,-0.232349766476));
#1753 = CARTESIAN_POINT('',(0.940105556419,-0.236608902163));
#1754 = CARTESIAN_POINT('',(0.952172182594,-0.240807972912));
#1755 = CARTESIAN_POINT('',(0.964377650686,-0.24494029748));
#1756 = CARTESIAN_POINT('',(0.976728985645,-0.249000082715));
#1757 = CARTESIAN_POINT('',(0.989232352724,-0.252982423717));
#1758 = CARTESIAN_POINT('',(1.001893328645,-0.256883285275));
#1759 = CARTESIAN_POINT('',(1.014717332366,-0.260699364458));
#1760 = CARTESIAN_POINT('',(1.027709803601,-0.264427634273));
#1761 = ( GEOMETRIC_REPRESENTATION_CONTEXT(2) 
PARAMETRIC_REPRESENTATION_CONTEXT() REPRESENTATION_CONTEXT('2D SPACE',''
  ) );
#1762 = ORIENTED_EDGE('',*,*,#1763,.T.);
#1763 = EDGE_CURVE('',#1593,#1764,#1766,.T.);
#1764 = VERTEX_POINT('',#1765);
#1765 = CARTESIAN_POINT('',(64.504070220619,10.144847744539,
    85.891263429229));
#1766 = SURFACE_CURVE('',#1767,(#1785,#1801),.PCURVE_S1.);
#1767 = B_SPLINE_CURVE_WITH_KNOTS('',6,(#1768,#1769,#1770,#1771,#1772,
    #1773,#1774,#1775,#1776,#1777,#1778,#1779,#1780,#1781,#1782,#1783,
    #1784),.UNSPECIFIED.,.F.,.F.,(7,5,5,7),(-1.167837487983,
    1.939645880281E-04,21.483428536354,21.484812015022),.UNSPECIFIED.);
#1768 = CARTESIAN_POINT('',(41.83380864522,10.144846365472,
    85.891248910504));
#1769 = CARTESIAN_POINT('',(42.028622507626,10.144846366001,
    85.891248916079));
#1770 = CARTESIAN_POINT('',(42.223431809924,10.144846366531,
    85.891248921653));
#1771 = CARTESIAN_POINT('',(42.418236552112,10.14484636706,
    85.891248927228));
#1772 = CARTESIAN_POINT('',(42.613036734193,10.14484636759,
    85.891248932803));
#1773 = CARTESIAN_POINT('',(42.807832356164,10.144846368119,
    85.891248938377));
#1774 = CARTESIAN_POINT('',(46.585354058777,10.144846378388,
    85.891249046476));
#1775 = CARTESIAN_POINT('',(50.168128372503,10.144846523222,
    85.891250572395));
#1776 = CARTESIAN_POINT('',(53.750390252834,10.144846021058,
    85.891245281273));
#1777 = CARTESIAN_POINT('',(57.334196976457,10.144847314673,
    85.89125890738));
#1778 = CARTESIAN_POINT('',(60.916603468415,10.14484500101,
    85.891234543614));
#1779 = CARTESIAN_POINT('',(64.502912877644,10.14484774092,
    85.891263391123));
#1780 = CARTESIAN_POINT('',(64.503143992856,10.14484774128,
    85.891263394914));
#1781 = CARTESIAN_POINT('',(64.503375285769,10.144847741823,
    85.891263400629));
#1782 = CARTESIAN_POINT('',(64.503606755372,10.144847742548,
    85.891263408259));
#1783 = CARTESIAN_POINT('',(64.503838400659,10.144847743453,
    85.891263417796));
#1784 = CARTESIAN_POINT('',(64.504070220619,10.144847744539,
    85.891263429229));
#1785 = PCURVE('',#238,#1786);
#1786 = DEFINITIONAL_REPRESENTATION('',(#1787),#1800);
#1787 = B_SPLINE_CURVE_WITH_KNOTS('',6,(#1788,#1789,#1790,#1791,#1792,
    #1793,#1794,#1795,#1796,#1797,#1798,#1799),.UNSPECIFIED.,.F.,.F.,(7,
    5,7),(1.939645880281E-04,21.483428536354,21.484812015022),
  .UNSPECIFIED.);
#1788 = CARTESIAN_POINT('',(1.47608867391,1.002623418027));
#1789 = CARTESIAN_POINT('',(1.476088763463,4.585354058777));
#1790 = CARTESIAN_POINT('',(1.476090096313,8.168128372503));
#1791 = CARTESIAN_POINT('',(1.476085474662,11.750390252833));
#1792 = CARTESIAN_POINT('',(1.476097376729,15.334196976457));
#1793 = CARTESIAN_POINT('',(1.476076095531,18.916603468415));
#1794 = CARTESIAN_POINT('',(1.476101293213,22.502912877644));
#1795 = CARTESIAN_POINT('',(1.476101296524,22.503143992856));
#1796 = CARTESIAN_POINT('',(1.476101301516,22.503375285768));
#1797 = CARTESIAN_POINT('',(1.476101308181,22.503606755372));
#1798 = CARTESIAN_POINT('',(1.476101316511,22.503838400658));
#1799 = CARTESIAN_POINT('',(1.476101326498,22.504070220619));
#1800 = ( GEOMETRIC_REPRESENTATION_CONTEXT(2) 
PARAMETRIC_REPRESENTATION_CONTEXT() REPRESENTATION_CONTEXT('2D SPACE',''
  ) );
#1801 = PCURVE('',#1802,#1854);
#1802 = ( BOUNDED_SURFACE() B_SPLINE_SURFACE(2,6,(
    (#1803,#1804,#1805,#1806,#1807,#1808,#1809,#1810,#1811,#1812,#1813
      ,#1814,#1815,#1816,#1817,#1818,#1819)
    ,(#1820,#1821,#1822,#1823,#1824,#1825,#1826,#1827,#1828,#1829,#1830
      ,#1831,#1832,#1833,#1834,#1835,#1836)
    ,(#1837,#1838,#1839,#1840,#1841,#1842,#1843,#1844,#1845,#1846,#1847
      ,#1848,#1849,#1850,#1851,#1852,#1853
)),.UNSPECIFIED.,.F.,.F.,.F.) B_SPLINE_SURFACE_WITH_KNOTS((3,3),(7,5,5,7
    ),(0.,21.484618050434),(-1.167837487983,1.939645880281E-04,
    21.483428536354,21.484812015022),.UNSPECIFIED.) 
GEOMETRIC_REPRESENTATION_ITEM() RATIONAL_B_SPLINE_SURFACE((
    (1.,1.,1.,1.,1.,1.,1.,1.,1.,1.,1.,1.,1.,1.,1.,1.,1.)
    ,(0.947567199433,0.947567199453,0.947567199464,0.947567199468
      ,0.947567199464,0.947567199453,0.947567199082,0.947567194067
      ,0.947567211371,0.94756716608,0.947567248237,0.947567150139
      ,0.947567150127,0.947567150107,0.947567150081,0.947567150048
      ,0.947567150009)
    ,(1.,1.,1.,1.,1.,1.,1.,1.,1.,1.,1.,1.,1.,1.,1.,1.,1.
))) REPRESENTATION_ITEM('') SURFACE() );
#1803 = CARTESIAN_POINT('',(41.83408695876,10.301198602491,
    86.241393963256));
#1804 = CARTESIAN_POINT('',(42.028889420895,10.301198600415,
    86.241393961007));
#1805 = CARTESIAN_POINT('',(42.223691883029,10.301198598339,
    86.241393958757));
#1806 = CARTESIAN_POINT('',(42.418494345164,10.301198596264,
    86.241393956508));
#1807 = CARTESIAN_POINT('',(42.613296807298,10.301198594188,
    86.241393954258));
#1808 = CARTESIAN_POINT('',(42.808099269433,10.301198592112,
    86.241393952008));
#1809 = CARTESIAN_POINT('',(46.585842053922,10.301198551857,
    86.241393908383));
#1810 = CARTESIAN_POINT('',(50.168916937288,10.301197983457,
    86.241393292459));
#1811 = CARTESIAN_POINT('',(53.751495906172,10.301199954453,
    86.241395428213));
#1812 = CARTESIAN_POINT('',(57.335321621596,10.301194879171,
    86.241389928414));
#1813 = CARTESIAN_POINT('',(60.916577907296,10.301203952945,
    86.241399761592));
#1814 = CARTESIAN_POINT('',(64.498847989033,10.301193209949,
    86.241388119186));
#1815 = CARTESIAN_POINT('',(64.499078573321,10.301193208538,
    86.241388117655));
#1816 = CARTESIAN_POINT('',(64.499309066032,10.30119320641,
    86.24138811535));
#1817 = CARTESIAN_POINT('',(64.499539467695,10.301193203568,
    86.24138811227));
#1818 = CARTESIAN_POINT('',(64.499769778842,10.301193200017,
    86.241388108422));
#1819 = CARTESIAN_POINT('',(64.5,10.30119319576,86.241388103808));
#1820 = CARTESIAN_POINT('',(41.833974522528,10.163981198911,
    86.092685462714));
#1821 = CARTESIAN_POINT('',(42.028781590293,10.163981197937,
    86.092685462876));
#1822 = CARTESIAN_POINT('',(42.223586815799,10.163981196962,
    86.092685463038));
#1823 = CARTESIAN_POINT('',(42.418390199052,10.163981195988,
    86.0926854632));
#1824 = CARTESIAN_POINT('',(42.613191740056,10.163981195014,
    86.092685463362));
#1825 = CARTESIAN_POINT('',(42.807991438815,10.16398119404,
    86.092685463524));
#1826 = CARTESIAN_POINT('',(46.585644909474,10.163981175146,
    86.092685466664));
#1827 = CARTESIAN_POINT('',(50.168598236685,10.163980908579,
    86.092685511158));
#1828 = CARTESIAN_POINT('',(53.751049639528,10.163981832847,
    86.092685356807));
#1829 = CARTESIAN_POINT('',(57.334866724176,10.163979452143,
    86.092685753726));
#1830 = CARTESIAN_POINT('',(60.916588557526,10.163983709629,
    86.092685044961));
#1831 = CARTESIAN_POINT('',(64.500490192145,10.163978668109,
    86.092685883509));
#1832 = CARTESIAN_POINT('',(64.500720990922,10.163978667446,
    86.092685883619));
#1833 = CARTESIAN_POINT('',(64.500951806903,10.163978666447,
    86.092685883785));
#1834 = CARTESIAN_POINT('',(64.501182639995,10.163978665114,
    86.092685884006));
#1835 = CARTESIAN_POINT('',(64.501413490106,10.163978663447,
    86.092685884283));
#1836 = CARTESIAN_POINT('',(64.501644357141,10.163978661449,
    86.092685884616));
#1837 = CARTESIAN_POINT('',(41.83380864522,10.144846365472,
    85.891248910504));
#1838 = CARTESIAN_POINT('',(42.028622507626,10.144846366001,
    85.891248916079));
#1839 = CARTESIAN_POINT('',(42.223431809924,10.144846366531,
    85.891248921653));
#1840 = CARTESIAN_POINT('',(42.418236552112,10.14484636706,
    85.891248927228));
#1841 = CARTESIAN_POINT('',(42.613036734193,10.14484636759,
    85.891248932803));
#1842 = CARTESIAN_POINT('',(42.807832356164,10.144846368119,
    85.891248938377));
#1843 = CARTESIAN_POINT('',(46.585354058777,10.144846378388,
    85.891249046476));
#1844 = CARTESIAN_POINT('',(50.168128372503,10.144846523222,
    85.891250572395));
#1845 = CARTESIAN_POINT('',(53.750390252834,10.144846021058,
    85.891245281273));
#1846 = CARTESIAN_POINT('',(57.334196976457,10.144847314673,
    85.89125890738));
#1847 = CARTESIAN_POINT('',(60.916603468415,10.14484500101,
    85.891234543614));
#1848 = CARTESIAN_POINT('',(64.502912877644,10.14484774092,
    85.891263391123));
#1849 = CARTESIAN_POINT('',(64.503143992856,10.14484774128,
    85.891263394914));
#1850 = CARTESIAN_POINT('',(64.503375285769,10.144847741823,
    85.891263400629));
#1851 = CARTESIAN_POINT('',(64.503606755372,10.144847742548,
    85.891263408259));
#1852 = CARTESIAN_POINT('',(64.503838400659,10.144847743453,
    85.891263417796));
#1853 = CARTESIAN_POINT('',(64.504070220619,10.144847744539,
    85.891263429229));
#1854 = DEFINITIONAL_REPRESENTATION('',(#1855),#1859);
#1855 = LINE('',#1856,#1857);
#1856 = CARTESIAN_POINT('',(21.484618050434,0.));
#1857 = VECTOR('',#1858,1.);
#1858 = DIRECTION('',(0.,1.));
#1859 = ( GEOMETRIC_REPRESENTATION_CONTEXT(2) 
PARAMETRIC_REPRESENTATION_CONTEXT() REPRESENTATION_CONTEXT('2D SPACE',''
  ) );
#1860 = ORIENTED_EDGE('',*,*,#1861,.T.);
#1861 = EDGE_CURVE('',#1764,#1862,#1864,.T.);
#1862 = VERTEX_POINT('',#1863);
#1863 = CARTESIAN_POINT('',(65.825789488184,10.063081210649,
    86.43858675261));
#1864 = SURFACE_CURVE('',#1865,(#1890,#1914),.PCURVE_S1.);
#1865 = ( BOUNDED_CURVE() B_SPLINE_CURVE(12,(#1866,#1867,#1868,#1869,
    #1870,#1871,#1872,#1873,#1874,#1875,#1876,#1877,#1878,#1879,#1880,
    #1881,#1882,#1883,#1884,#1885,#1886,#1887,#1888,#1889),
.UNSPECIFIED.,.F.,.F.) B_SPLINE_CURVE_WITH_KNOTS((13,11,13),(
    21.484812015022,22.092205221814,22.770073663458),.UNSPECIFIED.) 
CURVE() GEOMETRIC_REPRESENTATION_ITEM() RATIONAL_B_SPLINE_CURVE((1.,1.,
    1.,1.000000000001,0.999999999999,1.000000000002,0.999999999998,
    1.000000000002,0.999999999999,1.000000000001,1.,1.,1.,1.,1.,1.,
    1.000000000001,0.999999999999,1.000000000001,0.999999999999,1.,1.,1.
,1.)) REPRESENTATION_ITEM('') );
#1866 = CARTESIAN_POINT('',(64.504070220619,10.144847744539,
    85.891263429229));
#1867 = CARTESIAN_POINT('',(64.554958561939,10.144847982924,
    85.89126593909));
#1868 = CARTESIAN_POINT('',(64.613540100818,10.145017769852,
    85.893053881436));
#1869 = CARTESIAN_POINT('',(64.671382972631,10.14530749764,
    85.896104050523));
#1870 = CARTESIAN_POINT('',(64.729867193208,10.145841175943,
    85.901839946573));
#1871 = CARTESIAN_POINT('',(64.777034399089,10.146340098941,
    85.907570938091));
#1872 = CARTESIAN_POINT('',(64.846592995221,10.147132906384,
    85.917040100074));
#1873 = CARTESIAN_POINT('',(64.891538108992,10.147817235949,
    85.926602013141));
#1874 = CARTESIAN_POINT('',(64.954591790781,10.148614375886,
    85.939103962744));
#1875 = CARTESIAN_POINT('',(65.0079274356,10.149292132782,
    85.952997138274));
#1876 = CARTESIAN_POINT('',(65.064410024875,10.149831083013,
    85.969021901309));
#1877 = CARTESIAN_POINT('',(65.119695793789,10.150101036251,
    85.987010979407));
#1878 = CARTESIAN_POINT('',(65.235757139025,10.149841665021,
    86.029389352217));
#1879 = CARTESIAN_POINT('',(65.296312573251,10.149207342087,
    86.054274229654));
#1880 = CARTESIAN_POINT('',(65.356041051838,10.147912807983,
    86.081735158641));
#1881 = CARTESIAN_POINT('',(65.414767420396,10.145751395744,
    86.111799097203));
#1882 = CARTESIAN_POINT('',(65.472311203176,10.142478949858,
    86.144470623077));
#1883 = CARTESIAN_POINT('',(65.528486736521,10.137820319731,
    86.179724830537));
#1884 = CARTESIAN_POINT('',(65.583103302325,10.13147585316,
    86.217500227228));
#1885 = CARTESIAN_POINT('',(65.635965261483,10.123127889797,
    86.257691630988));
#1886 = CARTESIAN_POINT('',(65.686872187349,10.112447254618,
    86.300143066675));
#1887 = CARTESIAN_POINT('',(65.735618999193,10.099099751393,86.344640663
    ));
#1888 = CARTESIAN_POINT('',(65.781996095651,10.082752656151,
    86.390905549348));
#1889 = CARTESIAN_POINT('',(65.825789488184,10.063081210649,
    86.43858675261));
#1890 = PCURVE('',#238,#1891);
#1891 = DEFINITIONAL_REPRESENTATION('',(#1892),#1913);
#1892 = B_SPLINE_CURVE_WITH_KNOTS('',7,(#1893,#1894,#1895,#1896,#1897,
    #1898,#1899,#1900,#1901,#1902,#1903,#1904,#1905,#1906,#1907,#1908,
    #1909,#1910,#1911,#1912),.UNSPECIFIED.,.F.,.F.,(8,6,6,8),(
    21.484812015022,21.806127427131,22.12744283924,22.770073663458),
  .UNSPECIFIED.);
#1893 = CARTESIAN_POINT('',(1.476101326498,22.504070220619));
#1894 = CARTESIAN_POINT('',(1.476103314637,22.550219309207));
#1895 = CARTESIAN_POINT('',(1.477447362336,22.60306248376));
#1896 = CARTESIAN_POINT('',(1.479961997075,22.655543683296));
#1897 = CARTESIAN_POINT('',(1.483914967299,22.705786358588));
#1898 = CARTESIAN_POINT('',(1.489048744568,22.757166580022));
#1899 = CARTESIAN_POINT('',(1.495590385556,22.808270374336));
#1900 = CARTESIAN_POINT('',(1.511426121728,22.910400307092));
#1901 = CARTESIAN_POINT('',(1.520730472641,22.961378022552));
#1902 = CARTESIAN_POINT('',(1.531460788297,23.012249085283));
#1903 = CARTESIAN_POINT('',(1.543657804295,23.062905716881));
#1904 = CARTESIAN_POINT('',(1.557362177929,23.113247087403));
#1905 = CARTESIAN_POINT('',(1.572611500363,23.163191604247));
#1906 = CARTESIAN_POINT('',(1.623083958176,23.311435286083));
#1907 = CARTESIAN_POINT('',(1.663030907461,23.408156650706));
#1908 = CARTESIAN_POINT('',(1.70951464276,23.501848547821));
#1909 = CARTESIAN_POINT('',(1.762697997586,23.591526611396));
#1910 = CARTESIAN_POINT('',(1.822627557706,23.676148352393));
#1911 = CARTESIAN_POINT('',(1.889192721827,23.754617690886));
#1912 = CARTESIAN_POINT('',(1.96208476228,23.825789488184));
#1913 = ( GEOMETRIC_REPRESENTATION_CONTEXT(2) 
PARAMETRIC_REPRESENTATION_CONTEXT() REPRESENTATION_CONTEXT('2D SPACE',''
  ) );
#1914 = PCURVE('',#1915,#1988);
#1915 = ( BOUNDED_SURFACE() B_SPLINE_SURFACE(2,12,(
    (#1916,#1917,#1918,#1919,#1920,#1921,#1922,#1923,#1924,#1925,#1926
      ,#1927,#1928,#1929,#1930,#1931,#1932,#1933,#1934,#1935,#1936,#1937
      ,#1938,#1939)
    ,(#1940,#1941,#1942,#1943,#1944,#1945,#1946,#1947,#1948,#1949,#1950
      ,#1951,#1952,#1953,#1954,#1955,#1956,#1957,#1958,#1959,#1960,#1961
      ,#1962,#1963)
    ,(#1964,#1965,#1966,#1967,#1968,#1969,#1970,#1971,#1972,#1973,#1974
      ,#1975,#1976,#1977,#1978,#1979,#1980,#1981,#1982,#1983,#1984,#1985
      ,#1986,#1987
)),.UNSPECIFIED.,.F.,.F.,.F.) B_SPLINE_SURFACE_WITH_KNOTS((3,3),(13,11,
    13),(0.,1.285261648436),(21.484812015022,22.092205221814,
22.770073663458),.UNSPECIFIED.) GEOMETRIC_REPRESENTATION_ITEM() 
RATIONAL_B_SPLINE_SURFACE((
    (1.,1.,1.,1.000000000001,0.999999999999,1.000000000002
      ,0.999999999998,1.000000000002,0.999999999999,1.000000000001,1.,1.
      ,1.,1.,1.,1.,1.000000000001,0.999999999999,1.000000000001
      ,0.999999999999,1.,1.,1.,1.)
    ,(0.947567150009,0.947546550137,0.947624985965,0.947613776677
      ,0.947416352497,0.947816559574,0.947324125156,0.947542959766
      ,0.947180428709,0.946935887995,0.946484274479,0.945898195704
      ,0.944315450062,0.943283238635,0.942035099818,0.940566485456
      ,0.938885676027,0.93701267497,0.934978103066,0.93282209275
      ,0.9305931825,0.928347211151,0.926146212271,0.924057308497)
    ,(1.,1.,1.,1.000000000001,0.999999999999,1.000000000002
      ,0.999999999998,1.000000000002,0.999999999999,1.000000000001,1.,1.
      ,1.,1.,1.,1.,1.000000000001,0.999999999999,1.000000000001
,0.999999999999,1.,1.,1.,1.))) REPRESENTATION_ITEM('') SURFACE() );
#1916 = CARTESIAN_POINT('',(64.5,10.30119319576,86.241388103808));
#1917 = CARTESIAN_POINT('',(64.550536749187,10.30124469692,
    86.241443916677));
#1918 = CARTESIAN_POINT('',(64.597082940873,10.300651335709,
    86.243107711776));
#1919 = CARTESIAN_POINT('',(64.644002517566,10.300035253496,
    86.24659566886));
#1920 = CARTESIAN_POINT('',(64.689899543566,10.299052077101,
    86.251225383963));
#1921 = CARTESIAN_POINT('',(64.742283123693,10.296995902503,
    86.258488967314));
#1922 = CARTESIAN_POINT('',(64.78129032703,10.295697940893,
    86.266370646268));
#1923 = CARTESIAN_POINT('',(64.833657847484,10.29299433791,
    86.27699641405));
#1924 = CARTESIAN_POINT('',(64.874994114692,10.290596897256,
    86.28883942784));
#1925 = CARTESIAN_POINT('',(64.920869631022,10.287506322323,
    86.302837556135));
#1926 = CARTESIAN_POINT('',(64.963856610556,10.284078816509,
    86.318629673453));
#1927 = CARTESIAN_POINT('',(65.006256868351,10.28013038652,
    86.336336030681));
#1928 = CARTESIAN_POINT('',(65.093523827314,10.270520007143,
    86.377769931644));
#1929 = CARTESIAN_POINT('',(65.138166223244,10.264702844251,
    86.401959809124));
#1930 = CARTESIAN_POINT('',(65.181324851502,10.258021144292,
    86.428464551587));
#1931 = CARTESIAN_POINT('',(65.222921407715,10.250306514523,
    86.457228879376));
#1932 = CARTESIAN_POINT('',(65.262895752028,10.241349730595,
    86.488162926371));
#1933 = CARTESIAN_POINT('',(65.301202264834,10.230912249056,
    86.521140851503));
#1934 = CARTESIAN_POINT('',(65.337806202517,10.218737719853,
    86.555999450261));
#1935 = CARTESIAN_POINT('',(65.372680053183,10.204563498833,
    86.592536766205));
#1936 = CARTESIAN_POINT('',(65.405799892402,10.188132160244,
    86.630510702471));
#1937 = CARTESIAN_POINT('',(65.437141738945,10.169203009241,
    86.66963763329));
#1938 = CARTESIAN_POINT('',(65.466677910518,10.147563594385,
    86.709591015487));
#1939 = CARTESIAN_POINT('',(65.494373379501,10.123041220143,86.75));
#1940 = CARTESIAN_POINT('',(64.501644357141,10.163978661449,
    86.092685884616));
#1941 = CARTESIAN_POINT('',(64.552324101037,10.163982294,86.092728821708
    ));
#1942 = CARTESIAN_POINT('',(64.603723362091,10.163812784251,
    86.094285697121));
#1943 = CARTESIAN_POINT('',(64.655069916331,10.16356729744,
    86.097404231045));
#1944 = CARTESIAN_POINT('',(64.706077118756,10.162984272089,
    86.102086153027));
#1945 = CARTESIAN_POINT('',(64.756301017738,10.162520052871,
    86.108267916592));
#1946 = CARTESIAN_POINT('',(64.807789330928,10.161503455606,
    86.116215815159));
#1947 = CARTESIAN_POINT('',(64.857105508494,10.160531854495,
    86.125718188926));
#1948 = CARTESIAN_POINT('',(64.907326186374,10.159066292229,
    86.137047668014));
#1949 = CARTESIAN_POINT('',(64.956233637642,10.157314317802,
    86.15011013887));
#1950 = CARTESIAN_POINT('',(65.004703415678,10.155069746886,
    86.164989526985));
#1951 = CARTESIAN_POINT('',(65.052297097068,10.152269872781,
    86.181668248916));
#1952 = CARTESIAN_POINT('',(65.151155998759,10.144913993025,
    86.220765758937));
#1953 = CARTESIAN_POINT('',(65.20223070974,10.140190227032,
    86.243643051036));
#1954 = CARTESIAN_POINT('',(65.252039232398,10.134464326307,
    86.268743507519));
#1955 = CARTESIAN_POINT('',(65.300441809542,10.127560031607,
    86.296005577272));
#1956 = CARTESIAN_POINT('',(65.347315361319,10.119290343508,
    86.325327837193));
#1957 = CARTESIAN_POINT('',(65.392550784271,10.109462194613,
    86.35657319263));
#1958 = CARTESIAN_POINT('',(65.436050927966,10.097881407556,
    86.38957285329));
#1959 = CARTESIAN_POINT('',(65.477729246026,10.084358010326,
    86.424130229761));
#1960 = CARTESIAN_POINT('',(65.517509107853,10.068711963873,
    86.460024907015));
#1961 = CARTESIAN_POINT('',(65.555323748331,10.050779332329,
    86.497016853652));
#1962 = CARTESIAN_POINT('',(65.591116823659,10.030418893917,
    86.534851019685));
#1963 = CARTESIAN_POINT('',(65.62484353088,10.007519151118,
    86.573262460804));
#1964 = CARTESIAN_POINT('',(64.504070220619,10.144847744539,
    85.891263429229));
#1965 = CARTESIAN_POINT('',(64.554958561939,10.144847982924,
    85.89126593909));
#1966 = CARTESIAN_POINT('',(64.613540100818,10.145017769852,
    85.893053881436));
#1967 = CARTESIAN_POINT('',(64.671382972631,10.14530749764,
    85.896104050523));
#1968 = CARTESIAN_POINT('',(64.729867193208,10.145841175943,
    85.901839946573));
#1969 = CARTESIAN_POINT('',(64.777034399089,10.146340098941,
    85.907570938091));
#1970 = CARTESIAN_POINT('',(64.846592995221,10.147132906384,
    85.917040100074));
#1971 = CARTESIAN_POINT('',(64.891538108992,10.147817235949,
    85.926602013141));
#1972 = CARTESIAN_POINT('',(64.954591790781,10.148614375886,
    85.939103962744));
#1973 = CARTESIAN_POINT('',(65.0079274356,10.149292132782,
    85.952997138274));
#1974 = CARTESIAN_POINT('',(65.064410024875,10.149831083013,
    85.969021901309));
#1975 = CARTESIAN_POINT('',(65.119695793789,10.150101036251,
    85.987010979407));
#1976 = CARTESIAN_POINT('',(65.235757139025,10.149841665021,
    86.029389352217));
#1977 = CARTESIAN_POINT('',(65.296312573251,10.149207342087,
    86.054274229654));
#1978 = CARTESIAN_POINT('',(65.356041051838,10.147912807983,
    86.081735158641));
#1979 = CARTESIAN_POINT('',(65.414767420396,10.145751395744,
    86.111799097203));
#1980 = CARTESIAN_POINT('',(65.472311203176,10.142478949858,
    86.144470623077));
#1981 = CARTESIAN_POINT('',(65.528486736521,10.137820319731,
    86.179724830537));
#1982 = CARTESIAN_POINT('',(65.583103302325,10.13147585316,
    86.217500227228));
#1983 = CARTESIAN_POINT('',(65.635965261483,10.123127889797,
    86.257691630988));
#1984 = CARTESIAN_POINT('',(65.686872187349,10.112447254618,
    86.300143066675));
#1985 = CARTESIAN_POINT('',(65.735618999193,10.099099751393,86.344640663
    ));
#1986 = CARTESIAN_POINT('',(65.781996095651,10.082752656151,
    86.390905549348));
#1987 = CARTESIAN_POINT('',(65.825789488184,10.063081210649,
    86.43858675261));
#1988 = DEFINITIONAL_REPRESENTATION('',(#1989),#1993);
#1989 = LINE('',#1990,#1991);
#1990 = CARTESIAN_POINT('',(1.285261648436,0.));
#1991 = VECTOR('',#1992,1.);
#1992 = DIRECTION('',(0.,1.));
#1993 = ( GEOMETRIC_REPRESENTATION_CONTEXT(2) 
PARAMETRIC_REPRESENTATION_CONTEXT() REPRESENTATION_CONTEXT('2D SPACE',''
  ) );
#1994 = ORIENTED_EDGE('',*,*,#1995,.T.);
#1995 = EDGE_CURVE('',#1862,#1996,#1998,.T.);
#1996 = VERTEX_POINT('',#1997);
#1997 = CARTESIAN_POINT('',(66.6,9.,87.15));
#1998 = SURFACE_CURVE('',#1999,(#2017,#2068),.PCURVE_S1.);
#1999 = ( BOUNDED_CURVE() B_SPLINE_CURVE(6,(#2000,#2001,#2002,#2003,
    #2004,#2005,#2006,#2007,#2008,#2009,#2010,#2011,#2012,#2013,#2014,
#2015,#2016),.UNSPECIFIED.,.F.,.F.) B_SPLINE_CURVE_WITH_KNOTS((7,5,5,7),
  (22.770073663462,23.014774581257,23.540138387557,24.030577194694),
.UNSPECIFIED.) CURVE() GEOMETRIC_REPRESENTATION_ITEM() 
RATIONAL_B_SPLINE_CURVE((1.,1.,1.,1.,1.,1.,1.,1.,1.,1.,1.,1.,1.,1.,1.,1.
,1.)) REPRESENTATION_ITEM('') );
#2000 = CARTESIAN_POINT('',(65.825789488177,10.063081210648,
    86.438586752612));
#2001 = CARTESIAN_POINT('',(65.857407078527,10.04887898357,86.4730112323
    ));
#2002 = CARTESIAN_POINT('',(65.889326154507,10.033252652024,
    86.507050862224));
#2003 = CARTESIAN_POINT('',(65.921429844439,10.016177392072,
    86.540899882866));
#2004 = CARTESIAN_POINT('',(65.953534324666,9.997396035703,
    86.574538472892));
#2005 = CARTESIAN_POINT('',(65.98490434136,9.977309071055,
    86.607125693227));
#2006 = CARTESIAN_POINT('',(66.075739510552,9.916118175075,
    86.699227033288));
#2007 = CARTESIAN_POINT('',(66.13509182009,9.871371941467,
    86.755831317656));
#2008 = CARTESIAN_POINT('',(66.196048645045,9.821730915983,
    86.811029848226));
#2009 = CARTESIAN_POINT('',(66.259472774808,9.763445003748,
    86.866734106426));
#2010 = CARTESIAN_POINT('',(66.323556244676,9.694845887489,
    86.921331961646));
#2011 = CARTESIAN_POINT('',(66.441384803858,9.538336976657,
    87.020136688438));
#2012 = CARTESIAN_POINT('',(66.49553905633,9.451965919653,87.06476299598
    ));
#2013 = CARTESIAN_POINT('',(66.544189066606,9.353320631924,
    87.104442671791));
#2014 = CARTESIAN_POINT('',(66.581405919881,9.240969304461,
    87.134834949874));
#2015 = CARTESIAN_POINT('',(66.6,9.120709242198,87.15));
#2016 = CARTESIAN_POINT('',(66.6,9.,87.15));
#2017 = PCURVE('',#238,#2018);
#2018 = DEFINITIONAL_REPRESENTATION('',(#2019),#2067);
#2019 = B_SPLINE_CURVE_WITH_KNOTS('',10,(#2020,#2021,#2022,#2023,#2024,
    #2025,#2026,#2027,#2028,#2029,#2030,#2031,#2032,#2033,#2034,#2035,
    #2036,#2037,#2038,#2039,#2040,#2041,#2042,#2043,#2044,#2045,#2046,
    #2047,#2048,#2049,#2050,#2051,#2052,#2053,#2054,#2055,#2056,#2057,
    #2058,#2059,#2060,#2061,#2062,#2063,#2064,#2065,#2066),
  .UNSPECIFIED.,.F.,.F.,(11,9,9,9,9,11),(22.770073663462,22.927636604866
    ,23.006418075568,23.08519954627,23.400325429078,24.030577194694),
  .UNSPECIFIED.);
#2020 = CARTESIAN_POINT('',(1.962084762283,23.825789488187));
#2021 = CARTESIAN_POINT('',(1.974595147262,23.838004629624));
#2022 = CARTESIAN_POINT('',(1.987128401303,23.850261156274));
#2023 = CARTESIAN_POINT('',(1.999694010789,23.862554250567));
#2024 = CARTESIAN_POINT('',(2.012300769295,23.874878023036));
#2025 = CARTESIAN_POINT('',(2.024954560989,23.887224311722));
#2026 = CARTESIAN_POINT('',(2.037656144034,23.899581481863));
#2027 = CARTESIAN_POINT('',(2.050398933987,23.911933225214));
#2028 = CARTESIAN_POINT('',(2.063166787202,23.924257359757));
#2029 = CARTESIAN_POINT('',(2.07593178423,23.936524629077));
#2030 = CARTESIAN_POINT('',(2.09501212771,23.954783938416));
#2031 = CARTESIAN_POINT('',(2.101360824091,23.960846639342));
#2032 = CARTESIAN_POINT('',(2.107693155744,23.966881071345));
#2033 = CARTESIAN_POINT('',(2.114003066467,23.97288204482));
#2034 = CARTESIAN_POINT('',(2.120283390481,23.978843714007));
#2035 = CARTESIAN_POINT('',(2.126525852421,23.984759576933));
#2036 = CARTESIAN_POINT('',(2.132721067345,23.990622475458));
#2037 = CARTESIAN_POINT('',(2.138858540723,23.996424595257));
#2038 = CARTESIAN_POINT('',(2.144926668449,24.002157465812));
#2039 = CARTESIAN_POINT('',(2.156898805217,24.013466455051));
#2040 = CARTESIAN_POINT('',(2.16280406675,24.019043309916));
#2041 = CARTESIAN_POINT('',(2.168503767059,24.024431568943));
#2042 = CARTESIAN_POINT('',(2.174744723318,24.030331340094));
#2043 = CARTESIAN_POINT('',(2.180108416305,24.035402724754));
#2044 = CARTESIAN_POINT('',(2.186324905842,24.041283784986));
#2045 = CARTESIAN_POINT('',(2.191926862862,24.046582235981));
#2046 = CARTESIAN_POINT('',(2.197802431139,24.052140832971));
#2047 = CARTESIAN_POINT('',(2.20358882407,24.057614280376));
#2048 = CARTESIAN_POINT('',(2.23255500245,24.085008895124));
#2049 = CARTESIAN_POINT('',(2.255654728098,24.106839636294));
#2050 = CARTESIAN_POINT('',(2.27883801143,24.128689849737));
#2051 = CARTESIAN_POINT('',(2.30224275291,24.150634721704));
#2052 = CARTESIAN_POINT('',(2.32598920514,24.172721432158));
#2053 = CARTESIAN_POINT('',(2.350181199317,24.194970385252));
#2054 = CARTESIAN_POINT('',(2.374907371639,24.21737643966));
#2055 = CARTESIAN_POINT('',(2.400242389755,24.239910139054));
#2056 = CARTESIAN_POINT('',(2.426248179187,24.26251894247));
#2057 = CARTESIAN_POINT('',(2.506429090919,24.330347479275));
#2058 = CARTESIAN_POINT('',(2.562770655242,24.375549439865));
#2059 = CARTESIAN_POINT('',(2.622480315569,24.420344948806));
#2060 = CARTESIAN_POINT('',(2.685474586324,24.462829796461));
#2061 = CARTESIAN_POINT('',(2.753372720344,24.504220158171));
#2062 = CARTESIAN_POINT('',(2.824982047332,24.539754987732));
#2063 = CARTESIAN_POINT('',(2.901049575912,24.569353429969));
#2064 = CARTESIAN_POINT('',(2.979934107114,24.589751485445));
#2065 = CARTESIAN_POINT('',(3.060660112383,24.599999999999));
#2066 = CARTESIAN_POINT('',(3.14159265359,24.6));
#2067 = ( GEOMETRIC_REPRESENTATION_CONTEXT(2) 
PARAMETRIC_REPRESENTATION_CONTEXT() REPRESENTATION_CONTEXT('2D SPACE',''
  ) );
#2068 = PCURVE('',#2069,#2121);
#2069 = ( BOUNDED_SURFACE() B_SPLINE_SURFACE(2,6,(
    (#2070,#2071,#2072,#2073,#2074,#2075,#2076,#2077,#2078,#2079,#2080
      ,#2081,#2082,#2083,#2084,#2085,#2086)
    ,(#2087,#2088,#2089,#2090,#2091,#2092,#2093,#2094,#2095,#2096,#2097
      ,#2098,#2099,#2100,#2101,#2102,#2103)
    ,(#2104,#2105,#2106,#2107,#2108,#2109,#2110,#2111,#2112,#2113,#2114
      ,#2115,#2116,#2117,#2118,#2119,#2120
)),.UNSPECIFIED.,.F.,.F.,.F.) B_SPLINE_SURFACE_WITH_KNOTS((3,3),(7,5,5,7
    ),(0.,1.260503531233),(22.770073663462,23.014774581257,
    23.540138387557,24.030577194694),.UNSPECIFIED.) 
GEOMETRIC_REPRESENTATION_ITEM() RATIONAL_B_SPLINE_SURFACE((
    (1.,1.,1.,1.,1.,1.,1.,1.,1.,1.,1.,1.,1.,1.,1.,1.,1.)
    ,(0.924057308496,0.918115883744,0.91205341706,0.905852104341
      ,0.899484513628,0.892970281356,0.872397096772,0.857399754364
      ,0.840891716241,0.822718898309,0.802934710018,0.764500631904
      ,0.745859831234,0.728187020995,0.714115983885,0.707106781187
      ,0.707106781187)
    ,(1.,1.,1.,1.,1.,1.,1.,1.,1.,1.,1.,1.,1.,1.,1.,1.,1.
))) REPRESENTATION_ITEM('') SURFACE() );
#2070 = CARTESIAN_POINT('',(65.494373379494,10.123041220149,86.75));
#2071 = CARTESIAN_POINT('',(65.507052909026,10.111814395696,
    86.789084296992));
#2072 = CARTESIAN_POINT('',(65.520527577791,10.099581345265,
    86.827070906318));
#2073 = CARTESIAN_POINT('',(65.53478497617,10.086247750152,
    86.864429033771));
#2074 = CARTESIAN_POINT('',(65.549898462606,10.071680248538,
    86.901697952449));
#2075 = CARTESIAN_POINT('',(65.566133921722,10.055476618766,
    86.9396346663));
#2076 = CARTESIAN_POINT('',(65.622535682259,9.996500468048,
    87.064653772221));
#2077 = CARTESIAN_POINT('',(65.665024335558,9.948505107462,
    87.152099970739));
#2078 = CARTESIAN_POINT('',(65.709289401324,9.892924054443,
    87.238634590457));
#2079 = CARTESIAN_POINT('',(65.754220508404,9.829510354153,
    87.323320214704));
#2080 = CARTESIAN_POINT('',(65.799811526615,9.755065708344,
    87.406406727597));
#2081 = CARTESIAN_POINT('',(65.884221311618,9.585087379828,
    87.556008932813));
#2082 = CARTESIAN_POINT('',(65.92327521715,9.491260790802,
    87.623276228262));
#2083 = CARTESIAN_POINT('',(65.958717788053,9.384017989615,
    87.68267343478));
#2084 = CARTESIAN_POINT('',(65.986266936934,9.261928700389,
    87.727550318988));
#2085 = CARTESIAN_POINT('',(66.,9.131204210144,87.75));
#2086 = CARTESIAN_POINT('',(66.,9.,87.75));
#2087 = CARTESIAN_POINT('',(65.624843530882,10.007519151116,
    86.573262460808));
#2088 = CARTESIAN_POINT('',(65.642765678831,9.989005448285,
    86.605687550816));
#2089 = CARTESIAN_POINT('',(65.660833061619,9.969542434242,
    86.636622922388));
#2090 = CARTESIAN_POINT('',(65.678974968567,9.949103324573,
    86.666399834148));
#2091 = CARTESIAN_POINT('',(65.697119193986,9.927614949509,
    86.69525405534));
#2092 = CARTESIAN_POINT('',(65.715063569765,9.905076047626,
    86.723391684442));
#2093 = CARTESIAN_POINT('',(65.770290187184,9.830295767259,
    86.811822435928));
#2094 = CARTESIAN_POINT('',(65.807039325049,9.773804768273,
    86.869317195174));
#2095 = CARTESIAN_POINT('',(65.84254587035,9.711649088276,86.9229215105)
  );
#2096 = CARTESIAN_POINT('',(65.875791514204,9.643787727646,
    86.97122315693));
#2097 = CARTESIAN_POINT('',(65.905126216084,9.570817837712,
    87.013306462814));
#2098 = CARTESIAN_POINT('',(65.953848183797,9.417594490282,
    87.082954143506));
#2099 = CARTESIAN_POINT('',(65.97349653998,9.337326586629,
    87.110901215258));
#2100 = CARTESIAN_POINT('',(65.987604327684,9.253615677788,
    87.13128590583));
#2101 = CARTESIAN_POINT('',(65.995694968341,9.170207098529,
    87.143526038637));
#2102 = CARTESIAN_POINT('',(66.,9.086219981079,87.15));
#2103 = CARTESIAN_POINT('',(66.,9.,87.15));
#2104 = CARTESIAN_POINT('',(65.825789488177,10.063081210648,
    86.438586752612));
#2105 = CARTESIAN_POINT('',(65.857407078527,10.04887898357,86.4730112323
    ));
#2106 = CARTESIAN_POINT('',(65.889326154507,10.033252652024,
    86.507050862224));
#2107 = CARTESIAN_POINT('',(65.921429844439,10.016177392072,
    86.540899882866));
#2108 = CARTESIAN_POINT('',(65.953534324666,9.997396035703,
    86.574538472892));
#2109 = CARTESIAN_POINT('',(65.98490434136,9.977309071055,
    86.607125693227));
#2110 = CARTESIAN_POINT('',(66.075739510552,9.916118175075,
    86.699227033288));
#2111 = CARTESIAN_POINT('',(66.13509182009,9.871371941467,
    86.755831317656));
#2112 = CARTESIAN_POINT('',(66.196048645045,9.821730915983,
    86.811029848226));
#2113 = CARTESIAN_POINT('',(66.259472774808,9.763445003748,
    86.866734106426));
#2114 = CARTESIAN_POINT('',(66.323556244676,9.694845887489,
    86.921331961646));
#2115 = CARTESIAN_POINT('',(66.441384803858,9.538336976657,
    87.020136688438));
#2116 = CARTESIAN_POINT('',(66.49553905633,9.451965919653,87.06476299598
    ));
#2117 = CARTESIAN_POINT('',(66.544189066606,9.353320631924,
    87.104442671791));
#2118 = CARTESIAN_POINT('',(66.581405919881,9.240969304461,
    87.134834949874));
#2119 = CARTESIAN_POINT('',(66.6,9.120709242198,87.15));
#2120 = CARTESIAN_POINT('',(66.6,9.,87.15));
#2121 = DEFINITIONAL_REPRESENTATION('',(#2122),#2126);
#2122 = LINE('',#2123,#2124);
#2123 = CARTESIAN_POINT('',(1.260503531233,0.));
#2124 = VECTOR('',#2125,1.);
#2125 = DIRECTION('',(0.,1.));
#2126 = ( GEOMETRIC_REPRESENTATION_CONTEXT(2) 
PARAMETRIC_REPRESENTATION_CONTEXT() REPRESENTATION_CONTEXT('2D SPACE',''
  ) );
#2127 = ORIENTED_EDGE('',*,*,#2128,.T.);
#2128 = EDGE_CURVE('',#1996,#2129,#2131,.T.);
#2129 = VERTEX_POINT('',#2130);
#2130 = CARTESIAN_POINT('',(66.6,8.128220211292,86.75));
#2131 = SURFACE_CURVE('',#2132,(#2137,#2144),.PCURVE_S1.);
#2132 = CIRCLE('',#2133,1.15);
#2133 = AXIS2_PLACEMENT_3D('',#2134,#2135,#2136);
#2134 = CARTESIAN_POINT('',(66.6,9.,86.));
#2135 = DIRECTION('',(1.,0.,-0.));
#2136 = DIRECTION('',(0.,0.,1.));
#2137 = PCURVE('',#238,#2138);
#2138 = DEFINITIONAL_REPRESENTATION('',(#2139),#2143);
#2139 = LINE('',#2140,#2141);
#2140 = CARTESIAN_POINT('',(3.14159265359,24.6));
#2141 = VECTOR('',#2142,1.);
#2142 = DIRECTION('',(1.,0.));
#2143 = ( GEOMETRIC_REPRESENTATION_CONTEXT(2) 
PARAMETRIC_REPRESENTATION_CONTEXT() REPRESENTATION_CONTEXT('2D SPACE',''
  ) );
#2144 = PCURVE('',#2145,#2150);
#2145 = TOROIDAL_SURFACE('',#2146,1.75,0.6);
#2146 = AXIS2_PLACEMENT_3D('',#2147,#2148,#2149);
#2147 = CARTESIAN_POINT('',(66.6,9.,86.));
#2148 = DIRECTION('',(-1.,-0.,0.));
#2149 = DIRECTION('',(0.,0.,1.));
#2150 = DEFINITIONAL_REPRESENTATION('',(#2151),#2155);
#2151 = LINE('',#2152,#2153);
#2152 = CARTESIAN_POINT('',(-0.,3.14159265359));
#2153 = VECTOR('',#2154,1.);
#2154 = DIRECTION('',(-1.,0.));
#2155 = ( GEOMETRIC_REPRESENTATION_CONTEXT(2) 
PARAMETRIC_REPRESENTATION_CONTEXT() REPRESENTATION_CONTEXT('2D SPACE',''
  ) );
#2156 = ORIENTED_EDGE('',*,*,#2157,.T.);
#2157 = EDGE_CURVE('',#2129,#2158,#2160,.T.);
#2158 = VERTEX_POINT('',#2159);
#2159 = CARTESIAN_POINT('',(66.545674678372,7.899732195553,
    86.334530654048));
#2160 = SURFACE_CURVE('',#2161,(#2168,#2178),.PCURVE_S1.);
#2161 = ( BOUNDED_CURVE() B_SPLINE_CURVE(5,(#2162,#2163,#2164,#2165,
#2166,#2167),.UNSPECIFIED.,.F.,.F.) B_SPLINE_CURVE_WITH_KNOTS((6,6),(
25.019977070672,25.306974016727),.PIECEWISE_BEZIER_KNOTS.) CURVE() 
GEOMETRIC_REPRESENTATION_ITEM() RATIONAL_B_SPLINE_CURVE((1.,1.,1.,1.,1.,
1.)) REPRESENTATION_ITEM('') );
#2162 = CARTESIAN_POINT('',(66.6,8.128220211292,86.75));
#2163 = CARTESIAN_POINT('',(66.6,8.070489901107,86.68289584318));
#2164 = CARTESIAN_POINT('',(66.596687836808,8.016586634383,
    86.607205930542));
#2165 = CARTESIAN_POINT('',(66.587954318289,7.96837802772,
    86.522580528289));
#2166 = CARTESIAN_POINT('',(66.570902789429,7.92897415177,
    86.430707140642));
#2167 = CARTESIAN_POINT('',(66.545674678372,7.899732195553,
    86.334530654048));
#2168 = PCURVE('',#238,#2169);
#2169 = DEFINITIONAL_REPRESENTATION('',(#2170),#2177);
#2170 = B_SPLINE_CURVE_WITH_KNOTS('',5,(#2171,#2172,#2173,#2174,#2175,
    #2176),.UNSPECIFIED.,.F.,.F.,(6,6),(25.019977070672,25.306974016727)
  ,.PIECEWISE_BEZIER_KNOTS.);
#2171 = CARTESIAN_POINT('',(4.001940371831,24.6));
#2172 = CARTESIAN_POINT('',(4.078914118744,24.6));
#2173 = CARTESIAN_POINT('',(4.159385129802,24.596687600288));
#2174 = CARTESIAN_POINT('',(4.243421773395,24.587954563124));
#2175 = CARTESIAN_POINT('',(4.329813657229,24.570902789429));
#2176 = CARTESIAN_POINT('',(4.417225545684,24.545674678372));
#2177 = ( GEOMETRIC_REPRESENTATION_CONTEXT(2) 
PARAMETRIC_REPRESENTATION_CONTEXT() REPRESENTATION_CONTEXT('2D SPACE',''
  ) );
#2178 = PCURVE('',#2179,#2198);
#2179 = ( BOUNDED_SURFACE() B_SPLINE_SURFACE(2,5,(
    (#2180,#2181,#2182,#2183,#2184,#2185)
    ,(#2186,#2187,#2188,#2189,#2190,#2191)
    ,(#2192,#2193,#2194,#2195,#2196,#2197
)),.UNSPECIFIED.,.F.,.F.,.F.) B_SPLINE_SURFACE_WITH_KNOTS((3,3),(6,6),(
    0.,0.286996946054),(25.019977070672,25.306974016727),
.PIECEWISE_BEZIER_KNOTS.) GEOMETRIC_REPRESENTATION_ITEM() 
RATIONAL_B_SPLINE_SURFACE((
    (1.,1.,1.,1.,1.,1.)
    ,(0.707106781187,0.707106781187,0.708103338735,0.71073174929
      ,0.715898173531,0.723749802695)
,(1.,1.,1.,1.,1.,1.))) REPRESENTATION_ITEM('') SURFACE() );
#2180 = CARTESIAN_POINT('',(66.,7.673378582401,87.141304347826));
#2181 = CARTESIAN_POINT('',(66.,7.613194705903,87.071348231644));
#2182 = CARTESIAN_POINT('',(66.,7.558734438979,86.997426444729));
#2183 = CARTESIAN_POINT('',(66.,7.510506441861,86.919565695203));
#2184 = CARTESIAN_POINT('',(66.,7.469148086171,86.837443614966));
#2185 = CARTESIAN_POINT('',(66.,7.435692833839,86.75));
#2186 = CARTESIAN_POINT('',(66.,8.128220211292,86.75));
#2187 = CARTESIAN_POINT('',(66.,8.088667823729,86.704025370571));
#2188 = CARTESIAN_POINT('',(66.,8.051919392637,86.656481983284));
#2189 = CARTESIAN_POINT('',(66.,8.017232639805,86.607582887506));
#2190 = CARTESIAN_POINT('',(66.,7.982982645949,86.55615776195));
#2191 = CARTESIAN_POINT('',(66.,7.949700590547,86.498876179895));
#2192 = CARTESIAN_POINT('',(66.6,8.128220211292,86.75));
#2193 = CARTESIAN_POINT('',(66.6,8.070489901107,86.68289584318));
#2194 = CARTESIAN_POINT('',(66.596687836808,8.016586634383,
    86.607205930542));
#2195 = CARTESIAN_POINT('',(66.587954318289,7.96837802772,
    86.522580528289));
#2196 = CARTESIAN_POINT('',(66.570902789429,7.92897415177,
    86.430707140642));
#2197 = CARTESIAN_POINT('',(66.545674678372,7.899732195553,
    86.334530654048));
#2198 = DEFINITIONAL_REPRESENTATION('',(#2199),#2203);
#2199 = LINE('',#2200,#2201);
#2200 = CARTESIAN_POINT('',(0.286996946054,0.));
#2201 = VECTOR('',#2202,1.);
#2202 = DIRECTION('',(0.,1.));
#2203 = ( GEOMETRIC_REPRESENTATION_CONTEXT(2) 
PARAMETRIC_REPRESENTATION_CONTEXT() REPRESENTATION_CONTEXT('2D SPACE',''
  ) );
#2204 = ORIENTED_EDGE('',*,*,#2205,.T.);
#2205 = EDGE_CURVE('',#2158,#2206,#2208,.T.);
#2206 = VERTEX_POINT('',#2207);
#2207 = CARTESIAN_POINT('',(65.25,7.919704311075,85.605714285714));
#2208 = SURFACE_CURVE('',#2209,(#2224,#2257),.PCURVE_S1.);
#2209 = ( BOUNDED_CURVE() B_SPLINE_CURVE(7,(#2210,#2211,#2212,#2213,
    #2214,#2215,#2216,#2217,#2218,#2219,#2220,#2221,#2222,#2223),
.UNSPECIFIED.,.F.,.F.) B_SPLINE_CURVE_WITH_KNOTS((8,6,8),(
    25.306974016727,25.689857800127,26.262061885066),.UNSPECIFIED.) 
CURVE() GEOMETRIC_REPRESENTATION_ITEM() RATIONAL_B_SPLINE_CURVE((1.,1.,
1.,1.,1.,1.,1.,1.,1.,1.,1.,1.,1.,1.)) REPRESENTATION_ITEM('') );
#2210 = CARTESIAN_POINT('',(66.545674678372,7.899732195553,
    86.334530654048));
#2211 = CARTESIAN_POINT('',(66.521634017853,7.871866615737,
    86.242881054967));
#2212 = CARTESIAN_POINT('',(66.481810345305,7.853407560227,
    86.150265672361));
#2213 = CARTESIAN_POINT('',(66.425199960792,7.8453396733,86.061393443445
    ));
#2214 = CARTESIAN_POINT('',(66.354310145709,7.846038161786,
    85.983550639261));
#2215 = CARTESIAN_POINT('',(66.277208411299,7.850529911934,
    85.917335428755));
#2216 = CARTESIAN_POINT('',(66.19603205917,7.857409813621,
    85.861122685783));
#2217 = CARTESIAN_POINT('',(65.989365508751,7.87677577453,
    85.743090513066));
#2218 = CARTESIAN_POINT('',(65.862137757427,7.890342929008,
    85.692435065587));
#2219 = CARTESIAN_POINT('',(65.737274149422,7.901769273535,
    85.656195339821));
#2220 = CARTESIAN_POINT('',(65.614343120836,7.91056861846,85.63062493139
    ));
#2221 = CARTESIAN_POINT('',(65.492256462197,7.916721306273,85.6139347212
    ));
#2222 = CARTESIAN_POINT('',(65.371065079271,7.919704311075,
    85.605714285714));
#2223 = CARTESIAN_POINT('',(65.25,7.919704311075,85.605714285714));
#2224 = PCURVE('',#238,#2225);
#2225 = DEFINITIONAL_REPRESENTATION('',(#2226),#2256);
#2226 = B_SPLINE_CURVE_WITH_KNOTS('',10,(#2227,#2228,#2229,#2230,#2231,
    #2232,#2233,#2234,#2235,#2236,#2237,#2238,#2239,#2240,#2241,#2242,
    #2243,#2244,#2245,#2246,#2247,#2248,#2249,#2250,#2251,#2252,#2253,
    #2254,#2255),.UNSPECIFIED.,.F.,.F.,(11,9,9,11),(25.306974016727,
    25.545745983811,25.784517950896,26.262061885066),.UNSPECIFIED.);
#2227 = CARTESIAN_POINT('',(4.417225545684,24.545674678372));
#2228 = CARTESIAN_POINT('',(4.453587445767,24.535180201363));
#2229 = CARTESIAN_POINT('',(4.489664389016,24.521823971371));
#2230 = CARTESIAN_POINT('',(4.525224302299,24.50552609222));
#2231 = CARTESIAN_POINT('',(4.560002741481,24.486312038207));
#2232 = CARTESIAN_POINT('',(4.59374348677,24.464306943341));
#2233 = CARTESIAN_POINT('',(4.626227515379,24.439722632973));
#2234 = CARTESIAN_POINT('',(4.657290351215,24.412837396487));
#2235 = CARTESIAN_POINT('',(4.686827791924,24.383968502588));
#2236 = CARTESIAN_POINT('',(4.714790012988,24.353437455743));
#2237 = CARTESIAN_POINT('',(4.767538085209,24.289618534003));
#2238 = CARTESIAN_POINT('',(4.792329080823,24.256321667475));
#2239 = CARTESIAN_POINT('',(4.815488453453,24.222030109717));
#2240 = CARTESIAN_POINT('',(4.837221221986,24.186587559962));
#2241 = CARTESIAN_POINT('',(4.857121959019,24.151330834216));
#2242 = CARTESIAN_POINT('',(4.876142918616,24.114496316976));
#2243 = CARTESIAN_POINT('',(4.893286499715,24.078457794125));
#2244 = CARTESIAN_POINT('',(4.909434612707,24.041803190118));
#2245 = CARTESIAN_POINT('',(4.924328923522,24.005217051157));
#2246 = CARTESIAN_POINT('',(4.965725469197,23.895386645949));
#2247 = CARTESIAN_POINT('',(4.988902454772,23.822134605696));
#2248 = CARTESIAN_POINT('',(5.008248226805,23.749278463646));
#2249 = CARTESIAN_POINT('',(5.024225886231,23.676939533598));
#2250 = CARTESIAN_POINT('',(5.037180145728,23.6050798354));
#2251 = CARTESIAN_POINT('',(5.047349902279,23.533606205396));
#2252 = CARTESIAN_POINT('',(5.054885373204,23.46243145595));
#2253 = CARTESIAN_POINT('',(5.059869795994,23.391492584996));
#2254 = CARTESIAN_POINT('',(5.062345691628,23.320726034708));
#2255 = CARTESIAN_POINT('',(5.062345691628,23.25));
#2256 = ( GEOMETRIC_REPRESENTATION_CONTEXT(2) 
PARAMETRIC_REPRESENTATION_CONTEXT() REPRESENTATION_CONTEXT('2D SPACE',''
  ) );
#2257 = PCURVE('',#2258,#2301);
#2258 = ( BOUNDED_SURFACE() B_SPLINE_SURFACE(2,7,(
    (#2259,#2260,#2261,#2262,#2263,#2264,#2265,#2266,#2267,#2268,#2269
      ,#2270,#2271,#2272)
    ,(#2273,#2274,#2275,#2276,#2277,#2278,#2279,#2280,#2281,#2282,#2283
      ,#2284,#2285,#2286)
    ,(#2287,#2288,#2289,#2290,#2291,#2292,#2293,#2294,#2295,#2296,#2297
      ,#2298,#2299,#2300
)),.UNSPECIFIED.,.F.,.F.,.F.) B_SPLINE_SURFACE_WITH_KNOTS((3,3),(8,6,8),
  (0.,0.955087868339),(25.306974016727,25.689857800127,26.262061885066),
.UNSPECIFIED.) GEOMETRIC_REPRESENTATION_ITEM() RATIONAL_B_SPLINE_SURFACE
((
    (1.,1.,1.,1.,1.,1.,1.,1.,1.,1.,1.,1.,1.,1.)
    ,(0.723749802695,0.716059463745,0.712600437292,0.714407636083
      ,0.721586828752,0.731104225177,0.741834352327,0.768939388708
      ,0.785441395876,0.799013619767,0.809172696245,0.816019353738
      ,0.819407451411,0.819407451411)
,(1.,1.,1.,1.,1.,1.,1.,1.,1.,1.,1.,1.,1.,1.
))) REPRESENTATION_ITEM('') SURFACE() );
#2259 = CARTESIAN_POINT('',(66.,7.435692833839,86.75));
#2260 = CARTESIAN_POINT('',(66.,7.380105867721,86.678254238446));
#2261 = CARTESIAN_POINT('',(65.991967430521,7.334118108851,
    86.600202045654));
#2262 = CARTESIAN_POINT('',(65.973559979579,7.300828767219,
    86.518190408498));
#2263 = CARTESIAN_POINT('',(65.942237546078,7.282820561318,
    86.438189412428));
#2264 = CARTESIAN_POINT('',(65.902458360791,7.275454693403,
    86.366453011855));
#2265 = CARTESIAN_POINT('',(65.856688235254,7.275561293375,
    86.302933507822));
#2266 = CARTESIAN_POINT('',(65.733584975165,7.287591155258,
    86.166225029509));
#2267 = CARTESIAN_POINT('',(65.651905370993,7.305341701469,
    86.103923940267));
#2268 = CARTESIAN_POINT('',(65.569752627606,7.324085283097,
    86.059992964662));
#2269 = CARTESIAN_POINT('',(65.488826061425,7.339707013937,
    86.02962034104));
#2270 = CARTESIAN_POINT('',(65.40882246054,7.35060061033,86.009710207501
    ));
#2271 = CARTESIAN_POINT('',(65.329349424889,7.356071777723,86.));
#2272 = CARTESIAN_POINT('',(65.25,7.356071777723,86.));
#2273 = CARTESIAN_POINT('',(66.,7.949700590547,86.498876179895));
#2274 = CARTESIAN_POINT('',(65.975719240624,7.92021564903,
    86.451615898574));
#2275 = CARTESIAN_POINT('',(65.947172591378,7.89303881039,
    86.406581982303));
#2276 = CARTESIAN_POINT('',(65.915898940797,7.867887409003,
    86.364154870125));
#2277 = CARTESIAN_POINT('',(65.883119955239,7.844943242085,
    86.321783516328));
#2278 = CARTESIAN_POINT('',(65.847035534695,7.826554850835,
    86.279657532199));
#2279 = CARTESIAN_POINT('',(65.807810512516,7.812209508984,
    86.239386100144));
#2280 = CARTESIAN_POINT('',(65.705094301479,7.786037075188,
    86.147947696728));
#2281 = CARTESIAN_POINT('',(65.638606640511,7.778162428886,
    86.09986446641));
#2282 = CARTESIAN_POINT('',(65.565819388238,7.775594028324,
    86.059920761374));
#2283 = CARTESIAN_POINT('',(65.488757167906,7.775372357424,
    86.029731368606));
#2284 = CARTESIAN_POINT('',(65.409505715802,7.775615708224,
    86.009871485808));
#2285 = CARTESIAN_POINT('',(65.329349690267,7.775798132347,86.));
#2286 = CARTESIAN_POINT('',(65.25,7.775798132347,86.));
#2287 = CARTESIAN_POINT('',(66.545674678372,7.899732195553,
    86.334530654048));
#2288 = CARTESIAN_POINT('',(66.521634017853,7.871866615737,
    86.242881054967));
#2289 = CARTESIAN_POINT('',(66.481810345305,7.853407560227,
    86.150265672361));
#2290 = CARTESIAN_POINT('',(66.425199960792,7.8453396733,86.061393443445
    ));
#2291 = CARTESIAN_POINT('',(66.354310145709,7.846038161786,
    85.983550639261));
#2292 = CARTESIAN_POINT('',(66.277208411299,7.850529911934,
    85.917335428755));
#2293 = CARTESIAN_POINT('',(66.19603205917,7.857409813621,
    85.861122685783));
#2294 = CARTESIAN_POINT('',(65.989365508751,7.87677577453,
    85.743090513066));
#2295 = CARTESIAN_POINT('',(65.862137757427,7.890342929008,
    85.692435065587));
#2296 = CARTESIAN_POINT('',(65.737274149422,7.901769273535,
    85.656195339821));
#2297 = CARTESIAN_POINT('',(65.614343120836,7.91056861846,85.63062493139
    ));
#2298 = CARTESIAN_POINT('',(65.492256462197,7.916721306273,85.6139347212
    ));
#2299 = CARTESIAN_POINT('',(65.371065079271,7.919704311075,
    85.605714285714));
#2300 = CARTESIAN_POINT('',(65.25,7.919704311075,85.605714285714));
#2301 = DEFINITIONAL_REPRESENTATION('',(#2302),#2306);
#2302 = LINE('',#2303,#2304);
#2303 = CARTESIAN_POINT('',(0.955087868339,0.));
#2304 = VECTOR('',#2305,1.);
#2305 = DIRECTION('',(0.,1.));
#2306 = ( GEOMETRIC_REPRESENTATION_CONTEXT(2) 
PARAMETRIC_REPRESENTATION_CONTEXT() REPRESENTATION_CONTEXT('2D SPACE',''
  ) );
#2307 = ORIENTED_EDGE('',*,*,#2308,.T.);
#2308 = EDGE_CURVE('',#2206,#1256,#2309,.T.);
#2309 = SURFACE_CURVE('',#2310,(#2314,#2321),.PCURVE_S1.);
#2310 = LINE('',#2311,#2312);
#2311 = CARTESIAN_POINT('',(65.25,7.919704311075,85.605714285714));
#2312 = VECTOR('',#2313,1.);
#2313 = DIRECTION('',(-1.,-0.,-2.22044604925E-16));
#2314 = PCURVE('',#238,#2315);
#2315 = DEFINITIONAL_REPRESENTATION('',(#2316),#2320);
#2316 = LINE('',#2317,#2318);
#2317 = CARTESIAN_POINT('',(5.062345691628,23.25));
#2318 = VECTOR('',#2319,1.);
#2319 = DIRECTION('',(-0.,-1.));
#2320 = ( GEOMETRIC_REPRESENTATION_CONTEXT(2) 
PARAMETRIC_REPRESENTATION_CONTEXT() REPRESENTATION_CONTEXT('2D SPACE',''
  ) );
#2321 = PCURVE('',#1276,#2322);
#2322 = DEFINITIONAL_REPRESENTATION('',(#2323),#2327);
#2323 = LINE('',#2324,#2325);
#2324 = CARTESIAN_POINT('',(1.220839615552,0.));
#2325 = VECTOR('',#2326,1.);
#2326 = DIRECTION('',(0.,1.));
#2327 = ( GEOMETRIC_REPRESENTATION_CONTEXT(2) 
PARAMETRIC_REPRESENTATION_CONTEXT() REPRESENTATION_CONTEXT('2D SPACE',''
  ) );
#2328 = ORIENTED_EDGE('',*,*,#1352,.T.);
#2329 = ADVANCED_FACE('',(#2330),#97,.T.);
#2330 = FACE_BOUND('',#2331,.T.);
#2331 = EDGE_LOOP('',(#2332,#2404,#2584,#2612,#2693,#2694,#2695,#2728,
    #2757,#2785,#2814));
#2332 = ORIENTED_EDGE('',*,*,#2333,.T.);
#2333 = EDGE_CURVE('',#2334,#2336,#2338,.T.);
#2334 = VERTEX_POINT('',#2335);
#2335 = CARTESIAN_POINT('',(43.,-10.,133.56789083457));
#2336 = VERTEX_POINT('',#2337);
#2337 = CARTESIAN_POINT('',(43.000007183493,-10.00758075784,
    133.55432934063));
#2338 = SURFACE_CURVE('',#2339,(#2357,#2378),.PCURVE_S1.);
#2339 = B_SPLINE_CURVE_WITH_KNOTS('',6,(#2340,#2341,#2342,#2343,#2344,
    #2345,#2346,#2347,#2348,#2349,#2350,#2351,#2352,#2353,#2354,#2355,
    #2356),.UNSPECIFIED.,.F.,.F.,(7,5,5,7),(0.,0.499987831622,
    0.859884476571,1.),.UNSPECIFIED.);
#2340 = CARTESIAN_POINT('',(43.,-10.,133.56789083458));
#2341 = CARTESIAN_POINT('',(43.,-10.05031243992,133.47929556791));
#2342 = CARTESIAN_POINT('',(43.000759422952,-10.09033375407,
    133.38688733666));
#2343 = CARTESIAN_POINT('',(43.001695639892,-10.12020896602,
    133.29183567944));
#2344 = CARTESIAN_POINT('',(43.002440845196,-10.14007046377,
    133.19510437429));
#2345 = CARTESIAN_POINT('',(43.002813489465,-10.15,133.09754889382));
#2346 = CARTESIAN_POINT('',(43.002813489465,-10.15,132.92978325194));
#2347 = CARTESIAN_POINT('',(43.002620365137,-10.1448555728,
    132.85956882553));
#2348 = CARTESIAN_POINT('',(43.002234429351,-10.13456579088,
    132.78966048999));
#2349 = CARTESIAN_POINT('',(43.001703953423,-10.119110069,
    132.72037621461));
#2350 = CARTESIAN_POINT('',(43.00112774361,-10.09845061431,
    132.65205564003));
#2351 = CARTESIAN_POINT('',(43.000474726361,-10.06244532117,
    132.55898764161));
#2352 = CARTESIAN_POINT('',(43.000307853253,-10.05155955036,
    132.53311100484));
#2353 = CARTESIAN_POINT('',(43.000166069677,-10.03987468813,
    132.50746013705));
#2354 = CARTESIAN_POINT('',(43.000059615687,-10.02738807226,
    132.48205900536));
#2355 = CARTESIAN_POINT('',(43.,-10.01409725439,132.45693304623));
#2356 = CARTESIAN_POINT('',(43.,-10.,132.43210916542));
#2357 = PCURVE('',#97,#2358);
#2358 = DEFINITIONAL_REPRESENTATION('',(#2359),#2377);
#2359 = B_SPLINE_CURVE_WITH_KNOTS('',6,(#2360,#2361,#2362,#2363,#2364,
    #2365,#2366,#2367,#2368,#2369,#2370,#2371,#2372,#2373,#2374,#2375,
    #2376),.UNSPECIFIED.,.F.,.F.,(7,5,5,7),(0.,0.499987831622,
    0.859884476571,1.),.UNSPECIFIED.);
#2360 = CARTESIAN_POINT('',(0.,50.56789083458));
#2361 = CARTESIAN_POINT('',(1.257810998172E-02,50.479295567914));
#2362 = CARTESIAN_POINT('',(2.258344256425E-02,50.386887336669));
#2363 = CARTESIAN_POINT('',(3.005580701946E-02,50.291835679442));
#2364 = CARTESIAN_POINT('',(3.50246597578E-02,50.195104374291));
#2365 = CARTESIAN_POINT('',(3.750879462899E-02,50.097548893825));
#2366 = CARTESIAN_POINT('',(3.750879462899E-02,49.92978325194));
#2367 = CARTESIAN_POINT('',(3.622180123835E-02,49.859568825535));
#2368 = CARTESIAN_POINT('',(3.36474934249E-02,49.789660489993));
#2369 = CARTESIAN_POINT('',(2.978135921751E-02,49.720376214611));
#2370 = CARTESIAN_POINT('',(2.461471305329E-02,49.652055640036));
#2371 = CARTESIAN_POINT('',(1.56119094403E-02,49.558987641612));
#2372 = CARTESIAN_POINT('',(1.289015498247E-02,49.533111004846));
#2373 = CARTESIAN_POINT('',(9.96875068166E-03,49.507460137053));
#2374 = CARTESIAN_POINT('',(6.847020933298E-03,49.482059005364));
#2375 = CARTESIAN_POINT('',(3.524313597691E-03,49.45693304623));
#2376 = CARTESIAN_POINT('',(0.,49.43210916542));
#2377 = ( GEOMETRIC_REPRESENTATION_CONTEXT(2) 
PARAMETRIC_REPRESENTATION_CONTEXT() REPRESENTATION_CONTEXT('2D SPACE',''
  ) );
#2378 = PCURVE('',#2379,#2384);
#2379 = CYLINDRICAL_SURFACE('',#2380,1.15);
#2380 = AXIS2_PLACEMENT_3D('',#2381,#2382,#2383);
#2381 = CARTESIAN_POINT('',(42.,-9.,133.));
#2382 = DIRECTION('',(1.,0.,2.22044604925E-16));
#2383 = DIRECTION('',(2.22044604925E-16,0.,-1.));
#2384 = DEFINITIONAL_REPRESENTATION('',(#2385),#2403);
#2385 = B_SPLINE_CURVE_WITH_KNOTS('',6,(#2386,#2387,#2388,#2389,#2390,
    #2391,#2392,#2393,#2394,#2395,#2396,#2397,#2398,#2399,#2400,#2401,
    #2402),.UNSPECIFIED.,.F.,.F.,(7,5,5,7),(0.,0.499987831622,
    0.859884476571,1.),.UNSPECIFIED.);
#2386 = CARTESIAN_POINT('',(4.195913839538,1.));
#2387 = CARTESIAN_POINT('',(4.284509106204,1.));
#2388 = CARTESIAN_POINT('',(4.371568602234,1.000759422952));
#2389 = CARTESIAN_POINT('',(4.457520820591,1.001695639892));
#2390 = CARTESIAN_POINT('',(4.542732840059,1.002440845196));
#2391 = CARTESIAN_POINT('',(4.62756385532,1.002813489465));
#2392 = CARTESIAN_POINT('',(4.773447022176,1.002813489465));
#2393 = CARTESIAN_POINT('',(4.834502963235,1.002620365137));
#2394 = CARTESIAN_POINT('',(4.895702701585,1.002234429351));
#2395 = CARTESIAN_POINT('',(4.957179130659,1.001703953423));
#2396 = CARTESIAN_POINT('',(5.019068390204,1.00112774361));
#2397 = CARTESIAN_POINT('',(5.105842256913,1.000474726361));
#2398 = CARTESIAN_POINT('',(5.130243400971,1.000307853253));
#2399 = CARTESIAN_POINT('',(5.154737953674,1.000166069677));
#2400 = CARTESIAN_POINT('',(5.179334186968,1.000059615687));
#2401 = CARTESIAN_POINT('',(5.204040240421,1.));
#2402 = CARTESIAN_POINT('',(5.228864121232,1.));
#2403 = ( GEOMETRIC_REPRESENTATION_CONTEXT(2) 
PARAMETRIC_REPRESENTATION_CONTEXT() REPRESENTATION_CONTEXT('2D SPACE',''
  ) );
#2404 = ORIENTED_EDGE('',*,*,#2405,.F.);
#2405 = EDGE_CURVE('',#2406,#2336,#2408,.T.);
#2406 = VERTEX_POINT('',#2407);
#2407 = CARTESIAN_POINT('',(43.215127543025,-11.29411764705,132.25));
#2408 = SURFACE_CURVE('',#2409,(#2442,#2480),.PCURVE_S1.);
#2409 = B_SPLINE_CURVE_WITH_KNOTS('',11,(#2410,#2411,#2412,#2413,#2414,
    #2415,#2416,#2417,#2418,#2419,#2420,#2421,#2422,#2423,#2424,#2425,
    #2426,#2427,#2428,#2429,#2430,#2431,#2432,#2433,#2434,#2435,#2436,
    #2437,#2438,#2439,#2440,#2441),.UNSPECIFIED.,.F.,.F.,(12,10,10,12),(
    46.263282169613,46.883733515166,47.290991973195,47.309959406459),
  .UNSPECIFIED.);
#2410 = CARTESIAN_POINT('',(43.215127543025,-11.29411764705,132.25));
#2411 = CARTESIAN_POINT('',(43.215127543026,-11.29411764705,
    132.36347123189));
#2412 = CARTESIAN_POINT('',(43.211005911544,-11.28201625782,
    132.4770401351));
#2413 = CARTESIAN_POINT('',(43.202666144478,-11.25768757973,
    132.58903992411));
#2414 = CARTESIAN_POINT('',(43.190506475975,-11.22158115068,
    132.69782744679));
#2415 = CARTESIAN_POINT('',(43.175237236823,-11.17453758432,
    132.8019643111));
#2416 = CARTESIAN_POINT('',(43.157729433412,-11.11762623656,
    132.90033260551));
#2417 = CARTESIAN_POINT('',(43.138894549303,-11.0520049009,
    132.99218521942));
#2418 = CARTESIAN_POINT('',(43.119595566776,-10.97880153188,
    133.07713075547));
#2419 = CARTESIAN_POINT('',(43.100589211146,-10.89901799732,
    133.15505304235));
#2420 = CARTESIAN_POINT('',(43.082499415393,-10.81345585886,
    133.22596524052));
#2421 = CARTESIAN_POINT('',(43.054875112002,-10.66306937323,
    133.33169813115));
#2422 = CARTESIAN_POINT('',(43.044505412988,-10.6007587674,
    133.37064880055));
#2423 = CARTESIAN_POINT('',(43.035273347561,-10.54049670323,
    133.40555588603));
#2424 = CARTESIAN_POINT('',(43.025288403527,-10.46197596417,
    133.44200260257));
#2425 = CARTESIAN_POINT('',(43.02118148039,-10.42243190382,
    133.46127323787));
#2426 = CARTESIAN_POINT('',(43.009238418088,-10.32153198437,
    133.50447723211));
#2427 = CARTESIAN_POINT('',(43.008440651693,-10.25928942212,
    133.51339932343));
#2428 = CARTESIAN_POINT('',(43.004445357736,-10.20982787078,
    133.53613531909));
#2429 = CARTESIAN_POINT('',(43.002639700204,-10.15950792976,
    133.54782972186));
#2430 = CARTESIAN_POINT('',(43.000180825536,-10.09920311818,
    133.55949199288));
#2431 = CARTESIAN_POINT('',(42.999999096383,-10.00331358801,
    133.55408889808));
#2432 = CARTESIAN_POINT('',(42.999990869798,-9.998972824239,
    133.55384430872));
#2433 = CARTESIAN_POINT('',(42.999982503739,-9.994558466518,
    133.55359557257));
#2434 = CARTESIAN_POINT('',(42.999973998205,-9.990070514851,
    133.5533426896));
#2435 = CARTESIAN_POINT('',(42.999965353196,-9.985508969239,
    133.55308565984));
#2436 = CARTESIAN_POINT('',(42.999956568713,-9.980873829681,
    133.55282448327));
#2437 = CARTESIAN_POINT('',(42.999947644755,-9.976165096178,
    133.5525591599));
#2438 = CARTESIAN_POINT('',(42.999938581322,-9.971382768729,
    133.55228968972));
#2439 = CARTESIAN_POINT('',(42.999929378414,-9.966526847335,
    133.55201607274));
#2440 = CARTESIAN_POINT('',(42.999920036032,-9.961597331995,
    133.55173830896));
#2441 = CARTESIAN_POINT('',(42.999910554175,-9.95659422271,
    133.55145639837));
#2442 = PCURVE('',#97,#2443);
#2443 = DEFINITIONAL_REPRESENTATION('',(#2444),#2479);
#2444 = B_SPLINE_CURVE_WITH_KNOTS('',9,(#2445,#2446,#2447,#2448,#2449,
    #2450,#2451,#2452,#2453,#2454,#2455,#2456,#2457,#2458,#2459,#2460,
    #2461,#2462,#2463,#2464,#2465,#2466,#2467,#2468,#2469,#2470,#2471,
    #2472,#2473,#2474,#2475,#2476,#2477,#2478),.UNSPECIFIED.,.F.,.F.,(10
    ,8,8,8,10),(46.263282169613,46.777137071404,46.905600796852,
    47.0340645223,47.290991973195),.UNSPECIFIED.);
#2445 = CARTESIAN_POINT('',(0.329457139618,49.25));
#2446 = CARTESIAN_POINT('',(0.329457139618,49.364859975287));
#2447 = CARTESIAN_POINT('',(0.326108260533,49.47982238939));
#2448 = CARTESIAN_POINT('',(0.3193674789,49.593027067222));
#2449 = CARTESIAN_POINT('',(0.309411413688,49.702643488767));
#2450 = CARTESIAN_POINT('',(0.296548500927,49.807128996678));
#2451 = CARTESIAN_POINT('',(0.281146193795,49.905371232352));
#2452 = CARTESIAN_POINT('',(0.263573188162,49.996714800234));
#2453 = CARTESIAN_POINT('',(0.244156673607,50.080872160585));
#2454 = CARTESIAN_POINT('',(0.217904093954,50.17693039803));
#2455 = CARTESIAN_POINT('',(0.212554950298,50.195684861916));
#2456 = CARTESIAN_POINT('',(0.207107848602,50.213982127454));
#2457 = CARTESIAN_POINT('',(0.201576980055,50.231814449058));
#2458 = CARTESIAN_POINT('',(0.195949081456,50.249191857656));
#2459 = CARTESIAN_POINT('',(0.190236983491,50.266106807202));
#2460 = CARTESIAN_POINT('',(0.184458803553,50.282548564755));
#2461 = CARTESIAN_POINT('',(0.17857678296,50.298543535459));
#2462 = CARTESIAN_POINT('',(0.166688512671,50.329583063198));
#2463 = CARTESIAN_POINT('',(0.160677741865,50.344631972919));
#2464 = CARTESIAN_POINT('',(0.154582506518,50.359226262483));
#2465 = CARTESIAN_POINT('',(0.148414278018,50.373351325202));
#2466 = CARTESIAN_POINT('',(0.142188347717,50.386992735223));
#2467 = CARTESIAN_POINT('',(0.135910268159,50.400151170574));
#2468 = CARTESIAN_POINT('',(0.129574215859,50.41284123775));
#2469 = CARTESIAN_POINT('',(0.123173275619,50.425074197781));
#2470 = CARTESIAN_POINT('',(0.103818387941,50.460325386057));
#2471 = CARTESIAN_POINT('',(9.070736912622E-02,50.481931695663));
#2472 = CARTESIAN_POINT('',(7.755095041555E-02,50.501240042944));
#2473 = CARTESIAN_POINT('',(6.454110053834E-02,50.518813937938));
#2474 = CARTESIAN_POINT('',(5.308841898137E-02,50.531137206833));
#2475 = CARTESIAN_POINT('',(4.328806282513E-02,50.543647417457));
#2476 = CARTESIAN_POINT('',(3.245006773105E-02,50.552097812905));
#2477 = CARTESIAN_POINT('',(1.95569040934E-02,50.558310077253));
#2478 = CARTESIAN_POINT('',(1.895190595773E-03,50.554329340631));
#2479 = ( GEOMETRIC_REPRESENTATION_CONTEXT(2) 
PARAMETRIC_REPRESENTATION_CONTEXT() REPRESENTATION_CONTEXT('2D SPACE',''
  ) );
#2480 = PCURVE('',#2481,#2578);
#2481 = ( BOUNDED_SURFACE() B_SPLINE_SURFACE(2,11,(
    (#2482,#2483,#2484,#2485,#2486,#2487,#2488,#2489,#2490,#2491,#2492
      ,#2493,#2494,#2495,#2496,#2497,#2498,#2499,#2500,#2501,#2502,#2503
      ,#2504,#2505,#2506,#2507,#2508,#2509,#2510,#2511,#2512,#2513)
    ,(#2514,#2515,#2516,#2517,#2518,#2519,#2520,#2521,#2522,#2523,#2524
      ,#2525,#2526,#2527,#2528,#2529,#2530,#2531,#2532,#2533,#2534,#2535
      ,#2536,#2537,#2538,#2539,#2540,#2541,#2542,#2543,#2544,#2545)
    ,(#2546,#2547,#2548,#2549,#2550,#2551,#2552,#2553,#2554,#2555,#2556
      ,#2557,#2558,#2559,#2560,#2561,#2562,#2563,#2564,#2565,#2566,#2567
      ,#2568,#2569,#2570,#2571,#2572,#2573,#2574,#2575,#2576,#2577
)),.UNSPECIFIED.,.F.,.F.,.F.) B_SPLINE_SURFACE_WITH_KNOTS((3,3),(12,10,
    10,12),(0.,1.027709803582),(46.263282169613,46.883733515166,
    47.290991973195,47.309959406459),.UNSPECIFIED.) 
GEOMETRIC_REPRESENTATION_ITEM() RATIONAL_B_SPLINE_SURFACE((
    (1.,1.,1.,1.,1.,1.,1.,1.,1.,1.,1.,1.,1.,1.,1.,1.,1.,1.,1.,1.,1.,1.
      ,1.,1.,1.,1.,1.,1.,1.,1.,1.,1.)
    ,(0.581579998038,0.581579998038,0.583715091556,0.588027713918
      ,0.594341407051,0.602333246659,0.611596064689,0.62169046714
      ,0.632186647134,0.642695993345,0.652892493693,0.668845921924
      ,0.674961567449,0.680387752678,0.686930160611,0.689037466893
      ,0.697062011468,0.699013479664,0.700808717398,0.702084438992
      ,0.703896744037,0.707628429581,0.707761280256,0.707860918262
      ,0.707927343599,0.707960556268,0.707960556268,0.707927343599
      ,0.707860918262,0.707761280256,0.707628429581,0.707462366238)
    ,(1.,1.,1.,1.,1.,1.,1.,1.,1.,1.,1.,1.,1.,1.,1.,1.,1.,1.,1.,1.,1.,1.
,1.,1.,1.,1.,1.,1.,1.,1.,1.,1.))) REPRESENTATION_ITEM('') SURFACE() );
#2482 = CARTESIAN_POINT('',(43.782858411571,-10.5,132.25));
#2483 = CARTESIAN_POINT('',(43.782858411572,-10.5,132.31115646929));
#2484 = CARTESIAN_POINT('',(43.779554896634,-10.49452833188,
    132.3723643714));
#2485 = CARTESIAN_POINT('',(43.772882086023,-10.48352715671,
    132.4327836797));
#2486 = CARTESIAN_POINT('',(43.763126872163,-10.46720248655,
    132.49159357236));
#2487 = CARTESIAN_POINT('',(43.750806138564,-10.44593143271,
    132.5480764464));
#2488 = CARTESIAN_POINT('',(43.736564158672,-10.42018333209,
    132.60167071567));
#2489 = CARTESIAN_POINT('',(43.721090077661,-10.39045475223,
    132.65199239908));
#2490 = CARTESIAN_POINT('',(43.705055474529,-10.35721837431,
    132.69882549092));
#2491 = CARTESIAN_POINT('',(43.689072007327,-10.32088575482,
    132.74208112188));
#2492 = CARTESIAN_POINT('',(43.673669139024,-10.2817839653,
    132.78172550328));
#2493 = CARTESIAN_POINT('',(43.649854890713,-10.21281541244,
    132.84127466274));
#2494 = CARTESIAN_POINT('',(43.640828300969,-10.18456584536,
    132.86321928858));
#2495 = CARTESIAN_POINT('',(43.632675405967,-10.15381889123,
    132.88419029963));
#2496 = CARTESIAN_POINT('',(43.624171833541,-10.12856557912,
    132.90049711166));
#2497 = CARTESIAN_POINT('',(43.618922799846,-10.08653062165,
    132.92338073231));
#2498 = CARTESIAN_POINT('',(43.611445433384,-10.06782440245,
    132.93071735114));
#2499 = CARTESIAN_POINT('',(43.60638759035,-10.03152541095,
    132.94822236128));
#2500 = CARTESIAN_POINT('',(43.604581536363,-9.994681096059,
    132.96293526481));
#2501 = CARTESIAN_POINT('',(43.602437969228,-9.944378331142,
    132.97872109031));
#2502 = CARTESIAN_POINT('',(43.600020749845,-9.877714920536,
    132.99573731379));
#2503 = CARTESIAN_POINT('',(43.598918065052,-9.773470287141,
    132.99964704763));
#2504 = CARTESIAN_POINT('',(43.598868994593,-9.768831307747,
    132.99982103428));
#2505 = CARTESIAN_POINT('',(43.598819924133,-9.764192328352,
    132.99999502093));
#2506 = CARTESIAN_POINT('',(43.598770853674,-9.759553348958,
    133.00016900758));
#2507 = CARTESIAN_POINT('',(43.598721783215,-9.754914369563,
    133.00034299423));
#2508 = CARTESIAN_POINT('',(43.598672712756,-9.750275390169,
    133.00051698088));
#2509 = CARTESIAN_POINT('',(43.598623642296,-9.745636410775,
    133.00069096754));
#2510 = CARTESIAN_POINT('',(43.598574571837,-9.74099743138,
    133.00086495419));
#2511 = CARTESIAN_POINT('',(43.598525501378,-9.736358451986,
    133.00103894084));
#2512 = CARTESIAN_POINT('',(43.598476430919,-9.731719472591,
    133.00121292749));
#2513 = CARTESIAN_POINT('',(43.598427360459,-9.727080493197,
    133.00138691414));
#2514 = CARTESIAN_POINT('',(42.943604084155,-10.5,132.25));
#2515 = CARTESIAN_POINT('',(42.943604084155,-10.5,132.30350019547));
#2516 = CARTESIAN_POINT('',(42.945016773728,-10.49588227394,
    132.35662705827));
#2517 = CARTESIAN_POINT('',(42.947876160644,-10.48779510877,
    132.40939905903));
#2518 = CARTESIAN_POINT('',(42.951904980028,-10.47564466779,
    132.46183989101));
#2519 = CARTESIAN_POINT('',(42.956668930272,-10.45922861125,
    132.51388537962));
#2520 = CARTESIAN_POINT('',(42.961706706104,-10.43833509461,
    132.56532369798));
#2521 = CARTESIAN_POINT('',(42.966624126705,-10.41280884093,
    132.61577468398));
#2522 = CARTESIAN_POINT('',(42.971149356949,-10.38258930892,
    132.66470890457));
#2523 = CARTESIAN_POINT('',(42.975153147545,-10.34772767256,
    132.71150515343));
#2524 = CARTESIAN_POINT('',(42.978641129838,-10.30838861979,
    132.75554615053));
#2525 = CARTESIAN_POINT('',(42.98370086739,-10.23693773562,
    132.82250247612));
#2526 = CARTESIAN_POINT('',(42.985546351565,-10.20734035883,
    132.8473428323));
#2527 = CARTESIAN_POINT('',(42.986920987382,-10.17509743026,
    132.87109763355));
#2528 = CARTESIAN_POINT('',(42.989695646809,-10.14518012158,
    132.89148296592));
#2529 = CARTESIAN_POINT('',(42.988176889392,-10.10347138828,
    132.91529111725));
#2530 = CARTESIAN_POINT('',(42.994135200638,-10.076557003,
    132.92802601008));
#2531 = CARTESIAN_POINT('',(42.992675993257,-10.03521417926,
    132.94717048014));
#2532 = CARTESIAN_POINT('',(42.993818793376,-9.996573322599,
    132.96252716124));
#2533 = CARTESIAN_POINT('',(42.993903067551,-9.945639792309,
    132.97827899876));
#2534 = CARTESIAN_POINT('',(42.994551642673,-9.879906771661,
    132.99525269096));
#2535 = CARTESIAN_POINT('',(42.999810852325,-9.776541034346,
    132.99955052121));
#2536 = CARTESIAN_POINT('',(43.000044181792,-9.771955122397,
    132.99974119823));
#2537 = CARTESIAN_POINT('',(43.000278013336,-9.767359342507,
    132.99993228555));
#2538 = CARTESIAN_POINT('',(43.000512379656,-9.762753052005,
    133.00012380989));
#2539 = CARTESIAN_POINT('',(43.000747313587,-9.758135605562,
    133.00031579808));
#2540 = CARTESIAN_POINT('',(43.000982848111,-9.753506354892,
    133.00050827708));
#2541 = CARTESIAN_POINT('',(43.001219016381,-9.748864648445,
    133.00070127397));
#2542 = CARTESIAN_POINT('',(43.001455851728,-9.744209831105,
    133.00089481601));
#2543 = CARTESIAN_POINT('',(43.001693387682,-9.739541243879,
    133.00108893057));
#2544 = CARTESIAN_POINT('',(43.001931657985,-9.734858223588,
    133.00128364525));
#2545 = CARTESIAN_POINT('',(43.002170696608,-9.73016010255,
    133.0014789878));
#2546 = CARTESIAN_POINT('',(43.215127543025,-11.29411764705,132.25));
#2547 = CARTESIAN_POINT('',(43.215127543026,-11.29411764705,
    132.36347123189));
#2548 = CARTESIAN_POINT('',(43.211005911544,-11.28201625782,
    132.4770401351));
#2549 = CARTESIAN_POINT('',(43.202666144478,-11.25768757973,
    132.58903992411));
#2550 = CARTESIAN_POINT('',(43.190506475975,-11.22158115068,
    132.69782744679));
#2551 = CARTESIAN_POINT('',(43.175237236823,-11.17453758432,
    132.8019643111));
#2552 = CARTESIAN_POINT('',(43.157729433412,-11.11762623656,
    132.90033260551));
#2553 = CARTESIAN_POINT('',(43.138894549303,-11.0520049009,
    132.99218521942));
#2554 = CARTESIAN_POINT('',(43.119595566776,-10.97880153188,
    133.07713075547));
#2555 = CARTESIAN_POINT('',(43.100589211146,-10.89901799732,
    133.15505304235));
#2556 = CARTESIAN_POINT('',(43.082499415393,-10.81345585886,
    133.22596524052));
#2557 = CARTESIAN_POINT('',(43.054875112002,-10.66306937323,
    133.33169813115));
#2558 = CARTESIAN_POINT('',(43.044505412988,-10.6007587674,
    133.37064880055));
#2559 = CARTESIAN_POINT('',(43.035273347561,-10.54049670323,
    133.40555588603));
#2560 = CARTESIAN_POINT('',(43.025288403527,-10.46197596417,
    133.44200260257));
#2561 = CARTESIAN_POINT('',(43.02118148039,-10.42243190382,
    133.46127323787));
#2562 = CARTESIAN_POINT('',(43.009238418088,-10.32153198437,
    133.50447723211));
#2563 = CARTESIAN_POINT('',(43.008440651693,-10.25928942212,
    133.51339932343));
#2564 = CARTESIAN_POINT('',(43.004445357736,-10.20982787078,
    133.53613531909));
#2565 = CARTESIAN_POINT('',(43.002639700204,-10.15950792976,
    133.54782972186));
#2566 = CARTESIAN_POINT('',(43.000180825536,-10.09920311818,
    133.55949199288));
#2567 = CARTESIAN_POINT('',(42.999999096383,-10.00331358801,
    133.55408889808));
#2568 = CARTESIAN_POINT('',(42.999990869798,-9.998972824239,
    133.55384430872));
#2569 = CARTESIAN_POINT('',(42.999982503739,-9.994558466518,
    133.55359557257));
#2570 = CARTESIAN_POINT('',(42.999973998205,-9.990070514851,
    133.5533426896));
#2571 = CARTESIAN_POINT('',(42.999965353196,-9.985508969239,
    133.55308565984));
#2572 = CARTESIAN_POINT('',(42.999956568713,-9.980873829681,
    133.55282448327));
#2573 = CARTESIAN_POINT('',(42.999947644755,-9.976165096178,
    133.5525591599));
#2574 = CARTESIAN_POINT('',(42.999938581322,-9.971382768729,
    133.55228968972));
#2575 = CARTESIAN_POINT('',(42.999929378414,-9.966526847335,
    133.55201607274));
#2576 = CARTESIAN_POINT('',(42.999920036032,-9.961597331995,
    133.55173830896));
#2577 = CARTESIAN_POINT('',(42.999910554175,-9.95659422271,
    133.55145639837));
#2578 = DEFINITIONAL_REPRESENTATION('',(#2579),#2583);
#2579 = LINE('',#2580,#2581);
#2580 = CARTESIAN_POINT('',(1.027709803582,0.));
#2581 = VECTOR('',#2582,1.);
#2582 = DIRECTION('',(0.,1.));
#2583 = ( GEOMETRIC_REPRESENTATION_CONTEXT(2) 
PARAMETRIC_REPRESENTATION_CONTEXT() REPRESENTATION_CONTEXT('2D SPACE',''
  ) );
#2584 = ORIENTED_EDGE('',*,*,#2585,.F.);
#2585 = EDGE_CURVE('',#2586,#2406,#2588,.T.);
#2586 = VERTEX_POINT('',#2587);
#2587 = CARTESIAN_POINT('',(43.215127543025,-11.29411764705,86.75));
#2588 = SURFACE_CURVE('',#2589,(#2593,#2600),.PCURVE_S1.);
#2589 = LINE('',#2590,#2591);
#2590 = CARTESIAN_POINT('',(43.215127543025,-11.29411764705,86.75));
#2591 = VECTOR('',#2592,1.);
#2592 = DIRECTION('',(0.,0.,1.));
#2593 = PCURVE('',#97,#2594);
#2594 = DEFINITIONAL_REPRESENTATION('',(#2595),#2599);
#2595 = LINE('',#2596,#2597);
#2596 = CARTESIAN_POINT('',(0.329457139618,3.75));
#2597 = VECTOR('',#2598,1.);
#2598 = DIRECTION('',(0.,1.));
#2599 = ( GEOMETRIC_REPRESENTATION_CONTEXT(2) 
PARAMETRIC_REPRESENTATION_CONTEXT() REPRESENTATION_CONTEXT('2D SPACE',''
  ) );
#2600 = PCURVE('',#2601,#2606);
#2601 = CYLINDRICAL_SURFACE('',#2602,0.6);
#2602 = AXIS2_PLACEMENT_3D('',#2603,#2604,#2605);
#2603 = CARTESIAN_POINT('',(43.782858411571,-11.1,86.75));
#2604 = DIRECTION('',(0.,0.,1.));
#2605 = DIRECTION('',(-0.,1.,0.));
#2606 = DEFINITIONAL_REPRESENTATION('',(#2607),#2611);
#2607 = LINE('',#2608,#2609);
#2608 = CARTESIAN_POINT('',(1.900253466413,0.));
#2609 = VECTOR('',#2610,1.);
#2610 = DIRECTION('',(0.,1.));
#2611 = ( GEOMETRIC_REPRESENTATION_CONTEXT(2) 
PARAMETRIC_REPRESENTATION_CONTEXT() REPRESENTATION_CONTEXT('2D SPACE',''
  ) );
#2612 = ORIENTED_EDGE('',*,*,#2613,.F.);
#2613 = EDGE_CURVE('',#304,#2586,#2614,.T.);
#2614 = SURFACE_CURVE('',#2615,(#2648,#2686),.PCURVE_S1.);
#2615 = B_SPLINE_CURVE_WITH_KNOTS('',11,(#2616,#2617,#2618,#2619,#2620,
    #2621,#2622,#2623,#2624,#2625,#2626,#2627,#2628,#2629,#2630,#2631,
    #2632,#2633,#2634,#2635,#2636,#2637,#2638,#2639,#2640,#2641,#2642,
    #2643,#2644,#2645,#2646,#2647),.UNSPECIFIED.,.F.,.F.,(12,10,10,12),(
    -0.28339506815,-0.264427635042,0.14283082406,0.763282169613),
  .UNSPECIFIED.);
#2616 = CARTESIAN_POINT('',(42.999910554204,-9.956594220083,
    85.448543601981));
#2617 = CARTESIAN_POINT('',(42.999920036057,-9.961597329365,
    85.448261691372));
#2618 = CARTESIAN_POINT('',(42.999929378436,-9.966526844701,
    85.447983927568));
#2619 = CARTESIAN_POINT('',(42.999938581341,-9.971382766093,
    85.447710310567));
#2620 = CARTESIAN_POINT('',(42.999947644771,-9.976165093539,
    85.447440840371));
#2621 = CARTESIAN_POINT('',(42.999956568726,-9.980873827041,
    85.447175516979));
#2622 = CARTESIAN_POINT('',(42.999965353206,-9.985508966598,
    85.44691434039));
#2623 = CARTESIAN_POINT('',(42.999973998212,-9.99007051221,
    85.446657310606));
#2624 = CARTESIAN_POINT('',(42.999982503743,-9.994558463877,
    85.446404427626));
#2625 = CARTESIAN_POINT('',(42.999990869799,-9.998972821599,
    85.44615569145));
#2626 = CARTESIAN_POINT('',(42.999999096381,-10.00331358537,
    85.445911102077));
#2627 = CARTESIAN_POINT('',(43.000180825472,-10.09920311658,
    85.440508006806));
#2628 = CARTESIAN_POINT('',(43.002639700155,-10.15950792857,
    85.452170277841));
#2629 = CARTESIAN_POINT('',(43.004445357669,-10.20982786969,
    85.46386468047));
#2630 = CARTESIAN_POINT('',(43.008440651645,-10.25928942104,
    85.486600676311));
#2631 = CARTESIAN_POINT('',(43.009238417939,-10.32153198269,
    85.495522767305));
#2632 = CARTESIAN_POINT('',(43.021181480303,-10.42243190336,
    85.538726761802));
#2633 = CARTESIAN_POINT('',(43.025288403439,-10.4619759633,
    85.557997397067));
#2634 = CARTESIAN_POINT('',(43.035273347483,-10.54049670278,
    85.59444411369));
#2635 = CARTESIAN_POINT('',(43.044505412935,-10.60075876706,
    85.629351199234));
#2636 = CARTESIAN_POINT('',(43.054875111973,-10.66306937307,
    85.668301868735));
#2637 = CARTESIAN_POINT('',(43.082499415393,-10.81345585886,
    85.774034759472));
#2638 = CARTESIAN_POINT('',(43.100589211144,-10.89901799732,
    85.844946957664));
#2639 = CARTESIAN_POINT('',(43.119595566783,-10.97880153188,
    85.922869244489));
#2640 = CARTESIAN_POINT('',(43.138894549287,-11.0520049009,
    86.007814780636));
#2641 = CARTESIAN_POINT('',(43.157729433435,-11.11762623656,
    86.099667394405));
#2642 = CARTESIAN_POINT('',(43.175237236798,-11.17453758431,
    86.198035688981));
#2643 = CARTESIAN_POINT('',(43.190506475994,-11.22158115069,
    86.302172553135));
#2644 = CARTESIAN_POINT('',(43.202666144467,-11.25768757972,
    86.410960075925));
#2645 = CARTESIAN_POINT('',(43.211005911548,-11.28201625782,
    86.522959864877));
#2646 = CARTESIAN_POINT('',(43.215127543025,-11.29411764705,
    86.636528768106));
#2647 = CARTESIAN_POINT('',(43.215127543025,-11.29411764705,86.75));
#2648 = PCURVE('',#97,#2649);
#2649 = DEFINITIONAL_REPRESENTATION('',(#2650),#2685);
#2650 = B_SPLINE_CURVE_WITH_KNOTS('',9,(#2651,#2652,#2653,#2654,#2655,
    #2656,#2657,#2658,#2659,#2660,#2661,#2662,#2663,#2664,#2665,#2666,
    #2667,#2668,#2669,#2670,#2671,#2672,#2673,#2674,#2675,#2676,#2677,
    #2678,#2679,#2680,#2681,#2682,#2683,#2684),.UNSPECIFIED.,.F.,.F.,(10
    ,8,8,8,10),(-0.264427635042,-7.500183878347E-03,0.120963541704,
    0.249427267285,0.763282169613),.UNSPECIFIED.);
#2651 = CARTESIAN_POINT('',(1.895189936655E-03,2.445670659509));
#2652 = CARTESIAN_POINT('',(1.955690360674E-02,2.44168992255));
#2653 = CARTESIAN_POINT('',(3.245006733497E-02,2.447902186801));
#2654 = CARTESIAN_POINT('',(4.32880624686E-02,2.456352582152));
#2655 = CARTESIAN_POINT('',(5.308841862611E-02,2.468862792756));
#2656 = CARTESIAN_POINT('',(6.454110013484E-02,2.48118606156));
#2657 = CARTESIAN_POINT('',(7.75509500089E-02,2.498759956496));
#2658 = CARTESIAN_POINT('',(9.070736872675E-02,2.518068303727));
#2659 = CARTESIAN_POINT('',(0.103818387558,2.539674613304));
#2660 = CARTESIAN_POINT('',(0.123173275265,2.574925801544));
#2661 = CARTESIAN_POINT('',(0.129574215514,2.587158761567));
#2662 = CARTESIAN_POINT('',(0.135910267824,2.599848828732));
#2663 = CARTESIAN_POINT('',(0.142188347391,2.613007264076));
#2664 = CARTESIAN_POINT('',(0.148414277701,2.626648674088));
#2665 = CARTESIAN_POINT('',(0.15458250621,2.6407737368));
#2666 = CARTESIAN_POINT('',(0.160677741567,2.65536802636));
#2667 = CARTESIAN_POINT('',(0.166688512383,2.670416936076));
#2668 = CARTESIAN_POINT('',(0.17857678269,2.701456463809));
#2669 = CARTESIAN_POINT('',(0.184458803292,2.717451434508));
#2670 = CARTESIAN_POINT('',(0.19023698324,2.733893192065));
#2671 = CARTESIAN_POINT('',(0.195949081214,2.750808141603));
#2672 = CARTESIAN_POINT('',(0.201576979821,2.768185550211));
#2673 = CARTESIAN_POINT('',(0.207107848379,2.78601787181));
#2674 = CARTESIAN_POINT('',(0.212554950083,2.804315137355));
#2675 = CARTESIAN_POINT('',(0.217904093748,2.823069601243));
#2676 = CARTESIAN_POINT('',(0.244156673445,2.919127838712));
#2677 = CARTESIAN_POINT('',(0.263573188034,3.003285199096));
#2678 = CARTESIAN_POINT('',(0.281146193698,3.094628767034));
#2679 = CARTESIAN_POINT('',(0.29654850086,3.192871002777));
#2680 = CARTESIAN_POINT('',(0.309411413646,3.297356510779));
#2681 = CARTESIAN_POINT('',(0.319367478879,3.406972932418));
#2682 = CARTESIAN_POINT('',(0.326108260526,3.520177610369));
#2683 = CARTESIAN_POINT('',(0.329457139618,3.635140024597));
#2684 = CARTESIAN_POINT('',(0.329457139618,3.75));
#2685 = ( GEOMETRIC_REPRESENTATION_CONTEXT(2) 
PARAMETRIC_REPRESENTATION_CONTEXT() REPRESENTATION_CONTEXT('2D SPACE',''
  ) );
#2686 = PCURVE('',#1117,#2687);
#2687 = DEFINITIONAL_REPRESENTATION('',(#2688),#2692);
#2688 = LINE('',#2689,#2690);
#2689 = CARTESIAN_POINT('',(1.027709804655,0.));
#2690 = VECTOR('',#2691,1.);
#2691 = DIRECTION('',(0.,1.));
#2692 = ( GEOMETRIC_REPRESENTATION_CONTEXT(2) 
PARAMETRIC_REPRESENTATION_CONTEXT() REPRESENTATION_CONTEXT('2D SPACE',''
  ) );
#2693 = ORIENTED_EDGE('',*,*,#303,.T.);
#2694 = ORIENTED_EDGE('',*,*,#81,.F.);
#2695 = ORIENTED_EDGE('',*,*,#2696,.F.);
#2696 = EDGE_CURVE('',#2697,#82,#2699,.T.);
#2697 = VERTEX_POINT('',#2698);
#2698 = CARTESIAN_POINT('',(43.304516129032,-11.53081643557,83.8));
#2699 = SURFACE_CURVE('',#2700,(#2705,#2716),.PCURVE_S1.);
#2700 = ELLIPSE('',#2701,14.059285759528,4.);
#2701 = AXIS2_PLACEMENT_3D('',#2702,#2703,#2704);
#2702 = CARTESIAN_POINT('',(47.,-10.,71.347826086956));
#2703 = DIRECTION('',(-0.958673228505,0.,-0.284509474266));
#2704 = DIRECTION('',(-0.284509474266,0.,0.958673228505));
#2705 = PCURVE('',#97,#2706);
#2706 = DEFINITIONAL_REPRESENTATION('',(#2707),#2715);
#2707 = B_SPLINE_CURVE_WITH_KNOTS('',6,(#2708,#2709,#2710,#2711,#2712,
    #2713,#2714),.UNSPECIFIED.,.F.,.F.,(7,7),(5.890463728945,
    6.28318530718),.PIECEWISE_BEZIER_KNOTS.);
#2708 = CARTESIAN_POINT('',(0.392721578235,0.7999994));
#2709 = CARTESIAN_POINT('',(0.327267981862,1.137621307188));
#2710 = CARTESIAN_POINT('',(0.26181438549,1.411226487843));
#2711 = CARTESIAN_POINT('',(0.196360789117,1.618211402417));
#2712 = CARTESIAN_POINT('',(0.130907192745,1.756795114418));
#2713 = CARTESIAN_POINT('',(6.545359637249E-02,1.826086956522));
#2714 = CARTESIAN_POINT('',(4.440892098501E-16,1.826086956522));
#2715 = ( GEOMETRIC_REPRESENTATION_CONTEXT(2) 
PARAMETRIC_REPRESENTATION_CONTEXT() REPRESENTATION_CONTEXT('2D SPACE',''
  ) );
#2716 = PCURVE('',#2717,#2722);
#2717 = PLANE('',#2718);
#2718 = AXIS2_PLACEMENT_3D('',#2719,#2720,#2721);
#2719 = CARTESIAN_POINT('',(52.,-10.,54.5));
#2720 = DIRECTION('',(-0.958673228505,-0.,-0.284509474266));
#2721 = DIRECTION('',(-0.284509474266,0.,0.958673228505));
#2722 = DEFINITIONAL_REPRESENTATION('',(#2723),#2727);
#2723 = ELLIPSE('',#2724,14.059285759528,4.);
#2724 = AXIS2_PLACEMENT_2D('',#2725,#2726);
#2725 = CARTESIAN_POINT('',(17.574107199409,0.));
#2726 = DIRECTION('',(1.,0.));
#2727 = ( GEOMETRIC_REPRESENTATION_CONTEXT(2) 
PARAMETRIC_REPRESENTATION_CONTEXT() REPRESENTATION_CONTEXT('2D SPACE',''
  ) );
#2728 = ORIENTED_EDGE('',*,*,#2729,.F.);
#2729 = EDGE_CURVE('',#2730,#2697,#2732,.T.);
#2730 = VERTEX_POINT('',#2731);
#2731 = CARTESIAN_POINT('',(47.,-14.,83.8));
#2732 = SURFACE_CURVE('',#2733,(#2738,#2745),.PCURVE_S1.);
#2733 = CIRCLE('',#2734,4.);
#2734 = AXIS2_PLACEMENT_3D('',#2735,#2736,#2737);
#2735 = CARTESIAN_POINT('',(47.,-10.,83.8));
#2736 = DIRECTION('',(-0.,0.,-1.));
#2737 = DIRECTION('',(-4.440892098501E-16,-1.,0.));
#2738 = PCURVE('',#97,#2739);
#2739 = DEFINITIONAL_REPRESENTATION('',(#2740),#2744);
#2740 = LINE('',#2741,#2742);
#2741 = CARTESIAN_POINT('',(1.570796326795,0.8));
#2742 = VECTOR('',#2743,1.);
#2743 = DIRECTION('',(-1.,-0.));
#2744 = ( GEOMETRIC_REPRESENTATION_CONTEXT(2) 
PARAMETRIC_REPRESENTATION_CONTEXT() REPRESENTATION_CONTEXT('2D SPACE',''
  ) );
#2745 = PCURVE('',#2746,#2751);
#2746 = TOROIDAL_SURFACE('',#2747,3.2,0.8);
#2747 = AXIS2_PLACEMENT_3D('',#2748,#2749,#2750);
#2748 = CARTESIAN_POINT('',(47.,-10.,83.8));
#2749 = DIRECTION('',(-0.,-0.,-1.));
#2750 = DIRECTION('',(-4.440892098501E-16,-1.,0.));
#2751 = DEFINITIONAL_REPRESENTATION('',(#2752),#2756);
#2752 = LINE('',#2753,#2754);
#2753 = CARTESIAN_POINT('',(0.,0.));
#2754 = VECTOR('',#2755,1.);
#2755 = DIRECTION('',(1.,0.));
#2756 = ( GEOMETRIC_REPRESENTATION_CONTEXT(2) 
PARAMETRIC_REPRESENTATION_CONTEXT() REPRESENTATION_CONTEXT('2D SPACE',''
  ) );
#2757 = ORIENTED_EDGE('',*,*,#2758,.T.);
#2758 = EDGE_CURVE('',#2730,#2759,#2761,.T.);
#2759 = VERTEX_POINT('',#2760);
#2760 = CARTESIAN_POINT('',(47.,-14.,135.2));
#2761 = SURFACE_CURVE('',#2762,(#2766,#2773),.PCURVE_S1.);
#2762 = LINE('',#2763,#2764);
#2763 = CARTESIAN_POINT('',(47.,-14.,83.));
#2764 = VECTOR('',#2765,1.);
#2765 = DIRECTION('',(0.,0.,1.));
#2766 = PCURVE('',#97,#2767);
#2767 = DEFINITIONAL_REPRESENTATION('',(#2768),#2772);
#2768 = LINE('',#2769,#2770);
#2769 = CARTESIAN_POINT('',(1.570796326795,0.));
#2770 = VECTOR('',#2771,1.);
#2771 = DIRECTION('',(0.,1.));
#2772 = ( GEOMETRIC_REPRESENTATION_CONTEXT(2) 
PARAMETRIC_REPRESENTATION_CONTEXT() REPRESENTATION_CONTEXT('2D SPACE',''
  ) );
#2773 = PCURVE('',#2774,#2779);
#2774 = PLANE('',#2775);
#2775 = AXIS2_PLACEMENT_3D('',#2776,#2777,#2778);
#2776 = CARTESIAN_POINT('',(43.,-14.,83.));
#2777 = DIRECTION('',(-0.,1.,0.));
#2778 = DIRECTION('',(0.,0.,1.));
#2779 = DEFINITIONAL_REPRESENTATION('',(#2780),#2784);
#2780 = LINE('',#2781,#2782);
#2781 = CARTESIAN_POINT('',(0.,4.));
#2782 = VECTOR('',#2783,1.);
#2783 = DIRECTION('',(1.,0.));
#2784 = ( GEOMETRIC_REPRESENTATION_CONTEXT(2) 
PARAMETRIC_REPRESENTATION_CONTEXT() REPRESENTATION_CONTEXT('2D SPACE',''
  ) );
#2785 = ORIENTED_EDGE('',*,*,#2786,.T.);
#2786 = EDGE_CURVE('',#2759,#2787,#2789,.T.);
#2787 = VERTEX_POINT('',#2788);
#2788 = CARTESIAN_POINT('',(43.,-10.,135.2));
#2789 = SURFACE_CURVE('',#2790,(#2795,#2802),.PCURVE_S1.);
#2790 = CIRCLE('',#2791,4.);
#2791 = AXIS2_PLACEMENT_3D('',#2792,#2793,#2794);
#2792 = CARTESIAN_POINT('',(47.,-10.,135.2));
#2793 = DIRECTION('',(-0.,0.,-1.));
#2794 = DIRECTION('',(-4.440892098501E-16,-1.,0.));
#2795 = PCURVE('',#97,#2796);
#2796 = DEFINITIONAL_REPRESENTATION('',(#2797),#2801);
#2797 = LINE('',#2798,#2799);
#2798 = CARTESIAN_POINT('',(1.570796326795,52.2));
#2799 = VECTOR('',#2800,1.);
#2800 = DIRECTION('',(-1.,-0.));
#2801 = ( GEOMETRIC_REPRESENTATION_CONTEXT(2) 
PARAMETRIC_REPRESENTATION_CONTEXT() REPRESENTATION_CONTEXT('2D SPACE',''
  ) );
#2802 = PCURVE('',#2803,#2808);
#2803 = TOROIDAL_SURFACE('',#2804,3.2,0.8);
#2804 = AXIS2_PLACEMENT_3D('',#2805,#2806,#2807);
#2805 = CARTESIAN_POINT('',(47.,-10.,135.2));
#2806 = DIRECTION('',(0.,0.,1.));
#2807 = DIRECTION('',(-4.440892098501E-16,-1.,0.));
#2808 = DEFINITIONAL_REPRESENTATION('',(#2809),#2813);
#2809 = LINE('',#2810,#2811);
#2810 = CARTESIAN_POINT('',(-0.,0.));
#2811 = VECTOR('',#2812,1.);
#2812 = DIRECTION('',(-1.,0.));
#2813 = ( GEOMETRIC_REPRESENTATION_CONTEXT(2) 
PARAMETRIC_REPRESENTATION_CONTEXT() REPRESENTATION_CONTEXT('2D SPACE',''
  ) );
#2814 = ORIENTED_EDGE('',*,*,#2815,.T.);
#2815 = EDGE_CURVE('',#2787,#2334,#2816,.T.);
#2816 = SURFACE_CURVE('',#2817,(#2821,#2828),.PCURVE_S1.);
#2817 = LINE('',#2818,#2819);
#2818 = CARTESIAN_POINT('',(43.,-10.,135.2));
#2819 = VECTOR('',#2820,1.);
#2820 = DIRECTION('',(0.,0.,-1.));
#2821 = PCURVE('',#97,#2822);
#2822 = DEFINITIONAL_REPRESENTATION('',(#2823),#2827);
#2823 = LINE('',#2824,#2825);
#2824 = CARTESIAN_POINT('',(0.,52.2));
#2825 = VECTOR('',#2826,1.);
#2826 = DIRECTION('',(-0.,-1.));
#2827 = ( GEOMETRIC_REPRESENTATION_CONTEXT(2) 
PARAMETRIC_REPRESENTATION_CONTEXT() REPRESENTATION_CONTEXT('2D SPACE',''
  ) );
#2828 = PCURVE('',#2829,#2834);
#2829 = PLANE('',#2830);
#2830 = AXIS2_PLACEMENT_3D('',#2831,#2832,#2833);
#2831 = CARTESIAN_POINT('',(43.,-14.,83.));
#2832 = DIRECTION('',(1.,0.,-0.));
#2833 = DIRECTION('',(0.,0.,1.));
#2834 = DEFINITIONAL_REPRESENTATION('',(#2835),#2839);
#2835 = LINE('',#2836,#2837);
#2836 = CARTESIAN_POINT('',(52.2,-4.));
#2837 = VECTOR('',#2838,1.);
#2838 = DIRECTION('',(-1.,0.));
#2839 = ( GEOMETRIC_REPRESENTATION_CONTEXT(2) 
PARAMETRIC_REPRESENTATION_CONTEXT() REPRESENTATION_CONTEXT('2D SPACE',''
  ) );
#2840 = ADVANCED_FACE('',(#2841),#125,.T.);
#2841 = FACE_BOUND('',#2842,.T.);
#2842 = EDGE_LOOP('',(#2843,#2844,#2867));
#2843 = ORIENTED_EDGE('',*,*,#109,.F.);
#2844 = ORIENTED_EDGE('',*,*,#2845,.T.);
#2845 = EDGE_CURVE('',#110,#2846,#2848,.T.);
#2846 = VERTEX_POINT('',#2847);
#2847 = CARTESIAN_POINT('',(43.527766235182,-10.,83.047744207538));
#2848 = SURFACE_CURVE('',#2849,(#2854,#2861),.PCURVE_S1.);
#2849 = CIRCLE('',#2850,0.8);
#2850 = AXIS2_PLACEMENT_3D('',#2851,#2852,#2853);
#2851 = CARTESIAN_POINT('',(43.8,-10.,83.8));
#2852 = DIRECTION('',(0.,-1.,-0.));
#2853 = DIRECTION('',(-1.,-0.,0.));
#2854 = PCURVE('',#125,#2855);
#2855 = DEFINITIONAL_REPRESENTATION('',(#2856),#2860);
#2856 = CIRCLE('',#2857,0.8);
#2857 = AXIS2_PLACEMENT_2D('',#2858,#2859);
#2858 = CARTESIAN_POINT('',(-1.634089311728,15.765910688272));
#2859 = DIRECTION('',(-1.,0.));
#2860 = ( GEOMETRIC_REPRESENTATION_CONTEXT(2) 
PARAMETRIC_REPRESENTATION_CONTEXT() REPRESENTATION_CONTEXT('2D SPACE',''
  ) );
#2861 = PCURVE('',#153,#2862);
#2862 = DEFINITIONAL_REPRESENTATION('',(#2863),#2866);
#2863 = B_SPLINE_CURVE_WITH_KNOTS('',1,(#2864,#2865),.UNSPECIFIED.,.F.,
  .F.,(2,2),(0.,1.570796326795),.PIECEWISE_BEZIER_KNOTS.);
#2864 = CARTESIAN_POINT('',(0.,0.));
#2865 = CARTESIAN_POINT('',(-1.570796326795,0.));
#2866 = ( GEOMETRIC_REPRESENTATION_CONTEXT(2) 
PARAMETRIC_REPRESENTATION_CONTEXT() REPRESENTATION_CONTEXT('2D SPACE',''
  ) );
#2867 = ORIENTED_EDGE('',*,*,#2868,.T.);
#2868 = EDGE_CURVE('',#2846,#82,#2869,.T.);
#2869 = SURFACE_CURVE('',#2870,(#2874,#2881),.PCURVE_S1.);
#2870 = LINE('',#2871,#2872);
#2871 = CARTESIAN_POINT('',(52.,-10.,54.5));
#2872 = VECTOR('',#2873,1.);
#2873 = DIRECTION('',(-0.284509474266,0.,0.958673228505));
#2874 = PCURVE('',#125,#2875);
#2875 = DEFINITIONAL_REPRESENTATION('',(#2876),#2880);
#2876 = LINE('',#2877,#2878);
#2877 = CARTESIAN_POINT('',(6.565910688272,-13.53408931172));
#2878 = VECTOR('',#2879,1.);
#2879 = DIRECTION('',(-0.284509474266,0.958673228505));
#2880 = ( GEOMETRIC_REPRESENTATION_CONTEXT(2) 
PARAMETRIC_REPRESENTATION_CONTEXT() REPRESENTATION_CONTEXT('2D SPACE',''
  ) );
#2881 = PCURVE('',#2717,#2882);
#2882 = DEFINITIONAL_REPRESENTATION('',(#2883),#2887);
#2883 = LINE('',#2884,#2885);
#2884 = CARTESIAN_POINT('',(0.,0.));
#2885 = VECTOR('',#2886,1.);
#2886 = DIRECTION('',(1.,0.));
#2887 = ( GEOMETRIC_REPRESENTATION_CONTEXT(2) 
PARAMETRIC_REPRESENTATION_CONTEXT() REPRESENTATION_CONTEXT('2D SPACE',''
  ) );
#2888 = ADVANCED_FACE('',(#2889),#209,.T.);
#2889 = FACE_BOUND('',#2890,.F.);
#2890 = EDGE_LOOP('',(#2891,#2963,#3143,#3171,#3252,#3253,#3254,#3287,
    #3316,#3344,#3373));
#2891 = ORIENTED_EDGE('',*,*,#2892,.F.);
#2892 = EDGE_CURVE('',#2893,#2895,#2897,.T.);
#2893 = VERTEX_POINT('',#2894);
#2894 = CARTESIAN_POINT('',(43.000007183488,10.007580755205,
    133.55432934049));
#2895 = VERTEX_POINT('',#2896);
#2896 = CARTESIAN_POINT('',(43.,10.,133.56789083457));
#2897 = SURFACE_CURVE('',#2898,(#2916,#2937),.PCURVE_S1.);
#2898 = B_SPLINE_CURVE_WITH_KNOTS('',6,(#2899,#2900,#2901,#2902,#2903,
    #2904,#2905,#2906,#2907,#2908,#2909,#2910,#2911,#2912,#2913,#2914,
    #2915),.UNSPECIFIED.,.F.,.F.,(7,5,5,7),(0.,0.499987831622,
    0.859884476571,1.),.UNSPECIFIED.);
#2899 = CARTESIAN_POINT('',(43.,10.,132.43210916542));
#2900 = CARTESIAN_POINT('',(43.,10.050312439927,132.52070443208));
#2901 = CARTESIAN_POINT('',(43.000759422952,10.090333754078,
    132.61311266333));
#2902 = CARTESIAN_POINT('',(43.001695639892,10.120208966029,
    132.70816432055));
#2903 = CARTESIAN_POINT('',(43.002440845196,10.140070463774,
    132.8048956257));
#2904 = CARTESIAN_POINT('',(43.002813489465,10.15,132.90245110617));
#2905 = CARTESIAN_POINT('',(43.002813489465,10.15,133.07021674806));
#2906 = CARTESIAN_POINT('',(43.002620365137,10.144855572802,
    133.14043117446));
#2907 = CARTESIAN_POINT('',(43.002234429351,10.134565790888,133.21033951
    ));
#2908 = CARTESIAN_POINT('',(43.001703953423,10.119110069003,
    133.27962378538));
#2909 = CARTESIAN_POINT('',(43.00112774361,10.098450614319,
    133.34794435996));
#2910 = CARTESIAN_POINT('',(43.000474726361,10.06244532117,
    133.44101235838));
#2911 = CARTESIAN_POINT('',(43.000307853253,10.051559550365,
    133.46688899515));
#2912 = CARTESIAN_POINT('',(43.000166069677,10.039874688135,
    133.49253986294));
#2913 = CARTESIAN_POINT('',(43.000059615687,10.027388072265,
    133.51794099463));
#2914 = CARTESIAN_POINT('',(43.,10.014097254391,133.54306695377));
#2915 = CARTESIAN_POINT('',(43.,10.,133.56789083458));
#2916 = PCURVE('',#209,#2917);
#2917 = DEFINITIONAL_REPRESENTATION('',(#2918),#2936);
#2918 = B_SPLINE_CURVE_WITH_KNOTS('',6,(#2919,#2920,#2921,#2922,#2923,
    #2924,#2925,#2926,#2927,#2928,#2929,#2930,#2931,#2932,#2933,#2934,
    #2935),.UNSPECIFIED.,.F.,.F.,(7,5,5,7),(0.,0.499987831622,
    0.859884476571,1.),.UNSPECIFIED.);
#2919 = CARTESIAN_POINT('',(0.,49.43210916542));
#2920 = CARTESIAN_POINT('',(-1.257810998172E-02,49.520704432086));
#2921 = CARTESIAN_POINT('',(-2.258344256425E-02,49.613112663331));
#2922 = CARTESIAN_POINT('',(-3.005580701946E-02,49.708164320558));
#2923 = CARTESIAN_POINT('',(-3.50246597578E-02,49.804895625709));
#2924 = CARTESIAN_POINT('',(-3.750879462899E-02,49.902451106175));
#2925 = CARTESIAN_POINT('',(-3.750879462899E-02,50.07021674806));
#2926 = CARTESIAN_POINT('',(-3.622180123835E-02,50.140431174465));
#2927 = CARTESIAN_POINT('',(-3.36474934249E-02,50.210339510007));
#2928 = CARTESIAN_POINT('',(-2.978135921751E-02,50.279623785389));
#2929 = CARTESIAN_POINT('',(-2.461471305329E-02,50.347944359964));
#2930 = CARTESIAN_POINT('',(-1.56119094403E-02,50.441012358388));
#2931 = CARTESIAN_POINT('',(-1.289015498247E-02,50.466888995154));
#2932 = CARTESIAN_POINT('',(-9.96875068166E-03,50.492539862947));
#2933 = CARTESIAN_POINT('',(-6.847020933298E-03,50.517940994636));
#2934 = CARTESIAN_POINT('',(-3.524313597691E-03,50.54306695377));
#2935 = CARTESIAN_POINT('',(0.,50.56789083458));
#2936 = ( GEOMETRIC_REPRESENTATION_CONTEXT(2) 
PARAMETRIC_REPRESENTATION_CONTEXT() REPRESENTATION_CONTEXT('2D SPACE',''
  ) );
#2937 = PCURVE('',#2938,#2943);
#2938 = CYLINDRICAL_SURFACE('',#2939,1.15);
#2939 = AXIS2_PLACEMENT_3D('',#2940,#2941,#2942);
#2940 = CARTESIAN_POINT('',(42.,9.,133.));
#2941 = DIRECTION('',(1.,0.,2.22044604925E-16));
#2942 = DIRECTION('',(2.22044604925E-16,0.,-1.));
#2943 = DEFINITIONAL_REPRESENTATION('',(#2944),#2962);
#2944 = B_SPLINE_CURVE_WITH_KNOTS('',6,(#2945,#2946,#2947,#2948,#2949,
    #2950,#2951,#2952,#2953,#2954,#2955,#2956,#2957,#2958,#2959,#2960,
    #2961),.UNSPECIFIED.,.F.,.F.,(7,5,5,7),(0.,0.499987831622,
    0.859884476571,1.),.UNSPECIFIED.);
#2945 = CARTESIAN_POINT('',(1.054321185948,1.));
#2946 = CARTESIAN_POINT('',(1.142916452614,1.));
#2947 = CARTESIAN_POINT('',(1.229975948644,1.000759422952));
#2948 = CARTESIAN_POINT('',(1.315928167001,1.001695639892));
#2949 = CARTESIAN_POINT('',(1.401140186469,1.002440845196));
#2950 = CARTESIAN_POINT('',(1.48597120173,1.002813489465));
#2951 = CARTESIAN_POINT('',(1.631854368586,1.002813489465));
#2952 = CARTESIAN_POINT('',(1.692910309645,1.002620365137));
#2953 = CARTESIAN_POINT('',(1.754110047995,1.002234429351));
#2954 = CARTESIAN_POINT('',(1.815586477069,1.001703953423));
#2955 = CARTESIAN_POINT('',(1.877475736615,1.00112774361));
#2956 = CARTESIAN_POINT('',(1.964249603323,1.000474726361));
#2957 = CARTESIAN_POINT('',(1.988650747381,1.000307853253));
#2958 = CARTESIAN_POINT('',(2.013145300084,1.000166069677));
#2959 = CARTESIAN_POINT('',(2.037741533378,1.000059615687));
#2960 = CARTESIAN_POINT('',(2.062447586832,1.));
#2961 = CARTESIAN_POINT('',(2.087271467642,1.));
#2962 = ( GEOMETRIC_REPRESENTATION_CONTEXT(2) 
PARAMETRIC_REPRESENTATION_CONTEXT() REPRESENTATION_CONTEXT('2D SPACE',''
  ) );
#2963 = ORIENTED_EDGE('',*,*,#2964,.F.);
#2964 = EDGE_CURVE('',#2965,#2893,#2967,.T.);
#2965 = VERTEX_POINT('',#2966);
#2966 = CARTESIAN_POINT('',(43.215127543025,11.294117647059,132.25));
#2967 = SURFACE_CURVE('',#2968,(#3001,#3039),.PCURVE_S1.);
#2968 = B_SPLINE_CURVE_WITH_KNOTS('',11,(#2969,#2970,#2971,#2972,#2973,
    #2974,#2975,#2976,#2977,#2978,#2979,#2980,#2981,#2982,#2983,#2984,
    #2985,#2986,#2987,#2988,#2989,#2990,#2991,#2992,#2993,#2994,#2995,
    #2996,#2997,#2998,#2999,#3000),.UNSPECIFIED.,.F.,.F.,(12,10,10,12),(
    46.263282169613,46.883733515166,47.290991974278,47.309959407389),
  .UNSPECIFIED.);
#2969 = CARTESIAN_POINT('',(43.215127543025,11.294117647059,132.25));
#2970 = CARTESIAN_POINT('',(43.215127543026,11.294117647059,
    132.3634712319));
#2971 = CARTESIAN_POINT('',(43.211005911542,11.282016257819,
    132.4770401351));
#2972 = CARTESIAN_POINT('',(43.20266614448,11.257687579732,
    132.58903992412));
#2973 = CARTESIAN_POINT('',(43.190506475975,11.221581150684,
    132.69782744679));
#2974 = CARTESIAN_POINT('',(43.175237236819,11.174537584323,
    132.80196431109));
#2975 = CARTESIAN_POINT('',(43.157729433419,11.117626236564,
    132.90033260553));
#2976 = CARTESIAN_POINT('',(43.138894549294,11.052004900903,
    132.99218521939));
#2977 = CARTESIAN_POINT('',(43.119595566782,10.978801531883,
    133.07713075549));
#2978 = CARTESIAN_POINT('',(43.100589211143,10.899017997327,
    133.15505304234));
#2979 = CARTESIAN_POINT('',(43.082499415394,10.813455858867,
    133.22596524052));
#2980 = CARTESIAN_POINT('',(43.054875111973,10.663069373077,
    133.33169813127));
#2981 = CARTESIAN_POINT('',(43.04450541293,10.600758767065,
    133.37064880074));
#2982 = CARTESIAN_POINT('',(43.035273347492,10.540496702779,
    133.40555588636));
#2983 = CARTESIAN_POINT('',(43.02528840342,10.461975963298,
    133.44200260284));
#2984 = CARTESIAN_POINT('',(43.021181480326,10.422431903358,
    133.46127323831));
#2985 = CARTESIAN_POINT('',(43.009238417917,10.321531982691,
    133.50447723259));
#2986 = CARTESIAN_POINT('',(43.008440651659,10.259289421047,
    133.51339932376));
#2987 = CARTESIAN_POINT('',(43.004445357661,10.209827869678,
    133.53613531949));
#2988 = CARTESIAN_POINT('',(43.002639700157,10.159507928561,
    133.54782972217));
#2989 = CARTESIAN_POINT('',(43.000180825472,10.099203116576,
    133.55949199319));
#2990 = CARTESIAN_POINT('',(42.999999096381,10.003313585373,
    133.55408889792));
#2991 = CARTESIAN_POINT('',(42.999990869799,9.998972821596,
    133.55384430855));
#2992 = CARTESIAN_POINT('',(42.999982503743,9.994558463873,
    133.55359557238));
#2993 = CARTESIAN_POINT('',(42.999973998212,9.990070512206,
    133.5533426894));
#2994 = CARTESIAN_POINT('',(42.999965353206,9.985508966594,
    133.55308565961));
#2995 = CARTESIAN_POINT('',(42.999956568726,9.980873827037,
    133.55282448302));
#2996 = CARTESIAN_POINT('',(42.999947644771,9.976165093535,
    133.55255915963));
#2997 = CARTESIAN_POINT('',(42.999938581341,9.971382766088,
    133.55228968943));
#2998 = CARTESIAN_POINT('',(42.999929378437,9.966526844696,
    133.55201607243));
#2999 = CARTESIAN_POINT('',(42.999920036057,9.961597329359,
    133.55173830863));
#3000 = CARTESIAN_POINT('',(42.999910554204,9.956594220078,
    133.55145639802));
#3001 = PCURVE('',#209,#3002);
#3002 = DEFINITIONAL_REPRESENTATION('',(#3003),#3038);
#3003 = B_SPLINE_CURVE_WITH_KNOTS('',9,(#3004,#3005,#3006,#3007,#3008,
    #3009,#3010,#3011,#3012,#3013,#3014,#3015,#3016,#3017,#3018,#3019,
    #3020,#3021,#3022,#3023,#3024,#3025,#3026,#3027,#3028,#3029,#3030,
    #3031,#3032,#3033,#3034,#3035,#3036,#3037),.UNSPECIFIED.,.F.,.F.,(10
    ,8,8,8,10),(46.263282169613,46.777137071945,46.905600797529,
    47.034064523112,47.290991974278),.UNSPECIFIED.);
#3004 = CARTESIAN_POINT('',(-0.329457139618,49.25));
#3005 = CARTESIAN_POINT('',(-0.329457139618,49.364859975411));
#3006 = CARTESIAN_POINT('',(-0.326108260526,49.479822389629));
#3007 = CARTESIAN_POINT('',(-0.319367478878,49.593027067584));
#3008 = CARTESIAN_POINT('',(-0.309411413646,49.702643489222));
#3009 = CARTESIAN_POINT('',(-0.29654850086,49.807128997236));
#3010 = CARTESIAN_POINT('',(-0.281146193697,49.905371232969));
#3011 = CARTESIAN_POINT('',(-0.263573188033,49.996714800908));
#3012 = CARTESIAN_POINT('',(-0.244156673444,50.080872161295));
#3013 = CARTESIAN_POINT('',(-0.217904093746,50.176930398763));
#3014 = CARTESIAN_POINT('',(-0.212554950081,50.195684862659));
#3015 = CARTESIAN_POINT('',(-0.207107848377,50.213982128181));
#3016 = CARTESIAN_POINT('',(-0.201576979819,50.231814449816));
#3017 = CARTESIAN_POINT('',(-0.195949081211,50.249191858384));
#3018 = CARTESIAN_POINT('',(-0.190236983238,50.266106807954));
#3019 = CARTESIAN_POINT('',(-0.184458803289,50.282548565493));
#3020 = CARTESIAN_POINT('',(-0.178576782687,50.2985435362));
#3021 = CARTESIAN_POINT('',(-0.16668851238,50.329583063929));
#3022 = CARTESIAN_POINT('',(-0.160677741565,50.344631973654));
#3023 = CARTESIAN_POINT('',(-0.154582506207,50.359226263193));
#3024 = CARTESIAN_POINT('',(-0.148414277698,50.373351325936));
#3025 = CARTESIAN_POINT('',(-0.142188347388,50.386992735914));
#3026 = CARTESIAN_POINT('',(-0.135910267821,50.400151171285));
#3027 = CARTESIAN_POINT('',(-0.129574215511,50.412841238435));
#3028 = CARTESIAN_POINT('',(-0.123173275262,50.425074198463));
#3029 = CARTESIAN_POINT('',(-0.103818387555,50.4603253867));
#3030 = CARTESIAN_POINT('',(-9.070736872364E-02,50.48193169628));
#3031 = CARTESIAN_POINT('',(-7.755095000611E-02,50.501240043505));
#3032 = CARTESIAN_POINT('',(-6.454110013192E-02,50.518813938447));
#3033 = CARTESIAN_POINT('',(-5.308841862357E-02,50.531137207244));
#3034 = CARTESIAN_POINT('',(-4.328806246483E-02,50.543647417854));
#3035 = CARTESIAN_POINT('',(-3.245006733162E-02,50.552097813201));
#3036 = CARTESIAN_POINT('',(-1.955690360385E-02,50.558310077454));
#3037 = CARTESIAN_POINT('',(-1.895189935864E-03,50.554329340496));
#3038 = ( GEOMETRIC_REPRESENTATION_CONTEXT(2) 
PARAMETRIC_REPRESENTATION_CONTEXT() REPRESENTATION_CONTEXT('2D SPACE',''
  ) );
#3039 = PCURVE('',#3040,#3137);
#3040 = ( BOUNDED_SURFACE() B_SPLINE_SURFACE(2,11,(
    (#3041,#3042,#3043,#3044,#3045,#3046,#3047,#3048,#3049,#3050,#3051
      ,#3052,#3053,#3054,#3055,#3056,#3057,#3058,#3059,#3060,#3061,#3062
      ,#3063,#3064,#3065,#3066,#3067,#3068,#3069,#3070,#3071,#3072)
    ,(#3073,#3074,#3075,#3076,#3077,#3078,#3079,#3080,#3081,#3082,#3083
      ,#3084,#3085,#3086,#3087,#3088,#3089,#3090,#3091,#3092,#3093,#3094
      ,#3095,#3096,#3097,#3098,#3099,#3100,#3101,#3102,#3103,#3104)
    ,(#3105,#3106,#3107,#3108,#3109,#3110,#3111,#3112,#3113,#3114,#3115
      ,#3116,#3117,#3118,#3119,#3120,#3121,#3122,#3123,#3124,#3125,#3126
      ,#3127,#3128,#3129,#3130,#3131,#3132,#3133,#3134,#3135,#3136
)),.UNSPECIFIED.,.F.,.F.,.F.) B_SPLINE_SURFACE_WITH_KNOTS((3,3),(12,10,
    10,12),(0.,1.027709804665),(46.263282169613,46.883733515166,
    47.290991974278,47.309959407389),.UNSPECIFIED.) 
GEOMETRIC_REPRESENTATION_ITEM() RATIONAL_B_SPLINE_SURFACE((
    (1.,1.,1.,1.,1.,1.,1.,1.,1.,1.,1.,1.,1.,1.,1.,1.,1.,1.,1.,1.,1.,1.
      ,1.,1.,1.,1.,1.,1.,1.,1.,1.,1.)
    ,(0.581579998038,0.581579998038,0.583715091556,0.588027713918
      ,0.594341407051,0.602333246659,0.611596064689,0.62169046714
      ,0.632186647134,0.642695993345,0.652892493693,0.668845921941
      ,0.674961567481,0.680387752722,0.686930160679,0.689037466926
      ,0.69706201159,0.699013479704,0.700808717435,0.702084439024
      ,0.703896744085,0.707628429682,0.707761280357,0.707860918364
      ,0.707927343701,0.70796055637,0.70796055637,0.707927343701
      ,0.707860918364,0.707761280357,0.707628429682,0.707462366338)
    ,(1.,1.,1.,1.,1.,1.,1.,1.,1.,1.,1.,1.,1.,1.,1.,1.,1.,1.,1.,1.,1.,1.
,1.,1.,1.,1.,1.,1.,1.,1.,1.,1.))) REPRESENTATION_ITEM('') SURFACE() );
#3041 = CARTESIAN_POINT('',(43.782858411571,10.5,132.25));
#3042 = CARTESIAN_POINT('',(43.782858411573,10.5,132.31115646929));
#3043 = CARTESIAN_POINT('',(43.779554896632,10.494528331881,
    132.37236437139));
#3044 = CARTESIAN_POINT('',(43.772882086025,10.483527156713,
    132.43278367971));
#3045 = CARTESIAN_POINT('',(43.763126872162,10.467202486556,
    132.49159357236));
#3046 = CARTESIAN_POINT('',(43.750806138559,10.44593143271,
    132.54807644639));
#3047 = CARTESIAN_POINT('',(43.73656415868,10.420183332093,
    132.60167071569));
#3048 = CARTESIAN_POINT('',(43.721090077652,10.390454752233,
    132.65199239906));
#3049 = CARTESIAN_POINT('',(43.705055474535,10.357218374318,
    132.69882549094));
#3050 = CARTESIAN_POINT('',(43.689072007325,10.320885754823,
    132.74208112187));
#3051 = CARTESIAN_POINT('',(43.673669139024,10.281783965308,
    132.78172550328));
#3052 = CARTESIAN_POINT('',(43.649854890688,10.212815412377,
    132.8412746628));
#3053 = CARTESIAN_POINT('',(43.640828300917,10.184565845211,
    132.86321928868));
#3054 = CARTESIAN_POINT('',(43.632675405917,10.153818890995,
    132.88419029981));
#3055 = CARTESIAN_POINT('',(43.62417183342,10.128565578833,
    132.90049711182));
#3056 = CARTESIAN_POINT('',(43.618922799818,10.08653062113,
    132.92338073262));
#3057 = CARTESIAN_POINT('',(43.611445433222,10.067824402128,
    132.93071735127));
#3058 = CARTESIAN_POINT('',(43.60638759029,10.031525410297,
    132.94822236158));
#3059 = CARTESIAN_POINT('',(43.604581536305,9.994681095269,
    132.96293526513));
#3060 = CARTESIAN_POINT('',(43.602437969183,9.944378329959,
    132.97872109068));
#3061 = CARTESIAN_POINT('',(43.600020749782,9.877714918798,
    132.99573731423));
#3062 = CARTESIAN_POINT('',(43.598918065028,9.773470284307,
    132.99964704772));
#3063 = CARTESIAN_POINT('',(43.598868994571,9.768831304912,
    132.99982103435));
#3064 = CARTESIAN_POINT('',(43.598819924114,9.764192325516,
    132.99999502098));
#3065 = CARTESIAN_POINT('',(43.598770853657,9.759553346121,
    133.00016900762));
#3066 = CARTESIAN_POINT('',(43.5987217832,9.754914366725,133.00034299425
    ));
#3067 = CARTESIAN_POINT('',(43.598672712743,9.750275387329,
    133.00051698089));
#3068 = CARTESIAN_POINT('',(43.598623642286,9.745636407934,
    133.00069096752));
#3069 = CARTESIAN_POINT('',(43.598574571829,9.740997428538,
    133.00086495415));
#3070 = CARTESIAN_POINT('',(43.598525501372,9.736358449143,
    133.00103894079));
#3071 = CARTESIAN_POINT('',(43.598476430915,9.731719469747,
    133.00121292742));
#3072 = CARTESIAN_POINT('',(43.598427360458,9.727080490352,
    133.00138691406));
#3073 = CARTESIAN_POINT('',(42.943604084155,10.5,132.25));
#3074 = CARTESIAN_POINT('',(42.943604084155,10.5,132.30350019547));
#3075 = CARTESIAN_POINT('',(42.945016773728,10.495882273941,
    132.35662705827));
#3076 = CARTESIAN_POINT('',(42.947876160644,10.487795108778,
    132.40939905903));
#3077 = CARTESIAN_POINT('',(42.951904980028,10.475644667796,
    132.46183989101));
#3078 = CARTESIAN_POINT('',(42.956668930272,10.459228611256,
    132.51388537962));
#3079 = CARTESIAN_POINT('',(42.961706706104,10.438335094613,
    132.56532369798));
#3080 = CARTESIAN_POINT('',(42.966624126705,10.412808840939,
    132.61577468398));
#3081 = CARTESIAN_POINT('',(42.971149356949,10.38258930892,
    132.66470890457));
#3082 = CARTESIAN_POINT('',(42.975153147545,10.347727672567,
    132.71150515343));
#3083 = CARTESIAN_POINT('',(42.978641129838,10.308388619794,
    132.75554615053));
#3084 = CARTESIAN_POINT('',(42.983700867395,10.236937735554,
    132.82250247619));
#3085 = CARTESIAN_POINT('',(42.985546351574,10.207340358674,
    132.84734283243));
#3086 = CARTESIAN_POINT('',(42.986920987398,10.175097430021,
    132.87109763373));
#3087 = CARTESIAN_POINT('',(42.989695646821,10.145180121249,
    132.89148296617));
#3088 = CARTESIAN_POINT('',(42.988176889404,10.103471387771,
    132.91529111752));
#3089 = CARTESIAN_POINT('',(42.994135200694,10.076557002537,
    132.92802601034));
#3090 = CARTESIAN_POINT('',(42.992675993259,10.035214178528,
    132.94717048044));
#3091 = CARTESIAN_POINT('',(42.993818793385,9.99657332176,
    132.96252716159));
#3092 = CARTESIAN_POINT('',(42.99390306756,9.945639791107,
    132.97827899912));
#3093 = CARTESIAN_POINT('',(42.994551642691,9.87990676994,132.9952526914
    ));
#3094 = CARTESIAN_POINT('',(42.999810852473,9.776541031539,
    132.99955052131));
#3095 = CARTESIAN_POINT('',(43.000044181943,9.771955119589,
    132.99974119831));
#3096 = CARTESIAN_POINT('',(43.000278013491,9.767359339698,
    132.99993228561));
#3097 = CARTESIAN_POINT('',(43.000512379814,9.762753049195,
    133.00012380994));
#3098 = CARTESIAN_POINT('',(43.000747313747,9.758135602752,
    133.00031579811));
#3099 = CARTESIAN_POINT('',(43.000982848275,9.75350635208,
    133.00050827709));
#3100 = CARTESIAN_POINT('',(43.001219016549,9.748864645632,
    133.00070127397));
#3101 = CARTESIAN_POINT('',(43.001455851899,9.744209828291,
    133.00089481598));
#3102 = CARTESIAN_POINT('',(43.001693387857,9.739541241064,
    133.00108893053));
#3103 = CARTESIAN_POINT('',(43.001931658163,9.734858220772,
    133.00128364519));
#3104 = CARTESIAN_POINT('',(43.002170696789,9.730160099733,
    133.00147898773));
#3105 = CARTESIAN_POINT('',(43.215127543025,11.294117647059,132.25));
#3106 = CARTESIAN_POINT('',(43.215127543026,11.294117647059,
    132.3634712319));
#3107 = CARTESIAN_POINT('',(43.211005911542,11.282016257819,
    132.4770401351));
#3108 = CARTESIAN_POINT('',(43.20266614448,11.257687579732,
    132.58903992412));
#3109 = CARTESIAN_POINT('',(43.190506475975,11.221581150684,
    132.69782744679));
#3110 = CARTESIAN_POINT('',(43.175237236819,11.174537584323,
    132.80196431109));
#3111 = CARTESIAN_POINT('',(43.157729433419,11.117626236564,
    132.90033260553));
#3112 = CARTESIAN_POINT('',(43.138894549294,11.052004900903,
    132.99218521939));
#3113 = CARTESIAN_POINT('',(43.119595566782,10.978801531883,
    133.07713075549));
#3114 = CARTESIAN_POINT('',(43.100589211143,10.899017997327,
    133.15505304234));
#3115 = CARTESIAN_POINT('',(43.082499415394,10.813455858867,
    133.22596524052));
#3116 = CARTESIAN_POINT('',(43.054875111973,10.663069373077,
    133.33169813127));
#3117 = CARTESIAN_POINT('',(43.04450541293,10.600758767065,
    133.37064880074));
#3118 = CARTESIAN_POINT('',(43.035273347492,10.540496702779,
    133.40555588636));
#3119 = CARTESIAN_POINT('',(43.02528840342,10.461975963298,
    133.44200260284));
#3120 = CARTESIAN_POINT('',(43.021181480326,10.422431903358,
    133.46127323831));
#3121 = CARTESIAN_POINT('',(43.009238417917,10.321531982691,
    133.50447723259));
#3122 = CARTESIAN_POINT('',(43.008440651659,10.259289421047,
    133.51339932376));
#3123 = CARTESIAN_POINT('',(43.004445357661,10.209827869678,
    133.53613531949));
#3124 = CARTESIAN_POINT('',(43.002639700157,10.159507928561,
    133.54782972217));
#3125 = CARTESIAN_POINT('',(43.000180825472,10.099203116576,
    133.55949199319));
#3126 = CARTESIAN_POINT('',(42.999999096381,10.003313585373,
    133.55408889792));
#3127 = CARTESIAN_POINT('',(42.999990869799,9.998972821596,
    133.55384430855));
#3128 = CARTESIAN_POINT('',(42.999982503743,9.994558463873,
    133.55359557238));
#3129 = CARTESIAN_POINT('',(42.999973998212,9.990070512206,
    133.5533426894));
#3130 = CARTESIAN_POINT('',(42.999965353206,9.985508966594,
    133.55308565961));
#3131 = CARTESIAN_POINT('',(42.999956568726,9.980873827037,
    133.55282448302));
#3132 = CARTESIAN_POINT('',(42.999947644771,9.976165093535,
    133.55255915963));
#3133 = CARTESIAN_POINT('',(42.999938581341,9.971382766088,
    133.55228968943));
#3134 = CARTESIAN_POINT('',(42.999929378437,9.966526844696,
    133.55201607243));
#3135 = CARTESIAN_POINT('',(42.999920036057,9.961597329359,
    133.55173830863));
#3136 = CARTESIAN_POINT('',(42.999910554204,9.956594220078,
    133.55145639802));
#3137 = DEFINITIONAL_REPRESENTATION('',(#3138),#3142);
#3138 = LINE('',#3139,#3140);
#3139 = CARTESIAN_POINT('',(1.027709804665,0.));
#3140 = VECTOR('',#3141,1.);
#3141 = DIRECTION('',(0.,1.));
#3142 = ( GEOMETRIC_REPRESENTATION_CONTEXT(2) 
PARAMETRIC_REPRESENTATION_CONTEXT() REPRESENTATION_CONTEXT('2D SPACE',''
  ) );
#3143 = ORIENTED_EDGE('',*,*,#3144,.F.);
#3144 = EDGE_CURVE('',#3145,#2965,#3147,.T.);
#3145 = VERTEX_POINT('',#3146);
#3146 = CARTESIAN_POINT('',(43.215127543025,11.294117647059,86.75));
#3147 = SURFACE_CURVE('',#3148,(#3152,#3159),.PCURVE_S1.);
#3148 = LINE('',#3149,#3150);
#3149 = CARTESIAN_POINT('',(43.215127543025,11.294117647059,86.75));
#3150 = VECTOR('',#3151,1.);
#3151 = DIRECTION('',(0.,0.,1.));
#3152 = PCURVE('',#209,#3153);
#3153 = DEFINITIONAL_REPRESENTATION('',(#3154),#3158);
#3154 = LINE('',#3155,#3156);
#3155 = CARTESIAN_POINT('',(-0.329457139618,3.75));
#3156 = VECTOR('',#3157,1.);
#3157 = DIRECTION('',(-0.,1.));
#3158 = ( GEOMETRIC_REPRESENTATION_CONTEXT(2) 
PARAMETRIC_REPRESENTATION_CONTEXT() REPRESENTATION_CONTEXT('2D SPACE',''
  ) );
#3159 = PCURVE('',#3160,#3165);
#3160 = CYLINDRICAL_SURFACE('',#3161,0.6);
#3161 = AXIS2_PLACEMENT_3D('',#3162,#3163,#3164);
#3162 = CARTESIAN_POINT('',(43.782858411571,11.1,86.75));
#3163 = DIRECTION('',(0.,0.,1.));
#3164 = DIRECTION('',(0.,-1.,0.));
#3165 = DEFINITIONAL_REPRESENTATION('',(#3166),#3170);
#3166 = LINE('',#3167,#3168);
#3167 = CARTESIAN_POINT('',(-1.900253466413,0.));
#3168 = VECTOR('',#3169,1.);
#3169 = DIRECTION('',(-0.,1.));
#3170 = ( GEOMETRIC_REPRESENTATION_CONTEXT(2) 
PARAMETRIC_REPRESENTATION_CONTEXT() REPRESENTATION_CONTEXT('2D SPACE',''
  ) );
#3171 = ORIENTED_EDGE('',*,*,#3172,.F.);
#3172 = EDGE_CURVE('',#1528,#3145,#3173,.T.);
#3173 = SURFACE_CURVE('',#3174,(#3207,#3245),.PCURVE_S1.);
#3174 = B_SPLINE_CURVE_WITH_KNOTS('',11,(#3175,#3176,#3177,#3178,#3179,
    #3180,#3181,#3182,#3183,#3184,#3185,#3186,#3187,#3188,#3189,#3190,
    #3191,#3192,#3193,#3194,#3195,#3196,#3197,#3198,#3199,#3200,#3201,
    #3202,#3203,#3204,#3205,#3206),.UNSPECIFIED.,.F.,.F.,(12,10,10,12),(
    -0.28339506726,-0.264427633988,0.14283082406,0.763282169613),
  .UNSPECIFIED.);
#3175 = CARTESIAN_POINT('',(42.999910554175,9.956594222698,
    85.44854360161));
#3176 = CARTESIAN_POINT('',(42.999920036032,9.961597331983,
    85.448261691023));
#3177 = CARTESIAN_POINT('',(42.999929378415,9.966526847324,
    85.447983927239));
#3178 = CARTESIAN_POINT('',(42.999938581322,9.971382768718,
    85.44771031026));
#3179 = CARTESIAN_POINT('',(42.999947644755,9.976165096168,
    85.447440840084));
#3180 = CARTESIAN_POINT('',(42.999956568714,9.980873829671,
    85.447175516712));
#3181 = CARTESIAN_POINT('',(42.999965353197,9.985508969229,
    85.446914340143));
#3182 = CARTESIAN_POINT('',(42.999973998206,9.990070514842,
    85.446657310378));
#3183 = CARTESIAN_POINT('',(42.99998250374,9.994558466509,
    85.446404427417));
#3184 = CARTESIAN_POINT('',(42.999990869799,9.998972824231,
    85.446155691259));
#3185 = CARTESIAN_POINT('',(42.999999096383,10.003313588007,
    85.445911101905));
#3186 = CARTESIAN_POINT('',(43.000180825532,10.09920311815,
    85.440508007096));
#3187 = CARTESIAN_POINT('',(43.002639700219,10.159507929729,
    85.452170278168));
#3188 = CARTESIAN_POINT('',(43.004445357696,10.209827870747,
    85.463864680796));
#3189 = CARTESIAN_POINT('',(43.008440651753,10.259289422111,
    85.48660067672));
#3190 = CARTESIAN_POINT('',(43.00923841801,10.321531984363,
    85.495522767678));
#3191 = CARTESIAN_POINT('',(43.021181480461,10.422431903795,
    85.538726762317));
#3192 = CARTESIAN_POINT('',(43.025288403471,10.461975964162,
    85.55799739727));
#3193 = CARTESIAN_POINT('',(43.03527334759,10.540496703237,
    85.594444114043));
#3194 = CARTESIAN_POINT('',(43.044505412976,10.600758767392,
    85.629351199409));
#3195 = CARTESIAN_POINT('',(43.054875112004,10.663069373233,
    85.668301868847));
#3196 = CARTESIAN_POINT('',(43.082499415391,10.813455858866,
    85.774034759466));
#3197 = CARTESIAN_POINT('',(43.100589211154,10.89901799733,
    85.844946957683));
#3198 = CARTESIAN_POINT('',(43.11959556676,10.978801531878,
    85.922869244444));
#3199 = CARTESIAN_POINT('',(43.138894549324,11.05200490091,
    86.007814780709));
#3200 = CARTESIAN_POINT('',(43.157729433393,11.117626236558,
    86.099667394322));
#3201 = CARTESIAN_POINT('',(43.175237236833,11.174537584326,
    86.19803568905));
#3202 = CARTESIAN_POINT('',(43.190506475973,11.221581150684,
    86.302172553092));
#3203 = CARTESIAN_POINT('',(43.202666144476,11.25768757973,
    86.410960075944));
#3204 = CARTESIAN_POINT('',(43.211005911545,11.28201625782,
    86.522959864871));
#3205 = CARTESIAN_POINT('',(43.215127543025,11.294117647059,
    86.636528768107));
#3206 = CARTESIAN_POINT('',(43.215127543025,11.294117647059,86.75));
#3207 = PCURVE('',#209,#3208);
#3208 = DEFINITIONAL_REPRESENTATION('',(#3209),#3244);
#3209 = B_SPLINE_CURVE_WITH_KNOTS('',9,(#3210,#3211,#3212,#3213,#3214,
    #3215,#3216,#3217,#3218,#3219,#3220,#3221,#3222,#3223,#3224,#3225,
    #3226,#3227,#3228,#3229,#3230,#3231,#3232,#3233,#3234,#3235,#3236,
    #3237,#3238,#3239,#3240,#3241,#3242,#3243),.UNSPECIFIED.,.F.,.F.,(10
    ,8,8,8,10),(-0.264427633988,-7.500183087905E-03,0.120963542362,
    0.249427267812,0.763282169613),.UNSPECIFIED.);
#3210 = CARTESIAN_POINT('',(-1.895190593956E-03,2.445670659355));
#3211 = CARTESIAN_POINT('',(-1.955690408592E-02,2.441689922738));
#3212 = CARTESIAN_POINT('',(-3.245006772177E-02,2.447902187086));
#3213 = CARTESIAN_POINT('',(-4.328806281586E-02,2.456352582533));
#3214 = CARTESIAN_POINT('',(-5.308841897248E-02,2.468862793158));
#3215 = CARTESIAN_POINT('',(-6.454110053224E-02,2.481186062051));
#3216 = CARTESIAN_POINT('',(-7.755095040775E-02,2.498759957048));
#3217 = CARTESIAN_POINT('',(-9.070736911915E-02,2.518068304324));
#3218 = CARTESIAN_POINT('',(-0.103818387934,2.539674613932));
#3219 = CARTESIAN_POINT('',(-0.123173275613,2.574925802207));
#3220 = CARTESIAN_POINT('',(-0.129574215853,2.587158762238));
#3221 = CARTESIAN_POINT('',(-0.135910268154,2.599848829413));
#3222 = CARTESIAN_POINT('',(-0.142188347712,2.613007264765));
#3223 = CARTESIAN_POINT('',(-0.148414278013,2.626648674786));
#3224 = CARTESIAN_POINT('',(-0.154582506512,2.640773737504));
#3225 = CARTESIAN_POINT('',(-0.16067774186,2.655368027069));
#3226 = CARTESIAN_POINT('',(-0.166688512666,2.670416936789));
#3227 = CARTESIAN_POINT('',(-0.178576782956,2.701456464529));
#3228 = CARTESIAN_POINT('',(-0.184458803549,2.717451435232));
#3229 = CARTESIAN_POINT('',(-0.190236983485,2.733893192784));
#3230 = CARTESIAN_POINT('',(-0.195949081452,2.750808142327));
#3231 = CARTESIAN_POINT('',(-0.201576980051,2.768185550935));
#3232 = CARTESIAN_POINT('',(-0.207107848598,2.786017872529));
#3233 = CARTESIAN_POINT('',(-0.212554950294,2.804315138073));
#3234 = CARTESIAN_POINT('',(-0.217904093951,2.823069601957));
#3235 = CARTESIAN_POINT('',(-0.244156673604,2.919127839402));
#3236 = CARTESIAN_POINT('',(-0.26357318816,3.003285199752));
#3237 = CARTESIAN_POINT('',(-0.281146193793,3.094628767639));
#3238 = CARTESIAN_POINT('',(-0.296548500926,3.192871003314));
#3239 = CARTESIAN_POINT('',(-0.309411413687,3.297356511228));
#3240 = CARTESIAN_POINT('',(-0.319367478899,3.406972932766));
#3241 = CARTESIAN_POINT('',(-0.326108260533,3.520177610604));
#3242 = CARTESIAN_POINT('',(-0.329457139618,3.635140024716));
#3243 = CARTESIAN_POINT('',(-0.329457139618,3.75));
#3244 = ( GEOMETRIC_REPRESENTATION_CONTEXT(2) 
PARAMETRIC_REPRESENTATION_CONTEXT() REPRESENTATION_CONTEXT('2D SPACE',''
  ) );
#3245 = PCURVE('',#1630,#3246);
#3246 = DEFINITIONAL_REPRESENTATION('',(#3247),#3251);
#3247 = LINE('',#3248,#3249);
#3248 = CARTESIAN_POINT('',(1.027709803601,0.));
#3249 = VECTOR('',#3250,1.);
#3250 = DIRECTION('',(0.,1.));
#3251 = ( GEOMETRIC_REPRESENTATION_CONTEXT(2) 
PARAMETRIC_REPRESENTATION_CONTEXT() REPRESENTATION_CONTEXT('2D SPACE',''
  ) );
#3252 = ORIENTED_EDGE('',*,*,#1527,.F.);
#3253 = ORIENTED_EDGE('',*,*,#193,.F.);
#3254 = ORIENTED_EDGE('',*,*,#3255,.T.);
#3255 = EDGE_CURVE('',#166,#3256,#3258,.T.);
#3256 = VERTEX_POINT('',#3257);
#3257 = CARTESIAN_POINT('',(43.304516129032,11.530816435572,83.8));
#3258 = SURFACE_CURVE('',#3259,(#3264,#3275),.PCURVE_S1.);
#3259 = ELLIPSE('',#3260,14.059285759528,4.);
#3260 = AXIS2_PLACEMENT_3D('',#3261,#3262,#3263);
#3261 = CARTESIAN_POINT('',(47.,10.,71.347826086956));
#3262 = DIRECTION('',(-0.958673228505,0.,-0.284509474266));
#3263 = DIRECTION('',(-0.284509474266,0.,0.958673228505));
#3264 = PCURVE('',#209,#3265);
#3265 = DEFINITIONAL_REPRESENTATION('',(#3266),#3274);
#3266 = B_SPLINE_CURVE_WITH_KNOTS('',6,(#3267,#3268,#3269,#3270,#3271,
    #3272,#3273),.UNSPECIFIED.,.F.,.F.,(7,7),(5.551115123126E-17,
    0.392721578235),.PIECEWISE_BEZIER_KNOTS.);
#3267 = CARTESIAN_POINT('',(0.,1.826086956522));
#3268 = CARTESIAN_POINT('',(-6.545359637249E-02,1.826086956522));
#3269 = CARTESIAN_POINT('',(-0.130907192745,1.756795114418));
#3270 = CARTESIAN_POINT('',(-0.196360789117,1.618211402417));
#3271 = CARTESIAN_POINT('',(-0.26181438549,1.411226487842));
#3272 = CARTESIAN_POINT('',(-0.327267981862,1.137621307188));
#3273 = CARTESIAN_POINT('',(-0.392721578235,0.7999994));
#3274 = ( GEOMETRIC_REPRESENTATION_CONTEXT(2) 
PARAMETRIC_REPRESENTATION_CONTEXT() REPRESENTATION_CONTEXT('2D SPACE',''
  ) );
#3275 = PCURVE('',#3276,#3281);
#3276 = PLANE('',#3277);
#3277 = AXIS2_PLACEMENT_3D('',#3278,#3279,#3280);
#3278 = CARTESIAN_POINT('',(52.,14.,54.5));
#3279 = DIRECTION('',(-0.958673228505,-0.,-0.284509474266));
#3280 = DIRECTION('',(-0.284509474266,0.,0.958673228505));
#3281 = DEFINITIONAL_REPRESENTATION('',(#3282),#3286);
#3282 = ELLIPSE('',#3283,14.059285759528,4.);
#3283 = AXIS2_PLACEMENT_2D('',#3284,#3285);
#3284 = CARTESIAN_POINT('',(17.574107199409,-4.));
#3285 = DIRECTION('',(1.,0.));
#3286 = ( GEOMETRIC_REPRESENTATION_CONTEXT(2) 
PARAMETRIC_REPRESENTATION_CONTEXT() REPRESENTATION_CONTEXT('2D SPACE',''
  ) );
#3287 = ORIENTED_EDGE('',*,*,#3288,.T.);
#3288 = EDGE_CURVE('',#3256,#3289,#3291,.T.);
#3289 = VERTEX_POINT('',#3290);
#3290 = CARTESIAN_POINT('',(47.,14.,83.8));
#3291 = SURFACE_CURVE('',#3292,(#3297,#3304),.PCURVE_S1.);
#3292 = CIRCLE('',#3293,4.);
#3293 = AXIS2_PLACEMENT_3D('',#3294,#3295,#3296);
#3294 = CARTESIAN_POINT('',(47.,10.,83.8));
#3295 = DIRECTION('',(-0.,0.,-1.));
#3296 = DIRECTION('',(-1.,0.,0.));
#3297 = PCURVE('',#209,#3298);
#3298 = DEFINITIONAL_REPRESENTATION('',(#3299),#3303);
#3299 = LINE('',#3300,#3301);
#3300 = CARTESIAN_POINT('',(-0.,0.8));
#3301 = VECTOR('',#3302,1.);
#3302 = DIRECTION('',(-1.,0.));
#3303 = ( GEOMETRIC_REPRESENTATION_CONTEXT(2) 
PARAMETRIC_REPRESENTATION_CONTEXT() REPRESENTATION_CONTEXT('2D SPACE',''
  ) );
#3304 = PCURVE('',#3305,#3310);
#3305 = TOROIDAL_SURFACE('',#3306,3.2,0.8);
#3306 = AXIS2_PLACEMENT_3D('',#3307,#3308,#3309);
#3307 = CARTESIAN_POINT('',(47.,10.,83.8));
#3308 = DIRECTION('',(-0.,-0.,-1.));
#3309 = DIRECTION('',(-1.,0.,0.));
#3310 = DEFINITIONAL_REPRESENTATION('',(#3311),#3315);
#3311 = LINE('',#3312,#3313);
#3312 = CARTESIAN_POINT('',(0.,0.));
#3313 = VECTOR('',#3314,1.);
#3314 = DIRECTION('',(1.,0.));
#3315 = ( GEOMETRIC_REPRESENTATION_CONTEXT(2) 
PARAMETRIC_REPRESENTATION_CONTEXT() REPRESENTATION_CONTEXT('2D SPACE',''
  ) );
#3316 = ORIENTED_EDGE('',*,*,#3317,.T.);
#3317 = EDGE_CURVE('',#3289,#3318,#3320,.T.);
#3318 = VERTEX_POINT('',#3319);
#3319 = CARTESIAN_POINT('',(47.,14.,135.2));
#3320 = SURFACE_CURVE('',#3321,(#3325,#3332),.PCURVE_S1.);
#3321 = LINE('',#3322,#3323);
#3322 = CARTESIAN_POINT('',(47.,14.,83.));
#3323 = VECTOR('',#3324,1.);
#3324 = DIRECTION('',(0.,0.,1.));
#3325 = PCURVE('',#209,#3326);
#3326 = DEFINITIONAL_REPRESENTATION('',(#3327),#3331);
#3327 = LINE('',#3328,#3329);
#3328 = CARTESIAN_POINT('',(-1.570796326795,0.));
#3329 = VECTOR('',#3330,1.);
#3330 = DIRECTION('',(-0.,1.));
#3331 = ( GEOMETRIC_REPRESENTATION_CONTEXT(2) 
PARAMETRIC_REPRESENTATION_CONTEXT() REPRESENTATION_CONTEXT('2D SPACE',''
  ) );
#3332 = PCURVE('',#3333,#3338);
#3333 = PLANE('',#3334);
#3334 = AXIS2_PLACEMENT_3D('',#3335,#3336,#3337);
#3335 = CARTESIAN_POINT('',(43.,14.,83.));
#3336 = DIRECTION('',(-0.,1.,0.));
#3337 = DIRECTION('',(0.,0.,1.));
#3338 = DEFINITIONAL_REPRESENTATION('',(#3339),#3343);
#3339 = LINE('',#3340,#3341);
#3340 = CARTESIAN_POINT('',(0.,4.));
#3341 = VECTOR('',#3342,1.);
#3342 = DIRECTION('',(1.,0.));
#3343 = ( GEOMETRIC_REPRESENTATION_CONTEXT(2) 
PARAMETRIC_REPRESENTATION_CONTEXT() REPRESENTATION_CONTEXT('2D SPACE',''
  ) );
#3344 = ORIENTED_EDGE('',*,*,#3345,.F.);
#3345 = EDGE_CURVE('',#3346,#3318,#3348,.T.);
#3346 = VERTEX_POINT('',#3347);
#3347 = CARTESIAN_POINT('',(43.,10.,135.2));
#3348 = SURFACE_CURVE('',#3349,(#3354,#3361),.PCURVE_S1.);
#3349 = CIRCLE('',#3350,4.);
#3350 = AXIS2_PLACEMENT_3D('',#3351,#3352,#3353);
#3351 = CARTESIAN_POINT('',(47.,10.,135.2));
#3352 = DIRECTION('',(-0.,0.,-1.));
#3353 = DIRECTION('',(-1.,0.,0.));
#3354 = PCURVE('',#209,#3355);
#3355 = DEFINITIONAL_REPRESENTATION('',(#3356),#3360);
#3356 = LINE('',#3357,#3358);
#3357 = CARTESIAN_POINT('',(-0.,52.2));
#3358 = VECTOR('',#3359,1.);
#3359 = DIRECTION('',(-1.,0.));
#3360 = ( GEOMETRIC_REPRESENTATION_CONTEXT(2) 
PARAMETRIC_REPRESENTATION_CONTEXT() REPRESENTATION_CONTEXT('2D SPACE',''
  ) );
#3361 = PCURVE('',#3362,#3367);
#3362 = TOROIDAL_SURFACE('',#3363,3.2,0.8);
#3363 = AXIS2_PLACEMENT_3D('',#3364,#3365,#3366);
#3364 = CARTESIAN_POINT('',(47.,10.,135.2));
#3365 = DIRECTION('',(0.,0.,1.));
#3366 = DIRECTION('',(-1.,0.,0.));
#3367 = DEFINITIONAL_REPRESENTATION('',(#3368),#3372);
#3368 = LINE('',#3369,#3370);
#3369 = CARTESIAN_POINT('',(-0.,0.));
#3370 = VECTOR('',#3371,1.);
#3371 = DIRECTION('',(-1.,0.));
#3372 = ( GEOMETRIC_REPRESENTATION_CONTEXT(2) 
PARAMETRIC_REPRESENTATION_CONTEXT() REPRESENTATION_CONTEXT('2D SPACE',''
  ) );
#3373 = ORIENTED_EDGE('',*,*,#3374,.F.);
#3374 = EDGE_CURVE('',#2895,#3346,#3375,.T.);
#3375 = SURFACE_CURVE('',#3376,(#3380,#3387),.PCURVE_S1.);
#3376 = LINE('',#3377,#3378);
#3377 = CARTESIAN_POINT('',(43.,10.,133.56789083457));
#3378 = VECTOR('',#3379,1.);
#3379 = DIRECTION('',(0.,0.,1.));
#3380 = PCURVE('',#209,#3381);
#3381 = DEFINITIONAL_REPRESENTATION('',(#3382),#3386);
#3382 = LINE('',#3383,#3384);
#3383 = CARTESIAN_POINT('',(-0.,50.567890834579));
#3384 = VECTOR('',#3385,1.);
#3385 = DIRECTION('',(-0.,1.));
#3386 = ( GEOMETRIC_REPRESENTATION_CONTEXT(2) 
PARAMETRIC_REPRESENTATION_CONTEXT() REPRESENTATION_CONTEXT('2D SPACE',''
  ) );
#3387 = PCURVE('',#2829,#3388);
#3388 = DEFINITIONAL_REPRESENTATION('',(#3389),#3393);
#3389 = LINE('',#3390,#3391);
#3390 = CARTESIAN_POINT('',(50.567890834579,-24.));
#3391 = VECTOR('',#3392,1.);
#3392 = DIRECTION('',(1.,0.));
#3393 = ( GEOMETRIC_REPRESENTATION_CONTEXT(2) 
PARAMETRIC_REPRESENTATION_CONTEXT() REPRESENTATION_CONTEXT('2D SPACE',''
  ) );
#3394 = ADVANCED_FACE('',(#3395),#153,.T.);
#3395 = FACE_BOUND('',#3396,.F.);
#3396 = EDGE_LOOP('',(#3397,#3398,#3420,#3448,#3470,#3491));
#3397 = ORIENTED_EDGE('',*,*,#2845,.T.);
#3398 = ORIENTED_EDGE('',*,*,#3399,.T.);
#3399 = EDGE_CURVE('',#2846,#3400,#3402,.T.);
#3400 = VERTEX_POINT('',#3401);
#3401 = CARTESIAN_POINT('',(43.8,-10.,83.));
#3402 = SURFACE_CURVE('',#3403,(#3408,#3414),.PCURVE_S1.);
#3403 = CIRCLE('',#3404,0.8);
#3404 = AXIS2_PLACEMENT_3D('',#3405,#3406,#3407);
#3405 = CARTESIAN_POINT('',(43.8,-10.,83.8));
#3406 = DIRECTION('',(0.,-1.,-0.));
#3407 = DIRECTION('',(-1.,-0.,0.));
#3408 = PCURVE('',#153,#3409);
#3409 = DEFINITIONAL_REPRESENTATION('',(#3410),#3413);
#3410 = B_SPLINE_CURVE_WITH_KNOTS('',1,(#3411,#3412),.UNSPECIFIED.,.F.,
  .F.,(2,2),(0.,1.570796326795),.PIECEWISE_BEZIER_KNOTS.);
#3411 = CARTESIAN_POINT('',(0.,0.));
#3412 = CARTESIAN_POINT('',(-1.570796326795,0.));
#3413 = ( GEOMETRIC_REPRESENTATION_CONTEXT(2) 
PARAMETRIC_REPRESENTATION_CONTEXT() REPRESENTATION_CONTEXT('2D SPACE',''
  ) );
#3414 = PCURVE('',#2746,#3415);
#3415 = DEFINITIONAL_REPRESENTATION('',(#3416),#3419);
#3416 = B_SPLINE_CURVE_WITH_KNOTS('',1,(#3417,#3418),.UNSPECIFIED.,.F.,
  .F.,(2,2),(0.,1.570796326795),.PIECEWISE_BEZIER_KNOTS.);
#3417 = CARTESIAN_POINT('',(1.570796326795,0.));
#3418 = CARTESIAN_POINT('',(1.570796326795,1.570796326795));
#3419 = ( GEOMETRIC_REPRESENTATION_CONTEXT(2) 
PARAMETRIC_REPRESENTATION_CONTEXT() REPRESENTATION_CONTEXT('2D SPACE',''
  ) );
#3420 = ORIENTED_EDGE('',*,*,#3421,.T.);
#3421 = EDGE_CURVE('',#3400,#3422,#3424,.T.);
#3422 = VERTEX_POINT('',#3423);
#3423 = CARTESIAN_POINT('',(43.8,10.,83.));
#3424 = SURFACE_CURVE('',#3425,(#3429,#3436),.PCURVE_S1.);
#3425 = LINE('',#3426,#3427);
#3426 = CARTESIAN_POINT('',(43.8,-10.,83.));
#3427 = VECTOR('',#3428,1.);
#3428 = DIRECTION('',(-0.,1.,0.));
#3429 = PCURVE('',#153,#3430);
#3430 = DEFINITIONAL_REPRESENTATION('',(#3431),#3435);
#3431 = LINE('',#3432,#3433);
#3432 = CARTESIAN_POINT('',(-1.570796326795,0.));
#3433 = VECTOR('',#3434,1.);
#3434 = DIRECTION('',(-0.,1.));
#3435 = ( GEOMETRIC_REPRESENTATION_CONTEXT(2) 
PARAMETRIC_REPRESENTATION_CONTEXT() REPRESENTATION_CONTEXT('2D SPACE',''
  ) );
#3436 = PCURVE('',#3437,#3442);
#3437 = PLANE('',#3438);
#3438 = AXIS2_PLACEMENT_3D('',#3439,#3440,#3441);
#3439 = CARTESIAN_POINT('',(43.,-14.,83.));
#3440 = DIRECTION('',(0.,0.,1.));
#3441 = DIRECTION('',(1.,0.,-0.));
#3442 = DEFINITIONAL_REPRESENTATION('',(#3443),#3447);
#3443 = LINE('',#3444,#3445);
#3444 = CARTESIAN_POINT('',(0.8,4.));
#3445 = VECTOR('',#3446,1.);
#3446 = DIRECTION('',(0.,1.));
#3447 = ( GEOMETRIC_REPRESENTATION_CONTEXT(2) 
PARAMETRIC_REPRESENTATION_CONTEXT() REPRESENTATION_CONTEXT('2D SPACE',''
  ) );
#3448 = ORIENTED_EDGE('',*,*,#3449,.F.);
#3449 = EDGE_CURVE('',#3450,#3422,#3452,.T.);
#3450 = VERTEX_POINT('',#3451);
#3451 = CARTESIAN_POINT('',(43.527766235182,10.,83.047744207538));
#3452 = SURFACE_CURVE('',#3453,(#3458,#3464),.PCURVE_S1.);
#3453 = CIRCLE('',#3454,0.8);
#3454 = AXIS2_PLACEMENT_3D('',#3455,#3456,#3457);
#3455 = CARTESIAN_POINT('',(43.8,10.,83.8));
#3456 = DIRECTION('',(0.,-1.,-0.));
#3457 = DIRECTION('',(-1.,-0.,0.));
#3458 = PCURVE('',#153,#3459);
#3459 = DEFINITIONAL_REPRESENTATION('',(#3460),#3463);
#3460 = B_SPLINE_CURVE_WITH_KNOTS('',1,(#3461,#3462),.UNSPECIFIED.,.F.,
  .F.,(2,2),(0.,1.570796326795),.PIECEWISE_BEZIER_KNOTS.);
#3461 = CARTESIAN_POINT('',(0.,20.));
#3462 = CARTESIAN_POINT('',(-1.570796326795,20.));
#3463 = ( GEOMETRIC_REPRESENTATION_CONTEXT(2) 
PARAMETRIC_REPRESENTATION_CONTEXT() REPRESENTATION_CONTEXT('2D SPACE',''
  ) );
#3464 = PCURVE('',#3305,#3465);
#3465 = DEFINITIONAL_REPRESENTATION('',(#3466),#3469);
#3466 = B_SPLINE_CURVE_WITH_KNOTS('',1,(#3467,#3468),.UNSPECIFIED.,.F.,
  .F.,(2,2),(0.,1.570796326795),.PIECEWISE_BEZIER_KNOTS.);
#3467 = CARTESIAN_POINT('',(0.,0.));
#3468 = CARTESIAN_POINT('',(0.,1.570796326795));
#3469 = ( GEOMETRIC_REPRESENTATION_CONTEXT(2) 
PARAMETRIC_REPRESENTATION_CONTEXT() REPRESENTATION_CONTEXT('2D SPACE',''
  ) );
#3470 = ORIENTED_EDGE('',*,*,#3471,.F.);
#3471 = EDGE_CURVE('',#138,#3450,#3472,.T.);
#3472 = SURFACE_CURVE('',#3473,(#3478,#3484),.PCURVE_S1.);
#3473 = CIRCLE('',#3474,0.8);
#3474 = AXIS2_PLACEMENT_3D('',#3475,#3476,#3477);
#3475 = CARTESIAN_POINT('',(43.8,10.,83.8));
#3476 = DIRECTION('',(0.,-1.,-0.));
#3477 = DIRECTION('',(-1.,-0.,0.));
#3478 = PCURVE('',#153,#3479);
#3479 = DEFINITIONAL_REPRESENTATION('',(#3480),#3483);
#3480 = B_SPLINE_CURVE_WITH_KNOTS('',1,(#3481,#3482),.UNSPECIFIED.,.F.,
  .F.,(2,2),(0.,1.570796326795),.PIECEWISE_BEZIER_KNOTS.);
#3481 = CARTESIAN_POINT('',(0.,20.));
#3482 = CARTESIAN_POINT('',(-1.570796326795,20.));
#3483 = ( GEOMETRIC_REPRESENTATION_CONTEXT(2) 
PARAMETRIC_REPRESENTATION_CONTEXT() REPRESENTATION_CONTEXT('2D SPACE',''
  ) );
#3484 = PCURVE('',#181,#3485);
#3485 = DEFINITIONAL_REPRESENTATION('',(#3486),#3490);
#3486 = CIRCLE('',#3487,0.8);
#3487 = AXIS2_PLACEMENT_2D('',#3488,#3489);
#3488 = CARTESIAN_POINT('',(-1.634089311728,15.765910688272));
#3489 = DIRECTION('',(-1.,0.));
#3490 = ( GEOMETRIC_REPRESENTATION_CONTEXT(2) 
PARAMETRIC_REPRESENTATION_CONTEXT() REPRESENTATION_CONTEXT('2D SPACE',''
  ) );
#3491 = ORIENTED_EDGE('',*,*,#137,.F.);
#3492 = ADVANCED_FACE('',(#3493),#181,.F.);
#3493 = FACE_BOUND('',#3494,.F.);
#3494 = EDGE_LOOP('',(#3495,#3496,#3497));
#3495 = ORIENTED_EDGE('',*,*,#165,.F.);
#3496 = ORIENTED_EDGE('',*,*,#3471,.T.);
#3497 = ORIENTED_EDGE('',*,*,#3498,.T.);
#3498 = EDGE_CURVE('',#3450,#166,#3499,.T.);
#3499 = SURFACE_CURVE('',#3500,(#3504,#3511),.PCURVE_S1.);
#3500 = LINE('',#3501,#3502);
#3501 = CARTESIAN_POINT('',(52.,10.,54.5));
#3502 = VECTOR('',#3503,1.);
#3503 = DIRECTION('',(-0.284509474266,0.,0.958673228505));
#3504 = PCURVE('',#181,#3505);
#3505 = DEFINITIONAL_REPRESENTATION('',(#3506),#3510);
#3506 = LINE('',#3507,#3508);
#3507 = CARTESIAN_POINT('',(6.565910688272,-13.53408931172));
#3508 = VECTOR('',#3509,1.);
#3509 = DIRECTION('',(-0.284509474266,0.958673228505));
#3510 = ( GEOMETRIC_REPRESENTATION_CONTEXT(2) 
PARAMETRIC_REPRESENTATION_CONTEXT() REPRESENTATION_CONTEXT('2D SPACE',''
  ) );
#3511 = PCURVE('',#3276,#3512);
#3512 = DEFINITIONAL_REPRESENTATION('',(#3513),#3517);
#3513 = LINE('',#3514,#3515);
#3514 = CARTESIAN_POINT('',(0.,-4.));
#3515 = VECTOR('',#3516,1.);
#3516 = DIRECTION('',(1.,0.));
#3517 = ( GEOMETRIC_REPRESENTATION_CONTEXT(2) 
PARAMETRIC_REPRESENTATION_CONTEXT() REPRESENTATION_CONTEXT('2D SPACE',''
  ) );
#3518 = ADVANCED_FACE('',(#3519),#1117,.T.);
#3519 = FACE_BOUND('',#3520,.T.);
#3520 = EDGE_LOOP('',(#3521,#3682,#3683,#3684,#3715));
#3521 = ORIENTED_EDGE('',*,*,#3522,.T.);
#3522 = EDGE_CURVE('',#3523,#984,#3525,.T.);
#3523 = VERTEX_POINT('',#3524);
#3524 = CARTESIAN_POINT('',(43.682236491812,-10.30119857696,
    86.241393935595));
#3525 = SURFACE_CURVE('',#3526,(#3592,#3640),.PCURVE_S1.);
#3526 = B_SPLINE_CURVE_WITH_KNOTS('',8,(#3527,#3528,#3529,#3530,#3531,
    #3532,#3533,#3534,#3535,#3536,#3537,#3538,#3539,#3540,#3541,#3542,
    #3543,#3544,#3545,#3546,#3547,#3548,#3549,#3550,#3551,#3552,#3553,
    #3554,#3555,#3556,#3557,#3558,#3559,#3560,#3561,#3562,#3563,#3564,
    #3565,#3566,#3567,#3568,#3569,#3570,#3571,#3572,#3573,#3574,#3575,
    #3576,#3577,#3578,#3579,#3580,#3581,#3582,#3583,#3584,#3585,#3586,
    #3587,#3588,#3589,#3590,#3591),.UNSPECIFIED.,.F.,.F.,(9,7,7,7,7,7,7,
    7,7,9),(0.,7.492982949936E-03,1.747786642338E-02,6.744582447897E-02,
    0.152061959086,0.210439800538,0.37948760303,0.504887965559,
    0.723416151226,1.),.UNSPECIFIED.);
#3527 = CARTESIAN_POINT('',(43.680240366038,-10.30119857701,
    86.241393935652));
#3528 = CARTESIAN_POINT('',(43.680141213937,-10.30095480045,
    86.241129744354));
#3529 = CARTESIAN_POINT('',(43.679906649585,-10.30071122669,
    86.240865409871));
#3530 = CARTESIAN_POINT('',(43.679531509019,-10.30046787654,
    86.240600954928));
#3531 = CARTESIAN_POINT('',(43.679092220317,-10.30022471812,
    86.240336345095));
#3532 = CARTESIAN_POINT('',(43.678620094214,-10.29998174727,
    86.24007157589));
#3533 = CARTESIAN_POINT('',(43.678115819387,-10.29973897038,
    86.239806654236));
#3534 = CARTESIAN_POINT('',(43.677596031347,-10.29949636856,
    86.239541559665));
#3535 = CARTESIAN_POINT('',(43.676352290524,-10.29893084705,
    86.238922755882));
#3536 = CARTESIAN_POINT('',(43.675618941374,-10.29860806901,
    86.238568918792));
#3537 = CARTESIAN_POINT('',(43.674874045456,-10.29828557787,
    86.238214747874));
#3538 = CARTESIAN_POINT('',(43.674121892313,-10.2979633702,
    86.237860239106));
#3539 = CARTESIAN_POINT('',(43.673364099074,-10.29764144513,
    86.23750539123));
#3540 = CARTESIAN_POINT('',(43.672601997767,-10.29731980194,
    86.237150203137));
#3541 = CARTESIAN_POINT('',(43.671837102866,-10.29699843953,
    86.236794673329));
#3542 = CARTESIAN_POINT('',(43.66722909363,-10.29507054953,
    86.234657890304));
#3543 = CARTESIAN_POINT('',(43.663327998987,-10.29347077837,
    86.232868419258));
#3544 = CARTESIAN_POINT('',(43.659438989086,-10.29187804519,
    86.231070349817));
#3545 = CARTESIAN_POINT('',(43.655522170956,-10.29029247008,
    86.229263774106));
#3546 = CARTESIAN_POINT('',(43.651618044335,-10.28871408707,
    86.227448692673));
#3547 = CARTESIAN_POINT('',(43.647702782215,-10.28714299791,
    86.225625180878));
#3548 = CARTESIAN_POINT('',(43.643789432777,-10.28557926473,
    86.223793272772));
#3549 = CARTESIAN_POINT('',(43.633247073144,-10.28138751646,
    86.218836724813));
#3550 = CARTESIAN_POINT('',(43.626618114793,-10.27877338488,
    86.215696501997));
#3551 = CARTESIAN_POINT('',(43.619991927163,-10.2761809342,
    86.212532592576));
#3552 = CARTESIAN_POINT('',(43.613371281375,-10.27361052441,
    86.20934524583));
#3553 = CARTESIAN_POINT('',(43.60675845071,-10.27106251164,
    86.20613472016));
#3554 = CARTESIAN_POINT('',(43.600155445172,-10.26853724759,
    86.202901282691));
#3555 = CARTESIAN_POINT('',(43.593564246052,-10.26603507896,
    86.199645208879));
#3556 = CARTESIAN_POINT('',(43.582449335401,-10.26184623542,
    86.194104950148));
#3557 = CARTESIAN_POINT('',(43.577918099269,-10.26014727946,
    86.19183247883));
#3558 = CARTESIAN_POINT('',(43.573394840936,-10.25845959043,
    86.189549460267));
#3559 = CARTESIAN_POINT('',(43.568878431677,-10.25678328074,
    86.187255991593));
#3560 = CARTESIAN_POINT('',(43.564370978304,-10.2551184588,
    86.184952167855));
#3561 = CARTESIAN_POINT('',(43.559873781549,-10.25346523244,
    86.182638086889));
#3562 = CARTESIAN_POINT('',(43.555384544059,-10.25182371118,
    86.180313852663));
#3563 = CARTESIAN_POINT('',(43.537941108909,-10.24547475156,
    86.171220039323));
#3564 = CARTESIAN_POINT('',(43.525073737756,-10.24085452013,
    86.164376200222));
#3565 = CARTESIAN_POINT('',(43.512285820616,-10.23633589928,
    86.15745056909));
#3566 = CARTESIAN_POINT('',(43.499627942667,-10.23192132558,
    86.150445708222));
#3567 = CARTESIAN_POINT('',(43.487094157864,-10.22761318181,
    86.143364364613));
#3568 = CARTESIAN_POINT('',(43.474705241265,-10.22341370827,
    86.13620936411));
#3569 = CARTESIAN_POINT('',(43.462466653124,-10.21932503721,
    86.128983653909));
#3570 = CARTESIAN_POINT('',(43.441428977868,-10.21239984761,
    86.11628000769));
#3571 = CARTESIAN_POINT('',(43.432557588613,-10.20951259882,
    86.110832504288));
#3572 = CARTESIAN_POINT('',(43.423778146812,-10.20668823781,
    86.105349004011));
#3573 = CARTESIAN_POINT('',(43.415094106371,-10.20392754093,
    86.099830775819));
#3574 = CARTESIAN_POINT('',(43.406508619119,-10.20123124237,
    86.09427911352));
#3575 = CARTESIAN_POINT('',(43.398024534806,-10.19860003416,
    86.088695335775));
#3576 = CARTESIAN_POINT('',(43.389644401106,-10.19603456615,
    86.083080786094));
#3577 = CARTESIAN_POINT('',(43.366951936327,-10.18918036937,
    86.067601431726));
#3578 = CARTESIAN_POINT('',(43.352855926185,-10.18502677307,
    86.057676730876));
#3579 = CARTESIAN_POINT('',(43.339093893086,-10.1810778643,
    86.047669949346));
#3580 = CARTESIAN_POINT('',(43.325674879296,-10.17733643042,
    86.037588495054));
#3581 = CARTESIAN_POINT('',(43.312605757189,-10.17380483015,
    86.02743992519));
#3582 = CARTESIAN_POINT('',(43.299891476993,-10.17048498486,
    86.017231906629));
#3583 = CARTESIAN_POINT('',(43.287535314525,-10.16737836977,
    86.006972176349));
#3584 = CARTESIAN_POINT('',(43.260355933589,-10.16082523573,
    85.983627484075));
#3585 = CARTESIAN_POINT('',(43.24574922362,-10.15750767345,
    85.970516067723));
#3586 = CARTESIAN_POINT('',(43.231722520569,-10.15453541192,
    85.957350005625));
#3587 = CARTESIAN_POINT('',(43.218274503024,-10.15190936677,
    85.944145114634));
#3588 = CARTESIAN_POINT('',(43.205399956725,-10.14962931025,
    85.930917152587));
#3589 = CARTESIAN_POINT('',(43.193090734686,-10.14769390577,
    85.917681695256));
#3590 = CARTESIAN_POINT('',(43.181336717305,-10.14610074234,
    85.904454013316));
#3591 = CARTESIAN_POINT('',(43.170126772481,-10.14484636915,
    85.891248949301));
#3592 = PCURVE('',#1117,#3593);
#3593 = DEFINITIONAL_REPRESENTATION('',(#3594),#3639);
#3594 = B_SPLINE_CURVE_WITH_KNOTS('',8,(#3595,#3596,#3597,#3598,#3599,
    #3600,#3601,#3602,#3603,#3604,#3605,#3606,#3607,#3608,#3609,#3610,
    #3611,#3612,#3613,#3614,#3615,#3616,#3617,#3618,#3619,#3620,#3621,
    #3622,#3623,#3624,#3625,#3626,#3627,#3628,#3629,#3630,#3631,#3632,
    #3633,#3634,#3635,#3636,#3637,#3638),.UNSPECIFIED.,.F.,.F.,(9,7,7,7,
    7,7,9),(0.,0.125,0.25,0.5,0.75,0.875,1.),.UNSPECIFIED.);
#3595 = CARTESIAN_POINT('',(-6.938893903907E-18,0.229364489167));
#3596 = CARTESIAN_POINT('',(4.090138483394E-06,0.223307359099));
#3597 = CARTESIAN_POINT('',(3.711620439201E-02,0.211940697101));
#3598 = CARTESIAN_POINT('',(-7.349490313565E-05,0.212782419306));
#3599 = CARTESIAN_POINT('',(5.66216233193E-02,0.200240067702));
#3600 = CARTESIAN_POINT('',(3.36148732438E-02,0.196642231562));
#3601 = CARTESIAN_POINT('',(5.544746733666E-02,0.189291684835));
#3602 = CARTESIAN_POINT('',(6.19129397583E-02,0.18285782602));
#3603 = CARTESIAN_POINT('',(7.967470364062E-02,0.16984231018));
#3604 = CARTESIAN_POINT('',(8.854003861497E-02,0.163348917842));
#3605 = CARTESIAN_POINT('',(9.738881733231E-02,0.15687685602));
#3606 = CARTESIAN_POINT('',(0.106220030502,0.150433089649));
#3607 = CARTESIAN_POINT('',(0.115032668835,0.144024583663));
#3608 = CARTESIAN_POINT('',(0.12382572304,0.137658302997));
#3609 = CARTESIAN_POINT('',(0.132598183828,0.131341212584));
#3610 = CARTESIAN_POINT('',(0.158850758066,0.112558406912));
#3611 = CARTESIAN_POINT('',(0.176268307159,0.100268560343));
#3612 = CARTESIAN_POINT('',(0.193594375608,8.824191115762E-02));
#3613 = CARTESIAN_POINT('',(0.210821649836,7.650963286127E-02));
#3614 = CARTESIAN_POINT('',(0.227942816265,6.510289895815E-02));
#3615 = CARTESIAN_POINT('',(0.244950561317,5.405288295286E-02));
#3616 = CARTESIAN_POINT('',(0.261837571413,4.339075835001E-02));
#3617 = CARTESIAN_POINT('',(0.295355494541,2.290463895836E-02));
#3618 = CARTESIAN_POINT('',(0.311985006832,1.307338979318E-02));
#3619 = CARTESIAN_POINT('',(0.32847987226,3.65713857476E-03));
#3620 = CARTESIAN_POINT('',(0.344834893236,-5.340927280763E-03));
#3621 = CARTESIAN_POINT('',(0.361044872171,-1.391762035726E-02));
#3622 = CARTESIAN_POINT('',(0.377104611475,-2.206975323861E-02));
#3623 = CARTESIAN_POINT('',(0.393008913558,-2.979413850868E-02));
#3624 = CARTESIAN_POINT('',(0.416624414468,-4.073431387267E-02));
#3625 = CARTESIAN_POINT('',(0.424446510241,-4.427192204654E-02));
#3626 = CARTESIAN_POINT('',(0.43222451084,-4.770438889582E-02));
#3627 = CARTESIAN_POINT('',(0.439964058957,-5.103569004341E-02));
#3628 = CARTESIAN_POINT('',(0.447670797282,-5.426980111218E-02));
#3629 = CARTESIAN_POINT('',(0.455350368506,-5.741069772501E-02));
#3630 = CARTESIAN_POINT('',(0.46300841532,-6.04623555048E-02));
#3631 = CARTESIAN_POINT('',(0.47829274551,-6.639514464402E-02));
#3632 = CARTESIAN_POINT('',(0.484522733936,-6.879750543854E-02));
#3633 = CARTESIAN_POINT('',(0.495991338795,-7.286912964466E-02));
#3634 = CARTESIAN_POINT('',(0.499113402125,-7.41197915469E-02));
#3635 = CARTESIAN_POINT('',(0.505470512454,-7.634159294499E-02));
#3636 = CARTESIAN_POINT('',(0.520448590693,-8.132224226772E-02));
#3637 = CARTESIAN_POINT('',(0.520982620776,-8.150725201123E-02));
#3638 = CARTESIAN_POINT('',(0.528280781454,-8.385254412901E-02));
#3639 = ( GEOMETRIC_REPRESENTATION_CONTEXT(2) 
PARAMETRIC_REPRESENTATION_CONTEXT() REPRESENTATION_CONTEXT('2D SPACE',''
  ) );
#3640 = PCURVE('',#1022,#3641);
#3641 = DEFINITIONAL_REPRESENTATION('',(#3642),#3681);
#3642 = B_SPLINE_CURVE_WITH_KNOTS('',10,(#3643,#3644,#3645,#3646,#3647,
    #3648,#3649,#3650,#3651,#3652,#3653,#3654,#3655,#3656,#3657,#3658,
    #3659,#3660,#3661,#3662,#3663,#3664,#3665,#3666,#3667,#3668,#3669,
    #3670,#3671,#3672,#3673,#3674,#3675,#3676,#3677,#3678,#3679,#3680),
  .UNSPECIFIED.,.F.,.F.,(11,9,9,9,11),(0.,0.25,0.5,0.75,1.),
  .UNSPECIFIED.);
#3643 = CARTESIAN_POINT('',(-4.440892098501E-16,47.833000855103));
#3644 = CARTESIAN_POINT('',(0.537583459787,47.835639512481));
#3645 = CARTESIAN_POINT('',(1.49654251774,47.911204697992));
#3646 = CARTESIAN_POINT('',(0.83522849471,47.780946341861));
#3647 = CARTESIAN_POINT('',(3.282512976598,48.028035414358));
#3648 = CARTESIAN_POINT('',(1.796256645193,47.789946584559));
#3649 = CARTESIAN_POINT('',(3.804640283261,47.999697468238));
#3650 = CARTESIAN_POINT('',(3.621994786549,47.914337558149));
#3651 = CARTESIAN_POINT('',(4.375996130605,47.962384535213));
#3652 = CARTESIAN_POINT('',(4.882969219566,47.972595883047));
#3653 = CARTESIAN_POINT('',(5.955594857864,48.002802514156));
#3654 = CARTESIAN_POINT('',(6.492293779288,48.017760128324));
#3655 = CARTESIAN_POINT('',(7.029311263799,48.032555855951));
#3656 = CARTESIAN_POINT('',(7.566579772193,48.047173511852));
#3657 = CARTESIAN_POINT('',(8.104031765297,48.061596910909));
#3658 = CARTESIAN_POINT('',(8.64159970389,48.075809867898));
#3659 = CARTESIAN_POINT('',(9.179216048808,48.089796197721));
#3660 = CARTESIAN_POINT('',(9.716813260836,48.103539715165));
#3661 = CARTESIAN_POINT('',(10.254323800794,48.117024235097));
#3662 = CARTESIAN_POINT('',(11.329036458172,48.143442909593));
#3663 = CARTESIAN_POINT('',(11.866535243824,48.156387256724));
#3664 = CARTESIAN_POINT('',(12.404128946064,48.169061765328));
#3665 = CARTESIAN_POINT('',(12.941770024499,48.181461586933));
#3666 = CARTESIAN_POINT('',(13.479410938771,48.19358187319));
#3667 = CARTESIAN_POINT('',(14.017004148467,48.205417775568));
#3668 = CARTESIAN_POINT('',(14.554502113241,48.216964445745));
#3669 = CARTESIAN_POINT('',(15.091857292685,48.228217035209));
#3670 = CARTESIAN_POINT('',(15.629022146434,48.239170695584));
#3671 = CARTESIAN_POINT('',(16.702876121771,48.260470461257));
#3672 = CARTESIAN_POINT('',(17.30021588005,48.27174775888));
#3673 = CARTESIAN_POINT('',(17.464083797338,48.27617231006));
#3674 = CARTESIAN_POINT('',(19.144344984651,48.303208555668));
#3675 = CARTESIAN_POINT('',(17.494425171929,48.279643111564));
#3676 = CARTESIAN_POINT('',(20.867530795004,48.331737784419));
#3677 = CARTESIAN_POINT('',(18.868677695898,48.302209100428));
#3678 = CARTESIAN_POINT('',(20.916875289857,48.333781718074));
#3679 = CARTESIAN_POINT('',(20.947235709009,48.334389951368));
#3680 = CARTESIAN_POINT('',(21.484630276063,48.34248286104));
#3681 = ( GEOMETRIC_REPRESENTATION_CONTEXT(2) 
PARAMETRIC_REPRESENTATION_CONTEXT() REPRESENTATION_CONTEXT('2D SPACE',''
  ) );
#3682 = ORIENTED_EDGE('',*,*,#1081,.T.);
#3683 = ORIENTED_EDGE('',*,*,#2613,.T.);
#3684 = ORIENTED_EDGE('',*,*,#3685,.F.);
#3685 = EDGE_CURVE('',#3686,#2586,#3688,.T.);
#3686 = VERTEX_POINT('',#3687);
#3687 = CARTESIAN_POINT('',(43.782858411571,-10.5,86.75));
#3688 = SURFACE_CURVE('',#3689,(#3693,#3699),.PCURVE_S1.);
#3689 = ( BOUNDED_CURVE() B_SPLINE_CURVE(2,(#3690,#3691,#3692),
.UNSPECIFIED.,.F.,.F.) B_SPLINE_CURVE_WITH_KNOTS((3,3),(0.,
1.027709804655),.PIECEWISE_BEZIER_KNOTS.) CURVE() 
GEOMETRIC_REPRESENTATION_ITEM() RATIONAL_B_SPLINE_CURVE((1.,
0.581579998038,1.)) REPRESENTATION_ITEM('') );
#3690 = CARTESIAN_POINT('',(43.782858411571,-10.5,86.75));
#3691 = CARTESIAN_POINT('',(42.943604084155,-10.5,86.75));
#3692 = CARTESIAN_POINT('',(43.215127543025,-11.29411764705,86.75));
#3693 = PCURVE('',#1117,#3694);
#3694 = DEFINITIONAL_REPRESENTATION('',(#3695),#3698);
#3695 = B_SPLINE_CURVE_WITH_KNOTS('',1,(#3696,#3697),.UNSPECIFIED.,.F.,
  .F.,(2,2),(0.,1.027709804655),.PIECEWISE_BEZIER_KNOTS.);
#3696 = CARTESIAN_POINT('',(0.,0.763282169613));
#3697 = CARTESIAN_POINT('',(1.027709804655,0.763282169613));
#3698 = ( GEOMETRIC_REPRESENTATION_CONTEXT(2) 
PARAMETRIC_REPRESENTATION_CONTEXT() REPRESENTATION_CONTEXT('2D SPACE',''
  ) );
#3699 = PCURVE('',#2601,#3700);
#3700 = DEFINITIONAL_REPRESENTATION('',(#3701),#3714);
#3701 = B_SPLINE_CURVE_WITH_KNOTS('',11,(#3702,#3703,#3704,#3705,#3706,
    #3707,#3708,#3709,#3710,#3711,#3712,#3713),.UNSPECIFIED.,.F.,.F.,(12
    ,12),(0.,1.027709804655),.PIECEWISE_BEZIER_KNOTS.);
#3702 = CARTESIAN_POINT('',(-2.22044604925E-16,-1.110223024625E-16));
#3703 = CARTESIAN_POINT('',(0.147907130331,-1.110223024625E-16));
#3704 = CARTESIAN_POINT('',(0.308190970615,-1.110223024625E-16));
#3705 = CARTESIAN_POINT('',(0.480406275194,-1.110223024625E-16));
#3706 = CARTESIAN_POINT('',(0.663098358123,-1.110223024626E-16));
#3707 = CARTESIAN_POINT('',(0.853374877754,-1.110223024624E-16));
#3708 = CARTESIAN_POINT('',(1.046878591554,-1.110223024626E-16));
#3709 = CARTESIAN_POINT('',(1.237155103387,-1.110223024624E-16));
#3710 = CARTESIAN_POINT('',(1.419847193941,-1.110223024626E-16));
#3711 = CARTESIAN_POINT('',(1.592062495189,-1.110223024625E-16));
#3712 = CARTESIAN_POINT('',(1.752346336082,-1.110223024625E-16));
#3713 = CARTESIAN_POINT('',(1.900253466413,-1.110223024625E-16));
#3714 = ( GEOMETRIC_REPRESENTATION_CONTEXT(2) 
PARAMETRIC_REPRESENTATION_CONTEXT() REPRESENTATION_CONTEXT('2D SPACE',''
  ) );
#3715 = ORIENTED_EDGE('',*,*,#3716,.F.);
#3716 = EDGE_CURVE('',#3523,#3686,#3717,.T.);
#3717 = SURFACE_CURVE('',#3718,(#3751,#3758),.PCURVE_S1.);
#3718 = B_SPLINE_CURVE_WITH_KNOTS('',11,(#3719,#3720,#3721,#3722,#3723,
    #3724,#3725,#3726,#3727,#3728,#3729,#3730,#3731,#3732,#3733,#3734,
    #3735,#3736,#3737,#3738,#3739,#3740,#3741,#3742,#3743,#3744,#3745,
    #3746,#3747,#3748,#3749,#3750),.UNSPECIFIED.,.F.,.F.,(12,10,10,12),(
    -0.28339506815,-0.264427635042,0.14283082406,0.763282169613),
  .UNSPECIFIED.);
#3719 = CARTESIAN_POINT('',(43.598427360454,-9.727080490342,
    85.998613085941));
#3720 = CARTESIAN_POINT('',(43.598476430911,-9.731719469737,
    85.998787072575));
#3721 = CARTESIAN_POINT('',(43.598525501368,-9.736358449132,
    85.998961059208));
#3722 = CARTESIAN_POINT('',(43.598574571825,-9.740997428528,
    85.999135045842));
#3723 = CARTESIAN_POINT('',(43.598623642283,-9.745636407923,
    85.999309032476));
#3724 = CARTESIAN_POINT('',(43.59867271274,-9.750275387318,
    85.99948301911));
#3725 = CARTESIAN_POINT('',(43.598721783197,-9.754914366714,
    85.999657005744));
#3726 = CARTESIAN_POINT('',(43.598770853654,-9.759553346109,
    85.999830992378));
#3727 = CARTESIAN_POINT('',(43.598819924111,-9.764192325504,
    86.000004979012));
#3728 = CARTESIAN_POINT('',(43.598868994568,-9.7688313049,
    86.000178965646));
#3729 = CARTESIAN_POINT('',(43.598918065025,-9.773470284295,
    86.000352952279));
#3730 = CARTESIAN_POINT('',(43.600020749781,-9.877714918796,
    86.004262685759));
#3731 = CARTESIAN_POINT('',(43.602437969181,-9.944378329959,
    86.02127890933));
#3732 = CARTESIAN_POINT('',(43.604581536312,-9.994681095274,
    86.037064734829));
#3733 = CARTESIAN_POINT('',(43.606387590278,-10.03152541029,
    86.051777638483));
#3734 = CARTESIAN_POINT('',(43.611445433241,-10.06782440213,
    86.069282648624));
#3735 = CARTESIAN_POINT('',(43.618922799798,-10.08653062112,
    86.076619267491));
#3736 = CARTESIAN_POINT('',(43.624171833438,-10.12856557884,
    86.099502888089));
#3737 = CARTESIAN_POINT('',(43.632675405908,-10.15381889099,
    86.115809700237));
#3738 = CARTESIAN_POINT('',(43.640828300921,-10.18456584521,
    86.136780711291));
#3739 = CARTESIAN_POINT('',(43.649854890688,-10.21281541237,
    86.158725337196));
#3740 = CARTESIAN_POINT('',(43.673669139024,-10.2817839653,
    86.218274496714));
#3741 = CARTESIAN_POINT('',(43.689072007326,-10.32088575482,
    86.257918878131));
#3742 = CARTESIAN_POINT('',(43.705055474536,-10.35721837431,
    86.30117450904));
#3743 = CARTESIAN_POINT('',(43.721090077645,-10.39045475223,
    86.348007600972));
#3744 = CARTESIAN_POINT('',(43.736564158696,-10.42018333209,
    86.398329284244));
#3745 = CARTESIAN_POINT('',(43.750806138539,-10.4459314327,
    86.451923553682));
#3746 = CARTESIAN_POINT('',(43.763126872182,-10.46720248656,
    86.508406427563));
#3747 = CARTESIAN_POINT('',(43.772882086012,-10.48352715671,
    86.567216320335));
#3748 = CARTESIAN_POINT('',(43.779554896638,-10.49452833188,
    86.62763562858));
#3749 = CARTESIAN_POINT('',(43.782858411571,-10.5,86.688843530713));
#3750 = CARTESIAN_POINT('',(43.782858411571,-10.5,86.75));
#3751 = PCURVE('',#1117,#3752);
#3752 = DEFINITIONAL_REPRESENTATION('',(#3753),#3757);
#3753 = LINE('',#3754,#3755);
#3754 = CARTESIAN_POINT('',(0.,0.));
#3755 = VECTOR('',#3756,1.);
#3756 = DIRECTION('',(0.,1.));
#3757 = ( GEOMETRIC_REPRESENTATION_CONTEXT(2) 
PARAMETRIC_REPRESENTATION_CONTEXT() REPRESENTATION_CONTEXT('2D SPACE',''
  ) );
#3758 = PCURVE('',#3759,#3764);
#3759 = CYLINDRICAL_SURFACE('',#3760,0.75);
#3760 = AXIS2_PLACEMENT_3D('',#3761,#3762,#3763);
#3761 = CARTESIAN_POINT('',(64.5,-9.75,86.75));
#3762 = DIRECTION('',(-1.,-0.,0.));
#3763 = DIRECTION('',(0.,-1.,-0.));
#3764 = DEFINITIONAL_REPRESENTATION('',(#3765),#3773);
#3765 = B_SPLINE_CURVE_WITH_KNOTS('',6,(#3766,#3767,#3768,#3769,#3770,
    #3771,#3772),.UNSPECIFIED.,.F.,.F.,(7,7),(0.229364489167,
    0.763282169613),.PIECEWISE_BEZIER_KNOTS.);
#3766 = CARTESIAN_POINT('',(-0.7452300526,20.817763508188));
#3767 = CARTESIAN_POINT('',(-0.627770412466,20.793482008257));
#3768 = CARTESIAN_POINT('',(-0.507831855548,20.768089124067));
#3769 = CARTESIAN_POINT('',(-0.384463860926,20.744395813942));
#3770 = CARTESIAN_POINT('',(-0.257461746652,20.726111869813));
#3771 = CARTESIAN_POINT('',(-0.12864388519,20.717141588428));
#3772 = CARTESIAN_POINT('',(4.854630284895E-18,20.717141588429));
#3773 = ( GEOMETRIC_REPRESENTATION_CONTEXT(2) 
PARAMETRIC_REPRESENTATION_CONTEXT() REPRESENTATION_CONTEXT('2D SPACE',''
  ) );
#3774 = ADVANCED_FACE('',(#3775),#1022,.T.);
#3775 = FACE_BOUND('',#3776,.T.);
#3776 = EDGE_LOOP('',(#3777,#3798,#3799,#3800));
#3777 = ORIENTED_EDGE('',*,*,#3778,.T.);
#3778 = EDGE_CURVE('',#3779,#884,#3781,.T.);
#3779 = VERTEX_POINT('',#3780);
#3780 = CARTESIAN_POINT('',(64.5,-10.30119312755,86.241388029889));
#3781 = SURFACE_CURVE('',#3782,(#3786,#3792),.PCURVE_S1.);
#3782 = ( BOUNDED_CURVE() B_SPLINE_CURVE(2,(#3783,#3784,#3785),
.UNSPECIFIED.,.F.,.F.) B_SPLINE_CURVE_WITH_KNOTS((3,3),(0.,
1.285257132487),.PIECEWISE_BEZIER_KNOTS.) CURVE() 
GEOMETRIC_REPRESENTATION_ITEM() RATIONAL_B_SPLINE_CURVE((1.,
0.947567145378,1.)) REPRESENTATION_ITEM('') );
#3783 = CARTESIAN_POINT('',(64.5,-10.30119312755,86.241388029889));
#3784 = CARTESIAN_POINT('',(64.501655081707,-10.16397862603,
    86.092685886244));
#3785 = CARTESIAN_POINT('',(64.504098621184,-10.14484776357,
    85.891263629617));
#3786 = PCURVE('',#1022,#3787);
#3787 = DEFINITIONAL_REPRESENTATION('',(#3788),#3791);
#3788 = B_SPLINE_CURVE_WITH_KNOTS('',1,(#3789,#3790),.UNSPECIFIED.,.F.,
  .F.,(2,2),(0.,1.285257132487),.PIECEWISE_BEZIER_KNOTS.);
#3789 = CARTESIAN_POINT('',(0.,27.02724771851));
#3790 = CARTESIAN_POINT('',(21.484630276063,27.02724771851));
#3791 = ( GEOMETRIC_REPRESENTATION_CONTEXT(2) 
PARAMETRIC_REPRESENTATION_CONTEXT() REPRESENTATION_CONTEXT('2D SPACE',''
  ) );
#3792 = PCURVE('',#930,#3793);
#3793 = DEFINITIONAL_REPRESENTATION('',(#3794),#3797);
#3794 = B_SPLINE_CURVE_WITH_KNOTS('',1,(#3795,#3796),.UNSPECIFIED.,.F.,
  .F.,(2,2),(0.,1.285257132487),.PIECEWISE_BEZIER_KNOTS.);
#3795 = CARTESIAN_POINT('',(0.,27.02724771851));
#3796 = CARTESIAN_POINT('',(1.285257132487,27.02724771851));
#3797 = ( GEOMETRIC_REPRESENTATION_CONTEXT(2) 
PARAMETRIC_REPRESENTATION_CONTEXT() REPRESENTATION_CONTEXT('2D SPACE',''
  ) );
#3798 = ORIENTED_EDGE('',*,*,#983,.T.);
#3799 = ORIENTED_EDGE('',*,*,#3522,.F.);
#3800 = ORIENTED_EDGE('',*,*,#3801,.F.);
#3801 = EDGE_CURVE('',#3779,#3523,#3802,.T.);
#3802 = SURFACE_CURVE('',#3803,(#3821,#3828),.PCURVE_S1.);
#3803 = B_SPLINE_CURVE_WITH_KNOTS('',6,(#3804,#3805,#3806,#3807,#3808,
    #3809,#3810,#3811,#3812,#3813,#3814,#3815,#3816,#3817,#3818,#3819,
    #3820),.UNSPECIFIED.,.F.,.F.,(7,5,5,7),(27.02724771851,
    27.028633055842,48.511877994573,49.679906378525),.UNSPECIFIED.);
#3804 = CARTESIAN_POINT('',(64.5,-10.30119312755,86.241388029889));
#3805 = CARTESIAN_POINT('',(64.499769385721,-10.30119313113,
    86.241388033771));
#3806 = CARTESIAN_POINT('',(64.499538699414,-10.30119313414,
    86.241388037033));
#3807 = CARTESIAN_POINT('',(64.49930794074,-10.30119313657,
    86.24138803967));
#3808 = CARTESIAN_POINT('',(64.499077109365,-10.30119313843,
    86.241388041685));
#3809 = CARTESIAN_POINT('',(64.498846204947,-10.30119313971,
    86.241388043071));
#3810 = CARTESIAN_POINT('',(60.916705993263,-10.30120396882,
    86.241399778798));
#3811 = CARTESIAN_POINT('',(57.335431239396,-10.30119489168,
    86.241389941982));
#3812 = CARTESIAN_POINT('',(53.751557545757,-10.30119995758,
    86.241395431608));
#3813 = CARTESIAN_POINT('',(50.168946882203,-10.30119798565,
    86.241393294842));
#3814 = CARTESIAN_POINT('',(46.585851983461,-10.30119855254,
    86.241393909125));
#3815 = CARTESIAN_POINT('',(42.808098037603,-10.30119859234,
    86.241393952263));
#3816 = CARTESIAN_POINT('',(42.613295574471,-10.3011985944,
    86.241393954487));
#3817 = CARTESIAN_POINT('',(42.418493111338,-10.30119859645,
    86.241393956712));
#3818 = CARTESIAN_POINT('',(42.223690648205,-10.3011985985,
    86.241393958936));
#3819 = CARTESIAN_POINT('',(42.028888185073,-10.30119860055,
    86.241393961161));
#3820 = CARTESIAN_POINT('',(41.83408572194,-10.30119860261,
    86.241393963385));
#3821 = PCURVE('',#1022,#3822);
#3822 = DEFINITIONAL_REPRESENTATION('',(#3823),#3827);
#3823 = LINE('',#3824,#3825);
#3824 = CARTESIAN_POINT('',(0.,0.));
#3825 = VECTOR('',#3826,1.);
#3826 = DIRECTION('',(0.,1.));
#3827 = ( GEOMETRIC_REPRESENTATION_CONTEXT(2) 
PARAMETRIC_REPRESENTATION_CONTEXT() REPRESENTATION_CONTEXT('2D SPACE',''
  ) );
#3828 = PCURVE('',#3759,#3829);
#3829 = DEFINITIONAL_REPRESENTATION('',(#3830),#3843);
#3830 = B_SPLINE_CURVE_WITH_KNOTS('',6,(#3831,#3832,#3833,#3834,#3835,
    #3836,#3837,#3838,#3839,#3840,#3841,#3842),.UNSPECIFIED.,.F.,.F.,(7,
    5,7),(27.02724771851,27.028633055842,48.511877994573),
  .UNSPECIFIED.);
#3831 = CARTESIAN_POINT('',(-0.745241471519,1.084202172486E-19));
#3832 = CARTESIAN_POINT('',(-0.745241464477,2.306142791401E-04));
#3833 = CARTESIAN_POINT('',(-0.74524145856,4.613005862464E-04));
#3834 = CARTESIAN_POINT('',(-0.745241453773,6.920592590847E-04));
#3835 = CARTESIAN_POINT('',(-0.745241450119,9.22890635421E-04));
#3836 = CARTESIAN_POINT('',(-0.745241447604,1.153795053021E-03));
#3837 = CARTESIAN_POINT('',(-0.745220156107,3.583294006737));
#3838 = CARTESIAN_POINT('',(-0.745238002733,7.164568760604));
#3839 = CARTESIAN_POINT('',(-0.74522804287,10.748442454243));
#3840 = CARTESIAN_POINT('',(-0.745231919707,14.331053117797));
#3841 = CARTESIAN_POINT('',(-0.745230805192,17.914148016539));
#3842 = CARTESIAN_POINT('',(-0.745230730965,21.497099499264));
#3843 = ( GEOMETRIC_REPRESENTATION_CONTEXT(2) 
PARAMETRIC_REPRESENTATION_CONTEXT() REPRESENTATION_CONTEXT('2D SPACE',''
  ) );
#3844 = ADVANCED_FACE('',(#3845),#930,.T.);
#3845 = FACE_BOUND('',#3846,.T.);
#3846 = EDGE_LOOP('',(#3847,#3868,#3869,#3870));
#3847 = ORIENTED_EDGE('',*,*,#3848,.T.);
#3848 = EDGE_CURVE('',#3849,#756,#3851,.T.);
#3849 = VERTEX_POINT('',#3850);
#3850 = CARTESIAN_POINT('',(65.494372291953,-10.12304218308,86.75));
#3851 = SURFACE_CURVE('',#3852,(#3856,#3862),.PCURVE_S1.);
#3852 = ( BOUNDED_CURVE() B_SPLINE_CURVE(2,(#3853,#3854,#3855),
.UNSPECIFIED.,.F.,.F.) B_SPLINE_CURVE_WITH_KNOTS((3,3),(0.,
1.260505896329),.PIECEWISE_BEZIER_KNOTS.) CURVE() 
GEOMETRIC_REPRESENTATION_ITEM() RATIONAL_B_SPLINE_CURVE((1.,
0.924056584227,1.)) REPRESENTATION_ITEM('') );
#3853 = CARTESIAN_POINT('',(65.494372291953,-10.12304218308,86.75));
#3854 = CARTESIAN_POINT('',(65.624844945852,-10.00751812366,
    86.573263739499));
#3855 = CARTESIAN_POINT('',(65.825794051243,-10.06307981941,
    86.438590124788));
#3856 = PCURVE('',#930,#3857);
#3857 = DEFINITIONAL_REPRESENTATION('',(#3858),#3861);
#3858 = B_SPLINE_CURVE_WITH_KNOTS('',1,(#3859,#3860),.UNSPECIFIED.,.F.,
  .F.,(2,2),(0.,1.260505896329),.PIECEWISE_BEZIER_KNOTS.);
#3859 = CARTESIAN_POINT('',(0.,25.741990586023));
#3860 = CARTESIAN_POINT('',(1.285257132487,25.741990586023));
#3861 = ( GEOMETRIC_REPRESENTATION_CONTEXT(2) 
PARAMETRIC_REPRESENTATION_CONTEXT() REPRESENTATION_CONTEXT('2D SPACE',''
  ) );
#3862 = PCURVE('',#824,#3863);
#3863 = DEFINITIONAL_REPRESENTATION('',(#3864),#3867);
#3864 = B_SPLINE_CURVE_WITH_KNOTS('',1,(#3865,#3866),.UNSPECIFIED.,.F.,
  .F.,(2,2),(0.,1.260505896329),.PIECEWISE_BEZIER_KNOTS.);
#3865 = CARTESIAN_POINT('',(0.,25.741990586019));
#3866 = CARTESIAN_POINT('',(1.260505896329,25.741990586019));
#3867 = ( GEOMETRIC_REPRESENTATION_CONTEXT(2) 
PARAMETRIC_REPRESENTATION_CONTEXT() REPRESENTATION_CONTEXT('2D SPACE',''
  ) );
#3868 = ORIENTED_EDGE('',*,*,#883,.T.);
#3869 = ORIENTED_EDGE('',*,*,#3778,.F.);
#3870 = ORIENTED_EDGE('',*,*,#3871,.F.);
#3871 = EDGE_CURVE('',#3849,#3779,#3872,.T.);
#3872 = SURFACE_CURVE('',#3873,(#3889,#3896),.PCURVE_S1.);
#3873 = ( BOUNDED_CURVE() B_SPLINE_CURVE(14,(#3874,#3875,#3876,#3877,
    #3878,#3879,#3880,#3881,#3882,#3883,#3884,#3885,#3886,#3887,#3888),
.UNSPECIFIED.,.F.,.F.) B_SPLINE_CURVE_WITH_KNOTS((15,15),(
25.741990586023,27.02724771851),.PIECEWISE_BEZIER_KNOTS.) CURVE() 
GEOMETRIC_REPRESENTATION_ITEM() RATIONAL_B_SPLINE_CURVE((1.,1.,
    0.999999999999,1.000000000002,0.999999999996,1.000000000007,
    0.999999999991,1.00000000001,0.999999999991,1.000000000007,
    0.999999999996,1.000000000002,0.999999999999,1.,1.)) 
REPRESENTATION_ITEM('') );
#3874 = CARTESIAN_POINT('',(65.49437229196,-10.12304218308,86.75));
#3875 = CARTESIAN_POINT('',(65.449362354089,-10.16289521421,
    86.684328663001));
#3876 = CARTESIAN_POINT('',(65.399566464809,-10.19524198455,
    86.619849720402));
#3877 = CARTESIAN_POINT('',(65.345133300872,-10.22076880343,
    86.558143292474));
#3878 = CARTESIAN_POINT('',(65.285752727386,-10.24055880415,
    86.499844779424));
#3879 = CARTESIAN_POINT('',(65.222984852964,-10.25501708201,
    86.448553258617));
#3880 = CARTESIAN_POINT('',(65.154678746528,-10.26758288382,
    86.397759181839));
#3881 = CARTESIAN_POINT('',(65.080592077201,-10.27471180375,
    86.362743326585));
#3882 = CARTESIAN_POINT('',(65.013034290547,-10.28311353099,
    86.320655183192));
#3883 = CARTESIAN_POINT('',(64.918176071782,-10.28940921706,
    86.298763172498));
#3884 = CARTESIAN_POINT('',(64.85196455008,-10.29257469413,
    86.272631688907));
#3885 = CARTESIAN_POINT('',(64.7569858451,-10.2984151008,86.258165575331
    ));
#3886 = CARTESIAN_POINT('',(64.673313139357,-10.29926903822,
    86.246862123984));
#3887 = CARTESIAN_POINT('',(64.591693473193,-10.3012874629,
    86.241490263025));
#3888 = CARTESIAN_POINT('',(64.5,-10.30119312755,86.241388029889));
#3889 = PCURVE('',#930,#3890);
#3890 = DEFINITIONAL_REPRESENTATION('',(#3891),#3895);
#3891 = LINE('',#3892,#3893);
#3892 = CARTESIAN_POINT('',(0.,0.));
#3893 = VECTOR('',#3894,1.);
#3894 = DIRECTION('',(0.,1.));
#3895 = ( GEOMETRIC_REPRESENTATION_CONTEXT(2) 
PARAMETRIC_REPRESENTATION_CONTEXT() REPRESENTATION_CONTEXT('2D SPACE',''
  ) );
#3896 = PCURVE('',#3897,#3902);
#3897 = TOROIDAL_SURFACE('',#3898,0.75,0.75);
#3898 = AXIS2_PLACEMENT_3D('',#3899,#3900,#3901);
#3899 = CARTESIAN_POINT('',(64.5,-9.,86.75));
#3900 = DIRECTION('',(-0.,-0.,-1.));
#3901 = DIRECTION('',(1.,0.,-0.));
#3902 = DEFINITIONAL_REPRESENTATION('',(#3903),#3926);
#3903 = B_SPLINE_CURVE_WITH_KNOTS('',11,(#3904,#3905,#3906,#3907,#3908,
    #3909,#3910,#3911,#3912,#3913,#3914,#3915,#3916,#3917,#3918,#3919,
    #3920,#3921,#3922,#3923,#3924,#3925),.UNSPECIFIED.,.F.,.F.,(12,10,12
    ),(25.741990586023,26.384619152266,27.02724771851),.UNSPECIFIED.);
#3904 = CARTESIAN_POINT('',(0.846090986437,2.230839880553E-14));
#3905 = CARTESIAN_POINT('',(0.871595538419,5.57211344231E-02));
#3906 = CARTESIAN_POINT('',(0.896713669129,0.110778570051));
#3907 = CARTESIAN_POINT('',(0.921707294941,0.164869291268));
#3908 = CARTESIAN_POINT('',(0.946825613505,0.217700674367));
#3909 = CARTESIAN_POINT('',(0.972315187226,0.269010435287));
#3910 = CARTESIAN_POINT('',(0.998430290649,0.318559680288));
#3911 = CARTESIAN_POINT('',(1.025412411936,0.366109214498));
#3912 = CARTESIAN_POINT('',(1.053467194607,0.411406485942));
#3913 = CARTESIAN_POINT('',(1.082771187796,0.45420066823));
#3914 = CARTESIAN_POINT('',(1.113489540508,0.494266413428));
#3915 = CARTESIAN_POINT('',(1.177868917025,0.568439062464));
#3916 = CARTESIAN_POINT('',(1.211533076715,0.602547428749));
#3917 = CARTESIAN_POINT('',(1.24672602694,0.633445658639));
#3918 = CARTESIAN_POINT('',(1.283492970389,0.660858306452));
#3919 = CARTESIAN_POINT('',(1.321573803884,0.684721270854));
#3920 = CARTESIAN_POINT('',(1.36116674391,0.704545266746));
#3921 = CARTESIAN_POINT('',(1.401401055593,0.720926294763));
#3922 = CARTESIAN_POINT('',(1.443443318108,0.732709348753));
#3923 = CARTESIAN_POINT('',(1.484316413217,0.741048108802));
#3924 = CARTESIAN_POINT('',(1.525952567021,0.745123441293));
#3925 = CARTESIAN_POINT('',(1.570796326795,0.745241471519));
#3926 = ( GEOMETRIC_REPRESENTATION_CONTEXT(2) 
PARAMETRIC_REPRESENTATION_CONTEXT() REPRESENTATION_CONTEXT('2D SPACE',''
  ) );
#3927 = ADVANCED_FACE('',(#3928,#4220,#4326,#4432),#409,.T.);
#3928 = FACE_BOUND('',#3929,.T.);
#3929 = EDGE_LOOP('',(#3930,#3953,#3981,#4002,#4003,#4004,#4027,#4051,
    #4075,#4098,#4126,#4149,#4173,#4197,#4218,#4219));
#3930 = ORIENTED_EDGE('',*,*,#3931,.F.);
#3931 = EDGE_CURVE('',#3932,#393,#3934,.T.);
#3932 = VERTEX_POINT('',#3933);
#3933 = CARTESIAN_POINT('',(68.,-10.,83.8));
#3934 = SURFACE_CURVE('',#3935,(#3939,#3946),.PCURVE_S1.);
#3935 = LINE('',#3936,#3937);
#3936 = CARTESIAN_POINT('',(68.,-10.,83.));
#3937 = VECTOR('',#3938,1.);
#3938 = DIRECTION('',(0.,0.,1.));
#3939 = PCURVE('',#409,#3940);
#3940 = DEFINITIONAL_REPRESENTATION('',(#3941),#3945);
#3941 = LINE('',#3942,#3943);
#3942 = CARTESIAN_POINT('',(0.,-4.));
#3943 = VECTOR('',#3944,1.);
#3944 = DIRECTION('',(1.,0.));
#3945 = ( GEOMETRIC_REPRESENTATION_CONTEXT(2) 
PARAMETRIC_REPRESENTATION_CONTEXT() REPRESENTATION_CONTEXT('2D SPACE',''
  ) );
#3946 = PCURVE('',#465,#3947);
#3947 = DEFINITIONAL_REPRESENTATION('',(#3948),#3952);
#3948 = LINE('',#3949,#3950);
#3949 = CARTESIAN_POINT('',(-0.,0.));
#3950 = VECTOR('',#3951,1.);
#3951 = DIRECTION('',(-0.,1.));
#3952 = ( GEOMETRIC_REPRESENTATION_CONTEXT(2) 
PARAMETRIC_REPRESENTATION_CONTEXT() REPRESENTATION_CONTEXT('2D SPACE',''
  ) );
#3953 = ORIENTED_EDGE('',*,*,#3954,.F.);
#3954 = EDGE_CURVE('',#3955,#3932,#3957,.T.);
#3955 = VERTEX_POINT('',#3956);
#3956 = CARTESIAN_POINT('',(68.,10.,83.8));
#3957 = SURFACE_CURVE('',#3958,(#3962,#3969),.PCURVE_S1.);
#3958 = LINE('',#3959,#3960);
#3959 = CARTESIAN_POINT('',(68.,10.,83.8));
#3960 = VECTOR('',#3961,1.);
#3961 = DIRECTION('',(0.,-1.,-0.));
#3962 = PCURVE('',#409,#3963);
#3963 = DEFINITIONAL_REPRESENTATION('',(#3964),#3968);
#3964 = LINE('',#3965,#3966);
#3965 = CARTESIAN_POINT('',(0.8,-24.));
#3966 = VECTOR('',#3967,1.);
#3967 = DIRECTION('',(0.,1.));
#3968 = ( GEOMETRIC_REPRESENTATION_CONTEXT(2) 
PARAMETRIC_REPRESENTATION_CONTEXT() REPRESENTATION_CONTEXT('2D SPACE',''
  ) );
#3969 = PCURVE('',#3970,#3975);
#3970 = CYLINDRICAL_SURFACE('',#3971,0.8);
#3971 = AXIS2_PLACEMENT_3D('',#3972,#3973,#3974);
#3972 = CARTESIAN_POINT('',(67.2,10.,83.8));
#3973 = DIRECTION('',(0.,-1.,-0.));
#3974 = DIRECTION('',(1.,0.,0.));
#3975 = DEFINITIONAL_REPRESENTATION('',(#3976),#3980);
#3976 = LINE('',#3977,#3978);
#3977 = CARTESIAN_POINT('',(-0.,0.));
#3978 = VECTOR('',#3979,1.);
#3979 = DIRECTION('',(-0.,1.));
#3980 = ( GEOMETRIC_REPRESENTATION_CONTEXT(2) 
PARAMETRIC_REPRESENTATION_CONTEXT() REPRESENTATION_CONTEXT('2D SPACE',''
  ) );
#3981 = ORIENTED_EDGE('',*,*,#3982,.T.);
#3982 = EDGE_CURVE('',#3955,#1434,#3983,.T.);
#3983 = SURFACE_CURVE('',#3984,(#3988,#3995),.PCURVE_S1.);
#3984 = LINE('',#3985,#3986);
#3985 = CARTESIAN_POINT('',(68.,10.,83.));
#3986 = VECTOR('',#3987,1.);
#3987 = DIRECTION('',(0.,0.,1.));
#3988 = PCURVE('',#409,#3989);
#3989 = DEFINITIONAL_REPRESENTATION('',(#3990),#3994);
#3990 = LINE('',#3991,#3992);
#3991 = CARTESIAN_POINT('',(0.,-24.));
#3992 = VECTOR('',#3993,1.);
#3993 = DIRECTION('',(1.,0.));
#3994 = ( GEOMETRIC_REPRESENTATION_CONTEXT(2) 
PARAMETRIC_REPRESENTATION_CONTEXT() REPRESENTATION_CONTEXT('2D SPACE',''
  ) );
#3995 = PCURVE('',#1477,#3996);
#3996 = DEFINITIONAL_REPRESENTATION('',(#3997),#4001);
#3997 = LINE('',#3998,#3999);
#3998 = CARTESIAN_POINT('',(0.,0.));
#3999 = VECTOR('',#4000,1.);
#4000 = DIRECTION('',(0.,1.));
#4001 = ( GEOMETRIC_REPRESENTATION_CONTEXT(2) 
PARAMETRIC_REPRESENTATION_CONTEXT() REPRESENTATION_CONTEXT('2D SPACE',''
  ) );
#4002 = ORIENTED_EDGE('',*,*,#1503,.F.);
#4003 = ORIENTED_EDGE('',*,*,#1409,.F.);
#4004 = ORIENTED_EDGE('',*,*,#4005,.T.);
#4005 = EDGE_CURVE('',#1410,#4006,#4008,.T.);
#4006 = VERTEX_POINT('',#4007);
#4007 = CARTESIAN_POINT('',(68.,10.,132.43210916541));
#4008 = SURFACE_CURVE('',#4009,(#4013,#4020),.PCURVE_S1.);
#4009 = LINE('',#4010,#4011);
#4010 = CARTESIAN_POINT('',(68.,10.,83.));
#4011 = VECTOR('',#4012,1.);
#4012 = DIRECTION('',(0.,0.,1.));
#4013 = PCURVE('',#409,#4014);
#4014 = DEFINITIONAL_REPRESENTATION('',(#4015),#4019);
#4015 = LINE('',#4016,#4017);
#4016 = CARTESIAN_POINT('',(0.,-24.));
#4017 = VECTOR('',#4018,1.);
#4018 = DIRECTION('',(1.,0.));
#4019 = ( GEOMETRIC_REPRESENTATION_CONTEXT(2) 
PARAMETRIC_REPRESENTATION_CONTEXT() REPRESENTATION_CONTEXT('2D SPACE',''
  ) );
#4020 = PCURVE('',#1477,#4021);
#4021 = DEFINITIONAL_REPRESENTATION('',(#4022),#4026);
#4022 = LINE('',#4023,#4024);
#4023 = CARTESIAN_POINT('',(0.,0.));
#4024 = VECTOR('',#4025,1.);
#4025 = DIRECTION('',(0.,1.));
#4026 = ( GEOMETRIC_REPRESENTATION_CONTEXT(2) 
PARAMETRIC_REPRESENTATION_CONTEXT() REPRESENTATION_CONTEXT('2D SPACE',''
  ) );
#4027 = ORIENTED_EDGE('',*,*,#4028,.F.);
#4028 = EDGE_CURVE('',#4029,#4006,#4031,.T.);
#4029 = VERTEX_POINT('',#4030);
#4030 = CARTESIAN_POINT('',(68.,9.,131.85));
#4031 = SURFACE_CURVE('',#4032,(#4037,#4044),.PCURVE_S1.);
#4032 = CIRCLE('',#4033,1.15);
#4033 = AXIS2_PLACEMENT_3D('',#4034,#4035,#4036);
#4034 = CARTESIAN_POINT('',(68.,9.,133.));
#4035 = DIRECTION('',(1.,0.,2.22044604925E-16));
#4036 = DIRECTION('',(2.22044604925E-16,0.,-1.));
#4037 = PCURVE('',#409,#4038);
#4038 = DEFINITIONAL_REPRESENTATION('',(#4039),#4043);
#4039 = CIRCLE('',#4040,1.15);
#4040 = AXIS2_PLACEMENT_2D('',#4041,#4042);
#4041 = CARTESIAN_POINT('',(50.,-23.));
#4042 = DIRECTION('',(-1.,0.));
#4043 = ( GEOMETRIC_REPRESENTATION_CONTEXT(2) 
PARAMETRIC_REPRESENTATION_CONTEXT() REPRESENTATION_CONTEXT('2D SPACE',''
  ) );
#4044 = PCURVE('',#2938,#4045);
#4045 = DEFINITIONAL_REPRESENTATION('',(#4046),#4050);
#4046 = LINE('',#4047,#4048);
#4047 = CARTESIAN_POINT('',(0.,26.));
#4048 = VECTOR('',#4049,1.);
#4049 = DIRECTION('',(1.,0.));
#4050 = ( GEOMETRIC_REPRESENTATION_CONTEXT(2) 
PARAMETRIC_REPRESENTATION_CONTEXT() REPRESENTATION_CONTEXT('2D SPACE',''
  ) );
#4051 = ORIENTED_EDGE('',*,*,#4052,.F.);
#4052 = EDGE_CURVE('',#4053,#4029,#4055,.T.);
#4053 = VERTEX_POINT('',#4054);
#4054 = CARTESIAN_POINT('',(68.,10.,133.56789083458));
#4055 = SURFACE_CURVE('',#4056,(#4061,#4068),.PCURVE_S1.);
#4056 = CIRCLE('',#4057,1.15);
#4057 = AXIS2_PLACEMENT_3D('',#4058,#4059,#4060);
#4058 = CARTESIAN_POINT('',(68.,9.,133.));
#4059 = DIRECTION('',(1.,0.,2.22044604925E-16));
#4060 = DIRECTION('',(2.22044604925E-16,0.,-1.));
#4061 = PCURVE('',#409,#4062);
#4062 = DEFINITIONAL_REPRESENTATION('',(#4063),#4067);
#4063 = CIRCLE('',#4064,1.15);
#4064 = AXIS2_PLACEMENT_2D('',#4065,#4066);
#4065 = CARTESIAN_POINT('',(50.,-23.));
#4066 = DIRECTION('',(-1.,0.));
#4067 = ( GEOMETRIC_REPRESENTATION_CONTEXT(2) 
PARAMETRIC_REPRESENTATION_CONTEXT() REPRESENTATION_CONTEXT('2D SPACE',''
  ) );
#4068 = PCURVE('',#2938,#4069);
#4069 = DEFINITIONAL_REPRESENTATION('',(#4070),#4074);
#4070 = LINE('',#4071,#4072);
#4071 = CARTESIAN_POINT('',(0.,26.));
#4072 = VECTOR('',#4073,1.);
#4073 = DIRECTION('',(1.,0.));
#4074 = ( GEOMETRIC_REPRESENTATION_CONTEXT(2) 
PARAMETRIC_REPRESENTATION_CONTEXT() REPRESENTATION_CONTEXT('2D SPACE',''
  ) );
#4075 = ORIENTED_EDGE('',*,*,#4076,.T.);
#4076 = EDGE_CURVE('',#4053,#4077,#4079,.T.);
#4077 = VERTEX_POINT('',#4078);
#4078 = CARTESIAN_POINT('',(68.,10.,135.2));
#4079 = SURFACE_CURVE('',#4080,(#4084,#4091),.PCURVE_S1.);
#4080 = LINE('',#4081,#4082);
#4081 = CARTESIAN_POINT('',(68.,10.,83.));
#4082 = VECTOR('',#4083,1.);
#4083 = DIRECTION('',(0.,0.,1.));
#4084 = PCURVE('',#409,#4085);
#4085 = DEFINITIONAL_REPRESENTATION('',(#4086),#4090);
#4086 = LINE('',#4087,#4088);
#4087 = CARTESIAN_POINT('',(0.,-24.));
#4088 = VECTOR('',#4089,1.);
#4089 = DIRECTION('',(1.,0.));
#4090 = ( GEOMETRIC_REPRESENTATION_CONTEXT(2) 
PARAMETRIC_REPRESENTATION_CONTEXT() REPRESENTATION_CONTEXT('2D SPACE',''
  ) );
#4091 = PCURVE('',#1477,#4092);
#4092 = DEFINITIONAL_REPRESENTATION('',(#4093),#4097);
#4093 = LINE('',#4094,#4095);
#4094 = CARTESIAN_POINT('',(0.,0.));
#4095 = VECTOR('',#4096,1.);
#4096 = DIRECTION('',(0.,1.));
#4097 = ( GEOMETRIC_REPRESENTATION_CONTEXT(2) 
PARAMETRIC_REPRESENTATION_CONTEXT() REPRESENTATION_CONTEXT('2D SPACE',''
  ) );
#4098 = ORIENTED_EDGE('',*,*,#4099,.T.);
#4099 = EDGE_CURVE('',#4077,#4100,#4102,.T.);
#4100 = VERTEX_POINT('',#4101);
#4101 = CARTESIAN_POINT('',(68.,-10.,135.2));
#4102 = SURFACE_CURVE('',#4103,(#4107,#4114),.PCURVE_S1.);
#4103 = LINE('',#4104,#4105);
#4104 = CARTESIAN_POINT('',(68.,10.,135.2));
#4105 = VECTOR('',#4106,1.);
#4106 = DIRECTION('',(0.,-1.,-0.));
#4107 = PCURVE('',#409,#4108);
#4108 = DEFINITIONAL_REPRESENTATION('',(#4109),#4113);
#4109 = LINE('',#4110,#4111);
#4110 = CARTESIAN_POINT('',(52.2,-24.));
#4111 = VECTOR('',#4112,1.);
#4112 = DIRECTION('',(0.,1.));
#4113 = ( GEOMETRIC_REPRESENTATION_CONTEXT(2) 
PARAMETRIC_REPRESENTATION_CONTEXT() REPRESENTATION_CONTEXT('2D SPACE',''
  ) );
#4114 = PCURVE('',#4115,#4120);
#4115 = CYLINDRICAL_SURFACE('',#4116,0.8);
#4116 = AXIS2_PLACEMENT_3D('',#4117,#4118,#4119);
#4117 = CARTESIAN_POINT('',(67.2,10.,135.2));
#4118 = DIRECTION('',(0.,-1.,-0.));
#4119 = DIRECTION('',(1.,0.,0.));
#4120 = DEFINITIONAL_REPRESENTATION('',(#4121),#4125);
#4121 = LINE('',#4122,#4123);
#4122 = CARTESIAN_POINT('',(0.,0.));
#4123 = VECTOR('',#4124,1.);
#4124 = DIRECTION('',(0.,1.));
#4125 = ( GEOMETRIC_REPRESENTATION_CONTEXT(2) 
PARAMETRIC_REPRESENTATION_CONTEXT() REPRESENTATION_CONTEXT('2D SPACE',''
  ) );
#4126 = ORIENTED_EDGE('',*,*,#4127,.F.);
#4127 = EDGE_CURVE('',#4128,#4100,#4130,.T.);
#4128 = VERTEX_POINT('',#4129);
#4129 = CARTESIAN_POINT('',(68.,-10.,133.56789083458));
#4130 = SURFACE_CURVE('',#4131,(#4135,#4142),.PCURVE_S1.);
#4131 = LINE('',#4132,#4133);
#4132 = CARTESIAN_POINT('',(68.,-10.,83.));
#4133 = VECTOR('',#4134,1.);
#4134 = DIRECTION('',(0.,0.,1.));
#4135 = PCURVE('',#409,#4136);
#4136 = DEFINITIONAL_REPRESENTATION('',(#4137),#4141);
#4137 = LINE('',#4138,#4139);
#4138 = CARTESIAN_POINT('',(0.,-4.));
#4139 = VECTOR('',#4140,1.);
#4140 = DIRECTION('',(1.,0.));
#4141 = ( GEOMETRIC_REPRESENTATION_CONTEXT(2) 
PARAMETRIC_REPRESENTATION_CONTEXT() REPRESENTATION_CONTEXT('2D SPACE',''
  ) );
#4142 = PCURVE('',#465,#4143);
#4143 = DEFINITIONAL_REPRESENTATION('',(#4144),#4148);
#4144 = LINE('',#4145,#4146);
#4145 = CARTESIAN_POINT('',(-0.,0.));
#4146 = VECTOR('',#4147,1.);
#4147 = DIRECTION('',(-0.,1.));
#4148 = ( GEOMETRIC_REPRESENTATION_CONTEXT(2) 
PARAMETRIC_REPRESENTATION_CONTEXT() REPRESENTATION_CONTEXT('2D SPACE',''
  ) );
#4149 = ORIENTED_EDGE('',*,*,#4150,.F.);
#4150 = EDGE_CURVE('',#4151,#4128,#4153,.T.);
#4151 = VERTEX_POINT('',#4152);
#4152 = CARTESIAN_POINT('',(68.,-9.,131.85));
#4153 = SURFACE_CURVE('',#4154,(#4159,#4166),.PCURVE_S1.);
#4154 = CIRCLE('',#4155,1.15);
#4155 = AXIS2_PLACEMENT_3D('',#4156,#4157,#4158);
#4156 = CARTESIAN_POINT('',(68.,-9.,133.));
#4157 = DIRECTION('',(1.,0.,2.22044604925E-16));
#4158 = DIRECTION('',(2.22044604925E-16,0.,-1.));
#4159 = PCURVE('',#409,#4160);
#4160 = DEFINITIONAL_REPRESENTATION('',(#4161),#4165);
#4161 = CIRCLE('',#4162,1.15);
#4162 = AXIS2_PLACEMENT_2D('',#4163,#4164);
#4163 = CARTESIAN_POINT('',(50.,-5.));
#4164 = DIRECTION('',(-1.,0.));
#4165 = ( GEOMETRIC_REPRESENTATION_CONTEXT(2) 
PARAMETRIC_REPRESENTATION_CONTEXT() REPRESENTATION_CONTEXT('2D SPACE',''
  ) );
#4166 = PCURVE('',#2379,#4167);
#4167 = DEFINITIONAL_REPRESENTATION('',(#4168),#4172);
#4168 = LINE('',#4169,#4170);
#4169 = CARTESIAN_POINT('',(0.,26.));
#4170 = VECTOR('',#4171,1.);
#4171 = DIRECTION('',(1.,0.));
#4172 = ( GEOMETRIC_REPRESENTATION_CONTEXT(2) 
PARAMETRIC_REPRESENTATION_CONTEXT() REPRESENTATION_CONTEXT('2D SPACE',''
  ) );
#4173 = ORIENTED_EDGE('',*,*,#4174,.F.);
#4174 = EDGE_CURVE('',#4175,#4151,#4177,.T.);
#4175 = VERTEX_POINT('',#4176);
#4176 = CARTESIAN_POINT('',(68.,-10.,132.43210916541));
#4177 = SURFACE_CURVE('',#4178,(#4183,#4190),.PCURVE_S1.);
#4178 = CIRCLE('',#4179,1.15);
#4179 = AXIS2_PLACEMENT_3D('',#4180,#4181,#4182);
#4180 = CARTESIAN_POINT('',(68.,-9.,133.));
#4181 = DIRECTION('',(1.,0.,2.22044604925E-16));
#4182 = DIRECTION('',(2.22044604925E-16,0.,-1.));
#4183 = PCURVE('',#409,#4184);
#4184 = DEFINITIONAL_REPRESENTATION('',(#4185),#4189);
#4185 = CIRCLE('',#4186,1.15);
#4186 = AXIS2_PLACEMENT_2D('',#4187,#4188);
#4187 = CARTESIAN_POINT('',(50.,-5.));
#4188 = DIRECTION('',(-1.,0.));
#4189 = ( GEOMETRIC_REPRESENTATION_CONTEXT(2) 
PARAMETRIC_REPRESENTATION_CONTEXT() REPRESENTATION_CONTEXT('2D SPACE',''
  ) );
#4190 = PCURVE('',#2379,#4191);
#4191 = DEFINITIONAL_REPRESENTATION('',(#4192),#4196);
#4192 = LINE('',#4193,#4194);
#4193 = CARTESIAN_POINT('',(0.,26.));
#4194 = VECTOR('',#4195,1.);
#4195 = DIRECTION('',(1.,0.));
#4196 = ( GEOMETRIC_REPRESENTATION_CONTEXT(2) 
PARAMETRIC_REPRESENTATION_CONTEXT() REPRESENTATION_CONTEXT('2D SPACE',''
  ) );
#4197 = ORIENTED_EDGE('',*,*,#4198,.F.);
#4198 = EDGE_CURVE('',#422,#4175,#4199,.T.);
#4199 = SURFACE_CURVE('',#4200,(#4204,#4211),.PCURVE_S1.);
#4200 = LINE('',#4201,#4202);
#4201 = CARTESIAN_POINT('',(68.,-10.,83.));
#4202 = VECTOR('',#4203,1.);
#4203 = DIRECTION('',(0.,0.,1.));
#4204 = PCURVE('',#409,#4205);
#4205 = DEFINITIONAL_REPRESENTATION('',(#4206),#4210);
#4206 = LINE('',#4207,#4208);
#4207 = CARTESIAN_POINT('',(0.,-4.));
#4208 = VECTOR('',#4209,1.);
#4209 = DIRECTION('',(1.,0.));
#4210 = ( GEOMETRIC_REPRESENTATION_CONTEXT(2) 
PARAMETRIC_REPRESENTATION_CONTEXT() REPRESENTATION_CONTEXT('2D SPACE',''
  ) );
#4211 = PCURVE('',#465,#4212);
#4212 = DEFINITIONAL_REPRESENTATION('',(#4213),#4217);
#4213 = LINE('',#4214,#4215);
#4214 = CARTESIAN_POINT('',(-0.,0.));
#4215 = VECTOR('',#4216,1.);
#4216 = DIRECTION('',(-0.,1.));
#4217 = ( GEOMETRIC_REPRESENTATION_CONTEXT(2) 
PARAMETRIC_REPRESENTATION_CONTEXT() REPRESENTATION_CONTEXT('2D SPACE',''
  ) );
#4218 = ORIENTED_EDGE('',*,*,#491,.F.);
#4219 = ORIENTED_EDGE('',*,*,#392,.F.);
#4220 = FACE_BOUND('',#4221,.T.);
#4221 = EDGE_LOOP('',(#4222,#4250,#4276,#4302));
#4222 = ORIENTED_EDGE('',*,*,#4223,.T.);
#4223 = EDGE_CURVE('',#4224,#4226,#4228,.T.);
#4224 = VERTEX_POINT('',#4225);
#4225 = CARTESIAN_POINT('',(68.,6.,102.));
#4226 = VERTEX_POINT('',#4227);
#4227 = CARTESIAN_POINT('',(68.,-6.,102.));
#4228 = SURFACE_CURVE('',#4229,(#4233,#4239),.PCURVE_S1.);
#4229 = LINE('',#4230,#4231);
#4230 = CARTESIAN_POINT('',(68.,-10.,102.));
#4231 = VECTOR('',#4232,1.);
#4232 = DIRECTION('',(0.,-1.,0.));
#4233 = PCURVE('',#409,#4234);
#4234 = DEFINITIONAL_REPRESENTATION('',(#4235),#4238);
#4235 = B_SPLINE_CURVE_WITH_KNOTS('',1,(#4236,#4237),.UNSPECIFIED.,.F.,
  .F.,(2,2),(-16.,-4.),.PIECEWISE_BEZIER_KNOTS.);
#4236 = CARTESIAN_POINT('',(19.,-20.));
#4237 = CARTESIAN_POINT('',(19.,-8.));
#4238 = ( GEOMETRIC_REPRESENTATION_CONTEXT(2) 
PARAMETRIC_REPRESENTATION_CONTEXT() REPRESENTATION_CONTEXT('2D SPACE',''
  ) );
#4239 = PCURVE('',#4240,#4245);
#4240 = PLANE('',#4241);
#4241 = AXIS2_PLACEMENT_3D('',#4242,#4243,#4244);
#4242 = CARTESIAN_POINT('',(64.5,-6.,102.));
#4243 = DIRECTION('',(0.,0.,1.));
#4244 = DIRECTION('',(1.,0.,-0.));
#4245 = DEFINITIONAL_REPRESENTATION('',(#4246),#4249);
#4246 = B_SPLINE_CURVE_WITH_KNOTS('',1,(#4247,#4248),.UNSPECIFIED.,.F.,
  .F.,(2,2),(-16.,-4.),.PIECEWISE_BEZIER_KNOTS.);
#4247 = CARTESIAN_POINT('',(3.5,12.));
#4248 = CARTESIAN_POINT('',(3.5,0.));
#4249 = ( GEOMETRIC_REPRESENTATION_CONTEXT(2) 
PARAMETRIC_REPRESENTATION_CONTEXT() REPRESENTATION_CONTEXT('2D SPACE',''
  ) );
#4250 = ORIENTED_EDGE('',*,*,#4251,.T.);
#4251 = EDGE_CURVE('',#4226,#4252,#4254,.T.);
#4252 = VERTEX_POINT('',#4253);
#4253 = CARTESIAN_POINT('',(68.,-6.,104.));
#4254 = SURFACE_CURVE('',#4255,(#4259,#4265),.PCURVE_S1.);
#4255 = LINE('',#4256,#4257);
#4256 = CARTESIAN_POINT('',(68.,-6.,92.5));
#4257 = VECTOR('',#4258,1.);
#4258 = DIRECTION('',(0.,0.,1.));
#4259 = PCURVE('',#409,#4260);
#4260 = DEFINITIONAL_REPRESENTATION('',(#4261),#4264);
#4261 = B_SPLINE_CURVE_WITH_KNOTS('',1,(#4262,#4263),.UNSPECIFIED.,.F.,
  .F.,(2,2),(9.5,11.5),.PIECEWISE_BEZIER_KNOTS.);
#4262 = CARTESIAN_POINT('',(19.,-8.));
#4263 = CARTESIAN_POINT('',(21.,-8.));
#4264 = ( GEOMETRIC_REPRESENTATION_CONTEXT(2) 
PARAMETRIC_REPRESENTATION_CONTEXT() REPRESENTATION_CONTEXT('2D SPACE',''
  ) );
#4265 = PCURVE('',#4266,#4271);
#4266 = PLANE('',#4267);
#4267 = AXIS2_PLACEMENT_3D('',#4268,#4269,#4270);
#4268 = CARTESIAN_POINT('',(64.5,-6.,102.));
#4269 = DIRECTION('',(-0.,1.,0.));
#4270 = DIRECTION('',(0.,0.,1.));
#4271 = DEFINITIONAL_REPRESENTATION('',(#4272),#4275);
#4272 = B_SPLINE_CURVE_WITH_KNOTS('',1,(#4273,#4274),.UNSPECIFIED.,.F.,
  .F.,(2,2),(9.5,11.5),.PIECEWISE_BEZIER_KNOTS.);
#4273 = CARTESIAN_POINT('',(0.,3.5));
#4274 = CARTESIAN_POINT('',(2.,3.5));
#4275 = ( GEOMETRIC_REPRESENTATION_CONTEXT(2) 
PARAMETRIC_REPRESENTATION_CONTEXT() REPRESENTATION_CONTEXT('2D SPACE',''
  ) );
#4276 = ORIENTED_EDGE('',*,*,#4277,.F.);
#4277 = EDGE_CURVE('',#4278,#4252,#4280,.T.);
#4278 = VERTEX_POINT('',#4279);
#4279 = CARTESIAN_POINT('',(68.,6.,104.));
#4280 = SURFACE_CURVE('',#4281,(#4285,#4291),.PCURVE_S1.);
#4281 = LINE('',#4282,#4283);
#4282 = CARTESIAN_POINT('',(68.,-10.,104.));
#4283 = VECTOR('',#4284,1.);
#4284 = DIRECTION('',(0.,-1.,0.));
#4285 = PCURVE('',#409,#4286);
#4286 = DEFINITIONAL_REPRESENTATION('',(#4287),#4290);
#4287 = B_SPLINE_CURVE_WITH_KNOTS('',1,(#4288,#4289),.UNSPECIFIED.,.F.,
  .F.,(2,2),(-16.,-4.),.PIECEWISE_BEZIER_KNOTS.);
#4288 = CARTESIAN_POINT('',(21.,-20.));
#4289 = CARTESIAN_POINT('',(21.,-8.));
#4290 = ( GEOMETRIC_REPRESENTATION_CONTEXT(2) 
PARAMETRIC_REPRESENTATION_CONTEXT() REPRESENTATION_CONTEXT('2D SPACE',''
  ) );
#4291 = PCURVE('',#4292,#4297);
#4292 = PLANE('',#4293);
#4293 = AXIS2_PLACEMENT_3D('',#4294,#4295,#4296);
#4294 = CARTESIAN_POINT('',(64.5,-6.,104.));
#4295 = DIRECTION('',(0.,0.,1.));
#4296 = DIRECTION('',(1.,0.,-0.));
#4297 = DEFINITIONAL_REPRESENTATION('',(#4298),#4301);
#4298 = B_SPLINE_CURVE_WITH_KNOTS('',1,(#4299,#4300),.UNSPECIFIED.,.F.,
  .F.,(2,2),(-16.,-4.),.PIECEWISE_BEZIER_KNOTS.);
#4299 = CARTESIAN_POINT('',(3.5,12.));
#4300 = CARTESIAN_POINT('',(3.5,0.));
#4301 = ( GEOMETRIC_REPRESENTATION_CONTEXT(2) 
PARAMETRIC_REPRESENTATION_CONTEXT() REPRESENTATION_CONTEXT('2D SPACE',''
  ) );
#4302 = ORIENTED_EDGE('',*,*,#4303,.F.);
#4303 = EDGE_CURVE('',#4224,#4278,#4304,.T.);
#4304 = SURFACE_CURVE('',#4305,(#4309,#4315),.PCURVE_S1.);
#4305 = LINE('',#4306,#4307);
#4306 = CARTESIAN_POINT('',(68.,6.,92.5));
#4307 = VECTOR('',#4308,1.);
#4308 = DIRECTION('',(0.,0.,1.));
#4309 = PCURVE('',#409,#4310);
#4310 = DEFINITIONAL_REPRESENTATION('',(#4311),#4314);
#4311 = B_SPLINE_CURVE_WITH_KNOTS('',1,(#4312,#4313),.UNSPECIFIED.,.F.,
  .F.,(2,2),(9.5,11.5),.PIECEWISE_BEZIER_KNOTS.);
#4312 = CARTESIAN_POINT('',(19.,-20.));
#4313 = CARTESIAN_POINT('',(21.,-20.));
#4314 = ( GEOMETRIC_REPRESENTATION_CONTEXT(2) 
PARAMETRIC_REPRESENTATION_CONTEXT() REPRESENTATION_CONTEXT('2D SPACE',''
  ) );
#4315 = PCURVE('',#4316,#4321);
#4316 = PLANE('',#4317);
#4317 = AXIS2_PLACEMENT_3D('',#4318,#4319,#4320);
#4318 = CARTESIAN_POINT('',(64.5,6.,102.));
#4319 = DIRECTION('',(-0.,1.,0.));
#4320 = DIRECTION('',(0.,0.,1.));
#4321 = DEFINITIONAL_REPRESENTATION('',(#4322),#4325);
#4322 = B_SPLINE_CURVE_WITH_KNOTS('',1,(#4323,#4324),.UNSPECIFIED.,.F.,
  .F.,(2,2),(9.5,11.5),.PIECEWISE_BEZIER_KNOTS.);
#4323 = CARTESIAN_POINT('',(0.,3.5));
#4324 = CARTESIAN_POINT('',(2.,3.5));
#4325 = ( GEOMETRIC_REPRESENTATION_CONTEXT(2) 
PARAMETRIC_REPRESENTATION_CONTEXT() REPRESENTATION_CONTEXT('2D SPACE',''
  ) );
#4326 = FACE_BOUND('',#4327,.T.);
#4327 = EDGE_LOOP('',(#4328,#4356,#4382,#4408));
#4328 = ORIENTED_EDGE('',*,*,#4329,.T.);
#4329 = EDGE_CURVE('',#4330,#4332,#4334,.T.);
#4330 = VERTEX_POINT('',#4331);
#4331 = CARTESIAN_POINT('',(68.,6.,110.));
#4332 = VERTEX_POINT('',#4333);
#4333 = CARTESIAN_POINT('',(68.,-6.,110.));
#4334 = SURFACE_CURVE('',#4335,(#4339,#4345),.PCURVE_S1.);
#4335 = LINE('',#4336,#4337);
#4336 = CARTESIAN_POINT('',(68.,-10.,110.));
#4337 = VECTOR('',#4338,1.);
#4338 = DIRECTION('',(0.,-1.,0.));
#4339 = PCURVE('',#409,#4340);
#4340 = DEFINITIONAL_REPRESENTATION('',(#4341),#4344);
#4341 = B_SPLINE_CURVE_WITH_KNOTS('',1,(#4342,#4343),.UNSPECIFIED.,.F.,
  .F.,(2,2),(-16.,-4.),.PIECEWISE_BEZIER_KNOTS.);
#4342 = CARTESIAN_POINT('',(27.,-20.));
#4343 = CARTESIAN_POINT('',(27.,-8.));
#4344 = ( GEOMETRIC_REPRESENTATION_CONTEXT(2) 
PARAMETRIC_REPRESENTATION_CONTEXT() REPRESENTATION_CONTEXT('2D SPACE',''
  ) );
#4345 = PCURVE('',#4346,#4351);
#4346 = PLANE('',#4347);
#4347 = AXIS2_PLACEMENT_3D('',#4348,#4349,#4350);
#4348 = CARTESIAN_POINT('',(64.5,-6.,110.));
#4349 = DIRECTION('',(0.,0.,1.));
#4350 = DIRECTION('',(1.,0.,-0.));
#4351 = DEFINITIONAL_REPRESENTATION('',(#4352),#4355);
#4352 = B_SPLINE_CURVE_WITH_KNOTS('',1,(#4353,#4354),.UNSPECIFIED.,.F.,
  .F.,(2,2),(-16.,-4.),.PIECEWISE_BEZIER_KNOTS.);
#4353 = CARTESIAN_POINT('',(3.5,12.));
#4354 = CARTESIAN_POINT('',(3.5,0.));
#4355 = ( GEOMETRIC_REPRESENTATION_CONTEXT(2) 
PARAMETRIC_REPRESENTATION_CONTEXT() REPRESENTATION_CONTEXT('2D SPACE',''
  ) );
#4356 = ORIENTED_EDGE('',*,*,#4357,.T.);
#4357 = EDGE_CURVE('',#4332,#4358,#4360,.T.);
#4358 = VERTEX_POINT('',#4359);
#4359 = CARTESIAN_POINT('',(68.,-6.,112.));
#4360 = SURFACE_CURVE('',#4361,(#4365,#4371),.PCURVE_S1.);
#4361 = LINE('',#4362,#4363);
#4362 = CARTESIAN_POINT('',(68.,-6.,96.5));
#4363 = VECTOR('',#4364,1.);
#4364 = DIRECTION('',(0.,0.,1.));
#4365 = PCURVE('',#409,#4366);
#4366 = DEFINITIONAL_REPRESENTATION('',(#4367),#4370);
#4367 = B_SPLINE_CURVE_WITH_KNOTS('',1,(#4368,#4369),.UNSPECIFIED.,.F.,
  .F.,(2,2),(13.5,15.5),.PIECEWISE_BEZIER_KNOTS.);
#4368 = CARTESIAN_POINT('',(27.,-8.));
#4369 = CARTESIAN_POINT('',(29.,-8.));
#4370 = ( GEOMETRIC_REPRESENTATION_CONTEXT(2) 
PARAMETRIC_REPRESENTATION_CONTEXT() REPRESENTATION_CONTEXT('2D SPACE',''
  ) );
#4371 = PCURVE('',#4372,#4377);
#4372 = PLANE('',#4373);
#4373 = AXIS2_PLACEMENT_3D('',#4374,#4375,#4376);
#4374 = CARTESIAN_POINT('',(64.5,-6.,110.));
#4375 = DIRECTION('',(-0.,1.,0.));
#4376 = DIRECTION('',(0.,0.,1.));
#4377 = DEFINITIONAL_REPRESENTATION('',(#4378),#4381);
#4378 = B_SPLINE_CURVE_WITH_KNOTS('',1,(#4379,#4380),.UNSPECIFIED.,.F.,
  .F.,(2,2),(13.5,15.5),.PIECEWISE_BEZIER_KNOTS.);
#4379 = CARTESIAN_POINT('',(0.,3.5));
#4380 = CARTESIAN_POINT('',(2.,3.5));
#4381 = ( GEOMETRIC_REPRESENTATION_CONTEXT(2) 
PARAMETRIC_REPRESENTATION_CONTEXT() REPRESENTATION_CONTEXT('2D SPACE',''
  ) );
#4382 = ORIENTED_EDGE('',*,*,#4383,.F.);
#4383 = EDGE_CURVE('',#4384,#4358,#4386,.T.);
#4384 = VERTEX_POINT('',#4385);
#4385 = CARTESIAN_POINT('',(68.,6.,112.));
#4386 = SURFACE_CURVE('',#4387,(#4391,#4397),.PCURVE_S1.);
#4387 = LINE('',#4388,#4389);
#4388 = CARTESIAN_POINT('',(68.,-10.,112.));
#4389 = VECTOR('',#4390,1.);
#4390 = DIRECTION('',(0.,-1.,0.));
#4391 = PCURVE('',#409,#4392);
#4392 = DEFINITIONAL_REPRESENTATION('',(#4393),#4396);
#4393 = B_SPLINE_CURVE_WITH_KNOTS('',1,(#4394,#4395),.UNSPECIFIED.,.F.,
  .F.,(2,2),(-16.,-4.),.PIECEWISE_BEZIER_KNOTS.);
#4394 = CARTESIAN_POINT('',(29.,-20.));
#4395 = CARTESIAN_POINT('',(29.,-8.));
#4396 = ( GEOMETRIC_REPRESENTATION_CONTEXT(2) 
PARAMETRIC_REPRESENTATION_CONTEXT() REPRESENTATION_CONTEXT('2D SPACE',''
  ) );
#4397 = PCURVE('',#4398,#4403);
#4398 = PLANE('',#4399);
#4399 = AXIS2_PLACEMENT_3D('',#4400,#4401,#4402);
#4400 = CARTESIAN_POINT('',(64.5,-6.,112.));
#4401 = DIRECTION('',(0.,0.,1.));
#4402 = DIRECTION('',(1.,0.,-0.));
#4403 = DEFINITIONAL_REPRESENTATION('',(#4404),#4407);
#4404 = B_SPLINE_CURVE_WITH_KNOTS('',1,(#4405,#4406),.UNSPECIFIED.,.F.,
  .F.,(2,2),(-16.,-4.),.PIECEWISE_BEZIER_KNOTS.);
#4405 = CARTESIAN_POINT('',(3.5,12.));
#4406 = CARTESIAN_POINT('',(3.5,0.));
#4407 = ( GEOMETRIC_REPRESENTATION_CONTEXT(2) 
PARAMETRIC_REPRESENTATION_CONTEXT() REPRESENTATION_CONTEXT('2D SPACE',''
  ) );
#4408 = ORIENTED_EDGE('',*,*,#4409,.F.);
#4409 = EDGE_CURVE('',#4330,#4384,#4410,.T.);
#4410 = SURFACE_CURVE('',#4411,(#4415,#4421),.PCURVE_S1.);
#4411 = LINE('',#4412,#4413);
#4412 = CARTESIAN_POINT('',(68.,6.,96.5));
#4413 = VECTOR('',#4414,1.);
#4414 = DIRECTION('',(0.,0.,1.));
#4415 = PCURVE('',#409,#4416);
#4416 = DEFINITIONAL_REPRESENTATION('',(#4417),#4420);
#4417 = B_SPLINE_CURVE_WITH_KNOTS('',1,(#4418,#4419),.UNSPECIFIED.,.F.,
  .F.,(2,2),(13.5,15.5),.PIECEWISE_BEZIER_KNOTS.);
#4418 = CARTESIAN_POINT('',(27.,-20.));
#4419 = CARTESIAN_POINT('',(29.,-20.));
#4420 = ( GEOMETRIC_REPRESENTATION_CONTEXT(2) 
PARAMETRIC_REPRESENTATION_CONTEXT() REPRESENTATION_CONTEXT('2D SPACE',''
  ) );
#4421 = PCURVE('',#4422,#4427);
#4422 = PLANE('',#4423);
#4423 = AXIS2_PLACEMENT_3D('',#4424,#4425,#4426);
#4424 = CARTESIAN_POINT('',(64.5,6.,110.));
#4425 = DIRECTION('',(-0.,1.,0.));
#4426 = DIRECTION('',(0.,0.,1.));
#4427 = DEFINITIONAL_REPRESENTATION('',(#4428),#4431);
#4428 = B_SPLINE_CURVE_WITH_KNOTS('',1,(#4429,#4430),.UNSPECIFIED.,.F.,
  .F.,(2,2),(13.5,15.5),.PIECEWISE_BEZIER_KNOTS.);
#4429 = CARTESIAN_POINT('',(0.,3.5));
#4430 = CARTESIAN_POINT('',(2.,3.5));
#4431 = ( GEOMETRIC_REPRESENTATION_CONTEXT(2) 
PARAMETRIC_REPRESENTATION_CONTEXT() REPRESENTATION_CONTEXT('2D SPACE',''
  ) );
#4432 = FACE_BOUND('',#4433,.T.);
#4433 = EDGE_LOOP('',(#4434,#4462,#4488,#4514));
#4434 = ORIENTED_EDGE('',*,*,#4435,.T.);
#4435 = EDGE_CURVE('',#4436,#4438,#4440,.T.);
#4436 = VERTEX_POINT('',#4437);
#4437 = CARTESIAN_POINT('',(68.,6.,118.));
#4438 = VERTEX_POINT('',#4439);
#4439 = CARTESIAN_POINT('',(68.,-6.,118.));
#4440 = SURFACE_CURVE('',#4441,(#4445,#4451),.PCURVE_S1.);
#4441 = LINE('',#4442,#4443);
#4442 = CARTESIAN_POINT('',(68.,-10.,118.));
#4443 = VECTOR('',#4444,1.);
#4444 = DIRECTION('',(0.,-1.,0.));
#4445 = PCURVE('',#409,#4446);
#4446 = DEFINITIONAL_REPRESENTATION('',(#4447),#4450);
#4447 = B_SPLINE_CURVE_WITH_KNOTS('',1,(#4448,#4449),.UNSPECIFIED.,.F.,
  .F.,(2,2),(-16.,-4.),.PIECEWISE_BEZIER_KNOTS.);
#4448 = CARTESIAN_POINT('',(35.,-20.));
#4449 = CARTESIAN_POINT('',(35.,-8.));
#4450 = ( GEOMETRIC_REPRESENTATION_CONTEXT(2) 
PARAMETRIC_REPRESENTATION_CONTEXT() REPRESENTATION_CONTEXT('2D SPACE',''
  ) );
#4451 = PCURVE('',#4452,#4457);
#4452 = PLANE('',#4453);
#4453 = AXIS2_PLACEMENT_3D('',#4454,#4455,#4456);
#4454 = CARTESIAN_POINT('',(64.5,-6.,118.));
#4455 = DIRECTION('',(0.,0.,1.));
#4456 = DIRECTION('',(1.,0.,-0.));
#4457 = DEFINITIONAL_REPRESENTATION('',(#4458),#4461);
#4458 = B_SPLINE_CURVE_WITH_KNOTS('',1,(#4459,#4460),.UNSPECIFIED.,.F.,
  .F.,(2,2),(-16.,-4.),.PIECEWISE_BEZIER_KNOTS.);
#4459 = CARTESIAN_POINT('',(3.5,12.));
#4460 = CARTESIAN_POINT('',(3.5,0.));
#4461 = ( GEOMETRIC_REPRESENTATION_CONTEXT(2) 
PARAMETRIC_REPRESENTATION_CONTEXT() REPRESENTATION_CONTEXT('2D SPACE',''
  ) );
#4462 = ORIENTED_EDGE('',*,*,#4463,.T.);
#4463 = EDGE_CURVE('',#4438,#4464,#4466,.T.);
#4464 = VERTEX_POINT('',#4465);
#4465 = CARTESIAN_POINT('',(68.,-6.,120.));
#4466 = SURFACE_CURVE('',#4467,(#4471,#4477),.PCURVE_S1.);
#4467 = LINE('',#4468,#4469);
#4468 = CARTESIAN_POINT('',(68.,-6.,100.5));
#4469 = VECTOR('',#4470,1.);
#4470 = DIRECTION('',(0.,0.,1.));
#4471 = PCURVE('',#409,#4472);
#4472 = DEFINITIONAL_REPRESENTATION('',(#4473),#4476);
#4473 = B_SPLINE_CURVE_WITH_KNOTS('',1,(#4474,#4475),.UNSPECIFIED.,.F.,
  .F.,(2,2),(17.5,19.5),.PIECEWISE_BEZIER_KNOTS.);
#4474 = CARTESIAN_POINT('',(35.,-8.));
#4475 = CARTESIAN_POINT('',(37.,-8.));
#4476 = ( GEOMETRIC_REPRESENTATION_CONTEXT(2) 
PARAMETRIC_REPRESENTATION_CONTEXT() REPRESENTATION_CONTEXT('2D SPACE',''
  ) );
#4477 = PCURVE('',#4478,#4483);
#4478 = PLANE('',#4479);
#4479 = AXIS2_PLACEMENT_3D('',#4480,#4481,#4482);
#4480 = CARTESIAN_POINT('',(64.5,-6.,118.));
#4481 = DIRECTION('',(-0.,1.,0.));
#4482 = DIRECTION('',(0.,0.,1.));
#4483 = DEFINITIONAL_REPRESENTATION('',(#4484),#4487);
#4484 = B_SPLINE_CURVE_WITH_KNOTS('',1,(#4485,#4486),.UNSPECIFIED.,.F.,
  .F.,(2,2),(17.5,19.5),.PIECEWISE_BEZIER_KNOTS.);
#4485 = CARTESIAN_POINT('',(0.,3.5));
#4486 = CARTESIAN_POINT('',(2.,3.5));
#4487 = ( GEOMETRIC_REPRESENTATION_CONTEXT(2) 
PARAMETRIC_REPRESENTATION_CONTEXT() REPRESENTATION_CONTEXT('2D SPACE',''
  ) );
#4488 = ORIENTED_EDGE('',*,*,#4489,.F.);
#4489 = EDGE_CURVE('',#4490,#4464,#4492,.T.);
#4490 = VERTEX_POINT('',#4491);
#4491 = CARTESIAN_POINT('',(68.,6.,120.));
#4492 = SURFACE_CURVE('',#4493,(#4497,#4503),.PCURVE_S1.);
#4493 = LINE('',#4494,#4495);
#4494 = CARTESIAN_POINT('',(68.,-10.,120.));
#4495 = VECTOR('',#4496,1.);
#4496 = DIRECTION('',(0.,-1.,0.));
#4497 = PCURVE('',#409,#4498);
#4498 = DEFINITIONAL_REPRESENTATION('',(#4499),#4502);
#4499 = B_SPLINE_CURVE_WITH_KNOTS('',1,(#4500,#4501),.UNSPECIFIED.,.F.,
  .F.,(2,2),(-16.,-4.),.PIECEWISE_BEZIER_KNOTS.);
#4500 = CARTESIAN_POINT('',(37.,-20.));
#4501 = CARTESIAN_POINT('',(37.,-8.));
#4502 = ( GEOMETRIC_REPRESENTATION_CONTEXT(2) 
PARAMETRIC_REPRESENTATION_CONTEXT() REPRESENTATION_CONTEXT('2D SPACE',''
  ) );
#4503 = PCURVE('',#4504,#4509);
#4504 = PLANE('',#4505);
#4505 = AXIS2_PLACEMENT_3D('',#4506,#4507,#4508);
#4506 = CARTESIAN_POINT('',(64.5,-6.,120.));
#4507 = DIRECTION('',(0.,0.,1.));
#4508 = DIRECTION('',(1.,0.,-0.));
#4509 = DEFINITIONAL_REPRESENTATION('',(#4510),#4513);
#4510 = B_SPLINE_CURVE_WITH_KNOTS('',1,(#4511,#4512),.UNSPECIFIED.,.F.,
  .F.,(2,2),(-16.,-4.),.PIECEWISE_BEZIER_KNOTS.);
#4511 = CARTESIAN_POINT('',(3.5,12.));
#4512 = CARTESIAN_POINT('',(3.5,0.));
#4513 = ( GEOMETRIC_REPRESENTATION_CONTEXT(2) 
PARAMETRIC_REPRESENTATION_CONTEXT() REPRESENTATION_CONTEXT('2D SPACE',''
  ) );
#4514 = ORIENTED_EDGE('',*,*,#4515,.F.);
#4515 = EDGE_CURVE('',#4436,#4490,#4516,.T.);
#4516 = SURFACE_CURVE('',#4517,(#4521,#4527),.PCURVE_S1.);
#4517 = LINE('',#4518,#4519);
#4518 = CARTESIAN_POINT('',(68.,6.,100.5));
#4519 = VECTOR('',#4520,1.);
#4520 = DIRECTION('',(0.,0.,1.));
#4521 = PCURVE('',#409,#4522);
#4522 = DEFINITIONAL_REPRESENTATION('',(#4523),#4526);
#4523 = B_SPLINE_CURVE_WITH_KNOTS('',1,(#4524,#4525),.UNSPECIFIED.,.F.,
  .F.,(2,2),(17.5,19.5),.PIECEWISE_BEZIER_KNOTS.);
#4524 = CARTESIAN_POINT('',(35.,-20.));
#4525 = CARTESIAN_POINT('',(37.,-20.));
#4526 = ( GEOMETRIC_REPRESENTATION_CONTEXT(2) 
PARAMETRIC_REPRESENTATION_CONTEXT() REPRESENTATION_CONTEXT('2D SPACE',''
  ) );
#4527 = PCURVE('',#4528,#4533);
#4528 = PLANE('',#4529);
#4529 = AXIS2_PLACEMENT_3D('',#4530,#4531,#4532);
#4530 = CARTESIAN_POINT('',(64.5,6.,118.));
#4531 = DIRECTION('',(-0.,1.,0.));
#4532 = DIRECTION('',(0.,0.,1.));
#4533 = DEFINITIONAL_REPRESENTATION('',(#4534),#4537);
#4534 = B_SPLINE_CURVE_WITH_KNOTS('',1,(#4535,#4536),.UNSPECIFIED.,.F.,
  .F.,(2,2),(17.5,19.5),.PIECEWISE_BEZIER_KNOTS.);
#4535 = CARTESIAN_POINT('',(0.,3.5));
#4536 = CARTESIAN_POINT('',(2.,3.5));
#4537 = ( GEOMETRIC_REPRESENTATION_CONTEXT(2) 
PARAMETRIC_REPRESENTATION_CONTEXT() REPRESENTATION_CONTEXT('2D SPACE',''
  ) );
#4538 = ADVANCED_FACE('',(#4539),#824,.T.);
#4539 = FACE_BOUND('',#4540,.T.);
#4540 = EDGE_LOOP('',(#4541,#4571,#4572,#4573));
#4541 = ORIENTED_EDGE('',*,*,#4542,.T.);
#4542 = EDGE_CURVE('',#4543,#727,#4545,.T.);
#4543 = VERTEX_POINT('',#4544);
#4544 = CARTESIAN_POINT('',(66.,-9.,87.75));
#4545 = SURFACE_CURVE('',#4546,(#4551,#4565),.PCURVE_S1.);
#4546 = CIRCLE('',#4547,0.6);
#4547 = AXIS2_PLACEMENT_3D('',#4548,#4549,#4550);
#4548 = CARTESIAN_POINT('',(66.6,-9.,87.75));
#4549 = DIRECTION('',(0.,-1.,-1.998401444325E-15));
#4550 = DIRECTION('',(0.,-1.998401444325E-15,1.));
#4551 = PCURVE('',#824,#4552);
#4552 = DEFINITIONAL_REPRESENTATION('',(#4553),#4564);
#4553 = B_SPLINE_CURVE_WITH_KNOTS('',9,(#4554,#4555,#4556,#4557,#4558,
    #4559,#4560,#4561,#4562,#4563),.UNSPECIFIED.,.F.,.F.,(10,10),(
    1.570796326795,3.14159265359),.PIECEWISE_BEZIER_KNOTS.);
#4554 = CARTESIAN_POINT('',(1.110223024625E-16,24.48148468969));
#4555 = CARTESIAN_POINT('',(0.155563337229,24.48148468969));
#4556 = CARTESIAN_POINT('',(0.298474730384,24.48148468969));
#4557 = CARTESIAN_POINT('',(0.433924258615,24.481484689689));
#4558 = CARTESIAN_POINT('',(0.565238745111,24.481484689691));
#4559 = CARTESIAN_POINT('',(0.695267151218,24.481484689689));
#4560 = CARTESIAN_POINT('',(0.826581637714,24.48148468969));
#4561 = CARTESIAN_POINT('',(0.962031165945,24.48148468969));
#4562 = CARTESIAN_POINT('',(1.1049425591,24.48148468969));
#4563 = CARTESIAN_POINT('',(1.260505896329,24.48148468969));
#4564 = ( GEOMETRIC_REPRESENTATION_CONTEXT(2) 
PARAMETRIC_REPRESENTATION_CONTEXT() REPRESENTATION_CONTEXT('2D SPACE',''
  ) );
#4565 = PCURVE('',#743,#4566);
#4566 = DEFINITIONAL_REPRESENTATION('',(#4567),#4570);
#4567 = B_SPLINE_CURVE_WITH_KNOTS('',1,(#4568,#4569),.UNSPECIFIED.,.F.,
  .F.,(2,2),(1.570796326795,3.14159265359),.PIECEWISE_BEZIER_KNOTS.);
#4568 = CARTESIAN_POINT('',(-0.860347718242,1.570796326795));
#4569 = CARTESIAN_POINT('',(-0.860347718242,3.14159265359));
#4570 = ( GEOMETRIC_REPRESENTATION_CONTEXT(2) 
PARAMETRIC_REPRESENTATION_CONTEXT() REPRESENTATION_CONTEXT('2D SPACE',''
  ) );
#4571 = ORIENTED_EDGE('',*,*,#755,.T.);
#4572 = ORIENTED_EDGE('',*,*,#3848,.F.);
#4573 = ORIENTED_EDGE('',*,*,#4574,.F.);
#4574 = EDGE_CURVE('',#4543,#3849,#4575,.T.);
#4575 = SURFACE_CURVE('',#4576,(#4594,#4601),.PCURVE_S1.);
#4576 = ( BOUNDED_CURVE() B_SPLINE_CURVE(6,(#4577,#4578,#4579,#4580,
    #4581,#4582,#4583,#4584,#4585,#4586,#4587,#4588,#4589,#4590,#4591,
#4592,#4593),.UNSPECIFIED.,.F.,.F.) B_SPLINE_CURVE_WITH_KNOTS((7,5,5,7),
  (24.48148468969,24.972521055626,25.49728699011,25.741990586019),
.UNSPECIFIED.) CURVE() GEOMETRIC_REPRESENTATION_ITEM() 
RATIONAL_B_SPLINE_CURVE((1.,1.,1.,1.,1.,1.,1.,1.,1.,1.,1.,1.,1.,1.,1.,1.
,1.)) REPRESENTATION_ITEM('') );
#4577 = CARTESIAN_POINT('',(66.,-9.,87.75));
#4578 = CARTESIAN_POINT('',(66.,-9.131364170716,87.75));
#4579 = CARTESIAN_POINT('',(65.986249539036,-9.262021462169,
    87.727532221628));
#4580 = CARTESIAN_POINT('',(65.958638986727,-9.384309697854,
    87.682526580887));
#4581 = CARTESIAN_POINT('',(65.923259950774,-9.491378581083,
    87.623252368144));
#4582 = CARTESIAN_POINT('',(65.884053343297,-9.585521328879,
    87.555722381941));
#4583 = CARTESIAN_POINT('',(65.799451518044,-9.755687632149,
    87.405742840232));
#4584 = CARTESIAN_POINT('',(65.753830967327,-9.830073007614,
    87.322571339241));
#4585 = CARTESIAN_POINT('',(65.709151749846,-9.893035741652,
    87.238359596763));
#4586 = CARTESIAN_POINT('',(65.664990190336,-9.948561983489,
    87.152077434999));
#4587 = CARTESIAN_POINT('',(65.622487798485,-9.996550340916,
    87.064549249436));
#4588 = CARTESIAN_POINT('',(65.566139347769,-10.05547103667,
    86.939646483487));
#4589 = CARTESIAN_POINT('',(65.549901593255,-10.07167733702,
    86.901703772147));
#4590 = CARTESIAN_POINT('',(65.534785661806,-10.08624723578,
    86.864430634286));
#4591 = CARTESIAN_POINT('',(65.520527100101,-10.09958175611,
    86.827071604657));
#4592 = CARTESIAN_POINT('',(65.507052070719,-10.11181515986,
    86.789084437109));
#4593 = CARTESIAN_POINT('',(65.494372291953,-10.12304218308,86.75));
#4594 = PCURVE('',#824,#4595);
#4595 = DEFINITIONAL_REPRESENTATION('',(#4596),#4600);
#4596 = LINE('',#4597,#4598);
#4597 = CARTESIAN_POINT('',(0.,0.));
#4598 = VECTOR('',#4599,1.);
#4599 = DIRECTION('',(0.,1.));
#4600 = ( GEOMETRIC_REPRESENTATION_CONTEXT(2) 
PARAMETRIC_REPRESENTATION_CONTEXT() REPRESENTATION_CONTEXT('2D SPACE',''
  ) );
#4601 = PCURVE('',#4602,#4607);
#4602 = CYLINDRICAL_SURFACE('',#4603,1.5);
#4603 = AXIS2_PLACEMENT_3D('',#4604,#4605,#4606);
#4604 = CARTESIAN_POINT('',(64.5,-9.,86.));
#4605 = DIRECTION('',(0.,0.,1.));
#4606 = DIRECTION('',(1.,0.,-0.));
#4607 = DEFINITIONAL_REPRESENTATION('',(#4608),#4656);
#4608 = B_SPLINE_CURVE_WITH_KNOTS('',10,(#4609,#4610,#4611,#4612,#4613,
    #4614,#4615,#4616,#4617,#4618,#4619,#4620,#4621,#4622,#4623,#4624,
    #4625,#4626,#4627,#4628,#4629,#4630,#4631,#4632,#4633,#4634,#4635,
    #4636,#4637,#4638,#4639,#4640,#4641,#4642,#4643,#4644,#4645,#4646,
    #4647,#4648,#4649,#4650,#4651,#4652,#4653,#4654,#4655),
  .UNSPECIFIED.,.F.,.F.,(11,9,9,9,9,11),(24.48148468969,25.111737637854,
    25.426864111936,25.505645730457,25.584427348977,25.741990586019),
  .UNSPECIFIED.);
#4609 = CARTESIAN_POINT('',(2.852016681648E-17,1.75));
#4610 = CARTESIAN_POINT('',(-6.744319697714E-02,1.75));
#4611 = CARTESIAN_POINT('',(-0.134619008349,1.737665232808));
#4612 = CARTESIAN_POINT('',(-0.200225292627,1.712945111004));
#4613 = CARTESIAN_POINT('',(-0.262677870956,1.677520682996));
#4614 = CARTESIAN_POINT('',(-0.321938866359,1.63357089476));
#4615 = CARTESIAN_POINT('',(-0.375899017798,1.583569572742));
#4616 = CARTESIAN_POINT('',(-0.427131183712,1.52978458836));
#4617 = CARTESIAN_POINT('',(-0.47389384588,1.473068967272));
#4618 = CARTESIAN_POINT('',(-0.517474427794,1.414807348347));
#4619 = CARTESIAN_POINT('',(-0.5783529149,1.325481650721));
#4620 = CARTESIAN_POINT('',(-0.597900735431,1.295392498393));
#4621 = CARTESIAN_POINT('',(-0.616755409201,1.265043279706));
#4622 = CARTESIAN_POINT('',(-0.634961371178,1.234472671213));
#4623 = CARTESIAN_POINT('',(-0.65255420914,1.203711216961));
#4624 = CARTESIAN_POINT('',(-0.669559243246,1.172788372822));
#4625 = CARTESIAN_POINT('',(-0.685990105636,1.141739550873));
#4626 = CARTESIAN_POINT('',(-0.701847319998,1.110613163728));
#4627 = CARTESIAN_POINT('',(-0.71711688116,1.079477668907));
#4628 = CARTESIAN_POINT('',(-0.735431823046,1.040666349249));
#4629 = CARTESIAN_POINT('',(-0.73905384249,1.032913386535));
#4630 = CARTESIAN_POINT('',(-0.742642019097,1.025158914766));
#4631 = CARTESIAN_POINT('',(-0.7461913328,1.017411882832));
#4632 = CARTESIAN_POINT('',(-0.749696408735,1.009681824457));
#4633 = CARTESIAN_POINT('',(-0.753157422647,1.001969265349));
#4634 = CARTESIAN_POINT('',(-0.756580120422,0.99426571191));
#4635 = CARTESIAN_POINT('',(-0.759969951656,0.986563221408));
#4636 = CARTESIAN_POINT('',(-0.763320317332,0.978873553705));
#4637 = CARTESIAN_POINT('',(-0.769869545795,0.963640255228));
#4638 = CARTESIAN_POINT('',(-0.773078490535,0.95607986931));
#4639 = CARTESIAN_POINT('',(-0.776225375232,0.948569824616));
#4640 = CARTESIAN_POINT('',(-0.779313565777,0.941104428895));
#4641 = CARTESIAN_POINT('',(-0.782346184502,0.933678219746));
#4642 = CARTESIAN_POINT('',(-0.785326110179,0.926285964615));
#4643 = CARTESIAN_POINT('',(-0.788255978019,0.918922660794));
#4644 = CARTESIAN_POINT('',(-0.791138179676,0.911583535424));
#4645 = CARTESIAN_POINT('',(-0.793974863242,0.904264045493));
#4646 = CARTESIAN_POINT('',(-0.802354073273,0.882351542524));
#4647 = CARTESIAN_POINT('',(-0.807767090813,0.867803341852));
#4648 = CARTESIAN_POINT('',(-0.813020898066,0.85328190828));
#4649 = CARTESIAN_POINT('',(-0.818127420092,0.838755881511));
#4650 = CARTESIAN_POINT('',(-0.823096594809,0.824195908492));
#4651 = CARTESIAN_POINT('',(-0.827936373004,0.809574643419));
#4652 = CARTESIAN_POINT('',(-0.832652718321,0.794866747728));
#4653 = CARTESIAN_POINT('',(-0.837249607273,0.780048890103));
#4654 = CARTESIAN_POINT('',(-0.841729029233,0.76509974647));
#4655 = CARTESIAN_POINT('',(-0.846090986436,0.750000000004));
#4656 = ( GEOMETRIC_REPRESENTATION_CONTEXT(2) 
PARAMETRIC_REPRESENTATION_CONTEXT() REPRESENTATION_CONTEXT('2D SPACE',''
  ) );
#4657 = ADVANCED_FACE('',(#4658),#465,.T.);
#4658 = FACE_BOUND('',#4659,.F.);
#4659 = EDGE_LOOP('',(#4660,#4661,#4690,#4713,#4740,#4741,#4804,#4805));
#4660 = ORIENTED_EDGE('',*,*,#3931,.F.);
#4661 = ORIENTED_EDGE('',*,*,#4662,.T.);
#4662 = EDGE_CURVE('',#3932,#4663,#4665,.T.);
#4663 = VERTEX_POINT('',#4664);
#4664 = CARTESIAN_POINT('',(64.,-14.,83.8));
#4665 = SURFACE_CURVE('',#4666,(#4671,#4678),.PCURVE_S1.);
#4666 = CIRCLE('',#4667,4.);
#4667 = AXIS2_PLACEMENT_3D('',#4668,#4669,#4670);
#4668 = CARTESIAN_POINT('',(64.,-10.,83.8));
#4669 = DIRECTION('',(0.,-0.,-1.));
#4670 = DIRECTION('',(1.,0.,-0.));
#4671 = PCURVE('',#465,#4672);
#4672 = DEFINITIONAL_REPRESENTATION('',(#4673),#4677);
#4673 = LINE('',#4674,#4675);
#4674 = CARTESIAN_POINT('',(-0.,0.8));
#4675 = VECTOR('',#4676,1.);
#4676 = DIRECTION('',(-1.,0.));
#4677 = ( GEOMETRIC_REPRESENTATION_CONTEXT(2) 
PARAMETRIC_REPRESENTATION_CONTEXT() REPRESENTATION_CONTEXT('2D SPACE',''
  ) );
#4678 = PCURVE('',#4679,#4684);
#4679 = TOROIDAL_SURFACE('',#4680,3.2,0.8);
#4680 = AXIS2_PLACEMENT_3D('',#4681,#4682,#4683);
#4681 = CARTESIAN_POINT('',(64.,-10.,83.8));
#4682 = DIRECTION('',(-0.,-0.,-1.));
#4683 = DIRECTION('',(1.,0.,-0.));
#4684 = DEFINITIONAL_REPRESENTATION('',(#4685),#4689);
#4685 = LINE('',#4686,#4687);
#4686 = CARTESIAN_POINT('',(0.,0.));
#4687 = VECTOR('',#4688,1.);
#4688 = DIRECTION('',(1.,0.));
#4689 = ( GEOMETRIC_REPRESENTATION_CONTEXT(2) 
PARAMETRIC_REPRESENTATION_CONTEXT() REPRESENTATION_CONTEXT('2D SPACE',''
  ) );
#4690 = ORIENTED_EDGE('',*,*,#4691,.T.);
#4691 = EDGE_CURVE('',#4663,#4692,#4694,.T.);
#4692 = VERTEX_POINT('',#4693);
#4693 = CARTESIAN_POINT('',(64.,-14.,135.2));
#4694 = SURFACE_CURVE('',#4695,(#4699,#4706),.PCURVE_S1.);
#4695 = LINE('',#4696,#4697);
#4696 = CARTESIAN_POINT('',(64.,-14.,83.));
#4697 = VECTOR('',#4698,1.);
#4698 = DIRECTION('',(0.,0.,1.));
#4699 = PCURVE('',#465,#4700);
#4700 = DEFINITIONAL_REPRESENTATION('',(#4701),#4705);
#4701 = LINE('',#4702,#4703);
#4702 = CARTESIAN_POINT('',(-1.570796326795,0.));
#4703 = VECTOR('',#4704,1.);
#4704 = DIRECTION('',(-0.,1.));
#4705 = ( GEOMETRIC_REPRESENTATION_CONTEXT(2) 
PARAMETRIC_REPRESENTATION_CONTEXT() REPRESENTATION_CONTEXT('2D SPACE',''
  ) );
#4706 = PCURVE('',#2774,#4707);
#4707 = DEFINITIONAL_REPRESENTATION('',(#4708),#4712);
#4708 = LINE('',#4709,#4710);
#4709 = CARTESIAN_POINT('',(0.,21.));
#4710 = VECTOR('',#4711,1.);
#4711 = DIRECTION('',(1.,0.));
#4712 = ( GEOMETRIC_REPRESENTATION_CONTEXT(2) 
PARAMETRIC_REPRESENTATION_CONTEXT() REPRESENTATION_CONTEXT('2D SPACE',''
  ) );
#4713 = ORIENTED_EDGE('',*,*,#4714,.F.);
#4714 = EDGE_CURVE('',#4100,#4692,#4715,.T.);
#4715 = SURFACE_CURVE('',#4716,(#4721,#4728),.PCURVE_S1.);
#4716 = CIRCLE('',#4717,4.);
#4717 = AXIS2_PLACEMENT_3D('',#4718,#4719,#4720);
#4718 = CARTESIAN_POINT('',(64.,-10.,135.2));
#4719 = DIRECTION('',(0.,-0.,-1.));
#4720 = DIRECTION('',(1.,0.,-0.));
#4721 = PCURVE('',#465,#4722);
#4722 = DEFINITIONAL_REPRESENTATION('',(#4723),#4727);
#4723 = LINE('',#4724,#4725);
#4724 = CARTESIAN_POINT('',(-0.,52.2));
#4725 = VECTOR('',#4726,1.);
#4726 = DIRECTION('',(-1.,0.));
#4727 = ( GEOMETRIC_REPRESENTATION_CONTEXT(2) 
PARAMETRIC_REPRESENTATION_CONTEXT() REPRESENTATION_CONTEXT('2D SPACE',''
  ) );
#4728 = PCURVE('',#4729,#4734);
#4729 = TOROIDAL_SURFACE('',#4730,3.2,0.8);
#4730 = AXIS2_PLACEMENT_3D('',#4731,#4732,#4733);
#4731 = CARTESIAN_POINT('',(64.,-10.,135.2));
#4732 = DIRECTION('',(0.,0.,1.));
#4733 = DIRECTION('',(1.,0.,-0.));
#4734 = DEFINITIONAL_REPRESENTATION('',(#4735),#4739);
#4735 = LINE('',#4736,#4737);
#4736 = CARTESIAN_POINT('',(-0.,0.));
#4737 = VECTOR('',#4738,1.);
#4738 = DIRECTION('',(-1.,0.));
#4739 = ( GEOMETRIC_REPRESENTATION_CONTEXT(2) 
PARAMETRIC_REPRESENTATION_CONTEXT() REPRESENTATION_CONTEXT('2D SPACE',''
  ) );
#4740 = ORIENTED_EDGE('',*,*,#4127,.F.);
#4741 = ORIENTED_EDGE('',*,*,#4742,.T.);
#4742 = EDGE_CURVE('',#4128,#4175,#4743,.T.);
#4743 = SURFACE_CURVE('',#4744,(#4762,#4783),.PCURVE_S1.);
#4744 = B_SPLINE_CURVE_WITH_KNOTS('',6,(#4745,#4746,#4747,#4748,#4749,
    #4750,#4751,#4752,#4753,#4754,#4755,#4756,#4757,#4758,#4759,#4760,
    #4761),.UNSPECIFIED.,.F.,.F.,(7,5,5,7),(0.,0.499987831621,
    0.859884476571,1.),.UNSPECIFIED.);
#4745 = CARTESIAN_POINT('',(68.,-10.,133.56789083458));
#4746 = CARTESIAN_POINT('',(68.,-10.05031243992,133.47929556791));
#4747 = CARTESIAN_POINT('',(67.999240577048,-10.09033375407,
    133.38688733666));
#4748 = CARTESIAN_POINT('',(67.998304360108,-10.12020896602,
    133.29183567944));
#4749 = CARTESIAN_POINT('',(67.997559154804,-10.14007046377,
    133.19510437429));
#4750 = CARTESIAN_POINT('',(67.997186510535,-10.15,133.09754889382));
#4751 = CARTESIAN_POINT('',(67.997186510535,-10.15,132.92978325194));
#4752 = CARTESIAN_POINT('',(67.997379634863,-10.1448555728,
    132.85956882553));
#4753 = CARTESIAN_POINT('',(67.997765570649,-10.13456579088,
    132.78966048999));
#4754 = CARTESIAN_POINT('',(67.998296046577,-10.119110069,
    132.72037621461));
#4755 = CARTESIAN_POINT('',(67.99887225639,-10.09845061431,
    132.65205564003));
#4756 = CARTESIAN_POINT('',(67.999525273639,-10.06244532117,
    132.55898764161));
#4757 = CARTESIAN_POINT('',(67.999692146747,-10.05155955036,
    132.53311100484));
#4758 = CARTESIAN_POINT('',(67.999833930323,-10.03987468813,
    132.50746013705));
#4759 = CARTESIAN_POINT('',(67.999940384313,-10.02738807226,
    132.48205900536));
#4760 = CARTESIAN_POINT('',(68.,-10.01409725439,132.45693304623));
#4761 = CARTESIAN_POINT('',(68.,-10.,132.43210916542));
#4762 = PCURVE('',#465,#4763);
#4763 = DEFINITIONAL_REPRESENTATION('',(#4764),#4782);
#4764 = B_SPLINE_CURVE_WITH_KNOTS('',6,(#4765,#4766,#4767,#4768,#4769,
    #4770,#4771,#4772,#4773,#4774,#4775,#4776,#4777,#4778,#4779,#4780,
    #4781),.UNSPECIFIED.,.F.,.F.,(7,5,5,7),(0.,0.499987831621,
    0.859884476571,1.),.UNSPECIFIED.);
#4765 = CARTESIAN_POINT('',(0.,50.56789083458));
#4766 = CARTESIAN_POINT('',(-1.257810998172E-02,50.479295567914));
#4767 = CARTESIAN_POINT('',(-2.258344256426E-02,50.386887336669));
#4768 = CARTESIAN_POINT('',(-3.005580701945E-02,50.291835679442));
#4769 = CARTESIAN_POINT('',(-3.50246597578E-02,50.195104374291));
#4770 = CARTESIAN_POINT('',(-3.750879462899E-02,50.097548893825));
#4771 = CARTESIAN_POINT('',(-3.750879462899E-02,49.92978325194));
#4772 = CARTESIAN_POINT('',(-3.622180123835E-02,49.859568825535));
#4773 = CARTESIAN_POINT('',(-3.36474934249E-02,49.789660489993));
#4774 = CARTESIAN_POINT('',(-2.978135921751E-02,49.720376214611));
#4775 = CARTESIAN_POINT('',(-2.461471305329E-02,49.652055640036));
#4776 = CARTESIAN_POINT('',(-1.56119094403E-02,49.558987641612));
#4777 = CARTESIAN_POINT('',(-1.289015498247E-02,49.533111004846));
#4778 = CARTESIAN_POINT('',(-9.96875068166E-03,49.507460137053));
#4779 = CARTESIAN_POINT('',(-6.847020933298E-03,49.482059005364));
#4780 = CARTESIAN_POINT('',(-3.524313597691E-03,49.45693304623));
#4781 = CARTESIAN_POINT('',(0.,49.43210916542));
#4782 = ( GEOMETRIC_REPRESENTATION_CONTEXT(2) 
PARAMETRIC_REPRESENTATION_CONTEXT() REPRESENTATION_CONTEXT('2D SPACE',''
  ) );
#4783 = PCURVE('',#2379,#4784);
#4784 = DEFINITIONAL_REPRESENTATION('',(#4785),#4803);
#4785 = B_SPLINE_CURVE_WITH_KNOTS('',6,(#4786,#4787,#4788,#4789,#4790,
    #4791,#4792,#4793,#4794,#4795,#4796,#4797,#4798,#4799,#4800,#4801,
    #4802),.UNSPECIFIED.,.F.,.F.,(7,5,5,7),(0.,0.499987831621,
    0.859884476571,1.),.UNSPECIFIED.);
#4786 = CARTESIAN_POINT('',(4.195913839538,26.));
#4787 = CARTESIAN_POINT('',(4.284509106204,26.));
#4788 = CARTESIAN_POINT('',(4.371568602234,25.999240577048));
#4789 = CARTESIAN_POINT('',(4.457520820591,25.998304360108));
#4790 = CARTESIAN_POINT('',(4.542732840059,25.997559154804));
#4791 = CARTESIAN_POINT('',(4.62756385532,25.997186510535));
#4792 = CARTESIAN_POINT('',(4.773447022176,25.997186510535));
#4793 = CARTESIAN_POINT('',(4.834502963235,25.997379634863));
#4794 = CARTESIAN_POINT('',(4.895702701585,25.997765570649));
#4795 = CARTESIAN_POINT('',(4.957179130659,25.998296046577));
#4796 = CARTESIAN_POINT('',(5.019068390204,25.99887225639));
#4797 = CARTESIAN_POINT('',(5.105842256913,25.999525273639));
#4798 = CARTESIAN_POINT('',(5.130243400971,25.999692146747));
#4799 = CARTESIAN_POINT('',(5.154737953674,25.999833930323));
#4800 = CARTESIAN_POINT('',(5.179334186968,25.999940384313));
#4801 = CARTESIAN_POINT('',(5.204040240421,26.));
#4802 = CARTESIAN_POINT('',(5.228864121232,26.));
#4803 = ( GEOMETRIC_REPRESENTATION_CONTEXT(2) 
PARAMETRIC_REPRESENTATION_CONTEXT() REPRESENTATION_CONTEXT('2D SPACE',''
  ) );
#4804 = ORIENTED_EDGE('',*,*,#4198,.F.);
#4805 = ORIENTED_EDGE('',*,*,#421,.T.);
#4806 = ADVANCED_FACE('',(#4807),#743,.T.);
#4807 = FACE_BOUND('',#4808,.F.);
#4808 = EDGE_LOOP('',(#4809,#4838,#4865,#4866));
#4809 = ORIENTED_EDGE('',*,*,#4810,.F.);
#4810 = EDGE_CURVE('',#4811,#679,#4813,.T.);
#4811 = VERTEX_POINT('',#4812);
#4812 = CARTESIAN_POINT('',(66.,-7.673378582401,87.141304347826));
#4813 = SURFACE_CURVE('',#4814,(#4818,#4832),.PCURVE_S1.);
#4814 = ( BOUNDED_CURVE() B_SPLINE_CURVE(2,(#4815,#4816,#4817),
.UNSPECIFIED.,.F.,.F.) B_SPLINE_CURVE_WITH_KNOTS((3,3),(0.,
0.287173652294),.PIECEWISE_BEZIER_KNOTS.) CURVE() 
GEOMETRIC_REPRESENTATION_ITEM() RATIONAL_B_SPLINE_CURVE((1.,
0.707106781187,1.)) REPRESENTATION_ITEM('') );
#4815 = CARTESIAN_POINT('',(66.,-7.673378582401,87.141304347826));
#4816 = CARTESIAN_POINT('',(66.,-8.128220211292,86.75));
#4817 = CARTESIAN_POINT('',(66.6,-8.128220211292,86.75));
#4818 = PCURVE('',#743,#4819);
#4819 = DEFINITIONAL_REPRESENTATION('',(#4820),#4831);
#4820 = B_SPLINE_CURVE_WITH_KNOTS('',9,(#4821,#4822,#4823,#4824,#4825,
    #4826,#4827,#4828,#4829,#4830),.UNSPECIFIED.,.F.,.F.,(10,10),(0.,
    0.287173652294),.PIECEWISE_BEZIER_KNOTS.);
#4821 = CARTESIAN_POINT('',(0.,1.570796326795));
#4822 = CARTESIAN_POINT('',(0.,1.727931167059));
#4823 = CARTESIAN_POINT('',(0.,1.896571042944));
#4824 = CARTESIAN_POINT('',(0.,2.075362715681));
#4825 = CARTESIAN_POINT('',(0.,2.261541176853));
#4826 = CARTESIAN_POINT('',(0.,2.450847800484));
#4827 = CARTESIAN_POINT('',(0.,2.637026268698));
#4828 = CARTESIAN_POINT('',(0.,2.81581793611));
#4829 = CARTESIAN_POINT('',(0.,2.984457813326));
#4830 = CARTESIAN_POINT('',(0.,3.14159265359));
#4831 = ( GEOMETRIC_REPRESENTATION_CONTEXT(2) 
PARAMETRIC_REPRESENTATION_CONTEXT() REPRESENTATION_CONTEXT('2D SPACE',''
  ) );
#4832 = PCURVE('',#700,#4833);
#4833 = DEFINITIONAL_REPRESENTATION('',(#4834),#4837);
#4834 = B_SPLINE_CURVE_WITH_KNOTS('',1,(#4835,#4836),.UNSPECIFIED.,.F.,
  .F.,(2,2),(0.,0.287173652294),.PIECEWISE_BEZIER_KNOTS.);
#4835 = CARTESIAN_POINT('',(0.,23.492084813712));
#4836 = CARTESIAN_POINT('',(0.287173652294,23.492084813712));
#4837 = ( GEOMETRIC_REPRESENTATION_CONTEXT(2) 
PARAMETRIC_REPRESENTATION_CONTEXT() REPRESENTATION_CONTEXT('2D SPACE',''
  ) );
#4838 = ORIENTED_EDGE('',*,*,#4839,.T.);
#4839 = EDGE_CURVE('',#4811,#4543,#4840,.T.);
#4840 = SURFACE_CURVE('',#4841,(#4846,#4853),.PCURVE_S1.);
#4841 = CIRCLE('',#4842,1.75);
#4842 = AXIS2_PLACEMENT_3D('',#4843,#4844,#4845);
#4843 = CARTESIAN_POINT('',(66.,-9.,86.));
#4844 = DIRECTION('',(1.,0.,-0.));
#4845 = DIRECTION('',(0.,0.758069381485,0.652173913043));
#4846 = PCURVE('',#743,#4847);
#4847 = DEFINITIONAL_REPRESENTATION('',(#4848),#4852);
#4848 = LINE('',#4849,#4850);
#4849 = CARTESIAN_POINT('',(-0.,1.570796326795));
#4850 = VECTOR('',#4851,1.);
#4851 = DIRECTION('',(-1.,0.));
#4852 = ( GEOMETRIC_REPRESENTATION_CONTEXT(2) 
PARAMETRIC_REPRESENTATION_CONTEXT() REPRESENTATION_CONTEXT('2D SPACE',''
  ) );
#4853 = PCURVE('',#4854,#4859);
#4854 = PLANE('',#4855);
#4855 = AXIS2_PLACEMENT_3D('',#4856,#4857,#4858);
#4856 = CARTESIAN_POINT('',(66.,-10.5,86.));
#4857 = DIRECTION('',(1.,0.,-0.));
#4858 = DIRECTION('',(0.,0.,1.));
#4859 = DEFINITIONAL_REPRESENTATION('',(#4860),#4864);
#4860 = CIRCLE('',#4861,1.75);
#4861 = AXIS2_PLACEMENT_2D('',#4862,#4863);
#4862 = CARTESIAN_POINT('',(0.,-1.5));
#4863 = DIRECTION('',(0.652173913043,-0.758069381485));
#4864 = ( GEOMETRIC_REPRESENTATION_CONTEXT(2) 
PARAMETRIC_REPRESENTATION_CONTEXT() REPRESENTATION_CONTEXT('2D SPACE',''
  ) );
#4865 = ORIENTED_EDGE('',*,*,#4542,.T.);
#4866 = ORIENTED_EDGE('',*,*,#726,.F.);
#4867 = ADVANCED_FACE('',(#4868),#700,.T.);
#4868 = FACE_BOUND('',#4869,.T.);
#4869 = EDGE_LOOP('',(#4870,#4891,#4892,#4893));
#4870 = ORIENTED_EDGE('',*,*,#4871,.T.);
#4871 = EDGE_CURVE('',#4872,#576,#4874,.T.);
#4872 = VERTEX_POINT('',#4873);
#4873 = CARTESIAN_POINT('',(66.,-7.435693123033,86.75));
#4874 = SURFACE_CURVE('',#4875,(#4879,#4885),.PCURVE_S1.);
#4875 = ( BOUNDED_CURVE() B_SPLINE_CURVE(2,(#4876,#4877,#4878),
.UNSPECIFIED.,.F.,.F.) B_SPLINE_CURVE_WITH_KNOTS((3,3),(0.,
0.954911161418),.PIECEWISE_BEZIER_KNOTS.) CURVE() 
GEOMETRIC_REPRESENTATION_ITEM() RATIONAL_B_SPLINE_CURVE((1.,
0.723749755849,1.)) REPRESENTATION_ITEM('') );
#4876 = CARTESIAN_POINT('',(66.,-7.435693123033,86.75));
#4877 = CARTESIAN_POINT('',(66.,-7.94970034618,86.498874910647));
#4878 = CARTESIAN_POINT('',(66.545675449935,-7.899732459288,
    86.334531521468));
#4879 = PCURVE('',#700,#4880);
#4880 = DEFINITIONAL_REPRESENTATION('',(#4881),#4884);
#4881 = B_SPLINE_CURVE_WITH_KNOTS('',1,(#4882,#4883),.UNSPECIFIED.,.F.,
  .F.,(2,2),(0.,0.954911161418),.PIECEWISE_BEZIER_KNOTS.);
#4882 = CARTESIAN_POINT('',(0.,23.204911161418));
#4883 = CARTESIAN_POINT('',(0.287173652294,23.204911161418));
#4884 = ( GEOMETRIC_REPRESENTATION_CONTEXT(2) 
PARAMETRIC_REPRESENTATION_CONTEXT() REPRESENTATION_CONTEXT('2D SPACE',''
  ) );
#4885 = PCURVE('',#628,#4886);
#4886 = DEFINITIONAL_REPRESENTATION('',(#4887),#4890);
#4887 = B_SPLINE_CURVE_WITH_KNOTS('',1,(#4888,#4889),.UNSPECIFIED.,.F.,
  .F.,(2,2),(0.,0.954911161418),.PIECEWISE_BEZIER_KNOTS.);
#4888 = CARTESIAN_POINT('',(0.,23.204911161418));
#4889 = CARTESIAN_POINT('',(0.954911161418,23.204911161418));
#4890 = ( GEOMETRIC_REPRESENTATION_CONTEXT(2) 
PARAMETRIC_REPRESENTATION_CONTEXT() REPRESENTATION_CONTEXT('2D SPACE',''
  ) );
#4891 = ORIENTED_EDGE('',*,*,#678,.T.);
#4892 = ORIENTED_EDGE('',*,*,#4810,.F.);
#4893 = ORIENTED_EDGE('',*,*,#4894,.F.);
#4894 = EDGE_CURVE('',#4872,#4811,#4895,.T.);
#4895 = SURFACE_CURVE('',#4896,(#4903,#4910),.PCURVE_S1.);
#4896 = ( BOUNDED_CURVE() B_SPLINE_CURVE(5,(#4897,#4898,#4899,#4900,
#4901,#4902),.UNSPECIFIED.,.F.,.F.) B_SPLINE_CURVE_WITH_KNOTS((6,6),(
23.204911161418,23.492084813712),.PIECEWISE_BEZIER_KNOTS.) CURVE() 
GEOMETRIC_REPRESENTATION_ITEM() RATIONAL_B_SPLINE_CURVE((1.,1.,1.,1.,1.,
1.)) REPRESENTATION_ITEM('') );
#4897 = CARTESIAN_POINT('',(66.,-7.435693123033,86.75));
#4898 = CARTESIAN_POINT('',(66.,-7.46913989743,86.837423552224));
#4899 = CARTESIAN_POINT('',(66.,-7.510455162269,86.919442108376));
#4900 = CARTESIAN_POINT('',(66.,-7.558648008638,86.997342750485));
#4901 = CARTESIAN_POINT('',(66.,-7.613251619202,87.071414386129));
#4902 = CARTESIAN_POINT('',(66.,-7.673378582401,87.141304347826));
#4903 = PCURVE('',#700,#4904);
#4904 = DEFINITIONAL_REPRESENTATION('',(#4905),#4909);
#4905 = LINE('',#4906,#4907);
#4906 = CARTESIAN_POINT('',(0.,0.));
#4907 = VECTOR('',#4908,1.);
#4908 = DIRECTION('',(0.,1.));
#4909 = ( GEOMETRIC_REPRESENTATION_CONTEXT(2) 
PARAMETRIC_REPRESENTATION_CONTEXT() REPRESENTATION_CONTEXT('2D SPACE',''
  ) );
#4910 = PCURVE('',#4854,#4911);
#4911 = DEFINITIONAL_REPRESENTATION('',(#4912),#4919);
#4912 = B_SPLINE_CURVE_WITH_KNOTS('',5,(#4913,#4914,#4915,#4916,#4917,
    #4918),.UNSPECIFIED.,.F.,.F.,(6,6),(23.204911161418,23.492084813712)
  ,.PIECEWISE_BEZIER_KNOTS.);
#4913 = CARTESIAN_POINT('',(0.75,-3.064306876967));
#4914 = CARTESIAN_POINT('',(0.837423552224,-3.03086010257));
#4915 = CARTESIAN_POINT('',(0.919442108376,-2.989544837731));
#4916 = CARTESIAN_POINT('',(0.997342750485,-2.941351991362));
#4917 = CARTESIAN_POINT('',(1.071414386129,-2.886748380798));
#4918 = CARTESIAN_POINT('',(1.141304347826,-2.826621417599));
#4919 = ( GEOMETRIC_REPRESENTATION_CONTEXT(2) 
PARAMETRIC_REPRESENTATION_CONTEXT() REPRESENTATION_CONTEXT('2D SPACE',''
  ) );
#4920 = ADVANCED_FACE('',(#4921),#628,.T.);
#4921 = FACE_BOUND('',#4922,.T.);
#4922 = EDGE_LOOP('',(#4923,#4951,#4952,#4953));
#4923 = ORIENTED_EDGE('',*,*,#4924,.T.);
#4924 = EDGE_CURVE('',#4925,#548,#4927,.T.);
#4925 = VERTEX_POINT('',#4926);
#4926 = CARTESIAN_POINT('',(65.25,-7.356071777723,86.));
#4927 = SURFACE_CURVE('',#4928,(#4933,#4945),.PCURVE_S1.);
#4928 = CIRCLE('',#4929,0.6);
#4929 = AXIS2_PLACEMENT_3D('',#4930,#4931,#4932);
#4930 = CARTESIAN_POINT('',(65.25,-7.356071777723,85.4));
#4931 = DIRECTION('',(1.,0.,2.22044604925E-16));
#4932 = DIRECTION('',(-2.22044604925E-16,0.,1.));
#4933 = PCURVE('',#628,#4934);
#4934 = DEFINITIONAL_REPRESENTATION('',(#4935),#4944);
#4935 = B_SPLINE_CURVE_WITH_KNOTS('',7,(#4936,#4937,#4938,#4939,#4940,
    #4941,#4942,#4943),.UNSPECIFIED.,.F.,.F.,(8,8),(0.,1.220839615552),
  .PIECEWISE_BEZIER_KNOTS.);
#4936 = CARTESIAN_POINT('',(1.665334536938E-16,22.25));
#4937 = CARTESIAN_POINT('',(0.145270907436,22.25));
#4938 = CARTESIAN_POINT('',(0.281229531601,22.25));
#4939 = CARTESIAN_POINT('',(0.41255603844,22.25));
#4940 = CARTESIAN_POINT('',(0.542355122978,22.25));
#4941 = CARTESIAN_POINT('',(0.673681629816,22.25));
#4942 = CARTESIAN_POINT('',(0.809640253982,22.25));
#4943 = CARTESIAN_POINT('',(0.954911161418,22.25));
#4944 = ( GEOMETRIC_REPRESENTATION_CONTEXT(2) 
PARAMETRIC_REPRESENTATION_CONTEXT() REPRESENTATION_CONTEXT('2D SPACE',''
  ) );
#4945 = PCURVE('',#563,#4946);
#4946 = DEFINITIONAL_REPRESENTATION('',(#4947),#4950);
#4947 = B_SPLINE_CURVE_WITH_KNOTS('',1,(#4948,#4949),.UNSPECIFIED.,.F.,
  .F.,(2,2),(0.,1.220839615552),.PIECEWISE_BEZIER_KNOTS.);
#4948 = CARTESIAN_POINT('',(0.,22.25));
#4949 = CARTESIAN_POINT('',(1.220839615552,22.25));
#4950 = ( GEOMETRIC_REPRESENTATION_CONTEXT(2) 
PARAMETRIC_REPRESENTATION_CONTEXT() REPRESENTATION_CONTEXT('2D SPACE',''
  ) );
#4951 = ORIENTED_EDGE('',*,*,#575,.T.);
#4952 = ORIENTED_EDGE('',*,*,#4871,.F.);
#4953 = ORIENTED_EDGE('',*,*,#4954,.F.);
#4954 = EDGE_CURVE('',#4925,#4872,#4955,.T.);
#4955 = SURFACE_CURVE('',#4956,(#4971,#4978),.PCURVE_S1.);
#4956 = ( BOUNDED_CURVE() B_SPLINE_CURVE(7,(#4957,#4958,#4959,#4960,
    #4961,#4962,#4963,#4964,#4965,#4966,#4967,#4968,#4969,#4970),
.UNSPECIFIED.,.F.,.F.) B_SPLINE_CURVE_WITH_KNOTS((8,6,8),(22.25,
22.822192363589,23.204911161418),.UNSPECIFIED.) CURVE() 
GEOMETRIC_REPRESENTATION_ITEM() RATIONAL_B_SPLINE_CURVE((1.,1.,1.,1.,1.,
1.,1.,1.,1.,1.,1.,1.,1.,1.)) REPRESENTATION_ITEM('') );
#4957 = CARTESIAN_POINT('',(65.25,-7.356071777723,86.));
#4958 = CARTESIAN_POINT('',(65.329365489045,-7.356071777723,86.));
#4959 = CARTESIAN_POINT('',(65.408854474633,-7.350598381386,
    86.009714005996));
#4960 = CARTESIAN_POINT('',(65.488874232524,-7.339700427007,
    86.029632550856));
#4961 = CARTESIAN_POINT('',(65.569817068051,-7.324072841347,
    86.060017385989));
#4962 = CARTESIAN_POINT('',(65.651986353232,-7.305323202067,
    86.103967196626));
#4963 = CARTESIAN_POINT('',(65.733681106385,-7.287570207912,
    86.16629846173));
#4964 = CARTESIAN_POINT('',(65.856773180709,-7.275560811093,
    86.303050168406));
#4965 = CARTESIAN_POINT('',(65.902515196319,-7.275458608062,
    86.366547166148));
#4966 = CARTESIAN_POINT('',(65.94230515406,-7.282851767608,
    86.438346181107));
#4967 = CARTESIAN_POINT('',(65.973580895582,-7.300880900985,86.518288649
    ));
#4968 = CARTESIAN_POINT('',(65.991985033582,-7.334133169835,
    86.600272291005));
#4969 = CARTESIAN_POINT('',(66.,-7.380177772505,86.678345811258));
#4970 = CARTESIAN_POINT('',(66.,-7.435693123033,86.75));
#4971 = PCURVE('',#628,#4972);
#4972 = DEFINITIONAL_REPRESENTATION('',(#4973),#4977);
#4973 = LINE('',#4974,#4975);
#4974 = CARTESIAN_POINT('',(0.,0.));
#4975 = VECTOR('',#4976,1.);
#4976 = DIRECTION('',(0.,1.));
#4977 = ( GEOMETRIC_REPRESENTATION_CONTEXT(2) 
PARAMETRIC_REPRESENTATION_CONTEXT() REPRESENTATION_CONTEXT('2D SPACE',''
  ) );
#4978 = PCURVE('',#4979,#4984);
#4979 = CYLINDRICAL_SURFACE('',#4980,0.75);
#4980 = AXIS2_PLACEMENT_3D('',#4981,#4982,#4983);
#4981 = CARTESIAN_POINT('',(65.25,9.,86.75));
#4982 = DIRECTION('',(0.,-1.,-0.));
#4983 = DIRECTION('',(1.,0.,0.));
#4984 = DEFINITIONAL_REPRESENTATION('',(#4985),#5002);
#4985 = B_SPLINE_CURVE_WITH_KNOTS('',8,(#4986,#4987,#4988,#4989,#4990,
    #4991,#4992,#4993,#4994,#4995,#4996,#4997,#4998,#4999,#5000,#5001),
  .UNSPECIFIED.,.F.,.F.,(9,7,9),(22.25,22.727455580709,23.204911161418),
  .UNSPECIFIED.);
#4986 = CARTESIAN_POINT('',(-1.570796326795,16.356071777723));
#4987 = CARTESIAN_POINT('',(-1.493533711836,16.356071777723));
#4988 = CARTESIAN_POINT('',(-1.416201304797,16.353212452841));
#4989 = CARTESIAN_POINT('',(-1.337839986006,16.347515097294));
#4990 = CARTESIAN_POINT('',(-1.257604007428,16.339151186181));
#4991 = CARTESIAN_POINT('',(-1.174483410696,16.328490364024));
#4992 = CARTESIAN_POINT('',(-1.087268646101,16.316255765908));
#4993 = CARTESIAN_POINT('',(-0.994757392563,16.303786671112));
#4994 = CARTESIAN_POINT('',(-0.797649764555,16.283030307549));
#4995 = CARTESIAN_POINT('',(-0.693222957657,16.274730076757));
#4996 = CARTESIAN_POINT('',(-0.581058813452,16.270885493351));
#4997 = CARTESIAN_POINT('',(-0.464279390478,16.274914063528));
#4998 = CARTESIAN_POINT('',(-0.340224126175,16.290968812732));
#4999 = CARTESIAN_POINT('',(-0.218628028474,16.32557524801));
#5000 = CARTESIAN_POINT('',(-0.104289732406,16.375092886474));
#5001 = CARTESIAN_POINT('',(-2.076117056049E-14,16.435693123033));
#5002 = ( GEOMETRIC_REPRESENTATION_CONTEXT(2) 
PARAMETRIC_REPRESENTATION_CONTEXT() REPRESENTATION_CONTEXT('2D SPACE',''
  ) );
#5003 = ADVANCED_FACE('',(#5004),#563,.T.);
#5004 = FACE_BOUND('',#5005,.T.);
#5005 = EDGE_LOOP('',(#5006,#5007,#5008,#5009));
#5006 = ORIENTED_EDGE('',*,*,#1320,.T.);
#5007 = ORIENTED_EDGE('',*,*,#547,.T.);
#5008 = ORIENTED_EDGE('',*,*,#4924,.F.);
#5009 = ORIENTED_EDGE('',*,*,#5010,.F.);
#5010 = EDGE_CURVE('',#1293,#4925,#5011,.T.);
#5011 = SURFACE_CURVE('',#5012,(#5016,#5023),.PCURVE_S1.);
#5012 = LINE('',#5013,#5014);
#5013 = CARTESIAN_POINT('',(43.,-7.356071777723,86.));
#5014 = VECTOR('',#5015,1.);
#5015 = DIRECTION('',(1.,0.,2.22044604925E-16));
#5016 = PCURVE('',#563,#5017);
#5017 = DEFINITIONAL_REPRESENTATION('',(#5018),#5022);
#5018 = LINE('',#5019,#5020);
#5019 = CARTESIAN_POINT('',(0.,0.));
#5020 = VECTOR('',#5021,1.);
#5021 = DIRECTION('',(0.,1.));
#5022 = ( GEOMETRIC_REPRESENTATION_CONTEXT(2) 
PARAMETRIC_REPRESENTATION_CONTEXT() REPRESENTATION_CONTEXT('2D SPACE',''
  ) );
#5023 = PCURVE('',#1308,#5024);
#5024 = DEFINITIONAL_REPRESENTATION('',(#5025),#5029);
#5025 = LINE('',#5026,#5027);
#5026 = CARTESIAN_POINT('',(2.,3.143928222277));
#5027 = VECTOR('',#5028,1.);
#5028 = DIRECTION('',(1.,0.));
#5029 = ( GEOMETRIC_REPRESENTATION_CONTEXT(2) 
PARAMETRIC_REPRESENTATION_CONTEXT() REPRESENTATION_CONTEXT('2D SPACE',''
  ) );
#5030 = ADVANCED_FACE('',(#5031),#1276,.T.);
#5031 = FACE_BOUND('',#5032,.T.);
#5032 = EDGE_LOOP('',(#5033,#5060,#5061,#5062));
#5033 = ORIENTED_EDGE('',*,*,#5034,.T.);
#5034 = EDGE_CURVE('',#5035,#2206,#5037,.T.);
#5035 = VERTEX_POINT('',#5036);
#5036 = CARTESIAN_POINT('',(65.25,7.356071777723,86.));
#5037 = SURFACE_CURVE('',#5038,(#5042,#5054),.PCURVE_S1.);
#5038 = ( BOUNDED_CURVE() B_SPLINE_CURVE(2,(#5039,#5040,#5041),
.UNSPECIFIED.,.F.,.F.) B_SPLINE_CURVE_WITH_KNOTS((3,3),(0.,
0.955087868339),.PIECEWISE_BEZIER_KNOTS.) CURVE() 
GEOMETRIC_REPRESENTATION_ITEM() RATIONAL_B_SPLINE_CURVE((1.,
0.819407451411,1.)) REPRESENTATION_ITEM('') );
#5039 = CARTESIAN_POINT('',(65.25,7.356071777723,86.));
#5040 = CARTESIAN_POINT('',(65.25,7.775798132347,86.));
#5041 = CARTESIAN_POINT('',(65.25,7.919704311075,85.605714285714));
#5042 = PCURVE('',#1276,#5043);
#5043 = DEFINITIONAL_REPRESENTATION('',(#5044),#5053);
#5044 = B_SPLINE_CURVE_WITH_KNOTS('',7,(#5045,#5046,#5047,#5048,#5049,
    #5050,#5051,#5052),.UNSPECIFIED.,.F.,.F.,(8,8),(0.,0.955087868339),
  .PIECEWISE_BEZIER_KNOTS.);
#5045 = CARTESIAN_POINT('',(2.886579864025E-15,0.));
#5046 = CARTESIAN_POINT('',(0.163774715492,0.));
#5047 = CARTESIAN_POINT('',(0.337410101541,0.));
#5048 = CARTESIAN_POINT('',(0.518369627918,0.));
#5049 = CARTESIAN_POINT('',(0.70246998776,0.));
#5050 = CARTESIAN_POINT('',(0.883429513916,0.));
#5051 = CARTESIAN_POINT('',(1.05706490006,0.));
#5052 = CARTESIAN_POINT('',(1.220839615552,0.));
#5053 = ( GEOMETRIC_REPRESENTATION_CONTEXT(2) 
PARAMETRIC_REPRESENTATION_CONTEXT() REPRESENTATION_CONTEXT('2D SPACE',''
  ) );
#5054 = PCURVE('',#2258,#5055);
#5055 = DEFINITIONAL_REPRESENTATION('',(#5056),#5059);
#5056 = B_SPLINE_CURVE_WITH_KNOTS('',1,(#5057,#5058),.UNSPECIFIED.,.F.,
  .F.,(2,2),(0.,0.955087868339),.PIECEWISE_BEZIER_KNOTS.);
#5057 = CARTESIAN_POINT('',(0.,26.262061885066));
#5058 = CARTESIAN_POINT('',(0.955087868339,26.262061885066));
#5059 = ( GEOMETRIC_REPRESENTATION_CONTEXT(2) 
PARAMETRIC_REPRESENTATION_CONTEXT() REPRESENTATION_CONTEXT('2D SPACE',''
  ) );
#5060 = ORIENTED_EDGE('',*,*,#2308,.T.);
#5061 = ORIENTED_EDGE('',*,*,#1253,.F.);
#5062 = ORIENTED_EDGE('',*,*,#5063,.F.);
#5063 = EDGE_CURVE('',#5035,#1254,#5064,.T.);
#5064 = SURFACE_CURVE('',#5065,(#5069,#5076),.PCURVE_S1.);
#5065 = LINE('',#5066,#5067);
#5066 = CARTESIAN_POINT('',(65.25,7.356071777723,86.));
#5067 = VECTOR('',#5068,1.);
#5068 = DIRECTION('',(-1.,-0.,-2.22044604925E-16));
#5069 = PCURVE('',#1276,#5070);
#5070 = DEFINITIONAL_REPRESENTATION('',(#5071),#5075);
#5071 = LINE('',#5072,#5073);
#5072 = CARTESIAN_POINT('',(2.960594732334E-15,0.));
#5073 = VECTOR('',#5074,1.);
#5074 = DIRECTION('',(0.,1.));
#5075 = ( GEOMETRIC_REPRESENTATION_CONTEXT(2) 
PARAMETRIC_REPRESENTATION_CONTEXT() REPRESENTATION_CONTEXT('2D SPACE',''
  ) );
#5076 = PCURVE('',#1308,#5077);
#5077 = DEFINITIONAL_REPRESENTATION('',(#5078),#5082);
#5078 = LINE('',#5079,#5080);
#5079 = CARTESIAN_POINT('',(24.25,17.856071777723));
#5080 = VECTOR('',#5081,1.);
#5081 = DIRECTION('',(-1.,0.));
#5082 = ( GEOMETRIC_REPRESENTATION_CONTEXT(2) 
PARAMETRIC_REPRESENTATION_CONTEXT() REPRESENTATION_CONTEXT('2D SPACE',''
  ) );
#5083 = ADVANCED_FACE('',(#5084,#5110),#1308,.T.);
#5084 = FACE_BOUND('',#5085,.T.);
#5085 = EDGE_LOOP('',(#5086,#5107,#5108,#5109));
#5086 = ORIENTED_EDGE('',*,*,#5087,.F.);
#5087 = EDGE_CURVE('',#5035,#4925,#5088,.T.);
#5088 = SURFACE_CURVE('',#5089,(#5093,#5100),.PCURVE_S1.);
#5089 = LINE('',#5090,#5091);
#5090 = CARTESIAN_POINT('',(65.25,9.,86.));
#5091 = VECTOR('',#5092,1.);
#5092 = DIRECTION('',(0.,-1.,-0.));
#5093 = PCURVE('',#1308,#5094);
#5094 = DEFINITIONAL_REPRESENTATION('',(#5095),#5099);
#5095 = LINE('',#5096,#5097);
#5096 = CARTESIAN_POINT('',(24.25,19.5));
#5097 = VECTOR('',#5098,1.);
#5098 = DIRECTION('',(0.,-1.));
#5099 = ( GEOMETRIC_REPRESENTATION_CONTEXT(2) 
PARAMETRIC_REPRESENTATION_CONTEXT() REPRESENTATION_CONTEXT('2D SPACE',''
  ) );
#5100 = PCURVE('',#4979,#5101);
#5101 = DEFINITIONAL_REPRESENTATION('',(#5102),#5106);
#5102 = LINE('',#5103,#5104);
#5103 = CARTESIAN_POINT('',(-1.570796326795,0.));
#5104 = VECTOR('',#5105,1.);
#5105 = DIRECTION('',(-0.,1.));
#5106 = ( GEOMETRIC_REPRESENTATION_CONTEXT(2) 
PARAMETRIC_REPRESENTATION_CONTEXT() REPRESENTATION_CONTEXT('2D SPACE',''
  ) );
#5107 = ORIENTED_EDGE('',*,*,#5063,.T.);
#5108 = ORIENTED_EDGE('',*,*,#1292,.T.);
#5109 = ORIENTED_EDGE('',*,*,#5010,.T.);
#5110 = FACE_BOUND('',#5111,.T.);
#5111 = EDGE_LOOP('',(#5112,#5140,#5166,#5192));
#5112 = ORIENTED_EDGE('',*,*,#5113,.T.);
#5113 = EDGE_CURVE('',#5114,#5116,#5118,.T.);
#5114 = VERTEX_POINT('',#5115);
#5115 = CARTESIAN_POINT('',(53.5,-4.,86.));
#5116 = VERTEX_POINT('',#5117);
#5117 = CARTESIAN_POINT('',(44.5,-4.,86.));
#5118 = SURFACE_CURVE('',#5119,(#5123,#5129),.PCURVE_S1.);
#5119 = LINE('',#5120,#5121);
#5120 = CARTESIAN_POINT('',(42.75,-4.,86.));
#5121 = VECTOR('',#5122,1.);
#5122 = DIRECTION('',(-1.,-0.,0.));
#5123 = PCURVE('',#1308,#5124);
#5124 = DEFINITIONAL_REPRESENTATION('',(#5125),#5128);
#5125 = B_SPLINE_CURVE_WITH_KNOTS('',1,(#5126,#5127),.UNSPECIFIED.,.F.,
  .F.,(2,2),(-10.75,-1.75),.PIECEWISE_BEZIER_KNOTS.);
#5126 = CARTESIAN_POINT('',(12.5,6.5));
#5127 = CARTESIAN_POINT('',(3.5,6.5));
#5128 = ( GEOMETRIC_REPRESENTATION_CONTEXT(2) 
PARAMETRIC_REPRESENTATION_CONTEXT() REPRESENTATION_CONTEXT('2D SPACE',''
  ) );
#5129 = PCURVE('',#5130,#5135);
#5130 = PLANE('',#5131);
#5131 = AXIS2_PLACEMENT_3D('',#5132,#5133,#5134);
#5132 = CARTESIAN_POINT('',(44.5,-4.,81.));
#5133 = DIRECTION('',(-0.,1.,0.));
#5134 = DIRECTION('',(0.,0.,1.));
#5135 = DEFINITIONAL_REPRESENTATION('',(#5136),#5139);
#5136 = B_SPLINE_CURVE_WITH_KNOTS('',1,(#5137,#5138),.UNSPECIFIED.,.F.,
  .F.,(2,2),(-10.75,-1.75),.PIECEWISE_BEZIER_KNOTS.);
#5137 = CARTESIAN_POINT('',(5.,9.));
#5138 = CARTESIAN_POINT('',(5.,0.));
#5139 = ( GEOMETRIC_REPRESENTATION_CONTEXT(2) 
PARAMETRIC_REPRESENTATION_CONTEXT() REPRESENTATION_CONTEXT('2D SPACE',''
  ) );
#5140 = ORIENTED_EDGE('',*,*,#5141,.T.);
#5141 = EDGE_CURVE('',#5116,#5142,#5144,.T.);
#5142 = VERTEX_POINT('',#5143);
#5143 = CARTESIAN_POINT('',(44.5,4.,86.));
#5144 = SURFACE_CURVE('',#5145,(#5149,#5155),.PCURVE_S1.);
#5145 = LINE('',#5146,#5147);
#5146 = CARTESIAN_POINT('',(44.5,-7.25,86.));
#5147 = VECTOR('',#5148,1.);
#5148 = DIRECTION('',(-0.,1.,0.));
#5149 = PCURVE('',#1308,#5150);
#5150 = DEFINITIONAL_REPRESENTATION('',(#5151),#5154);
#5151 = B_SPLINE_CURVE_WITH_KNOTS('',1,(#5152,#5153),.UNSPECIFIED.,.F.,
  .F.,(2,2),(3.25,11.25),.PIECEWISE_BEZIER_KNOTS.);
#5152 = CARTESIAN_POINT('',(3.5,6.5));
#5153 = CARTESIAN_POINT('',(3.5,14.5));
#5154 = ( GEOMETRIC_REPRESENTATION_CONTEXT(2) 
PARAMETRIC_REPRESENTATION_CONTEXT() REPRESENTATION_CONTEXT('2D SPACE',''
  ) );
#5155 = PCURVE('',#5156,#5161);
#5156 = PLANE('',#5157);
#5157 = AXIS2_PLACEMENT_3D('',#5158,#5159,#5160);
#5158 = CARTESIAN_POINT('',(44.5,-4.,81.));
#5159 = DIRECTION('',(1.,0.,-0.));
#5160 = DIRECTION('',(0.,0.,1.));
#5161 = DEFINITIONAL_REPRESENTATION('',(#5162),#5165);
#5162 = B_SPLINE_CURVE_WITH_KNOTS('',1,(#5163,#5164),.UNSPECIFIED.,.F.,
  .F.,(2,2),(3.25,11.25),.PIECEWISE_BEZIER_KNOTS.);
#5163 = CARTESIAN_POINT('',(5.,0.));
#5164 = CARTESIAN_POINT('',(5.,-8.));
#5165 = ( GEOMETRIC_REPRESENTATION_CONTEXT(2) 
PARAMETRIC_REPRESENTATION_CONTEXT() REPRESENTATION_CONTEXT('2D SPACE',''
  ) );
#5166 = ORIENTED_EDGE('',*,*,#5167,.F.);
#5167 = EDGE_CURVE('',#5168,#5142,#5170,.T.);
#5168 = VERTEX_POINT('',#5169);
#5169 = CARTESIAN_POINT('',(53.5,4.,86.));
#5170 = SURFACE_CURVE('',#5171,(#5175,#5181),.PCURVE_S1.);
#5171 = LINE('',#5172,#5173);
#5172 = CARTESIAN_POINT('',(42.75,4.,86.));
#5173 = VECTOR('',#5174,1.);
#5174 = DIRECTION('',(-1.,-0.,0.));
#5175 = PCURVE('',#1308,#5176);
#5176 = DEFINITIONAL_REPRESENTATION('',(#5177),#5180);
#5177 = B_SPLINE_CURVE_WITH_KNOTS('',1,(#5178,#5179),.UNSPECIFIED.,.F.,
  .F.,(2,2),(-10.75,-1.75),.PIECEWISE_BEZIER_KNOTS.);
#5178 = CARTESIAN_POINT('',(12.5,14.5));
#5179 = CARTESIAN_POINT('',(3.5,14.5));
#5180 = ( GEOMETRIC_REPRESENTATION_CONTEXT(2) 
PARAMETRIC_REPRESENTATION_CONTEXT() REPRESENTATION_CONTEXT('2D SPACE',''
  ) );
#5181 = PCURVE('',#5182,#5187);
#5182 = PLANE('',#5183);
#5183 = AXIS2_PLACEMENT_3D('',#5184,#5185,#5186);
#5184 = CARTESIAN_POINT('',(44.5,4.,81.));
#5185 = DIRECTION('',(-0.,1.,0.));
#5186 = DIRECTION('',(0.,0.,1.));
#5187 = DEFINITIONAL_REPRESENTATION('',(#5188),#5191);
#5188 = B_SPLINE_CURVE_WITH_KNOTS('',1,(#5189,#5190),.UNSPECIFIED.,.F.,
  .F.,(2,2),(-10.75,-1.75),.PIECEWISE_BEZIER_KNOTS.);
#5189 = CARTESIAN_POINT('',(5.,9.));
#5190 = CARTESIAN_POINT('',(5.,0.));
#5191 = ( GEOMETRIC_REPRESENTATION_CONTEXT(2) 
PARAMETRIC_REPRESENTATION_CONTEXT() REPRESENTATION_CONTEXT('2D SPACE',''
  ) );
#5192 = ORIENTED_EDGE('',*,*,#5193,.F.);
#5193 = EDGE_CURVE('',#5114,#5168,#5194,.T.);
#5194 = SURFACE_CURVE('',#5195,(#5199,#5205),.PCURVE_S1.);
#5195 = LINE('',#5196,#5197);
#5196 = CARTESIAN_POINT('',(53.5,-7.25,86.));
#5197 = VECTOR('',#5198,1.);
#5198 = DIRECTION('',(-0.,1.,0.));
#5199 = PCURVE('',#1308,#5200);
#5200 = DEFINITIONAL_REPRESENTATION('',(#5201),#5204);
#5201 = B_SPLINE_CURVE_WITH_KNOTS('',1,(#5202,#5203),.UNSPECIFIED.,.F.,
  .F.,(2,2),(3.25,11.25),.PIECEWISE_BEZIER_KNOTS.);
#5202 = CARTESIAN_POINT('',(12.5,6.5));
#5203 = CARTESIAN_POINT('',(12.5,14.5));
#5204 = ( GEOMETRIC_REPRESENTATION_CONTEXT(2) 
PARAMETRIC_REPRESENTATION_CONTEXT() REPRESENTATION_CONTEXT('2D SPACE',''
  ) );
#5205 = PCURVE('',#5206,#5211);
#5206 = PLANE('',#5207);
#5207 = AXIS2_PLACEMENT_3D('',#5208,#5209,#5210);
#5208 = CARTESIAN_POINT('',(53.5,-4.,81.));
#5209 = DIRECTION('',(1.,0.,-0.));
#5210 = DIRECTION('',(0.,0.,1.));
#5211 = DEFINITIONAL_REPRESENTATION('',(#5212),#5215);
#5212 = B_SPLINE_CURVE_WITH_KNOTS('',1,(#5213,#5214),.UNSPECIFIED.,.F.,
  .F.,(2,2),(3.25,11.25),.PIECEWISE_BEZIER_KNOTS.);
#5213 = CARTESIAN_POINT('',(5.,0.));
#5214 = CARTESIAN_POINT('',(5.,-8.));
#5215 = ( GEOMETRIC_REPRESENTATION_CONTEXT(2) 
PARAMETRIC_REPRESENTATION_CONTEXT() REPRESENTATION_CONTEXT('2D SPACE',''
  ) );
#5216 = ADVANCED_FACE('',(#5217),#2258,.T.);
#5217 = FACE_BOUND('',#5218,.T.);
#5218 = EDGE_LOOP('',(#5219,#5240,#5241,#5242));
#5219 = ORIENTED_EDGE('',*,*,#5220,.T.);
#5220 = EDGE_CURVE('',#5221,#2158,#5223,.T.);
#5221 = VERTEX_POINT('',#5222);
#5222 = CARTESIAN_POINT('',(66.,7.435692833839,86.75));
#5223 = SURFACE_CURVE('',#5224,(#5228,#5234),.PCURVE_S1.);
#5224 = ( BOUNDED_CURVE() B_SPLINE_CURVE(2,(#5225,#5226,#5227),
.UNSPECIFIED.,.F.,.F.) B_SPLINE_CURVE_WITH_KNOTS((3,3),(0.,
0.286996946054),.PIECEWISE_BEZIER_KNOTS.) CURVE() 
GEOMETRIC_REPRESENTATION_ITEM() RATIONAL_B_SPLINE_CURVE((1.,
0.723749802695,1.)) REPRESENTATION_ITEM('') );
#5225 = CARTESIAN_POINT('',(66.,7.435692833839,86.75));
#5226 = CARTESIAN_POINT('',(66.,7.949700590547,86.498876179895));
#5227 = CARTESIAN_POINT('',(66.545674678372,7.899732195553,
    86.334530654048));
#5228 = PCURVE('',#2258,#5229);
#5229 = DEFINITIONAL_REPRESENTATION('',(#5230),#5233);
#5230 = B_SPLINE_CURVE_WITH_KNOTS('',1,(#5231,#5232),.UNSPECIFIED.,.F.,
  .F.,(2,2),(0.,0.286996946054),.PIECEWISE_BEZIER_KNOTS.);
#5231 = CARTESIAN_POINT('',(0.,25.306974016727));
#5232 = CARTESIAN_POINT('',(0.955087868339,25.306974016727));
#5233 = ( GEOMETRIC_REPRESENTATION_CONTEXT(2) 
PARAMETRIC_REPRESENTATION_CONTEXT() REPRESENTATION_CONTEXT('2D SPACE',''
  ) );
#5234 = PCURVE('',#2179,#5235);
#5235 = DEFINITIONAL_REPRESENTATION('',(#5236),#5239);
#5236 = B_SPLINE_CURVE_WITH_KNOTS('',1,(#5237,#5238),.UNSPECIFIED.,.F.,
  .F.,(2,2),(0.,0.286996946054),.PIECEWISE_BEZIER_KNOTS.);
#5237 = CARTESIAN_POINT('',(0.,25.306974016727));
#5238 = CARTESIAN_POINT('',(0.286996946054,25.306974016727));
#5239 = ( GEOMETRIC_REPRESENTATION_CONTEXT(2) 
PARAMETRIC_REPRESENTATION_CONTEXT() REPRESENTATION_CONTEXT('2D SPACE',''
  ) );
#5240 = ORIENTED_EDGE('',*,*,#2205,.T.);
#5241 = ORIENTED_EDGE('',*,*,#5034,.F.);
#5242 = ORIENTED_EDGE('',*,*,#5243,.F.);
#5243 = EDGE_CURVE('',#5221,#5035,#5244,.T.);
#5244 = SURFACE_CURVE('',#5245,(#5260,#5267),.PCURVE_S1.);
#5245 = ( BOUNDED_CURVE() B_SPLINE_CURVE(7,(#5246,#5247,#5248,#5249,
    #5250,#5251,#5252,#5253,#5254,#5255,#5256,#5257,#5258,#5259),
.UNSPECIFIED.,.F.,.F.) B_SPLINE_CURVE_WITH_KNOTS((8,6,8),(
    25.306974016727,25.689857800127,26.262061885066),.UNSPECIFIED.) 
CURVE() GEOMETRIC_REPRESENTATION_ITEM() RATIONAL_B_SPLINE_CURVE((1.,1.,
1.,1.,1.,1.,1.,1.,1.,1.,1.,1.,1.,1.)) REPRESENTATION_ITEM('') );
#5246 = CARTESIAN_POINT('',(66.,7.435692833839,86.75));
#5247 = CARTESIAN_POINT('',(66.,7.380105867721,86.678254238446));
#5248 = CARTESIAN_POINT('',(65.991967430521,7.334118108851,
    86.600202045654));
#5249 = CARTESIAN_POINT('',(65.973559979579,7.300828767219,
    86.518190408498));
#5250 = CARTESIAN_POINT('',(65.942237546078,7.282820561318,
    86.438189412428));
#5251 = CARTESIAN_POINT('',(65.902458360791,7.275454693403,
    86.366453011855));
#5252 = CARTESIAN_POINT('',(65.856688235254,7.275561293375,
    86.302933507822));
#5253 = CARTESIAN_POINT('',(65.733584975165,7.287591155258,
    86.166225029509));
#5254 = CARTESIAN_POINT('',(65.651905370993,7.305341701469,
    86.103923940267));
#5255 = CARTESIAN_POINT('',(65.569752627606,7.324085283097,
    86.059992964662));
#5256 = CARTESIAN_POINT('',(65.488826061425,7.339707013937,
    86.02962034104));
#5257 = CARTESIAN_POINT('',(65.40882246054,7.35060061033,86.009710207501
    ));
#5258 = CARTESIAN_POINT('',(65.329349424889,7.356071777723,86.));
#5259 = CARTESIAN_POINT('',(65.25,7.356071777723,86.));
#5260 = PCURVE('',#2258,#5261);
#5261 = DEFINITIONAL_REPRESENTATION('',(#5262),#5266);
#5262 = LINE('',#5263,#5264);
#5263 = CARTESIAN_POINT('',(0.,0.));
#5264 = VECTOR('',#5265,1.);
#5265 = DIRECTION('',(0.,1.));
#5266 = ( GEOMETRIC_REPRESENTATION_CONTEXT(2) 
PARAMETRIC_REPRESENTATION_CONTEXT() REPRESENTATION_CONTEXT('2D SPACE',''
  ) );
#5267 = PCURVE('',#4979,#5268);
#5268 = DEFINITIONAL_REPRESENTATION('',(#5269),#5288);
#5269 = B_SPLINE_CURVE_WITH_KNOTS('',9,(#5270,#5271,#5272,#5273,#5274,
    #5275,#5276,#5277,#5278,#5279,#5280,#5281,#5282,#5283,#5284,#5285,
    #5286,#5287),.UNSPECIFIED.,.F.,.F.,(10,8,10),(25.306974016727,
    25.784517950896,26.262061885066),.UNSPECIFIED.);
#5270 = CARTESIAN_POINT('',(2.125687833059E-14,1.564307166161));
#5271 = CARTESIAN_POINT('',(-9.279762840978E-02,1.618230267483));
#5272 = CARTESIAN_POINT('',(-0.19328795268,1.663446775905));
#5273 = CARTESIAN_POINT('',(-0.299658652037,1.697408302419));
#5274 = CARTESIAN_POINT('',(-0.40939982993,1.718163190888));
#5275 = CARTESIAN_POINT('',(-0.516080199391,1.726680581961));
#5276 = CARTESIAN_POINT('',(-0.618525496502,1.727932622308));
#5277 = CARTESIAN_POINT('',(-0.71645872859,1.723399448369));
#5278 = CARTESIAN_POINT('',(-0.808629385499,1.715814036951));
#5279 = CARTESIAN_POINT('',(-0.983828518007,1.697363617045));
#5280 = CARTESIAN_POINT('',(-1.066728909786,1.686512593035));
#5281 = CARTESIAN_POINT('',(-1.145427293212,1.67558578621));
#5282 = CARTESIAN_POINT('',(-1.220674328162,1.665585470249));
#5283 = CARTESIAN_POINT('',(-1.293274653163,1.657130566635));
#5284 = CARTESIAN_POINT('',(-1.363968064292,1.650585280309));
#5285 = CARTESIAN_POINT('',(-1.433391388051,1.646151965572));
#5286 = CARTESIAN_POINT('',(-1.502121048236,1.643928222277));
#5287 = CARTESIAN_POINT('',(-1.570796326795,1.643928222277));
#5288 = ( GEOMETRIC_REPRESENTATION_CONTEXT(2) 
PARAMETRIC_REPRESENTATION_CONTEXT() REPRESENTATION_CONTEXT('2D SPACE',''
  ) );
#5289 = ADVANCED_FACE('',(#5290),#1477,.T.);
#5290 = FACE_BOUND('',#5291,.T.);
#5291 = EDGE_LOOP('',(#5292,#5293,#5322,#5345,#5372,#5373,#5436,#5437));
#5292 = ORIENTED_EDGE('',*,*,#3982,.F.);
#5293 = ORIENTED_EDGE('',*,*,#5294,.F.);
#5294 = EDGE_CURVE('',#5295,#3955,#5297,.T.);
#5295 = VERTEX_POINT('',#5296);
#5296 = CARTESIAN_POINT('',(64.,14.,83.8));
#5297 = SURFACE_CURVE('',#5298,(#5303,#5310),.PCURVE_S1.);
#5298 = CIRCLE('',#5299,4.);
#5299 = AXIS2_PLACEMENT_3D('',#5300,#5301,#5302);
#5300 = CARTESIAN_POINT('',(64.,10.,83.8));
#5301 = DIRECTION('',(0.,-0.,-1.));
#5302 = DIRECTION('',(0.,1.,-0.));
#5303 = PCURVE('',#1477,#5304);
#5304 = DEFINITIONAL_REPRESENTATION('',(#5305),#5309);
#5305 = LINE('',#5306,#5307);
#5306 = CARTESIAN_POINT('',(1.570796326795,0.8));
#5307 = VECTOR('',#5308,1.);
#5308 = DIRECTION('',(-1.,-0.));
#5309 = ( GEOMETRIC_REPRESENTATION_CONTEXT(2) 
PARAMETRIC_REPRESENTATION_CONTEXT() REPRESENTATION_CONTEXT('2D SPACE',''
  ) );
#5310 = PCURVE('',#5311,#5316);
#5311 = TOROIDAL_SURFACE('',#5312,3.2,0.8);
#5312 = AXIS2_PLACEMENT_3D('',#5313,#5314,#5315);
#5313 = CARTESIAN_POINT('',(64.,10.,83.8));
#5314 = DIRECTION('',(-0.,-0.,-1.));
#5315 = DIRECTION('',(0.,1.,-0.));
#5316 = DEFINITIONAL_REPRESENTATION('',(#5317),#5321);
#5317 = LINE('',#5318,#5319);
#5318 = CARTESIAN_POINT('',(0.,0.));
#5319 = VECTOR('',#5320,1.);
#5320 = DIRECTION('',(1.,0.));
#5321 = ( GEOMETRIC_REPRESENTATION_CONTEXT(2) 
PARAMETRIC_REPRESENTATION_CONTEXT() REPRESENTATION_CONTEXT('2D SPACE',''
  ) );
#5322 = ORIENTED_EDGE('',*,*,#5323,.T.);
#5323 = EDGE_CURVE('',#5295,#5324,#5326,.T.);
#5324 = VERTEX_POINT('',#5325);
#5325 = CARTESIAN_POINT('',(64.,14.,135.2));
#5326 = SURFACE_CURVE('',#5327,(#5331,#5338),.PCURVE_S1.);
#5327 = LINE('',#5328,#5329);
#5328 = CARTESIAN_POINT('',(64.,14.,83.));
#5329 = VECTOR('',#5330,1.);
#5330 = DIRECTION('',(0.,0.,1.));
#5331 = PCURVE('',#1477,#5332);
#5332 = DEFINITIONAL_REPRESENTATION('',(#5333),#5337);
#5333 = LINE('',#5334,#5335);
#5334 = CARTESIAN_POINT('',(1.570796326795,0.));
#5335 = VECTOR('',#5336,1.);
#5336 = DIRECTION('',(0.,1.));
#5337 = ( GEOMETRIC_REPRESENTATION_CONTEXT(2) 
PARAMETRIC_REPRESENTATION_CONTEXT() REPRESENTATION_CONTEXT('2D SPACE',''
  ) );
#5338 = PCURVE('',#3333,#5339);
#5339 = DEFINITIONAL_REPRESENTATION('',(#5340),#5344);
#5340 = LINE('',#5341,#5342);
#5341 = CARTESIAN_POINT('',(0.,21.));
#5342 = VECTOR('',#5343,1.);
#5343 = DIRECTION('',(1.,0.));
#5344 = ( GEOMETRIC_REPRESENTATION_CONTEXT(2) 
PARAMETRIC_REPRESENTATION_CONTEXT() REPRESENTATION_CONTEXT('2D SPACE',''
  ) );
#5345 = ORIENTED_EDGE('',*,*,#5346,.T.);
#5346 = EDGE_CURVE('',#5324,#4077,#5347,.T.);
#5347 = SURFACE_CURVE('',#5348,(#5353,#5360),.PCURVE_S1.);
#5348 = CIRCLE('',#5349,4.);
#5349 = AXIS2_PLACEMENT_3D('',#5350,#5351,#5352);
#5350 = CARTESIAN_POINT('',(64.,10.,135.2));
#5351 = DIRECTION('',(0.,-0.,-1.));
#5352 = DIRECTION('',(0.,1.,-0.));
#5353 = PCURVE('',#1477,#5354);
#5354 = DEFINITIONAL_REPRESENTATION('',(#5355),#5359);
#5355 = LINE('',#5356,#5357);
#5356 = CARTESIAN_POINT('',(1.570796326795,52.2));
#5357 = VECTOR('',#5358,1.);
#5358 = DIRECTION('',(-1.,-0.));
#5359 = ( GEOMETRIC_REPRESENTATION_CONTEXT(2) 
PARAMETRIC_REPRESENTATION_CONTEXT() REPRESENTATION_CONTEXT('2D SPACE',''
  ) );
#5360 = PCURVE('',#5361,#5366);
#5361 = TOROIDAL_SURFACE('',#5362,3.2,0.8);
#5362 = AXIS2_PLACEMENT_3D('',#5363,#5364,#5365);
#5363 = CARTESIAN_POINT('',(64.,10.,135.2));
#5364 = DIRECTION('',(0.,0.,1.));
#5365 = DIRECTION('',(0.,1.,-0.));
#5366 = DEFINITIONAL_REPRESENTATION('',(#5367),#5371);
#5367 = LINE('',#5368,#5369);
#5368 = CARTESIAN_POINT('',(-0.,0.));
#5369 = VECTOR('',#5370,1.);
#5370 = DIRECTION('',(-1.,0.));
#5371 = ( GEOMETRIC_REPRESENTATION_CONTEXT(2) 
PARAMETRIC_REPRESENTATION_CONTEXT() REPRESENTATION_CONTEXT('2D SPACE',''
  ) );
#5372 = ORIENTED_EDGE('',*,*,#4076,.F.);
#5373 = ORIENTED_EDGE('',*,*,#5374,.F.);
#5374 = EDGE_CURVE('',#4006,#4053,#5375,.T.);
#5375 = SURFACE_CURVE('',#5376,(#5394,#5415),.PCURVE_S1.);
#5376 = B_SPLINE_CURVE_WITH_KNOTS('',6,(#5377,#5378,#5379,#5380,#5381,
    #5382,#5383,#5384,#5385,#5386,#5387,#5388,#5389,#5390,#5391,#5392,
    #5393),.UNSPECIFIED.,.F.,.F.,(7,5,5,7),(0.,0.499987831622,
    0.859884476571,1.),.UNSPECIFIED.);
#5377 = CARTESIAN_POINT('',(68.,10.,132.43210916542));
#5378 = CARTESIAN_POINT('',(68.,10.050312439927,132.52070443208));
#5379 = CARTESIAN_POINT('',(67.999240577048,10.090333754078,
    132.61311266333));
#5380 = CARTESIAN_POINT('',(67.998304360108,10.120208966029,
    132.70816432055));
#5381 = CARTESIAN_POINT('',(67.997559154804,10.140070463774,
    132.8048956257));
#5382 = CARTESIAN_POINT('',(67.997186510535,10.15,132.90245110617));
#5383 = CARTESIAN_POINT('',(67.997186510535,10.15,133.07021674806));
#5384 = CARTESIAN_POINT('',(67.997379634863,10.144855572802,
    133.14043117446));
#5385 = CARTESIAN_POINT('',(67.997765570649,10.134565790888,133.21033951
    ));
#5386 = CARTESIAN_POINT('',(67.998296046577,10.119110069003,
    133.27962378538));
#5387 = CARTESIAN_POINT('',(67.99887225639,10.098450614319,
    133.34794435996));
#5388 = CARTESIAN_POINT('',(67.999525273639,10.06244532117,
    133.44101235838));
#5389 = CARTESIAN_POINT('',(67.999692146747,10.051559550365,
    133.46688899515));
#5390 = CARTESIAN_POINT('',(67.999833930323,10.039874688135,
    133.49253986294));
#5391 = CARTESIAN_POINT('',(67.999940384313,10.027388072265,
    133.51794099463));
#5392 = CARTESIAN_POINT('',(68.,10.014097254391,133.54306695377));
#5393 = CARTESIAN_POINT('',(68.,10.,133.56789083458));
#5394 = PCURVE('',#1477,#5395);
#5395 = DEFINITIONAL_REPRESENTATION('',(#5396),#5414);
#5396 = B_SPLINE_CURVE_WITH_KNOTS('',6,(#5397,#5398,#5399,#5400,#5401,
    #5402,#5403,#5404,#5405,#5406,#5407,#5408,#5409,#5410,#5411,#5412,
    #5413),.UNSPECIFIED.,.F.,.F.,(7,5,5,7),(0.,0.499987831622,
    0.859884476571,1.),.UNSPECIFIED.);
#5397 = CARTESIAN_POINT('',(0.,49.43210916542));
#5398 = CARTESIAN_POINT('',(1.257810998172E-02,49.520704432086));
#5399 = CARTESIAN_POINT('',(2.258344256425E-02,49.613112663331));
#5400 = CARTESIAN_POINT('',(3.005580701946E-02,49.708164320558));
#5401 = CARTESIAN_POINT('',(3.50246597578E-02,49.804895625709));
#5402 = CARTESIAN_POINT('',(3.750879462899E-02,49.902451106175));
#5403 = CARTESIAN_POINT('',(3.750879462899E-02,50.07021674806));
#5404 = CARTESIAN_POINT('',(3.622180123835E-02,50.140431174465));
#5405 = CARTESIAN_POINT('',(3.36474934249E-02,50.210339510007));
#5406 = CARTESIAN_POINT('',(2.978135921751E-02,50.279623785389));
#5407 = CARTESIAN_POINT('',(2.461471305329E-02,50.347944359964));
#5408 = CARTESIAN_POINT('',(1.56119094403E-02,50.441012358388));
#5409 = CARTESIAN_POINT('',(1.289015498247E-02,50.466888995154));
#5410 = CARTESIAN_POINT('',(9.96875068166E-03,50.492539862947));
#5411 = CARTESIAN_POINT('',(6.847020933298E-03,50.517940994636));
#5412 = CARTESIAN_POINT('',(3.524313597691E-03,50.54306695377));
#5413 = CARTESIAN_POINT('',(0.,50.56789083458));
#5414 = ( GEOMETRIC_REPRESENTATION_CONTEXT(2) 
PARAMETRIC_REPRESENTATION_CONTEXT() REPRESENTATION_CONTEXT('2D SPACE',''
  ) );
#5415 = PCURVE('',#2938,#5416);
#5416 = DEFINITIONAL_REPRESENTATION('',(#5417),#5435);
#5417 = B_SPLINE_CURVE_WITH_KNOTS('',6,(#5418,#5419,#5420,#5421,#5422,
    #5423,#5424,#5425,#5426,#5427,#5428,#5429,#5430,#5431,#5432,#5433,
    #5434),.UNSPECIFIED.,.F.,.F.,(7,5,5,7),(0.,0.499987831622,
    0.859884476571,1.),.UNSPECIFIED.);
#5418 = CARTESIAN_POINT('',(1.054321185948,26.));
#5419 = CARTESIAN_POINT('',(1.142916452614,26.));
#5420 = CARTESIAN_POINT('',(1.229975948644,25.999240577048));
#5421 = CARTESIAN_POINT('',(1.315928167001,25.998304360108));
#5422 = CARTESIAN_POINT('',(1.401140186469,25.997559154804));
#5423 = CARTESIAN_POINT('',(1.48597120173,25.997186510535));
#5424 = CARTESIAN_POINT('',(1.631854368586,25.997186510535));
#5425 = CARTESIAN_POINT('',(1.692910309645,25.997379634863));
#5426 = CARTESIAN_POINT('',(1.754110047995,25.997765570649));
#5427 = CARTESIAN_POINT('',(1.815586477069,25.998296046577));
#5428 = CARTESIAN_POINT('',(1.877475736615,25.99887225639));
#5429 = CARTESIAN_POINT('',(1.964249603323,25.999525273639));
#5430 = CARTESIAN_POINT('',(1.988650747381,25.999692146747));
#5431 = CARTESIAN_POINT('',(2.013145300084,25.999833930323));
#5432 = CARTESIAN_POINT('',(2.037741533378,25.999940384313));
#5433 = CARTESIAN_POINT('',(2.062447586832,26.));
#5434 = CARTESIAN_POINT('',(2.087271467642,26.));
#5435 = ( GEOMETRIC_REPRESENTATION_CONTEXT(2) 
PARAMETRIC_REPRESENTATION_CONTEXT() REPRESENTATION_CONTEXT('2D SPACE',''
  ) );
#5436 = ORIENTED_EDGE('',*,*,#4005,.F.);
#5437 = ORIENTED_EDGE('',*,*,#1433,.F.);
#5438 = ADVANCED_FACE('',(#5439),#2179,.T.);
#5439 = FACE_BOUND('',#5440,.T.);
#5440 = EDGE_LOOP('',(#5441,#5471,#5472,#5473));
#5441 = ORIENTED_EDGE('',*,*,#5442,.T.);
#5442 = EDGE_CURVE('',#5443,#2129,#5445,.T.);
#5443 = VERTEX_POINT('',#5444);
#5444 = CARTESIAN_POINT('',(66.,7.673378582401,87.141304347826));
#5445 = SURFACE_CURVE('',#5446,(#5451,#5465),.PCURVE_S1.);
#5446 = CIRCLE('',#5447,0.6);
#5447 = AXIS2_PLACEMENT_3D('',#5448,#5449,#5450);
#5448 = CARTESIAN_POINT('',(66.6,7.673378582401,87.141304347826));
#5449 = DIRECTION('',(0.,-0.652173913043,-0.758069381485));
#5450 = DIRECTION('',(0.,-0.758069381485,0.652173913043));
#5451 = PCURVE('',#2179,#5452);
#5452 = DEFINITIONAL_REPRESENTATION('',(#5453),#5464);
#5453 = B_SPLINE_CURVE_WITH_KNOTS('',9,(#5454,#5455,#5456,#5457,#5458,
    #5459,#5460,#5461,#5462,#5463),.UNSPECIFIED.,.F.,.F.,(10,10),(
    1.570796326795,3.14159265359),.PIECEWISE_BEZIER_KNOTS.);
#5454 = CARTESIAN_POINT('',(2.775557561563E-17,25.019977070672));
#5455 = CARTESIAN_POINT('',(3.541927319244E-02,25.019977070672));
#5456 = CARTESIAN_POINT('',(6.795790193762E-02,25.019977070673));
#5457 = CARTESIAN_POINT('',(9.879758389394E-02,25.019977070671));
#5458 = CARTESIAN_POINT('',(0.128695783265,25.019977070674));
#5459 = CARTESIAN_POINT('',(0.158301162789,25.019977070672));
#5460 = CARTESIAN_POINT('',(0.18819936216,25.019977070673));
#5461 = CARTESIAN_POINT('',(0.219039044117,25.019977070673));
#5462 = CARTESIAN_POINT('',(0.251577672862,25.019977070672));
#5463 = CARTESIAN_POINT('',(0.286996946054,25.019977070672));
#5464 = ( GEOMETRIC_REPRESENTATION_CONTEXT(2) 
PARAMETRIC_REPRESENTATION_CONTEXT() REPRESENTATION_CONTEXT('2D SPACE',''
  ) );
#5465 = PCURVE('',#2145,#5466);
#5466 = DEFINITIONAL_REPRESENTATION('',(#5467),#5470);
#5467 = B_SPLINE_CURVE_WITH_KNOTS('',1,(#5468,#5469),.UNSPECIFIED.,.F.,
  .F.,(2,2),(1.570796326795,3.14159265359),.PIECEWISE_BEZIER_KNOTS.);
#5468 = CARTESIAN_POINT('',(-0.860347718242,1.570796326795));
#5469 = CARTESIAN_POINT('',(-0.860347718242,3.14159265359));
#5470 = ( GEOMETRIC_REPRESENTATION_CONTEXT(2) 
PARAMETRIC_REPRESENTATION_CONTEXT() REPRESENTATION_CONTEXT('2D SPACE',''
  ) );
#5471 = ORIENTED_EDGE('',*,*,#2157,.T.);
#5472 = ORIENTED_EDGE('',*,*,#5220,.F.);
#5473 = ORIENTED_EDGE('',*,*,#5474,.F.);
#5474 = EDGE_CURVE('',#5443,#5221,#5475,.T.);
#5475 = SURFACE_CURVE('',#5476,(#5483,#5490),.PCURVE_S1.);
#5476 = ( BOUNDED_CURVE() B_SPLINE_CURVE(5,(#5477,#5478,#5479,#5480,
#5481,#5482),.UNSPECIFIED.,.F.,.F.) B_SPLINE_CURVE_WITH_KNOTS((6,6),(
25.019977070672,25.306974016727),.PIECEWISE_BEZIER_KNOTS.) CURVE() 
GEOMETRIC_REPRESENTATION_ITEM() RATIONAL_B_SPLINE_CURVE((1.,1.,1.,1.,1.,
1.)) REPRESENTATION_ITEM('') );
#5477 = CARTESIAN_POINT('',(66.,7.673378582401,87.141304347826));
#5478 = CARTESIAN_POINT('',(66.,7.613194705903,87.071348231644));
#5479 = CARTESIAN_POINT('',(66.,7.558734438979,86.997426444729));
#5480 = CARTESIAN_POINT('',(66.,7.510506441861,86.919565695203));
#5481 = CARTESIAN_POINT('',(66.,7.469148086171,86.837443614966));
#5482 = CARTESIAN_POINT('',(66.,7.435692833839,86.75));
#5483 = PCURVE('',#2179,#5484);
#5484 = DEFINITIONAL_REPRESENTATION('',(#5485),#5489);
#5485 = LINE('',#5486,#5487);
#5486 = CARTESIAN_POINT('',(0.,0.));
#5487 = VECTOR('',#5488,1.);
#5488 = DIRECTION('',(0.,1.));
#5489 = ( GEOMETRIC_REPRESENTATION_CONTEXT(2) 
PARAMETRIC_REPRESENTATION_CONTEXT() REPRESENTATION_CONTEXT('2D SPACE',''
  ) );
#5490 = PCURVE('',#4854,#5491);
#5491 = DEFINITIONAL_REPRESENTATION('',(#5492),#5499);
#5492 = B_SPLINE_CURVE_WITH_KNOTS('',5,(#5493,#5494,#5495,#5496,#5497,
    #5498),.UNSPECIFIED.,.F.,.F.,(6,6),(25.019977070672,25.306974016727)
  ,.PIECEWISE_BEZIER_KNOTS.);
#5493 = CARTESIAN_POINT('',(1.141304347826,-18.1733785824));
#5494 = CARTESIAN_POINT('',(1.071348231644,-18.1131947059));
#5495 = CARTESIAN_POINT('',(0.997426444729,-18.05873443897));
#5496 = CARTESIAN_POINT('',(0.919565695203,-18.01050644186));
#5497 = CARTESIAN_POINT('',(0.837443614966,-17.96914808617));
#5498 = CARTESIAN_POINT('',(0.75,-17.93569283383));
#5499 = ( GEOMETRIC_REPRESENTATION_CONTEXT(2) 
PARAMETRIC_REPRESENTATION_CONTEXT() REPRESENTATION_CONTEXT('2D SPACE',''
  ) );
#5500 = ADVANCED_FACE('',(#5501),#2145,.T.);
#5501 = FACE_BOUND('',#5502,.F.);
#5502 = EDGE_LOOP('',(#5503,#5532,#5554,#5555));
#5503 = ORIENTED_EDGE('',*,*,#5504,.F.);
#5504 = EDGE_CURVE('',#5505,#1996,#5507,.T.);
#5505 = VERTEX_POINT('',#5506);
#5506 = CARTESIAN_POINT('',(66.,9.,87.75));
#5507 = SURFACE_CURVE('',#5508,(#5512,#5526),.PCURVE_S1.);
#5508 = ( BOUNDED_CURVE() B_SPLINE_CURVE(2,(#5509,#5510,#5511),
.UNSPECIFIED.,.F.,.F.) B_SPLINE_CURVE_WITH_KNOTS((3,3),(0.,
1.260503531233),.PIECEWISE_BEZIER_KNOTS.) CURVE() 
GEOMETRIC_REPRESENTATION_ITEM() RATIONAL_B_SPLINE_CURVE((1.,
0.707106781187,1.)) REPRESENTATION_ITEM('') );
#5509 = CARTESIAN_POINT('',(66.,9.,87.75));
#5510 = CARTESIAN_POINT('',(66.,9.,87.15));
#5511 = CARTESIAN_POINT('',(66.6,9.,87.15));
#5512 = PCURVE('',#2145,#5513);
#5513 = DEFINITIONAL_REPRESENTATION('',(#5514),#5525);
#5514 = B_SPLINE_CURVE_WITH_KNOTS('',9,(#5515,#5516,#5517,#5518,#5519,
    #5520,#5521,#5522,#5523,#5524),.UNSPECIFIED.,.F.,.F.,(10,10),(0.,
    1.260503531233),.PIECEWISE_BEZIER_KNOTS.);
#5515 = CARTESIAN_POINT('',(0.,1.570796326795));
#5516 = CARTESIAN_POINT('',(0.,1.727931167058));
#5517 = CARTESIAN_POINT('',(0.,1.896571043666));
#5518 = CARTESIAN_POINT('',(0.,2.075362713514));
#5519 = CARTESIAN_POINT('',(0.,2.261541178522));
#5520 = CARTESIAN_POINT('',(0.,2.450847802094));
#5521 = CARTESIAN_POINT('',(0.,2.637026266568));
#5522 = CARTESIAN_POINT('',(0.,2.815817936819));
#5523 = CARTESIAN_POINT('',(0.,2.984457813326));
#5524 = CARTESIAN_POINT('',(0.,3.14159265359));
#5525 = ( GEOMETRIC_REPRESENTATION_CONTEXT(2) 
PARAMETRIC_REPRESENTATION_CONTEXT() REPRESENTATION_CONTEXT('2D SPACE',''
  ) );
#5526 = PCURVE('',#2069,#5527);
#5527 = DEFINITIONAL_REPRESENTATION('',(#5528),#5531);
#5528 = B_SPLINE_CURVE_WITH_KNOTS('',1,(#5529,#5530),.UNSPECIFIED.,.F.,
  .F.,(2,2),(0.,1.260503531233),.PIECEWISE_BEZIER_KNOTS.);
#5529 = CARTESIAN_POINT('',(0.,24.030577194694));
#5530 = CARTESIAN_POINT('',(1.260503531233,24.030577194694));
#5531 = ( GEOMETRIC_REPRESENTATION_CONTEXT(2) 
PARAMETRIC_REPRESENTATION_CONTEXT() REPRESENTATION_CONTEXT('2D SPACE',''
  ) );
#5532 = ORIENTED_EDGE('',*,*,#5533,.T.);
#5533 = EDGE_CURVE('',#5505,#5443,#5534,.T.);
#5534 = SURFACE_CURVE('',#5535,(#5540,#5547),.PCURVE_S1.);
#5535 = CIRCLE('',#5536,1.75);
#5536 = AXIS2_PLACEMENT_3D('',#5537,#5538,#5539);
#5537 = CARTESIAN_POINT('',(66.,9.,86.));
#5538 = DIRECTION('',(1.,0.,-0.));
#5539 = DIRECTION('',(0.,0.,1.));
#5540 = PCURVE('',#2145,#5541);
#5541 = DEFINITIONAL_REPRESENTATION('',(#5542),#5546);
#5542 = LINE('',#5543,#5544);
#5543 = CARTESIAN_POINT('',(-0.,1.570796326795));
#5544 = VECTOR('',#5545,1.);
#5545 = DIRECTION('',(-1.,0.));
#5546 = ( GEOMETRIC_REPRESENTATION_CONTEXT(2) 
PARAMETRIC_REPRESENTATION_CONTEXT() REPRESENTATION_CONTEXT('2D SPACE',''
  ) );
#5547 = PCURVE('',#4854,#5548);
#5548 = DEFINITIONAL_REPRESENTATION('',(#5549),#5553);
#5549 = CIRCLE('',#5550,1.75);
#5550 = AXIS2_PLACEMENT_2D('',#5551,#5552);
#5551 = CARTESIAN_POINT('',(0.,-19.5));
#5552 = DIRECTION('',(1.,0.));
#5553 = ( GEOMETRIC_REPRESENTATION_CONTEXT(2) 
PARAMETRIC_REPRESENTATION_CONTEXT() REPRESENTATION_CONTEXT('2D SPACE',''
  ) );
#5554 = ORIENTED_EDGE('',*,*,#5442,.T.);
#5555 = ORIENTED_EDGE('',*,*,#2128,.F.);
#5556 = ADVANCED_FACE('',(#5557),#2069,.T.);
#5557 = FACE_BOUND('',#5558,.T.);
#5558 = EDGE_LOOP('',(#5559,#5580,#5581,#5582));
#5559 = ORIENTED_EDGE('',*,*,#5560,.T.);
#5560 = EDGE_CURVE('',#5561,#1862,#5563,.T.);
#5561 = VERTEX_POINT('',#5562);
#5562 = CARTESIAN_POINT('',(65.494373379501,10.123041220143,86.75));
#5563 = SURFACE_CURVE('',#5564,(#5568,#5574),.PCURVE_S1.);
#5564 = ( BOUNDED_CURVE() B_SPLINE_CURVE(2,(#5565,#5566,#5567),
.UNSPECIFIED.,.F.,.F.) B_SPLINE_CURVE_WITH_KNOTS((3,3),(0.,
1.285261648436),.PIECEWISE_BEZIER_KNOTS.) CURVE() 
GEOMETRIC_REPRESENTATION_ITEM() RATIONAL_B_SPLINE_CURVE((1.,
0.924057308497,1.)) REPRESENTATION_ITEM('') );
#5565 = CARTESIAN_POINT('',(65.494373379501,10.123041220143,86.75));
#5566 = CARTESIAN_POINT('',(65.62484353088,10.007519151118,
    86.573262460804));
#5567 = CARTESIAN_POINT('',(65.825789488184,10.063081210649,
    86.43858675261));
#5568 = PCURVE('',#2069,#5569);
#5569 = DEFINITIONAL_REPRESENTATION('',(#5570),#5573);
#5570 = B_SPLINE_CURVE_WITH_KNOTS('',1,(#5571,#5572),.UNSPECIFIED.,.F.,
  .F.,(2,2),(0.,1.285261648436),.PIECEWISE_BEZIER_KNOTS.);
#5571 = CARTESIAN_POINT('',(0.,22.770073663462));
#5572 = CARTESIAN_POINT('',(1.260503531233,22.770073663462));
#5573 = ( GEOMETRIC_REPRESENTATION_CONTEXT(2) 
PARAMETRIC_REPRESENTATION_CONTEXT() REPRESENTATION_CONTEXT('2D SPACE',''
  ) );
#5574 = PCURVE('',#1915,#5575);
#5575 = DEFINITIONAL_REPRESENTATION('',(#5576),#5579);
#5576 = B_SPLINE_CURVE_WITH_KNOTS('',1,(#5577,#5578),.UNSPECIFIED.,.F.,
  .F.,(2,2),(0.,1.285261648436),.PIECEWISE_BEZIER_KNOTS.);
#5577 = CARTESIAN_POINT('',(0.,22.770073663458));
#5578 = CARTESIAN_POINT('',(1.285261648436,22.770073663458));
#5579 = ( GEOMETRIC_REPRESENTATION_CONTEXT(2) 
PARAMETRIC_REPRESENTATION_CONTEXT() REPRESENTATION_CONTEXT('2D SPACE',''
  ) );
#5580 = ORIENTED_EDGE('',*,*,#1995,.T.);
#5581 = ORIENTED_EDGE('',*,*,#5504,.F.);
#5582 = ORIENTED_EDGE('',*,*,#5583,.F.);
#5583 = EDGE_CURVE('',#5561,#5505,#5584,.T.);
#5584 = SURFACE_CURVE('',#5585,(#5603,#5610),.PCURVE_S1.);
#5585 = ( BOUNDED_CURVE() B_SPLINE_CURVE(6,(#5586,#5587,#5588,#5589,
    #5590,#5591,#5592,#5593,#5594,#5595,#5596,#5597,#5598,#5599,#5600,
#5601,#5602),.UNSPECIFIED.,.F.,.F.) B_SPLINE_CURVE_WITH_KNOTS((7,5,5,7),
  (22.770073663462,23.014774581257,23.540138387557,24.030577194694),
.UNSPECIFIED.) CURVE() GEOMETRIC_REPRESENTATION_ITEM() 
RATIONAL_B_SPLINE_CURVE((1.,1.,1.,1.,1.,1.,1.,1.,1.,1.,1.,1.,1.,1.,1.,1.
,1.)) REPRESENTATION_ITEM('') );
#5586 = CARTESIAN_POINT('',(65.494373379494,10.123041220149,86.75));
#5587 = CARTESIAN_POINT('',(65.507052909026,10.111814395696,
    86.789084296992));
#5588 = CARTESIAN_POINT('',(65.520527577791,10.099581345265,
    86.827070906318));
#5589 = CARTESIAN_POINT('',(65.53478497617,10.086247750152,
    86.864429033771));
#5590 = CARTESIAN_POINT('',(65.549898462606,10.071680248538,
    86.901697952449));
#5591 = CARTESIAN_POINT('',(65.566133921722,10.055476618766,
    86.9396346663));
#5592 = CARTESIAN_POINT('',(65.622535682259,9.996500468048,
    87.064653772221));
#5593 = CARTESIAN_POINT('',(65.665024335558,9.948505107462,
    87.152099970739));
#5594 = CARTESIAN_POINT('',(65.709289401324,9.892924054443,
    87.238634590457));
#5595 = CARTESIAN_POINT('',(65.754220508404,9.829510354153,
    87.323320214704));
#5596 = CARTESIAN_POINT('',(65.799811526615,9.755065708344,
    87.406406727597));
#5597 = CARTESIAN_POINT('',(65.884221311618,9.585087379828,
    87.556008932813));
#5598 = CARTESIAN_POINT('',(65.92327521715,9.491260790802,
    87.623276228262));
#5599 = CARTESIAN_POINT('',(65.958717788053,9.384017989615,
    87.68267343478));
#5600 = CARTESIAN_POINT('',(65.986266936934,9.261928700389,
    87.727550318988));
#5601 = CARTESIAN_POINT('',(66.,9.131204210144,87.75));
#5602 = CARTESIAN_POINT('',(66.,9.,87.75));
#5603 = PCURVE('',#2069,#5604);
#5604 = DEFINITIONAL_REPRESENTATION('',(#5605),#5609);
#5605 = LINE('',#5606,#5607);
#5606 = CARTESIAN_POINT('',(0.,0.));
#5607 = VECTOR('',#5608,1.);
#5608 = DIRECTION('',(0.,1.));
#5609 = ( GEOMETRIC_REPRESENTATION_CONTEXT(2) 
PARAMETRIC_REPRESENTATION_CONTEXT() REPRESENTATION_CONTEXT('2D SPACE',''
  ) );
#5610 = PCURVE('',#5611,#5616);
#5611 = CYLINDRICAL_SURFACE('',#5612,1.5);
#5612 = AXIS2_PLACEMENT_3D('',#5613,#5614,#5615);
#5613 = CARTESIAN_POINT('',(64.5,9.,86.));
#5614 = DIRECTION('',(0.,0.,1.));
#5615 = DIRECTION('',(1.,0.,-0.));
#5616 = DEFINITIONAL_REPRESENTATION('',(#5617),#5665);
#5617 = B_SPLINE_CURVE_WITH_KNOTS('',10,(#5618,#5619,#5620,#5621,#5622,
    #5623,#5624,#5625,#5626,#5627,#5628,#5629,#5630,#5631,#5632,#5633,
    #5634,#5635,#5636,#5637,#5638,#5639,#5640,#5641,#5642,#5643,#5644,
    #5645,#5646,#5647,#5648,#5649,#5650,#5651,#5652,#5653,#5654,#5655,
    #5656,#5657,#5658,#5659,#5660,#5661,#5662,#5663,#5664),
  .UNSPECIFIED.,.F.,.F.,(11,9,9,9,9,11),(22.770073663462,22.927636604866
    ,23.006418075568,23.08519954627,23.400325429078,24.030577194694),
  .UNSPECIFIED.);
#5618 = CARTESIAN_POINT('',(0.846090018047,0.750000000004));
#5619 = CARTESIAN_POINT('',(0.841728103289,0.765099829264));
#5620 = CARTESIAN_POINT('',(0.837248724102,0.780049051023));
#5621 = CARTESIAN_POINT('',(0.832651923793,0.794866902199));
#5622 = CARTESIAN_POINT('',(0.827935744084,0.8095746494));
#5623 = CARTESIAN_POINT('',(0.82309622511,0.824195588918));
#5624 = CARTESIAN_POINT('',(0.818127405427,0.838755046736));
#5625 = CARTESIAN_POINT('',(0.813021322003,0.853280378522));
#5626 = CARTESIAN_POINT('',(0.807768010224,0.867800969634));
#5627 = CARTESIAN_POINT('',(0.802355503891,0.882348235114));
#5628 = CARTESIAN_POINT('',(0.793977000889,0.904259311988));
#5629 = CARTESIAN_POINT('',(0.791140538846,0.911578338309));
#5630 = CARTESIAN_POINT('',(0.788258535495,0.918917029352));
#5631 = CARTESIAN_POINT('',(0.785328831273,0.926279952649));
#5632 = CARTESIAN_POINT('',(0.782349020659,0.933671912581));
#5633 = CARTESIAN_POINT('',(0.779316452169,0.941097950369));
#5634 = CARTESIAN_POINT('',(0.77622822836,0.948563344078));
#5635 = CARTESIAN_POINT('',(0.773081205829,0.956073608617));
#5636 = CARTESIAN_POINT('',(0.769871995209,0.963634495738));
#5637 = CARTESIAN_POINT('',(0.763321927141,0.978869492338));
#5638 = CARTESIAN_POINT('',(0.75996854769,0.986564576992));
#5639 = CARTESIAN_POINT('',(0.756580588496,0.994263894042));
#5640 = CARTESIAN_POINT('',(0.753161946791,1.001959512089));
#5641 = CARTESIAN_POINT('',(0.74969980703,1.009672267287));
#5642 = CARTESIAN_POINT('',(0.746190313023,1.017408208071));
#5643 = CARTESIAN_POINT('',(0.742642793476,1.025150880652));
#5644 = CARTESIAN_POINT('',(0.739062742066,1.032890141496));
#5645 = CARTESIAN_POINT('',(0.735437917494,1.040646128397));
#5646 = CARTESIAN_POINT('',(0.717128795722,1.079440321186));
#5647 = CARTESIAN_POINT('',(0.701863901919,1.110564230142));
#5648 = CARTESIAN_POINT('',(0.686005840917,1.141692357233));
#5649 = CARTESIAN_POINT('',(0.669565977435,1.172760260413));
#5650 = CARTESIAN_POINT('',(0.652543596467,1.203717950418));
#5651 = CARTESIAN_POINT('',(0.63492688803,1.234524448998));
#5652 = CARTESIAN_POINT('',(0.616693931908,1.265142347149));
#5653 = CARTESIAN_POINT('',(0.597813682405,1.295532363351));
#5654 = CARTESIAN_POINT('',(0.578246953082,1.325647901797));
#5655 = CARTESIAN_POINT('',(0.517348298371,1.414993028293));
#5656 = CARTESIAN_POINT('',(0.473814877526,1.473197533174));
#5657 = CARTESIAN_POINT('',(0.427043928739,1.529729458886));
#5658 = CARTESIAN_POINT('',(0.376465998699,1.58306821407));
#5659 = CARTESIAN_POINT('',(0.321852198962,1.63368487313));
#5660 = CARTESIAN_POINT('',(0.262990215636,1.677273433496));
#5661 = CARTESIAN_POINT('',(0.200295077221,1.712985661534));
#5662 = CARTESIAN_POINT('',(0.134711206263,1.737632444516));
#5663 = CARTESIAN_POINT('',(6.744301951307E-02,1.75));
#5664 = CARTESIAN_POINT('',(-5.551115123126E-17,1.75));
#5665 = ( GEOMETRIC_REPRESENTATION_CONTEXT(2) 
PARAMETRIC_REPRESENTATION_CONTEXT() REPRESENTATION_CONTEXT('2D SPACE',''
  ) );
#5666 = ADVANCED_FACE('',(#5667),#1915,.T.);
#5667 = FACE_BOUND('',#5668,.T.);
#5668 = EDGE_LOOP('',(#5669,#5690,#5691,#5692));
#5669 = ORIENTED_EDGE('',*,*,#5670,.T.);
#5670 = EDGE_CURVE('',#5671,#1764,#5673,.T.);
#5671 = VERTEX_POINT('',#5672);
#5672 = CARTESIAN_POINT('',(64.5,10.30119319576,86.241388103808));
#5673 = SURFACE_CURVE('',#5674,(#5678,#5684),.PCURVE_S1.);
#5674 = ( BOUNDED_CURVE() B_SPLINE_CURVE(2,(#5675,#5676,#5677),
.UNSPECIFIED.,.F.,.F.) B_SPLINE_CURVE_WITH_KNOTS((3,3),(0.,
21.484618050434),.PIECEWISE_BEZIER_KNOTS.) CURVE() 
GEOMETRIC_REPRESENTATION_ITEM() RATIONAL_B_SPLINE_CURVE((1.,
0.947567150009,1.)) REPRESENTATION_ITEM('') );
#5675 = CARTESIAN_POINT('',(64.5,10.30119319576,86.241388103808));
#5676 = CARTESIAN_POINT('',(64.501644357141,10.163978661449,
    86.092685884616));
#5677 = CARTESIAN_POINT('',(64.504070220619,10.144847744539,
    85.891263429229));
#5678 = PCURVE('',#1915,#5679);
#5679 = DEFINITIONAL_REPRESENTATION('',(#5680),#5683);
#5680 = B_SPLINE_CURVE_WITH_KNOTS('',1,(#5681,#5682),.UNSPECIFIED.,.F.,
  .F.,(2,2),(0.,21.484618050434),.PIECEWISE_BEZIER_KNOTS.);
#5681 = CARTESIAN_POINT('',(0.,21.484812015022));
#5682 = CARTESIAN_POINT('',(1.285261648436,21.484812015022));
#5683 = ( GEOMETRIC_REPRESENTATION_CONTEXT(2) 
PARAMETRIC_REPRESENTATION_CONTEXT() REPRESENTATION_CONTEXT('2D SPACE',''
  ) );
#5684 = PCURVE('',#1802,#5685);
#5685 = DEFINITIONAL_REPRESENTATION('',(#5686),#5689);
#5686 = B_SPLINE_CURVE_WITH_KNOTS('',1,(#5687,#5688),.UNSPECIFIED.,.F.,
  .F.,(2,2),(0.,21.484618050434),.PIECEWISE_BEZIER_KNOTS.);
#5687 = CARTESIAN_POINT('',(0.,21.484812015022));
#5688 = CARTESIAN_POINT('',(21.484618050434,21.484812015022));
#5689 = ( GEOMETRIC_REPRESENTATION_CONTEXT(2) 
PARAMETRIC_REPRESENTATION_CONTEXT() REPRESENTATION_CONTEXT('2D SPACE',''
  ) );
#5690 = ORIENTED_EDGE('',*,*,#1861,.T.);
#5691 = ORIENTED_EDGE('',*,*,#5560,.F.);
#5692 = ORIENTED_EDGE('',*,*,#5693,.F.);
#5693 = EDGE_CURVE('',#5671,#5561,#5694,.T.);
#5694 = SURFACE_CURVE('',#5695,(#5720,#5727),.PCURVE_S1.);
#5695 = ( BOUNDED_CURVE() B_SPLINE_CURVE(12,(#5696,#5697,#5698,#5699,
    #5700,#5701,#5702,#5703,#5704,#5705,#5706,#5707,#5708,#5709,#5710,
    #5711,#5712,#5713,#5714,#5715,#5716,#5717,#5718,#5719),
.UNSPECIFIED.,.F.,.F.) B_SPLINE_CURVE_WITH_KNOTS((13,11,13),(
    21.484812015022,22.092205221814,22.770073663458),.UNSPECIFIED.) 
CURVE() GEOMETRIC_REPRESENTATION_ITEM() RATIONAL_B_SPLINE_CURVE((1.,1.,
    1.,1.000000000001,0.999999999999,1.000000000002,0.999999999998,
    1.000000000002,0.999999999999,1.000000000001,1.,1.,1.,1.,1.,1.,
    1.000000000001,0.999999999999,1.000000000001,0.999999999999,1.,1.,1.
,1.)) REPRESENTATION_ITEM('') );
#5696 = CARTESIAN_POINT('',(64.5,10.30119319576,86.241388103808));
#5697 = CARTESIAN_POINT('',(64.550536749187,10.30124469692,
    86.241443916677));
#5698 = CARTESIAN_POINT('',(64.597082940873,10.300651335709,
    86.243107711776));
#5699 = CARTESIAN_POINT('',(64.644002517566,10.300035253496,
    86.24659566886));
#5700 = CARTESIAN_POINT('',(64.689899543566,10.299052077101,
    86.251225383963));
#5701 = CARTESIAN_POINT('',(64.742283123693,10.296995902503,
    86.258488967314));
#5702 = CARTESIAN_POINT('',(64.78129032703,10.295697940893,
    86.266370646268));
#5703 = CARTESIAN_POINT('',(64.833657847484,10.29299433791,
    86.27699641405));
#5704 = CARTESIAN_POINT('',(64.874994114692,10.290596897256,
    86.28883942784));
#5705 = CARTESIAN_POINT('',(64.920869631022,10.287506322323,
    86.302837556135));
#5706 = CARTESIAN_POINT('',(64.963856610556,10.284078816509,
    86.318629673453));
#5707 = CARTESIAN_POINT('',(65.006256868351,10.28013038652,
    86.336336030681));
#5708 = CARTESIAN_POINT('',(65.093523827314,10.270520007143,
    86.377769931644));
#5709 = CARTESIAN_POINT('',(65.138166223244,10.264702844251,
    86.401959809124));
#5710 = CARTESIAN_POINT('',(65.181324851502,10.258021144292,
    86.428464551587));
#5711 = CARTESIAN_POINT('',(65.222921407715,10.250306514523,
    86.457228879376));
#5712 = CARTESIAN_POINT('',(65.262895752028,10.241349730595,
    86.488162926371));
#5713 = CARTESIAN_POINT('',(65.301202264834,10.230912249056,
    86.521140851503));
#5714 = CARTESIAN_POINT('',(65.337806202517,10.218737719853,
    86.555999450261));
#5715 = CARTESIAN_POINT('',(65.372680053183,10.204563498833,
    86.592536766205));
#5716 = CARTESIAN_POINT('',(65.405799892402,10.188132160244,
    86.630510702471));
#5717 = CARTESIAN_POINT('',(65.437141738945,10.169203009241,
    86.66963763329));
#5718 = CARTESIAN_POINT('',(65.466677910518,10.147563594385,
    86.709591015487));
#5719 = CARTESIAN_POINT('',(65.494373379501,10.123041220143,86.75));
#5720 = PCURVE('',#1915,#5721);
#5721 = DEFINITIONAL_REPRESENTATION('',(#5722),#5726);
#5722 = LINE('',#5723,#5724);
#5723 = CARTESIAN_POINT('',(0.,0.));
#5724 = VECTOR('',#5725,1.);
#5725 = DIRECTION('',(0.,1.));
#5726 = ( GEOMETRIC_REPRESENTATION_CONTEXT(2) 
PARAMETRIC_REPRESENTATION_CONTEXT() REPRESENTATION_CONTEXT('2D SPACE',''
  ) );
#5727 = PCURVE('',#5728,#5733);
#5728 = TOROIDAL_SURFACE('',#5729,0.75,0.75);
#5729 = AXIS2_PLACEMENT_3D('',#5730,#5731,#5732);
#5730 = CARTESIAN_POINT('',(64.5,9.,86.75));
#5731 = DIRECTION('',(-0.,-0.,-1.));
#5732 = DIRECTION('',(0.,1.,-0.));
#5733 = DEFINITIONAL_REPRESENTATION('',(#5734),#5755);
#5734 = B_SPLINE_CURVE_WITH_KNOTS('',10,(#5735,#5736,#5737,#5738,#5739,
    #5740,#5741,#5742,#5743,#5744,#5745,#5746,#5747,#5748,#5749,#5750,
    #5751,#5752,#5753,#5754),.UNSPECIFIED.,.F.,.F.,(11,9,11),(
    21.484812015022,22.12744283924,22.770073663458),.UNSPECIFIED.);
#5735 = CARTESIAN_POINT('',(1.24344978758E-14,0.745241337413));
#5736 = CARTESIAN_POINT('',(4.931038429822E-02,0.745112778151));
#5737 = CARTESIAN_POINT('',(9.371997009001E-02,0.740127716253));
#5738 = CARTESIAN_POINT('',(0.138696872892,0.730119004788));
#5739 = CARTESIAN_POINT('',(0.188094792668,0.715579986196));
#5740 = CARTESIAN_POINT('',(0.227652130201,0.695495189365));
#5741 = CARTESIAN_POINT('',(0.273608382067,0.671554367404));
#5742 = CARTESIAN_POINT('',(0.313026233751,0.642411286149));
#5743 = CARTESIAN_POINT('',(0.352545325757,0.609319894648));
#5744 = CARTESIAN_POINT('',(0.389684286849,0.572164126653));
#5745 = CARTESIAN_POINT('',(0.460499566433,0.490569942705));
#5746 = CARTESIAN_POINT('',(0.494118079194,0.446122545601));
#5747 = CARTESIAN_POINT('',(0.526045648804,0.398374141119));
#5748 = CARTESIAN_POINT('',(0.556471812707,0.347659468551));
#5749 = CARTESIAN_POINT('',(0.585657947572,0.294306681589));
#5750 = CARTESIAN_POINT('',(0.61391775495,0.238645321204));
#5751 = CARTESIAN_POINT('',(0.641597746944,0.181014288505));
#5752 = CARTESIAN_POINT('',(0.669057731864,0.121769817613));
#5753 = CARTESIAN_POINT('',(0.696651299893,6.129344852933E-02));
#5754 = CARTESIAN_POINT('',(0.724706308746,-2.133257173849E-14));
#5755 = ( GEOMETRIC_REPRESENTATION_CONTEXT(2) 
PARAMETRIC_REPRESENTATION_CONTEXT() REPRESENTATION_CONTEXT('2D SPACE',''
  ) );
#5756 = ADVANCED_FACE('',(#5757),#1802,.T.);
#5757 = FACE_BOUND('',#5758,.T.);
#5758 = EDGE_LOOP('',(#5759,#5920,#5921,#5922));
#5759 = ORIENTED_EDGE('',*,*,#5760,.T.);
#5760 = EDGE_CURVE('',#5761,#1593,#5763,.T.);
#5761 = VERTEX_POINT('',#5762);
#5762 = CARTESIAN_POINT('',(43.682236491668,10.301198576612,
    86.241393935211));
#5763 = SURFACE_CURVE('',#5764,(#5830,#5872),.PCURVE_S1.);
#5764 = B_SPLINE_CURVE_WITH_KNOTS('',8,(#5765,#5766,#5767,#5768,#5769,
    #5770,#5771,#5772,#5773,#5774,#5775,#5776,#5777,#5778,#5779,#5780,
    #5781,#5782,#5783,#5784,#5785,#5786,#5787,#5788,#5789,#5790,#5791,
    #5792,#5793,#5794,#5795,#5796,#5797,#5798,#5799,#5800,#5801,#5802,
    #5803,#5804,#5805,#5806,#5807,#5808,#5809,#5810,#5811,#5812,#5813,
    #5814,#5815,#5816,#5817,#5818,#5819,#5820,#5821,#5822,#5823,#5824,
    #5825,#5826,#5827,#5828,#5829),.UNSPECIFIED.,.F.,.F.,(9,7,7,7,7,7,7,
    7,7,9),(0.,7.50105949114E-03,1.74854175759E-02,6.745327578885E-02,
    0.152069477494,0.210447374509,0.379495373316,0.504895930472,
    0.723424388651,1.),.UNSPECIFIED.);
#5765 = CARTESIAN_POINT('',(43.680240365883,10.301198576664,
    86.241393935268));
#5766 = CARTESIAN_POINT('',(43.680141106907,10.300954537336,
    86.241129459203));
#5767 = CARTESIAN_POINT('',(43.679906140935,10.30071070131,
    86.24086483971));
#5768 = CARTESIAN_POINT('',(43.679530301432,10.300467089381,
    86.240600099495));
#5769 = CARTESIAN_POINT('',(43.679090323468,10.300223669532,
    86.240335203994));
#5770 = CARTESIAN_POINT('',(43.678617543638,10.299980437617,
    86.240070148734));
#5771 = CARTESIAN_POINT('',(43.678112565884,10.299737400063,
    86.239804940681));
#5772 = CARTESIAN_POINT('',(43.677592105804,10.299494537921,
    86.239539559289));
#5773 = CARTESIAN_POINT('',(43.676347600147,10.298928775027,
    86.23892048496));
#5774 = CARTESIAN_POINT('',(43.67561421871,10.298606015586,
    86.238566664623));
#5775 = CARTESIAN_POINT('',(43.674869313953,10.298283542993,
    86.238212510473));
#5776 = CARTESIAN_POINT('',(43.67411716429,10.297961353835,
    86.237858018497));
#5777 = CARTESIAN_POINT('',(43.673359384495,10.297639447245,
    86.237503187439));
#5778 = CARTESIAN_POINT('',(43.672597303931,10.297317822493,
    86.237148016193));
#5779 = CARTESIAN_POINT('',(43.671832432802,10.296996478492,
    86.236792503267));
#5780 = CARTESIAN_POINT('',(43.66722439372,10.295068617539,
    86.234655731669));
#5781 = CARTESIAN_POINT('',(43.663323314093,10.293468856994,
    86.232866255128));
#5782 = CARTESIAN_POINT('',(43.659434280988,10.291876134521,
    86.231068180311));
#5783 = CARTESIAN_POINT('',(43.655517486365,10.290290570109,
    86.229261599245));
#5784 = CARTESIAN_POINT('',(43.651613350849,10.288712197876,
    86.227446512573));
#5785 = CARTESIAN_POINT('',(43.647698100039,10.287141119511,
    86.225622995591));
#5786 = CARTESIAN_POINT('',(43.643784756335,10.285577397164,
    86.223791082382));
#5787 = CARTESIAN_POINT('',(43.633242398443,10.281385670818,
    86.218834512191));
#5788 = CARTESIAN_POINT('',(43.626613436361,10.27877155052,
    86.215694272256));
#5789 = CARTESIAN_POINT('',(43.619987246465,10.276179111343,
    86.212530345809));
#5790 = CARTESIAN_POINT('',(43.613366599608,10.273608713282,
    86.209342982136));
#5791 = CARTESIAN_POINT('',(43.606753769008,10.271060712464,
    86.206132439642));
#5792 = CARTESIAN_POINT('',(43.600150764699,10.268535460586,
    86.202898985455));
#5793 = CARTESIAN_POINT('',(43.593559567981,10.266033304359,
    86.199642895037));
#5794 = CARTESIAN_POINT('',(43.582444662454,10.261844481866,
    86.194102608079));
#5795 = CARTESIAN_POINT('',(43.577913428322,10.260145534442,
    86.191830125077));
#5796 = CARTESIAN_POINT('',(43.573390173355,10.258457854058,
    86.189547094882));
#5797 = CARTESIAN_POINT('',(43.56887376648,10.256781553116,
    86.187253614632));
#5798 = CARTESIAN_POINT('',(43.564366316768,10.25511674004,
    86.184949779374));
#5799 = CARTESIAN_POINT('',(43.55986912557,10.253463522648,
    86.182635686943));
#5800 = CARTESIAN_POINT('',(43.555379890942,10.251822010455,
    86.180311441315));
#5801 = CARTESIAN_POINT('',(43.537936478165,10.245473085588,
    86.17121758236));
#5802 = CARTESIAN_POINT('',(43.525069117552,10.240852880665,
    86.164373709472));
#5803 = CARTESIAN_POINT('',(43.512281223066,10.23633428722,
    86.157448045051));
#5804 = CARTESIAN_POINT('',(43.499623369046,10.231919741826,
    86.15044315144));
#5805 = CARTESIAN_POINT('',(43.487089613461,10.227611627228,
    86.143361775666));
#5806 = CARTESIAN_POINT('',(43.474700728361,10.223412183718,
    86.136206743611));
#5807 = CARTESIAN_POINT('',(43.462462174979,10.219323543523,
    86.128981002507));
#5808 = CARTESIAN_POINT('',(43.441424561664,10.212398407954,
    86.11627730153));
#5809 = CARTESIAN_POINT('',(43.432553198422,10.209511182007,
    86.110829773939));
#5810 = CARTESIAN_POINT('',(43.42377378422,10.206686844326,
    86.105346249834));
#5811 = CARTESIAN_POINT('',(43.4150897729,10.203926171257,
    86.099827998186));
#5812 = CARTESIAN_POINT('',(43.406504316216,10.20122989698,
    86.094276312821));
#5813 = CARTESIAN_POINT('',(43.398020263834,10.198598713504,
    86.088692512411));
#5814 = CARTESIAN_POINT('',(43.389640163333,10.196033270672,
    86.083077940481));
#5815 = CARTESIAN_POINT('',(43.366947797201,10.189179145494,
    86.067598529266));
#5816 = CARTESIAN_POINT('',(43.352851854707,10.185025596371,
    86.057673794743));
#5817 = CARTESIAN_POINT('',(43.33908989214,10.181076735924,
    86.047666980958));
#5818 = CARTESIAN_POINT('',(43.325670951387,10.177335351433,
    86.037585495883));
#5819 = CARTESIAN_POINT('',(43.312601904506,10.173803801555,
    86.027436896761));
#5820 = CARTESIAN_POINT('',(43.299887701435,10.170484007575,
    86.017228850512));
#5821 = CARTESIAN_POINT('',(43.287531617696,10.167377444647,
    86.006969094156));
#5822 = CARTESIAN_POINT('',(43.260352889121,10.160824544121,
    85.983624751192));
#5823 = CARTESIAN_POINT('',(43.245746717792,10.157507142357,
    85.970513715585));
#5824 = CARTESIAN_POINT('',(43.231720518641,10.154535020906,
    85.95734803984));
#5825 = CARTESIAN_POINT('',(43.218272969913,10.151909095185,
    85.944143539393));
#5826 = CARTESIAN_POINT('',(43.205398857549,10.149629137374,
    85.930915970654));
#5827 = CARTESIAN_POINT('',(43.193090035163,10.14769381092,
    85.917680907986));
#5828 = CARTESIAN_POINT('',(43.181336384027,10.146100705037,
    85.904453620686));
#5829 = CARTESIAN_POINT('',(43.170126773044,10.14484636922,
    85.891248949965));
#5830 = PCURVE('',#1802,#5831);
#5831 = DEFINITIONAL_REPRESENTATION('',(#5832),#5871);
#5832 = B_SPLINE_CURVE_WITH_KNOTS('',10,(#5833,#5834,#5835,#5836,#5837,
    #5838,#5839,#5840,#5841,#5842,#5843,#5844,#5845,#5846,#5847,#5848,
    #5849,#5850,#5851,#5852,#5853,#5854,#5855,#5856,#5857,#5858,#5859,
    #5860,#5861,#5862,#5863,#5864,#5865,#5866,#5867,#5868,#5869,#5870),
  .UNSPECIFIED.,.F.,.F.,(11,9,9,9,11),(0.,0.25,0.5,0.75,1.),
  .UNSPECIFIED.);
#5833 = CARTESIAN_POINT('',(-2.22044604925E-15,0.679071795258));
#5834 = CARTESIAN_POINT('',(0.537583156234,0.676433160467));
#5835 = CARTESIAN_POINT('',(1.496541450074,0.600867807755));
#5836 = CARTESIAN_POINT('',(0.835228462012,0.731126501399));
#5837 = CARTESIAN_POINT('',(3.282510454909,0.484036854891));
#5838 = CARTESIAN_POINT('',(1.796256165779,0.722126285631));
#5839 = CARTESIAN_POINT('',(3.804637771752,0.512374910367));
#5840 = CARTESIAN_POINT('',(3.62199282383,0.59773505715));
#5841 = CARTESIAN_POINT('',(4.375993600289,0.549687984153));
#5842 = CARTESIAN_POINT('',(4.882966421153,0.539476636321));
#5843 = CARTESIAN_POINT('',(5.955591450381,0.509269980684));
#5844 = CARTESIAN_POINT('',(6.492290066899,0.494312354956));
#5845 = CARTESIAN_POINT('',(7.0293072462,0.479516616504));
#5846 = CARTESIAN_POINT('',(7.566575449153,0.464898950511));
#5847 = CARTESIAN_POINT('',(8.104027136646,0.450475542162));
#5848 = CARTESIAN_POINT('',(8.641594769539,0.436262576642));
#5849 = CARTESIAN_POINT('',(9.179210808725,0.422276239135));
#5850 = CARTESIAN_POINT('',(9.716807715065,0.408532714825));
#5851 = CARTESIAN_POINT('',(10.254317949445,0.395048188897));
#5852 = CARTESIAN_POINT('',(11.329029996028,0.368629504175));
#5853 = CARTESIAN_POINT('',(11.86652847631,0.355685152805));
#5854 = CARTESIAN_POINT('',(12.404121873213,0.343010640846));
#5855 = CARTESIAN_POINT('',(12.941762646355,0.330610816716));
#5856 = CARTESIAN_POINT('',(13.479403255384,0.318490528835));
#5857 = CARTESIAN_POINT('',(14.016996159898,0.306654625622));
#5858 = CARTESIAN_POINT('',(14.554493819558,0.295107955498));
#5859 = CARTESIAN_POINT('',(15.091848693963,0.28385536688));
#5860 = CARTESIAN_POINT('',(15.629013242759,0.272901708188));
#5861 = CARTESIAN_POINT('',(16.702866608373,0.251601947496));
#5862 = CARTESIAN_POINT('',(17.30020602691,0.240324654147));
#5863 = CARTESIAN_POINT('',(17.464073857235,0.235900100785));
#5864 = CARTESIAN_POINT('',(19.144334071128,0.208863879242));
#5865 = CARTESIAN_POINT('',(17.494415233933,0.232429292196));
#5866 = CARTESIAN_POINT('',(20.867518891347,0.180334673178));
#5867 = CARTESIAN_POINT('',(18.868666972851,0.209863321865));
#5868 = CARTESIAN_POINT('',(20.916863377012,0.178290737));
#5869 = CARTESIAN_POINT('',(20.947223788232,0.177682503719));
#5870 = CARTESIAN_POINT('',(21.484618050434,0.169589602971));
#5871 = ( GEOMETRIC_REPRESENTATION_CONTEXT(2) 
PARAMETRIC_REPRESENTATION_CONTEXT() REPRESENTATION_CONTEXT('2D SPACE',''
  ) );
#5872 = PCURVE('',#1630,#5873);
#5873 = DEFINITIONAL_REPRESENTATION('',(#5874),#5919);
#5874 = B_SPLINE_CURVE_WITH_KNOTS('',8,(#5875,#5876,#5877,#5878,#5879,
    #5880,#5881,#5882,#5883,#5884,#5885,#5886,#5887,#5888,#5889,#5890,
    #5891,#5892,#5893,#5894,#5895,#5896,#5897,#5898,#5899,#5900,#5901,
    #5902,#5903,#5904,#5905,#5906,#5907,#5908,#5909,#5910,#5911,#5912,
    #5913,#5914,#5915,#5916,#5917,#5918),.UNSPECIFIED.,.F.,.F.,(9,7,7,7,
    7,7,9),(0.,0.125,0.25,0.5,0.75,0.875,1.),.UNSPECIFIED.);
#5875 = CARTESIAN_POINT('',(-1.387778780781E-17,0.229364488639));
#5876 = CARTESIAN_POINT('',(4.090143901948E-06,0.223307358556));
#5877 = CARTESIAN_POINT('',(3.711620042844E-02,0.211940699695));
#5878 = CARTESIAN_POINT('',(-7.348951395955E-05,0.212782414326));
#5879 = CARTESIAN_POINT('',(5.662161634407E-02,0.200240072689));
#5880 = CARTESIAN_POINT('',(3.36148765142E-02,0.196642228518));
#5881 = CARTESIAN_POINT('',(5.544746550042E-02,0.189291685596));
#5882 = CARTESIAN_POINT('',(6.191293901411E-02,0.182857826046));
#5883 = CARTESIAN_POINT('',(7.967470290382E-02,0.169842310197));
#5884 = CARTESIAN_POINT('',(8.854003787222E-02,0.163348917864));
#5885 = CARTESIAN_POINT('',(9.738881657566E-02,0.156876856054));
#5886 = CARTESIAN_POINT('',(0.106220029726,0.150433089699));
#5887 = CARTESIAN_POINT('',(0.115032668034,0.144024583732));
#5888 = CARTESIAN_POINT('',(0.123825722211,0.137658303084));
#5889 = CARTESIAN_POINT('',(0.13259818297,0.131341212688));
#5890 = CARTESIAN_POINT('',(0.158850757123,0.112558407051));
#5891 = CARTESIAN_POINT('',(0.176268306154,0.100268560483));
#5892 = CARTESIAN_POINT('',(0.193594374541,8.824191128554E-02));
#5893 = CARTESIAN_POINT('',(0.210821648715,7.650963297427E-02));
#5894 = CARTESIAN_POINT('',(0.227942815103,6.510289906401E-02));
#5895 = CARTESIAN_POINT('',(0.244950560133,5.405288306969E-02));
#5896 = CARTESIAN_POINT('',(0.261837570236,4.33907585063E-02));
#5897 = CARTESIAN_POINT('',(0.295355493441,2.290463927123E-02));
#5898 = CARTESIAN_POINT('',(0.311985005738,1.307339014108E-02));
#5899 = CARTESIAN_POINT('',(0.328479871146,3.657138925218E-03));
#5900 = CARTESIAN_POINT('',(0.344834892087,-5.340926949465E-03));
#5901 = CARTESIAN_POINT('',(0.361044870979,-1.391762005607E-02));
#5902 = CARTESIAN_POINT('',(0.377104610241,-2.20697529677E-02));
#5903 = CARTESIAN_POINT('',(0.393008912292,-2.979413825746E-02));
#5904 = CARTESIAN_POINT('',(0.416624413182,-4.073431361895E-02));
#5905 = CARTESIAN_POINT('',(0.424446508949,-4.427192179197E-02));
#5906 = CARTESIAN_POINT('',(0.432224509544,-4.770438864051E-02));
#5907 = CARTESIAN_POINT('',(0.439964057657,-5.103568978758E-02));
#5908 = CARTESIAN_POINT('',(0.447670795978,-5.426980085615E-02));
#5909 = CARTESIAN_POINT('',(0.455350367199,-5.741069746924E-02));
#5910 = CARTESIAN_POINT('',(0.463008414008,-6.046235524982E-02));
#5911 = CARTESIAN_POINT('',(0.478292744185,-6.639514439198E-02));
#5912 = CARTESIAN_POINT('',(0.484522732599,-6.879750518555E-02));
#5913 = CARTESIAN_POINT('',(0.49599133747,-7.286912939859E-02));
#5914 = CARTESIAN_POINT('',(0.499113400774,-7.411979129369E-02));
#5915 = CARTESIAN_POINT('',(0.505470511096,-7.634159268909E-02));
#5916 = CARTESIAN_POINT('',(0.52044858937,-8.132224202196E-02));
#5917 = CARTESIAN_POINT('',(0.520982619413,-8.150725175155E-02));
#5918 = CARTESIAN_POINT('',(0.528280780087,-8.385254386844E-02));
#5919 = ( GEOMETRIC_REPRESENTATION_CONTEXT(2) 
PARAMETRIC_REPRESENTATION_CONTEXT() REPRESENTATION_CONTEXT('2D SPACE',''
  ) );
#5920 = ORIENTED_EDGE('',*,*,#1763,.T.);
#5921 = ORIENTED_EDGE('',*,*,#5670,.F.);
#5922 = ORIENTED_EDGE('',*,*,#5923,.F.);
#5923 = EDGE_CURVE('',#5761,#5671,#5924,.T.);
#5924 = SURFACE_CURVE('',#5925,(#5943,#5950),.PCURVE_S1.);
#5925 = B_SPLINE_CURVE_WITH_KNOTS('',6,(#5926,#5927,#5928,#5929,#5930,
    #5931,#5932,#5933,#5934,#5935,#5936,#5937,#5938,#5939,#5940,#5941,
    #5942),.UNSPECIFIED.,.F.,.F.,(7,5,5,7),(-1.167837487983,
    1.939645880281E-04,21.483428536354,21.484812015022),.UNSPECIFIED.);
#5926 = CARTESIAN_POINT('',(41.83408695876,10.301198602491,
    86.241393963256));
#5927 = CARTESIAN_POINT('',(42.028889420895,10.301198600415,
    86.241393961007));
#5928 = CARTESIAN_POINT('',(42.223691883029,10.301198598339,
    86.241393958757));
#5929 = CARTESIAN_POINT('',(42.418494345164,10.301198596264,
    86.241393956508));
#5930 = CARTESIAN_POINT('',(42.613296807298,10.301198594188,
    86.241393954258));
#5931 = CARTESIAN_POINT('',(42.808099269433,10.301198592112,
    86.241393952008));
#5932 = CARTESIAN_POINT('',(46.585842053922,10.301198551857,
    86.241393908383));
#5933 = CARTESIAN_POINT('',(50.168916937288,10.301197983457,
    86.241393292459));
#5934 = CARTESIAN_POINT('',(53.751495906172,10.301199954453,
    86.241395428213));
#5935 = CARTESIAN_POINT('',(57.335321621596,10.301194879171,
    86.241389928414));
#5936 = CARTESIAN_POINT('',(60.916577907296,10.301203952945,
    86.241399761592));
#5937 = CARTESIAN_POINT('',(64.498847989033,10.301193209949,
    86.241388119186));
#5938 = CARTESIAN_POINT('',(64.499078573321,10.301193208538,
    86.241388117655));
#5939 = CARTESIAN_POINT('',(64.499309066032,10.30119320641,
    86.24138811535));
#5940 = CARTESIAN_POINT('',(64.499539467695,10.301193203568,
    86.24138811227));
#5941 = CARTESIAN_POINT('',(64.499769778842,10.301193200017,
    86.241388108422));
#5942 = CARTESIAN_POINT('',(64.5,10.30119319576,86.241388103808));
#5943 = PCURVE('',#1802,#5944);
#5944 = DEFINITIONAL_REPRESENTATION('',(#5945),#5949);
#5945 = LINE('',#5946,#5947);
#5946 = CARTESIAN_POINT('',(0.,0.));
#5947 = VECTOR('',#5948,1.);
#5948 = DIRECTION('',(0.,1.));
#5949 = ( GEOMETRIC_REPRESENTATION_CONTEXT(2) 
PARAMETRIC_REPRESENTATION_CONTEXT() REPRESENTATION_CONTEXT('2D SPACE',''
  ) );
#5950 = PCURVE('',#5951,#5956);
#5951 = CYLINDRICAL_SURFACE('',#5952,0.75);
#5952 = AXIS2_PLACEMENT_3D('',#5953,#5954,#5955);
#5953 = CARTESIAN_POINT('',(42.5,9.75,86.75));
#5954 = DIRECTION('',(1.,0.,-0.));
#5955 = DIRECTION('',(0.,1.,0.));
#5956 = DEFINITIONAL_REPRESENTATION('',(#5957),#5970);
#5957 = B_SPLINE_CURVE_WITH_KNOTS('',6,(#5958,#5959,#5960,#5961,#5962,
    #5963,#5964,#5965,#5966,#5967,#5968,#5969),.UNSPECIFIED.,.F.,.F.,(7,
    5,7),(1.939645880281E-04,21.483428536354,21.484812015022),
  .UNSPECIFIED.);
#5958 = CARTESIAN_POINT('',(-0.745230731472,0.502901731567));
#5959 = CARTESIAN_POINT('',(-0.745230806538,4.085842053922));
#5960 = CARTESIAN_POINT('',(-0.745231924027,7.668916937289));
#5961 = CARTESIAN_POINT('',(-0.745228049033,11.251495906171));
#5962 = CARTESIAN_POINT('',(-0.745238027343,14.835321621597));
#5963 = CARTESIAN_POINT('',(-0.745220187326,18.416577907296));
#5964 = CARTESIAN_POINT('',(-0.745241309514,21.998847989033));
#5965 = CARTESIAN_POINT('',(-0.74524131229,21.999078573321));
#5966 = CARTESIAN_POINT('',(-0.745241316474,21.999309066032));
#5967 = CARTESIAN_POINT('',(-0.74524132206,21.999539467695));
#5968 = CARTESIAN_POINT('',(-0.745241329042,21.999769778842));
#5969 = CARTESIAN_POINT('',(-0.745241337413,22.));
#5970 = ( GEOMETRIC_REPRESENTATION_CONTEXT(2) 
PARAMETRIC_REPRESENTATION_CONTEXT() REPRESENTATION_CONTEXT('2D SPACE',''
  ) );
#5971 = ADVANCED_FACE('',(#5972),#1630,.F.);
#5972 = FACE_BOUND('',#5973,.F.);
#5973 = EDGE_LOOP('',(#5974,#5975,#5976,#5977,#6008));
#5974 = ORIENTED_EDGE('',*,*,#5760,.T.);
#5975 = ORIENTED_EDGE('',*,*,#1592,.T.);
#5976 = ORIENTED_EDGE('',*,*,#3172,.T.);
#5977 = ORIENTED_EDGE('',*,*,#5978,.F.);
#5978 = EDGE_CURVE('',#5979,#3145,#5981,.T.);
#5979 = VERTEX_POINT('',#5980);
#5980 = CARTESIAN_POINT('',(43.782858411571,10.5,86.75));
#5981 = SURFACE_CURVE('',#5982,(#5986,#5992),.PCURVE_S1.);
#5982 = ( BOUNDED_CURVE() B_SPLINE_CURVE(2,(#5983,#5984,#5985),
.UNSPECIFIED.,.F.,.F.) B_SPLINE_CURVE_WITH_KNOTS((3,3),(0.,
1.027709803601),.PIECEWISE_BEZIER_KNOTS.) CURVE() 
GEOMETRIC_REPRESENTATION_ITEM() RATIONAL_B_SPLINE_CURVE((1.,
0.581579998038,1.)) REPRESENTATION_ITEM('') );
#5983 = CARTESIAN_POINT('',(43.782858411571,10.5,86.75));
#5984 = CARTESIAN_POINT('',(42.943604084155,10.5,86.75));
#5985 = CARTESIAN_POINT('',(43.215127543025,11.294117647059,86.75));
#5986 = PCURVE('',#1630,#5987);
#5987 = DEFINITIONAL_REPRESENTATION('',(#5988),#5991);
#5988 = B_SPLINE_CURVE_WITH_KNOTS('',1,(#5989,#5990),.UNSPECIFIED.,.F.,
  .F.,(2,2),(0.,1.027709803601),.PIECEWISE_BEZIER_KNOTS.);
#5989 = CARTESIAN_POINT('',(0.,0.763282169613));
#5990 = CARTESIAN_POINT('',(1.027709803601,0.763282169613));
#5991 = ( GEOMETRIC_REPRESENTATION_CONTEXT(2) 
PARAMETRIC_REPRESENTATION_CONTEXT() REPRESENTATION_CONTEXT('2D SPACE',''
  ) );
#5992 = PCURVE('',#3160,#5993);
#5993 = DEFINITIONAL_REPRESENTATION('',(#5994),#6007);
#5994 = B_SPLINE_CURVE_WITH_KNOTS('',11,(#5995,#5996,#5997,#5998,#5999,
    #6000,#6001,#6002,#6003,#6004,#6005,#6006),.UNSPECIFIED.,.F.,.F.,(12
    ,12),(0.,1.027709803601),.PIECEWISE_BEZIER_KNOTS.);
#5995 = CARTESIAN_POINT('',(4.440892098501E-16,-1.110223024625E-16));
#5996 = CARTESIAN_POINT('',(-0.147907130331,-1.110223024625E-16));
#5997 = CARTESIAN_POINT('',(-0.308190970615,-1.110223024625E-16));
#5998 = CARTESIAN_POINT('',(-0.480406275194,-1.110223024626E-16));
#5999 = CARTESIAN_POINT('',(-0.663098358122,-1.110223024624E-16));
#6000 = CARTESIAN_POINT('',(-0.853374877755,-1.110223024626E-16));
#6001 = CARTESIAN_POINT('',(-1.046878591554,-1.110223024624E-16));
#6002 = CARTESIAN_POINT('',(-1.237155103387,-1.110223024626E-16));
#6003 = CARTESIAN_POINT('',(-1.419847193941,-1.110223024625E-16));
#6004 = CARTESIAN_POINT('',(-1.592062495189,-1.110223024625E-16));
#6005 = CARTESIAN_POINT('',(-1.752346336082,-1.110223024625E-16));
#6006 = CARTESIAN_POINT('',(-1.900253466413,-1.110223024625E-16));
#6007 = ( GEOMETRIC_REPRESENTATION_CONTEXT(2) 
PARAMETRIC_REPRESENTATION_CONTEXT() REPRESENTATION_CONTEXT('2D SPACE',''
  ) );
#6008 = ORIENTED_EDGE('',*,*,#6009,.F.);
#6009 = EDGE_CURVE('',#5761,#5979,#6010,.T.);
#6010 = SURFACE_CURVE('',#6011,(#6044,#6051),.PCURVE_S1.);
#6011 = B_SPLINE_CURVE_WITH_KNOTS('',11,(#6012,#6013,#6014,#6015,#6016,
    #6017,#6018,#6019,#6020,#6021,#6022,#6023,#6024,#6025,#6026,#6027,
    #6028,#6029,#6030,#6031,#6032,#6033,#6034,#6035,#6036,#6037,#6038,
    #6039,#6040,#6041,#6042,#6043),.UNSPECIFIED.,.F.,.F.,(12,10,10,12),(
    -0.28339506726,-0.264427633988,0.14283082406,0.763282169613),
  .UNSPECIFIED.);
#6012 = CARTESIAN_POINT('',(43.598427360463,9.72708049322,
    85.998613085853));
#6013 = CARTESIAN_POINT('',(43.598476430922,9.731719472615,
    85.998787072505));
#6014 = CARTESIAN_POINT('',(43.598525501381,9.73635845201,
    85.998961059157));
#6015 = CARTESIAN_POINT('',(43.598574571841,9.740997431405,
    85.999135045809));
#6016 = CARTESIAN_POINT('',(43.5986236423,9.7456364108,85.99930903246));
#6017 = CARTESIAN_POINT('',(43.598672712759,9.750275390195,
    85.999483019112));
#6018 = CARTESIAN_POINT('',(43.598721783218,9.75491436959,
    85.999657005764));
#6019 = CARTESIAN_POINT('',(43.598770853678,9.759553348985,
    85.999830992415));
#6020 = CARTESIAN_POINT('',(43.598819924137,9.76419232838,
    86.000004979067));
#6021 = CARTESIAN_POINT('',(43.598868994596,9.768831307774,
    86.000178965718));
#6022 = CARTESIAN_POINT('',(43.598918065055,9.773470287169,
    86.00035295237));
#6023 = CARTESIAN_POINT('',(43.600020749842,9.877714920536,
    86.004262686199));
#6024 = CARTESIAN_POINT('',(43.602437969243,9.944378331137,
    86.021278909724));
#6025 = CARTESIAN_POINT('',(43.604581536322,9.994681096037,
    86.037064735079));
#6026 = CARTESIAN_POINT('',(43.606387590413,10.031525410956,
    86.051777638892));
#6027 = CARTESIAN_POINT('',(43.611445433304,10.067824402421,
    86.069282648621));
#6028 = CARTESIAN_POINT('',(43.618922799919,10.08653062168,
    86.076619267903));
#6029 = CARTESIAN_POINT('',(43.624171833484,10.128565579096,
    86.099502888167));
#6030 = CARTESIAN_POINT('',(43.632675405997,10.153818891236,
    86.115809700453));
#6031 = CARTESIAN_POINT('',(43.640828300957,10.184565845358,
    86.136780711383));
#6032 = CARTESIAN_POINT('',(43.649854890714,10.212815412448,
    86.158725337261));
#6033 = CARTESIAN_POINT('',(43.673669139021,10.281783965308,
    86.218274496709));
#6034 = CARTESIAN_POINT('',(43.689072007336,10.320885754825,
    86.257918878151));
#6035 = CARTESIAN_POINT('',(43.705055474513,10.357218374313,
    86.301174508994));
#6036 = CARTESIAN_POINT('',(43.721090077682,10.39045475224,
    86.348007601045));
#6037 = CARTESIAN_POINT('',(43.736564158654,10.420183332086,
    86.398329284161));
#6038 = CARTESIAN_POINT('',(43.750806138574,10.445931432714,
    86.451923553752));
#6039 = CARTESIAN_POINT('',(43.76312687216,10.467202486556,
    86.50840642752));
#6040 = CARTESIAN_POINT('',(43.772882086022,10.483527156712,
    86.567216320354));
#6041 = CARTESIAN_POINT('',(43.779554896635,10.494528331882,
    86.627635628574));
#6042 = CARTESIAN_POINT('',(43.782858411572,10.5,86.688843530714));
#6043 = CARTESIAN_POINT('',(43.782858411571,10.5,86.75));
#6044 = PCURVE('',#1630,#6045);
#6045 = DEFINITIONAL_REPRESENTATION('',(#6046),#6050);
#6046 = LINE('',#6047,#6048);
#6047 = CARTESIAN_POINT('',(0.,0.));
#6048 = VECTOR('',#6049,1.);
#6049 = DIRECTION('',(0.,1.));
#6050 = ( GEOMETRIC_REPRESENTATION_CONTEXT(2) 
PARAMETRIC_REPRESENTATION_CONTEXT() REPRESENTATION_CONTEXT('2D SPACE',''
  ) );
#6051 = PCURVE('',#5951,#6052);
#6052 = DEFINITIONAL_REPRESENTATION('',(#6053),#6061);
#6053 = B_SPLINE_CURVE_WITH_KNOTS('',6,(#6054,#6055,#6056,#6057,#6058,
    #6059,#6060),.UNSPECIFIED.,.F.,.F.,(7,7),(0.229364488639,
    0.763282169613),.PIECEWISE_BEZIER_KNOTS.);
#6054 = CARTESIAN_POINT('',(-0.745230053297,1.182236491668));
#6055 = CARTESIAN_POINT('',(-0.627770413059,1.206517991617));
#6056 = CARTESIAN_POINT('',(-0.507831856037,1.23191087584));
#6057 = CARTESIAN_POINT('',(-0.384463861299,1.255604186002));
#6058 = CARTESIAN_POINT('',(-0.257461746911,1.273888130171));
#6059 = CARTESIAN_POINT('',(-0.128643885315,1.282858411571));
#6060 = CARTESIAN_POINT('',(1.665334536938E-16,1.282858411571));
#6061 = ( GEOMETRIC_REPRESENTATION_CONTEXT(2) 
PARAMETRIC_REPRESENTATION_CONTEXT() REPRESENTATION_CONTEXT('2D SPACE',''
  ) );
#6062 = ADVANCED_FACE('',(#6063),#2379,.F.);
#6063 = FACE_BOUND('',#6064,.F.);
#6064 = EDGE_LOOP('',(#6065,#6088,#6089,#6090,#6091,#6092,#6121,#6169,
    #6272,#6300,#6337,#6359,#6360,#6428,#6540,#6640));
#6065 = ORIENTED_EDGE('',*,*,#6066,.T.);
#6066 = EDGE_CURVE('',#6067,#4151,#6069,.T.);
#6067 = VERTEX_POINT('',#6068);
#6068 = CARTESIAN_POINT('',(66.6,-9.,131.85));
#6069 = SEAM_CURVE('',#6070,(#6074,#6081),.PCURVE_S1.);
#6070 = LINE('',#6071,#6072);
#6071 = CARTESIAN_POINT('',(42.,-9.,131.85));
#6072 = VECTOR('',#6073,1.);
#6073 = DIRECTION('',(1.,0.,2.22044604925E-16));
#6074 = PCURVE('',#2379,#6075);
#6075 = DEFINITIONAL_REPRESENTATION('',(#6076),#6080);
#6076 = LINE('',#6077,#6078);
#6077 = CARTESIAN_POINT('',(6.28318530718,-0.));
#6078 = VECTOR('',#6079,1.);
#6079 = DIRECTION('',(0.,1.));
#6080 = ( GEOMETRIC_REPRESENTATION_CONTEXT(2) 
PARAMETRIC_REPRESENTATION_CONTEXT() REPRESENTATION_CONTEXT('2D SPACE',''
  ) );
#6081 = PCURVE('',#2379,#6082);
#6082 = DEFINITIONAL_REPRESENTATION('',(#6083),#6087);
#6083 = LINE('',#6084,#6085);
#6084 = CARTESIAN_POINT('',(0.,-0.));
#6085 = VECTOR('',#6086,1.);
#6086 = DIRECTION('',(0.,1.));
#6087 = ( GEOMETRIC_REPRESENTATION_CONTEXT(2) 
PARAMETRIC_REPRESENTATION_CONTEXT() REPRESENTATION_CONTEXT('2D SPACE',''
  ) );
#6088 = ORIENTED_EDGE('',*,*,#4174,.F.);
#6089 = ORIENTED_EDGE('',*,*,#4742,.F.);
#6090 = ORIENTED_EDGE('',*,*,#4150,.F.);
#6091 = ORIENTED_EDGE('',*,*,#6066,.F.);
#6092 = ORIENTED_EDGE('',*,*,#6093,.F.);
#6093 = EDGE_CURVE('',#6094,#6067,#6096,.T.);
#6094 = VERTEX_POINT('',#6095);
#6095 = CARTESIAN_POINT('',(66.6,-8.128220211292,132.25));
#6096 = SURFACE_CURVE('',#6097,(#6102,#6109),.PCURVE_S1.);
#6097 = CIRCLE('',#6098,1.15);
#6098 = AXIS2_PLACEMENT_3D('',#6099,#6100,#6101);
#6099 = CARTESIAN_POINT('',(66.6,-9.,133.));
#6100 = DIRECTION('',(-1.,-0.,0.));
#6101 = DIRECTION('',(-0.,0.758069381484,-0.652173913045));
#6102 = PCURVE('',#2379,#6103);
#6103 = DEFINITIONAL_REPRESENTATION('',(#6104),#6108);
#6104 = LINE('',#6105,#6106);
#6105 = CARTESIAN_POINT('',(0.86034771824,24.6));
#6106 = VECTOR('',#6107,1.);
#6107 = DIRECTION('',(-1.,-0.));
#6108 = ( GEOMETRIC_REPRESENTATION_CONTEXT(2) 
PARAMETRIC_REPRESENTATION_CONTEXT() REPRESENTATION_CONTEXT('2D SPACE',''
  ) );
#6109 = PCURVE('',#6110,#6115);
#6110 = TOROIDAL_SURFACE('',#6111,1.75,0.6);
#6111 = AXIS2_PLACEMENT_3D('',#6112,#6113,#6114);
#6112 = CARTESIAN_POINT('',(66.6,-9.,133.));
#6113 = DIRECTION('',(-1.,-0.,0.));
#6114 = DIRECTION('',(-0.,0.758069381484,-0.652173913045));
#6115 = DEFINITIONAL_REPRESENTATION('',(#6116),#6120);
#6116 = LINE('',#6117,#6118);
#6117 = CARTESIAN_POINT('',(0.,3.14159265359));
#6118 = VECTOR('',#6119,1.);
#6119 = DIRECTION('',(1.,0.));
#6120 = ( GEOMETRIC_REPRESENTATION_CONTEXT(2) 
PARAMETRIC_REPRESENTATION_CONTEXT() REPRESENTATION_CONTEXT('2D SPACE',''
  ) );
#6121 = ORIENTED_EDGE('',*,*,#6122,.F.);
#6122 = EDGE_CURVE('',#6123,#6094,#6125,.T.);
#6123 = VERTEX_POINT('',#6124);
#6124 = CARTESIAN_POINT('',(66.545671089722,-7.89973097985,
    132.66547334441));
#6125 = SURFACE_CURVE('',#6126,(#6133,#6143),.PCURVE_S1.);
#6126 = ( BOUNDED_CURVE() B_SPLINE_CURVE(5,(#6127,#6128,#6129,#6130,
#6131,#6132),.UNSPECIFIED.,.F.,.F.) B_SPLINE_CURVE_WITH_KNOTS((6,6),(
23.205087522159,23.492084814393),.PIECEWISE_BEZIER_KNOTS.) CURVE() 
GEOMETRIC_REPRESENTATION_ITEM() RATIONAL_B_SPLINE_CURVE((1.,1.,1.,1.,1.,
1.)) REPRESENTATION_ITEM('') );
#6127 = CARTESIAN_POINT('',(66.545671089722,-7.89973097985,
    132.66547334441));
#6128 = CARTESIAN_POINT('',(66.570902305595,-7.92897451345,
    132.56929041392));
#6129 = CARTESIAN_POINT('',(66.587971271234,-7.968397527725,
    132.47737703972));
#6130 = CARTESIAN_POINT('',(66.59667909838,-8.016579261585,
    132.39281296827));
#6131 = CARTESIAN_POINT('',(66.6,-8.070489831472,132.31710423776));
#6132 = CARTESIAN_POINT('',(66.6,-8.128220211292,132.25));
#6133 = PCURVE('',#2379,#6134);
#6134 = DEFINITIONAL_REPRESENTATION('',(#6135),#6142);
#6135 = B_SPLINE_CURVE_WITH_KNOTS('',5,(#6136,#6137,#6138,#6139,#6140,
    #6141),.UNSPECIFIED.,.F.,.F.,(6,6),(23.205087522159,23.492084814393)
  ,.PIECEWISE_BEZIER_KNOTS.);
#6136 = CARTESIAN_POINT('',(1.275636526172,24.545671089722));
#6137 = CARTESIAN_POINT('',(1.188218877649,24.570902305595));
#6138 = CARTESIAN_POINT('',(1.101788725533,24.587971500625));
#6139 = CARTESIAN_POINT('',(1.017809850195,24.596678874412));
#6140 = CARTESIAN_POINT('',(0.937321558002,24.6));
#6141 = CARTESIAN_POINT('',(0.860347718242,24.6));
#6142 = ( GEOMETRIC_REPRESENTATION_CONTEXT(2) 
PARAMETRIC_REPRESENTATION_CONTEXT() REPRESENTATION_CONTEXT('2D SPACE',''
  ) );
#6143 = PCURVE('',#6144,#6163);
#6144 = ( BOUNDED_SURFACE() B_SPLINE_SURFACE(2,5,(
    (#6145,#6146,#6147,#6148,#6149,#6150)
    ,(#6151,#6152,#6153,#6154,#6155,#6156)
    ,(#6157,#6158,#6159,#6160,#6161,#6162
)),.UNSPECIFIED.,.F.,.F.,.F.) B_SPLINE_SURFACE_WITH_KNOTS((3,3),(6,6),(
    0.,0.286997292234),(23.205087522159,23.492084814393),
.PIECEWISE_BEZIER_KNOTS.) GEOMETRIC_REPRESENTATION_ITEM() 
RATIONAL_B_SPLINE_SURFACE((
    (1.,1.,1.,1.,1.,1.)
    ,(0.723749984432,0.715897660468,0.710729752455,0.708104456892
      ,0.707106781187,0.707106781187)
,(1.,1.,1.,1.,1.,1.))) REPRESENTATION_ITEM('') SURFACE() );
#6145 = CARTESIAN_POINT('',(66.,-7.435691386308,132.25));
#6146 = CARTESIAN_POINT('',(66.,-7.469148599212,132.16255153881));
#6147 = CARTESIAN_POINT('',(66.,-7.51052116498,132.08041647844));
#6148 = CARTESIAN_POINT('',(66.,-7.55872865656,132.00258118517));
#6149 = CARTESIAN_POINT('',(66.,-7.61319463331,131.92865185273));
#6150 = CARTESIAN_POINT('',(66.,-7.6733785824,131.85869565217));
#6151 = CARTESIAN_POINT('',(66.,-7.949701801445,132.50111769145));
#6152 = CARTESIAN_POINT('',(66.,-7.982986493155,132.44383328018));
#6153 = CARTESIAN_POINT('',(66.,-8.017230080394,132.39243609084));
#6154 = CARTESIAN_POINT('',(66.,-8.051920503559,132.34350911944));
#6155 = CARTESIAN_POINT('',(66.,-8.088667776021,132.29597468488));
#6156 = CARTESIAN_POINT('',(66.,-8.128220211292,132.25));
#6157 = CARTESIAN_POINT('',(66.545671089722,-7.89973097985,
    132.66547334441));
#6158 = CARTESIAN_POINT('',(66.570902305595,-7.92897451345,
    132.56929041392));
#6159 = CARTESIAN_POINT('',(66.587971271234,-7.968397527725,
    132.47737703972));
#6160 = CARTESIAN_POINT('',(66.59667909838,-8.016579261585,
    132.39281296827));
#6161 = CARTESIAN_POINT('',(66.6,-8.070489831472,132.31710423776));
#6162 = CARTESIAN_POINT('',(66.6,-8.128220211292,132.25));
#6163 = DEFINITIONAL_REPRESENTATION('',(#6164),#6168);
#6164 = LINE('',#6165,#6166);
#6165 = CARTESIAN_POINT('',(0.286997292234,0.));
#6166 = VECTOR('',#6167,1.);
#6167 = DIRECTION('',(0.,1.));
#6168 = ( GEOMETRIC_REPRESENTATION_CONTEXT(2) 
PARAMETRIC_REPRESENTATION_CONTEXT() REPRESENTATION_CONTEXT('2D SPACE',''
  ) );
#6169 = ORIENTED_EDGE('',*,*,#6170,.F.);
#6170 = EDGE_CURVE('',#6171,#6123,#6173,.T.);
#6171 = VERTEX_POINT('',#6172);
#6172 = CARTESIAN_POINT('',(65.25,-7.919704311075,133.39428571428));
#6173 = SURFACE_CURVE('',#6174,(#6189,#6222),.PCURVE_S1.);
#6174 = ( BOUNDED_CURVE() B_SPLINE_CURVE(7,(#6175,#6176,#6177,#6178,
    #6179,#6180,#6181,#6182,#6183,#6184,#6185,#6186,#6187,#6188),
.UNSPECIFIED.,.F.,.F.) B_SPLINE_CURVE_WITH_KNOTS((8,6,8),(22.25,
22.822204084939,23.205087522159),.UNSPECIFIED.) CURVE() 
GEOMETRIC_REPRESENTATION_ITEM() RATIONAL_B_SPLINE_CURVE((1.,1.,1.,1.,1.,
1.,1.,1.,1.,1.,1.,1.,1.,1.)) REPRESENTATION_ITEM('') );
#6175 = CARTESIAN_POINT('',(65.25,-7.919704311075,133.39428571428));
#6176 = CARTESIAN_POINT('',(65.371065079271,-7.919704311075,
    133.39428571428));
#6177 = CARTESIAN_POINT('',(65.492256462196,-7.916721306273,
    133.3860652788));
#6178 = CARTESIAN_POINT('',(65.614343120837,-7.91056861846,
    133.36937506861));
#6179 = CARTESIAN_POINT('',(65.737274149422,-7.901769273535,
    133.34380466017));
#6180 = CARTESIAN_POINT('',(65.862137757427,-7.890342929008,
    133.30756493441));
#6181 = CARTESIAN_POINT('',(65.989365508752,-7.87677577453,
    133.25690948693));
#6182 = CARTESIAN_POINT('',(66.196031984261,-7.85740982064,
    133.13887735699));
#6183 = CARTESIAN_POINT('',(66.277187206946,-7.850530810798,
    133.08267267164));
#6184 = CARTESIAN_POINT('',(66.354354433913,-7.846034124707,
    133.01644281049));
#6185 = CARTESIAN_POINT('',(66.425212350516,-7.845344926414,
    132.93856319948));
#6186 = CARTESIAN_POINT('',(66.481792492167,-7.853407198763,
    132.84975585237));
#6187 = CARTESIAN_POINT('',(66.521627521267,-7.871863955705,
    132.75712889065));
#6188 = CARTESIAN_POINT('',(66.545671089722,-7.89973097985,
    132.66547334441));
#6189 = PCURVE('',#2379,#6190);
#6190 = DEFINITIONAL_REPRESENTATION('',(#6191),#6221);
#6191 = B_SPLINE_CURVE_WITH_KNOTS('',10,(#6192,#6193,#6194,#6195,#6196,
    #6197,#6198,#6199,#6200,#6201,#6202,#6203,#6204,#6205,#6206,#6207,
    #6208,#6209,#6210,#6211,#6212,#6213,#6214,#6215,#6216,#6217,#6218,
    #6219,#6220),.UNSPECIFIED.,.F.,.F.,(11,9,9,11),(22.25,22.72754376108
    ,22.966315641619,23.205087522159),.UNSPECIFIED.);
#6192 = CARTESIAN_POINT('',(1.920753038038,23.25));
#6193 = CARTESIAN_POINT('',(1.920753038038,23.320726009073));
#6194 = CARTESIAN_POINT('',(1.918277144198,23.391492533697));
#6195 = CARTESIAN_POINT('',(1.913292725035,23.462431378811));
#6196 = CARTESIAN_POINT('',(1.905757259613,23.533606102203));
#6197 = CARTESIAN_POINT('',(1.895587510572,23.60507970587));
#6198 = CARTESIAN_POINT('',(1.882633260811,23.676939377317));
#6199 = CARTESIAN_POINT('',(1.866655613755,23.749278280111));
#6200 = CARTESIAN_POINT('',(1.847309857277,23.822134394435));
#6201 = CARTESIAN_POINT('',(1.824132891214,23.89538640699));
#6202 = CARTESIAN_POINT('',(1.782736382175,24.005216772545));
#6203 = CARTESIAN_POINT('',(1.767841891305,24.0418038828));
#6204 = CARTESIAN_POINT('',(1.751694265248,24.078454282954));
#6205 = CARTESIAN_POINT('',(1.734552254969,24.114497066579));
#6206 = CARTESIAN_POINT('',(1.715522126967,24.151342593947));
#6207 = CARTESIAN_POINT('',(1.69563836759,24.186565141792));
#6208 = CARTESIAN_POINT('',(1.673894573297,24.222035286017));
#6209 = CARTESIAN_POINT('',(1.650736878846,24.256321398116));
#6210 = CARTESIAN_POINT('',(1.625942793372,24.289623581067));
#6211 = CARTESIAN_POINT('',(1.573190716128,24.353446986031));
#6212 = CARTESIAN_POINT('',(1.545227056976,24.383978941364));
#6213 = CARTESIAN_POINT('',(1.515689310401,24.412846084791));
#6214 = CARTESIAN_POINT('',(1.48462840384,24.439727077016));
#6215 = CARTESIAN_POINT('',(1.452148758695,24.464305912479));
#6216 = CARTESIAN_POINT('',(1.418413624224,24.486306135121));
#6217 = CARTESIAN_POINT('',(1.383639645653,24.5055176611));
#6218 = CARTESIAN_POINT('',(1.348080666528,24.521816209103));
#6219 = CARTESIAN_POINT('',(1.312000765305,24.535175337626));
#6220 = CARTESIAN_POINT('',(1.275636526172,24.545671089722));
#6221 = ( GEOMETRIC_REPRESENTATION_CONTEXT(2) 
PARAMETRIC_REPRESENTATION_CONTEXT() REPRESENTATION_CONTEXT('2D SPACE',''
  ) );
#6222 = PCURVE('',#6223,#6266);
#6223 = ( BOUNDED_SURFACE() B_SPLINE_SURFACE(2,7,(
    (#6224,#6225,#6226,#6227,#6228,#6229,#6230,#6231,#6232,#6233,#6234
      ,#6235,#6236,#6237)
    ,(#6238,#6239,#6240,#6241,#6242,#6243,#6244,#6245,#6246,#6247,#6248
      ,#6249,#6250,#6251)
    ,(#6252,#6253,#6254,#6255,#6256,#6257,#6258,#6259,#6260,#6261,#6262
      ,#6263,#6264,#6265
)),.UNSPECIFIED.,.F.,.F.,.F.) B_SPLINE_SURFACE_WITH_KNOTS((3,3),(8,6,8),
  (0.,0.955087522159),(22.25,22.822204084939,23.205087522159),
.UNSPECIFIED.) GEOMETRIC_REPRESENTATION_ITEM() RATIONAL_B_SPLINE_SURFACE
((
    (1.,1.,1.,1.,1.,1.,1.,1.,1.,1.,1.,1.,1.,1.)
    ,(0.819407451411,0.819407451411,0.816019353738,0.809172696245
      ,0.799013619767,0.785441395876,0.768939388708,0.741834362151
      ,0.731108284522,0.721576546941,0.714411766303,0.712601418271
      ,0.716059670016,0.723749984432)
,(1.,1.,1.,1.,1.,1.,1.,1.,1.,1.,1.,1.,1.,1.
))) REPRESENTATION_ITEM('') SURFACE() );
#6224 = CARTESIAN_POINT('',(65.25,-7.356071777723,133.));
#6225 = CARTESIAN_POINT('',(65.329349424889,-7.356071777723,133.));
#6226 = CARTESIAN_POINT('',(65.40882246054,-7.35060061033,
    132.99028979249));
#6227 = CARTESIAN_POINT('',(65.488826061425,-7.339707013937,
    132.97037965896));
#6228 = CARTESIAN_POINT('',(65.569752627607,-7.324085283097,
    132.94000703533));
#6229 = CARTESIAN_POINT('',(65.651905370993,-7.305341701469,
    132.89607605973));
#6230 = CARTESIAN_POINT('',(65.733584975165,-7.287591155258,
    132.83377497049));
#6231 = CARTESIAN_POINT('',(65.856688190634,-7.275561297736,
    132.69706654172));
#6232 = CARTESIAN_POINT('',(65.902454076047,-7.275453846541,
    132.63355197744));
#6233 = CARTESIAN_POINT('',(65.942246757373,-7.282814802561,
    132.56181046968));
#6234 = CARTESIAN_POINT('',(65.973567568447,-7.30085218184,
    132.48176395589));
#6235 = CARTESIAN_POINT('',(65.991961687299,-7.334108917833,
    132.39981954981));
#6236 = CARTESIAN_POINT('',(66.,-7.380101506021,132.32175000253));
#6237 = CARTESIAN_POINT('',(66.,-7.435691386308,132.25));
#6238 = CARTESIAN_POINT('',(65.25,-7.775798132347,133.));
#6239 = CARTESIAN_POINT('',(65.329349690267,-7.775798132347,133.));
#6240 = CARTESIAN_POINT('',(65.409505715801,-7.775615708224,
    132.99012851419));
#6241 = CARTESIAN_POINT('',(65.488757167905,-7.775372357424,
    132.97026863139));
#6242 = CARTESIAN_POINT('',(65.565819388238,-7.775594028324,
    132.94007923862));
#6243 = CARTESIAN_POINT('',(65.638606640511,-7.778162428886,
    132.90013553359));
#6244 = CARTESIAN_POINT('',(65.705094301479,-7.786037075188,
    132.85205230327));
#6245 = CARTESIAN_POINT('',(65.807810473925,-7.812209499151,
    132.76061393421));
#6246 = CARTESIAN_POINT('',(65.847041859771,-7.826552867904,
    132.7203247812));
#6247 = CARTESIAN_POINT('',(65.883102681618,-7.844945088754,
    132.67825954553));
#6248 = CARTESIAN_POINT('',(65.915922471995,-7.867898867202,
    132.63581182444));
#6249 = CARTESIAN_POINT('',(65.947166178329,-7.893032814019,
    132.5934213173));
#6250 = CARTESIAN_POINT('',(65.97571839886,-7.92021464674,
    132.54837974594));
#6251 = CARTESIAN_POINT('',(66.,-7.949701801445,132.50111769145));
#6252 = CARTESIAN_POINT('',(65.25,-7.919704311075,133.39428571428));
#6253 = CARTESIAN_POINT('',(65.371065079271,-7.919704311075,
    133.39428571428));
#6254 = CARTESIAN_POINT('',(65.492256462196,-7.916721306273,
    133.3860652788));
#6255 = CARTESIAN_POINT('',(65.614343120837,-7.91056861846,
    133.36937506861));
#6256 = CARTESIAN_POINT('',(65.737274149422,-7.901769273535,
    133.34380466017));
#6257 = CARTESIAN_POINT('',(65.862137757427,-7.890342929008,
    133.30756493441));
#6258 = CARTESIAN_POINT('',(65.989365508752,-7.87677577453,
    133.25690948693));
#6259 = CARTESIAN_POINT('',(66.196031984261,-7.85740982064,
    133.13887735699));
#6260 = CARTESIAN_POINT('',(66.277187206946,-7.850530810798,
    133.08267267164));
#6261 = CARTESIAN_POINT('',(66.354354433913,-7.846034124707,
    133.01644281049));
#6262 = CARTESIAN_POINT('',(66.425212350516,-7.845344926414,
    132.93856319948));
#6263 = CARTESIAN_POINT('',(66.481792492167,-7.853407198763,
    132.84975585237));
#6264 = CARTESIAN_POINT('',(66.521627521267,-7.871863955705,
    132.75712889065));
#6265 = CARTESIAN_POINT('',(66.545671089722,-7.89973097985,
    132.66547334441));
#6266 = DEFINITIONAL_REPRESENTATION('',(#6267),#6271);
#6267 = LINE('',#6268,#6269);
#6268 = CARTESIAN_POINT('',(0.955087522159,0.));
#6269 = VECTOR('',#6270,1.);
#6270 = DIRECTION('',(0.,1.));
#6271 = ( GEOMETRIC_REPRESENTATION_CONTEXT(2) 
PARAMETRIC_REPRESENTATION_CONTEXT() REPRESENTATION_CONTEXT('2D SPACE',''
  ) );
#6272 = ORIENTED_EDGE('',*,*,#6273,.F.);
#6273 = EDGE_CURVE('',#6274,#6171,#6276,.T.);
#6274 = VERTEX_POINT('',#6275);
#6275 = CARTESIAN_POINT('',(43.036367466649,-7.919704311075,
    133.39428571428));
#6276 = SURFACE_CURVE('',#6277,(#6281,#6288),.PCURVE_S1.);
#6277 = LINE('',#6278,#6279);
#6278 = CARTESIAN_POINT('',(43.,-7.919704311075,133.39428571428));
#6279 = VECTOR('',#6280,1.);
#6280 = DIRECTION('',(1.,0.,2.22044604925E-16));
#6281 = PCURVE('',#2379,#6282);
#6282 = DEFINITIONAL_REPRESENTATION('',(#6283),#6287);
#6283 = LINE('',#6284,#6285);
#6284 = CARTESIAN_POINT('',(1.920753038038,1.));
#6285 = VECTOR('',#6286,1.);
#6286 = DIRECTION('',(0.,1.));
#6287 = ( GEOMETRIC_REPRESENTATION_CONTEXT(2) 
PARAMETRIC_REPRESENTATION_CONTEXT() REPRESENTATION_CONTEXT('2D SPACE',''
  ) );
#6288 = PCURVE('',#6289,#6294);
#6289 = CYLINDRICAL_SURFACE('',#6290,0.6);
#6290 = AXIS2_PLACEMENT_3D('',#6291,#6292,#6293);
#6291 = CARTESIAN_POINT('',(43.,-7.356071777723,133.6));
#6292 = DIRECTION('',(1.,0.,2.22044604925E-16));
#6293 = DIRECTION('',(2.22044604925E-16,0.,-1.));
#6294 = DEFINITIONAL_REPRESENTATION('',(#6295),#6299);
#6295 = LINE('',#6296,#6297);
#6296 = CARTESIAN_POINT('',(-1.220839615552,0.));
#6297 = VECTOR('',#6298,1.);
#6298 = DIRECTION('',(-0.,1.));
#6299 = ( GEOMETRIC_REPRESENTATION_CONTEXT(2) 
PARAMETRIC_REPRESENTATION_CONTEXT() REPRESENTATION_CONTEXT('2D SPACE',''
  ) );
#6300 = ORIENTED_EDGE('',*,*,#6301,.T.);
#6301 = EDGE_CURVE('',#6274,#6302,#6304,.T.);
#6302 = VERTEX_POINT('',#6303);
#6303 = CARTESIAN_POINT('',(43.,-8.018929156483,133.6));
#6304 = SURFACE_CURVE('',#6305,(#6312,#6322),.PCURVE_S1.);
#6305 = B_SPLINE_CURVE_WITH_KNOTS('',5,(#6306,#6307,#6308,#6309,#6310,
    #6311),.UNSPECIFIED.,.F.,.F.,(6,6),(0.,1.),
  .PIECEWISE_BEZIER_KNOTS.);
#6306 = CARTESIAN_POINT('',(43.036367466648,-7.919704311075,
    133.39428571428));
#6307 = CARTESIAN_POINT('',(43.021552248768,-7.934519528956,
    133.43487763894));
#6308 = CARTESIAN_POINT('',(43.01054365089,-7.951829346227,
    133.47638607947));
#6309 = CARTESIAN_POINT('',(43.003415727868,-7.971734454872,
    133.5181387477));
#6310 = CARTESIAN_POINT('',(43.,-7.994165745929,133.55950889986));
#6311 = CARTESIAN_POINT('',(43.,-8.018929156483,133.6));
#6312 = PCURVE('',#2379,#6313);
#6313 = DEFINITIONAL_REPRESENTATION('',(#6314),#6321);
#6314 = B_SPLINE_CURVE_WITH_KNOTS('',5,(#6315,#6316,#6317,#6318,#6319,
    #6320),.UNSPECIFIED.,.F.,.F.,(6,6),(0.,1.),
  .PIECEWISE_BEZIER_KNOTS.);
#6315 = CARTESIAN_POINT('',(1.920753038038,1.036367466649));
#6316 = CARTESIAN_POINT('',(1.958327865997,1.021552248768));
#6317 = CARTESIAN_POINT('',(1.997395122744,1.010543650889));
#6318 = CARTESIAN_POINT('',(2.037545915336,1.003415727868));
#6319 = CARTESIAN_POINT('',(2.078412247516,1.));
#6320 = CARTESIAN_POINT('',(2.119684598438,1.));
#6321 = ( GEOMETRIC_REPRESENTATION_CONTEXT(2) 
PARAMETRIC_REPRESENTATION_CONTEXT() REPRESENTATION_CONTEXT('2D SPACE',''
  ) );
#6322 = PCURVE('',#6323,#6328);
#6323 = CYLINDRICAL_SURFACE('',#6324,0.6);
#6324 = AXIS2_PLACEMENT_3D('',#6325,#6326,#6327);
#6325 = CARTESIAN_POINT('',(43.6,7.850000000002,133.6));
#6326 = DIRECTION('',(0.,-1.,0.));
#6327 = DIRECTION('',(-1.,0.,0.));
#6328 = DEFINITIONAL_REPRESENTATION('',(#6329),#6336);
#6329 = B_SPLINE_CURVE_WITH_KNOTS('',5,(#6330,#6331,#6332,#6333,#6334,
    #6335),.UNSPECIFIED.,.F.,.F.,(6,6),(0.,1.),
  .PIECEWISE_BEZIER_KNOTS.);
#6330 = CARTESIAN_POINT('',(0.349956711244,15.769704311077));
#6331 = CARTESIAN_POINT('',(0.27793829099,15.784519528958));
#6332 = CARTESIAN_POINT('',(0.206660863623,15.80182934623));
#6333 = CARTESIAN_POINT('',(0.136436290351,15.821734454874));
#6334 = CARTESIAN_POINT('',(6.748516688828E-02,15.844165745932));
#6335 = CARTESIAN_POINT('',(0.,15.868929156485));
#6336 = ( GEOMETRIC_REPRESENTATION_CONTEXT(2) 
PARAMETRIC_REPRESENTATION_CONTEXT() REPRESENTATION_CONTEXT('2D SPACE',''
  ) );
#6337 = ORIENTED_EDGE('',*,*,#6338,.T.);
#6338 = EDGE_CURVE('',#6302,#2334,#6339,.T.);
#6339 = SURFACE_CURVE('',#6340,(#6345,#6352),.PCURVE_S1.);
#6340 = CIRCLE('',#6341,1.15);
#6341 = AXIS2_PLACEMENT_3D('',#6342,#6343,#6344);
#6342 = CARTESIAN_POINT('',(43.,-9.,133.));
#6343 = DIRECTION('',(1.,0.,2.22044604925E-16));
#6344 = DIRECTION('',(2.22044604925E-16,0.,-1.));
#6345 = PCURVE('',#2379,#6346);
#6346 = DEFINITIONAL_REPRESENTATION('',(#6347),#6351);
#6347 = LINE('',#6348,#6349);
#6348 = CARTESIAN_POINT('',(0.,1.));
#6349 = VECTOR('',#6350,1.);
#6350 = DIRECTION('',(1.,0.));
#6351 = ( GEOMETRIC_REPRESENTATION_CONTEXT(2) 
PARAMETRIC_REPRESENTATION_CONTEXT() REPRESENTATION_CONTEXT('2D SPACE',''
  ) );
#6352 = PCURVE('',#2829,#6353);
#6353 = DEFINITIONAL_REPRESENTATION('',(#6354),#6358);
#6354 = CIRCLE('',#6355,1.15);
#6355 = AXIS2_PLACEMENT_2D('',#6356,#6357);
#6356 = CARTESIAN_POINT('',(50.,-5.));
#6357 = DIRECTION('',(-1.,0.));
#6358 = ( GEOMETRIC_REPRESENTATION_CONTEXT(2) 
PARAMETRIC_REPRESENTATION_CONTEXT() REPRESENTATION_CONTEXT('2D SPACE',''
  ) );
#6359 = ORIENTED_EDGE('',*,*,#2333,.T.);
#6360 = ORIENTED_EDGE('',*,*,#6361,.F.);
#6361 = EDGE_CURVE('',#6362,#2336,#6364,.T.);
#6362 = VERTEX_POINT('',#6363);
#6363 = CARTESIAN_POINT('',(43.17012671237,-10.14484636243,
    133.1087511215));
#6364 = SURFACE_CURVE('',#6365,(#6380,#6398),.PCURVE_S1.);
#6365 = B_SPLINE_CURVE_WITH_KNOTS('',7,(#6366,#6367,#6368,#6369,#6370,
    #6371,#6372,#6373,#6374,#6375,#6376,#6377,#6378,#6379),
  .UNSPECIFIED.,.F.,.F.,(8,6,8),(0.,0.529290358809,1.),.UNSPECIFIED.);
#6366 = CARTESIAN_POINT('',(43.17012671237,-10.14484636243,
    133.1087511215));
#6367 = CARTESIAN_POINT('',(43.144998476346,-10.1420345542,
    133.13835162925));
#6368 = CARTESIAN_POINT('',(43.121831474006,-10.1381556452,
    133.16970181778));
#6369 = CARTESIAN_POINT('',(43.10078802069,-10.13303347871,
    133.20253615469));
#6370 = CARTESIAN_POINT('',(43.081963195371,-10.12651929937,
    133.23654889608));
#6371 = CARTESIAN_POINT('',(43.065403250329,-10.11850550134,
    133.27141008492));
#6372 = CARTESIAN_POINT('',(43.051062506937,-10.10895776593,
    133.30673567637));
#6373 = CARTESIAN_POINT('',(43.028102924213,-10.08812226831,
    133.37359964923));
#6374 = CARTESIAN_POINT('',(43.019027005677,-10.07714494287,
    133.40512130349));
#6375 = CARTESIAN_POINT('',(43.011651539543,-10.06502348374,
    133.43645031851));
#6376 = CARTESIAN_POINT('',(43.005956533203,-10.0518367308,
    133.46730450661));
#6377 = CARTESIAN_POINT('',(43.002050854051,-10.03773236827,
    133.49739984526));
#6378 = CARTESIAN_POINT('',(43.000036204982,-10.02289396841,
    133.52649517076));
#6379 = CARTESIAN_POINT('',(43.000007183491,-10.00758075714,
    133.55432934059));
#6380 = PCURVE('',#2379,#6381);
#6381 = DEFINITIONAL_REPRESENTATION('',(#6382),#6397);
#6382 = B_SPLINE_CURVE_WITH_KNOTS('',7,(#6383,#6384,#6385,#6386,#6387,
    #6388,#6389,#6390,#6391,#6392,#6393,#6394,#6395,#6396),
  .UNSPECIFIED.,.F.,.F.,(8,6,8),(0.,0.529290358809,1.),.UNSPECIFIED.);
#6383 = CARTESIAN_POINT('',(4.617681270323,1.17012671237));
#6384 = CARTESIAN_POINT('',(4.591825829179,1.144998476346));
#6385 = CARTESIAN_POINT('',(4.564368001521,1.121831474006));
#6386 = CARTESIAN_POINT('',(4.535494893261,1.10078802069));
#6387 = CARTESIAN_POINT('',(4.505415088505,1.081963195371));
#6388 = CARTESIAN_POINT('',(4.474345750571,1.065403250328));
#6389 = CARTESIAN_POINT('',(4.442548738672,1.051062506937));
#6390 = CARTESIAN_POINT('',(4.38164869147,1.028102924213));
#6391 = CARTESIAN_POINT('',(4.352639838297,1.019027005677));
#6392 = CARTESIAN_POINT('',(4.323456532604,1.011651539543));
#6393 = CARTESIAN_POINT('',(4.294310510345,1.005956533203));
#6394 = CARTESIAN_POINT('',(4.265435244048,1.002050854051));
#6395 = CARTESIAN_POINT('',(4.23704867222,1.000036204982));
#6396 = CARTESIAN_POINT('',(4.209423918937,1.000007183491));
#6397 = ( GEOMETRIC_REPRESENTATION_CONTEXT(2) 
PARAMETRIC_REPRESENTATION_CONTEXT() REPRESENTATION_CONTEXT('2D SPACE',''
  ) );
#6398 = PCURVE('',#2481,#6399);
#6399 = DEFINITIONAL_REPRESENTATION('',(#6400),#6427);
#6400 = B_SPLINE_CURVE_WITH_KNOTS('',7,(#6401,#6402,#6403,#6404,#6405,
    #6406,#6407,#6408,#6409,#6410,#6411,#6412,#6413,#6414,#6415,#6416,
    #6417,#6418,#6419,#6420,#6421,#6422,#6423,#6424,#6425,#6426),
  .UNSPECIFIED.,.F.,.F.,(8,6,6,6,8),(0.,0.5,0.625,0.75,1.),
  .UNSPECIFIED.);
#6401 = CARTESIAN_POINT('',(0.530493023535,47.110521154724));
#6402 = CARTESIAN_POINT('',(0.564688168016,47.121509897423));
#6403 = CARTESIAN_POINT('',(0.598843837191,47.132925332378));
#6404 = CARTESIAN_POINT('',(0.63296206594,47.144769488537));
#6405 = CARTESIAN_POINT('',(0.667061805041,47.157064578204));
#6406 = CARTESIAN_POINT('',(0.701150756653,47.169904170312));
#6407 = CARTESIAN_POINT('',(0.735310206969,47.183283276295));
#6408 = CARTESIAN_POINT('',(0.778364565254,47.200449373158));
#6409 = CARTESIAN_POINT('',(0.786993313619,47.203904800856));
#6410 = CARTESIAN_POINT('',(0.795642824558,47.207379108387));
#6411 = CARTESIAN_POINT('',(0.804317226151,47.210869088361));
#6412 = CARTESIAN_POINT('',(0.813022144253,47.21437143218));
#6413 = CARTESIAN_POINT('',(0.821762368705,47.217881114082));
#6414 = CARTESIAN_POINT('',(0.839324656453,47.224905766966));
#6415 = CARTESIAN_POINT('',(0.848146601569,47.228420668772));
#6416 = CARTESIAN_POINT('',(0.85701504473,47.231933356643));
#6417 = CARTESIAN_POINT('',(0.865935322404,47.235438453321));
#6418 = CARTESIAN_POINT('',(0.874913100637,47.238930557658));
#6419 = CARTESIAN_POINT('',(0.883954257398,47.242404456027));
#6420 = CARTESIAN_POINT('',(0.911283357375,47.252756031412));
#6421 = CARTESIAN_POINT('',(0.929777066811,47.25956364508));
#6422 = CARTESIAN_POINT('',(0.948588509679,47.266237270198));
#6423 = CARTESIAN_POINT('',(0.967757036194,47.272739979216));
#6424 = CARTESIAN_POINT('',(0.987317270992,47.279044453503));
#6425 = CARTESIAN_POINT('',(1.007292679963,47.285133153835));
#6426 = CARTESIAN_POINT('',(1.027709803582,47.29099197348));
#6427 = ( GEOMETRIC_REPRESENTATION_CONTEXT(2) 
PARAMETRIC_REPRESENTATION_CONTEXT() REPRESENTATION_CONTEXT('2D SPACE',''
  ) );
#6428 = ORIENTED_EDGE('',*,*,#6429,.F.);
#6429 = EDGE_CURVE('',#6430,#6362,#6432,.T.);
#6430 = VERTEX_POINT('',#6431);
#6431 = CARTESIAN_POINT('',(64.504125115438,-10.14484778174,
    133.10873617901));
#6432 = SURFACE_CURVE('',#6433,(#6454,#6472),.PCURVE_S1.);
#6433 = B_SPLINE_CURVE_WITH_KNOTS('',7,(#6434,#6435,#6436,#6437,#6438,
    #6439,#6440,#6441,#6442,#6443,#6444,#6445,#6446,#6447,#6448,#6449,
    #6450,#6451,#6452,#6453),.UNSPECIFIED.,.F.,.F.,(8,6,6,8),(
    27.027238915952,27.028633348669,48.512009178773,49.680055437955),
  .UNSPECIFIED.);
#6434 = CARTESIAN_POINT('',(64.504125115438,-10.14484778174,
    133.10873617901));
#6435 = CARTESIAN_POINT('',(64.503924941959,-10.14484778089,
    133.10873618795));
#6436 = CARTESIAN_POINT('',(64.50372487014,-10.14484778015,
    133.10873619577));
#6437 = CARTESIAN_POINT('',(64.503524900358,-10.14484777952,
    133.10873620247));
#6438 = CARTESIAN_POINT('',(64.503325032986,-10.14484777899,
    133.10873620805));
#6439 = CARTESIAN_POINT('',(64.503125268404,-10.14484777856,
    133.10873621251));
#6440 = CARTESIAN_POINT('',(64.502925606984,-10.14484777825,
    133.10873621583));
#6441 = CARTESIAN_POINT('',(61.428230671631,-10.14484456906,
    133.1087700043));
#6442 = CARTESIAN_POINT('',(58.357835140913,-10.14484804169,
    133.10873343658));
#6443 = CARTESIAN_POINT('',(55.285660116694,-10.14484537637,
    133.10876150962));
#6444 = CARTESIAN_POINT('',(52.215774930159,-10.1448468624,
    133.10874585332));
#6445 = CARTESIAN_POINT('',(49.144517276188,-10.14484624512,
    133.10875235776));
#6446 = CARTESIAN_POINT('',(46.073628654376,-10.14484636325,
    133.10875111283));
#6447 = CARTESIAN_POINT('',(42.835653561351,-10.14484636249,
    133.10875112088));
#6448 = CARTESIAN_POINT('',(42.668682477391,-10.14484636245,
    133.1087511213));
#6449 = CARTESIAN_POINT('',(42.501710165924,-10.14484636241,
    133.10875112171));
#6450 = CARTESIAN_POINT('',(42.334736626952,-10.14484636237,
    133.10875112213));
#6451 = CARTESIAN_POINT('',(42.167761860473,-10.14484636233,
    133.10875112254));
#6452 = CARTESIAN_POINT('',(42.000785866488,-10.14484636229,
    133.10875112296));
#6453 = CARTESIAN_POINT('',(41.833808644997,-10.14484636225,
    133.10875112337));
#6454 = PCURVE('',#2379,#6455);
#6455 = DEFINITIONAL_REPRESENTATION('',(#6456),#6471);
#6456 = B_SPLINE_CURVE_WITH_KNOTS('',7,(#6457,#6458,#6459,#6460,#6461,
    #6462,#6463,#6464,#6465,#6466,#6467,#6468,#6469,#6470),
  .UNSPECIFIED.,.F.,.F.,(8,6,8),(27.027238915952,27.028633348669,
    48.512009178773),.UNSPECIFIED.);
#6457 = CARTESIAN_POINT('',(4.617694322278,22.504125115438));
#6458 = CARTESIAN_POINT('',(4.617694314472,22.503924941959));
#6459 = CARTESIAN_POINT('',(4.61769430764,22.50372487014));
#6460 = CARTESIAN_POINT('',(4.617694301786,22.503524900358));
#6461 = CARTESIAN_POINT('',(4.617694296912,22.503325032986));
#6462 = CARTESIAN_POINT('',(4.617694293021,22.503125268403));
#6463 = CARTESIAN_POINT('',(4.617694290117,22.502925606984));
#6464 = CARTESIAN_POINT('',(4.617664776615,19.428230671631));
#6465 = CARTESIAN_POINT('',(4.617696717686,16.357835140914));
#6466 = CARTESIAN_POINT('',(4.617672196577,13.285660116694));
#6467 = CARTESIAN_POINT('',(4.61768587193,10.215774930159));
#6468 = CARTESIAN_POINT('',(4.617680190489,7.144517276188));
#6469 = CARTESIAN_POINT('',(4.617681277899,4.073628654376));
#6470 = CARTESIAN_POINT('',(4.617681271228,1.002623417805));
#6471 = ( GEOMETRIC_REPRESENTATION_CONTEXT(2) 
PARAMETRIC_REPRESENTATION_CONTEXT() REPRESENTATION_CONTEXT('2D SPACE',''
  ) );
#6472 = PCURVE('',#6473,#6534);
#6473 = ( BOUNDED_SURFACE() B_SPLINE_SURFACE(2,7,(
    (#6474,#6475,#6476,#6477,#6478,#6479,#6480,#6481,#6482,#6483,#6484
      ,#6485,#6486,#6487,#6488,#6489,#6490,#6491,#6492,#6493)
    ,(#6494,#6495,#6496,#6497,#6498,#6499,#6500,#6501,#6502,#6503,#6504
      ,#6505,#6506,#6507,#6508,#6509,#6510,#6511,#6512,#6513)
    ,(#6514,#6515,#6516,#6517,#6518,#6519,#6520,#6521,#6522,#6523,#6524
      ,#6525,#6526,#6527,#6528,#6529,#6530,#6531,#6532,#6533
)),.UNSPECIFIED.,.F.,.F.,.F.) B_SPLINE_SURFACE_WITH_KNOTS((3,3),(8,6,6,8
    ),(0.,21.484770262821),(27.027238915952,27.028633348669,
    48.512009178773,49.680055437955),.UNSPECIFIED.) 
GEOMETRIC_REPRESENTATION_ITEM() RATIONAL_B_SPLINE_SURFACE((
    (1.,1.,1.,1.,1.,1.,1.,1.,1.,1.,1.,1.,1.,1.,1.,1.,1.,1.,1.,1.)
    ,(0.947567144676,0.947567144708,0.947567144735,0.947567144759
      ,0.947567144778,0.947567144794,0.947567144806,0.947567268743
      ,0.947567135565,0.947567236684,0.947567181032,0.947567203985
      ,0.947567199625,0.947567199655,0.947567199656,0.947567199656
      ,0.947567199656,0.947567199656,0.947567199655,0.947567199653)
    ,(1.,1.,1.,1.,1.,1.,1.,1.,1.,1.,1.,1.,1.,1.,1.,1.,1.,1.,1.,1.
))) REPRESENTATION_ITEM('') SURFACE() );
#6474 = CARTESIAN_POINT('',(64.5,-10.30119305636,132.75861204725));
#6475 = CARTESIAN_POINT('',(64.499801059686,-10.30119305969,
    132.75861204364));
#6476 = CARTESIAN_POINT('',(64.499602067438,-10.3011930626,
    132.75861204049));
#6477 = CARTESIAN_POINT('',(64.499403023065,-10.3011930651,
    132.75861203779));
#6478 = CARTESIAN_POINT('',(64.499203926364,-10.30119306717,
    132.75861203553));
#6479 = CARTESIAN_POINT('',(64.499004777145,-10.30119306883,
    132.75861203374));
#6480 = CARTESIAN_POINT('',(64.498805575209,-10.30119307007,
    132.7586120324));
#6481 = CARTESIAN_POINT('',(61.428779612271,-10.30120563841,
    132.75859841184));
#6482 = CARTESIAN_POINT('',(58.359255355966,-10.30119203551,
    132.75861315321));
#6483 = CARTESIAN_POINT('',(55.286674619823,-10.30120247935,
    132.75860183571));
#6484 = CARTESIAN_POINT('',(52.216302066352,-10.30119665424,
    132.75860814783));
#6485 = CARTESIAN_POINT('',(49.144783478074,-10.30119907442,
    132.75860552537));
#6486 = CARTESIAN_POINT('',(46.07376058072,-10.30119861118,
    132.75860602731));
#6487 = CARTESIAN_POINT('',(42.835714074191,-10.30119861418,
    132.75860602407));
#6488 = CARTESIAN_POINT('',(42.668740535218,-10.30119861433,
    132.7586060239));
#6489 = CARTESIAN_POINT('',(42.501766996246,-10.30119861449,
    132.75860602373));
#6490 = CARTESIAN_POINT('',(42.334793457273,-10.30119861464,
    132.75860602357));
#6491 = CARTESIAN_POINT('',(42.167819918301,-10.3011986148,
    132.7586060234));
#6492 = CARTESIAN_POINT('',(42.000846379328,-10.30119861495,
    132.75860602323));
#6493 = CARTESIAN_POINT('',(41.833872840356,-10.3011986151,
    132.75860602306));
#6494 = CARTESIAN_POINT('',(64.501665780794,-10.16397859258,
    132.90731410824));
#6495 = CARTESIAN_POINT('',(64.501466342195,-10.16397859414,
    132.9073141085));
#6496 = CARTESIAN_POINT('',(64.501266913737,-10.1639785955,
    132.90731410873));
#6497 = CARTESIAN_POINT('',(64.501067495455,-10.16397859668,
    132.90731410892));
#6498 = CARTESIAN_POINT('',(64.500868087384,-10.16397859765,
    132.90731410908));
#6499 = CARTESIAN_POINT('',(64.500668689561,-10.16397859843,
    132.90731410921));
#6500 = CARTESIAN_POINT('',(64.500469302021,-10.16397859901,
    132.90731410931));
#6501 = CARTESIAN_POINT('',(61.42855828768,-10.16398450494,
    132.90731508187));
#6502 = CARTESIAN_POINT('',(58.35868111143,-10.16397811382,
    132.90731402855));
#6503 = CARTESIAN_POINT('',(55.286265747327,-10.16398301958,
    132.90731483808));
#6504 = CARTESIAN_POINT('',(52.216088745746,-10.16398028411,
    132.90731438602));
#6505 = CARTESIAN_POINT('',(49.144676115616,-10.16398142046,
    132.90731457396));
#6506 = CARTESIAN_POINT('',(46.073707307893,-10.16398120299,
    132.90731453796));
#6507 = CARTESIAN_POINT('',(42.83568963862,-10.16398120439,
    132.90731453819));
#6508 = CARTESIAN_POINT('',(42.668717091002,-10.16398120447,
    132.90731453821));
#6509 = CARTESIAN_POINT('',(42.501744047707,-10.16398120454,
    132.90731453822));
#6510 = CARTESIAN_POINT('',(42.334770508735,-10.16398120461,
    132.90731453823));
#6511 = CARTESIAN_POINT('',(42.167796474086,-10.16398120468,
    132.90731453824));
#6512 = CARTESIAN_POINT('',(42.000821943759,-10.16398120476,
    132.90731453825));
#6513 = CARTESIAN_POINT('',(41.833846917754,-10.16398120483,
    132.90731453827));
#6514 = CARTESIAN_POINT('',(64.504125115438,-10.14484778174,
    133.10873617901));
#6515 = CARTESIAN_POINT('',(64.503924941959,-10.14484778089,
    133.10873618795));
#6516 = CARTESIAN_POINT('',(64.50372487014,-10.14484778015,
    133.10873619577));
#6517 = CARTESIAN_POINT('',(64.503524900358,-10.14484777952,
    133.10873620247));
#6518 = CARTESIAN_POINT('',(64.503325032986,-10.14484777899,
    133.10873620805));
#6519 = CARTESIAN_POINT('',(64.503125268404,-10.14484777856,
    133.10873621251));
#6520 = CARTESIAN_POINT('',(64.502925606984,-10.14484777825,
    133.10873621583));
#6521 = CARTESIAN_POINT('',(61.428230671631,-10.14484456906,
    133.1087700043));
#6522 = CARTESIAN_POINT('',(58.357835140913,-10.14484804169,
    133.10873343658));
#6523 = CARTESIAN_POINT('',(55.285660116694,-10.14484537637,
    133.10876150962));
#6524 = CARTESIAN_POINT('',(52.215774930159,-10.1448468624,
    133.10874585332));
#6525 = CARTESIAN_POINT('',(49.144517276188,-10.14484624512,
    133.10875235776));
#6526 = CARTESIAN_POINT('',(46.073628654376,-10.14484636325,
    133.10875111283));
#6527 = CARTESIAN_POINT('',(42.835653561351,-10.14484636249,
    133.10875112088));
#6528 = CARTESIAN_POINT('',(42.668682477391,-10.14484636245,
    133.1087511213));
#6529 = CARTESIAN_POINT('',(42.501710165924,-10.14484636241,
    133.10875112171));
#6530 = CARTESIAN_POINT('',(42.334736626952,-10.14484636237,
    133.10875112213));
#6531 = CARTESIAN_POINT('',(42.167761860473,-10.14484636233,
    133.10875112254));
#6532 = CARTESIAN_POINT('',(42.000785866488,-10.14484636229,
    133.10875112296));
#6533 = CARTESIAN_POINT('',(41.833808644997,-10.14484636225,
    133.10875112337));
#6534 = DEFINITIONAL_REPRESENTATION('',(#6535),#6539);
#6535 = LINE('',#6536,#6537);
#6536 = CARTESIAN_POINT('',(21.484770262821,0.));
#6537 = VECTOR('',#6538,1.);
#6538 = DIRECTION('',(0.,1.));
#6539 = ( GEOMETRIC_REPRESENTATION_CONTEXT(2) 
PARAMETRIC_REPRESENTATION_CONTEXT() REPRESENTATION_CONTEXT('2D SPACE',''
  ) );
#6540 = ORIENTED_EDGE('',*,*,#6541,.F.);
#6541 = EDGE_CURVE('',#6542,#6430,#6544,.T.);
#6542 = VERTEX_POINT('',#6543);
#6543 = CARTESIAN_POINT('',(65.825794431718,-10.0630797092,
    132.56140960809));
#6544 = SURFACE_CURVE('',#6545,(#6561,#6587),.PCURVE_S1.);
#6545 = ( BOUNDED_CURVE() B_SPLINE_CURVE(14,(#6546,#6547,#6548,#6549,
    #6550,#6551,#6552,#6553,#6554,#6555,#6556,#6557,#6558,#6559,#6560),
.UNSPECIFIED.,.F.,.F.) B_SPLINE_CURVE_WITH_KNOTS((15,15),(
25.741990780734,27.027238915952),.PIECEWISE_BEZIER_KNOTS.) CURVE() 
GEOMETRIC_REPRESENTATION_ITEM() RATIONAL_B_SPLINE_CURVE((1.,1.,
    0.999999999998,1.000000000006,0.999999999988,1.00000000002,
    0.999999999973,1.00000000003,0.999999999972,1.000000000022,
    0.999999999987,1.000000000006,0.999999999998,1.,1.)) 
REPRESENTATION_ITEM('') );
#6546 = CARTESIAN_POINT('',(65.825794431725,-10.0630797092,
    132.56140960809));
#6547 = CARTESIAN_POINT('',(65.754624601218,-10.09504908365,
    132.63889875039));
#6548 = CARTESIAN_POINT('',(65.676690016483,-10.11838019135,
    132.71267672888));
#6549 = CARTESIAN_POINT('',(65.593272509379,-10.13427645939,
    132.78146060035));
#6550 = CARTESIAN_POINT('',(65.503000242912,-10.14445105425,
    132.84331912321));
#6551 = CARTESIAN_POINT('',(65.414923647169,-10.1495129447,
    132.90136872953));
#6552 = CARTESIAN_POINT('',(65.30639579671,-10.15251092966,
    132.94521362788));
#6553 = CARTESIAN_POINT('',(65.231808235913,-10.15165877551,
    132.99510067254));
#6554 = CARTESIAN_POINT('',(65.092432962618,-10.1516598732,
    133.02046431289));
#6555 = CARTESIAN_POINT('',(65.036523480438,-10.14913457126,
    133.05763113202));
#6556 = CARTESIAN_POINT('',(64.893786739573,-10.14806672083,
    133.07376992356));
#6557 = CARTESIAN_POINT('',(64.814948552238,-10.14631797853,
    133.09324007319));
#6558 = CARTESIAN_POINT('',(64.708181639777,-10.14538874435,
    133.10304136701));
#6559 = CARTESIAN_POINT('',(64.596375027395,-10.14484817293,
    133.10873206029));
#6560 = CARTESIAN_POINT('',(64.504125115438,-10.14484778174,
    133.10873617901));
#6561 = PCURVE('',#2379,#6562);
#6562 = DEFINITIONAL_REPRESENTATION('',(#6563),#6586);
#6563 = B_SPLINE_CURVE_WITH_KNOTS('',11,(#6564,#6565,#6566,#6567,#6568,
    #6569,#6570,#6571,#6572,#6573,#6574,#6575,#6576,#6577,#6578,#6579,
    #6580,#6581,#6582,#6583,#6584,#6585),.UNSPECIFIED.,.F.,.F.,(12,10,12
    ),(25.741990780734,26.384614848343,27.027238915952),.UNSPECIFIED.);
#6564 = CARTESIAN_POINT('',(5.103680839218,23.825794431725));
#6565 = CARTESIAN_POINT('',(5.057295538148,23.780504539587));
#6566 = CARTESIAN_POINT('',(5.013329120223,23.73241824605));
#6567 = CARTESIAN_POINT('',(4.971823707508,23.681870363604));
#6568 = CARTESIAN_POINT('',(4.932921891202,23.628810335252));
#6569 = CARTESIAN_POINT('',(4.896423590271,23.574003616494));
#6570 = CARTESIAN_POINT('',(4.862637414404,23.516976127335));
#6571 = CARTESIAN_POINT('',(4.831304497486,23.458627524978));
#6572 = CARTESIAN_POINT('',(4.802539829629,23.398687920597));
#6573 = CARTESIAN_POINT('',(4.776260045313,23.337589235392));
#6574 = CARTESIAN_POINT('',(4.752442182268,23.275485612798));
#6575 = CARTESIAN_POINT('',(4.709617298999,23.149696180459));
#6576 = CARTESIAN_POINT('',(4.690609890531,23.086013558261));
#6577 = CARTESIAN_POINT('',(4.673962582521,23.021696059181));
#6578 = CARTESIAN_POINT('',(4.659575614699,22.957133247541));
#6579 = CARTESIAN_POINT('',(4.647489176461,22.891780909164));
#6580 = CARTESIAN_POINT('',(4.637382034824,22.827256996481));
#6581 = CARTESIAN_POINT('',(4.629666471306,22.760817846355));
#6582 = CARTESIAN_POINT('',(4.623492372953,22.697684457364));
#6583 = CARTESIAN_POINT('',(4.619752428163,22.629629198727));
#6584 = CARTESIAN_POINT('',(4.617696611671,22.562829604865));
#6585 = CARTESIAN_POINT('',(4.617694322278,22.504125115438));
#6586 = ( GEOMETRIC_REPRESENTATION_CONTEXT(2) 
PARAMETRIC_REPRESENTATION_CONTEXT() REPRESENTATION_CONTEXT('2D SPACE',''
  ) );
#6587 = PCURVE('',#6588,#6634);
#6588 = ( BOUNDED_SURFACE() B_SPLINE_SURFACE(2,14,(
    (#6589,#6590,#6591,#6592,#6593,#6594,#6595,#6596,#6597,#6598,#6599
      ,#6600,#6601,#6602,#6603)
    ,(#6604,#6605,#6606,#6607,#6608,#6609,#6610,#6611,#6612,#6613,#6614
      ,#6615,#6616,#6617,#6618)
    ,(#6619,#6620,#6621,#6622,#6623,#6624,#6625,#6626,#6627,#6628,#6629
      ,#6630,#6631,#6632,#6633
)),.UNSPECIFIED.,.F.,.F.,.F.) B_SPLINE_SURFACE_WITH_KNOTS((3,3),(15,15),
  (0.,1.285248135218),(25.741990780734,27.027238915952),
.PIECEWISE_BEZIER_KNOTS.) GEOMETRIC_REPRESENTATION_ITEM() 
RATIONAL_B_SPLINE_SURFACE((
    (1.,1.,0.999999999998,1.000000000006,0.999999999988,1.00000000002
      ,0.999999999973,1.00000000003,0.999999999972,1.000000000022
      ,0.999999999987,1.000000000006,0.999999999998,1.,1.)
    ,(0.924056524007,0.92745117885,0.931130377206,0.934870669375
      ,0.938142714969,0.941869959713,0.942842044688,0.946906487684
      ,0.945778996943,0.94775709566,0.947682907667,0.947304667042
      ,0.947840133025,0.94752928823,0.947567144676)
    ,(1.,1.,0.999999999998,1.000000000006,0.999999999988,1.00000000002
      ,0.999999999973,1.00000000003,0.999999999972,1.000000000022
      ,0.999999999987,1.000000000006,0.999999999998,1.,1.
))) REPRESENTATION_ITEM('') SURFACE() );
#6589 = CARTESIAN_POINT('',(65.494372212355,-10.12304225356,132.25));
#6590 = CARTESIAN_POINT('',(65.449362707805,-10.16289489533,
    132.31567080345));
#6591 = CARTESIAN_POINT('',(65.399567248472,-10.19524151184,
    132.38014920068));
#6592 = CARTESIAN_POINT('',(65.345134664882,-10.22076798533,
    132.4418560025));
#6593 = CARTESIAN_POINT('',(65.285753196888,-10.24055938773,
    132.50015090001));
#6594 = CARTESIAN_POINT('',(65.222992542207,-10.25501321971,
    132.55145171989));
#6595 = CARTESIAN_POINT('',(65.15466684251,-10.26758929125,
    132.6022259144));
#6596 = CARTESIAN_POINT('',(65.080624433304,-10.27470058714,
    132.63727257759));
#6597 = CARTESIAN_POINT('',(65.012997738199,-10.28312609093,
    132.67932375237));
#6598 = CARTESIAN_POINT('',(64.91822460786,-10.28939659565,
    132.70125046085));
#6599 = CARTESIAN_POINT('',(64.851936393636,-10.29258370072,
    132.72735754797));
#6600 = CARTESIAN_POINT('',(64.757009575442,-10.29840861344,
    132.74183652563));
#6601 = CARTESIAN_POINT('',(64.673323570967,-10.29927207666,
    132.75313687452));
#6602 = CARTESIAN_POINT('',(64.591680438384,-10.30128788802,
    132.75850927628));
#6603 = CARTESIAN_POINT('',(64.5,-10.30119305636,132.75861204725));
#6604 = CARTESIAN_POINT('',(65.62484503578,-10.00751806053,
    132.42673620347));
#6605 = CARTESIAN_POINT('',(65.570111055457,-10.04468158756,
    132.48907339228));
#6606 = CARTESIAN_POINT('',(65.510013201107,-10.07521477802,
    132.54987525435));
#6607 = CARTESIAN_POINT('',(65.444834059541,-10.09967227707,
    132.60814445755));
#6608 = CARTESIAN_POINT('',(65.37419010336,-10.11845114285,
    132.66266073802));
#6609 = CARTESIAN_POINT('',(65.300717242273,-10.13312776823,
    132.71311166454));
#6610 = CARTESIAN_POINT('',(65.218100695933,-10.14237100665,
    132.75760860707));
#6611 = CARTESIAN_POINT('',(65.14137125257,-10.15119588446,
    132.79683478972));
#6612 = CARTESIAN_POINT('',(65.046243220043,-10.1542822387,
    132.8299727695));
#6613 = CARTESIAN_POINT('',(64.966149125655,-10.15935274522,
    132.85601406278));
#6614 = CARTESIAN_POINT('',(64.868782432839,-10.16054448691,
    132.8771868634));
#6615 = CARTESIAN_POINT('',(64.78055700428,-10.16267758526,132.892021443
    ));
#6616 = CARTESIAN_POINT('',(64.687353669102,-10.1634491047,
    132.90224919269));
#6617 = CARTESIAN_POINT('',(64.593579733313,-10.16398535474,
    132.907235213));
#6618 = CARTESIAN_POINT('',(64.501665780794,-10.16397859258,
    132.90731410824));
#6619 = CARTESIAN_POINT('',(65.825794431725,-10.0630797092,
    132.56140960809));
#6620 = CARTESIAN_POINT('',(65.754624601218,-10.09504908365,
    132.63889875039));
#6621 = CARTESIAN_POINT('',(65.676690016483,-10.11838019135,
    132.71267672888));
#6622 = CARTESIAN_POINT('',(65.593272509379,-10.13427645939,
    132.78146060035));
#6623 = CARTESIAN_POINT('',(65.503000242912,-10.14445105425,
    132.84331912321));
#6624 = CARTESIAN_POINT('',(65.414923647169,-10.1495129447,
    132.90136872953));
#6625 = CARTESIAN_POINT('',(65.30639579671,-10.15251092966,
    132.94521362788));
#6626 = CARTESIAN_POINT('',(65.231808235913,-10.15165877551,
    132.99510067254));
#6627 = CARTESIAN_POINT('',(65.092432962618,-10.1516598732,
    133.02046431289));
#6628 = CARTESIAN_POINT('',(65.036523480438,-10.14913457126,
    133.05763113202));
#6629 = CARTESIAN_POINT('',(64.893786739573,-10.14806672083,
    133.07376992356));
#6630 = CARTESIAN_POINT('',(64.814948552238,-10.14631797853,
    133.09324007319));
#6631 = CARTESIAN_POINT('',(64.708181639777,-10.14538874435,
    133.10304136701));
#6632 = CARTESIAN_POINT('',(64.596375027395,-10.14484817293,
    133.10873206029));
#6633 = CARTESIAN_POINT('',(64.504125115438,-10.14484778174,
    133.10873617901));
#6634 = DEFINITIONAL_REPRESENTATION('',(#6635),#6639);
#6635 = LINE('',#6636,#6637);
#6636 = CARTESIAN_POINT('',(1.285248135218,0.));
#6637 = VECTOR('',#6638,1.);
#6638 = DIRECTION('',(0.,1.));
#6639 = ( GEOMETRIC_REPRESENTATION_CONTEXT(2) 
PARAMETRIC_REPRESENTATION_CONTEXT() REPRESENTATION_CONTEXT('2D SPACE',''
  ) );
#6640 = ORIENTED_EDGE('',*,*,#6641,.F.);
#6641 = EDGE_CURVE('',#6067,#6542,#6642,.T.);
#6642 = SURFACE_CURVE('',#6643,(#6661,#6707),.PCURVE_S1.);
#6643 = ( BOUNDED_CURVE() B_SPLINE_CURVE(6,(#6644,#6645,#6646,#6647,
    #6648,#6649,#6650,#6651,#6652,#6653,#6654,#6655,#6656,#6657,#6658,
#6659,#6660),.UNSPECIFIED.,.F.,.F.) B_SPLINE_CURVE_WITH_KNOTS((7,5,5,7),
  (24.481484690369,24.971923497502,25.497287303789,25.74199078073),
.UNSPECIFIED.) CURVE() GEOMETRIC_REPRESENTATION_ITEM() 
RATIONAL_B_SPLINE_CURVE((1.,1.,1.,1.,1.,1.,1.,1.,1.,1.,1.,1.,1.,1.,1.,1.
,1.)) REPRESENTATION_ITEM('') );
#6644 = CARTESIAN_POINT('',(66.6,-9.,131.85));
#6645 = CARTESIAN_POINT('',(66.6,-9.120709242197,131.85));
#6646 = CARTESIAN_POINT('',(66.581430809888,-9.240764123952,
    131.86515285059));
#6647 = CARTESIAN_POINT('',(66.54422592134,-9.35311563543,
    131.89551148883));
#6648 = CARTESIAN_POINT('',(66.49574557692,-9.451616510917,
    131.93506683317));
#6649 = CARTESIAN_POINT('',(66.441482401936,-9.538205870403,
    131.97977991065));
#6650 = CARTESIAN_POINT('',(66.323423187897,-9.694998372374,
    132.0787649808));
#6651 = CARTESIAN_POINT('',(66.259219623639,-9.763669597762,
    132.13345550367));
#6652 = CARTESIAN_POINT('',(66.196033614372,-9.821732170147,
    132.18903680412));
#6653 = CARTESIAN_POINT('',(66.135196061229,-9.871330282651,
    132.24409875021));
#6654 = CARTESIAN_POINT('',(66.075738118011,-9.916119242145,
    132.3007745442));
#6655 = CARTESIAN_POINT('',(65.984905471434,-9.97730897316,
    132.39287417275));
#6656 = CARTESIAN_POINT('',(65.953536124943,-9.997394245115,
    132.42545874418));
#6657 = CARTESIAN_POINT('',(65.921433281927,-10.01617496507,
    132.45909574407));
#6658 = CARTESIAN_POINT('',(65.889330917534,-10.03325055827,
    132.49294470165));
#6659 = CARTESIAN_POINT('',(65.857411811415,-10.04887723263,
    132.52698485794));
#6660 = CARTESIAN_POINT('',(65.825794431718,-10.0630797092,
    132.56140960809));
#6661 = PCURVE('',#2379,#6662);
#6662 = DEFINITIONAL_REPRESENTATION('',(#6663),#6706);
#6663 = B_SPLINE_CURVE_WITH_KNOTS('',9,(#6664,#6665,#6666,#6667,#6668,
    #6669,#6670,#6671,#6672,#6673,#6674,#6675,#6676,#6677,#6678,#6679,
    #6680,#6681,#6682,#6683,#6684,#6685,#6686,#6687,#6688,#6689,#6690,
    #6691,#6692,#6693,#6694,#6695,#6696,#6697,#6698,#6699,#6700,#6701,
    #6702,#6703,#6704,#6705),.UNSPECIFIED.,.F.,.F.,(10,8,8,8,8,10),(
    24.481484690369,25.111737735549,25.426864258139,25.505645888787,
    25.584427519435,25.74199078073),.UNSPECIFIED.);
#6664 = CARTESIAN_POINT('',(6.28318530718,24.6));
#6665 = CARTESIAN_POINT('',(6.193260078825,24.600000000001));
#6666 = CARTESIAN_POINT('',(6.103717836526,24.587237083874));
#6667 = CARTESIAN_POINT('',(6.016683252187,24.561559475677));
#6668 = CARTESIAN_POINT('',(5.933650915773,24.525794312342));
#6669 = CARTESIAN_POINT('',(5.85646296783,24.482139369098));
#6670 = CARTESIAN_POINT('',(5.784252715628,24.435200358267));
#6671 = CARTESIAN_POINT('',(5.716905035596,24.385545343552));
#6672 = CARTESIAN_POINT('',(5.653824505916,24.335243474339));
#6673 = CARTESIAN_POINT('',(5.564734393499,24.259884459287));
#6674 = CARTESIAN_POINT('',(5.535954722778,24.234781988339));
#6675 = CARTESIAN_POINT('',(5.508017638829,24.209799486029));
#6676 = CARTESIAN_POINT('',(5.480825364343,24.184999459692));
#6677 = CARTESIAN_POINT('',(5.454256791361,24.160404156197));
#6678 = CARTESIAN_POINT('',(5.428167481256,24.135995561798));
#6679 = CARTESIAN_POINT('',(5.402389664755,24.1117154023));
#6680 = CARTESIAN_POINT('',(5.376732241918,24.087465142918));
#6681 = CARTESIAN_POINT('',(5.344542917209,24.05701619973));
#6682 = CARTESIAN_POINT('',(5.338087928113,24.05090890397));
#6683 = CARTESIAN_POINT('',(5.331696445809,24.044861355057));
#6684 = CARTESIAN_POINT('',(5.325074931537,24.038596981165));
#6685 = CARTESIAN_POINT('',(5.31882454388,24.032683647552));
#6686 = CARTESIAN_POINT('',(5.312117048519,24.02634319064));
#6687 = CARTESIAN_POINT('',(5.305679345509,24.020255063847));
#6688 = CARTESIAN_POINT('',(5.299154776274,24.014093795585));
#6689 = CARTESIAN_POINT('',(5.285852780522,24.001528582981));
#6690 = CARTESIAN_POINT('',(5.279099295443,23.995148019661));
#6691 = CARTESIAN_POINT('',(5.2722614593,23.988682540907));
#6692 = CARTESIAN_POINT('',(5.265355562376,23.982144093212));
#6693 = CARTESIAN_POINT('',(5.2583960491,23.975543527935));
#6694 = CARTESIAN_POINT('',(5.251395518045,23.968890601364));
#6695 = CARTESIAN_POINT('',(5.244364721927,23.962193974644));
#6696 = CARTESIAN_POINT('',(5.237312567612,23.955461213841));
#6697 = CARTESIAN_POINT('',(5.216113213092,23.935173942012));
#6698 = CARTESIAN_POINT('',(5.201924249003,23.921531125803));
#6699 = CARTESIAN_POINT('',(5.187739044908,23.907823923286));
#6700 = CARTESIAN_POINT('',(5.173594142006,23.894092115757));
#6701 = CARTESIAN_POINT('',(5.159507224961,23.880364097438));
#6702 = CARTESIAN_POINT('',(5.145481545311,23.866659289519));
#6703 = CARTESIAN_POINT('',(5.131510344776,23.852990553715));
#6704 = CARTESIAN_POINT('',(5.117581278667,23.839366606292));
#6705 = CARTESIAN_POINT('',(5.103680839221,23.825794431728));
#6706 = ( GEOMETRIC_REPRESENTATION_CONTEXT(2) 
PARAMETRIC_REPRESENTATION_CONTEXT() REPRESENTATION_CONTEXT('2D SPACE',''
  ) );
#6707 = PCURVE('',#6708,#6760);
#6708 = ( BOUNDED_SURFACE() B_SPLINE_SURFACE(2,6,(
    (#6709,#6710,#6711,#6712,#6713,#6714,#6715,#6716,#6717,#6718,#6719
      ,#6720,#6721,#6722,#6723,#6724,#6725)
    ,(#6726,#6727,#6728,#6729,#6730,#6731,#6732,#6733,#6734,#6735,#6736
      ,#6737,#6738,#6739,#6740,#6741,#6742)
    ,(#6743,#6744,#6745,#6746,#6747,#6748,#6749,#6750,#6751,#6752,#6753
      ,#6754,#6755,#6756,#6757,#6758,#6759
)),.UNSPECIFIED.,.F.,.F.,.F.) B_SPLINE_SURFACE_WITH_KNOTS((3,3),(7,5,5,7
    ),(0.,1.26050609036),(24.481484690369,24.971923497502,
    25.497287303789,25.74199078073),.UNSPECIFIED.) 
GEOMETRIC_REPRESENTATION_ITEM() RATIONAL_B_SPLINE_SURFACE((
    (1.,1.,1.,1.,1.,1.,1.,1.,1.,1.,1.,1.,1.,1.,1.,1.,1.)
    ,(0.707106781187,0.707106781187,0.714099543495,0.728186216136
      ,0.745787585455,0.76447042205,0.802989602417,0.822813765237
      ,0.840855196954,0.857361162627,0.872397521579,0.892968966997
      ,0.899484203313,0.905851829456,0.912052652626,0.918115162042
      ,0.924056524007)
    ,(1.,1.,1.,1.,1.,1.,1.,1.,1.,1.,1.,1.,1.,1.,1.,1.,1.
))) REPRESENTATION_ITEM('') SURFACE() );
#6709 = CARTESIAN_POINT('',(66.,-9.,131.25));
#6710 = CARTESIAN_POINT('',(66.,-9.131204210142,131.25));
#6711 = CARTESIAN_POINT('',(65.986282862783,-9.261703580095,
    131.2724133156));
#6712 = CARTESIAN_POINT('',(65.958739818567,-9.383865560381,
    131.31730909239));
#6713 = CARTESIAN_POINT('',(65.923431324066,-9.490857055074,
    131.37646047825));
#6714 = CARTESIAN_POINT('',(65.884291813044,-9.584948981013,
    131.44386696924));
#6715 = CARTESIAN_POINT('',(65.79971209031,-9.755262118723,
    131.59378239722));
#6716 = CARTESIAN_POINT('',(65.754036472181,-9.829783803045,
    131.67704080496));
#6717 = CARTESIAN_POINT('',(65.709302130539,-9.892846754683,
    131.76134571851));
#6718 = CARTESIAN_POINT('',(65.665086407666,-9.948453053912,
    131.84772423179));
#6719 = CARTESIAN_POINT('',(65.622533417391,-9.996502603773,
    131.93535103754));
#6720 = CARTESIAN_POINT('',(65.566139176195,-10.05547123274,
    132.06035377884));
#6721 = CARTESIAN_POINT('',(65.549901297322,-10.07167762636,
    132.09829667879));
#6722 = CARTESIAN_POINT('',(65.534785402639,-10.08624747497,
    132.1355696992));
#6723 = CARTESIAN_POINT('',(65.520526905161,-10.09958193758,
    132.17292857023));
#6724 = CARTESIAN_POINT('',(65.507051942504,-10.11181527499,
    132.21091564441));
#6725 = CARTESIAN_POINT('',(65.494372212348,-10.12304225357,132.25));
#6726 = CARTESIAN_POINT('',(66.,-9.,131.85));
#6727 = CARTESIAN_POINT('',(66.,-9.086219981078,131.85));
#6728 = CARTESIAN_POINT('',(65.995677633476,-9.170203237253,
    131.85649086167));
#6729 = CARTESIAN_POINT('',(65.987644582804,-9.253269309354,
    131.86867283935));
#6730 = CARTESIAN_POINT('',(65.973574211674,-9.337031976286,
    131.88898616139));
#6731 = CARTESIAN_POINT('',(65.953896284276,-9.417445487704,
    131.9169783876));
#6732 = CARTESIAN_POINT('',(65.905109217306,-9.570917487354,
    131.98672876244));
#6733 = CARTESIAN_POINT('',(65.875730664259,-9.643987367931,
    132.02887736088));
#6734 = CARTESIAN_POINT('',(65.842419200509,-9.711780998331,
    132.07724002738));
#6735 = CARTESIAN_POINT('',(65.807041671392,-9.773779096384,
    132.13067186589));
#6736 = CARTESIAN_POINT('',(65.770288911664,-9.830297741259,
    132.18818023728));
#6737 = CARTESIAN_POINT('',(65.71506357514,-9.905074512948,
    132.27660597158));
#6738 = CARTESIAN_POINT('',(65.697121315829,-9.927612092687,
    132.30474190047));
#6739 = CARTESIAN_POINT('',(65.678977722256,-9.949100615792,
    132.33359635438));
#6740 = CARTESIAN_POINT('',(65.660835215998,-9.969540653792,
    132.36337458855));
#6741 = CARTESIAN_POINT('',(65.642767422665,-9.989004090823,
    132.39431071826));
#6742 = CARTESIAN_POINT('',(65.624845035782,-10.00751806053,
    132.42673620347));
#6743 = CARTESIAN_POINT('',(66.6,-9.,131.85));
#6744 = CARTESIAN_POINT('',(66.6,-9.120709242197,131.85));
#6745 = CARTESIAN_POINT('',(66.581430809888,-9.240764123952,
    131.86515285059));
#6746 = CARTESIAN_POINT('',(66.54422592134,-9.35311563543,
    131.89551148883));
#6747 = CARTESIAN_POINT('',(66.49574557692,-9.451616510917,
    131.93506683317));
#6748 = CARTESIAN_POINT('',(66.441482401936,-9.538205870403,
    131.97977991065));
#6749 = CARTESIAN_POINT('',(66.323423187897,-9.694998372374,
    132.0787649808));
#6750 = CARTESIAN_POINT('',(66.259219623639,-9.763669597762,
    132.13345550367));
#6751 = CARTESIAN_POINT('',(66.196033614372,-9.821732170147,
    132.18903680412));
#6752 = CARTESIAN_POINT('',(66.135196061229,-9.871330282651,
    132.24409875021));
#6753 = CARTESIAN_POINT('',(66.075738118011,-9.916119242145,
    132.3007745442));
#6754 = CARTESIAN_POINT('',(65.984905471434,-9.97730897316,
    132.39287417275));
#6755 = CARTESIAN_POINT('',(65.953536124943,-9.997394245115,
    132.42545874418));
#6756 = CARTESIAN_POINT('',(65.921433281927,-10.01617496507,
    132.45909574407));
#6757 = CARTESIAN_POINT('',(65.889330917534,-10.03325055827,
    132.49294470165));
#6758 = CARTESIAN_POINT('',(65.857411811415,-10.04887723263,
    132.52698485794));
#6759 = CARTESIAN_POINT('',(65.825794431718,-10.0630797092,
    132.56140960809));
#6760 = DEFINITIONAL_REPRESENTATION('',(#6761),#6765);
#6761 = LINE('',#6762,#6763);
#6762 = CARTESIAN_POINT('',(1.26050609036,0.));
#6763 = VECTOR('',#6764,1.);
#6764 = DIRECTION('',(0.,1.));
#6765 = ( GEOMETRIC_REPRESENTATION_CONTEXT(2) 
PARAMETRIC_REPRESENTATION_CONTEXT() REPRESENTATION_CONTEXT('2D SPACE',''
  ) );
#6766 = ADVANCED_FACE('',(#6767),#2481,.T.);
#6767 = FACE_BOUND('',#6768,.T.);
#6768 = EDGE_LOOP('',(#6769,#6933,#6994,#7046,#7047));
#6769 = ORIENTED_EDGE('',*,*,#6770,.F.);
#6770 = EDGE_CURVE('',#6771,#6362,#6773,.T.);
#6771 = VERTEX_POINT('',#6772);
#6772 = CARTESIAN_POINT('',(43.682236509282,-10.30119861995,
    132.75860601782));
#6773 = SURFACE_CURVE('',#6774,(#6837,#6891),.PCURVE_S1.);
#6774 = B_SPLINE_CURVE_WITH_KNOTS('',7,(#6775,#6776,#6777,#6778,#6779,
    #6780,#6781,#6782,#6783,#6784,#6785,#6786,#6787,#6788,#6789,#6790,
    #6791,#6792,#6793,#6794,#6795,#6796,#6797,#6798,#6799,#6800,#6801,
    #6802,#6803,#6804,#6805,#6806,#6807,#6808,#6809,#6810,#6811,#6812,
    #6813,#6814,#6815,#6816,#6817,#6818,#6819,#6820,#6821,#6822,#6823,
    #6824,#6825,#6826,#6827,#6828,#6829,#6830,#6831,#6832,#6833,#6834,
    #6835,#6836),.UNSPECIFIED.,.F.,.F.,(8,6,6,6,6,6,6,6,6,6,8),(0.,
    5.70633067158E-03,1.158883544893E-02,2.573335235945E-02,
    6.571647480296E-02,0.151495605729,0.209808302503,0.37787780128,
    0.506076225772,0.723397728806,1.),.UNSPECIFIED.);
#6775 = CARTESIAN_POINT('',(43.680240383037,-10.30119861992,
    132.75860601785));
#6776 = CARTESIAN_POINT('',(43.680154087064,-10.30098645163,
    132.75883595391));
#6777 = CARTESIAN_POINT('',(43.679962550444,-10.30077443071,
    132.75906601095));
#6778 = CARTESIAN_POINT('',(43.679665099504,-10.30056257655,
    132.75929616787));
#6779 = CARTESIAN_POINT('',(43.679305631312,-10.30035088079,
    132.75952643362));
#6780 = CARTESIAN_POINT('',(43.678913837696,-10.30013933616,
    132.759756816));
#6781 = CARTESIAN_POINT('',(43.678493035758,-10.29992794093,
    132.75998731687));
#6782 = CARTESIAN_POINT('',(43.677602638177,-10.29949889464,
    132.7604557114));
#6783 = CARTESIAN_POINT('',(43.67713136831,-10.29928125508,
    132.76069361016));
#6784 = CARTESIAN_POINT('',(43.676648387881,-10.29906375382,
    132.76093165723));
#6785 = CARTESIAN_POINT('',(43.676157784887,-10.29884638748,
    132.76116985636));
#6786 = CARTESIAN_POINT('',(43.675661441604,-10.29862915457,
    132.76140820927));
#6787 = CARTESIAN_POINT('',(43.67516033344,-10.29841205423,132.761646717
    ));
#6788 = CARTESIAN_POINT('',(43.673442741057,-10.29767338111,
    132.76245925091));
#6789 = CARTESIAN_POINT('',(43.672209506156,-10.29715243722,
    132.76303402329));
#6790 = CARTESIAN_POINT('',(43.670968371599,-10.29663224355,
    132.76360971042));
#6791 = CARTESIAN_POINT('',(43.669721713369,-10.29611280056,
    132.76418631324));
#6792 = CARTESIAN_POINT('',(43.668470478462,-10.29559411011,
    132.76476383117));
#6793 = CARTESIAN_POINT('',(43.667216801575,-10.29507617272,
    132.76534226503));
#6794 = CARTESIAN_POINT('',(43.662410368597,-10.29309704303,
    132.76755929148));
#6795 = CARTESIAN_POINT('',(43.658842608574,-10.2916411324,
    132.76920427789));
#6796 = CARTESIAN_POINT('',(43.655270643367,-10.29019130849,
    132.77085655043));
#6797 = CARTESIAN_POINT('',(43.651695370195,-10.28874763355,
    132.77251607171));
#6798 = CARTESIAN_POINT('',(43.64811701804,-10.28731017015,
    132.77418280271));
#6799 = CARTESIAN_POINT('',(43.644538268314,-10.28587897787,
    132.77585670638));
#6800 = CARTESIAN_POINT('',(43.633279886599,-10.28139724995,
    132.78114420665));
#6801 = CARTESIAN_POINT('',(43.625599174808,-10.27836953018,
    132.78478349665));
#6802 = CARTESIAN_POINT('',(43.61792286319,-10.27537156559,
    132.78845521365));
#6803 = CARTESIAN_POINT('',(43.610255328711,-10.27240395546,
    132.79215893941));
#6804 = CARTESIAN_POINT('',(43.602599989985,-10.26946729059,
    132.79589423667));
#6805 = CARTESIAN_POINT('',(43.59496003736,-10.26656215168,
    132.79966065022));
#6806 = CARTESIAN_POINT('',(43.582158488751,-10.26173601085,
    132.80603895018));
#6807 = CARTESIAN_POINT('',(43.576986401165,-10.25979774623,
    132.80863435353));
#6808 = CARTESIAN_POINT('',(43.571825101662,-10.25787449167,
    132.8112437713));
#6809 = CARTESIAN_POINT('',(43.566672352922,-10.25596642641,
    132.81386704748));
#6810 = CARTESIAN_POINT('',(43.561534566404,-10.25407371986,
    132.81650403287));
#6811 = CARTESIAN_POINT('',(43.556406951596,-10.25219654829,
    132.81915456117));
#6812 = CARTESIAN_POINT('',(43.536559099613,-10.24496992381,
    132.82949643437));
#6813 = CARTESIAN_POINT('',(43.521953239641,-10.23973519123,
    132.83728559016));
#6814 = CARTESIAN_POINT('',(43.507451807585,-10.23463495858,
    132.84518198405));
#6815 = CARTESIAN_POINT('',(43.493136969945,-10.2296730222,
    132.85318154756));
#6816 = CARTESIAN_POINT('',(43.478990504448,-10.22485305452,
    132.86127986506));
#6817 = CARTESIAN_POINT('',(43.46504480263,-10.22017844402,
    132.86947237535));
#6818 = CARTESIAN_POINT('',(43.440831780754,-10.21219997519,
    132.88407151171));
#6819 = CARTESIAN_POINT('',(43.430477082909,-10.20883401066,
    132.89044074553));
#6820 = CARTESIAN_POINT('',(43.420251264288,-10.20555585273,
    132.89685988819));
#6821 = CARTESIAN_POINT('',(43.410160144036,-10.20236681425,
    132.90332675962));
#6822 = CARTESIAN_POINT('',(43.400208931581,-10.19926811798,
    132.9098391223));
#6823 = CARTESIAN_POINT('',(43.390402131064,-10.1962608927,
    132.91639468739));
#6824 = CARTESIAN_POINT('',(43.364370077579,-10.1884051404,
    132.93417337119));
#6825 = CARTESIAN_POINT('',(43.348422496739,-10.18372993102,
    132.94547306572));
#6826 = CARTESIAN_POINT('',(43.332918620634,-10.17932557025,
    132.9568788363));
#6827 = CARTESIAN_POINT('',(43.317871660838,-10.17519626541,
    132.96837894692));
#6828 = CARTESIAN_POINT('',(43.303290758155,-10.17134537934,
    132.97996139647));
#6829 = CARTESIAN_POINT('',(43.289181617638,-10.16777540778,
    132.99161402146));
#6830 = CARTESIAN_POINT('',(43.258193469808,-10.16030375782,
    133.01822957691));
#6831 = CARTESIAN_POINT('',(43.241608530338,-10.15657722824,
    133.03322844086));
#6832 = CARTESIAN_POINT('',(43.2257979793,-10.15331171897,
    133.04829598106));
#6833 = CARTESIAN_POINT('',(43.210757761867,-10.15050822453,
    133.06340685984));
#6834 = CARTESIAN_POINT('',(43.196476675399,-10.14816547511,
    133.07853593962));
#6835 = CARTESIAN_POINT('',(43.18293893055,-10.14628002854,
    133.09365861111));
#6836 = CARTESIAN_POINT('',(43.17012671237,-10.14484636243,
    133.1087511215));
#6837 = PCURVE('',#2481,#6838);
#6838 = DEFINITIONAL_REPRESENTATION('',(#6839),#6890);
#6839 = B_SPLINE_CURVE_WITH_KNOTS('',9,(#6840,#6841,#6842,#6843,#6844,
    #6845,#6846,#6847,#6848,#6849,#6850,#6851,#6852,#6853,#6854,#6855,
    #6856,#6857,#6858,#6859,#6860,#6861,#6862,#6863,#6864,#6865,#6866,
    #6867,#6868,#6869,#6870,#6871,#6872,#6873,#6874,#6875,#6876,#6877,
    #6878,#6879,#6880,#6881,#6882,#6883,#6884,#6885,#6886,#6887,#6888,
    #6889),.UNSPECIFIED.,.F.,.F.,(10,8,8,8,8,8,10),(0.,0.125,0.25,0.5,
    0.75,0.875,1.),.UNSPECIFIED.);
#6840 = CARTESIAN_POINT('',(-2.081668171172E-17,46.797199786034));
#6841 = CARTESIAN_POINT('',(3.635840291885E-06,46.802583832327));
#6842 = CARTESIAN_POINT('',(3.184674842482E-02,46.811820377703));
#6843 = CARTESIAN_POINT('',(1.04074233446E-03,46.81526494719));
#6844 = CARTESIAN_POINT('',(5.129452840601E-02,46.818496183422));
#6845 = CARTESIAN_POINT('',(2.657006235336E-02,46.830197394085));
#6846 = CARTESIAN_POINT('',(5.209239855023E-02,46.831131600002));
#6847 = CARTESIAN_POINT('',(5.39577289E-02,46.839007232191));
#6848 = CARTESIAN_POINT('',(6.288634398206E-02,46.844419308855));
#6849 = CARTESIAN_POINT('',(7.868980585222E-02,46.856000704846));
#6850 = CARTESIAN_POINT('',(8.657613324198E-02,46.861777575081));
#6851 = CARTESIAN_POINT('',(9.444705675218E-02,46.867536517403));
#6852 = CARTESIAN_POINT('',(0.102302576049,46.873273431655));
#6853 = CARTESIAN_POINT('',(0.110142690797,46.878984217687));
#6854 = CARTESIAN_POINT('',(0.117967400663,46.884664775337));
#6855 = CARTESIAN_POINT('',(0.125776705313,46.89031100446));
#6856 = CARTESIAN_POINT('',(0.133570604411,46.895918804893));
#6857 = CARTESIAN_POINT('',(0.156906084053,46.912614619672));
#6858 = CARTESIAN_POINT('',(0.17239766178,46.923564701658));
#6859 = CARTESIAN_POINT('',(0.187818942108,46.934313540255));
#6860 = CARTESIAN_POINT('',(0.203165036336,46.944840353268));
#6861 = CARTESIAN_POINT('',(0.218431055766,46.955124358512));
#6862 = CARTESIAN_POINT('',(0.233612111697,46.96514477379));
#6863 = CARTESIAN_POINT('',(0.248703315431,46.974880816916));
#6864 = CARTESIAN_POINT('',(0.263699778268,46.984311705694));
#6865 = CARTESIAN_POINT('',(0.293493444748,47.002521610181));
#6866 = CARTESIAN_POINT('',(0.308289574187,47.01130624579));
#6867 = CARTESIAN_POINT('',(0.322981546074,47.019768447154));
#6868 = CARTESIAN_POINT('',(0.33756590666,47.027906096656));
#6869 = CARTESIAN_POINT('',(0.352039202195,47.035717076691));
#6870 = CARTESIAN_POINT('',(0.36639797893,47.043199269637));
#6871 = CARTESIAN_POINT('',(0.380638783116,47.050350557892));
#6872 = CARTESIAN_POINT('',(0.394758161002,47.057168823836));
#6873 = CARTESIAN_POINT('',(0.415749907757,47.066893512871));
#6874 = CARTESIAN_POINT('',(0.422719078133,47.070054258502));
#6875 = CARTESIAN_POINT('',(0.429658759143,47.073134856975));
#6876 = CARTESIAN_POINT('',(0.43656753996,47.076135978523));
#6877 = CARTESIAN_POINT('',(0.44344400976,47.079058293356));
#6878 = CARTESIAN_POINT('',(0.450286757718,47.081902471718));
#6879 = CARTESIAN_POINT('',(0.457094373009,47.084669183817));
#6880 = CARTESIAN_POINT('',(0.463865444809,47.087359099889));
#6881 = CARTESIAN_POINT('',(0.477331679773,47.092586680418));
#6882 = CARTESIAN_POINT('',(0.485554689989,47.095638344068));
#6883 = CARTESIAN_POINT('',(0.483126231782,47.095028306455));
#6884 = CARTESIAN_POINT('',(0.514375231362,47.10581213419));
#6885 = CARTESIAN_POINT('',(0.484431236385,47.095623796132));
#6886 = CARTESIAN_POINT('',(0.520918389935,47.108212298818));
#6887 = CARTESIAN_POINT('',(0.517670767178,47.106910536415));
#6888 = CARTESIAN_POINT('',(0.521793612406,47.108332206519));
#6889 = CARTESIAN_POINT('',(0.528280867021,47.110416911024));
#6890 = ( GEOMETRIC_REPRESENTATION_CONTEXT(2) 
PARAMETRIC_REPRESENTATION_CONTEXT() REPRESENTATION_CONTEXT('2D SPACE',''
  ) );
#6891 = PCURVE('',#6473,#6892);
#6892 = DEFINITIONAL_REPRESENTATION('',(#6893),#6932);
#6893 = B_SPLINE_CURVE_WITH_KNOTS('',10,(#6894,#6895,#6896,#6897,#6898,
    #6899,#6900,#6901,#6902,#6903,#6904,#6905,#6906,#6907,#6908,#6909,
    #6910,#6911,#6912,#6913,#6914,#6915,#6916,#6917,#6918,#6919,#6920,
    #6921,#6922,#6923,#6924,#6925,#6926,#6927,#6928,#6929,#6930,#6931),
  .UNSPECIFIED.,.F.,.F.,(11,9,9,9,11),(0.,0.25,0.5,0.75,1.),
  .UNSPECIFIED.);
#6894 = CARTESIAN_POINT('',(-4.440892098501E-16,47.832906577666));
#6895 = CARTESIAN_POINT('',(0.537579918892,47.835549796094));
#6896 = CARTESIAN_POINT('',(1.496617700292,47.911126115581));
#6897 = CARTESIAN_POINT('',(0.835075206607,47.780854679391));
#6898 = CARTESIAN_POINT('',(3.282784853301,48.027979924571));
#6899 = CARTESIAN_POINT('',(1.796024576966,47.789860190846));
#6900 = CARTESIAN_POINT('',(3.804829171824,47.999645750032));
#6901 = CARTESIAN_POINT('',(3.621955286473,47.914274384543));
#6902 = CARTESIAN_POINT('',(4.376040527253,47.962332930848));
#6903 = CARTESIAN_POINT('',(4.883003474778,47.972548585189));
#6904 = CARTESIAN_POINT('',(5.955636430797,48.002766052538));
#6905 = CARTESIAN_POINT('',(6.492338946567,48.017729168695));
#6906 = CARTESIAN_POINT('',(7.029359968282,48.03253047321));
#6907 = CARTESIAN_POINT('',(7.566631964127,48.047153771945));
#6908 = CARTESIAN_POINT('',(8.104087402283,48.061582870798));
#6909 = CARTESIAN_POINT('',(8.641658750938,48.07580157561));
#6910 = CARTESIAN_POINT('',(9.179278478271,48.089793692285));
#6911 = CARTESIAN_POINT('',(9.71687905247,48.103543026676));
#6912 = CARTESIAN_POINT('',(10.254392941717,48.117033384666));
#6913 = CARTESIAN_POINT('',(11.329112286677,48.143463759585));
#6914 = CARTESIAN_POINT('',(11.866614479986,48.156413993637));
#6915 = CARTESIAN_POINT('',(12.404211641925,48.169094421786));
#6916 = CARTESIAN_POINT('',(12.94185622027,48.181500191509));
#6917 = CARTESIAN_POINT('',(13.479500662841,48.193626450342));
#6918 = CARTESIAN_POINT('',(14.017097417397,48.205468345728));
#6919 = CARTESIAN_POINT('',(14.554598931766,48.217021025225));
#6920 = CARTESIAN_POINT('',(15.091957653712,48.228279636278));
#6921 = CARTESIAN_POINT('',(15.629126031047,48.23923932642));
#6922 = CARTESIAN_POINT('',(16.702986992063,48.260551159842));
#6923 = CARTESIAN_POINT('',(17.300332720869,48.271835211211));
#6924 = CARTESIAN_POINT('',(17.464188491554,48.276261419181));
#6925 = CARTESIAN_POINT('',(19.144501688588,48.303317188009));
#6926 = CARTESIAN_POINT('',(17.494491522574,48.279732022054));
#6927 = CARTESIAN_POINT('',(20.867723715292,48.331866197971));
#6928 = CARTESIAN_POINT('',(18.868762822835,48.302313639492));
#6929 = CARTESIAN_POINT('',(20.917031044287,48.333910148989));
#6930 = CARTESIAN_POINT('',(20.947372167505,48.33451842967));
#6931 = CARTESIAN_POINT('',(21.484770262821,48.342617372051));
#6932 = ( GEOMETRIC_REPRESENTATION_CONTEXT(2) 
PARAMETRIC_REPRESENTATION_CONTEXT() REPRESENTATION_CONTEXT('2D SPACE',''
  ) );
#6933 = ORIENTED_EDGE('',*,*,#6934,.F.);
#6934 = EDGE_CURVE('',#6935,#6771,#6937,.T.);
#6935 = VERTEX_POINT('',#6936);
#6936 = CARTESIAN_POINT('',(43.782858411571,-10.5,132.25));
#6937 = SURFACE_CURVE('',#6938,(#6971,#6978),.PCURVE_S1.);
#6938 = B_SPLINE_CURVE_WITH_KNOTS('',11,(#6939,#6940,#6941,#6942,#6943,
    #6944,#6945,#6946,#6947,#6948,#6949,#6950,#6951,#6952,#6953,#6954,
    #6955,#6956,#6957,#6958,#6959,#6960,#6961,#6962,#6963,#6964,#6965,
    #6966,#6967,#6968,#6969,#6970),.UNSPECIFIED.,.F.,.F.,(12,10,10,12),(
    46.263282169613,46.883733515166,47.290991973195,47.309959406459),
  .UNSPECIFIED.);
#6939 = CARTESIAN_POINT('',(43.782858411571,-10.5,132.25));
#6940 = CARTESIAN_POINT('',(43.782858411572,-10.5,132.31115646929));
#6941 = CARTESIAN_POINT('',(43.779554896634,-10.49452833188,
    132.3723643714));
#6942 = CARTESIAN_POINT('',(43.772882086023,-10.48352715671,
    132.4327836797));
#6943 = CARTESIAN_POINT('',(43.763126872163,-10.46720248655,
    132.49159357236));
#6944 = CARTESIAN_POINT('',(43.750806138564,-10.44593143271,
    132.5480764464));
#6945 = CARTESIAN_POINT('',(43.736564158672,-10.42018333209,
    132.60167071567));
#6946 = CARTESIAN_POINT('',(43.721090077661,-10.39045475223,
    132.65199239908));
#6947 = CARTESIAN_POINT('',(43.705055474529,-10.35721837431,
    132.69882549092));
#6948 = CARTESIAN_POINT('',(43.689072007327,-10.32088575482,
    132.74208112188));
#6949 = CARTESIAN_POINT('',(43.673669139024,-10.2817839653,
    132.78172550328));
#6950 = CARTESIAN_POINT('',(43.649854890713,-10.21281541244,
    132.84127466274));
#6951 = CARTESIAN_POINT('',(43.640828300969,-10.18456584536,
    132.86321928858));
#6952 = CARTESIAN_POINT('',(43.632675405967,-10.15381889123,
    132.88419029963));
#6953 = CARTESIAN_POINT('',(43.624171833541,-10.12856557912,
    132.90049711166));
#6954 = CARTESIAN_POINT('',(43.618922799846,-10.08653062165,
    132.92338073231));
#6955 = CARTESIAN_POINT('',(43.611445433384,-10.06782440245,
    132.93071735114));
#6956 = CARTESIAN_POINT('',(43.60638759035,-10.03152541095,
    132.94822236128));
#6957 = CARTESIAN_POINT('',(43.604581536363,-9.994681096059,
    132.96293526481));
#6958 = CARTESIAN_POINT('',(43.602437969228,-9.944378331142,
    132.97872109031));
#6959 = CARTESIAN_POINT('',(43.600020749845,-9.877714920536,
    132.99573731379));
#6960 = CARTESIAN_POINT('',(43.598918065052,-9.773470287141,
    132.99964704763));
#6961 = CARTESIAN_POINT('',(43.598868994593,-9.768831307747,
    132.99982103428));
#6962 = CARTESIAN_POINT('',(43.598819924133,-9.764192328352,
    132.99999502093));
#6963 = CARTESIAN_POINT('',(43.598770853674,-9.759553348958,
    133.00016900758));
#6964 = CARTESIAN_POINT('',(43.598721783215,-9.754914369563,
    133.00034299423));
#6965 = CARTESIAN_POINT('',(43.598672712756,-9.750275390169,
    133.00051698088));
#6966 = CARTESIAN_POINT('',(43.598623642296,-9.745636410775,
    133.00069096754));
#6967 = CARTESIAN_POINT('',(43.598574571837,-9.74099743138,
    133.00086495419));
#6968 = CARTESIAN_POINT('',(43.598525501378,-9.736358451986,
    133.00103894084));
#6969 = CARTESIAN_POINT('',(43.598476430919,-9.731719472591,
    133.00121292749));
#6970 = CARTESIAN_POINT('',(43.598427360459,-9.727080493197,
    133.00138691414));
#6971 = PCURVE('',#2481,#6972);
#6972 = DEFINITIONAL_REPRESENTATION('',(#6973),#6977);
#6973 = LINE('',#6974,#6975);
#6974 = CARTESIAN_POINT('',(0.,0.));
#6975 = VECTOR('',#6976,1.);
#6976 = DIRECTION('',(0.,1.));
#6977 = ( GEOMETRIC_REPRESENTATION_CONTEXT(2) 
PARAMETRIC_REPRESENTATION_CONTEXT() REPRESENTATION_CONTEXT('2D SPACE',''
  ) );
#6978 = PCURVE('',#6979,#6984);
#6979 = CYLINDRICAL_SURFACE('',#6980,0.75);
#6980 = AXIS2_PLACEMENT_3D('',#6981,#6982,#6983);
#6981 = CARTESIAN_POINT('',(64.5,-9.75,132.25));
#6982 = DIRECTION('',(-1.,-0.,0.));
#6983 = DIRECTION('',(0.,-1.,-0.));
#6984 = DEFINITIONAL_REPRESENTATION('',(#6985),#6993);
#6985 = B_SPLINE_CURVE_WITH_KNOTS('',6,(#6986,#6987,#6988,#6989,#6990,
    #6991,#6992),.UNSPECIFIED.,.F.,.F.,(7,7),(46.263282169613,
    46.797199786034),.PIECEWISE_BEZIER_KNOTS.);
#6986 = CARTESIAN_POINT('',(2.22044604925E-16,20.717141588429));
#6987 = CARTESIAN_POINT('',(0.128643869772,20.717141588431));
#6988 = CARTESIAN_POINT('',(0.257461715742,20.726111867657));
#6989 = CARTESIAN_POINT('',(0.384463815245,20.744395807368));
#6990 = CARTESIAN_POINT('',(0.507831796375,20.768089112701));
#6991 = CARTESIAN_POINT('',(0.627770340549,20.793481993032));
#6992 = CARTESIAN_POINT('',(0.745229968088,20.817763490718));
#6993 = ( GEOMETRIC_REPRESENTATION_CONTEXT(2) 
PARAMETRIC_REPRESENTATION_CONTEXT() REPRESENTATION_CONTEXT('2D SPACE',''
  ) );
#6994 = ORIENTED_EDGE('',*,*,#6995,.T.);
#6995 = EDGE_CURVE('',#6935,#2406,#6996,.T.);
#6996 = SURFACE_CURVE('',#6997,(#7002,#7040),.PCURVE_S1.);
#6997 = CIRCLE('',#6998,0.6);
#6998 = AXIS2_PLACEMENT_3D('',#6999,#7000,#7001);
#6999 = CARTESIAN_POINT('',(43.782858411571,-11.1,132.25));
#7000 = DIRECTION('',(0.,0.,1.));
#7001 = DIRECTION('',(-0.,1.,0.));
#7002 = PCURVE('',#2481,#7003);
#7003 = DEFINITIONAL_REPRESENTATION('',(#7004),#7039);
#7004 = B_SPLINE_CURVE_WITH_KNOTS('',9,(#7005,#7006,#7007,#7008,#7009,
    #7010,#7011,#7012,#7013,#7014,#7015,#7016,#7017,#7018,#7019,#7020,
    #7021,#7022,#7023,#7024,#7025,#7026,#7027,#7028,#7029,#7030,#7031,
    #7032,#7033,#7034,#7035,#7036,#7037,#7038),.UNSPECIFIED.,.F.,.F.,(10
    ,8,8,8,10),(0.,0.475063366603,0.950126733206,1.42519009981,
    1.900253466413),.UNSPECIFIED.);
#7005 = CARTESIAN_POINT('',(0.,46.263282169613));
#7006 = CARTESIAN_POINT('',(3.334246744941E-02,46.263282169613));
#7007 = CARTESIAN_POINT('',(6.566658894871E-02,46.263282169614));
#7008 = CARTESIAN_POINT('',(9.709267144728E-02,46.26328216961));
#7009 = CARTESIAN_POINT('',(0.127725786818,46.263282169617));
#7010 = CARTESIAN_POINT('',(0.157661631918,46.26328216961));
#7011 = CARTESIAN_POINT('',(0.186978758582,46.263282169615));
#7012 = CARTESIAN_POINT('',(0.215761051931,46.263282169612));
#7013 = CARTESIAN_POINT('',(0.244074526576,46.263282169613));
#7014 = CARTESIAN_POINT('',(0.299899196767,46.263282169614));
#7015 = CARTESIAN_POINT('',(0.327410269688,46.26328216961));
#7016 = CARTESIAN_POINT('',(0.354586191277,46.263282169619));
#7017 = CARTESIAN_POINT('',(0.381488359314,46.263282169606));
#7018 = CARTESIAN_POINT('',(0.408174794732,46.26328216962));
#7019 = CARTESIAN_POINT('',(0.434701084208,46.263282169609));
#7020 = CARTESIAN_POINT('',(0.461121142996,46.263282169615));
#7021 = CARTESIAN_POINT('',(0.487488011831,46.263282169613));
#7022 = CARTESIAN_POINT('',(0.540221791751,46.263282169614));
#7023 = CARTESIAN_POINT('',(0.566588660586,46.263282169611));
#7024 = CARTESIAN_POINT('',(0.593008719374,46.263282169618));
#7025 = CARTESIAN_POINT('',(0.61953500885,46.263282169607));
#7026 = CARTESIAN_POINT('',(0.646221444268,46.263282169618));
#7027 = CARTESIAN_POINT('',(0.673123612305,46.26328216961));
#7028 = CARTESIAN_POINT('',(0.700299533894,46.263282169614));
#7029 = CARTESIAN_POINT('',(0.727810606815,46.263282169613));
#7030 = CARTESIAN_POINT('',(0.783635277006,46.263282169612));
#7031 = CARTESIAN_POINT('',(0.811948751652,46.263282169617));
#7032 = CARTESIAN_POINT('',(0.840731045,46.263282169605));
#7033 = CARTESIAN_POINT('',(0.870048171665,46.263282169624));
#7034 = CARTESIAN_POINT('',(0.899984016763,46.263282169604));
#7035 = CARTESIAN_POINT('',(0.930617132135,46.263282169618));
#7036 = CARTESIAN_POINT('',(0.962043214633,46.263282169611));
#7037 = CARTESIAN_POINT('',(0.994367336133,46.263282169614));
#7038 = CARTESIAN_POINT('',(1.027709803582,46.263282169613));
#7039 = ( GEOMETRIC_REPRESENTATION_CONTEXT(2) 
PARAMETRIC_REPRESENTATION_CONTEXT() REPRESENTATION_CONTEXT('2D SPACE',''
  ) );
#7040 = PCURVE('',#2601,#7041);
#7041 = DEFINITIONAL_REPRESENTATION('',(#7042),#7045);
#7042 = B_SPLINE_CURVE_WITH_KNOTS('',1,(#7043,#7044),.UNSPECIFIED.,.F.,
  .F.,(2,2),(0.,1.900253466413),.PIECEWISE_BEZIER_KNOTS.);
#7043 = CARTESIAN_POINT('',(0.,45.5));
#7044 = CARTESIAN_POINT('',(1.900253466413,45.5));
#7045 = ( GEOMETRIC_REPRESENTATION_CONTEXT(2) 
PARAMETRIC_REPRESENTATION_CONTEXT() REPRESENTATION_CONTEXT('2D SPACE',''
  ) );
#7046 = ORIENTED_EDGE('',*,*,#2405,.T.);
#7047 = ORIENTED_EDGE('',*,*,#6361,.F.);
#7048 = ADVANCED_FACE('',(#7049),#2829,.F.);
#7049 = FACE_BOUND('',#7050,.F.);
#7050 = EDGE_LOOP('',(#7051,#7052,#7075,#7097,#7098,#7124));
#7051 = ORIENTED_EDGE('',*,*,#6338,.F.);
#7052 = ORIENTED_EDGE('',*,*,#7053,.F.);
#7053 = EDGE_CURVE('',#7054,#6302,#7056,.T.);
#7054 = VERTEX_POINT('',#7055);
#7055 = CARTESIAN_POINT('',(43.,8.018929156483,133.6));
#7056 = SURFACE_CURVE('',#7057,(#7061,#7068),.PCURVE_S1.);
#7057 = LINE('',#7058,#7059);
#7058 = CARTESIAN_POINT('',(43.,7.850000000002,133.6));
#7059 = VECTOR('',#7060,1.);
#7060 = DIRECTION('',(0.,-1.,0.));
#7061 = PCURVE('',#2829,#7062);
#7062 = DEFINITIONAL_REPRESENTATION('',(#7063),#7067);
#7063 = LINE('',#7064,#7065);
#7064 = CARTESIAN_POINT('',(50.6,-21.85));
#7065 = VECTOR('',#7066,1.);
#7066 = DIRECTION('',(0.,1.));
#7067 = ( GEOMETRIC_REPRESENTATION_CONTEXT(2) 
PARAMETRIC_REPRESENTATION_CONTEXT() REPRESENTATION_CONTEXT('2D SPACE',''
  ) );
#7068 = PCURVE('',#6323,#7069);
#7069 = DEFINITIONAL_REPRESENTATION('',(#7070),#7074);
#7070 = LINE('',#7071,#7072);
#7071 = CARTESIAN_POINT('',(0.,0.));
#7072 = VECTOR('',#7073,1.);
#7073 = DIRECTION('',(0.,1.));
#7074 = ( GEOMETRIC_REPRESENTATION_CONTEXT(2) 
PARAMETRIC_REPRESENTATION_CONTEXT() REPRESENTATION_CONTEXT('2D SPACE',''
  ) );
#7075 = ORIENTED_EDGE('',*,*,#7076,.F.);
#7076 = EDGE_CURVE('',#2895,#7054,#7077,.T.);
#7077 = SURFACE_CURVE('',#7078,(#7083,#7090),.PCURVE_S1.);
#7078 = CIRCLE('',#7079,1.15);
#7079 = AXIS2_PLACEMENT_3D('',#7080,#7081,#7082);
#7080 = CARTESIAN_POINT('',(43.,9.,133.));
#7081 = DIRECTION('',(1.,0.,2.22044604925E-16));
#7082 = DIRECTION('',(2.22044604925E-16,0.,-1.));
#7083 = PCURVE('',#2829,#7084);
#7084 = DEFINITIONAL_REPRESENTATION('',(#7085),#7089);
#7085 = CIRCLE('',#7086,1.15);
#7086 = AXIS2_PLACEMENT_2D('',#7087,#7088);
#7087 = CARTESIAN_POINT('',(50.,-23.));
#7088 = DIRECTION('',(-1.,0.));
#7089 = ( GEOMETRIC_REPRESENTATION_CONTEXT(2) 
PARAMETRIC_REPRESENTATION_CONTEXT() REPRESENTATION_CONTEXT('2D SPACE',''
  ) );
#7090 = PCURVE('',#2938,#7091);
#7091 = DEFINITIONAL_REPRESENTATION('',(#7092),#7096);
#7092 = LINE('',#7093,#7094);
#7093 = CARTESIAN_POINT('',(0.,1.));
#7094 = VECTOR('',#7095,1.);
#7095 = DIRECTION('',(1.,0.));
#7096 = ( GEOMETRIC_REPRESENTATION_CONTEXT(2) 
PARAMETRIC_REPRESENTATION_CONTEXT() REPRESENTATION_CONTEXT('2D SPACE',''
  ) );
#7097 = ORIENTED_EDGE('',*,*,#3374,.T.);
#7098 = ORIENTED_EDGE('',*,*,#7099,.F.);
#7099 = EDGE_CURVE('',#2787,#3346,#7100,.T.);
#7100 = SURFACE_CURVE('',#7101,(#7105,#7112),.PCURVE_S1.);
#7101 = LINE('',#7102,#7103);
#7102 = CARTESIAN_POINT('',(43.,-10.,135.2));
#7103 = VECTOR('',#7104,1.);
#7104 = DIRECTION('',(-0.,1.,0.));
#7105 = PCURVE('',#2829,#7106);
#7106 = DEFINITIONAL_REPRESENTATION('',(#7107),#7111);
#7107 = LINE('',#7108,#7109);
#7108 = CARTESIAN_POINT('',(52.2,-4.));
#7109 = VECTOR('',#7110,1.);
#7110 = DIRECTION('',(0.,-1.));
#7111 = ( GEOMETRIC_REPRESENTATION_CONTEXT(2) 
PARAMETRIC_REPRESENTATION_CONTEXT() REPRESENTATION_CONTEXT('2D SPACE',''
  ) );
#7112 = PCURVE('',#7113,#7118);
#7113 = CYLINDRICAL_SURFACE('',#7114,0.8);
#7114 = AXIS2_PLACEMENT_3D('',#7115,#7116,#7117);
#7115 = CARTESIAN_POINT('',(43.8,-10.,135.2));
#7116 = DIRECTION('',(-0.,1.,0.));
#7117 = DIRECTION('',(-1.,-0.,0.));
#7118 = DEFINITIONAL_REPRESENTATION('',(#7119),#7123);
#7119 = LINE('',#7120,#7121);
#7120 = CARTESIAN_POINT('',(0.,0.));
#7121 = VECTOR('',#7122,1.);
#7122 = DIRECTION('',(0.,1.));
#7123 = ( GEOMETRIC_REPRESENTATION_CONTEXT(2) 
PARAMETRIC_REPRESENTATION_CONTEXT() REPRESENTATION_CONTEXT('2D SPACE',''
  ) );
#7124 = ORIENTED_EDGE('',*,*,#2815,.T.);
#7125 = ADVANCED_FACE('',(#7126),#2601,.T.);
#7126 = FACE_BOUND('',#7127,.T.);
#7127 = EDGE_LOOP('',(#7128,#7129,#7130,#7131));
#7128 = ORIENTED_EDGE('',*,*,#3685,.T.);
#7129 = ORIENTED_EDGE('',*,*,#2585,.T.);
#7130 = ORIENTED_EDGE('',*,*,#6995,.F.);
#7131 = ORIENTED_EDGE('',*,*,#7132,.F.);
#7132 = EDGE_CURVE('',#3686,#6935,#7133,.T.);
#7133 = SURFACE_CURVE('',#7134,(#7138,#7145),.PCURVE_S1.);
#7134 = LINE('',#7135,#7136);
#7135 = CARTESIAN_POINT('',(43.782858411571,-10.5,86.75));
#7136 = VECTOR('',#7137,1.);
#7137 = DIRECTION('',(0.,0.,1.));
#7138 = PCURVE('',#2601,#7139);
#7139 = DEFINITIONAL_REPRESENTATION('',(#7140),#7144);
#7140 = LINE('',#7141,#7142);
#7141 = CARTESIAN_POINT('',(0.,0.));
#7142 = VECTOR('',#7143,1.);
#7143 = DIRECTION('',(0.,1.));
#7144 = ( GEOMETRIC_REPRESENTATION_CONTEXT(2) 
PARAMETRIC_REPRESENTATION_CONTEXT() REPRESENTATION_CONTEXT('2D SPACE',''
  ) );
#7145 = PCURVE('',#7146,#7151);
#7146 = PLANE('',#7147);
#7147 = AXIS2_PLACEMENT_3D('',#7148,#7149,#7150);
#7148 = CARTESIAN_POINT('',(41.,-10.5,86.));
#7149 = DIRECTION('',(-0.,1.,0.));
#7150 = DIRECTION('',(0.,0.,1.));
#7151 = DEFINITIONAL_REPRESENTATION('',(#7152),#7156);
#7152 = LINE('',#7153,#7154);
#7153 = CARTESIAN_POINT('',(0.75,2.782858411571));
#7154 = VECTOR('',#7155,1.);
#7155 = DIRECTION('',(1.,0.));
#7156 = ( GEOMETRIC_REPRESENTATION_CONTEXT(2) 
PARAMETRIC_REPRESENTATION_CONTEXT() REPRESENTATION_CONTEXT('2D SPACE',''
  ) );
#7157 = ADVANCED_FACE('',(#7158),#2803,.T.);
#7158 = FACE_BOUND('',#7159,.F.);
#7159 = EDGE_LOOP('',(#7160,#7187,#7188,#7210));
#7160 = ORIENTED_EDGE('',*,*,#7161,.F.);
#7161 = EDGE_CURVE('',#2759,#7162,#7164,.T.);
#7162 = VERTEX_POINT('',#7163);
#7163 = CARTESIAN_POINT('',(47.,-13.2,136.));
#7164 = SURFACE_CURVE('',#7165,(#7170,#7176),.PCURVE_S1.);
#7165 = CIRCLE('',#7166,0.8);
#7166 = AXIS2_PLACEMENT_3D('',#7167,#7168,#7169);
#7167 = CARTESIAN_POINT('',(47.,-13.2,135.2));
#7168 = DIRECTION('',(-1.,-0.,0.));
#7169 = DIRECTION('',(0.,-1.,-0.));
#7170 = PCURVE('',#2803,#7171);
#7171 = DEFINITIONAL_REPRESENTATION('',(#7172),#7175);
#7172 = B_SPLINE_CURVE_WITH_KNOTS('',1,(#7173,#7174),.UNSPECIFIED.,.F.,
  .F.,(2,2),(0.,1.570796326795),.PIECEWISE_BEZIER_KNOTS.);
#7173 = CARTESIAN_POINT('',(4.440892098501E-16,0.));
#7174 = CARTESIAN_POINT('',(4.440892098501E-16,1.570796326795));
#7175 = ( GEOMETRIC_REPRESENTATION_CONTEXT(2) 
PARAMETRIC_REPRESENTATION_CONTEXT() REPRESENTATION_CONTEXT('2D SPACE',''
  ) );
#7176 = PCURVE('',#7177,#7182);
#7177 = CYLINDRICAL_SURFACE('',#7178,0.8);
#7178 = AXIS2_PLACEMENT_3D('',#7179,#7180,#7181);
#7179 = CARTESIAN_POINT('',(64.,-13.2,135.2));
#7180 = DIRECTION('',(-1.,-0.,0.));
#7181 = DIRECTION('',(0.,-1.,-0.));
#7182 = DEFINITIONAL_REPRESENTATION('',(#7183),#7186);
#7183 = B_SPLINE_CURVE_WITH_KNOTS('',1,(#7184,#7185),.UNSPECIFIED.,.F.,
  .F.,(2,2),(0.,1.570796326795),.PIECEWISE_BEZIER_KNOTS.);
#7184 = CARTESIAN_POINT('',(0.,17.));
#7185 = CARTESIAN_POINT('',(1.570796326795,17.));
#7186 = ( GEOMETRIC_REPRESENTATION_CONTEXT(2) 
PARAMETRIC_REPRESENTATION_CONTEXT() REPRESENTATION_CONTEXT('2D SPACE',''
  ) );
#7187 = ORIENTED_EDGE('',*,*,#2786,.T.);
#7188 = ORIENTED_EDGE('',*,*,#7189,.T.);
#7189 = EDGE_CURVE('',#2787,#7190,#7192,.T.);
#7190 = VERTEX_POINT('',#7191);
#7191 = CARTESIAN_POINT('',(43.8,-10.,136.));
#7192 = SURFACE_CURVE('',#7193,(#7198,#7204),.PCURVE_S1.);
#7193 = CIRCLE('',#7194,0.8);
#7194 = AXIS2_PLACEMENT_3D('',#7195,#7196,#7197);
#7195 = CARTESIAN_POINT('',(43.8,-10.,135.2));
#7196 = DIRECTION('',(-0.,1.,0.));
#7197 = DIRECTION('',(-1.,-0.,0.));
#7198 = PCURVE('',#2803,#7199);
#7199 = DEFINITIONAL_REPRESENTATION('',(#7200),#7203);
#7200 = B_SPLINE_CURVE_WITH_KNOTS('',1,(#7201,#7202),.UNSPECIFIED.,.F.,
  .F.,(2,2),(0.,1.570796326795),.PIECEWISE_BEZIER_KNOTS.);
#7201 = CARTESIAN_POINT('',(-1.570796326795,0.));
#7202 = CARTESIAN_POINT('',(-1.570796326795,1.570796326795));
#7203 = ( GEOMETRIC_REPRESENTATION_CONTEXT(2) 
PARAMETRIC_REPRESENTATION_CONTEXT() REPRESENTATION_CONTEXT('2D SPACE',''
  ) );
#7204 = PCURVE('',#7113,#7205);
#7205 = DEFINITIONAL_REPRESENTATION('',(#7206),#7209);
#7206 = B_SPLINE_CURVE_WITH_KNOTS('',1,(#7207,#7208),.UNSPECIFIED.,.F.,
  .F.,(2,2),(0.,1.570796326795),.PIECEWISE_BEZIER_KNOTS.);
#7207 = CARTESIAN_POINT('',(0.,0.));
#7208 = CARTESIAN_POINT('',(1.570796326795,0.));
#7209 = ( GEOMETRIC_REPRESENTATION_CONTEXT(2) 
PARAMETRIC_REPRESENTATION_CONTEXT() REPRESENTATION_CONTEXT('2D SPACE',''
  ) );
#7210 = ORIENTED_EDGE('',*,*,#7211,.F.);
#7211 = EDGE_CURVE('',#7162,#7190,#7212,.T.);
#7212 = SURFACE_CURVE('',#7213,(#7218,#7225),.PCURVE_S1.);
#7213 = CIRCLE('',#7214,3.2);
#7214 = AXIS2_PLACEMENT_3D('',#7215,#7216,#7217);
#7215 = CARTESIAN_POINT('',(47.,-10.,136.));
#7216 = DIRECTION('',(-0.,0.,-1.));
#7217 = DIRECTION('',(-4.440892098501E-16,-1.,0.));
#7218 = PCURVE('',#2803,#7219);
#7219 = DEFINITIONAL_REPRESENTATION('',(#7220),#7224);
#7220 = LINE('',#7221,#7222);
#7221 = CARTESIAN_POINT('',(-0.,1.570796326795));
#7222 = VECTOR('',#7223,1.);
#7223 = DIRECTION('',(-1.,0.));
#7224 = ( GEOMETRIC_REPRESENTATION_CONTEXT(2) 
PARAMETRIC_REPRESENTATION_CONTEXT() REPRESENTATION_CONTEXT('2D SPACE',''
  ) );
#7225 = PCURVE('',#7226,#7231);
#7226 = PLANE('',#7227);
#7227 = AXIS2_PLACEMENT_3D('',#7228,#7229,#7230);
#7228 = CARTESIAN_POINT('',(43.,-14.,136.));
#7229 = DIRECTION('',(0.,0.,1.));
#7230 = DIRECTION('',(1.,0.,-0.));
#7231 = DEFINITIONAL_REPRESENTATION('',(#7232),#7240);
#7232 = ( BOUNDED_CURVE() B_SPLINE_CURVE(2,(#7233,#7234,#7235,#7236,
#7237,#7238,#7239),.UNSPECIFIED.,.T.,.F.) B_SPLINE_CURVE_WITH_KNOTS((1,2
    ,2,2,2,1),(-2.094395102393,0.,2.094395102393,4.188790204786,
6.28318530718,8.377580409573),.UNSPECIFIED.) CURVE() 
GEOMETRIC_REPRESENTATION_ITEM() RATIONAL_B_SPLINE_CURVE((1.,0.5,1.,0.5,
1.,0.5,1.)) REPRESENTATION_ITEM('') );
#7233 = CARTESIAN_POINT('',(4.,0.8));
#7234 = CARTESIAN_POINT('',(-1.54256258422,0.8));
#7235 = CARTESIAN_POINT('',(1.22871870789,5.6));
#7236 = CARTESIAN_POINT('',(4.,10.4));
#7237 = CARTESIAN_POINT('',(6.77128129211,5.6));
#7238 = CARTESIAN_POINT('',(9.54256258422,0.8));
#7239 = CARTESIAN_POINT('',(4.,0.8));
#7240 = ( GEOMETRIC_REPRESENTATION_CONTEXT(2) 
PARAMETRIC_REPRESENTATION_CONTEXT() REPRESENTATION_CONTEXT('2D SPACE',''
  ) );
#7241 = ADVANCED_FACE('',(#7242),#2774,.F.);
#7242 = FACE_BOUND('',#7243,.F.);
#7243 = EDGE_LOOP('',(#7244,#7245,#7266,#7267));
#7244 = ORIENTED_EDGE('',*,*,#2758,.T.);
#7245 = ORIENTED_EDGE('',*,*,#7246,.F.);
#7246 = EDGE_CURVE('',#4692,#2759,#7247,.T.);
#7247 = SURFACE_CURVE('',#7248,(#7252,#7259),.PCURVE_S1.);
#7248 = LINE('',#7249,#7250);
#7249 = CARTESIAN_POINT('',(64.,-14.,135.2));
#7250 = VECTOR('',#7251,1.);
#7251 = DIRECTION('',(-1.,-0.,0.));
#7252 = PCURVE('',#2774,#7253);
#7253 = DEFINITIONAL_REPRESENTATION('',(#7254),#7258);
#7254 = LINE('',#7255,#7256);
#7255 = CARTESIAN_POINT('',(52.2,21.));
#7256 = VECTOR('',#7257,1.);
#7257 = DIRECTION('',(0.,-1.));
#7258 = ( GEOMETRIC_REPRESENTATION_CONTEXT(2) 
PARAMETRIC_REPRESENTATION_CONTEXT() REPRESENTATION_CONTEXT('2D SPACE',''
  ) );
#7259 = PCURVE('',#7177,#7260);
#7260 = DEFINITIONAL_REPRESENTATION('',(#7261),#7265);
#7261 = LINE('',#7262,#7263);
#7262 = CARTESIAN_POINT('',(0.,0.));
#7263 = VECTOR('',#7264,1.);
#7264 = DIRECTION('',(0.,1.));
#7265 = ( GEOMETRIC_REPRESENTATION_CONTEXT(2) 
PARAMETRIC_REPRESENTATION_CONTEXT() REPRESENTATION_CONTEXT('2D SPACE',''
  ) );
#7266 = ORIENTED_EDGE('',*,*,#4691,.F.);
#7267 = ORIENTED_EDGE('',*,*,#7268,.T.);
#7268 = EDGE_CURVE('',#4663,#2730,#7269,.T.);
#7269 = SURFACE_CURVE('',#7270,(#7274,#7281),.PCURVE_S1.);
#7270 = LINE('',#7271,#7272);
#7271 = CARTESIAN_POINT('',(64.,-14.,83.8));
#7272 = VECTOR('',#7273,1.);
#7273 = DIRECTION('',(-1.,-0.,0.));
#7274 = PCURVE('',#2774,#7275);
#7275 = DEFINITIONAL_REPRESENTATION('',(#7276),#7280);
#7276 = LINE('',#7277,#7278);
#7277 = CARTESIAN_POINT('',(0.8,21.));
#7278 = VECTOR('',#7279,1.);
#7279 = DIRECTION('',(0.,-1.));
#7280 = ( GEOMETRIC_REPRESENTATION_CONTEXT(2) 
PARAMETRIC_REPRESENTATION_CONTEXT() REPRESENTATION_CONTEXT('2D SPACE',''
  ) );
#7281 = PCURVE('',#7282,#7287);
#7282 = CYLINDRICAL_SURFACE('',#7283,0.8);
#7283 = AXIS2_PLACEMENT_3D('',#7284,#7285,#7286);
#7284 = CARTESIAN_POINT('',(64.,-13.2,83.8));
#7285 = DIRECTION('',(-1.,-0.,0.));
#7286 = DIRECTION('',(0.,-1.,-0.));
#7287 = DEFINITIONAL_REPRESENTATION('',(#7288),#7292);
#7288 = LINE('',#7289,#7290);
#7289 = CARTESIAN_POINT('',(-0.,0.));
#7290 = VECTOR('',#7291,1.);
#7291 = DIRECTION('',(-0.,1.));
#7292 = ( GEOMETRIC_REPRESENTATION_CONTEXT(2) 
PARAMETRIC_REPRESENTATION_CONTEXT() REPRESENTATION_CONTEXT('2D SPACE',''
  ) );
#7293 = ADVANCED_FACE('',(#7294),#2746,.T.);
#7294 = FACE_BOUND('',#7295,.T.);
#7295 = EDGE_LOOP('',(#7296,#7318,#7319,#7505,#7506));
#7296 = ORIENTED_EDGE('',*,*,#7297,.F.);
#7297 = EDGE_CURVE('',#2730,#7298,#7300,.T.);
#7298 = VERTEX_POINT('',#7299);
#7299 = CARTESIAN_POINT('',(47.,-13.2,83.));
#7300 = SURFACE_CURVE('',#7301,(#7306,#7312),.PCURVE_S1.);
#7301 = CIRCLE('',#7302,0.8);
#7302 = AXIS2_PLACEMENT_3D('',#7303,#7304,#7305);
#7303 = CARTESIAN_POINT('',(47.,-13.2,83.8));
#7304 = DIRECTION('',(1.,0.,0.));
#7305 = DIRECTION('',(0.,-1.,0.));
#7306 = PCURVE('',#2746,#7307);
#7307 = DEFINITIONAL_REPRESENTATION('',(#7308),#7311);
#7308 = B_SPLINE_CURVE_WITH_KNOTS('',1,(#7309,#7310),.UNSPECIFIED.,.F.,
  .F.,(2,2),(0.,1.570796326795),.PIECEWISE_BEZIER_KNOTS.);
#7309 = CARTESIAN_POINT('',(-4.440892098501E-16,0.));
#7310 = CARTESIAN_POINT('',(-4.440892098501E-16,1.570796326795));
#7311 = ( GEOMETRIC_REPRESENTATION_CONTEXT(2) 
PARAMETRIC_REPRESENTATION_CONTEXT() REPRESENTATION_CONTEXT('2D SPACE',''
  ) );
#7312 = PCURVE('',#7282,#7313);
#7313 = DEFINITIONAL_REPRESENTATION('',(#7314),#7317);
#7314 = B_SPLINE_CURVE_WITH_KNOTS('',1,(#7315,#7316),.UNSPECIFIED.,.F.,
  .F.,(2,2),(0.,1.570796326795),.PIECEWISE_BEZIER_KNOTS.);
#7315 = CARTESIAN_POINT('',(0.,17.));
#7316 = CARTESIAN_POINT('',(-1.570796326795,17.));
#7317 = ( GEOMETRIC_REPRESENTATION_CONTEXT(2) 
PARAMETRIC_REPRESENTATION_CONTEXT() REPRESENTATION_CONTEXT('2D SPACE',''
  ) );
#7318 = ORIENTED_EDGE('',*,*,#2729,.T.);
#7319 = ORIENTED_EDGE('',*,*,#7320,.T.);
#7320 = EDGE_CURVE('',#2697,#2846,#7321,.T.);
#7321 = SURFACE_CURVE('',#7322,(#7381,#7443),.PCURVE_S1.);
#7322 = B_SPLINE_CURVE_WITH_KNOTS('',8,(#7323,#7324,#7325,#7326,#7327,
    #7328,#7329,#7330,#7331,#7332,#7333,#7334,#7335,#7336,#7337,#7338,
    #7339,#7340,#7341,#7342,#7343,#7344,#7345,#7346,#7347,#7348,#7349,
    #7350,#7351,#7352,#7353,#7354,#7355,#7356,#7357,#7358,#7359,#7360,
    #7361,#7362,#7363,#7364,#7365,#7366,#7367,#7368,#7369,#7370,#7371,
    #7372,#7373,#7374,#7375,#7376,#7377,#7378,#7379,#7380),
  .UNSPECIFIED.,.F.,.F.,(9,7,7,7,7,7,7,7,9),(0.,5.610714457343E-02,
    9.031988295907E-02,0.163939738815,0.268509988816,0.320300252701,
    0.41798486366,0.544124979784,1.),.UNSPECIFIED.);
#7323 = CARTESIAN_POINT('',(43.304516129032,-11.53081643557,83.8));
#7324 = CARTESIAN_POINT('',(43.307495758728,-11.53800944266,
    83.789959943417));
#7325 = CARTESIAN_POINT('',(43.310505146296,-11.54485287928,
    83.779819615741));
#7326 = CARTESIAN_POINT('',(43.313542741769,-11.55133593886,
    83.769584239692));
#7327 = CARTESIAN_POINT('',(43.316606817964,-11.55744813292,
    83.759259635121));
#7328 = CARTESIAN_POINT('',(43.319695470488,-11.56317929114,
    83.748852219009));
#7329 = CARTESIAN_POINT('',(43.322806617732,-11.5685195613,
    83.738369005468));
#7330 = CARTESIAN_POINT('',(43.325938000877,-11.57345940928,
    83.727817605739));
#7331 = CARTESIAN_POINT('',(43.331007477204,-11.58075202817,
    83.710735674638));
#7332 = CARTESIAN_POINT('',(43.332934389028,-11.58336218196,
    83.70424281958));
#7333 = CARTESIAN_POINT('',(43.334867362763,-11.5858180227,
    83.697729538514));
#7334 = CARTESIAN_POINT('',(43.336805820648,-11.58811760076,
    83.691197778252));
#7335 = CARTESIAN_POINT('',(43.338749163753,-11.59025907467,
    83.684649556919));
#7336 = CARTESIAN_POINT('',(43.340696771986,-11.59224071113,
    83.678086963961));
#7337 = CARTESIAN_POINT('',(43.342648004088,-11.594060885,83.67151216014
    ));
#7338 = CARTESIAN_POINT('',(43.348807281884,-11.59928407292,
    83.650758071911));
#7339 = CARTESIAN_POINT('',(43.353026262267,-11.60209560619,
    83.636541942361));
#7340 = CARTESIAN_POINT('',(43.357252335905,-11.60413754663,
    83.622301911624));
#7341 = CARTESIAN_POINT('',(43.361478503973,-11.6053979285,
    83.608061562698));
#7342 = CARTESIAN_POINT('',(43.365697610069,-11.60586824256,
    83.593845009551));
#7343 = CARTESIAN_POINT('',(43.369902378584,-11.60554372576,
    83.579676767816));
#7344 = CARTESIAN_POINT('',(43.374085453075,-11.60442365095,
    83.565581625509));
#7345 = CARTESIAN_POINT('',(43.384139784282,-11.59979574721,
    83.531702900789));
#7346 = CARTESIAN_POINT('',(43.389982507574,-11.59548146145,
    83.512015463608));
#7347 = CARTESIAN_POINT('',(43.395745760838,-11.58957893103,
    83.492595805871));
#7348 = CARTESIAN_POINT('',(43.401409919014,-11.58211534146,
    83.473510055497));
#7349 = CARTESIAN_POINT('',(43.406957575166,-11.57313279687,
    83.454816866288));
#7350 = CARTESIAN_POINT('',(43.412373539996,-11.56268622489,
    83.43656741958));
#7351 = CARTESIAN_POINT('',(43.417644841348,-11.5508412815,
    83.418805425892));
#7352 = CARTESIAN_POINT('',(43.425294454857,-11.53115006326,
    83.393029554285));
#7353 = CARTESIAN_POINT('',(43.427790260642,-11.52430249191,
    83.384619773922));
#7354 = CARTESIAN_POINT('',(43.430246969518,-11.51713836172,
    83.376341733145));
#7355 = CARTESIAN_POINT('',(43.432663567968,-11.5096666317,
    83.368198847064));
#7356 = CARTESIAN_POINT('',(43.435039200519,-11.5018964,83.360193998252)
  );
#7357 = CARTESIAN_POINT('',(43.43737316974,-11.49383690391,
    83.352329536746));
#7358 = CARTESIAN_POINT('',(43.439664936245,-11.48549751981,
    83.344607280045));
#7359 = CARTESIAN_POINT('',(43.446156431735,-11.4606484036,
    83.322733762634));
#7360 = CARTESIAN_POINT('',(43.450247109567,-11.4434471881,
    83.308949956895));
#7361 = CARTESIAN_POINT('',(43.454183689794,-11.42534638738,
    83.295685393085));
#7362 = CARTESIAN_POINT('',(43.457965373692,-11.4064074421,
    83.28294276256));
#7363 = CARTESIAN_POINT('',(43.461592786686,-11.38668995634,
    83.270719957907));
#7364 = CARTESIAN_POINT('',(43.465067738834,-11.36625069099,
    83.259010880017));
#7365 = CARTESIAN_POINT('',(43.46839298531,-11.34514255716,
    83.247806245149));
#7366 = CARTESIAN_POINT('',(43.475677030913,-11.29535502449,
    83.223262178447));
#7367 = CARTESIAN_POINT('',(43.479537837765,-11.26626394246,
    83.210252937967));
#7368 = CARTESIAN_POINT('',(43.4831623369,-11.23624232163,
    83.198039951752));
#7369 = CARTESIAN_POINT('',(43.486559638111,-11.20538361332,
    83.186592523756));
#7370 = CARTESIAN_POINT('',(43.489739720103,-11.17377221583,
    83.175877030088));
#7371 = CARTESIAN_POINT('',(43.492713119057,-11.14148292822,
    83.165857968396));
#7372 = CARTESIAN_POINT('',(43.4954906172,-11.10858040414,83.15649900726
    ));
#7373 = CARTESIAN_POINT('',(43.507451650179,-10.95418643445,
    83.116195526571));
#7374 = CARTESIAN_POINT('',(43.514373502185,-10.8263169094,
    83.092871894811));
#7375 = CARTESIAN_POINT('',(43.519419090309,-10.69363001236,
    83.075870456567));
#7376 = CARTESIAN_POINT('',(43.522986911173,-10.55763301921,
    83.063848451482));
#7377 = CARTESIAN_POINT('',(43.52543511759,-10.41954870813,
    83.055599060295));
#7378 = CARTESIAN_POINT('',(43.526986577442,-10.28023747356,
    83.050371315143));
#7379 = CARTESIAN_POINT('',(43.527766235182,-10.14029988445,
    83.047744207538));
#7380 = CARTESIAN_POINT('',(43.527766235182,-10.,83.047744207538));
#7381 = PCURVE('',#2746,#7382);
#7382 = DEFINITIONAL_REPRESENTATION('',(#7383),#7442);
#7383 = B_SPLINE_CURVE_WITH_KNOTS('',8,(#7384,#7385,#7386,#7387,#7388,
    #7389,#7390,#7391,#7392,#7393,#7394,#7395,#7396,#7397,#7398,#7399,
    #7400,#7401,#7402,#7403,#7404,#7405,#7406,#7407,#7408,#7409,#7410,
    #7411,#7412,#7413,#7414,#7415,#7416,#7417,#7418,#7419,#7420,#7421,
    #7422,#7423,#7424,#7425,#7426,#7427,#7428,#7429,#7430,#7431,#7432,
    #7433,#7434,#7435,#7436,#7437,#7438,#7439,#7440,#7441),
  .UNSPECIFIED.,.F.,.F.,(9,7,7,7,7,7,7,7,9),(0.,5.610714457343E-02,
    9.031988295907E-02,0.163939738815,0.268509988816,0.320300252701,
    0.41798486366,0.544124979784,1.),.UNSPECIFIED.);
#7384 = CARTESIAN_POINT('',(1.17807486488,0.));
#7385 = CARTESIAN_POINT('',(1.176128433142,1.255007072886E-02));
#7386 = CARTESIAN_POINT('',(1.174259899881,2.52254594558E-02));
#7387 = CARTESIAN_POINT('',(1.172471605724,3.802268871751E-02));
#7388 = CARTESIAN_POINT('',(1.170765866253,5.093775424626E-02));
#7389 = CARTESIAN_POINT('',(1.169144972009,6.396612496988E-02));
#7390 = CARTESIAN_POINT('',(1.167611188495,7.710274301181E-02));
#7391 = CARTESIAN_POINT('',(1.166166756169,9.034202369109E-02));
#7392 = CARTESIAN_POINT('',(1.163988946653,0.1118097134));
#7393 = CARTESIAN_POINT('',(1.163198038801,0.119977457978));
#7394 = CARTESIAN_POINT('',(1.162441664156,0.12817968134));
#7395 = CARTESIAN_POINT('',(1.161720303954,0.136414900437));
#7396 = CARTESIAN_POINT('',(1.161034423406,0.144681557085));
#7397 = CARTESIAN_POINT('',(1.160384471697,0.152978017965));
#7398 = CARTESIAN_POINT('',(1.159770881987,0.161302574624));
#7399 = CARTESIAN_POINT('',(1.157952875488,0.187623059185));
#7400 = CARTESIAN_POINT('',(1.15688192158,0.205715281231));
#7401 = CARTESIAN_POINT('',(1.155985390128,0.223911364945));
#7402 = CARTESIAN_POINT('',(1.155266927223,0.242191882456));
#7403 = CARTESIAN_POINT('',(1.154729573439,0.260536607139));
#7404 = CARTESIAN_POINT('',(1.15437569266,0.278924398062));
#7405 = CARTESIAN_POINT('',(1.154206900911,0.297333084436));
#7406 = CARTESIAN_POINT('',(1.154248276028,0.341883761447));
#7407 = CARTESIAN_POINT('',(1.154647623981,0.368027932514));
#7408 = CARTESIAN_POINT('',(1.155424365814,0.394102565569));
#7409 = CARTESIAN_POINT('',(1.156577386877,0.420043552824));
#7410 = CARTESIAN_POINT('',(1.158102422222,0.44579140071));
#7411 = CARTESIAN_POINT('',(1.159992347704,0.471290654189));
#7412 = CARTESIAN_POINT('',(1.1622374711,0.496489321076));
#7413 = CARTESIAN_POINT('',(1.16610775034,0.533645190383));
#7414 = CARTESIAN_POINT('',(1.167473982053,0.545867315238));
#7415 = CARTESIAN_POINT('',(1.168923107057,0.557999373256));
#7416 = CARTESIAN_POINT('',(1.17045365391,0.570036468443));
#7417 = CARTESIAN_POINT('',(1.172064091031,0.58197410646));
#7418 = CARTESIAN_POINT('',(1.173752826703,0.593808194624));
#7419 = CARTESIAN_POINT('',(1.17551820907,0.605535041909));
#7420 = CARTESIAN_POINT('',(1.180829654559,0.639061566104));
#7421 = CARTESIAN_POINT('',(1.184567354961,0.660577954615));
#7422 = CARTESIAN_POINT('',(1.188560473818,0.681679323577));
#7423 = CARTESIAN_POINT('',(1.192797603036,0.702348772018));
#7424 = CARTESIAN_POINT('',(1.197267323109,0.722573274815));
#7425 = CARTESIAN_POINT('',(1.201958446296,0.742343258628));
#7426 = CARTESIAN_POINT('',(1.206860259774,0.761652177813));
#7427 = CARTESIAN_POINT('',(1.218551637586,0.804829230382));
#7428 = CARTESIAN_POINT('',(1.225474527723,0.828384785244));
#7429 = CARTESIAN_POINT('',(1.232710330412,0.851156530256));
#7430 = CARTESIAN_POINT('',(1.240238836043,0.873141301354));
#7431 = CARTESIAN_POINT('',(1.248041000935,0.894338707728));
#7432 = CARTESIAN_POINT('',(1.256099214071,0.914750844447));
#7433 = CARTESIAN_POINT('',(1.264397563828,0.934382005093));
#7434 = CARTESIAN_POINT('',(1.303730109037,1.021386078992));
#7435 = CARTESIAN_POINT('',(1.337398975653,1.079207858621));
#7436 = CARTESIAN_POINT('',(1.373369158051,1.12737766139));
#7437 = CARTESIAN_POINT('',(1.411142704417,1.16586237028));
#7438 = CARTESIAN_POINT('',(1.450204067464,1.194711343198));
#7439 = CARTESIAN_POINT('',(1.490088195419,1.213919400778));
#7440 = CARTESIAN_POINT('',(1.530390094393,1.223568694966));
#7441 = CARTESIAN_POINT('',(1.570796326795,1.223568694966));
#7442 = ( GEOMETRIC_REPRESENTATION_CONTEXT(2) 
PARAMETRIC_REPRESENTATION_CONTEXT() REPRESENTATION_CONTEXT('2D SPACE',''
  ) );
#7443 = PCURVE('',#2717,#7444);
#7444 = DEFINITIONAL_REPRESENTATION('',(#7445),#7504);
#7445 = B_SPLINE_CURVE_WITH_KNOTS('',8,(#7446,#7447,#7448,#7449,#7450,
    #7451,#7452,#7453,#7454,#7455,#7456,#7457,#7458,#7459,#7460,#7461,
    #7462,#7463,#7464,#7465,#7466,#7467,#7468,#7469,#7470,#7471,#7472,
    #7473,#7474,#7475,#7476,#7477,#7478,#7479,#7480,#7481,#7482,#7483,
    #7484,#7485,#7486,#7487,#7488,#7489,#7490,#7491,#7492,#7493,#7494,
    #7495,#7496,#7497,#7498,#7499,#7500,#7501,#7502,#7503),
  .UNSPECIFIED.,.F.,.F.,(9,7,7,7,7,7,7,7,9),(0.,5.610714457343E-02,
    9.031988295907E-02,0.163939738815,0.268509988816,0.320300252701,
    0.41798486366,0.544124979784,1.),.UNSPECIFIED.);
#7446 = CARTESIAN_POINT('',(30.563073139824,-1.530816435572));
#7447 = CARTESIAN_POINT('',(30.552600273487,-1.538009442667));
#7448 = CARTESIAN_POINT('',(30.542022813541,-1.544852879289));
#7449 = CARTESIAN_POINT('',(30.531346207848,-1.551335938862));
#7450 = CARTESIAN_POINT('',(30.520576527144,-1.557448132928));
#7451 = CARTESIAN_POINT('',(30.509720465034,-1.563179291147));
#7452 = CARTESIAN_POINT('',(30.498785337997,-1.5685195613));
#7453 = CARTESIAN_POINT('',(30.487779085381,-1.573459409286));
#7454 = CARTESIAN_POINT('',(30.469960781298,-1.580752028175));
#7455 = CARTESIAN_POINT('',(30.463188030308,-1.583362181967));
#7456 = CARTESIAN_POINT('',(30.456393972779,-1.585818022706));
#7457 = CARTESIAN_POINT('',(30.449580639447,-1.588117600763));
#7458 = CARTESIAN_POINT('',(30.442750135435,-1.590259074671));
#7459 = CARTESIAN_POINT('',(30.435904640263,-1.59224071113));
#7460 = CARTESIAN_POINT('',(30.429046407837,-1.594060885002));
#7461 = CARTESIAN_POINT('',(30.407397646183,-1.599284072926));
#7462 = CARTESIAN_POINT('',(30.392568683479,-1.602095606196));
#7463 = CARTESIAN_POINT('',(30.377714789249,-1.60413754663));
#7464 = CARTESIAN_POINT('',(30.362860563115,-1.605397928501));
#7465 = CARTESIAN_POINT('',(30.348031158553,-1.605868242564));
#7466 = CARTESIAN_POINT('',(30.333252148028,-1.605543725765));
#7467 = CARTESIAN_POINT('',(30.318549388122,-1.604423650951));
#7468 = CARTESIAN_POINT('',(30.283210209231,-1.599795747215));
#7469 = CARTESIAN_POINT('',(30.262674080135,-1.595481461456));
#7470 = CARTESIAN_POINT('',(30.242417274,-1.589578931037));
#7471 = CARTESIAN_POINT('',(30.222508769406,-1.582115341464));
#7472 = CARTESIAN_POINT('',(30.203009748621,-1.573132796874));
#7473 = CARTESIAN_POINT('',(30.18397359932,-1.562686224896));
#7474 = CARTESIAN_POINT('',(30.16544591631,-1.550841281504));
#7475 = CARTESIAN_POINT('',(30.138558890741,-1.531150063268));
#7476 = CARTESIAN_POINT('',(30.129786579058,-1.524302491918));
#7477 = CARTESIAN_POINT('',(30.12115168603,-1.517138361724));
#7478 = CARTESIAN_POINT('',(30.112657773987,-1.509666631706));
#7479 = CARTESIAN_POINT('',(30.104307849765,-1.501896400009));
#7480 = CARTESIAN_POINT('',(30.096104364706,-1.49383690391));
#7481 = CARTESIAN_POINT('',(30.08804921466,-1.485497519811));
#7482 = CARTESIAN_POINT('',(30.065232767135,-1.460648403607));
#7483 = CARTESIAN_POINT('',(30.050854764987,-1.443447188104));
#7484 = CARTESIAN_POINT('',(30.037018388404,-1.425346387384));
#7485 = CARTESIAN_POINT('',(30.023726444761,-1.406407442106));
#7486 = CARTESIAN_POINT('',(30.010976735799,-1.386689956347));
#7487 = CARTESIAN_POINT('',(29.998762899487,-1.366250690997));
#7488 = CARTESIAN_POINT('',(29.987075251877,-1.345142557169));
#7489 = CARTESIAN_POINT('',(29.961473132226,-1.295355024496));
#7490 = CARTESIAN_POINT('',(29.947903085527,-1.266263942465));
#7491 = CARTESIAN_POINT('',(29.935163618259,-1.236242321633));
#7492 = CARTESIAN_POINT('',(29.923222711123,-1.205383613322));
#7493 = CARTESIAN_POINT('',(29.912045290758,-1.17377221583));
#7494 = CARTESIAN_POINT('',(29.901594324366,-1.141482928228));
#7495 = CARTESIAN_POINT('',(29.891831914342,-1.108580404146));
#7496 = CARTESIAN_POINT('',(29.849791019185,-0.954186434451));
#7497 = CARTESIAN_POINT('',(29.82546194535,-0.826316909404));
#7498 = CARTESIAN_POINT('',(29.807727604034,-0.693630012362));
#7499 = CARTESIAN_POINT('',(29.795187350769,-0.557633019215));
#7500 = CARTESIAN_POINT('',(29.786582342365,-0.41954870813));
#7501 = CARTESIAN_POINT('',(29.781129238015,-0.280237473563));
#7502 = CARTESIAN_POINT('',(29.778388880272,-0.140299884454));
#7503 = CARTESIAN_POINT('',(29.778388880272,1.7763568394E-15));
#7504 = ( GEOMETRIC_REPRESENTATION_CONTEXT(2) 
PARAMETRIC_REPRESENTATION_CONTEXT() REPRESENTATION_CONTEXT('2D SPACE',''
  ) );
#7505 = ORIENTED_EDGE('',*,*,#3399,.T.);
#7506 = ORIENTED_EDGE('',*,*,#7507,.F.);
#7507 = EDGE_CURVE('',#7298,#3400,#7508,.T.);
#7508 = SURFACE_CURVE('',#7509,(#7514,#7521),.PCURVE_S1.);
#7509 = CIRCLE('',#7510,3.2);
#7510 = AXIS2_PLACEMENT_3D('',#7511,#7512,#7513);
#7511 = CARTESIAN_POINT('',(47.,-10.,83.));
#7512 = DIRECTION('',(-0.,0.,-1.));
#7513 = DIRECTION('',(-4.440892098501E-16,-1.,0.));
#7514 = PCURVE('',#2746,#7515);
#7515 = DEFINITIONAL_REPRESENTATION('',(#7516),#7520);
#7516 = LINE('',#7517,#7518);
#7517 = CARTESIAN_POINT('',(0.,1.570796326795));
#7518 = VECTOR('',#7519,1.);
#7519 = DIRECTION('',(1.,0.));
#7520 = ( GEOMETRIC_REPRESENTATION_CONTEXT(2) 
PARAMETRIC_REPRESENTATION_CONTEXT() REPRESENTATION_CONTEXT('2D SPACE',''
  ) );
#7521 = PCURVE('',#3437,#7522);
#7522 = DEFINITIONAL_REPRESENTATION('',(#7523),#7531);
#7523 = ( BOUNDED_CURVE() B_SPLINE_CURVE(2,(#7524,#7525,#7526,#7527,
#7528,#7529,#7530),.UNSPECIFIED.,.T.,.F.) B_SPLINE_CURVE_WITH_KNOTS((1,2
    ,2,2,2,1),(-2.094395102393,0.,2.094395102393,4.188790204786,
6.28318530718,8.377580409573),.UNSPECIFIED.) CURVE() 
GEOMETRIC_REPRESENTATION_ITEM() RATIONAL_B_SPLINE_CURVE((1.,0.5,1.,0.5,
1.,0.5,1.)) REPRESENTATION_ITEM('') );
#7524 = CARTESIAN_POINT('',(4.,0.8));
#7525 = CARTESIAN_POINT('',(-1.54256258422,0.8));
#7526 = CARTESIAN_POINT('',(1.22871870789,5.6));
#7527 = CARTESIAN_POINT('',(4.,10.4));
#7528 = CARTESIAN_POINT('',(6.77128129211,5.6));
#7529 = CARTESIAN_POINT('',(9.54256258422,0.8));
#7530 = CARTESIAN_POINT('',(4.,0.8));
#7531 = ( GEOMETRIC_REPRESENTATION_CONTEXT(2) 
PARAMETRIC_REPRESENTATION_CONTEXT() REPRESENTATION_CONTEXT('2D SPACE',''
  ) );
#7532 = ADVANCED_FACE('',(#7533),#2717,.T.);
#7533 = FACE_BOUND('',#7534,.T.);
#7534 = EDGE_LOOP('',(#7535,#7536,#7537));
#7535 = ORIENTED_EDGE('',*,*,#2868,.F.);
#7536 = ORIENTED_EDGE('',*,*,#7320,.F.);
#7537 = ORIENTED_EDGE('',*,*,#2696,.T.);
#7538 = ADVANCED_FACE('',(#7539),#2938,.F.);
#7539 = FACE_BOUND('',#7540,.F.);
#7540 = EDGE_LOOP('',(#7541,#7564,#7565,#7566,#7567,#7568,#7696,#7796,
    #7908,#7974,#7975,#7976,#8008,#8036,#8139,#8187));
#7541 = ORIENTED_EDGE('',*,*,#7542,.T.);
#7542 = EDGE_CURVE('',#7543,#4029,#7545,.T.);
#7543 = VERTEX_POINT('',#7544);
#7544 = CARTESIAN_POINT('',(66.6,9.,131.85));
#7545 = SEAM_CURVE('',#7546,(#7550,#7557),.PCURVE_S1.);
#7546 = LINE('',#7547,#7548);
#7547 = CARTESIAN_POINT('',(42.,9.,131.85));
#7548 = VECTOR('',#7549,1.);
#7549 = DIRECTION('',(1.,0.,2.22044604925E-16));
#7550 = PCURVE('',#2938,#7551);
#7551 = DEFINITIONAL_REPRESENTATION('',(#7552),#7556);
#7552 = LINE('',#7553,#7554);
#7553 = CARTESIAN_POINT('',(6.28318530718,-0.));
#7554 = VECTOR('',#7555,1.);
#7555 = DIRECTION('',(0.,1.));
#7556 = ( GEOMETRIC_REPRESENTATION_CONTEXT(2) 
PARAMETRIC_REPRESENTATION_CONTEXT() REPRESENTATION_CONTEXT('2D SPACE',''
  ) );
#7557 = PCURVE('',#2938,#7558);
#7558 = DEFINITIONAL_REPRESENTATION('',(#7559),#7563);
#7559 = LINE('',#7560,#7561);
#7560 = CARTESIAN_POINT('',(0.,-0.));
#7561 = VECTOR('',#7562,1.);
#7562 = DIRECTION('',(0.,1.));
#7563 = ( GEOMETRIC_REPRESENTATION_CONTEXT(2) 
PARAMETRIC_REPRESENTATION_CONTEXT() REPRESENTATION_CONTEXT('2D SPACE',''
  ) );
#7564 = ORIENTED_EDGE('',*,*,#4052,.F.);
#7565 = ORIENTED_EDGE('',*,*,#5374,.F.);
#7566 = ORIENTED_EDGE('',*,*,#4028,.F.);
#7567 = ORIENTED_EDGE('',*,*,#7542,.F.);
#7568 = ORIENTED_EDGE('',*,*,#7569,.T.);
#7569 = EDGE_CURVE('',#7543,#7570,#7572,.T.);
#7570 = VERTEX_POINT('',#7571);
#7571 = CARTESIAN_POINT('',(65.825794051243,10.063079819411,
    132.56140987521));
#7572 = SURFACE_CURVE('',#7573,(#7591,#7637),.PCURVE_S1.);
#7573 = ( BOUNDED_CURVE() B_SPLINE_CURVE(6,(#7574,#7575,#7576,#7577,
    #7578,#7579,#7580,#7581,#7582,#7583,#7584,#7585,#7586,#7587,#7588,
#7589,#7590),.UNSPECIFIED.,.F.,.F.) B_SPLINE_CURVE_WITH_KNOTS((7,5,5,7),
  (24.481484689688,24.972521056433,25.497286990886,25.741990586784),
.UNSPECIFIED.) CURVE() GEOMETRIC_REPRESENTATION_ITEM() 
RATIONAL_B_SPLINE_CURVE((1.,1.,1.,1.,1.,1.,1.,1.,1.,1.,1.,1.,1.,1.,1.,1.
,1.)) REPRESENTATION_ITEM('') );
#7574 = CARTESIAN_POINT('',(66.6,9.,131.85));
#7575 = CARTESIAN_POINT('',(66.6,9.120856406148,131.85));
#7576 = CARTESIAN_POINT('',(66.581385687211,9.241056559852,
    131.86518968882));
#7577 = CARTESIAN_POINT('',(66.544089744383,9.353524080616,
    131.89562257076));
#7578 = CARTESIAN_POINT('',(66.495510282197,9.452096555476,
    131.93525882692));
#7579 = CARTESIAN_POINT('',(66.441151763494,9.538732710953,
    131.98005237547));
#7580 = CARTESIAN_POINT('',(66.32305705842,9.695390292831,
    132.07907712864));
#7581 = CARTESIAN_POINT('',(66.25892934002,9.763936022008,
    132.13370989898));
#7582 = CARTESIAN_POINT('',(66.195821347631,9.821906734442,
    132.1892299147));
#7583 = CARTESIAN_POINT('',(66.135058544128,9.871432331007,
    132.24422973152));
#7584 = CARTESIAN_POINT('',(66.075672824322,9.916163199095,
    132.30084090043));
#7585 = CARTESIAN_POINT('',(65.984905074232,9.977309305258,
    132.39287458191));
#7586 = CARTESIAN_POINT('',(65.953535353417,9.997394662798,
    132.42545946697));
#7587 = CARTESIAN_POINT('',(65.921432553362,10.016175248485,
    132.45909632508));
#7588 = CARTESIAN_POINT('',(65.889330300684,10.033250763164,
    132.49294512283));
#7589 = CARTESIAN_POINT('',(65.857411336345,10.04887737914,
    132.5269851885));
#7590 = CARTESIAN_POINT('',(65.825794051243,10.063079819411,
    132.56140987521));
#7591 = PCURVE('',#2938,#7592);
#7592 = DEFINITIONAL_REPRESENTATION('',(#7593),#7636);
#7593 = B_SPLINE_CURVE_WITH_KNOTS('',9,(#7594,#7595,#7596,#7597,#7598,
    #7599,#7600,#7601,#7602,#7603,#7604,#7605,#7606,#7607,#7608,#7609,
    #7610,#7611,#7612,#7613,#7614,#7615,#7616,#7617,#7618,#7619,#7620,
    #7621,#7622,#7623,#7624,#7625,#7626,#7627,#7628,#7629,#7630,#7631,
    #7632,#7633,#7634,#7635),.UNSPECIFIED.,.F.,.F.,(10,8,8,8,8,10),(
    24.481484689688,25.111737638236,25.42686411251,25.505645731078,
    25.584427349647,25.741990586784),.UNSPECIFIED.);
#7594 = CARTESIAN_POINT('',(0.,24.6));
#7595 = CARTESIAN_POINT('',(8.992528123713E-02,24.6));
#7596 = CARTESIAN_POINT('',(0.179467489432,24.587237173205));
#7597 = CARTESIAN_POINT('',(0.26650061193,24.561559696623));
#7598 = CARTESIAN_POINT('',(0.349533576014,24.525793905625));
#7599 = CARTESIAN_POINT('',(0.426721600849,24.482141833035));
#7600 = CARTESIAN_POINT('',(0.498932338931,24.435199021831));
#7601 = CARTESIAN_POINT('',(0.566280604894,24.385545896702));
#7602 = CARTESIAN_POINT('',(0.629362357127,24.335242224692));
#7603 = CARTESIAN_POINT('',(0.718453696856,24.259882031179));
#7604 = CARTESIAN_POINT('',(0.747233723132,24.234779221403));
#7605 = CARTESIAN_POINT('',(0.775170855418,24.209796657368));
#7606 = CARTESIAN_POINT('',(0.802362736373,24.184996965759));
#7607 = CARTESIAN_POINT('',(0.828930458332,24.160402408918));
#7608 = CARTESIAN_POINT('',(0.855018563313,24.135994884867));
#7609 = CARTESIAN_POINT('',(0.880795043011,24.111715927283));
#7610 = CARTESIAN_POINT('',(0.9064513388,24.087466705519));
#7611 = CARTESIAN_POINT('',(0.938640092471,24.057018354359));
#7612 = CARTESIAN_POINT('',(0.945094990847,24.05091115741));
#7613 = CARTESIAN_POINT('',(0.951486567881,24.044863530668));
#7614 = CARTESIAN_POINT('',(0.958107842709,24.038599403696));
#7615 = CARTESIAN_POINT('',(0.964358754026,24.032685581171));
#7616 = CARTESIAN_POINT('',(0.97106608987,24.026345292251));
#7617 = CARTESIAN_POINT('',(0.977504198857,24.020256788454));
#7618 = CARTESIAN_POINT('',(0.984029230889,24.014095077609));
#7619 = CARTESIAN_POINT('',(0.99733191746,24.001529197549));
#7620 = CARTESIAN_POINT('',(1.004085684606,23.995148356469));
#7621 = CARTESIAN_POINT('',(1.010923748198,23.988682648578));
#7622 = CARTESIAN_POINT('',(1.017829825886,23.982144013681));
#7623 = CARTESIAN_POINT('',(1.024789480393,23.975543297152));
#7624 = CARTESIAN_POINT('',(1.031790119508,23.968890249934));
#7625 = CARTESIAN_POINT('',(1.038820996092,23.962193528535));
#7626 = CARTESIAN_POINT('',(1.045873208072,23.955460695035));
#7627 = CARTESIAN_POINT('',(1.067072679195,23.935173261164));
#7628 = CARTESIAN_POINT('',(1.081261646265,23.921530411208));
#7629 = CARTESIAN_POINT('',(1.095446811911,23.907823221482));
#7630 = CARTESIAN_POINT('',(1.109591658102,23.894091453821));
#7631 = CARTESIAN_POINT('',(1.123678514879,23.880363489551));
#7632 = CARTESIAN_POINT('',(1.137704138713,23.866658741641));
#7633 = CARTESIAN_POINT('',(1.151675290861,23.852990066582));
#7634 = CARTESIAN_POINT('',(1.16560431573,23.839366176532));
#7635 = CARTESIAN_POINT('',(1.179504719227,23.825794051253));
#7636 = ( GEOMETRIC_REPRESENTATION_CONTEXT(2) 
PARAMETRIC_REPRESENTATION_CONTEXT() REPRESENTATION_CONTEXT('2D SPACE',''
  ) );
#7637 = PCURVE('',#7638,#7690);
#7638 = ( BOUNDED_SURFACE() B_SPLINE_SURFACE(2,6,(
    (#7639,#7640,#7641,#7642,#7643,#7644,#7645,#7646,#7647,#7648,#7649
      ,#7650,#7651,#7652,#7653,#7654,#7655)
    ,(#7656,#7657,#7658,#7659,#7660,#7661,#7662,#7663,#7664,#7665,#7666
      ,#7667,#7668,#7669,#7670,#7671,#7672)
    ,(#7673,#7674,#7675,#7676,#7677,#7678,#7679,#7680,#7681,#7682,#7683
      ,#7684,#7685,#7686,#7687,#7688,#7689
)),.UNSPECIFIED.,.F.,.F.,.F.) B_SPLINE_SURFACE_WITH_KNOTS((3,3),(7,5,5,7
    ),(0.,1.260505897096),(24.481484689688,24.972521056433,
    25.497286990886,25.741990586784),.UNSPECIFIED.) 
GEOMETRIC_REPRESENTATION_ITEM() RATIONAL_B_SPLINE_SURFACE((
    (1.,1.,1.,1.,1.,1.,1.,1.,1.,1.,1.,1.,1.,1.,1.,1.,1.)
    ,(0.707106781187,0.707106781187,0.714116499082,0.728237857836
      ,0.745872942892,0.764584263625,0.803102595748,0.822896981969
      ,0.840912156364,0.857395594903,0.872412871032,0.892969012093
      ,0.899484292553,0.905851925044,0.912052744947,0.918115234054
      ,0.924056584227)
    ,(1.,1.,1.,1.,1.,1.,1.,1.,1.,1.,1.,1.,1.,1.,1.,1.,1.
))) REPRESENTATION_ITEM('') SURFACE() );
#7639 = CARTESIAN_POINT('',(66.6,9.,131.85));
#7640 = CARTESIAN_POINT('',(66.6,9.120856406148,131.85));
#7641 = CARTESIAN_POINT('',(66.581385687211,9.241056559852,
    131.86518968882));
#7642 = CARTESIAN_POINT('',(66.544089744383,9.353524080616,
    131.89562257076));
#7643 = CARTESIAN_POINT('',(66.495510282197,9.452096555476,
    131.93525882692));
#7644 = CARTESIAN_POINT('',(66.441151763494,9.538732710953,
    131.98005237547));
#7645 = CARTESIAN_POINT('',(66.32305705842,9.695390292831,
    132.07907712864));
#7646 = CARTESIAN_POINT('',(66.25892934002,9.763936022008,
    132.13370989898));
#7647 = CARTESIAN_POINT('',(66.195821347631,9.821906734442,
    132.1892299147));
#7648 = CARTESIAN_POINT('',(66.135058544128,9.871432331007,
    132.24422973152));
#7649 = CARTESIAN_POINT('',(66.075672824322,9.916163199095,
    132.30084090043));
#7650 = CARTESIAN_POINT('',(65.984905074232,9.977309305258,
    132.39287458191));
#7651 = CARTESIAN_POINT('',(65.953535353417,9.997394662798,
    132.42545946697));
#7652 = CARTESIAN_POINT('',(65.921432553362,10.016175248485,
    132.45909632508));
#7653 = CARTESIAN_POINT('',(65.889330300684,10.033250763164,
    132.49294512283));
#7654 = CARTESIAN_POINT('',(65.857411336345,10.04887737914,
    132.5269851885));
#7655 = CARTESIAN_POINT('',(65.825794051243,10.063079819411,
    132.56140987521));
#7656 = CARTESIAN_POINT('',(66.,9.,131.85));
#7657 = CARTESIAN_POINT('',(66.,9.086325096726,131.85));
#7658 = CARTESIAN_POINT('',(65.995667102479,9.170405174653,
    131.85650663749));
#7659 = CARTESIAN_POINT('',(65.987616029681,9.25356716223,
    131.86871622527));
#7660 = CARTESIAN_POINT('',(65.973507276128,9.337428756433,
    131.88908275475));
#7661 = CARTESIAN_POINT('',(65.953779357398,9.417923637638,
    131.91714469832));
#7662 = CARTESIAN_POINT('',(65.904937441761,9.571344639346,
    131.98697518605));
#7663 = CARTESIAN_POINT('',(65.875575014742,9.644304766046,
    132.02910359451));
#7664 = CARTESIAN_POINT('',(65.842294743776,9.711998081268,
    132.07742632516));
#7665 = CARTESIAN_POINT('',(65.806955756051,9.77391062871,
    132.13080547484));
#7666 = CARTESIAN_POINT('',(65.770245994156,9.830356695604,
    132.18825118024));
#7667 = CARTESIAN_POINT('',(65.715063530833,9.905074510747,
    132.27660585918));
#7668 = CARTESIAN_POINT('',(65.697121191946,9.927612134221,
    132.3047417739));
#7669 = CARTESIAN_POINT('',(65.678977600418,9.949100666831,
    132.33359627404));
#7670 = CARTESIAN_POINT('',(65.660835109771,9.969540707905,
    132.36337455634));
#7671 = CARTESIAN_POINT('',(65.642767326203,9.989004150303,
    132.39431073578));
#7672 = CARTESIAN_POINT('',(65.624844945852,10.007518123663,
    132.4267362605));
#7673 = CARTESIAN_POINT('',(66.,9.,131.25));
#7674 = CARTESIAN_POINT('',(66.,9.131364170383,131.25));
#7675 = CARTESIAN_POINT('',(65.986249539105,9.262021462162,
    131.27246777826));
#7676 = CARTESIAN_POINT('',(65.958638986678,9.384309698038,
    131.31747341918));
#7677 = CARTESIAN_POINT('',(65.92325995071,9.49137858122,131.37674763197
    ));
#7678 = CARTESIAN_POINT('',(65.884053343286,9.5855213289,131.44427761807
    ));
#7679 = CARTESIAN_POINT('',(65.799451518136,9.755687631964,
    131.59425715959));
#7680 = CARTESIAN_POINT('',(65.753830967473,9.830073007407,
    131.67742866047));
#7681 = CARTESIAN_POINT('',(65.709151749837,9.893035741707,
    131.76164040323));
#7682 = CARTESIAN_POINT('',(65.664990190284,9.948561983536,
    131.84792256514));
#7683 = CARTESIAN_POINT('',(65.622487798482,9.996550340919,
    131.93545075056));
#7684 = CARTESIAN_POINT('',(65.56613934778,10.055471036664,
    132.06035351649));
#7685 = CARTESIAN_POINT('',(65.549901593258,10.071677337022,
    132.09829622785));
#7686 = CARTESIAN_POINT('',(65.534785661802,10.086247235787,
    132.13556936572));
#7687 = CARTESIAN_POINT('',(65.520527100096,10.099581756121,
    132.17292839535));
#7688 = CARTESIAN_POINT('',(65.507052070716,10.111815159865,
    132.21091556289));
#7689 = CARTESIAN_POINT('',(65.494372291953,10.123042183089,132.25));
#7690 = DEFINITIONAL_REPRESENTATION('',(#7691),#7695);
#7691 = LINE('',#7692,#7693);
#7692 = CARTESIAN_POINT('',(0.,0.));
#7693 = VECTOR('',#7694,1.);
#7694 = DIRECTION('',(0.,1.));
#7695 = ( GEOMETRIC_REPRESENTATION_CONTEXT(2) 
PARAMETRIC_REPRESENTATION_CONTEXT() REPRESENTATION_CONTEXT('2D SPACE',''
  ) );
#7696 = ORIENTED_EDGE('',*,*,#7697,.T.);
#7697 = EDGE_CURVE('',#7570,#7698,#7700,.T.);
#7698 = VERTEX_POINT('',#7699);
#7699 = CARTESIAN_POINT('',(64.504125115438,10.144847781748,
    133.10873617901));
#7700 = SURFACE_CURVE('',#7701,(#7717,#7743),.PCURVE_S1.);
#7701 = ( BOUNDED_CURVE() B_SPLINE_CURVE(14,(#7702,#7703,#7704,#7705,
    #7706,#7707,#7708,#7709,#7710,#7711,#7712,#7713,#7714,#7715,#7716),
.UNSPECIFIED.,.F.,.F.) B_SPLINE_CURVE_WITH_KNOTS((15,15),(
25.741990586788,27.027238623804),.PIECEWISE_BEZIER_KNOTS.) CURVE() 
GEOMETRIC_REPRESENTATION_ITEM() RATIONAL_B_SPLINE_CURVE((1.,1.,
    0.999999999999,1.000000000002,0.999999999995,1.000000000008,
    0.999999999989,1.000000000012,0.999999999988,1.00000000001,
    0.999999999994,1.000000000003,0.999999999999,1.,1.)) 
REPRESENTATION_ITEM('') );
#7702 = CARTESIAN_POINT('',(65.82579405125,10.063079819412,
    132.56140987521));
#7703 = CARTESIAN_POINT('',(65.754624473708,10.095049094166,
    132.6388988311));
#7704 = CARTESIAN_POINT('',(65.676689977612,10.118380202262,
    132.71267677406));
#7705 = CARTESIAN_POINT('',(65.593272377594,10.134276487752,
    132.78146069949));
#7706 = CARTESIAN_POINT('',(65.50300027384,10.14445102654,
    132.84331910518));
#7707 = CARTESIAN_POINT('',(65.414923339305,10.149512996785,
    132.90136888782));
#7708 = CARTESIAN_POINT('',(65.306396033626,10.152510867422,
    132.9452135026));
#7709 = CARTESIAN_POINT('',(65.231807872711,10.151658834711,
    132.99510084572));
#7710 = CARTESIAN_POINT('',(65.092433126258,10.15165982864,
    133.02046421835));
#7711 = CARTESIAN_POINT('',(65.036523315183,10.149134594227,
    133.05763120105));
#7712 = CARTESIAN_POINT('',(64.89378674889,10.148066711133,
    133.07376990686));
#7713 = CARTESIAN_POINT('',(64.814948514195,10.146317980571,
    133.09324008179));
#7714 = CARTESIAN_POINT('',(64.708181620818,10.145388743958,
    133.10304136727));
#7715 = CARTESIAN_POINT('',(64.596375019095,10.144848172939,
    133.10873206029));
#7716 = CARTESIAN_POINT('',(64.504125115438,10.144847781748,
    133.10873617901));
#7717 = PCURVE('',#2938,#7718);
#7718 = DEFINITIONAL_REPRESENTATION('',(#7719),#7742);
#7719 = B_SPLINE_CURVE_WITH_KNOTS('',11,(#7720,#7721,#7722,#7723,#7724,
    #7725,#7726,#7727,#7728,#7729,#7730,#7731,#7732,#7733,#7734,#7735,
    #7736,#7737,#7738,#7739,#7740,#7741),.UNSPECIFIED.,.F.,.F.,(12,10,12
    ),(25.741990586788,26.384614605296,27.027238623804),.UNSPECIFIED.);
#7720 = CARTESIAN_POINT('',(1.17950471923,23.82579405125));
#7721 = CARTESIAN_POINT('',(1.225889903903,23.780504320085));
#7722 = CARTESIAN_POINT('',(1.269856269974,23.732418119503));
#7723 = CARTESIAN_POINT('',(1.311361672665,23.681870257856));
#7724 = CARTESIAN_POINT('',(1.350263471147,23.628810256257));
#7725 = CARTESIAN_POINT('',(1.386761772323,23.574003525818));
#7726 = CARTESIAN_POINT('',(1.420547937947,23.516976046777));
#7727 = CARTESIAN_POINT('',(1.451880850769,23.45862744372));
#7728 = CARTESIAN_POINT('',(1.480645512243,23.398687844871));
#7729 = CARTESIAN_POINT('',(1.506925291717,23.337589163534));
#7730 = CARTESIAN_POINT('',(1.530743150189,23.275485545617));
#7731 = CARTESIAN_POINT('',(1.573568025296,23.149696123139));
#7732 = CARTESIAN_POINT('',(1.592575430169,23.08601350615));
#7733 = CARTESIAN_POINT('',(1.609222734858,23.021696012832));
#7734 = CARTESIAN_POINT('',(1.623609700461,22.957133205963));
#7735 = CARTESIAN_POINT('',(1.635696135161,22.891780875841));
#7736 = CARTESIAN_POINT('',(1.64580327769,22.827256963683));
#7737 = CARTESIAN_POINT('',(1.653518836154,22.760817826653));
#7738 = CARTESIAN_POINT('',(1.659692936339,22.697684437308));
#7739 = CARTESIAN_POINT('',(1.663432879103,22.629629187126));
#7740 = CARTESIAN_POINT('',(1.66548869551,22.562829599585));
#7741 = CARTESIAN_POINT('',(1.665490984902,22.504125115438));
#7742 = ( GEOMETRIC_REPRESENTATION_CONTEXT(2) 
PARAMETRIC_REPRESENTATION_CONTEXT() REPRESENTATION_CONTEXT('2D SPACE',''
  ) );
#7743 = PCURVE('',#7744,#7790);
#7744 = ( BOUNDED_SURFACE() B_SPLINE_SURFACE(2,14,(
    (#7745,#7746,#7747,#7748,#7749,#7750,#7751,#7752,#7753,#7754,#7755
      ,#7756,#7757,#7758,#7759)
    ,(#7760,#7761,#7762,#7763,#7764,#7765,#7766,#7767,#7768,#7769,#7770
      ,#7771,#7772,#7773,#7774)
    ,(#7775,#7776,#7777,#7778,#7779,#7780,#7781,#7782,#7783,#7784,#7785
      ,#7786,#7787,#7788,#7789
)),.UNSPECIFIED.,.F.,.F.,.F.) B_SPLINE_SURFACE_WITH_KNOTS((3,3),(15,15),
  (0.,1.285248037017),(25.741990586788,27.027238623804),
.PIECEWISE_BEZIER_KNOTS.) GEOMETRIC_REPRESENTATION_ITEM() 
RATIONAL_B_SPLINE_SURFACE((
    (1.,1.,0.999999999999,1.000000000002,0.999999999995,1.000000000008
      ,0.999999999989,1.000000000012,0.999999999988,1.00000000001
      ,0.999999999994,1.000000000003,0.999999999999,1.,1.)
    ,(0.924056584228,0.927451187304,0.931130370837,0.93487068161
      ,0.938142698737,0.941869999582,0.942841994223,0.946906539303
      ,0.945778960129,0.947757115828,0.947682899862,0.947304669088
      ,0.947840132728,0.947529288233,0.947567144676)
    ,(1.,1.,0.999999999999,1.000000000002,0.999999999995,1.000000000008
      ,0.999999999989,1.000000000012,0.999999999988,1.00000000001
      ,0.999999999994,1.000000000003,0.999999999999,1.,1.
))) REPRESENTATION_ITEM('') SURFACE() );
#7745 = CARTESIAN_POINT('',(65.82579405125,10.063079819412,
    132.56140987521));
#7746 = CARTESIAN_POINT('',(65.754624473708,10.095049094166,
    132.6388988311));
#7747 = CARTESIAN_POINT('',(65.676689977612,10.118380202262,
    132.71267677406));
#7748 = CARTESIAN_POINT('',(65.593272377594,10.134276487752,
    132.78146069949));
#7749 = CARTESIAN_POINT('',(65.50300027384,10.14445102654,
    132.84331910518));
#7750 = CARTESIAN_POINT('',(65.414923339305,10.149512996785,
    132.90136888782));
#7751 = CARTESIAN_POINT('',(65.306396033626,10.152510867422,
    132.9452135026));
#7752 = CARTESIAN_POINT('',(65.231807872711,10.151658834711,
    132.99510084572));
#7753 = CARTESIAN_POINT('',(65.092433126258,10.15165982864,
    133.02046421835));
#7754 = CARTESIAN_POINT('',(65.036523315183,10.149134594227,
    133.05763120105));
#7755 = CARTESIAN_POINT('',(64.89378674889,10.148066711133,
    133.07376990686));
#7756 = CARTESIAN_POINT('',(64.814948514195,10.146317980571,
    133.09324008179));
#7757 = CARTESIAN_POINT('',(64.708181620818,10.145388743958,
    133.10304136727));
#7758 = CARTESIAN_POINT('',(64.596375019095,10.144848172939,
    133.10873206029));
#7759 = CARTESIAN_POINT('',(64.504125115438,10.144847781748,
    133.10873617901));
#7760 = CARTESIAN_POINT('',(65.624844945851,10.007518123664,
    132.4267362605));
#7761 = CARTESIAN_POINT('',(65.570110983793,10.04468162467,
    132.48907346119));
#7762 = CARTESIAN_POINT('',(65.510013133255,10.075214803027,
    132.54987532377));
#7763 = CARTESIAN_POINT('',(65.44483398462,10.099672298559,
    132.60814451054));
#7764 = CARTESIAN_POINT('',(65.374190044442,10.118451147155,
    132.66266078469));
#7765 = CARTESIAN_POINT('',(65.300717169334,10.133127792008,
    132.71311169029));
#7766 = CARTESIAN_POINT('',(65.218100639856,10.142370992891,
    132.7576086574));
#7767 = CARTESIAN_POINT('',(65.141371199625,10.151195904586,
    132.79683478392));
#7768 = CARTESIAN_POINT('',(65.046243167111,10.154282228837,
    132.82997280554));
#7769 = CARTESIAN_POINT('',(64.966149088895,10.159352752209,
    132.85601405965));
#7770 = CARTESIAN_POINT('',(64.868782397601,10.160544485284,
    132.87718687381));
#7771 = CARTESIAN_POINT('',(64.780556980157,10.162677586058,
    132.89202144446));
#7772 = CARTESIAN_POINT('',(64.687353652076,10.163449104732,
    132.90224919375));
#7773 = CARTESIAN_POINT('',(64.593579725043,10.163985354743,
    132.90723521301));
#7774 = CARTESIAN_POINT('',(64.501665780794,10.16397859258,
    132.90731410824));
#7775 = CARTESIAN_POINT('',(65.49437229196,10.123042183083,132.25));
#7776 = CARTESIAN_POINT('',(65.449362672622,10.162894932174,
    132.31567087225));
#7777 = CARTESIAN_POINT('',(65.399567166654,10.195241559655,
    132.38014928282));
#7778 = CARTESIAN_POINT('',(65.34513461936,10.220767985739,
    132.4418560517));
#7779 = CARTESIAN_POINT('',(65.285753093333,10.240559437246,
    132.50015096429));
#7780 = CARTESIAN_POINT('',(65.222992592737,10.25501315955,
    132.55145171701));
#7781 = CARTESIAN_POINT('',(65.154666644187,10.267589392887,
    132.60222600599));
#7782 = CARTESIAN_POINT('',(65.080624529749,10.274700496841,
    132.63727253554));
#7783 = CARTESIAN_POINT('',(65.012997589025,10.283126164249,
    132.67932381533));
#7784 = CARTESIAN_POINT('',(64.918224628999,10.289396559469,
    132.70125044484));
#7785 = CARTESIAN_POINT('',(64.851936340555,10.292583717208,
    132.72735756384));
#7786 = CARTESIAN_POINT('',(64.757009557457,10.298408610081,
    132.74183652602));
#7787 = CARTESIAN_POINT('',(64.673323555699,10.299272077484,
    132.75313687583));
#7788 = CARTESIAN_POINT('',(64.591680430135,10.301287888017,
    132.75850927629));
#7789 = CARTESIAN_POINT('',(64.5,10.301193056368,132.75861204725));
#7790 = DEFINITIONAL_REPRESENTATION('',(#7791),#7795);
#7791 = LINE('',#7792,#7793);
#7792 = CARTESIAN_POINT('',(0.,0.));
#7793 = VECTOR('',#7794,1.);
#7794 = DIRECTION('',(0.,1.));
#7795 = ( GEOMETRIC_REPRESENTATION_CONTEXT(2) 
PARAMETRIC_REPRESENTATION_CONTEXT() REPRESENTATION_CONTEXT('2D SPACE',''
  ) );
#7796 = ORIENTED_EDGE('',*,*,#7797,.T.);
#7797 = EDGE_CURVE('',#7698,#7798,#7800,.T.);
#7798 = VERTEX_POINT('',#7799);
#7799 = CARTESIAN_POINT('',(43.17012671237,10.144846362431,
    133.1087511215));
#7800 = SURFACE_CURVE('',#7801,(#7822,#7840),.PCURVE_S1.);
#7801 = B_SPLINE_CURVE_WITH_KNOTS('',7,(#7802,#7803,#7804,#7805,#7806,
    #7807,#7808,#7809,#7810,#7811,#7812,#7813,#7814,#7815,#7816,#7817,
    #7818,#7819,#7820,#7821),.UNSPECIFIED.,.F.,.F.,(8,6,6,8),(
    27.027238623804,27.02863305654,48.512009182361,49.680055463359),
  .UNSPECIFIED.);
#7802 = CARTESIAN_POINT('',(64.504125115438,10.144847781748,
    133.10873617901));
#7803 = CARTESIAN_POINT('',(64.503924941959,10.144847780899,
    133.10873618795));
#7804 = CARTESIAN_POINT('',(64.503724870141,10.144847780156,
    133.10873619577));
#7805 = CARTESIAN_POINT('',(64.503524900356,10.144847779519,
    133.10873620247));
#7806 = CARTESIAN_POINT('',(64.503325032988,10.14484777899,
    133.10873620805));
#7807 = CARTESIAN_POINT('',(64.503125268403,10.144847778567,
    133.1087362125));
#7808 = CARTESIAN_POINT('',(64.502925606984,10.144847778251,
    133.10873621583));
#7809 = CARTESIAN_POINT('',(61.428230671018,10.144844569064,
    133.1087700043));
#7810 = CARTESIAN_POINT('',(58.357835139695,10.144848041691,
    133.10873343658));
#7811 = CARTESIAN_POINT('',(55.285660114869,10.144845376378,
    133.10876150962));
#7812 = CARTESIAN_POINT('',(52.215774927726,10.144846862408,
    133.10874585332));
#7813 = CARTESIAN_POINT('',(49.144517273148,10.144846245127,
    133.10875235776));
#7814 = CARTESIAN_POINT('',(46.073628650728,10.144846363255,
    133.10875111283));
#7815 = CARTESIAN_POINT('',(42.835653556242,10.14484636249,
    133.10875112088));
#7816 = CARTESIAN_POINT('',(42.668682471428,10.14484636245,
    133.1087511213));
#7817 = CARTESIAN_POINT('',(42.501710159108,10.144846362411,
    133.10875112171));
#7818 = CARTESIAN_POINT('',(42.334736619282,10.144846362371,
    133.10875112213));
#7819 = CARTESIAN_POINT('',(42.16776185195,10.144846362332,
    133.10875112254));
#7820 = CARTESIAN_POINT('',(42.000785857112,10.144846362293,
    133.10875112296));
#7821 = CARTESIAN_POINT('',(41.833808634768,10.144846362253,
    133.10875112337));
#7822 = PCURVE('',#2938,#7823);
#7823 = DEFINITIONAL_REPRESENTATION('',(#7824),#7839);
#7824 = B_SPLINE_CURVE_WITH_KNOTS('',7,(#7825,#7826,#7827,#7828,#7829,
    #7830,#7831,#7832,#7833,#7834,#7835,#7836,#7837,#7838),
  .UNSPECIFIED.,.F.,.F.,(8,6,8),(27.027238623804,27.02863305654,
    48.512009182361),.UNSPECIFIED.);
#7825 = CARTESIAN_POINT('',(1.665490984902,22.504125115438));
#7826 = CARTESIAN_POINT('',(1.665490992708,22.503924941959));
#7827 = CARTESIAN_POINT('',(1.66549099954,22.503724870141));
#7828 = CARTESIAN_POINT('',(1.665491005394,22.503524900357));
#7829 = CARTESIAN_POINT('',(1.665491010268,22.503325032987));
#7830 = CARTESIAN_POINT('',(1.665491014158,22.503125268403));
#7831 = CARTESIAN_POINT('',(1.665491017063,22.502925606984));
#7832 = CARTESIAN_POINT('',(1.665520530565,19.428230671018));
#7833 = CARTESIAN_POINT('',(1.665488589494,16.357835139696));
#7834 = CARTESIAN_POINT('',(1.665513110603,13.285660114868));
#7835 = CARTESIAN_POINT('',(1.665499435249,10.215774927728));
#7836 = CARTESIAN_POINT('',(1.665505116691,7.144517273147));
#7837 = CARTESIAN_POINT('',(1.665504029281,4.073628650728));
#7838 = CARTESIAN_POINT('',(1.665504035951,1.002623413549));
#7839 = ( GEOMETRIC_REPRESENTATION_CONTEXT(2) 
PARAMETRIC_REPRESENTATION_CONTEXT() REPRESENTATION_CONTEXT('2D SPACE',''
  ) );
#7840 = PCURVE('',#7841,#7902);
#7841 = ( BOUNDED_SURFACE() B_SPLINE_SURFACE(2,7,(
    (#7842,#7843,#7844,#7845,#7846,#7847,#7848,#7849,#7850,#7851,#7852
      ,#7853,#7854,#7855,#7856,#7857,#7858,#7859,#7860,#7861)
    ,(#7862,#7863,#7864,#7865,#7866,#7867,#7868,#7869,#7870,#7871,#7872
      ,#7873,#7874,#7875,#7876,#7877,#7878,#7879,#7880,#7881)
    ,(#7882,#7883,#7884,#7885,#7886,#7887,#7888,#7889,#7890,#7891,#7892
      ,#7893,#7894,#7895,#7896,#7897,#7898,#7899,#7900,#7901
)),.UNSPECIFIED.,.F.,.F.,.F.) B_SPLINE_SURFACE_WITH_KNOTS((3,3),(8,6,6,8
    ),(0.,21.484770558556),(27.027238623804,27.02863305654,
    48.512009182361,49.680055463359),.UNSPECIFIED.) 
GEOMETRIC_REPRESENTATION_ITEM() RATIONAL_B_SPLINE_SURFACE((
    (1.,1.,1.,1.,1.,1.,1.,1.,1.,1.,1.,1.,1.,1.,1.,1.,1.,1.,1.,1.)
    ,(0.947567144676,0.947567144708,0.947567144735,0.947567144758
      ,0.947567144778,0.947567144794,0.947567144806,0.947567268743
      ,0.947567135565,0.947567236684,0.947567181032,0.947567203985
      ,0.947567199625,0.947567199655,0.947567199656,0.947567199656
      ,0.947567199656,0.947567199656,0.947567199655,0.947567199653)
    ,(1.,1.,1.,1.,1.,1.,1.,1.,1.,1.,1.,1.,1.,1.,1.,1.,1.,1.,1.,1.
))) REPRESENTATION_ITEM('') SURFACE() );
#7842 = CARTESIAN_POINT('',(64.504125115438,10.144847781748,
    133.10873617901));
#7843 = CARTESIAN_POINT('',(64.503924941959,10.144847780899,
    133.10873618795));
#7844 = CARTESIAN_POINT('',(64.503724870141,10.144847780156,
    133.10873619577));
#7845 = CARTESIAN_POINT('',(64.503524900356,10.144847779519,
    133.10873620247));
#7846 = CARTESIAN_POINT('',(64.503325032988,10.14484777899,
    133.10873620805));
#7847 = CARTESIAN_POINT('',(64.503125268403,10.144847778567,
    133.1087362125));
#7848 = CARTESIAN_POINT('',(64.502925606984,10.144847778251,
    133.10873621583));
#7849 = CARTESIAN_POINT('',(61.428230671018,10.144844569064,
    133.1087700043));
#7850 = CARTESIAN_POINT('',(58.357835139695,10.144848041691,
    133.10873343658));
#7851 = CARTESIAN_POINT('',(55.285660114869,10.144845376378,
    133.10876150962));
#7852 = CARTESIAN_POINT('',(52.215774927726,10.144846862408,
    133.10874585332));
#7853 = CARTESIAN_POINT('',(49.144517273148,10.144846245127,
    133.10875235776));
#7854 = CARTESIAN_POINT('',(46.073628650728,10.144846363255,
    133.10875111283));
#7855 = CARTESIAN_POINT('',(42.835653556242,10.14484636249,
    133.10875112088));
#7856 = CARTESIAN_POINT('',(42.668682471428,10.14484636245,
    133.1087511213));
#7857 = CARTESIAN_POINT('',(42.501710159108,10.144846362411,
    133.10875112171));
#7858 = CARTESIAN_POINT('',(42.334736619282,10.144846362371,
    133.10875112213));
#7859 = CARTESIAN_POINT('',(42.16776185195,10.144846362332,
    133.10875112254));
#7860 = CARTESIAN_POINT('',(42.000785857112,10.144846362293,
    133.10875112296));
#7861 = CARTESIAN_POINT('',(41.833808634768,10.144846362253,
    133.10875112337));
#7862 = CARTESIAN_POINT('',(64.501665780794,10.16397859258,
    132.90731410824));
#7863 = CARTESIAN_POINT('',(64.501466342196,10.163978594142,
    132.9073141085));
#7864 = CARTESIAN_POINT('',(64.501266913737,10.163978595509,
    132.90731410873));
#7865 = CARTESIAN_POINT('',(64.501067495455,10.163978596681,
    132.90731410892));
#7866 = CARTESIAN_POINT('',(64.500868087384,10.163978597656,
    132.90731410908));
#7867 = CARTESIAN_POINT('',(64.500668689561,10.163978598434,
    132.90731410921));
#7868 = CARTESIAN_POINT('',(64.500469302021,10.163978599016,
    132.90731410931));
#7869 = CARTESIAN_POINT('',(61.428558287068,10.16398450494,
    132.90731508187));
#7870 = CARTESIAN_POINT('',(58.358681110212,10.163978113825,
    132.90731402855));
#7871 = CARTESIAN_POINT('',(55.286265745501,10.163983019582,
    132.90731483808));
#7872 = CARTESIAN_POINT('',(52.216088743314,10.163980284114,
    132.90731438602));
#7873 = CARTESIAN_POINT('',(49.144676112575,10.163981420464,
    132.90731457396));
#7874 = CARTESIAN_POINT('',(46.073707304245,10.16398120299,
    132.90731453796));
#7875 = CARTESIAN_POINT('',(42.835689633511,10.163981204397,
    132.90731453819));
#7876 = CARTESIAN_POINT('',(42.668717085039,10.16398120447,
    132.90731453821));
#7877 = CARTESIAN_POINT('',(42.501744040891,10.163981204543,
    132.90731453822));
#7878 = CARTESIAN_POINT('',(42.334770501065,10.163981204615,
    132.90731453823));
#7879 = CARTESIAN_POINT('',(42.167796465563,10.163981204688,
    132.90731453824));
#7880 = CARTESIAN_POINT('',(42.000821934383,10.16398120476,
    132.90731453825));
#7881 = CARTESIAN_POINT('',(41.833846907525,10.163981204833,
    132.90731453827));
#7882 = CARTESIAN_POINT('',(64.5,10.301193056368,132.75861204725));
#7883 = CARTESIAN_POINT('',(64.499801059685,10.301193059695,
    132.75861204364));
#7884 = CARTESIAN_POINT('',(64.49960206744,10.301193062607,
    132.75861204049));
#7885 = CARTESIAN_POINT('',(64.499403023063,10.301193065101,
    132.75861203778));
#7886 = CARTESIAN_POINT('',(64.499203926366,10.301193067178,
    132.75861203554));
#7887 = CARTESIAN_POINT('',(64.499004777144,10.301193068836,
    132.75861203374));
#7888 = CARTESIAN_POINT('',(64.498805575209,10.301193070073,
    132.7586120324));
#7889 = CARTESIAN_POINT('',(61.428779611659,10.30120563841,
    132.75859841184));
#7890 = CARTESIAN_POINT('',(58.359255354748,10.301192035514,
    132.75861315321));
#7891 = CARTESIAN_POINT('',(55.286674617997,10.30120247935,
    132.75860183571));
#7892 = CARTESIAN_POINT('',(52.216302063919,10.301196654247,
    132.75860814783));
#7893 = CARTESIAN_POINT('',(49.144783475034,10.30119907443,
    132.75860552537));
#7894 = CARTESIAN_POINT('',(46.073760577072,10.301198611187,
    132.75860602731));
#7895 = CARTESIAN_POINT('',(42.835714069081,10.301198614182,
    132.75860602407));
#7896 = CARTESIAN_POINT('',(42.668740529255,10.301198614337,
    132.7586060239));
#7897 = CARTESIAN_POINT('',(42.50176698943,10.301198614491,
    132.75860602373));
#7898 = CARTESIAN_POINT('',(42.334793449604,10.301198614646,
    132.75860602357));
#7899 = CARTESIAN_POINT('',(42.167819909778,10.3011986148,132.7586060234
    ));
#7900 = CARTESIAN_POINT('',(42.000846369952,10.301198614955,
    132.75860602323));
#7901 = CARTESIAN_POINT('',(41.833872830126,10.301198615109,
    132.75860602306));
#7902 = DEFINITIONAL_REPRESENTATION('',(#7903),#7907);
#7903 = LINE('',#7904,#7905);
#7904 = CARTESIAN_POINT('',(0.,0.));
#7905 = VECTOR('',#7906,1.);
#7906 = DIRECTION('',(0.,1.));
#7907 = ( GEOMETRIC_REPRESENTATION_CONTEXT(2) 
PARAMETRIC_REPRESENTATION_CONTEXT() REPRESENTATION_CONTEXT('2D SPACE',''
  ) );
#7908 = ORIENTED_EDGE('',*,*,#7909,.T.);
#7909 = EDGE_CURVE('',#7798,#2893,#7910,.T.);
#7910 = SURFACE_CURVE('',#7911,(#7926,#7944),.PCURVE_S1.);
#7911 = B_SPLINE_CURVE_WITH_KNOTS('',7,(#7912,#7913,#7914,#7915,#7916,
    #7917,#7918,#7919,#7920,#7921,#7922,#7923,#7924,#7925),
  .UNSPECIFIED.,.F.,.F.,(8,6,8),(0.,0.529290355911,1.),.UNSPECIFIED.);
#7912 = CARTESIAN_POINT('',(43.17012671237,10.144846362431,
    133.1087511215));
#7913 = CARTESIAN_POINT('',(43.144998476483,10.142034554225,
    133.13835162908));
#7914 = CARTESIAN_POINT('',(43.121831474257,10.138155645247,
    133.16970181744));
#7915 = CARTESIAN_POINT('',(43.100788021033,10.133033478802,
    133.20253615416));
#7916 = CARTESIAN_POINT('',(43.08196319578,10.126519299518,
    133.23654889534));
#7917 = CARTESIAN_POINT('',(43.065403250778,10.118505501559,
    133.27141008397));
#7918 = CARTESIAN_POINT('',(43.051062507404,10.108957766247,
    133.30673567522));
#7919 = CARTESIAN_POINT('',(43.028102924545,10.088122268716,
    133.37359964808));
#7920 = CARTESIAN_POINT('',(43.019027005897,10.077144943239,
    133.40512130256));
#7921 = CARTESIAN_POINT('',(43.011651539693,10.065023484084,
    133.43645031772));
#7922 = CARTESIAN_POINT('',(43.005956533257,10.05183673103,
    133.46730450612));
#7923 = CARTESIAN_POINT('',(43.002050854087,10.037732368478,
    133.49739984487));
#7924 = CARTESIAN_POINT('',(43.000036204977,10.022893968488,
    133.52649517062));
#7925 = CARTESIAN_POINT('',(43.000007183491,10.007580757133,
    133.5543293406));
#7926 = PCURVE('',#2938,#7927);
#7927 = DEFINITIONAL_REPRESENTATION('',(#7928),#7943);
#7928 = B_SPLINE_CURVE_WITH_KNOTS('',7,(#7929,#7930,#7931,#7932,#7933,
    #7934,#7935,#7936,#7937,#7938,#7939,#7940,#7941,#7942),
  .UNSPECIFIED.,.F.,.F.,(8,6,8),(0.,0.529290355911,1.),.UNSPECIFIED.);
#7929 = CARTESIAN_POINT('',(1.665504036857,1.17012671237));
#7930 = CARTESIAN_POINT('',(1.69135947786,1.144998476483));
#7931 = CARTESIAN_POINT('',(1.718817305361,1.121831474257));
#7932 = CARTESIAN_POINT('',(1.747690413448,1.100788021033));
#7933 = CARTESIAN_POINT('',(1.777770218021,1.08196319578));
#7934 = CARTESIAN_POINT('',(1.808839555765,1.065403250778));
#7935 = CARTESIAN_POINT('',(1.840636567472,1.051062507404));
#7936 = CARTESIAN_POINT('',(1.901536614649,1.028102924545));
#7937 = CARTESIAN_POINT('',(1.930545468013,1.019027005897));
#7938 = CARTESIAN_POINT('',(1.95972877383,1.011651539693));
#7939 = CARTESIAN_POINT('',(1.988874796374,1.005956533258));
#7940 = CARTESIAN_POINT('',(2.017750062752,1.002050854087));
#7941 = CARTESIAN_POINT('',(2.046136634822,1.000036204977));
#7942 = CARTESIAN_POINT('',(2.073761388256,1.000007183491));
#7943 = ( GEOMETRIC_REPRESENTATION_CONTEXT(2) 
PARAMETRIC_REPRESENTATION_CONTEXT() REPRESENTATION_CONTEXT('2D SPACE',''
  ) );
#7944 = PCURVE('',#3040,#7945);
#7945 = DEFINITIONAL_REPRESENTATION('',(#7946),#7973);
#7946 = B_SPLINE_CURVE_WITH_KNOTS('',7,(#7947,#7948,#7949,#7950,#7951,
    #7952,#7953,#7954,#7955,#7956,#7957,#7958,#7959,#7960,#7961,#7962,
    #7963,#7964,#7965,#7966,#7967,#7968,#7969,#7970,#7971,#7972),
  .UNSPECIFIED.,.F.,.F.,(8,6,6,6,8),(0.,0.5,0.625,0.75,1.),
  .UNSPECIFIED.);
#7947 = CARTESIAN_POINT('',(0.530493024094,47.110521154725));
#7948 = CARTESIAN_POINT('',(0.564688168612,47.121509897425));
#7949 = CARTESIAN_POINT('',(0.598843837824,47.13292533238));
#7950 = CARTESIAN_POINT('',(0.632962066612,47.14476948854));
#7951 = CARTESIAN_POINT('',(0.667061805749,47.157064578207));
#7952 = CARTESIAN_POINT('',(0.7011507574,47.169904170316));
#7953 = CARTESIAN_POINT('',(0.735310207753,47.1832832763));
#7954 = CARTESIAN_POINT('',(0.778364566085,47.200449373164));
#7955 = CARTESIAN_POINT('',(0.78699331446,47.203904800862));
#7956 = CARTESIAN_POINT('',(0.795642825402,47.207379108392));
#7957 = CARTESIAN_POINT('',(0.804317227015,47.210869088371));
#7958 = CARTESIAN_POINT('',(0.813022145121,47.214371432187));
#7959 = CARTESIAN_POINT('',(0.821762369584,47.21788111409));
#7960 = CARTESIAN_POINT('',(0.839324657349,47.224905766974));
#7961 = CARTESIAN_POINT('',(0.848146602473,47.22842066878));
#7962 = CARTESIAN_POINT('',(0.857015045647,47.231933356653));
#7963 = CARTESIAN_POINT('',(0.86593532333,47.235438453332));
#7964 = CARTESIAN_POINT('',(0.874913101568,47.238930557667));
#7965 = CARTESIAN_POINT('',(0.883954258341,47.242404456038));
#7966 = CARTESIAN_POINT('',(0.911283358346,47.252756031425));
#7967 = CARTESIAN_POINT('',(0.929777067803,47.259563645095));
#7968 = CARTESIAN_POINT('',(0.94858851068,47.26623727021));
#7969 = CARTESIAN_POINT('',(0.967757037227,47.272739979232));
#7970 = CARTESIAN_POINT('',(0.987317272034,47.279044453518));
#7971 = CARTESIAN_POINT('',(1.007292681037,47.285133153859));
#7972 = CARTESIAN_POINT('',(1.027709804665,47.290991973499));
#7973 = ( GEOMETRIC_REPRESENTATION_CONTEXT(2) 
PARAMETRIC_REPRESENTATION_CONTEXT() REPRESENTATION_CONTEXT('2D SPACE',''
  ) );
#7974 = ORIENTED_EDGE('',*,*,#2892,.T.);
#7975 = ORIENTED_EDGE('',*,*,#7076,.T.);
#7976 = ORIENTED_EDGE('',*,*,#7977,.F.);
#7977 = EDGE_CURVE('',#7978,#7054,#7980,.T.);
#7978 = VERTEX_POINT('',#7979);
#7979 = CARTESIAN_POINT('',(43.036367466649,7.919704311075,
    133.39428571428));
#7980 = SURFACE_CURVE('',#7981,(#7988,#7998),.PCURVE_S1.);
#7981 = B_SPLINE_CURVE_WITH_KNOTS('',5,(#7982,#7983,#7984,#7985,#7986,
    #7987),.UNSPECIFIED.,.F.,.F.,(6,6),(0.,1.),
  .PIECEWISE_BEZIER_KNOTS.);
#7982 = CARTESIAN_POINT('',(43.036367466648,7.919704311075,
    133.39428571428));
#7983 = CARTESIAN_POINT('',(43.021552499257,7.934519278466,
    133.43487695263));
#7984 = CARTESIAN_POINT('',(43.010543147527,7.951829613114,
    133.4763871522));
#7985 = CARTESIAN_POINT('',(43.003415725522,7.971735360453,
    133.51814015326));
#7986 = CARTESIAN_POINT('',(43.,7.9941657645,133.55950893023));
#7987 = CARTESIAN_POINT('',(43.,8.018929156483,133.6));
#7988 = PCURVE('',#2938,#7989);
#7989 = DEFINITIONAL_REPRESENTATION('',(#7990),#7997);
#7990 = B_SPLINE_CURVE_WITH_KNOTS('',5,(#7991,#7992,#7993,#7994,#7995,
    #7996),.UNSPECIFIED.,.F.,.F.,(6,6),(0.,1.),
  .PIECEWISE_BEZIER_KNOTS.);
#7991 = CARTESIAN_POINT('',(4.362432269142,1.036367466649));
#7992 = CARTESIAN_POINT('',(4.324858076482,1.021552499258));
#7993 = CARTESIAN_POINT('',(4.285789236053,1.010543147525));
#7994 = CARTESIAN_POINT('',(4.245637955391,1.003415725523));
#7995 = CARTESIAN_POINT('',(4.204773028713,1.));
#7996 = CARTESIAN_POINT('',(4.163500708742,1.));
#7997 = ( GEOMETRIC_REPRESENTATION_CONTEXT(2) 
PARAMETRIC_REPRESENTATION_CONTEXT() REPRESENTATION_CONTEXT('2D SPACE',''
  ) );
#7998 = PCURVE('',#6323,#7999);
#7999 = DEFINITIONAL_REPRESENTATION('',(#8000),#8007);
#8000 = B_SPLINE_CURVE_WITH_KNOTS('',5,(#8001,#8002,#8003,#8004,#8005,
    #8006),.UNSPECIFIED.,.F.,.F.,(6,6),(0.,1.),
  .PIECEWISE_BEZIER_KNOTS.);
#8001 = CARTESIAN_POINT('',(0.349956711244,-6.97043110726E-02));
#8002 = CARTESIAN_POINT('',(0.277939508647,-8.451927846392E-02));
#8003 = CARTESIAN_POINT('',(0.206659001083,-0.101829613111));
#8004 = CARTESIAN_POINT('',(0.136433884198,-0.121735360451));
#8005 = CARTESIAN_POINT('',(6.748511628048E-02,-0.144165764497));
#8006 = CARTESIAN_POINT('',(0.,-0.16892915648));
#8007 = ( GEOMETRIC_REPRESENTATION_CONTEXT(2) 
PARAMETRIC_REPRESENTATION_CONTEXT() REPRESENTATION_CONTEXT('2D SPACE',''
  ) );
#8008 = ORIENTED_EDGE('',*,*,#8009,.T.);
#8009 = EDGE_CURVE('',#7978,#8010,#8012,.T.);
#8010 = VERTEX_POINT('',#8011);
#8011 = CARTESIAN_POINT('',(65.25,7.919704311075,133.39428571428));
#8012 = SURFACE_CURVE('',#8013,(#8017,#8024),.PCURVE_S1.);
#8013 = LINE('',#8014,#8015);
#8014 = CARTESIAN_POINT('',(43.,7.919704311075,133.39428571428));
#8015 = VECTOR('',#8016,1.);
#8016 = DIRECTION('',(1.,0.,2.22044604925E-16));
#8017 = PCURVE('',#2938,#8018);
#8018 = DEFINITIONAL_REPRESENTATION('',(#8019),#8023);
#8019 = LINE('',#8020,#8021);
#8020 = CARTESIAN_POINT('',(4.362432269142,1.));
#8021 = VECTOR('',#8022,1.);
#8022 = DIRECTION('',(0.,1.));
#8023 = ( GEOMETRIC_REPRESENTATION_CONTEXT(2) 
PARAMETRIC_REPRESENTATION_CONTEXT() REPRESENTATION_CONTEXT('2D SPACE',''
  ) );
#8024 = PCURVE('',#8025,#8030);
#8025 = CYLINDRICAL_SURFACE('',#8026,0.6);
#8026 = AXIS2_PLACEMENT_3D('',#8027,#8028,#8029);
#8027 = CARTESIAN_POINT('',(43.,7.356071777723,133.6));
#8028 = DIRECTION('',(1.,0.,2.22044604925E-16));
#8029 = DIRECTION('',(7.612957883144E-17,0.939387555587,-0.342857142857)
  );
#8030 = DEFINITIONAL_REPRESENTATION('',(#8031),#8035);
#8031 = LINE('',#8032,#8033);
#8032 = CARTESIAN_POINT('',(-0.,0.));
#8033 = VECTOR('',#8034,1.);
#8034 = DIRECTION('',(-0.,1.));
#8035 = ( GEOMETRIC_REPRESENTATION_CONTEXT(2) 
PARAMETRIC_REPRESENTATION_CONTEXT() REPRESENTATION_CONTEXT('2D SPACE',''
  ) );
#8036 = ORIENTED_EDGE('',*,*,#8037,.T.);
#8037 = EDGE_CURVE('',#8010,#8038,#8040,.T.);
#8038 = VERTEX_POINT('',#8039);
#8039 = CARTESIAN_POINT('',(66.545675449935,7.899732459288,
    132.66546847853));
#8040 = SURFACE_CURVE('',#8041,(#8056,#8089),.PCURVE_S1.);
#8041 = ( BOUNDED_CURVE() B_SPLINE_CURVE(7,(#8042,#8043,#8044,#8045,
    #8046,#8047,#8048,#8049,#8050,#8051,#8052,#8053,#8054,#8055),
.UNSPECIFIED.,.F.,.F.) B_SPLINE_CURVE_WITH_KNOTS((8,6,8),(22.25,
22.822192362749,23.204911161059),.UNSPECIFIED.) CURVE() 
GEOMETRIC_REPRESENTATION_ITEM() RATIONAL_B_SPLINE_CURVE((1.,1.,1.,1.,1.,
1.,1.,1.,1.,1.,1.,1.,1.,1.)) REPRESENTATION_ITEM('') );
#8042 = CARTESIAN_POINT('',(65.25,7.919704311075,133.39428571428));
#8043 = CARTESIAN_POINT('',(65.371089580173,7.919704311075,
    133.39428571428));
#8044 = CARTESIAN_POINT('',(65.492305163142,7.916720148516,
    133.38606206052));
#8045 = CARTESIAN_POINT('',(65.614416842206,7.910564824953,
    133.3693648238));
#8046 = CARTESIAN_POINT('',(65.737371996049,7.901762214962,
    133.34378412899));
#8047 = CARTESIAN_POINT('',(65.862260479934,7.890331742514,
    133.30752926788));
#8048 = CARTESIAN_POINT('',(65.989515788283,7.876759732899,
    133.25684966957));
#8049 = CARTESIAN_POINT('',(66.196181882716,7.857397085799,
    133.13877431096));
#8050 = CARTESIAN_POINT('',(66.277306159193,7.850522385129,
    133.08257949657));
#8051 = CARTESIAN_POINT('',(66.354475435469,7.84603203304,
    133.01630175854));
#8052 = CARTESIAN_POINT('',(66.425271599774,7.845358619399,
    132.93848253283));
#8053 = CARTESIAN_POINT('',(66.481840264198,7.853404336198,
    132.84968085649));
#8054 = CARTESIAN_POINT('',(66.521667872958,7.871903116887,
    132.75699863386));
#8055 = CARTESIAN_POINT('',(66.545675449935,7.899732459288,
    132.66546847853));
#8056 = PCURVE('',#2938,#8057);
#8057 = DEFINITIONAL_REPRESENTATION('',(#8058),#8088);
#8058 = B_SPLINE_CURVE_WITH_KNOTS('',10,(#8059,#8060,#8061,#8062,#8063,
    #8064,#8065,#8066,#8067,#8068,#8069,#8070,#8071,#8072,#8073,#8074,
    #8075,#8076,#8077,#8078,#8079,#8080,#8081,#8082,#8083,#8084,#8085,
    #8086,#8087),.UNSPECIFIED.,.F.,.F.,(11,9,9,11),(22.25,
    22.727455580529,22.966183370794,23.204911161059),.UNSPECIFIED.);
#8059 = CARTESIAN_POINT('',(4.362432269142,23.25));
#8060 = CARTESIAN_POINT('',(4.362432269142,23.320728708899));
#8061 = CARTESIAN_POINT('',(4.364908324396,23.391497821141));
#8062 = CARTESIAN_POINT('',(4.369893126928,23.462439269853));
#8063 = CARTESIAN_POINT('',(4.377429178977,23.533616552272));
#8064 = CARTESIAN_POINT('',(4.387599679824,23.605092578356));
#8065 = CARTESIAN_POINT('',(4.400554830001,23.676954504795));
#8066 = CARTESIAN_POINT('',(4.416533553159,23.749295556105));
#8067 = CARTESIAN_POINT('',(4.435880635263,23.8221538309));
#8068 = CARTESIAN_POINT('',(4.459059281431,23.895408095093));
#8069 = CARTESIAN_POINT('',(4.500458994544,24.005241793533));
#8070 = CARTESIAN_POINT('',(4.515355185724,24.041830278286));
#8071 = CARTESIAN_POINT('',(4.53150186736,24.078480662118));
#8072 = CARTESIAN_POINT('',(4.548647913002,24.114525284159));
#8073 = CARTESIAN_POINT('',(4.567684358372,24.151375824021));
#8074 = CARTESIAN_POINT('',(4.587553498904,24.186587989484));
#8075 = CARTESIAN_POINT('',(4.609313287076,24.222068055324));
#8076 = CARTESIAN_POINT('',(4.632469425825,24.256352335422));
#8077 = CARTESIAN_POINT('',(4.657267185983,24.289655765779));
#8078 = CARTESIAN_POINT('',(4.710023978138,24.35347928883));
#8079 = CARTESIAN_POINT('',(4.737989593209,24.38401073935));
#8080 = CARTESIAN_POINT('',(4.767528748032,24.412876482163));
#8081 = CARTESIAN_POINT('',(4.798591498596,24.439755811328));
#8082 = CARTESIAN_POINT('',(4.831074761941,24.464333433793));
#8083 = CARTESIAN_POINT('',(4.8648159573,24.486333072183));
#8084 = CARTESIAN_POINT('',(4.899597162424,24.505543947072));
#8085 = CARTESIAN_POINT('',(4.935159785266,24.52184014015));
#8086 = CARTESIAN_POINT('',(4.971229750849,24.535192836907));
#8087 = CARTESIAN_POINT('',(5.007553203457,24.545675449935));
#8088 = ( GEOMETRIC_REPRESENTATION_CONTEXT(2) 
PARAMETRIC_REPRESENTATION_CONTEXT() REPRESENTATION_CONTEXT('2D SPACE',''
  ) );
#8089 = PCURVE('',#8090,#8133);
#8090 = ( BOUNDED_SURFACE() B_SPLINE_SURFACE(2,7,(
    (#8091,#8092,#8093,#8094,#8095,#8096,#8097,#8098,#8099,#8100,#8101
      ,#8102,#8103,#8104)
    ,(#8105,#8106,#8107,#8108,#8109,#8110,#8111,#8112,#8113,#8114,#8115
      ,#8116,#8117,#8118)
    ,(#8119,#8120,#8121,#8122,#8123,#8124,#8125,#8126,#8127,#8128,#8129
      ,#8130,#8131,#8132
)),.UNSPECIFIED.,.F.,.F.,.F.) B_SPLINE_SURFACE_WITH_KNOTS((3,3),(8,6,8),
  (0.,0.954911161059),(22.25,22.822192362749,23.204911161059),
.UNSPECIFIED.) GEOMETRIC_REPRESENTATION_ITEM() RATIONAL_B_SPLINE_SURFACE
((
    (1.,1.,1.,1.,1.,1.,1.,1.,1.,1.,1.,1.,1.,1.)
    ,(0.819407451411,0.819407451411,0.816018015332,0.809168494602
      ,0.799005500616,0.785428079186,0.768919850526,0.741814604541
      ,0.731092365982,0.721565872865,0.714408553337,0.712599323766
      ,0.716068992306,0.723749755849)
,(1.,1.,1.,1.,1.,1.,1.,1.,1.,1.,1.,1.,1.,1.
))) REPRESENTATION_ITEM('') SURFACE() );
#8091 = CARTESIAN_POINT('',(65.25,7.919704311075,133.39428571428));
#8092 = CARTESIAN_POINT('',(65.371089580173,7.919704311075,
    133.39428571428));
#8093 = CARTESIAN_POINT('',(65.492305163142,7.916720148516,
    133.38606206052));
#8094 = CARTESIAN_POINT('',(65.614416842206,7.910564824953,
    133.3693648238));
#8095 = CARTESIAN_POINT('',(65.737371996049,7.901762214962,
    133.34378412899));
#8096 = CARTESIAN_POINT('',(65.862260479934,7.890331742514,
    133.30752926788));
#8097 = CARTESIAN_POINT('',(65.989515788283,7.876759732899,
    133.25684966957));
#8098 = CARTESIAN_POINT('',(66.196181882716,7.857397085799,
    133.13877431096));
#8099 = CARTESIAN_POINT('',(66.277306159193,7.850522385129,
    133.08257949657));
#8100 = CARTESIAN_POINT('',(66.354475435469,7.84603203304,
    133.01630175854));
#8101 = CARTESIAN_POINT('',(66.425271599774,7.845358619399,
    132.93848253283));
#8102 = CARTESIAN_POINT('',(66.481840264198,7.853404336198,
    132.84968085649));
#8103 = CARTESIAN_POINT('',(66.521667872958,7.871903116887,
    132.75699863386));
#8104 = CARTESIAN_POINT('',(66.545675449935,7.899732459288,
    132.66546847853));
#8105 = CARTESIAN_POINT('',(65.25,7.775798132347,133.));
#8106 = CARTESIAN_POINT('',(65.329365749923,7.775798132347,133.));
#8107 = CARTESIAN_POINT('',(65.409538196511,7.775615598262,
    132.99012441154));
#8108 = CARTESIAN_POINT('',(65.488805173303,7.775372261459,
    132.97025667761));
#8109 = CARTESIAN_POINT('',(65.565881510135,7.77559423714,
    132.94005479084));
#8110 = CARTESIAN_POINT('',(65.638679779122,7.778164950498,
    132.90009505871));
#8111 = CARTESIAN_POINT('',(65.705174097911,7.78604663294,132.8519947109
    ));
#8112 = CARTESIAN_POINT('',(65.807882329579,7.812235303434,
    132.76054065996));
#8113 = CARTESIAN_POINT('',(65.847094529808,7.826576447445,
    132.72026953197));
#8114 = CARTESIAN_POINT('',(65.88316650217,7.844992323464,
    132.67816015912));
#8115 = CARTESIAN_POINT('',(65.915942752322,7.867911492926,
    132.63581418575));
#8116 = CARTESIAN_POINT('',(65.947203157721,7.893062537535,
    132.59334538942));
#8117 = CARTESIAN_POINT('',(65.975750433101,7.920252889228,
    132.54832801666));
#8118 = CARTESIAN_POINT('',(66.,7.94970034618,132.50112508935));
#8119 = CARTESIAN_POINT('',(65.25,7.356071777723,133.));
#8120 = CARTESIAN_POINT('',(65.329365488932,7.356071777723,133.));
#8121 = CARTESIAN_POINT('',(65.40885447446,7.350598381393,
    132.99028599403));
#8122 = CARTESIAN_POINT('',(65.488874232344,7.339700427059,
    132.97036744919));
#8123 = CARTESIAN_POINT('',(65.569817067983,7.324072841371,
    132.93998261408));
#8124 = CARTESIAN_POINT('',(65.651986353346,7.305323202021,
    132.89603280337));
#8125 = CARTESIAN_POINT('',(65.73368110657,7.287570207892,
    132.83370153806));
#8126 = CARTESIAN_POINT('',(65.856773180715,7.275560811093,
    132.69694983158));
#8127 = CARTESIAN_POINT('',(65.902515196301,7.275458608063,
    132.63345283387));
#8128 = CARTESIAN_POINT('',(65.942305154075,7.282851767605,
    132.56165381887));
#8129 = CARTESIAN_POINT('',(65.973580895572,7.300880900985,
    132.48171135101));
#8130 = CARTESIAN_POINT('',(65.991985033585,7.334133169834,
    132.39972770899));
#8131 = CARTESIAN_POINT('',(66.,7.380177772504,132.32165418874));
#8132 = CARTESIAN_POINT('',(66.,7.435693123033,132.25));
#8133 = DEFINITIONAL_REPRESENTATION('',(#8134),#8138);
#8134 = LINE('',#8135,#8136);
#8135 = CARTESIAN_POINT('',(0.,0.));
#8136 = VECTOR('',#8137,1.);
#8137 = DIRECTION('',(0.,1.));
#8138 = ( GEOMETRIC_REPRESENTATION_CONTEXT(2) 
PARAMETRIC_REPRESENTATION_CONTEXT() REPRESENTATION_CONTEXT('2D SPACE',''
  ) );
#8139 = ORIENTED_EDGE('',*,*,#8140,.T.);
#8140 = EDGE_CURVE('',#8038,#8141,#8143,.T.);
#8141 = VERTEX_POINT('',#8142);
#8142 = CARTESIAN_POINT('',(66.6,8.128220211292,132.25));
#8143 = SURFACE_CURVE('',#8144,(#8151,#8161),.PCURVE_S1.);
#8144 = ( BOUNDED_CURVE() B_SPLINE_CURVE(5,(#8145,#8146,#8147,#8148,
#8149,#8150),.UNSPECIFIED.,.F.,.F.) B_SPLINE_CURVE_WITH_KNOTS((6,6),(
23.204911161059,23.492084813712),.PIECEWISE_BEZIER_KNOTS.) CURVE() 
GEOMETRIC_REPRESENTATION_ITEM() RATIONAL_B_SPLINE_CURVE((1.,1.,1.,1.,1.,
1.)) REPRESENTATION_ITEM('') );
#8145 = CARTESIAN_POINT('',(66.545675449935,7.899732459288,
    132.66546847853));
#8146 = CARTESIAN_POINT('',(66.570895222372,7.928966966506,
    132.56931676398));
#8147 = CARTESIAN_POINT('',(66.587924941514,7.96832718216,
    132.47756197286));
#8148 = CARTESIAN_POINT('',(66.596696437883,8.016503128449,
    132.39286948272));
#8149 = CARTESIAN_POINT('',(66.6,8.070544109622,132.3170411463));
#8150 = CARTESIAN_POINT('',(66.6,8.128220211292,132.25));
#8151 = PCURVE('',#2938,#8152);
#8152 = DEFINITIONAL_REPRESENTATION('',(#8153),#8160);
#8153 = B_SPLINE_CURVE_WITH_KNOTS('',5,(#8154,#8155,#8156,#8157,#8158,
    #8159),.UNSPECIFIED.,.F.,.F.,(6,6),(23.204911161059,23.492084813712)
  ,.PIECEWISE_BEZIER_KNOTS.);
#8154 = CARTESIAN_POINT('',(5.007553203457,24.545675449935));
#8155 = CARTESIAN_POINT('',(5.094942598303,24.570895222372));
#8156 = CARTESIAN_POINT('',(5.181227412885,24.587925136036));
#8157 = CARTESIAN_POINT('',(5.265298215634,24.596696253944));
#8158 = CARTESIAN_POINT('',(5.345936120044,24.6));
#8159 = CARTESIAN_POINT('',(5.422837588938,24.6));
#8160 = ( GEOMETRIC_REPRESENTATION_CONTEXT(2) 
PARAMETRIC_REPRESENTATION_CONTEXT() REPRESENTATION_CONTEXT('2D SPACE',''
  ) );
#8161 = PCURVE('',#8162,#8181);
#8162 = ( BOUNDED_SURFACE() B_SPLINE_SURFACE(2,5,(
    (#8163,#8164,#8165,#8166,#8167,#8168)
    ,(#8169,#8170,#8171,#8172,#8173,#8174)
    ,(#8175,#8176,#8177,#8178,#8179,#8180
)),.UNSPECIFIED.,.F.,.F.,.F.) B_SPLINE_SURFACE_WITH_KNOTS((3,3),(6,6),(
    0.,0.287173652653),(23.204911161059,23.492084813712),
.PIECEWISE_BEZIER_KNOTS.) GEOMETRIC_REPRESENTATION_ITEM() 
RATIONAL_B_SPLINE_SURFACE((
    (1.,1.,1.,1.,1.,1.)
    ,(0.723749755849,0.715900130592,0.710741014756,0.70810051362
      ,0.707106781187,0.707106781187)
,(1.,1.,1.,1.,1.,1.))) REPRESENTATION_ITEM('') SURFACE() );
#8163 = CARTESIAN_POINT('',(66.545675449935,7.899732459288,
    132.66546847853));
#8164 = CARTESIAN_POINT('',(66.570895222372,7.928966966506,
    132.56931676398));
#8165 = CARTESIAN_POINT('',(66.587924941514,7.96832718216,
    132.47756197286));
#8166 = CARTESIAN_POINT('',(66.596696437883,8.016503128449,
    132.39286948272));
#8167 = CARTESIAN_POINT('',(66.6,8.070544109622,132.3170411463));
#8168 = CARTESIAN_POINT('',(66.6,8.128220211292,132.25));
#8169 = CARTESIAN_POINT('',(66.,7.94970034618,132.50112508935));
#8170 = CARTESIAN_POINT('',(66.,7.982975187367,132.44385316963));
#8171 = CARTESIAN_POINT('',(66.,8.017187731247,132.39249403903));
#8172 = CARTESIAN_POINT('',(66.,8.051863513138,132.34357638202));
#8173 = CARTESIAN_POINT('',(66.,8.088708493447,132.29592735604));
#8174 = CARTESIAN_POINT('',(66.,8.128220211292,132.25));
#8175 = CARTESIAN_POINT('',(66.,7.435693123033,132.25));
#8176 = CARTESIAN_POINT('',(66.,7.46913989743,132.16257644777));
#8177 = CARTESIAN_POINT('',(66.,7.510455162269,132.08055789162));
#8178 = CARTESIAN_POINT('',(66.,7.558648008638,132.00265724951));
#8179 = CARTESIAN_POINT('',(66.,7.613251619202,131.92858561387));
#8180 = CARTESIAN_POINT('',(66.,7.673378582401,131.85869565217));
#8181 = DEFINITIONAL_REPRESENTATION('',(#8182),#8186);
#8182 = LINE('',#8183,#8184);
#8183 = CARTESIAN_POINT('',(0.,0.));
#8184 = VECTOR('',#8185,1.);
#8185 = DIRECTION('',(0.,1.));
#8186 = ( GEOMETRIC_REPRESENTATION_CONTEXT(2) 
PARAMETRIC_REPRESENTATION_CONTEXT() REPRESENTATION_CONTEXT('2D SPACE',''
  ) );
#8187 = ORIENTED_EDGE('',*,*,#8188,.T.);
#8188 = EDGE_CURVE('',#8141,#7543,#8189,.T.);
#8189 = SURFACE_CURVE('',#8190,(#8195,#8202),.PCURVE_S1.);
#8190 = CIRCLE('',#8191,1.15);
#8191 = AXIS2_PLACEMENT_3D('',#8192,#8193,#8194);
#8192 = CARTESIAN_POINT('',(66.6,9.,133.));
#8193 = DIRECTION('',(1.,0.,0.));
#8194 = DIRECTION('',(0.,-0.758069381484,-0.652173913045));
#8195 = PCURVE('',#2938,#8196);
#8196 = DEFINITIONAL_REPRESENTATION('',(#8197),#8201);
#8197 = LINE('',#8198,#8199);
#8198 = CARTESIAN_POINT('',(5.42283758894,24.6));
#8199 = VECTOR('',#8200,1.);
#8200 = DIRECTION('',(1.,0.));
#8201 = ( GEOMETRIC_REPRESENTATION_CONTEXT(2) 
PARAMETRIC_REPRESENTATION_CONTEXT() REPRESENTATION_CONTEXT('2D SPACE',''
  ) );
#8202 = PCURVE('',#8203,#8208);
#8203 = TOROIDAL_SURFACE('',#8204,1.75,0.6);
#8204 = AXIS2_PLACEMENT_3D('',#8205,#8206,#8207);
#8205 = CARTESIAN_POINT('',(66.6,9.,133.));
#8206 = DIRECTION('',(1.,0.,-0.));
#8207 = DIRECTION('',(0.,-0.758069381484,-0.652173913045));
#8208 = DEFINITIONAL_REPRESENTATION('',(#8209),#8213);
#8209 = LINE('',#8210,#8211);
#8210 = CARTESIAN_POINT('',(0.,3.14159265359));
#8211 = VECTOR('',#8212,1.);
#8212 = DIRECTION('',(1.,0.));
#8213 = ( GEOMETRIC_REPRESENTATION_CONTEXT(2) 
PARAMETRIC_REPRESENTATION_CONTEXT() REPRESENTATION_CONTEXT('2D SPACE',''
  ) );
#8214 = ADVANCED_FACE('',(#8215),#3040,.F.);
#8215 = FACE_BOUND('',#8216,.F.);
#8216 = EDGE_LOOP('',(#8217,#8375,#8436,#8488,#8489));
#8217 = ORIENTED_EDGE('',*,*,#8218,.F.);
#8218 = EDGE_CURVE('',#8219,#7798,#8221,.T.);
#8219 = VERTEX_POINT('',#8220);
#8220 = CARTESIAN_POINT('',(43.682236509282,10.30119861995,
    132.75860601782));
#8221 = SURFACE_CURVE('',#8222,(#8279,#8333),.PCURVE_S1.);
#8222 = B_SPLINE_CURVE_WITH_KNOTS('',7,(#8223,#8224,#8225,#8226,#8227,
    #8228,#8229,#8230,#8231,#8232,#8233,#8234,#8235,#8236,#8237,#8238,
    #8239,#8240,#8241,#8242,#8243,#8244,#8245,#8246,#8247,#8248,#8249,
    #8250,#8251,#8252,#8253,#8254,#8255,#8256,#8257,#8258,#8259,#8260,
    #8261,#8262,#8263,#8264,#8265,#8266,#8267,#8268,#8269,#8270,#8271,
    #8272,#8273,#8274,#8275,#8276,#8277,#8278),.UNSPECIFIED.,.F.,.F.,(8,
    6,6,6,6,6,6,6,6,8),(0.,5.39674498614E-03,1.145197296377E-02,
    2.537114094955E-02,6.773176134666E-02,0.150337070836,0.209993391308,
    0.347079856119,0.627454138911,1.),.UNSPECIFIED.);
#8223 = CARTESIAN_POINT('',(43.680240383031,10.301198619922,
    132.75860601785));
#8224 = CARTESIAN_POINT('',(43.68015876926,10.300997963345,
    132.75882347817));
#8225 = CARTESIAN_POINT('',(43.679983169979,10.300797436418,
    132.75904104903));
#8226 = CARTESIAN_POINT('',(43.67971238629,10.300597058082,
    132.75925870985));
#8227 = CARTESIAN_POINT('',(43.679382423389,10.300396822476,
    132.75947646689));
#8228 = CARTESIAN_POINT('',(43.679019389248,10.300196723592,
    132.75969432657));
#8229 = CARTESIAN_POINT('',(43.678628605341,10.299996759646,
    132.75991229083));
#8230 = CARTESIAN_POINT('',(43.677761388959,10.299572690916,
    132.76037506734));
#8231 = CARTESIAN_POINT('',(43.677279975622,10.29934862,132.76061990783)
  );
#8232 = CARTESIAN_POINT('',(43.676785087983,10.299124696489,
    132.76086490451));
#8233 = CARTESIAN_POINT('',(43.676281666577,10.298900916369,
    132.76111006184));
#8234 = CARTESIAN_POINT('',(43.675771870805,10.298677277939,
    132.76135538174));
#8235 = CARTESIAN_POINT('',(43.675256755848,10.298453780219,
    132.76160086542));
#8236 = CARTESIAN_POINT('',(43.673545368282,10.297716985797,
    132.76241119023));
#8237 = CARTESIAN_POINT('',(43.672332646046,10.297204286688,
    132.76297673908));
#8238 = CARTESIAN_POINT('',(43.671111951258,10.296692314233,
    132.76354317351));
#8239 = CARTESIAN_POINT('',(43.669885706748,10.296181068717,
    132.76411049459));
#8240 = CARTESIAN_POINT('',(43.668654876479,10.295670551853,
    132.76467870182));
#8241 = CARTESIAN_POINT('',(43.667421561768,10.295160764059,
    132.76524779608));
#8242 = CARTESIAN_POINT('',(43.662425402081,10.293102481118,
    132.7675524137));
#8243 = CARTESIAN_POINT('',(43.658644725715,10.291560028622,
    132.76929525578));
#8244 = CARTESIAN_POINT('',(43.654859993713,10.290024408539,
    132.77104627648));
#8245 = CARTESIAN_POINT('',(43.651071767831,10.288495695428,
    132.77280543071));
#8246 = CARTESIAN_POINT('',(43.647280074351,10.286973963946,
    132.77457267169));
#8247 = CARTESIAN_POINT('',(43.643488310205,10.285459284629,
    132.77634795546));
#8248 = CARTESIAN_POINT('',(43.63230091536,10.281011928387,
    132.78160871145));
#8249 = CARTESIAN_POINT('',(43.624904953855,10.278099223163,
    132.78511658769));
#8250 = CARTESIAN_POINT('',(43.617513358008,10.275214156626,
    132.7886545042));
#8251 = CARTESIAN_POINT('',(43.610129990658,10.2723572635,
    132.79222208653));
#8252 = CARTESIAN_POINT('',(43.602757942332,10.269529071166,
    132.79581894389));
#8253 = CARTESIAN_POINT('',(43.595400101936,10.266730098317,
    132.79944467009));
#8254 = CARTESIAN_POINT('',(43.582758618627,10.261960946462,
    132.80573783472));
#8255 = CARTESIAN_POINT('',(43.577466375809,10.259976544278,
    132.80839166183));
#8256 = CARTESIAN_POINT('',(43.572185399919,10.258007837703,
    132.81106016884));
#8257 = CARTESIAN_POINT('',(43.566913188291,10.256055018879,
    132.81374318881));
#8258 = CARTESIAN_POINT('',(43.5616567826,10.254118269171,
    132.81644056232));
#8259 = CARTESIAN_POINT('',(43.556410855388,10.252197777494,
    132.81915211112));
#8260 = CARTESIAN_POINT('',(43.539162622932,10.245918318038,
    132.82814081979));
#8261 = CARTESIAN_POINT('',(43.527230909935,10.2416296976,
    132.83447793685));
#8262 = CARTESIAN_POINT('',(43.515369786597,10.237430074676,
    132.84088686651));
#8263 = CARTESIAN_POINT('',(43.503619147739,10.233321531375,
    132.84736541868));
#8264 = CARTESIAN_POINT('',(43.491977522021,10.229306095256,
    132.85391125253));
#8265 = CARTESIAN_POINT('',(43.480460102507,10.225385676427,
    132.86052195262));
#8266 = CARTESIAN_POINT('',(43.445785379987,10.21374193607,
    132.88084298011));
#8267 = CARTESIAN_POINT('',(43.423045962108,10.206326814206,
    132.89475178104));
#8268 = CARTESIAN_POINT('',(43.400924772948,10.199332198282,
    132.90889991915));
#8269 = CARTESIAN_POINT('',(43.379486644953,10.19277168085,
    132.9232643778));
#8270 = CARTESIAN_POINT('',(43.358772070851,10.186656732912,
    132.93782085279));
#8271 = CARTESIAN_POINT('',(43.338807776677,10.180996507426,
    132.95254412088));
#8272 = CARTESIAN_POINT('',(43.294107891634,10.168889977073,
    132.98715926191));
#8273 = CARTESIAN_POINT('',(43.269961248032,10.162796965869,
    133.00715911183));
#8274 = CARTESIAN_POINT('',(43.247215854433,10.157534613842,
    133.02734750288));
#8275 = CARTESIAN_POINT('',(43.225887709666,10.153111343725,
    133.04766231149));
#8276 = CARTESIAN_POINT('',(43.205955513538,10.149527832653,
    133.06804126074));
#8277 = CARTESIAN_POINT('',(43.187383034577,10.146777316463,
    133.08842355459));
#8278 = CARTESIAN_POINT('',(43.17012671237,10.144846362431,
    133.1087511215));
#8279 = PCURVE('',#3040,#8280);
#8280 = DEFINITIONAL_REPRESENTATION('',(#8281),#8332);
#8281 = B_SPLINE_CURVE_WITH_KNOTS('',9,(#8282,#8283,#8284,#8285,#8286,
    #8287,#8288,#8289,#8290,#8291,#8292,#8293,#8294,#8295,#8296,#8297,
    #8298,#8299,#8300,#8301,#8302,#8303,#8304,#8305,#8306,#8307,#8308,
    #8309,#8310,#8311,#8312,#8313,#8314,#8315,#8316,#8317,#8318,#8319,
    #8320,#8321,#8322,#8323,#8324,#8325,#8326,#8327,#8328,#8329,#8330,
    #8331),.UNSPECIFIED.,.F.,.F.,(10,8,8,8,8,8,10),(0.,0.125,0.25,0.5,
    0.75,0.875,1.),.UNSPECIFIED.);
#8282 = CARTESIAN_POINT('',(0.,46.797199786034));
#8283 = CARTESIAN_POINT('',(3.635744395088E-06,46.802583807176));
#8284 = CARTESIAN_POINT('',(3.184679877674E-02,46.811820491178));
#8285 = CARTESIAN_POINT('',(1.040642146372E-03,46.815264726445));
#8286 = CARTESIAN_POINT('',(5.129461561511E-02,46.818496456587));
#8287 = CARTESIAN_POINT('',(2.657004033502E-02,46.830197187511));
#8288 = CARTESIAN_POINT('',(5.20924459974E-02,46.831131701528));
#8289 = CARTESIAN_POINT('',(5.395769037192E-02,46.839007208497));
#8290 = CARTESIAN_POINT('',(6.288634085878E-02,46.844419308377));
#8291 = CARTESIAN_POINT('',(7.868981724427E-02,46.856000706983));
#8292 = CARTESIAN_POINT('',(8.657613886216E-02,46.861777577932));
#8293 = CARTESIAN_POINT('',(9.444704855583E-02,46.86753652044));
#8294 = CARTESIAN_POINT('',(0.102302550976,46.873273434417));
#8295 = CARTESIAN_POINT('',(0.110142650773,46.878984219775));
#8296 = CARTESIAN_POINT('',(0.117967352598,46.884664776424));
#8297 = CARTESIAN_POINT('',(0.125776661101,46.890311004279));
#8298 = CARTESIAN_POINT('',(0.133570580933,46.895918803247));
#8299 = CARTESIAN_POINT('',(0.156906188369,46.912614613232));
#8300 = CARTESIAN_POINT('',(0.172397801397,46.923564695802));
#8301 = CARTESIAN_POINT('',(0.187819079074,46.934313537617));
#8302 = CARTESIAN_POINT('',(0.203165144645,46.94484035532));
#8303 = CARTESIAN_POINT('',(0.218431121356,46.955124365592));
#8304 = CARTESIAN_POINT('',(0.233612132451,46.965144785064));
#8305 = CARTESIAN_POINT('',(0.248703301176,46.974880830417));
#8306 = CARTESIAN_POINT('',(0.263699750775,46.984311718295));
#8307 = CARTESIAN_POINT('',(0.293493458211,47.002521612429));
#8308 = CARTESIAN_POINT('',(0.308289602436,47.011306241799));
#8309 = CARTESIAN_POINT('',(0.322981583657,47.019768436894));
#8310 = CARTESIAN_POINT('',(0.337565948363,47.027906081131));
#8311 = CARTESIAN_POINT('',(0.352039243042,47.035717057943));
#8312 = CARTESIAN_POINT('',(0.366398014185,47.043199250735));
#8313 = CARTESIAN_POINT('',(0.38063880828,47.050350542944));
#8314 = CARTESIAN_POINT('',(0.394758171815,47.057168817982));
#8315 = CARTESIAN_POINT('',(0.415749891013,47.06689352992));
#8316 = CARTESIAN_POINT('',(0.422719059766,47.070054275855));
#8317 = CARTESIAN_POINT('',(0.429658744764,47.073134869233));
#8318 = CARTESIAN_POINT('',(0.436567533232,47.076135982211));
#8319 = CARTESIAN_POINT('',(0.443444012393,47.079058286943));
#8320 = CARTESIAN_POINT('',(0.450286769471,47.081902455586));
#8321 = CARTESIAN_POINT('',(0.457094391691,47.084669160292));
#8322 = CARTESIAN_POINT('',(0.463865466276,47.087359073219));
#8323 = CARTESIAN_POINT('',(0.477331694626,47.092586659822));
#8324 = CARTESIAN_POINT('',(0.485554699627,47.095638329571));
#8325 = CARTESIAN_POINT('',(0.483126208321,47.095028337462));
#8326 = CARTESIAN_POINT('',(0.51437524089,47.105812125131));
#8327 = CARTESIAN_POINT('',(0.484431164182,47.09562389722));
#8328 = CARTESIAN_POINT('',(0.520918383065,47.108212323963));
#8329 = CARTESIAN_POINT('',(0.517670750151,47.106910564719));
#8330 = CARTESIAN_POINT('',(0.521793614222,47.108332206944));
#8331 = CARTESIAN_POINT('',(0.528280867567,47.11041691104));
#8332 = ( GEOMETRIC_REPRESENTATION_CONTEXT(2) 
PARAMETRIC_REPRESENTATION_CONTEXT() REPRESENTATION_CONTEXT('2D SPACE',''
  ) );
#8333 = PCURVE('',#7841,#8334);
#8334 = DEFINITIONAL_REPRESENTATION('',(#8335),#8374);
#8335 = B_SPLINE_CURVE_WITH_KNOTS('',10,(#8336,#8337,#8338,#8339,#8340,
    #8341,#8342,#8343,#8344,#8345,#8346,#8347,#8348,#8349,#8350,#8351,
    #8352,#8353,#8354,#8355,#8356,#8357,#8358,#8359,#8360,#8361,#8362,
    #8363,#8364,#8365,#8366,#8367,#8368,#8369,#8370,#8371,#8372,#8373),
  .UNSPECIFIED.,.F.,.F.,(11,9,9,9,11),(0.,0.25,0.5,0.75,1.),
  .UNSPECIFIED.);
#8336 = CARTESIAN_POINT('',(21.484770558556,47.832906567788));
#8337 = CARTESIAN_POINT('',(20.94719314319,47.835549773774));
#8338 = CARTESIAN_POINT('',(19.988142308336,47.911125990437));
#8339 = CARTESIAN_POINT('',(20.649715369602,47.78085541807));
#8340 = CARTESIAN_POINT('',(18.201962921166,48.027978082834));
#8341 = CARTESIAN_POINT('',(19.688760685357,47.789862892292));
#8342 = CARTESIAN_POINT('',(17.679937142109,47.999643139911));
#8343 = CARTESIAN_POINT('',(17.862814267237,47.914275954903));
#8344 = CARTESIAN_POINT('',(17.10873061535,47.962332460465));
#8345 = CARTESIAN_POINT('',(16.601766865686,47.972548537322));
#8346 = CARTESIAN_POINT('',(15.52913431545,48.002766116386));
#8347 = CARTESIAN_POINT('',(14.992431938567,48.01772925948));
#8348 = CARTESIAN_POINT('',(14.455410997388,48.032530568077));
#8349 = CARTESIAN_POINT('',(13.918139029364,48.04715385409));
#8350 = CARTESIAN_POINT('',(13.380683571978,48.061582929492));
#8351 = CARTESIAN_POINT('',(12.843112162668,48.075801606157));
#8352 = CARTESIAN_POINT('',(12.305492338924,48.089793696086));
#8353 = CARTESIAN_POINT('',(11.767891638188,48.103543011154));
#8354 = CARTESIAN_POINT('',(11.230377597935,48.117033363331));
#8355 = CARTESIAN_POINT('',(10.155657913316,48.143463765738));
#8356 = CARTESIAN_POINT('',(9.618155608921,48.156414008993));
#8357 = CARTESIAN_POINT('',(9.08055838595,48.169094442362));
#8358 = CARTESIAN_POINT('',(8.542913787907,48.181500213886));
#8359 = CARTESIAN_POINT('',(8.005269358305,48.193626471652));
#8360 = CARTESIAN_POINT('',(7.467672640644,48.205468363676));
#8361 = CARTESIAN_POINT('',(6.93017117844,48.217021038056));
#8362 = CARTESIAN_POINT('',(6.392812515194,48.228279642819));
#8363 = CARTESIAN_POINT('',(5.855644194417,48.239239326038));
#8364 = CARTESIAN_POINT('',(4.781783324814,48.260551145489));
#8365 = CARTESIAN_POINT('',(4.184437612269,48.271835196478));
#8366 = CARTESIAN_POINT('',(4.020581935959,48.276261421791));
#8367 = CARTESIAN_POINT('',(2.340268538038,48.303317203183));
#8368 = CARTESIAN_POINT('',(3.990278865715,48.279732024451));
#8369 = CARTESIAN_POINT('',(0.617046491939,48.331866188348));
#8370 = CARTESIAN_POINT('',(2.616007456656,48.302313624053));
#8371 = CARTESIAN_POINT('',(0.567739145844,48.333910146049));
#8372 = CARTESIAN_POINT('',(0.537397996938,48.334518428184));
#8373 = CARTESIAN_POINT('',(3.552713678801E-15,48.342617369082));
#8374 = ( GEOMETRIC_REPRESENTATION_CONTEXT(2) 
PARAMETRIC_REPRESENTATION_CONTEXT() REPRESENTATION_CONTEXT('2D SPACE',''
  ) );
#8375 = ORIENTED_EDGE('',*,*,#8376,.F.);
#8376 = EDGE_CURVE('',#8377,#8219,#8379,.T.);
#8377 = VERTEX_POINT('',#8378);
#8378 = CARTESIAN_POINT('',(43.782858411571,10.5,132.25));
#8379 = SURFACE_CURVE('',#8380,(#8413,#8420),.PCURVE_S1.);
#8380 = B_SPLINE_CURVE_WITH_KNOTS('',11,(#8381,#8382,#8383,#8384,#8385,
    #8386,#8387,#8388,#8389,#8390,#8391,#8392,#8393,#8394,#8395,#8396,
    #8397,#8398,#8399,#8400,#8401,#8402,#8403,#8404,#8405,#8406,#8407,
    #8408,#8409,#8410,#8411,#8412),.UNSPECIFIED.,.F.,.F.,(12,10,10,12),(
    46.263282169613,46.883733515166,47.290991974278,47.309959407389),
  .UNSPECIFIED.);
#8381 = CARTESIAN_POINT('',(43.782858411571,10.5,132.25));
#8382 = CARTESIAN_POINT('',(43.782858411573,10.5,132.31115646929));
#8383 = CARTESIAN_POINT('',(43.779554896632,10.494528331881,
    132.37236437139));
#8384 = CARTESIAN_POINT('',(43.772882086025,10.483527156713,
    132.43278367971));
#8385 = CARTESIAN_POINT('',(43.763126872162,10.467202486556,
    132.49159357236));
#8386 = CARTESIAN_POINT('',(43.750806138559,10.44593143271,
    132.54807644639));
#8387 = CARTESIAN_POINT('',(43.73656415868,10.420183332093,
    132.60167071569));
#8388 = CARTESIAN_POINT('',(43.721090077652,10.390454752233,
    132.65199239906));
#8389 = CARTESIAN_POINT('',(43.705055474535,10.357218374318,
    132.69882549094));
#8390 = CARTESIAN_POINT('',(43.689072007325,10.320885754823,
    132.74208112187));
#8391 = CARTESIAN_POINT('',(43.673669139024,10.281783965308,
    132.78172550328));
#8392 = CARTESIAN_POINT('',(43.649854890688,10.212815412377,
    132.8412746628));
#8393 = CARTESIAN_POINT('',(43.640828300917,10.184565845211,
    132.86321928868));
#8394 = CARTESIAN_POINT('',(43.632675405917,10.153818890995,
    132.88419029981));
#8395 = CARTESIAN_POINT('',(43.62417183342,10.128565578833,
    132.90049711182));
#8396 = CARTESIAN_POINT('',(43.618922799818,10.08653062113,
    132.92338073262));
#8397 = CARTESIAN_POINT('',(43.611445433222,10.067824402128,
    132.93071735127));
#8398 = CARTESIAN_POINT('',(43.60638759029,10.031525410297,
    132.94822236158));
#8399 = CARTESIAN_POINT('',(43.604581536305,9.994681095269,
    132.96293526513));
#8400 = CARTESIAN_POINT('',(43.602437969183,9.944378329959,
    132.97872109068));
#8401 = CARTESIAN_POINT('',(43.600020749782,9.877714918798,
    132.99573731423));
#8402 = CARTESIAN_POINT('',(43.598918065028,9.773470284307,
    132.99964704772));
#8403 = CARTESIAN_POINT('',(43.598868994571,9.768831304912,
    132.99982103435));
#8404 = CARTESIAN_POINT('',(43.598819924114,9.764192325516,
    132.99999502098));
#8405 = CARTESIAN_POINT('',(43.598770853657,9.759553346121,
    133.00016900762));
#8406 = CARTESIAN_POINT('',(43.5987217832,9.754914366725,133.00034299425
    ));
#8407 = CARTESIAN_POINT('',(43.598672712743,9.750275387329,
    133.00051698089));
#8408 = CARTESIAN_POINT('',(43.598623642286,9.745636407934,
    133.00069096752));
#8409 = CARTESIAN_POINT('',(43.598574571829,9.740997428538,
    133.00086495415));
#8410 = CARTESIAN_POINT('',(43.598525501372,9.736358449143,
    133.00103894079));
#8411 = CARTESIAN_POINT('',(43.598476430915,9.731719469747,
    133.00121292742));
#8412 = CARTESIAN_POINT('',(43.598427360458,9.727080490352,
    133.00138691406));
#8413 = PCURVE('',#3040,#8414);
#8414 = DEFINITIONAL_REPRESENTATION('',(#8415),#8419);
#8415 = LINE('',#8416,#8417);
#8416 = CARTESIAN_POINT('',(0.,0.));
#8417 = VECTOR('',#8418,1.);
#8418 = DIRECTION('',(0.,1.));
#8419 = ( GEOMETRIC_REPRESENTATION_CONTEXT(2) 
PARAMETRIC_REPRESENTATION_CONTEXT() REPRESENTATION_CONTEXT('2D SPACE',''
  ) );
#8420 = PCURVE('',#8421,#8426);
#8421 = CYLINDRICAL_SURFACE('',#8422,0.75);
#8422 = AXIS2_PLACEMENT_3D('',#8423,#8424,#8425);
#8423 = CARTESIAN_POINT('',(42.5,9.75,132.25));
#8424 = DIRECTION('',(1.,0.,-0.));
#8425 = DIRECTION('',(0.,1.,0.));
#8426 = DEFINITIONAL_REPRESENTATION('',(#8427),#8435);
#8427 = B_SPLINE_CURVE_WITH_KNOTS('',6,(#8428,#8429,#8430,#8431,#8432,
    #8433,#8434),.UNSPECIFIED.,.F.,.F.,(7,7),(46.263282169613,
    46.797199786034),.PIECEWISE_BEZIER_KNOTS.);
#8428 = CARTESIAN_POINT('',(-1.665334536938E-16,1.282858411571));
#8429 = CARTESIAN_POINT('',(0.128643869776,1.282858411571));
#8430 = CARTESIAN_POINT('',(0.257461715735,1.273888132339));
#8431 = CARTESIAN_POINT('',(0.384463815252,1.255604192635));
#8432 = CARTESIAN_POINT('',(0.507831796373,1.231910887298));
#8433 = CARTESIAN_POINT('',(0.627770340549,1.206518006968));
#8434 = CARTESIAN_POINT('',(0.745229968088,1.182236509282));
#8435 = ( GEOMETRIC_REPRESENTATION_CONTEXT(2) 
PARAMETRIC_REPRESENTATION_CONTEXT() REPRESENTATION_CONTEXT('2D SPACE',''
  ) );
#8436 = ORIENTED_EDGE('',*,*,#8437,.T.);
#8437 = EDGE_CURVE('',#8377,#2965,#8438,.T.);
#8438 = SURFACE_CURVE('',#8439,(#8444,#8482),.PCURVE_S1.);
#8439 = CIRCLE('',#8440,0.6);
#8440 = AXIS2_PLACEMENT_3D('',#8441,#8442,#8443);
#8441 = CARTESIAN_POINT('',(43.782858411571,11.1,132.25));
#8442 = DIRECTION('',(-0.,-0.,-1.));
#8443 = DIRECTION('',(0.,-1.,0.));
#8444 = PCURVE('',#3040,#8445);
#8445 = DEFINITIONAL_REPRESENTATION('',(#8446),#8481);
#8446 = B_SPLINE_CURVE_WITH_KNOTS('',9,(#8447,#8448,#8449,#8450,#8451,
    #8452,#8453,#8454,#8455,#8456,#8457,#8458,#8459,#8460,#8461,#8462,
    #8463,#8464,#8465,#8466,#8467,#8468,#8469,#8470,#8471,#8472,#8473,
    #8474,#8475,#8476,#8477,#8478,#8479,#8480),.UNSPECIFIED.,.F.,.F.,(10
    ,8,8,8,10),(0.,0.475063366603,0.950126733206,1.42519009981,
    1.900253466413),.UNSPECIFIED.);
#8447 = CARTESIAN_POINT('',(-1.110223024625E-16,46.263282169613));
#8448 = CARTESIAN_POINT('',(3.334246748454E-02,46.263282169613));
#8449 = CARTESIAN_POINT('',(6.566658901787E-02,46.263282169614));
#8450 = CARTESIAN_POINT('',(9.709267154954E-02,46.26328216961));
#8451 = CARTESIAN_POINT('',(0.127725786953,46.263282169617));
#8452 = CARTESIAN_POINT('',(0.157661632084,46.26328216961));
#8453 = CARTESIAN_POINT('',(0.186978758779,46.263282169615));
#8454 = CARTESIAN_POINT('',(0.215761052158,46.263282169612));
#8455 = CARTESIAN_POINT('',(0.244074526834,46.263282169613));
#8456 = CARTESIAN_POINT('',(0.299899197083,46.263282169614));
#8457 = CARTESIAN_POINT('',(0.327410270033,46.26328216961));
#8458 = CARTESIAN_POINT('',(0.354586191651,46.263282169619));
#8459 = CARTESIAN_POINT('',(0.381488359716,46.263282169606));
#8460 = CARTESIAN_POINT('',(0.408174795162,46.26328216962));
#8461 = CARTESIAN_POINT('',(0.434701084666,46.263282169609));
#8462 = CARTESIAN_POINT('',(0.461121143481,46.263282169615));
#8463 = CARTESIAN_POINT('',(0.487488012344,46.263282169613));
#8464 = CARTESIAN_POINT('',(0.540221792321,46.263282169614));
#8465 = CARTESIAN_POINT('',(0.566588661183,46.263282169611));
#8466 = CARTESIAN_POINT('',(0.593008719999,46.263282169618));
#8467 = CARTESIAN_POINT('',(0.619535009503,46.263282169607));
#8468 = CARTESIAN_POINT('',(0.646221444949,46.263282169618));
#8469 = CARTESIAN_POINT('',(0.673123613014,46.26328216961));
#8470 = CARTESIAN_POINT('',(0.700299534632,46.263282169614));
#8471 = CARTESIAN_POINT('',(0.727810607582,46.263282169613));
#8472 = CARTESIAN_POINT('',(0.783635277831,46.263282169612));
#8473 = CARTESIAN_POINT('',(0.811948752507,46.263282169617));
#8474 = CARTESIAN_POINT('',(0.840731045885,46.263282169605));
#8475 = CARTESIAN_POINT('',(0.870048172581,46.263282169624));
#8476 = CARTESIAN_POINT('',(0.899984017711,46.263282169604));
#8477 = CARTESIAN_POINT('',(0.930617133116,46.263282169618));
#8478 = CARTESIAN_POINT('',(0.962043215647,46.263282169611));
#8479 = CARTESIAN_POINT('',(0.99436733718,46.263282169614));
#8480 = CARTESIAN_POINT('',(1.027709804665,46.263282169613));
#8481 = ( GEOMETRIC_REPRESENTATION_CONTEXT(2) 
PARAMETRIC_REPRESENTATION_CONTEXT() REPRESENTATION_CONTEXT('2D SPACE',''
  ) );
#8482 = PCURVE('',#3160,#8483);
#8483 = DEFINITIONAL_REPRESENTATION('',(#8484),#8487);
#8484 = B_SPLINE_CURVE_WITH_KNOTS('',1,(#8485,#8486),.UNSPECIFIED.,.F.,
  .F.,(2,2),(0.,1.900253466413),.PIECEWISE_BEZIER_KNOTS.);
#8485 = CARTESIAN_POINT('',(0.,45.5));
#8486 = CARTESIAN_POINT('',(-1.900253466413,45.5));
#8487 = ( GEOMETRIC_REPRESENTATION_CONTEXT(2) 
PARAMETRIC_REPRESENTATION_CONTEXT() REPRESENTATION_CONTEXT('2D SPACE',''
  ) );
#8488 = ORIENTED_EDGE('',*,*,#2964,.T.);
#8489 = ORIENTED_EDGE('',*,*,#7909,.F.);
#8490 = ADVANCED_FACE('',(#8491),#3160,.T.);
#8491 = FACE_BOUND('',#8492,.F.);
#8492 = EDGE_LOOP('',(#8493,#8494,#8495,#8496));
#8493 = ORIENTED_EDGE('',*,*,#5978,.T.);
#8494 = ORIENTED_EDGE('',*,*,#3144,.T.);
#8495 = ORIENTED_EDGE('',*,*,#8437,.F.);
#8496 = ORIENTED_EDGE('',*,*,#8497,.F.);
#8497 = EDGE_CURVE('',#5979,#8377,#8498,.T.);
#8498 = SURFACE_CURVE('',#8499,(#8503,#8510),.PCURVE_S1.);
#8499 = LINE('',#8500,#8501);
#8500 = CARTESIAN_POINT('',(43.782858411571,10.5,86.75));
#8501 = VECTOR('',#8502,1.);
#8502 = DIRECTION('',(0.,0.,1.));
#8503 = PCURVE('',#3160,#8504);
#8504 = DEFINITIONAL_REPRESENTATION('',(#8505),#8509);
#8505 = LINE('',#8506,#8507);
#8506 = CARTESIAN_POINT('',(-0.,0.));
#8507 = VECTOR('',#8508,1.);
#8508 = DIRECTION('',(-0.,1.));
#8509 = ( GEOMETRIC_REPRESENTATION_CONTEXT(2) 
PARAMETRIC_REPRESENTATION_CONTEXT() REPRESENTATION_CONTEXT('2D SPACE',''
  ) );
#8510 = PCURVE('',#8511,#8516);
#8511 = PLANE('',#8512);
#8512 = AXIS2_PLACEMENT_3D('',#8513,#8514,#8515);
#8513 = CARTESIAN_POINT('',(41.,10.5,86.));
#8514 = DIRECTION('',(-0.,1.,0.));
#8515 = DIRECTION('',(0.,0.,1.));
#8516 = DEFINITIONAL_REPRESENTATION('',(#8517),#8521);
#8517 = LINE('',#8518,#8519);
#8518 = CARTESIAN_POINT('',(0.75,2.782858411571));
#8519 = VECTOR('',#8520,1.);
#8520 = DIRECTION('',(1.,0.));
#8521 = ( GEOMETRIC_REPRESENTATION_CONTEXT(2) 
PARAMETRIC_REPRESENTATION_CONTEXT() REPRESENTATION_CONTEXT('2D SPACE',''
  ) );
#8522 = ADVANCED_FACE('',(#8523),#3362,.T.);
#8523 = FACE_BOUND('',#8524,.F.);
#8524 = EDGE_LOOP('',(#8525,#8547,#8548,#8575));
#8525 = ORIENTED_EDGE('',*,*,#8526,.F.);
#8526 = EDGE_CURVE('',#3346,#8527,#8529,.T.);
#8527 = VERTEX_POINT('',#8528);
#8528 = CARTESIAN_POINT('',(43.8,10.,136.));
#8529 = SURFACE_CURVE('',#8530,(#8535,#8541),.PCURVE_S1.);
#8530 = CIRCLE('',#8531,0.8);
#8531 = AXIS2_PLACEMENT_3D('',#8532,#8533,#8534);
#8532 = CARTESIAN_POINT('',(43.8,10.,135.2));
#8533 = DIRECTION('',(-0.,1.,0.));
#8534 = DIRECTION('',(-1.,-0.,0.));
#8535 = PCURVE('',#3362,#8536);
#8536 = DEFINITIONAL_REPRESENTATION('',(#8537),#8540);
#8537 = B_SPLINE_CURVE_WITH_KNOTS('',1,(#8538,#8539),.UNSPECIFIED.,.F.,
  .F.,(2,2),(0.,1.570796326795),.PIECEWISE_BEZIER_KNOTS.);
#8538 = CARTESIAN_POINT('',(0.,0.));
#8539 = CARTESIAN_POINT('',(0.,1.570796326795));
#8540 = ( GEOMETRIC_REPRESENTATION_CONTEXT(2) 
PARAMETRIC_REPRESENTATION_CONTEXT() REPRESENTATION_CONTEXT('2D SPACE',''
  ) );
#8541 = PCURVE('',#7113,#8542);
#8542 = DEFINITIONAL_REPRESENTATION('',(#8543),#8546);
#8543 = B_SPLINE_CURVE_WITH_KNOTS('',1,(#8544,#8545),.UNSPECIFIED.,.F.,
  .F.,(2,2),(0.,1.570796326795),.PIECEWISE_BEZIER_KNOTS.);
#8544 = CARTESIAN_POINT('',(0.,20.));
#8545 = CARTESIAN_POINT('',(1.570796326795,20.));
#8546 = ( GEOMETRIC_REPRESENTATION_CONTEXT(2) 
PARAMETRIC_REPRESENTATION_CONTEXT() REPRESENTATION_CONTEXT('2D SPACE',''
  ) );
#8547 = ORIENTED_EDGE('',*,*,#3345,.T.);
#8548 = ORIENTED_EDGE('',*,*,#8549,.T.);
#8549 = EDGE_CURVE('',#3318,#8550,#8552,.T.);
#8550 = VERTEX_POINT('',#8551);
#8551 = CARTESIAN_POINT('',(47.,13.2,136.));
#8552 = SURFACE_CURVE('',#8553,(#8558,#8564),.PCURVE_S1.);
#8553 = CIRCLE('',#8554,0.8);
#8554 = AXIS2_PLACEMENT_3D('',#8555,#8556,#8557);
#8555 = CARTESIAN_POINT('',(47.,13.2,135.2));
#8556 = DIRECTION('',(1.,6.123233995737E-17,-0.));
#8557 = DIRECTION('',(-6.123233995737E-17,1.,0.));
#8558 = PCURVE('',#3362,#8559);
#8559 = DEFINITIONAL_REPRESENTATION('',(#8560),#8563);
#8560 = B_SPLINE_CURVE_WITH_KNOTS('',1,(#8561,#8562),.UNSPECIFIED.,.F.,
  .F.,(2,2),(0.,1.570796326795),.PIECEWISE_BEZIER_KNOTS.);
#8561 = CARTESIAN_POINT('',(-1.570796326795,0.));
#8562 = CARTESIAN_POINT('',(-1.570796326795,1.570796326795));
#8563 = ( GEOMETRIC_REPRESENTATION_CONTEXT(2) 
PARAMETRIC_REPRESENTATION_CONTEXT() REPRESENTATION_CONTEXT('2D SPACE',''
  ) );
#8564 = PCURVE('',#8565,#8570);
#8565 = CYLINDRICAL_SURFACE('',#8566,0.8);
#8566 = AXIS2_PLACEMENT_3D('',#8567,#8568,#8569);
#8567 = CARTESIAN_POINT('',(47.,13.2,135.2));
#8568 = DIRECTION('',(1.,0.,-0.));
#8569 = DIRECTION('',(0.,1.,0.));
#8570 = DEFINITIONAL_REPRESENTATION('',(#8571),#8574);
#8571 = B_SPLINE_CURVE_WITH_KNOTS('',1,(#8572,#8573),.UNSPECIFIED.,.F.,
  .F.,(2,2),(0.,1.570796326795),.PIECEWISE_BEZIER_KNOTS.);
#8572 = CARTESIAN_POINT('',(0.,0.));
#8573 = CARTESIAN_POINT('',(1.570796326795,0.));
#8574 = ( GEOMETRIC_REPRESENTATION_CONTEXT(2) 
PARAMETRIC_REPRESENTATION_CONTEXT() REPRESENTATION_CONTEXT('2D SPACE',''
  ) );
#8575 = ORIENTED_EDGE('',*,*,#8576,.F.);
#8576 = EDGE_CURVE('',#8527,#8550,#8577,.T.);
#8577 = SURFACE_CURVE('',#8578,(#8583,#8590),.PCURVE_S1.);
#8578 = CIRCLE('',#8579,3.2);
#8579 = AXIS2_PLACEMENT_3D('',#8580,#8581,#8582);
#8580 = CARTESIAN_POINT('',(47.,10.,136.));
#8581 = DIRECTION('',(-0.,0.,-1.));
#8582 = DIRECTION('',(-1.,0.,0.));
#8583 = PCURVE('',#3362,#8584);
#8584 = DEFINITIONAL_REPRESENTATION('',(#8585),#8589);
#8585 = LINE('',#8586,#8587);
#8586 = CARTESIAN_POINT('',(-0.,1.570796326795));
#8587 = VECTOR('',#8588,1.);
#8588 = DIRECTION('',(-1.,0.));
#8589 = ( GEOMETRIC_REPRESENTATION_CONTEXT(2) 
PARAMETRIC_REPRESENTATION_CONTEXT() REPRESENTATION_CONTEXT('2D SPACE',''
  ) );
#8590 = PCURVE('',#7226,#8591);
#8591 = DEFINITIONAL_REPRESENTATION('',(#8592),#8600);
#8592 = ( BOUNDED_CURVE() B_SPLINE_CURVE(2,(#8593,#8594,#8595,#8596,
#8597,#8598,#8599),.UNSPECIFIED.,.T.,.F.) B_SPLINE_CURVE_WITH_KNOTS((1,2
    ,2,2,2,1),(-2.094395102393,0.,2.094395102393,4.188790204786,
6.28318530718,8.377580409573),.UNSPECIFIED.) CURVE() 
GEOMETRIC_REPRESENTATION_ITEM() RATIONAL_B_SPLINE_CURVE((1.,0.5,1.,0.5,
1.,0.5,1.)) REPRESENTATION_ITEM('') );
#8593 = CARTESIAN_POINT('',(0.8,24.));
#8594 = CARTESIAN_POINT('',(0.8,29.54256258422));
#8595 = CARTESIAN_POINT('',(5.6,26.77128129211));
#8596 = CARTESIAN_POINT('',(10.4,24.));
#8597 = CARTESIAN_POINT('',(5.6,21.22871870789));
#8598 = CARTESIAN_POINT('',(0.8,18.45743741578));
#8599 = CARTESIAN_POINT('',(0.8,24.));
#8600 = ( GEOMETRIC_REPRESENTATION_CONTEXT(2) 
PARAMETRIC_REPRESENTATION_CONTEXT() REPRESENTATION_CONTEXT('2D SPACE',''
  ) );
#8601 = ADVANCED_FACE('',(#8602),#3333,.T.);
#8602 = FACE_BOUND('',#8603,.T.);
#8603 = EDGE_LOOP('',(#8604,#8605,#8626,#8627));
#8604 = ORIENTED_EDGE('',*,*,#3317,.T.);
#8605 = ORIENTED_EDGE('',*,*,#8606,.T.);
#8606 = EDGE_CURVE('',#3318,#5324,#8607,.T.);
#8607 = SURFACE_CURVE('',#8608,(#8612,#8619),.PCURVE_S1.);
#8608 = LINE('',#8609,#8610);
#8609 = CARTESIAN_POINT('',(47.,14.,135.2));
#8610 = VECTOR('',#8611,1.);
#8611 = DIRECTION('',(1.,0.,-0.));
#8612 = PCURVE('',#3333,#8613);
#8613 = DEFINITIONAL_REPRESENTATION('',(#8614),#8618);
#8614 = LINE('',#8615,#8616);
#8615 = CARTESIAN_POINT('',(52.2,4.));
#8616 = VECTOR('',#8617,1.);
#8617 = DIRECTION('',(0.,1.));
#8618 = ( GEOMETRIC_REPRESENTATION_CONTEXT(2) 
PARAMETRIC_REPRESENTATION_CONTEXT() REPRESENTATION_CONTEXT('2D SPACE',''
  ) );
#8619 = PCURVE('',#8565,#8620);
#8620 = DEFINITIONAL_REPRESENTATION('',(#8621),#8625);
#8621 = LINE('',#8622,#8623);
#8622 = CARTESIAN_POINT('',(0.,0.));
#8623 = VECTOR('',#8624,1.);
#8624 = DIRECTION('',(0.,1.));
#8625 = ( GEOMETRIC_REPRESENTATION_CONTEXT(2) 
PARAMETRIC_REPRESENTATION_CONTEXT() REPRESENTATION_CONTEXT('2D SPACE',''
  ) );
#8626 = ORIENTED_EDGE('',*,*,#5323,.F.);
#8627 = ORIENTED_EDGE('',*,*,#8628,.F.);
#8628 = EDGE_CURVE('',#3289,#5295,#8629,.T.);
#8629 = SURFACE_CURVE('',#8630,(#8634,#8641),.PCURVE_S1.);
#8630 = LINE('',#8631,#8632);
#8631 = CARTESIAN_POINT('',(47.,14.,83.8));
#8632 = VECTOR('',#8633,1.);
#8633 = DIRECTION('',(1.,0.,-0.));
#8634 = PCURVE('',#3333,#8635);
#8635 = DEFINITIONAL_REPRESENTATION('',(#8636),#8640);
#8636 = LINE('',#8637,#8638);
#8637 = CARTESIAN_POINT('',(0.8,4.));
#8638 = VECTOR('',#8639,1.);
#8639 = DIRECTION('',(0.,1.));
#8640 = ( GEOMETRIC_REPRESENTATION_CONTEXT(2) 
PARAMETRIC_REPRESENTATION_CONTEXT() REPRESENTATION_CONTEXT('2D SPACE',''
  ) );
#8641 = PCURVE('',#8642,#8647);
#8642 = CYLINDRICAL_SURFACE('',#8643,0.8);
#8643 = AXIS2_PLACEMENT_3D('',#8644,#8645,#8646);
#8644 = CARTESIAN_POINT('',(47.,13.2,83.8));
#8645 = DIRECTION('',(1.,0.,-0.));
#8646 = DIRECTION('',(0.,1.,0.));
#8647 = DEFINITIONAL_REPRESENTATION('',(#8648),#8652);
#8648 = LINE('',#8649,#8650);
#8649 = CARTESIAN_POINT('',(-0.,0.));
#8650 = VECTOR('',#8651,1.);
#8651 = DIRECTION('',(-0.,1.));
#8652 = ( GEOMETRIC_REPRESENTATION_CONTEXT(2) 
PARAMETRIC_REPRESENTATION_CONTEXT() REPRESENTATION_CONTEXT('2D SPACE',''
  ) );
#8653 = ADVANCED_FACE('',(#8654),#3305,.T.);
#8654 = FACE_BOUND('',#8655,.T.);
#8655 = EDGE_LOOP('',(#8656,#8657,#8843,#8844,#8866));
#8656 = ORIENTED_EDGE('',*,*,#3449,.F.);
#8657 = ORIENTED_EDGE('',*,*,#8658,.F.);
#8658 = EDGE_CURVE('',#3256,#3450,#8659,.T.);
#8659 = SURFACE_CURVE('',#8660,(#8719,#8781),.PCURVE_S1.);
#8660 = B_SPLINE_CURVE_WITH_KNOTS('',8,(#8661,#8662,#8663,#8664,#8665,
    #8666,#8667,#8668,#8669,#8670,#8671,#8672,#8673,#8674,#8675,#8676,
    #8677,#8678,#8679,#8680,#8681,#8682,#8683,#8684,#8685,#8686,#8687,
    #8688,#8689,#8690,#8691,#8692,#8693,#8694,#8695,#8696,#8697,#8698,
    #8699,#8700,#8701,#8702,#8703,#8704,#8705,#8706,#8707,#8708,#8709,
    #8710,#8711,#8712,#8713,#8714,#8715,#8716,#8717,#8718),
  .UNSPECIFIED.,.F.,.F.,(9,7,7,7,7,7,7,7,9),(0.,5.610714457351E-02,
    9.03198829592E-02,0.163939738816,0.268509988817,0.320300252701,
    0.41798486366,0.544124979785,1.),.UNSPECIFIED.);
#8661 = CARTESIAN_POINT('',(43.304516129032,11.530816435572,83.8));
#8662 = CARTESIAN_POINT('',(43.307495758728,11.538009442667,
    83.789959943417));
#8663 = CARTESIAN_POINT('',(43.310505146296,11.544852879289,
    83.779819615741));
#8664 = CARTESIAN_POINT('',(43.313542741769,11.551335938862,
    83.769584239692));
#8665 = CARTESIAN_POINT('',(43.316606817964,11.557448132928,
    83.759259635121));
#8666 = CARTESIAN_POINT('',(43.319695470488,11.563179291147,
    83.748852219009));
#8667 = CARTESIAN_POINT('',(43.322806617732,11.5685195613,
    83.738369005468));
#8668 = CARTESIAN_POINT('',(43.325938000877,11.573459409286,
    83.727817605739));
#8669 = CARTESIAN_POINT('',(43.331007477204,11.580752028175,
    83.710735674638));
#8670 = CARTESIAN_POINT('',(43.332934389028,11.583362181967,
    83.70424281958));
#8671 = CARTESIAN_POINT('',(43.334867362763,11.585818022706,
    83.697729538514));
#8672 = CARTESIAN_POINT('',(43.336805820648,11.588117600763,
    83.691197778252));
#8673 = CARTESIAN_POINT('',(43.338749163753,11.590259074671,
    83.684649556919));
#8674 = CARTESIAN_POINT('',(43.340696771986,11.59224071113,
    83.678086963961));
#8675 = CARTESIAN_POINT('',(43.342648004088,11.594060885002,
    83.67151216014));
#8676 = CARTESIAN_POINT('',(43.348807281884,11.599284072926,
    83.650758071911));
#8677 = CARTESIAN_POINT('',(43.353026262267,11.602095606196,
    83.636541942361));
#8678 = CARTESIAN_POINT('',(43.357252335905,11.60413754663,
    83.622301911624));
#8679 = CARTESIAN_POINT('',(43.361478503973,11.605397928501,
    83.608061562698));
#8680 = CARTESIAN_POINT('',(43.365697610069,11.605868242564,
    83.593845009551));
#8681 = CARTESIAN_POINT('',(43.369902378584,11.605543725765,
    83.579676767816));
#8682 = CARTESIAN_POINT('',(43.374085453075,11.604423650951,
    83.565581625509));
#8683 = CARTESIAN_POINT('',(43.384139784282,11.599795747215,
    83.531702900789));
#8684 = CARTESIAN_POINT('',(43.389982507574,11.595481461456,
    83.512015463608));
#8685 = CARTESIAN_POINT('',(43.395745760838,11.589578931037,
    83.492595805871));
#8686 = CARTESIAN_POINT('',(43.401409919014,11.582115341464,
    83.473510055497));
#8687 = CARTESIAN_POINT('',(43.406957575166,11.573132796874,
    83.454816866288));
#8688 = CARTESIAN_POINT('',(43.412373539996,11.562686224896,
    83.436567419579));
#8689 = CARTESIAN_POINT('',(43.417644841348,11.550841281504,
    83.418805425892));
#8690 = CARTESIAN_POINT('',(43.425294454857,11.531150063268,
    83.393029554285));
#8691 = CARTESIAN_POINT('',(43.427790260643,11.524302491918,
    83.384619773922));
#8692 = CARTESIAN_POINT('',(43.430246969518,11.517138361724,
    83.376341733145));
#8693 = CARTESIAN_POINT('',(43.432663567968,11.509666631706,
    83.368198847064));
#8694 = CARTESIAN_POINT('',(43.435039200519,11.501896400009,
    83.360193998252));
#8695 = CARTESIAN_POINT('',(43.43737316974,11.49383690391,
    83.352329536746));
#8696 = CARTESIAN_POINT('',(43.439664936245,11.485497519811,
    83.344607280045));
#8697 = CARTESIAN_POINT('',(43.446156431735,11.460648403607,
    83.322733762634));
#8698 = CARTESIAN_POINT('',(43.450247109567,11.443447188104,
    83.308949956895));
#8699 = CARTESIAN_POINT('',(43.454183689794,11.425346387383,
    83.295685393085));
#8700 = CARTESIAN_POINT('',(43.457965373692,11.406407442106,
    83.28294276256));
#8701 = CARTESIAN_POINT('',(43.461592786686,11.386689956347,
    83.270719957907));
#8702 = CARTESIAN_POINT('',(43.465067738834,11.366250690997,
    83.259010880017));
#8703 = CARTESIAN_POINT('',(43.468392985311,11.345142557169,
    83.247806245149));
#8704 = CARTESIAN_POINT('',(43.475677030913,11.295355024496,
    83.223262178447));
#8705 = CARTESIAN_POINT('',(43.479537837765,11.266263942465,
    83.210252937966));
#8706 = CARTESIAN_POINT('',(43.4831623369,11.236242321633,
    83.198039951752));
#8707 = CARTESIAN_POINT('',(43.486559638111,11.205383613322,
    83.186592523756));
#8708 = CARTESIAN_POINT('',(43.489739720103,11.17377221583,
    83.175877030088));
#8709 = CARTESIAN_POINT('',(43.492713119057,11.141482928228,
    83.165857968396));
#8710 = CARTESIAN_POINT('',(43.4954906172,11.108580404146,83.15649900726
    ));
#8711 = CARTESIAN_POINT('',(43.507451650179,10.954186434451,
    83.116195526571));
#8712 = CARTESIAN_POINT('',(43.514373502185,10.826316909402,
    83.092871894811));
#8713 = CARTESIAN_POINT('',(43.519419090309,10.693630012365,
    83.075870456568));
#8714 = CARTESIAN_POINT('',(43.522986911173,10.55763301921,
    83.063848451482));
#8715 = CARTESIAN_POINT('',(43.52543511759,10.419548708133,
    83.055599060295));
#8716 = CARTESIAN_POINT('',(43.526986577442,10.280237473561,
    83.050371315143));
#8717 = CARTESIAN_POINT('',(43.527766235182,10.140299884454,
    83.047744207538));
#8718 = CARTESIAN_POINT('',(43.527766235182,10.,83.047744207538));
#8719 = PCURVE('',#3305,#8720);
#8720 = DEFINITIONAL_REPRESENTATION('',(#8721),#8780);
#8721 = B_SPLINE_CURVE_WITH_KNOTS('',8,(#8722,#8723,#8724,#8725,#8726,
    #8727,#8728,#8729,#8730,#8731,#8732,#8733,#8734,#8735,#8736,#8737,
    #8738,#8739,#8740,#8741,#8742,#8743,#8744,#8745,#8746,#8747,#8748,
    #8749,#8750,#8751,#8752,#8753,#8754,#8755,#8756,#8757,#8758,#8759,
    #8760,#8761,#8762,#8763,#8764,#8765,#8766,#8767,#8768,#8769,#8770,
    #8771,#8772,#8773,#8774,#8775,#8776,#8777,#8778,#8779),
  .UNSPECIFIED.,.F.,.F.,(9,7,7,7,7,7,7,7,9),(0.,5.610714457351E-02,
    9.03198829592E-02,0.163939738816,0.268509988817,0.320300252701,
    0.41798486366,0.544124979785,1.),.UNSPECIFIED.);
#8722 = CARTESIAN_POINT('',(0.392721461915,0.));
#8723 = CARTESIAN_POINT('',(0.394667893653,1.255007072886E-02));
#8724 = CARTESIAN_POINT('',(0.396536426913,2.52254594558E-02));
#8725 = CARTESIAN_POINT('',(0.398324721071,3.802268871752E-02));
#8726 = CARTESIAN_POINT('',(0.400030460542,5.093775424626E-02));
#8727 = CARTESIAN_POINT('',(0.401651354786,6.396612496988E-02));
#8728 = CARTESIAN_POINT('',(0.4031851383,7.710274301181E-02));
#8729 = CARTESIAN_POINT('',(0.404629570626,9.034202369109E-02));
#8730 = CARTESIAN_POINT('',(0.406807380142,0.1118097134));
#8731 = CARTESIAN_POINT('',(0.407598287994,0.119977457978));
#8732 = CARTESIAN_POINT('',(0.408354662639,0.12817968134));
#8733 = CARTESIAN_POINT('',(0.409076022841,0.136414900437));
#8734 = CARTESIAN_POINT('',(0.409761903389,0.144681557085));
#8735 = CARTESIAN_POINT('',(0.410411855098,0.152978017965));
#8736 = CARTESIAN_POINT('',(0.411025444808,0.161302574624));
#8737 = CARTESIAN_POINT('',(0.412843451307,0.187623059185));
#8738 = CARTESIAN_POINT('',(0.413914405215,0.205715281231));
#8739 = CARTESIAN_POINT('',(0.414810936667,0.223911364945));
#8740 = CARTESIAN_POINT('',(0.415529399572,0.242191882456));
#8741 = CARTESIAN_POINT('',(0.416066753356,0.260536607139));
#8742 = CARTESIAN_POINT('',(0.416420634135,0.278924398062));
#8743 = CARTESIAN_POINT('',(0.416589425884,0.297333084436));
#8744 = CARTESIAN_POINT('',(0.416548050767,0.341883761447));
#8745 = CARTESIAN_POINT('',(0.416148702813,0.368027932514));
#8746 = CARTESIAN_POINT('',(0.415371960981,0.394102565569));
#8747 = CARTESIAN_POINT('',(0.414218939917,0.420043552824));
#8748 = CARTESIAN_POINT('',(0.412693904573,0.44579140071));
#8749 = CARTESIAN_POINT('',(0.410803979091,0.47129065419));
#8750 = CARTESIAN_POINT('',(0.408558855695,0.496489321076));
#8751 = CARTESIAN_POINT('',(0.404688576455,0.533645190383));
#8752 = CARTESIAN_POINT('',(0.403322344742,0.545867315238));
#8753 = CARTESIAN_POINT('',(0.401873219738,0.557999373256));
#8754 = CARTESIAN_POINT('',(0.400342672885,0.570036468443));
#8755 = CARTESIAN_POINT('',(0.398732235764,0.58197410646));
#8756 = CARTESIAN_POINT('',(0.397043500092,0.593808194624));
#8757 = CARTESIAN_POINT('',(0.395278117724,0.605535041909));
#8758 = CARTESIAN_POINT('',(0.389966672236,0.639061566104));
#8759 = CARTESIAN_POINT('',(0.386228971834,0.660577954615));
#8760 = CARTESIAN_POINT('',(0.382235852976,0.681679323577));
#8761 = CARTESIAN_POINT('',(0.377998723759,0.702348772018));
#8762 = CARTESIAN_POINT('',(0.373529003685,0.722573274816));
#8763 = CARTESIAN_POINT('',(0.368837880499,0.742343258628));
#8764 = CARTESIAN_POINT('',(0.363936067021,0.761652177813));
#8765 = CARTESIAN_POINT('',(0.352244689209,0.804829230382));
#8766 = CARTESIAN_POINT('',(0.345321799072,0.828384785244));
#8767 = CARTESIAN_POINT('',(0.338085996382,0.851156530256));
#8768 = CARTESIAN_POINT('',(0.330557490752,0.873141301354));
#8769 = CARTESIAN_POINT('',(0.32275532586,0.894338707728));
#8770 = CARTESIAN_POINT('',(0.314697112724,0.914750844447));
#8771 = CARTESIAN_POINT('',(0.306398762967,0.934382005093));
#8772 = CARTESIAN_POINT('',(0.267066217758,1.021386078992));
#8773 = CARTESIAN_POINT('',(0.233397351142,1.079207858622));
#8774 = CARTESIAN_POINT('',(0.197427168745,1.127377661389));
#8775 = CARTESIAN_POINT('',(0.159653622376,1.165862370281));
#8776 = CARTESIAN_POINT('',(0.120592259332,1.194711343198));
#8777 = CARTESIAN_POINT('',(8.070813137558E-02,1.213919400778));
#8778 = CARTESIAN_POINT('',(4.040623240166E-02,1.223568694966));
#8779 = CARTESIAN_POINT('',(0.,1.223568694966));
#8780 = ( GEOMETRIC_REPRESENTATION_CONTEXT(2) 
PARAMETRIC_REPRESENTATION_CONTEXT() REPRESENTATION_CONTEXT('2D SPACE',''
  ) );
#8781 = PCURVE('',#3276,#8782);
#8782 = DEFINITIONAL_REPRESENTATION('',(#8783),#8842);
#8783 = B_SPLINE_CURVE_WITH_KNOTS('',8,(#8784,#8785,#8786,#8787,#8788,
    #8789,#8790,#8791,#8792,#8793,#8794,#8795,#8796,#8797,#8798,#8799,
    #8800,#8801,#8802,#8803,#8804,#8805,#8806,#8807,#8808,#8809,#8810,
    #8811,#8812,#8813,#8814,#8815,#8816,#8817,#8818,#8819,#8820,#8821,
    #8822,#8823,#8824,#8825,#8826,#8827,#8828,#8829,#8830,#8831,#8832,
    #8833,#8834,#8835,#8836,#8837,#8838,#8839,#8840,#8841),
  .UNSPECIFIED.,.F.,.F.,(9,7,7,7,7,7,7,7,9),(0.,5.610714457351E-02,
    9.03198829592E-02,0.163939738816,0.268509988817,0.320300252701,
    0.41798486366,0.544124979785,1.),.UNSPECIFIED.);
#8784 = CARTESIAN_POINT('',(30.563073139824,-2.469183564428));
#8785 = CARTESIAN_POINT('',(30.552600273487,-2.461990557333));
#8786 = CARTESIAN_POINT('',(30.542022813541,-2.455147120711));
#8787 = CARTESIAN_POINT('',(30.531346207848,-2.448664061138));
#8788 = CARTESIAN_POINT('',(30.520576527144,-2.442551867072));
#8789 = CARTESIAN_POINT('',(30.509720465034,-2.436820708853));
#8790 = CARTESIAN_POINT('',(30.498785337997,-2.4314804387));
#8791 = CARTESIAN_POINT('',(30.487779085381,-2.426540590714));
#8792 = CARTESIAN_POINT('',(30.469960781298,-2.419247971825));
#8793 = CARTESIAN_POINT('',(30.463188030308,-2.416637818033));
#8794 = CARTESIAN_POINT('',(30.456393972779,-2.414181977294));
#8795 = CARTESIAN_POINT('',(30.449580639447,-2.411882399237));
#8796 = CARTESIAN_POINT('',(30.442750135435,-2.409740925329));
#8797 = CARTESIAN_POINT('',(30.435904640263,-2.40775928887));
#8798 = CARTESIAN_POINT('',(30.429046407837,-2.405939114998));
#8799 = CARTESIAN_POINT('',(30.407397646183,-2.400715927074));
#8800 = CARTESIAN_POINT('',(30.392568683479,-2.397904393804));
#8801 = CARTESIAN_POINT('',(30.377714789249,-2.39586245337));
#8802 = CARTESIAN_POINT('',(30.362860563115,-2.394602071499));
#8803 = CARTESIAN_POINT('',(30.348031158553,-2.394131757436));
#8804 = CARTESIAN_POINT('',(30.333252148028,-2.394456274235));
#8805 = CARTESIAN_POINT('',(30.318549388122,-2.395576349049));
#8806 = CARTESIAN_POINT('',(30.283210209231,-2.400204252785));
#8807 = CARTESIAN_POINT('',(30.262674080135,-2.404518538544));
#8808 = CARTESIAN_POINT('',(30.242417274,-2.410421068963));
#8809 = CARTESIAN_POINT('',(30.222508769406,-2.417884658536));
#8810 = CARTESIAN_POINT('',(30.203009748621,-2.426867203126));
#8811 = CARTESIAN_POINT('',(30.18397359932,-2.437313775104));
#8812 = CARTESIAN_POINT('',(30.16544591631,-2.449158718496));
#8813 = CARTESIAN_POINT('',(30.138558890741,-2.468849936732));
#8814 = CARTESIAN_POINT('',(30.129786579058,-2.475697508082));
#8815 = CARTESIAN_POINT('',(30.12115168603,-2.482861638276));
#8816 = CARTESIAN_POINT('',(30.112657773987,-2.490333368294));
#8817 = CARTESIAN_POINT('',(30.104307849765,-2.498103599991));
#8818 = CARTESIAN_POINT('',(30.096104364706,-2.50616309609));
#8819 = CARTESIAN_POINT('',(30.088049214659,-2.514502480189));
#8820 = CARTESIAN_POINT('',(30.065232767135,-2.539351596393));
#8821 = CARTESIAN_POINT('',(30.050854764987,-2.556552811896));
#8822 = CARTESIAN_POINT('',(30.037018388404,-2.574653612617));
#8823 = CARTESIAN_POINT('',(30.023726444761,-2.593592557894));
#8824 = CARTESIAN_POINT('',(30.010976735799,-2.613310043653));
#8825 = CARTESIAN_POINT('',(29.998762899487,-2.633749309003));
#8826 = CARTESIAN_POINT('',(29.987075251877,-2.654857442831));
#8827 = CARTESIAN_POINT('',(29.961473132226,-2.704644975504));
#8828 = CARTESIAN_POINT('',(29.947903085527,-2.733736057535));
#8829 = CARTESIAN_POINT('',(29.935163618259,-2.763757678367));
#8830 = CARTESIAN_POINT('',(29.923222711123,-2.794616386678));
#8831 = CARTESIAN_POINT('',(29.912045290757,-2.82622778417));
#8832 = CARTESIAN_POINT('',(29.901594324366,-2.858517071772));
#8833 = CARTESIAN_POINT('',(29.891831914342,-2.891419595854));
#8834 = CARTESIAN_POINT('',(29.849791019185,-3.045813565549));
#8835 = CARTESIAN_POINT('',(29.825461945349,-3.173683090598));
#8836 = CARTESIAN_POINT('',(29.807727604035,-3.306369987635));
#8837 = CARTESIAN_POINT('',(29.795187350768,-3.44236698079));
#8838 = CARTESIAN_POINT('',(29.786582342366,-3.580451291867));
#8839 = CARTESIAN_POINT('',(29.781129238015,-3.719762526439));
#8840 = CARTESIAN_POINT('',(29.778388880272,-3.859700115546));
#8841 = CARTESIAN_POINT('',(29.778388880272,-4.));
#8842 = ( GEOMETRIC_REPRESENTATION_CONTEXT(2) 
PARAMETRIC_REPRESENTATION_CONTEXT() REPRESENTATION_CONTEXT('2D SPACE',''
  ) );
#8843 = ORIENTED_EDGE('',*,*,#3288,.T.);
#8844 = ORIENTED_EDGE('',*,*,#8845,.T.);
#8845 = EDGE_CURVE('',#3289,#8846,#8848,.T.);
#8846 = VERTEX_POINT('',#8847);
#8847 = CARTESIAN_POINT('',(47.,13.2,83.));
#8848 = SURFACE_CURVE('',#8849,(#8854,#8860),.PCURVE_S1.);
#8849 = CIRCLE('',#8850,0.8);
#8850 = AXIS2_PLACEMENT_3D('',#8851,#8852,#8853);
#8851 = CARTESIAN_POINT('',(47.,13.2,83.8));
#8852 = DIRECTION('',(-1.,-6.123233995737E-17,0.));
#8853 = DIRECTION('',(-6.123233995737E-17,1.,0.));
#8854 = PCURVE('',#3305,#8855);
#8855 = DEFINITIONAL_REPRESENTATION('',(#8856),#8859);
#8856 = B_SPLINE_CURVE_WITH_KNOTS('',1,(#8857,#8858),.UNSPECIFIED.,.F.,
  .F.,(2,2),(0.,1.570796326795),.PIECEWISE_BEZIER_KNOTS.);
#8857 = CARTESIAN_POINT('',(1.570796326795,0.));
#8858 = CARTESIAN_POINT('',(1.570796326795,1.570796326795));
#8859 = ( GEOMETRIC_REPRESENTATION_CONTEXT(2) 
PARAMETRIC_REPRESENTATION_CONTEXT() REPRESENTATION_CONTEXT('2D SPACE',''
  ) );
#8860 = PCURVE('',#8642,#8861);
#8861 = DEFINITIONAL_REPRESENTATION('',(#8862),#8865);
#8862 = B_SPLINE_CURVE_WITH_KNOTS('',1,(#8863,#8864),.UNSPECIFIED.,.F.,
  .F.,(2,2),(0.,1.570796326795),.PIECEWISE_BEZIER_KNOTS.);
#8863 = CARTESIAN_POINT('',(0.,0.));
#8864 = CARTESIAN_POINT('',(-1.570796326795,0.));
#8865 = ( GEOMETRIC_REPRESENTATION_CONTEXT(2) 
PARAMETRIC_REPRESENTATION_CONTEXT() REPRESENTATION_CONTEXT('2D SPACE',''
  ) );
#8866 = ORIENTED_EDGE('',*,*,#8867,.F.);
#8867 = EDGE_CURVE('',#3422,#8846,#8868,.T.);
#8868 = SURFACE_CURVE('',#8869,(#8874,#8881),.PCURVE_S1.);
#8869 = CIRCLE('',#8870,3.2);
#8870 = AXIS2_PLACEMENT_3D('',#8871,#8872,#8873);
#8871 = CARTESIAN_POINT('',(47.,10.,83.));
#8872 = DIRECTION('',(-0.,0.,-1.));
#8873 = DIRECTION('',(-1.,0.,0.));
#8874 = PCURVE('',#3305,#8875);
#8875 = DEFINITIONAL_REPRESENTATION('',(#8876),#8880);
#8876 = LINE('',#8877,#8878);
#8877 = CARTESIAN_POINT('',(0.,1.570796326795));
#8878 = VECTOR('',#8879,1.);
#8879 = DIRECTION('',(1.,0.));
#8880 = ( GEOMETRIC_REPRESENTATION_CONTEXT(2) 
PARAMETRIC_REPRESENTATION_CONTEXT() REPRESENTATION_CONTEXT('2D SPACE',''
  ) );
#8881 = PCURVE('',#3437,#8882);
#8882 = DEFINITIONAL_REPRESENTATION('',(#8883),#8891);
#8883 = ( BOUNDED_CURVE() B_SPLINE_CURVE(2,(#8884,#8885,#8886,#8887,
#8888,#8889,#8890),.UNSPECIFIED.,.T.,.F.) B_SPLINE_CURVE_WITH_KNOTS((1,2
    ,2,2,2,1),(-2.094395102393,0.,2.094395102393,4.188790204786,
6.28318530718,8.377580409573),.UNSPECIFIED.) CURVE() 
GEOMETRIC_REPRESENTATION_ITEM() RATIONAL_B_SPLINE_CURVE((1.,0.5,1.,0.5,
1.,0.5,1.)) REPRESENTATION_ITEM('') );
#8884 = CARTESIAN_POINT('',(0.8,24.));
#8885 = CARTESIAN_POINT('',(0.8,29.54256258422));
#8886 = CARTESIAN_POINT('',(5.6,26.77128129211));
#8887 = CARTESIAN_POINT('',(10.4,24.));
#8888 = CARTESIAN_POINT('',(5.6,21.22871870789));
#8889 = CARTESIAN_POINT('',(0.8,18.45743741578));
#8890 = CARTESIAN_POINT('',(0.8,24.));
#8891 = ( GEOMETRIC_REPRESENTATION_CONTEXT(2) 
PARAMETRIC_REPRESENTATION_CONTEXT() REPRESENTATION_CONTEXT('2D SPACE',''
  ) );
#8892 = ADVANCED_FACE('',(#8893),#3276,.T.);
#8893 = FACE_BOUND('',#8894,.T.);
#8894 = EDGE_LOOP('',(#8895,#8896,#8897));
#8895 = ORIENTED_EDGE('',*,*,#8658,.T.);
#8896 = ORIENTED_EDGE('',*,*,#3498,.T.);
#8897 = ORIENTED_EDGE('',*,*,#3255,.T.);
#8898 = ADVANCED_FACE('',(#8899,#9027),#3437,.F.);
#8899 = FACE_BOUND('',#8900,.F.);
#8900 = EDGE_LOOP('',(#8901,#8902,#8903,#8926,#8954,#8977,#9005,#9026));
#8901 = ORIENTED_EDGE('',*,*,#3421,.F.);
#8902 = ORIENTED_EDGE('',*,*,#7507,.F.);
#8903 = ORIENTED_EDGE('',*,*,#8904,.F.);
#8904 = EDGE_CURVE('',#8905,#7298,#8907,.T.);
#8905 = VERTEX_POINT('',#8906);
#8906 = CARTESIAN_POINT('',(64.,-13.2,83.));
#8907 = SURFACE_CURVE('',#8908,(#8912,#8919),.PCURVE_S1.);
#8908 = LINE('',#8909,#8910);
#8909 = CARTESIAN_POINT('',(64.,-13.2,83.));
#8910 = VECTOR('',#8911,1.);
#8911 = DIRECTION('',(-1.,-0.,0.));
#8912 = PCURVE('',#3437,#8913);
#8913 = DEFINITIONAL_REPRESENTATION('',(#8914),#8918);
#8914 = LINE('',#8915,#8916);
#8915 = CARTESIAN_POINT('',(21.,0.8));
#8916 = VECTOR('',#8917,1.);
#8917 = DIRECTION('',(-1.,0.));
#8918 = ( GEOMETRIC_REPRESENTATION_CONTEXT(2) 
PARAMETRIC_REPRESENTATION_CONTEXT() REPRESENTATION_CONTEXT('2D SPACE',''
  ) );
#8919 = PCURVE('',#7282,#8920);
#8920 = DEFINITIONAL_REPRESENTATION('',(#8921),#8925);
#8921 = LINE('',#8922,#8923);
#8922 = CARTESIAN_POINT('',(-1.570796326795,0.));
#8923 = VECTOR('',#8924,1.);
#8924 = DIRECTION('',(-0.,1.));
#8925 = ( GEOMETRIC_REPRESENTATION_CONTEXT(2) 
PARAMETRIC_REPRESENTATION_CONTEXT() REPRESENTATION_CONTEXT('2D SPACE',''
  ) );
#8926 = ORIENTED_EDGE('',*,*,#8927,.F.);
#8927 = EDGE_CURVE('',#8928,#8905,#8930,.T.);
#8928 = VERTEX_POINT('',#8929);
#8929 = CARTESIAN_POINT('',(67.2,-10.,83.));
#8930 = SURFACE_CURVE('',#8931,(#8936,#8947),.PCURVE_S1.);
#8931 = CIRCLE('',#8932,3.2);
#8932 = AXIS2_PLACEMENT_3D('',#8933,#8934,#8935);
#8933 = CARTESIAN_POINT('',(64.,-10.,83.));
#8934 = DIRECTION('',(0.,-0.,-1.));
#8935 = DIRECTION('',(1.,0.,-0.));
#8936 = PCURVE('',#3437,#8937);
#8937 = DEFINITIONAL_REPRESENTATION('',(#8938),#8946);
#8938 = ( BOUNDED_CURVE() B_SPLINE_CURVE(2,(#8939,#8940,#8941,#8942,
#8943,#8944,#8945),.UNSPECIFIED.,.T.,.F.) B_SPLINE_CURVE_WITH_KNOTS((1,2
    ,2,2,2,1),(-2.094395102393,0.,2.094395102393,4.188790204786,
6.28318530718,8.377580409573),.UNSPECIFIED.) CURVE() 
GEOMETRIC_REPRESENTATION_ITEM() RATIONAL_B_SPLINE_CURVE((1.,0.5,1.,0.5,
1.,0.5,1.)) REPRESENTATION_ITEM('') );
#8939 = CARTESIAN_POINT('',(24.2,4.));
#8940 = CARTESIAN_POINT('',(24.2,-1.54256258422));
#8941 = CARTESIAN_POINT('',(19.4,1.22871870789));
#8942 = CARTESIAN_POINT('',(14.6,4.));
#8943 = CARTESIAN_POINT('',(19.4,6.77128129211));
#8944 = CARTESIAN_POINT('',(24.2,9.54256258422));
#8945 = CARTESIAN_POINT('',(24.2,4.));
#8946 = ( GEOMETRIC_REPRESENTATION_CONTEXT(2) 
PARAMETRIC_REPRESENTATION_CONTEXT() REPRESENTATION_CONTEXT('2D SPACE',''
  ) );
#8947 = PCURVE('',#4679,#8948);
#8948 = DEFINITIONAL_REPRESENTATION('',(#8949),#8953);
#8949 = LINE('',#8950,#8951);
#8950 = CARTESIAN_POINT('',(0.,1.570796326795));
#8951 = VECTOR('',#8952,1.);
#8952 = DIRECTION('',(1.,0.));
#8953 = ( GEOMETRIC_REPRESENTATION_CONTEXT(2) 
PARAMETRIC_REPRESENTATION_CONTEXT() REPRESENTATION_CONTEXT('2D SPACE',''
  ) );
#8954 = ORIENTED_EDGE('',*,*,#8955,.F.);
#8955 = EDGE_CURVE('',#8956,#8928,#8958,.T.);
#8956 = VERTEX_POINT('',#8957);
#8957 = CARTESIAN_POINT('',(67.2,10.,83.));
#8958 = SURFACE_CURVE('',#8959,(#8963,#8970),.PCURVE_S1.);
#8959 = LINE('',#8960,#8961);
#8960 = CARTESIAN_POINT('',(67.2,10.,83.));
#8961 = VECTOR('',#8962,1.);
#8962 = DIRECTION('',(0.,-1.,-0.));
#8963 = PCURVE('',#3437,#8964);
#8964 = DEFINITIONAL_REPRESENTATION('',(#8965),#8969);
#8965 = LINE('',#8966,#8967);
#8966 = CARTESIAN_POINT('',(24.2,24.));
#8967 = VECTOR('',#8968,1.);
#8968 = DIRECTION('',(0.,-1.));
#8969 = ( GEOMETRIC_REPRESENTATION_CONTEXT(2) 
PARAMETRIC_REPRESENTATION_CONTEXT() REPRESENTATION_CONTEXT('2D SPACE',''
  ) );
#8970 = PCURVE('',#3970,#8971);
#8971 = DEFINITIONAL_REPRESENTATION('',(#8972),#8976);
#8972 = LINE('',#8973,#8974);
#8973 = CARTESIAN_POINT('',(-1.570796326795,0.));
#8974 = VECTOR('',#8975,1.);
#8975 = DIRECTION('',(-0.,1.));
#8976 = ( GEOMETRIC_REPRESENTATION_CONTEXT(2) 
PARAMETRIC_REPRESENTATION_CONTEXT() REPRESENTATION_CONTEXT('2D SPACE',''
  ) );
#8977 = ORIENTED_EDGE('',*,*,#8978,.F.);
#8978 = EDGE_CURVE('',#8979,#8956,#8981,.T.);
#8979 = VERTEX_POINT('',#8980);
#8980 = CARTESIAN_POINT('',(64.,13.2,83.));
#8981 = SURFACE_CURVE('',#8982,(#8987,#8998),.PCURVE_S1.);
#8982 = CIRCLE('',#8983,3.2);
#8983 = AXIS2_PLACEMENT_3D('',#8984,#8985,#8986);
#8984 = CARTESIAN_POINT('',(64.,10.,83.));
#8985 = DIRECTION('',(0.,-0.,-1.));
#8986 = DIRECTION('',(0.,1.,-0.));
#8987 = PCURVE('',#3437,#8988);
#8988 = DEFINITIONAL_REPRESENTATION('',(#8989),#8997);
#8989 = ( BOUNDED_CURVE() B_SPLINE_CURVE(2,(#8990,#8991,#8992,#8993,
#8994,#8995,#8996),.UNSPECIFIED.,.T.,.F.) B_SPLINE_CURVE_WITH_KNOTS((1,2
    ,2,2,2,1),(-2.094395102393,0.,2.094395102393,4.188790204786,
6.28318530718,8.377580409573),.UNSPECIFIED.) CURVE() 
GEOMETRIC_REPRESENTATION_ITEM() RATIONAL_B_SPLINE_CURVE((1.,0.5,1.,0.5,
1.,0.5,1.)) REPRESENTATION_ITEM('') );
#8990 = CARTESIAN_POINT('',(21.,27.2));
#8991 = CARTESIAN_POINT('',(26.54256258422,27.2));
#8992 = CARTESIAN_POINT('',(23.77128129211,22.4));
#8993 = CARTESIAN_POINT('',(21.,17.6));
#8994 = CARTESIAN_POINT('',(18.22871870789,22.4));
#8995 = CARTESIAN_POINT('',(15.45743741578,27.2));
#8996 = CARTESIAN_POINT('',(21.,27.2));
#8997 = ( GEOMETRIC_REPRESENTATION_CONTEXT(2) 
PARAMETRIC_REPRESENTATION_CONTEXT() REPRESENTATION_CONTEXT('2D SPACE',''
  ) );
#8998 = PCURVE('',#5311,#8999);
#8999 = DEFINITIONAL_REPRESENTATION('',(#9000),#9004);
#9000 = LINE('',#9001,#9002);
#9001 = CARTESIAN_POINT('',(0.,1.570796326795));
#9002 = VECTOR('',#9003,1.);
#9003 = DIRECTION('',(1.,0.));
#9004 = ( GEOMETRIC_REPRESENTATION_CONTEXT(2) 
PARAMETRIC_REPRESENTATION_CONTEXT() REPRESENTATION_CONTEXT('2D SPACE',''
  ) );
#9005 = ORIENTED_EDGE('',*,*,#9006,.F.);
#9006 = EDGE_CURVE('',#8846,#8979,#9007,.T.);
#9007 = SURFACE_CURVE('',#9008,(#9012,#9019),.PCURVE_S1.);
#9008 = LINE('',#9009,#9010);
#9009 = CARTESIAN_POINT('',(47.,13.2,83.));
#9010 = VECTOR('',#9011,1.);
#9011 = DIRECTION('',(1.,0.,-0.));
#9012 = PCURVE('',#3437,#9013);
#9013 = DEFINITIONAL_REPRESENTATION('',(#9014),#9018);
#9014 = LINE('',#9015,#9016);
#9015 = CARTESIAN_POINT('',(4.,27.2));
#9016 = VECTOR('',#9017,1.);
#9017 = DIRECTION('',(1.,0.));
#9018 = ( GEOMETRIC_REPRESENTATION_CONTEXT(2) 
PARAMETRIC_REPRESENTATION_CONTEXT() REPRESENTATION_CONTEXT('2D SPACE',''
  ) );
#9019 = PCURVE('',#8642,#9020);
#9020 = DEFINITIONAL_REPRESENTATION('',(#9021),#9025);
#9021 = LINE('',#9022,#9023);
#9022 = CARTESIAN_POINT('',(-1.570796326795,0.));
#9023 = VECTOR('',#9024,1.);
#9024 = DIRECTION('',(-0.,1.));
#9025 = ( GEOMETRIC_REPRESENTATION_CONTEXT(2) 
PARAMETRIC_REPRESENTATION_CONTEXT() REPRESENTATION_CONTEXT('2D SPACE',''
  ) );
#9026 = ORIENTED_EDGE('',*,*,#8867,.F.);
#9027 = FACE_BOUND('',#9028,.F.);
#9028 = EDGE_LOOP('',(#9029,#9052,#9073,#9094));
#9029 = ORIENTED_EDGE('',*,*,#9030,.T.);
#9030 = EDGE_CURVE('',#9031,#9033,#9035,.T.);
#9031 = VERTEX_POINT('',#9032);
#9032 = CARTESIAN_POINT('',(53.5,-4.,83.));
#9033 = VERTEX_POINT('',#9034);
#9034 = CARTESIAN_POINT('',(44.5,-4.,83.));
#9035 = SURFACE_CURVE('',#9036,(#9040,#9046),.PCURVE_S1.);
#9036 = LINE('',#9037,#9038);
#9037 = CARTESIAN_POINT('',(43.75,-4.,83.));
#9038 = VECTOR('',#9039,1.);
#9039 = DIRECTION('',(-1.,-0.,0.));
#9040 = PCURVE('',#3437,#9041);
#9041 = DEFINITIONAL_REPRESENTATION('',(#9042),#9045);
#9042 = B_SPLINE_CURVE_WITH_KNOTS('',1,(#9043,#9044),.UNSPECIFIED.,.F.,
  .F.,(2,2),(-9.75,-0.75),.PIECEWISE_BEZIER_KNOTS.);
#9043 = CARTESIAN_POINT('',(10.5,10.));
#9044 = CARTESIAN_POINT('',(1.5,10.));
#9045 = ( GEOMETRIC_REPRESENTATION_CONTEXT(2) 
PARAMETRIC_REPRESENTATION_CONTEXT() REPRESENTATION_CONTEXT('2D SPACE',''
  ) );
#9046 = PCURVE('',#5130,#9047);
#9047 = DEFINITIONAL_REPRESENTATION('',(#9048),#9051);
#9048 = B_SPLINE_CURVE_WITH_KNOTS('',1,(#9049,#9050),.UNSPECIFIED.,.F.,
  .F.,(2,2),(-9.75,-0.75),.PIECEWISE_BEZIER_KNOTS.);
#9049 = CARTESIAN_POINT('',(2.,9.));
#9050 = CARTESIAN_POINT('',(2.,0.));
#9051 = ( GEOMETRIC_REPRESENTATION_CONTEXT(2) 
PARAMETRIC_REPRESENTATION_CONTEXT() REPRESENTATION_CONTEXT('2D SPACE',''
  ) );
#9052 = ORIENTED_EDGE('',*,*,#9053,.T.);
#9053 = EDGE_CURVE('',#9033,#9054,#9056,.T.);
#9054 = VERTEX_POINT('',#9055);
#9055 = CARTESIAN_POINT('',(44.5,4.,83.));
#9056 = SURFACE_CURVE('',#9057,(#9061,#9067),.PCURVE_S1.);
#9057 = LINE('',#9058,#9059);
#9058 = CARTESIAN_POINT('',(44.5,-9.,83.));
#9059 = VECTOR('',#9060,1.);
#9060 = DIRECTION('',(-0.,1.,0.));
#9061 = PCURVE('',#3437,#9062);
#9062 = DEFINITIONAL_REPRESENTATION('',(#9063),#9066);
#9063 = B_SPLINE_CURVE_WITH_KNOTS('',1,(#9064,#9065),.UNSPECIFIED.,.F.,
  .F.,(2,2),(5.,13.),.PIECEWISE_BEZIER_KNOTS.);
#9064 = CARTESIAN_POINT('',(1.5,10.));
#9065 = CARTESIAN_POINT('',(1.5,18.));
#9066 = ( GEOMETRIC_REPRESENTATION_CONTEXT(2) 
PARAMETRIC_REPRESENTATION_CONTEXT() REPRESENTATION_CONTEXT('2D SPACE',''
  ) );
#9067 = PCURVE('',#5156,#9068);
#9068 = DEFINITIONAL_REPRESENTATION('',(#9069),#9072);
#9069 = B_SPLINE_CURVE_WITH_KNOTS('',1,(#9070,#9071),.UNSPECIFIED.,.F.,
  .F.,(2,2),(5.,13.),.PIECEWISE_BEZIER_KNOTS.);
#9070 = CARTESIAN_POINT('',(2.,0.));
#9071 = CARTESIAN_POINT('',(2.,-8.));
#9072 = ( GEOMETRIC_REPRESENTATION_CONTEXT(2) 
PARAMETRIC_REPRESENTATION_CONTEXT() REPRESENTATION_CONTEXT('2D SPACE',''
  ) );
#9073 = ORIENTED_EDGE('',*,*,#9074,.F.);
#9074 = EDGE_CURVE('',#9075,#9054,#9077,.T.);
#9075 = VERTEX_POINT('',#9076);
#9076 = CARTESIAN_POINT('',(53.5,4.,83.));
#9077 = SURFACE_CURVE('',#9078,(#9082,#9088),.PCURVE_S1.);
#9078 = LINE('',#9079,#9080);
#9079 = CARTESIAN_POINT('',(43.75,4.,83.));
#9080 = VECTOR('',#9081,1.);
#9081 = DIRECTION('',(-1.,-0.,0.));
#9082 = PCURVE('',#3437,#9083);
#9083 = DEFINITIONAL_REPRESENTATION('',(#9084),#9087);
#9084 = B_SPLINE_CURVE_WITH_KNOTS('',1,(#9085,#9086),.UNSPECIFIED.,.F.,
  .F.,(2,2),(-9.75,-0.75),.PIECEWISE_BEZIER_KNOTS.);
#9085 = CARTESIAN_POINT('',(10.5,18.));
#9086 = CARTESIAN_POINT('',(1.5,18.));
#9087 = ( GEOMETRIC_REPRESENTATION_CONTEXT(2) 
PARAMETRIC_REPRESENTATION_CONTEXT() REPRESENTATION_CONTEXT('2D SPACE',''
  ) );
#9088 = PCURVE('',#5182,#9089);
#9089 = DEFINITIONAL_REPRESENTATION('',(#9090),#9093);
#9090 = B_SPLINE_CURVE_WITH_KNOTS('',1,(#9091,#9092),.UNSPECIFIED.,.F.,
  .F.,(2,2),(-9.75,-0.75),.PIECEWISE_BEZIER_KNOTS.);
#9091 = CARTESIAN_POINT('',(2.,9.));
#9092 = CARTESIAN_POINT('',(2.,0.));
#9093 = ( GEOMETRIC_REPRESENTATION_CONTEXT(2) 
PARAMETRIC_REPRESENTATION_CONTEXT() REPRESENTATION_CONTEXT('2D SPACE',''
  ) );
#9094 = ORIENTED_EDGE('',*,*,#9095,.F.);
#9095 = EDGE_CURVE('',#9031,#9075,#9096,.T.);
#9096 = SURFACE_CURVE('',#9097,(#9101,#9107),.PCURVE_S1.);
#9097 = LINE('',#9098,#9099);
#9098 = CARTESIAN_POINT('',(53.5,-9.,83.));
#9099 = VECTOR('',#9100,1.);
#9100 = DIRECTION('',(-0.,1.,0.));
#9101 = PCURVE('',#3437,#9102);
#9102 = DEFINITIONAL_REPRESENTATION('',(#9103),#9106);
#9103 = B_SPLINE_CURVE_WITH_KNOTS('',1,(#9104,#9105),.UNSPECIFIED.,.F.,
  .F.,(2,2),(5.,13.),.PIECEWISE_BEZIER_KNOTS.);
#9104 = CARTESIAN_POINT('',(10.5,10.));
#9105 = CARTESIAN_POINT('',(10.5,18.));
#9106 = ( GEOMETRIC_REPRESENTATION_CONTEXT(2) 
PARAMETRIC_REPRESENTATION_CONTEXT() REPRESENTATION_CONTEXT('2D SPACE',''
  ) );
#9107 = PCURVE('',#5206,#9108);
#9108 = DEFINITIONAL_REPRESENTATION('',(#9109),#9112);
#9109 = B_SPLINE_CURVE_WITH_KNOTS('',1,(#9110,#9111),.UNSPECIFIED.,.F.,
  .F.,(2,2),(5.,13.),.PIECEWISE_BEZIER_KNOTS.);
#9110 = CARTESIAN_POINT('',(2.,0.));
#9111 = CARTESIAN_POINT('',(2.,-8.));
#9112 = ( GEOMETRIC_REPRESENTATION_CONTEXT(2) 
PARAMETRIC_REPRESENTATION_CONTEXT() REPRESENTATION_CONTEXT('2D SPACE',''
  ) );
#9113 = ADVANCED_FACE('',(#9114),#3759,.F.);
#9114 = FACE_BOUND('',#9115,.T.);
#9115 = EDGE_LOOP('',(#9116,#9139,#9159,#9160));
#9116 = ORIENTED_EDGE('',*,*,#9117,.F.);
#9117 = EDGE_CURVE('',#9118,#3686,#9120,.T.);
#9118 = VERTEX_POINT('',#9119);
#9119 = CARTESIAN_POINT('',(64.5,-10.5,86.75));
#9120 = SURFACE_CURVE('',#9121,(#9125,#9132),.PCURVE_S1.);
#9121 = LINE('',#9122,#9123);
#9122 = CARTESIAN_POINT('',(64.5,-10.5,86.75));
#9123 = VECTOR('',#9124,1.);
#9124 = DIRECTION('',(-1.,-0.,0.));
#9125 = PCURVE('',#3759,#9126);
#9126 = DEFINITIONAL_REPRESENTATION('',(#9127),#9131);
#9127 = LINE('',#9128,#9129);
#9128 = CARTESIAN_POINT('',(-0.,0.));
#9129 = VECTOR('',#9130,1.);
#9130 = DIRECTION('',(-0.,1.));
#9131 = ( GEOMETRIC_REPRESENTATION_CONTEXT(2) 
PARAMETRIC_REPRESENTATION_CONTEXT() REPRESENTATION_CONTEXT('2D SPACE',''
  ) );
#9132 = PCURVE('',#7146,#9133);
#9133 = DEFINITIONAL_REPRESENTATION('',(#9134),#9138);
#9134 = LINE('',#9135,#9136);
#9135 = CARTESIAN_POINT('',(0.75,23.5));
#9136 = VECTOR('',#9137,1.);
#9137 = DIRECTION('',(0.,-1.));
#9138 = ( GEOMETRIC_REPRESENTATION_CONTEXT(2) 
PARAMETRIC_REPRESENTATION_CONTEXT() REPRESENTATION_CONTEXT('2D SPACE',''
  ) );
#9139 = ORIENTED_EDGE('',*,*,#9140,.T.);
#9140 = EDGE_CURVE('',#9118,#3779,#9141,.T.);
#9141 = SURFACE_CURVE('',#9142,(#9147,#9153),.PCURVE_S1.);
#9142 = CIRCLE('',#9143,0.75);
#9143 = AXIS2_PLACEMENT_3D('',#9144,#9145,#9146);
#9144 = CARTESIAN_POINT('',(64.5,-9.75,86.75));
#9145 = DIRECTION('',(1.,6.123233995737E-17,0.));
#9146 = DIRECTION('',(6.123233995737E-17,-1.,0.));
#9147 = PCURVE('',#3759,#9148);
#9148 = DEFINITIONAL_REPRESENTATION('',(#9149),#9152);
#9149 = B_SPLINE_CURVE_WITH_KNOTS('',1,(#9150,#9151),.UNSPECIFIED.,.F.,
  .F.,(2,2),(0.,1.570796326795),.PIECEWISE_BEZIER_KNOTS.);
#9150 = CARTESIAN_POINT('',(0.,0.));
#9151 = CARTESIAN_POINT('',(-1.570796326795,0.));
#9152 = ( GEOMETRIC_REPRESENTATION_CONTEXT(2) 
PARAMETRIC_REPRESENTATION_CONTEXT() REPRESENTATION_CONTEXT('2D SPACE',''
  ) );
#9153 = PCURVE('',#3897,#9154);
#9154 = DEFINITIONAL_REPRESENTATION('',(#9155),#9158);
#9155 = B_SPLINE_CURVE_WITH_KNOTS('',1,(#9156,#9157),.UNSPECIFIED.,.F.,
  .F.,(2,2),(0.,1.570796326795),.PIECEWISE_BEZIER_KNOTS.);
#9156 = CARTESIAN_POINT('',(1.570796326795,0.));
#9157 = CARTESIAN_POINT('',(1.570796326795,1.570796326795));
#9158 = ( GEOMETRIC_REPRESENTATION_CONTEXT(2) 
PARAMETRIC_REPRESENTATION_CONTEXT() REPRESENTATION_CONTEXT('2D SPACE',''
  ) );
#9159 = ORIENTED_EDGE('',*,*,#3801,.T.);
#9160 = ORIENTED_EDGE('',*,*,#3716,.T.);
#9161 = ADVANCED_FACE('',(#9162),#3897,.F.);
#9162 = FACE_BOUND('',#9163,.F.);
#9163 = EDGE_LOOP('',(#9164,#9165,#9166));
#9164 = ORIENTED_EDGE('',*,*,#9140,.T.);
#9165 = ORIENTED_EDGE('',*,*,#3871,.F.);
#9166 = ORIENTED_EDGE('',*,*,#9167,.T.);
#9167 = EDGE_CURVE('',#3849,#9118,#9168,.T.);
#9168 = SURFACE_CURVE('',#9169,(#9174,#9181),.PCURVE_S1.);
#9169 = CIRCLE('',#9170,1.5);
#9170 = AXIS2_PLACEMENT_3D('',#9171,#9172,#9173);
#9171 = CARTESIAN_POINT('',(64.5,-9.,86.75));
#9172 = DIRECTION('',(0.,-0.,-1.));
#9173 = DIRECTION('',(1.,0.,-0.));
#9174 = PCURVE('',#3897,#9175);
#9175 = DEFINITIONAL_REPRESENTATION('',(#9176),#9180);
#9176 = LINE('',#9177,#9178);
#9177 = CARTESIAN_POINT('',(0.,0.));
#9178 = VECTOR('',#9179,1.);
#9179 = DIRECTION('',(1.,0.));
#9180 = ( GEOMETRIC_REPRESENTATION_CONTEXT(2) 
PARAMETRIC_REPRESENTATION_CONTEXT() REPRESENTATION_CONTEXT('2D SPACE',''
  ) );
#9181 = PCURVE('',#4602,#9182);
#9182 = DEFINITIONAL_REPRESENTATION('',(#9183),#9187);
#9183 = LINE('',#9184,#9185);
#9184 = CARTESIAN_POINT('',(-0.,0.75));
#9185 = VECTOR('',#9186,1.);
#9186 = DIRECTION('',(-1.,0.));
#9187 = ( GEOMETRIC_REPRESENTATION_CONTEXT(2) 
PARAMETRIC_REPRESENTATION_CONTEXT() REPRESENTATION_CONTEXT('2D SPACE',''
  ) );
#9188 = ADVANCED_FACE('',(#9189),#3970,.T.);
#9189 = FACE_BOUND('',#9190,.F.);
#9190 = EDGE_LOOP('',(#9191,#9211,#9212,#9232));
#9191 = ORIENTED_EDGE('',*,*,#9192,.T.);
#9192 = EDGE_CURVE('',#3955,#8956,#9193,.T.);
#9193 = SURFACE_CURVE('',#9194,(#9199,#9205),.PCURVE_S1.);
#9194 = CIRCLE('',#9195,0.8);
#9195 = AXIS2_PLACEMENT_3D('',#9196,#9197,#9198);
#9196 = CARTESIAN_POINT('',(67.2,10.,83.8));
#9197 = DIRECTION('',(-6.123233995737E-17,1.,0.));
#9198 = DIRECTION('',(1.,6.123233995737E-17,0.));
#9199 = PCURVE('',#3970,#9200);
#9200 = DEFINITIONAL_REPRESENTATION('',(#9201),#9204);
#9201 = B_SPLINE_CURVE_WITH_KNOTS('',1,(#9202,#9203),.UNSPECIFIED.,.F.,
  .F.,(2,2),(0.,1.570796326795),.PIECEWISE_BEZIER_KNOTS.);
#9202 = CARTESIAN_POINT('',(0.,0.));
#9203 = CARTESIAN_POINT('',(-1.570796326795,0.));
#9204 = ( GEOMETRIC_REPRESENTATION_CONTEXT(2) 
PARAMETRIC_REPRESENTATION_CONTEXT() REPRESENTATION_CONTEXT('2D SPACE',''
  ) );
#9205 = PCURVE('',#5311,#9206);
#9206 = DEFINITIONAL_REPRESENTATION('',(#9207),#9210);
#9207 = B_SPLINE_CURVE_WITH_KNOTS('',1,(#9208,#9209),.UNSPECIFIED.,.F.,
  .F.,(2,2),(0.,1.570796326795),.PIECEWISE_BEZIER_KNOTS.);
#9208 = CARTESIAN_POINT('',(1.570796326795,0.));
#9209 = CARTESIAN_POINT('',(1.570796326795,1.570796326795));
#9210 = ( GEOMETRIC_REPRESENTATION_CONTEXT(2) 
PARAMETRIC_REPRESENTATION_CONTEXT() REPRESENTATION_CONTEXT('2D SPACE',''
  ) );
#9211 = ORIENTED_EDGE('',*,*,#8955,.T.);
#9212 = ORIENTED_EDGE('',*,*,#9213,.F.);
#9213 = EDGE_CURVE('',#3932,#8928,#9214,.T.);
#9214 = SURFACE_CURVE('',#9215,(#9220,#9226),.PCURVE_S1.);
#9215 = CIRCLE('',#9216,0.8);
#9216 = AXIS2_PLACEMENT_3D('',#9217,#9218,#9219);
#9217 = CARTESIAN_POINT('',(67.2,-10.,83.8));
#9218 = DIRECTION('',(-0.,1.,0.));
#9219 = DIRECTION('',(1.,0.,0.));
#9220 = PCURVE('',#3970,#9221);
#9221 = DEFINITIONAL_REPRESENTATION('',(#9222),#9225);
#9222 = B_SPLINE_CURVE_WITH_KNOTS('',1,(#9223,#9224),.UNSPECIFIED.,.F.,
  .F.,(2,2),(0.,1.570796326795),.PIECEWISE_BEZIER_KNOTS.);
#9223 = CARTESIAN_POINT('',(0.,20.));
#9224 = CARTESIAN_POINT('',(-1.570796326795,20.));
#9225 = ( GEOMETRIC_REPRESENTATION_CONTEXT(2) 
PARAMETRIC_REPRESENTATION_CONTEXT() REPRESENTATION_CONTEXT('2D SPACE',''
  ) );
#9226 = PCURVE('',#4679,#9227);
#9227 = DEFINITIONAL_REPRESENTATION('',(#9228),#9231);
#9228 = B_SPLINE_CURVE_WITH_KNOTS('',1,(#9229,#9230),.UNSPECIFIED.,.F.,
  .F.,(2,2),(0.,1.570796326795),.PIECEWISE_BEZIER_KNOTS.);
#9229 = CARTESIAN_POINT('',(0.,0.));
#9230 = CARTESIAN_POINT('',(0.,1.570796326795));
#9231 = ( GEOMETRIC_REPRESENTATION_CONTEXT(2) 
PARAMETRIC_REPRESENTATION_CONTEXT() REPRESENTATION_CONTEXT('2D SPACE',''
  ) );
#9232 = ORIENTED_EDGE('',*,*,#3954,.F.);
#9233 = ADVANCED_FACE('',(#9234),#4115,.T.);
#9234 = FACE_BOUND('',#9235,.T.);
#9235 = EDGE_LOOP('',(#9236,#9258,#9281,#9301));
#9236 = ORIENTED_EDGE('',*,*,#9237,.T.);
#9237 = EDGE_CURVE('',#4077,#9238,#9240,.T.);
#9238 = VERTEX_POINT('',#9239);
#9239 = CARTESIAN_POINT('',(67.2,10.,136.));
#9240 = SURFACE_CURVE('',#9241,(#9246,#9252),.PCURVE_S1.);
#9241 = CIRCLE('',#9242,0.8);
#9242 = AXIS2_PLACEMENT_3D('',#9243,#9244,#9245);
#9243 = CARTESIAN_POINT('',(67.2,10.,135.2));
#9244 = DIRECTION('',(6.123233995737E-17,-1.,0.));
#9245 = DIRECTION('',(1.,6.123233995737E-17,0.));
#9246 = PCURVE('',#4115,#9247);
#9247 = DEFINITIONAL_REPRESENTATION('',(#9248),#9251);
#9248 = B_SPLINE_CURVE_WITH_KNOTS('',1,(#9249,#9250),.UNSPECIFIED.,.F.,
  .F.,(2,2),(0.,1.570796326795),.PIECEWISE_BEZIER_KNOTS.);
#9249 = CARTESIAN_POINT('',(0.,0.));
#9250 = CARTESIAN_POINT('',(1.570796326795,0.));
#9251 = ( GEOMETRIC_REPRESENTATION_CONTEXT(2) 
PARAMETRIC_REPRESENTATION_CONTEXT() REPRESENTATION_CONTEXT('2D SPACE',''
  ) );
#9252 = PCURVE('',#5361,#9253);
#9253 = DEFINITIONAL_REPRESENTATION('',(#9254),#9257);
#9254 = B_SPLINE_CURVE_WITH_KNOTS('',1,(#9255,#9256),.UNSPECIFIED.,.F.,
  .F.,(2,2),(0.,1.570796326795),.PIECEWISE_BEZIER_KNOTS.);
#9255 = CARTESIAN_POINT('',(-1.570796326795,0.));
#9256 = CARTESIAN_POINT('',(-1.570796326795,1.570796326795));
#9257 = ( GEOMETRIC_REPRESENTATION_CONTEXT(2) 
PARAMETRIC_REPRESENTATION_CONTEXT() REPRESENTATION_CONTEXT('2D SPACE',''
  ) );
#9258 = ORIENTED_EDGE('',*,*,#9259,.T.);
#9259 = EDGE_CURVE('',#9238,#9260,#9262,.T.);
#9260 = VERTEX_POINT('',#9261);
#9261 = CARTESIAN_POINT('',(67.2,-10.,136.));
#9262 = SURFACE_CURVE('',#9263,(#9267,#9274),.PCURVE_S1.);
#9263 = LINE('',#9264,#9265);
#9264 = CARTESIAN_POINT('',(67.2,10.,136.));
#9265 = VECTOR('',#9266,1.);
#9266 = DIRECTION('',(0.,-1.,-0.));
#9267 = PCURVE('',#4115,#9268);
#9268 = DEFINITIONAL_REPRESENTATION('',(#9269),#9273);
#9269 = LINE('',#9270,#9271);
#9270 = CARTESIAN_POINT('',(1.570796326795,0.));
#9271 = VECTOR('',#9272,1.);
#9272 = DIRECTION('',(0.,1.));
#9273 = ( GEOMETRIC_REPRESENTATION_CONTEXT(2) 
PARAMETRIC_REPRESENTATION_CONTEXT() REPRESENTATION_CONTEXT('2D SPACE',''
  ) );
#9274 = PCURVE('',#7226,#9275);
#9275 = DEFINITIONAL_REPRESENTATION('',(#9276),#9280);
#9276 = LINE('',#9277,#9278);
#9277 = CARTESIAN_POINT('',(24.2,24.));
#9278 = VECTOR('',#9279,1.);
#9279 = DIRECTION('',(0.,-1.));
#9280 = ( GEOMETRIC_REPRESENTATION_CONTEXT(2) 
PARAMETRIC_REPRESENTATION_CONTEXT() REPRESENTATION_CONTEXT('2D SPACE',''
  ) );
#9281 = ORIENTED_EDGE('',*,*,#9282,.F.);
#9282 = EDGE_CURVE('',#4100,#9260,#9283,.T.);
#9283 = SURFACE_CURVE('',#9284,(#9289,#9295),.PCURVE_S1.);
#9284 = CIRCLE('',#9285,0.8);
#9285 = AXIS2_PLACEMENT_3D('',#9286,#9287,#9288);
#9286 = CARTESIAN_POINT('',(67.2,-10.,135.2));
#9287 = DIRECTION('',(0.,-1.,-0.));
#9288 = DIRECTION('',(1.,0.,0.));
#9289 = PCURVE('',#4115,#9290);
#9290 = DEFINITIONAL_REPRESENTATION('',(#9291),#9294);
#9291 = B_SPLINE_CURVE_WITH_KNOTS('',1,(#9292,#9293),.UNSPECIFIED.,.F.,
  .F.,(2,2),(0.,1.570796326795),.PIECEWISE_BEZIER_KNOTS.);
#9292 = CARTESIAN_POINT('',(0.,20.));
#9293 = CARTESIAN_POINT('',(1.570796326795,20.));
#9294 = ( GEOMETRIC_REPRESENTATION_CONTEXT(2) 
PARAMETRIC_REPRESENTATION_CONTEXT() REPRESENTATION_CONTEXT('2D SPACE',''
  ) );
#9295 = PCURVE('',#4729,#9296);
#9296 = DEFINITIONAL_REPRESENTATION('',(#9297),#9300);
#9297 = B_SPLINE_CURVE_WITH_KNOTS('',1,(#9298,#9299),.UNSPECIFIED.,.F.,
  .F.,(2,2),(0.,1.570796326795),.PIECEWISE_BEZIER_KNOTS.);
#9298 = CARTESIAN_POINT('',(0.,0.));
#9299 = CARTESIAN_POINT('',(0.,1.570796326795));
#9300 = ( GEOMETRIC_REPRESENTATION_CONTEXT(2) 
PARAMETRIC_REPRESENTATION_CONTEXT() REPRESENTATION_CONTEXT('2D SPACE',''
  ) );
#9301 = ORIENTED_EDGE('',*,*,#4099,.F.);
#9302 = ADVANCED_FACE('',(#9303),#4240,.T.);
#9303 = FACE_BOUND('',#9304,.T.);
#9304 = EDGE_LOOP('',(#9305,#9328,#9349,#9370));
#9305 = ORIENTED_EDGE('',*,*,#9306,.F.);
#9306 = EDGE_CURVE('',#9307,#4224,#9309,.T.);
#9307 = VERTEX_POINT('',#9308);
#9308 = CARTESIAN_POINT('',(66.,6.,102.));
#9309 = SURFACE_CURVE('',#9310,(#9314,#9321),.PCURVE_S1.);
#9310 = LINE('',#9311,#9312);
#9311 = CARTESIAN_POINT('',(64.5,6.,102.));
#9312 = VECTOR('',#9313,1.);
#9313 = DIRECTION('',(1.,0.,-0.));
#9314 = PCURVE('',#4240,#9315);
#9315 = DEFINITIONAL_REPRESENTATION('',(#9316),#9320);
#9316 = LINE('',#9317,#9318);
#9317 = CARTESIAN_POINT('',(0.,12.));
#9318 = VECTOR('',#9319,1.);
#9319 = DIRECTION('',(1.,0.));
#9320 = ( GEOMETRIC_REPRESENTATION_CONTEXT(2) 
PARAMETRIC_REPRESENTATION_CONTEXT() REPRESENTATION_CONTEXT('2D SPACE',''
  ) );
#9321 = PCURVE('',#4316,#9322);
#9322 = DEFINITIONAL_REPRESENTATION('',(#9323),#9327);
#9323 = LINE('',#9324,#9325);
#9324 = CARTESIAN_POINT('',(0.,0.));
#9325 = VECTOR('',#9326,1.);
#9326 = DIRECTION('',(0.,1.));
#9327 = ( GEOMETRIC_REPRESENTATION_CONTEXT(2) 
PARAMETRIC_REPRESENTATION_CONTEXT() REPRESENTATION_CONTEXT('2D SPACE',''
  ) );
#9328 = ORIENTED_EDGE('',*,*,#9329,.T.);
#9329 = EDGE_CURVE('',#9307,#9330,#9332,.T.);
#9330 = VERTEX_POINT('',#9331);
#9331 = CARTESIAN_POINT('',(66.,-6.,102.));
#9332 = SURFACE_CURVE('',#9333,(#9337,#9343),.PCURVE_S1.);
#9333 = LINE('',#9334,#9335);
#9334 = CARTESIAN_POINT('',(66.,-8.25,102.));
#9335 = VECTOR('',#9336,1.);
#9336 = DIRECTION('',(0.,-1.,0.));
#9337 = PCURVE('',#4240,#9338);
#9338 = DEFINITIONAL_REPRESENTATION('',(#9339),#9342);
#9339 = B_SPLINE_CURVE_WITH_KNOTS('',1,(#9340,#9341),.UNSPECIFIED.,.F.,
  .F.,(2,2),(-14.25,-2.25),.PIECEWISE_BEZIER_KNOTS.);
#9340 = CARTESIAN_POINT('',(1.5,12.));
#9341 = CARTESIAN_POINT('',(1.5,0.));
#9342 = ( GEOMETRIC_REPRESENTATION_CONTEXT(2) 
PARAMETRIC_REPRESENTATION_CONTEXT() REPRESENTATION_CONTEXT('2D SPACE',''
  ) );
#9343 = PCURVE('',#4854,#9344);
#9344 = DEFINITIONAL_REPRESENTATION('',(#9345),#9348);
#9345 = B_SPLINE_CURVE_WITH_KNOTS('',1,(#9346,#9347),.UNSPECIFIED.,.F.,
  .F.,(2,2),(-14.25,-2.25),.PIECEWISE_BEZIER_KNOTS.);
#9346 = CARTESIAN_POINT('',(16.,-16.5));
#9347 = CARTESIAN_POINT('',(16.,-4.5));
#9348 = ( GEOMETRIC_REPRESENTATION_CONTEXT(2) 
PARAMETRIC_REPRESENTATION_CONTEXT() REPRESENTATION_CONTEXT('2D SPACE',''
  ) );
#9349 = ORIENTED_EDGE('',*,*,#9350,.T.);
#9350 = EDGE_CURVE('',#9330,#4226,#9351,.T.);
#9351 = SURFACE_CURVE('',#9352,(#9356,#9363),.PCURVE_S1.);
#9352 = LINE('',#9353,#9354);
#9353 = CARTESIAN_POINT('',(64.5,-6.,102.));
#9354 = VECTOR('',#9355,1.);
#9355 = DIRECTION('',(1.,0.,-0.));
#9356 = PCURVE('',#4240,#9357);
#9357 = DEFINITIONAL_REPRESENTATION('',(#9358),#9362);
#9358 = LINE('',#9359,#9360);
#9359 = CARTESIAN_POINT('',(0.,0.));
#9360 = VECTOR('',#9361,1.);
#9361 = DIRECTION('',(1.,0.));
#9362 = ( GEOMETRIC_REPRESENTATION_CONTEXT(2) 
PARAMETRIC_REPRESENTATION_CONTEXT() REPRESENTATION_CONTEXT('2D SPACE',''
  ) );
#9363 = PCURVE('',#4266,#9364);
#9364 = DEFINITIONAL_REPRESENTATION('',(#9365),#9369);
#9365 = LINE('',#9366,#9367);
#9366 = CARTESIAN_POINT('',(0.,0.));
#9367 = VECTOR('',#9368,1.);
#9368 = DIRECTION('',(0.,1.));
#9369 = ( GEOMETRIC_REPRESENTATION_CONTEXT(2) 
PARAMETRIC_REPRESENTATION_CONTEXT() REPRESENTATION_CONTEXT('2D SPACE',''
  ) );
#9370 = ORIENTED_EDGE('',*,*,#4223,.F.);
#9371 = ADVANCED_FACE('',(#9372),#4316,.F.);
#9372 = FACE_BOUND('',#9373,.F.);
#9373 = EDGE_LOOP('',(#9374,#9375,#9396,#9417));
#9374 = ORIENTED_EDGE('',*,*,#9306,.F.);
#9375 = ORIENTED_EDGE('',*,*,#9376,.T.);
#9376 = EDGE_CURVE('',#9307,#9377,#9379,.T.);
#9377 = VERTEX_POINT('',#9378);
#9378 = CARTESIAN_POINT('',(66.,6.,104.));
#9379 = SURFACE_CURVE('',#9380,(#9384,#9390),.PCURVE_S1.);
#9380 = LINE('',#9381,#9382);
#9381 = CARTESIAN_POINT('',(66.,6.,94.));
#9382 = VECTOR('',#9383,1.);
#9383 = DIRECTION('',(0.,0.,1.));
#9384 = PCURVE('',#4316,#9385);
#9385 = DEFINITIONAL_REPRESENTATION('',(#9386),#9389);
#9386 = B_SPLINE_CURVE_WITH_KNOTS('',1,(#9387,#9388),.UNSPECIFIED.,.F.,
  .F.,(2,2),(8.,10.),.PIECEWISE_BEZIER_KNOTS.);
#9387 = CARTESIAN_POINT('',(0.,1.5));
#9388 = CARTESIAN_POINT('',(2.,1.5));
#9389 = ( GEOMETRIC_REPRESENTATION_CONTEXT(2) 
PARAMETRIC_REPRESENTATION_CONTEXT() REPRESENTATION_CONTEXT('2D SPACE',''
  ) );
#9390 = PCURVE('',#4854,#9391);
#9391 = DEFINITIONAL_REPRESENTATION('',(#9392),#9395);
#9392 = B_SPLINE_CURVE_WITH_KNOTS('',1,(#9393,#9394),.UNSPECIFIED.,.F.,
  .F.,(2,2),(8.,10.),.PIECEWISE_BEZIER_KNOTS.);
#9393 = CARTESIAN_POINT('',(16.,-16.5));
#9394 = CARTESIAN_POINT('',(18.,-16.5));
#9395 = ( GEOMETRIC_REPRESENTATION_CONTEXT(2) 
PARAMETRIC_REPRESENTATION_CONTEXT() REPRESENTATION_CONTEXT('2D SPACE',''
  ) );
#9396 = ORIENTED_EDGE('',*,*,#9397,.T.);
#9397 = EDGE_CURVE('',#9377,#4278,#9398,.T.);
#9398 = SURFACE_CURVE('',#9399,(#9403,#9410),.PCURVE_S1.);
#9399 = LINE('',#9400,#9401);
#9400 = CARTESIAN_POINT('',(64.5,6.,104.));
#9401 = VECTOR('',#9402,1.);
#9402 = DIRECTION('',(1.,0.,-0.));
#9403 = PCURVE('',#4316,#9404);
#9404 = DEFINITIONAL_REPRESENTATION('',(#9405),#9409);
#9405 = LINE('',#9406,#9407);
#9406 = CARTESIAN_POINT('',(2.,0.));
#9407 = VECTOR('',#9408,1.);
#9408 = DIRECTION('',(0.,1.));
#9409 = ( GEOMETRIC_REPRESENTATION_CONTEXT(2) 
PARAMETRIC_REPRESENTATION_CONTEXT() REPRESENTATION_CONTEXT('2D SPACE',''
  ) );
#9410 = PCURVE('',#4292,#9411);
#9411 = DEFINITIONAL_REPRESENTATION('',(#9412),#9416);
#9412 = LINE('',#9413,#9414);
#9413 = CARTESIAN_POINT('',(0.,12.));
#9414 = VECTOR('',#9415,1.);
#9415 = DIRECTION('',(1.,0.));
#9416 = ( GEOMETRIC_REPRESENTATION_CONTEXT(2) 
PARAMETRIC_REPRESENTATION_CONTEXT() REPRESENTATION_CONTEXT('2D SPACE',''
  ) );
#9417 = ORIENTED_EDGE('',*,*,#4303,.F.);
#9418 = ADVANCED_FACE('',(#9419),#4266,.T.);
#9419 = FACE_BOUND('',#9420,.T.);
#9420 = EDGE_LOOP('',(#9421,#9422,#9443,#9464));
#9421 = ORIENTED_EDGE('',*,*,#9350,.F.);
#9422 = ORIENTED_EDGE('',*,*,#9423,.T.);
#9423 = EDGE_CURVE('',#9330,#9424,#9426,.T.);
#9424 = VERTEX_POINT('',#9425);
#9425 = CARTESIAN_POINT('',(66.,-6.,104.));
#9426 = SURFACE_CURVE('',#9427,(#9431,#9437),.PCURVE_S1.);
#9427 = LINE('',#9428,#9429);
#9428 = CARTESIAN_POINT('',(66.,-6.,94.));
#9429 = VECTOR('',#9430,1.);
#9430 = DIRECTION('',(0.,0.,1.));
#9431 = PCURVE('',#4266,#9432);
#9432 = DEFINITIONAL_REPRESENTATION('',(#9433),#9436);
#9433 = B_SPLINE_CURVE_WITH_KNOTS('',1,(#9434,#9435),.UNSPECIFIED.,.F.,
  .F.,(2,2),(8.,10.),.PIECEWISE_BEZIER_KNOTS.);
#9434 = CARTESIAN_POINT('',(0.,1.5));
#9435 = CARTESIAN_POINT('',(2.,1.5));
#9436 = ( GEOMETRIC_REPRESENTATION_CONTEXT(2) 
PARAMETRIC_REPRESENTATION_CONTEXT() REPRESENTATION_CONTEXT('2D SPACE',''
  ) );
#9437 = PCURVE('',#4854,#9438);
#9438 = DEFINITIONAL_REPRESENTATION('',(#9439),#9442);
#9439 = B_SPLINE_CURVE_WITH_KNOTS('',1,(#9440,#9441),.UNSPECIFIED.,.F.,
  .F.,(2,2),(8.,10.),.PIECEWISE_BEZIER_KNOTS.);
#9440 = CARTESIAN_POINT('',(16.,-4.5));
#9441 = CARTESIAN_POINT('',(18.,-4.5));
#9442 = ( GEOMETRIC_REPRESENTATION_CONTEXT(2) 
PARAMETRIC_REPRESENTATION_CONTEXT() REPRESENTATION_CONTEXT('2D SPACE',''
  ) );
#9443 = ORIENTED_EDGE('',*,*,#9444,.T.);
#9444 = EDGE_CURVE('',#9424,#4252,#9445,.T.);
#9445 = SURFACE_CURVE('',#9446,(#9450,#9457),.PCURVE_S1.);
#9446 = LINE('',#9447,#9448);
#9447 = CARTESIAN_POINT('',(64.5,-6.,104.));
#9448 = VECTOR('',#9449,1.);
#9449 = DIRECTION('',(1.,0.,-0.));
#9450 = PCURVE('',#4266,#9451);
#9451 = DEFINITIONAL_REPRESENTATION('',(#9452),#9456);
#9452 = LINE('',#9453,#9454);
#9453 = CARTESIAN_POINT('',(2.,0.));
#9454 = VECTOR('',#9455,1.);
#9455 = DIRECTION('',(0.,1.));
#9456 = ( GEOMETRIC_REPRESENTATION_CONTEXT(2) 
PARAMETRIC_REPRESENTATION_CONTEXT() REPRESENTATION_CONTEXT('2D SPACE',''
  ) );
#9457 = PCURVE('',#4292,#9458);
#9458 = DEFINITIONAL_REPRESENTATION('',(#9459),#9463);
#9459 = LINE('',#9460,#9461);
#9460 = CARTESIAN_POINT('',(0.,0.));
#9461 = VECTOR('',#9462,1.);
#9462 = DIRECTION('',(1.,0.));
#9463 = ( GEOMETRIC_REPRESENTATION_CONTEXT(2) 
PARAMETRIC_REPRESENTATION_CONTEXT() REPRESENTATION_CONTEXT('2D SPACE',''
  ) );
#9464 = ORIENTED_EDGE('',*,*,#4251,.F.);
#9465 = ADVANCED_FACE('',(#9466),#4292,.F.);
#9466 = FACE_BOUND('',#9467,.F.);
#9467 = EDGE_LOOP('',(#9468,#9469,#9488,#9489));
#9468 = ORIENTED_EDGE('',*,*,#9397,.F.);
#9469 = ORIENTED_EDGE('',*,*,#9470,.T.);
#9470 = EDGE_CURVE('',#9377,#9424,#9471,.T.);
#9471 = SURFACE_CURVE('',#9472,(#9476,#9482),.PCURVE_S1.);
#9472 = LINE('',#9473,#9474);
#9473 = CARTESIAN_POINT('',(66.,-8.25,104.));
#9474 = VECTOR('',#9475,1.);
#9475 = DIRECTION('',(0.,-1.,0.));
#9476 = PCURVE('',#4292,#9477);
#9477 = DEFINITIONAL_REPRESENTATION('',(#9478),#9481);
#9478 = B_SPLINE_CURVE_WITH_KNOTS('',1,(#9479,#9480),.UNSPECIFIED.,.F.,
  .F.,(2,2),(-14.25,-2.25),.PIECEWISE_BEZIER_KNOTS.);
#9479 = CARTESIAN_POINT('',(1.5,12.));
#9480 = CARTESIAN_POINT('',(1.5,0.));
#9481 = ( GEOMETRIC_REPRESENTATION_CONTEXT(2) 
PARAMETRIC_REPRESENTATION_CONTEXT() REPRESENTATION_CONTEXT('2D SPACE',''
  ) );
#9482 = PCURVE('',#4854,#9483);
#9483 = DEFINITIONAL_REPRESENTATION('',(#9484),#9487);
#9484 = B_SPLINE_CURVE_WITH_KNOTS('',1,(#9485,#9486),.UNSPECIFIED.,.F.,
  .F.,(2,2),(-14.25,-2.25),.PIECEWISE_BEZIER_KNOTS.);
#9485 = CARTESIAN_POINT('',(18.,-16.5));
#9486 = CARTESIAN_POINT('',(18.,-4.5));
#9487 = ( GEOMETRIC_REPRESENTATION_CONTEXT(2) 
PARAMETRIC_REPRESENTATION_CONTEXT() REPRESENTATION_CONTEXT('2D SPACE',''
  ) );
#9488 = ORIENTED_EDGE('',*,*,#9444,.T.);
#9489 = ORIENTED_EDGE('',*,*,#4277,.F.);
#9490 = ADVANCED_FACE('',(#9491),#4346,.T.);
#9491 = FACE_BOUND('',#9492,.T.);
#9492 = EDGE_LOOP('',(#9493,#9516,#9537,#9558));
#9493 = ORIENTED_EDGE('',*,*,#9494,.F.);
#9494 = EDGE_CURVE('',#9495,#4330,#9497,.T.);
#9495 = VERTEX_POINT('',#9496);
#9496 = CARTESIAN_POINT('',(66.,6.,110.));
#9497 = SURFACE_CURVE('',#9498,(#9502,#9509),.PCURVE_S1.);
#9498 = LINE('',#9499,#9500);
#9499 = CARTESIAN_POINT('',(64.5,6.,110.));
#9500 = VECTOR('',#9501,1.);
#9501 = DIRECTION('',(1.,0.,-0.));
#9502 = PCURVE('',#4346,#9503);
#9503 = DEFINITIONAL_REPRESENTATION('',(#9504),#9508);
#9504 = LINE('',#9505,#9506);
#9505 = CARTESIAN_POINT('',(0.,12.));
#9506 = VECTOR('',#9507,1.);
#9507 = DIRECTION('',(1.,0.));
#9508 = ( GEOMETRIC_REPRESENTATION_CONTEXT(2) 
PARAMETRIC_REPRESENTATION_CONTEXT() REPRESENTATION_CONTEXT('2D SPACE',''
  ) );
#9509 = PCURVE('',#4422,#9510);
#9510 = DEFINITIONAL_REPRESENTATION('',(#9511),#9515);
#9511 = LINE('',#9512,#9513);
#9512 = CARTESIAN_POINT('',(0.,0.));
#9513 = VECTOR('',#9514,1.);
#9514 = DIRECTION('',(0.,1.));
#9515 = ( GEOMETRIC_REPRESENTATION_CONTEXT(2) 
PARAMETRIC_REPRESENTATION_CONTEXT() REPRESENTATION_CONTEXT('2D SPACE',''
  ) );
#9516 = ORIENTED_EDGE('',*,*,#9517,.T.);
#9517 = EDGE_CURVE('',#9495,#9518,#9520,.T.);
#9518 = VERTEX_POINT('',#9519);
#9519 = CARTESIAN_POINT('',(66.,-6.,110.));
#9520 = SURFACE_CURVE('',#9521,(#9525,#9531),.PCURVE_S1.);
#9521 = LINE('',#9522,#9523);
#9522 = CARTESIAN_POINT('',(66.,-8.25,110.));
#9523 = VECTOR('',#9524,1.);
#9524 = DIRECTION('',(0.,-1.,0.));
#9525 = PCURVE('',#4346,#9526);
#9526 = DEFINITIONAL_REPRESENTATION('',(#9527),#9530);
#9527 = B_SPLINE_CURVE_WITH_KNOTS('',1,(#9528,#9529),.UNSPECIFIED.,.F.,
  .F.,(2,2),(-14.25,-2.25),.PIECEWISE_BEZIER_KNOTS.);
#9528 = CARTESIAN_POINT('',(1.5,12.));
#9529 = CARTESIAN_POINT('',(1.5,0.));
#9530 = ( GEOMETRIC_REPRESENTATION_CONTEXT(2) 
PARAMETRIC_REPRESENTATION_CONTEXT() REPRESENTATION_CONTEXT('2D SPACE',''
  ) );
#9531 = PCURVE('',#4854,#9532);
#9532 = DEFINITIONAL_REPRESENTATION('',(#9533),#9536);
#9533 = B_SPLINE_CURVE_WITH_KNOTS('',1,(#9534,#9535),.UNSPECIFIED.,.F.,
  .F.,(2,2),(-14.25,-2.25),.PIECEWISE_BEZIER_KNOTS.);
#9534 = CARTESIAN_POINT('',(24.,-16.5));
#9535 = CARTESIAN_POINT('',(24.,-4.5));
#9536 = ( GEOMETRIC_REPRESENTATION_CONTEXT(2) 
PARAMETRIC_REPRESENTATION_CONTEXT() REPRESENTATION_CONTEXT('2D SPACE',''
  ) );
#9537 = ORIENTED_EDGE('',*,*,#9538,.T.);
#9538 = EDGE_CURVE('',#9518,#4332,#9539,.T.);
#9539 = SURFACE_CURVE('',#9540,(#9544,#9551),.PCURVE_S1.);
#9540 = LINE('',#9541,#9542);
#9541 = CARTESIAN_POINT('',(64.5,-6.,110.));
#9542 = VECTOR('',#9543,1.);
#9543 = DIRECTION('',(1.,0.,-0.));
#9544 = PCURVE('',#4346,#9545);
#9545 = DEFINITIONAL_REPRESENTATION('',(#9546),#9550);
#9546 = LINE('',#9547,#9548);
#9547 = CARTESIAN_POINT('',(0.,0.));
#9548 = VECTOR('',#9549,1.);
#9549 = DIRECTION('',(1.,0.));
#9550 = ( GEOMETRIC_REPRESENTATION_CONTEXT(2) 
PARAMETRIC_REPRESENTATION_CONTEXT() REPRESENTATION_CONTEXT('2D SPACE',''
  ) );
#9551 = PCURVE('',#4372,#9552);
#9552 = DEFINITIONAL_REPRESENTATION('',(#9553),#9557);
#9553 = LINE('',#9554,#9555);
#9554 = CARTESIAN_POINT('',(0.,0.));
#9555 = VECTOR('',#9556,1.);
#9556 = DIRECTION('',(0.,1.));
#9557 = ( GEOMETRIC_REPRESENTATION_CONTEXT(2) 
PARAMETRIC_REPRESENTATION_CONTEXT() REPRESENTATION_CONTEXT('2D SPACE',''
  ) );
#9558 = ORIENTED_EDGE('',*,*,#4329,.F.);
#9559 = ADVANCED_FACE('',(#9560),#4422,.F.);
#9560 = FACE_BOUND('',#9561,.F.);
#9561 = EDGE_LOOP('',(#9562,#9563,#9584,#9605));
#9562 = ORIENTED_EDGE('',*,*,#9494,.F.);
#9563 = ORIENTED_EDGE('',*,*,#9564,.T.);
#9564 = EDGE_CURVE('',#9495,#9565,#9567,.T.);
#9565 = VERTEX_POINT('',#9566);
#9566 = CARTESIAN_POINT('',(66.,6.,112.));
#9567 = SURFACE_CURVE('',#9568,(#9572,#9578),.PCURVE_S1.);
#9568 = LINE('',#9569,#9570);
#9569 = CARTESIAN_POINT('',(66.,6.,98.));
#9570 = VECTOR('',#9571,1.);
#9571 = DIRECTION('',(0.,0.,1.));
#9572 = PCURVE('',#4422,#9573);
#9573 = DEFINITIONAL_REPRESENTATION('',(#9574),#9577);
#9574 = B_SPLINE_CURVE_WITH_KNOTS('',1,(#9575,#9576),.UNSPECIFIED.,.F.,
  .F.,(2,2),(12.,14.),.PIECEWISE_BEZIER_KNOTS.);
#9575 = CARTESIAN_POINT('',(0.,1.5));
#9576 = CARTESIAN_POINT('',(2.,1.5));
#9577 = ( GEOMETRIC_REPRESENTATION_CONTEXT(2) 
PARAMETRIC_REPRESENTATION_CONTEXT() REPRESENTATION_CONTEXT('2D SPACE',''
  ) );
#9578 = PCURVE('',#4854,#9579);
#9579 = DEFINITIONAL_REPRESENTATION('',(#9580),#9583);
#9580 = B_SPLINE_CURVE_WITH_KNOTS('',1,(#9581,#9582),.UNSPECIFIED.,.F.,
  .F.,(2,2),(12.,14.),.PIECEWISE_BEZIER_KNOTS.);
#9581 = CARTESIAN_POINT('',(24.,-16.5));
#9582 = CARTESIAN_POINT('',(26.,-16.5));
#9583 = ( GEOMETRIC_REPRESENTATION_CONTEXT(2) 
PARAMETRIC_REPRESENTATION_CONTEXT() REPRESENTATION_CONTEXT('2D SPACE',''
  ) );
#9584 = ORIENTED_EDGE('',*,*,#9585,.T.);
#9585 = EDGE_CURVE('',#9565,#4384,#9586,.T.);
#9586 = SURFACE_CURVE('',#9587,(#9591,#9598),.PCURVE_S1.);
#9587 = LINE('',#9588,#9589);
#9588 = CARTESIAN_POINT('',(64.5,6.,112.));
#9589 = VECTOR('',#9590,1.);
#9590 = DIRECTION('',(1.,0.,-0.));
#9591 = PCURVE('',#4422,#9592);
#9592 = DEFINITIONAL_REPRESENTATION('',(#9593),#9597);
#9593 = LINE('',#9594,#9595);
#9594 = CARTESIAN_POINT('',(2.,0.));
#9595 = VECTOR('',#9596,1.);
#9596 = DIRECTION('',(0.,1.));
#9597 = ( GEOMETRIC_REPRESENTATION_CONTEXT(2) 
PARAMETRIC_REPRESENTATION_CONTEXT() REPRESENTATION_CONTEXT('2D SPACE',''
  ) );
#9598 = PCURVE('',#4398,#9599);
#9599 = DEFINITIONAL_REPRESENTATION('',(#9600),#9604);
#9600 = LINE('',#9601,#9602);
#9601 = CARTESIAN_POINT('',(0.,12.));
#9602 = VECTOR('',#9603,1.);
#9603 = DIRECTION('',(1.,0.));
#9604 = ( GEOMETRIC_REPRESENTATION_CONTEXT(2) 
PARAMETRIC_REPRESENTATION_CONTEXT() REPRESENTATION_CONTEXT('2D SPACE',''
  ) );
#9605 = ORIENTED_EDGE('',*,*,#4409,.F.);
#9606 = ADVANCED_FACE('',(#9607),#4372,.T.);
#9607 = FACE_BOUND('',#9608,.T.);
#9608 = EDGE_LOOP('',(#9609,#9610,#9631,#9652));
#9609 = ORIENTED_EDGE('',*,*,#9538,.F.);
#9610 = ORIENTED_EDGE('',*,*,#9611,.T.);
#9611 = EDGE_CURVE('',#9518,#9612,#9614,.T.);
#9612 = VERTEX_POINT('',#9613);
#9613 = CARTESIAN_POINT('',(66.,-6.,112.));
#9614 = SURFACE_CURVE('',#9615,(#9619,#9625),.PCURVE_S1.);
#9615 = LINE('',#9616,#9617);
#9616 = CARTESIAN_POINT('',(66.,-6.,98.));
#9617 = VECTOR('',#9618,1.);
#9618 = DIRECTION('',(0.,0.,1.));
#9619 = PCURVE('',#4372,#9620);
#9620 = DEFINITIONAL_REPRESENTATION('',(#9621),#9624);
#9621 = B_SPLINE_CURVE_WITH_KNOTS('',1,(#9622,#9623),.UNSPECIFIED.,.F.,
  .F.,(2,2),(12.,14.),.PIECEWISE_BEZIER_KNOTS.);
#9622 = CARTESIAN_POINT('',(0.,1.5));
#9623 = CARTESIAN_POINT('',(2.,1.5));
#9624 = ( GEOMETRIC_REPRESENTATION_CONTEXT(2) 
PARAMETRIC_REPRESENTATION_CONTEXT() REPRESENTATION_CONTEXT('2D SPACE',''
  ) );
#9625 = PCURVE('',#4854,#9626);
#9626 = DEFINITIONAL_REPRESENTATION('',(#9627),#9630);
#9627 = B_SPLINE_CURVE_WITH_KNOTS('',1,(#9628,#9629),.UNSPECIFIED.,.F.,
  .F.,(2,2),(12.,14.),.PIECEWISE_BEZIER_KNOTS.);
#9628 = CARTESIAN_POINT('',(24.,-4.5));
#9629 = CARTESIAN_POINT('',(26.,-4.5));
#9630 = ( GEOMETRIC_REPRESENTATION_CONTEXT(2) 
PARAMETRIC_REPRESENTATION_CONTEXT() REPRESENTATION_CONTEXT('2D SPACE',''
  ) );
#9631 = ORIENTED_EDGE('',*,*,#9632,.T.);
#9632 = EDGE_CURVE('',#9612,#4358,#9633,.T.);
#9633 = SURFACE_CURVE('',#9634,(#9638,#9645),.PCURVE_S1.);
#9634 = LINE('',#9635,#9636);
#9635 = CARTESIAN_POINT('',(64.5,-6.,112.));
#9636 = VECTOR('',#9637,1.);
#9637 = DIRECTION('',(1.,0.,-0.));
#9638 = PCURVE('',#4372,#9639);
#9639 = DEFINITIONAL_REPRESENTATION('',(#9640),#9644);
#9640 = LINE('',#9641,#9642);
#9641 = CARTESIAN_POINT('',(2.,0.));
#9642 = VECTOR('',#9643,1.);
#9643 = DIRECTION('',(0.,1.));
#9644 = ( GEOMETRIC_REPRESENTATION_CONTEXT(2) 
PARAMETRIC_REPRESENTATION_CONTEXT() REPRESENTATION_CONTEXT('2D SPACE',''
  ) );
#9645 = PCURVE('',#4398,#9646);
#9646 = DEFINITIONAL_REPRESENTATION('',(#9647),#9651);
#9647 = LINE('',#9648,#9649);
#9648 = CARTESIAN_POINT('',(0.,0.));
#9649 = VECTOR('',#9650,1.);
#9650 = DIRECTION('',(1.,0.));
#9651 = ( GEOMETRIC_REPRESENTATION_CONTEXT(2) 
PARAMETRIC_REPRESENTATION_CONTEXT() REPRESENTATION_CONTEXT('2D SPACE',''
  ) );
#9652 = ORIENTED_EDGE('',*,*,#4357,.F.);
#9653 = ADVANCED_FACE('',(#9654),#4398,.F.);
#9654 = FACE_BOUND('',#9655,.F.);
#9655 = EDGE_LOOP('',(#9656,#9657,#9676,#9677));
#9656 = ORIENTED_EDGE('',*,*,#9585,.F.);
#9657 = ORIENTED_EDGE('',*,*,#9658,.T.);
#9658 = EDGE_CURVE('',#9565,#9612,#9659,.T.);
#9659 = SURFACE_CURVE('',#9660,(#9664,#9670),.PCURVE_S1.);
#9660 = LINE('',#9661,#9662);
#9661 = CARTESIAN_POINT('',(66.,-8.25,112.));
#9662 = VECTOR('',#9663,1.);
#9663 = DIRECTION('',(0.,-1.,0.));
#9664 = PCURVE('',#4398,#9665);
#9665 = DEFINITIONAL_REPRESENTATION('',(#9666),#9669);
#9666 = B_SPLINE_CURVE_WITH_KNOTS('',1,(#9667,#9668),.UNSPECIFIED.,.F.,
  .F.,(2,2),(-14.25,-2.25),.PIECEWISE_BEZIER_KNOTS.);
#9667 = CARTESIAN_POINT('',(1.5,12.));
#9668 = CARTESIAN_POINT('',(1.5,0.));
#9669 = ( GEOMETRIC_REPRESENTATION_CONTEXT(2) 
PARAMETRIC_REPRESENTATION_CONTEXT() REPRESENTATION_CONTEXT('2D SPACE',''
  ) );
#9670 = PCURVE('',#4854,#9671);
#9671 = DEFINITIONAL_REPRESENTATION('',(#9672),#9675);
#9672 = B_SPLINE_CURVE_WITH_KNOTS('',1,(#9673,#9674),.UNSPECIFIED.,.F.,
  .F.,(2,2),(-14.25,-2.25),.PIECEWISE_BEZIER_KNOTS.);
#9673 = CARTESIAN_POINT('',(26.,-16.5));
#9674 = CARTESIAN_POINT('',(26.,-4.5));
#9675 = ( GEOMETRIC_REPRESENTATION_CONTEXT(2) 
PARAMETRIC_REPRESENTATION_CONTEXT() REPRESENTATION_CONTEXT('2D SPACE',''
  ) );
#9676 = ORIENTED_EDGE('',*,*,#9632,.T.);
#9677 = ORIENTED_EDGE('',*,*,#4383,.F.);
#9678 = ADVANCED_FACE('',(#9679),#4452,.T.);
#9679 = FACE_BOUND('',#9680,.T.);
#9680 = EDGE_LOOP('',(#9681,#9704,#9725,#9746));
#9681 = ORIENTED_EDGE('',*,*,#9682,.F.);
#9682 = EDGE_CURVE('',#9683,#4436,#9685,.T.);
#9683 = VERTEX_POINT('',#9684);
#9684 = CARTESIAN_POINT('',(66.,6.,118.));
#9685 = SURFACE_CURVE('',#9686,(#9690,#9697),.PCURVE_S1.);
#9686 = LINE('',#9687,#9688);
#9687 = CARTESIAN_POINT('',(64.5,6.,118.));
#9688 = VECTOR('',#9689,1.);
#9689 = DIRECTION('',(1.,0.,-0.));
#9690 = PCURVE('',#4452,#9691);
#9691 = DEFINITIONAL_REPRESENTATION('',(#9692),#9696);
#9692 = LINE('',#9693,#9694);
#9693 = CARTESIAN_POINT('',(0.,12.));
#9694 = VECTOR('',#9695,1.);
#9695 = DIRECTION('',(1.,0.));
#9696 = ( GEOMETRIC_REPRESENTATION_CONTEXT(2) 
PARAMETRIC_REPRESENTATION_CONTEXT() REPRESENTATION_CONTEXT('2D SPACE',''
  ) );
#9697 = PCURVE('',#4528,#9698);
#9698 = DEFINITIONAL_REPRESENTATION('',(#9699),#9703);
#9699 = LINE('',#9700,#9701);
#9700 = CARTESIAN_POINT('',(0.,0.));
#9701 = VECTOR('',#9702,1.);
#9702 = DIRECTION('',(0.,1.));
#9703 = ( GEOMETRIC_REPRESENTATION_CONTEXT(2) 
PARAMETRIC_REPRESENTATION_CONTEXT() REPRESENTATION_CONTEXT('2D SPACE',''
  ) );
#9704 = ORIENTED_EDGE('',*,*,#9705,.T.);
#9705 = EDGE_CURVE('',#9683,#9706,#9708,.T.);
#9706 = VERTEX_POINT('',#9707);
#9707 = CARTESIAN_POINT('',(66.,-6.,118.));
#9708 = SURFACE_CURVE('',#9709,(#9713,#9719),.PCURVE_S1.);
#9709 = LINE('',#9710,#9711);
#9710 = CARTESIAN_POINT('',(66.,-8.25,118.));
#9711 = VECTOR('',#9712,1.);
#9712 = DIRECTION('',(0.,-1.,0.));
#9713 = PCURVE('',#4452,#9714);
#9714 = DEFINITIONAL_REPRESENTATION('',(#9715),#9718);
#9715 = B_SPLINE_CURVE_WITH_KNOTS('',1,(#9716,#9717),.UNSPECIFIED.,.F.,
  .F.,(2,2),(-14.25,-2.25),.PIECEWISE_BEZIER_KNOTS.);
#9716 = CARTESIAN_POINT('',(1.5,12.));
#9717 = CARTESIAN_POINT('',(1.5,0.));
#9718 = ( GEOMETRIC_REPRESENTATION_CONTEXT(2) 
PARAMETRIC_REPRESENTATION_CONTEXT() REPRESENTATION_CONTEXT('2D SPACE',''
  ) );
#9719 = PCURVE('',#4854,#9720);
#9720 = DEFINITIONAL_REPRESENTATION('',(#9721),#9724);
#9721 = B_SPLINE_CURVE_WITH_KNOTS('',1,(#9722,#9723),.UNSPECIFIED.,.F.,
  .F.,(2,2),(-14.25,-2.25),.PIECEWISE_BEZIER_KNOTS.);
#9722 = CARTESIAN_POINT('',(32.,-16.5));
#9723 = CARTESIAN_POINT('',(32.,-4.5));
#9724 = ( GEOMETRIC_REPRESENTATION_CONTEXT(2) 
PARAMETRIC_REPRESENTATION_CONTEXT() REPRESENTATION_CONTEXT('2D SPACE',''
  ) );
#9725 = ORIENTED_EDGE('',*,*,#9726,.T.);
#9726 = EDGE_CURVE('',#9706,#4438,#9727,.T.);
#9727 = SURFACE_CURVE('',#9728,(#9732,#9739),.PCURVE_S1.);
#9728 = LINE('',#9729,#9730);
#9729 = CARTESIAN_POINT('',(64.5,-6.,118.));
#9730 = VECTOR('',#9731,1.);
#9731 = DIRECTION('',(1.,0.,-0.));
#9732 = PCURVE('',#4452,#9733);
#9733 = DEFINITIONAL_REPRESENTATION('',(#9734),#9738);
#9734 = LINE('',#9735,#9736);
#9735 = CARTESIAN_POINT('',(0.,0.));
#9736 = VECTOR('',#9737,1.);
#9737 = DIRECTION('',(1.,0.));
#9738 = ( GEOMETRIC_REPRESENTATION_CONTEXT(2) 
PARAMETRIC_REPRESENTATION_CONTEXT() REPRESENTATION_CONTEXT('2D SPACE',''
  ) );
#9739 = PCURVE('',#4478,#9740);
#9740 = DEFINITIONAL_REPRESENTATION('',(#9741),#9745);
#9741 = LINE('',#9742,#9743);
#9742 = CARTESIAN_POINT('',(0.,0.));
#9743 = VECTOR('',#9744,1.);
#9744 = DIRECTION('',(0.,1.));
#9745 = ( GEOMETRIC_REPRESENTATION_CONTEXT(2) 
PARAMETRIC_REPRESENTATION_CONTEXT() REPRESENTATION_CONTEXT('2D SPACE',''
  ) );
#9746 = ORIENTED_EDGE('',*,*,#4435,.F.);
#9747 = ADVANCED_FACE('',(#9748),#4528,.F.);
#9748 = FACE_BOUND('',#9749,.F.);
#9749 = EDGE_LOOP('',(#9750,#9751,#9772,#9793));
#9750 = ORIENTED_EDGE('',*,*,#9682,.F.);
#9751 = ORIENTED_EDGE('',*,*,#9752,.T.);
#9752 = EDGE_CURVE('',#9683,#9753,#9755,.T.);
#9753 = VERTEX_POINT('',#9754);
#9754 = CARTESIAN_POINT('',(66.,6.,120.));
#9755 = SURFACE_CURVE('',#9756,(#9760,#9766),.PCURVE_S1.);
#9756 = LINE('',#9757,#9758);
#9757 = CARTESIAN_POINT('',(66.,6.,102.));
#9758 = VECTOR('',#9759,1.);
#9759 = DIRECTION('',(0.,0.,1.));
#9760 = PCURVE('',#4528,#9761);
#9761 = DEFINITIONAL_REPRESENTATION('',(#9762),#9765);
#9762 = B_SPLINE_CURVE_WITH_KNOTS('',1,(#9763,#9764),.UNSPECIFIED.,.F.,
  .F.,(2,2),(16.,18.),.PIECEWISE_BEZIER_KNOTS.);
#9763 = CARTESIAN_POINT('',(0.,1.5));
#9764 = CARTESIAN_POINT('',(2.,1.5));
#9765 = ( GEOMETRIC_REPRESENTATION_CONTEXT(2) 
PARAMETRIC_REPRESENTATION_CONTEXT() REPRESENTATION_CONTEXT('2D SPACE',''
  ) );
#9766 = PCURVE('',#4854,#9767);
#9767 = DEFINITIONAL_REPRESENTATION('',(#9768),#9771);
#9768 = B_SPLINE_CURVE_WITH_KNOTS('',1,(#9769,#9770),.UNSPECIFIED.,.F.,
  .F.,(2,2),(16.,18.),.PIECEWISE_BEZIER_KNOTS.);
#9769 = CARTESIAN_POINT('',(32.,-16.5));
#9770 = CARTESIAN_POINT('',(34.,-16.5));
#9771 = ( GEOMETRIC_REPRESENTATION_CONTEXT(2) 
PARAMETRIC_REPRESENTATION_CONTEXT() REPRESENTATION_CONTEXT('2D SPACE',''
  ) );
#9772 = ORIENTED_EDGE('',*,*,#9773,.T.);
#9773 = EDGE_CURVE('',#9753,#4490,#9774,.T.);
#9774 = SURFACE_CURVE('',#9775,(#9779,#9786),.PCURVE_S1.);
#9775 = LINE('',#9776,#9777);
#9776 = CARTESIAN_POINT('',(64.5,6.,120.));
#9777 = VECTOR('',#9778,1.);
#9778 = DIRECTION('',(1.,0.,-0.));
#9779 = PCURVE('',#4528,#9780);
#9780 = DEFINITIONAL_REPRESENTATION('',(#9781),#9785);
#9781 = LINE('',#9782,#9783);
#9782 = CARTESIAN_POINT('',(2.,0.));
#9783 = VECTOR('',#9784,1.);
#9784 = DIRECTION('',(0.,1.));
#9785 = ( GEOMETRIC_REPRESENTATION_CONTEXT(2) 
PARAMETRIC_REPRESENTATION_CONTEXT() REPRESENTATION_CONTEXT('2D SPACE',''
  ) );
#9786 = PCURVE('',#4504,#9787);
#9787 = DEFINITIONAL_REPRESENTATION('',(#9788),#9792);
#9788 = LINE('',#9789,#9790);
#9789 = CARTESIAN_POINT('',(0.,12.));
#9790 = VECTOR('',#9791,1.);
#9791 = DIRECTION('',(1.,0.));
#9792 = ( GEOMETRIC_REPRESENTATION_CONTEXT(2) 
PARAMETRIC_REPRESENTATION_CONTEXT() REPRESENTATION_CONTEXT('2D SPACE',''
  ) );
#9793 = ORIENTED_EDGE('',*,*,#4515,.F.);
#9794 = ADVANCED_FACE('',(#9795),#4504,.F.);
#9795 = FACE_BOUND('',#9796,.F.);
#9796 = EDGE_LOOP('',(#9797,#9798,#9819,#9840));
#9797 = ORIENTED_EDGE('',*,*,#9773,.F.);
#9798 = ORIENTED_EDGE('',*,*,#9799,.T.);
#9799 = EDGE_CURVE('',#9753,#9800,#9802,.T.);
#9800 = VERTEX_POINT('',#9801);
#9801 = CARTESIAN_POINT('',(66.,-6.,120.));
#9802 = SURFACE_CURVE('',#9803,(#9807,#9813),.PCURVE_S1.);
#9803 = LINE('',#9804,#9805);
#9804 = CARTESIAN_POINT('',(66.,-8.25,120.));
#9805 = VECTOR('',#9806,1.);
#9806 = DIRECTION('',(0.,-1.,0.));
#9807 = PCURVE('',#4504,#9808);
#9808 = DEFINITIONAL_REPRESENTATION('',(#9809),#9812);
#9809 = B_SPLINE_CURVE_WITH_KNOTS('',1,(#9810,#9811),.UNSPECIFIED.,.F.,
  .F.,(2,2),(-14.25,-2.25),.PIECEWISE_BEZIER_KNOTS.);
#9810 = CARTESIAN_POINT('',(1.5,12.));
#9811 = CARTESIAN_POINT('',(1.5,0.));
#9812 = ( GEOMETRIC_REPRESENTATION_CONTEXT(2) 
PARAMETRIC_REPRESENTATION_CONTEXT() REPRESENTATION_CONTEXT('2D SPACE',''
  ) );
#9813 = PCURVE('',#4854,#9814);
#9814 = DEFINITIONAL_REPRESENTATION('',(#9815),#9818);
#9815 = B_SPLINE_CURVE_WITH_KNOTS('',1,(#9816,#9817),.UNSPECIFIED.,.F.,
  .F.,(2,2),(-14.25,-2.25),.PIECEWISE_BEZIER_KNOTS.);
#9816 = CARTESIAN_POINT('',(34.,-16.5));
#9817 = CARTESIAN_POINT('',(34.,-4.5));
#9818 = ( GEOMETRIC_REPRESENTATION_CONTEXT(2) 
PARAMETRIC_REPRESENTATION_CONTEXT() REPRESENTATION_CONTEXT('2D SPACE',''
  ) );
#9819 = ORIENTED_EDGE('',*,*,#9820,.T.);
#9820 = EDGE_CURVE('',#9800,#4464,#9821,.T.);
#9821 = SURFACE_CURVE('',#9822,(#9826,#9833),.PCURVE_S1.);
#9822 = LINE('',#9823,#9824);
#9823 = CARTESIAN_POINT('',(64.5,-6.,120.));
#9824 = VECTOR('',#9825,1.);
#9825 = DIRECTION('',(1.,0.,-0.));
#9826 = PCURVE('',#4504,#9827);
#9827 = DEFINITIONAL_REPRESENTATION('',(#9828),#9832);
#9828 = LINE('',#9829,#9830);
#9829 = CARTESIAN_POINT('',(0.,0.));
#9830 = VECTOR('',#9831,1.);
#9831 = DIRECTION('',(1.,0.));
#9832 = ( GEOMETRIC_REPRESENTATION_CONTEXT(2) 
PARAMETRIC_REPRESENTATION_CONTEXT() REPRESENTATION_CONTEXT('2D SPACE',''
  ) );
#9833 = PCURVE('',#4478,#9834);
#9834 = DEFINITIONAL_REPRESENTATION('',(#9835),#9839);
#9835 = LINE('',#9836,#9837);
#9836 = CARTESIAN_POINT('',(2.,0.));
#9837 = VECTOR('',#9838,1.);
#9838 = DIRECTION('',(0.,1.));
#9839 = ( GEOMETRIC_REPRESENTATION_CONTEXT(2) 
PARAMETRIC_REPRESENTATION_CONTEXT() REPRESENTATION_CONTEXT('2D SPACE',''
  ) );
#9840 = ORIENTED_EDGE('',*,*,#4489,.F.);
#9841 = ADVANCED_FACE('',(#9842),#4478,.T.);
#9842 = FACE_BOUND('',#9843,.T.);
#9843 = EDGE_LOOP('',(#9844,#9845,#9864,#9865));
#9844 = ORIENTED_EDGE('',*,*,#9726,.F.);
#9845 = ORIENTED_EDGE('',*,*,#9846,.T.);
#9846 = EDGE_CURVE('',#9706,#9800,#9847,.T.);
#9847 = SURFACE_CURVE('',#9848,(#9852,#9858),.PCURVE_S1.);
#9848 = LINE('',#9849,#9850);
#9849 = CARTESIAN_POINT('',(66.,-6.,102.));
#9850 = VECTOR('',#9851,1.);
#9851 = DIRECTION('',(0.,0.,1.));
#9852 = PCURVE('',#4478,#9853);
#9853 = DEFINITIONAL_REPRESENTATION('',(#9854),#9857);
#9854 = B_SPLINE_CURVE_WITH_KNOTS('',1,(#9855,#9856),.UNSPECIFIED.,.F.,
  .F.,(2,2),(16.,18.),.PIECEWISE_BEZIER_KNOTS.);
#9855 = CARTESIAN_POINT('',(0.,1.5));
#9856 = CARTESIAN_POINT('',(2.,1.5));
#9857 = ( GEOMETRIC_REPRESENTATION_CONTEXT(2) 
PARAMETRIC_REPRESENTATION_CONTEXT() REPRESENTATION_CONTEXT('2D SPACE',''
  ) );
#9858 = PCURVE('',#4854,#9859);
#9859 = DEFINITIONAL_REPRESENTATION('',(#9860),#9863);
#9860 = B_SPLINE_CURVE_WITH_KNOTS('',1,(#9861,#9862),.UNSPECIFIED.,.F.,
  .F.,(2,2),(16.,18.),.PIECEWISE_BEZIER_KNOTS.);
#9861 = CARTESIAN_POINT('',(32.,-4.5));
#9862 = CARTESIAN_POINT('',(34.,-4.5));
#9863 = ( GEOMETRIC_REPRESENTATION_CONTEXT(2) 
PARAMETRIC_REPRESENTATION_CONTEXT() REPRESENTATION_CONTEXT('2D SPACE',''
  ) );
#9864 = ORIENTED_EDGE('',*,*,#9820,.T.);
#9865 = ORIENTED_EDGE('',*,*,#4463,.F.);
#9866 = ADVANCED_FACE('',(#9867),#4602,.F.);
#9867 = FACE_BOUND('',#9868,.T.);
#9868 = EDGE_LOOP('',(#9869,#9892,#9893,#9894,#9917,#9946));
#9869 = ORIENTED_EDGE('',*,*,#9870,.F.);
#9870 = EDGE_CURVE('',#4543,#9871,#9873,.T.);
#9871 = VERTEX_POINT('',#9872);
#9872 = CARTESIAN_POINT('',(66.,-9.,131.25));
#9873 = SURFACE_CURVE('',#9874,(#9878,#9885),.PCURVE_S1.);
#9874 = LINE('',#9875,#9876);
#9875 = CARTESIAN_POINT('',(66.,-9.,86.));
#9876 = VECTOR('',#9877,1.);
#9877 = DIRECTION('',(0.,0.,1.));
#9878 = PCURVE('',#4602,#9879);
#9879 = DEFINITIONAL_REPRESENTATION('',(#9880),#9884);
#9880 = LINE('',#9881,#9882);
#9881 = CARTESIAN_POINT('',(-0.,0.));
#9882 = VECTOR('',#9883,1.);
#9883 = DIRECTION('',(-0.,1.));
#9884 = ( GEOMETRIC_REPRESENTATION_CONTEXT(2) 
PARAMETRIC_REPRESENTATION_CONTEXT() REPRESENTATION_CONTEXT('2D SPACE',''
  ) );
#9885 = PCURVE('',#4854,#9886);
#9886 = DEFINITIONAL_REPRESENTATION('',(#9887),#9891);
#9887 = LINE('',#9888,#9889);
#9888 = CARTESIAN_POINT('',(0.,-1.5));
#9889 = VECTOR('',#9890,1.);
#9890 = DIRECTION('',(1.,0.));
#9891 = ( GEOMETRIC_REPRESENTATION_CONTEXT(2) 
PARAMETRIC_REPRESENTATION_CONTEXT() REPRESENTATION_CONTEXT('2D SPACE',''
  ) );
#9892 = ORIENTED_EDGE('',*,*,#4574,.T.);
#9893 = ORIENTED_EDGE('',*,*,#9167,.T.);
#9894 = ORIENTED_EDGE('',*,*,#9895,.T.);
#9895 = EDGE_CURVE('',#9118,#9896,#9898,.T.);
#9896 = VERTEX_POINT('',#9897);
#9897 = CARTESIAN_POINT('',(64.5,-10.5,132.25));
#9898 = SURFACE_CURVE('',#9899,(#9903,#9910),.PCURVE_S1.);
#9899 = LINE('',#9900,#9901);
#9900 = CARTESIAN_POINT('',(64.5,-10.5,86.));
#9901 = VECTOR('',#9902,1.);
#9902 = DIRECTION('',(0.,0.,1.));
#9903 = PCURVE('',#4602,#9904);
#9904 = DEFINITIONAL_REPRESENTATION('',(#9905),#9909);
#9905 = LINE('',#9906,#9907);
#9906 = CARTESIAN_POINT('',(-1.570796326795,0.));
#9907 = VECTOR('',#9908,1.);
#9908 = DIRECTION('',(-0.,1.));
#9909 = ( GEOMETRIC_REPRESENTATION_CONTEXT(2) 
PARAMETRIC_REPRESENTATION_CONTEXT() REPRESENTATION_CONTEXT('2D SPACE',''
  ) );
#9910 = PCURVE('',#7146,#9911);
#9911 = DEFINITIONAL_REPRESENTATION('',(#9912),#9916);
#9912 = LINE('',#9913,#9914);
#9913 = CARTESIAN_POINT('',(0.,23.5));
#9914 = VECTOR('',#9915,1.);
#9915 = DIRECTION('',(1.,0.));
#9916 = ( GEOMETRIC_REPRESENTATION_CONTEXT(2) 
PARAMETRIC_REPRESENTATION_CONTEXT() REPRESENTATION_CONTEXT('2D SPACE',''
  ) );
#9917 = ORIENTED_EDGE('',*,*,#9918,.F.);
#9918 = EDGE_CURVE('',#9919,#9896,#9921,.T.);
#9919 = VERTEX_POINT('',#9920);
#9920 = CARTESIAN_POINT('',(65.494372212348,-10.12304225357,132.25));
#9921 = SURFACE_CURVE('',#9922,(#9927,#9934),.PCURVE_S1.);
#9922 = CIRCLE('',#9923,1.5);
#9923 = AXIS2_PLACEMENT_3D('',#9924,#9925,#9926);
#9924 = CARTESIAN_POINT('',(64.5,-9.,132.25));
#9925 = DIRECTION('',(0.,-0.,-1.));
#9926 = DIRECTION('',(1.,0.,-0.));
#9927 = PCURVE('',#4602,#9928);
#9928 = DEFINITIONAL_REPRESENTATION('',(#9929),#9933);
#9929 = LINE('',#9930,#9931);
#9930 = CARTESIAN_POINT('',(-0.,46.25));
#9931 = VECTOR('',#9932,1.);
#9932 = DIRECTION('',(-1.,0.));
#9933 = ( GEOMETRIC_REPRESENTATION_CONTEXT(2) 
PARAMETRIC_REPRESENTATION_CONTEXT() REPRESENTATION_CONTEXT('2D SPACE',''
  ) );
#9934 = PCURVE('',#9935,#9940);
#9935 = TOROIDAL_SURFACE('',#9936,0.75,0.75);
#9936 = AXIS2_PLACEMENT_3D('',#9937,#9938,#9939);
#9937 = CARTESIAN_POINT('',(64.5,-9.,132.25));
#9938 = DIRECTION('',(0.,0.,1.));
#9939 = DIRECTION('',(1.,0.,-0.));
#9940 = DEFINITIONAL_REPRESENTATION('',(#9941),#9945);
#9941 = LINE('',#9942,#9943);
#9942 = CARTESIAN_POINT('',(-0.,0.));
#9943 = VECTOR('',#9944,1.);
#9944 = DIRECTION('',(-1.,0.));
#9945 = ( GEOMETRIC_REPRESENTATION_CONTEXT(2) 
PARAMETRIC_REPRESENTATION_CONTEXT() REPRESENTATION_CONTEXT('2D SPACE',''
  ) );
#9946 = ORIENTED_EDGE('',*,*,#9947,.F.);
#9947 = EDGE_CURVE('',#9871,#9919,#9948,.T.);
#9948 = SURFACE_CURVE('',#9949,(#9967,#10018),.PCURVE_S1.);
#9949 = ( BOUNDED_CURVE() B_SPLINE_CURVE(6,(#9950,#9951,#9952,#9953,
    #9954,#9955,#9956,#9957,#9958,#9959,#9960,#9961,#9962,#9963,#9964,
#9965,#9966),.UNSPECIFIED.,.F.,.F.) B_SPLINE_CURVE_WITH_KNOTS((7,5,5,7),
  (24.481484690369,24.971923497502,25.497287303789,25.74199078073),
.UNSPECIFIED.) CURVE() GEOMETRIC_REPRESENTATION_ITEM() 
RATIONAL_B_SPLINE_CURVE((1.,1.,1.,1.,1.,1.,1.,1.,1.,1.,1.,1.,1.,1.,1.,1.
,1.)) REPRESENTATION_ITEM('') );
#9950 = CARTESIAN_POINT('',(66.,-9.,131.25));
#9951 = CARTESIAN_POINT('',(66.,-9.131204210142,131.25));
#9952 = CARTESIAN_POINT('',(65.986282862783,-9.261703580095,
    131.2724133156));
#9953 = CARTESIAN_POINT('',(65.958739818567,-9.383865560381,
    131.31730909239));
#9954 = CARTESIAN_POINT('',(65.923431324066,-9.490857055074,
    131.37646047825));
#9955 = CARTESIAN_POINT('',(65.884291813044,-9.584948981013,
    131.44386696924));
#9956 = CARTESIAN_POINT('',(65.79971209031,-9.755262118723,
    131.59378239722));
#9957 = CARTESIAN_POINT('',(65.754036472181,-9.829783803045,
    131.67704080496));
#9958 = CARTESIAN_POINT('',(65.709302130539,-9.892846754683,
    131.76134571851));
#9959 = CARTESIAN_POINT('',(65.665086407666,-9.948453053912,
    131.84772423179));
#9960 = CARTESIAN_POINT('',(65.622533417391,-9.996502603773,
    131.93535103754));
#9961 = CARTESIAN_POINT('',(65.566139176195,-10.05547123274,
    132.06035377884));
#9962 = CARTESIAN_POINT('',(65.549901297322,-10.07167762636,
    132.09829667879));
#9963 = CARTESIAN_POINT('',(65.534785402639,-10.08624747497,
    132.1355696992));
#9964 = CARTESIAN_POINT('',(65.520526905161,-10.09958193758,
    132.17292857023));
#9965 = CARTESIAN_POINT('',(65.507051942504,-10.11181527499,
    132.21091564441));
#9966 = CARTESIAN_POINT('',(65.494372212348,-10.12304225357,132.25));
#9967 = PCURVE('',#4602,#9968);
#9968 = DEFINITIONAL_REPRESENTATION('',(#9969),#10017);
#9969 = B_SPLINE_CURVE_WITH_KNOTS('',10,(#9970,#9971,#9972,#9973,#9974,
    #9975,#9976,#9977,#9978,#9979,#9980,#9981,#9982,#9983,#9984,#9985,
    #9986,#9987,#9988,#9989,#9990,#9991,#9992,#9993,#9994,#9995,#9996,
    #9997,#9998,#9999,#10000,#10001,#10002,#10003,#10004,#10005,#10006,
    #10007,#10008,#10009,#10010,#10011,#10012,#10013,#10014,#10015,
    #10016),.UNSPECIFIED.,.F.,.F.,(11,9,9,9,9,11),(24.481484690369,
    25.111737735549,25.426864258139,25.505645888787,25.584427519435,
    25.74199078073),.UNSPECIFIED.);
#9970 = CARTESIAN_POINT('',(5.551115123126E-17,45.25));
#9971 = CARTESIAN_POINT('',(-6.744315643881E-02,45.249999999999));
#9972 = CARTESIAN_POINT('',(-0.134619257035,45.262334655862));
#9973 = CARTESIAN_POINT('',(-0.200224890955,45.287056054864));
#9974 = CARTESIAN_POINT('',(-0.262681283568,45.322476883066));
#9975 = CARTESIAN_POINT('',(-0.321936599381,45.366433702916));
#9976 = CARTESIAN_POINT('',(-0.375900801895,45.416427955775));
#9977 = CARTESIAN_POINT('',(-0.427131838436,45.470217374512));
#9978 = CARTESIAN_POINT('',(-0.473892546078,45.526929987167));
#9979 = CARTESIAN_POINT('',(-0.517473217958,45.585190935812));
#9980 = CARTESIAN_POINT('',(-0.578351928681,45.674516522151));
#9981 = CARTESIAN_POINT('',(-0.597899911852,45.704605812336));
#9982 = CARTESIAN_POINT('',(-0.616754786441,45.734955300822));
#9983 = CARTESIAN_POINT('',(-0.634960930936,45.76552622732));
#9984 = CARTESIAN_POINT('',(-0.652553881341,45.796287949491));
#9985 = CARTESIAN_POINT('',(-0.669558922058,45.827210925885));
#9986 = CARTESIAN_POINT('',(-0.68598967673,45.858259697388));
#9987 = CARTESIAN_POINT('',(-0.701846699118,45.88938587022));
#9988 = CARTESIAN_POINT('',(-0.717116063961,45.92052109764));
#9989 = CARTESIAN_POINT('',(-0.735430931302,45.959332303734));
#9990 = CARTESIAN_POINT('',(-0.739052939151,45.967085246634));
#9991 = CARTESIAN_POINT('',(-0.742641124627,45.974839728218));
#9992 = CARTESIAN_POINT('',(-0.746190460966,45.982586789509));
#9993 = CARTESIAN_POINT('',(-0.749695565975,45.990316885741));
#9994 = CARTESIAN_POINT('',(-0.753156619186,45.998029497525));
#9995 = CARTESIAN_POINT('',(-0.756579381588,46.005733142308));
#9996 = CARTESIAN_POINT('',(-0.759969317939,46.013435787042));
#9997 = CARTESIAN_POINT('',(-0.763319821655,46.021125661096));
#9998 = CARTESIAN_POINT('',(-0.769869262889,46.036359279322));
#9999 = CARTESIAN_POINT('',(-0.773078297789,46.043919801746));
#10000 = CARTESIAN_POINT('',(-0.776225258321,46.051429961836));
#10001 = CARTESIAN_POINT('',(-0.779313512127,46.058895454031));
#10002 = CARTESIAN_POINT('',(-0.782346183137,46.06632174271));
#10003 = CARTESIAN_POINT('',(-0.785326151573,46.073714062395));
#10004 = CARTESIAN_POINT('',(-0.788256053943,46.081077417534));
#10005 = CARTESIAN_POINT('',(-0.79113828305,46.088416582676));
#10006 = CARTESIAN_POINT('',(-0.793974987981,46.095736102366));
#10007 = CARTESIAN_POINT('',(-0.802354246391,46.117648668841));
#10008 = CARTESIAN_POINT('',(-0.807767276311,46.132196877471));
#10009 = CARTESIAN_POINT('',(-0.813021081764,46.146718296019));
#10010 = CARTESIAN_POINT('',(-0.818127592637,46.161244294177));
#10011 = CARTESIAN_POINT('',(-0.823096750816,46.175804232501));
#10012 = CARTESIAN_POINT('',(-0.827936510189,46.190425462258));
#10013 = CARTESIAN_POINT('',(-0.83265283664,46.205133325596));
#10014 = CARTESIAN_POINT('',(-0.837249708055,46.219951155391));
#10015 = CARTESIAN_POINT('',(-0.84172911432,46.234900275362));
#10016 = CARTESIAN_POINT('',(-0.846091057319,46.249999999996));
#10017 = ( GEOMETRIC_REPRESENTATION_CONTEXT(2) 
PARAMETRIC_REPRESENTATION_CONTEXT() REPRESENTATION_CONTEXT('2D SPACE',''
  ) );
#10018 = PCURVE('',#6708,#10019);
#10019 = DEFINITIONAL_REPRESENTATION('',(#10020),#10024);
#10020 = LINE('',#10021,#10022);
#10021 = CARTESIAN_POINT('',(0.,0.));
#10022 = VECTOR('',#10023,1.);
#10023 = DIRECTION('',(0.,1.));
#10024 = ( GEOMETRIC_REPRESENTATION_CONTEXT(2) 
PARAMETRIC_REPRESENTATION_CONTEXT() REPRESENTATION_CONTEXT('2D SPACE',''
  ) );
#10025 = ADVANCED_FACE('',(#10026),#4729,.T.);
#10026 = FACE_BOUND('',#10027,.F.);
#10027 = EDGE_LOOP('',(#10028,#10029,#10030,#10052));
#10028 = ORIENTED_EDGE('',*,*,#9282,.F.);
#10029 = ORIENTED_EDGE('',*,*,#4714,.T.);
#10030 = ORIENTED_EDGE('',*,*,#10031,.T.);
#10031 = EDGE_CURVE('',#4692,#10032,#10034,.T.);
#10032 = VERTEX_POINT('',#10033);
#10033 = CARTESIAN_POINT('',(64.,-13.2,136.));
#10034 = SURFACE_CURVE('',#10035,(#10040,#10046),.PCURVE_S1.);
#10035 = CIRCLE('',#10036,0.8);
#10036 = AXIS2_PLACEMENT_3D('',#10037,#10038,#10039);
#10037 = CARTESIAN_POINT('',(64.,-13.2,135.2));
#10038 = DIRECTION('',(-1.,-6.123233995737E-17,0.));
#10039 = DIRECTION('',(6.123233995737E-17,-1.,-0.));
#10040 = PCURVE('',#4729,#10041);
#10041 = DEFINITIONAL_REPRESENTATION('',(#10042),#10045);
#10042 = B_SPLINE_CURVE_WITH_KNOTS('',1,(#10043,#10044),.UNSPECIFIED.,
  .F.,.F.,(2,2),(0.,1.570796326795),.PIECEWISE_BEZIER_KNOTS.);
#10043 = CARTESIAN_POINT('',(-1.570796326795,0.));
#10044 = CARTESIAN_POINT('',(-1.570796326795,1.570796326795));
#10045 = ( GEOMETRIC_REPRESENTATION_CONTEXT(2) 
PARAMETRIC_REPRESENTATION_CONTEXT() REPRESENTATION_CONTEXT('2D SPACE',''
  ) );
#10046 = PCURVE('',#7177,#10047);
#10047 = DEFINITIONAL_REPRESENTATION('',(#10048),#10051);
#10048 = B_SPLINE_CURVE_WITH_KNOTS('',1,(#10049,#10050),.UNSPECIFIED.,
  .F.,.F.,(2,2),(0.,1.570796326795),.PIECEWISE_BEZIER_KNOTS.);
#10049 = CARTESIAN_POINT('',(0.,0.));
#10050 = CARTESIAN_POINT('',(1.570796326795,0.));
#10051 = ( GEOMETRIC_REPRESENTATION_CONTEXT(2) 
PARAMETRIC_REPRESENTATION_CONTEXT() REPRESENTATION_CONTEXT('2D SPACE',''
  ) );
#10052 = ORIENTED_EDGE('',*,*,#10053,.F.);
#10053 = EDGE_CURVE('',#9260,#10032,#10054,.T.);
#10054 = SURFACE_CURVE('',#10055,(#10060,#10067),.PCURVE_S1.);
#10055 = CIRCLE('',#10056,3.2);
#10056 = AXIS2_PLACEMENT_3D('',#10057,#10058,#10059);
#10057 = CARTESIAN_POINT('',(64.,-10.,136.));
#10058 = DIRECTION('',(0.,-0.,-1.));
#10059 = DIRECTION('',(1.,0.,-0.));
#10060 = PCURVE('',#4729,#10061);
#10061 = DEFINITIONAL_REPRESENTATION('',(#10062),#10066);
#10062 = LINE('',#10063,#10064);
#10063 = CARTESIAN_POINT('',(-0.,1.570796326795));
#10064 = VECTOR('',#10065,1.);
#10065 = DIRECTION('',(-1.,0.));
#10066 = ( GEOMETRIC_REPRESENTATION_CONTEXT(2) 
PARAMETRIC_REPRESENTATION_CONTEXT() REPRESENTATION_CONTEXT('2D SPACE',''
  ) );
#10067 = PCURVE('',#7226,#10068);
#10068 = DEFINITIONAL_REPRESENTATION('',(#10069),#10077);
#10069 = ( BOUNDED_CURVE() B_SPLINE_CURVE(2,(#10070,#10071,#10072,#10073
    ,#10074,#10075,#10076),.UNSPECIFIED.,.T.,.F.) 
B_SPLINE_CURVE_WITH_KNOTS((1,2,2,2,2,1),(-2.094395102393,0.,
    2.094395102393,4.188790204786,6.28318530718,8.377580409573),
.UNSPECIFIED.) CURVE() GEOMETRIC_REPRESENTATION_ITEM() 
RATIONAL_B_SPLINE_CURVE((1.,0.5,1.,0.5,1.,0.5,1.)) REPRESENTATION_ITEM(
  '') );
#10070 = CARTESIAN_POINT('',(24.2,4.));
#10071 = CARTESIAN_POINT('',(24.2,-1.54256258422));
#10072 = CARTESIAN_POINT('',(19.4,1.22871870789));
#10073 = CARTESIAN_POINT('',(14.6,4.));
#10074 = CARTESIAN_POINT('',(19.4,6.77128129211));
#10075 = CARTESIAN_POINT('',(24.2,9.54256258422));
#10076 = CARTESIAN_POINT('',(24.2,4.));
#10077 = ( GEOMETRIC_REPRESENTATION_CONTEXT(2) 
PARAMETRIC_REPRESENTATION_CONTEXT() REPRESENTATION_CONTEXT('2D SPACE',''
  ) );
#10078 = ADVANCED_FACE('',(#10079),#4679,.T.);
#10079 = FACE_BOUND('',#10080,.T.);
#10080 = EDGE_LOOP('',(#10081,#10082,#10083,#10103));
#10081 = ORIENTED_EDGE('',*,*,#9213,.F.);
#10082 = ORIENTED_EDGE('',*,*,#4662,.T.);
#10083 = ORIENTED_EDGE('',*,*,#10084,.T.);
#10084 = EDGE_CURVE('',#4663,#8905,#10085,.T.);
#10085 = SURFACE_CURVE('',#10086,(#10091,#10097),.PCURVE_S1.);
#10086 = CIRCLE('',#10087,0.8);
#10087 = AXIS2_PLACEMENT_3D('',#10088,#10089,#10090);
#10088 = CARTESIAN_POINT('',(64.,-13.2,83.8));
#10089 = DIRECTION('',(1.,6.123233995737E-17,0.));
#10090 = DIRECTION('',(6.123233995737E-17,-1.,0.));
#10091 = PCURVE('',#4679,#10092);
#10092 = DEFINITIONAL_REPRESENTATION('',(#10093),#10096);
#10093 = B_SPLINE_CURVE_WITH_KNOTS('',1,(#10094,#10095),.UNSPECIFIED.,
  .F.,.F.,(2,2),(0.,1.570796326795),.PIECEWISE_BEZIER_KNOTS.);
#10094 = CARTESIAN_POINT('',(1.570796326795,0.));
#10095 = CARTESIAN_POINT('',(1.570796326795,1.570796326795));
#10096 = ( GEOMETRIC_REPRESENTATION_CONTEXT(2) 
PARAMETRIC_REPRESENTATION_CONTEXT() REPRESENTATION_CONTEXT('2D SPACE',''
  ) );
#10097 = PCURVE('',#7282,#10098);
#10098 = DEFINITIONAL_REPRESENTATION('',(#10099),#10102);
#10099 = B_SPLINE_CURVE_WITH_KNOTS('',1,(#10100,#10101),.UNSPECIFIED.,
  .F.,.F.,(2,2),(0.,1.570796326795),.PIECEWISE_BEZIER_KNOTS.);
#10100 = CARTESIAN_POINT('',(0.,0.));
#10101 = CARTESIAN_POINT('',(-1.570796326795,0.));
#10102 = ( GEOMETRIC_REPRESENTATION_CONTEXT(2) 
PARAMETRIC_REPRESENTATION_CONTEXT() REPRESENTATION_CONTEXT('2D SPACE',''
  ) );
#10103 = ORIENTED_EDGE('',*,*,#8927,.F.);
#10104 = ADVANCED_FACE('',(#10105,#10292,#10298,#10304),#4854,.F.);
#10105 = FACE_BOUND('',#10106,.F.);
#10106 = EDGE_LOOP('',(#10107,#10108,#10109,#10110,#10131,#10132,#10133,
    #10156,#10180,#10209,#10237,#10266));
#10107 = ORIENTED_EDGE('',*,*,#9870,.F.);
#10108 = ORIENTED_EDGE('',*,*,#4839,.F.);
#10109 = ORIENTED_EDGE('',*,*,#4894,.F.);
#10110 = ORIENTED_EDGE('',*,*,#10111,.F.);
#10111 = EDGE_CURVE('',#5221,#4872,#10112,.T.);
#10112 = SURFACE_CURVE('',#10113,(#10117,#10124),.PCURVE_S1.);
#10113 = LINE('',#10114,#10115);
#10114 = CARTESIAN_POINT('',(66.,9.,86.75));
#10115 = VECTOR('',#10116,1.);
#10116 = DIRECTION('',(0.,-1.,-0.));
#10117 = PCURVE('',#4854,#10118);
#10118 = DEFINITIONAL_REPRESENTATION('',(#10119),#10123);
#10119 = LINE('',#10120,#10121);
#10120 = CARTESIAN_POINT('',(0.75,-19.5));
#10121 = VECTOR('',#10122,1.);
#10122 = DIRECTION('',(0.,1.));
#10123 = ( GEOMETRIC_REPRESENTATION_CONTEXT(2) 
PARAMETRIC_REPRESENTATION_CONTEXT() REPRESENTATION_CONTEXT('2D SPACE',''
  ) );
#10124 = PCURVE('',#4979,#10125);
#10125 = DEFINITIONAL_REPRESENTATION('',(#10126),#10130);
#10126 = LINE('',#10127,#10128);
#10127 = CARTESIAN_POINT('',(-0.,0.));
#10128 = VECTOR('',#10129,1.);
#10129 = DIRECTION('',(-0.,1.));
#10130 = ( GEOMETRIC_REPRESENTATION_CONTEXT(2) 
PARAMETRIC_REPRESENTATION_CONTEXT() REPRESENTATION_CONTEXT('2D SPACE',''
  ) );
#10131 = ORIENTED_EDGE('',*,*,#5474,.F.);
#10132 = ORIENTED_EDGE('',*,*,#5533,.F.);
#10133 = ORIENTED_EDGE('',*,*,#10134,.T.);
#10134 = EDGE_CURVE('',#5505,#10135,#10137,.T.);
#10135 = VERTEX_POINT('',#10136);
#10136 = CARTESIAN_POINT('',(66.,9.,131.25));
#10137 = SURFACE_CURVE('',#10138,(#10142,#10149),.PCURVE_S1.);
#10138 = LINE('',#10139,#10140);
#10139 = CARTESIAN_POINT('',(66.,9.,86.));
#10140 = VECTOR('',#10141,1.);
#10141 = DIRECTION('',(0.,0.,1.));
#10142 = PCURVE('',#4854,#10143);
#10143 = DEFINITIONAL_REPRESENTATION('',(#10144),#10148);
#10144 = LINE('',#10145,#10146);
#10145 = CARTESIAN_POINT('',(0.,-19.5));
#10146 = VECTOR('',#10147,1.);
#10147 = DIRECTION('',(1.,0.));
#10148 = ( GEOMETRIC_REPRESENTATION_CONTEXT(2) 
PARAMETRIC_REPRESENTATION_CONTEXT() REPRESENTATION_CONTEXT('2D SPACE',''
  ) );
#10149 = PCURVE('',#5611,#10150);
#10150 = DEFINITIONAL_REPRESENTATION('',(#10151),#10155);
#10151 = LINE('',#10152,#10153);
#10152 = CARTESIAN_POINT('',(0.,0.));
#10153 = VECTOR('',#10154,1.);
#10154 = DIRECTION('',(0.,1.));
#10155 = ( GEOMETRIC_REPRESENTATION_CONTEXT(2) 
PARAMETRIC_REPRESENTATION_CONTEXT() REPRESENTATION_CONTEXT('2D SPACE',''
  ) );
#10156 = ORIENTED_EDGE('',*,*,#10157,.F.);
#10157 = EDGE_CURVE('',#10158,#10135,#10160,.T.);
#10158 = VERTEX_POINT('',#10159);
#10159 = CARTESIAN_POINT('',(66.,7.673378582401,131.85869565217));
#10160 = SURFACE_CURVE('',#10161,(#10166,#10173),.PCURVE_S1.);
#10161 = CIRCLE('',#10162,1.75);
#10162 = AXIS2_PLACEMENT_3D('',#10163,#10164,#10165);
#10163 = CARTESIAN_POINT('',(66.,9.,133.));
#10164 = DIRECTION('',(1.,0.,0.));
#10165 = DIRECTION('',(0.,-0.758069381484,-0.652173913045));
#10166 = PCURVE('',#4854,#10167);
#10167 = DEFINITIONAL_REPRESENTATION('',(#10168),#10172);
#10168 = CIRCLE('',#10169,1.75);
#10169 = AXIS2_PLACEMENT_2D('',#10170,#10171);
#10170 = CARTESIAN_POINT('',(47.,-19.5));
#10171 = DIRECTION('',(-0.652173913045,0.758069381484));
#10172 = ( GEOMETRIC_REPRESENTATION_CONTEXT(2) 
PARAMETRIC_REPRESENTATION_CONTEXT() REPRESENTATION_CONTEXT('2D SPACE',''
  ) );
#10173 = PCURVE('',#8203,#10174);
#10174 = DEFINITIONAL_REPRESENTATION('',(#10175),#10179);
#10175 = LINE('',#10176,#10177);
#10176 = CARTESIAN_POINT('',(0.,4.712388980385));
#10177 = VECTOR('',#10178,1.);
#10178 = DIRECTION('',(1.,0.));
#10179 = ( GEOMETRIC_REPRESENTATION_CONTEXT(2) 
PARAMETRIC_REPRESENTATION_CONTEXT() REPRESENTATION_CONTEXT('2D SPACE',''
  ) );
#10180 = ORIENTED_EDGE('',*,*,#10181,.F.);
#10181 = EDGE_CURVE('',#10182,#10158,#10184,.T.);
#10182 = VERTEX_POINT('',#10183);
#10183 = CARTESIAN_POINT('',(66.,7.435693123033,132.25));
#10184 = SURFACE_CURVE('',#10185,(#10192,#10202),.PCURVE_S1.);
#10185 = ( BOUNDED_CURVE() B_SPLINE_CURVE(5,(#10186,#10187,#10188,#10189
,#10190,#10191),.UNSPECIFIED.,.F.,.F.) B_SPLINE_CURVE_WITH_KNOTS((6,6),(
23.204911161059,23.492084813712),.PIECEWISE_BEZIER_KNOTS.) CURVE() 
GEOMETRIC_REPRESENTATION_ITEM() RATIONAL_B_SPLINE_CURVE((1.,1.,1.,1.,1.,
1.)) REPRESENTATION_ITEM('') );
#10186 = CARTESIAN_POINT('',(66.,7.435693123033,132.25));
#10187 = CARTESIAN_POINT('',(66.,7.46913989743,132.16257644777));
#10188 = CARTESIAN_POINT('',(66.,7.510455162269,132.08055789162));
#10189 = CARTESIAN_POINT('',(66.,7.558648008638,132.00265724951));
#10190 = CARTESIAN_POINT('',(66.,7.613251619202,131.92858561387));
#10191 = CARTESIAN_POINT('',(66.,7.673378582401,131.85869565217));
#10192 = PCURVE('',#4854,#10193);
#10193 = DEFINITIONAL_REPRESENTATION('',(#10194),#10201);
#10194 = B_SPLINE_CURVE_WITH_KNOTS('',5,(#10195,#10196,#10197,#10198,
    #10199,#10200),.UNSPECIFIED.,.F.,.F.,(6,6),(23.204911161059,
    23.492084813712),.PIECEWISE_BEZIER_KNOTS.);
#10195 = CARTESIAN_POINT('',(46.25,-17.93569312303));
#10196 = CARTESIAN_POINT('',(46.162576447776,-17.96913989743));
#10197 = CARTESIAN_POINT('',(46.080557891623,-18.01045516226));
#10198 = CARTESIAN_POINT('',(46.002657249515,-18.05864800863));
#10199 = CARTESIAN_POINT('',(45.928585613871,-18.1132516192));
#10200 = CARTESIAN_POINT('',(45.858695652174,-18.1733785824));
#10201 = ( GEOMETRIC_REPRESENTATION_CONTEXT(2) 
PARAMETRIC_REPRESENTATION_CONTEXT() REPRESENTATION_CONTEXT('2D SPACE',''
  ) );
#10202 = PCURVE('',#8162,#10203);
#10203 = DEFINITIONAL_REPRESENTATION('',(#10204),#10208);
#10204 = LINE('',#10205,#10206);
#10205 = CARTESIAN_POINT('',(0.287173652653,0.));
#10206 = VECTOR('',#10207,1.);
#10207 = DIRECTION('',(0.,1.));
#10208 = ( GEOMETRIC_REPRESENTATION_CONTEXT(2) 
PARAMETRIC_REPRESENTATION_CONTEXT() REPRESENTATION_CONTEXT('2D SPACE',''
  ) );
#10209 = ORIENTED_EDGE('',*,*,#10210,.T.);
#10210 = EDGE_CURVE('',#10182,#10211,#10213,.T.);
#10211 = VERTEX_POINT('',#10212);
#10212 = CARTESIAN_POINT('',(66.,-7.435691386308,132.25));
#10213 = SURFACE_CURVE('',#10214,(#10218,#10225),.PCURVE_S1.);
#10214 = LINE('',#10215,#10216);
#10215 = CARTESIAN_POINT('',(66.,9.,132.25));
#10216 = VECTOR('',#10217,1.);
#10217 = DIRECTION('',(0.,-1.,-0.));
#10218 = PCURVE('',#4854,#10219);
#10219 = DEFINITIONAL_REPRESENTATION('',(#10220),#10224);
#10220 = LINE('',#10221,#10222);
#10221 = CARTESIAN_POINT('',(46.25,-19.5));
#10222 = VECTOR('',#10223,1.);
#10223 = DIRECTION('',(0.,1.));
#10224 = ( GEOMETRIC_REPRESENTATION_CONTEXT(2) 
PARAMETRIC_REPRESENTATION_CONTEXT() REPRESENTATION_CONTEXT('2D SPACE',''
  ) );
#10225 = PCURVE('',#10226,#10231);
#10226 = CYLINDRICAL_SURFACE('',#10227,0.75);
#10227 = AXIS2_PLACEMENT_3D('',#10228,#10229,#10230);
#10228 = CARTESIAN_POINT('',(65.25,9.,132.25));
#10229 = DIRECTION('',(0.,-1.,-0.));
#10230 = DIRECTION('',(1.,0.,0.));
#10231 = DEFINITIONAL_REPRESENTATION('',(#10232),#10236);
#10232 = LINE('',#10233,#10234);
#10233 = CARTESIAN_POINT('',(0.,0.));
#10234 = VECTOR('',#10235,1.);
#10235 = DIRECTION('',(0.,1.));
#10236 = ( GEOMETRIC_REPRESENTATION_CONTEXT(2) 
PARAMETRIC_REPRESENTATION_CONTEXT() REPRESENTATION_CONTEXT('2D SPACE',''
  ) );
#10237 = ORIENTED_EDGE('',*,*,#10238,.T.);
#10238 = EDGE_CURVE('',#10211,#10239,#10241,.T.);
#10239 = VERTEX_POINT('',#10240);
#10240 = CARTESIAN_POINT('',(66.,-7.6733785824,131.85869565217));
#10241 = SURFACE_CURVE('',#10242,(#10249,#10259),.PCURVE_S1.);
#10242 = ( BOUNDED_CURVE() B_SPLINE_CURVE(5,(#10243,#10244,#10245,#10246
,#10247,#10248),.UNSPECIFIED.,.F.,.F.) B_SPLINE_CURVE_WITH_KNOTS((6,6),(
23.205087522159,23.492084814393),.PIECEWISE_BEZIER_KNOTS.) CURVE() 
GEOMETRIC_REPRESENTATION_ITEM() RATIONAL_B_SPLINE_CURVE((1.,1.,1.,1.,1.,
1.)) REPRESENTATION_ITEM('') );
#10243 = CARTESIAN_POINT('',(66.,-7.435691386308,132.25));
#10244 = CARTESIAN_POINT('',(66.,-7.469148599212,132.16255153881));
#10245 = CARTESIAN_POINT('',(66.,-7.51052116498,132.08041647844));
#10246 = CARTESIAN_POINT('',(66.,-7.55872865656,132.00258118517));
#10247 = CARTESIAN_POINT('',(66.,-7.61319463331,131.92865185273));
#10248 = CARTESIAN_POINT('',(66.,-7.6733785824,131.85869565217));
#10249 = PCURVE('',#4854,#10250);
#10250 = DEFINITIONAL_REPRESENTATION('',(#10251),#10258);
#10251 = B_SPLINE_CURVE_WITH_KNOTS('',5,(#10252,#10253,#10254,#10255,
    #10256,#10257),.UNSPECIFIED.,.F.,.F.,(6,6),(23.205087522159,
    23.492084814393),.PIECEWISE_BEZIER_KNOTS.);
#10252 = CARTESIAN_POINT('',(46.25,-3.064308613692));
#10253 = CARTESIAN_POINT('',(46.162551538812,-3.030851400788));
#10254 = CARTESIAN_POINT('',(46.08041647844,-2.98947883502));
#10255 = CARTESIAN_POINT('',(46.002581185172,-2.94127134344));
#10256 = CARTESIAN_POINT('',(45.928651852736,-2.88680536669));
#10257 = CARTESIAN_POINT('',(45.858695652174,-2.8266214176));
#10258 = ( GEOMETRIC_REPRESENTATION_CONTEXT(2) 
PARAMETRIC_REPRESENTATION_CONTEXT() REPRESENTATION_CONTEXT('2D SPACE',''
  ) );
#10259 = PCURVE('',#6144,#10260);
#10260 = DEFINITIONAL_REPRESENTATION('',(#10261),#10265);
#10261 = LINE('',#10262,#10263);
#10262 = CARTESIAN_POINT('',(0.,0.));
#10263 = VECTOR('',#10264,1.);
#10264 = DIRECTION('',(0.,1.));
#10265 = ( GEOMETRIC_REPRESENTATION_CONTEXT(2) 
PARAMETRIC_REPRESENTATION_CONTEXT() REPRESENTATION_CONTEXT('2D SPACE',''
  ) );
#10266 = ORIENTED_EDGE('',*,*,#10267,.T.);
#10267 = EDGE_CURVE('',#10239,#9871,#10268,.T.);
#10268 = SURFACE_CURVE('',#10269,(#10274,#10285),.PCURVE_S1.);
#10269 = CIRCLE('',#10270,1.75);
#10270 = AXIS2_PLACEMENT_3D('',#10271,#10272,#10273);
#10271 = CARTESIAN_POINT('',(66.,-9.,133.));
#10272 = DIRECTION('',(-1.,-0.,0.));
#10273 = DIRECTION('',(-0.,0.758069381484,-0.652173913045));
#10274 = PCURVE('',#4854,#10275);
#10275 = DEFINITIONAL_REPRESENTATION('',(#10276),#10284);
#10276 = ( BOUNDED_CURVE() B_SPLINE_CURVE(2,(#10277,#10278,#10279,#10280
    ,#10281,#10282,#10283),.UNSPECIFIED.,.T.,.F.) 
B_SPLINE_CURVE_WITH_KNOTS((1,2,2,2,2,1),(-2.094395102393,0.,
    2.094395102393,4.188790204786,6.28318530718,8.377580409573),
.UNSPECIFIED.) CURVE() GEOMETRIC_REPRESENTATION_ITEM() 
RATIONAL_B_SPLINE_CURVE((1.,0.5,1.,0.5,1.,0.5,1.)) REPRESENTATION_ITEM(
  '') );
#10277 = CARTESIAN_POINT('',(45.858695652172,-2.826621417597));
#10278 = CARTESIAN_POINT('',(43.560919954484,-0.849824300259));
#10279 = CARTESIAN_POINT('',(46.42176432507,0.151709267468));
#10280 = CARTESIAN_POINT('',(49.282608695657,1.153242835195));
#10281 = CARTESIAN_POINT('',(48.719540022758,-1.82508784987));
#10282 = CARTESIAN_POINT('',(48.156471349859,-4.803418534935));
#10283 = CARTESIAN_POINT('',(45.858695652172,-2.826621417597));
#10284 = ( GEOMETRIC_REPRESENTATION_CONTEXT(2) 
PARAMETRIC_REPRESENTATION_CONTEXT() REPRESENTATION_CONTEXT('2D SPACE',''
  ) );
#10285 = PCURVE('',#6110,#10286);
#10286 = DEFINITIONAL_REPRESENTATION('',(#10287),#10291);
#10287 = LINE('',#10288,#10289);
#10288 = CARTESIAN_POINT('',(0.,1.570796326795));
#10289 = VECTOR('',#10290,1.);
#10290 = DIRECTION('',(1.,0.));
#10291 = ( GEOMETRIC_REPRESENTATION_CONTEXT(2) 
PARAMETRIC_REPRESENTATION_CONTEXT() REPRESENTATION_CONTEXT('2D SPACE',''
  ) );
#10292 = FACE_BOUND('',#10293,.F.);
#10293 = EDGE_LOOP('',(#10294,#10295,#10296,#10297));
#10294 = ORIENTED_EDGE('',*,*,#9329,.T.);
#10295 = ORIENTED_EDGE('',*,*,#9423,.T.);
#10296 = ORIENTED_EDGE('',*,*,#9470,.F.);
#10297 = ORIENTED_EDGE('',*,*,#9376,.F.);
#10298 = FACE_BOUND('',#10299,.F.);
#10299 = EDGE_LOOP('',(#10300,#10301,#10302,#10303));
#10300 = ORIENTED_EDGE('',*,*,#9517,.T.);
#10301 = ORIENTED_EDGE('',*,*,#9611,.T.);
#10302 = ORIENTED_EDGE('',*,*,#9658,.F.);
#10303 = ORIENTED_EDGE('',*,*,#9564,.F.);
#10304 = FACE_BOUND('',#10305,.F.);
#10305 = EDGE_LOOP('',(#10306,#10307,#10308,#10309));
#10306 = ORIENTED_EDGE('',*,*,#9705,.T.);
#10307 = ORIENTED_EDGE('',*,*,#9846,.T.);
#10308 = ORIENTED_EDGE('',*,*,#9799,.F.);
#10309 = ORIENTED_EDGE('',*,*,#9752,.F.);
#10310 = ADVANCED_FACE('',(#10311),#4979,.F.);
#10311 = FACE_BOUND('',#10312,.T.);
#10312 = EDGE_LOOP('',(#10313,#10314,#10315,#10316));
#10313 = ORIENTED_EDGE('',*,*,#10111,.F.);
#10314 = ORIENTED_EDGE('',*,*,#5243,.T.);
#10315 = ORIENTED_EDGE('',*,*,#5087,.T.);
#10316 = ORIENTED_EDGE('',*,*,#4954,.T.);
#10317 = ADVANCED_FACE('',(#10318),#5130,.T.);
#10318 = FACE_BOUND('',#10319,.T.);
#10319 = EDGE_LOOP('',(#10320,#10341,#10342,#10363));
#10320 = ORIENTED_EDGE('',*,*,#10321,.F.);
#10321 = EDGE_CURVE('',#9031,#5114,#10322,.T.);
#10322 = SURFACE_CURVE('',#10323,(#10327,#10334),.PCURVE_S1.);
#10323 = LINE('',#10324,#10325);
#10324 = CARTESIAN_POINT('',(53.5,-4.,81.));
#10325 = VECTOR('',#10326,1.);
#10326 = DIRECTION('',(0.,0.,1.));
#10327 = PCURVE('',#5130,#10328);
#10328 = DEFINITIONAL_REPRESENTATION('',(#10329),#10333);
#10329 = LINE('',#10330,#10331);
#10330 = CARTESIAN_POINT('',(0.,9.));
#10331 = VECTOR('',#10332,1.);
#10332 = DIRECTION('',(1.,0.));
#10333 = ( GEOMETRIC_REPRESENTATION_CONTEXT(2) 
PARAMETRIC_REPRESENTATION_CONTEXT() REPRESENTATION_CONTEXT('2D SPACE',''
  ) );
#10334 = PCURVE('',#5206,#10335);
#10335 = DEFINITIONAL_REPRESENTATION('',(#10336),#10340);
#10336 = LINE('',#10337,#10338);
#10337 = CARTESIAN_POINT('',(0.,0.));
#10338 = VECTOR('',#10339,1.);
#10339 = DIRECTION('',(1.,0.));
#10340 = ( GEOMETRIC_REPRESENTATION_CONTEXT(2) 
PARAMETRIC_REPRESENTATION_CONTEXT() REPRESENTATION_CONTEXT('2D SPACE',''
  ) );
#10341 = ORIENTED_EDGE('',*,*,#9030,.T.);
#10342 = ORIENTED_EDGE('',*,*,#10343,.T.);
#10343 = EDGE_CURVE('',#9033,#5116,#10344,.T.);
#10344 = SURFACE_CURVE('',#10345,(#10349,#10356),.PCURVE_S1.);
#10345 = LINE('',#10346,#10347);
#10346 = CARTESIAN_POINT('',(44.5,-4.,81.));
#10347 = VECTOR('',#10348,1.);
#10348 = DIRECTION('',(0.,0.,1.));
#10349 = PCURVE('',#5130,#10350);
#10350 = DEFINITIONAL_REPRESENTATION('',(#10351),#10355);
#10351 = LINE('',#10352,#10353);
#10352 = CARTESIAN_POINT('',(0.,0.));
#10353 = VECTOR('',#10354,1.);
#10354 = DIRECTION('',(1.,0.));
#10355 = ( GEOMETRIC_REPRESENTATION_CONTEXT(2) 
PARAMETRIC_REPRESENTATION_CONTEXT() REPRESENTATION_CONTEXT('2D SPACE',''
  ) );
#10356 = PCURVE('',#5156,#10357);
#10357 = DEFINITIONAL_REPRESENTATION('',(#10358),#10362);
#10358 = LINE('',#10359,#10360);
#10359 = CARTESIAN_POINT('',(0.,0.));
#10360 = VECTOR('',#10361,1.);
#10361 = DIRECTION('',(1.,0.));
#10362 = ( GEOMETRIC_REPRESENTATION_CONTEXT(2) 
PARAMETRIC_REPRESENTATION_CONTEXT() REPRESENTATION_CONTEXT('2D SPACE',''
  ) );
#10363 = ORIENTED_EDGE('',*,*,#5113,.F.);
#10364 = ADVANCED_FACE('',(#10365),#5206,.F.);
#10365 = FACE_BOUND('',#10366,.F.);
#10366 = EDGE_LOOP('',(#10367,#10368,#10369,#10390));
#10367 = ORIENTED_EDGE('',*,*,#10321,.F.);
#10368 = ORIENTED_EDGE('',*,*,#9095,.T.);
#10369 = ORIENTED_EDGE('',*,*,#10370,.T.);
#10370 = EDGE_CURVE('',#9075,#5168,#10371,.T.);
#10371 = SURFACE_CURVE('',#10372,(#10376,#10383),.PCURVE_S1.);
#10372 = LINE('',#10373,#10374);
#10373 = CARTESIAN_POINT('',(53.5,4.,81.));
#10374 = VECTOR('',#10375,1.);
#10375 = DIRECTION('',(0.,0.,1.));
#10376 = PCURVE('',#5206,#10377);
#10377 = DEFINITIONAL_REPRESENTATION('',(#10378),#10382);
#10378 = LINE('',#10379,#10380);
#10379 = CARTESIAN_POINT('',(0.,-8.));
#10380 = VECTOR('',#10381,1.);
#10381 = DIRECTION('',(1.,0.));
#10382 = ( GEOMETRIC_REPRESENTATION_CONTEXT(2) 
PARAMETRIC_REPRESENTATION_CONTEXT() REPRESENTATION_CONTEXT('2D SPACE',''
  ) );
#10383 = PCURVE('',#5182,#10384);
#10384 = DEFINITIONAL_REPRESENTATION('',(#10385),#10389);
#10385 = LINE('',#10386,#10387);
#10386 = CARTESIAN_POINT('',(0.,9.));
#10387 = VECTOR('',#10388,1.);
#10388 = DIRECTION('',(1.,0.));
#10389 = ( GEOMETRIC_REPRESENTATION_CONTEXT(2) 
PARAMETRIC_REPRESENTATION_CONTEXT() REPRESENTATION_CONTEXT('2D SPACE',''
  ) );
#10390 = ORIENTED_EDGE('',*,*,#5193,.F.);
#10391 = ADVANCED_FACE('',(#10392),#5182,.F.);
#10392 = FACE_BOUND('',#10393,.F.);
#10393 = EDGE_LOOP('',(#10394,#10395,#10396,#10417));
#10394 = ORIENTED_EDGE('',*,*,#10370,.F.);
#10395 = ORIENTED_EDGE('',*,*,#9074,.T.);
#10396 = ORIENTED_EDGE('',*,*,#10397,.T.);
#10397 = EDGE_CURVE('',#9054,#5142,#10398,.T.);
#10398 = SURFACE_CURVE('',#10399,(#10403,#10410),.PCURVE_S1.);
#10399 = LINE('',#10400,#10401);
#10400 = CARTESIAN_POINT('',(44.5,4.,81.));
#10401 = VECTOR('',#10402,1.);
#10402 = DIRECTION('',(0.,0.,1.));
#10403 = PCURVE('',#5182,#10404);
#10404 = DEFINITIONAL_REPRESENTATION('',(#10405),#10409);
#10405 = LINE('',#10406,#10407);
#10406 = CARTESIAN_POINT('',(0.,0.));
#10407 = VECTOR('',#10408,1.);
#10408 = DIRECTION('',(1.,0.));
#10409 = ( GEOMETRIC_REPRESENTATION_CONTEXT(2) 
PARAMETRIC_REPRESENTATION_CONTEXT() REPRESENTATION_CONTEXT('2D SPACE',''
  ) );
#10410 = PCURVE('',#5156,#10411);
#10411 = DEFINITIONAL_REPRESENTATION('',(#10412),#10416);
#10412 = LINE('',#10413,#10414);
#10413 = CARTESIAN_POINT('',(0.,-8.));
#10414 = VECTOR('',#10415,1.);
#10415 = DIRECTION('',(1.,0.));
#10416 = ( GEOMETRIC_REPRESENTATION_CONTEXT(2) 
PARAMETRIC_REPRESENTATION_CONTEXT() REPRESENTATION_CONTEXT('2D SPACE',''
  ) );
#10417 = ORIENTED_EDGE('',*,*,#5167,.F.);
#10418 = ADVANCED_FACE('',(#10419),#5156,.T.);
#10419 = FACE_BOUND('',#10420,.T.);
#10420 = EDGE_LOOP('',(#10421,#10422,#10423,#10424));
#10421 = ORIENTED_EDGE('',*,*,#10343,.F.);
#10422 = ORIENTED_EDGE('',*,*,#9053,.T.);
#10423 = ORIENTED_EDGE('',*,*,#10397,.T.);
#10424 = ORIENTED_EDGE('',*,*,#5141,.F.);
#10425 = ADVANCED_FACE('',(#10426),#5361,.T.);
#10426 = FACE_BOUND('',#10427,.F.);
#10427 = EDGE_LOOP('',(#10428,#10450,#10451,#10452));
#10428 = ORIENTED_EDGE('',*,*,#10429,.F.);
#10429 = EDGE_CURVE('',#5324,#10430,#10432,.T.);
#10430 = VERTEX_POINT('',#10431);
#10431 = CARTESIAN_POINT('',(64.,13.2,136.));
#10432 = SURFACE_CURVE('',#10433,(#10438,#10444),.PCURVE_S1.);
#10433 = CIRCLE('',#10434,0.8);
#10434 = AXIS2_PLACEMENT_3D('',#10435,#10436,#10437);
#10435 = CARTESIAN_POINT('',(64.,13.2,135.2));
#10436 = DIRECTION('',(1.,0.,-0.));
#10437 = DIRECTION('',(0.,1.,0.));
#10438 = PCURVE('',#5361,#10439);
#10439 = DEFINITIONAL_REPRESENTATION('',(#10440),#10443);
#10440 = B_SPLINE_CURVE_WITH_KNOTS('',1,(#10441,#10442),.UNSPECIFIED.,
  .F.,.F.,(2,2),(0.,1.570796326795),.PIECEWISE_BEZIER_KNOTS.);
#10441 = CARTESIAN_POINT('',(0.,0.));
#10442 = CARTESIAN_POINT('',(0.,1.570796326795));
#10443 = ( GEOMETRIC_REPRESENTATION_CONTEXT(2) 
PARAMETRIC_REPRESENTATION_CONTEXT() REPRESENTATION_CONTEXT('2D SPACE',''
  ) );
#10444 = PCURVE('',#8565,#10445);
#10445 = DEFINITIONAL_REPRESENTATION('',(#10446),#10449);
#10446 = B_SPLINE_CURVE_WITH_KNOTS('',1,(#10447,#10448),.UNSPECIFIED.,
  .F.,.F.,(2,2),(0.,1.570796326795),.PIECEWISE_BEZIER_KNOTS.);
#10447 = CARTESIAN_POINT('',(0.,17.));
#10448 = CARTESIAN_POINT('',(1.570796326795,17.));
#10449 = ( GEOMETRIC_REPRESENTATION_CONTEXT(2) 
PARAMETRIC_REPRESENTATION_CONTEXT() REPRESENTATION_CONTEXT('2D SPACE',''
  ) );
#10450 = ORIENTED_EDGE('',*,*,#5346,.T.);
#10451 = ORIENTED_EDGE('',*,*,#9237,.T.);
#10452 = ORIENTED_EDGE('',*,*,#10453,.F.);
#10453 = EDGE_CURVE('',#10430,#9238,#10454,.T.);
#10454 = SURFACE_CURVE('',#10455,(#10460,#10467),.PCURVE_S1.);
#10455 = CIRCLE('',#10456,3.2);
#10456 = AXIS2_PLACEMENT_3D('',#10457,#10458,#10459);
#10457 = CARTESIAN_POINT('',(64.,10.,136.));
#10458 = DIRECTION('',(0.,-0.,-1.));
#10459 = DIRECTION('',(0.,1.,-0.));
#10460 = PCURVE('',#5361,#10461);
#10461 = DEFINITIONAL_REPRESENTATION('',(#10462),#10466);
#10462 = LINE('',#10463,#10464);
#10463 = CARTESIAN_POINT('',(-0.,1.570796326795));
#10464 = VECTOR('',#10465,1.);
#10465 = DIRECTION('',(-1.,0.));
#10466 = ( GEOMETRIC_REPRESENTATION_CONTEXT(2) 
PARAMETRIC_REPRESENTATION_CONTEXT() REPRESENTATION_CONTEXT('2D SPACE',''
  ) );
#10467 = PCURVE('',#7226,#10468);
#10468 = DEFINITIONAL_REPRESENTATION('',(#10469),#10477);
#10469 = ( BOUNDED_CURVE() B_SPLINE_CURVE(2,(#10470,#10471,#10472,#10473
    ,#10474,#10475,#10476),.UNSPECIFIED.,.T.,.F.) 
B_SPLINE_CURVE_WITH_KNOTS((1,2,2,2,2,1),(-2.094395102393,0.,
    2.094395102393,4.188790204786,6.28318530718,8.377580409573),
.UNSPECIFIED.) CURVE() GEOMETRIC_REPRESENTATION_ITEM() 
RATIONAL_B_SPLINE_CURVE((1.,0.5,1.,0.5,1.,0.5,1.)) REPRESENTATION_ITEM(
  '') );
#10470 = CARTESIAN_POINT('',(21.,27.2));
#10471 = CARTESIAN_POINT('',(26.54256258422,27.2));
#10472 = CARTESIAN_POINT('',(23.77128129211,22.4));
#10473 = CARTESIAN_POINT('',(21.,17.6));
#10474 = CARTESIAN_POINT('',(18.22871870789,22.4));
#10475 = CARTESIAN_POINT('',(15.45743741578,27.2));
#10476 = CARTESIAN_POINT('',(21.,27.2));
#10477 = ( GEOMETRIC_REPRESENTATION_CONTEXT(2) 
PARAMETRIC_REPRESENTATION_CONTEXT() REPRESENTATION_CONTEXT('2D SPACE',''
  ) );
#10478 = ADVANCED_FACE('',(#10479),#5311,.T.);
#10479 = FACE_BOUND('',#10480,.T.);
#10480 = EDGE_LOOP('',(#10481,#10501,#10502,#10503));
#10481 = ORIENTED_EDGE('',*,*,#10482,.F.);
#10482 = EDGE_CURVE('',#5295,#8979,#10483,.T.);
#10483 = SURFACE_CURVE('',#10484,(#10489,#10495),.PCURVE_S1.);
#10484 = CIRCLE('',#10485,0.8);
#10485 = AXIS2_PLACEMENT_3D('',#10486,#10487,#10488);
#10486 = CARTESIAN_POINT('',(64.,13.2,83.8));
#10487 = DIRECTION('',(-1.,0.,0.));
#10488 = DIRECTION('',(0.,1.,0.));
#10489 = PCURVE('',#5311,#10490);
#10490 = DEFINITIONAL_REPRESENTATION('',(#10491),#10494);
#10491 = B_SPLINE_CURVE_WITH_KNOTS('',1,(#10492,#10493),.UNSPECIFIED.,
  .F.,.F.,(2,2),(0.,1.570796326795),.PIECEWISE_BEZIER_KNOTS.);
#10492 = CARTESIAN_POINT('',(0.,0.));
#10493 = CARTESIAN_POINT('',(0.,1.570796326795));
#10494 = ( GEOMETRIC_REPRESENTATION_CONTEXT(2) 
PARAMETRIC_REPRESENTATION_CONTEXT() REPRESENTATION_CONTEXT('2D SPACE',''
  ) );
#10495 = PCURVE('',#8642,#10496);
#10496 = DEFINITIONAL_REPRESENTATION('',(#10497),#10500);
#10497 = B_SPLINE_CURVE_WITH_KNOTS('',1,(#10498,#10499),.UNSPECIFIED.,
  .F.,.F.,(2,2),(0.,1.570796326795),.PIECEWISE_BEZIER_KNOTS.);
#10498 = CARTESIAN_POINT('',(0.,17.));
#10499 = CARTESIAN_POINT('',(-1.570796326795,17.));
#10500 = ( GEOMETRIC_REPRESENTATION_CONTEXT(2) 
PARAMETRIC_REPRESENTATION_CONTEXT() REPRESENTATION_CONTEXT('2D SPACE',''
  ) );
#10501 = ORIENTED_EDGE('',*,*,#5294,.T.);
#10502 = ORIENTED_EDGE('',*,*,#9192,.T.);
#10503 = ORIENTED_EDGE('',*,*,#8978,.F.);
#10504 = ADVANCED_FACE('',(#10505),#5611,.F.);
#10505 = FACE_BOUND('',#10506,.F.);
#10506 = EDGE_LOOP('',(#10507,#10508,#10509,#10533,#10556,#10585));
#10507 = ORIENTED_EDGE('',*,*,#10134,.F.);
#10508 = ORIENTED_EDGE('',*,*,#5583,.F.);
#10509 = ORIENTED_EDGE('',*,*,#10510,.F.);
#10510 = EDGE_CURVE('',#10511,#5561,#10513,.T.);
#10511 = VERTEX_POINT('',#10512);
#10512 = CARTESIAN_POINT('',(64.5,10.5,86.75));
#10513 = SURFACE_CURVE('',#10514,(#10519,#10526),.PCURVE_S1.);
#10514 = CIRCLE('',#10515,1.5);
#10515 = AXIS2_PLACEMENT_3D('',#10516,#10517,#10518);
#10516 = CARTESIAN_POINT('',(64.5,9.,86.75));
#10517 = DIRECTION('',(0.,-0.,-1.));
#10518 = DIRECTION('',(0.,1.,-0.));
#10519 = PCURVE('',#5611,#10520);
#10520 = DEFINITIONAL_REPRESENTATION('',(#10521),#10525);
#10521 = LINE('',#10522,#10523);
#10522 = CARTESIAN_POINT('',(1.570796326795,0.75));
#10523 = VECTOR('',#10524,1.);
#10524 = DIRECTION('',(-1.,-0.));
#10525 = ( GEOMETRIC_REPRESENTATION_CONTEXT(2) 
PARAMETRIC_REPRESENTATION_CONTEXT() REPRESENTATION_CONTEXT('2D SPACE',''
  ) );
#10526 = PCURVE('',#5728,#10527);
#10527 = DEFINITIONAL_REPRESENTATION('',(#10528),#10532);
#10528 = LINE('',#10529,#10530);
#10529 = CARTESIAN_POINT('',(0.,0.));
#10530 = VECTOR('',#10531,1.);
#10531 = DIRECTION('',(1.,0.));
#10532 = ( GEOMETRIC_REPRESENTATION_CONTEXT(2) 
PARAMETRIC_REPRESENTATION_CONTEXT() REPRESENTATION_CONTEXT('2D SPACE',''
  ) );
#10533 = ORIENTED_EDGE('',*,*,#10534,.T.);
#10534 = EDGE_CURVE('',#10511,#10535,#10537,.T.);
#10535 = VERTEX_POINT('',#10536);
#10536 = CARTESIAN_POINT('',(64.5,10.5,132.25));
#10537 = SURFACE_CURVE('',#10538,(#10542,#10549),.PCURVE_S1.);
#10538 = LINE('',#10539,#10540);
#10539 = CARTESIAN_POINT('',(64.5,10.5,86.));
#10540 = VECTOR('',#10541,1.);
#10541 = DIRECTION('',(0.,0.,1.));
#10542 = PCURVE('',#5611,#10543);
#10543 = DEFINITIONAL_REPRESENTATION('',(#10544),#10548);
#10544 = LINE('',#10545,#10546);
#10545 = CARTESIAN_POINT('',(1.570796326795,0.));
#10546 = VECTOR('',#10547,1.);
#10547 = DIRECTION('',(0.,1.));
#10548 = ( GEOMETRIC_REPRESENTATION_CONTEXT(2) 
PARAMETRIC_REPRESENTATION_CONTEXT() REPRESENTATION_CONTEXT('2D SPACE',''
  ) );
#10549 = PCURVE('',#8511,#10550);
#10550 = DEFINITIONAL_REPRESENTATION('',(#10551),#10555);
#10551 = LINE('',#10552,#10553);
#10552 = CARTESIAN_POINT('',(0.,23.5));
#10553 = VECTOR('',#10554,1.);
#10554 = DIRECTION('',(1.,0.));
#10555 = ( GEOMETRIC_REPRESENTATION_CONTEXT(2) 
PARAMETRIC_REPRESENTATION_CONTEXT() REPRESENTATION_CONTEXT('2D SPACE',''
  ) );
#10556 = ORIENTED_EDGE('',*,*,#10557,.T.);
#10557 = EDGE_CURVE('',#10535,#10558,#10560,.T.);
#10558 = VERTEX_POINT('',#10559);
#10559 = CARTESIAN_POINT('',(65.494372291953,10.123042183089,132.25));
#10560 = SURFACE_CURVE('',#10561,(#10566,#10573),.PCURVE_S1.);
#10561 = CIRCLE('',#10562,1.5);
#10562 = AXIS2_PLACEMENT_3D('',#10563,#10564,#10565);
#10563 = CARTESIAN_POINT('',(64.5,9.,132.25));
#10564 = DIRECTION('',(0.,-0.,-1.));
#10565 = DIRECTION('',(0.,1.,-0.));
#10566 = PCURVE('',#5611,#10567);
#10567 = DEFINITIONAL_REPRESENTATION('',(#10568),#10572);
#10568 = LINE('',#10569,#10570);
#10569 = CARTESIAN_POINT('',(1.570796326795,46.25));
#10570 = VECTOR('',#10571,1.);
#10571 = DIRECTION('',(-1.,-0.));
#10572 = ( GEOMETRIC_REPRESENTATION_CONTEXT(2) 
PARAMETRIC_REPRESENTATION_CONTEXT() REPRESENTATION_CONTEXT('2D SPACE',''
  ) );
#10573 = PCURVE('',#10574,#10579);
#10574 = TOROIDAL_SURFACE('',#10575,0.75,0.75);
#10575 = AXIS2_PLACEMENT_3D('',#10576,#10577,#10578);
#10576 = CARTESIAN_POINT('',(64.5,9.,132.25));
#10577 = DIRECTION('',(0.,0.,1.));
#10578 = DIRECTION('',(0.,1.,-0.));
#10579 = DEFINITIONAL_REPRESENTATION('',(#10580),#10584);
#10580 = LINE('',#10581,#10582);
#10581 = CARTESIAN_POINT('',(-0.,0.));
#10582 = VECTOR('',#10583,1.);
#10583 = DIRECTION('',(-1.,0.));
#10584 = ( GEOMETRIC_REPRESENTATION_CONTEXT(2) 
PARAMETRIC_REPRESENTATION_CONTEXT() REPRESENTATION_CONTEXT('2D SPACE',''
  ) );
#10585 = ORIENTED_EDGE('',*,*,#10586,.F.);
#10586 = EDGE_CURVE('',#10135,#10558,#10587,.T.);
#10587 = SURFACE_CURVE('',#10588,(#10606,#10657),.PCURVE_S1.);
#10588 = ( BOUNDED_CURVE() B_SPLINE_CURVE(6,(#10589,#10590,#10591,#10592
    ,#10593,#10594,#10595,#10596,#10597,#10598,#10599,#10600,#10601,
    #10602,#10603,#10604,#10605),.UNSPECIFIED.,.F.,.F.) 
B_SPLINE_CURVE_WITH_KNOTS((7,5,5,7),(24.481484689688,24.972521056433,
25.497286990886,25.741990586784),.UNSPECIFIED.) CURVE() 
GEOMETRIC_REPRESENTATION_ITEM() RATIONAL_B_SPLINE_CURVE((1.,1.,1.,1.,1.,
1.,1.,1.,1.,1.,1.,1.,1.,1.,1.,1.,1.)) REPRESENTATION_ITEM('') );
#10589 = CARTESIAN_POINT('',(66.,9.,131.25));
#10590 = CARTESIAN_POINT('',(66.,9.131364170383,131.25));
#10591 = CARTESIAN_POINT('',(65.986249539105,9.262021462162,
    131.27246777826));
#10592 = CARTESIAN_POINT('',(65.958638986678,9.384309698038,
    131.31747341918));
#10593 = CARTESIAN_POINT('',(65.92325995071,9.49137858122,
    131.37674763197));
#10594 = CARTESIAN_POINT('',(65.884053343286,9.5855213289,
    131.44427761807));
#10595 = CARTESIAN_POINT('',(65.799451518136,9.755687631964,
    131.59425715959));
#10596 = CARTESIAN_POINT('',(65.753830967473,9.830073007407,
    131.67742866047));
#10597 = CARTESIAN_POINT('',(65.709151749837,9.893035741707,
    131.76164040323));
#10598 = CARTESIAN_POINT('',(65.664990190284,9.948561983536,
    131.84792256514));
#10599 = CARTESIAN_POINT('',(65.622487798482,9.996550340919,
    131.93545075056));
#10600 = CARTESIAN_POINT('',(65.56613934778,10.055471036664,
    132.06035351649));
#10601 = CARTESIAN_POINT('',(65.549901593258,10.071677337022,
    132.09829622785));
#10602 = CARTESIAN_POINT('',(65.534785661802,10.086247235787,
    132.13556936572));
#10603 = CARTESIAN_POINT('',(65.520527100096,10.099581756121,
    132.17292839535));
#10604 = CARTESIAN_POINT('',(65.507052070716,10.111815159865,
    132.21091556289));
#10605 = CARTESIAN_POINT('',(65.494372291953,10.123042183089,132.25));
#10606 = PCURVE('',#5611,#10607);
#10607 = DEFINITIONAL_REPRESENTATION('',(#10608),#10656);
#10608 = B_SPLINE_CURVE_WITH_KNOTS('',10,(#10609,#10610,#10611,#10612,
    #10613,#10614,#10615,#10616,#10617,#10618,#10619,#10620,#10621,
    #10622,#10623,#10624,#10625,#10626,#10627,#10628,#10629,#10630,
    #10631,#10632,#10633,#10634,#10635,#10636,#10637,#10638,#10639,
    #10640,#10641,#10642,#10643,#10644,#10645,#10646,#10647,#10648,
    #10649,#10650,#10651,#10652,#10653,#10654,#10655),.UNSPECIFIED.,.F.,
  .F.,(11,9,9,9,9,11),(24.481484689688,25.111737638236,25.42686411251,
    25.505645731078,25.584427349647,25.741990586784),.UNSPECIFIED.);
#10609 = CARTESIAN_POINT('',(-2.699096851332E-17,45.25));
#10610 = CARTESIAN_POINT('',(6.74431967361E-02,45.249999999999));
#10611 = CARTESIAN_POINT('',(0.134619008112,45.262334767113));
#10612 = CARTESIAN_POINT('',(0.200225292428,45.287054888847));
#10613 = CARTESIAN_POINT('',(0.262677870846,45.32247931697));
#10614 = CARTESIAN_POINT('',(0.3219388661,45.366429105016));
#10615 = CARTESIAN_POINT('',(0.375899017617,45.416430427157));
#10616 = CARTESIAN_POINT('',(0.427131183283,45.47021541121));
#10617 = CARTESIAN_POINT('',(0.473893845443,45.526931032177));
#10618 = CARTESIAN_POINT('',(0.517474427377,45.585192651073));
#10619 = CARTESIAN_POINT('',(0.578352914568,45.674518348763));
#10620 = CARTESIAN_POINT('',(0.597900735135,45.704607501128));
#10621 = CARTESIAN_POINT('',(0.616755408946,45.734956719871));
#10622 = CARTESIAN_POINT('',(0.634961370965,45.765527328411));
#10623 = CARTESIAN_POINT('',(0.652554208962,45.796288782734));
#10624 = CARTESIAN_POINT('',(0.6695592431,45.827211626909));
#10625 = CARTESIAN_POINT('',(0.685990105513,45.858260448903));
#10626 = CARTESIAN_POINT('',(0.70184731989,45.889386836067));
#10627 = CARTESIAN_POINT('',(0.717116881061,45.9205223309));
#10628 = CARTESIAN_POINT('',(0.735431822957,45.959333650566));
#10629 = CARTESIAN_POINT('',(0.739053842404,45.96708661328));
#10630 = CARTESIAN_POINT('',(0.742642019012,45.974841085055));
#10631 = CARTESIAN_POINT('',(0.746191332718,45.982588116983));
#10632 = CARTESIAN_POINT('',(0.749696408652,45.990318175369));
#10633 = CARTESIAN_POINT('',(0.753157422567,45.998030734468));
#10634 = CARTESIAN_POINT('',(0.756580120343,46.005734287917));
#10635 = CARTESIAN_POINT('',(0.759969951579,46.013436778417));
#10636 = CARTESIAN_POINT('',(0.763320317258,46.021126446126));
#10637 = CARTESIAN_POINT('',(0.769869545727,46.036359744612));
#10638 = CARTESIAN_POINT('',(0.773078490469,46.043920130539));
#10639 = CARTESIAN_POINT('',(0.776225375169,46.051430175231));
#10640 = CARTESIAN_POINT('',(0.779313565719,46.058895570975));
#10641 = CARTESIAN_POINT('',(0.782346184447,46.066321780108));
#10642 = CARTESIAN_POINT('',(0.785326110127,46.073714035268));
#10643 = CARTESIAN_POINT('',(0.788255977971,46.08107733908));
#10644 = CARTESIAN_POINT('',(0.791138179631,46.088416464465));
#10645 = CARTESIAN_POINT('',(0.793974863201,46.0957359544));
#10646 = CARTESIAN_POINT('',(0.802354073241,46.11764845739));
#10647 = CARTESIAN_POINT('',(0.807767090787,46.132196658073));
#10648 = CARTESIAN_POINT('',(0.813020898045,46.146718091659));
#10649 = CARTESIAN_POINT('',(0.818127420075,46.161244118434));
#10650 = CARTESIAN_POINT('',(0.823096594797,46.175804091471));
#10651 = CARTESIAN_POINT('',(0.827936372995,46.190425356543));
#10652 = CARTESIAN_POINT('',(0.832652718316,46.205133252252));
#10653 = CARTESIAN_POINT('',(0.83724960727,46.21995110988));
#10654 = CARTESIAN_POINT('',(0.841729029231,46.234900253522));
#10655 = CARTESIAN_POINT('',(0.846090986436,46.249999999996));
#10656 = ( GEOMETRIC_REPRESENTATION_CONTEXT(2) 
PARAMETRIC_REPRESENTATION_CONTEXT() REPRESENTATION_CONTEXT('2D SPACE',''
  ) );
#10657 = PCURVE('',#7638,#10658);
#10658 = DEFINITIONAL_REPRESENTATION('',(#10659),#10663);
#10659 = LINE('',#10660,#10661);
#10660 = CARTESIAN_POINT('',(1.260505897096,0.));
#10661 = VECTOR('',#10662,1.);
#10662 = DIRECTION('',(0.,1.));
#10663 = ( GEOMETRIC_REPRESENTATION_CONTEXT(2) 
PARAMETRIC_REPRESENTATION_CONTEXT() REPRESENTATION_CONTEXT('2D SPACE',''
  ) );
#10664 = ADVANCED_FACE('',(#10665),#5728,.F.);
#10665 = FACE_BOUND('',#10666,.F.);
#10666 = EDGE_LOOP('',(#10667,#10687,#10688));
#10667 = ORIENTED_EDGE('',*,*,#10668,.F.);
#10668 = EDGE_CURVE('',#10511,#5671,#10669,.T.);
#10669 = SURFACE_CURVE('',#10670,(#10675,#10681),.PCURVE_S1.);
#10670 = CIRCLE('',#10671,0.75);
#10671 = AXIS2_PLACEMENT_3D('',#10672,#10673,#10674);
#10672 = CARTESIAN_POINT('',(64.5,9.75,86.75));
#10673 = DIRECTION('',(-1.,0.,0.));
#10674 = DIRECTION('',(0.,1.,0.));
#10675 = PCURVE('',#5728,#10676);
#10676 = DEFINITIONAL_REPRESENTATION('',(#10677),#10680);
#10677 = B_SPLINE_CURVE_WITH_KNOTS('',1,(#10678,#10679),.UNSPECIFIED.,
  .F.,.F.,(2,2),(0.,1.570796326795),.PIECEWISE_BEZIER_KNOTS.);
#10678 = CARTESIAN_POINT('',(0.,0.));
#10679 = CARTESIAN_POINT('',(0.,1.570796326795));
#10680 = ( GEOMETRIC_REPRESENTATION_CONTEXT(2) 
PARAMETRIC_REPRESENTATION_CONTEXT() REPRESENTATION_CONTEXT('2D SPACE',''
  ) );
#10681 = PCURVE('',#5951,#10682);
#10682 = DEFINITIONAL_REPRESENTATION('',(#10683),#10686);
#10683 = B_SPLINE_CURVE_WITH_KNOTS('',1,(#10684,#10685),.UNSPECIFIED.,
  .F.,.F.,(2,2),(0.,1.570796326795),.PIECEWISE_BEZIER_KNOTS.);
#10684 = CARTESIAN_POINT('',(0.,22.));
#10685 = CARTESIAN_POINT('',(-1.570796326795,22.));
#10686 = ( GEOMETRIC_REPRESENTATION_CONTEXT(2) 
PARAMETRIC_REPRESENTATION_CONTEXT() REPRESENTATION_CONTEXT('2D SPACE',''
  ) );
#10687 = ORIENTED_EDGE('',*,*,#10510,.T.);
#10688 = ORIENTED_EDGE('',*,*,#5693,.F.);
#10689 = ADVANCED_FACE('',(#10690),#5951,.F.);
#10690 = FACE_BOUND('',#10691,.T.);
#10691 = EDGE_LOOP('',(#10692,#10713,#10714,#10715));
#10692 = ORIENTED_EDGE('',*,*,#10693,.F.);
#10693 = EDGE_CURVE('',#5979,#10511,#10694,.T.);
#10694 = SURFACE_CURVE('',#10695,(#10699,#10706),.PCURVE_S1.);
#10695 = LINE('',#10696,#10697);
#10696 = CARTESIAN_POINT('',(42.5,10.5,86.75));
#10697 = VECTOR('',#10698,1.);
#10698 = DIRECTION('',(1.,0.,-0.));
#10699 = PCURVE('',#5951,#10700);
#10700 = DEFINITIONAL_REPRESENTATION('',(#10701),#10705);
#10701 = LINE('',#10702,#10703);
#10702 = CARTESIAN_POINT('',(-0.,0.));
#10703 = VECTOR('',#10704,1.);
#10704 = DIRECTION('',(-0.,1.));
#10705 = ( GEOMETRIC_REPRESENTATION_CONTEXT(2) 
PARAMETRIC_REPRESENTATION_CONTEXT() REPRESENTATION_CONTEXT('2D SPACE',''
  ) );
#10706 = PCURVE('',#8511,#10707);
#10707 = DEFINITIONAL_REPRESENTATION('',(#10708),#10712);
#10708 = LINE('',#10709,#10710);
#10709 = CARTESIAN_POINT('',(0.75,1.5));
#10710 = VECTOR('',#10711,1.);
#10711 = DIRECTION('',(0.,1.));
#10712 = ( GEOMETRIC_REPRESENTATION_CONTEXT(2) 
PARAMETRIC_REPRESENTATION_CONTEXT() REPRESENTATION_CONTEXT('2D SPACE',''
  ) );
#10713 = ORIENTED_EDGE('',*,*,#6009,.F.);
#10714 = ORIENTED_EDGE('',*,*,#5923,.T.);
#10715 = ORIENTED_EDGE('',*,*,#10668,.F.);
#10716 = ADVANCED_FACE('',(#10717),#6708,.F.);
#10717 = FACE_BOUND('',#10718,.F.);
#10718 = EDGE_LOOP('',(#10719,#10747,#10748,#10767));
#10719 = ORIENTED_EDGE('',*,*,#10720,.T.);
#10720 = EDGE_CURVE('',#9871,#6067,#10721,.T.);
#10721 = SURFACE_CURVE('',#10722,(#10727,#10741),.PCURVE_S1.);
#10722 = CIRCLE('',#10723,0.6);
#10723 = AXIS2_PLACEMENT_3D('',#10724,#10725,#10726);
#10724 = CARTESIAN_POINT('',(66.6,-9.,131.25));
#10725 = DIRECTION('',(0.,1.,1.665334536938E-16));
#10726 = DIRECTION('',(0.,1.665334536938E-16,-1.));
#10727 = PCURVE('',#6708,#10728);
#10728 = DEFINITIONAL_REPRESENTATION('',(#10729),#10740);
#10729 = B_SPLINE_CURVE_WITH_KNOTS('',9,(#10730,#10731,#10732,#10733,
    #10734,#10735,#10736,#10737,#10738,#10739),.UNSPECIFIED.,.F.,.F.,(10
    ,10),(1.570796326795,3.14159265359),.PIECEWISE_BEZIER_KNOTS.);
#10730 = CARTESIAN_POINT('',(1.110223024625E-16,24.481484690369));
#10731 = CARTESIAN_POINT('',(0.155563361175,24.481484690369));
#10732 = CARTESIAN_POINT('',(0.298474776328,24.48148469037));
#10733 = CARTESIAN_POINT('',(0.43392432541,24.481484690368));
#10734 = CARTESIAN_POINT('',(0.565238832118,24.481484690371));
#10735 = CARTESIAN_POINT('',(0.695267258242,24.481484690368));
#10736 = CARTESIAN_POINT('',(0.82658176495,24.48148469037));
#10737 = CARTESIAN_POINT('',(0.962031314032,24.481484690369));
#10738 = CARTESIAN_POINT('',(1.104942729185,24.481484690369));
#10739 = CARTESIAN_POINT('',(1.26050609036,24.481484690369));
#10740 = ( GEOMETRIC_REPRESENTATION_CONTEXT(2) 
PARAMETRIC_REPRESENTATION_CONTEXT() REPRESENTATION_CONTEXT('2D SPACE',''
  ) );
#10741 = PCURVE('',#6110,#10742);
#10742 = DEFINITIONAL_REPRESENTATION('',(#10743),#10746);
#10743 = B_SPLINE_CURVE_WITH_KNOTS('',1,(#10744,#10745),.UNSPECIFIED.,
  .F.,.F.,(2,2),(1.570796326795,3.14159265359),
  .PIECEWISE_BEZIER_KNOTS.);
#10744 = CARTESIAN_POINT('',(0.86034771824,1.570796326795));
#10745 = CARTESIAN_POINT('',(0.86034771824,3.14159265359));
#10746 = ( GEOMETRIC_REPRESENTATION_CONTEXT(2) 
PARAMETRIC_REPRESENTATION_CONTEXT() REPRESENTATION_CONTEXT('2D SPACE',''
  ) );
#10747 = ORIENTED_EDGE('',*,*,#6641,.T.);
#10748 = ORIENTED_EDGE('',*,*,#10749,.F.);
#10749 = EDGE_CURVE('',#9919,#6542,#10750,.T.);
#10750 = SURFACE_CURVE('',#10751,(#10755,#10761),.PCURVE_S1.);
#10751 = ( BOUNDED_CURVE() B_SPLINE_CURVE(2,(#10752,#10753,#10754),
.UNSPECIFIED.,.F.,.F.) B_SPLINE_CURVE_WITH_KNOTS((3,3),(0.,1.26050609036
),.PIECEWISE_BEZIER_KNOTS.) CURVE() GEOMETRIC_REPRESENTATION_ITEM() 
RATIONAL_B_SPLINE_CURVE((1.,0.924056524007,1.)) REPRESENTATION_ITEM('') 
  );
#10752 = CARTESIAN_POINT('',(65.494372212348,-10.12304225357,132.25));
#10753 = CARTESIAN_POINT('',(65.624845035782,-10.00751806053,
    132.42673620347));
#10754 = CARTESIAN_POINT('',(65.825794431718,-10.0630797092,
    132.56140960809));
#10755 = PCURVE('',#6708,#10756);
#10756 = DEFINITIONAL_REPRESENTATION('',(#10757),#10760);
#10757 = B_SPLINE_CURVE_WITH_KNOTS('',1,(#10758,#10759),.UNSPECIFIED.,
  .F.,.F.,(2,2),(0.,1.26050609036),.PIECEWISE_BEZIER_KNOTS.);
#10758 = CARTESIAN_POINT('',(0.,25.74199078073));
#10759 = CARTESIAN_POINT('',(1.26050609036,25.74199078073));
#10760 = ( GEOMETRIC_REPRESENTATION_CONTEXT(2) 
PARAMETRIC_REPRESENTATION_CONTEXT() REPRESENTATION_CONTEXT('2D SPACE',''
  ) );
#10761 = PCURVE('',#6588,#10762);
#10762 = DEFINITIONAL_REPRESENTATION('',(#10763),#10766);
#10763 = B_SPLINE_CURVE_WITH_KNOTS('',1,(#10764,#10765),.UNSPECIFIED.,
  .F.,.F.,(2,2),(0.,1.26050609036),.PIECEWISE_BEZIER_KNOTS.);
#10764 = CARTESIAN_POINT('',(0.,25.741990780734));
#10765 = CARTESIAN_POINT('',(1.285248135218,25.741990780734));
#10766 = ( GEOMETRIC_REPRESENTATION_CONTEXT(2) 
PARAMETRIC_REPRESENTATION_CONTEXT() REPRESENTATION_CONTEXT('2D SPACE',''
  ) );
#10767 = ORIENTED_EDGE('',*,*,#9947,.F.);
#10768 = ADVANCED_FACE('',(#10769),#6588,.F.);
#10769 = FACE_BOUND('',#10770,.F.);
#10770 = EDGE_LOOP('',(#10771,#10772,#10773,#10794));
#10771 = ORIENTED_EDGE('',*,*,#10749,.T.);
#10772 = ORIENTED_EDGE('',*,*,#6541,.T.);
#10773 = ORIENTED_EDGE('',*,*,#10774,.F.);
#10774 = EDGE_CURVE('',#10775,#6430,#10777,.T.);
#10775 = VERTEX_POINT('',#10776);
#10776 = CARTESIAN_POINT('',(64.5,-10.30119305636,132.75861204725));
#10777 = SURFACE_CURVE('',#10778,(#10782,#10788),.PCURVE_S1.);
#10778 = ( BOUNDED_CURVE() B_SPLINE_CURVE(2,(#10779,#10780,#10781),
.UNSPECIFIED.,.F.,.F.) B_SPLINE_CURVE_WITH_KNOTS((3,3),(0.,
1.285248135218),.PIECEWISE_BEZIER_KNOTS.) CURVE() 
GEOMETRIC_REPRESENTATION_ITEM() RATIONAL_B_SPLINE_CURVE((1.,
0.947567144676,1.)) REPRESENTATION_ITEM('') );
#10779 = CARTESIAN_POINT('',(64.5,-10.30119305636,132.75861204725));
#10780 = CARTESIAN_POINT('',(64.501665780794,-10.16397859258,
    132.90731410824));
#10781 = CARTESIAN_POINT('',(64.504125115438,-10.14484778174,
    133.10873617901));
#10782 = PCURVE('',#6588,#10783);
#10783 = DEFINITIONAL_REPRESENTATION('',(#10784),#10787);
#10784 = B_SPLINE_CURVE_WITH_KNOTS('',1,(#10785,#10786),.UNSPECIFIED.,
  .F.,.F.,(2,2),(0.,1.285248135218),.PIECEWISE_BEZIER_KNOTS.);
#10785 = CARTESIAN_POINT('',(0.,27.027238915952));
#10786 = CARTESIAN_POINT('',(1.285248135218,27.027238915952));
#10787 = ( GEOMETRIC_REPRESENTATION_CONTEXT(2) 
PARAMETRIC_REPRESENTATION_CONTEXT() REPRESENTATION_CONTEXT('2D SPACE',''
  ) );
#10788 = PCURVE('',#6473,#10789);
#10789 = DEFINITIONAL_REPRESENTATION('',(#10790),#10793);
#10790 = B_SPLINE_CURVE_WITH_KNOTS('',1,(#10791,#10792),.UNSPECIFIED.,
  .F.,.F.,(2,2),(0.,1.285248135218),.PIECEWISE_BEZIER_KNOTS.);
#10791 = CARTESIAN_POINT('',(0.,27.027238915952));
#10792 = CARTESIAN_POINT('',(21.484770262821,27.027238915952));
#10793 = ( GEOMETRIC_REPRESENTATION_CONTEXT(2) 
PARAMETRIC_REPRESENTATION_CONTEXT() REPRESENTATION_CONTEXT('2D SPACE',''
  ) );
#10794 = ORIENTED_EDGE('',*,*,#10795,.F.);
#10795 = EDGE_CURVE('',#9919,#10775,#10796,.T.);
#10796 = SURFACE_CURVE('',#10797,(#10813,#10820),.PCURVE_S1.);
#10797 = ( BOUNDED_CURVE() B_SPLINE_CURVE(14,(#10798,#10799,#10800,
    #10801,#10802,#10803,#10804,#10805,#10806,#10807,#10808,#10809,
    #10810,#10811,#10812),.UNSPECIFIED.,.F.,.F.) 
B_SPLINE_CURVE_WITH_KNOTS((15,15),(25.741990780734,27.027238915952),
.PIECEWISE_BEZIER_KNOTS.) CURVE() GEOMETRIC_REPRESENTATION_ITEM() 
RATIONAL_B_SPLINE_CURVE((1.,1.,0.999999999998,1.000000000006,
    0.999999999988,1.00000000002,0.999999999973,1.00000000003,
    0.999999999972,1.000000000022,0.999999999987,1.000000000006,
0.999999999998,1.,1.)) REPRESENTATION_ITEM('') );
#10798 = CARTESIAN_POINT('',(65.494372212355,-10.12304225356,132.25));
#10799 = CARTESIAN_POINT('',(65.449362707805,-10.16289489533,
    132.31567080345));
#10800 = CARTESIAN_POINT('',(65.399567248472,-10.19524151184,
    132.38014920068));
#10801 = CARTESIAN_POINT('',(65.345134664882,-10.22076798533,
    132.4418560025));
#10802 = CARTESIAN_POINT('',(65.285753196888,-10.24055938773,
    132.50015090001));
#10803 = CARTESIAN_POINT('',(65.222992542207,-10.25501321971,
    132.55145171989));
#10804 = CARTESIAN_POINT('',(65.15466684251,-10.26758929125,
    132.6022259144));
#10805 = CARTESIAN_POINT('',(65.080624433304,-10.27470058714,
    132.63727257759));
#10806 = CARTESIAN_POINT('',(65.012997738199,-10.28312609093,
    132.67932375237));
#10807 = CARTESIAN_POINT('',(64.91822460786,-10.28939659565,
    132.70125046085));
#10808 = CARTESIAN_POINT('',(64.851936393636,-10.29258370072,
    132.72735754797));
#10809 = CARTESIAN_POINT('',(64.757009575442,-10.29840861344,
    132.74183652563));
#10810 = CARTESIAN_POINT('',(64.673323570967,-10.29927207666,
    132.75313687452));
#10811 = CARTESIAN_POINT('',(64.591680438384,-10.30128788802,
    132.75850927628));
#10812 = CARTESIAN_POINT('',(64.5,-10.30119305636,132.75861204725));
#10813 = PCURVE('',#6588,#10814);
#10814 = DEFINITIONAL_REPRESENTATION('',(#10815),#10819);
#10815 = LINE('',#10816,#10817);
#10816 = CARTESIAN_POINT('',(0.,0.));
#10817 = VECTOR('',#10818,1.);
#10818 = DIRECTION('',(0.,1.));
#10819 = ( GEOMETRIC_REPRESENTATION_CONTEXT(2) 
PARAMETRIC_REPRESENTATION_CONTEXT() REPRESENTATION_CONTEXT('2D SPACE',''
  ) );
#10820 = PCURVE('',#9935,#10821);
#10821 = DEFINITIONAL_REPRESENTATION('',(#10822),#10845);
#10822 = B_SPLINE_CURVE_WITH_KNOTS('',11,(#10823,#10824,#10825,#10826,
    #10827,#10828,#10829,#10830,#10831,#10832,#10833,#10834,#10835,
    #10836,#10837,#10838,#10839,#10840,#10841,#10842,#10843,#10844),
  .UNSPECIFIED.,.F.,.F.,(12,10,12),(25.741990780734,26.384614848343,
    27.027238915952),.UNSPECIFIED.);
#10823 = CARTESIAN_POINT('',(-0.84609105732,1.665334536938E-16));
#10824 = CARTESIAN_POINT('',(-0.871595362163,5.572068171536E-02));
#10825 = CARTESIAN_POINT('',(-0.896713275472,0.110777696656));
#10826 = CARTESIAN_POINT('',(-0.921706745205,0.164868082205));
#10827 = CARTESIAN_POINT('',(-0.946824852456,0.217699070344));
#10828 = CARTESIAN_POINT('',(-0.972314226078,0.269008521676));
#10829 = CARTESIAN_POINT('',(-0.998429155105,0.318557542976));
#10830 = CARTESIAN_POINT('',(-1.025411055066,0.366106811469));
#10831 = CARTESIAN_POINT('',(-1.053465557295,0.4114038209));
#10832 = CARTESIAN_POINT('',(-1.082769282738,0.454197910526));
#10833 = CARTESIAN_POINT('',(-1.113487334268,0.494263538474));
#10834 = CARTESIAN_POINT('',(-1.177866052458,0.568436092365));
#10835 = CARTESIAN_POINT('',(-1.211529845055,0.602544468509));
#10836 = CARTESIAN_POINT('',(-1.24672245855,0.633442731588));
#10837 = CARTESIAN_POINT('',(-1.283488804526,0.66085569319));
#10838 = CARTESIAN_POINT('',(-1.321569735389,0.68471844957));
#10839 = CARTESIAN_POINT('',(-1.361161561087,0.70454365054));
#10840 = CARTESIAN_POINT('',(-1.401397535811,0.720923450332));
#10841 = CARTESIAN_POINT('',(-1.443437625491,0.732709396289));
#10842 = CARTESIAN_POINT('',(-1.484317574674,0.741047012659));
#10843 = CARTESIAN_POINT('',(-1.525958939393,0.745122960298));
#10844 = CARTESIAN_POINT('',(-1.570796326795,0.745241611476));
#10845 = ( GEOMETRIC_REPRESENTATION_CONTEXT(2) 
PARAMETRIC_REPRESENTATION_CONTEXT() REPRESENTATION_CONTEXT('2D SPACE',''
  ) );
#10846 = ADVANCED_FACE('',(#10847),#6473,.F.);
#10847 = FACE_BOUND('',#10848,.F.);
#10848 = EDGE_LOOP('',(#10849,#10850,#10851,#10852));
#10849 = ORIENTED_EDGE('',*,*,#10774,.T.);
#10850 = ORIENTED_EDGE('',*,*,#6429,.T.);
#10851 = ORIENTED_EDGE('',*,*,#6770,.F.);
#10852 = ORIENTED_EDGE('',*,*,#10853,.F.);
#10853 = EDGE_CURVE('',#10775,#6771,#10854,.T.);
#10854 = SURFACE_CURVE('',#10855,(#10876,#10883),.PCURVE_S1.);
#10855 = B_SPLINE_CURVE_WITH_KNOTS('',7,(#10856,#10857,#10858,#10859,
    #10860,#10861,#10862,#10863,#10864,#10865,#10866,#10867,#10868,
    #10869,#10870,#10871,#10872,#10873,#10874,#10875),.UNSPECIFIED.,.F.,
  .F.,(8,6,6,8),(27.027238915952,27.028633348669,48.512009178773,
    49.680055437955),.UNSPECIFIED.);
#10856 = CARTESIAN_POINT('',(64.5,-10.30119305636,132.75861204725));
#10857 = CARTESIAN_POINT('',(64.499801059686,-10.30119305969,
    132.75861204364));
#10858 = CARTESIAN_POINT('',(64.499602067438,-10.3011930626,
    132.75861204049));
#10859 = CARTESIAN_POINT('',(64.499403023065,-10.3011930651,
    132.75861203779));
#10860 = CARTESIAN_POINT('',(64.499203926364,-10.30119306717,
    132.75861203553));
#10861 = CARTESIAN_POINT('',(64.499004777145,-10.30119306883,
    132.75861203374));
#10862 = CARTESIAN_POINT('',(64.498805575209,-10.30119307007,
    132.7586120324));
#10863 = CARTESIAN_POINT('',(61.428779612271,-10.30120563841,
    132.75859841184));
#10864 = CARTESIAN_POINT('',(58.359255355966,-10.30119203551,
    132.75861315321));
#10865 = CARTESIAN_POINT('',(55.286674619823,-10.30120247935,
    132.75860183571));
#10866 = CARTESIAN_POINT('',(52.216302066352,-10.30119665424,
    132.75860814783));
#10867 = CARTESIAN_POINT('',(49.144783478074,-10.30119907442,
    132.75860552537));
#10868 = CARTESIAN_POINT('',(46.07376058072,-10.30119861118,
    132.75860602731));
#10869 = CARTESIAN_POINT('',(42.835714074191,-10.30119861418,
    132.75860602407));
#10870 = CARTESIAN_POINT('',(42.668740535218,-10.30119861433,
    132.7586060239));
#10871 = CARTESIAN_POINT('',(42.501766996246,-10.30119861449,
    132.75860602373));
#10872 = CARTESIAN_POINT('',(42.334793457273,-10.30119861464,
    132.75860602357));
#10873 = CARTESIAN_POINT('',(42.167819918301,-10.3011986148,
    132.7586060234));
#10874 = CARTESIAN_POINT('',(42.000846379328,-10.30119861495,
    132.75860602323));
#10875 = CARTESIAN_POINT('',(41.833872840356,-10.3011986151,
    132.75860602306));
#10876 = PCURVE('',#6473,#10877);
#10877 = DEFINITIONAL_REPRESENTATION('',(#10878),#10882);
#10878 = LINE('',#10879,#10880);
#10879 = CARTESIAN_POINT('',(0.,0.));
#10880 = VECTOR('',#10881,1.);
#10881 = DIRECTION('',(0.,1.));
#10882 = ( GEOMETRIC_REPRESENTATION_CONTEXT(2) 
PARAMETRIC_REPRESENTATION_CONTEXT() REPRESENTATION_CONTEXT('2D SPACE',''
  ) );
#10883 = PCURVE('',#6979,#10884);
#10884 = DEFINITIONAL_REPRESENTATION('',(#10885),#10900);
#10885 = B_SPLINE_CURVE_WITH_KNOTS('',7,(#10886,#10887,#10888,#10889,
    #10890,#10891,#10892,#10893,#10894,#10895,#10896,#10897,#10898,
    #10899),.UNSPECIFIED.,.F.,.F.,(8,6,8),(27.027238915952,
    27.028633348669,48.512009178773),.UNSPECIFIED.);
#10886 = CARTESIAN_POINT('',(0.745241611476,1.404627282542E-14));
#10887 = CARTESIAN_POINT('',(0.745241604935,1.989403145023E-04));
#10888 = CARTESIAN_POINT('',(0.74524159921,3.979325611867E-04));
#10889 = CARTESIAN_POINT('',(0.745241594305,5.969769361277E-04));
#10890 = CARTESIAN_POINT('',(0.745241590222,7.960736353853E-04));
#10891 = CARTESIAN_POINT('',(0.745241586963,9.9522285502E-04));
#10892 = CARTESIAN_POINT('',(0.74524158453,1.194424791092E-03));
#10893 = CARTESIAN_POINT('',(0.745216873481,3.071220387729));
#10894 = CARTESIAN_POINT('',(0.745243618265,6.140744644033));
#10895 = CARTESIAN_POINT('',(0.745223084948,9.213325380178));
#10896 = CARTESIAN_POINT('',(0.74523453724,12.283697933647));
#10897 = CARTESIAN_POINT('',(0.745229779165,15.355216521926));
#10898 = CARTESIAN_POINT('',(0.745230689886,18.426239419279));
#10899 = CARTESIAN_POINT('',(0.745230684301,21.497312386837));
#10900 = ( GEOMETRIC_REPRESENTATION_CONTEXT(2) 
PARAMETRIC_REPRESENTATION_CONTEXT() REPRESENTATION_CONTEXT('2D SPACE',''
  ) );
#10901 = ADVANCED_FACE('',(#10902),#6110,.T.);
#10902 = FACE_BOUND('',#10903,.T.);
#10903 = EDGE_LOOP('',(#10904,#10931,#10932,#10933));
#10904 = ORIENTED_EDGE('',*,*,#10905,.F.);
#10905 = EDGE_CURVE('',#10239,#6094,#10906,.T.);
#10906 = SURFACE_CURVE('',#10907,(#10911,#10925),.PCURVE_S1.);
#10907 = ( BOUNDED_CURVE() B_SPLINE_CURVE(2,(#10908,#10909,#10910),
.UNSPECIFIED.,.F.,.F.) B_SPLINE_CURVE_WITH_KNOTS((3,3),(0.,
0.286997292234),.PIECEWISE_BEZIER_KNOTS.) CURVE() 
GEOMETRIC_REPRESENTATION_ITEM() RATIONAL_B_SPLINE_CURVE((1.,
0.707106781187,1.)) REPRESENTATION_ITEM('') );
#10908 = CARTESIAN_POINT('',(66.,-7.6733785824,131.85869565217));
#10909 = CARTESIAN_POINT('',(66.,-8.128220211292,132.25));
#10910 = CARTESIAN_POINT('',(66.6,-8.128220211292,132.25));
#10911 = PCURVE('',#6110,#10912);
#10912 = DEFINITIONAL_REPRESENTATION('',(#10913),#10924);
#10913 = B_SPLINE_CURVE_WITH_KNOTS('',9,(#10914,#10915,#10916,#10917,
    #10918,#10919,#10920,#10921,#10922,#10923),.UNSPECIFIED.,.F.,.F.,(10
    ,10),(0.,0.286997292234),.PIECEWISE_BEZIER_KNOTS.);
#10914 = CARTESIAN_POINT('',(0.,1.570796326795));
#10915 = CARTESIAN_POINT('',(0.,1.727931167059));
#10916 = CARTESIAN_POINT('',(0.,1.896571042944));
#10917 = CARTESIAN_POINT('',(0.,2.075362715681));
#10918 = CARTESIAN_POINT('',(0.,2.261541176854));
#10919 = CARTESIAN_POINT('',(0.,2.450847800483));
#10920 = CARTESIAN_POINT('',(0.,2.637026268698));
#10921 = CARTESIAN_POINT('',(0.,2.81581793611));
#10922 = CARTESIAN_POINT('',(0.,2.984457813326));
#10923 = CARTESIAN_POINT('',(0.,3.14159265359));
#10924 = ( GEOMETRIC_REPRESENTATION_CONTEXT(2) 
PARAMETRIC_REPRESENTATION_CONTEXT() REPRESENTATION_CONTEXT('2D SPACE',''
  ) );
#10925 = PCURVE('',#6144,#10926);
#10926 = DEFINITIONAL_REPRESENTATION('',(#10927),#10930);
#10927 = B_SPLINE_CURVE_WITH_KNOTS('',1,(#10928,#10929),.UNSPECIFIED.,
  .F.,.F.,(2,2),(0.,0.286997292234),.PIECEWISE_BEZIER_KNOTS.);
#10928 = CARTESIAN_POINT('',(0.,23.492084814393));
#10929 = CARTESIAN_POINT('',(0.286997292234,23.492084814393));
#10930 = ( GEOMETRIC_REPRESENTATION_CONTEXT(2) 
PARAMETRIC_REPRESENTATION_CONTEXT() REPRESENTATION_CONTEXT('2D SPACE',''
  ) );
#10931 = ORIENTED_EDGE('',*,*,#10267,.T.);
#10932 = ORIENTED_EDGE('',*,*,#10720,.T.);
#10933 = ORIENTED_EDGE('',*,*,#6093,.F.);
#10934 = ADVANCED_FACE('',(#10935),#6144,.F.);
#10935 = FACE_BOUND('',#10936,.F.);
#10936 = EDGE_LOOP('',(#10937,#10956,#10957,#10958));
#10937 = ORIENTED_EDGE('',*,*,#10938,.T.);
#10938 = EDGE_CURVE('',#10211,#6123,#10939,.T.);
#10939 = SURFACE_CURVE('',#10940,(#10944,#10950),.PCURVE_S1.);
#10940 = ( BOUNDED_CURVE() B_SPLINE_CURVE(2,(#10941,#10942,#10943),
.UNSPECIFIED.,.F.,.F.) B_SPLINE_CURVE_WITH_KNOTS((3,3),(0.,
0.955087522159),.PIECEWISE_BEZIER_KNOTS.) CURVE() 
GEOMETRIC_REPRESENTATION_ITEM() RATIONAL_B_SPLINE_CURVE((1.,
0.723749984432,1.)) REPRESENTATION_ITEM('') );
#10941 = CARTESIAN_POINT('',(66.,-7.435691386308,132.25));
#10942 = CARTESIAN_POINT('',(66.,-7.949701801445,132.50111769145));
#10943 = CARTESIAN_POINT('',(66.545671089722,-7.89973097985,
    132.66547334441));
#10944 = PCURVE('',#6144,#10945);
#10945 = DEFINITIONAL_REPRESENTATION('',(#10946),#10949);
#10946 = B_SPLINE_CURVE_WITH_KNOTS('',1,(#10947,#10948),.UNSPECIFIED.,
  .F.,.F.,(2,2),(0.,0.955087522159),.PIECEWISE_BEZIER_KNOTS.);
#10947 = CARTESIAN_POINT('',(0.,23.205087522159));
#10948 = CARTESIAN_POINT('',(0.286997292234,23.205087522159));
#10949 = ( GEOMETRIC_REPRESENTATION_CONTEXT(2) 
PARAMETRIC_REPRESENTATION_CONTEXT() REPRESENTATION_CONTEXT('2D SPACE',''
  ) );
#10950 = PCURVE('',#6223,#10951);
#10951 = DEFINITIONAL_REPRESENTATION('',(#10952),#10955);
#10952 = B_SPLINE_CURVE_WITH_KNOTS('',1,(#10953,#10954),.UNSPECIFIED.,
  .F.,.F.,(2,2),(0.,0.955087522159),.PIECEWISE_BEZIER_KNOTS.);
#10953 = CARTESIAN_POINT('',(0.,23.205087522159));
#10954 = CARTESIAN_POINT('',(0.955087522159,23.205087522159));
#10955 = ( GEOMETRIC_REPRESENTATION_CONTEXT(2) 
PARAMETRIC_REPRESENTATION_CONTEXT() REPRESENTATION_CONTEXT('2D SPACE',''
  ) );
#10956 = ORIENTED_EDGE('',*,*,#6122,.T.);
#10957 = ORIENTED_EDGE('',*,*,#10905,.F.);
#10958 = ORIENTED_EDGE('',*,*,#10238,.F.);
#10959 = ADVANCED_FACE('',(#10960),#6323,.T.);
#10960 = FACE_BOUND('',#10961,.T.);
#10961 = EDGE_LOOP('',(#10962,#10994,#11022,#11052,#11053,#11054));
#10962 = ORIENTED_EDGE('',*,*,#10963,.F.);
#10963 = EDGE_CURVE('',#10964,#7978,#10966,.T.);
#10964 = VERTEX_POINT('',#10965);
#10965 = CARTESIAN_POINT('',(43.6,7.356071777723,133.));
#10966 = SURFACE_CURVE('',#10967,(#10972,#10983),.PCURVE_S1.);
#10967 = ELLIPSE('',#10968,0.848528137424,0.6);
#10968 = AXIS2_PLACEMENT_3D('',#10969,#10970,#10971);
#10969 = CARTESIAN_POINT('',(43.6,7.356071777723,133.6));
#10970 = DIRECTION('',(0.707106781187,0.707106781187,1.570092458684E-16)
  );
#10971 = DIRECTION('',(0.707106781187,-0.707106781187,1.570092458684E-16
    ));
#10972 = PCURVE('',#6323,#10973);
#10973 = DEFINITIONAL_REPRESENTATION('',(#10974),#10982);
#10974 = B_SPLINE_CURVE_WITH_KNOTS('',6,(#10975,#10976,#10977,#10978,
    #10979,#10980,#10981),.UNSPECIFIED.,.F.,.F.,(7,7),(1.570797871581,
    2.791635942346),.PIECEWISE_BEZIER_KNOTS.);
#10975 = CARTESIAN_POINT('',(1.570794782009,0.493927295408));
#10976 = CARTESIAN_POINT('',(1.367321770215,0.371843488332));
#10977 = CARTESIAN_POINT('',(1.163848934689,0.249762115613));
#10978 = CARTESIAN_POINT('',(0.960375785444,0.136763777754));
#10979 = CARTESIAN_POINT('',(0.756902509509,4.201011669668E-02));
#10980 = CARTESIAN_POINT('',(0.553429723038,-2.784700578908E-02));
#10981 = CARTESIAN_POINT('',(0.349956711243,-6.970431107252E-02));
#10982 = ( GEOMETRIC_REPRESENTATION_CONTEXT(2) 
PARAMETRIC_REPRESENTATION_CONTEXT() REPRESENTATION_CONTEXT('2D SPACE',''
  ) );
#10983 = PCURVE('',#8025,#10984);
#10984 = DEFINITIONAL_REPRESENTATION('',(#10985),#10993);
#10985 = B_SPLINE_CURVE_WITH_KNOTS('',6,(#10986,#10987,#10988,#10989,
    #10990,#10991,#10992),.UNSPECIFIED.,.F.,.F.,(7,7),(1.570797871581,
    2.791635942346),.PIECEWISE_BEZIER_KNOTS.);
#10986 = CARTESIAN_POINT('',(-1.220838070766,0.599999073129));
#10987 = CARTESIAN_POINT('',(-1.017365058972,0.477915266052));
#10988 = CARTESIAN_POINT('',(-0.813892223446,0.355833893334));
#10989 = CARTESIAN_POINT('',(-0.610419074201,0.242835555474));
#10990 = CARTESIAN_POINT('',(-0.406945798266,0.148081894417));
#10991 = CARTESIAN_POINT('',(-0.203473011795,7.822477193128E-02));
#10992 = CARTESIAN_POINT('',(-3.315500636023E-13,3.636746664784E-02));
#10993 = ( GEOMETRIC_REPRESENTATION_CONTEXT(2) 
PARAMETRIC_REPRESENTATION_CONTEXT() REPRESENTATION_CONTEXT('2D SPACE',''
  ) );
#10994 = ORIENTED_EDGE('',*,*,#10995,.T.);
#10995 = EDGE_CURVE('',#10964,#10996,#10998,.T.);
#10996 = VERTEX_POINT('',#10997);
#10997 = CARTESIAN_POINT('',(43.6,-7.356071777723,133.));
#10998 = SURFACE_CURVE('',#10999,(#11003,#11010),.PCURVE_S1.);
#10999 = LINE('',#11000,#11001);
#11000 = CARTESIAN_POINT('',(43.6,7.850000000002,133.));
#11001 = VECTOR('',#11002,1.);
#11002 = DIRECTION('',(0.,-1.,0.));
#11003 = PCURVE('',#6323,#11004);
#11004 = DEFINITIONAL_REPRESENTATION('',(#11005),#11009);
#11005 = LINE('',#11006,#11007);
#11006 = CARTESIAN_POINT('',(1.570796326795,0.));
#11007 = VECTOR('',#11008,1.);
#11008 = DIRECTION('',(0.,1.));
#11009 = ( GEOMETRIC_REPRESENTATION_CONTEXT(2) 
PARAMETRIC_REPRESENTATION_CONTEXT() REPRESENTATION_CONTEXT('2D SPACE',''
  ) );
#11010 = PCURVE('',#11011,#11016);
#11011 = PLANE('',#11012);
#11012 = AXIS2_PLACEMENT_3D('',#11013,#11014,#11015);
#11013 = CARTESIAN_POINT('',(41.,-10.5,133.));
#11014 = DIRECTION('',(0.,0.,1.));
#11015 = DIRECTION('',(1.,0.,-0.));
#11016 = DEFINITIONAL_REPRESENTATION('',(#11017),#11021);
#11017 = LINE('',#11018,#11019);
#11018 = CARTESIAN_POINT('',(2.6,18.350000000002));
#11019 = VECTOR('',#11020,1.);
#11020 = DIRECTION('',(0.,-1.));
#11021 = ( GEOMETRIC_REPRESENTATION_CONTEXT(2) 
PARAMETRIC_REPRESENTATION_CONTEXT() REPRESENTATION_CONTEXT('2D SPACE',''
  ) );
#11022 = ORIENTED_EDGE('',*,*,#11023,.T.);
#11023 = EDGE_CURVE('',#10996,#6274,#11024,.T.);
#11024 = SURFACE_CURVE('',#11025,(#11030,#11041),.PCURVE_S1.);
#11025 = ELLIPSE('',#11026,0.848528137424,0.6);
#11026 = AXIS2_PLACEMENT_3D('',#11027,#11028,#11029);
#11027 = CARTESIAN_POINT('',(43.6,-7.356071777723,133.6));
#11028 = DIRECTION('',(-0.707106781187,0.707106781187,
    -1.570092458684E-16));
#11029 = DIRECTION('',(0.707106781187,0.707106781187,1.570092458684E-16)
  );
#11030 = PCURVE('',#6323,#11031);
#11031 = DEFINITIONAL_REPRESENTATION('',(#11032),#11040);
#11032 = B_SPLINE_CURVE_WITH_KNOTS('',6,(#11033,#11034,#11035,#11036,
    #11037,#11038,#11039),.UNSPECIFIED.,.F.,.F.,(7,7),(1.570797493788,
    2.791635942346),.PIECEWISE_BEZIER_KNOTS.);
#11033 = CARTESIAN_POINT('',(1.570795159802,15.206072477921));
#11034 = CARTESIAN_POINT('',(1.367322085042,15.328156322777));
#11035 = CARTESIAN_POINT('',(1.163849186551,15.450237744531));
#11036 = CARTESIAN_POINT('',(0.96037597434,15.563236134274));
#11037 = CARTESIAN_POINT('',(0.75690263544,15.657989840077));
#11038 = CARTESIAN_POINT('',(0.553429786003,15.727846992841));
#11039 = CARTESIAN_POINT('',(0.349956711243,15.769704311077));
#11040 = ( GEOMETRIC_REPRESENTATION_CONTEXT(2) 
PARAMETRIC_REPRESENTATION_CONTEXT() REPRESENTATION_CONTEXT('2D SPACE',''
  ) );
#11041 = PCURVE('',#6289,#11042);
#11042 = DEFINITIONAL_REPRESENTATION('',(#11043),#11051);
#11043 = B_SPLINE_CURVE_WITH_KNOTS('',6,(#11044,#11045,#11046,#11047,
    #11048,#11049,#11050),.UNSPECIFIED.,.F.,.F.,(7,7),(1.570797493788,
    2.791635942346),.PIECEWISE_BEZIER_KNOTS.);
#11044 = CARTESIAN_POINT('',(-1.166993392365E-06,0.599999299804));
#11045 = CARTESIAN_POINT('',(-0.203474241753,0.477915454948));
#11046 = CARTESIAN_POINT('',(-0.406947140244,0.355834033194));
#11047 = CARTESIAN_POINT('',(-0.610420352454,0.24283564345));
#11048 = CARTESIAN_POINT('',(-0.813893691355,0.148081937648));
#11049 = CARTESIAN_POINT('',(-1.017366540792,7.822478488416E-02));
#11050 = CARTESIAN_POINT('',(-1.220839615551,3.636746664784E-02));
#11051 = ( GEOMETRIC_REPRESENTATION_CONTEXT(2) 
PARAMETRIC_REPRESENTATION_CONTEXT() REPRESENTATION_CONTEXT('2D SPACE',''
  ) );
#11052 = ORIENTED_EDGE('',*,*,#6301,.T.);
#11053 = ORIENTED_EDGE('',*,*,#7053,.F.);
#11054 = ORIENTED_EDGE('',*,*,#7977,.F.);
#11055 = ADVANCED_FACE('',(#11056),#6223,.F.);
#11056 = FACE_BOUND('',#11057,.F.);
#11057 = EDGE_LOOP('',(#11058,#11086,#11087,#11088));
#11058 = ORIENTED_EDGE('',*,*,#11059,.T.);
#11059 = EDGE_CURVE('',#11060,#6171,#11062,.T.);
#11060 = VERTEX_POINT('',#11061);
#11061 = CARTESIAN_POINT('',(65.25,-7.356071777723,133.));
#11062 = SURFACE_CURVE('',#11063,(#11068,#11080),.PCURVE_S1.);
#11063 = CIRCLE('',#11064,0.6);
#11064 = AXIS2_PLACEMENT_3D('',#11065,#11066,#11067);
#11065 = CARTESIAN_POINT('',(65.25,-7.356071777723,133.6));
#11066 = DIRECTION('',(-1.,-0.,-2.22044604925E-16));
#11067 = DIRECTION('',(2.22044604925E-16,0.,-1.));
#11068 = PCURVE('',#6223,#11069);
#11069 = DEFINITIONAL_REPRESENTATION('',(#11070),#11079);
#11070 = B_SPLINE_CURVE_WITH_KNOTS('',7,(#11071,#11072,#11073,#11074,
    #11075,#11076,#11077,#11078),.UNSPECIFIED.,.F.,.F.,(8,8),(0.,
    1.220839615552),.PIECEWISE_BEZIER_KNOTS.);
#11071 = CARTESIAN_POINT('',(0.,22.25));
#11072 = CARTESIAN_POINT('',(0.145297737246,22.25));
#11073 = CARTESIAN_POINT('',(0.281281471353,22.25));
#11074 = CARTESIAN_POINT('',(0.412632232636,22.25));
#11075 = CARTESIAN_POINT('',(0.542455289523,22.25));
#11076 = CARTESIAN_POINT('',(0.673806050805,22.25));
#11077 = CARTESIAN_POINT('',(0.809789784913,22.25));
#11078 = CARTESIAN_POINT('',(0.955087522159,22.25));
#11079 = ( GEOMETRIC_REPRESENTATION_CONTEXT(2) 
PARAMETRIC_REPRESENTATION_CONTEXT() REPRESENTATION_CONTEXT('2D SPACE',''
  ) );
#11080 = PCURVE('',#6289,#11081);
#11081 = DEFINITIONAL_REPRESENTATION('',(#11082),#11085);
#11082 = B_SPLINE_CURVE_WITH_KNOTS('',1,(#11083,#11084),.UNSPECIFIED.,
  .F.,.F.,(2,2),(0.,1.220839615552),.PIECEWISE_BEZIER_KNOTS.);
#11083 = CARTESIAN_POINT('',(0.,22.25));
#11084 = CARTESIAN_POINT('',(-1.220839615552,22.25));
#11085 = ( GEOMETRIC_REPRESENTATION_CONTEXT(2) 
PARAMETRIC_REPRESENTATION_CONTEXT() REPRESENTATION_CONTEXT('2D SPACE',''
  ) );
#11086 = ORIENTED_EDGE('',*,*,#6170,.T.);
#11087 = ORIENTED_EDGE('',*,*,#10938,.F.);
#11088 = ORIENTED_EDGE('',*,*,#11089,.F.);
#11089 = EDGE_CURVE('',#11060,#10211,#11090,.T.);
#11090 = SURFACE_CURVE('',#11091,(#11106,#11113),.PCURVE_S1.);
#11091 = ( BOUNDED_CURVE() B_SPLINE_CURVE(7,(#11092,#11093,#11094,#11095
    ,#11096,#11097,#11098,#11099,#11100,#11101,#11102,#11103,#11104,
#11105),.UNSPECIFIED.,.F.,.F.) B_SPLINE_CURVE_WITH_KNOTS((8,6,8),(22.25,
22.822204084939,23.205087522159),.UNSPECIFIED.) CURVE() 
GEOMETRIC_REPRESENTATION_ITEM() RATIONAL_B_SPLINE_CURVE((1.,1.,1.,1.,1.,
1.,1.,1.,1.,1.,1.,1.,1.,1.)) REPRESENTATION_ITEM('') );
#11092 = CARTESIAN_POINT('',(65.25,-7.356071777723,133.));
#11093 = CARTESIAN_POINT('',(65.329349424889,-7.356071777723,133.));
#11094 = CARTESIAN_POINT('',(65.40882246054,-7.35060061033,
    132.99028979249));
#11095 = CARTESIAN_POINT('',(65.488826061425,-7.339707013937,
    132.97037965896));
#11096 = CARTESIAN_POINT('',(65.569752627607,-7.324085283097,
    132.94000703533));
#11097 = CARTESIAN_POINT('',(65.651905370993,-7.305341701469,
    132.89607605973));
#11098 = CARTESIAN_POINT('',(65.733584975165,-7.287591155258,
    132.83377497049));
#11099 = CARTESIAN_POINT('',(65.856688190634,-7.275561297736,
    132.69706654172));
#11100 = CARTESIAN_POINT('',(65.902454076047,-7.275453846541,
    132.63355197744));
#11101 = CARTESIAN_POINT('',(65.942246757373,-7.282814802561,
    132.56181046968));
#11102 = CARTESIAN_POINT('',(65.973567568447,-7.30085218184,
    132.48176395589));
#11103 = CARTESIAN_POINT('',(65.991961687299,-7.334108917833,
    132.39981954981));
#11104 = CARTESIAN_POINT('',(66.,-7.380101506021,132.32175000253));
#11105 = CARTESIAN_POINT('',(66.,-7.435691386308,132.25));
#11106 = PCURVE('',#6223,#11107);
#11107 = DEFINITIONAL_REPRESENTATION('',(#11108),#11112);
#11108 = LINE('',#11109,#11110);
#11109 = CARTESIAN_POINT('',(0.,0.));
#11110 = VECTOR('',#11111,1.);
#11111 = DIRECTION('',(0.,1.));
#11112 = ( GEOMETRIC_REPRESENTATION_CONTEXT(2) 
PARAMETRIC_REPRESENTATION_CONTEXT() REPRESENTATION_CONTEXT('2D SPACE',''
  ) );
#11113 = PCURVE('',#10226,#11114);
#11114 = DEFINITIONAL_REPRESENTATION('',(#11115),#11134);
#11115 = B_SPLINE_CURVE_WITH_KNOTS('',9,(#11116,#11117,#11118,#11119,
    #11120,#11121,#11122,#11123,#11124,#11125,#11126,#11127,#11128,
    #11129,#11130,#11131,#11132,#11133),.UNSPECIFIED.,.F.,.F.,(10,8,10),
  (22.25,22.72754376108,23.205087522159),.UNSPECIFIED.);
#11116 = CARTESIAN_POINT('',(1.570796326795,16.356071777723));
#11117 = CARTESIAN_POINT('',(1.502121073128,16.356071777723));
#11118 = CARTESIAN_POINT('',(1.433391437876,16.35384803604));
#11119 = CARTESIAN_POINT('',(1.36396813978,16.349414724511));
#11120 = CARTESIAN_POINT('',(1.293274755654,16.342869442854));
#11121 = CARTESIAN_POINT('',(1.220674459738,16.334414545074));
#11122 = CARTESIAN_POINT('',(1.145427456864,16.32441423554));
#11123 = CARTESIAN_POINT('',(1.066729109461,16.31348743469));
#11124 = CARTESIAN_POINT('',(0.983828758375,16.302636414418));
#11125 = CARTESIAN_POINT('',(0.808629716654,16.284185991774));
#11126 = CARTESIAN_POINT('',(0.716462576337,16.276598547212));
#11127 = CARTESIAN_POINT('',(0.618500008687,16.272078227428));
#11128 = CARTESIAN_POINT('',(0.516157329067,16.273295612258));
#11129 = CARTESIAN_POINT('',(0.40931929801,16.2818525939));
#11130 = CARTESIAN_POINT('',(0.299633836266,16.302606904499));
#11131 = CARTESIAN_POINT('',(0.193312122498,16.33654456219));
#11132 = CARTESIAN_POINT('',(9.28031640664E-02,16.381765428835));
#11133 = CARTESIAN_POINT('',(7.188694084448E-14,16.435691386308));
#11134 = ( GEOMETRIC_REPRESENTATION_CONTEXT(2) 
PARAMETRIC_REPRESENTATION_CONTEXT() REPRESENTATION_CONTEXT('2D SPACE',''
  ) );
#11135 = ADVANCED_FACE('',(#11136),#6289,.T.);
#11136 = FACE_BOUND('',#11137,.F.);
#11137 = EDGE_LOOP('',(#11138,#11139,#11140,#11141));
#11138 = ORIENTED_EDGE('',*,*,#11023,.T.);
#11139 = ORIENTED_EDGE('',*,*,#6273,.T.);
#11140 = ORIENTED_EDGE('',*,*,#11059,.F.);
#11141 = ORIENTED_EDGE('',*,*,#11142,.F.);
#11142 = EDGE_CURVE('',#10996,#11060,#11143,.T.);
#11143 = SURFACE_CURVE('',#11144,(#11148,#11155),.PCURVE_S1.);
#11144 = LINE('',#11145,#11146);
#11145 = CARTESIAN_POINT('',(43.,-7.356071777723,133.));
#11146 = VECTOR('',#11147,1.);
#11147 = DIRECTION('',(1.,0.,2.22044604925E-16));
#11148 = PCURVE('',#6289,#11149);
#11149 = DEFINITIONAL_REPRESENTATION('',(#11150),#11154);
#11150 = LINE('',#11151,#11152);
#11151 = CARTESIAN_POINT('',(-0.,0.));
#11152 = VECTOR('',#11153,1.);
#11153 = DIRECTION('',(-0.,1.));
#11154 = ( GEOMETRIC_REPRESENTATION_CONTEXT(2) 
PARAMETRIC_REPRESENTATION_CONTEXT() REPRESENTATION_CONTEXT('2D SPACE',''
  ) );
#11155 = PCURVE('',#11011,#11156);
#11156 = DEFINITIONAL_REPRESENTATION('',(#11157),#11161);
#11157 = LINE('',#11158,#11159);
#11158 = CARTESIAN_POINT('',(2.,3.143928222277));
#11159 = VECTOR('',#11160,1.);
#11160 = DIRECTION('',(1.,0.));
#11161 = ( GEOMETRIC_REPRESENTATION_CONTEXT(2) 
PARAMETRIC_REPRESENTATION_CONTEXT() REPRESENTATION_CONTEXT('2D SPACE',''
  ) );
#11162 = ADVANCED_FACE('',(#11163),#6979,.F.);
#11163 = FACE_BOUND('',#11164,.F.);
#11164 = EDGE_LOOP('',(#11165,#11186,#11206,#11207));
#11165 = ORIENTED_EDGE('',*,*,#11166,.F.);
#11166 = EDGE_CURVE('',#9896,#6935,#11167,.T.);
#11167 = SURFACE_CURVE('',#11168,(#11172,#11179),.PCURVE_S1.);
#11168 = LINE('',#11169,#11170);
#11169 = CARTESIAN_POINT('',(64.5,-10.5,132.25));
#11170 = VECTOR('',#11171,1.);
#11171 = DIRECTION('',(-1.,-0.,0.));
#11172 = PCURVE('',#6979,#11173);
#11173 = DEFINITIONAL_REPRESENTATION('',(#11174),#11178);
#11174 = LINE('',#11175,#11176);
#11175 = CARTESIAN_POINT('',(0.,0.));
#11176 = VECTOR('',#11177,1.);
#11177 = DIRECTION('',(0.,1.));
#11178 = ( GEOMETRIC_REPRESENTATION_CONTEXT(2) 
PARAMETRIC_REPRESENTATION_CONTEXT() REPRESENTATION_CONTEXT('2D SPACE',''
  ) );
#11179 = PCURVE('',#7146,#11180);
#11180 = DEFINITIONAL_REPRESENTATION('',(#11181),#11185);
#11181 = LINE('',#11182,#11183);
#11182 = CARTESIAN_POINT('',(46.25,23.5));
#11183 = VECTOR('',#11184,1.);
#11184 = DIRECTION('',(0.,-1.));
#11185 = ( GEOMETRIC_REPRESENTATION_CONTEXT(2) 
PARAMETRIC_REPRESENTATION_CONTEXT() REPRESENTATION_CONTEXT('2D SPACE',''
  ) );
#11186 = ORIENTED_EDGE('',*,*,#11187,.T.);
#11187 = EDGE_CURVE('',#9896,#10775,#11188,.T.);
#11188 = SURFACE_CURVE('',#11189,(#11194,#11200),.PCURVE_S1.);
#11189 = CIRCLE('',#11190,0.75);
#11190 = AXIS2_PLACEMENT_3D('',#11191,#11192,#11193);
#11191 = CARTESIAN_POINT('',(64.5,-9.75,132.25));
#11192 = DIRECTION('',(-1.,-6.123233995737E-17,0.));
#11193 = DIRECTION('',(6.123233995737E-17,-1.,-0.));
#11194 = PCURVE('',#6979,#11195);
#11195 = DEFINITIONAL_REPRESENTATION('',(#11196),#11199);
#11196 = B_SPLINE_CURVE_WITH_KNOTS('',1,(#11197,#11198),.UNSPECIFIED.,
  .F.,.F.,(2,2),(0.,1.570796326795),.PIECEWISE_BEZIER_KNOTS.);
#11197 = CARTESIAN_POINT('',(0.,0.));
#11198 = CARTESIAN_POINT('',(1.570796326795,0.));
#11199 = ( GEOMETRIC_REPRESENTATION_CONTEXT(2) 
PARAMETRIC_REPRESENTATION_CONTEXT() REPRESENTATION_CONTEXT('2D SPACE',''
  ) );
#11200 = PCURVE('',#9935,#11201);
#11201 = DEFINITIONAL_REPRESENTATION('',(#11202),#11205);
#11202 = B_SPLINE_CURVE_WITH_KNOTS('',1,(#11203,#11204),.UNSPECIFIED.,
  .F.,.F.,(2,2),(0.,1.570796326795),.PIECEWISE_BEZIER_KNOTS.);
#11203 = CARTESIAN_POINT('',(-1.570796326795,0.));
#11204 = CARTESIAN_POINT('',(-1.570796326795,1.570796326795));
#11205 = ( GEOMETRIC_REPRESENTATION_CONTEXT(2) 
PARAMETRIC_REPRESENTATION_CONTEXT() REPRESENTATION_CONTEXT('2D SPACE',''
  ) );
#11206 = ORIENTED_EDGE('',*,*,#10853,.T.);
#11207 = ORIENTED_EDGE('',*,*,#6934,.F.);
#11208 = ADVANCED_FACE('',(#11209),#7113,.T.);
#11209 = FACE_BOUND('',#11210,.T.);
#11210 = EDGE_LOOP('',(#11211,#11212,#11233,#11234));
#11211 = ORIENTED_EDGE('',*,*,#7189,.T.);
#11212 = ORIENTED_EDGE('',*,*,#11213,.T.);
#11213 = EDGE_CURVE('',#7190,#8527,#11214,.T.);
#11214 = SURFACE_CURVE('',#11215,(#11219,#11226),.PCURVE_S1.);
#11215 = LINE('',#11216,#11217);
#11216 = CARTESIAN_POINT('',(43.8,-10.,136.));
#11217 = VECTOR('',#11218,1.);
#11218 = DIRECTION('',(-0.,1.,0.));
#11219 = PCURVE('',#7113,#11220);
#11220 = DEFINITIONAL_REPRESENTATION('',(#11221),#11225);
#11221 = LINE('',#11222,#11223);
#11222 = CARTESIAN_POINT('',(1.570796326795,0.));
#11223 = VECTOR('',#11224,1.);
#11224 = DIRECTION('',(0.,1.));
#11225 = ( GEOMETRIC_REPRESENTATION_CONTEXT(2) 
PARAMETRIC_REPRESENTATION_CONTEXT() REPRESENTATION_CONTEXT('2D SPACE',''
  ) );
#11226 = PCURVE('',#7226,#11227);
#11227 = DEFINITIONAL_REPRESENTATION('',(#11228),#11232);
#11228 = LINE('',#11229,#11230);
#11229 = CARTESIAN_POINT('',(0.8,4.));
#11230 = VECTOR('',#11231,1.);
#11231 = DIRECTION('',(0.,1.));
#11232 = ( GEOMETRIC_REPRESENTATION_CONTEXT(2) 
PARAMETRIC_REPRESENTATION_CONTEXT() REPRESENTATION_CONTEXT('2D SPACE',''
  ) );
#11233 = ORIENTED_EDGE('',*,*,#8526,.F.);
#11234 = ORIENTED_EDGE('',*,*,#7099,.F.);
#11235 = ADVANCED_FACE('',(#11236),#7146,.T.);
#11236 = FACE_BOUND('',#11237,.T.);
#11237 = EDGE_LOOP('',(#11238,#11239,#11240,#11241));
#11238 = ORIENTED_EDGE('',*,*,#9117,.T.);
#11239 = ORIENTED_EDGE('',*,*,#7132,.T.);
#11240 = ORIENTED_EDGE('',*,*,#11166,.F.);
#11241 = ORIENTED_EDGE('',*,*,#9895,.F.);
#11242 = ADVANCED_FACE('',(#11243),#7177,.T.);
#11243 = FACE_BOUND('',#11244,.T.);
#11244 = EDGE_LOOP('',(#11245,#11246,#11267,#11268));
#11245 = ORIENTED_EDGE('',*,*,#10031,.T.);
#11246 = ORIENTED_EDGE('',*,*,#11247,.T.);
#11247 = EDGE_CURVE('',#10032,#7162,#11248,.T.);
#11248 = SURFACE_CURVE('',#11249,(#11253,#11260),.PCURVE_S1.);
#11249 = LINE('',#11250,#11251);
#11250 = CARTESIAN_POINT('',(64.,-13.2,136.));
#11251 = VECTOR('',#11252,1.);
#11252 = DIRECTION('',(-1.,-0.,0.));
#11253 = PCURVE('',#7177,#11254);
#11254 = DEFINITIONAL_REPRESENTATION('',(#11255),#11259);
#11255 = LINE('',#11256,#11257);
#11256 = CARTESIAN_POINT('',(1.570796326795,0.));
#11257 = VECTOR('',#11258,1.);
#11258 = DIRECTION('',(0.,1.));
#11259 = ( GEOMETRIC_REPRESENTATION_CONTEXT(2) 
PARAMETRIC_REPRESENTATION_CONTEXT() REPRESENTATION_CONTEXT('2D SPACE',''
  ) );
#11260 = PCURVE('',#7226,#11261);
#11261 = DEFINITIONAL_REPRESENTATION('',(#11262),#11266);
#11262 = LINE('',#11263,#11264);
#11263 = CARTESIAN_POINT('',(21.,0.8));
#11264 = VECTOR('',#11265,1.);
#11265 = DIRECTION('',(-1.,0.));
#11266 = ( GEOMETRIC_REPRESENTATION_CONTEXT(2) 
PARAMETRIC_REPRESENTATION_CONTEXT() REPRESENTATION_CONTEXT('2D SPACE',''
  ) );
#11267 = ORIENTED_EDGE('',*,*,#7161,.F.);
#11268 = ORIENTED_EDGE('',*,*,#7246,.F.);
#11269 = ADVANCED_FACE('',(#11270),#7226,.T.);
#11270 = FACE_BOUND('',#11271,.T.);
#11271 = EDGE_LOOP('',(#11272,#11273,#11274,#11275,#11276,#11277,#11278,
    #11299));
#11272 = ORIENTED_EDGE('',*,*,#11213,.F.);
#11273 = ORIENTED_EDGE('',*,*,#7211,.F.);
#11274 = ORIENTED_EDGE('',*,*,#11247,.F.);
#11275 = ORIENTED_EDGE('',*,*,#10053,.F.);
#11276 = ORIENTED_EDGE('',*,*,#9259,.F.);
#11277 = ORIENTED_EDGE('',*,*,#10453,.F.);
#11278 = ORIENTED_EDGE('',*,*,#11279,.F.);
#11279 = EDGE_CURVE('',#8550,#10430,#11280,.T.);
#11280 = SURFACE_CURVE('',#11281,(#11285,#11292),.PCURVE_S1.);
#11281 = LINE('',#11282,#11283);
#11282 = CARTESIAN_POINT('',(47.,13.2,136.));
#11283 = VECTOR('',#11284,1.);
#11284 = DIRECTION('',(1.,0.,-0.));
#11285 = PCURVE('',#7226,#11286);
#11286 = DEFINITIONAL_REPRESENTATION('',(#11287),#11291);
#11287 = LINE('',#11288,#11289);
#11288 = CARTESIAN_POINT('',(4.,27.2));
#11289 = VECTOR('',#11290,1.);
#11290 = DIRECTION('',(1.,0.));
#11291 = ( GEOMETRIC_REPRESENTATION_CONTEXT(2) 
PARAMETRIC_REPRESENTATION_CONTEXT() REPRESENTATION_CONTEXT('2D SPACE',''
  ) );
#11292 = PCURVE('',#8565,#11293);
#11293 = DEFINITIONAL_REPRESENTATION('',(#11294),#11298);
#11294 = LINE('',#11295,#11296);
#11295 = CARTESIAN_POINT('',(1.570796326795,0.));
#11296 = VECTOR('',#11297,1.);
#11297 = DIRECTION('',(0.,1.));
#11298 = ( GEOMETRIC_REPRESENTATION_CONTEXT(2) 
PARAMETRIC_REPRESENTATION_CONTEXT() REPRESENTATION_CONTEXT('2D SPACE',''
  ) );
#11299 = ORIENTED_EDGE('',*,*,#8576,.F.);
#11300 = ADVANCED_FACE('',(#11301),#7282,.T.);
#11301 = FACE_BOUND('',#11302,.F.);
#11302 = EDGE_LOOP('',(#11303,#11304,#11305,#11306));
#11303 = ORIENTED_EDGE('',*,*,#10084,.T.);
#11304 = ORIENTED_EDGE('',*,*,#8904,.T.);
#11305 = ORIENTED_EDGE('',*,*,#7297,.F.);
#11306 = ORIENTED_EDGE('',*,*,#7268,.F.);
#11307 = ADVANCED_FACE('',(#11308),#8203,.T.);
#11308 = FACE_BOUND('',#11309,.T.);
#11309 = EDGE_LOOP('',(#11310,#11337,#11338,#11366));
#11310 = ORIENTED_EDGE('',*,*,#11311,.F.);
#11311 = EDGE_CURVE('',#8141,#10158,#11312,.T.);
#11312 = SURFACE_CURVE('',#11313,(#11317,#11331),.PCURVE_S1.);
#11313 = ( BOUNDED_CURVE() B_SPLINE_CURVE(2,(#11314,#11315,#11316),
.UNSPECIFIED.,.F.,.F.) B_SPLINE_CURVE_WITH_KNOTS((3,3),(0.,
0.287173652653),.PIECEWISE_BEZIER_KNOTS.) CURVE() 
GEOMETRIC_REPRESENTATION_ITEM() RATIONAL_B_SPLINE_CURVE((1.,
0.707106781187,1.)) REPRESENTATION_ITEM('') );
#11314 = CARTESIAN_POINT('',(66.6,8.128220211292,132.25));
#11315 = CARTESIAN_POINT('',(66.,8.128220211292,132.25));
#11316 = CARTESIAN_POINT('',(66.,7.673378582401,131.85869565217));
#11317 = PCURVE('',#8203,#11318);
#11318 = DEFINITIONAL_REPRESENTATION('',(#11319),#11330);
#11319 = B_SPLINE_CURVE_WITH_KNOTS('',9,(#11320,#11321,#11322,#11323,
    #11324,#11325,#11326,#11327,#11328,#11329),.UNSPECIFIED.,.F.,.F.,(10
    ,10),(0.,0.287173652653),.PIECEWISE_BEZIER_KNOTS.);
#11320 = CARTESIAN_POINT('',(0.,3.14159265359));
#11321 = CARTESIAN_POINT('',(0.,3.298727493853));
#11322 = CARTESIAN_POINT('',(0.,3.467367369739));
#11323 = CARTESIAN_POINT('',(0.,3.646159042477));
#11324 = CARTESIAN_POINT('',(0.,3.832337503648));
#11325 = CARTESIAN_POINT('',(0.,4.021644127279));
#11326 = CARTESIAN_POINT('',(0.,4.207822595494));
#11327 = CARTESIAN_POINT('',(0.,4.386614262905));
#11328 = CARTESIAN_POINT('',(0.,4.555254140121));
#11329 = CARTESIAN_POINT('',(0.,4.712388980385));
#11330 = ( GEOMETRIC_REPRESENTATION_CONTEXT(2) 
PARAMETRIC_REPRESENTATION_CONTEXT() REPRESENTATION_CONTEXT('2D SPACE',''
  ) );
#11331 = PCURVE('',#8162,#11332);
#11332 = DEFINITIONAL_REPRESENTATION('',(#11333),#11336);
#11333 = B_SPLINE_CURVE_WITH_KNOTS('',1,(#11334,#11335),.UNSPECIFIED.,
  .F.,.F.,(2,2),(0.,0.287173652653),.PIECEWISE_BEZIER_KNOTS.);
#11334 = CARTESIAN_POINT('',(0.,23.492084813712));
#11335 = CARTESIAN_POINT('',(0.287173652653,23.492084813712));
#11336 = ( GEOMETRIC_REPRESENTATION_CONTEXT(2) 
PARAMETRIC_REPRESENTATION_CONTEXT() REPRESENTATION_CONTEXT('2D SPACE',''
  ) );
#11337 = ORIENTED_EDGE('',*,*,#8188,.T.);
#11338 = ORIENTED_EDGE('',*,*,#11339,.T.);
#11339 = EDGE_CURVE('',#7543,#10135,#11340,.T.);
#11340 = SURFACE_CURVE('',#11341,(#11346,#11352),.PCURVE_S1.);
#11341 = CIRCLE('',#11342,0.6);
#11342 = AXIS2_PLACEMENT_3D('',#11343,#11344,#11345);
#11343 = CARTESIAN_POINT('',(66.6,9.,131.25));
#11344 = DIRECTION('',(0.,-1.,1.748601263785E-14));
#11345 = DIRECTION('',(0.,-1.748601263785E-14,-1.));
#11346 = PCURVE('',#8203,#11347);
#11347 = DEFINITIONAL_REPRESENTATION('',(#11348),#11351);
#11348 = B_SPLINE_CURVE_WITH_KNOTS('',1,(#11349,#11350),.UNSPECIFIED.,
  .F.,.F.,(2,2),(3.14159265359,4.712388980385),
  .PIECEWISE_BEZIER_KNOTS.);
#11349 = CARTESIAN_POINT('',(0.86034771824,3.14159265359));
#11350 = CARTESIAN_POINT('',(0.86034771824,4.712388980385));
#11351 = ( GEOMETRIC_REPRESENTATION_CONTEXT(2) 
PARAMETRIC_REPRESENTATION_CONTEXT() REPRESENTATION_CONTEXT('2D SPACE',''
  ) );
#11352 = PCURVE('',#7638,#11353);
#11353 = DEFINITIONAL_REPRESENTATION('',(#11354),#11365);
#11354 = B_SPLINE_CURVE_WITH_KNOTS('',9,(#11355,#11356,#11357,#11358,
    #11359,#11360,#11361,#11362,#11363,#11364),.UNSPECIFIED.,.F.,.F.,(10
    ,10),(3.14159265359,4.712388980385),.PIECEWISE_BEZIER_KNOTS.);
#11355 = CARTESIAN_POINT('',(1.110223024625E-16,24.481484689688));
#11356 = CARTESIAN_POINT('',(0.155563337324,24.481484689687));
#11357 = CARTESIAN_POINT('',(0.298474730565,24.481484689689));
#11358 = CARTESIAN_POINT('',(0.433924258879,24.481484689685));
#11359 = CARTESIAN_POINT('',(0.565238745455,24.481484689691));
#11360 = CARTESIAN_POINT('',(0.695267151641,24.481484689684));
#11361 = CARTESIAN_POINT('',(0.826581638217,24.48148468969));
#11362 = CARTESIAN_POINT('',(0.96203116653,24.481484689687));
#11363 = CARTESIAN_POINT('',(1.104942559772,24.481484689688));
#11364 = CARTESIAN_POINT('',(1.260505897096,24.481484689688));
#11365 = ( GEOMETRIC_REPRESENTATION_CONTEXT(2) 
PARAMETRIC_REPRESENTATION_CONTEXT() REPRESENTATION_CONTEXT('2D SPACE',''
  ) );
#11366 = ORIENTED_EDGE('',*,*,#10157,.F.);
#11367 = ADVANCED_FACE('',(#11368),#8162,.F.);
#11368 = FACE_BOUND('',#11369,.F.);
#11369 = EDGE_LOOP('',(#11370,#11389,#11390,#11391));
#11370 = ORIENTED_EDGE('',*,*,#11371,.T.);
#11371 = EDGE_CURVE('',#8038,#10182,#11372,.T.);
#11372 = SURFACE_CURVE('',#11373,(#11377,#11383),.PCURVE_S1.);
#11373 = ( BOUNDED_CURVE() B_SPLINE_CURVE(2,(#11374,#11375,#11376),
.UNSPECIFIED.,.F.,.F.) B_SPLINE_CURVE_WITH_KNOTS((3,3),(0.,
0.954911161059),.PIECEWISE_BEZIER_KNOTS.) CURVE() 
GEOMETRIC_REPRESENTATION_ITEM() RATIONAL_B_SPLINE_CURVE((1.,
0.723749755849,1.)) REPRESENTATION_ITEM('') );
#11374 = CARTESIAN_POINT('',(66.545675449935,7.899732459288,
    132.66546847853));
#11375 = CARTESIAN_POINT('',(66.,7.94970034618,132.50112508935));
#11376 = CARTESIAN_POINT('',(66.,7.435693123033,132.25));
#11377 = PCURVE('',#8162,#11378);
#11378 = DEFINITIONAL_REPRESENTATION('',(#11379),#11382);
#11379 = B_SPLINE_CURVE_WITH_KNOTS('',1,(#11380,#11381),.UNSPECIFIED.,
  .F.,.F.,(2,2),(0.,0.954911161059),.PIECEWISE_BEZIER_KNOTS.);
#11380 = CARTESIAN_POINT('',(0.,23.204911161059));
#11381 = CARTESIAN_POINT('',(0.287173652653,23.204911161059));
#11382 = ( GEOMETRIC_REPRESENTATION_CONTEXT(2) 
PARAMETRIC_REPRESENTATION_CONTEXT() REPRESENTATION_CONTEXT('2D SPACE',''
  ) );
#11383 = PCURVE('',#8090,#11384);
#11384 = DEFINITIONAL_REPRESENTATION('',(#11385),#11388);
#11385 = B_SPLINE_CURVE_WITH_KNOTS('',1,(#11386,#11387),.UNSPECIFIED.,
  .F.,.F.,(2,2),(0.,0.954911161059),.PIECEWISE_BEZIER_KNOTS.);
#11386 = CARTESIAN_POINT('',(0.,23.204911161059));
#11387 = CARTESIAN_POINT('',(0.954911161059,23.204911161059));
#11388 = ( GEOMETRIC_REPRESENTATION_CONTEXT(2) 
PARAMETRIC_REPRESENTATION_CONTEXT() REPRESENTATION_CONTEXT('2D SPACE',''
  ) );
#11389 = ORIENTED_EDGE('',*,*,#10181,.T.);
#11390 = ORIENTED_EDGE('',*,*,#11311,.F.);
#11391 = ORIENTED_EDGE('',*,*,#8140,.F.);
#11392 = ADVANCED_FACE('',(#11393),#8090,.F.);
#11393 = FACE_BOUND('',#11394,.F.);
#11394 = EDGE_LOOP('',(#11395,#11423,#11468,#11469));
#11395 = ORIENTED_EDGE('',*,*,#11396,.T.);
#11396 = EDGE_CURVE('',#8010,#11397,#11399,.T.);
#11397 = VERTEX_POINT('',#11398);
#11398 = CARTESIAN_POINT('',(65.25,7.356071777723,133.));
#11399 = SURFACE_CURVE('',#11400,(#11405,#11417),.PCURVE_S1.);
#11400 = CIRCLE('',#11401,0.6);
#11401 = AXIS2_PLACEMENT_3D('',#11402,#11403,#11404);
#11402 = CARTESIAN_POINT('',(65.25,7.356071777723,133.6));
#11403 = DIRECTION('',(-1.,0.,-2.22044604925E-16));
#11404 = DIRECTION('',(7.612957883144E-17,0.939387555587,-0.342857142857
    ));
#11405 = PCURVE('',#8090,#11406);
#11406 = DEFINITIONAL_REPRESENTATION('',(#11407),#11416);
#11407 = B_SPLINE_CURVE_WITH_KNOTS('',7,(#11408,#11409,#11410,#11411,
    #11412,#11413,#11414,#11415),.UNSPECIFIED.,.F.,.F.,(8,8),(0.,
    1.220839615552),.PIECEWISE_BEZIER_KNOTS.);
#11408 = CARTESIAN_POINT('',(1.665334536938E-16,22.25));
#11409 = CARTESIAN_POINT('',(0.145270907381,22.25));
#11410 = CARTESIAN_POINT('',(0.281229531496,22.25));
#11411 = CARTESIAN_POINT('',(0.412556038284,22.25));
#11412 = CARTESIAN_POINT('',(0.542355122775,22.25));
#11413 = CARTESIAN_POINT('',(0.673681629563,22.25));
#11414 = CARTESIAN_POINT('',(0.809640253678,22.25));
#11415 = CARTESIAN_POINT('',(0.954911161059,22.25));
#11416 = ( GEOMETRIC_REPRESENTATION_CONTEXT(2) 
PARAMETRIC_REPRESENTATION_CONTEXT() REPRESENTATION_CONTEXT('2D SPACE',''
  ) );
#11417 = PCURVE('',#8025,#11418);
#11418 = DEFINITIONAL_REPRESENTATION('',(#11419),#11422);
#11419 = B_SPLINE_CURVE_WITH_KNOTS('',1,(#11420,#11421),.UNSPECIFIED.,
  .F.,.F.,(2,2),(0.,1.220839615552),.PIECEWISE_BEZIER_KNOTS.);
#11420 = CARTESIAN_POINT('',(0.,22.25));
#11421 = CARTESIAN_POINT('',(-1.220839615552,22.25));
#11422 = ( GEOMETRIC_REPRESENTATION_CONTEXT(2) 
PARAMETRIC_REPRESENTATION_CONTEXT() REPRESENTATION_CONTEXT('2D SPACE',''
  ) );
#11423 = ORIENTED_EDGE('',*,*,#11424,.T.);
#11424 = EDGE_CURVE('',#11397,#10182,#11425,.T.);
#11425 = SURFACE_CURVE('',#11426,(#11441,#11448),.PCURVE_S1.);
#11426 = ( BOUNDED_CURVE() B_SPLINE_CURVE(7,(#11427,#11428,#11429,#11430
    ,#11431,#11432,#11433,#11434,#11435,#11436,#11437,#11438,#11439,
#11440),.UNSPECIFIED.,.F.,.F.) B_SPLINE_CURVE_WITH_KNOTS((8,6,8),(22.25,
22.822192362749,23.204911161059),.UNSPECIFIED.) CURVE() 
GEOMETRIC_REPRESENTATION_ITEM() RATIONAL_B_SPLINE_CURVE((1.,1.,1.,1.,1.,
1.,1.,1.,1.,1.,1.,1.,1.,1.)) REPRESENTATION_ITEM('') );
#11427 = CARTESIAN_POINT('',(65.25,7.356071777723,133.));
#11428 = CARTESIAN_POINT('',(65.329365488932,7.356071777723,133.));
#11429 = CARTESIAN_POINT('',(65.40885447446,7.350598381393,
    132.99028599403));
#11430 = CARTESIAN_POINT('',(65.488874232344,7.339700427059,
    132.97036744919));
#11431 = CARTESIAN_POINT('',(65.569817067983,7.324072841371,
    132.93998261408));
#11432 = CARTESIAN_POINT('',(65.651986353346,7.305323202021,
    132.89603280337));
#11433 = CARTESIAN_POINT('',(65.73368110657,7.287570207892,
    132.83370153806));
#11434 = CARTESIAN_POINT('',(65.856773180715,7.275560811093,
    132.69694983158));
#11435 = CARTESIAN_POINT('',(65.902515196301,7.275458608063,
    132.63345283387));
#11436 = CARTESIAN_POINT('',(65.942305154075,7.282851767605,
    132.56165381887));
#11437 = CARTESIAN_POINT('',(65.973580895572,7.300880900985,
    132.48171135101));
#11438 = CARTESIAN_POINT('',(65.991985033585,7.334133169834,
    132.39972770899));
#11439 = CARTESIAN_POINT('',(66.,7.380177772504,132.32165418874));
#11440 = CARTESIAN_POINT('',(66.,7.435693123033,132.25));
#11441 = PCURVE('',#8090,#11442);
#11442 = DEFINITIONAL_REPRESENTATION('',(#11443),#11447);
#11443 = LINE('',#11444,#11445);
#11444 = CARTESIAN_POINT('',(0.954911161059,0.));
#11445 = VECTOR('',#11446,1.);
#11446 = DIRECTION('',(0.,1.));
#11447 = ( GEOMETRIC_REPRESENTATION_CONTEXT(2) 
PARAMETRIC_REPRESENTATION_CONTEXT() REPRESENTATION_CONTEXT('2D SPACE',''
  ) );
#11448 = PCURVE('',#10226,#11449);
#11449 = DEFINITIONAL_REPRESENTATION('',(#11450),#11467);
#11450 = B_SPLINE_CURVE_WITH_KNOTS('',8,(#11451,#11452,#11453,#11454,
    #11455,#11456,#11457,#11458,#11459,#11460,#11461,#11462,#11463,
    #11464,#11465,#11466),.UNSPECIFIED.,.F.,.F.,(9,7,9),(22.25,
    22.727455580529,23.204911161059),.UNSPECIFIED.);
#11451 = CARTESIAN_POINT('',(1.570796326795,1.643928222277));
#11452 = CARTESIAN_POINT('',(1.493533711862,1.643928222277));
#11453 = CARTESIAN_POINT('',(1.416201304813,1.646787547163));
#11454 = CARTESIAN_POINT('',(1.337839985969,1.652484902701));
#11455 = CARTESIAN_POINT('',(1.257604007282,1.660848813824));
#11456 = CARTESIAN_POINT('',(1.174483410371,1.671509636013));
#11457 = CARTESIAN_POINT('',(1.087268645531,1.683744234178));
#11458 = CARTESIAN_POINT('',(0.994757391723,1.696213329001));
#11459 = CARTESIAN_POINT('',(0.797649763364,1.716969692551));
#11460 = CARTESIAN_POINT('',(0.693222956255,1.725269923313));
#11461 = CARTESIAN_POINT('',(0.581058812935,1.729114506555));
#11462 = CARTESIAN_POINT('',(0.46427938935,1.725085936425));
#11463 = CARTESIAN_POINT('',(0.340224125722,1.70903118707));
#11464 = CARTESIAN_POINT('',(0.218628028073,1.674424751836));
#11465 = CARTESIAN_POINT('',(0.104289732236,1.624907113428));
#11466 = CARTESIAN_POINT('',(-5.615134864452E-14,1.564306876967));
#11467 = ( GEOMETRIC_REPRESENTATION_CONTEXT(2) 
PARAMETRIC_REPRESENTATION_CONTEXT() REPRESENTATION_CONTEXT('2D SPACE',''
  ) );
#11468 = ORIENTED_EDGE('',*,*,#11371,.F.);
#11469 = ORIENTED_EDGE('',*,*,#8037,.F.);
#11470 = ADVANCED_FACE('',(#11471),#8025,.T.);
#11471 = FACE_BOUND('',#11472,.F.);
#11472 = EDGE_LOOP('',(#11473,#11474,#11495,#11496));
#11473 = ORIENTED_EDGE('',*,*,#10963,.F.);
#11474 = ORIENTED_EDGE('',*,*,#11475,.T.);
#11475 = EDGE_CURVE('',#10964,#11397,#11476,.T.);
#11476 = SURFACE_CURVE('',#11477,(#11481,#11488),.PCURVE_S1.);
#11477 = LINE('',#11478,#11479);
#11478 = CARTESIAN_POINT('',(43.,7.356071777723,133.));
#11479 = VECTOR('',#11480,1.);
#11480 = DIRECTION('',(1.,0.,2.22044604925E-16));
#11481 = PCURVE('',#8025,#11482);
#11482 = DEFINITIONAL_REPRESENTATION('',(#11483),#11487);
#11483 = LINE('',#11484,#11485);
#11484 = CARTESIAN_POINT('',(-1.220839615552,0.));
#11485 = VECTOR('',#11486,1.);
#11486 = DIRECTION('',(-0.,1.));
#11487 = ( GEOMETRIC_REPRESENTATION_CONTEXT(2) 
PARAMETRIC_REPRESENTATION_CONTEXT() REPRESENTATION_CONTEXT('2D SPACE',''
  ) );
#11488 = PCURVE('',#11011,#11489);
#11489 = DEFINITIONAL_REPRESENTATION('',(#11490),#11494);
#11490 = LINE('',#11491,#11492);
#11491 = CARTESIAN_POINT('',(2.,17.856071777723));
#11492 = VECTOR('',#11493,1.);
#11493 = DIRECTION('',(1.,0.));
#11494 = ( GEOMETRIC_REPRESENTATION_CONTEXT(2) 
PARAMETRIC_REPRESENTATION_CONTEXT() REPRESENTATION_CONTEXT('2D SPACE',''
  ) );
#11495 = ORIENTED_EDGE('',*,*,#11396,.F.);
#11496 = ORIENTED_EDGE('',*,*,#8009,.F.);
#11497 = ADVANCED_FACE('',(#11498),#7638,.F.);
#11498 = FACE_BOUND('',#11499,.F.);
#11499 = EDGE_LOOP('',(#11500,#11501,#11502,#11521));
#11500 = ORIENTED_EDGE('',*,*,#11339,.T.);
#11501 = ORIENTED_EDGE('',*,*,#10586,.T.);
#11502 = ORIENTED_EDGE('',*,*,#11503,.F.);
#11503 = EDGE_CURVE('',#7570,#10558,#11504,.T.);
#11504 = SURFACE_CURVE('',#11505,(#11509,#11515),.PCURVE_S1.);
#11505 = ( BOUNDED_CURVE() B_SPLINE_CURVE(2,(#11506,#11507,#11508),
.UNSPECIFIED.,.F.,.F.) B_SPLINE_CURVE_WITH_KNOTS((3,3),(0.,
1.260505897096),.PIECEWISE_BEZIER_KNOTS.) CURVE() 
GEOMETRIC_REPRESENTATION_ITEM() RATIONAL_B_SPLINE_CURVE((1.,
0.924056584227,1.)) REPRESENTATION_ITEM('') );
#11506 = CARTESIAN_POINT('',(65.825794051243,10.063079819411,
    132.56140987521));
#11507 = CARTESIAN_POINT('',(65.624844945852,10.007518123663,
    132.4267362605));
#11508 = CARTESIAN_POINT('',(65.494372291953,10.123042183089,132.25));
#11509 = PCURVE('',#7638,#11510);
#11510 = DEFINITIONAL_REPRESENTATION('',(#11511),#11514);
#11511 = B_SPLINE_CURVE_WITH_KNOTS('',1,(#11512,#11513),.UNSPECIFIED.,
  .F.,.F.,(2,2),(0.,1.260505897096),.PIECEWISE_BEZIER_KNOTS.);
#11512 = CARTESIAN_POINT('',(0.,25.741990586784));
#11513 = CARTESIAN_POINT('',(1.260505897096,25.741990586784));
#11514 = ( GEOMETRIC_REPRESENTATION_CONTEXT(2) 
PARAMETRIC_REPRESENTATION_CONTEXT() REPRESENTATION_CONTEXT('2D SPACE',''
  ) );
#11515 = PCURVE('',#7744,#11516);
#11516 = DEFINITIONAL_REPRESENTATION('',(#11517),#11520);
#11517 = B_SPLINE_CURVE_WITH_KNOTS('',1,(#11518,#11519),.UNSPECIFIED.,
  .F.,.F.,(2,2),(0.,1.260505897096),.PIECEWISE_BEZIER_KNOTS.);
#11518 = CARTESIAN_POINT('',(0.,25.741990586788));
#11519 = CARTESIAN_POINT('',(1.285248037017,25.741990586788));
#11520 = ( GEOMETRIC_REPRESENTATION_CONTEXT(2) 
PARAMETRIC_REPRESENTATION_CONTEXT() REPRESENTATION_CONTEXT('2D SPACE',''
  ) );
#11521 = ORIENTED_EDGE('',*,*,#7569,.F.);
#11522 = ADVANCED_FACE('',(#11523),#7744,.F.);
#11523 = FACE_BOUND('',#11524,.F.);
#11524 = EDGE_LOOP('',(#11525,#11526,#11580,#11599));
#11525 = ORIENTED_EDGE('',*,*,#11503,.T.);
#11526 = ORIENTED_EDGE('',*,*,#11527,.T.);
#11527 = EDGE_CURVE('',#10558,#11528,#11530,.T.);
#11528 = VERTEX_POINT('',#11529);
#11529 = CARTESIAN_POINT('',(64.5,10.301193056368,132.75861204725));
#11530 = SURFACE_CURVE('',#11531,(#11547,#11554),.PCURVE_S1.);
#11531 = ( BOUNDED_CURVE() B_SPLINE_CURVE(14,(#11532,#11533,#11534,
    #11535,#11536,#11537,#11538,#11539,#11540,#11541,#11542,#11543,
    #11544,#11545,#11546),.UNSPECIFIED.,.F.,.F.) 
B_SPLINE_CURVE_WITH_KNOTS((15,15),(25.741990586788,27.027238623804),
.PIECEWISE_BEZIER_KNOTS.) CURVE() GEOMETRIC_REPRESENTATION_ITEM() 
RATIONAL_B_SPLINE_CURVE((1.,1.,0.999999999999,1.000000000002,
    0.999999999995,1.000000000008,0.999999999989,1.000000000012,
    0.999999999988,1.00000000001,0.999999999994,1.000000000003,
0.999999999999,1.,1.)) REPRESENTATION_ITEM('') );
#11532 = CARTESIAN_POINT('',(65.49437229196,10.123042183083,132.25));
#11533 = CARTESIAN_POINT('',(65.449362672622,10.162894932174,
    132.31567087225));
#11534 = CARTESIAN_POINT('',(65.399567166654,10.195241559655,
    132.38014928282));
#11535 = CARTESIAN_POINT('',(65.34513461936,10.220767985739,
    132.4418560517));
#11536 = CARTESIAN_POINT('',(65.285753093333,10.240559437246,
    132.50015096429));
#11537 = CARTESIAN_POINT('',(65.222992592737,10.25501315955,
    132.55145171701));
#11538 = CARTESIAN_POINT('',(65.154666644187,10.267589392887,
    132.60222600599));
#11539 = CARTESIAN_POINT('',(65.080624529749,10.274700496841,
    132.63727253554));
#11540 = CARTESIAN_POINT('',(65.012997589025,10.283126164249,
    132.67932381533));
#11541 = CARTESIAN_POINT('',(64.918224628999,10.289396559469,
    132.70125044484));
#11542 = CARTESIAN_POINT('',(64.851936340555,10.292583717208,
    132.72735756384));
#11543 = CARTESIAN_POINT('',(64.757009557457,10.298408610081,
    132.74183652602));
#11544 = CARTESIAN_POINT('',(64.673323555699,10.299272077484,
    132.75313687583));
#11545 = CARTESIAN_POINT('',(64.591680430135,10.301287888017,
    132.75850927629));
#11546 = CARTESIAN_POINT('',(64.5,10.301193056368,132.75861204725));
#11547 = PCURVE('',#7744,#11548);
#11548 = DEFINITIONAL_REPRESENTATION('',(#11549),#11553);
#11549 = LINE('',#11550,#11551);
#11550 = CARTESIAN_POINT('',(1.285248037017,0.));
#11551 = VECTOR('',#11552,1.);
#11552 = DIRECTION('',(0.,1.));
#11553 = ( GEOMETRIC_REPRESENTATION_CONTEXT(2) 
PARAMETRIC_REPRESENTATION_CONTEXT() REPRESENTATION_CONTEXT('2D SPACE',''
  ) );
#11554 = PCURVE('',#10574,#11555);
#11555 = DEFINITIONAL_REPRESENTATION('',(#11556),#11579);
#11556 = B_SPLINE_CURVE_WITH_KNOTS('',11,(#11557,#11558,#11559,#11560,
    #11561,#11562,#11563,#11564,#11565,#11566,#11567,#11568,#11569,
    #11570,#11571,#11572,#11573,#11574,#11575,#11576,#11577,#11578),
  .UNSPECIFIED.,.F.,.F.,(12,10,12),(25.741990586788,26.384614605296,
    27.027238623804),.UNSPECIFIED.);
#11557 = CARTESIAN_POINT('',(-0.724705340358,0.));
#11558 = CARTESIAN_POINT('',(-0.69920096887,5.572074009362E-02));
#11559 = CARTESIAN_POINT('',(-0.674083021212,0.110777782527));
#11560 = CARTESIAN_POINT('',(-0.649089542727,0.164868170921));
#11561 = CARTESIAN_POINT('',(-0.623971432703,0.217699154723));
#11562 = CARTESIAN_POINT('',(-0.598482059621,0.269008599143));
#11563 = CARTESIAN_POINT('',(-0.572367133682,0.318557612194));
#11564 = CARTESIAN_POINT('',(-0.545385235292,0.366106873533));
#11565 = CARTESIAN_POINT('',(-0.517330732804,0.411403877048));
#11566 = CARTESIAN_POINT('',(-0.488027009469,0.454197959483));
#11567 = CARTESIAN_POINT('',(-0.457308959093,0.494263581199));
#11568 = CARTESIAN_POINT('',(-0.392930244057,0.568436123046));
#11569 = CARTESIAN_POINT('',(-0.359266453262,0.602544493499));
#11570 = CARTESIAN_POINT('',(-0.324073841706,0.633442751423));
#11571 = CARTESIAN_POINT('',(-0.287307498507,0.660855707963));
#11572 = CARTESIAN_POINT('',(-0.24922656936,0.684718460969));
#11573 = CARTESIAN_POINT('',(-0.209634748821,0.70454365667));
#11574 = CARTESIAN_POINT('',(-0.169398774634,0.720923455829));
#11575 = CARTESIAN_POINT('',(-0.127358690939,0.732709397843));
#11576 = CARTESIAN_POINT('',(-8.647874446267E-02,0.741047013566));
#11577 = CARTESIAN_POINT('',(-4.483738336787E-02,0.745122960309));
#11578 = CARTESIAN_POINT('',(-2.211126402555E-14,0.745241611476));
#11579 = ( GEOMETRIC_REPRESENTATION_CONTEXT(2) 
PARAMETRIC_REPRESENTATION_CONTEXT() REPRESENTATION_CONTEXT('2D SPACE',''
  ) );
#11580 = ORIENTED_EDGE('',*,*,#11581,.F.);
#11581 = EDGE_CURVE('',#7698,#11528,#11582,.T.);
#11582 = SURFACE_CURVE('',#11583,(#11587,#11593),.PCURVE_S1.);
#11583 = ( BOUNDED_CURVE() B_SPLINE_CURVE(2,(#11584,#11585,#11586),
.UNSPECIFIED.,.F.,.F.) B_SPLINE_CURVE_WITH_KNOTS((3,3),(0.,
1.285248037017),.PIECEWISE_BEZIER_KNOTS.) CURVE() 
GEOMETRIC_REPRESENTATION_ITEM() RATIONAL_B_SPLINE_CURVE((1.,
0.947567144676,1.)) REPRESENTATION_ITEM('') );
#11584 = CARTESIAN_POINT('',(64.504125115438,10.144847781748,
    133.10873617901));
#11585 = CARTESIAN_POINT('',(64.501665780794,10.16397859258,
    132.90731410824));
#11586 = CARTESIAN_POINT('',(64.5,10.301193056368,132.75861204725));
#11587 = PCURVE('',#7744,#11588);
#11588 = DEFINITIONAL_REPRESENTATION('',(#11589),#11592);
#11589 = B_SPLINE_CURVE_WITH_KNOTS('',1,(#11590,#11591),.UNSPECIFIED.,
  .F.,.F.,(2,2),(0.,1.285248037017),.PIECEWISE_BEZIER_KNOTS.);
#11590 = CARTESIAN_POINT('',(0.,27.027238623804));
#11591 = CARTESIAN_POINT('',(1.285248037017,27.027238623804));
#11592 = ( GEOMETRIC_REPRESENTATION_CONTEXT(2) 
PARAMETRIC_REPRESENTATION_CONTEXT() REPRESENTATION_CONTEXT('2D SPACE',''
  ) );
#11593 = PCURVE('',#7841,#11594);
#11594 = DEFINITIONAL_REPRESENTATION('',(#11595),#11598);
#11595 = B_SPLINE_CURVE_WITH_KNOTS('',1,(#11596,#11597),.UNSPECIFIED.,
  .F.,.F.,(2,2),(0.,1.285248037017),.PIECEWISE_BEZIER_KNOTS.);
#11596 = CARTESIAN_POINT('',(0.,27.027238623804));
#11597 = CARTESIAN_POINT('',(21.484770558556,27.027238623804));
#11598 = ( GEOMETRIC_REPRESENTATION_CONTEXT(2) 
PARAMETRIC_REPRESENTATION_CONTEXT() REPRESENTATION_CONTEXT('2D SPACE',''
  ) );
#11599 = ORIENTED_EDGE('',*,*,#7697,.F.);
#11600 = ADVANCED_FACE('',(#11601),#7841,.F.);
#11601 = FACE_BOUND('',#11602,.F.);
#11602 = EDGE_LOOP('',(#11603,#11604,#11653,#11654));
#11603 = ORIENTED_EDGE('',*,*,#11581,.T.);
#11604 = ORIENTED_EDGE('',*,*,#11605,.T.);
#11605 = EDGE_CURVE('',#11528,#8219,#11606,.T.);
#11606 = SURFACE_CURVE('',#11607,(#11628,#11635),.PCURVE_S1.);
#11607 = B_SPLINE_CURVE_WITH_KNOTS('',7,(#11608,#11609,#11610,#11611,
    #11612,#11613,#11614,#11615,#11616,#11617,#11618,#11619,#11620,
    #11621,#11622,#11623,#11624,#11625,#11626,#11627),.UNSPECIFIED.,.F.,
  .F.,(8,6,6,8),(27.027238623804,27.02863305654,48.512009182361,
    49.680055463359),.UNSPECIFIED.);
#11608 = CARTESIAN_POINT('',(64.5,10.301193056368,132.75861204725));
#11609 = CARTESIAN_POINT('',(64.499801059685,10.301193059695,
    132.75861204364));
#11610 = CARTESIAN_POINT('',(64.49960206744,10.301193062607,
    132.75861204049));
#11611 = CARTESIAN_POINT('',(64.499403023063,10.301193065101,
    132.75861203778));
#11612 = CARTESIAN_POINT('',(64.499203926366,10.301193067178,
    132.75861203554));
#11613 = CARTESIAN_POINT('',(64.499004777144,10.301193068836,
    132.75861203374));
#11614 = CARTESIAN_POINT('',(64.498805575209,10.301193070073,
    132.7586120324));
#11615 = CARTESIAN_POINT('',(61.428779611659,10.30120563841,
    132.75859841184));
#11616 = CARTESIAN_POINT('',(58.359255354748,10.301192035514,
    132.75861315321));
#11617 = CARTESIAN_POINT('',(55.286674617997,10.30120247935,
    132.75860183571));
#11618 = CARTESIAN_POINT('',(52.216302063919,10.301196654247,
    132.75860814783));
#11619 = CARTESIAN_POINT('',(49.144783475034,10.30119907443,
    132.75860552537));
#11620 = CARTESIAN_POINT('',(46.073760577072,10.301198611187,
    132.75860602731));
#11621 = CARTESIAN_POINT('',(42.835714069081,10.301198614182,
    132.75860602407));
#11622 = CARTESIAN_POINT('',(42.668740529255,10.301198614337,
    132.7586060239));
#11623 = CARTESIAN_POINT('',(42.50176698943,10.301198614491,
    132.75860602373));
#11624 = CARTESIAN_POINT('',(42.334793449604,10.301198614646,
    132.75860602357));
#11625 = CARTESIAN_POINT('',(42.167819909778,10.3011986148,
    132.7586060234));
#11626 = CARTESIAN_POINT('',(42.000846369952,10.301198614955,
    132.75860602323));
#11627 = CARTESIAN_POINT('',(41.833872830126,10.301198615109,
    132.75860602306));
#11628 = PCURVE('',#7841,#11629);
#11629 = DEFINITIONAL_REPRESENTATION('',(#11630),#11634);
#11630 = LINE('',#11631,#11632);
#11631 = CARTESIAN_POINT('',(21.484770558556,0.));
#11632 = VECTOR('',#11633,1.);
#11633 = DIRECTION('',(0.,1.));
#11634 = ( GEOMETRIC_REPRESENTATION_CONTEXT(2) 
PARAMETRIC_REPRESENTATION_CONTEXT() REPRESENTATION_CONTEXT('2D SPACE',''
  ) );
#11635 = PCURVE('',#8421,#11636);
#11636 = DEFINITIONAL_REPRESENTATION('',(#11637),#11652);
#11637 = B_SPLINE_CURVE_WITH_KNOTS('',7,(#11638,#11639,#11640,#11641,
    #11642,#11643,#11644,#11645,#11646,#11647,#11648,#11649,#11650,
    #11651),.UNSPECIFIED.,.F.,.F.,(8,6,8),(27.027238623804,
    27.02863305654,48.512009182361),.UNSPECIFIED.);
#11638 = CARTESIAN_POINT('',(0.745241611476,22.));
#11639 = CARTESIAN_POINT('',(0.745241604935,21.999801059686));
#11640 = CARTESIAN_POINT('',(0.74524159921,21.999602067439));
#11641 = CARTESIAN_POINT('',(0.745241594305,21.999403023064));
#11642 = CARTESIAN_POINT('',(0.745241590222,21.999203926365));
#11643 = CARTESIAN_POINT('',(0.745241586963,21.999004777145));
#11644 = CARTESIAN_POINT('',(0.74524158453,21.998805575209));
#11645 = CARTESIAN_POINT('',(0.745216873481,18.928779611659));
#11646 = CARTESIAN_POINT('',(0.745243618265,15.859255354748));
#11647 = CARTESIAN_POINT('',(0.745223084948,12.786674617996));
#11648 = CARTESIAN_POINT('',(0.74523453724,9.71630206392));
#11649 = CARTESIAN_POINT('',(0.745229779165,6.644783475033));
#11650 = CARTESIAN_POINT('',(0.745230689886,3.573760577072));
#11651 = CARTESIAN_POINT('',(0.745230684301,0.502687608907));
#11652 = ( GEOMETRIC_REPRESENTATION_CONTEXT(2) 
PARAMETRIC_REPRESENTATION_CONTEXT() REPRESENTATION_CONTEXT('2D SPACE',''
  ) );
#11653 = ORIENTED_EDGE('',*,*,#8218,.T.);
#11654 = ORIENTED_EDGE('',*,*,#7797,.F.);
#11655 = ADVANCED_FACE('',(#11656),#8421,.F.);
#11656 = FACE_BOUND('',#11657,.F.);
#11657 = EDGE_LOOP('',(#11658,#11679,#11680,#11681));
#11658 = ORIENTED_EDGE('',*,*,#11659,.F.);
#11659 = EDGE_CURVE('',#8377,#10535,#11660,.T.);
#11660 = SURFACE_CURVE('',#11661,(#11665,#11672),.PCURVE_S1.);
#11661 = LINE('',#11662,#11663);
#11662 = CARTESIAN_POINT('',(42.5,10.5,132.25));
#11663 = VECTOR('',#11664,1.);
#11664 = DIRECTION('',(1.,0.,-0.));
#11665 = PCURVE('',#8421,#11666);
#11666 = DEFINITIONAL_REPRESENTATION('',(#11667),#11671);
#11667 = LINE('',#11668,#11669);
#11668 = CARTESIAN_POINT('',(0.,0.));
#11669 = VECTOR('',#11670,1.);
#11670 = DIRECTION('',(0.,1.));
#11671 = ( GEOMETRIC_REPRESENTATION_CONTEXT(2) 
PARAMETRIC_REPRESENTATION_CONTEXT() REPRESENTATION_CONTEXT('2D SPACE',''
  ) );
#11672 = PCURVE('',#8511,#11673);
#11673 = DEFINITIONAL_REPRESENTATION('',(#11674),#11678);
#11674 = LINE('',#11675,#11676);
#11675 = CARTESIAN_POINT('',(46.25,1.5));
#11676 = VECTOR('',#11677,1.);
#11677 = DIRECTION('',(0.,1.));
#11678 = ( GEOMETRIC_REPRESENTATION_CONTEXT(2) 
PARAMETRIC_REPRESENTATION_CONTEXT() REPRESENTATION_CONTEXT('2D SPACE',''
  ) );
#11679 = ORIENTED_EDGE('',*,*,#8376,.T.);
#11680 = ORIENTED_EDGE('',*,*,#11605,.F.);
#11681 = ORIENTED_EDGE('',*,*,#11682,.F.);
#11682 = EDGE_CURVE('',#10535,#11528,#11683,.T.);
#11683 = SURFACE_CURVE('',#11684,(#11689,#11695),.PCURVE_S1.);
#11684 = CIRCLE('',#11685,0.75);
#11685 = AXIS2_PLACEMENT_3D('',#11686,#11687,#11688);
#11686 = CARTESIAN_POINT('',(64.5,9.75,132.25));
#11687 = DIRECTION('',(1.,0.,-0.));
#11688 = DIRECTION('',(0.,1.,0.));
#11689 = PCURVE('',#8421,#11690);
#11690 = DEFINITIONAL_REPRESENTATION('',(#11691),#11694);
#11691 = B_SPLINE_CURVE_WITH_KNOTS('',1,(#11692,#11693),.UNSPECIFIED.,
  .F.,.F.,(2,2),(0.,1.570796326795),.PIECEWISE_BEZIER_KNOTS.);
#11692 = CARTESIAN_POINT('',(0.,22.));
#11693 = CARTESIAN_POINT('',(1.570796326795,22.));
#11694 = ( GEOMETRIC_REPRESENTATION_CONTEXT(2) 
PARAMETRIC_REPRESENTATION_CONTEXT() REPRESENTATION_CONTEXT('2D SPACE',''
  ) );
#11695 = PCURVE('',#10574,#11696);
#11696 = DEFINITIONAL_REPRESENTATION('',(#11697),#11700);
#11697 = B_SPLINE_CURVE_WITH_KNOTS('',1,(#11698,#11699),.UNSPECIFIED.,
  .F.,.F.,(2,2),(0.,1.570796326795),.PIECEWISE_BEZIER_KNOTS.);
#11698 = CARTESIAN_POINT('',(0.,0.));
#11699 = CARTESIAN_POINT('',(0.,1.570796326795));
#11700 = ( GEOMETRIC_REPRESENTATION_CONTEXT(2) 
PARAMETRIC_REPRESENTATION_CONTEXT() REPRESENTATION_CONTEXT('2D SPACE',''
  ) );
#11701 = ADVANCED_FACE('',(#11702),#8511,.F.);
#11702 = FACE_BOUND('',#11703,.F.);
#11703 = EDGE_LOOP('',(#11704,#11705,#11706,#11707));
#11704 = ORIENTED_EDGE('',*,*,#10693,.F.);
#11705 = ORIENTED_EDGE('',*,*,#8497,.T.);
#11706 = ORIENTED_EDGE('',*,*,#11659,.T.);
#11707 = ORIENTED_EDGE('',*,*,#10534,.F.);
#11708 = ADVANCED_FACE('',(#11709),#8565,.T.);
#11709 = FACE_BOUND('',#11710,.T.);
#11710 = EDGE_LOOP('',(#11711,#11712,#11713,#11714));
#11711 = ORIENTED_EDGE('',*,*,#8549,.T.);
#11712 = ORIENTED_EDGE('',*,*,#11279,.T.);
#11713 = ORIENTED_EDGE('',*,*,#10429,.F.);
#11714 = ORIENTED_EDGE('',*,*,#8606,.F.);
#11715 = ADVANCED_FACE('',(#11716),#8642,.T.);
#11716 = FACE_BOUND('',#11717,.F.);
#11717 = EDGE_LOOP('',(#11718,#11719,#11720,#11721));
#11718 = ORIENTED_EDGE('',*,*,#8845,.T.);
#11719 = ORIENTED_EDGE('',*,*,#9006,.T.);
#11720 = ORIENTED_EDGE('',*,*,#10482,.F.);
#11721 = ORIENTED_EDGE('',*,*,#8628,.F.);
#11722 = ADVANCED_FACE('',(#11723),#9935,.F.);
#11723 = FACE_BOUND('',#11724,.T.);
#11724 = EDGE_LOOP('',(#11725,#11726,#11727));
#11725 = ORIENTED_EDGE('',*,*,#11187,.T.);
#11726 = ORIENTED_EDGE('',*,*,#10795,.F.);
#11727 = ORIENTED_EDGE('',*,*,#9918,.T.);
#11728 = ADVANCED_FACE('',(#11729),#10226,.F.);
#11729 = FACE_BOUND('',#11730,.F.);
#11730 = EDGE_LOOP('',(#11731,#11732,#11733,#11754));
#11731 = ORIENTED_EDGE('',*,*,#10210,.F.);
#11732 = ORIENTED_EDGE('',*,*,#11424,.F.);
#11733 = ORIENTED_EDGE('',*,*,#11734,.T.);
#11734 = EDGE_CURVE('',#11397,#11060,#11735,.T.);
#11735 = SURFACE_CURVE('',#11736,(#11740,#11747),.PCURVE_S1.);
#11736 = LINE('',#11737,#11738);
#11737 = CARTESIAN_POINT('',(65.25,9.,133.));
#11738 = VECTOR('',#11739,1.);
#11739 = DIRECTION('',(0.,-1.,-0.));
#11740 = PCURVE('',#10226,#11741);
#11741 = DEFINITIONAL_REPRESENTATION('',(#11742),#11746);
#11742 = LINE('',#11743,#11744);
#11743 = CARTESIAN_POINT('',(1.570796326795,0.));
#11744 = VECTOR('',#11745,1.);
#11745 = DIRECTION('',(0.,1.));
#11746 = ( GEOMETRIC_REPRESENTATION_CONTEXT(2) 
PARAMETRIC_REPRESENTATION_CONTEXT() REPRESENTATION_CONTEXT('2D SPACE',''
  ) );
#11747 = PCURVE('',#11011,#11748);
#11748 = DEFINITIONAL_REPRESENTATION('',(#11749),#11753);
#11749 = LINE('',#11750,#11751);
#11750 = CARTESIAN_POINT('',(24.25,19.5));
#11751 = VECTOR('',#11752,1.);
#11752 = DIRECTION('',(0.,-1.));
#11753 = ( GEOMETRIC_REPRESENTATION_CONTEXT(2) 
PARAMETRIC_REPRESENTATION_CONTEXT() REPRESENTATION_CONTEXT('2D SPACE',''
  ) );
#11754 = ORIENTED_EDGE('',*,*,#11089,.T.);
#11755 = ADVANCED_FACE('',(#11756),#10574,.F.);
#11756 = FACE_BOUND('',#11757,.T.);
#11757 = EDGE_LOOP('',(#11758,#11759,#11760));
#11758 = ORIENTED_EDGE('',*,*,#11682,.F.);
#11759 = ORIENTED_EDGE('',*,*,#10557,.T.);
#11760 = ORIENTED_EDGE('',*,*,#11527,.T.);
#11761 = ADVANCED_FACE('',(#11762),#11011,.F.);
#11762 = FACE_BOUND('',#11763,.F.);
#11763 = EDGE_LOOP('',(#11764,#11765,#11766,#11767));
#11764 = ORIENTED_EDGE('',*,*,#11734,.F.);
#11765 = ORIENTED_EDGE('',*,*,#11475,.F.);
#11766 = ORIENTED_EDGE('',*,*,#10995,.T.);
#11767 = ORIENTED_EDGE('',*,*,#11142,.T.);
#11768 = ( GEOMETRIC_REPRESENTATION_CONTEXT(3) 
GLOBAL_UNCERTAINTY_ASSIGNED_CONTEXT((#11772)) 
GLOBAL_UNIT_ASSIGNED_CONTEXT((#11769,#11770,#11771)) 
REPRESENTATION_CONTEXT('Context #1',
  '3D Context with UNIT and UNCERTAINTY') );
#11769 = ( LENGTH_UNIT() NAMED_UNIT(*) SI_UNIT(.MILLI.,.METRE.) );
#11770 = ( NAMED_UNIT(*) PLANE_ANGLE_UNIT() SI_UNIT($,.RADIAN.) );
#11771 = ( NAMED_UNIT(*) SI_UNIT($,.STERADIAN.) SOLID_ANGLE_UNIT() );
#11772 = UNCERTAINTY_MEASURE_WITH_UNIT(LENGTH_MEASURE(1.E-04),#11769,
  'distance_accuracy_value','confusion accuracy');
#11773 = PRODUCT_RELATED_PRODUCT_CATEGORY('part',$,(#7));
#11774 = MECHANICAL_DESIGN_GEOMETRIC_PRESENTATION_REPRESENTATION('',(
    #11775),#11768);
#11775 = STYLED_ITEM('color',(#11776),#15);
#11776 = PRESENTATION_STYLE_ASSIGNMENT((#11777,#11783));
#11777 = SURFACE_STYLE_USAGE(.BOTH.,#11778);
#11778 = SURFACE_SIDE_STYLE('',(#11779));
#11779 = SURFACE_STYLE_FILL_AREA(#11780);
#11780 = FILL_AREA_STYLE('',(#11781));
#11781 = FILL_AREA_STYLE_COLOUR('',#11782);
#11782 = COLOUR_RGB('',0.227450982423,0.345098039026,0.415686275537);
#11783 = CURVE_STYLE('',#11784,POSITIVE_LENGTH_MEASURE(0.1),#11782);
#11784 = DRAUGHTING_PRE_DEFINED_CURVE_FONT('continuous');
ENDSEC;
END-ISO-10303-21;
